recipe,group,rows,accuracy,balanced_accuracy,macro_f1,up_precision,up_recall,up_f1,down_precision,down_recall,down_f1,tp,tn,fp,fn,support_up,support_down,predicted_up,predicted_down,threshold,pr_auc_up,pr_auc_down,roc_auc,brier,log_loss,minimum_precision,minimum_recall,precision_first_gates_passed
class__basic__equal_ensemble,basic,2010,0.5248756218905473,0.5255816463222052,0.4569225924784819,0.5139697322467986,0.8803589232303091,0.6490260933480339,0.589041095890411,0.1708043694141013,0.26481909160892997,883,172,835,120,1003,1007,1718,292,0.35,0.5446104297769379,0.5510926855237253,0.5599735055013708,0.2528137800759752,0.7000713520857881,0.5139697322467986,0.1708043694141013,False
class__basic__equal_ensemble,basic,2010,0.5308457711442786,0.5314310296518587,0.4867754852932934,0.518796992481203,0.8255234297108675,0.6371681415929203,0.5772946859903382,0.23733862959285004,0.33638282899366645,828,239,768,175,1003,1007,1596,414,0.375,0.5446104297769379,0.5510926855237253,0.5599735055013708,0.2528137800759752,0.7000713520857881,0.518796992481203,0.23733862959285004,False
class__basic__equal_ensemble,basic,2010,0.53681592039801,0.5372922939226016,0.5089274584789665,0.5242261103633916,0.7766699900299102,0.6259541984732825,0.5725190839694656,0.29791459781529295,0.3919007184846506,779,300,707,224,1003,1007,1486,524,0.4,0.5446104297769379,0.5510926855237253,0.5599735055013708,0.2528137800759752,0.7000713520857881,0.5242261103633916,0.29791459781529295,False
class__basic__equal_ensemble,basic,2010,0.5492537313432836,0.5496162951067354,0.5339701771213254,0.5353756382202771,0.7318045862412762,0.6183656276326874,0.5790297339593115,0.36742800397219466,0.44957472660996356,734,370,637,269,1003,1007,1371,639,0.425,0.5446104297769379,0.5510926855237253,0.5599735055013708,0.2528137800759752,0.7000713520857881,0.5353756382202771,0.36742800397219466,False
class__basic__equal_ensemble,basic,2010,0.5706467661691542,0.5708737739116315,0.5650998816368067,0.5567260940032415,0.6849451645064806,0.6142154671434957,0.5927835051546392,0.4568023833167825,0.5159842961301178,687,460,547,316,1003,1007,1234,776,0.45,0.5446104297769379,0.5510926855237253,0.5599735055013708,0.2528137800759752,0.7000713520857881,0.5567260940032415,0.4568023833167825,True
class__basic__equal_ensemble,basic,2010,0.5656716417910448,0.5657897212038165,0.5641950113885542,0.5578291814946619,0.6251246261216351,0.5895627644569816,0.5756207674943566,0.506454816285998,0.5388272583201268,627,510,497,376,1003,1007,1124,886,0.475,0.5446104297769379,0.5510926855237253,0.5599735055013708,0.2528137800759752,0.7000713520857881,0.5578291814946619,0.506454816285998,True
class__basic__equal_ensemble,basic,2010,0.5472636815920398,0.5472599084573488,0.5472596473719229,0.5464535464535465,0.5453639082751744,0.5459081836327345,0.5480673934588701,0.5491559086395233,0.5486111111111112,547,553,454,456,1003,1007,1001,1009,0.5,0.5446104297769379,0.5510926855237253,0.5599735055013708,0.2528137800759752,0.7000713520857881,0.5464535464535465,0.5453639082751744,True
class__basic__equal_ensemble,basic,2010,0.5412935323383085,0.5411729063059085,0.5395410964826408,0.5458663646659117,0.48055832502492524,0.5111346765641569,0.5377107364685004,0.6017874875868917,0.5679475164011246,482,606,401,521,1003,1007,883,1127,0.525,0.5446104297769379,0.5510926855237253,0.5599735055013708,0.2528137800759752,0.7000713520857881,0.5377107364685004,0.48055832502492524,True
class__basic__equal_ensemble,basic,2010,0.5323383084577115,0.5320869566078329,0.5246271037527639,0.5419440745672437,0.4057826520438684,0.4640820980615735,0.5266084193804607,0.6583912611717975,0.5851721094439541,407,663,344,596,1003,1007,751,1259,0.55,0.5446104297769379,0.5510926855237253,0.5599735055013708,0.2528137800759752,0.7000713520857881,0.5266084193804607,0.4057826520438684,True
class__basic__equal_ensemble,basic,2010,0.5184079601990049,0.5180001207895677,0.49707188763989185,0.5295109612141653,0.31306081754735793,0.39348370927318294,0.5137614678899083,0.7229394240317776,0.6006600660066007,314,728,279,689,1003,1007,593,1417,0.575,0.5446104297769379,0.5510926855237253,0.5599735055013708,0.2528137800759752,0.7000713520857881,0.5137614678899083,0.31306081754735793,False
class__basic__equal_ensemble,basic,2010,0.517910447761194,0.517382806892134,0.481152142785788,0.5360169491525424,0.2522432701894317,0.3430508474576271,0.5123537061118335,0.7825223435948362,0.619253438113949,253,788,219,750,1003,1007,472,1538,0.6,0.5446104297769379,0.5510926855237253,0.5599735055013708,0.2528137800759752,0.7000713520857881,0.5123537061118335,0.2522432701894317,False
class__basic__equal_ensemble,basic,2010,0.5149253731343284,0.5143086133852662,0.46300495276717885,0.5366492146596858,0.20438683948155534,0.296028880866426,0.5098280098280098,0.8242303872889771,0.6299810246679317,205,830,177,798,1003,1007,382,1628,0.625,0.5446104297769379,0.5510926855237253,0.5599735055013708,0.2528137800759752,0.7000713520857881,0.5098280098280098,0.20438683948155534,False
class__basic__equal_ensemble,basic,2010,0.5119402985074627,0.5112126381530682,0.43613128197267836,0.5407407407407407,0.14556331006979062,0.2293794186959937,0.5074712643678161,0.8768619662363456,0.642883145249363,146,883,124,857,1003,1007,270,1740,0.65,0.5446104297769379,0.5510926855237253,0.5599735055013708,0.2528137800759752,0.7000713520857881,0.5074712643678161,0.14556331006979062,False
class__basic__forest,basic,2010,0.5447761194029851,0.545270345864096,0.5151315905682199,0.5292553191489362,0.7936191425722832,0.6350219385719984,0.5909090909090909,0.2969215491559086,0.3952412425644415,796,299,708,207,1003,1007,1504,506,0.35,0.5291727762489984,0.5618329999810934,0.5556815155328454,0.261537185317442,0.7218391285319938,0.5292553191489362,0.2969215491559086,False
class__basic__forest,basic,2010,0.5572139303482587,0.5576161287735601,0.5385727300584696,0.5400425230333097,0.7597208374875374,0.6313173156586578,0.5976627712854758,0.3555114200595829,0.44582814445828145,762,358,649,241,1003,1007,1411,599,0.375,0.5291727762489984,0.5618329999810934,0.5556815155328454,0.261537185317442,0.7218391285319938,0.5400425230333097,0.3555114200595829,False
class__basic__forest,basic,2010,0.5616915422885572,0.5620234628784946,0.549321734058059,0.5455223880597015,0.7288135593220338,0.6239863422962014,0.5940298507462687,0.3952333664349553,0.47465712581991654,731,398,609,272,1003,1007,1340,670,0.4,0.5291727762489984,0.5618329999810934,0.5556815155328454,0.261537185317442,0.7218391285319938,0.5455223880597015,0.3952333664349553,False
class__basic__forest,basic,2010,0.56318407960199,0.5634397700641868,0.5559814862711986,0.5494853523357086,0.6919242273180458,0.6125330979699912,0.5863453815261044,0.43495531281032773,0.49942987457240595,694,438,569,309,1003,1007,1263,747,0.425,0.5291727762489984,0.5618329999810934,0.5556815155328454,0.261537185317442,0.7218391285319938,0.5494853523357086,0.43495531281032773,True
class__basic__forest,basic,2010,0.5646766169154229,0.5648402359950933,0.5617948385100302,0.5547008547008547,0.6470588235294118,0.597330878969167,0.5785714285714286,0.4826216484607746,0.5262587980508934,649,486,521,354,1003,1007,1170,840,0.45,0.5291727762489984,0.5618329999810934,0.5556815155328454,0.261537185317442,0.7218391285319938,0.5547008547008547,0.4826216484607746,True
class__basic__forest,basic,2010,0.5611940298507463,0.5612873395701674,0.5602728024057728,0.5550500454959054,0.6081754735792622,0.5803996194100857,0.5686059275521405,0.5143992055610725,0.5401459854014599,610,518,489,393,1003,1007,1099,911,0.475,0.5291727762489984,0.5618329999810934,0.5556815155328454,0.261537185317442,0.7218391285319938,0.5550500454959054,0.5143992055610725,True
class__basic__forest,basic,2010,0.5537313432835821,0.5537622485077043,0.5536384272461855,0.5511583011583011,0.5692921236291126,0.560078469838156,0.5564681724845996,0.5382323733862959,0.547198384654215,571,542,465,432,1003,1007,1036,974,0.5,0.5291727762489984,0.5618329999810934,0.5556815155328454,0.261537185317442,0.7218391285319938,0.5511583011583011,0.5382323733862959,True
class__basic__forest,basic,2010,0.5477611940298508,0.5477168296500766,0.547513788757547,0.5489583333333333,0.5254237288135594,0.5369332654100866,0.5466666666666666,0.5700099304865939,0.5580943121050073,527,574,433,476,1003,1007,960,1050,0.525,0.5291727762489984,0.5618329999810934,0.5556815155328454,0.261537185317442,0.7218391285319938,0.5466666666666666,0.5254237288135594,True
class__basic__forest,basic,2010,0.5373134328358209,0.5371710093156479,0.534859300723801,0.5423925667828107,0.46560319042871384,0.5010729613733905,0.5335073977371627,0.608738828202582,0.5686456400742115,467,613,394,536,1003,1007,861,1149,0.55,0.5291727762489984,0.5618329999810934,0.5556815155328454,0.261537185317442,0.7218391285319938,0.5335073977371627,0.46560319042871384,True
class__basic__forest,basic,2010,0.5203980099502488,0.5201268092445603,0.5111813445464646,0.5266757865937073,0.38384845463609174,0.44405997693194926,0.5168100078186083,0.6564051638530288,0.5783027121609798,385,661,346,618,1003,1007,731,1279,0.575,0.5291727762489984,0.5618329999810934,0.5556815155328454,0.261537185317442,0.7218391285319938,0.5168100078186083,0.38384845463609174,False
class__basic__forest,basic,2010,0.5039800995024876,0.5035969549147988,0.48467886706855806,0.5048543689320388,0.31106679960119643,0.3849475632325725,0.5035919540229885,0.6961271102284012,0.5844101709045436,312,701,306,691,1003,1007,618,1392,0.6,0.5291727762489984,0.5618329999810934,0.5556815155328454,0.261537185317442,0.7218391285319938,0.5035919540229885,0.31106679960119643,False
class__basic__forest,basic,2010,0.5079601990049751,0.507472121866773,0.4761921701152151,0.513671875,0.2622133599202393,0.3471947194719472,0.5060080106809078,0.7527308838133069,0.605189620758483,263,758,249,740,1003,1007,512,1498,0.625,0.5291727762489984,0.5618329999810934,0.5556815155328454,0.261537185317442,0.7218391285319938,0.5060080106809078,0.2622133599202393,False
class__basic__forest,basic,2010,0.5019900497512437,0.501397000656422,0.45309452637868014,0.5024630541871922,0.2033898305084746,0.2895670688431512,0.5018703241895262,0.7994041708043694,0.6166219839142091,204,805,202,799,1003,1007,406,1604,0.65,0.5291727762489984,0.5618329999810934,0.5556815155328454,0.261537185317442,0.7218391285319938,0.5018703241895262,0.2033898305084746,False
class__basic__linear,basic,2010,0.5004975124378109,0.5012460136967449,0.41869763197433796,0.4997160704145372,0.8773678963110668,0.6367583212735166,0.5060240963855421,0.12512413108242304,0.20063694267515925,880,126,881,123,1003,1007,1761,249,0.35,0.5426517949747942,0.5237024157540032,0.5417481418703176,0.25878738583540223,0.7141155989837048,0.4997160704145372,0.12512413108242304,False
class__basic__linear,basic,2010,0.49950248756218907,0.5001559373517976,0.43942784524897316,0.4990990990990991,0.8285144566301097,0.6229385307346327,0.5014492753623189,0.1717974180734856,0.2559171597633136,831,173,834,172,1003,1007,1665,345,0.375,0.5426517949747942,0.5237024157540032,0.5417481418703176,0.25878738583540223,0.7141155989837048,0.4990990990990991,0.1717974180734856,False
class__basic__linear,basic,2010,0.5049751243781094,0.5055048360380625,0.46753350828844753,0.5025974025974026,0.7716849451645065,0.6087298466378294,0.5127659574468085,0.23932472691161866,0.3263371699390657,774,241,766,229,1003,1007,1540,470,0.4,0.5426517949747942,0.5237024157540032,0.5417481418703176,0.25878738583540223,0.7141155989837048,0.5025974025974026,0.23932472691161866,False
class__basic__linear,basic,2010,0.5154228855721393,0.5158348192760349,0.4939545646293953,0.5102040816326531,0.7228315054835494,0.5981848184818482,0.5280135823429541,0.30883813306852037,0.38972431077694236,725,311,696,278,1003,1007,1421,589,0.425,0.5426517949747942,0.5237024157540032,0.5417481418703176,0.25878738583540223,0.7141155989837048,0.5102040816326531,0.30883813306852037,False
class__basic__linear,basic,2010,0.5154228855721393,0.5157278908062308,0.5039255394195918,0.511043412033511,0.6689930209371885,0.5794473229706391,0.5236728837876614,0.3624627606752731,0.4284037558685446,671,365,642,332,1003,1007,1313,697,0.45,0.5426517949747942,0.5237024157540032,0.5417481418703176,0.25878738583540223,0.7141155989837048,0.511043412033511,0.3624627606752731,False
class__basic__linear,basic,2010,0.517910447761194,0.5180976435143427,0.5137012996578639,0.5142378559463987,0.6121635094715853,0.5589440145653164,0.5232843137254902,0.4240317775571003,0.4684585847504114,614,427,580,389,1003,1007,1194,816,0.475,0.5426517949747942,0.5237024157540032,0.5417481418703176,0.25878738583540223,0.7141155989837048,0.5142378559463987,0.4240317775571003,True
class__basic__linear,basic,2010,0.5313432835820896,0.5313869711619857,0.531138567964627,0.5290753098188751,0.5533399800598205,0.5409356725146199,0.5338189386056191,0.5094339622641509,0.5213414634146342,555,513,494,448,1003,1007,1049,961,0.5,0.5426517949747942,0.5237024157540032,0.5417481418703176,0.25878738583540223,0.7141155989837048,0.5290753098188751,0.5094339622641509,True
class__basic__linear,basic,2010,0.5328358208955224,0.5327181316032042,0.531136697703293,0.536117381489842,0.47357926221335994,0.5029115934356803,0.5302491103202847,0.5918570009930486,0.5593618019709057,475,596,411,528,1003,1007,886,1124,0.525,0.5426517949747942,0.5237024157540032,0.5417481418703176,0.25878738583540223,0.7141155989837048,0.5302491103202847,0.47357926221335994,True
class__basic__linear,basic,2010,0.5422885572139303,0.5420233836722207,0.5338777979431337,0.5563093622795116,0.4087736789631107,0.47126436781609193,0.5341712490180676,0.6752730883813307,0.5964912280701754,410,680,327,593,1003,1007,737,1273,0.55,0.5426517949747942,0.5237024157540032,0.5417481418703176,0.25878738583540223,0.7141155989837048,0.5341712490180676,0.4087736789631107,True
class__basic__linear,basic,2010,0.545273631840796,0.544881740082632,0.5267171875386429,0.5730706075533661,0.34795613160518446,0.43300248138957814,0.5331905781584583,0.7418073485600795,0.6204318936877077,349,747,260,654,1003,1007,609,1401,0.575,0.5426517949747942,0.5237024157540032,0.5417481418703176,0.25878738583540223,0.7141155989837048,0.5331905781584583,0.34795613160518446,False
class__basic__linear,basic,2010,0.545273631840796,0.544766890985435,0.5134569099214387,0.59026369168357,0.2901296111665005,0.3890374331550802,0.5306526038233356,0.7994041708043694,0.6378763866877971,291,805,202,712,1003,1007,493,1517,0.6,0.5426517949747942,0.5237024157540032,0.5417481418703176,0.25878738583540223,0.7141155989837048,0.5306526038233356,0.2901296111665005,False
class__basic__linear,basic,2010,0.5442786069651742,0.5436748344836395,0.4977133073400052,0.610126582278481,0.24027916251246262,0.3447782546494993,0.5281733746130031,0.8470705064548163,0.6506483600305111,241,853,154,762,1003,1007,395,1615,0.625,0.5426517949747942,0.5237024157540032,0.5417481418703176,0.25878738583540223,0.7141155989837048,0.5281733746130031,0.24027916251246262,False
class__basic__linear,basic,2010,0.5333333333333333,0.532644370760608,0.4693399412760745,0.6051779935275081,0.1864406779661017,0.2850609756097561,0.5202821869488536,0.8788480635551142,0.6536189069423929,187,885,122,816,1003,1007,309,1701,0.65,0.5426517949747942,0.5237024157540032,0.5417481418703176,0.25878738583540223,0.7141155989837048,0.5202821869488536,0.1864406779661017,False
class__basic__xgb,basic,2010,0.5213930348258706,0.5221396386807798,0.44349789155343533,0.511654349061967,0.8973080757726819,0.6517016654598118,0.5896414342629482,0.14697120158887786,0.23529411764705882,900,148,859,103,1003,1007,1759,251,0.35,0.5425080145686098,0.5555602108810764,0.5664105003757348,0.25053997668307754,0.6954219466629787,0.511654349061967,0.14697120158887786,False
class__basic__xgb,basic,2010,0.5417910447761194,0.5424080291399882,0.493438016406806,0.5251842751842751,0.8524426719840479,0.6499429874572406,0.612565445026178,0.2323733862959285,0.3369330453563715,855,234,773,148,1003,1007,1628,382,0.375,0.5425080145686098,0.5555602108810764,0.5664105003757348,0.25053997668307754,0.6954219466629787,0.5251842751842751,0.2323733862959285,False
class__basic__xgb,basic,2010,0.5492537313432836,0.5497390648313253,0.5210202327433564,0.5324414715719064,0.7936191425722832,0.6373098478783027,0.5980582524271845,0.3058589870903674,0.40473061760841,796,308,699,207,1003,1007,1495,515,0.4,0.5425080145686098,0.5555602108810764,0.5664105003757348,0.25053997668307754,0.6954219466629787,0.5324414715719064,0.3058589870903674,False
class__basic__xgb,basic,2010,0.5646766169154229,0.5650283508956745,0.5508226171379272,0.5470588235294118,0.7417746759720838,0.6297079983072366,0.6015384615384616,0.38828202581926513,0.471937235968618,744,391,616,259,1003,1007,1360,650,0.425,0.5425080145686098,0.5555602108810764,0.5664105003757348,0.25053997668307754,0.6954219466629787,0.5470588235294118,0.38828202581926513,False
class__basic__xgb,basic,2010,0.5716417910447761,0.5718688027278641,0.5661077614012637,0.5575364667747164,0.6859421734795613,0.6151095216808226,0.5940721649484536,0.45779543197616684,0.517106001121705,688,461,546,315,1003,1007,1234,776,0.45,0.5425080145686098,0.5555602108810764,0.5664105003757348,0.25053997668307754,0.6954219466629787,0.5575364667747164,0.45779543197616684,True
class__basic__xgb,basic,2010,0.572139303482587,0.5722405771761181,0.5710776407533311,0.5645889792231256,0.6231306081754736,0.5924170616113744,0.5813953488372093,0.5213505461767627,0.5497382198952879,625,525,482,378,1003,1007,1107,903,0.475,0.5425080145686098,0.5555602108810764,0.5664105003757348,0.25053997668307754,0.6954219466629787,0.5645889792231256,0.5213505461767627,True
class__basic__xgb,basic,2010,0.5517412935323384,0.5517207067971854,0.5516825920376198,0.551829268292683,0.5413758723828515,0.5465525918470056,0.5516569200779727,0.5620655412115194,0.5568125922282341,543,566,441,460,1003,1007,984,1026,0.5,0.5425080145686098,0.5555602108810764,0.5664105003757348,0.25053997668307754,0.6954219466629787,0.5516569200779727,0.5413758723828515,True
class__basic__xgb,basic,2010,0.5427860696517413,0.5426307967854134,0.5399070294327091,0.5495283018867925,0.4646061814556331,0.5035116153430578,0.5378657487091222,0.6206554121151936,0.5763024435223605,466,625,382,537,1003,1007,848,1162,0.525,0.5425080145686098,0.5555602108810764,0.5664105003757348,0.25053997668307754,0.6954219466629787,0.5378657487091222,0.4646061814556331,True
class__basic__xgb,basic,2010,0.5293532338308458,0.5290602868653226,0.5187756118498842,0.5401974612129761,0.3818544366899302,0.44742990654205606,0.5234435049961568,0.676266137040715,0.5901213171577123,383,681,326,620,1003,1007,709,1301,0.55,0.5425080145686098,0.5555602108810764,0.5664105003757348,0.25053997668307754,0.6954219466629787,0.5234435049961568,0.3818544366899302,False
class__basic__xgb,basic,2010,0.5149253731343284,0.5144690060899724,0.48774495645407373,0.5257352941176471,0.2851445663010967,0.3697478991596639,0.5109140518417462,0.7437934458788481,0.6057420137484836,286,749,258,717,1003,1007,544,1466,0.575,0.5425080145686098,0.5555602108810764,0.5664105003757348,0.25053997668307754,0.6954219466629787,0.5109140518417462,0.2851445663010967,False
class__basic__xgb,basic,2010,0.5094527363184079,0.5088666473271347,0.4625120414486188,0.5205811138014528,0.2143569292123629,0.3036723163841808,0.506574827802129,0.8033763654419066,0.6213517665130568,215,809,198,788,1003,1007,413,1597,0.6,0.5425080145686098,0.5555602108810764,0.5664105003757348,0.25053997668307754,0.6954219466629787,0.506574827802129,0.2143569292123629,False
class__basic__xgb,basic,2010,0.5104477611940299,0.509717124693447,0.43368933428775946,0.5355805243445693,0.14257228315054835,0.2251968503937008,0.5065978198508319,0.8768619662363456,0.6421818181818182,143,883,124,860,1003,1007,267,1743,0.625,0.5425080145686098,0.5555602108810764,0.5664105003757348,0.25053997668307754,0.6954219466629787,0.5065978198508319,0.14257228315054835,False
class__basic__xgb,basic,2010,0.5099502487562189,0.5091295131487366,0.408918660149949,0.5511363636363636,0.0967098703888335,0.1645462256149279,0.5059978189749182,0.9215491559086395,0.65329109468497,97,928,79,906,1003,1007,176,1834,0.65,0.5425080145686098,0.5555602108810764,0.5664105003757348,0.25053997668307754,0.6954219466629787,0.5059978189749182,0.0967098703888335,False
class__cot_direction__equal_ensemble,cot_direction,2010,0.5199004975124378,0.5205114547123277,0.47031233998975935,0.5117139334155364,0.827517447657029,0.6323809523809524,0.5541237113402062,0.2135054617676266,0.30824372759856633,830,215,792,173,1003,1007,1622,388,0.35,0.5130166379866412,0.5531056122772218,0.5252821475989113,0.2632278849916976,0.722631268489212,0.5117139334155364,0.2135054617676266,False
class__cot_direction__equal_ensemble,cot_direction,2010,0.5208955223880597,0.5214272772546313,0.48436482301621664,0.5129701686121919,0.7886340977068793,0.6216110019646366,0.5470085470085471,0.2542204568023833,0.34711864406779663,791,256,751,212,1003,1007,1542,468,0.375,0.5130166379866412,0.5531056122772218,0.5252821475989113,0.2632278849916976,0.722631268489212,0.5129701686121919,0.2542204568023833,False
class__cot_direction__equal_ensemble,cot_direction,2010,0.5099502487562189,0.5103532500809389,0.4892126700334746,0.5063739376770539,0.7128614157527418,0.5921325051759835,0.5183946488294314,0.30784508440913605,0.3862928348909657,715,310,697,288,1003,1007,1412,598,0.4,0.5130166379866412,0.5531056122772218,0.5252821475989113,0.2632278849916976,0.722631268489212,0.5063739376770539,0.30784508440913605,False
class__cot_direction__equal_ensemble,cot_direction,2010,0.5079601990049751,0.5082166608417052,0.49978246378821006,0.5055379746835443,0.6370887337986042,0.5637406263784738,0.5120643431635389,0.37934458788480635,0.43582430119794635,639,382,625,364,1003,1007,1264,746,0.425,0.5130166379866412,0.5531056122772218,0.5252821475989113,0.2632278849916976,0.722631268489212,0.5055379746835443,0.37934458788480635,False
class__cot_direction__equal_ensemble,cot_direction,2010,0.5119402985074627,0.5120403437156258,0.5107534205278567,0.5099457504520796,0.5623130608175474,0.534850640113798,0.5143805309734514,0.4617676266137041,0.48665620094191525,564,465,542,439,1003,1007,1106,904,0.45,0.5130166379866412,0.5531056122772218,0.5252821475989113,0.2632278849916976,0.722631268489212,0.5099457504520796,0.4617676266137041,True
class__cot_direction__equal_ensemble,cot_direction,2010,0.5004975124378109,0.5004618715848482,0.5003189179766734,0.49948400412796695,0.48255234297108673,0.4908722109533469,0.5014409221902018,0.5183714001986097,0.509765625,484,522,485,519,1003,1007,969,1041,0.475,0.5130166379866412,0.5531056122772218,0.5252821475989113,0.2632278849916976,0.722631268489212,0.49948400412796695,0.48255234297108673,True
class__cot_direction__equal_ensemble,cot_direction,2010,0.5109452736318408,0.5107898746659723,0.507865734420406,0.5117924528301887,0.43270189431704886,0.4689357104267963,0.5103270223752151,0.5888778550148958,0.5467957584140156,434,593,414,569,1003,1007,848,1162,0.5,0.5130166379866412,0.5531056122772218,0.5252821475989113,0.2632278849916976,0.722631268489212,0.5103270223752151,0.43270189431704886,True
class__cot_direction__equal_ensemble,cot_direction,2010,0.5129353233830846,0.5126769641423297,0.5044512231514473,0.5161290322580645,0.382851445663011,0.43961076130509447,0.5110584518167457,0.6425024826216484,0.5692916849978003,384,647,360,619,1003,1007,744,1266,0.525,0.5130166379866412,0.5531056122772218,0.5252821475989113,0.2632278849916976,0.722631268489212,0.5110584518167457,0.382851445663011,False
class__cot_direction__equal_ensemble,cot_direction,2010,0.5203980099502488,0.520035722029542,0.5037642047637243,0.5305164319248826,0.33798604187437686,0.41291108404384896,0.5156819839533188,0.702085402184707,0.5946173254835997,339,707,300,664,1003,1007,639,1371,0.55,0.5130166379866412,0.5531056122772218,0.5252821475989113,0.2632278849916976,0.722631268489212,0.5156819839533188,0.33798604187437686,False
class__cot_direction__equal_ensemble,cot_direction,2010,0.5119402985074627,0.511468078386489,0.48255406741983475,0.5208333333333334,0.2741774675972084,0.35924232527759636,0.5087719298245614,0.7487586891757696,0.6058658095620731,275,754,253,728,1003,1007,528,1482,0.575,0.5130166379866412,0.5531056122772218,0.5252821475989113,0.2632278849916976,0.722631268489212,0.5087719298245614,0.2741774675972084,False
class__cot_direction__equal_ensemble,cot_direction,2010,0.5069651741293533,0.5063978867766116,0.46302104745280664,0.5138888888888888,0.2213359920239282,0.30940766550522647,0.5050697084917617,0.791459781529295,0.6166344294003868,222,797,210,781,1003,1007,432,1578,0.6,0.5130166379866412,0.5531056122772218,0.5252821475989113,0.2632278849916976,0.722631268489212,0.5050697084917617,0.2213359920239282,False
class__cot_direction__equal_ensemble,cot_direction,2010,0.517910447761194,0.5172540966969994,0.45865545634575966,0.5497076023391813,0.18743768693918245,0.2795539033457249,0.5113908872901679,0.8470705064548163,0.6377570093457944,188,853,154,815,1003,1007,342,1668,0.625,0.5130166379866412,0.5531056122772218,0.5252821475989113,0.2632278849916976,0.722631268489212,0.5113908872901679,0.18743768693918245,False
class__cot_direction__equal_ensemble,cot_direction,2010,0.5218905472636816,0.5211470850606077,0.44383547681301755,0.5826771653543307,0.14755732801595214,0.2354813046937152,0.5130979498861048,0.8947368421052632,0.6521896489323199,148,901,106,855,1003,1007,254,1756,0.65,0.5130166379866412,0.5531056122772218,0.5252821475989113,0.2632278849916976,0.722631268489212,0.5130979498861048,0.14755732801595214,False
class__cot_direction__forest,cot_direction,2010,0.5159203980099503,0.5164917363104332,0.4727744492145115,0.5094816687737042,0.8035892323030908,0.6235976789168278,0.5397196261682243,0.22939424031777558,0.32195121951219513,806,231,776,197,1003,1007,1582,428,0.35,0.525091106977037,0.5665834601750437,0.5388392914602765,0.2626558194984773,0.722047730587366,0.5094816687737042,0.22939424031777558,False
class__cot_direction__forest,cot_direction,2010,0.5149253731343284,0.5154076004360305,0.4849370872893328,0.5093833780160858,0.7577268195413759,0.6092184368737475,0.5308880308880309,0.2730883813306852,0.36065573770491804,760,275,732,243,1003,1007,1492,518,0.375,0.525091106977037,0.5665834601750437,0.5388392914602765,0.2626558194984773,0.722047730587366,0.5093833780160858,0.2730883813306852,False
class__cot_direction__forest,cot_direction,2010,0.5159203980099503,0.5162818396845215,0.499599701253553,0.5109489051094891,0.6979062811565304,0.5899705014749262,0.5265625,0.3346573982125124,0.40922890103217974,700,337,670,303,1003,1007,1370,640,0.4,0.525091106977037,0.5665834601750437,0.5388392914602765,0.2626558194984773,0.722047730587366,0.5109489051094891,0.3346573982125124,False
class__cot_direction__forest,cot_direction,2010,0.5263681592039801,0.5266118229224936,0.5192842019372129,0.5203836930455635,0.6490528414755733,0.577639751552795,0.5362318840579711,0.4041708043694141,0.4609286523216308,651,407,600,352,1003,1007,1251,759,0.425,0.525091106977037,0.5665834601750437,0.5388392914602765,0.2626558194984773,0.722047730587366,0.5203836930455635,0.4041708043694141,True
class__cot_direction__forest,cot_direction,2010,0.5238805970149254,0.524024252961077,0.52145845497532,0.52,0.5962113659022931,0.5555039479795634,0.5290697674418605,0.45183714001986097,0.4874129619710766,598,455,552,405,1003,1007,1150,860,0.45,0.525091106977037,0.5665834601750437,0.5388392914602765,0.2626558194984773,0.722047730587366,0.52,0.45183714001986097,True
class__cot_direction__forest,cot_direction,2010,0.5199004975124378,0.5199292885989499,0.5198138522061975,0.5183752417794971,0.5343968095712861,0.5262641138929799,0.5215163934426229,0.5054617676266137,0.513363590519415,536,509,498,467,1003,1007,1034,976,0.475,0.525091106977037,0.5665834601750437,0.5388392914602765,0.2626558194984773,0.722047730587366,0.5183752417794971,0.5054617676266137,True
class__cot_direction__forest,cot_direction,2010,0.5233830845771145,0.523282189182205,0.5221036789662878,0.5249169435215947,0.47258225324027914,0.49737670514165794,0.5221318879855466,0.573982125124131,0.5468306527909177,474,578,429,529,1003,1007,903,1107,0.5,0.525091106977037,0.5665834601750437,0.5388392914602765,0.2626558194984773,0.722047730587366,0.5221318879855466,0.47258225324027914,True
class__cot_direction__forest,cot_direction,2010,0.5213930348258706,0.521167381668302,0.5150431380417335,0.5263835263835264,0.4077766699900299,0.45955056179775283,0.5182481751824818,0.634558093346574,0.5705357142857143,409,639,368,594,1003,1007,777,1233,0.525,0.525091106977037,0.5665834601750437,0.5388392914602765,0.2626558194984773,0.722047730587366,0.5182481751824818,0.4077766699900299,True
class__cot_direction__forest,cot_direction,2010,0.5233830845771145,0.5230485306741147,0.5093438654605682,0.5337331334332833,0.35493519441674976,0.42634730538922155,0.5182427401340283,0.6911618669314796,0.5923404255319149,356,696,311,647,1003,1007,667,1343,0.55,0.525091106977037,0.5665834601750437,0.5388392914602765,0.2626558194984773,0.722047730587366,0.5182427401340283,0.35493519441674976,False
class__cot_direction__forest,cot_direction,2010,0.5412935323383085,0.5408461804259515,0.5166333505825793,0.5732368896925859,0.3160518444666002,0.4074550128534704,0.5291695264241593,0.7656405163853028,0.6258116883116883,317,771,236,686,1003,1007,553,1457,0.575,0.525091106977037,0.5665834601750437,0.5388392914602765,0.2626558194984773,0.722047730587366,0.5291695264241593,0.3160518444666002,False
class__cot_direction__forest,cot_direction,2010,0.5293532338308458,0.5288127672592946,0.491560502230603,0.5620915032679739,0.2572283150548355,0.35294117647058826,0.5196647324306899,0.8003972194637538,0.6301798279906177,258,806,201,745,1003,1007,459,1551,0.6,0.525091106977037,0.5665834601750437,0.5388392914602765,0.2626558194984773,0.722047730587366,0.5196647324306899,0.2572283150548355,False
class__cot_direction__forest,cot_direction,2010,0.5263681592039801,0.5257464943798198,0.47476943346508566,0.5676392572944297,0.21335992023928216,0.3101449275362319,0.516840171463564,0.8381330685203575,0.6393939393939394,214,844,163,789,1003,1007,377,1633,0.625,0.525091106977037,0.5665834601750437,0.5388392914602765,0.2626558194984773,0.722047730587366,0.516840171463564,0.21335992023928216,False
class__cot_direction__forest,cot_direction,2010,0.5144278606965174,0.5137130812131628,0.44203572090864307,0.5477031802120141,0.15453639082751744,0.2410575427682737,0.5089751013317892,0.8728897715988083,0.6430138990490124,155,879,128,848,1003,1007,283,1727,0.65,0.525091106977037,0.5665834601750437,0.5388392914602765,0.2626558194984773,0.722047730587366,0.5089751013317892,0.15453639082751744,False
class__cot_direction__linear,cot_direction,2010,0.518905472636816,0.5193481125639963,0.4941093029157421,0.512396694214876,0.7417746759720838,0.6061099796334012,0.53584229390681,0.2969215491559086,0.38210862619808306,744,299,708,259,1003,1007,1452,558,0.35,0.4900298587493851,0.5342526646922754,0.5079280529810767,0.28495223890438387,0.7862877254344065,0.512396694214876,0.2969215491559086,False
class__cot_direction__linear,cot_direction,2010,0.5084577114427861,0.5088003120727194,0.4936258275612709,0.5055514433752776,0.6809571286141576,0.5802888700084962,0.5144157814871017,0.33664349553128103,0.4069627851140456,683,339,668,320,1003,1007,1351,659,0.375,0.4900298587493851,0.5342526646922754,0.5079280529810767,0.28495223890438387,0.7862877254344065,0.5055514433752776,0.33664349553128103,False
class__cot_direction__linear,cot_direction,2010,0.5079601990049751,0.5081909188026783,0.5013744315843098,0.505654281098546,0.6241276171485544,0.5586791610887997,0.5116580310880829,0.39225422045680236,0.4440697020798201,626,395,612,377,1003,1007,1238,772,0.4,0.4900298587493851,0.5342526646922754,0.5079280529810767,0.28495223890438387,0.7862877254344065,0.505654281098546,0.39225422045680236,False
class__cot_direction__linear,cot_direction,2010,0.5004975124378109,0.5006183039758579,0.49871078321782547,0.49955634427684115,0.5613160518444666,0.5286384976525822,0.5016987542468856,0.4399205561072492,0.4687830687830688,563,443,564,440,1003,1007,1127,883,0.425,0.4900298587493851,0.5342526646922754,0.5079280529810767,0.28495223890438387,0.7862877254344065,0.49955634427684115,0.4399205561072492,True
class__cot_direction__linear,cot_direction,2010,0.5044776119402985,0.5045033717120733,0.5044069548788421,0.5033947623666344,0.5174476570289133,0.5103244837758112,0.5056179775280899,0.4915590863952334,0.4984894259818731,519,495,512,484,1003,1007,1031,979,0.45,0.4900298587493851,0.5342526646922754,0.5079280529810767,0.28495223890438387,0.7862877254344065,0.5033947623666344,0.4915590863952334,True
class__cot_direction__linear,cot_direction,2010,0.5019900497512437,0.5019177819075049,0.5012957076199506,0.5010729613733905,0.46560319042871384,0.482687338501292,0.5027829313543599,0.5382323733862959,0.5199040767386092,467,542,465,536,1003,1007,932,1078,0.475,0.4900298587493851,0.5342526646922754,0.5079280529810767,0.28495223890438387,0.7862877254344065,0.5010729613733905,0.46560319042871384,True
class__cot_direction__linear,cot_direction,2010,0.4925373134328358,0.4923491689776747,0.48786431776692657,0.48957055214723927,0.39780658025922233,0.4389438943894389,0.49456066945606697,0.5868917576961271,0.5367847411444142,399,591,416,604,1003,1007,815,1195,0.5,0.4900298587493851,0.5342526646922754,0.5079280529810767,0.28495223890438387,0.7862877254344065,0.48957055214723927,0.39780658025922233,False
class__cot_direction__linear,cot_direction,2010,0.49502487562189057,0.4947327827837243,0.4837534739698033,0.4915492957746479,0.34795613160518446,0.407472270869819,0.4969230769230769,0.6415094339622641,0.5600346770697876,349,646,361,654,1003,1007,710,1300,0.525,0.4900298587493851,0.5342526646922754,0.5079280529810767,0.28495223890438387,0.7862877254344065,0.4915492957746479,0.34795613160518446,False
class__cot_direction__linear,cot_direction,2010,0.49601990049751243,0.49566246642396544,0.47902826040066715,0.4922360248447205,0.3160518444666002,0.3849423193685489,0.4978038067349927,0.6752730883813307,0.5731142014327855,317,680,327,686,1003,1007,644,1366,0.55,0.4900298587493851,0.5342526646922754,0.5079280529810767,0.28495223890438387,0.7862877254344065,0.4922360248447205,0.3160518444666002,False
class__cot_direction__linear,cot_direction,2010,0.4955223880597015,0.4950728747224068,0.46814906668921263,0.4900181488203267,0.2691924227318046,0.3474903474903475,0.4976010966415353,0.7209533267130089,0.5888077858880778,270,726,281,733,1003,1007,551,1459,0.575,0.4900298587493851,0.5342526646922754,0.5079280529810767,0.28495223890438387,0.7862877254344065,0.4900181488203267,0.2691924227318046,False
class__cot_direction__linear,cot_direction,2010,0.4925373134328358,0.4920184827840213,0.45523013085955766,0.48232848232848236,0.2313060817547358,0.31266846361185985,0.49574885546108566,0.7527308838133069,0.5977917981072555,232,758,249,771,1003,1007,481,1529,0.6,0.4900298587493851,0.5342526646922754,0.5079280529810767,0.28495223890438387,0.7862877254344065,0.48232848232848236,0.2313060817547358,False
class__cot_direction__linear,cot_direction,2010,0.49154228855721394,0.4909620691054939,0.4439572147351257,0.477326968973747,0.19940179461615154,0.2812939521800281,0.4952859836580767,0.7825223435948362,0.6066204772902233,200,788,219,803,1003,1007,419,1591,0.625,0.4900298587493851,0.5342526646922754,0.5079280529810767,0.28495223890438387,0.7862877254344065,0.477326968973747,0.19940179461615154,False
class__cot_direction__linear,cot_direction,2010,0.4880597014925373,0.4874210536216574,0.4288844014799429,0.4638888888888889,0.16650049850448653,0.2450476889214967,0.49333333333333335,0.8083416087388282,0.6127211140383891,167,814,193,836,1003,1007,360,1650,0.65,0.4900298587493851,0.5342526646922754,0.5079280529810767,0.28495223890438387,0.7862877254344065,0.4638888888888889,0.16650049850448653,False
class__cot_direction__xgb,cot_direction,2010,0.5079601990049751,0.5086463548777699,0.44201442814962816,0.5041224970553593,0.8534396809571286,0.6338393187708257,0.5288461538461539,0.16385302879841113,0.25018953752843065,856,165,842,147,1003,1007,1698,312,0.35,0.5287882547333591,0.531050500474602,0.5402699547831185,0.2587408867419066,0.7134289057904253,0.5041224970553593,0.16385302879841113,False
class__cot_direction__xgb,cot_direction,2010,0.5079601990049751,0.5085631882901445,0.4585841628193965,0.5043370508054523,0.8115653040877367,0.6220863584256783,0.5227272727272727,0.20556107249255212,0.29508196721311475,814,207,800,189,1003,1007,1614,396,0.375,0.5287882547333591,0.531050500474602,0.5402699547831185,0.2587408867419066,0.7134289057904253,0.5043370508054523,0.20556107249255212,False
class__cot_direction__xgb,cot_direction,2010,0.5134328358208955,0.5139180274469541,0.48295561547792765,0.5083612040133779,0.7577268195413759,0.6084867894315452,0.5281553398058253,0.2701092353525323,0.35742444152431013,760,272,735,243,1003,1007,1495,515,0.4,0.5287882547333591,0.531050500474602,0.5402699547831185,0.2587408867419066,0.7134289057904253,0.5083612040133779,0.2701092353525323,False
class__cot_direction__xgb,cot_direction,2010,0.5218905472636816,0.5222421117976754,0.5066748972223407,0.5154411764705882,0.6989032901296112,0.5933135844265763,0.5353846153846153,0.3455809334657398,0.420036210018105,701,348,659,302,1003,1007,1360,650,0.425,0.5287882547333591,0.531050500474602,0.5402699547831185,0.2587408867419066,0.7134289057904253,0.5154411764705882,0.3455809334657398,False
class__cot_direction__xgb,cot_direction,2010,0.5288557213930348,0.5290568215908382,0.5240966882757927,0.5231788079470199,0.6301096709870389,0.5716870194482134,0.5374064837905237,0.42800397219463754,0.476506357103372,632,431,576,371,1003,1007,1208,802,0.45,0.5287882547333591,0.531050500474602,0.5402699547831185,0.2587408867419066,0.7134289057904253,0.5231788079470199,0.42800397219463754,True
class__cot_direction__xgb,cot_direction,2010,0.527860696517413,0.5278994199130513,0.5277006564685789,0.5258620689655172,0.5473579262213359,0.5363947239863215,0.5300207039337475,0.5084409136047666,0.5190065889508363,549,512,495,454,1003,1007,1044,966,0.475,0.5287882547333591,0.531050500474602,0.5402699547831185,0.2587408867419066,0.7134289057904253,0.5258620689655172,0.5084409136047666,True
class__cot_direction__xgb,cot_direction,2010,0.5412935323383085,0.5411887475606942,0.5399653860704254,0.5450500556173526,0.4885343968095713,0.5152471083070452,0.5382538253825383,0.5938430983118173,0.5646836638338055,490,598,409,513,1003,1007,899,1111,0.5,0.5287882547333591,0.531050500474602,0.5402699547831185,0.2587408867419066,0.7134289057904253,0.5382538253825383,0.4885343968095713,True
class__cot_direction__xgb,cot_direction,2010,0.5407960199004975,0.5405813344475017,0.5352792074624656,0.550761421319797,0.43270189431704886,0.48464544946957006,0.5343698854337152,0.6484607745779544,0.5859129654553612,434,653,354,569,1003,1007,788,1222,0.525,0.5287882547333591,0.531050500474602,0.5402699547831185,0.2587408867419066,0.7134289057904253,0.5343698854337152,0.43270189431704886,True
class__cot_direction__xgb,cot_direction,2010,0.5343283582089552,0.5339859270252797,0.5199382699038223,0.5508345978755691,0.36191425722831505,0.4368231046931408,0.5262768319763138,0.7060575968222443,0.6030534351145038,363,711,296,640,1003,1007,659,1351,0.55,0.5287882547333591,0.531050500474602,0.5402699547831185,0.2587408867419066,0.7134289057904253,0.5262768319763138,0.36191425722831505,False
class__cot_direction__xgb,cot_direction,2010,0.5303482587064676,0.5299028436042419,0.5053334431758102,0.5531531531531532,0.30608175473579263,0.3940949935815148,0.5216494845360825,0.7537239324726912,0.6165718927701056,307,759,248,696,1003,1007,555,1455,0.575,0.5287882547333591,0.531050500474602,0.5402699547831185,0.2587408867419066,0.7134289057904253,0.5216494845360825,0.30608175473579263,False
class__cot_direction__xgb,cot_direction,2010,0.5243781094527363,0.5238237620801944,0.4840419133378586,0.5528089887640449,0.2452642073778664,0.3397790055248619,0.51629392971246,0.8023833167825224,0.6283048211508554,246,808,199,757,1003,1007,445,1565,0.6,0.5287882547333591,0.531050500474602,0.5402699547831185,0.2587408867419066,0.7134289057904253,0.51629392971246,0.2452642073778664,False
class__cot_direction__xgb,cot_direction,2010,0.5149253731343284,0.51427099040515,0.45570528347068806,0.5406976744186046,0.18544366899302095,0.27616926503340755,0.5096038415366146,0.843098311817279,0.6352413019079686,186,849,158,817,1003,1007,344,1666,0.625,0.5287882547333591,0.531050500474602,0.5402699547831185,0.2587408867419066,0.7134289057904253,0.5096038415366146,0.18544366899302095,False
class__cot_direction__xgb,cot_direction,2010,0.5064676616915423,0.5057251284874276,0.42614335594699354,0.5215686274509804,0.13260219341974078,0.21144674085850557,0.5042735042735043,0.8788480635551142,0.6408399710354815,133,885,122,870,1003,1007,255,1755,0.65,0.5287882547333591,0.531050500474602,0.5402699547831185,0.2587408867419066,0.7134289057904253,0.5042735042735043,0.13260219341974078,False
class__direction_core__equal_ensemble,direction_core,2010,0.5159203980099503,0.5166343076035053,0.444889912092597,0.5086906141367323,0.8753738783649053,0.643459142543056,0.5598591549295775,0.15789473684210525,0.24632068164213788,878,159,848,125,1003,1007,1726,284,0.35,0.50144751631348,0.5442919038467767,0.5141239637591694,0.2633008652986322,0.7222573124975251,0.5086906141367323,0.15789473684210525,False
class__direction_core__equal_ensemble,direction_core,2010,0.5099502487562189,0.5105690871773954,0.457868093695158,0.505521472392638,0.8215353938185443,0.6259020129130269,0.5289473684210526,0.19960278053624628,0.2898341744772891,824,201,806,179,1003,1007,1630,380,0.375,0.50144751631348,0.5442919038467767,0.5141239637591694,0.2633008652986322,0.7222573124975251,0.505521472392638,0.19960278053624628,False
class__direction_core__equal_ensemble,direction_core,2010,0.5094527363184079,0.5099874161032296,0.4715964353969012,0.5055016181229773,0.7786640079760718,0.6130298273155416,0.5225806451612903,0.2413108242303873,0.33016304347826086,781,243,764,222,1003,1007,1545,465,0.4,0.50144751631348,0.5442919038467767,0.5141239637591694,0.2633008652986322,0.7222573124975251,0.5055016181229773,0.2413108242303873,False
class__direction_core__equal_ensemble,direction_core,2010,0.49850746268656715,0.49892328971377825,0.4758388317203811,0.4982456140350877,0.707876370887338,0.5848434925864909,0.49914529914529915,0.2899702085402185,0.36683417085427134,710,292,715,293,1003,1007,1425,585,0.425,0.50144751631348,0.5442919038467767,0.5141239637591694,0.2633008652986322,0.7222573124975251,0.4982456140350877,0.2899702085402185,False
class__direction_core__equal_ensemble,direction_core,2010,0.5044776119402985,0.5047667325728871,0.493943377148635,0.5026985350809561,0.650049850448654,0.5669565217391305,0.5077138849929874,0.35948361469712015,0.42093023255813955,652,362,645,351,1003,1007,1297,713,0.45,0.50144751631348,0.5442919038467767,0.5141239637591694,0.2633008652986322,0.7222573124975251,0.5026985350809561,0.35948361469712015,False
class__direction_core__equal_ensemble,direction_core,2010,0.5039800995024876,0.50411971632273,0.5015965811600189,0.5026178010471204,0.5742771684945165,0.536063285248953,0.5057870370370371,0.4339622641509434,0.467129877071085,576,437,570,427,1003,1007,1146,864,0.475,0.50144751631348,0.5442919038467767,0.5141239637591694,0.2633008652986322,0.7222573124975251,0.5026178010471204,0.4339622641509434,True
class__direction_core__equal_ensemble,direction_core,2010,0.4975124378109453,0.497506487488874,0.4975044776828721,0.4964964964964965,0.4945164506480558,0.4955044955044955,0.49851632047477745,0.5004965243296922,0.49950445986124875,496,504,503,507,1003,1007,999,1011,0.5,0.50144751631348,0.5442919038467767,0.5141239637591694,0.2633008652986322,0.7222573124975251,0.4964964964964965,0.4945164506480558,True
class__direction_core__equal_ensemble,direction_core,2010,0.5034825870646766,0.5033380494068935,0.5007759701119607,0.5029103608847497,0.4307078763708873,0.4640171858216971,0.5039096437880104,0.5759682224428997,0.5375347544022243,432,580,427,571,1003,1007,859,1151,0.525,0.50144751631348,0.5442919038467767,0.5141239637591694,0.2633008652986322,0.7222573124975251,0.5029103608847497,0.4307078763708873,True
class__direction_core__equal_ensemble,direction_core,2010,0.5169154228855721,0.5166273770545364,0.5064273866277078,0.5224089635854342,0.37188434695912265,0.4344787419918462,0.5138888888888888,0.6613704071499503,0.5783760312635693,373,666,341,630,1003,1007,714,1296,0.55,0.50144751631348,0.5442919038467767,0.5141239637591694,0.2633008652986322,0.7222573124975251,0.5138888888888888,0.37188434695912265,False
class__direction_core__equal_ensemble,direction_core,2010,0.5248756218905473,0.5244608775461104,0.5030753128705966,0.5409556313993175,0.3160518444666002,0.3989930774071743,0.5182584269662921,0.7328699106256207,0.6071575483340189,317,738,269,686,1003,1007,586,1424,0.575,0.50144751631348,0.5442919038467767,0.5141239637591694,0.2633008652986322,0.7222573124975251,0.5182584269662921,0.3160518444666002,False
class__direction_core__equal_ensemble,direction_core,2010,0.5174129353233831,0.5168843024055936,0.4804684710419196,0.535031847133758,0.25124626121635096,0.3419267299864315,0.5120207927225471,0.7825223435948362,0.6190102120974077,252,788,219,751,1003,1007,471,1539,0.6,0.50144751631348,0.5442919038467767,0.5141239637591694,0.2633008652986322,0.7222573124975251,0.5120207927225471,0.25124626121635096,False
class__direction_core__equal_ensemble,direction_core,2010,0.5,0.4993514986322066,0.44018915595639235,0.49714285714285716,0.17347956131605186,0.2572062084257206,0.5006024096385542,0.8252234359483615,0.6231721034870641,174,831,176,829,1003,1007,350,1660,0.625,0.50144751631348,0.5442919038467767,0.5141239637591694,0.2633008652986322,0.7222573124975251,0.49714285714285716,0.17347956131605186,False
class__direction_core__equal_ensemble,direction_core,2010,0.49154228855721394,0.4908016764007877,0.40929951690821254,0.46303501945525294,0.11864406779661017,0.18888888888888888,0.4957216200798631,0.8629592850049652,0.6297101449275362,119,869,138,884,1003,1007,257,1753,0.65,0.50144751631348,0.5442919038467767,0.5141239637591694,0.2633008652986322,0.7222573124975251,0.46303501945525294,0.11864406779661017,False
class__direction_core__forest,direction_core,2010,0.5004975124378109,0.5011192836584586,0.4468431762961923,0.49969381506429883,0.8135593220338984,0.6191198786039454,0.5039787798408488,0.18867924528301888,0.2745664739884393,816,190,817,187,1003,1007,1633,377,0.35,0.5200794044840713,0.5456386393942708,0.5348868983912215,0.2624076264518745,0.7215891676804325,0.49969381506429883,0.18867924528301888,False
class__direction_core__forest,direction_core,2010,0.5044776119402985,0.5050003910809775,0.46804824542756807,0.502283105022831,0.7676969092721835,0.6072555205047319,0.5115303983228512,0.2423038728897716,0.3288409703504043,770,244,763,233,1003,1007,1533,477,0.375,0.5200794044840713,0.5456386393942708,0.5348868983912215,0.2624076264518745,0.7215891676804325,0.502283105022831,0.2423038728897716,False
class__direction_core__forest,direction_core,2010,0.5243781094527363,0.5247801778378866,0.5043545280178617,0.5166548547129696,0.7268195413758723,0.603976801988401,0.5425709515859767,0.3227408142999007,0.40473225404732255,729,325,682,274,1003,1007,1411,599,0.4,0.5200794044840713,0.5456386393942708,0.5348868983912215,0.2624076264518745,0.7215891676804325,0.5166548547129696,0.3227408142999007,False
class__direction_core__forest,direction_core,2010,0.5288557213930348,0.5291498889627048,0.5184837120469508,0.521505376344086,0.6769690927218345,0.5891540130151843,0.5423728813559322,0.381330685203575,0.4478134110787172,679,384,623,324,1003,1007,1302,708,0.425,0.5200794044840713,0.5456386393942708,0.5348868983912215,0.2624076264518745,0.7215891676804325,0.521505376344086,0.381330685203575,False
class__direction_core__forest,direction_core,2010,0.53681592039801,0.5370190322775468,0.5320427588548925,0.5297520661157025,0.6390827517447657,0.57930411206507,0.5475,0.43495531281032773,0.484781405644715,641,438,569,362,1003,1007,1210,800,0.45,0.5200794044840713,0.5456386393942708,0.5348868983912215,0.2624076264518745,0.7215891676804325,0.5297520661157025,0.43495531281032773,True
class__direction_core__forest,direction_core,2010,0.5412935323383085,0.5413709219907309,0.5406367956564718,0.5373961218836565,0.580259222333001,0.5580057526366251,0.5458468176914779,0.5024826216484608,0.5232678386763185,582,506,501,421,1003,1007,1083,927,0.475,0.5200794044840713,0.5456386393942708,0.5348868983912215,0.2624076264518745,0.7215891676804325,0.5373961218836565,0.5024826216484608,True
class__direction_core__forest,direction_core,2010,0.5393034825870647,0.539267995417917,0.539138762994422,0.5397316821465429,0.5214356929212363,0.5304259634888439,0.5389048991354467,0.5571002979145978,0.5478515625,523,561,446,480,1003,1007,969,1041,0.5,0.5200794044840713,0.5456386393942708,0.5348868983912215,0.2624076264518745,0.7215891676804325,0.5389048991354467,0.5214356929212363,True
class__direction_core__forest,direction_core,2010,0.5288557213930348,0.5287162346129437,0.5264588890926103,0.5324074074074074,0.45862412761714855,0.49276914836636315,0.5261780104712042,0.5988083416087389,0.5601486298188574,460,603,404,543,1003,1007,864,1146,0.525,0.5200794044840713,0.5456386393942708,0.5348868983912215,0.2624076264518745,0.7215891676804325,0.5261780104712042,0.45862412761714855,True
class__direction_core__forest,direction_core,2010,0.5263681592039801,0.5260989622988037,0.5174001468843568,0.5347885402455662,0.39082751744765704,0.45161290322580644,0.5215348472983555,0.6613704071499503,0.5831873905429071,392,666,341,611,1003,1007,733,1277,0.55,0.5200794044840713,0.5456386393942708,0.5348868983912215,0.2624076264518745,0.7215891676804325,0.5215348472983555,0.39082751744765704,False
class__direction_core__forest,direction_core,2010,0.5144278606965174,0.5140219856814858,0.4931318979442718,0.5226890756302521,0.3100697906281156,0.38923654568210264,0.5109540636042402,0.717974180734856,0.597027250206441,311,723,284,692,1003,1007,595,1415,0.575,0.5200794044840713,0.5456386393942708,0.5348868983912215,0.2624076264518745,0.7215891676804325,0.5109540636042402,0.3100697906281156,False
class__direction_core__forest,direction_core,2010,0.5099502487562189,0.5094205962054255,0.47228359389305896,0.5191489361702127,0.2432701894317049,0.33129667345553293,0.5071428571428571,0.7755710029791459,0.613270514330585,244,781,226,759,1003,1007,470,1540,0.6,0.5200794044840713,0.5456386393942708,0.5348868983912215,0.2624076264518745,0.7215891676804325,0.5071428571428571,0.2432701894317049,False
class__direction_core__forest,direction_core,2010,0.5094527363184079,0.508797341837447,0.44936158106070123,0.5247813411078717,0.1794616151545364,0.2674591381872214,0.5062987402519497,0.8381330685203575,0.631264023934181,180,844,163,823,1003,1007,343,1667,0.625,0.5200794044840713,0.5456386393942708,0.5348868983912215,0.2624076264518745,0.7215891676804325,0.5062987402519497,0.1794616151545364,False
class__direction_core__forest,direction_core,2010,0.518905472636816,0.5181639787687582,0.4408473406539917,0.5703125,0.14556331006979062,0.23193010325655283,0.5114025085518814,0.8907646474677259,0.6497645780514306,146,897,110,857,1003,1007,256,1754,0.65,0.5200794044840713,0.5456386393942708,0.5348868983912215,0.2624076264518745,0.7215891676804325,0.5114025085518814,0.14556331006979062,False
class__direction_core__linear,direction_core,2010,0.5054726368159204,0.5060766063279872,0.4556668472083426,0.5027863777089784,0.8095712861415753,0.6203208556149733,0.5164556962025316,0.2025819265143992,0.29101283880171186,812,204,803,191,1003,1007,1615,395,0.35,0.4818820267024937,0.5212473364531734,0.4929531168163831,0.2859198609963565,0.783901651319144,0.5027863777089784,0.2025819265143992,False
class__direction_core__linear,direction_core,2010,0.5,0.5004999896041765,0.46659586474156545,0.49933774834437084,0.7517447657028913,0.6000795861520095,0.502,0.24925521350546176,0.33311214333112144,754,251,756,249,1003,1007,1510,500,0.375,0.4818820267024937,0.5212473364531734,0.4929531168163831,0.2859198609963565,0.783901651319144,0.49933774834437084,0.24925521350546176,False
class__direction_core__linear,direction_core,2010,0.5029850746268657,0.5034038896220969,0.48018035346358745,0.5014005602240896,0.7138584247258225,0.5890580008227067,0.506872852233677,0.2929493545183714,0.3713027061044682,716,295,712,287,1003,1007,1428,582,0.4,0.4818820267024937,0.5212473364531734,0.4929531168163831,0.2859198609963565,0.783901651319144,0.5014005602240896,0.2929493545183714,False
class__direction_core__linear,direction_core,2010,0.5129353233830846,0.5132531897851629,0.5003502745700662,0.5090497737556561,0.6729810568295115,0.579647917561185,0.52046783625731,0.3535253227408143,0.42105263157894735,675,356,651,328,1003,1007,1326,684,0.425,0.4818820267024937,0.5212473364531734,0.4929531168163831,0.2859198609963565,0.783901651319144,0.5090497737556561,0.3535253227408143,False
class__direction_core__linear,direction_core,2010,0.5064676616915423,0.5066973854999055,0.4999197431781701,0.5044462409054163,0.6221335992023929,0.5571428571428572,0.5097024579560155,0.3912611717974181,0.44269662921348313,624,394,613,379,1003,1007,1237,773,0.45,0.4818820267024937,0.5212473364531734,0.4929531168163831,0.2859198609963565,0.783901651319144,0.5044462409054163,0.3912611717974181,False
class__direction_core__linear,direction_core,2010,0.5079601990049751,0.5080919109602672,0.5058612621270171,0.5061511423550088,0.5742771684945165,0.5380663241475946,0.5103211009174312,0.44190665342601787,0.4736562001064396,576,445,562,427,1003,1007,1138,872,0.475,0.4818820267024937,0.5212473364531734,0.4929531168163831,0.2859198609963565,0.783901651319144,0.5061511423550088,0.44190665342601787,True
class__direction_core__linear,direction_core,2010,0.4975124378109453,0.4975460906258385,0.49738504549060225,0.4966313763233879,0.514456630109671,0.5053868756121449,0.4984552008238929,0.48063555114200596,0.48938321536905965,516,484,523,487,1003,1007,1039,971,0.5,0.4818820267024937,0.5212473364531734,0.4929531168163831,0.2859198609963565,0.783901651319144,0.4966313763233879,0.48063555114200596,True
class__direction_core__linear,direction_core,2010,0.49701492537313435,0.4969663997085209,0.4966908970132253,0.49581589958158995,0.47258225324027914,0.48392036753445633,0.4981024667931689,0.5213505461767627,0.5094614264919942,474,525,482,529,1003,1007,956,1054,0.525,0.4818820267024937,0.5212473364531734,0.4929531168163831,0.2859198609963565,0.783901651319144,0.49581589958158995,0.47258225324027914,True
class__direction_core__linear,direction_core,2010,0.4925373134328358,0.49239471258518386,0.48984568466481404,0.4901277584204414,0.42073778664007977,0.45278969957081544,0.49434290687554394,0.564051638530288,0.5269016697588126,422,568,439,581,1003,1007,861,1149,0.55,0.4818820267024937,0.5212473364531734,0.4929531168163831,0.2859198609963565,0.783901651319144,0.4901277584204414,0.42073778664007977,True
class__direction_core__linear,direction_core,2010,0.48855721393034823,0.4882779664977263,0.47813884979810295,0.4827109266943292,0.34795613160518446,0.4044032444959444,0.49184149184149184,0.6285998013902682,0.5518744551002616,349,633,374,654,1003,1007,723,1287,0.575,0.4818820267024937,0.5212473364531734,0.4929531168163831,0.2859198609963565,0.783901651319144,0.4827109266943292,0.34795613160518446,False
class__direction_core__linear,direction_core,2010,0.4860696517412935,0.48570029732055076,0.46753601446348547,0.4762658227848101,0.3000997008973081,0.36819571865443423,0.49056603773584906,0.6713008937437934,0.5668763102725367,301,676,331,702,1003,1007,632,1378,0.6,0.4818820267024937,0.5212473364531734,0.4929531168163831,0.2859198609963565,0.783901651319144,0.4762658227848101,0.3000997008973081,False
class__direction_core__linear,direction_core,2010,0.48308457711442787,0.4826241236568349,0.4535886997708798,0.4666666666666667,0.25124626121635096,0.32663642255346725,0.4891156462585034,0.7140019860973188,0.5805409769882923,252,719,288,751,1003,1007,540,1470,0.625,0.4818820267024937,0.5212473364531734,0.4929531168163831,0.2859198609963565,0.783901651319144,0.4666666666666667,0.25124626121635096,False
class__direction_core__linear,direction_core,2010,0.4721393034825871,0.4716015805611963,0.43025186511090474,0.43722943722943725,0.20139581256231306,0.2757679180887372,0.48255813953488375,0.7418073485600795,0.5847358121330724,202,747,260,801,1003,1007,462,1548,0.65,0.4818820267024937,0.5212473364531734,0.4929531168163831,0.2859198609963565,0.783901651319144,0.43722943722943725,0.20139581256231306,False
class__direction_core__xgb,direction_core,2010,0.5069651741293533,0.5077047902964393,0.4284455858195304,0.5034246575342466,0.8793619142572283,0.6402903811252268,0.5310077519379846,0.13604766633565044,0.216600790513834,882,137,870,121,1003,1007,1752,258,0.35,0.5229134582665391,0.5443477160920037,0.5364794395364056,0.25668855351758973,0.7080479412637317,0.5034246575342466,0.13604766633565044,False
class__direction_core__xgb,direction_core,2010,0.5029850746268657,0.5036553695418214,0.43980917707614087,0.5011890606420928,0.8404785643070788,0.6279329608938548,0.5121951219512195,0.16683217477656406,0.251685393258427,843,168,839,160,1003,1007,1682,328,0.375,0.5229134582665391,0.5443477160920037,0.5364794395364056,0.25668855351758973,0.7080479412637317,0.5011890606420928,0.16683217477656406,False
class__direction_core__xgb,direction_core,2010,0.4945273631840796,0.4951174282514918,0.44615845244604124,0.49594003747657717,0.7916251246261217,0.6098310291858678,0.4889975550122249,0.19860973187686196,0.2824858757062147,794,200,807,209,1003,1007,1601,409,0.4,0.5229134582665391,0.5443477160920037,0.5364794395364056,0.25668855351758973,0.7080479412637317,0.4889975550122249,0.19860973187686196,False
class__direction_core__xgb,direction_core,2010,0.5,0.5004841483493908,0.4688176041058857,0.499330655957162,0.7437686939182453,0.5975170204245094,0.501937984496124,0.2571996027805363,0.340118187787262,746,259,748,257,1003,1007,1494,516,0.425,0.5229134582665391,0.5443477160920037,0.5364794395364056,0.25668855351758973,0.7080479412637317,0.499330655957162,0.2571996027805363,False
class__direction_core__xgb,direction_core,2010,0.5114427860696518,0.511795299305658,0.4958035998921013,0.5077149155033064,0.6889332003988036,0.5846023688663282,0.5192604006163328,0.3346573982125124,0.40700483091787437,691,337,670,312,1003,1007,1361,649,0.45,0.5229134582665391,0.5443477160920037,0.5364794395364056,0.25668855351758973,0.7080479412637317,0.5077149155033064,0.3346573982125124,False
class__direction_core__xgb,direction_core,2010,0.5228855721393035,0.5230886288502912,0.5179688568655659,0.5181818181818182,0.6251246261216351,0.5666516041572526,0.53,0.42105263157894735,0.46928610957387934,627,424,583,376,1003,1007,1210,800,0.475,0.5229134582665391,0.5443477160920037,0.5364794395364056,0.25668855351758973,0.7080479412637317,0.5181818181818182,0.42105263157894735,True
class__direction_core__xgb,direction_core,2010,0.5373134328358209,0.5373155607655682,0.5373134328358209,0.5362462760675273,0.5383848454636092,0.5373134328358209,0.5383848454636092,0.5362462760675273,0.5373134328358209,540,540,467,463,1003,1007,1007,1003,0.5,0.5229134582665391,0.5443477160920037,0.5364794395364056,0.25668855351758973,0.7080479412637317,0.5362462760675273,0.5362462760675273,True
class__direction_core__xgb,direction_core,2010,0.5323383084577115,0.5321622025680655,0.5285575267609851,0.5380894800483675,0.4436689930209372,0.48633879781420764,0.5283178360101437,0.6206554121151936,0.5707762557077626,445,625,382,558,1003,1007,827,1183,0.525,0.5229134582665391,0.5443477160920037,0.5364794395364056,0.25668855351758973,0.7080479412637317,0.5283178360101437,0.4436689930209372,True
class__direction_core__xgb,direction_core,2010,0.5407960199004975,0.5404625250366082,0.5273514914861208,0.5598802395209581,0.3728813559322034,0.44763614602034707,0.5312965722801788,0.7080436941410129,0.6070668369518945,374,713,294,629,1003,1007,668,1342,0.55,0.5229134582665391,0.5443477160920037,0.5364794395364056,0.25668855351758973,0.7080479412637317,0.5312965722801788,0.3728813559322034,False
class__direction_core__xgb,direction_core,2010,0.527363184079602,0.5268583524500976,0.49456796214672694,0.5535353535353535,0.2731804586241276,0.3658210947930574,0.5188118811881188,0.7805362462760675,0.6233148295003965,274,786,221,729,1003,1007,495,1515,0.575,0.5229134582665391,0.5443477160920037,0.5364794395364056,0.25668855351758973,0.7080479412637317,0.5188118811881188,0.2731804586241276,False
class__direction_core__xgb,direction_core,2010,0.5159203980099503,0.5152739398487755,0.45840781484737925,0.5426136363636364,0.19042871385842472,0.2819188191881919,0.5102533172496985,0.8401191658391262,0.6348968105065667,191,846,161,812,1003,1007,352,1658,0.6,0.5229134582665391,0.5443477160920037,0.5364794395364056,0.25668855351758973,0.7080479412637317,0.5102533172496985,0.19042871385842472,False
class__direction_core__xgb,direction_core,2010,0.5119402985074627,0.5111868961140411,0.42977173344407393,0.5450819672131147,0.13260219341974078,0.21331194867682438,0.507361268403171,0.8897715988083416,0.6462315182113235,133,896,111,870,1003,1007,244,1766,0.625,0.5229134582665391,0.5443477160920037,0.5364794395364056,0.25668855351758973,0.7080479412637317,0.507361268403171,0.13260219341974078,False
class__direction_core__xgb,direction_core,2010,0.5009950248756219,0.5001603927047061,0.39387115443879045,0.5,0.08075772681954138,0.13905579399141632,0.5010822510822511,0.9195630585898709,0.6486865148861646,81,926,81,922,1003,1007,162,1848,0.65,0.5229134582665391,0.5443477160920037,0.5364794395364056,0.25668855351758973,0.7080479412637317,0.5,0.08075772681954138,False
class__engineered_direction__equal_ensemble,engineered_direction,2010,0.5373134328358209,0.537816540448169,0.5060072979738186,0.5241242564441507,0.7906281156530409,0.6303656597774245,0.5774647887323944,0.28500496524329694,0.3816489361702128,793,287,720,210,1003,1007,1513,497,0.35,0.5201376058827429,0.5397606767825881,0.5353611459563712,0.26712132009246836,0.7333185576478319,0.5241242564441507,0.28500496524329694,False
class__engineered_direction__equal_ensemble,engineered_direction,2010,0.5318407960199005,0.5322359634106618,0.5128359602121422,0.5220797720797721,0.7308075772681955,0.6090569173244703,0.5544554455445545,0.3336643495531281,0.41661500309981403,733,336,671,270,1003,1007,1404,606,0.375,0.5201376058827429,0.5397606767825881,0.5353611459563712,0.26712132009246836,0.7333185576478319,0.5220797720797721,0.3336643495531281,False
class__engineered_direction__equal_ensemble,engineered_direction,2010,0.5318407960199005,0.5321329952545542,0.5216767979574387,0.5238461538461539,0.678963110667996,0.5914025184541902,0.5464788732394367,0.3853028798411122,0.45195107746068724,681,388,619,322,1003,1007,1300,710,0.4,0.5201376058827429,0.5397606767825881,0.5353611459563712,0.26712132009246836,0.7333185576478319,0.5238461538461539,0.3853028798411122,False
class__engineered_direction__equal_ensemble,engineered_direction,2010,0.527363184079602,0.5275474470332795,0.5233690209582841,0.5222502099076406,0.6201395812562313,0.5670009115770283,0.5347985347985348,0.43495531281032773,0.47973713033953996,622,438,569,381,1003,1007,1191,819,0.425,0.5201376058827429,0.5397606767825881,0.5353611459563712,0.26712132009246836,0.7333185576478319,0.5222502099076406,0.43495531281032773,True
class__engineered_direction__equal_ensemble,engineered_direction,2010,0.5238805970149254,0.5239490070008446,0.5233509870004815,0.521415270018622,0.5583250249252243,0.5392392874337988,0.5267094017094017,0.48957298907646474,0.5074626865671642,560,493,514,443,1003,1007,1074,936,0.45,0.5201376058827429,0.5397606767825881,0.5353611459563712,0.26712132009246836,0.7333185576478319,0.521415270018622,0.48957298907646474,True
class__engineered_direction__equal_ensemble,engineered_direction,2010,0.518905472636816,0.518868914606726,0.518724283962255,0.518595041322314,0.5004985044865404,0.5093860984271943,0.519193857965451,0.5372393247269116,0.5280624694973157,502,541,466,501,1003,1007,968,1042,0.475,0.5201376058827429,0.5397606767825881,0.5353611459563712,0.26712132009246836,0.7333185576478319,0.518595041322314,0.5004985044865404,True
class__engineered_direction__equal_ensemble,engineered_direction,2010,0.5139303482587064,0.513784861898911,0.5112445584122448,0.5151515151515151,0.4406779661016949,0.4750134336378291,0.5130208333333334,0.5868917576961271,0.5474756831866605,442,591,416,561,1003,1007,858,1152,0.5,0.5201376058827429,0.5397606767825881,0.5353611459563712,0.26712132009246836,0.7333185576478319,0.5130208333333334,0.4406779661016949,True
class__engineered_direction__equal_ensemble,engineered_direction,2010,0.5009950248756219,0.5007504794454769,0.49321774043330746,0.5,0.3778664007976072,0.4304372515616127,0.5015974440894568,0.6236345580933466,0.5559982293050022,379,628,379,624,1003,1007,758,1252,0.525,0.5201376058827429,0.5397606767825881,0.5353611459563712,0.26712132009246836,0.7333185576478319,0.5,0.3778664007976072,False
class__engineered_direction__equal_ensemble,engineered_direction,2010,0.5069651741293533,0.5066275849710056,0.492177212666264,0.5090361445783133,0.3369890329012961,0.4055188962207559,0.5059435364041605,0.676266137040715,0.5788355291117722,338,681,326,665,1003,1007,664,1346,0.55,0.5201376058827429,0.5397606767825881,0.5353611459563712,0.26712132009246836,0.7333185576478319,0.5059435364041605,0.3369890329012961,False
class__engineered_direction__equal_ensemble,engineered_direction,2010,0.5084577114427861,0.5080201302745191,0.4832426221010657,0.5133214920071048,0.288135593220339,0.36909323116219667,0.5065653075328266,0.7279046673286991,0.5973920130399348,289,733,274,714,1003,1007,563,1447,0.575,0.5201376058827429,0.5397606767825881,0.5353611459563712,0.26712132009246836,0.7333185576478319,0.5065653075328266,0.288135593220339,False
class__engineered_direction__equal_ensemble,engineered_direction,2010,0.5109452736318408,0.5104314662764438,0.47572067411776975,0.5205761316872428,0.2522432701894317,0.3398253861652116,0.5078740157480315,0.7686196623634558,0.611615962070328,253,774,233,750,1003,1007,486,1524,0.6,0.5201376058827429,0.5397606767825881,0.5353611459563712,0.26712132009246836,0.7333185576478319,0.5078740157480315,0.2522432701894317,False
class__engineered_direction__equal_ensemble,engineered_direction,2010,0.5084577114427861,0.5078735986677505,0.46176804432740787,0.5180722891566265,0.2143569292123629,0.3032440056417489,0.5059561128526646,0.8013902681231381,0.6202920830130668,215,807,200,788,1003,1007,415,1595,0.625,0.5201376058827429,0.5397606767825881,0.5353611459563712,0.26712132009246836,0.7333185576478319,0.5059561128526646,0.2143569292123629,False
class__engineered_direction__equal_ensemble,engineered_direction,2010,0.5084577114427861,0.5078082534917591,0.4494579633260293,0.5214899713467048,0.1814556331006979,0.2692307692307692,0.5057194461167971,0.8341608738828202,0.6296851574212894,182,840,167,821,1003,1007,349,1661,0.65,0.5201376058827429,0.5397606767825881,0.5353611459563712,0.26712132009246836,0.7333185576478319,0.5057194461167971,0.1814556331006979,False
class__engineered_direction__forest,engineered_direction,2010,0.5144278606965174,0.5149724609686332,0.4754366280941527,0.5086816720257235,0.7886340977068793,0.6184519155590305,0.5340659340659341,0.2413108242303873,0.332421340629275,791,243,764,212,1003,1007,1555,455,0.35,0.5352759400547452,0.5232490270764094,0.5423570401011464,0.261594394913386,0.7220252010808985,0.5086816720257235,0.2413108242303873,False
class__engineered_direction__forest,engineered_direction,2010,0.5104477611940299,0.5108972981749884,0.4843729958527513,0.5065113091158328,0.7367896311066799,0.6003249390739236,0.5208711433756806,0.28500496524329694,0.3684210526315789,739,287,720,264,1003,1007,1459,551,0.375,0.5352759400547452,0.5232490270764094,0.5423570401011464,0.261594394913386,0.7220252010808985,0.5065113091158328,0.28500496524329694,False
class__engineered_direction__forest,engineered_direction,2010,0.5213930348258706,0.5217277660563493,0.5076344391582408,0.5152643335815339,0.6899302093718843,0.5899403239556692,0.5337331334332833,0.3535253227408143,0.4253285543608124,692,356,651,311,1003,1007,1343,667,0.4,0.5352759400547452,0.5232490270764094,0.5423570401011464,0.261594394913386,0.7220252010808985,0.5152643335815339,0.3535253227408143,False
class__engineered_direction__forest,engineered_direction,2010,0.5258706467661691,0.5260796557695335,0.5206883962867758,0.5205592105263158,0.6311066799601196,0.5705272645335737,0.5340050377833753,0.42105263157894735,0.4708495280399778,633,424,583,370,1003,1007,1216,794,0.425,0.5352759400547452,0.5232490270764094,0.5423570401011464,0.261594394913386,0.7220252010808985,0.5205592105263158,0.42105263157894735,True
class__engineered_direction__forest,engineered_direction,2010,0.5233830845771145,0.5234604032985453,0.5227007052482646,0.5207756232686981,0.5623130608175474,0.5407478427612655,0.5264293419633226,0.4846077457795432,0.5046535677352637,564,488,519,439,1003,1007,1083,927,0.45,0.5352759400547452,0.5232490270764094,0.5423570401011464,0.261594394913386,0.7220252010808985,0.5207756232686981,0.4846077457795432,True
class__engineered_direction__forest,engineered_direction,2010,0.5218905472636816,0.5218262788595485,0.5213587236232631,0.5223404255319148,0.48953140578265203,0.5054040144107051,0.5214953271028038,0.5541211519364448,0.5373134328358209,491,558,449,512,1003,1007,940,1070,0.475,0.5352759400547452,0.5232490270764094,0.5423570401011464,0.261594394913386,0.7220252010808985,0.5214953271028038,0.48953140578265203,True
class__engineered_direction__forest,engineered_direction,2010,0.527860696517413,0.5276598209344162,0.5228978946117819,0.5336658354114713,0.4267198404785643,0.4742382271468144,0.5240066225165563,0.6285998013902682,0.5715575620767495,428,633,374,575,1003,1007,802,1208,0.5,0.5352759400547452,0.5232490270764094,0.5423570401011464,0.261594394913386,0.7220252010808985,0.5240066225165563,0.4267198404785643,True
class__engineered_direction__forest,engineered_direction,2010,0.5398009950248757,0.5394773970046167,0.5271320767097701,0.5575221238938053,0.37686939182452645,0.4497323022010708,0.5307807807807807,0.702085402184707,0.6045318512184694,378,707,300,625,1003,1007,678,1332,0.525,0.5352759400547452,0.5232490270764094,0.5423570401011464,0.261594394913386,0.7220252010808985,0.5307807807807807,0.37686939182452645,False
class__engineered_direction__forest,engineered_direction,2010,0.5467661691542288,0.5463198289936546,0.5225131561757558,0.5830324909747292,0.3220338983050847,0.41490044958253053,0.532967032967033,0.7706057596822244,0.630125862768981,323,776,231,680,1003,1007,554,1456,0.55,0.5352759400547452,0.5232490270764094,0.5423570401011464,0.261594394913386,0.7220252010808985,0.532967032967033,0.3220338983050847,False
class__engineered_direction__forest,engineered_direction,2010,0.545771144278607,0.5452099510802251,0.5061995151680189,0.6027397260273972,0.26321036889332006,0.366412213740458,0.5298982188295165,0.8272095332671301,0.6459868165955797,264,833,174,739,1003,1007,438,1572,0.575,0.5352759400547452,0.5232490270764094,0.5423570401011464,0.261594394913386,0.7220252010808985,0.5298982188295165,0.26321036889332006,False
class__engineered_direction__forest,engineered_direction,2010,0.5318407960199005,0.531186480281103,0.4746858171753,0.5901162790697675,0.2023928215353938,0.3014105419450631,0.5198079231692677,0.8599801390268124,0.6479610924055369,203,866,141,800,1003,1007,344,1666,0.6,0.5352759400547452,0.5232490270764094,0.5423570401011464,0.261594394913386,0.7220252010808985,0.5198079231692677,0.2023928215353938,False
class__engineered_direction__forest,engineered_direction,2010,0.5328358208955224,0.5320904218823173,0.4560953293516711,0.626984126984127,0.1575274177467597,0.251792828685259,0.5193401592718999,0.9066534260178749,0.6603978300180832,158,913,94,845,1003,1007,252,1758,0.625,0.5352759400547452,0.5232490270764094,0.5423570401011464,0.261594394913386,0.7220252010808985,0.5193401592718999,0.1575274177467597,False
class__engineered_direction__forest,engineered_direction,2010,0.5213930348258706,0.5205871957117724,0.4269471917265023,0.6073298429319371,0.1156530408773679,0.19430485762144054,0.5123694337548104,0.9255213505461768,0.659589525831564,116,932,75,887,1003,1007,191,1819,0.65,0.5352759400547452,0.5232490270764094,0.5423570401011464,0.261594394913386,0.7220252010808985,0.5123694337548104,0.1156530408773679,False
class__engineered_direction__linear,engineered_direction,2010,0.5398009950248757,0.5400417417063605,0.5330886166037883,0.53125,0.6610169491525424,0.5890715237672146,0.5538057742782152,0.41906653426017876,0.4771057094403618,663,422,585,340,1003,1007,1248,762,0.35,0.5167572845660506,0.559704543898772,0.5383541530324617,0.3180448733334368,0.9491521430035293,0.53125,0.41906653426017876,True
class__engineered_direction__linear,engineered_direction,2010,0.5402985074626866,0.5404848018011507,0.5363280126545873,0.5331098072087175,0.634097706879362,0.5792349726775956,0.5507955936352509,0.4468718967229394,0.4934210526315789,636,450,557,367,1003,1007,1193,817,0.375,0.5167572845660506,0.559704543898772,0.5383541530324617,0.3180448733334368,0.9491521430035293,0.5331098072087175,0.4468718967229394,True
class__engineered_direction__linear,engineered_direction,2010,0.5333333333333333,0.5334483144409868,0.5318273379579966,0.5289919714540589,0.5912263210368893,0.5583804143126178,0.5388076490438695,0.4756703078450844,0.5052742616033755,593,479,528,410,1003,1007,1121,889,0.4,0.5167572845660506,0.559704543898772,0.5383541530324617,0.3180448733334368,0.9491521430035293,0.5289919714540589,0.4756703078450844,True
class__engineered_direction__linear,engineered_direction,2010,0.5318407960199005,0.5319151780012494,0.5312224659094655,0.5287037037037037,0.5692921236291126,0.5482477196351416,0.535483870967742,0.4945382323733863,0.5141972121837893,571,498,509,432,1003,1007,1080,930,0.425,0.5167572845660506,0.559704543898772,0.5383541530324617,0.3180448733334368,0.9491521430035293,0.5287037037037037,0.4945382323733863,True
class__engineered_direction__linear,engineered_direction,2010,0.5288557213930348,0.5288805876313463,0.5287940229296626,0.5271844660194175,0.5413758723828515,0.5341859321200196,0.5306122448979592,0.5163853028798411,0.5234021137393055,543,520,487,460,1003,1007,1030,980,0.45,0.5167572845660506,0.559704543898772,0.5383541530324617,0.3180448733334368,0.9491521430035293,0.5271844660194175,0.5163853028798411,True
class__engineered_direction__linear,engineered_direction,2010,0.5228855721393035,0.5228609108127454,0.5227994655603558,0.5224489795918368,0.5104685942173479,0.5163893091275845,0.5233009708737864,0.535253227408143,0.5292096219931272,512,539,468,491,1003,1007,980,1030,0.475,0.5167572845660506,0.559704543898772,0.5383541530324617,0.3180448733334368,0.9491521430035293,0.5224489795918368,0.5104685942173479,True
class__engineered_direction__linear,engineered_direction,2010,0.5164179104477612,0.5163427295076043,0.5156885842792889,0.5166846071044133,0.4785643070787637,0.4968944099378882,0.5161887141535615,0.5541211519364448,0.5344827586206896,480,558,449,523,1003,1007,929,1081,0.5,0.5167572845660506,0.559704543898772,0.5383541530324617,0.3180448733334368,0.9491521430035293,0.5161887141535615,0.4785643070787637,True
class__engineered_direction__linear,engineered_direction,2010,0.5144278606965174,0.514297227483389,0.5122601279317698,0.5154639175257731,0.44865403788634095,0.47974413646055436,0.51363236587511,0.579940417080437,0.5447761194029851,450,584,423,553,1003,1007,873,1137,0.525,0.5167572845660506,0.559704543898772,0.5383541530324617,0.3180448733334368,0.9491521430035293,0.51363236587511,0.44865403788634095,True
class__engineered_direction__linear,engineered_direction,2010,0.508955223880597,0.508780015465025,0.5050297413286581,0.5096618357487923,0.42073778664007977,0.4609503003823048,0.5084602368866328,0.5968222442899702,0.5491091822750114,422,601,406,581,1003,1007,828,1182,0.55,0.5167572845660506,0.559704543898772,0.5383541530324617,0.3180448733334368,0.9491521430035293,0.5084602368866328,0.42073778664007977,True
class__engineered_direction__linear,engineered_direction,2010,0.5039800995024876,0.5037672484037461,0.4981306087060617,0.5037974683544304,0.3968095712861416,0.44394868934746234,0.5040983606557377,0.6107249255213505,0.552312528064661,398,615,392,605,1003,1007,790,1220,0.575,0.5167572845660506,0.559704543898772,0.5383541530324617,0.3180448733334368,0.9491521430035293,0.5037974683544304,0.3968095712861416,False
class__engineered_direction__linear,engineered_direction,2010,0.49900497512437814,0.4987366599308331,0.48958926722028173,0.49727520435967304,0.36390827517447655,0.42026482440990215,0.5,0.6335650446871897,0.5589137100306614,365,638,369,638,1003,1007,734,1276,0.6,0.5167572845660506,0.559704543898772,0.5383541530324617,0.3180448733334368,0.9491521430035293,0.49727520435967304,0.36390827517447655,False
class__engineered_direction__linear,engineered_direction,2010,0.5014925373134328,0.5011757181286329,0.4883620023899913,0.5007299270072992,0.3419740777666999,0.40639810426540285,0.5018867924528302,0.660377358490566,0.5703259005145798,343,665,342,660,1003,1007,685,1325,0.625,0.5167572845660506,0.559704543898772,0.5383541530324617,0.3180448733334368,0.9491521430035293,0.5007299270072992,0.3419740777666999,False
class__engineered_direction__linear,engineered_direction,2010,0.4955223880597015,0.49516198178057685,0.47822200103222,0.4914196567862715,0.3140578265204387,0.38321167883211676,0.4974433893352812,0.676266137040715,0.5732323232323232,315,681,326,688,1003,1007,641,1369,0.65,0.5167572845660506,0.559704543898772,0.5383541530324617,0.3180448733334368,0.9491521430035293,0.4914196567862715,0.3140578265204387,False
class__engineered_direction__xgb,engineered_direction,2010,0.5029850746268657,0.5037642781684737,0.4135329122704538,0.5011160714285714,0.8953140578265204,0.6425760286225403,0.518348623853211,0.11221449851042702,0.18448979591836734,898,113,894,105,1003,1007,1792,218,0.35,0.5051207240877648,0.5099328046539202,0.5178461635946183,0.2593782493910317,0.7138895938938102,0.5011160714285714,0.11221449851042702,False
class__engineered_direction__xgb,engineered_direction,2010,0.5159203980099503,0.5165709425843621,0.45840781484737925,0.5090252707581228,0.843469591226321,0.6348968105065667,0.5488505747126436,0.18967229394240318,0.2819188191881919,846,191,816,157,1003,1007,1662,348,0.375,0.5051207240877648,0.5099328046539202,0.5178461635946183,0.2593782493910317,0.7138895938938102,0.5090252707581228,0.18967229394240318,False
class__engineered_direction__xgb,engineered_direction,2010,0.5199004975124378,0.5204381889089436,0.48240375575829664,0.5122739018087855,0.7906281156530409,0.6217169737357899,0.5454545454545454,0.2502482621648461,0.3430905377808033,793,252,755,210,1003,1007,1548,462,0.4,0.5051207240877648,0.5099328046539202,0.5178461635946183,0.2593782493910317,0.7138895938938102,0.5122739018087855,0.2502482621648461,False
class__engineered_direction__xgb,engineered_direction,2010,0.5218905472636816,0.5222836950914882,0.5026846803936588,0.514978601997147,0.7198404785643071,0.6004158004158004,0.537828947368421,0.3247269116186693,0.40495356037151703,722,327,680,281,1003,1007,1402,608,0.425,0.5051207240877648,0.5099328046539202,0.5178461635946183,0.2593782493910317,0.7138895938938102,0.514978601997147,0.3247269116186693,False
class__engineered_direction__xgb,engineered_direction,2010,0.5134328358208955,0.5136328848608098,0.5085672858178546,0.5103562551781275,0.6141575274177468,0.5574660633484163,0.5180572851805728,0.4131082423038729,0.45966850828729283,616,416,591,387,1003,1007,1207,803,0.45,0.5051207240877648,0.5099328046539202,0.5178461635946183,0.2593782493910317,0.7138895938938102,0.5103562551781275,0.4131082423038729,True
class__engineered_direction__xgb,engineered_direction,2010,0.5109452736318408,0.5109680887823125,0.5108918846863064,0.5097276264591439,0.522432701894317,0.5160019694731659,0.5122199592668024,0.49950347567030784,0.5057817998994469,524,503,504,479,1003,1007,1028,982,0.475,0.5051207240877648,0.5099328046539202,0.5178461635946183,0.2593782493910317,0.7138895938938102,0.5097276264591439,0.49950347567030784,True
class__engineered_direction__xgb,engineered_direction,2010,0.5039800995024876,0.5038226927954963,0.5007771203028066,0.5035460992907801,0.4247258225324028,0.4607896160086533,0.5042955326460481,0.5829195630585898,0.54076462459696,426,587,420,577,1003,1007,846,1164,0.5,0.5051207240877648,0.5099328046539202,0.5178461635946183,0.2593782493910317,0.7138895938938102,0.5035460992907801,0.4247258225324028,True
class__engineered_direction__xgb,engineered_direction,2010,0.5109452736318408,0.5106077002359357,0.49627669026330734,0.5150602409638554,0.34097706879361916,0.41031793641271747,0.5089153046062407,0.6802383316782522,0.5822354441138972,342,685,322,661,1003,1007,664,1346,0.525,0.5051207240877648,0.5099328046539202,0.5178461635946183,0.2593782493910317,0.7138895938938102,0.5089153046062407,0.34097706879361916,False
class__engineered_direction__xgb,engineered_direction,2010,0.5109452736318408,0.5104552281586224,0.479097654129574,0.5196078431372549,0.2642073778664008,0.3502974223397224,0.508,0.7567030784508441,0.6078978859194256,265,762,245,738,1003,1007,510,1500,0.55,0.5051207240877648,0.5099328046539202,0.5178461635946183,0.2593782493910317,0.7138895938938102,0.508,0.2642073778664008,False
class__engineered_direction__xgb,engineered_direction,2010,0.5059701492537313,0.5053276120001465,0.4480738456637573,0.5140449438202247,0.18245264207377868,0.2693156732891832,0.5042321644498187,0.8282025819265144,0.6268320180383314,183,834,173,820,1003,1007,356,1654,0.575,0.5051207240877648,0.5099328046539202,0.5178461635946183,0.2593782493910317,0.7138895938938102,0.5042321644498187,0.18245264207377868,False
class__engineered_direction__xgb,engineered_direction,2010,0.5019900497512437,0.5012385881085641,0.41865870899534496,0.5040650406504065,0.12362911266201396,0.19855884707766214,0.5017006802721088,0.8788480635551142,0.6387585709130278,124,885,122,879,1003,1007,246,1764,0.6,0.5051207240877648,0.5099328046539202,0.5178461635946183,0.2593782493910317,0.7138895938938102,0.5017006802721088,0.12362911266201396,False
class__engineered_direction__xgb,engineered_direction,2010,0.49850746268656715,0.49766192980145957,0.3874033822705938,0.48344370860927155,0.07278165503489531,0.1265164644714038,0.49973103819257664,0.9225422045680238,0.6482903000697837,73,929,78,930,1003,1007,151,1859,0.625,0.5051207240877648,0.5099328046539202,0.5178461635946183,0.2593782493910317,0.7138895938938102,0.48344370860927155,0.07278165503489531,False
class__engineered_direction__xgb,engineered_direction,2010,0.4930348258706468,0.4921150154303722,0.35456312735576,0.39473684210526316,0.02991026919242273,0.05560704355885079,0.4968976215098242,0.9543197616683218,0.6535192111526692,30,961,46,973,1003,1007,76,1934,0.65,0.5051207240877648,0.5099328046539202,0.5178461635946183,0.2593782493910317,0.7138895938938102,0.39473684210526316,0.02991026919242273,False
class__price_direction__equal_ensemble,price_direction,2010,0.5373134328358209,0.5380046553487502,0.4742783666940032,0.5214327657075749,0.8853439680957128,0.656319290465632,0.6254071661237784,0.1906653426017875,0.2922374429223744,888,192,815,115,1003,1007,1703,307,0.35,0.5531529124675645,0.5685776912860119,0.5612655578448369,0.2524357397457888,0.6989016441559818,0.5214327657075749,0.1906653426017875,False
class__price_direction__equal_ensemble,price_direction,2010,0.5358208955223881,0.536412114203566,0.49123932638375506,0.5218476903870163,0.8334995014955134,0.6418426103646833,0.5906862745098039,0.23932472691161866,0.34063604240282686,836,241,766,167,1003,1007,1602,408,0.375,0.5531529124675645,0.5685776912860119,0.5612655578448369,0.2524357397457888,0.6989016441559818,0.5218476903870163,0.23932472691161866,False
class__price_direction__equal_ensemble,price_direction,2010,0.5388059701492537,0.5393001729667006,0.5087726606084589,0.5252659574468085,0.7876370887337986,0.6302353410450738,0.5790513833992095,0.29096325719960275,0.38730998017184404,790,293,714,213,1003,1007,1504,506,0.4,0.5531529124675645,0.5685776912860119,0.5612655578448369,0.2524357397457888,0.6989016441559818,0.5252659574468085,0.29096325719960275,False
class__price_direction__equal_ensemble,price_direction,2010,0.5308457711442786,0.5312369742807328,0.5121975699824817,0.5214285714285715,0.7278165503489531,0.6075738660008323,0.5524590163934426,0.3346573982125124,0.4168212739641311,730,337,670,273,1003,1007,1400,610,0.425,0.5531529124675645,0.5685776912860119,0.5612655578448369,0.2524357397457888,0.6989016441559818,0.5214285714285715,0.3346573982125124,False
class__price_direction__equal_ensemble,price_direction,2010,0.5253731343283582,0.5256207544199576,0.5180360106932194,0.5195219123505976,0.650049850448654,0.5775022143489814,0.5350993377483444,0.4011916583912612,0.4585698070374574,652,404,603,351,1003,1007,1255,755,0.45,0.5531529124675645,0.5685776912860119,0.5612655578448369,0.2524357397457888,0.6989016441559818,0.5195219123505976,0.4011916583912612,True
class__price_direction__equal_ensemble,price_direction,2010,0.5333333333333333,0.5334384136567458,0.5320806376517515,0.5292529252925292,0.5862412761714856,0.5562913907284768,0.5383759733036707,0.48063555114200596,0.5078698845750262,588,484,523,415,1003,1007,1111,899,0.475,0.5531529124675645,0.5685776912860119,0.5612655578448369,0.2524357397457888,0.6989016441559818,0.5292529252925292,0.48063555114200596,True
class__price_direction__equal_ensemble,price_direction,2010,0.5358208955223881,0.5358319282470365,0.5358115890049031,0.5344488188976378,0.5413758723828515,0.537890044576523,0.5372233400402414,0.5302879841112215,0.5337331334332833,543,534,473,460,1003,1007,1016,994,0.5,0.5531529124675645,0.5685776912860119,0.5612655578448369,0.2524357397457888,0.6989016441559818,0.5344488188976378,0.5302879841112215,True
class__price_direction__equal_ensemble,price_direction,2010,0.545273631840796,0.5451371803160528,0.5430568337271484,0.5513264129181085,0.4765702891326022,0.5112299465240642,0.5406824146981627,0.6137040714995035,0.5748837209302325,478,618,389,525,1003,1007,867,1143,0.525,0.5531529124675645,0.5685776912860119,0.5612655578448369,0.2524357397457888,0.6989016441559818,0.5406824146981627,0.4765702891326022,True
class__price_direction__equal_ensemble,price_direction,2010,0.5482587064676617,0.5479994970401605,0.5403288934828798,0.5639300134589502,0.41774675972083747,0.47995418098510884,0.5390686661404893,0.6782522343594836,0.6007036059806509,419,683,324,584,1003,1007,743,1267,0.55,0.5531529124675645,0.5685776912860119,0.5612655578448369,0.2524357397457888,0.6989016441559818,0.5390686661404893,0.41774675972083747,True
class__price_direction__equal_ensemble,price_direction,2010,0.536318407960199,0.5359205402659944,0.5167975105780829,0.5588723051409619,0.33599202392821537,0.41967621419676215,0.5266524520255863,0.7358490566037735,0.6139188069594035,337,741,266,666,1003,1007,603,1407,0.575,0.5531529124675645,0.5685776912860119,0.5612655578448369,0.2524357397457888,0.6989016441559818,0.5266524520255863,0.33599202392821537,False
class__price_direction__equal_ensemble,price_direction,2010,0.5303482587064676,0.5298315579577059,0.4961020033334006,0.5610766045548654,0.27018943170488535,0.36473755047106327,0.5206286836935167,0.7894736842105263,0.6274664561957379,271,795,212,732,1003,1007,483,1527,0.6,0.5531529124675645,0.5685776912860119,0.5612655578448369,0.2524357397457888,0.6989016441559818,0.5206286836935167,0.27018943170488535,False
class__price_direction__equal_ensemble,price_direction,2010,0.5318407960199005,0.5312161826338264,0.4802977734583975,0.5828877005347594,0.21734795613160518,0.3166303558460421,0.5201711491442543,0.8450844091360477,0.6439651910707529,218,851,156,785,1003,1007,374,1636,0.625,0.5531529124675645,0.5685776912860119,0.5612655578448369,0.2524357397457888,0.6989016441559818,0.5201711491442543,0.21734795613160518,False
class__price_direction__equal_ensemble,price_direction,2010,0.5194029850746269,0.5186763443532362,0.444986914032799,0.5682656826568265,0.1535393818544367,0.24175824175824176,0.5117883841288097,0.8838133068520357,0.6482155863073562,154,890,117,849,1003,1007,271,1739,0.65,0.5531529124675645,0.5685776912860119,0.5612655578448369,0.2524357397457888,0.6989016441559818,0.5117883841288097,0.1535393818544367,False
class__price_direction__forest,price_direction,2010,0.5288557213930348,0.5294944362542957,0.4751438724045959,0.516969696969697,0.8504486540378864,0.6430456087448172,0.5833333333333334,0.20854021847070506,0.30724213606437456,853,210,797,150,1003,1007,1650,360,0.35,0.5518293070450568,0.564409388724751,0.5679297757175346,0.2542991875203917,0.7044345952262511,0.516969696969697,0.20854021847070506,False
class__price_direction__forest,price_direction,2010,0.5338308457711443,0.5343824534341365,0.4953558007274773,0.5211267605633803,0.8115653040877367,0.6346978557504873,0.578125,0.2571996027805363,0.35601374570446737,814,259,748,189,1003,1007,1562,448,0.375,0.5518293070450568,0.564409388724751,0.5679297757175346,0.2542991875203917,0.7044345952262511,0.5211267605633803,0.2571996027805363,False
class__price_direction__forest,price_direction,2010,0.5323383084577115,0.5327503091519878,0.511619395022209,0.5221674876847291,0.7397806580259222,0.6122112211221122,0.5568760611205433,0.3257199602780536,0.41102756892230574,742,328,679,261,1003,1007,1421,589,0.4,0.5518293070450568,0.564409388724751,0.5679297757175346,0.2542991875203917,0.7044345952262511,0.5221674876847291,0.3257199602780536,False
class__price_direction__forest,price_direction,2010,0.5208955223880597,0.5211817378054515,0.5109243149673386,0.5154559505409583,0.6650049850448654,0.5807575097953853,0.5307262569832403,0.37735849056603776,0.4410911201392919,667,380,627,336,1003,1007,1294,716,0.425,0.5518293070450568,0.564409388724751,0.5679297757175346,0.2542991875203917,0.7044345952262511,0.5154559505409583,0.37735849056603776,False
class__price_direction__forest,price_direction,2010,0.5303482587064676,0.5305444144230664,0.5258396215193404,0.5245220282626767,0.6291126620139581,0.5720761559383499,0.5390334572490706,0.43197616683217477,0.4796030871003308,631,435,572,372,1003,1007,1203,807,0.45,0.5518293070450568,0.564409388724751,0.5679297757175346,0.2542991875203917,0.7044345952262511,0.5245220282626767,0.43197616683217477,True
class__price_direction__forest,price_direction,2010,0.5373134328358209,0.537410608294283,0.5362555707383294,0.5330915684496826,0.5862412761714856,0.5584045584045584,0.5424476295479603,0.4885799404170804,0.5141065830721003,588,492,515,415,1003,1007,1103,907,0.475,0.5518293070450568,0.564409388724751,0.5679297757175346,0.2542991875203917,0.7044345952262511,0.5330915684496826,0.4885799404170804,True
class__price_direction__forest,price_direction,2010,0.5497512437810945,0.5497445102626579,0.5497422165588826,0.5490981963927856,0.5463609172482552,0.5477261369315343,0.5503952569169961,0.5531281032770605,0.5517582961862308,548,557,450,455,1003,1007,998,1012,0.5,0.5518293070450568,0.564409388724751,0.5679297757175346,0.2542991875203917,0.7044345952262511,0.5490981963927856,0.5463609172482552,True
class__price_direction__forest,price_direction,2010,0.5646766169154229,0.5645451926247078,0.5627039627039627,0.573394495412844,0.4985044865403789,0.5333333333333333,0.5579964850615114,0.6305858987090367,0.5920745920745921,500,635,372,503,1003,1007,872,1138,0.525,0.5518293070450568,0.564409388724751,0.5679297757175346,0.2542991875203917,0.7044345952262511,0.5579964850615114,0.4985044865403789,True
class__price_direction__forest,price_direction,2010,0.5572139303482587,0.556960696856798,0.5497964533352662,0.57543391188251,0.42971086739780656,0.4920091324200913,0.5463917525773195,0.6842105263157895,0.607583774250441,431,689,318,572,1003,1007,749,1261,0.55,0.5518293070450568,0.564409388724751,0.5679297757175346,0.2542991875203917,0.7044345952262511,0.5463917525773195,0.42971086739780656,True
class__price_direction__forest,price_direction,2010,0.545771144278607,0.5453822247260205,0.5275245714874198,0.5735294117647058,0.34995014955134596,0.4346749226006192,0.5336194563662375,0.7408142999006951,0.6203742203742204,351,746,261,652,1003,1007,612,1398,0.575,0.5518293070450568,0.564409388724751,0.5679297757175346,0.2542991875203917,0.7044345952262511,0.5336194563662375,0.34995014955134596,False
class__price_direction__forest,price_direction,2010,0.5492537313432836,0.548754926877758,0.5187554967357846,0.5968063872255489,0.29810568295114653,0.3976063829787234,0.5334658714380385,0.7994041708043694,0.6399046104928457,299,805,202,704,1003,1007,501,1509,0.6,0.5518293070450568,0.564409388724751,0.5679297757175346,0.2542991875203917,0.7044345952262511,0.5334658714380385,0.29810568295114653,False
class__price_direction__forest,price_direction,2010,0.5447761194029851,0.5441713588133317,0.4980939221920727,0.6116751269035533,0.24027916251246262,0.345025053686471,0.5284653465346535,0.8480635551142006,0.6511627906976745,241,854,153,762,1003,1007,394,1616,0.625,0.5518293070450568,0.564409388724751,0.5679297757175346,0.2542991875203917,0.7044345952262511,0.5284653465346535,0.24027916251246262,False
class__price_direction__forest,price_direction,2010,0.5328358208955224,0.5321419059603711,0.4677247552166719,0.6052631578947368,0.18344965104685942,0.2815608263198164,0.5199296600234466,0.8808341608738828,0.6538886841135274,184,887,120,819,1003,1007,304,1706,0.65,0.5518293070450568,0.564409388724751,0.5679297757175346,0.2542991875203917,0.7044345952262511,0.5199296600234466,0.18344965104685942,False
class__price_direction__linear,price_direction,2010,0.5298507462686567,0.5304498619335638,0.48335246842709534,0.5180124223602485,0.8315054835493519,0.6383467278989667,0.5775,0.22939424031777558,0.3283582089552239,834,231,776,169,1003,1007,1610,400,0.35,0.5202601639077189,0.5517733802410488,0.5508529030584512,0.26766961574184817,0.7491340914793889,0.5180124223602485,0.22939424031777558,False
class__price_direction__linear,price_direction,2010,0.5318407960199005,0.532362693448948,0.49756340525571296,0.5202349869451697,0.7946161515453639,0.6287968441814595,0.5690376569037657,0.2701092353525323,0.36632996632996634,797,272,735,206,1003,1007,1532,478,0.375,0.5202601639077189,0.5517733802410488,0.5508529030584512,0.26766961574184817,0.7491340914793889,0.5202349869451697,0.2701092353525323,False
class__price_direction__linear,price_direction,2010,0.5422885572139303,0.5427322798238848,0.5185859360030657,0.52856159669649,0.765702891326022,0.6254071661237784,0.578096947935368,0.31976166832174774,0.4117647058823529,768,322,685,235,1003,1007,1453,557,0.4,0.5202601639077189,0.5517733802410488,0.5508529030584512,0.26766961574184817,0.7491340914793889,0.52856159669649,0.31976166832174774,False
class__price_direction__linear,price_direction,2010,0.5442786069651742,0.5446451113392692,0.5284730410410492,0.5316363636363637,0.7288135593220338,0.6148023549201009,0.5716535433070866,0.36047666335650447,0.44214372716199757,731,363,644,272,1003,1007,1375,635,0.425,0.5202601639077189,0.5517733802410488,0.5508529030584512,0.26766961574184817,0.7491340914793889,0.5316363636363637,0.36047666335650447,False
class__price_direction__linear,price_direction,2010,0.5497512437810945,0.5500039108097752,0.542502925612115,0.5388888888888889,0.6769690927218345,0.6000883782589483,0.568,0.423038728897716,0.4849174729652817,679,426,581,324,1003,1007,1260,750,0.45,0.5202601639077189,0.5517733802410488,0.5508529030584512,0.26766961574184817,0.7491340914793889,0.5388888888888889,0.423038728897716,True
class__price_direction__linear,price_direction,2010,0.5497512437810945,0.5499108434379087,0.5469160627166505,0.5420240137221269,0.6301096709870389,0.582757030889811,0.5604265402843602,0.46971201588877853,0.51107509454349,632,473,534,371,1003,1007,1166,844,0.475,0.5202601639077189,0.5517733802410488,0.5508529030584512,0.26766961574184817,0.7491340914793889,0.5420240137221269,0.46971201588877853,True
class__price_direction__linear,price_direction,2010,0.5522388059701493,0.5522746556754761,0.5521106507047386,0.5494716618635928,0.5702891326021934,0.5596868884540117,0.5552115583075335,0.5342601787487586,0.5445344129554656,572,538,469,431,1003,1007,1041,969,0.5,0.5202601639077189,0.5517733802410488,0.5508529030584512,0.26766961574184817,0.7491340914793889,0.5494716618635928,0.5342601787487586,True
class__price_direction__linear,price_direction,2010,0.5407960199004975,0.5407179652700291,0.5400490735307133,0.5431965442764579,0.5014955134596212,0.5215137376879212,0.5387453874538746,0.579940417080437,0.5585844093735055,503,584,423,500,1003,1007,926,1084,0.525,0.5202601639077189,0.5517733802410488,0.5508529030584512,0.26766961574184817,0.7491340914793889,0.5387453874538746,0.5014955134596212,True
class__price_direction__linear,price_direction,2010,0.527860696517413,0.527675662189202,0.523648985273372,0.5330073349633252,0.43469591226321036,0.47885777045579353,0.5243288590604027,0.6206554121151936,0.5684402000909504,436,625,382,567,1003,1007,818,1192,0.55,0.5202601639077189,0.5517733802410488,0.5508529030584512,0.26766961574184817,0.7491340914793889,0.5243288590604027,0.43469591226321036,True
class__price_direction__linear,price_direction,2010,0.5199004975124378,0.5195926619347518,0.5079691669302719,0.5273775216138329,0.36490528414755735,0.4313494401885681,0.5159574468085106,0.6742800397219464,0.5845888936719759,366,679,328,637,1003,1007,694,1316,0.575,0.5202601639077189,0.5517733802410488,0.5508529030584512,0.26766961574184817,0.7491340914793889,0.5159574468085106,0.36490528414755735,False
class__price_direction__linear,price_direction,2010,0.517910447761194,0.5174857750482416,0.4946760002168984,0.5295138888888888,0.3040877367896311,0.3863204559848005,0.5132496513249651,0.730883813306852,0.6030315444489963,305,736,271,698,1003,1007,576,1434,0.6,0.5202601639077189,0.5517733802410488,0.5508529030584512,0.26766961574184817,0.7491340914793889,0.5132496513249651,0.3040877367896311,False
class__price_direction__linear,price_direction,2010,0.5129353233830846,0.5124195437520607,0.47756460717188126,0.5247933884297521,0.25324027916251246,0.34162743779421656,0.5091743119266054,0.7715988083416088,0.613501776549546,254,777,230,749,1003,1007,484,1526,0.625,0.5202601639077189,0.5517733802410488,0.5508529030584512,0.26766961574184817,0.7491340914793889,0.5091743119266054,0.25324027916251246,False
class__price_direction__linear,price_direction,2010,0.5069651741293533,0.5063721447375846,0.45855811752374825,0.5147783251231527,0.20837487537387836,0.2966643009226402,0.5049875311720698,0.8043694141012909,0.6204519341248563,209,810,197,794,1003,1007,406,1604,0.65,0.5202601639077189,0.5517733802410488,0.5508529030584512,0.26766961574184817,0.7491340914793889,0.5049875311720698,0.20837487537387836,False
class__price_direction__xgb,price_direction,2010,0.5323383084577115,0.5330750548750967,0.45855265571124637,0.5180102915951973,0.9032901296111665,0.6584302325581395,0.6283524904214559,0.1628599801390268,0.2586750788643533,906,164,843,97,1003,1007,1749,261,0.35,0.5543095734565437,0.5637788001467808,0.565192208874865,0.25059239082350576,0.6949561442168992,0.5180102915951973,0.1628599801390268,False
class__price_direction__xgb,price_direction,2010,0.5308457711442786,0.531486474043609,0.4769893007181143,0.5181598062953995,0.8534396809571286,0.6448210922787194,0.5893854748603352,0.20953326713008938,0.30915750915750917,856,211,796,147,1003,1007,1652,358,0.375,0.5543095734565437,0.5637788001467808,0.565192208874865,0.25059239082350576,0.6949561442168992,0.5181598062953995,0.20953326713008938,False
class__price_direction__xgb,price_direction,2010,0.5194029850746269,0.5199179026970726,0.4852133318627617,0.5121311475409837,0.7786640079760718,0.617879746835443,0.5422680412371134,0.2611717974180735,0.35254691689008044,781,263,744,222,1003,1007,1525,485,0.4,0.5543095734565437,0.5637788001467808,0.565192208874865,0.25059239082350576,0.6949561442168992,0.5121311475409837,0.2611717974180735,False
class__price_direction__xgb,price_direction,2010,0.5308457711442786,0.5312270734964917,0.5131698143350394,0.5215827338129496,0.7228315054835494,0.6059339740910991,0.5516129032258065,0.33962264150943394,0.4204056545789797,725,342,665,278,1003,1007,1390,620,0.425,0.5543095734565437,0.5637788001467808,0.565192208874865,0.25059239082350576,0.6949561442168992,0.5215827338129496,0.33962264150943394,False
class__price_direction__xgb,price_direction,2010,0.5293532338308458,0.52962067125337,0.5208347403255218,0.5223529411764706,0.6640079760717846,0.5847234416154522,0.5414965986394558,0.3952333664349553,0.4569460390355913,666,398,609,337,1003,1007,1275,735,0.45,0.5543095734565437,0.5637788001467808,0.565192208874865,0.25059239082350576,0.6949561442168992,0.5223529411764706,0.3952333664349553,False
class__price_direction__xgb,price_direction,2010,0.5427860696517413,0.5429298004694951,0.5404601046210231,0.5365217391304348,0.6151545363908275,0.5731537389688807,0.5511627906976744,0.47070506454816285,0.5077664702731655,617,474,533,386,1003,1007,1150,860,0.475,0.5543095734565437,0.5637788001467808,0.565192208874865,0.25059239082350576,0.6949561442168992,0.5365217391304348,0.47070506454816285,True
class__price_direction__xgb,price_direction,2010,0.5487562189054727,0.5487613623875147,0.548755213682068,0.5475247524752476,0.551345962113659,0.5494287133631396,0.55,0.5461767626613704,0.5480817140009965,553,550,457,450,1003,1007,1010,1000,0.5,0.5543095734565437,0.5637788001467808,0.565192208874865,0.25059239082350576,0.6949561442168992,0.5475247524752476,0.5461767626613704,True
class__price_direction__xgb,price_direction,2010,0.5611940298507463,0.5610774429442557,0.5596244131455399,0.5682074408117249,0.5024925224327019,0.5333333333333333,0.5556544968833482,0.6196623634558094,0.5859154929577465,504,624,383,499,1003,1007,887,1123,0.525,0.5543095734565437,0.5637788001467808,0.565192208874865,0.25059239082350576,0.6949561442168992,0.5556544968833482,0.5024925224327019,True
class__price_direction__xgb,price_direction,2010,0.5552238805970149,0.5549369765579131,0.5456347620988582,0.5762237762237762,0.4107676969092722,0.479627473806752,0.5436293436293437,0.6991062562065541,0.6116420503909644,412,704,303,591,1003,1007,715,1295,0.55,0.5543095734565437,0.5637788001467808,0.565192208874865,0.25059239082350576,0.6949561442168992,0.5436293436293437,0.4107676969092722,True
class__price_direction__xgb,price_direction,2010,0.5447761194029851,0.5443297713611895,0.5204166167956272,0.5794223826714802,0.3200398803589232,0.4123314065510597,0.5315934065934066,0.7686196623634558,0.6285018270401949,321,774,233,682,1003,1007,554,1456,0.575,0.5543095734565437,0.5637788001467808,0.565192208874865,0.25059239082350576,0.6949561442168992,0.5315934065934066,0.3200398803589232,False
class__price_direction__xgb,price_direction,2010,0.5283582089552239,0.5277781353060976,0.4842186297151655,0.5656324582338902,0.23629112662013957,0.3333333333333333,0.518541797611565,0.8192651439920556,0.6351039260969977,237,825,182,766,1003,1007,419,1591,0.6,0.5543095734565437,0.5637788001467808,0.565192208874865,0.25059239082350576,0.6949561442168992,0.518541797611565,0.23629112662013957,False
class__price_direction__xgb,price_direction,2010,0.5208955223880597,0.5201995800087326,0.4536864164602782,0.5662251655629139,0.17048853439680958,0.2620689655172414,0.5128805620608899,0.8699106256206555,0.6453038674033149,171,876,131,832,1003,1007,302,1708,0.625,0.5543095734565437,0.5637788001467808,0.565192208874865,0.25059239082350576,0.6949561442168992,0.5128805620608899,0.17048853439680958,False
class__price_direction__xgb,price_direction,2010,0.5194029850746269,0.5186050587067002,0.42677156241844383,0.592964824120603,0.11764705882352941,0.19633943427620631,0.51131971286582,0.9195630585898709,0.6572036905606813,118,926,81,885,1003,1007,199,1811,0.65,0.5543095734565437,0.5637788001467808,0.565192208874865,0.25059239082350576,0.6949561442168992,0.51131971286582,0.11764705882352941,False
class__weather_direction__equal_ensemble,weather_direction,2010,0.5467661691542288,0.547278224908195,0.5149216861485479,0.5302233902759527,0.8045862412761715,0.6392079207920792,0.5983606557377049,0.2899702085402185,0.3906354515050167,807,292,715,196,1003,1007,1522,488,0.35,0.5658731875202951,0.5460233676991725,0.5754454610349685,0.2605203868467255,0.7233850580248453,0.5302233902759527,0.2899702085402185,False
class__weather_direction__equal_ensemble,weather_direction,2010,0.5582089552238806,0.5586507607267572,0.5355460004309174,0.5396278428669883,0.7806580259222333,0.6381418092909535,0.6064400715563506,0.33664349553128103,0.4329501915708812,783,339,668,220,1003,1007,1451,559,0.375,0.5658731875202951,0.5460233676991725,0.5754454610349685,0.2605203868467255,0.7233850580248453,0.5396278428669883,0.33664349553128103,False
class__weather_direction__equal_ensemble,weather_direction,2010,0.5626865671641791,0.5630402734200576,0.5486059924758724,0.5455212922173275,0.7407776669990029,0.6283298097251586,0.5987654320987654,0.3853028798411122,0.4688821752265861,743,388,619,260,1003,1007,1362,648,0.4,0.5658731875202951,0.5460233676991725,0.5754454610349685,0.2605203868467255,0.7233850580248453,0.5455212922173275,0.3853028798411122,False
class__weather_direction__equal_ensemble,weather_direction,2010,0.5726368159203981,0.5729093751516058,0.5646049459207767,0.55625,0.7098703888334995,0.6237406920718354,0.6013698630136987,0.435948361469712,0.5054691997697179,712,439,568,291,1003,1007,1280,730,0.425,0.5658731875202951,0.5460233676991725,0.5754454610349685,0.2605203868467255,0.7233850580248453,0.55625,0.435948361469712,True
class__weather_direction__equal_ensemble,weather_direction,2010,0.572139303482587,0.5723316643911365,0.5681993267446636,0.5596330275229358,0.6689930209371885,0.6094459582198002,0.5906288532675709,0.4756703078450844,0.5269526952695269,671,479,528,332,1003,1007,1199,811,0.45,0.5658731875202951,0.5460233676991725,0.5754454610349685,0.2605203868467255,0.7233850580248453,0.5596330275229358,0.4756703078450844,True
class__weather_direction__equal_ensemble,weather_direction,2010,0.572139303482587,0.5722465176466628,0.570946053279535,0.564240790655885,0.6261216350947159,0.5935727788279773,0.5819397993311036,0.5183714001986097,0.5483193277310925,628,522,485,375,1003,1007,1113,897,0.475,0.5658731875202951,0.5460233676991725,0.5754454610349685,0.2605203868467255,0.7233850580248453,0.564240790655885,0.5183714001986097,True
class__weather_direction__equal_ensemble,weather_direction,2010,0.5661691542288557,0.5661832773774012,0.5661536907827709,0.5642787046123651,0.5732801595214357,0.5687438180019783,0.5681130171543896,0.5590863952333665,0.5635635635635635,575,563,444,428,1003,1007,1019,991,0.5,0.5658731875202951,0.5460233676991725,0.5754454610349685,0.2605203868467255,0.7233850580248453,0.5642787046123651,0.5590863952333665,True
class__weather_direction__equal_ensemble,weather_direction,2010,0.5597014925373134,0.5596452945037776,0.5593217987627765,0.5622362869198312,0.5314057826520439,0.5463864684777038,0.5574387947269304,0.5878848063555114,0.5722571290478492,533,592,415,470,1003,1007,948,1062,0.525,0.5658731875202951,0.5460233676991725,0.5754454610349685,0.2605203868467255,0.7233850580248453,0.5574387947269304,0.5314057826520439,True
class__weather_direction__equal_ensemble,weather_direction,2010,0.56318407960199,0.5630377982239974,0.5607377538829152,0.572928821470245,0.48953140578265203,0.5279569892473118,0.5559410234171726,0.6365441906653426,0.5935185185185186,491,641,366,512,1003,1007,857,1153,0.55,0.5658731875202951,0.5460233676991725,0.5754454610349685,0.2605203868467255,0.7233850580248453,0.5559410234171726,0.48953140578265203,True
class__weather_direction__equal_ensemble,weather_direction,2010,0.5512437810945273,0.5510083453710368,0.5447532956685499,0.5658409387222947,0.43270189431704886,0.4903954802259887,0.5422365245374094,0.6693147964250248,0.5991111111111111,434,674,333,569,1003,1007,767,1243,0.575,0.5658731875202951,0.5460233676991725,0.5754454610349685,0.2605203868467255,0.7233850580248453,0.5422365245374094,0.43270189431704886,True
class__weather_direction__equal_ensemble,weather_direction,2010,0.5412935323383085,0.5409669699936932,0.5284278689709294,0.56,0.37686939182452645,0.4505363528009535,0.5318352059925093,0.70506454816286,0.6063193851409052,378,710,297,625,1003,1007,675,1335,0.6,0.5658731875202951,0.5460233676991725,0.5754454610349685,0.2605203868467255,0.7233850580248453,0.5318352059925093,0.37686939182452645,False
class__weather_direction__equal_ensemble,weather_direction,2010,0.5283582089552239,0.5279622898929824,0.5087064676616916,0.5454545454545454,0.32901296111665007,0.41044776119402987,0.5209964412811388,0.7269116186693148,0.6069651741293532,330,732,275,673,1003,1007,605,1405,0.625,0.5658731875202951,0.5460233676991725,0.5754454610349685,0.2605203868467255,0.7233850580248453,0.5209964412811388,0.32901296111665007,False
class__weather_direction__equal_ensemble,weather_direction,2010,0.5228855721393035,0.5224114152081987,0.4939033627665219,0.5418250950570342,0.28414755732801594,0.3727926749509483,0.5161725067385444,0.7606752730883813,0.6150140505820956,285,766,241,718,1003,1007,526,1484,0.65,0.5658731875202951,0.5460233676991725,0.5754454610349685,0.2605203868467255,0.7233850580248453,0.5161725067385444,0.28414755732801594,False
class__weather_direction__forest,weather_direction,2010,0.5218905472636816,0.5223510204243278,0.495100413489605,0.5142857142857142,0.7537387836490529,0.61140315406389,0.5425925925925926,0.29096325719960275,0.37879767291531996,756,293,714,247,1003,1007,1470,540,0.35,0.5503583011246667,0.5291902018506531,0.552892464612122,0.26546306503049444,0.7344785683941256,0.5142857142857142,0.29096325719960275,False
class__weather_direction__forest,weather_direction,2010,0.5283582089552239,0.5287305907500933,0.511443445299552,0.5199131064446053,0.715852442671984,0.6023489932885906,0.5468998410174881,0.3416087388282026,0.42053789731051344,718,344,663,285,1003,1007,1381,629,0.375,0.5503583011246667,0.5291902018506531,0.552892464612122,0.26546306503049444,0.7344785683941256,0.5199131064446053,0.3416087388282026,False
class__weather_direction__forest,weather_direction,2010,0.5373134328358209,0.5375809017832303,0.5289390153305868,0.5286274509803922,0.6719840478564307,0.591747146619842,0.5523809523809524,0.4031777557100298,0.4661308840413318,674,406,601,329,1003,1007,1275,735,0.4,0.5503583011246667,0.5291902018506531,0.552892464612122,0.26546306503049444,0.7344785683941256,0.5286274509803922,0.4031777557100298,True
class__weather_direction__forest,weather_direction,2010,0.5422885572139303,0.5424491173945889,0.5393697845310748,0.5355612682090831,0.6231306081754736,0.576036866359447,0.5516014234875445,0.4617676266137041,0.5027027027027027,625,465,542,378,1003,1007,1167,843,0.425,0.5503583011246667,0.5291902018506531,0.552892464612122,0.26546306503049444,0.7344785683941256,0.5355612682090831,0.4617676266137041,True
class__weather_direction__forest,weather_direction,2010,0.5422885572139303,0.5423600103364188,0.5417327517842982,0.5385329619312906,0.5782652043868395,0.5576923076923077,0.5466237942122186,0.506454816285998,0.5257731958762887,580,510,497,423,1003,1007,1077,933,0.45,0.5503583011246667,0.5291902018506531,0.552892464612122,0.26546306503049444,0.7344785683941256,0.5385329619312906,0.506454816285998,True
class__weather_direction__forest,weather_direction,2010,0.5402985074626866,0.5402531234499084,0.5400361979654247,0.5411887382690302,0.5174476570289133,0.5290519877675841,0.5394862036156042,0.5630585898709036,0.5510204081632653,519,567,440,484,1003,1007,959,1051,0.475,0.5503583011246667,0.5291902018506531,0.552892464612122,0.26546306503049444,0.7344785683941256,0.5394862036156042,0.5174476570289133,True
class__weather_direction__forest,weather_direction,2010,0.5417910447761194,0.5416456687534219,0.5392591998952687,0.5477855477855478,0.46859421734795614,0.5051047823750672,0.5373263888888888,0.6146971201588878,0.5734136174154701,470,619,388,533,1003,1007,858,1152,0.5,0.5503583011246667,0.5291902018506531,0.552892464612122,0.26546306503049444,0.7344785683941256,0.5373263888888888,0.46859421734795614,True
class__weather_direction__forest,weather_direction,2010,0.5432835820895522,0.543034253743239,0.5358719624588488,0.5564409030544488,0.41774675972083747,0.4772209567198178,0.5354017501988863,0.6683217477656405,0.5945229681978799,419,673,334,584,1003,1007,753,1257,0.525,0.5503583011246667,0.5291902018506531,0.552892464612122,0.26546306503049444,0.7344785683941256,0.5354017501988863,0.41774675972083747,True
class__weather_direction__forest,weather_direction,2010,0.5412935323383085,0.5409412279546663,0.5262652558733067,0.5624036979969184,0.36390827517447655,0.44188861985472155,0.5312270389419544,0.717974180734856,0.6106418918918919,365,723,284,638,1003,1007,649,1361,0.55,0.5503583011246667,0.5291902018506531,0.552892464612122,0.26546306503049444,0.7344785683941256,0.5312270389419544,0.36390827517447655,False
class__weather_direction__forest,weather_direction,2010,0.5308457711442786,0.5304132290318716,0.5073451302821999,0.5528169014084507,0.31306081754735793,0.39974538510502866,0.5221914008321775,0.7477656405163853,0.6149448754593712,314,753,254,689,1003,1007,568,1442,0.575,0.5503583011246667,0.5291902018506531,0.552892464612122,0.26546306503049444,0.7344785683941256,0.5221914008321775,0.31306081754735793,False
class__weather_direction__forest,weather_direction,2010,0.5318407960199005,0.5313310317310234,0.4986735354620202,0.563265306122449,0.27517447657028915,0.3697253851306095,0.5217105263157895,0.7874875868917577,0.6276216857934309,276,793,214,727,1003,1007,490,1520,0.6,0.5503583011246667,0.5291902018506531,0.552892464612122,0.26546306503049444,0.7344785683941256,0.5217105263157895,0.27517447657028915,False
class__weather_direction__forest,weather_direction,2010,0.5373134328358209,0.5367333946521904,0.4940119468724725,0.5871121718377088,0.2452642073778664,0.3459915611814346,0.524198617221873,0.8282025819265144,0.6420323325635104,246,834,173,757,1003,1007,419,1591,0.625,0.5503583011246667,0.5291902018506531,0.552892464612122,0.26546306503049444,0.7344785683941256,0.524198617221873,0.2452642073778664,False
class__weather_direction__forest,weather_direction,2010,0.5378109452736318,0.5371744745901323,0.48475404068624406,0.6022099447513812,0.21734795613160518,0.3194139194139194,0.5236650485436893,0.8570009930486594,0.6500941619585687,218,863,144,785,1003,1007,362,1648,0.65,0.5503583011246667,0.5291902018506531,0.552892464612122,0.26546306503049444,0.7344785683941256,0.5236650485436893,0.21734795613160518,False
class__weather_direction__linear,weather_direction,2010,0.56318407960199,0.5636041230825893,0.5430417688585443,0.5437368789363191,0.7746759720837487,0.6389802631578947,0.6110154905335629,0.35253227408143,0.44710327455919396,777,355,652,226,1003,1007,1429,581,0.35,0.5563496313372862,0.558075224625759,0.5773602727072011,0.2967319081476332,0.9026512528258895,0.5437368789363191,0.35253227408143,False
class__weather_direction__linear,weather_direction,2010,0.5661691542288557,0.5665416857669296,0.5506104264780689,0.5474293989862419,0.7537387836490529,0.6342281879194631,0.6073131955484896,0.37934458788480635,0.4669926650366748,756,382,625,247,1003,1007,1381,629,0.375,0.5563496313372862,0.558075224625759,0.5773602727072011,0.2967319081476332,0.9026512528258895,0.5474293989862419,0.37934458788480635,False
class__weather_direction__linear,weather_direction,2010,0.572139303482587,0.5724702753705121,0.5601387931832964,0.5533980582524272,0.7387836490528414,0.6327924850555081,0.6095380029806259,0.40615690168818275,0.48748510131108463,741,409,598,262,1003,1007,1339,671,0.4,0.5563496313372862,0.558075224625759,0.5773602727072011,0.2967319081476332,0.9026512528258895,0.5533980582524272,0.40615690168818275,True
class__weather_direction__linear,weather_direction,2010,0.5696517412935324,0.5699381498008457,0.5606952569540476,0.5533230293663061,0.7138584247258225,0.6234218545929473,0.5991620111731844,0.4260178748758689,0.497968659315148,716,429,578,287,1003,1007,1294,716,0.425,0.5563496313372862,0.558075224625759,0.5773602727072011,0.2967319081476332,0.9026512528258895,0.5533230293663061,0.4260178748758689,True
class__weather_direction__linear,weather_direction,2010,0.5691542288557214,0.5693941017067962,0.5629227871939737,0.5549318364073778,0.6899302093718843,0.6151111111111112,0.5923984272608126,0.44885799404170806,0.5107344632768361,692,452,555,311,1003,1007,1247,763,0.45,0.5563496313372862,0.558075224625759,0.5773602727072011,0.2967319081476332,0.9026512528258895,0.5549318364073778,0.44885799404170806,True
class__weather_direction__linear,weather_direction,2010,0.5716417910447761,0.5718410805319889,0.5674014666670333,0.5588723051409619,0.6719840478564307,0.6102308736985061,0.5907960199004975,0.4716981132075472,0.5245720596355604,674,475,532,329,1003,1007,1206,804,0.475,0.5563496313372862,0.558075224625759,0.5773602727072011,0.2967319081476332,0.9026512528258895,0.5588723051409619,0.4716981132075472,True
class__weather_direction__linear,weather_direction,2010,0.5716417910447761,0.5717955369244798,0.5691453487460201,0.5612068965517242,0.6490528414755733,0.6019417475728155,0.5858823529411765,0.4945382323733863,0.5363489499192245,651,498,509,352,1003,1007,1160,850,0.5,0.5563496313372862,0.558075224625759,0.5773602727072011,0.2967319081476332,0.9026512528258895,0.5612068965517242,0.4945382323733863,True
class__weather_direction__linear,weather_direction,2010,0.5711442786069652,0.5712514888304303,0.5699482534034408,0.5633423180592992,0.6251246261216351,0.5926275992438563,0.5808249721293199,0.5173783515392254,0.5472689075630253,627,521,486,376,1003,1007,1113,897,0.525,0.5563496313372862,0.558075224625759,0.5773602727072011,0.2967319081476332,0.9026512528258895,0.5633423180592992,0.5173783515392254,True
class__weather_direction__linear,weather_direction,2010,0.5651741293532339,0.5652238913844365,0.5649260140928367,0.5611374407582939,0.5902293120638086,0.5753158406219631,0.5696335078534032,0.5402184707050646,0.5545361875637105,592,544,463,411,1003,1007,1055,955,0.55,0.5563496313372862,0.558075224625759,0.5773602727072011,0.2967319081476332,0.9026512528258895,0.5611374407582939,0.5402184707050646,True
class__weather_direction__linear,weather_direction,2010,0.5661691542288557,0.5661634758089189,0.566162281722242,0.5655655655655656,0.5633100697906281,0.5644355644355644,0.5667655786350149,0.5690168818272096,0.5678889990089198,565,573,434,438,1003,1007,999,1011,0.575,0.5563496313372862,0.558075224625759,0.5773602727072011,0.2967319081476332,0.9026512528258895,0.5655655655655656,0.5633100697906281,True
class__weather_direction__linear,weather_direction,2010,0.5696517412935324,0.5695995429797994,0.5693292792430162,0.5724789915966386,0.543369890329013,0.5575447570332481,0.5671077504725898,0.5958291956305859,0.5811138014527845,545,600,407,458,1003,1007,952,1058,0.6,0.5563496313372862,0.558075224625759,0.5773602727072011,0.2967319081476332,0.9026512528258895,0.5671077504725898,0.543369890329013,True
class__weather_direction__linear,weather_direction,2010,0.5567164179104478,0.5565948628790887,0.5549953720671641,0.5634920634920635,0.4955134596211366,0.5273209549071618,0.5514184397163121,0.6176762661370407,0.5826697892271663,497,622,385,506,1003,1007,882,1128,0.625,0.5563496313372862,0.558075224625759,0.5773602727072011,0.2967319081476332,0.9026512528258895,0.5514184397163121,0.4955134596211366,True
class__weather_direction__linear,weather_direction,2010,0.5587064676616915,0.5585354165903481,0.5553357983277112,0.5697115384615384,0.47258225324027914,0.5166212534059945,0.5509337860780985,0.6444885799404171,0.594050343249428,474,649,358,529,1003,1007,832,1178,0.65,0.5563496313372862,0.558075224625759,0.5773602727072011,0.2967319081476332,0.9026512528258895,0.5509337860780985,0.47258225324027914,True
class__weather_direction__xgb,weather_direction,2010,0.5144278606965174,0.5150635481836516,0.45964467704172984,0.5081967213114754,0.8344965104685942,0.6316981132075472,0.5426997245179064,0.19563058589870905,0.2875912408759124,837,197,810,166,1003,1007,1647,363,0.35,0.5525117633586785,0.5341484561994428,0.5597487576990974,0.2568873759951394,0.7106071794618625,0.5081967213114754,0.19563058589870905,False
class__weather_direction__xgb,weather_direction,2010,0.5333333333333333,0.5338641473791139,0.4978939765812752,0.5210902011680727,0.8005982053838484,0.6312893081761006,0.5735607675906184,0.2671300893743793,0.36449864498644985,803,269,738,200,1003,1007,1541,469,0.375,0.5525117633586785,0.5341484561994428,0.5597487576990974,0.2568873759951394,0.7106071794618625,0.5210902011680727,0.2671300893743793,False
class__weather_direction__xgb,weather_direction,2010,0.545771144278607,0.5461723073084619,0.526746716022499,0.5319148936170213,0.7477567298105683,0.6216328222130129,0.5783333333333334,0.3445878848063555,0.43186060983198504,750,347,660,253,1003,1007,1410,600,0.4,0.5525117633586785,0.5341484561994428,0.5597487576990974,0.2568873759951394,0.7106071794618625,0.5319148936170213,0.3445878848063555,False
class__weather_direction__xgb,weather_direction,2010,0.5587064676616915,0.558984912194895,0.5500369864766539,0.5451010886469674,0.6989032901296112,0.6124945391000437,0.5828729281767956,0.41906653426017876,0.487579433853264,701,422,585,302,1003,1007,1286,724,0.425,0.5525117633586785,0.5341484561994428,0.5597487576990974,0.2568873759951394,0.7106071794618625,0.5451010886469674,0.41906653426017876,True
class__weather_direction__xgb,weather_direction,2010,0.5696517412935324,0.5698153800762559,0.566802897498487,0.558974358974359,0.6520438683948155,0.601932811780948,0.5845238095238096,0.48758689175769615,0.531672983216026,654,491,516,349,1003,1007,1170,840,0.45,0.5525117633586785,0.5341484561994428,0.5597487576990974,0.2568873759951394,0.7106071794618625,0.558974358974359,0.48758689175769615,True
class__weather_direction__xgb,weather_direction,2010,0.5611940298507463,0.5612358554921135,0.5610201807601832,0.5577841451766953,0.5822532402791625,0.5697560975609756,0.564901349948079,0.5402184707050646,0.5522842639593909,584,544,463,419,1003,1007,1047,963,0.475,0.5525117633586785,0.5341484561994428,0.5597487576990974,0.2568873759951394,0.7106071794618625,0.5577841451766953,0.5402184707050646,True
class__weather_direction__xgb,weather_direction,2010,0.5432835820895522,0.5432302892712132,0.5429287950053555,0.544689800210305,0.5164506480558325,0.5301944728761515,0.5420207743153919,0.5700099304865939,0.5556631171345595,518,574,433,485,1003,1007,951,1059,0.5,0.5525117633586785,0.5341484561994428,0.5597487576990974,0.2568873759951394,0.7106071794618625,0.5420207743153919,0.5164506480558325,True
class__weather_direction__xgb,weather_direction,2010,0.5427860696517413,0.5426307967854134,0.5399070294327091,0.5495283018867925,0.4646061814556331,0.5035116153430578,0.5378657487091222,0.6206554121151936,0.5763024435223605,466,625,382,537,1003,1007,848,1162,0.525,0.5525117633586785,0.5341484561994428,0.5597487576990974,0.2568873759951394,0.7106071794618625,0.5378657487091222,0.4646061814556331,True
class__weather_direction__xgb,weather_direction,2010,0.5393034825870647,0.5390541384783089,0.5318272736785338,0.5511288180610889,0.4137587238285145,0.47266514806378135,0.5322195704057279,0.6643495531281033,0.5909893992932862,415,669,338,588,1003,1007,753,1257,0.55,0.5525117633586785,0.5341484561994428,0.5597487576990974,0.2568873759951394,0.7106071794618625,0.5322195704057279,0.4137587238285145,True
class__weather_direction__xgb,weather_direction,2010,0.5243781094527363,0.5240277182355615,0.5089748870792494,0.5360983102918587,0.34795613160518446,0.42200725513905685,0.5187637969094923,0.7000993048659384,0.5959425190194421,349,705,302,654,1003,1007,651,1359,0.575,0.5525117633586785,0.5341484561994428,0.5597487576990974,0.2568873759951394,0.7106071794618625,0.5187637969094923,0.34795613160518446,False
class__weather_direction__xgb,weather_direction,2010,0.5218905472636816,0.5214302474899037,0.4946089898747021,0.5388888888888889,0.2901296111665005,0.3771872974724563,0.5156462585034014,0.7527308838133069,0.6120306822769479,291,758,249,712,1003,1007,540,1470,0.6,0.5525117633586785,0.5341484561994428,0.5597487576990974,0.2568873759951394,0.7106071794618625,0.5156462585034014,0.2901296111665005,False
class__weather_direction__xgb,weather_direction,2010,0.5223880597014925,0.5217842005265236,0.47358599895895737,0.5544303797468354,0.21834496510468593,0.3133047210300429,0.5145510835913313,0.8252234359483615,0.6338672768878718,219,831,176,784,1003,1007,395,1615,0.625,0.5525117633586785,0.5341484561994428,0.5597487576990974,0.2568873759951394,0.7106071794618625,0.5145510835913313,0.21834496510468593,False
class__weather_direction__xgb,weather_direction,2010,0.5248756218905473,0.5241480127640911,0.45107581476443204,0.5888888888888889,0.1585244267198405,0.2498036135113904,0.5149425287356322,0.8897715988083416,0.6523480160174736,159,896,111,844,1003,1007,270,1740,0.65,0.5525117633586785,0.5341484561994428,0.5597487576990974,0.2568873759951394,0.7106071794618625,0.5149425287356322,0.1585244267198405,False
