feature,is_cot_feature,is_weather_feature,train_mean,test_mean,train_std,standardized_mean_diff,abs_standardized_mean_diff,corr_with_target_train,corr_with_target_test,corr_with_abs_error_test,corr_with_signed_error_test,missing_rate_train,missing_rate_test
Pct_of_OI_Swap_Short_All,True,False,4.755373831775701,14.183720930232557,3.326938738874213,2.8339406999863392,2.8339406999863392,-0.032367556219803986,-0.06083549888536655,-0.049599030686524596,0.009478281136287315,0.7740232312565998,0.6570289132602194
swap_dealer_net,True,False,29771.71105919003,3332.095930232558,11016.06513781836,-2.400096114009872,2.400096114009872,0.030626017825863463,0.06912382512376784,0.024436985862488596,-0.0027601411641024584,0.7740232312565998,0.6570289132602194
Traders_Swap_Short_Old,True,False,9.293469041560645,18.088757396449704,3.6919197448013876,2.3823075697335385,2.3823075697335385,0.013641232655579686,-0.011513915332292924,0.0018628703799830092,0.039027438395905854,0.7925026399155227,0.6630109670987039
Pct_of_OI_Swap_Short_Old,True,False,5.525233644859813,15.134011627906977,4.064888957508165,2.3638475942372317,2.3638475942372317,-0.007535772555652534,-0.048543251092457315,-0.0451643403061966,0.018367095463316194,0.7740232312565998,0.6570289132602194
Traders_Swap_Short_All,True,False,9.857859531772576,17.898255813953487,3.531310769288059,2.276887197838416,2.276887197838416,0.0012580070366937487,-0.06361485637697743,0.0345065681367953,0.006569637395770431,0.789510735656459,0.6570289132602194
Swap__Positions_Short_All,True,False,9194.032710280373,26342.34011627907,8737.827321467652,1.9625367697376717,1.9625367697376717,0.016276044298692366,-0.019401296640554733,-0.050575456987857155,0.04919039068781498,0.7740232312565998,0.6570289132602194
Pct_of_OI_NonComm_Spread_All,True,False,13.122439690487028,22.920637329286798,5.197344036353032,1.8852316818486294,1.8852316818486294,-0.007204959864968981,0.006347995155893386,0.023500810818295376,0.006128508570696464,0.22668074621612108,0.34297108673978066
Pct_of_OI_Comm_Long_All,True,False,51.39547109695039,40.694992412746586,5.903514752012719,-1.812560675071681,1.812560675071681,0.023931571817108626,-0.04365604248485278,-0.06594191397649109,-0.07836555219531373,0.22668074621612108,0.34297108673978066
Pct_of_OI_M_Money_Long_Other,True,False,12.146728971962618,25.622093023255815,7.969111073573261,1.6909494580869222,1.6909494580869222,0.04523705039307985,-0.020215372889738226,-0.130754422153419,0.045018657489429896,0.7740232312565998,0.6570289132602194
Swap_Positions_Short_Old,True,False,7907.626168224299,19866.97965116279,7398.902899259728,1.616368486757009,1.616368486757009,0.028560734704955296,0.04176274254651763,-0.014990418462308502,0.08074651566624794,0.7740232312565998,0.6570289132602194
Pct_of_OI_Other_Rept_Long_Other,True,False,10.908333333333333,19.30377906976744,5.234844943723474,1.6037620649108548,1.6037620649108548,-0.08246331084442818,0.10682748377252473,-0.023197163930595694,0.025697549950394544,0.7740232312565998,0.6570289132602194
Traders_Swap_Short_Other,True,False,7.2209737827715355,12.819767441860465,3.6292380051336126,1.5426912346804895,1.5426912346804895,-0.00675384635545023,-0.06220890612751577,0.007206943761798359,-0.006430303356918763,0.8120380147835269,0.6570289132602194
Other_Rept_Positions_Short_ALL,True,False,6133.063084112149,9957.816860465116,2678.429578489832,1.4279836987573378,1.4279836987573378,-0.043217762883989,0.0981811843985965,0.026293205182860973,0.13549779985245744,0.7740232312565998,0.6570289132602194
Pct_of_OI_NonComm_Long_Other,True,False,25.31024123805189,44.747192716236725,13.902049947706594,1.3981356383625514,1.3981356383625514,0.016750275521102673,0.023200155167168342,-0.01077099853776359,0.04203128637789645,0.22668074621612108,0.34297108673978066
weather_colombia_huila_soil_temperature_0_to_100cm_mean_roll20,False,True,25.57792750162774,29.011789631106677,2.49557682074551,1.3759793330878627,1.3759793330878627,0.030844113810741137,0.09065622189527804,0.005003137446556617,0.09402542380106718,0.0015839493136219642,0.0
weather_colombia_huila_soil_temperature_0_to_100cm_mean_roll5,False,True,25.584547028105384,29.049292123629115,2.5348915075772425,1.3668218482593797,1.3668218482593797,0.03228444868264476,0.06936165404625318,0.003189653857904242,0.07196294185106034,0.00017599436818021823,0.0
weather_colombia_huila_soil_temperature_0_to_100cm_mean,False,True,25.58699401619148,29.056829511465605,2.543997939513028,1.3639301515858624,1.3639301515858624,0.030738181018782555,0.05920498372643376,0.003548819755341945,0.06229164263034089,0.0,0.0
Pct_of_OI_Prod_Merc_Long_Other,True,False,46.14797507788161,26.945348837209306,14.166490401656853,-1.355496364747224,1.355496364747224,0.022795317198974503,0.05269789201208249,0.1765729141458297,0.06364542481052426,0.7740232312565998,0.6570289132602194
Other_Rept_Positions_Short_Old,True,False,7085.16199376947,12051.973837209302,3664.7045294054915,1.3553103131742996,1.3553103131742996,-0.04589937656615502,0.14870075961071197,0.02332439064622392,0.1470851645958259,0.7740232312565998,0.6570289132602194
Pct_of_OI_M_Money_Spread_All,True,False,8.255218068535827,13.07441860465116,3.653110766025974,1.3192046025360153,1.3192046025360153,0.14635072681505312,0.1156446519047548,0.08074743271329621,0.1147965866826618,0.7740232312565998,0.6570289132602194
Traders_M_Money_Spread_All,True,False,37.05529595015577,56.64825581395349,14.945290564082292,1.310978851818718,1.310978851818718,0.07309615028731001,0.12735736227923408,-0.05018351513029877,0.05551478272825128,0.7740232312565998,0.6570289132602194
Pct_of_OI_Other_Rept_Short_Old,True,False,5.352492211838006,9.202906976744186,3.020824324342006,1.2746238614007703,1.2746238614007703,-0.0845266583507683,0.08479811001257449,0.06691701366761567,0.11478921578740323,0.7740232312565998,0.6570289132602194
Pct_of_OI_Other_Rept_Short_All,True,False,3.503504672897196,5.427616279069767,1.5975073697947952,1.204446153146529,1.204446153146529,-0.09284170401328268,0.053923232861329835,0.013900769930746938,0.09181513386681445,0.7740232312565998,0.6570289132602194
Swap_Positions_Short_Other,True,False,2882.461059190031,7528.156976744186,3941.2791239067587,1.1787279640699868,1.1787279640699868,-0.03880769219964587,-0.08504218108012929,-0.06368912840162975,-0.03684199292721546,0.7740232312565998,0.6570289132602194
Swap_Positions_Long_All,True,False,38965.743769470406,29674.43604651163,7897.518525624857,-1.176484447970781,1.176484447970781,0.06072736268792534,0.13575754790772274,-0.03108312163254673,0.08215584228500493,0.7740232312565998,0.6570289132602194
Pct_of_OI_Other_Rept_Spread_All,True,False,7.180919003115266,9.811627906976744,2.2377374366112472,1.1756110707274636,1.1756110707274636,-0.03944935962262999,0.10533697833526848,0.08849408365402592,0.0781823185419318,0.7740232312565998,0.6570289132602194
Pct_of_OI_M_Money_Spread_Other,True,False,1.8608255451713398,4.752906976744186,2.4879913494087456,1.1624161925885033,1.1624161925885033,-0.00532797928468873,-0.07538146890941955,-0.014558588460003012,-0.05697625931953154,0.7740232312565998,0.6570289132602194
NonComm_Positions_Long_All,True,False,38384.50022758307,61130.55993930197,20005.438668719762,1.136993798955498,1.136993798955498,0.014451641955431728,0.08223199358125882,0.012272096470289231,0.10506572307503882,0.22668074621612108,0.34297108673978066
Traders_Swap_Spread_All,True,False,12.623853211009175,17.546511627906977,4.330787962071682,1.1366657661399318,1.1366657661399318,0.009709339219647237,-0.02557065222520051,0.028957512250573775,0.0023722391052397244,0.7889827525519183,0.6570289132602194
Pct_of_OI_Comm_Long_Other,True,False,57.93557123350023,41.99210925644916,14.173393494006453,-1.1248867100030155,1.1248867100030155,-0.04244789931620467,-0.01817158877436391,-0.006998497023231626,-0.03372821638392129,0.22668074621612108,0.34297108673978066
NonComm_Postions_Spread_All,False,False,22693.63245334547,44381.758725341424,19578.082400984844,1.1077758192960188,1.1077758192960188,0.0024923368978032943,0.06873716580580479,-0.009432450513188147,0.06498518124854077,0.22668074621612108,0.34297108673978066
M_Money_Positions_Long_ALL,True,False,34486.24143302181,46780.5523255814,11237.179016425722,1.0940744892102034,1.0940744892102034,-0.037152477454651264,0.020680969488054743,-0.11583247544073998,0.0900820116875623,0.7740232312565998,0.6570289132602194
Traders_NonComm_Spread_All,True,False,69.90942193900774,100.94081942336874,29.947620826292894,1.0361890737282404,1.0361890737282404,-0.016916524704868242,-0.05763389130176971,0.05052685478527922,-0.0673486161647228,0.22668074621612108,0.34297108673978066
weather_colombia_huila_temperature_2m_mean_roll20,False,True,25.49841530360188,27.21702891326022,1.6971850992268116,1.0126259124248076,1.0126259124248076,0.029744843528954165,0.0592243408997596,-0.05447737005051509,0.05128170627703305,0.0015839493136219642,0.0
noncommercial_net,True,False,8505.489303595812,34784.80728376328,25967.02205824118,1.0120266359856684,1.0120266359856684,-0.0003746738548456595,0.020648103556010038,0.03731133350148284,0.04391507330692309,0.22668074621612108,0.34297108673978066
weather_colombia_huila_temperature_2m_max_roll20,False,True,29.9828178437804,32.27010468594217,2.2611970791094227,1.01153803146722,1.01153803146722,0.02791724058483544,0.0562652776299813,-0.058173019243606024,0.04966998555210993,0.0015839493136219642,0.0
Traders_M_Money_Spread_Old,True,False,29.24940428911835,44.723837209302324,15.312943470187502,1.0105459443712357,1.0105459443712357,0.08594965764573688,0.09479215761759181,0.009284545611429218,0.040101120948166896,0.7784230904611052,0.6570289132602194
Pct_of_OI_Swap_Long_All,True,False,22.737305295950158,15.579360465116277,7.1305870234344395,-1.003836683755423,1.003836683755423,-0.03596461037055373,0.07619228160063475,-0.048000412939914354,0.020477398250751663,0.7740232312565998,0.6570289132602194
weather_colombia_huila_temperature_2m_min_roll20,False,True,21.56766173710224,22.82622133599202,1.2644866926798985,0.9953126483462168,0.9953126483462168,0.02925681514027464,0.05029057788912699,-0.053655825949724456,0.04146040975623347,0.0015839493136219642,0.0
weather_colombia_huila_shortwave_radiation_sum_roll20,False,True,18.50489222597835,20.073647557328016,1.5812325745789697,0.992109166336505,0.992109166336505,0.019964272755378796,0.05524454537626662,-0.004065301526852956,0.05447405007443617,0.0015839493136219642,0.0
Pct_of_OI_NonComm_Spread_Old,True,False,8.369663177059627,14.266009104704096,5.974574440526359,0.9869064292928958,0.9869064292928958,-0.04026524029057521,-0.04623342372244072,-0.0012246812950078105,-0.012382372234437573,0.22668074621612108,0.34297108673978066
NonComm_Positions_Long_Old,True,False,35788.642467000456,55924.31714719272,20759.22872065716,0.9699625622485479,0.9699625622485479,-0.010947434467469031,0.025376328808063953,0.04113262533940268,0.060803192052224994,0.22668074621612108,0.34297108673978066
Pct_of_OI_M_Money_Long_All,True,False,19.342523364485984,24.867732558139537,5.765277459156609,0.9583596336509751,0.9583596336509751,-0.13151229181697677,-0.03910795229500977,-0.11886378286168053,0.038985608405323356,0.7740232312565998,0.6570289132602194
Traders_Prod_Merc_Long_All,True,False,94.56542056074767,79.11337209302326,16.414674742441708,-0.9413557508862277,0.9413557508862277,0.02580798548703633,0.06431207541310034,0.028306709847078965,-0.00791918896836167,0.7740232312565998,0.6570289132602194
commercial_net,True,False,-12836.896222121075,-36540.82701062215,25402.911707829015,-0.9331186543153508,0.9331186543153508,0.0013779734328731935,-0.021161621459866952,-0.03787064169409687,-0.044330725403016996,0.22668074621612108,0.34297108673978066
Traders_Other_Rept_Long_All,True,False,65.44003115264798,45.27906976744186,21.731486550977564,-0.9277304310458779,0.9277304310458779,0.12733126208421824,-0.023784094065343656,-0.04587272458991252,-0.053048568170759765,0.7740232312565998,0.6570289132602194
Traders_M_Money_Long_All,True,False,63.18457943925234,81.5436046511628,19.965310029585627,0.9195462121402125,0.9195462121402125,-0.05431543457851293,-0.04353073867357968,-0.15637121368228254,0.022261956817893933,0.7740232312565998,0.6570289132602194
weather_colombia_huila_temperature_2m_mean_roll5,False,True,25.502905885114124,27.224027916251245,1.872686049388921,0.9190659756870313,0.9190659756870313,0.03399740245663926,0.018876146223396284,-0.06002997922052362,0.014192496965140914,0.00017599436818021823,0.0
Pct_of_OI_Swap_Long_Old,True,False,23.711993769470403,15.274127906976744,9.194044604702443,-0.9177534181396049,0.9177534181396049,-0.04583935396134962,0.1571410927616026,0.01681142991983816,0.11140607462555993,0.7740232312565998,0.6570289132602194
weather_colombia_huila_temperature_2m_min_roll5,False,True,21.56976793991668,22.840079760717845,1.4124816815160093,0.8993474658288992,0.8993474658288992,0.02912827518896029,-0.008048613208998077,-0.05703264706694459,-0.007927358938503225,0.00017599436818021823,0.0
weather_colombia_huila_temperature_2m_max_roll5,False,True,29.989354867100868,32.27000997008974,2.5511166210481275,0.8939830833965803,0.8939830833965803,0.032379090173933825,0.030907198357701674,-0.06299482792356047,0.026557394672527757,0.00017599436818021823,0.0
Pct_of_OI_NonComm_Long_All,True,False,25.669731451979974,31.75371775417299,6.846509015599551,0.88862605575058,0.88862605575058,0.004477113689972779,0.033212868582458366,0.03688688198689385,0.060779172025090936,0.22668074621612108,0.34297108673978066
Traders_Swap_Spread_Old,True,False,8.654648956356736,12.711743772241993,4.695908811216527,0.8639637137319586,0.8639637137319586,0.046338924812712456,-0.04304037865654349,-0.05976403649467573,-0.07111350329554866,0.81450193593805,0.7198404785643071
Traders_Other_Rept_Long_Old,True,False,63.18518518518518,42.93604651162791,23.731600568054255,-0.8532563412859386,0.8532563412859386,0.10712525399045897,0.07441975814427938,0.03619098146965197,0.03688128222727,0.776663146779303,0.6570289132602194
Traders_NonComm_Spead_Old,True,False,49.99908966772872,76.69347496206373,31.44686837665297,0.8488726118799692,0.8488726118799692,-0.03091075956642788,-0.04348530381128559,0.017156920723649667,-0.016096499829923096,0.22668074621612108,0.34297108673978066
Pct_of_OI_Comm_Long_Old,True,False,49.64829312699135,41.44476479514415,9.690416087159711,-0.8465609998643178,0.8465609998643178,0.047474539617017336,-0.05383054519780255,-0.11410897586187252,-0.0697749982296459,0.22668074621612108,0.34297108673978066
NonComm_Positions_Long_Other,True,False,9019.901684114702,19570.770864946888,12556.760254958564,0.8402540915492698,0.8402540915492698,0.04906196029953425,0.06304951267624186,-0.03791141819757452,0.016976700786281666,0.22668074621612108,0.34297108673978066
weather_colombia_huila_temperature_2m_mean,False,True,25.50491024287222,27.22642073778664,2.049620888100146,0.8399165450104961,0.8399165450104961,0.024327149308886048,0.022554097369824985,-0.049513864920342376,0.018795130027371588,0.0,0.0
managed_money_net_pct_oi,True,False,2.3964174454828666,15.808720930232557,16.01414620938222,0.8375284769719297,0.8375284769719297,-0.11985168730094325,-0.05058901325492458,-0.10120282059565269,0.03600820478742114,0.7740232312565998,0.6570289132602194
managed_money_net,True,False,1081.6542056074766,29281.058139534885,34092.82539326663,0.8271360208091414,0.8271360208091414,-0.10856758040810327,-0.0288223574396821,-0.10312378072063694,0.05668038405353946,0.7740232312565998,0.6570289132602194
Pct_of_OI_Prod_Merc_Short_All,True,False,52.53115264797508,42.13401162790698,12.73123560425205,-0.8166639392484106,0.8166639392484106,-0.10094563985899123,-0.1141021742315266,-0.11933927156669442,-0.08415486846005586,0.7740232312565998,0.6570289132602194
weather_colombia_huila_et0_fao_evapotranspiration_roll20,False,True,4.25927176974847,4.8353539381854445,0.7061430202631747,0.8158151421255602,0.8158151421255602,0.027380862849195227,0.04259135899430587,-0.04366958447453261,0.02766336593797826,0.0015839493136219642,0.0
Swap_Positions_Long_Old,True,False,32198.207165109034,22641.281976744187,11838.635458555695,-0.8072657716188167,0.8072657716188167,0.035062838569651186,0.1650689665432612,0.0330180855762532,0.10329475113212763,0.7740232312565998,0.6570289132602194
Traders_Comm_Short_All,True,False,100.60081929904415,115.12443095599393,18.29919186001014,0.7936750304634346,0.7936750304634346,0.0030994525092556033,0.02732983826283226,0.005627804665713398,0.04001778988417436,0.22668074621612108,0.34297108673978066
weather_colombia_huila_temperature_2m_max,False,True,29.99188665962689,32.273180458624125,2.8849046564459986,0.7907692179358299,0.7907692179358299,0.022390493733462254,0.03626372117351489,-0.05302337678911455,0.03202022453290268,0.0,0.0
Pct_of_OI_M_Money_Long_Old,True,False,23.742523364485983,30.350581395348833,8.440336577803564,0.7829140425798601,0.7829140425798601,-0.09354999226670073,0.09291640768819158,-0.008084690328265259,0.14857331296354884,0.7740232312565998,0.6570289132602194
Traders_Swap_Long_All,True,False,20.797507788161994,18.232558139534884,3.301591768127725,-0.7768827368023297,0.7768827368023297,0.10659251714043362,0.09575083358276655,0.036583876701820096,0.05629852707180883,0.7740232312565998,0.6570289132602194
other_reportable_net,True,False,8443.391744548286,3358.3401162790697,6546.837107861816,-0.7767188253642047,0.7767188253642047,0.14335471550006518,-0.014620065677017059,0.005355403377499358,-0.06709453954841096,0.7740232312565998,0.6570289132602194
Conc_Gross_LE_4_TDR_Long_All,True,False,17.164934836209934,14.017547357926222,4.0653605854129555,-0.7741963872963565,0.7741963872963565,0.04246275152556557,-0.061709410453428856,-0.014695048056584037,-0.09642314930384317,0.0007039774727208729,0.0
Traders_Prod_Merc_Long_Old,True,False,81.11487018095987,63.26470588235294,23.06132237594428,-0.7740303876601103,0.7740303876601103,0.04046002143279395,0.08198957325894923,0.02557130779034466,0.006774803368430718,0.7763111580429426,0.6610169491525424
nonreportable_net,True,False,4136.516555125044,1753.7637088733798,3094.6540458579207,-0.7699577435613166,0.7699577435613166,0.015217603207940498,-0.023894030367968,-0.006660860016425409,0.004456239416074972,0.0007039774727208729,0.0
weather_colombia_huila_temperature_2m_min,False,True,21.570960929250262,22.841774675972086,1.653808742687283,0.768416391762975,0.768416391762975,0.017363478600192668,-0.015820962058325422,-0.035744090739994065,-0.0143163623935701,0.0,0.0
Conc_Gross_LE_8_TDR_Long_All,True,False,27.732669954209225,23.62323030907278,5.420483364237165,-0.7581315851367387,0.7581315851367387,0.04147949279956843,-0.059468017840463995,-0.025134698306236675,-0.09704168504843837,0.0007039774727208729,0.0
Pct_of_OI_Tot_Rept_Long_All,True,False,91.06354350123283,95.33469591226321,5.647519662158295,0.7562881878304241,0.7562881878304241,0.01176431876260473,0.06705267599212963,-0.050767197270926975,0.055895143771134186,0.0007039774727208729,0.0
Pct_of_OI_NonRept_Long_All,True,False,8.936456498767173,4.665304087736791,5.647519662158295,-0.7562881878304234,0.7562881878304234,-0.01176431876260475,-0.06705267599212918,0.05076719727092744,-0.055895143771133624,0.0007039774727208729,0.0
Traders_M_Money_Long_Old,True,False,59.42072213500785,75.90855457227138,21.939760649495184,0.7515046631852342,0.7515046631852342,-0.025625906381291304,0.05638063347877436,-0.07114740794300031,0.08424682336275773,0.775783174938402,0.6620139581256231
NonComm_Positions_Spread_Old,True,False,12511.820892125626,23549.67526555387,14789.37359294091,0.7463368413856758,0.7463368413856758,-0.024948638501851406,0.0034870772403917533,0.0019742131664563377,0.04041999083699858,0.22668074621612108,0.34297108673978066
Pct_of_OI_NonComm_Long_Old,True,False,31.460969503868913,39.25068285280729,10.560689472637275,0.7376140894135279,0.7376140894135279,-0.0063431498862371784,0.08249636396377819,0.10435874348138056,0.08064515451148176,0.22668074621612108,0.34297108673978066
Pct_of_OI_NonRept_Long_Other,True,False,6.965815427967593,3.6050847457627113,4.60228161730724,-0.7302314290300254,0.7302314290300254,0.027579304120484587,0.07116331060352239,0.0649815655105141,0.05703573530756,0.0007039774727208729,0.0
Pct_of_OI_Tot_Rept_Long_Other,True,False,93.03418457203242,96.39491525423729,4.60228161730724,0.7302314290300237,0.7302314290300237,-0.027579304120484555,-0.0711633106035223,-0.06498156551051437,-0.057035735307559926,0.0007039774727208729,0.0
Pct_of_OI_NonRept_Long_Old,True,False,9.632617118703768,5.055633100697907,6.423729558918147,-0.7125119412369368,0.7125119412369368,-0.011173433307703791,-0.07599925911937463,0.03714678096729546,-0.0758634902685125,0.0007039774727208729,0.0
Pct_of_OI_Tot_Rept_Long_Old,True,False,90.36738288129624,94.94436689930208,6.423729558918147,0.7125119412369344,0.7125119412369344,0.011173433307703795,0.07599925911937469,-0.037146780967295505,0.07586349026851255,0.0007039774727208729,0.0
Conc_Net_LE_8_TDR_Long_All,True,False,22.24374779852061,17.734995014955132,6.331232476872934,-0.7121445626953822,0.7121445626953822,0.042521220466954356,-0.1041451404960912,-0.13963524546969758,-0.1337931648408198,0.0007039774727208729,0.0
M_Money_Positions_Long_Other,True,False,6629.984423676013,13044.616279069767,9095.08065253633,0.7052858683122196,0.7052858683122196,0.0016515673053437156,-0.07478630380356369,-0.08375934590543907,-0.027162798949352918,0.7740232312565998,0.6570289132602194
Traders_M_Money_Spread_Other,True,False,8.383615084525358,16.536480686695278,11.58774460086951,0.703576570160008,0.703576570160008,-0.0419734434100951,-0.06167601008050827,0.018068639969085025,-0.03304053757453178,0.8646603308694122,0.7676969092721835
Conc_Net_LE_4_TDR_Long_All,True,False,14.033585769637195,10.778863409770686,4.6621757305460445,-0.6981123295164399,0.6981123295164399,0.050898360143652524,-0.12535350941789536,-0.09893918230149193,-0.15750761715496192,0.0007039774727208729,0.0
Traders_Comm_Short_Old,True,False,88.26536185707783,104.42488619119878,23.222263527691844,0.6958634465090452,0.6958634465090452,-0.01897143655261203,-0.010649038331522297,0.03985489514217921,0.016404277288424588,0.22668074621612108,0.34297108673978066
weather_colombia_huila_shortwave_radiation_sum_roll5,False,True,18.509480197148388,20.065682951146556,2.2920913366239226,0.6789444770950257,0.6789444770950257,0.037760344032985865,0.011766797545804607,0.0251660733884004,0.009321583408774665,0.00017599436818021823,0.0
weather_colombia_huila_et0_fao_evapotranspiration_roll5,False,True,4.262442146335739,4.831591226321037,0.8404100646225475,0.6772278247773237,0.6772278247773237,0.025228146028481526,-0.01801762948107426,-0.025777769083656872,-0.028396866259901593,0.00017599436818021823,0.0
M_Money_Positions_Long_Old,True,False,32429.705607476637,41344.74127906977,13409.237946683299,0.6648428275372814,0.6648428275372814,-0.012098136728085929,0.12179890679508903,-0.0245889705304763,0.151796678510575,0.7740232312565998,0.6570289132602194
Other_Rept_Positions_Short_Other,True,False,2851.9992211838007,4657.988372093023,2749.6440695047713,0.6568083378277002,0.6568083378277002,0.011798005773579928,-0.0318027843973593,-0.04873269974964152,0.013659370605456328,0.7740232312565998,0.6570289132602194
Pct_of_OI_M_Money_Short_All,True,False,16.946105919003113,9.059011627906978,12.114402401331379,-0.6510510407206995,0.6510510407206995,0.09584604785262982,0.056424694297275355,0.07367262941745444,-0.02940339509218148,0.7740232312565998,0.6570289132602194
Pct_of_OI_Prod_Merc_Short_Other,True,False,58.90070093457944,50.72063953488372,12.638047978939335,-0.6472567134835517,0.6472567134835517,-0.02624875753346959,0.052577646132729285,-0.012624379100300542,0.010521671657155044,0.7740232312565998,0.6570289132602194
Pct_of_OI_NonRept_Short_Other,True,False,5.042638252905952,2.2662013958125624,4.369826386206028,-0.6353654840516327,0.6353654840516327,0.016690153904980548,0.015606897007378301,-0.017610482484243774,0.004611042095313343,0.0007039774727208729,0.0
Pct_of_OI_Tot_Rept_Short_Other,True,False,94.95736174709405,97.73379860418744,4.369826386206028,0.6353654840516321,0.6353654840516321,-0.01669015390498057,-0.015606897007377935,0.017610482484244135,-0.004611042095312977,0.0007039774727208729,0.0
Traders_NonComm_Spread_Other,True,False,17.917387346381428,29.169954476479514,17.716480047888044,0.635146885819426,0.635146885819426,0.028305254129536748,0.04553455122497015,0.0005517163936185299,0.012120610911264106,0.22668074621612108,0.34297108673978066
Pct_of_OI_NonRept_Short_All,True,False,5.320007044734061,3.7511465603190435,2.4776480861299137,-0.6332055360071647,0.6332055360071647,0.0012985964805241814,-0.013979437462075327,0.04151203025297843,-0.03060526790350118,0.0007039774727208729,0.0
Pct_of_OI_Tot_Rept_Short_All,True,False,94.67999295526594,96.24885343968096,2.4776480861299137,0.6332055360071623,0.6332055360071623,-0.0012985964805241788,0.013979437462075183,-0.041512030252978116,0.03060526790350099,0.0007039774727208729,0.0
weather_brazil_minas_gerais_soil_moisture_0_to_100cm_mean_roll20,False,True,0.39609966264583335,0.36228718843469593,0.054308376244240265,-0.6226014576291709,0.6226014576291709,0.0019591275181321172,0.10478370811863069,0.013925267181652212,0.11285533509181582,0.0015839493136219642,0.0
Pct_of_OI_NonComm_Short_All,True,False,20.351934456076467,13.733232169954478,10.663479915372823,-0.620688775019893,0.620688775019893,0.032850707543791276,0.02471815530164644,-0.05813647524339796,0.006653713832768528,0.22668074621612108,0.34297108673978066
Traders_Prod_Merc_Short_All,True,False,93.85436137071652,87.90116279069767,9.622158985971119,-0.6186967590847826,0.6186967590847826,-0.020245456628960684,0.03473572003045016,-0.13204582549022714,0.0549008423693369,0.7740232312565998,0.6570289132602194
Comm_Positions_Short_All,True,False,87742.24578971324,115030.10318664643,44196.19587325726,0.6174254787716886,0.6174254787716886,0.019108287771155967,0.04671750582708752,-0.002254268504353421,0.05487033456255772,0.22668074621612108,0.34297108673978066
Pct_of_OI_Prod_Merc_Short_Old,True,False,50.85428348909658,41.056395348837206,15.948401954283982,-0.6143492099299337,0.6143492099299337,-0.09544239410551322,-0.1073437500959764,-0.07401287381884132,-0.0822000964084211,0.7740232312565998,0.6570289132602194
Traders_Swap_Long_Old,True,False,19.830218068535824,16.772455089820358,5.009810137534092,-0.6103550623218919,0.6103550623218919,0.04880789249478225,0.06736777090006878,0.09220160711932834,0.035939987226777076,0.7740232312565998,0.6669990029910269
Other_Rept_Positions_Spread_ALL,True,False,14052.831775700935,18787.761627906977,7769.720212502118,0.6094080253478306,0.6094080253478306,0.0459209557836646,0.1423547128676624,0.06873463093715604,0.11451594818442631,0.7740232312565998,0.6570289132602194
NonRept_Positions_Long_All,True,False,11032.381824586122,8854.360917248256,3591.685704483255,-0.6064063190771932,0.6064063190771932,0.03946164110031825,0.05700754379066137,0.030491090956452655,0.058997208927020935,0.0007039774727208729,0.0
weather_colombia_huila_vapour_pressure_deficit_max_roll20,False,True,2.2892044682261083,2.7492986041874374,0.7596778210804794,0.6056437652832137,0.6056437652832137,0.029675464449582283,0.04464017982202358,-0.050926080987899386,0.035942095604578034,0.0015839493136219642,0.0
weather_brazil_minas_gerais_soil_moisture_0_to_100cm_mean_roll5,False,True,0.39604200258170513,0.36235393818544376,0.05642490398838883,-0.5970424761944431,0.5970424761944431,-0.007518394015497772,0.06103801352732897,0.004240844336738913,0.06493508397380789,0.00017599436818021823,0.0
weather_brazil_minas_gerais_soil_moisture_0_to_100cm_mean,False,True,0.3959996480112636,0.3623888334995015,0.056908360727885014,-0.5906129447740851,0.5906129447740851,-0.009092161163391765,0.05578337454668027,0.01565498099923052,0.05896372062702297,0.0,0.0
Comm_Positions_Short_Old,True,False,63318.66385980883,84327.20789074355,35572.90598088662,0.5905771106308447,0.5905771106308447,-0.015508578645518632,-0.013283535687790362,0.028055038541532577,0.028277071696102312,0.22668074621612108,0.34297108673978066
M_Money_Positions_Spread_ALL,True,False,17153.77336448598,24750.470930232557,13010.75078555943,0.5838784933286183,0.5838784933286183,0.148489362108898,0.18089434750944586,0.056191974441579445,0.16530182665259743,0.7740232312565998,0.6570289132602194
Traders_Tot_Rept_Short_All,True,False,224.44240929904896,254.43768693918244,51.942632865579874,0.5774693346360971,0.5774693346360971,0.010371932028379032,0.05299631157774138,-0.001865414196518399,0.03681387549874438,0.0007039774727208729,0.0
Pct_of_OI_M_Money_Spread_Old,True,False,6.082165109034268,8.367732558139535,4.2203402341666,0.5415599980783548,0.5415599980783548,0.11428037591861759,0.06707605489398398,0.011879330121994058,0.022910215173372446,0.7740232312565998,0.6570289132602194
Conc_Gross_LE_4_TDR_Short_All,True,False,21.623318069742865,18.793220338983048,5.229253911871393,-0.541204879023939,0.541204879023939,-0.03865726343886867,-0.04836916405743324,-0.032226899507593415,-0.03715474199289647,0.0007039774727208729,0.0
weather_colombia_huila_et0_fao_evapotranspiration,False,True,4.263445969728969,4.830418743768694,1.05671250492385,0.5365440187353346,0.5365440187353346,0.021395964677436943,-0.008668609720628962,-0.026706073332995947,-0.01807269501747247,0.0,0.0
weather_colombia_huila_vapour_pressure_deficit_max_roll5,False,True,2.2916672240802676,2.747108673978066,0.8585947775881275,0.5304498254428892,0.5304498254428892,0.02949971543659996,0.02902138814909525,-0.0597053687262371,0.022111021207857625,0.00017599436818021823,0.0
NonRept_Positions_Long_Old,True,False,9014.304508629799,7040.320039880359,3737.654476516092,-0.5281345510003942,0.5281345510003942,0.007212616064494789,0.014206989320416733,0.024440876549646655,0.02189143869821088,0.0007039774727208729,0.0
Traders_M_Money_Long_Other,True,False,19.179671457905545,28.778761061946902,18.233541410511148,0.5264522885558446,0.5264522885558446,-0.044547280077347484,-0.09291153339832646,-0.06292251291513078,-0.039263801100743095,0.8285814853924675,0.6620139581256231
Tot_Rept_Positions_Long_All,True,False,144892.93430785488,182829.53539381854,72619.91202490978,0.5223994360245273,0.5223994360245273,0.027267684080130018,0.11993375020929566,-0.026112708067944312,0.10852275145251117,0.0007039774727208729,0.0
Traders_Other_Rept_Short_All,True,False,36.10202492211838,40.375,8.217789323659106,0.5199664909368844,0.5199664909368844,-0.05368831143941101,0.07190339090496578,0.026296601857450377,0.10728284943247669,0.7740232312565998,0.6570289132602194
Pct_of_OI_Prod_Merc_Long_All,True,False,26.188006230529595,22.41598837209302,7.27125021793636,-0.5187578126705015,0.5187578126705015,0.04152116454538905,-0.07875243765403196,0.12283385322618424,-0.12946004829550684,0.7740232312565998,0.6570289132602194
M_Money_Positions_Short_ALL,True,False,33404.58722741433,17499.49418604651,30874.72009158329,-0.5151493841624716,0.5151493841624716,0.10636166133394288,0.07080756581583486,0.07288559819599293,-0.014947834873577481,0.7740232312565998,0.6570289132602194
Traders_Tot_Rept_Short_Old,True,False,195.1333215921099,226.18344965104686,60.64081796251368,0.5120334636338714,0.5120334636338714,-0.009046579759823143,0.014156415157626463,0.029170974589970148,0.015333134172566846,0.0007039774727208729,0.0
Traders_M_Money_Short_All,True,False,49.63551401869159,35.979651162790695,27.013801220850933,-0.5055143015326716,0.5055143015326716,0.10763436682378966,0.08710815810929748,0.09832035173147453,0.0014376051650930402,0.7740232312565998,0.6570289132602194
Traders_Swap_Spread_Other,True,False,6.172686230248307,8.050898203592814,3.7165957035264405,0.5053581619228562,0.5053581619228562,-0.00047478425931839094,-0.07876798068855477,-0.014001674487424674,-0.047938916292964165,0.8440689897923267,0.6669990029910269
Traders_NonComm_Long_Other,True,False,34.043013199817935,48.867981790591806,29.67135746458716,0.49963904106738316,0.49963904106738316,0.037828478624088176,0.0663253076679082,0.0007144309804988479,0.02943669586742205,0.22668074621612108,0.34297108673978066
Pct_of_OI_Other_Rept_Spread_Othr,True,False,8.039797507788162,5.249999999999999,5.6689192650068705,-0.49212158038817677,0.49212158038817677,0.010077111443950449,-0.14733931711880796,0.12294032361851033,-0.12322991330626785,0.7740232312565998,0.6570289132602194
Pct_of_OI_NonComm_Short_Other,True,False,15.594879380974055,20.7298937784522,10.458457540158445,0.49099156140001415,0.49099156140001415,0.00585111561273616,-0.013344457779324095,-0.04913562702306974,-0.019645771102974368,0.22668074621612108,0.34297108673978066
Traders_NonComm_Short_Other,True,False,24.10195721438325,34.22761760242792,20.757257050847855,0.4878130267038859,0.4878130267038859,0.007748072816966813,0.020199833413311656,0.025458186138842712,-0.0094656572863265,0.22668074621612108,0.34297108673978066
Tot_Rept_Positions_Short_All,True,False,149029.45086297992,184583.29910269193,72999.76637181263,0.4870405757002587,0.4870405757002587,0.027770911293499394,0.11743065306085236,-0.02616774370564658,0.10757674313487195,0.0007039774727208729,0.0
weather_vietnam_dak_lak_shortwave_radiation_sum_roll20,False,True,17.993194552387294,19.476774177467597,3.052055633209249,0.4860919338879523,0.4860919338879523,-0.04698778931689163,0.014568965551392359,0.02037602887113844,0.020274661095021285,0.0015839493136219642,0.0
Open_Interest_All,True,False,155925.316132441,191683.8963110668,73937.28834807173,0.4836339143286745,0.4836339143286745,0.028698788914847645,0.12061843336240621,-0.02426605869061641,0.10948714918250234,0.0007039774727208729,0.0
weather_colombia_huila_wind_speed_10m_mean_roll20,False,True,5.465965966888039,6.537921236291127,2.2188184596467173,0.4831198626199307,0.4831198626199307,0.010712065585105747,0.0236548131983783,-0.019699718604903424,0.005607098227927947,0.0015839493136219642,0.0
Prod_Merc_Positions_Short_ALL,True,False,93731.80062305296,80157.20639534884,28224.99021237504,-0.48094238919354654,0.48094238919354654,0.023513597299391936,0.023274108077112228,-0.08009740692597815,0.03266642712180901,0.7740232312565998,0.6570289132602194
weather_vietnam_dak_lak_soil_temperature_0_to_100cm_mean_roll20,False,True,25.271470978110315,25.98374376869392,1.4851527821821076,0.479595634286915,0.479595634286915,-0.012499688348977758,0.00385398240512612,0.031860998573487655,0.02000891044905448,0.0015839493136219642,0.0
Pct_of_OI_M_Money_Short_Old,True,False,21.45739875389408,14.476453488372092,14.56228592112206,-0.4793852629549309,0.4793852629549309,0.07963842355738289,0.08508081474246594,0.0426290314369129,0.02747663836767557,0.7740232312565998,0.6570289132602194
weather_vietnam_dak_lak_soil_temperature_0_to_100cm_mean_roll5,False,True,25.27040603180191,26.00743768693918,1.5445266402572646,0.4771893445712953,0.4771893445712953,-0.0192455551059314,0.03366416349367381,0.05584849933106509,0.050242029163769186,0.00017599436818021823,0.0
volatility_60,False,False,0.020804931913849505,0.02327548181027462,0.00517831220034292,0.47709558652363754,0.47709558652363754,-0.0337178370497529,-0.018215586745398766,-0.0692483973036974,0.012915306455865824,0.005279831045406547,0.0
weather_colombia_huila_vapour_pressure_deficit_max,False,True,2.2924445617740234,2.7480259222333,0.955502555614463,0.4767976367852854,0.4767976367852854,0.02330091404478804,0.030601722537547425,-0.0491427702364316,0.023815621683365977,0.0,0.0
weather_vietnam_dak_lak_soil_temperature_0_to_100cm_mean,False,True,25.270943329813445,26.01256231306082,1.5580812237373098,0.4759822350393781,0.4759822350393781,-0.03173479183049894,0.035690524820204836,0.0787749892769792,0.05302069648275882,0.0,0.0
weather_brazil_minas_gerais_vapour_pressure_deficit_max_roll20,False,True,1.5744361218855978,1.7508384845463607,0.38363693494477935,0.4598159003802756,0.4598159003802756,0.003441211993434206,-0.0431679477258519,-0.09362629797152412,-0.044505041852073005,0.0015839493136219642,0.0
Conc_Gross_LE_8_TDR_Short_All,True,False,33.385029940119765,30.692023928215352,6.03894686659144,-0.44593967646952065,0.44593967646952065,-0.04232174285930704,-0.04223844797585012,-0.04752073541836738,-0.024255960223188554,0.0007039774727208729,0.0
Traders_M_Money_Short_Old,True,False,48.34572784810127,36.69476744186046,26.145459434371137,-0.445620794520226,0.445620794520226,0.09159341377522771,0.11012931736403779,0.0626160016347377,0.034958192641388344,0.7775431186202042,0.6570289132602194
weather_brazil_minas_gerais_shortwave_radiation_sum_roll20,False,True,18.001161623884048,19.29329361914257,2.909701173580246,0.44407721555427515,0.44407721555427515,0.005648374436195352,0.013917649409648953,-0.13501772754998342,0.017984357874110016,0.0015839493136219642,0.0
Tot_Rept_Positions_Long_Old,True,False,108874.05177879536,135714.17547357926,61686.11678594079,0.4351080128438427,0.4351080128438427,0.009805149834535742,0.04993004493370236,0.02138516631475195,0.05512889849333928,0.0007039774727208729,0.0
Conc_Gross_LE_4_TDR_Short_Other,True,False,38.56028531172948,32.541874376869394,13.894075330250793,-0.4331638336346526,0.4331638336346526,0.012221728598122195,0.11680768906976775,0.036059937710429174,0.12590213795987124,0.0007039774727208729,0.0
weather_colombia_huila_shortwave_radiation_sum,False,True,18.510806054206263,20.067836490528414,3.6015160733296243,0.4323263882819955,0.4323263882819955,0.02937022581007581,0.023166574651418772,0.0007641585415609024,0.022280714159606297,0.0,0.0
Pct_of_OI_Swap_Short_Other,True,False,8.802180685358255,13.846802325581395,11.797116240556598,0.42761481173513727,0.42761481173513727,-0.004084794530884279,-0.034039940696638196,-0.01583705314784193,0.024322787668548708,0.7740232312565998,0.6570289132602194
weather_brazil_minas_gerais_temperature_2m_max_roll20,False,True,25.198701077343905,26.053474576271185,2.0021786040511182,0.4269217027880377,0.4269217027880377,0.015580479377415638,0.0023743527655071058,-0.07391646440445213,0.005031594618153321,0.0015839493136219642,0.0
Pct_of_OI_Other_Rept_Short_Other,True,False,8.305607476635513,11.158430232558139,6.68971824399765,0.4264488655381445,0.4264488655381445,-0.023934816356585634,-0.0100457865048085,-0.11853296220835934,-0.0038582217868268803,0.7740232312565998,0.6570289132602194
weather_brazil_minas_gerais_et0_fao_evapotranspiration_roll20,False,True,3.662217558427902,3.96718594217348,0.7228350333940983,0.4219059254967036,0.4219059254967036,0.00964939414612311,-0.00882641765110953,-0.11744584750927844,-0.005545714619609307,0.0015839493136219642,0.0
Traders_NonComm_Long_All,True,False,113.88279472007282,127.9742033383915,33.76789267562493,0.41730198427485665,0.41730198427485665,0.01854699838644879,0.04357491305111903,0.02354380568908597,0.06562850150942384,0.22668074621612108,0.34297108673978066
weather_colombia_huila_wind_speed_10m_mean_roll5,False,True,5.473799800504606,6.531465603190428,2.547813972071437,0.4151267770252131,0.4151267770252131,-0.0053637337883347186,-0.060140399357374946,-0.009536113415047471,-0.07282129273862174,0.00017599436818021823,0.0
Conc_Net_LE_8_TDR_Short_All,True,False,25.960619936597393,23.85014955134596,5.113654101848568,-0.4127127770508577,0.4127127770508577,-0.028107419367851473,-0.01545481900816413,-0.06066901564335499,-0.0008515955079973626,0.0007039774727208729,0.0
Other_Rept_Positions_Long_Other,True,False,4858.4003115264795,6970.2441860465115,5133.896911076601,0.41135299580395523,0.41135299580395523,-0.01612418551475504,0.010707582413506589,-0.05874265354163971,0.01787248507667781,0.7740232312565998,0.6570289132602194
weather_vietnam_dak_lak_rain_sum_roll20,False,True,3.727754592678578,5.314700897308078,3.913903379023814,0.40546384285687403,0.40546384285687403,0.043792005128779427,-0.04729277759649992,-0.05739877558307765,-0.06621779104250755,0.0015839493136219642,0.0
weather_vietnam_dak_lak_precipitation_sum_roll20,False,True,3.727754592678578,5.314700897308078,3.913903379023814,0.40546384285687403,0.40546384285687403,0.043792005128779427,-0.04729277759649992,-0.05739877558307765,-0.06621779104250755,0.0015839493136219642,0.0
M_Money_Positions_Short_Old,True,False,31782.52492211838,20513.93604651163,27794.307572267848,-0.40542794046253344,0.40542794046253344,0.09978959612205461,0.09497977290774422,0.052967874234269456,0.015144585440653386,0.7740232312565998,0.6570289132602194
NonComm_Positions_Spread_Other,True,False,3757.767637687756,6467.5553869499245,6757.348436416126,0.40101347070676585,0.40101347070676585,0.04707206906452702,0.04257202780649613,-0.016322582361770376,0.023705566012963777,0.22668074621612108,0.34297108673978066
volatility_20,False,False,0.02042956037373844,0.02306691070223269,0.006618239313568143,0.39849727450734285,0.39849727450734285,-0.05337335012075688,-0.025816297460170817,-0.12175931984582923,0.007495241012566711,0.0017599436818021823,0.0
Tot_Rept_Positions_Short_Old,True,False,112270.7139837971,136852.44366899302,62237.32117458797,0.39496766925811777,0.39496766925811777,0.009353038516585017,0.04856194003757896,0.020762820242589734,0.054457536437059965,0.0007039774727208729,0.0
Conc_Gross_LE_8_TDR_Short_Other,True,False,53.55154984149348,48.11754735792622,13.819948675441083,-0.3931999033559239,0.3931999033559239,0.01312211073174247,0.09043170199552597,0.024174560972882238,0.1014456862839407,0.0007039774727208729,0.0
Open_Interest_Old,True,False,117888.35628742515,142754.4955134596,63535.24143101817,0.3913755368826647,0.3913755368826647,0.00994408568044291,0.04844023518659771,0.021618321929281238,0.05377848703985536,0.0007039774727208729,0.0
weather_vietnam_dak_lak_shortwave_radiation_sum_roll5,False,True,17.99651264448747,19.479840478564306,3.8059253871334815,0.38974170095174593,0.38974170095174593,-0.04239227479483098,0.04412878207512799,0.08061176555388042,0.043957782110559125,0.00017599436818021823,0.0
Traders_Tot_Rept_Short_Other,True,False,93.5589996477633,114.3529411764706,53.432356185478056,0.38916385151584815,0.38916385151584815,0.007254335897233627,0.0021102736529791063,-0.009976884132436838,-0.0020062464902338675,0.0007039774727208729,0.0
Pct_of_OI_Other_Rept_Spread_Old,True,False,4.203193146417445,5.310755813953489,2.8777937265786675,0.3848652032655571,0.3848652032655571,0.00018158632618718007,0.08640863341653332,0.05641539807954418,0.04545805565810763,0.7740232312565998,0.6570289132602194
Traders_Comm_Long_Old,True,False,95.54665452890305,85.09559939301973,27.161550299358783,-0.3847738814868033,0.3847738814868033,-0.028433981489540995,-0.0327678142635329,0.004039121418456708,-0.019430774575205825,0.22668074621612108,0.34297108673978066
Prod_Merc_Positions_Short_Old,True,False,67422.07632398754,55959.03779069767,30342.87081366473,-0.37778358559690256,0.37778358559690256,0.025888638878354842,0.0919128277055465,0.013334176553407939,0.06725317891358473,0.7740232312565998,0.6570289132602194
Traders_Tot_Other,True,False,152.9638957379359,184.1814556331007,82.77256244247448,0.37714864653200125,0.37714864653200125,0.010674756786207733,-0.004644875248435635,-0.015451588291942512,-0.01350772039772183,0.0007039774727208729,0.0
Traders_Other_Rept_Short_Old,True,False,37.40413683373111,40.98823529411764,9.55976417874605,0.3749149449057497,0.3749149449057497,-0.023509724578435566,0.14425848563567406,0.01184444106799839,0.15783812024578683,0.7787750791974657,0.6610169491525424
weather_brazil_minas_gerais_vapour_pressure_deficit_max_roll5,False,True,1.5744923722349353,1.7533978065802596,0.48737170963586673,0.3670821075745062,0.3670821075745062,0.022077872600830196,-0.033159424756811814,-0.10586385232943049,-0.023326751618975173,0.00017599436818021823,0.0
weather_brazil_minas_gerais_temperature_2m_max_roll5,False,True,25.19527313266444,26.079042871385845,2.42835245662033,0.3639380009734647,0.3639380009734647,0.036495814220061276,0.026496770713385943,-0.09954607177456518,0.03537774583526079,0.00017599436818021823,0.0
Traders_Tot_Rept_Long_Other,True,False,110.26294469883761,134.33499501495513,67.64892225286142,0.3558378982911189,0.3558378982911189,0.014221210427952364,-0.009097081368747241,-0.014318641169599213,-0.021834535003771773,0.0007039774727208729,0.0
weather_colombia_huila_wind_speed_10m_mean,False,True,5.476451953537486,6.521136590229313,2.9703963675615825,0.3516987322299397,0.3516987322299397,-0.00497621100260722,-0.056476713336615386,-0.011724994687591424,-0.0687917870584767,0.0,0.0
Pct_of_OI_Other_Rept_Long_All,True,False,7.7565420560747675,6.999418604651163,2.21556793349027,-0.3417288361954573,0.3417288361954573,0.11584506936044424,0.012664364212479512,0.05132242572657383,-0.04212152822309425,0.7740232312565998,0.6570289132602194
weather_colombia_huila_precipitation_sum_roll20,False,True,3.449426651662073,4.3531704885343965,2.682593800139162,0.3368917936161043,0.3368917936161043,-0.017208243142440523,0.021238608610553704,-0.0037039907933366246,0.02863982343284832,0.0015839493136219642,0.0
weather_colombia_huila_rain_sum_roll20,False,True,3.449426651662073,4.3531704885343965,2.682593800139162,0.3368917936161043,0.3368917936161043,-0.017208243142440523,0.021238608610553704,-0.0037039907933366246,0.02863982343284832,0.0015839493136219642,0.0
M_Money_Positions_Spread_Other,True,False,1865.8917445482866,3568.0668604651164,5062.472222219337,0.33623396656794163,0.33623396656794163,0.009145358254032485,-0.09660155313473365,-0.01693188225739473,-0.06578770297635135,0.7740232312565998,0.6570289132602194
weather_brazil_minas_gerais_et0_fao_evapotranspiration_roll5,False,True,3.6619185882767122,3.966019940179462,0.9118469317082131,0.33350043886539155,0.33350043886539155,0.03169464927909606,-0.012158564082446111,-0.13668198794390143,0.0011360053049742887,0.00017599436818021823,0.0
weather_brazil_minas_gerais_soil_temperature_0_to_100cm_mean,False,True,21.102727912706793,21.760817547357924,2.0130610189375866,0.32690992893918525,0.32690992893918525,0.01590489355433637,0.027499748245928473,-0.006066380002101127,0.04587434818076376,0.0,0.0
weather_brazil_minas_gerais_shortwave_radiation_sum_roll5,False,True,17.998866778149388,19.276207377866402,3.929067574922839,0.3251001860771253,0.3251001860771253,0.029696188287859856,-0.010819711363774333,-0.1450518909789567,0.002022682902034214,0.00017599436818021823,0.0
Pct_of_OI_Tot_Rept_Short_Old,True,False,93.83983797111658,95.30598205383848,4.51027341285999,0.3250676729578144,0.3250676729578144,-0.00377887370351999,0.08568860231389293,-0.05335282650170014,0.08561591106753495,0.0007039774727208729,0.0
Pct_of_OI_NonRept_Short_Old,True,False,6.160073969707644,4.694017946161516,4.510316570891142,-0.325045038525193,0.325045038525193,0.003805206607657677,-0.08568860231389301,0.05335282650169996,-0.085615911067535,0.0007039774727208729,0.0
Traders_Other_Rept_Spread_All,True,False,48.06697819314642,44.27906976744186,11.662513304709782,-0.3247934923405276,0.3247934923405276,0.011634691259410706,0.08736977986456723,-0.04514846862582847,0.07054620158303573,0.7740232312565998,0.6570289132602194
weather_brazil_minas_gerais_soil_temperature_0_to_100cm_mean_roll5,False,True,21.103435721410552,21.751046859421734,1.994127423246751,0.32475915553920337,0.32475915553920337,0.012561755974697116,0.029118052276899606,-0.00989315135477619,0.04644328536406,0.00017599436818021823,0.0
NonComm_Positions_Short_Other,True,False,6382.17432862995,10173.96813353566,11713.405902711296,0.32371402787536163,0.32371402787536163,0.002836224871436487,0.04540585500880047,-0.024754028388205455,0.015902083986277113,0.22668074621612108,0.34297108673978066
volatility_10,False,False,0.01998023009047458,0.022546398545810024,0.007949599931592733,0.32280472947288325,0.32280472947288325,-0.03540166442798107,-0.08841571402365914,-0.05673617191682718,-0.05863561743928931,0.0008799718409010912,0.0
weather_brazil_minas_gerais_wind_speed_10m_mean_roll20,False,True,8.02362861987413,8.340074775672981,0.9838492051763698,0.3216409121783295,0.3216409121783295,0.026426169595161798,-0.07673587868711347,0.0035149555662938943,-0.08006613208693432,0.0015839493136219642,0.0
Prod_Merc_Positions_Long_ALL,True,False,50965.464953271025,42436.270348837206,26669.90215396604,-0.3198059953574091,0.3198059953574091,0.10425845773914971,0.015536933026885672,0.10254885677884293,-0.03972906610949417,0.7740232312565998,0.6570289132602194
Prod_Merc_Positions_Long_Other,True,False,17621.52414330218,12165.531976744185,17092.68599423356,-0.31920039766708663,0.31920039766708663,0.03365339313354384,-0.05896021276517414,0.004991218959762099,-0.01693024179695611,0.7740232312565998,0.6570289132602194
Pct_of_OI_Swap_Spread_Other,True,False,1.9111370716510905,1.3703488372093025,1.7017918986496952,-0.31777577203821583,0.31777577203821583,-0.06053098479404591,-0.08395671721144533,-0.032670106320933055,-0.05017554782837177,0.7740232312565998,0.6570289132602194
Traders_Comm_Short_Other,True,False,56.161128812016386,64.11380880121396,25.154699692907446,0.3161508619178584,0.3161508619178584,0.007285503006044164,0.045380283743160284,0.009283240438797169,0.014758033484385197,0.22668074621612108,0.34297108673978066
weather_brazil_minas_gerais_soil_temperature_0_to_100cm_mean_roll20,False,True,21.10657728469988,21.714007976071784,1.9230185390645858,0.31587354933529416,0.31587354933529416,-0.002454510691888045,0.021791354878949825,0.007239032291460722,0.03675048296625237,0.0015839493136219642,0.0
weather_vietnam_dak_lak_shortwave_radiation_sum,False,True,17.997562478000706,19.478175473579263,4.801228663604591,0.3083821036898846,0.3083821036898846,-0.046863289419905786,0.029510202108230046,0.039875926993551775,0.030529401065848616,0.0,0.0
Conc_Gross_LE_8_TDR_Short_Old,True,False,37.27833744276153,34.0617148554337,10.538307412092307,-0.30523142489057414,0.30523142489057414,-0.005904581580297784,0.0006077150316346997,-0.06483648222697362,0.0036759953975462416,0.0007039774727208729,0.0
weather_brazil_minas_gerais_temperature_2m_max,False,True,25.195705737416404,26.08384845463609,2.913668183113387,0.3048194445637477,0.3048194445637477,0.031241327665885766,0.0017252375164647322,-0.05537844366334625,0.009993812810163852,0.0,0.0
weather_vietnam_dak_lak_rain_sum_roll5,False,True,3.7335046646717154,5.318544366899306,5.3208646430509905,0.29789137829274426,0.29789137829274426,0.04787315747449442,0.003059075947924926,-0.1018638959680809,-0.006008489189071319,0.00017599436818021823,0.0
weather_vietnam_dak_lak_precipitation_sum_roll5,False,True,3.7335046646717154,5.318544366899306,5.3208646430509905,0.29789137829274426,0.29789137829274426,0.04787315747449442,0.003059075947924926,-0.1018638959680809,-0.006008489189071319,0.00017599436818021823,0.0
weather_brazil_minas_gerais_vapour_pressure_deficit_max,False,True,1.5748662442801828,1.7531704885343966,0.6045980228975388,0.29491370712674486,0.29491370712674486,0.015297300613092032,-0.05257695297159609,-0.07895321860820716,-0.0422257490592765,0.0,0.0
Other_Rept_Positions_Spread_Old,True,False,7148.785046728972,9040.636627906977,6417.0668245155775,0.294815627281678,0.294815627281678,0.06540543250651663,0.1173428266224566,0.06538162800908315,0.0761672455277596,0.7740232312565998,0.6570289132602194
Traders_NonComm_Long_Old,True,False,108.4044151115157,119.65098634294385,38.75765450740386,0.2901767760296155,0.2901767760296155,-0.018399126878205743,0.016182735260626017,0.06551777691661734,0.048980108329847234,0.22668074621612108,0.34297108673978066
Conc_Net_LE_4_TDR_Short_All,True,False,16.81363156040859,15.645164506480556,4.043083219031767,-0.28900395827317604,0.28900395827317604,-0.023895149446586793,-0.015863124580551478,-0.06325759045906831,-0.0024961590361390305,0.0007039774727208729,0.0
Traders_Comm_Long_All,True,False,111.14633591260811,105.44461305007587,19.83416855341737,-0.28746971909492247,0.28746971909492247,-0.00488898323816281,-0.05894803686148389,-0.01959265713133117,-0.07412812466732731,0.22668074621612108,0.34297108673978066
Pct_of_OI_NonComm_Short_Old,True,False,26.29642694583523,22.393323216995444,13.580209267443717,-0.2874111622268461,0.2874111622268461,0.02789768324267549,0.02831415105585265,-0.040959115387329006,-0.011568597141159397,0.22668074621612108,0.34297108673978066
weather_vietnam_dak_lak_temperature_2m_min_roll20,False,True,21.129029602271164,21.550289132602195,1.4960766993854002,0.2815761588320226,0.2815761588320226,-0.01522536490737038,0.018409262493482383,-0.03590756623693749,0.02008895888252295,0.0015839493136219642,0.0
Conc_Net_LE_8_TDR_Long_Old,True,False,28.513702007749206,24.888634097706877,13.007571364524793,-0.27868906565670526,0.27868906565670526,0.052233027287573126,-0.021254598006757598,-0.04893359472392637,-0.0271291419210426,0.0007039774727208729,0.0
volatility_5,False,False,0.019178952221636507,0.021869923746131757,0.009743442108239452,0.27618284119732744,0.27618284119732744,-0.03920611645237679,-0.10155831478905587,-0.044788652968502055,-0.07202101530642281,0.00035198873636043646,0.0
weather_vietnam_dak_lak_relative_humidity_2m_mean_roll20,False,True,75.25941951695792,77.66729810568295,8.802655947291134,0.27354000919074994,0.27354000919074994,0.01492919579273155,0.00041933790218439255,-0.012201191607454082,-0.013253685431648595,0.0015839493136219642,0.0
Conc_Net_LE_4_TDR_Short_Other,True,False,32.96784078901021,29.393619142572284,13.200910525602493,-0.27075569064011956,0.27075569064011956,0.0033453647862293056,0.15570939358123675,0.05515416505581453,0.1694018635145084,0.0007039774727208729,0.0
Traders_Swap_Long_Other,True,False,11.794995964487489,13.337209302325581,5.788960091921877,0.26640593705079296,0.26640593705079296,-0.039097547777940986,-0.05286238756176838,-0.06439468474754537,-0.02796893796626404,0.7819429778247096,0.6570289132602194
M_Money_Positions_Spread_Old,True,False,10714.433021806854,13573.598837209302,10868.246822676974,0.2630751640123501,0.2630751640123501,0.14863267324802773,0.09691124406519032,0.03309109732524065,0.050990574488405195,0.7740232312565998,0.6570289132602194
Traders_Prod_Merc_Short_Other,True,False,53.427570093457945,47.8343023255814,21.34353722943542,-0.2620590817609524,0.2620590817609524,-0.049157990320296246,-0.049216436707276566,-0.10398989269050259,0.000714913258502475,0.7740232312565998,0.6570289132602194
weather_vietnam_dak_lak_et0_fao_evapotranspiration_roll20,False,True,4.136733691429048,4.375648055832502,0.9210090914732877,0.25940500111814985,0.25940500111814985,-0.030961668408301463,0.00939655700326002,0.005783362665290574,0.020349422841272898,0.0015839493136219642,0.0
Conc_Net_LE_8_TDR_Short_Old,True,False,32.997287777386404,30.07268195413759,11.347602142120712,-0.25772897098613345,0.25772897098613345,0.004711644880944399,0.02284176155845179,-0.06040635176349099,0.025012372509187968,0.0007039774727208729,0.0
weather_brazil_minas_gerais_et0_fao_evapotranspiration,False,True,3.662557198169659,3.964147557328016,1.1718641462095243,0.2573594901199698,0.2573594901199698,0.021026277958832107,-0.02606333715110883,-0.09280902816443566,-0.014511969547493548,0.0,0.0
weather_vietnam_dak_lak_temperature_2m_min_roll5,False,True,21.129685501378866,21.558943170488536,1.6776814576126122,0.2558636308232889,0.2558636308232889,-0.04740511409750878,0.027723983882065404,0.009210579812801826,0.031232855753644814,0.00017599436818021823,0.0
Conc_Gross_LE_4_TDR_Short_Old,True,False,25.029623106727723,22.412263210368895,10.246828518949156,-0.2554312186954843,0.2554312186954843,-0.00032674983446523225,-0.011961557962355058,-0.06736637182290932,-0.013479395290831963,0.0007039774727208729,0.0
Tot_Rept_Positions_Long_Other,True,False,36018.88252905953,47115.35992023928,43910.06885032333,0.2527091776832421,0.2527091776832421,0.03132163618129071,0.01110627607410884,-0.03983586489323899,-0.001491887688175021,0.0007039774727208729,0.0
weather_vietnam_dak_lak_relative_humidity_2m_mean_roll5,False,True,75.27392771225723,77.64007976071785,9.479427550799743,0.24960917057285772,0.24960917057285772,0.02239075113663312,-0.0022918885218528315,-0.04465335502109488,-0.016275387844520643,0.00017599436818021823,0.0
Tot_Rept_Positions_Short_Other,True,False,36758.73687918281,47730.855433698904,44681.97612599544,0.24556027968809205,0.24556027968809205,0.032343286925530935,0.011077800705930275,-0.03923362753997078,-0.0014578519326033114,0.0007039774727208729,0.0
Conc_Gross_LE_8_TDR_Long_Old,True,False,31.53598097921803,28.632502492522434,11.998706987219418,-0.24198261444239585,0.24198261444239585,0.048284507053474736,-0.036992961193817224,-0.037459792819585586,-0.04415890422581198,0.0007039774727208729,0.0
Traders_Other_Rept_Long_Other,True,False,25.9469250210615,21.90988372093023,16.927074421244,-0.23849610391413276,0.23849610391413276,-0.0009688603648244569,-0.06611365177013381,-0.05526251854302114,-0.03390284616848511,0.791094684970081,0.6570289132602194
Open_Interest_Other,True,False,38036.95984501585,48929.40079760718,45967.77659133896,0.23695818593592002,0.23695818593592002,0.032416419875322504,0.011375326234935132,-0.038825649989664666,-0.001100994464919202,0.0007039774727208729,0.0
weather_brazil_minas_gerais_shortwave_radiation_sum,False,True,18.00171770503344,19.264765702891324,5.400225080146839,0.2338880285751981,0.2338880285751981,0.016425045855263252,-0.01741007890752051,-0.08815275651870987,-0.008146641782687026,0.0,0.0
weather_vietnam_dak_lak_relative_humidity_2m_mean,False,True,75.27807110172475,77.63609172482552,10.233660283184818,0.23041810631287937,0.23041810631287937,0.02912297299806565,-0.011457909121383508,-0.032300919324656556,-0.025437555096915133,0.0,0.0
weather_vietnam_dak_lak_temperature_2m_min,False,True,21.13028863076382,21.560019940179462,1.8728861146997218,0.2294487134283347,0.2294487134283347,-0.06083449250318037,0.00950779246228299,0.02165731740769229,0.01393781281666697,0.0,0.0
weather_vietnam_dak_lak_wind_speed_10m_mean_roll20,False,True,10.681304319490838,11.568280159521436,3.868273307865088,0.22929502892858475,0.22929502892858475,0.011154596681034218,0.008463081105597918,0.0021153120653533077,0.013835231194777338,0.0015839493136219642,0.0
weather_vietnam_dak_lak_et0_fao_evapotranspiration_roll5,False,True,4.1367006395587635,4.377447657028913,1.0581464500444022,0.22751767249235424,0.22751767249235424,-0.0374838221768896,0.04140553657698821,0.06260993197972496,0.04919368492690008,0.00017599436818021823,0.0
weather_colombia_huila_rain_sum_roll5,False,True,3.446065833480026,4.354237288135607,4.003288251668481,0.2268563734517683,0.2268563734517683,-0.02187721887574218,0.034022744004772044,0.013807982489698492,0.03396881036381145,0.00017599436818021823,0.0
weather_colombia_huila_precipitation_sum_roll5,False,True,3.446065833480026,4.354237288135607,4.003288251668481,0.2268563734517683,0.2268563734517683,-0.02187721887574218,0.034022744004772044,0.013807982489698492,0.03396881036381145,0.00017599436818021823,0.0
weather_vietnam_dak_lak_temperature_2m_max_roll20,False,True,29.270513444132934,29.80424725822532,2.422514176753889,0.2203222665171672,0.2203222665171672,-0.028655215726308494,0.008183828818239133,-0.02273248092535216,0.017340838724730002,0.0015839493136219642,0.0
Traders_Tot_Rept_Long_All,True,False,269.63525889397675,282.8594217347956,60.06173739541117,0.22017616230044654,0.22017616230044654,0.010223449269261007,0.009580153288244738,-0.03171789630435145,0.0027026648147392917,0.0007039774727208729,0.0
Change_in_Prod_Merc_Long_All,True,False,197.00623052959503,-671.4156976744187,3989.459288599613,-0.21767910520747505,0.21767910520747505,0.01623094273186454,-0.0005242037558245903,0.11321393899110935,0.002685376531323075,0.7740232312565998,0.6570289132602194
Comm_Positions_Short_Other,True,False,24423.581929904416,30702.895295902883,29291.3242387984,0.2143745129037587,0.2143745129037587,0.047665951454029284,0.06249784127689208,-0.04057278273714231,0.013290977211048592,0.22668074621612108,0.34297108673978066
weather_vietnam_dak_lak_wind_speed_10m_mean_roll5,False,True,10.677079739482487,11.613698903290132,4.486876898811038,0.20874634738827727,0.20874634738827727,-0.005005372735421745,0.02202063257352828,-0.005449966899019625,0.03016578225269845,0.00017599436818021823,0.0
weather_colombia_huila_soil_moisture_0_to_100cm_mean_roll20,False,True,0.3637399417705032,0.3434983050847458,0.0995682261250778,-0.20329413783398895,0.20329413783398895,-0.03361784714292967,0.008395792958016983,0.05198293780700025,0.015659419040273174,0.0015839493136219642,0.0
weather_brazil_minas_gerais_wind_speed_10m_mean_roll5,False,True,8.029042422108784,8.326660019940181,1.4695227014942946,0.20252670988257815,0.20252670988257815,0.006263284817953988,-0.06001576880808062,0.018782650618007993,-0.06000432719362453,0.00017599436818021823,0.0
weather_colombia_huila_soil_moisture_0_to_100cm_mean_roll5,False,True,0.3636173208942088,0.34365264207377866,0.1011878152246297,-0.19730319086453216,0.19730319086453216,-0.03440390761476612,-0.031291226466880775,0.03539752198633413,-0.026381733676178507,0.00017599436818021823,0.0
weather_vietnam_dak_lak_temperature_2m_max_roll5,False,True,29.27080062195623,29.802831505483553,2.6971153581040213,0.19725922435194704,0.19725922435194704,-0.04227224326171879,0.03585838260713089,0.04813340869992081,0.043645434498992615,0.00017599436818021823,0.0
weather_colombia_huila_soil_moisture_0_to_100cm_mean,False,True,0.3635651179162267,0.3436570289132602,0.10147305687730347,-0.19619088668077103,0.19619088668077103,-0.03573340601938117,-0.04837554531665753,0.04765481861118982,-0.043719925926506156,0.0,0.0
weather_vietnam_dak_lak_et0_fao_evapotranspiration,False,True,4.136737064413938,4.377118644067797,1.2334010453062776,0.19489328355009378,0.19489328355009378,-0.041994455886904376,0.02940788627220586,0.03639329582320546,0.03655453946187692,0.0,0.0
Pct_of_OI_Swap_Spread_Old,True,False,1.4281152647975077,1.6985465116279068,1.3875953729001298,0.19489200678522514,0.19489200678522514,-0.00018673253949289272,0.0666175858484285,0.007559941170554625,0.030181144028317543,0.7740232312565998,0.6570289132602194
Conc_Net_LE_4_TDR_Long_Old,True,False,19.042092286016203,16.491026919242273,13.138493466110758,-0.19416726684487162,0.19416726684487162,0.047302603719822395,-0.042400313854837425,-0.051555108442049837,-0.04680738976927491,0.0007039774727208729,0.0
Other_Rept_Positions_Long_ALL,True,False,14576.454828660437,13316.156976744185,6588.827266558331,-0.1912780227693793,0.1912780227693793,0.12487263716475208,0.08765574560650106,0.04084809083367161,0.03304639436576669,0.7740232312565998,0.6570289132602194
Conc_Gross_LE_8_TDR_Long_Other,True,False,52.222613596336735,48.960518444666,17.14124331469212,-0.1903067993250364,0.1903067993250364,-0.006935723182125349,0.049719970942766624,-0.01733332443107177,0.06308622246358987,0.0007039774727208729,0.0
Conc_Net_LE_4_TDR_Short_Old,True,False,22.281014441704826,20.287238285144564,10.499978554687711,-0.18988383130269743,0.18988383130269743,0.00606797773631727,0.007287514060122842,-0.06554233695869438,0.0064105930983108395,0.0007039774727208729,0.0
weather_vietnam_dak_lak_precipitation_sum,False,True,3.7357444561774025,5.334197407776671,8.433372553624425,0.18953899420846745,0.18953899420846745,0.039384764795887275,-0.003369236378737949,-0.04826549808191421,-0.012202386666917166,0.0,0.0
weather_vietnam_dak_lak_rain_sum,False,True,3.7357444561774025,5.334197407776671,8.433372553624425,0.18953899420846745,0.18953899420846745,0.039384764795887275,-0.003369236378737949,-0.04826549808191421,-0.012202386666917166,0.0,0.0
Traders_Comm_Long_Other,True,False,63.76854802002731,69.74810318664643,31.548399772246388,0.18953592606238712,0.18953592606238712,0.008132556543563247,-0.009267601484521236,-0.0035020215261025167,-0.041799930065758543,0.22668074621612108,0.34297108673978066
Pct_of_OI_Comm_Short_Other,True,False,69.61545289030497,67.26145675265555,12.598791316009054,-0.18684301363562056,0.18684301363562056,-0.028409603495388493,0.033479248573848756,0.028115582120527848,0.044315694511728336,0.22668074621612108,0.34297108673978066
Traders_Prod_Merc_Short_Old,True,False,83.81152647975078,80.59593023255815,17.45776306846657,-0.1841929137531297,0.1841929137531297,-0.015614591749194755,0.040791988121679446,-0.029687438529330243,0.03311610336122297,0.7740232312565998,0.6570289132602194
weather_vietnam_dak_lak_wind_speed_10m_mean,False,True,10.674868004223866,11.626819541375873,5.168290028483157,0.18419081202983417,0.18419081202983417,0.014557081678425818,0.0032242823460152973,-0.00743271896691827,0.009966465191998133,0.0,0.0
Pct_of_OI_M_Money_Short_Other,True,False,8.915809968847352,10.670930232558138,9.70515644486759,0.1808440980504701,0.1808440980504701,0.05438799943495489,0.08965377916412985,0.10042900170507715,0.06344853064696582,0.7740232312565998,0.6570289132602194
weather_vietnam_dak_lak_temperature_2m_mean_roll20,False,True,24.591900561506552,24.894885343968095,1.694614789690386,0.17879271696719923,0.17879271696719923,-0.023904259539061293,0.014550425967887685,-0.024408406960241307,0.020965987554352004,0.0015839493136219642,0.0
weather_vietnam_dak_lak_temperature_2m_max,False,True,29.271189721928902,29.801894317048852,2.968976887066872,0.17874999210392858,0.17874999210392858,-0.06022898409025043,0.029218211657906362,0.038264545550917246,0.03672728923109808,0.0,0.0
Conc_Gross_LE_4_TDR_Long_Old,True,False,20.77050017611835,18.553240279162512,12.732130049452744,-0.17414681505323934,0.17414681505323934,0.04322235823023265,-0.05074591734877025,-0.042929588498334836,-0.05522202109385597,0.0007039774727208729,0.0
producer_merchant_net,True,False,-42766.33566978193,-37720.936046511626,29317.679166189173,0.1720941004460186,0.1720941004460186,0.07220529977812094,-0.013039437371111913,0.13843385771619837,-0.05520241355119885,0.7740232312565998,0.6570289132602194
weather_vietnam_dak_lak_temperature_2m_mean_roll5,False,True,24.591972657396,24.90089730807577,1.8825580347654824,0.16409834117982697,0.16409834117982697,-0.04801729688068738,0.026360830489463156,0.036246742477909405,0.03260385137230995,0.00017599436818021823,0.0
Change_in_Other_Rept_Short_All,True,False,0.035046728971962614,-159.46802325581396,975.0179355317774,-0.1635898829879396,0.1635898829879396,0.09400350208927587,0.08546839540230586,0.18686285468351027,0.08142498158414259,0.7740232312565998,0.6570289132602194
Conc_Gross_LE_4_TDR_Long_Other,True,False,38.33902782669955,35.651545363908276,16.476103467020984,-0.16311395884170132,0.16311395884170132,-0.010206890523905986,0.05899624027215178,-0.023753141281215487,0.07315325164971813,0.0007039774727208729,0.0
weather_brazil_minas_gerais_relative_humidity_2m_mean_roll20,False,True,73.33133826865355,72.12751744765703,7.446791925360515,-0.1616562988549256,0.1616562988549256,-0.0019885147248029536,0.038875871947379056,0.07768041354671011,0.040946248871169336,0.0015839493136219642,0.0
weather_brazil_minas_gerais_temperature_2m_mean_roll20,False,True,20.012235924165275,20.364920239282153,2.2050532542897665,0.15994367230394882,0.15994367230394882,0.012444137162164878,0.00696901577495296,-0.03650297444286879,0.013305757605218686,0.0015839493136219642,0.0
weather_brazil_minas_gerais_temperature_2m_mean_roll5,False,True,20.0077679985918,20.39575274177468,2.4559775920772546,0.15797568529716277,0.15797568529716277,0.02562390850622045,0.03998129890193461,-0.05494636731828391,0.05051427253097635,0.00017599436818021823,0.0
weather_vietnam_dak_lak_temperature_2m_mean,False,True,24.592291446673705,24.901395812562317,2.039746851445911,0.15154055301985012,0.15154055301985012,-0.06976249410692478,0.011483143210754053,0.037055705056173206,0.0185928890659559,0.0,0.0
weather_brazil_minas_gerais_temperature_2m_mean,False,True,20.006758183738118,20.404785643070788,2.692342812441436,0.14783684213368664,0.14783684213368664,0.028612745332101956,0.026630937816623474,-0.02035408028910449,0.037356158905625395,0.0,0.0
Prod_Merc_Positions_Long_Old,True,False,33343.940809968844,30270.738372093023,21415.9830905109,-0.14350041391457352,0.14350041391457352,0.10297617325498899,0.04836521583149339,0.0660205448752596,-0.015943427848074208,0.7740232312565998,0.6570289132602194
Traders_Tot_All,True,False,343.41158858753084,353.185443668993,69.00553203970136,0.14163871783263562,0.14163871783263562,0.022253634356266327,0.05007231185511678,-0.05130053770736969,0.05195962057537454,0.0007039774727208729,0.0
weather_colombia_huila_rain_sum,False,True,3.444772967265047,4.355034895314058,6.427419230503126,0.14162168288776109,0.14162168288776109,-0.000487491341516381,0.03304065644527307,-0.0027360339934506825,0.032154914993611346,0.0,0.0
weather_colombia_huila_precipitation_sum,False,True,3.444772967265047,4.355034895314058,6.427419230503126,0.14162168288776109,0.14162168288776109,-0.000487491341516381,0.03304065644527307,-0.0027360339934506825,0.032154914993611346,0.0,0.0
Traders_NonComm_Short_Old,True,False,71.933090578061,76.23368740515933,30.824190779728827,0.13952018587707968,0.13952018587707968,0.0017219246694372867,-0.044022429454036935,0.002416159408559335,-0.05053292021954012,0.22668074621612108,0.34297108673978066
NonRept_Positions_Short_Old,True,False,5617.6423036280385,5902.0518444666,2077.75991930797,0.13688277370048071,0.13688277370048071,0.023916055912383036,0.03380406261069808,0.03756101020693741,0.02409294656901988,0.0007039774727208729,0.0
Conc_Net_LE_8_TDR_Short_Other,True,False,44.869672419866156,42.98035892323031,13.8428161077496,-0.13648331971831598,0.13648331971831598,-0.003484938596521412,0.13402939366014985,0.025637678920786413,0.14657890200036114,0.0007039774727208729,0.0
NonComm_Positions_Short_All,True,False,29879.010923987255,26345.752655538694,26389.773399902828,-0.13388740459823617,0.13388740459823617,0.011324106369788329,0.048118696483861106,-0.05374757155264103,0.03027061206558507,0.22668074621612108,0.34297108673978066
Traders_Prod_Merc_Long_Other,True,False,56.429127725856695,52.997093023255815,26.275839831762212,-0.1306156044706986,0.1306156044706986,-0.0035893245050948107,-0.05021085977675539,-0.02608614099304328,-0.052134048716455335,0.7740232312565998,0.6570289132602194
weather_brazil_minas_gerais_relative_humidity_2m_mean_roll5,False,True,73.3181599483659,72.15393818544366,8.968711924979507,-0.12980924938392407,0.12980924938392407,-0.013828261663930391,0.04871379424945927,0.08712665331000695,0.03844394850732774,0.00017599436818021823,0.0
weather_brazil_minas_gerais_wind_speed_10m_mean,False,True,8.029267863428371,8.326719840478566,2.302187519395588,0.1292040611567066,0.1292040611567066,0.012896173595363741,-0.08351479354489681,-0.026373509408996753,-0.08304142453117314,0.0,0.0
Comm_Positions_Long_Old,True,False,53851.652025489304,57748.128983308045,30368.42239258362,0.12830686123393467,0.12830686123393467,0.0046558088143719995,-0.02271202535850662,-0.013727868544017356,-0.0038778328639418056,0.22668074621612108,0.34297108673978066
Traders_NonComm_Short_All,True,False,73.02844788347747,76.61608497723824,28.777597405880556,0.12466770742395822,0.12466770742395822,0.01664840980004293,-0.00701702180862798,-0.02446680521887369,-0.02196801814537558,0.22668074621612108,0.34297108673978066
managed_money_weekly_net_change,True,False,-184.5303738317757,547.4389534883721,6102.866686318054,0.11993860671430712,0.11993860671430712,-0.005368170185286091,0.03277160758445817,0.022483535460279338,0.057251818656787,0.7740232312565998,0.6570289132602194
close_vs_ma_60,False,False,0.005003797035464434,0.014541621303879393,0.08252847957207694,0.11557009553393044,0.11557009553393044,-0.07052965395568433,-0.008805178998472692,0.012601648248773958,0.061678049827179386,0.0051038366772263285,0.0
Swap_Positions_Spread_Old,True,False,2520.0895638629286,2856.3517441860463,2945.0138585755403,0.11418016908272302,0.11418016908272302,0.054106854051008096,0.10669278042255952,0.037584791863906016,0.06860867968923469,0.7740232312565998,0.6570289132602194
noncommercial_weekly_net_change,True,False,91.80200273099682,-470.92109256449163,4999.579182558566,-0.11255409200410171,0.11255409200410171,-0.033178242333691384,-0.016554091087646456,0.0342892381778,0.0165491642048961,0.22668074621612108,0.34297108673978066
NonRept_Positions_Short_All,True,False,6895.865269461078,7100.597208374876,1855.7119981001226,0.11032527629470625,0.11032527629470625,0.05099961361280275,0.07164826641413329,0.03259996935361422,0.046859322011785054,0.0007039774727208729,0.0
Pct_of_OI_Swap_Long_Other,True,False,13.93613707165109,13.002906976744185,8.567554815139795,-0.1089260722625068,0.1089260722625068,-0.0282824656499114,-0.10970207482685693,-0.07577585740507026,-0.08693408278735767,0.7740232312565998,0.6570289132602194
Pct_of_OI_Comm_Short_All,True,False,60.88884842967683,59.620485584218514,11.65971343006993,-0.10878164828539065,0.10878164828539065,-0.0261732078175873,-0.02039486638275776,0.03541855887394809,-0.006499306625707394,0.22668074621612108,0.34297108673978066
commercial_weekly_net_change,True,False,-79.2938097405553,462.4476479514416,5053.409852034657,0.10720315065556679,0.10720315065556679,0.03621653372910522,0.02564706710688709,-0.03737998045408585,-0.007628559584683167,0.22668074621612108,0.34297108673978066
M_Money_Positions_Short_Other,True,False,6195.510903426792,4594.363372093023,14943.84059502179,-0.10714431281254136,0.10714431281254136,0.05223470993801583,0.04497341307169908,0.08500443058331934,0.06152983773195453,0.7740232312565998,0.6570289132602194
weather_brazil_minas_gerais_relative_humidity_2m_mean,False,True,73.30922210489264,72.18843469591226,10.693203647788266,-0.10481306125804452,0.10481306125804452,-0.003651602738081331,0.051518966474140566,0.08660385826781865,0.039646809283782794,0.0,0.0
Change_in_M_Money_Short_All,True,False,329.9392523364486,-183.75290697674419,4973.780733514813,-0.10328001712093626,0.10328001712093626,0.023329871713978243,-0.053143756979162335,-0.013671460216745866,-0.07376239472521562,0.7740232312565998,0.6570289132602194
Change_in_M_Money_Spread_All,True,False,112.45171339563863,-128.70639534883722,2431.598180222097,-0.0991767927390244,0.0991767927390244,0.06043239896228126,0.11828209959523565,0.09860778555903106,0.09714882259446796,0.7740232312565998,0.6570289132602194
Traders_Tot_Old,True,False,323.9552659387108,332.5473579262213,87.12815615995665,0.09861441313800424,0.09861441313800424,-0.004378045250172351,0.043423105596614005,0.03902091874125619,0.045930857146353504,0.0007039774727208729,0.0
range_pct,False,False,0.02398648433990916,0.025469135239748353,0.015336508763224779,0.09667460324441145,0.09667460324441145,-0.014812832105491384,0.06168281947161492,0.1038841655949505,0.06712262179756624,0.0,0.0
Comm_Positions_Long_All,True,False,74905.34956759217,78489.27617602427,37737.761890900125,0.09496924112228042,0.09496924112228042,0.023306050028358193,0.03818141341667803,-0.07310079526335446,0.009159963929563862,0.22668074621612108,0.34297108673978066
Change_in_NonComm_Long_All,True,False,5.043468365953573,-250.63732928679818,2823.4875888714587,-0.09055495716024974,0.09055495716024974,-0.04247972923952924,-0.023469931467964448,0.00909215528615577,0.0005551467419380921,0.22668074621612108,0.34297108673978066
return_20d,False,False,0.006461441378984725,0.014434376841305139,0.09158139467013786,0.08705846303212247,0.08705846303212247,-0.07497712388454797,-0.053502412313412455,0.034900684233518345,0.02633780800655285,0.0035198873636043647,0.0
Swap__Positions_Spread_All,True,False,5181.623831775701,4838.575581395349,3946.1571088536048,-0.0869322332886057,0.0869322332886057,0.01501281450269827,0.06500240225703402,-0.030500665784285858,0.051481876409500055,0.7740232312565998,0.6570289132602194
Swap_Positions_Spread_Other,True,False,1065.4797507788162,929.4273255813954,1598.1094009556582,-0.08513336140571003,0.08513336140571003,-0.01016914203882909,-0.08193483780262094,-0.029243324654900787,-0.043324038444834095,0.7740232312565998,0.6570289132602194
Change_in_Comm_Short_All,True,False,143.30837505689576,-229.1122913505311,4388.279351108196,-0.0848671282317926,0.0848671282317926,-0.015611731259996075,-0.04069908832996645,0.011455231038165767,-0.019322334234068077,0.22668074621612108,0.34297108673978066
Pct_of_OI_NonComm_Spread_Other,True,False,9.226376877560309,9.726100151745069,5.942977249164446,0.0840863515429103,0.0840863515429103,0.04009203251144433,-0.040492551446978074,0.00999281243891471,-0.05205052413373258,0.22668074621612108,0.34297108673978066
NonRept_Positions_Long_Other,True,False,2018.0773159563225,1814.0408773678962,2466.142252269769,-0.08273506461382625,0.08273506461382625,0.04654052108671949,0.01670558421059475,-0.013126173445976348,0.007872358559072182,0.0007039774727208729,0.0
Change_in_M_Money_Long_All,True,False,145.40887850467288,363.6860465116279,2692.8932034910426,0.08105674882464053,0.08105674882464053,0.030924523612050423,-0.007038216370519008,0.02555578873073824,0.013143121120703509,0.7740232312565998,0.6570289132602194
Prod_Merc_Positions_Short_Other,True,False,26309.72429906542,24198.168604651164,26680.03187118101,-0.07914367211439113,0.07914367211439113,-0.004567632152123038,-0.08287423209653329,-0.0765321071877848,-0.04855549406634985,0.7740232312565998,0.6570289132602194
Change_in_NonComm_Short_All,True,False,-86.75853436504325,220.28376327769348,4204.976298400821,0.07301879388939882,0.07301879388939882,0.010924261669785334,0.001499864523202024,-0.04038381172374152,-0.023105914340104904,0.22668074621612108,0.34297108673978066
Traders_M_Money_Short_Other,True,False,13.762854144805877,14.863924050632912,15.621387146572983,0.07048477164645317,0.07048477164645317,0.06883579213484943,-0.06965528206949742,0.0587038463173848,-0.04771034344405582,0.832277367124252,0.6849451645064806
close_vs_ma_20,False,False,0.0017203243613044747,0.004765879866045961,0.050738083191250144,0.06002504062405529,0.06002504062405529,-0.04840710013616694,0.030618669245497738,0.09202952518484026,0.09340193114259879,0.0015839493136219642,0.0
Other_Rept_Positions_Long_Old,True,False,13522.152647975077,13098.058139534884,7321.295605971949,-0.057926155596594364,0.057926155596594364,0.12095298268201772,0.11600962701592563,0.04487845870208806,0.07236675669792683,0.7740232312565998,0.6570289132602194
Traders_Other_Rept_Spread_Other,True,False,16.686609686609685,17.33139534883721,11.169816964631343,0.057725714241263236,0.057725714241263236,-0.004467069580480128,-0.06356785694665089,0.03897848525595753,-0.030671413307305936,0.8146779303062301,0.6570289132602194
return_10d,False,False,0.0033544320691115364,0.007065163093609336,0.06548939297253885,0.05666155778927117,0.05666155778927117,-0.03544205150423599,0.0424821796587203,0.09483414329798598,0.09293956509745557,0.0017599436818021823,0.0
volume_change_pct,False,False,41.45436300142689,73.23822233012673,614.3371072375469,0.05173683789283123,0.05173683789283123,0.013170855879928348,-0.04133856473156565,-0.00902837472407813,-0.03859488327174965,0.032206969376979935,0.045862412761714856
NonRept_Positions_Short_Other,True,False,1278.2229658330398,1198.5453639082752,1559.6681691655667,-0.05108625251189976,0.05108625251189976,0.02881944593452751,0.019588390124455114,-0.023167176409608334,0.009941002178920862,0.0007039774727208729,0.0
close_to_open_pct,False,False,-0.0008209594714344984,0.00012670057886873654,0.01888595869205916,0.050178021976808124,0.050178021976808124,-0.02292047929019313,0.029601624845529546,0.049175009648596966,0.04276397736468262,0.0,0.0
weather_vietnam_dak_lak_soil_moisture_0_to_100cm_mean,False,True,0.37043541006687786,0.3670398803589232,0.06776012132891411,-0.05011103347162591,0.05011103347162591,0.032153371214439105,-0.06885920833626658,-0.11115868985854148,-0.10220823881691644,0.0,0.0
open_interest_change_pct,False,False,0.0007249399305203649,-0.0012395244154433608,0.03953658129077637,-0.04968725878233742,0.04968725878233742,-0.003734244862968663,-0.04418960638932097,0.06852723699857491,-0.042466275318236824,0.0007039774727208729,0.0
Traders_Tot_Rept_Long_Old,True,False,236.6215357458076,240.23123123123122,72.81033397718954,0.04957669177227639,0.04957669177227639,-0.010345966529182427,0.029523456931825728,0.017020420475364787,0.031207356728441913,0.00299190425906371,0.003988035892323031
Pct_of_OI_Swap_Spread_All,True,False,2.5947819314641745,2.5183139534883723,1.5845845065538815,-0.048257431307405,0.048257431307405,-0.05487187478757913,0.022804772661019854,-0.03713223990736611,0.013506678723238042,0.7740232312565998,0.6570289132602194
weather_vietnam_dak_lak_soil_moisture_0_to_100cm_mean_roll5,False,True,0.37040437129613324,0.36718923230309075,0.06733898789663519,-0.047745579395664525,0.047745579395664525,0.026007716687122633,-0.06841873923863866,-0.09786536321634536,-0.10316239824830958,0.00017599436818021823,0.0
weather_brazil_minas_gerais_temperature_2m_min,False,True,15.470837733192536,15.624127617148554,3.2346510479936734,0.047389929139682097,0.047389929139682097,0.02552263091091635,0.04739347925877146,0.024152959106938605,0.05405154604760574,0.0,0.0
Change_in_Comm_Long_All,True,False,64.01456531634047,233.33535660091047,3646.8371895594773,0.046429490126216263,0.046429490126216263,0.03139935908236882,-0.014585231517109715,-0.030030744918890358,-0.029339124436898362,0.22668074621612108,0.34297108673978066
weather_brazil_minas_gerais_temperature_2m_min_roll5,False,True,15.473146159713664,15.609890329012963,2.9703217747896082,0.04603682013844581,0.04603682013844581,0.014720296026977756,0.059539490126091645,0.00508653878050089,0.0661816126375844,0.00017599436818021823,0.0
Traders_Other_Rept_Spread_Old,True,False,37.32209405501331,36.61371841155235,16.753676722155838,-0.04228180209089104,0.04228180209089104,0.009897332319351615,0.1744621922129794,0.05533292157957005,0.15296862957912347,0.801654347060894,0.7238285144566301
Change_in_NonComm_Spead_All,True,False,-2.2942649066909424,116.46282245827011,2822.555281394824,0.04207431760425071,0.04207431760425071,-0.04246783104103675,-0.12437928960852009,0.06571961772564036,-0.10330690633122064,0.22668074621612108,0.34297108673978066
Change_in_Other_Rept_Spread_All,True,False,105.99143302180686,183.2906976744186,1968.1204752034005,0.03927567729034629,0.03927567729034629,-0.03235746137392813,0.09118835376330889,0.15214254562342142,0.06963378632911472,0.7740232312565998,0.6570289132602194
Traders_Other_Rept_Short_Other,True,False,18.898525585429315,19.296511627906977,10.22257202112034,0.038932084964077816,0.038932084964077816,-0.03181363595032089,-0.08905184386257028,-0.05593556443761886,-0.03933391965544212,0.7970784934882084,0.6570289132602194
Pct_of_OI_Prod_Merc_Long_Old,True,False,24.523364485981308,24.022093023255817,13.376308411040196,-0.037474574248883515,0.037474574248883515,0.02676101002772128,-0.16345214510406103,-0.027575488054190713,-0.16914558073356967,0.7740232312565998,0.6570289132602194
close_vs_ma_10,False,False,0.0008091364563091922,0.0021200605250913363,0.03506281842160285,0.03738786919577634,0.03738786919577634,-0.04290732532482947,0.0820303863989917,0.11763950055312138,0.12071833130323921,0.0007039774727208729,0.0
Pct_of_OI_Other_Rept_Long_Old,True,False,9.713239875389409,9.875581395348837,4.457315959939676,0.03642136241147803,0.03642136241147803,0.0517117092621709,0.031642287589285105,0.044515313932456925,0.03400689660504377,0.7740232312565998,0.6570289132602194
weather_brazil_minas_gerais_soil_temperature_0_to_100cm_mean_diff5,False,True,-0.002060947683635724,0.02412761714855434,0.7383158328330757,0.03547068025305504,0.03547068025305504,0.027586535984468655,0.0340885296755751,0.0033064137505599204,0.04102960392660011,0.0008799718409010912,0.0
weather_vietnam_dak_lak_soil_moisture_0_to_100cm_mean_roll20,False,True,0.37023181340536865,0.36792617148554335,0.06543628960938443,-0.035234912211383036,0.035234912211383036,0.02230402230752505,-0.04560846257936116,-0.07415732883945739,-0.08296435180142055,0.0015839493136219642,0.0
return_5d,False,False,0.0017161304937406928,0.0033076965476748136,0.04704428634090194,0.033831229629056096,0.033831229629056096,-0.0415081888087175,0.09233303546518896,0.10733748133009062,0.12398985130226324,0.0008799718409010912,0.0
weather_brazil_minas_gerais_temperature_2m_min_roll20,False,True,15.478771943337787,15.570019940179462,2.7498223700682356,0.03318323315531497,0.03318323315531497,0.008807715996601387,0.01247431135377862,0.008969331457303248,0.01996096541584623,0.0015839493136219642,0.0
Conc_Net_LE_4_TDR_Long_Other,True,False,32.77467418104967,32.27447657028914,15.50427613597235,-0.03226191318922612,0.03226191318922612,-0.016539107800628804,0.06933764858150189,-0.015553377364478758,0.08032384345964207,0.0007039774727208729,0.0
Change_in_Other_Rept_Long_All,True,False,10.907320872274143,68.37209302325581,1801.8971499579668,0.0318912609148209,0.0318912609148209,0.017444263532813416,-0.034337769106798866,-0.030550796679812885,-0.09933414052160756,0.7740232312565998,0.6570289132602194
Change_in_Tot_Rept_Long_All,True,False,166.86033814723496,-27.922233300099702,6150.770405198145,-0.03166799581442998,0.03166799581442998,-0.0022093159818390826,-0.03575929117197604,0.0719796060388217,-0.03344776379418299,0.0007039774727208729,0.0
Change_in_Open_Interest_All,True,False,168.2962310672772,-31.531405782652044,6449.5082531984235,-0.030983391136964786,0.030983391136964786,-0.007019783716541591,-0.03162146986664791,0.07990660504156766,-0.029520039196499353,0.0007039774727208729,0.0
Change_in_Tot_Rept_Short_All,True,False,160.7016555125044,-29.351944167497507,6355.926938337362,-0.029901791119348167,0.029901791119348167,-0.0019285805493058762,-0.03943314462286812,0.07387557601036136,-0.03655935434790087,0.0007039774727208729,0.0
Other_Rept_Positions_Spread_Othr,True,False,3099.948598130841,2994.9796511627906,3706.597794492725,-0.028319486706654243,0.028319486706654243,-0.011575696356298197,-0.07301617794600299,0.03199676087767286,-0.03924978639230892,0.7740232312565998,0.6570289132602194
weather_colombia_huila_soil_temperature_0_to_100cm_mean_diff5,False,True,0.007503963360930068,0.021535393818544375,0.5399997930142153,0.025984140436966674,0.025984140436966674,-0.004978746174658035,-0.05414808359788258,-0.008110119982561146,-0.052436232833213955,0.0008799718409010912,0.0
Conc_Net_LE_8_TDR_Long_Other,True,False,43.42935892920042,43.01335992023928,16.30542744665596,-0.025512916501091373,0.025512916501091373,-0.015452080680010655,0.07769859953978103,-0.013950742392172064,0.08992377518836873,0.0007039774727208729,0.0
Swap_Positions_Long_Other,True,False,8363.591121495327,8085.950581395349,11212.61076296926,-0.02476145350705586,0.02476145350705586,-0.0017258960821578753,-0.0877948698138213,-0.07494031082241946,-0.056650185143155125,0.7740232312565998,0.6570289132602194
NonComm_Positions_Short_Old,True,False,29920.880518889393,30536.312594840667,25176.121032555984,0.024445071389490085,0.024445071389490085,0.014510030664989484,0.02417564693501557,-0.029220143620054543,0.006494832393932743,0.22668074621612108,0.34297108673978066
close_vs_ma_5,False,False,0.00033147294634211716,0.0008709004397465604,0.022995072120230418,0.02345839537201843,0.02345839537201843,-0.03071509125878916,0.07182062652926162,0.1065915060007219,0.09807187913567558,0.00017599436818021823,0.0
volume_vs_ma_20,False,False,0.565136636504564,0.6269509355997521,2.66607778229038,0.023185482248790405,0.023185482248790405,0.0028507610158344187,-0.02985233716142219,-0.04379800731766466,-0.030349608096940952,0.0015839493136219642,0.0
quarter,False,False,2.4917282646955297,2.5174476570289133,1.1098851120183892,0.023173022193811958,0.023173022193811958,0.03616898816003437,0.010101392427300394,0.0018450840906433768,0.00784170608583799,0.0,0.0
weather_vietnam_dak_lak_soil_moisture_0_to_100cm_mean_diff5,False,True,6.764135987317241e-05,-0.0003928215353938183,0.020207957015237973,-0.02278621707873661,0.02278621707873661,0.035504040260631135,-0.03320308663399486,-0.12088366860940286,-0.020524313818377205,0.0008799718409010912,0.0
month_cos,False,False,-0.02158706030443037,-0.005910471814831106,0.7054995797206272,0.022220549721386203,0.022220549721386203,0.027817843961028252,0.03501014479625948,-0.011193875176874207,0.03672578567676615,0.0,0.0
month,False,False,6.473424850404787,6.5423728813559325,3.408638268893092,0.020227441433242885,0.020227441433242885,0.0345178699406537,-0.0035514407485975033,-0.008471655717026008,-0.007002657453327483,0.0,0.0
return_2d,False,False,0.000694415318932244,0.0013001654933267358,0.030108524188102035,0.020118892929128215,0.020118892929128215,-0.02452857560326251,0.06486000283767361,0.09254499273245785,0.08622244781315841,0.00035198873636043646,0.0
volume_vs_ma_5,False,False,-0.037335625181872695,-0.02096607337717617,0.8188409411468556,0.019991125238278378,0.019991125238278378,-0.0033783298574214934,-0.030561338256154345,-0.014975985713670805,-0.032405963628754975,0.00017599436818021823,0.0
weather_vietnam_dak_lak_vapour_pressure_deficit_max_roll20,False,True,1.9210582201459308,1.9053509471585242,0.7894364062300093,-0.019896818620789757,0.019896818620789757,-0.017804638560519937,-0.002239283396773829,-0.001220181976887688,0.011168279322524377,0.0015839493136219642,0.0
weather_colombia_huila_relative_humidity_2m_mean_roll5,False,True,65.03478554245144,65.2406779661017,10.363830313597521,0.019866441018444744,0.019866441018444744,-0.029757619137615085,-0.01939043670116865,0.04512085381285596,-0.012116830787907913,0.00017599436818021823,0.0
weather_vietnam_dak_lak_soil_temperature_0_to_100cm_mean_diff5,False,True,0.002695085432446715,0.013758723828514457,0.5767195945140244,0.019183739379256864,0.019183739379256864,-0.06594457536928666,0.04498003489668578,0.1429114379157862,0.04938693414412648,0.0008799718409010912,0.0
weather_colombia_huila_relative_humidity_2m_mean,False,True,65.02516719464977,65.24327018943171,11.55725056741017,0.01887152947924863,0.01887152947924863,-0.02418766642968627,-0.02305174594803181,0.03508037309429243,-0.016210776526793903,0.0,0.0
Change_in_Swap_Short_All,True,False,-41.574766355140184,-23.063953488372093,984.0085355275035,0.01881163851576235,0.01881163851576235,-0.008183959165348472,0.07158204309749755,0.11779976479578443,0.10669776381509043,0.7740232312565998,0.6570289132602194
weather_brazil_minas_gerais_temperature_2m_min_diff5,False,True,-0.007327813986260358,0.03718843469591226,2.5256197881151423,0.01762587104031002,0.01762587104031002,0.02951045028217499,0.006062971708554517,0.047184477674660115,0.005542097172596413,0.0008799718409010912,0.0
weather_vietnam_dak_lak_vapour_pressure_deficit_max_roll5,False,True,1.920379305286628,1.9063728813559322,0.8576854984917389,-0.01633048938722467,0.01633048938722467,-0.022787886399190382,0.01845991080944367,0.051110346487588706,0.031772081135247404,0.00017599436818021823,0.0
weather_colombia_huila_relative_humidity_2m_mean_roll20,False,True,65.06093814095013,65.20473579262213,8.992735490990835,0.015990423805533158,0.015990423805533158,-0.027776980340113548,-0.03825624695009415,0.039928503010660595,-0.027776882317535175,0.0015839493136219642,0.0
weather_vietnam_dak_lak_vapour_pressure_deficit_max,False,True,1.9202463921154522,1.9064606181455634,0.9295334683401587,-0.01483085272282411,0.01483085272282411,-0.03323130605934812,0.022652239657688727,0.03215016494691959,0.03547342990245363,0.0,0.0
return_1d,False,False,0.0003506240371350576,0.0006643356294032681,0.02140315580284201,0.014657258731282718,0.014657258731282718,-0.024040527415330852,0.010026309854229878,0.05659675329577585,0.02579133476720488,0.00017599436818021823,0.0
Pct_of_OI_Comm_Short_Old,True,False,58.867045971779696,58.67359635811835,13.973009397976753,-0.013844520400118972,0.013844520400118972,-0.007793311170513828,0.011763790294306894,0.026515119427268283,0.037094364161455284,0.22668074621612108,0.34297108673978066
volume_vs_ma_10,False,False,0.10937513993736542,0.13053790030910145,1.5583937753444823,0.013579854274673302,0.013579854274673302,0.006586255005337774,-0.037601197262196656,-0.04360254886129876,-0.040100037556131514,0.0007039774727208729,0.0
month_sin,False,False,0.0003259314138438056,-0.008829916710419734,0.7085055955397086,-0.01292276050027384,0.01292276050027384,-0.018835736895701526,-0.024593804751792504,-0.011572730608334851,-0.01769018714661188,0.0,0.0
days_since_cot_release,False,False,3.6368439591405424,3.610169491525424,2.081786109480891,-0.012813260446708412,0.012813260446708412,-0.001341381629211307,-0.002975268408595379,0.016166710890602606,-0.001791949338103962,0.0007039774727208729,0.0
Comm_Positions_Long_Other,True,False,21053.69754210287,20741.14719271624,24758.809615201826,-0.012623803577160914,0.012623803577160914,0.029812766017652786,0.05589320549126663,-0.037883913738045255,0.011511023950164378,0.22668074621612108,0.34297108673978066
weather_brazil_minas_gerais_temperature_2m_mean_diff5,False,True,-0.004333274616875115,0.024027916251246267,2.301935385481009,0.012320585124588572,0.012320585124588572,0.02029743718287979,-0.01955880133899297,0.035199381248823186,-0.014821332262004059,0.0008799718409010912,0.0
weather_brazil_minas_gerais_precipitation_sum_roll20,False,True,3.250668774792756,3.287911266201396,3.1592240369972533,0.011788493304842622,0.011788493304842622,0.0005002736157056552,0.05207066984539131,0.0560664977698163,0.05432153461596575,0.0015839493136219642,0.0
weather_brazil_minas_gerais_rain_sum_roll20,False,True,3.250668774792756,3.287911266201396,3.1592240369972533,0.011788493304842622,0.011788493304842622,0.0005002736157056552,0.05207066984539131,0.0560664977698163,0.05432153461596575,0.0015839493136219642,0.0
weather_brazil_minas_gerais_soil_moisture_0_to_100cm_mean_diff5,False,True,-0.00014919852034525277,6.679960119641071e-05,0.020308728118286094,0.010635728652410168,0.010635728652410168,-0.014344618515542428,-0.03923058992439746,0.02667410123495912,-0.04452510094549516,0.0008799718409010912,0.0
Change_in_Swap_Long_All,True,False,-59.058411214953274,-70.81976744186046,1148.2134805415062,-0.010243179013505785,0.010243179013505785,0.11977936203496185,-0.0008206086755680333,0.06743751554395046,-0.00837433467842047,0.7740232312565998,0.6570289132602194
weather_brazil_minas_gerais_relative_humidity_2m_mean_diff5,False,True,-0.02395631495508191,0.08374875373878365,11.270684077769905,0.009556213975183733,0.009556213975183733,0.010321302881221522,0.03987979097058005,0.04560748410148765,0.027637270851889776,0.0008799718409010912,0.0
weather_colombia_huila_soil_moisture_0_to_100cm_mean_diff5,False,True,-0.00018319534965650875,1.894317048853436e-05,0.02203616524542807,0.0091730352306639,0.0091730352306639,-0.024466248379166812,-0.10913780880431297,0.0593188833319542,-0.10946974488491955,0.0008799718409010912,0.0
weather_brazil_minas_gerais_rain_sum_roll5,False,True,3.255651293786302,3.2967696909272153,4.513752904177085,0.009109580877336458,0.009109580877336458,0.00444749253169042,0.06720459674701641,0.07201407563439638,0.061208981838970285,0.00017599436818021823,0.0
weather_brazil_minas_gerais_precipitation_sum_roll5,False,True,3.255651293786302,3.2967696909272153,4.513752904177085,0.009109580877336458,0.009109580877336458,0.00444749253169042,0.06720459674701641,0.07201407563439638,0.061208981838970285,0.00017599436818021823,0.0
Change_in_NonRept_Short_All,True,False,7.594575554772807,-2.1794616151545365,1099.124453763302,-0.008892566384508988,0.008892566384508988,-0.030038669266589005,0.09566048164274857,0.10706795480249445,0.08587593835639279,0.0007039774727208729,0.0
Change_in_Swap_Spread_All,True,False,-3.304517133956386,-15.781976744186046,1423.9656266743104,-0.008762472475807526,0.008762472475807526,0.02484124859549016,0.06334904935807337,0.042493176062796505,0.046624748829847566,0.7740232312565998,0.6570289132602194
weather_brazil_minas_gerais_rain_sum,False,True,3.2489968321013727,3.3097706879361914,6.947469039051053,0.008747625285296672,0.008747625285296672,0.015858738008428665,0.05866345995680252,0.035247205274510245,0.05326606106300428,0.0,0.0
weather_brazil_minas_gerais_precipitation_sum,False,True,3.2489968321013727,3.3097706879361914,6.947469039051053,0.008747625285296672,0.008747625285296672,0.015858738008428665,0.05866345995680252,0.035247205274510245,0.05326606106300428,0.0,0.0
weather_vietnam_dak_lak_wind_speed_10m_mean_diff5,False,True,-0.005055487053020968,0.034895314057826525,5.144377543972282,0.00776591546195093,0.00776591546195093,0.018310827774084847,-0.019718398596336523,0.0045351477657648315,-0.020839938515885705,0.0008799718409010912,0.0
weather_colombia_huila_wind_speed_10m_mean_diff5,False,True,0.0070107451118548575,-0.01096709870388832,2.9003256412495713,-0.006198560451300784,0.006198560451300784,-0.013073668473486852,-0.016565288465258343,0.010190687265119645,-0.02096247316512113,0.0008799718409010912,0.0
weather_brazil_minas_gerais_shortwave_radiation_sum_diff5,False,True,0.005013211203100207,-0.03397806580259224,6.774443525615172,-0.005755642785752168,0.005755642785752168,-0.002581918265223643,-0.03718050092943681,-0.0247185136242615,-0.03369743529880517,0.0008799718409010912,0.0
weather_brazil_minas_gerais_et0_fao_evapotranspiration_diff5,False,True,0.0010991720979390551,-0.005782652043868395,1.3639338044928817,-0.005045570480868132,0.005045570480868132,-0.00039557757040664676,-0.04594114507164549,-0.03138859549752122,-0.03938865094333668,0.0008799718409010912,0.0
weather_brazil_minas_gerais_precipitation_sum_diff5,False,True,-0.02048617227408842,0.02542372881355932,9.15925525992804,0.005012405461446702,0.005012405461446702,0.014594837759679583,0.032231033276625104,0.030536733495122696,0.02750754312728069,0.0008799718409010912,0.0
weather_brazil_minas_gerais_rain_sum_diff5,False,True,-0.02048617227408842,0.02542372881355932,9.15925525992804,0.005012405461446702,0.005012405461446702,0.014594837759679583,0.032231033276625104,0.030536733495122696,0.02750754312728069,0.0008799718409010912,0.0
weather_brazil_minas_gerais_wind_speed_10m_mean_diff5,False,True,0.001285890435088965,-0.013858424725822556,3.106091579478248,-0.004875682114773775,0.004875682114773775,0.004913368517771951,-0.048571895180933994,-0.03164533427435558,-0.04587544482755063,0.0008799718409010912,0.0
volume_vs_ma_60,False,False,0.0012886050914679896,-0.0032692666454888263,0.9462250978005092,-0.0048169000669624415,0.0048169000669624415,-0.03635077504595799,0.0816353473280709,0.0797053729225649,0.06979578069820479,0.0051038366772263285,0.0
weather_colombia_huila_et0_fao_evapotranspiration_diff5,False,True,0.003292231812577065,-0.0021834496510468554,1.140457063167845,-0.004801304354601595,0.004801304354601595,0.020325685399613047,-0.0017568132550890416,0.02206198213490317,-0.004622336399539336,0.0008799718409010912,0.0
weather_brazil_minas_gerais_temperature_2m_max_diff5,False,True,-0.0008807468733485952,0.013459621136590228,3.159700311730234,0.0045385215669666214,0.0045385215669666214,0.012476903930390484,-0.05282833150870571,0.009339882300965175,-0.0478934675791827,0.0008799718409010912,0.0
Change_in_NonRept_Long_All,True,False,1.4358929200422683,-3.609172482552343,1176.7059005951794,-0.004287448036117445,0.004287448036117445,-0.026926998192708437,0.043495530937028896,0.12924523338930424,0.04144913433685256,0.0007039774727208729,0.0
weather_colombia_huila_relative_humidity_2m_mean_diff5,False,True,-0.032235335564558744,0.007976071784646061,10.400905772931079,0.003866144759609031,0.003866144759609031,-0.00919913022971303,-0.009085941156266972,-0.0021486235704525148,-0.008224327001649113,0.0008799718409010912,0.0
Change_in_Prod_Merc_Short_All,True,False,21.434579439252335,35.70639534883721,4742.355567657214,0.0030094360715840086,0.0030094360715840086,0.04044682789145944,-0.016228218355996044,0.08417133908911732,-0.006738658454566943,0.7740232312565998,0.6570289132602194
weather_vietnam_dak_lak_relative_humidity_2m_mean_diff5,False,True,0.007750572485467676,-0.01296111665004985,7.66571284674153,-0.0027018608118514974,0.0027018608118514974,0.030978341793400213,-0.020770952440773822,-0.032397534531237074,-0.023271480375186147,0.0008799718409010912,0.0
weather_colombia_huila_vapour_pressure_deficit_max_diff5,False,True,0.002802536550995245,0.0006979062811565368,0.8201598693874734,-0.002566121982303921,0.002566121982303921,0.007988938989515205,0.008693964535641982,-0.0007538021337914866,0.007905748259845562,0.0008799718409010912,0.0
weather_colombia_huila_temperature_2m_min_diff5,False,True,0.003646292055663203,0.007178464606181451,1.557978314152803,0.0022671512937193685,0.0022671512937193685,-0.020788153543732635,-0.04046375316702236,0.016579849683268214,-0.03599280999377401,0.0008799718409010912,0.0
weather_vietnam_dak_lak_rain_sum_diff5,False,True,0.006323762550642935,0.0313060817547358,11.065080900003855,0.002257762001910367,0.002257762001910367,0.024005134786255197,0.01467554276011224,-0.00919352649686229,0.009435177875929504,0.0008799718409010912,0.0
weather_vietnam_dak_lak_precipitation_sum_diff5,False,True,0.006323762550642935,0.0313060817547358,11.065080900003855,0.002257762001910367,0.002257762001910367,0.024005134786255197,0.01467554276011224,-0.00919352649686229,0.009435177875929504,0.0008799718409010912,0.0
weather_vietnam_dak_lak_temperature_2m_min_diff5,False,True,0.0021314074335036124,0.00568295114656032,1.6616399289082313,0.0021373726348705544,0.0021373726348705544,-0.05030645686055716,-0.04995221414306204,0.046323677139112354,-0.04405360992325082,0.0008799718409010912,0.0
weather_colombia_huila_temperature_2m_max_diff5,False,True,0.00952968116963185,0.004386839481555354,2.572338709201622,-0.001999286357461332,0.001999286357461332,0.0052358533505359045,0.015609006637231623,0.008536347999745416,0.015172593171069016,0.0008799718409010912,0.0
weather_vietnam_dak_lak_shortwave_radiation_sum_diff5,False,True,0.0049691738594327866,-0.004466600199401788,5.489240428892545,-0.0017189580564133246,0.0017189580564133246,-0.02749766868272944,0.004324084532922268,0.010428062031401423,0.007172675059779499,0.0008799718409010912,0.0
day_of_week,False,False,2.0197113692361843,2.0219341974077767,1.397296174889228,0.0015908067391428866,0.0015908067391428866,0.0010997684735169844,-0.014695843491326084,-0.0341628592100297,-0.016578776423480136,0.0,0.0
weather_brazil_minas_gerais_vapour_pressure_deficit_max_diff5,False,True,0.0007609652985731901,-0.000259222333000991,0.6863337134982802,-0.0014864308885166508,0.0014864308885166508,0.0012120020582029524,-0.06498444478667566,-0.02130483439879295,-0.056124917296917966,0.0008799718409010912,0.0
weather_vietnam_dak_lak_temperature_2m_max_diff5,False,True,0.002096177558569664,-0.0015952143569292032,2.5098890058357273,-0.0014707391071541551,0.0014707391071541551,-0.05586363106173565,0.001032336027028021,0.04654129475095288,0.004038111538496121,0.0008799718409010912,0.0
weather_colombia_huila_shortwave_radiation_sum_diff5,False,True,0.005499383477188647,-0.0011764705882353027,4.728241387179998,-0.0014119105855138119,0.0014119105855138119,0.034471836706123034,0.016049064479813312,0.012527049715588316,0.015499461989309184,0.0008799718409010912,0.0
weather_vietnam_dak_lak_et0_fao_evapotranspiration_diff5,False,True,0.0007134049674123657,-0.0004486540378863509,1.2069226567097833,-0.000962828064282619,0.000962828064282619,-0.029832131493931942,0.004691930247270681,0.02864168646387408,0.006716405391074793,0.0008799718409010912,0.0
weather_colombia_huila_rain_sum_diff5,False,True,-0.005196406552756748,0.0025922233300099467,8.614859214097384,0.0009040925323563449,0.0009040925323563449,0.00692187113640122,0.04684148766077413,-0.024547372312824143,0.04695573367772593,0.0008799718409010912,0.0
weather_colombia_huila_precipitation_sum_diff5,False,True,-0.005196406552756748,0.0025922233300099467,8.614859214097384,0.0009040925323563449,0.0009040925323563449,0.00692187113640122,0.04684148766077413,-0.024547372312824143,0.04695573367772593,0.0008799718409010912,0.0
weather_vietnam_dak_lak_vapour_pressure_deficit_max_diff5,False,True,-7.926721860137368e-05,0.0004885343968095752,0.7165301668272797,0.0007924322543531068,0.0007924322543531068,-0.033929980304972227,0.02148758892071199,0.02689409608239005,0.02312076798490381,0.0008799718409010912,0.0
weather_colombia_huila_temperature_2m_mean_diff5,False,True,0.0070283600493218235,0.005782652043868395,1.6608989118198498,-0.0007500203634238666,0.0007500203634238666,-0.002012228998562029,0.0009464843166642558,0.014380726291223596,0.0013176550028883632,0.0008799718409010912,0.0
weather_vietnam_dak_lak_temperature_2m_mean_diff5,False,True,0.0016910339968293122,0.002492522432701891,1.6775516870736562,0.00047777272202605326,0.00047777272202605326,-0.07070116876473735,-0.03685414878391335,0.05106465912871477,-0.030785046048809977,0.0008799718409010912,0.0
