GLOBALEVENTID,SQLDATE,Actor1Code,Actor1Name,Actor1CountryCode,Actor1Type1Code,Actor2Code,Actor2Name,Actor2CountryCode,Actor2Type1Code,IsRootEvent,EventCode,EventBaseCode,EventRootCode,QuadClass,GoldsteinScale,NumMentions,NumSources,NumArticles,AvgTone,Actor1Geo_FullName,Actor1Geo_CountryCode,Actor2Geo_FullName,Actor2Geo_CountryCode,ActionGeo_FullName,ActionGeo_CountryCode,DATEADDED,keyword_relevant,coffee_country_relevant,coffee_country_name_relevant,event_date,trading_date,Close,Open,High,Low,Volume,return_1d,future_close_1d,future_close_5d,future_close_10d,future_close_20d,future_return_1d,future_return_5d,future_return_10d,future_return_20d,realized_vol_20d,abs_return_5d_p95,Open_Interest_All,managed_money_net,commercial_net,noncommercial_net,managed_money_weekly_net_change,commercial_weekly_net_change,noncommercial_weekly_net_change,open_interest_change_pct,event_to_trade_lag_days,event_summary,primary_country,relevance_score_0_1,event_intensity_score_0_1,price_response_score_0_1,impact_direction,direction_alignment_score_0_1,rule_impact_score_0_1,ollama_impact_score_0_1,ollama_direction,ollama_rationale,ollama_status,final_impact_score_0_1,impact_bucket
32312054,20000517,BEL,BRUSSELS,BEL,,MEX,MEXICO,MEX,,1,190,190,19,4,-10.0,18,1,18,7.15630885122411,Mexico,MX,Mexico,MX,Mexico,MX,20130203,False,True,True,2000-05-17,2000-05-17,91.8000030517578,92.25,92.25,90.3499984741211,296.0,-0.004878015699102511,91.5,101.8499984741211,94.4499969482422,88.1500015258789,-0.0032680069911179555,0.10947707067827661,0.028867034949773496,-0.039760363883876826,0.3697030467963628,0.07124223472322581,51422.0,,-17.0,-3335.0,,3144.0,-2757.0,0.0390105402356967,0,BRUSSELS -> MEXICO; event code 190; Goldstein -10.0; tone 7.15630885122411; Mexico,MX,0.65,0.7073239271407077,1.0,bullish,1.0,0.7967577425137699,,,,not_selected_for_ollama,0.7967577425137699,strong
32316296,20000517,IDN,INDONESIA,IDN,,,,,,1,120,120,12,3,-4.0,22,1,22,9.36561832624026,"Jakarta, Jakarta Raya, Indonesia",ID,,,"Jakarta, Jakarta Raya, Indonesia",ID,20130203,False,True,True,2000-05-17,2000-05-17,91.8000030517578,92.25,92.25,90.3499984741211,296.0,-0.004878015699102511,91.5,101.8499984741211,94.4499969482422,88.1500015258789,-0.0032680069911179555,0.10947707067827661,0.028867034949773496,-0.039760363883876826,0.3697030467963628,0.07124223472322581,51422.0,,-17.0,-3335.0,,3144.0,-2757.0,0.0390105402356967,0,"INDONESIA -> unknown target; event code 120; Goldstein -4.0; tone 9.36561832624026; Jakarta, Jakarta Raya, Indonesia",ID,0.65,0.7068919581873784,1.0,bullish,1.0,0.7966540699649708,,,,not_selected_for_ollama,0.7966540699649708,strong
32321715,20000517,RWA,RWANDAN,RWA,,UGA,UGANDAN,UGA,,1,190,190,19,4,-10.0,25,2,19,4.18249864826443,Rwanda,RW,"Kampala, Kampala, Uganda",UG,"Kampala, Kampala, Uganda",UG,20130203,False,True,True,2000-05-17,2000-05-17,91.8000030517578,92.25,92.25,90.3499984741211,296.0,-0.004878015699102511,91.5,101.8499984741211,94.4499969482422,88.1500015258789,-0.0032680069911179555,0.10947707067827661,0.028867034949773496,-0.039760363883876826,0.3697030467963628,0.07124223472322581,51422.0,,-17.0,-3335.0,,3144.0,-2757.0,0.0390105402356967,0,"RWANDAN -> UGANDAN; event code 190; Goldstein -10.0; tone 4.18249864826443; Kampala, Kampala, Uganda",UG,0.65,0.7017587787465001,1.0,bullish,1.0,0.79542210689916,,,,not_selected_for_ollama,0.79542210689916,strong
32322904,20000517,UGA,UGANDAN,UGA,,RWA,RWANDAN,RWA,,1,190,190,19,4,-10.0,25,2,19,4.18249864826443,"Kampala, Kampala, Uganda",UG,Rwanda,RW,"Kampala, Kampala, Uganda",UG,20130203,False,True,True,2000-05-17,2000-05-17,91.8000030517578,92.25,92.25,90.3499984741211,296.0,-0.004878015699102511,91.5,101.8499984741211,94.4499969482422,88.1500015258789,-0.0032680069911179555,0.10947707067827661,0.028867034949773496,-0.039760363883876826,0.3697030467963628,0.07124223472322581,51422.0,,-17.0,-3335.0,,3144.0,-2757.0,0.0390105402356967,0,"UGANDAN -> RWANDAN; event code 190; Goldstein -10.0; tone 4.18249864826443; Kampala, Kampala, Uganda",UG,0.65,0.7017587787465001,1.0,bullish,1.0,0.79542210689916,,,,not_selected_for_ollama,0.79542210689916,strong
32318824,20000517,MED,WRITER,,MED,,,,,1,120,120,12,3,-4.0,23,3,23,6.36641964796099,United Kingdom,UK,,,"Bombay, Maharashtra, India",IN,20130203,False,True,True,2000-05-17,2000-05-17,91.8000030517578,92.25,92.25,90.3499984741211,296.0,-0.004878015699102511,91.5,101.8499984741211,94.4499969482422,88.1500015258789,-0.0032680069911179555,0.10947707067827661,0.028867034949773496,-0.039760363883876826,0.3697030467963628,0.07124223472322581,51422.0,,-17.0,-3335.0,,3144.0,-2757.0,0.0390105402356967,0,"WRITER -> unknown target; event code 120; Goldstein -4.0; tone 6.36641964796099; Bombay, Maharashtra, India",IN,0.65,0.6994722763448719,1.0,bullish,1.0,0.7948733463227693,,,,not_selected_for_ollama,0.7948733463227693,strong
32315922,20000517,GOV,PRESIDENT,,GOV,VNM,VIETNAM,VNM,,0,190,190,19,4,-10.0,10,1,10,10.4596935376416,"Hanoi, Ha N?i, Vietnam, Republic Of",VM,"Hanoi, Ha N?i, Vietnam, Republic Of",VM,"Hanoi, Ha N?i, Vietnam, Republic Of",VM,20130203,False,True,True,2000-05-17,2000-05-17,91.8000030517578,92.25,92.25,90.3499984741211,296.0,-0.004878015699102511,91.5,101.8499984741211,94.4499969482422,88.1500015258789,-0.0032680069911179555,0.10947707067827661,0.028867034949773496,-0.039760363883876826,0.3697030467963628,0.07124223472322581,51422.0,,-17.0,-3335.0,,3144.0,-2757.0,0.0390105402356967,0,"PRESIDENT -> VIETNAM; event code 190; Goldstein -10.0; tone 10.4596935376416; Hanoi, Ha N?i, Vietnam, Republic Of",VM,0.65,0.6973112193211126,1.0,bullish,1.0,0.794354692637067,,,,not_selected_for_ollama,0.794354692637067,strong
32323753,20000517,VNM,VIETNAM,VNM,,GOV,PRESIDENT,,GOV,0,190,190,19,4,-10.0,10,1,10,10.4596935376416,"Hanoi, Ha N?i, Vietnam, Republic Of",VM,"Hanoi, Ha N?i, Vietnam, Republic Of",VM,"Hanoi, Ha N?i, Vietnam, Republic Of",VM,20130203,False,True,True,2000-05-17,2000-05-17,91.8000030517578,92.25,92.25,90.3499984741211,296.0,-0.004878015699102511,91.5,101.8499984741211,94.4499969482422,88.1500015258789,-0.0032680069911179555,0.10947707067827661,0.028867034949773496,-0.039760363883876826,0.3697030467963628,0.07124223472322581,51422.0,,-17.0,-3335.0,,3144.0,-2757.0,0.0390105402356967,0,"VIETNAM -> PRESIDENT; event code 190; Goldstein -10.0; tone 10.4596935376416; Hanoi, Ha N?i, Vietnam, Republic Of",VM,0.65,0.6973112193211126,1.0,bullish,1.0,0.794354692637067,,,,not_selected_for_ollama,0.794354692637067,strong
32314041,20000517,ERI,ERITREA,ERI,,ETH,ETHIOPIA,ETH,,1,120,120,12,3,-4.0,25,2,25,6.34574468085107,"Barentu, Gash Barka, Eritrea",ER,Ethiopia,ET,Ethiopia,ET,20130203,False,True,True,2000-05-17,2000-05-17,91.8000030517578,92.25,92.25,90.3499984741211,296.0,-0.004878015699102511,91.5,101.8499984741211,94.4499969482422,88.1500015258789,-0.0032680069911179555,0.10947707067827661,0.028867034949773496,-0.039760363883876826,0.3697030467963628,0.07124223472322581,51422.0,,-17.0,-3335.0,,3144.0,-2757.0,0.0390105402356967,0,ERITREA -> ETHIOPIA; event code 120; Goldstein -4.0; tone 6.34574468085107; Ethiopia,ET,0.65,0.6930933243725054,1.0,bullish,1.0,0.7933423978494013,,,,not_selected_for_ollama,0.7933423978494013,strong
32314054,20000517,ERI,ERITREA,ERI,,INT,INTERNATIONAL COMMUNITY,,INT,1,130,130,13,3,-4.4,25,2,25,6.34574468085107,"Barentu, Gash Barka, Eritrea",ER,Ethiopia,ET,"Barentu, Gash Barka, Eritrea",ER,20130203,False,True,True,2000-05-17,2000-05-17,91.8000030517578,92.25,92.25,90.3499984741211,296.0,-0.004878015699102511,91.5,101.8499984741211,94.4499969482422,88.1500015258789,-0.0032680069911179555,0.10947707067827661,0.028867034949773496,-0.039760363883876826,0.3697030467963628,0.07124223472322581,51422.0,,-17.0,-3335.0,,3144.0,-2757.0,0.0390105402356967,0,"ERITREA -> INTERNATIONAL COMMUNITY; event code 130; Goldstein -4.4; tone 6.34574468085107; Barentu, Gash Barka, Eritrea",ER,0.65,0.6930933243725054,1.0,bullish,1.0,0.7933423978494013,,,,not_selected_for_ollama,0.7933423978494013,strong
32314151,20000517,ETH,ETHIOPIA,ETH,,ERI,ERITREA,ERI,,1,190,190,19,4,-10.0,20,2,20,4.19866233249924,Ethiopia,ET,Ethiopia,ET,Ethiopia,ET,20130203,False,True,True,2000-05-17,2000-05-17,91.8000030517578,92.25,92.25,90.3499984741211,296.0,-0.004878015699102511,91.5,101.8499984741211,94.4499969482422,88.1500015258789,-0.0032680069911179555,0.10947707067827661,0.028867034949773496,-0.039760363883876826,0.3697030467963628,0.07124223472322581,51422.0,,-17.0,-3335.0,,3144.0,-2757.0,0.0390105402356967,0,ETHIOPIA -> ERITREA; event code 190; Goldstein -10.0; tone 4.19866233249924; Ethiopia,ET,0.65,0.691881414042657,1.0,bullish,1.0,0.7930515393702376,,,,not_selected_for_ollama,0.7930515393702376,strong
32313183,20000517,CRM,CRIMINAL,,CRM,,,,,0,190,190,19,4,-10.0,18,1,18,5.77319587628866,East Timor,TT,,,"Jakarta, Jakarta Raya, Indonesia",ID,20130203,False,True,True,2000-05-17,2000-05-17,91.8000030517578,92.25,92.25,90.3499984741211,296.0,-0.004878015699102511,91.5,101.8499984741211,94.4499969482422,88.1500015258789,-0.0032680069911179555,0.10947707067827661,0.028867034949773496,-0.039760363883876826,0.3697030467963628,0.07124223472322581,51422.0,,-17.0,-3335.0,,3144.0,-2757.0,0.0390105402356967,0,"CRIMINAL -> unknown target; event code 190; Goldstein -10.0; tone 5.77319587628866; Jakarta, Jakarta Raya, Indonesia",ID,0.65,0.6842720442251169,1.0,bullish,1.0,0.7912252906140281,,,,not_selected_for_ollama,0.7912252906140281,strong
32310605,20000517,,,,,COP,POLICE,,COP,0,173,173,17,4,-5.0,18,1,18,6.36942675159236,,,"New Delhi, Delhi, India",IN,"New Delhi, Delhi, India",IN,20130203,False,True,True,2000-05-17,2000-05-17,91.8000030517578,92.25,92.25,90.3499984741211,296.0,-0.004878015699102511,91.5,101.8499984741211,94.4499969482422,88.1500015258789,-0.0032680069911179555,0.10947707067827661,0.028867034949773496,-0.039760363883876826,0.3697030467963628,0.07124223472322581,51422.0,,-17.0,-3335.0,,3144.0,-2757.0,0.0390105402356967,0,"Unknown actor -> POLICE; event code 173; Goldstein -5.0; tone 6.36942675159236; New Delhi, Delhi, India",IN,0.65,0.6742092254801785,1.0,bullish,1.0,0.7888102141152429,,,,not_selected_for_ollama,0.7888102141152429,strong
32311522,20000517,,,,,VNMGOV,LE KHA PHIEU,VNM,GOV,0,190,190,19,4,-10.0,8,1,8,10.4596935376416,,,"Hanoi, Ha N?i, Vietnam, Republic Of",VM,"Hanoi, Ha N?i, Vietnam, Republic Of",VM,20130203,False,True,True,2000-05-17,2000-05-17,91.8000030517578,92.25,92.25,90.3499984741211,296.0,-0.004878015699102511,91.5,101.8499984741211,94.4499969482422,88.1500015258789,-0.0032680069911179555,0.10947707067827661,0.028867034949773496,-0.039760363883876826,0.3697030467963628,0.07124223472322581,51422.0,,-17.0,-3335.0,,3144.0,-2757.0,0.0390105402356967,0,"Unknown actor -> LE KHA PHIEU; event code 190; Goldstein -10.0; tone 10.4596935376416; Hanoi, Ha N?i, Vietnam, Republic Of",VM,0.65,0.673420238118966,1.0,bullish,1.0,0.7886208571485519,,,,not_selected_for_ollama,0.7886208571485519,strong
32323774,20000517,VNMGOV,LE KHA PHIEU,VNM,GOV,,,,,0,190,190,19,4,-10.0,8,1,8,10.4596935376416,"Hanoi, Ha N?i, Vietnam, Republic Of",VM,,,"Hanoi, Ha N?i, Vietnam, Republic Of",VM,20130203,False,True,True,2000-05-17,2000-05-17,91.8000030517578,92.25,92.25,90.3499984741211,296.0,-0.004878015699102511,91.5,101.8499984741211,94.4499969482422,88.1500015258789,-0.0032680069911179555,0.10947707067827661,0.028867034949773496,-0.039760363883876826,0.3697030467963628,0.07124223472322581,51422.0,,-17.0,-3335.0,,3144.0,-2757.0,0.0390105402356967,0,"LE KHA PHIEU -> unknown target; event code 190; Goldstein -10.0; tone 10.4596935376416; Hanoi, Ha N?i, Vietnam, Republic Of",VM,0.65,0.673420238118966,1.0,bullish,1.0,0.7886208571485519,,,,not_selected_for_ollama,0.7886208571485519,strong
32313353,20000517,CVL,CIVILIAN,,CVL,EDU,STUDENT,,EDU,0,173,173,17,4,-5.0,31,3,31,4.40219679905963,"Jakarta, Jakarta Raya, Indonesia",ID,"Jakarta, Jakarta Raya, Indonesia",ID,"Jakarta, Jakarta Raya, Indonesia",ID,20130203,False,True,True,2000-05-17,2000-05-17,91.8000030517578,92.25,92.25,90.3499984741211,296.0,-0.004878015699102511,91.5,101.8499984741211,94.4499969482422,88.1500015258789,-0.0032680069911179555,0.10947707067827661,0.028867034949773496,-0.039760363883876826,0.3697030467963628,0.07124223472322581,51422.0,,-17.0,-3335.0,,3144.0,-2757.0,0.0390105402356967,0,"CIVILIAN -> STUDENT; event code 173; Goldstein -5.0; tone 4.40219679905963; Jakarta, Jakarta Raya, Indonesia",ID,0.65,0.7391363200128703,1.0,bullish,1.0,0.8043927168030889,0.0,neutral,No direct relation to coffee market or economic indicators.,scored,0.3217570867212356,weak
32316312,20000517,IDN,ACEH,IDN,,CVL,CIVILIAN,,CVL,1,173,173,17,4,-5.0,35,3,28,4.05605065348239,"Jakarta, Jakarta Raya, Indonesia",ID,"Jakarta, Jakarta Raya, Indonesia",ID,"Jakarta, Jakarta Raya, Indonesia",ID,20130203,False,True,True,2000-05-17,2000-05-17,91.8000030517578,92.25,92.25,90.3499984741211,296.0,-0.004878015699102511,91.5,101.8499984741211,94.4499969482422,88.1500015258789,-0.0032680069911179555,0.10947707067827661,0.028867034949773496,-0.039760363883876826,0.3697030467963628,0.07124223472322581,51422.0,,-17.0,-3335.0,,3144.0,-2757.0,0.0390105402356967,0,"ACEH -> CIVILIAN; event code 173; Goldstein -5.0; tone 4.05605065348239; Jakarta, Jakarta Raya, Indonesia",ID,0.65,0.7366459181460248,1.0,bullish,1.0,0.803795020355046,0.0,neutral,No direct relation to coffee production or trade policies in Indonesia.,scored,0.3215180081420184,weak
32331663,20000518,MEX,MEXICO,MEX,,SWE,SWEDEN,SWE,,0,120,120,12,3,-4.0,21,3,21,8.43697736087321,Mexico,MX,Sweden,SW,Brazil,BR,20130203,False,True,True,2000-05-18,2000-05-18,91.5,91.25,93.0,91.0,0.0,-0.0032680069911179555,97.9499969482422,99.25,95.5500030517578,87.25,0.07049176992614425,0.08469945355191255,0.04426232843451139,-0.04644808743169404,0.3632179222783365,0.07716704813023859,51422.0,,-17.0,-3335.0,,3144.0,-2757.0,0.0390105402356967,0,MEXICO -> SWEDEN; event code 120; Goldstein -4.0; tone 8.43697736087321; Brazil,BR,0.65,0.7236223750304346,1.0,bullish,1.0,0.8006693700073043,,,,not_selected_for_ollama,0.8006693700073043,severe
32326480,20000518,COP,STATE PRISON,,COP,NGOHRIHRW,HUMAN RIGHTS WATCH,,NGO,0,173,173,17,4,-5.0,17,2,17,8.26542871102247,"Lai Chau, Vietnam (general), Vietnam, Republic Of",VM,"Lai Chau, Vietnam (general), Vietnam, Republic Of",VM,"Lai Chau, Vietnam (general), Vietnam, Republic Of",VM,20130203,False,True,True,2000-05-18,2000-05-18,91.5,91.25,93.0,91.0,0.0,-0.0032680069911179555,97.9499969482422,99.25,95.5500030517578,87.25,0.07049176992614425,0.08469945355191255,0.04426232843451139,-0.04644808743169404,0.3632179222783365,0.07716704813023859,51422.0,,-17.0,-3335.0,,3144.0,-2757.0,0.0390105402356967,0,"STATE PRISON -> HUMAN RIGHTS WATCH; event code 173; Goldstein -5.0; tone 8.26542871102247; Lai Chau, Vietnam (general), Vietnam, Republic Of",VM,0.65,0.7213083434411522,1.0,bullish,1.0,0.8001140024258766,,,,not_selected_for_ollama,0.8001140024258766,severe
32327439,20000518,ETH,ADDIS ABABA,ETH,,ERI,ERITREAN,ERI,,1,192,192,19,4,-9.5,25,3,25,3.89396341641871,"Addis Ababa, (ET10), Ethiopia",ET,"Barentu, Gash Barka, Eritrea",ER,"Barentu, Gash Barka, Eritrea",ER,20130203,False,True,True,2000-05-18,2000-05-18,91.5,91.25,93.0,91.0,0.0,-0.0032680069911179555,97.9499969482422,99.25,95.5500030517578,87.25,0.07049176992614425,0.08469945355191255,0.04426232843451139,-0.04644808743169404,0.3632179222783365,0.07716704813023859,51422.0,,-17.0,-3335.0,,3144.0,-2757.0,0.0390105402356967,0,"ADDIS ABABA -> ERITREAN; event code 192; Goldstein -9.5; tone 3.89396341641871; Barentu, Gash Barka, Eritrea",ER,0.65,0.7177942095215892,1.0,bullish,1.0,0.7992706102851814,,,,not_selected_for_ollama,0.7992706102851814,strong
32335766,20000518,VAT,VATICAN,VAT,,,,,,0,111,111,11,3,-2.0,20,2,11,10.7309888285626,Colombia,CO,,,Colombia,CO,20130203,False,True,True,2000-05-18,2000-05-18,91.5,91.25,93.0,91.0,0.0,-0.0032680069911179555,97.9499969482422,99.25,95.5500030517578,87.25,0.07049176992614425,0.08469945355191255,0.04426232843451139,-0.04644808743169404,0.3632179222783365,0.07716704813023859,51422.0,,-17.0,-3335.0,,3144.0,-2757.0,0.0390105402356967,0,VATICAN -> unknown target; event code 111; Goldstein -2.0; tone 10.7309888285626; Colombia,CO,0.65,0.7081607515974018,1.0,bullish,1.0,0.7969585803833764,,,,not_selected_for_ollama,0.7969585803833764,strong
32328247,20000518,GOV,GOVERNMENT,,GOV,,,,,1,173,173,17,4,-5.0,17,3,11,7.88092207789624,"Lai Chau, Vietnam (general), Vietnam, Republic Of",VM,,,"Lai Chau, Vietnam (general), Vietnam, Republic Of",VM,20130203,False,True,True,2000-05-18,2000-05-18,91.5,91.25,93.0,91.0,0.0,-0.0032680069911179555,97.9499969482422,99.25,95.5500030517578,87.25,0.07049176992614425,0.08469945355191255,0.04426232843451139,-0.04644808743169404,0.3632179222783365,0.07716704813023859,51422.0,,-17.0,-3335.0,,3144.0,-2757.0,0.0390105402356967,0,"GOVERNMENT -> unknown target; event code 173; Goldstein -5.0; tone 7.88092207789624; Lai Chau, Vietnam (general), Vietnam, Republic Of",VM,0.65,0.7068489764876026,1.0,bullish,1.0,0.7966437543570246,,,,not_selected_for_ollama,0.7966437543570246,strong
32330508,20000518,JUD,PROSECUTOR,,JUD,,,,,1,160,160,16,4,-4.0,29,3,23,3.26972329826324,"Jakarta, Jakarta Raya, Indonesia",ID,,,"Jakarta, Jakarta Raya, Indonesia",ID,20130203,False,True,True,2000-05-18,2000-05-18,91.5,91.25,93.0,91.0,0.0,-0.0032680069911179555,97.9499969482422,99.25,95.5500030517578,87.25,0.07049176992614425,0.08469945355191255,0.04426232843451139,-0.04644808743169404,0.3632179222783365,0.07716704813023859,51422.0,,-17.0,-3335.0,,3144.0,-2757.0,0.0390105402356967,0,"PROSECUTOR -> unknown target; event code 160; Goldstein -4.0; tone 3.26972329826324; Jakarta, Jakarta Raya, Indonesia",ID,0.65,0.7014309939251175,1.0,bullish,1.0,0.7953434385420283,,,,not_selected_for_ollama,0.7953434385420283,strong
32327404,20000518,ETH,ETHIOPIAN,ETH,,CVL,VILLAGE,,CVL,0,195,195,19,4,-10.0,17,3,17,4.60211093547375,"Addis Ababa, (ET10), Ethiopia",ET,"Addis Ababa, (ET10), Ethiopia",ET,"Addis Ababa, (ET10), Ethiopia",ET,20130203,False,True,True,2000-05-18,2000-05-18,91.5,91.25,93.0,91.0,0.0,-0.0032680069911179555,97.9499969482422,99.25,95.5500030517578,87.25,0.07049176992614425,0.08469945355191255,0.04426232843451139,-0.04644808743169404,0.3632179222783365,0.07716704813023859,51422.0,,-17.0,-3335.0,,3144.0,-2757.0,0.0390105402356967,0,"ETHIOPIAN -> VILLAGE; event code 195; Goldstein -10.0; tone 4.60211093547375; Addis Ababa, (ET10), Ethiopia",ET,0.65,0.6958169534049636,1.0,bullish,1.0,0.7939960688171913,,,,not_selected_for_ollama,0.7939960688171913,strong
32326134,20000518,CHR,CHRISTIAN,,,,,,,0,190,190,19,4,-10.0,36,2,36,0.929735378917404,"Java, Indonesia (general), Indonesia",ID,,,"Java, Indonesia (general), Indonesia",ID,20130203,False,True,True,2000-05-18,2000-05-18,91.5,91.25,93.0,91.0,0.0,-0.0032680069911179555,97.9499969482422,99.25,95.5500030517578,87.25,0.07049176992614425,0.08469945355191255,0.04426232843451139,-0.04644808743169404,0.3632179222783365,0.07716704813023859,51422.0,,-17.0,-3335.0,,3144.0,-2757.0,0.0390105402356967,0,"CHRISTIAN -> unknown target; event code 190; Goldstein -10.0; tone 0.929735378917404; Java, Indonesia (general), Indonesia",ID,0.65,0.6945272020399538,1.0,bullish,1.0,0.793686528489589,,,,not_selected_for_ollama,0.793686528489589,strong
32327378,20000518,ETH,ETHIOPIA,ETH,,,,,,0,111,111,11,3,-2.0,27,2,27,5.7569312849993,Ethiopia,ET,,,Ethiopia,ET,20130203,False,True,True,2000-05-18,2000-05-18,91.5,91.25,93.0,91.0,0.0,-0.0032680069911179555,97.9499969482422,99.25,95.5500030517578,87.25,0.07049176992614425,0.08469945355191255,0.04426232843451139,-0.04644808743169404,0.3632179222783365,0.07716704813023859,51422.0,,-17.0,-3335.0,,3144.0,-2757.0,0.0390105402356967,0,ETHIOPIA -> unknown target; event code 111; Goldstein -2.0; tone 5.7569312849993; Ethiopia,ET,0.65,0.6921027409827789,1.0,bullish,1.0,0.7931046578358669,,,,not_selected_for_ollama,0.7931046578358669,strong
32328190,20000518,GOV,GOVERNMENT,,GOV,,,,,1,110,110,11,3,-2.0,19,3,13,7.92153295940925,"Lai Chau, Vietnam (general), Vietnam, Republic Of",VM,,,"Lai Chau, Vietnam (general), Vietnam, Republic Of",VM,20130203,False,True,True,2000-05-18,2000-05-18,91.5,91.25,93.0,91.0,0.0,-0.0032680069911179555,97.9499969482422,99.25,95.5500030517578,87.25,0.07049176992614425,0.08469945355191255,0.04426232843451139,-0.04644808743169404,0.3632179222783365,0.07716704813023859,51422.0,,-17.0,-3335.0,,3144.0,-2757.0,0.0390105402356967,0,"GOVERNMENT -> unknown target; event code 110; Goldstein -2.0; tone 7.92153295940925; Lai Chau, Vietnam (general), Vietnam, Republic Of",VM,0.65,0.682911194083768,1.0,bullish,1.0,0.7908986865801043,,,,not_selected_for_ollama,0.7908986865801043,strong
32326218,20000518,CIV,ABIDJAN,CIV,,MIL,MILITARY,,MIL,1,110,110,11,3,-2.0,25,2,25,5.4935064935065,"Abidjan, Lagunes, Cote D'ivoire",IV,"Abidjan, Lagunes, Cote D'ivoire",IV,"Abidjan, Lagunes, Cote D'ivoire",IV,20130203,False,True,True,2000-05-18,2000-05-18,91.5,91.25,93.0,91.0,0.0,-0.0032680069911179555,97.9499969482422,99.25,95.5500030517578,87.25,0.07049176992614425,0.08469945355191255,0.04426232843451139,-0.04644808743169404,0.3632179222783365,0.07716704813023859,51422.0,,-17.0,-3335.0,,3144.0,-2757.0,0.0390105402356967,0,"ABIDJAN -> MILITARY; event code 110; Goldstein -2.0; tone 5.4935064935065; Abidjan, Lagunes, Cote D'ivoire",IV,0.65,0.6788893545834292,1.0,bullish,1.0,0.7899334451000231,,,,not_selected_for_ollama,0.7899334451000231,strong
32336056,20000518,tam,TAMIL,,,LKA,SRI LANKA,LKA,,1,160,160,16,4,-4.0,18,1,18,6.40913081650571,"Tamil Nadu, Tamil Nadu, India",IN,"Tamil Nadu, Tamil Nadu, India",IN,"Tamil Nadu, Tamil Nadu, India",IN,20130203,False,True,True,2000-05-18,2000-05-18,91.5,91.25,93.0,91.0,0.0,-0.0032680069911179555,97.9499969482422,99.25,95.5500030517578,87.25,0.07049176992614425,0.08469945355191255,0.04426232843451139,-0.04644808743169404,0.3632179222783365,0.07716704813023859,51422.0,,-17.0,-3335.0,,3144.0,-2757.0,0.0390105402356967,0,"TAMIL -> SRI LANKA; event code 160; Goldstein -4.0; tone 6.40913081650571; Tamil Nadu, Tamil Nadu, India",IN,0.65,0.674870959895401,1.0,bullish,1.0,0.7889690303748963,,,,not_selected_for_ollama,0.7889690303748963,strong
32327386,20000518,ETH,ETHIOPIA,ETH,,,,,,0,190,190,19,4,-10.0,26,3,19,8.27183985141241,Ethiopia,ET,,,Ethiopia,ET,20130203,False,True,True,2000-05-18,2000-05-18,91.5,91.25,93.0,91.0,0.0,-0.0032680069911179555,97.9499969482422,99.25,95.5500030517578,87.25,0.07049176992614425,0.08469945355191255,0.04426232843451139,-0.04644808743169404,0.3632179222783365,0.07716704813023859,51422.0,,-17.0,-3335.0,,3144.0,-2757.0,0.0390105402356967,0,ETHIOPIA -> unknown target; event code 190; Goldstein -10.0; tone 8.27183985141241; Ethiopia,ET,0.65,0.7877735240837871,1.0,bullish,1.0,0.8160656457801089,0.0,neutral,No direct relation to coffee production or trade,scored,0.3264262583120436,weak
32327271,20000518,ERI,ERITREA,ERI,,ETH,ETHIOPIA,ETH,,1,190,190,19,4,-10.0,32,2,32,6.86243046640993,"Asmara, Ma'akel, Eritrea",ER,Ethiopia,ET,Ethiopia,ET,20130203,False,True,True,2000-05-18,2000-05-18,91.5,91.25,93.0,91.0,0.0,-0.0032680069911179555,97.9499969482422,99.25,95.5500030517578,87.25,0.07049176992614425,0.08469945355191255,0.04426232843451139,-0.04644808743169404,0.3632179222783365,0.07716704813023859,51422.0,,-17.0,-3335.0,,3144.0,-2757.0,0.0390105402356967,0,ERITREA -> ETHIOPIA; event code 190; Goldstein -10.0; tone 6.86243046640993; Ethiopia,ET,0.65,0.7864476657529069,1.0,bullish,1.0,0.8157474397806977,0.0,neutral,No direct relation to coffee production or trade,scored,0.32629897591227913,weak
32327433,20000518,ETH,ETHIOPIA,ETH,,ERI,ERITREA,ERI,,1,190,190,19,4,-10.0,32,2,32,6.86243046640993,Ethiopia,ET,"Asmara, Ma'akel, Eritrea",ER,Ethiopia,ET,20130203,False,True,True,2000-05-18,2000-05-18,91.5,91.25,93.0,91.0,0.0,-0.0032680069911179555,97.9499969482422,99.25,95.5500030517578,87.25,0.07049176992614425,0.08469945355191255,0.04426232843451139,-0.04644808743169404,0.3632179222783365,0.07716704813023859,51422.0,,-17.0,-3335.0,,3144.0,-2757.0,0.0390105402356967,0,ETHIOPIA -> ERITREA; event code 190; Goldstein -10.0; tone 6.86243046640993; Ethiopia,ET,0.65,0.7864476657529069,1.0,bullish,1.0,0.8157474397806977,0.0,neutral,No direct relation to coffee market,scored,0.32629897591227913,weak
32326366,20000518,COP,PRISON,,COP,,,,,0,173,173,17,4,-5.0,33,2,15,7.86455493902303,"Lai Chau, Vietnam (general), Vietnam, Republic Of",VM,,,"Lai Chau, Vietnam (general), Vietnam, Republic Of",VM,20130203,False,True,True,2000-05-18,2000-05-18,91.5,91.25,93.0,91.0,0.0,-0.0032680069911179555,97.9499969482422,99.25,95.5500030517578,87.25,0.07049176992614425,0.08469945355191255,0.04426232843451139,-0.04644808743169404,0.3632179222783365,0.07716704813023859,51422.0,,-17.0,-3335.0,,3144.0,-2757.0,0.0390105402356967,0,"PRISON -> unknown target; event code 173; Goldstein -5.0; tone 7.86455493902303; Lai Chau, Vietnam (general), Vietnam, Republic Of",VM,0.65,0.7464444972258354,1.0,bullish,1.0,0.8061466793342005,0.0,neutral,No direct relation to coffee or economic indicators,scored,0.3224586717336802,weak
32331621,20000518,MEX,MEXICO,MEX,,AFR,AFRICA,AFR,,0,120,120,12,3,-4.0,23,3,23,8.46625440840864,Mexico,MX,South Africa,SF,Brazil,BR,20130203,False,True,True,2000-05-18,2000-05-18,91.5,91.25,93.0,91.0,0.0,-0.0032680069911179555,97.9499969482422,99.25,95.5500030517578,87.25,0.07049176992614425,0.08469945355191255,0.04426232843451139,-0.04644808743169404,0.3632179222783365,0.07716704813023859,51422.0,,-17.0,-3335.0,,3144.0,-2757.0,0.0390105402356967,0,MEXICO -> AFRICA; event code 120; Goldstein -4.0; tone 8.46625440840864; Brazil,BR,0.65,0.7344695223523326,1.0,bullish,1.0,0.8032726853645599,0.0,neutral,No direct relation to coffee production or trade,scored,0.321309074145824,weak
32327255,20000518,ERI,ERITREA,ERI,,ETH,ETHIOPIA,ETH,,1,110,110,11,3,-2.0,32,2,32,6.86243046640993,"Asmara, Ma'akel, Eritrea",ER,Ethiopia,ET,Ethiopia,ET,20130203,False,True,True,2000-05-18,2000-05-18,91.5,91.25,93.0,91.0,0.0,-0.0032680069911179555,97.9499969482422,99.25,95.5500030517578,87.25,0.07049176992614425,0.08469945355191255,0.04426232843451139,-0.04644808743169404,0.3632179222783365,0.07716704813023859,51422.0,,-17.0,-3335.0,,3144.0,-2757.0,0.0390105402356967,0,ERITREA -> ETHIOPIA; event code 110; Goldstein -2.0; tone 6.86243046640993; Ethiopia,ET,0.65,0.726447665752907,1.0,bullish,1.0,0.8013474397806977,0.0,neutral,No direct relation to coffee production or trade,scored,0.3205389759122791,weak
32327419,20000518,ETH,ETHIOPIA,ETH,,ERI,ERITREA,ERI,,1,110,110,11,3,-2.0,32,2,32,6.86243046640993,Ethiopia,ET,"Asmara, Ma'akel, Eritrea",ER,Ethiopia,ET,20130203,False,True,True,2000-05-18,2000-05-18,91.5,91.25,93.0,91.0,0.0,-0.0032680069911179555,97.9499969482422,99.25,95.5500030517578,87.25,0.07049176992614425,0.08469945355191255,0.04426232843451139,-0.04644808743169404,0.3632179222783365,0.07716704813023859,51422.0,,-17.0,-3335.0,,3144.0,-2757.0,0.0390105402356967,0,ETHIOPIA -> ERITREA; event code 110; Goldstein -2.0; tone 6.86243046640993; Ethiopia,ET,0.65,0.726447665752907,1.0,bullish,1.0,0.8013474397806977,0.0,neutral,No direct relation to coffee market,scored,0.3205389759122791,weak
32331624,20000518,MEX,MEXICO,MEX,,BRA,BRAZIL,BRA,,0,120,120,12,3,-4.0,21,3,21,8.43697736087321,Mexico,MX,Brazil,BR,Brazil,BR,20130203,False,True,True,2000-05-18,2000-05-18,91.5,91.25,93.0,91.0,0.0,-0.0032680069911179555,97.9499969482422,99.25,95.5500030517578,87.25,0.07049176992614425,0.08469945355191255,0.04426232843451139,-0.04644808743169404,0.3632179222783365,0.07716704813023859,51422.0,,-17.0,-3335.0,,3144.0,-2757.0,0.0390105402356967,0,MEXICO -> BRAZIL; event code 120; Goldstein -4.0; tone 8.43697736087321; Brazil,BR,0.65,0.7236223750304346,1.0,bullish,1.0,0.8006693700073043,0.0,neutral,No direct relation to coffee prices,scored,0.32026774800292174,weak
32331639,20000518,MEX,MEXICO,MEX,,EGY,EGYPT,EGY,,0,120,120,12,3,-4.0,21,3,21,8.43697736087321,Mexico,MX,Egypt,EG,Brazil,BR,20130203,False,True,True,2000-05-18,2000-05-18,91.5,91.25,93.0,91.0,0.0,-0.0032680069911179555,97.9499969482422,99.25,95.5500030517578,87.25,0.07049176992614425,0.08469945355191255,0.04426232843451139,-0.04644808743169404,0.3632179222783365,0.07716704813023859,51422.0,,-17.0,-3335.0,,3144.0,-2757.0,0.0390105402356967,0,MEXICO -> EGYPT; event code 120; Goldstein -4.0; tone 8.43697736087321; Brazil,BR,0.65,0.7236223750304346,1.0,bullish,1.0,0.8006693700073043,0.0,neutral,No direct relation to coffee market or Egypt's economic policies,scored,0.32026774800292174,weak
32331655,20000518,MEX,MEXICO,MEX,,NZL,NEW ZEALAND,NZL,,0,120,120,12,3,-4.0,21,3,21,8.43697736087321,Mexico,MX,New Zealand,NZ,Brazil,BR,20130203,False,True,True,2000-05-18,2000-05-18,91.5,91.25,93.0,91.0,0.0,-0.0032680069911179555,97.9499969482422,99.25,95.5500030517578,87.25,0.07049176992614425,0.08469945355191255,0.04426232843451139,-0.04644808743169404,0.3632179222783365,0.07716704813023859,51422.0,,-17.0,-3335.0,,3144.0,-2757.0,0.0390105402356967,0,MEXICO -> NEW ZEALAND; event code 120; Goldstein -4.0; tone 8.43697736087321; Brazil,BR,0.65,0.7236223750304346,1.0,bullish,1.0,0.8006693700073043,0.0,neutral,No direct relation to coffee production or trade,scored,0.32026774800292174,weak
32393777,20000523,VNMGOV,LE KHA PHIEU,VNM,GOV,FRAGOVDEV,FRENCH,FRA,GOV,1,057,057,05,1,8.0,10,1,10,11.3564668769716,"Paris, RhôAlpes, France",FR,"Paris, RhôAlpes, France",FR,"Paris, RhôAlpes, France",FR,20130203,False,True,False,2000-05-23,2000-05-23,103.6999969482422,103.5,104.25,101.3000030517578,7216.0,0.003872157644409624,101.8499984741211,93.0,92.0500030517578,84.44999694824219,-0.017839908665035598,-0.10318223011696603,-0.11234324242361393,-0.18563163516396142,0.4555930514616647,0.08473801657527032,47482.0,,-5683.0,1055.0,,-5666.0,4390.0,-0.0829788130238827,0,"LE KHA PHIEU -> FRENCH; event code 057; Goldstein 8.0; tone 11.3564668769716; Paris, RhôAlpes, France",FR,0.65,0.6722574416432793,1.0,bearish,1.0,0.7883417859943871,,,,not_selected_for_ollama,0.7883417859943871,strong
32433530,20000527,,,,,PAK,PAKISTAN,PAK,,0,057,057,05,1,8.0,12,2,12,9.34851694915254,,,"Islamabad, Islamabad, Pakistan",PK,India,IN,20130203,False,True,True,2000-05-27,2000-05-30,100.4000015258789,99.0,100.9000015258789,99.0,3895.0,0.012096820711222422,93.0,89.1500015258789,90.8000030517578,88.5,-0.07370519336069425,-0.1120517911257225,-0.09561751322928647,-0.11852590981098332,0.4355873960201003,0.08504652076213241,48432.0,,-6580.0,1737.0,,-897.0,682.0,0.0196151304922365,3,Unknown actor -> PAKISTAN; event code 057; Goldstein 8.0; tone 9.34851694915254; India,IN,0.65,0.6806164368554013,1.0,bearish,1.0,0.7903479448452964,,,,not_selected_for_ollama,0.7903479448452964,strong
32438647,20000527,PAK,PAKISTAN,PAK,,,,,,0,057,057,05,1,8.0,12,2,12,9.34851694915254,"Islamabad, Islamabad, Pakistan",PK,,,India,IN,20130203,False,True,True,2000-05-27,2000-05-30,100.4000015258789,99.0,100.9000015258789,99.0,3895.0,0.012096820711222422,93.0,89.1500015258789,90.8000030517578,88.5,-0.07370519336069425,-0.1120517911257225,-0.09561751322928647,-0.11852590981098332,0.4355873960201003,0.08504652076213241,48432.0,,-6580.0,1737.0,,-897.0,682.0,0.0196151304922365,3,PAKISTAN -> unknown target; event code 057; Goldstein 8.0; tone 9.34851694915254; India,IN,0.65,0.6806164368554013,1.0,bearish,1.0,0.7903479448452964,,,,not_selected_for_ollama,0.7903479448452964,strong
32455088,20000529,JPN,JAPAN,JPN,,IDNGOV,ABDURRAHMAN WAHID,IDN,GOV,1,071,071,07,2,7.4,27,2,27,5.09950248756219,"Tokyo, Tokyo, Japan",JA,"Jakarta, Jakarta Raya, Indonesia",ID,"Tokyo, Tokyo, Japan",JA,20130203,False,True,True,2000-05-29,2000-05-30,100.4000015258789,99.0,100.9000015258789,99.0,3895.0,0.012096820711222422,93.0,89.1500015258789,90.8000030517578,88.5,-0.07370519336069425,-0.1120517911257225,-0.09561751322928647,-0.11852590981098332,0.4355873960201003,0.08504652076213241,48432.0,,-6580.0,1737.0,,-897.0,682.0,0.0196151304922365,1,"JAPAN -> ABDURRAHMAN WAHID; event code 071; Goldstein 7.4; tone 5.09950248756219; Tokyo, Tokyo, Japan",JA,0.65,0.689145594358827,1.0,bearish,1.0,0.7923949426461185,,,,not_selected_for_ollama,0.7923949426461185,strong
33054732,20000715,GOV,AUTHORITIES,,GOV,,,,,0,0353,035,03,1,7.0,26,2,26,7.63946947528229,"Bombay, Maharashtra, India",IN,,,"Bombay, Maharashtra, India",IN,20130203,False,True,True,2000-07-15,2000-07-17,98.6500015258789,98.5,98.6500015258789,98.5,59.0,0.10656197237688536,116.5,86.30000305175781,86.44999694824219,78.80000305175781,0.18094270854561012,-0.12519004848551685,-0.12366958326337463,-0.20121640311291666,0.7539132254353563,0.11567201622131366,47824.0,,-1394.0,-2674.0,,-1647.0,826.0,-0.0113332218133154,2,"AUTHORITIES -> unknown target; event code 0353; Goldstein 7.0; tone 7.63946947528229; Bombay, Maharashtra, India",IN,0.65,0.719148603769157,1.0,bearish,1.0,0.7995956649045978,,,,not_selected_for_ollama,0.7995956649045978,strong
33053581,20000715,COLREB,FARC,COL,REB,GOV,GOVERNMENT,,GOV,0,046,046,04,1,7.0,45,3,23,1.5040656336529,"Tolima, Amazonas, Colombia",CO,"Tolima, Amazonas, Colombia",CO,"Tolima, Amazonas, Colombia",CO,20130203,False,True,True,2000-07-15,2000-07-17,98.6500015258789,98.5,98.6500015258789,98.5,59.0,0.10656197237688536,116.5,86.30000305175781,86.44999694824219,78.80000305175781,0.18094270854561012,-0.12519004848551685,-0.12366958326337463,-0.20121640311291666,0.7539132254353563,0.11567201622131366,47824.0,,-1394.0,-2674.0,,-1647.0,826.0,-0.0113332218133154,2,"FARC -> GOVERNMENT; event code 046; Goldstein 7.0; tone 1.5040656336529; Tolima, Amazonas, Colombia",CO,0.65,0.6579980834211845,1.0,bearish,1.0,0.7849195400210843,,,,not_selected_for_ollama,0.7849195400210843,strong
33054943,20000715,GOV,GOVERNMENT,,GOV,COLREB,FARC,COL,REB,0,046,046,04,1,7.0,45,3,23,1.5040656336529,"Tolima, Amazonas, Colombia",CO,"Tolima, Amazonas, Colombia",CO,"Tolima, Amazonas, Colombia",CO,20130203,False,True,True,2000-07-15,2000-07-17,98.6500015258789,98.5,98.6500015258789,98.5,59.0,0.10656197237688536,116.5,86.30000305175781,86.44999694824219,78.80000305175781,0.18094270854561012,-0.12519004848551685,-0.12366958326337463,-0.20121640311291666,0.7539132254353563,0.11567201622131366,47824.0,,-1394.0,-2674.0,,-1647.0,826.0,-0.0113332218133154,2,"GOVERNMENT -> FARC; event code 046; Goldstein 7.0; tone 1.5040656336529; Tolima, Amazonas, Colombia",CO,0.65,0.6579980834211845,1.0,bearish,1.0,0.7849195400210843,,,,not_selected_for_ollama,0.7849195400210843,strong
33054799,20000715,GOV,GOVERNMENT,,GOV,,,,,0,057,057,05,1,8.0,12,1,12,8.29537116301822,Mexico,MX,,,Mexico,MX,20130203,False,True,True,2000-07-15,2000-07-17,98.6500015258789,98.5,98.6500015258789,98.5,59.0,0.10656197237688536,116.5,86.30000305175781,86.44999694824219,78.80000305175781,0.18094270854561012,-0.12519004848551685,-0.12366958326337463,-0.20121640311291666,0.7539132254353563,0.11567201622131366,47824.0,,-1394.0,-2674.0,,-1647.0,826.0,-0.0113332218133154,2,GOVERNMENT -> unknown target; event code 057; Goldstein 8.0; tone 8.29537116301822; Mexico,MX,0.65,0.6411279133094526,1.0,bearish,1.0,0.7808706991942687,,,,not_selected_for_ollama,0.7808706991942687,strong
33052493,20000715,,,,,LEG,DELEGATE,,LEG,0,046,046,04,1,7.0,9,1,9,11.1742424242424,,,"Francia, Magdalena, Colombia",CO,"Francia, Magdalena, Colombia",CO,20130203,False,True,True,2000-07-15,2000-07-17,98.6500015258789,98.5,98.6500015258789,98.5,59.0,0.10656197237688536,116.5,86.30000305175781,86.44999694824219,78.80000305175781,0.18094270854561012,-0.12519004848551685,-0.12366958326337463,-0.20121640311291666,0.7539132254353563,0.11567201622131366,47824.0,,-1394.0,-2674.0,,-1647.0,826.0,-0.0113332218133154,2,"Unknown actor -> DELEGATE; event code 046; Goldstein 7.0; tone 11.1742424242424; Francia, Magdalena, Colombia",CO,0.65,0.6378731514919266,1.0,bearish,1.0,0.7800895563580624,,,,not_selected_for_ollama,0.7800895563580624,strong
33056849,20000715,LEG,DELEGATE,,LEG,,,,,0,046,046,04,1,7.0,9,1,9,11.1742424242424,"Francia, Magdalena, Colombia",CO,,,"Francia, Magdalena, Colombia",CO,20130203,False,True,True,2000-07-15,2000-07-17,98.6500015258789,98.5,98.6500015258789,98.5,59.0,0.10656197237688536,116.5,86.30000305175781,86.44999694824219,78.80000305175781,0.18094270854561012,-0.12519004848551685,-0.12366958326337463,-0.20121640311291666,0.7539132254353563,0.11567201622131366,47824.0,,-1394.0,-2674.0,,-1647.0,826.0,-0.0113332218133154,2,"DELEGATE -> unknown target; event code 046; Goldstein 7.0; tone 11.1742424242424; Francia, Magdalena, Colombia",CO,0.65,0.6378731514919266,1.0,bearish,1.0,0.7800895563580624,,,,not_selected_for_ollama,0.7800895563580624,strong
33062606,20000716,GOV,PRESIDENT,,GOV,COL,COLOMBIA,COL,,0,072,072,07,2,8.3,18,1,18,8.73493975903614,Colombia,CO,Colombia,CO,Colombia,CO,20130203,False,True,True,2000-07-16,2000-07-17,98.6500015258789,98.5,98.6500015258789,98.5,59.0,0.10656197237688536,116.5,86.30000305175781,86.44999694824219,78.80000305175781,0.18094270854561012,-0.12519004848551685,-0.12366958326337463,-0.20121640311291666,0.7539132254353563,0.11567201622131366,47824.0,,-1394.0,-2674.0,,-1647.0,826.0,-0.0113332218133154,1,PRESIDENT -> COLOMBIA; event code 072; Goldstein 8.3; tone 8.73493975903614; Colombia,CO,0.65,0.6996344422709082,1.0,bearish,1.0,0.794912266145018,,,,not_selected_for_ollama,0.794912266145018,strong
33060931,20000716,BRA,BRAZILIAN,BRA,,LEG,CONGRESS,,LEG,1,057,057,05,1,8.0,23,3,17,5.73267004375795,"Pernambuco, Estado de Pernambuco, Brazil",BR,"Pernambuco, Estado de Pernambuco, Brazil",BR,"Pernambuco, Estado de Pernambuco, Brazil",BR,20130203,False,True,True,2000-07-16,2000-07-17,98.6500015258789,98.5,98.6500015258789,98.5,59.0,0.10656197237688536,116.5,86.30000305175781,86.44999694824219,78.80000305175781,0.18094270854561012,-0.12519004848551685,-0.12366958326337463,-0.20121640311291666,0.7539132254353563,0.11567201622131366,47824.0,,-1394.0,-2674.0,,-1647.0,826.0,-0.0113332218133154,1,"BRAZILIAN -> CONGRESS; event code 057; Goldstein 8.0; tone 5.73267004375795; Pernambuco, Estado de Pernambuco, Brazil",BR,0.65,0.6921547949161372,1.0,bearish,1.0,0.793117150779873,,,,not_selected_for_ollama,0.793117150779873,strong
33064505,20000716,LEG,CONGRESS,,LEG,BRA,BRAZILIAN,BRA,,1,057,057,05,1,8.0,23,3,17,5.73267004375795,"Pernambuco, Estado de Pernambuco, Brazil",BR,"Pernambuco, Estado de Pernambuco, Brazil",BR,"Pernambuco, Estado de Pernambuco, Brazil",BR,20130203,False,True,True,2000-07-16,2000-07-17,98.6500015258789,98.5,98.6500015258789,98.5,59.0,0.10656197237688536,116.5,86.30000305175781,86.44999694824219,78.80000305175781,0.18094270854561012,-0.12519004848551685,-0.12366958326337463,-0.20121640311291666,0.7539132254353563,0.11567201622131366,47824.0,,-1394.0,-2674.0,,-1647.0,826.0,-0.0113332218133154,1,"CONGRESS -> BRAZILIAN; event code 057; Goldstein 8.0; tone 5.73267004375795; Pernambuco, Estado de Pernambuco, Brazil",BR,0.65,0.6921547949161372,1.0,bearish,1.0,0.793117150779873,,,,not_selected_for_ollama,0.793117150779873,strong
33062796,20000716,GOV,PRESIDENT,,GOV,MIL,MILITARY,,MIL,0,070,070,07,2,7.0,18,1,18,8.73493975903614,Colombia,CO,Colombia,CO,Colombia,CO,20130203,False,True,True,2000-07-16,2000-07-17,98.6500015258789,98.5,98.6500015258789,98.5,59.0,0.10656197237688536,116.5,86.30000305175781,86.44999694824219,78.80000305175781,0.18094270854561012,-0.12519004848551685,-0.12366958326337463,-0.20121640311291666,0.7539132254353563,0.11567201622131366,47824.0,,-1394.0,-2674.0,,-1647.0,826.0,-0.0113332218133154,1,PRESIDENT -> MILITARY; event code 070; Goldstein 7.0; tone 8.73493975903614; Colombia,CO,0.65,0.6736344422709082,1.0,bearish,1.0,0.788672266145018,,,,not_selected_for_ollama,0.788672266145018,strong
33060224,20000716,,,,,GOV,PRESIDENT,,GOV,0,051,051,05,1,3.4,18,2,18,10.6299672744273,,,"Nairobi, Nairobi Area, Kenya",KE,"Nairobi, Nairobi Area, Kenya",KE,20130203,False,True,True,2000-07-16,2000-07-17,98.6500015258789,98.5,98.6500015258789,98.5,59.0,0.10656197237688536,116.5,86.30000305175781,86.44999694824219,78.80000305175781,0.18094270854561012,-0.12519004848551685,-0.12366958326337463,-0.20121640311291666,0.7539132254353563,0.11567201622131366,47824.0,,-1394.0,-2674.0,,-1647.0,826.0,-0.0113332218133154,1,"Unknown actor -> PRESIDENT; event code 051; Goldstein 3.4; tone 10.6299672744273; Nairobi, Nairobi Area, Kenya",KE,0.65,0.6551543279711375,1.0,bearish,1.0,0.784237038713073,,,,not_selected_for_ollama,0.784237038713073,strong
33067444,20000717,,,,,BUS,COMPANY,,BUS,1,043,043,04,1,2.8,26,3,26,9.71868131868133,,,"Ho Chi Minh City, H? Chíinh, Vietnam, Republic Of",VM,"Ho Chi Minh City, H? Chíinh, Vietnam, Republic Of",VM,20130203,False,True,True,2000-07-17,2000-07-17,98.6500015258789,98.5,98.6500015258789,98.5,59.0,0.10656197237688536,116.5,86.30000305175781,86.44999694824219,78.80000305175781,0.18094270854561012,-0.12519004848551685,-0.12366958326337463,-0.20121640311291666,0.7539132254353563,0.11567201622131366,47824.0,,-1394.0,-2674.0,,-1647.0,826.0,-0.0113332218133154,0,"Unknown actor -> COMPANY; event code 043; Goldstein 2.8; tone 9.71868131868133; Ho Chi Minh City, H? Chíinh, Vietnam, Republic Of",VM,0.65,0.685366040715431,1.0,bearish,1.0,0.7914878497717034,,,,not_selected_for_ollama,0.7914878497717034,strong
33079110,20000717,RUS,RUSSIAN,RUS,,VNM,HANOI,VNM,,1,046,046,04,1,7.0,14,2,14,9.40952380952381,Russia,RS,"Hanoi, Ha N?i, Vietnam, Republic Of",VM,Russia,RS,20130203,False,True,True,2000-07-17,2000-07-17,98.6500015258789,98.5,98.6500015258789,98.5,59.0,0.10656197237688536,116.5,86.30000305175781,86.44999694824219,78.80000305175781,0.18094270854561012,-0.12519004848551685,-0.12366958326337463,-0.20121640311291666,0.7539132254353563,0.11567201622131366,47824.0,,-1394.0,-2674.0,,-1647.0,826.0,-0.0113332218133154,0,RUSSIAN -> HANOI; event code 046; Goldstein 7.0; tone 9.40952380952381; Russia,RS,0.65,0.678670182614001,1.0,bearish,1.0,0.7898808438273602,,,,not_selected_for_ollama,0.7898808438273602,strong
33081142,20000717,VNM,HANOI,VNM,,RUS,RUSSIAN,RUS,,1,046,046,04,1,7.0,14,2,14,9.40952380952381,"Hanoi, Ha N?i, Vietnam, Republic Of",VM,Russia,RS,Russia,RS,20130203,False,True,True,2000-07-17,2000-07-17,98.6500015258789,98.5,98.6500015258789,98.5,59.0,0.10656197237688536,116.5,86.30000305175781,86.44999694824219,78.80000305175781,0.18094270854561012,-0.12519004848551685,-0.12366958326337463,-0.20121640311291666,0.7539132254353563,0.11567201622131366,47824.0,,-1394.0,-2674.0,,-1647.0,826.0,-0.0113332218133154,0,HANOI -> RUSSIAN; event code 046; Goldstein 7.0; tone 9.40952380952381; Russia,RS,0.65,0.678670182614001,1.0,bearish,1.0,0.7898808438273602,,,,not_selected_for_ollama,0.7898808438273602,strong
33069485,20000717,BUS,INVESTOR,,BUS,,,,,0,071,071,07,2,7.4,9,1,9,12.4383020730503,India,IN,,,India,IN,20130203,False,True,True,2000-07-17,2000-07-17,98.6500015258789,98.5,98.6500015258789,98.5,59.0,0.10656197237688536,116.5,86.30000305175781,86.44999694824219,78.80000305175781,0.18094270854561012,-0.12519004848551685,-0.12366958326337463,-0.20121640311291666,0.7539132254353563,0.11567201622131366,47824.0,,-1394.0,-2674.0,,-1647.0,826.0,-0.0113332218133154,0,INVESTOR -> unknown target; event code 071; Goldstein 7.4; tone 12.4383020730503; India,IN,0.65,0.6596357777545533,1.0,bearish,1.0,0.7853125866610928,,,,not_selected_for_ollama,0.7853125866610928,strong
33069462,20000717,BUS,COMPANY,,BUS,,,,,1,042,042,04,1,1.9,24,3,24,9.67142857142858,"Ho Chi Minh City, H? Chíinh, Vietnam, Republic Of",VM,,,"Ho Chi Minh City, H? Chíinh, Vietnam, Republic Of",VM,20130203,False,True,True,2000-07-17,2000-07-17,98.6500015258789,98.5,98.6500015258789,98.5,59.0,0.10656197237688536,116.5,86.30000305175781,86.44999694824219,78.80000305175781,0.18094270854561012,-0.12519004848551685,-0.12366958326337463,-0.20121640311291666,0.7539132254353563,0.11567201622131366,47824.0,,-1394.0,-2674.0,,-1647.0,826.0,-0.0113332218133154,0,"COMPANY -> unknown target; event code 042; Goldstein 1.9; tone 9.67142857142858; Ho Chi Minh City, H? Chíinh, Vietnam, Republic Of",VM,0.65,0.6574158477219922,1.0,bearish,1.0,0.7847798034532781,,,,not_selected_for_ollama,0.7847798034532781,strong
33074105,20000717,IND,PATNA,IND,,,,,,1,043,043,04,1,2.8,50,5,33,3.31721837254491,"Patna, Bihar, India",IN,,,"Patna, Bihar, India",IN,20130203,False,True,True,2000-07-17,2000-07-17,98.6500015258789,98.5,98.6500015258789,98.5,59.0,0.10656197237688536,116.5,86.30000305175781,86.44999694824219,78.80000305175781,0.18094270854561012,-0.12519004848551685,-0.12366958326337463,-0.20121640311291666,0.7539132254353563,0.11567201622131366,47824.0,,-1394.0,-2674.0,,-1647.0,826.0,-0.0113332218133154,0,"PATNA -> unknown target; event code 043; Goldstein 2.8; tone 3.31721837254491; Patna, Bihar, India",IN,0.65,0.6473343701514584,1.0,bearish,1.0,0.78236024883635,,,,not_selected_for_ollama,0.78236024883635,strong
33072860,20000717,GOV,GOVERNMENT,,GOV,MIL,ECHELON,,MIL,0,046,046,04,1,7.0,18,2,18,5.59675930062848,"Jakarta, Jakarta Raya, Indonesia",ID,"Jakarta, Jakarta Raya, Indonesia",ID,"Jakarta, Jakarta Raya, Indonesia",ID,20130203,False,True,True,2000-07-17,2000-07-17,98.6500015258789,98.5,98.6500015258789,98.5,59.0,0.10656197237688536,116.5,86.30000305175781,86.44999694824219,78.80000305175781,0.18094270854561012,-0.12519004848551685,-0.12366958326337463,-0.20121640311291666,0.7539132254353563,0.11567201622131366,47824.0,,-1394.0,-2674.0,,-1647.0,826.0,-0.0113332218133154,0,"GOVERNMENT -> ECHELON; event code 046; Goldstein 7.0; tone 5.59675930062848; Jakarta, Jakarta Raya, Indonesia",ID,0.65,0.6432675284078239,1.0,bearish,1.0,0.7813842068178778,,,,not_selected_for_ollama,0.7813842068178778,strong
33095894,20000718,VNM,VIETNAM,VNM,,RUS,RUSSIA,RUS,,0,070,070,07,2,7.0,27,2,27,7.63003104839762,"Hanoi, Ha N?i, Vietnam, Republic Of",VM,Russia,RS,Russia,RS,20130203,False,True,True,2000-07-18,2000-07-18,116.5,119.0,119.0,113.0,93.0,0.18094270854561012,111.1500015258789,85.19999694824219,86.30000305175781,78.5999984741211,-0.04592273368344291,-0.2686695540923417,-0.2592274416158128,-0.3253219015096902,0.9711101221783477,0.12438691820464909,46846.0,,-11104.0,5341.0,,-9710.0,8015.0,-0.0208769158519404,0,VIETNAM -> RUSSIA; event code 070; Goldstein 7.0; tone 7.63003104839762; Russia,RS,0.65,0.723321070372751,1.0,bearish,1.0,0.8005970568894603,,,,not_selected_for_ollama,0.8005970568894603,severe
33087551,20000718,GOV,PRESIDENT,,GOV,PERELI,ALEJANDRO TOLEDO,PER,ELI,1,070,070,07,2,7.0,17,2,17,9.17654761038772,Mexico,MX,"Alberto Fujimori, Region de La Libertad, Peru",PE,Mexico,MX,20130203,False,True,True,2000-07-18,2000-07-18,116.5,119.0,119.0,113.0,93.0,0.18094270854561012,111.1500015258789,85.19999694824219,86.30000305175781,78.5999984741211,-0.04592273368344291,-0.2686695540923417,-0.2592274416158128,-0.3253219015096902,0.9711101221783477,0.12438691820464909,46846.0,,-11104.0,5341.0,,-9710.0,8015.0,-0.0208769158519404,0,PRESIDENT -> ALEJANDRO TOLEDO; event code 070; Goldstein 7.0; tone 9.17654761038772; Mexico,MX,0.65,0.6964936584305731,1.0,bearish,1.0,0.7941584780233376,,,,not_selected_for_ollama,0.7941584780233376,strong
33090678,20000718,LEG,PARLIAMENT,,LEG,KEN,KENYA,KEN,,1,071,071,07,2,7.4,18,2,18,6.47428229665072,Kenya,KE,Kenya,KE,Kenya,KE,20130203,False,True,True,2000-07-18,2000-07-18,116.5,119.0,119.0,113.0,93.0,0.18094270854561012,111.1500015258789,85.19999694824219,86.30000305175781,78.5999984741211,-0.04592273368344291,-0.2686695540923417,-0.2592274416158128,-0.3253219015096902,0.9711101221783477,0.12438691820464909,46846.0,,-11104.0,5341.0,,-9710.0,8015.0,-0.0208769158519404,0,PARLIAMENT -> KENYA; event code 071; Goldstein 7.4; tone 6.47428229665072; Kenya,KE,0.65,0.6658929116748612,1.0,bearish,1.0,0.7868142988019667,,,,not_selected_for_ollama,0.7868142988019667,strong
33094965,20000718,TZA,TANZANIA,TZA,,BDI,BURUNDI,BDI,,1,043,043,04,1,2.8,26,4,21,8.13417372218196,"Arusha, Arusha, Tanzania",TZ,Burundi,BY,"Arusha, Arusha, Tanzania",TZ,20130203,False,True,True,2000-07-18,2000-07-18,116.5,119.0,119.0,113.0,93.0,0.18094270854561012,111.1500015258789,85.19999694824219,86.30000305175781,78.5999984741211,-0.04592273368344291,-0.2686695540923417,-0.2592274416158128,-0.3253219015096902,0.9711101221783477,0.12438691820464909,46846.0,,-11104.0,5341.0,,-9710.0,8015.0,-0.0208769158519404,0,"TANZANIA -> BURUNDI; event code 043; Goldstein 2.8; tone 8.13417372218196; Arusha, Arusha, Tanzania",TZ,0.65,0.659102384289038,1.0,bearish,1.0,0.7851845722293691,,,,not_selected_for_ollama,0.7851845722293691,strong
33091035,20000718,MEX,MEXICO,MEX,,,,,,1,036,036,03,1,4.0,18,3,18,9.02714728604129,Mexico,MX,,,Mexico,MX,20130203,False,True,True,2000-07-18,2000-07-18,116.5,119.0,119.0,113.0,93.0,0.18094270854561012,111.1500015258789,85.19999694824219,86.30000305175781,78.5999984741211,-0.04592273368344291,-0.2686695540923417,-0.2592274416158128,-0.3253219015096902,0.9711101221783477,0.12438691820464909,46846.0,,-11104.0,5341.0,,-9710.0,8015.0,-0.0208769158519404,0,MEXICO -> unknown target; event code 036; Goldstein 4.0; tone 9.02714728604129; Mexico,MX,0.65,0.656004567720994,1.0,bearish,1.0,0.7844410962530386,,,,not_selected_for_ollama,0.7844410962530386,strong
33093739,20000718,RUS,RUSSIA,RUS,,VNM,VIETNAM,VNM,,1,050,050,05,1,3.5,14,2,14,13.103878478281,Russia,RS,"Vietnam, Republic Of",VM,"Vietnam, Republic Of",VM,20130203,False,True,True,2000-07-18,2000-07-18,116.5,119.0,119.0,113.0,93.0,0.18094270854561012,111.1500015258789,85.19999694824219,86.30000305175781,78.5999984741211,-0.04592273368344291,-0.2686695540923417,-0.2592274416158128,-0.3253219015096902,0.9711101221783477,0.12438691820464909,46846.0,,-11104.0,5341.0,,-9710.0,8015.0,-0.0208769158519404,0,"RUSSIA -> VIETNAM; event code 050; Goldstein 3.5; tone 13.103878478281; Vietnam, Republic Of",VM,0.65,0.6518447857886042,1.0,bearish,1.0,0.783442748589265,,,,not_selected_for_ollama,0.783442748589265,strong
33095891,20000718,VNM,VIETNAM,VNM,,RUS,RUSSIA,RUS,,1,050,050,05,1,3.5,14,2,14,13.103878478281,"Vietnam, Republic Of",VM,Russia,RS,"Vietnam, Republic Of",VM,20130203,False,True,True,2000-07-18,2000-07-18,116.5,119.0,119.0,113.0,93.0,0.18094270854561012,111.1500015258789,85.19999694824219,86.30000305175781,78.5999984741211,-0.04592273368344291,-0.2686695540923417,-0.2592274416158128,-0.3253219015096902,0.9711101221783477,0.12438691820464909,46846.0,,-11104.0,5341.0,,-9710.0,8015.0,-0.0208769158519404,0,"VIETNAM -> RUSSIA; event code 050; Goldstein 3.5; tone 13.103878478281; Vietnam, Republic Of",VM,0.65,0.6518447857886042,1.0,bearish,1.0,0.783442748589265,,,,not_selected_for_ollama,0.783442748589265,strong
33095893,20000718,VNM,VIETNAM,VNM,,RUS,RUSSIAN,RUS,,1,051,051,05,1,3.4,27,2,27,7.63003104839762,"Hanoi, Ha N?i, Vietnam, Republic Of",VM,Russia,RS,"Hanoi, Ha N?i, Vietnam, Republic Of",VM,20130203,False,True,True,2000-07-18,2000-07-18,116.5,119.0,119.0,113.0,93.0,0.18094270854561012,111.1500015258789,85.19999694824219,86.30000305175781,78.5999984741211,-0.04592273368344291,-0.2686695540923417,-0.2592274416158128,-0.3253219015096902,0.9711101221783477,0.12438691820464909,46846.0,,-11104.0,5341.0,,-9710.0,8015.0,-0.0208769158519404,0,"VIETNAM -> RUSSIAN; event code 051; Goldstein 3.4; tone 7.63003104839762; Hanoi, Ha N?i, Vietnam, Republic Of",VM,0.65,0.6513210703727509,1.0,bearish,1.0,0.7833170568894602,,,,not_selected_for_ollama,0.7833170568894602,strong
33087733,20000718,GOV,PREMIER,,GOV,TZA,TANZANIAN,TZA,,1,020,020,02,1,3.0,18,2,18,10.0414618402105,Tanzania,TZ,Tanzania,TZ,Tanzania,TZ,20130203,False,True,True,2000-07-18,2000-07-18,116.5,119.0,119.0,113.0,93.0,0.18094270854561012,111.1500015258789,85.19999694824219,86.30000305175781,78.5999984741211,-0.04592273368344291,-0.2686695540923417,-0.2592274416158128,-0.3253219015096902,0.9711101221783477,0.12438691820464909,46846.0,,-11104.0,5341.0,,-9710.0,8015.0,-0.0208769158519404,0,PREMIER -> TANZANIAN; event code 020; Goldstein 3.0; tone 10.0414618402105; Tanzania,TZ,0.65,0.6373459040675242,1.0,bearish,1.0,0.7799630169762058,,,,not_selected_for_ollama,0.7799630169762058,strong
33107413,20000719,REF,REFUGEE,,REF,KEN,KENYA,KEN,,1,073,073,07,2,7.4,27,2,27,4.41843971631206,"Kakuma, Rift Valley, Kenya",KE,"Kakuma, Rift Valley, Kenya",KE,"Kakuma, Rift Valley, Kenya",KE,20130203,False,True,True,2000-07-19,2000-07-19,111.1500015258789,113.0,113.0,111.1500015258789,0.0,-0.04592273368344291,97.75,86.94999694824219,86.44999694824219,78.30000305175781,-0.12055781684140598,-0.21772383486654534,-0.22222226035584758,-0.2955465409190541,0.9945906139528125,0.12656300438130721,46846.0,,-11104.0,5341.0,,-9710.0,8015.0,-0.0208769158519404,0,"REFUGEE -> KENYA; event code 073; Goldstein 7.4; tone 4.41843971631206; Kakuma, Rift Valley, Kenya",KE,0.65,0.6777945481713249,1.0,bearish,1.0,0.789670691561118,,,,not_selected_for_ollama,0.789670691561118,strong
33098543,20000719,CHN,BEIJING,CHN,,BRA,BRAZIL,BRA,,1,057,057,05,1,8.0,12,2,12,8.40834565678647,"Beijing, Beijing, China",CH,"Beijing, Beijing, China",CH,"Beijing, Beijing, China",CH,20130203,False,True,True,2000-07-19,2000-07-19,111.1500015258789,113.0,113.0,111.1500015258789,0.0,-0.04592273368344291,97.75,86.94999694824219,86.44999694824219,78.30000305175781,-0.12055781684140598,-0.21772383486654534,-0.22222226035584758,-0.2955465409190541,0.9945906139528125,0.12656300438130721,46846.0,,-11104.0,5341.0,,-9710.0,8015.0,-0.0208769158519404,0,"BEIJING -> BRAZIL; event code 057; Goldstein 8.0; tone 8.40834565678647; Beijing, Beijing, China",CH,0.65,0.6649469153159667,1.0,bearish,1.0,0.786587259675832,,,,not_selected_for_ollama,0.786587259675832,strong
33115397,20000720,GOV,CABINET,,GOV,,,,,1,073,073,07,2,7.4,18,2,18,10.0438316135513,"Jakarta, Jakarta Raya, Indonesia",ID,,,"Jakarta, Jakarta Raya, Indonesia",ID,20130203,False,True,True,2000-07-20,2000-07-20,97.75,101.5,104.0,95.3499984741211,7265.0,-0.12055781684140598,96.6500015258789,86.0999984741211,85.8499984741211,78.55000305175781,-0.011253181320931893,-0.11918160128776378,-0.12173914604479696,-0.19641940612012465,1.1032618690584983,0.1262197654073597,46846.0,,-11104.0,5341.0,,-9710.0,8015.0,-0.0208769158519404,0,"CABINET -> unknown target; event code 073; Goldstein 7.4; tone 10.0438316135513; Jakarta, Jakarta Raya, Indonesia",ID,0.65,0.7253854002898709,0.9442388115927718,bearish,1.0,0.7854793633155451,,,,not_selected_for_ollama,0.7854793633155451,strong
34225377,20001017,CVL,NEIGHBORHOOD,,CVL,,,,,0,0874,087,08,2,10.0,43,3,35,4.58802987556318,"Gulu, Gulu, Uganda",UG,,,"Gulu, Gulu, Uganda",UG,20130203,False,True,True,2000-10-17,2000-10-17,88.69999694824219,85.0,91.0,84.25,7017.0,0.03560998678373317,88.25,79.25,74.4000015258789,71.4000015258789,-0.005073246490693406,-0.10653886441232241,-0.16121754131183963,-0.19503941395238256,0.40217053906485706,0.11240828163382444,43747.0,,-7834.0,1432.0,,-6604.0,4512.0,0.0306992479484307,0,"NEIGHBORHOOD -> unknown target; event code 0874; Goldstein 10.0; tone 4.58802987556318; Gulu, Gulu, Uganda",UG,0.65,0.7816000851681879,0.947784832788193,bearish,1.0,0.7999637736210592,,,,not_selected_for_ollama,0.7999637736210592,strong
34236365,20001017,UGA,UGANDAN,UGA,,TZABUS,TANZANIAN,TZA,BUS,1,046,046,04,1,7.0,14,2,14,11.9115346323425,"Entebbe, Wakiso, Uganda",UG,"Entebbe, Wakiso, Uganda",UG,"Entebbe, Wakiso, Uganda",UG,20130203,False,True,True,2000-10-17,2000-10-17,88.69999694824219,85.0,91.0,84.25,7017.0,0.03560998678373317,88.25,79.25,74.4000015258789,71.4000015258789,-0.005073246490693406,-0.10653886441232241,-0.16121754131183963,-0.19503941395238256,0.40217053906485706,0.11240828163382444,43747.0,,-7834.0,1432.0,,-6604.0,4512.0,0.0306992479484307,0,"UGANDAN -> TANZANIAN; event code 046; Goldstein 7.0; tone 11.9115346323425; Entebbe, Wakiso, Uganda",UG,0.65,0.7203703629943126,0.947784832788193,bearish,1.0,0.7852686402993291,,,,not_selected_for_ollama,0.7852686402993291,strong
34236201,20001017,TZABUS,TANZANIAN,TZA,BUS,UGA,UGANDAN,UGA,,1,046,046,04,1,7.0,12,2,12,11.9115346323425,Tanzania,TZ,"Entebbe, Wakiso, Uganda",UG,Tanzania,TZ,20130203,False,True,True,2000-10-17,2000-10-17,88.69999694824219,85.0,91.0,84.25,7017.0,0.03560998678373317,88.25,79.25,74.4000015258789,71.4000015258789,-0.005073246490693406,-0.10653886441232241,-0.16121754131183963,-0.19503941395238256,0.40217053906485706,0.11240828163382444,43747.0,,-7834.0,1432.0,,-6604.0,4512.0,0.0306992479484307,0,TANZANIAN -> UGANDAN; event code 046; Goldstein 7.0; tone 11.9115346323425; Tanzania,TZ,0.65,0.7033333982419007,0.947784832788193,bearish,1.0,0.7811797687587502,,,,not_selected_for_ollama,0.7811797687587502,strong
34228996,20001017,IGOUNO,UNITED NATIONS,,IGO,GOV,NATIONAL ELECTORAL COMMISSION,,GOV,1,060,060,06,2,6.0,36,3,36,5.00435467765684,"Abidjan, Lagunes, Cote D'ivoire",IV,"Abidjan, Lagunes, Cote D'ivoire",IV,"Abidjan, Lagunes, Cote D'ivoire",IV,20130203,False,True,True,2000-10-17,2000-10-17,88.69999694824219,85.0,91.0,84.25,7017.0,0.03560998678373317,88.25,79.25,74.4000015258789,71.4000015258789,-0.005073246490693406,-0.10653886441232241,-0.16121754131183963,-0.19503941395238256,0.40217053906485706,0.11240828163382444,43747.0,,-7834.0,1432.0,,-6604.0,4512.0,0.0306992479484307,0,"UNITED NATIONS -> NATIONAL ELECTORAL COMMISSION; event code 060; Goldstein 6.0; tone 5.00435467765684; Abidjan, Lagunes, Cote D'ivoire",IV,0.65,0.6980014299085676,0.947784832788193,bearish,1.0,0.7799000963587502,,,,not_selected_for_ollama,0.7799000963587502,strong
34246582,20001018,KEN,KENYA,KEN,,TZA,TANZANIA,TZA,,0,046,046,04,1,7.0,43,3,22,4.25317029941381,Kenya,KE,Tanzania,TZ,Tanzania,TZ,20130203,False,True,True,2000-10-18,2000-10-18,88.25,90.0,91.0,87.30000305175781,4196.0,-0.005073246490693406,86.69999694824219,78.05000305175781,73.9000015258789,70.30000305175781,-0.017563773957595563,-0.11558070196308423,-0.16260621500420502,-0.20339939884693692,0.3985726825768454,0.11558070196308423,43747.0,,-7834.0,1432.0,,-6604.0,4512.0,0.0306992479484307,0,KENYA -> TANZANIA; event code 046; Goldstein 7.0; tone 4.25317029941381; Tanzania,TZ,0.65,0.6986344620178943,1.0,bearish,1.0,0.7946722708842947,,,,not_selected_for_ollama,0.7946722708842947,strong
34251868,20001018,TZA,TANZANIA,TZA,,KEN,KENYA,KEN,,0,046,046,04,1,7.0,43,3,22,4.25317029941381,Tanzania,TZ,Kenya,KE,Tanzania,TZ,20130203,False,True,True,2000-10-18,2000-10-18,88.25,90.0,91.0,87.30000305175781,4196.0,-0.005073246490693406,86.69999694824219,78.05000305175781,73.9000015258789,70.30000305175781,-0.017563773957595563,-0.11558070196308423,-0.16260621500420502,-0.20339939884693692,0.3985726825768454,0.11558070196308423,43747.0,,-7834.0,1432.0,,-6604.0,4512.0,0.0306992479484307,0,TANZANIA -> KENYA; event code 046; Goldstein 7.0; tone 4.25317029941381; Tanzania,TZ,0.65,0.6986344620178943,1.0,bearish,1.0,0.7946722708842947,,,,not_selected_for_ollama,0.7946722708842947,strong
34240631,20001018,COL,COLOMBIA,COL,,,,,,0,070,070,07,2,7.0,20,2,20,7.42468845117911,"Bogota, Cundinamarca, Colombia",CO,,,"Bogota, Cundinamarca, Colombia",CO,20130203,False,True,True,2000-10-18,2000-10-18,88.25,90.0,91.0,87.30000305175781,4196.0,-0.005073246490693406,86.69999694824219,78.05000305175781,73.9000015258789,70.30000305175781,-0.017563773957595563,-0.11558070196308423,-0.16260621500420502,-0.20339939884693692,0.3985726825768454,0.11558070196308423,43747.0,,-7834.0,1432.0,,-6604.0,4512.0,0.0306992479484307,0,"COLOMBIA -> unknown target; event code 070; Goldstein 7.0; tone 7.42468845117911; Bogota, Cundinamarca, Colombia",CO,0.65,0.6856485160206549,1.0,bearish,1.0,0.7915556438449572,,,,not_selected_for_ollama,0.7915556438449572,strong
34239847,20001018,BRA,BRAZIL,BRA,,GOVMIL,DEFENSE MINIST,,GOV,1,046,046,04,1,7.0,15,2,15,9.01330526948808,Brazil,BR,Brazil,BR,Brazil,BR,20130203,False,True,True,2000-10-18,2000-10-18,88.25,90.0,91.0,87.30000305175781,4196.0,-0.005073246490693406,86.69999694824219,78.05000305175781,73.9000015258789,70.30000305175781,-0.017563773957595563,-0.11558070196308423,-0.16260621500420502,-0.20339939884693692,0.3985726825768454,0.11558070196308423,43747.0,,-7834.0,1432.0,,-6604.0,4512.0,0.0306992479484307,0,BRAZIL -> DEFENSE MINIST; event code 046; Goldstein 7.0; tone 9.01330526948808; Brazil,BR,0.65,0.6797502162236925,1.0,bearish,1.0,0.7901400518936862,,,,not_selected_for_ollama,0.7901400518936862,strong
34244299,20001018,IDN,INDONESIA,IDN,,,,,,1,0331,033,03,1,5.2,27,2,27,5.97530141760162,Indonesia,ID,,,Indonesia,ID,20130203,False,True,True,2000-10-18,2000-10-18,88.25,90.0,91.0,87.30000305175781,4196.0,-0.005073246490693406,86.69999694824219,78.05000305175781,73.9000015258789,70.30000305175781,-0.017563773957595563,-0.11558070196308423,-0.16260621500420502,-0.20339939884693692,0.3985726825768454,0.11558070196308423,43747.0,,-7834.0,1432.0,,-6604.0,4512.0,0.0306992479484307,0,INDONESIA -> unknown target; event code 0331; Goldstein 5.2; tone 5.97530141760162; Indonesia,ID,0.65,0.6597422431928176,1.0,bearish,1.0,0.7853381383662762,,,,not_selected_for_ollama,0.7853381383662762,strong
34241112,20001018,CVL,VILLAGE,,CVL,,,,,1,073,073,07,2,7.4,23,3,23,3.49900742853534,"Nellore, Andhra Pradesh, India",IN,,,"Nellore, Andhra Pradesh, India",IN,20130203,False,True,True,2000-10-18,2000-10-18,88.25,90.0,91.0,87.30000305175781,4196.0,-0.005073246490693406,86.69999694824219,78.05000305175781,73.9000015258789,70.30000305175781,-0.017563773957595563,-0.11558070196308423,-0.16260621500420502,-0.20339939884693692,0.3985726825768454,0.11558070196308423,43747.0,,-7834.0,1432.0,,-6604.0,4512.0,0.0306992479484307,0,"VILLAGE -> unknown target; event code 073; Goldstein 7.4; tone 3.49900742853534; Nellore, Andhra Pradesh, India",IN,0.65,0.6596820726877777,1.0,bearish,1.0,0.7853236974450667,,,,not_selected_for_ollama,0.7853236974450667,strong
34238431,20001018,,,,,GOV,GOVERNMENT,,GOV,1,057,057,05,1,8.0,18,2,18,5.34117647058823,,,"Bombay, Maharashtra, India",IN,"Bombay, Maharashtra, India",IN,20130203,False,True,True,2000-10-18,2000-10-18,88.25,90.0,91.0,87.30000305175781,4196.0,-0.005073246490693406,86.69999694824219,78.05000305175781,73.9000015258789,70.30000305175781,-0.017563773957595563,-0.11558070196308423,-0.16260621500420502,-0.20339939884693692,0.3985726825768454,0.11558070196308423,43747.0,,-7834.0,1432.0,,-6604.0,4512.0,0.0306992479484307,0,"Unknown actor -> GOVERNMENT; event code 057; Goldstein 8.0; tone 5.34117647058823; Bombay, Maharashtra, India",IN,0.65,0.6590078145738197,1.0,bearish,1.0,0.7851618754977168,,,,not_selected_for_ollama,0.7851618754977168,strong
34242714,20001018,GOV,GOVERNMENT,,GOV,,,,,1,057,057,05,1,8.0,18,2,18,5.34117647058823,"Bombay, Maharashtra, India",IN,,,"Bombay, Maharashtra, India",IN,20130203,False,True,True,2000-10-18,2000-10-18,88.25,90.0,91.0,87.30000305175781,4196.0,-0.005073246490693406,86.69999694824219,78.05000305175781,73.9000015258789,70.30000305175781,-0.017563773957595563,-0.11558070196308423,-0.16260621500420502,-0.20339939884693692,0.3985726825768454,0.11558070196308423,43747.0,,-7834.0,1432.0,,-6604.0,4512.0,0.0306992479484307,0,"GOVERNMENT -> unknown target; event code 057; Goldstein 8.0; tone 5.34117647058823; Bombay, Maharashtra, India",IN,0.65,0.6590078145738197,1.0,bearish,1.0,0.7851618754977168,,,,not_selected_for_ollama,0.7851618754977168,strong
34240647,20001018,COL,BOGOTA,COL,,IGOEUREEC,THE EUROPEAN UNION,EUR,IGO,0,036,036,03,1,4.0,24,3,24,7.24512382228902,"Bogota, Cundinamarca, Colombia",CO,"Bogota, Cundinamarca, Colombia",CO,"Bogota, Cundinamarca, Colombia",CO,20130203,False,True,True,2000-10-18,2000-10-18,88.25,90.0,91.0,87.30000305175781,4196.0,-0.005073246490693406,86.69999694824219,78.05000305175781,73.9000015258789,70.30000305175781,-0.017563773957595563,-0.11558070196308423,-0.16260621500420502,-0.20339939884693692,0.3985726825768454,0.11558070196308423,43747.0,,-7834.0,1432.0,,-6604.0,4512.0,0.0306992479484307,0,"BOGOTA -> THE EUROPEAN UNION; event code 036; Goldstein 4.0; tone 7.24512382228902; Bogota, Cundinamarca, Colombia",CO,0.65,0.6589774352363329,1.0,bearish,1.0,0.7851545844567199,,,,not_selected_for_ollama,0.7851545844567199,strong
34244490,20001018,IGOEUREEC,THE EUROPEAN UNION,EUR,IGO,COL,BOGOTA,COL,,0,036,036,03,1,4.0,24,3,24,7.24512382228902,"Bogota, Cundinamarca, Colombia",CO,"Bogota, Cundinamarca, Colombia",CO,"Bogota, Cundinamarca, Colombia",CO,20130203,False,True,True,2000-10-18,2000-10-18,88.25,90.0,91.0,87.30000305175781,4196.0,-0.005073246490693406,86.69999694824219,78.05000305175781,73.9000015258789,70.30000305175781,-0.017563773957595563,-0.11558070196308423,-0.16260621500420502,-0.20339939884693692,0.3985726825768454,0.11558070196308423,43747.0,,-7834.0,1432.0,,-6604.0,4512.0,0.0306992479484307,0,"THE EUROPEAN UNION -> BOGOTA; event code 036; Goldstein 4.0; tone 7.24512382228902; Bogota, Cundinamarca, Colombia",CO,0.65,0.6589774352363329,1.0,bearish,1.0,0.7851545844567199,,,,not_selected_for_ollama,0.7851545844567199,strong
34248262,20001018,MMR,BURMA,MMR,,VNMGOV,PHAN VAN KHAI,VNM,GOV,1,043,043,04,1,2.8,23,2,23,9.3042205132928,Myanmar,BM,Myanmar,BM,Myanmar,BM,20130203,False,True,False,2000-10-18,2000-10-18,88.25,90.0,91.0,87.30000305175781,4196.0,-0.005073246490693406,86.69999694824219,78.05000305175781,73.9000015258789,70.30000305175781,-0.017563773957595563,-0.11558070196308423,-0.16260621500420502,-0.20339939884693692,0.3985726825768454,0.11558070196308423,43747.0,,-7834.0,1432.0,,-6604.0,4512.0,0.0306992479484307,0,BURMA -> PHAN VAN KHAI; event code 043; Goldstein 2.8; tone 9.3042205132928; Myanmar,BM,0.65,0.6488717178774455,1.0,bearish,1.0,0.7827292122905869,,,,not_selected_for_ollama,0.7827292122905869,strong
34243902,20001018,GOVMIL,DEFENSE MINIST,,GOV,BRA,BRAZIL,BRA,,1,046,046,04,1,7.0,11,2,11,9.03439415579534,Brazil,BR,Brazil,BR,Brazil,BR,20130203,False,True,True,2000-10-18,2000-10-18,88.25,90.0,91.0,87.30000305175781,4196.0,-0.005073246490693406,86.69999694824219,78.05000305175781,73.9000015258789,70.30000305175781,-0.017563773957595563,-0.11558070196308423,-0.16260621500420502,-0.20339939884693692,0.3985726825768454,0.11558070196308423,43747.0,,-7834.0,1432.0,,-6604.0,4512.0,0.0306992479484307,0,DEFENSE MINIST -> BRAZIL; event code 046; Goldstein 7.0; tone 9.03439415579534; Brazil,BR,0.65,0.645851519930359,1.0,bearish,1.0,0.7820043647832862,,,,not_selected_for_ollama,0.7820043647832862,strong
34266918,20001019,YEM,YEMENI,YEM,,AFG,AFGHAN,AFG,,0,062,062,06,2,7.4,65,3,19,3.49485039068018,Tanzania,TZ,Afghanistan,AF,Afghanistan,AF,20130203,False,True,True,2000-10-19,2000-10-19,86.69999694824219,88.0,88.0,85.9000015258789,5330.0,-0.017563773957595563,84.1500015258789,75.4000015258789,74.25,68.8499984741211,-0.029411712942568724,-0.13033443852494142,-0.14359858577243712,-0.2058823425885138,0.39896183588871004,0.11900155632152977,43747.0,,-7834.0,1432.0,,-6604.0,4512.0,0.0306992479484307,0,YEMENI -> AFGHAN; event code 062; Goldstein 7.4; tone 3.49485039068018; Afghanistan,AF,0.65,0.7057229541566422,1.0,bearish,1.0,0.7963735089975942,,,,not_selected_for_ollama,0.7963735089975942,strong
34265134,20001019,SEP,SEPARATIST,,SEP,IDN,PAPUA,IDN,,1,046,046,04,1,7.0,29,3,26,4.00626528468428,"Papua, Indonesia (general), Indonesia",ID,"Papua, Indonesia (general), Indonesia",ID,"Papua, Indonesia (general), Indonesia",ID,20130203,False,True,True,2000-10-19,2000-10-19,86.69999694824219,88.0,88.0,85.9000015258789,5330.0,-0.017563773957595563,84.1500015258789,75.4000015258789,74.25,68.8499984741211,-0.029411712942568724,-0.13033443852494142,-0.14359858577243712,-0.2058823425885138,0.39896183588871004,0.11900155632152977,43747.0,,-7834.0,1432.0,,-6604.0,4512.0,0.0306992479484307,0,"SEPARATIST -> PAPUA; event code 046; Goldstein 7.0; tone 4.00626528468428; Papua, Indonesia (general), Indonesia",ID,0.65,0.68056653496452,1.0,bearish,1.0,0.7903359683914848,,,,not_selected_for_ollama,0.7903359683914848,strong
34254517,20001019,,,,,VNM,VIETNAM,VNM,,1,046,046,04,1,7.0,9,1,9,14.8717948717949,,,"Hanoi, Ha N?i, Vietnam, Republic Of",VM,"Hanoi, Ha N?i, Vietnam, Republic Of",VM,20130203,False,True,True,2000-10-19,2000-10-19,86.69999694824219,88.0,88.0,85.9000015258789,5330.0,-0.017563773957595563,84.1500015258789,75.4000015258789,74.25,68.8499984741211,-0.029411712942568724,-0.13033443852494142,-0.14359858577243712,-0.2058823425885138,0.39896183588871004,0.11900155632152977,43747.0,,-7834.0,1432.0,,-6604.0,4512.0,0.0306992479484307,0,"Unknown actor -> VIETNAM; event code 046; Goldstein 7.0; tone 14.8717948717949; Hanoi, Ha N?i, Vietnam, Republic Of",VM,0.65,0.6516357777545533,1.0,bearish,1.0,0.7833925866610928,,,,not_selected_for_ollama,0.7833925866610928,strong
34266854,20001019,VNM,VIETNAM,VNM,,,,,,1,046,046,04,1,7.0,9,1,9,14.8717948717949,"Hanoi, Ha N?i, Vietnam, Republic Of",VM,,,"Hanoi, Ha N?i, Vietnam, Republic Of",VM,20130203,False,True,True,2000-10-19,2000-10-19,86.69999694824219,88.0,88.0,85.9000015258789,5330.0,-0.017563773957595563,84.1500015258789,75.4000015258789,74.25,68.8499984741211,-0.029411712942568724,-0.13033443852494142,-0.14359858577243712,-0.2058823425885138,0.39896183588871004,0.11900155632152977,43747.0,,-7834.0,1432.0,,-6604.0,4512.0,0.0306992479484307,0,"VIETNAM -> unknown target; event code 046; Goldstein 7.0; tone 14.8717948717949; Hanoi, Ha N?i, Vietnam, Republic Of",VM,0.65,0.6516357777545533,1.0,bearish,1.0,0.7833925866610928,,,,not_selected_for_ollama,0.7833925866610928,strong
34255300,20001019,BLZ,BELIZE,BLZ,,GTM,GUATEMALA,GTM,,0,062,062,06,2,7.4,16,1,16,6.7693512058452,Belize,BH,Guatemala,GT,El Salvador,ES,20130203,False,True,True,2000-10-19,2000-10-19,86.69999694824219,88.0,88.0,85.9000015258789,5330.0,-0.017563773957595563,84.1500015258789,75.4000015258789,74.25,68.8499984741211,-0.029411712942568724,-0.13033443852494142,-0.14359858577243712,-0.2058823425885138,0.39896183588871004,0.11900155632152977,43747.0,,-7834.0,1432.0,,-6604.0,4512.0,0.0306992479484307,0,BELIZE -> GUATEMALA; event code 062; Goldstein 7.4; tone 6.7693512058452; El Salvador,ES,0.65,0.6356325921467041,1.0,bearish,1.0,0.779551822115209,,,,not_selected_for_ollama,0.779551822115209,strong
34255301,20001019,BLZ,BELIZE,BLZ,,HND,HONDURAS,HND,,0,062,062,06,2,7.4,16,1,16,6.7693512058452,Belize,BH,"Circulo, Francisco MorazáHO, Honduras",HO,El Salvador,ES,20130203,False,True,True,2000-10-19,2000-10-19,86.69999694824219,88.0,88.0,85.9000015258789,5330.0,-0.017563773957595563,84.1500015258789,75.4000015258789,74.25,68.8499984741211,-0.029411712942568724,-0.13033443852494142,-0.14359858577243712,-0.2058823425885138,0.39896183588871004,0.11900155632152977,43747.0,,-7834.0,1432.0,,-6604.0,4512.0,0.0306992479484307,0,BELIZE -> HONDURAS; event code 062; Goldstein 7.4; tone 6.7693512058452; El Salvador,ES,0.65,0.6356325921467041,1.0,bearish,1.0,0.779551822115209,,,,not_selected_for_ollama,0.779551822115209,strong
34255304,20001019,BLZ,BELIZE,BLZ,,NIC,NICARAGUA,NIC,,0,062,062,06,2,7.4,16,1,16,6.7693512058452,Belize,BH,Nicaragua,NU,El Salvador,ES,20130203,False,True,True,2000-10-19,2000-10-19,86.69999694824219,88.0,88.0,85.9000015258789,5330.0,-0.017563773957595563,84.1500015258789,75.4000015258789,74.25,68.8499984741211,-0.029411712942568724,-0.13033443852494142,-0.14359858577243712,-0.2058823425885138,0.39896183588871004,0.11900155632152977,43747.0,,-7834.0,1432.0,,-6604.0,4512.0,0.0306992479484307,0,BELIZE -> NICARAGUA; event code 062; Goldstein 7.4; tone 6.7693512058452; El Salvador,ES,0.65,0.6356325921467041,1.0,bearish,1.0,0.779551822115209,,,,not_selected_for_ollama,0.779551822115209,strong
34255305,20001019,BLZ,BELIZE,BLZ,,SLV,EL SALVADOR,SLV,,0,062,062,06,2,7.4,16,1,16,6.7693512058452,Belize,BH,El Salvador,ES,El Salvador,ES,20130203,False,True,True,2000-10-19,2000-10-19,86.69999694824219,88.0,88.0,85.9000015258789,5330.0,-0.017563773957595563,84.1500015258789,75.4000015258789,74.25,68.8499984741211,-0.029411712942568724,-0.13033443852494142,-0.14359858577243712,-0.2058823425885138,0.39896183588871004,0.11900155632152977,43747.0,,-7834.0,1432.0,,-6604.0,4512.0,0.0306992479484307,0,BELIZE -> EL SALVADOR; event code 062; Goldstein 7.4; tone 6.7693512058452; El Salvador,ES,0.65,0.6356325921467041,1.0,bearish,1.0,0.779551822115209,,,,not_selected_for_ollama,0.779551822115209,strong
34256395,20001019,CRI,COSTA RICA,CRI,,BLZ,BELIZE,BLZ,,0,062,062,06,2,7.4,16,1,16,6.7693512058452,Costa Rica,CS,Belize,BH,El Salvador,ES,20130203,False,True,True,2000-10-19,2000-10-19,86.69999694824219,88.0,88.0,85.9000015258789,5330.0,-0.017563773957595563,84.1500015258789,75.4000015258789,74.25,68.8499984741211,-0.029411712942568724,-0.13033443852494142,-0.14359858577243712,-0.2058823425885138,0.39896183588871004,0.11900155632152977,43747.0,,-7834.0,1432.0,,-6604.0,4512.0,0.0306992479484307,0,COSTA RICA -> BELIZE; event code 062; Goldstein 7.4; tone 6.7693512058452; El Salvador,ES,0.65,0.6356325921467041,1.0,bearish,1.0,0.779551822115209,,,,not_selected_for_ollama,0.779551822115209,strong
34256399,20001019,CRI,COSTA RICA,CRI,,GTM,GUATEMALA,GTM,,0,062,062,06,2,7.4,16,1,16,6.7693512058452,Costa Rica,CS,Guatemala,GT,El Salvador,ES,20130203,False,True,True,2000-10-19,2000-10-19,86.69999694824219,88.0,88.0,85.9000015258789,5330.0,-0.017563773957595563,84.1500015258789,75.4000015258789,74.25,68.8499984741211,-0.029411712942568724,-0.13033443852494142,-0.14359858577243712,-0.2058823425885138,0.39896183588871004,0.11900155632152977,43747.0,,-7834.0,1432.0,,-6604.0,4512.0,0.0306992479484307,0,COSTA RICA -> GUATEMALA; event code 062; Goldstein 7.4; tone 6.7693512058452; El Salvador,ES,0.65,0.6356325921467041,1.0,bearish,1.0,0.779551822115209,,,,not_selected_for_ollama,0.779551822115209,strong
34259127,20001019,GTM,GUATEMALA,GTM,,BLZ,BELIZE,BLZ,,0,062,062,06,2,7.4,16,1,16,6.7693512058452,Guatemala,GT,Belize,BH,El Salvador,ES,20130203,False,True,True,2000-10-19,2000-10-19,86.69999694824219,88.0,88.0,85.9000015258789,5330.0,-0.017563773957595563,84.1500015258789,75.4000015258789,74.25,68.8499984741211,-0.029411712942568724,-0.13033443852494142,-0.14359858577243712,-0.2058823425885138,0.39896183588871004,0.11900155632152977,43747.0,,-7834.0,1432.0,,-6604.0,4512.0,0.0306992479484307,0,GUATEMALA -> BELIZE; event code 062; Goldstein 7.4; tone 6.7693512058452; El Salvador,ES,0.65,0.6356325921467041,1.0,bearish,1.0,0.779551822115209,,,,not_selected_for_ollama,0.779551822115209,strong
34263017,20001019,NIC,NICARAGUA,NIC,,HND,HONDURAS,HND,,0,062,062,06,2,7.4,16,1,16,6.7693512058452,Nicaragua,NU,"Circulo, Francisco MorazáHO, Honduras",HO,El Salvador,ES,20130203,False,True,True,2000-10-19,2000-10-19,86.69999694824219,88.0,88.0,85.9000015258789,5330.0,-0.017563773957595563,84.1500015258789,75.4000015258789,74.25,68.8499984741211,-0.029411712942568724,-0.13033443852494142,-0.14359858577243712,-0.2058823425885138,0.39896183588871004,0.11900155632152977,43747.0,,-7834.0,1432.0,,-6604.0,4512.0,0.0306992479484307,0,NICARAGUA -> HONDURAS; event code 062; Goldstein 7.4; tone 6.7693512058452; El Salvador,ES,0.65,0.6356325921467041,1.0,bearish,1.0,0.779551822115209,,,,not_selected_for_ollama,0.779551822115209,strong
34265228,20001019,SLV,EL SALVADOR,SLV,,BLZ,BELIZE,BLZ,,0,062,062,06,2,7.4,16,1,16,6.7693512058452,El Salvador,ES,Belize,BH,El Salvador,ES,20130203,False,True,True,2000-10-19,2000-10-19,86.69999694824219,88.0,88.0,85.9000015258789,5330.0,-0.017563773957595563,84.1500015258789,75.4000015258789,74.25,68.8499984741211,-0.029411712942568724,-0.13033443852494142,-0.14359858577243712,-0.2058823425885138,0.39896183588871004,0.11900155632152977,43747.0,,-7834.0,1432.0,,-6604.0,4512.0,0.0306992479484307,0,EL SALVADOR -> BELIZE; event code 062; Goldstein 7.4; tone 6.7693512058452; El Salvador,ES,0.65,0.6356325921467041,1.0,bearish,1.0,0.779551822115209,,,,not_selected_for_ollama,0.779551822115209,strong
34265240,20001019,SLV,EL SALVADOR,SLV,,NIC,NICARAGUA,NIC,,0,062,062,06,2,7.4,16,1,16,6.7693512058452,El Salvador,ES,Nicaragua,NU,El Salvador,ES,20130203,False,True,True,2000-10-19,2000-10-19,86.69999694824219,88.0,88.0,85.9000015258789,5330.0,-0.017563773957595563,84.1500015258789,75.4000015258789,74.25,68.8499984741211,-0.029411712942568724,-0.13033443852494142,-0.14359858577243712,-0.2058823425885138,0.39896183588871004,0.11900155632152977,43747.0,,-7834.0,1432.0,,-6604.0,4512.0,0.0306992479484307,0,EL SALVADOR -> NICARAGUA; event code 062; Goldstein 7.4; tone 6.7693512058452; El Salvador,ES,0.65,0.6356325921467041,1.0,bearish,1.0,0.779551822115209,,,,not_selected_for_ollama,0.779551822115209,strong
34977844,20001214,IDN,JAKARTA,IDN,,,,,,0,120,120,12,3,-4.0,54,3,54,7.03109018066719,"Jakarta, Jakarta Raya, Indonesia",ID,,,"Jakarta, Jakarta Raya, Indonesia",ID,20130203,False,True,True,2000-12-14,2000-12-14,61.54999923706055,62.900001525878906,62.900001525878906,61.54999923706055,55.0,-0.03450981588924629,62.900001525878906,66.55000305175781,65.55000305175781,67.4000015258789,0.021933424948046065,0.08123483146506127,0.06498787756749125,0.09504471748711163,0.29226843917956674,0.11222823666759052,44640.0,,3064.0,-6603.0,,-328.0,214.0,0.0036514336917562,0,"JAKARTA -> unknown target; event code 120; Goldstein -4.0; tone 7.03109018066719; Jakarta, Jakarta Raya, Indonesia",ID,0.65,0.775888080328463,0.7238359425148165,bullish,1.0,0.7358872031829798,,,,not_selected_for_ollama,0.7358872031829798,strong
34977845,20001214,IDN,INDONESIA,IDN,,,,,,0,120,120,12,3,-4.0,18,2,18,10.4531318464054,"Papua, Indonesia (general), Indonesia",ID,,,"Papua, Indonesia (general), Indonesia",ID,20130203,False,True,True,2000-12-14,2000-12-14,61.54999923706055,62.900001525878906,62.900001525878906,61.54999923706055,55.0,-0.03450981588924629,62.900001525878906,66.55000305175781,65.55000305175781,67.4000015258789,0.021933424948046065,0.08123483146506127,0.06498787756749125,0.09504471748711163,0.29226843917956674,0.11222823666759052,44640.0,,3064.0,-6603.0,,-328.0,214.0,0.0036514336917562,0,"INDONESIA -> unknown target; event code 120; Goldstein -4.0; tone 10.4531318464054; Papua, Indonesia (general), Indonesia",ID,0.65,0.7242070708374392,0.7238359425148165,bullish,1.0,0.723483760905134,,,,not_selected_for_ollama,0.723483760905134,strong
34983487,20001214,RUS,RUSSIA,RUS,,UGA,UGANDA,UGA,,1,172,172,17,4,-5.0,17,2,17,6.38260009886307,"Moscow, Moskva, Russia",RS,"Moscow, Moskva, Russia",RS,"Moscow, Moskva, Russia",RS,20130203,False,True,True,2000-12-14,2000-12-14,61.54999923706055,62.900001525878906,62.900001525878906,61.54999923706055,55.0,-0.03450981588924629,62.900001525878906,66.55000305175781,65.55000305175781,67.4000015258789,0.021933424948046065,0.08123483146506127,0.06498787756749125,0.09504471748711163,0.29226843917956674,0.11222823666759052,44640.0,,3064.0,-6603.0,,-328.0,214.0,0.0036514336917562,0,"RUSSIA -> UGANDA; event code 172; Goldstein -5.0; tone 6.38260009886307; Moscow, Moskva, Russia",RS,0.65,0.6899278665718289,0.7238359425148165,bullish,1.0,0.7152567518813876,,,,not_selected_for_ollama,0.7152567518813876,strong
34977931,20001214,IDN,INDONESIAN,IDN,,TMP,EAST TIMOR,TMP,,1,174,174,17,4,-5.0,12,2,12,7.47339461632237,"Jakarta, Jakarta Raya, Indonesia",ID,"Jakarta, Jakarta Raya, Indonesia",ID,"Jakarta, Jakarta Raya, Indonesia",ID,20130203,False,True,True,2000-12-14,2000-12-14,61.54999923706055,62.900001525878906,62.900001525878906,61.54999923706055,55.0,-0.03450981588924629,62.900001525878906,66.55000305175781,65.55000305175781,67.4000015258789,0.021933424948046065,0.08123483146506127,0.06498787756749125,0.09504471748711163,0.29226843917956674,0.11222823666759052,44640.0,,3064.0,-6603.0,,-328.0,214.0,0.0036514336917562,0,"INDONESIAN -> EAST TIMOR; event code 174; Goldstein -5.0; tone 7.47339461632237; Jakarta, Jakarta Raya, Indonesia",ID,0.65,0.6693643979748984,0.7238359425148165,bullish,1.0,0.7103215194181243,,,,not_selected_for_ollama,0.7103215194181243,strong
34977847,20001214,IDN,JAKARTA,IDN,,,,,,0,161,161,16,4,-4.0,18,2,18,4.05555162575747,"Jakarta, Jakarta Raya, Indonesia",ID,,,"Jakarta, Jakarta Raya, Indonesia",ID,20130203,False,True,True,2000-12-14,2000-12-14,61.54999923706055,62.900001525878906,62.900001525878906,61.54999923706055,55.0,-0.03450981588924629,62.900001525878906,66.55000305175781,65.55000305175781,67.4000015258789,0.021933424948046065,0.08123483146506127,0.06498787756749125,0.09504471748711163,0.29226843917956674,0.11222823666759052,44640.0,,3064.0,-6603.0,,-328.0,214.0,0.0036514336917562,0,"JAKARTA -> unknown target; event code 161; Goldstein -4.0; tone 4.05555162575747; Jakarta, Jakarta Raya, Indonesia",ID,0.65,0.6575807338266404,0.7238359425148165,bullish,1.0,0.7074934400225423,,,,not_selected_for_ollama,0.7074934400225423,strong
34973034,20001214,BUS,BANK,,BUS,GOV,GOVERNMENT,,GOV,1,100,100,10,3,-5.0,18,2,18,6.16847826086957,"Mount Kenya, Kenya (general), Kenya",KE,"Mount Kenya, Kenya (general), Kenya",KE,"Mount Kenya, Kenya (general), Kenya",KE,20130203,False,True,True,2000-12-14,2000-12-14,61.54999923706055,62.900001525878906,62.900001525878906,61.54999923706055,55.0,-0.03450981588924629,62.900001525878906,66.55000305175781,65.55000305175781,67.4000015258789,0.021933424948046065,0.08123483146506127,0.06498787756749125,0.09504471748711163,0.29226843917956674,0.11222823666759052,44640.0,,3064.0,-6603.0,,-328.0,214.0,0.0036514336917562,0,"BANK -> GOVERNMENT; event code 100; Goldstein -5.0; tone 6.16847826086957; Mount Kenya, Kenya (general), Kenya",KE,0.65,0.6527961777451754,0.7238359425148165,bullish,1.0,0.7063451465629907,,,,not_selected_for_ollama,0.7063451465629907,strong
34972015,20001214,,,,,REB,REBELLION,,REB,0,190,190,19,4,-10.0,12,1,6,8.31578947368421,,,"Abidjan, Lagunes, Cote D'ivoire",IV,"Abidjan, Lagunes, Cote D'ivoire",IV,20130203,False,True,True,2000-12-14,2000-12-14,61.54999923706055,62.900001525878906,62.900001525878906,61.54999923706055,55.0,-0.03450981588924629,62.900001525878906,66.55000305175781,65.55000305175781,67.4000015258789,0.021933424948046065,0.08123483146506127,0.06498787756749125,0.09504471748711163,0.29226843917956674,0.11222823666759052,44640.0,,3064.0,-6603.0,,-328.0,214.0,0.0036514336917562,0,"Unknown actor -> REBELLION; event code 190; Goldstein -10.0; tone 8.31578947368421; Abidjan, Lagunes, Cote D'ivoire",IV,0.65,0.6454145484212566,0.7238359425148165,bullish,1.0,0.7045735555252503,,,,not_selected_for_ollama,0.7045735555252503,strong
34982781,20001214,REB,REBELLION,,REB,,,,,0,190,190,19,4,-10.0,12,1,6,8.31578947368421,"Abidjan, Lagunes, Cote D'ivoire",IV,,,"Abidjan, Lagunes, Cote D'ivoire",IV,20130203,False,True,True,2000-12-14,2000-12-14,61.54999923706055,62.900001525878906,62.900001525878906,61.54999923706055,55.0,-0.03450981588924629,62.900001525878906,66.55000305175781,65.55000305175781,67.4000015258789,0.021933424948046065,0.08123483146506127,0.06498787756749125,0.09504471748711163,0.29226843917956674,0.11222823666759052,44640.0,,3064.0,-6603.0,,-328.0,214.0,0.0036514336917562,0,"REBELLION -> unknown target; event code 190; Goldstein -10.0; tone 8.31578947368421; Abidjan, Lagunes, Cote D'ivoire",IV,0.65,0.6454145484212566,0.7238359425148165,bullish,1.0,0.7045735555252503,,,,not_selected_for_ollama,0.7045735555252503,strong
34982151,20001214,PER,PERU,PER,,PRK,PYONGYANG,PRK,,1,173,173,17,4,-5.0,6,1,6,11.6,"Pyongyang, P'yongyang-si, North Korea",KN,"Pyongyang, P'yongyang-si, North Korea",KN,"Pyongyang, P'yongyang-si, North Korea",KN,20130203,False,True,True,2000-12-14,2000-12-14,61.54999923706055,62.900001525878906,62.900001525878906,61.54999923706055,55.0,-0.03450981588924629,62.900001525878906,66.55000305175781,65.55000305175781,67.4000015258789,0.021933424948046065,0.08123483146506127,0.06498787756749125,0.09504471748711163,0.29226843917956674,0.11222823666759052,44640.0,,3064.0,-6603.0,,-328.0,214.0,0.0036514336917562,0,"PERU -> PYONGYANG; event code 173; Goldstein -5.0; tone 11.6; Pyongyang, P'yongyang-si, North Korea",KN,0.65,0.6425049418114901,0.7238359425148165,bullish,1.0,0.7038752499389063,,,,not_selected_for_ollama,0.7038752499389063,strong
34974449,20001214,CVL,RESIDENTS,,CVL,GOV,GOVERNMENT,,GOV,1,110,110,11,3,-2.0,14,2,14,7.00680016342678,"Mexico City, Distrito Federal, Mexico",MX,"Mexico City, Distrito Federal, Mexico",MX,"Mexico City, Distrito Federal, Mexico",MX,20130203,False,True,True,2000-12-14,2000-12-14,61.54999923706055,62.900001525878906,62.900001525878906,61.54999923706055,55.0,-0.03450981588924629,62.900001525878906,66.55000305175781,65.55000305175781,67.4000015258789,0.021933424948046065,0.08123483146506127,0.06498787756749125,0.09504471748711163,0.29226843917956674,0.11222823666759052,44640.0,,3064.0,-6603.0,,-328.0,214.0,0.0036514336917562,0,"RESIDENTS -> GOVERNMENT; event code 110; Goldstein -2.0; tone 7.00680016342678; Mexico City, Distrito Federal, Mexico",MX,0.65,0.6386247885123839,0.7238359425148165,bullish,1.0,0.7029440131471208,,,,not_selected_for_ollama,0.7029440131471208,strong
34974027,20001214,COP,POLICE,,COP,SEP,SEPARATIST REBEL,,SEP,1,190,190,19,4,-10.0,16,1,16,3.0417327931841,"Sungai Pauh, Aceh, Indonesia",ID,"Sungai Pauh, Aceh, Indonesia",ID,"Sungai Pauh, Aceh, Indonesia",ID,20130203,False,True,True,2000-12-14,2000-12-14,61.54999923706055,62.900001525878906,62.900001525878906,61.54999923706055,55.0,-0.03450981588924629,62.900001525878906,66.55000305175781,65.55000305175781,67.4000015258789,0.021933424948046065,0.08123483146506127,0.06498787756749125,0.09504471748711163,0.29226843917956674,0.11222823666759052,44640.0,,3064.0,-6603.0,,-328.0,214.0,0.0036514336917562,0,"POLICE -> SEPARATIST REBEL; event code 190; Goldstein -10.0; tone 3.0417327931841; Sungai Pauh, Aceh, Indonesia",ID,0.65,0.6255056186023524,0.7238359425148165,bullish,1.0,0.6997954123687132,,,,not_selected_for_ollama,0.6997954123687132,strong
34974450,20001214,CVL,RESIDENTS,,CVL,GOV,GOVERNMENT,,GOV,1,110,110,11,3,-2.0,14,2,14,6.17682642051387,"Puebla, Puebla, Mexico",MX,"Puebla, Puebla, Mexico",MX,"Puebla, Puebla, Mexico",MX,20130203,False,True,True,2000-12-14,2000-12-14,61.54999923706055,62.900001525878906,62.900001525878906,61.54999923706055,55.0,-0.03450981588924629,62.900001525878906,66.55000305175781,65.55000305175781,67.4000015258789,0.021933424948046065,0.08123483146506127,0.06498787756749125,0.09504471748711163,0.29226843917956674,0.11222823666759052,44640.0,,3064.0,-6603.0,,-328.0,214.0,0.0036514336917562,0,"RESIDENTS -> GOVERNMENT; event code 110; Goldstein -2.0; tone 6.17682642051387; Puebla, Puebla, Mexico",MX,0.65,0.6247918927971687,0.7238359425148165,bullish,1.0,0.6996241181754691,,,,not_selected_for_ollama,0.6996241181754691,strong
34971574,20001214,,,,,GOV,MAYOR,,GOV,1,190,190,19,4,-10.0,7,1,7,8.26446280991736,,,"Mathare, Kenya (general), Kenya",KE,"Mathare, Kenya (general), Kenya",KE,20130203,False,True,True,2000-12-14,2000-12-14,61.54999923706055,62.900001525878906,62.900001525878906,61.54999923706055,55.0,-0.03450981588924629,62.900001525878906,66.55000305175781,65.55000305175781,67.4000015258789,0.021933424948046065,0.08123483146506127,0.06498787756749125,0.09504471748711163,0.29226843917956674,0.11222823666759052,44640.0,,3064.0,-6603.0,,-328.0,214.0,0.0036514336917562,0,"Unknown actor -> MAYOR; event code 190; Goldstein -10.0; tone 8.26446280991736; Mathare, Kenya (general), Kenya",KE,0.65,0.6228103227983417,0.7238359425148165,bullish,1.0,0.6991485413757507,,,,not_selected_for_ollama,0.6991485413757507,strong
34976555,20001214,GOV,MAYOR,,GOV,,,,,1,190,190,19,4,-10.0,7,1,7,8.26446280991736,"Mathare, Kenya (general), Kenya",KE,,,"Mathare, Kenya (general), Kenya",KE,20130203,False,True,True,2000-12-14,2000-12-14,61.54999923706055,62.900001525878906,62.900001525878906,61.54999923706055,55.0,-0.03450981588924629,62.900001525878906,66.55000305175781,65.55000305175781,67.4000015258789,0.021933424948046065,0.08123483146506127,0.06498787756749125,0.09504471748711163,0.29226843917956674,0.11222823666759052,44640.0,,3064.0,-6603.0,,-328.0,214.0,0.0036514336917562,0,"MAYOR -> unknown target; event code 190; Goldstein -10.0; tone 8.26446280991736; Mathare, Kenya (general), Kenya",KE,0.65,0.6228103227983417,0.7238359425148165,bullish,1.0,0.6991485413757507,,,,not_selected_for_ollama,0.6991485413757507,strong
34973814,20001214,COP,SECURITY FORCE,,COP,,,,,0,193,193,19,4,-10.0,9,1,9,6.4343163538874,"Abobo, Lagunes, Cote D'ivoire",IV,,,"Abobo, Lagunes, Cote D'ivoire",IV,20130203,False,True,True,2000-12-14,2000-12-14,61.54999923706055,62.900001525878906,62.900001525878906,61.54999923706055,55.0,-0.03450981588924629,62.900001525878906,66.55000305175781,65.55000305175781,67.4000015258789,0.021933424948046065,0.08123483146506127,0.06498787756749125,0.09504471748711163,0.29226843917956674,0.11222823666759052,44640.0,,3064.0,-6603.0,,-328.0,214.0,0.0036514336917562,0,"SECURITY FORCE -> unknown target; event code 193; Goldstein -10.0; tone 6.4343163538874; Abobo, Lagunes, Cote D'ivoire",IV,0.65,0.6188743836526766,0.7238359425148165,bullish,1.0,0.698203915980791,,,,not_selected_for_ollama,0.698203915980791,strong
34981976,20001214,OPP,DEMONSTRATOR,,OPP,IDN,JAKARTA,IDN,,1,141,141,14,3,-6.5,18,2,18,4.05555162575747,"Jakarta, Jakarta Raya, Indonesia",ID,"Jakarta, Jakarta Raya, Indonesia",ID,"Jakarta, Jakarta Raya, Indonesia",ID,20130203,False,True,True,2000-12-14,2000-12-14,61.54999923706055,62.900001525878906,62.900001525878906,61.54999923706055,55.0,-0.03450981588924629,62.900001525878906,66.55000305175781,65.55000305175781,67.4000015258789,0.021933424948046065,0.08123483146506127,0.06498787756749125,0.09504471748711163,0.29226843917956674,0.11222823666759052,44640.0,,3064.0,-6603.0,,-328.0,214.0,0.0036514336917562,0,"DEMONSTRATOR -> JAKARTA; event code 141; Goldstein -6.5; tone 4.05555162575747; Jakarta, Jakarta Raya, Indonesia",ID,0.65,0.6175807338266404,0.7238359425148165,bullish,1.0,0.6978934400225424,,,,not_selected_for_ollama,0.6978934400225424,strong
34972016,20001214,,,,,REB,REBEL GROUP,,REB,0,190,190,19,4,-10.0,9,1,9,5.80762250453721,,,"Medellin, Antioquia, Colombia",CO,"Medellin, Antioquia, Colombia",CO,20130203,False,True,True,2000-12-14,2000-12-14,61.54999923706055,62.900001525878906,62.900001525878906,61.54999923706055,55.0,-0.03450981588924629,62.900001525878906,66.55000305175781,65.55000305175781,67.4000015258789,0.021933424948046065,0.08123483146506127,0.06498787756749125,0.09504471748711163,0.29226843917956674,0.11222823666759052,44640.0,,3064.0,-6603.0,,-328.0,214.0,0.0036514336917562,0,"Unknown actor -> REBEL GROUP; event code 190; Goldstein -10.0; tone 5.80762250453721; Medellin, Antioquia, Colombia",CO,0.65,0.6084294861635067,0.7238359425148165,bullish,1.0,0.6956971405833903,,,,not_selected_for_ollama,0.6956971405833903,strong
34972017,20001214,,,,,REB,REBEL GROUP,,REB,0,190,190,19,4,-10.0,9,1,9,5.79964850615114,,,"Granada, NariñO, Colombia",CO,"Granada, NariñO, Colombia",CO,20130203,False,True,True,2000-12-14,2000-12-14,61.54999923706055,62.900001525878906,62.900001525878906,61.54999923706055,55.0,-0.03450981588924629,62.900001525878906,66.55000305175781,65.55000305175781,67.4000015258789,0.021933424948046065,0.08123483146506127,0.06498787756749125,0.09504471748711163,0.29226843917956674,0.11222823666759052,44640.0,,3064.0,-6603.0,,-328.0,214.0,0.0036514336917562,0,"Unknown actor -> REBEL GROUP; event code 190; Goldstein -10.0; tone 5.79964850615114; Granada, NariñO, Colombia",CO,0.65,0.6082965861904055,0.7238359425148165,bullish,1.0,0.695665244589846,,,,not_selected_for_ollama,0.695665244589846,strong
34973721,20001214,COLREB,FARC,COL,REB,CVL,CIVILIAN,,CVL,0,1832,183,18,4,-10.0,9,1,9,5.79964850615114,"Granada, NariñO, Colombia",CO,"Granada, NariñO, Colombia",CO,"Granada, NariñO, Colombia",CO,20130203,False,True,True,2000-12-14,2000-12-14,61.54999923706055,62.900001525878906,62.900001525878906,61.54999923706055,55.0,-0.03450981588924629,62.900001525878906,66.55000305175781,65.55000305175781,67.4000015258789,0.021933424948046065,0.08123483146506127,0.06498787756749125,0.09504471748711163,0.29226843917956674,0.11222823666759052,44640.0,,3064.0,-6603.0,,-328.0,214.0,0.0036514336917562,0,"FARC -> CIVILIAN; event code 1832; Goldstein -10.0; tone 5.79964850615114; Granada, NariñO, Colombia",CO,0.65,0.6082965861904055,0.7238359425148165,bullish,1.0,0.695665244589846,,,,not_selected_for_ollama,0.695665244589846,strong
34973722,20001214,COLREB,FARC,COL,REB,CVL,CIVILIAN,,CVL,0,190,190,19,4,-10.0,9,1,9,5.79964850615114,"Granada, NariñO, Colombia",CO,"Granada, NariñO, Colombia",CO,"Granada, NariñO, Colombia",CO,20130203,False,True,True,2000-12-14,2000-12-14,61.54999923706055,62.900001525878906,62.900001525878906,61.54999923706055,55.0,-0.03450981588924629,62.900001525878906,66.55000305175781,65.55000305175781,67.4000015258789,0.021933424948046065,0.08123483146506127,0.06498787756749125,0.09504471748711163,0.29226843917956674,0.11222823666759052,44640.0,,3064.0,-6603.0,,-328.0,214.0,0.0036514336917562,0,"FARC -> CIVILIAN; event code 190; Goldstein -10.0; tone 5.79964850615114; Granada, NariñO, Colombia",CO,0.65,0.6082965861904055,0.7238359425148165,bullish,1.0,0.695665244589846,,,,not_selected_for_ollama,0.695665244589846,strong
34973932,20001214,COP,NATIONAL POLICE CHIEF,,COP,IDN,ACEH,IDN,,0,153,153,15,4,-7.2,16,1,16,3.12682718008687,"Jakarta, Jakarta Raya, Indonesia",ID,"Jakarta, Jakarta Raya, Indonesia",ID,"Jakarta, Jakarta Raya, Indonesia",ID,20130203,False,True,True,2000-12-14,2000-12-14,61.54999923706055,62.900001525878906,62.900001525878906,61.54999923706055,55.0,-0.03450981588924629,62.900001525878906,66.55000305175781,65.55000305175781,67.4000015258789,0.021933424948046065,0.08123483146506127,0.06498787756749125,0.09504471748711163,0.29226843917956674,0.11222823666759052,44640.0,,3064.0,-6603.0,,-328.0,214.0,0.0036514336917562,0,"NATIONAL POLICE CHIEF -> ACEH; event code 153; Goldstein -7.2; tone 3.12682718008687; Jakarta, Jakarta Raya, Indonesia",ID,0.65,0.6069238583840654,0.7238359425148165,bullish,1.0,0.6953357899163244,,,,not_selected_for_ollama,0.6953357899163244,strong
34972144,20001214,,,,,UGA,UGANDA,UGA,,0,180,180,18,4,-9.0,6,1,6,9.18727915194346,,,"Kampala, Kampala, Uganda",UG,"Kampala, Kampala, Uganda",UG,20130203,False,True,True,2000-12-14,2000-12-14,61.54999923706055,62.900001525878906,62.900001525878906,61.54999923706055,55.0,-0.03450981588924629,62.900001525878906,66.55000305175781,65.55000305175781,67.4000015258789,0.021933424948046065,0.08123483146506127,0.06498787756749125,0.09504471748711163,0.29226843917956674,0.11222823666759052,44640.0,,3064.0,-6603.0,,-328.0,214.0,0.0036514336917562,0,"Unknown actor -> UGANDA; event code 180; Goldstein -9.0; tone 9.18727915194346; Kampala, Kampala, Uganda",UG,0.65,0.6022929276772144,0.7238359425148165,bullish,1.0,0.6942243665466802,,,,not_selected_for_ollama,0.6942243665466802,strong
34984534,20001214,UAF,MILITIA,,UAF,AFG,AFGHANISTAN,AFG,,1,190,190,19,4,-10.0,7,1,7,6.78111587982833,"Chechnya, Checheno-Ingushskaya Avtonomnaya Sovetskaya Sotsialistichesk, Russia",RS,"The Indian, California, United States",US,"Chechnya, Checheno-Ingushskaya Avtonomnaya Sovetskaya Sotsialistichesk, Russia",RS,20130203,False,True,True,2000-12-14,2000-12-14,61.54999923706055,62.900001525878906,62.900001525878906,61.54999923706055,55.0,-0.03450981588924629,62.900001525878906,66.55000305175781,65.55000305175781,67.4000015258789,0.021933424948046065,0.08123483146506127,0.06498787756749125,0.09504471748711163,0.29226843917956674,0.11222823666759052,44640.0,,3064.0,-6603.0,,-328.0,214.0,0.0036514336917562,0,"MILITIA -> AFGHANISTAN; event code 190; Goldstein -10.0; tone 6.78111587982833; Chechnya, Checheno-Ingushskaya Avtonomnaya Sovetskaya Sotsialistichesk, Russia",RS,0.65,0.5980878739635245,0.7238359425148165,bullish,1.0,0.6932151536553945,,,,not_selected_for_ollama,0.6932151536553945,strong
34979872,20001214,JUDGOV,CONSTITUTIONAL COURT,,JUD,JUD,SUPREME COURT,,JUD,0,130,130,13,3,-4.4,9,1,9,8.69565217391304,Colombia,CO,Colombia,CO,Colombia,CO,20130203,False,True,True,2000-12-14,2000-12-14,61.54999923706055,62.900001525878906,62.900001525878906,61.54999923706055,55.0,-0.03450981588924629,62.900001525878906,66.55000305175781,65.55000305175781,67.4000015258789,0.021933424948046065,0.08123483146506127,0.06498787756749125,0.09504471748711163,0.29226843917956674,0.11222823666759052,44640.0,,3064.0,-6603.0,,-328.0,214.0,0.0036514336917562,0,CONSTITUTIONAL COURT -> SUPREME COURT; event code 130; Goldstein -4.4; tone 8.69565217391304; Colombia,CO,0.65,0.5965633139864372,0.7238359425148165,bullish,1.0,0.6928492592608936,,,,not_selected_for_ollama,0.6928492592608936,strong
35016871,20001217,ace,ACEHNESE,,,,,,,0,193,193,19,4,-10.0,22,2,14,6.42032801871994,"Jakarta, Jakarta Raya, Indonesia",ID,,,"Jakarta, Jakarta Raya, Indonesia",ID,20130203,False,True,True,2000-12-17,2000-12-18,62.70000076293945,64.0,64.0,62.70000076293945,4030.0,-0.003179662290742069,65.05000305175781,67.30000305175781,63.45000076293945,66.75,0.03748009984407208,0.07336526687153277,0.011961722342486825,0.06459328848133628,0.302761782683037,0.11192305510335017,44640.0,,3064.0,-6603.0,,-328.0,214.0,0.0036514336917562,1,"ACEHNESE -> unknown target; event code 193; Goldstein -10.0; tone 6.42032801871994; Jakarta, Jakarta Raya, Indonesia",ID,0.65,0.7148449700068427,0.6554973575711189,bullish,1.0,0.7021020529215556,,,,not_selected_for_ollama,0.7021020529215556,strong
35012475,20001217,IDN,JAKARTA,IDN,,SEP,SEPARATIST,,SEP,1,192,192,19,4,-9.5,21,2,21,5.83943586940755,"Bangkok, Krung Thep Mahanakhon, Thailand",TH,"Bangkok, Krung Thep Mahanakhon, Thailand",TH,"Bangkok, Krung Thep Mahanakhon, Thailand",TH,20130203,False,True,False,2000-12-17,2000-12-18,62.70000076293945,64.0,64.0,62.70000076293945,4030.0,-0.003179662290742069,65.05000305175781,67.30000305175781,63.45000076293945,66.75,0.03748009984407208,0.07336526687153277,0.011961722342486825,0.06459328848133628,0.302761782683037,0.11192305510335017,44640.0,,3064.0,-6603.0,,-328.0,214.0,0.0036514336917562,1,"JAKARTA -> SEPARATIST; event code 192; Goldstein -9.5; tone 5.83943586940755; Bangkok, Krung Thep Mahanakhon, Thailand",TH,0.65,0.7147661106163836,0.6554973575711189,bullish,1.0,0.7020831266678453,,,,not_selected_for_ollama,0.7020831266678453,strong
35016872,20001217,ace,ACEHNESE,,,LAB,WORKER,,LAB,0,182,182,18,4,-9.5,22,2,14,6.42032801871994,"Jakarta, Jakarta Raya, Indonesia",ID,"Jakarta, Jakarta Raya, Indonesia",ID,"Jakarta, Jakarta Raya, Indonesia",ID,20130203,False,True,True,2000-12-17,2000-12-18,62.70000076293945,64.0,64.0,62.70000076293945,4030.0,-0.003179662290742069,65.05000305175781,67.30000305175781,63.45000076293945,66.75,0.03748009984407208,0.07336526687153277,0.011961722342486825,0.06459328848133628,0.302761782683037,0.11192305510335017,44640.0,,3064.0,-6603.0,,-328.0,214.0,0.0036514336917562,1,"ACEHNESE -> WORKER; event code 182; Goldstein -9.5; tone 6.42032801871994; Jakarta, Jakarta Raya, Indonesia",ID,0.65,0.7048449700068427,0.6554973575711189,bullish,1.0,0.6997020529215555,,,,not_selected_for_ollama,0.6997020529215555,strong
35014365,20001217,MOSUAF,MUSLIM MILITANT,,UAF,MIL,ARMY,,MIL,0,190,190,19,4,-10.0,14,1,14,7.63283923425191,"Handwara, Jammu and Kashmir, India",IN,"Handwara, Jammu and Kashmir, India",IN,"Handwara, Jammu and Kashmir, India",IN,20130203,False,True,True,2000-12-17,2000-12-18,62.70000076293945,64.0,64.0,62.70000076293945,4030.0,-0.003179662290742069,65.05000305175781,67.30000305175781,63.45000076293945,66.75,0.03748009984407208,0.07336526687153277,0.011961722342486825,0.06459328848133628,0.302761782683037,0.11192305510335017,44640.0,,3064.0,-6603.0,,-328.0,214.0,0.0036514336917562,1,"MUSLIM MILITANT -> ARMY; event code 190; Goldstein -10.0; tone 7.63283923425191; Handwara, Jammu and Kashmir, India",IN,0.65,0.6871226792490928,0.6554973575711189,bullish,1.0,0.6954487031396955,,,,not_selected_for_ollama,0.6954487031396955,strong
35014368,20001217,MOSUAF,MUSLIM MILITANT,,UAF,MIL,ARMY,,MIL,0,193,193,19,4,-10.0,13,1,13,7.62671776760563,"Handwara, Jammu and Kashmir, India",IN,"Handwara, Jammu and Kashmir, India",IN,"Handwara, Jammu and Kashmir, India",IN,20130203,False,True,True,2000-12-17,2000-12-18,62.70000076293945,64.0,64.0,62.70000076293945,4030.0,-0.003179662290742069,65.05000305175781,67.30000305175781,63.45000076293945,66.75,0.03748009984407208,0.07336526687153277,0.011961722342486825,0.06459328848133628,0.302761782683037,0.11192305510335017,44640.0,,3064.0,-6603.0,,-328.0,214.0,0.0036514336917562,1,"MUSLIM MILITANT -> ARMY; event code 193; Goldstein -10.0; tone 7.62671776760563; Handwara, Jammu and Kashmir, India",IN,0.65,0.6788066632603791,0.6554973575711189,bullish,1.0,0.6934528593024043,,,,not_selected_for_ollama,0.6934528593024043,strong
35017368,20001218,,,,,IDNELI,SUHARTO,IDN,ELI,0,173,173,17,4,-5.0,63,1,63,3.49351175758377,,,"Jakarta, Jakarta Raya, Indonesia",ID,"Jakarta, Jakarta Raya, Indonesia",ID,20130203,False,True,True,2000-12-18,2000-12-18,62.70000076293945,64.0,64.0,62.70000076293945,4030.0,-0.003179662290742069,65.05000305175781,67.30000305175781,63.45000076293945,66.75,0.03748009984407208,0.07336526687153277,0.011961722342486825,0.06459328848133628,0.302761782683037,0.11192305510335017,44640.0,,3064.0,-6603.0,,-328.0,214.0,0.0036514336917562,0,"Unknown actor -> SUHARTO; event code 173; Goldstein -5.0; tone 3.49351175758377; Jakarta, Jakarta Raya, Indonesia",ID,0.65,0.7257251959597295,0.6554973575711189,bullish,1.0,0.7047133071502484,,,,not_selected_for_ollama,0.7047133071502484,strong
