Date,Close,target_return_5d,target_direction_5d,test_year,selected_strategy,selected_model,predicted_direction_5d,predicted_up_probability_5d,correct_direction_5d,regime
2012-01-03,227.1999969482422,-0.00550176063728014,False,2012,regime_specific,per_regime_LogisticRegression,False,0.22138612953126124,True,normal
2012-01-04,226.6999969482422,0.03617113832654506,True,2012,regime_specific,per_regime_LogisticRegression,False,0.17383078714017824,False,normal
2012-01-05,219.5500030517578,0.06536092300278251,True,2012,regime_specific,per_regime_LogisticRegression,False,0.20215714731563675,False,normal
2012-01-06,221.75,0.015783540022547893,True,2012,regime_specific,per_regime_LogisticRegression,False,0.14110280155012261,False,normal
2012-01-09,221.8500061035156,0.014874860050393846,True,2012,regime_specific,per_regime_LogisticRegression,False,0.09134361278904618,False,normal
2012-01-10,225.9499969482422,-0.00486829324887561,False,2012,regime_specific,per_regime_LogisticRegression,False,0.0558910329750561,True,normal
2012-01-11,234.8999938964844,-0.03512132913735033,False,2012,regime_specific,per_regime_LogisticRegression,False,0.018550051022370426,True,normal
2012-01-12,233.8999938964844,-0.036340317322803295,False,2012,regime_specific,per_regime_LogisticRegression,False,0.03353830178531086,True,normal
2012-01-13,225.25,-0.02574918113987934,False,2012,regime_specific,per_regime_LogisticRegression,False,0.07562268197145888,True,normal
2012-01-17,225.1499938964844,-0.020874959252288994,False,2012,regime_specific,per_regime_LogisticRegression,False,0.13360236350405968,True,normal
2012-01-18,224.8500061035156,-0.034022721581566384,False,2012,regime_specific,per_regime_LogisticRegression,False,0.13533207710657555,True,normal
2012-01-19,226.6499938964844,-0.030664006774323682,False,2012,regime_specific,per_regime_LogisticRegression,False,0.11032726768388512,True,normal
2012-01-20,225.3999938964844,-0.035714232524184486,False,2012,regime_specific,per_regime_LogisticRegression,False,0.09877245146981697,True,normal
2012-01-23,219.4499969482422,-0.012986971448437856,False,2012,regime_specific,per_regime_LogisticRegression,False,0.07436768111341362,True,normal
2012-01-24,220.4499969482422,-0.024495323072071584,False,2012,regime_specific,per_regime_LogisticRegression,False,0.08119682457346947,True,normal
2012-01-25,217.1999969482422,-0.014272517901854798,False,2012,regime_specific,per_regime_LogisticRegression,False,0.09730087856591357,True,normal
2012-01-26,219.6999969482422,-0.018661770148738266,False,2012,regime_specific,per_regime_LogisticRegression,False,0.07093232932356706,True,normal
2012-01-27,217.3500061035156,-0.006441265773908689,False,2012,regime_specific,per_regime_LogisticRegression,False,0.06561416352365691,True,normal
2012-01-30,216.6000061035156,0.010156957000226452,True,2012,regime_specific,per_regime_LogisticRegression,False,0.18682128126910924,False,normal
2012-01-31,215.0500030517578,0.027435451349723472,True,2012,regime_specific,per_regime_LogisticRegression,False,0.18481960145950674,False,normal
2012-02-01,214.1000061035156,0.027790736938911875,True,2012,regime_specific,per_regime_LogisticRegression,False,0.30259425185118816,False,normal
2012-02-02,215.6000061035156,0.0018552592076104268,True,2012,regime_specific,per_regime_LogisticRegression,False,0.3092986893343949,False,normal
2012-02-03,215.9499969482422,-0.0030099277873115726,False,2012,regime_specific,per_regime_LogisticRegression,False,0.3265971848200227,True,normal
2012-02-06,218.8000030517578,-0.029707495015264707,False,2012,regime_specific,per_regime_LogisticRegression,False,0.26092740115168767,True,normal
2012-02-07,220.9499969482422,-0.07580900760964349,False,2012,regime_specific,per_regime_LogisticRegression,False,0.18381941953419886,True,normal
2012-02-08,220.0500030517578,-0.08929792721089647,False,2012,regime_specific,per_regime_LogisticRegression,False,0.23190935311139857,True,normal
2012-02-09,216.0,-0.07731480068630647,False,2012,regime_specific,per_regime_LogisticRegression,False,0.30897367502233625,True,normal
2012-02-10,215.3000030517578,-0.070831397045238,False,2012,regime_specific,per_regime_LogisticRegression,False,0.4363209194238932,True,normal
2012-02-13,212.3000030517578,-0.036033956878504525,False,2012,regime_specific,per_regime_LogisticRegression,False,0.31769126940464043,True,normal
2012-02-14,204.1999969482422,-0.01689518609109797,False,2012,regime_specific,per_regime_LogisticRegression,True,0.9441223420188815,False,downtrend
2012-02-15,200.3999938964844,0.00798406263596041,True,2012,regime_specific,per_regime_LogisticRegression,True,0.967902658409625,True,downtrend
2012-02-16,199.3000030517578,0.019819352171391413,True,2012,regime_specific,per_regime_LogisticRegression,True,0.9545179180266602,True,downtrend
2012-02-17,200.0500030517578,0.021994470529180576,True,2012,regime_specific,per_regime_LogisticRegression,True,0.9454674325168997,True,downtrend
2012-02-21,204.6499938964844,0.00732958731852551,True,2012,regime_specific,per_regime_LogisticRegression,True,0.7395012650739401,True,downtrend
2012-02-22,200.75,0.011955137715986996,True,2012,regime_specific,per_regime_LogisticRegression,True,0.646085867138233,True,downtrend
2012-02-23,202.0,0.00990099009900991,True,2012,regime_specific,per_regime_LogisticRegression,True,0.6644490868857387,True,downtrend
2012-02-24,203.25,-0.007872108750384244,False,2012,regime_specific,per_regime_LogisticRegression,True,0.5922996719052379,False,downtrend
2012-02-27,204.4499969482422,-0.014428941023603925,False,2012,regime_specific,per_regime_LogisticRegression,False,0.47459049862622654,True,downtrend
2012-02-28,206.1499938964844,-0.06403103244752184,False,2012,regime_specific,per_regime_LogisticRegression,False,0.47183062125721564,True,downtrend
2012-02-29,203.1499938964844,-0.0726064506185311,False,2012,regime_specific,per_regime_LogisticRegression,True,0.6287688958493108,False,downtrend
2012-03-01,204.0,-0.07181369557100192,False,2012,regime_specific,per_regime_LogisticRegression,True,0.711185594423392,False,downtrend
2012-03-02,201.6499938964844,-0.07959329669609583,False,2012,regime_specific,per_regime_LogisticRegression,True,0.8667005525070883,False,high_crop_weather_stress
2012-03-05,201.5,-0.09379649576419058,False,2012,regime_specific,per_regime_LogisticRegression,True,0.8418055343549239,False,high_crop_weather_stress
2012-03-06,192.9499969482422,-0.039388395775747265,False,2012,regime_specific,per_regime_LogisticRegression,True,0.9461792327059567,False,high_crop_weather_stress
2012-03-07,188.3999938964844,-0.029989352863720176,False,2012,regime_specific,per_regime_LogisticRegression,True,0.9500014686791622,False,high_crop_weather_stress
2012-03-08,189.3500061035156,-0.02587805121376452,False,2012,regime_specific,per_regime_LogisticRegression,True,0.9273942381386238,False,high_crop_weather_stress
2012-03-09,185.6000061035156,-0.02289870614352041,False,2012,regime_specific,per_regime_LogisticRegression,True,0.9248655547675306,False,high_crop_weather_stress
2012-03-12,182.6000061035156,-0.0005476785332575451,False,2012,regime_specific,per_regime_LogisticRegression,True,0.9425533189506549,False,high_crop_weather_stress
2012-03-13,185.3500061035156,-0.012139195715717421,False,2012,regime_specific,per_regime_LogisticRegression,True,0.8629023873541071,False,high_crop_weather_stress
2012-03-14,182.75,0.010670297938397688,True,2012,regime_specific,per_regime_LogisticRegression,True,0.8648774158434256,True,high_crop_weather_stress
2012-03-15,184.4499969482422,-0.04066142653341731,False,2012,regime_specific,per_regime_LogisticRegression,True,0.8322942714574407,False,high_crop_weather_stress
2012-03-16,181.3500061035156,-0.01433695073619956,False,2012,regime_specific,per_regime_LogisticRegression,True,0.8622397092448036,False,high_crop_weather_stress
2012-03-19,182.5,-0.02027395588077907,False,2012,regime_specific,per_regime_LogisticRegression,True,0.9443537304467373,False,high_crop_weather_stress
2012-03-20,183.1000061035156,0.02321135913888095,True,2012,regime_specific,per_regime_LogisticRegression,True,0.9634215774695896,True,high_crop_weather_stress
2012-03-21,184.6999969482422,-0.014618283664610932,False,2012,regime_specific,per_regime_LogisticRegression,True,0.9357771503590546,False,high_crop_weather_stress
2012-03-22,176.9499969482422,-0.0028256570139769677,False,2012,regime_specific,per_regime_LogisticRegression,True,0.9850399219863034,False,high_crop_weather_stress
2012-03-23,178.75,0.02069928362652962,True,2012,regime_specific,per_regime_LogisticRegression,True,0.9641933817497058,True,high_crop_weather_stress
2012-03-26,178.8000030517578,0.04138698976611477,True,2012,regime_specific,per_regime_LogisticRegression,True,0.9706804162300683,True,high_crop_weather_stress
2012-03-27,187.3500061035156,-0.010675206484353938,False,2012,regime_specific,per_regime_LogisticRegression,True,0.9507169374949351,False,high_crop_weather_stress
2012-03-28,182.0,0.015109890109890056,True,2012,regime_specific,per_regime_LogisticRegression,True,0.9657046827686301,True,high_crop_weather_stress
2012-03-29,176.4499969482422,0.03712101538703405,True,2012,regime_specific,per_regime_LogisticRegression,True,0.9641938278822996,True,high_crop_weather_stress
2012-03-30,182.4499969482422,-0.024116163168435567,False,2012,regime_specific,per_regime_LogisticRegression,True,0.9081866135312291,False,high_crop_weather_stress
2012-04-02,186.1999969482422,-0.043233099805020214,False,2012,regime_specific,per_regime_LogisticRegression,True,0.6748747900973082,False,high_crop_weather_stress
2012-04-03,185.3500061035156,-0.025357496909961252,False,2012,regime_specific,per_regime_LogisticRegression,True,0.6794314501414576,False,high_crop_weather_stress
2012-04-04,184.75,-0.010013564836349631,False,2012,regime_specific,per_regime_LogisticRegression,True,0.6924132523983451,False,high_crop_weather_stress
2012-04-05,183.0,-0.020765043998676624,False,2012,regime_specific,per_regime_LogisticRegression,True,0.5917067837160831,False,high_crop_weather_stress
2012-04-09,178.0500030517578,-0.01881497358099904,False,2012,regime_specific,per_regime_LogisticRegression,True,0.6976961321761194,False,high_crop_weather_stress
2012-04-10,178.14999389648438,-0.02862751063404445,False,2012,regime_specific,per_regime_LogisticRegression,True,0.7094642972745079,False,high_crop_weather_stress
2012-04-11,180.6499938964844,-0.04428452958921314,False,2012,regime_specific,per_regime_LogisticRegression,True,0.9401196704104335,False,downtrend
2012-04-12,182.8999938964844,-0.05057408588671264,False,2012,regime_specific,per_regime_LogisticRegression,True,0.9169750607158362,False,downtrend
2012-04-13,179.1999969482422,-0.008370535856835115,False,2012,regime_specific,per_regime_LogisticRegression,True,0.9389585397006706,False,downtrend
2012-04-16,174.6999969482422,0.01717229566345546,True,2012,regime_specific,per_regime_LogisticRegression,True,0.9467231727741761,True,downtrend
2012-04-17,173.0500030517578,0.05460847605657526,True,2012,regime_specific,per_regime_LogisticRegression,True,0.955682091019088,True,downtrend
2012-04-18,172.64999389648438,0.019113832426408184,True,2012,regime_specific,per_regime_LogisticRegression,True,0.9410563685603276,True,downtrend
2012-04-19,173.64999389648438,0.006046663338115321,True,2012,regime_specific,per_regime_LogisticRegression,True,0.959374793388466,True,downtrend
2012-04-20,177.6999969482422,-0.015194130526792304,False,2012,regime_specific,per_regime_LogisticRegression,True,0.905475037374071,False,downtrend
2012-04-23,177.6999969482422,0.001406865527818768,True,2012,regime_specific,per_regime_LogisticRegression,True,0.790990879543892,True,downtrend
2012-04-24,182.5,0.0019178416630991624,True,2012,regime_specific,per_regime_LogisticRegression,True,0.6361587100898585,True,downtrend
2012-04-25,175.9499969482422,0.030406400661032063,True,2012,regime_specific,per_regime_LogisticRegression,True,0.6702019596959509,True,downtrend
2012-04-26,174.6999969482422,-0.0022896044846690833,False,2012,regime_specific,per_regime_LogisticRegression,True,0.7282825999215324,False,downtrend
2012-04-27,175.0,-0.008571428571428563,False,2012,regime_specific,per_regime_LogisticRegression,True,0.8408142697551747,False,downtrend
2012-04-30,177.9499969482422,-0.02135433052501301,False,2012,regime_specific,per_regime_LogisticRegression,True,0.8236310731379671,False,downtrend
2012-05-01,182.8500061035156,-0.04211108531586305,False,2012,regime_specific,per_regime_LogisticRegression,True,0.9780300521742565,False,normal
2012-05-02,181.3000030517578,-0.03392172670575033,False,2012,regime_specific,per_regime_LogisticRegression,True,0.9648942059909591,False,normal
2012-05-03,174.3000030517578,0.024096367611623037,True,2012,regime_specific,per_regime_LogisticRegression,True,0.7617229539246847,True,downtrend
2012-05-04,173.5,0.017579268309843243,True,2012,regime_specific,per_regime_LogisticRegression,True,0.7732015596854989,True,downtrend
2012-05-07,174.14999389648438,0.01866207357969718,True,2012,regime_specific,per_regime_LogisticRegression,True,0.6912847099521046,True,downtrend
2012-05-08,175.14999389648438,0.010847897353604141,True,2012,regime_specific,per_regime_LogisticRegression,True,0.5766320465589866,True,downtrend
2012-05-09,175.14999389648438,0.012846132334607852,True,2012,regime_specific,per_regime_LogisticRegression,False,0.42310393895715775,False,downtrend
2012-05-10,178.5,0.0008403019410889723,True,2012,regime_specific,per_regime_LogisticRegression,True,0.5944943833917462,True,normal
2012-05-11,176.5500030517578,0.0065137008020739184,True,2012,regime_specific,per_regime_LogisticRegression,True,0.7300004339609776,True,normal
2012-05-14,177.39999389648438,-0.012683202240203584,False,2012,regime_specific,per_regime_LogisticRegression,True,0.7975946369610429,False,normal
2012-05-15,177.0500030517578,-0.014402728087004713,False,2012,regime_specific,per_regime_LogisticRegression,True,0.7481699202472486,False,normal
2012-05-16,177.39999389648438,-0.059188277120950206,False,2012,regime_specific,per_regime_LogisticRegression,True,0.7028398019483442,False,normal
2012-05-17,178.64999389648438,-0.06577106298032309,False,2012,regime_specific,per_regime_LogisticRegression,True,0.5876623511584504,False,normal
2012-05-18,177.6999969482422,-0.05571184055432421,False,2012,regime_specific,per_regime_LogisticRegression,True,0.5610022960982616,False,normal
2012-05-21,175.14999389648438,-0.055666573449967505,False,2012,regime_specific,per_regime_LogisticRegression,False,0.22479355466518292,True,normal
2012-05-22,174.5,-0.057879691137625366,False,2012,regime_specific,per_regime_LogisticRegression,False,0.1308989445770359,True,normal
2012-05-23,166.89999389648438,-0.0374475747666978,False,2012,regime_specific,per_regime_LogisticRegression,False,0.059162888672494356,True,downtrend
2012-05-24,166.89999389648438,-0.05632111587921618,False,2012,regime_specific,per_regime_LogisticRegression,False,0.07589495688024779,True,downtrend
2012-05-25,167.8000030517578,-0.055721131903863075,False,2012,regime_specific,per_regime_LogisticRegression,False,0.07217421860085173,True,downtrend
2012-05-29,165.39999389648438,-0.055622716370836156,False,2012,regime_specific,per_regime_LogisticRegression,False,0.10203842958005778,True,downtrend
2012-05-30,164.39999389648438,-0.051703164936563684,False,2012,regime_specific,per_regime_LogisticRegression,False,0.1722905541901386,True,downtrend
2012-05-31,160.64999389648438,-0.024898849374232923,False,2012,regime_specific,per_regime_LogisticRegression,False,0.33278412543153113,True,downtrend
2012-06-01,157.5,-0.012063453311011885,False,2012,regime_specific,per_regime_LogisticRegression,False,0.44745811047720396,True,downtrend
2012-06-04,158.4499969482422,-0.021142258815068593,False,2012,regime_specific,per_regime_LogisticRegression,True,0.7150320974100239,False,downtrend
2012-06-05,156.1999969482422,-0.012804097561299632,False,2012,regime_specific,per_regime_LogisticRegression,True,0.7559710202737776,False,downtrend
2012-06-06,155.89999389648438,-0.02180881353171782,False,2012,regime_specific,per_regime_LogisticRegression,True,0.741035124748634,False,downtrend
2012-06-07,156.64999389648438,-0.04755823324937514,False,2012,regime_specific,per_regime_LogisticRegression,True,0.6614681019307198,False,downtrend
2012-06-08,155.60000610351562,-0.03566839867644722,False,2012,regime_specific,per_regime_LogisticRegression,True,0.6513996469300312,False,downtrend
2012-06-11,155.10000610351562,-0.03578338383851298,False,2012,regime_specific,per_regime_LogisticRegression,True,0.7184470869934098,False,downtrend
2012-06-12,154.1999969482422,0.015564262015381303,True,2012,regime_specific,per_regime_LogisticRegression,True,0.6533633657340983,True,downtrend
2012-06-13,152.5,-0.011475409836065542,False,2012,regime_specific,per_regime_LogisticRegression,True,0.5363039110303847,False,downtrend
2012-06-14,149.1999969482422,0.05730565165308832,True,2012,regime_specific,per_regime_LogisticRegression,True,0.6362765288820683,True,downtrend
2012-06-15,150.0500030517578,0.03398860873709797,True,2012,regime_specific,per_regime_LogisticRegression,True,0.6992770653007112,True,downtrend
2012-06-18,149.5500030517578,0.061183508590886726,True,2012,regime_specific,per_regime_LogisticRegression,False,0.21494444094505039,False,downtrend
2012-06-19,156.60000610351562,0.05619404501907743,True,2012,regime_specific,per_regime_LogisticRegression,False,0.1321313838430028,False,downtrend
2012-06-20,150.75,0.09121061359867322,True,2012,regime_specific,per_regime_LogisticRegression,False,0.21150201224760992,False,downtrend
2012-06-21,157.75,0.033280507131537185,True,2012,regime_specific,per_regime_LogisticRegression,False,0.10819481743241721,False,downtrend
2012-06-22,155.14999389648438,0.09635844534422522,True,2012,regime_specific,per_regime_LogisticRegression,False,0.09619550933652934,False,downtrend
2012-06-25,158.6999969482422,0.09829871709829563,True,2012,regime_specific,per_regime_LogisticRegression,False,0.04506721810828067,False,downtrend
2012-06-26,165.39999389648438,0.08887553052892638,True,2012,regime_specific,per_regime_LogisticRegression,False,0.1251735216812141,False,normal
2012-06-27,164.5,0.08966565349544076,True,2012,regime_specific,per_regime_LogisticRegression,False,0.18361984081054977,False,normal
2012-06-28,163.0,0.07914106684959732,True,2012,regime_specific,per_regime_LogisticRegression,False,0.31698058666036827,False,normal
2012-06-29,170.10000610351562,0.06848908570523315,True,2012,regime_specific,per_regime_LogisticRegression,False,0.014518670297290032,False,high_volatility
2012-07-02,174.3000030517578,0.054216849011964996,True,2012,regime_specific,per_regime_LogisticRegression,False,0.016081255043793225,False,high_volatility
2012-07-03,180.10000610351562,0.014436372885141324,True,2012,regime_specific,per_regime_LogisticRegression,False,0.012972377864729665,False,high_volatility
2012-07-05,179.25,0.01059968700967584,True,2012,regime_specific,per_regime_LogisticRegression,False,0.024597543737775604,False,high_volatility
2012-07-06,175.89999389648438,0.04860718219688742,True,2012,regime_specific,per_regime_LogisticRegression,False,0.0362829442144768,False,high_volatility
2012-07-09,181.75,0.004401667409946741,True,2012,regime_specific,per_regime_LogisticRegression,False,0.02361890682881004,False,high_volatility
2012-07-10,183.75,-0.01632653061224487,False,2012,regime_specific,per_regime_LogisticRegression,False,0.027010900570436223,True,high_volatility
2012-07-11,182.6999969482422,-0.007115506696620644,False,2012,regime_specific,per_regime_LogisticRegression,False,0.03784650363431735,True,high_volatility
2012-07-12,181.1499938964844,0.038918041895084965,True,2012,regime_specific,per_regime_LogisticRegression,False,0.053105770498937874,False,high_volatility
2012-07-13,184.4499969482422,0.013553808844472437,True,2012,regime_specific,per_regime_LogisticRegression,False,0.04829634575335561,False,high_volatility
2012-07-16,182.5500030517578,0.013968792161755283,True,2012,regime_specific,per_regime_LogisticRegression,False,0.06877803247559779,False,high_volatility
2012-07-17,180.75,-0.029322285210278354,False,2012,regime_specific,per_regime_LogisticRegression,False,0.0744708379170744,True,high_volatility
2012-07-18,181.3999938964844,-0.02811461420245076,False,2012,regime_specific,per_regime_LogisticRegression,False,0.08715275689502301,True,high_volatility
2012-07-19,188.1999969482422,-0.07518594115798971,False,2012,regime_specific,per_regime_LogisticRegression,True,0.9576818393676412,False,uptrend
2012-07-20,186.9499969482422,-0.07087456654876712,False,2012,regime_specific,per_regime_LogisticRegression,False,0.2807850328578532,True,uptrend
2012-07-23,185.1000061035156,-0.03646677351390848,False,2012,regime_specific,per_regime_LogisticRegression,False,0.2122043881573289,True,uptrend
2012-07-24,175.4499969482422,-0.005984628498269862,False,2012,regime_specific,per_regime_LogisticRegression,False,0.13226544582084945,True,high_volatility
2012-07-25,176.3000030517578,-0.009642637089138928,False,2012,regime_specific,per_regime_LogisticRegression,False,0.3294437485206277,True,normal
2012-07-26,174.0500030517578,-0.013789193411043676,False,2012,regime_specific,per_regime_LogisticRegression,False,0.35290097317693514,True,normal
2012-07-27,173.6999969482422,0.0005757403872921341,True,2012,regime_specific,per_regime_LogisticRegression,False,0.49787974011706043,False,normal
2012-07-30,178.35000610351562,-0.015979848645822137,False,2012,regime_specific,per_regime_LogisticRegression,False,0.4425788556885034,True,normal
2012-07-31,174.39999389648438,-0.010034404020901055,False,2012,regime_specific,per_regime_LogisticRegression,True,0.5297606165947243,False,normal
2012-08-01,174.60000610351562,-0.023482279267990624,False,2012,regime_specific,per_regime_LogisticRegression,False,0.49770352095002723,True,normal
2012-08-02,171.64999389648438,-0.030294186618952668,False,2012,regime_specific,per_regime_LogisticRegression,True,0.7164140915383481,False,normal
2012-08-03,173.8000030517578,-0.04344075327495489,False,2012,regime_specific,per_regime_LogisticRegression,True,0.8394644687919179,False,normal
2012-08-06,175.5,-0.06495723017939814,False,2012,regime_specific,per_regime_LogisticRegression,True,0.8323329971866844,False,normal
2012-08-07,172.64999389648438,-0.05560377170057951,False,2012,regime_specific,per_regime_LogisticRegression,True,0.8800538538885913,False,normal
2012-08-08,170.5,-0.05043991849569285,False,2012,regime_specific,per_regime_LogisticRegression,True,0.8123807153790867,False,normal
2012-08-09,166.4499969482422,-0.04565930299830401,False,2012,regime_specific,per_regime_LogisticRegression,True,0.7011708983663476,False,normal
2012-08-10,166.25,-0.03578945532777256,False,2012,regime_specific,per_regime_LogisticRegression,True,0.7889139282000477,False,normal
2012-08-13,164.10000610351562,-0.017672206260882728,False,2012,regime_specific,per_regime_LogisticRegression,True,0.747615812070591,False,normal
2012-08-14,163.0500030517578,-0.014719467098148975,False,2012,regime_specific,per_regime_LogisticRegression,True,0.6632950707633807,False,normal
2012-08-15,161.89999389648438,-0.01822110598798632,False,2012,regime_specific,per_regime_LogisticRegression,True,0.6472251644600393,False,normal
2012-08-16,158.85000610351562,0.00881330716205353,True,2012,regime_specific,per_regime_LogisticRegression,False,0.2695669893296645,False,downtrend
2012-08-17,160.3000030517578,0.014348116082163687,True,2012,regime_specific,per_regime_LogisticRegression,True,0.765471456846459,True,normal
2012-08-20,161.1999969482422,0.036290361130676185,True,2012,regime_specific,per_regime_LogisticRegression,True,0.8581881212815171,True,normal
2012-08-21,160.64999389648438,0.0441954956318924,True,2012,regime_specific,per_regime_LogisticRegression,True,0.9022225776507878,True,normal
2012-08-22,158.9499969482422,0.04687006663276683,True,2012,regime_specific,per_regime_LogisticRegression,True,0.954170459125632,True,normal
2012-08-23,160.25,0.01716068642745716,True,2012,regime_specific,per_regime_LogisticRegression,True,0.9785963864336464,True,normal
2012-08-24,162.60000610351562,0.011992600707534828,True,2012,regime_specific,per_regime_LogisticRegression,False,0.11381750149656553,False,high_crop_weather_stress
2012-08-27,167.0500030517578,-0.012870452654869413,False,2012,regime_specific,per_regime_LogisticRegression,True,0.9852658857513504,False,normal
2012-08-28,167.75,-0.04351715679140278,False,2012,regime_specific,per_regime_LogisticRegression,True,0.9838943265385003,False,normal
2012-08-29,166.39999389648438,-0.051081732642897504,False,2012,regime_specific,per_regime_LogisticRegression,False,0.188645733193389,True,high_crop_weather_stress
2012-08-30,163.0,-0.0018405095199865995,False,2012,regime_specific,per_regime_LogisticRegression,False,0.27816596564438173,True,high_crop_weather_stress
2012-08-31,164.5500030517578,0.05378298803156434,True,2012,regime_specific,per_regime_LogisticRegression,False,0.19577531425623163,False,high_crop_weather_stress
2012-09-04,164.89999389648438,0.0748939148613208,True,2012,regime_specific,per_regime_LogisticRegression,False,0.15041848483423456,False,high_crop_weather_stress
2012-09-05,160.4499969482422,0.10408225157915862,True,2012,regime_specific,per_regime_LogisticRegression,False,0.2518640020229994,False,high_crop_weather_stress
2012-09-06,157.89999389648438,0.13046236161997893,True,2012,regime_specific,per_regime_LogisticRegression,False,0.32157321935201444,False,high_crop_weather_stress
2012-09-07,162.6999969482422,0.11124773474503247,True,2012,regime_specific,per_regime_LogisticRegression,False,0.16094086699740795,False,high_crop_weather_stress
2012-09-10,173.39999389648438,0.009515624067775175,True,2012,regime_specific,per_regime_LogisticRegression,False,0.0812914884994111,False,high_crop_weather_stress
2012-09-11,177.25,0.0008462279068230938,True,2012,regime_specific,per_regime_LogisticRegression,False,0.041671089553910794,False,high_crop_weather_stress
2012-09-12,177.14999389648438,-0.015523568132928767,False,2012,regime_specific,per_regime_LogisticRegression,False,0.06709735356533404,True,high_crop_weather_stress
2012-09-13,178.5,-0.05546215068058469,False,2012,regime_specific,per_regime_LogisticRegression,False,0.052321124150218966,True,high_crop_weather_stress
2012-09-14,180.8000030517578,-0.04148230018476806,False,2012,regime_specific,per_regime_LogisticRegression,False,0.16984624374021573,True,high_crop_weather_stress
2012-09-17,175.0500030517578,-0.01570979692692087,False,2012,regime_specific,per_regime_LogisticRegression,False,0.3521469445064436,True,high_crop_weather_stress
2012-09-18,177.39999389648438,-0.021138670400339343,False,2012,regime_specific,per_regime_LogisticRegression,False,0.34903262017952574,True,high_crop_weather_stress
2012-09-19,174.39999389648438,-0.02838301101765106,False,2012,regime_specific,per_regime_LogisticRegression,False,0.4606432783630447,True,high_crop_weather_stress
2012-09-20,168.60000610351562,0.03380780985703247,True,2012,regime_specific,per_regime_LogisticRegression,True,0.6904979541088024,True,high_crop_weather_stress
2012-09-21,173.3000030517578,0.0011540504600133783,True,2012,regime_specific,per_regime_LogisticRegression,True,0.5036863594076663,True,high_crop_weather_stress
2012-09-24,172.3000030517578,0.03337202494577296,True,2012,regime_specific,per_regime_LogisticRegression,False,0.1637628120413905,False,high_crop_weather_stress
2012-09-25,173.64999389648438,0.05758710251358368,True,2012,regime_specific,per_regime_LogisticRegression,False,0.11842343059646188,False,high_crop_weather_stress
2012-09-26,169.4499969482422,0.06845680916157693,True,2012,regime_specific,per_regime_LogisticRegression,False,0.1602736569784129,False,high_crop_weather_stress
2012-09-27,174.3000030517578,0.0043029259143345655,True,2012,regime_specific,per_regime_LogisticRegression,False,0.055567639986208166,False,high_crop_weather_stress
2012-09-28,173.5,-0.031123884129592994,False,2012,regime_specific,per_regime_LogisticRegression,False,0.14893274340119778,True,high_crop_weather_stress
2012-10-01,178.0500030517578,-0.05026676099320537,False,2012,regime_specific,per_regime_LogisticRegression,False,0.150838893502268,True,high_crop_weather_stress
2012-10-02,183.6499938964844,-0.09991827636580097,False,2012,regime_specific,per_regime_LogisticRegression,False,0.08457088451914099,True,high_crop_weather_stress
2012-10-03,181.0500030517578,-0.0972107473452194,False,2012,regime_specific,per_regime_LogisticRegression,False,0.12608696244662812,True,high_crop_weather_stress
2012-10-04,175.0500030517578,-0.08169096145362342,False,2012,regime_specific,per_regime_LogisticRegression,False,0.3653675141455503,True,high_crop_weather_stress
2012-10-05,168.10000610351562,-0.03807262892859342,False,2012,regime_specific,per_regime_LogisticRegression,True,0.7335449605655334,False,high_crop_weather_stress
2012-10-08,169.10000610351562,-0.048787697825094734,False,2012,regime_specific,per_regime_LogisticRegression,True,0.5416444084502812,False,high_crop_weather_stress
2012-10-09,165.3000030517578,-0.015124016659680328,False,2012,regime_specific,per_regime_LogisticRegression,True,0.8811813008658229,False,high_crop_weather_stress
2012-10-10,163.4499969482422,-0.011930235452128346,False,2012,regime_specific,per_regime_LogisticRegression,True,0.9037472073439969,False,high_crop_weather_stress
2012-10-11,160.75,-0.013374767629762863,False,2012,regime_specific,per_regime_LogisticRegression,True,0.9281313296126461,False,high_crop_weather_stress
2012-10-12,161.6999969482422,-0.00030923347372613375,False,2012,regime_specific,per_regime_LogisticRegression,True,0.8978449860316142,False,high_crop_weather_stress
2012-10-15,160.85000610351562,0.022691910214385658,True,2012,regime_specific,per_regime_LogisticRegression,True,0.9325326150199836,True,high_crop_weather_stress
2012-10-16,162.8000030517578,-0.011977868007915449,False,2012,regime_specific,per_regime_LogisticRegression,True,0.8767926536744394,False,high_crop_weather_stress
2012-10-17,161.5,-0.010526296893140441,False,2012,regime_specific,per_regime_LogisticRegression,True,0.8945544701066019,False,high_crop_weather_stress
2012-10-18,158.60000610351562,0.015132369508976895,True,2012,regime_specific,per_regime_LogisticRegression,True,0.942075861564054,True,high_crop_weather_stress
2012-10-19,161.64999389648438,-0.0241261617305214,False,2012,regime_specific,per_regime_LogisticRegression,True,0.931757087909653,False,high_crop_weather_stress
2012-10-22,164.5,-0.059878456556325954,False,2012,regime_specific,per_regime_LogisticRegression,True,0.9952245597147594,False,high_crop_weather_stress
2012-10-23,160.85000610351562,-0.046005650447480506,False,2012,regime_specific,per_regime_LogisticRegression,True,0.9977804830121988,False,high_crop_weather_stress
2012-10-24,159.8000030517578,-0.03191493120224642,False,2012,regime_specific,per_regime_LogisticRegression,True,0.9971260530142654,False,high_crop_weather_stress
2012-10-25,161.0,-0.06273295716469329,False,2012,regime_specific,per_regime_LogisticRegression,True,0.9963782842438766,False,high_crop_weather_stress
2012-10-26,157.75,-0.04532484244998014,False,2012,regime_specific,per_regime_LogisticRegression,True,0.6262233602758649,False,downtrend
2012-10-31,154.64999389648438,-0.02230841955643048,False,2012,regime_specific,per_regime_LogisticRegression,True,0.5758741863438404,False,downtrend
2012-11-01,153.4499969482422,-0.013359420609498351,False,2012,regime_specific,per_regime_LogisticRegression,True,0.6273906790299772,False,downtrend
2012-11-02,154.6999969482422,-0.031027816072703218,False,2012,regime_specific,per_regime_LogisticRegression,True,0.6709766822409504,False,downtrend
2012-11-05,150.89999389648438,0.014247907503219137,True,2012,regime_specific,per_regime_LogisticRegression,True,0.7176366034524466,True,downtrend
2012-11-06,150.60000610351562,-0.030544528001903215,False,2012,regime_specific,per_regime_LogisticRegression,True,0.7112260633379479,False,downtrend
2012-11-07,151.1999969482422,-0.023148148615360742,False,2012,regime_specific,per_regime_LogisticRegression,True,0.5345147957727953,False,downtrend
2012-11-08,151.39999389648438,-0.015852007881356323,False,2012,regime_specific,per_regime_LogisticRegression,False,0.47517894686681167,True,downtrend
2012-11-09,149.89999389648438,-0.017344836228092353,False,2012,regime_specific,per_regime_LogisticRegression,False,0.3679038812004029,True,downtrend
2012-11-12,153.0500030517578,-0.010780850195183933,False,2012,regime_specific,per_regime_LogisticRegression,False,0.1976990355659196,True,downtrend
2012-11-13,146.0,-0.015410958904109595,False,2012,regime_specific,per_regime_LogisticRegression,False,0.06352650934397656,True,downtrend
2012-11-14,147.6999969482422,-0.019634353123924586,False,2012,regime_specific,per_regime_LogisticRegression,False,0.14074924995435614,True,downtrend
2012-11-15,149.0,-0.045973195325608174,False,2012,regime_specific,per_regime_LogisticRegression,False,0.04749691997253546,True,downtrend
2012-11-16,147.3000030517578,-0.05023767143218083,False,2012,regime_specific,per_regime_LogisticRegression,False,0.031815306256959455,True,downtrend
2012-11-19,151.39999389648438,-0.07661817247269997,False,2012,regime_specific,per_regime_LogisticRegression,False,0.0045782535723008595,True,downtrend
2012-11-20,143.75,0.006260827105978306,True,2012,regime_specific,per_regime_LogisticRegression,False,0.008419857600348525,False,downtrend
2012-11-21,144.8000030517578,0.009323140996371437,True,2012,regime_specific,per_regime_LogisticRegression,False,0.02164755335969877,False,downtrend
2012-11-23,142.14999389648438,-0.00035165525933933406,False,2012,regime_specific,per_regime_LogisticRegression,False,0.040553854739171946,True,downtrend
2012-11-26,139.89999389648438,0.012866355470248836,True,2012,regime_specific,per_regime_LogisticRegression,False,0.22153426476169383,False,downtrend
2012-11-27,139.8000030517578,-0.017525013553362556,False,2012,regime_specific,per_regime_LogisticRegression,True,0.5974557026483633,False,downtrend
2012-11-28,144.64999389648438,-0.03491177328761352,False,2012,regime_specific,per_regime_LogisticRegression,False,0.49484564204304377,True,downtrend
2012-11-29,146.14999389648438,-0.039001007090560647,False,2012,regime_specific,per_regime_LogisticRegression,False,0.3197994298764674,True,downtrend
2012-11-30,142.10000610351562,0.0,False,2012,regime_specific,per_regime_LogisticRegression,False,0.47730939562076646,True,downtrend
2012-12-03,141.6999969482422,-0.025405722810576403,False,2012,regime_specific,per_regime_LogisticRegression,True,0.8118134961040776,False,downtrend
2012-12-04,137.35000610351562,0.027666455217372432,True,2012,regime_specific,per_regime_LogisticRegression,True,0.8803854291722091,True,downtrend
2012-12-05,139.60000610351562,-0.010386906473027202,False,2012,regime_specific,per_regime_LogisticRegression,True,0.8691384241064304,False,downtrend
2012-12-06,140.4499969482422,-0.03702383098063333,False,2012,regime_specific,per_regime_LogisticRegression,True,0.8673269592274923,False,downtrend
2012-12-07,142.10000610351562,-0.03307538356900164,False,2012,regime_specific,per_regime_LogisticRegression,True,0.8640371953425812,False,downtrend
2012-12-10,138.10000610351562,-0.001086235688947057,False,2012,regime_specific,per_regime_LogisticRegression,False,0.19977449246653747,True,high_volatility
2012-12-11,141.14999389648438,-0.05419762116387106,False,2012,regime_specific,per_regime_LogisticRegression,False,0.1008265406700539,True,high_volatility
2012-12-12,138.14999389648438,0.048859937012069476,True,2012,regime_specific,per_regime_LogisticRegression,True,0.9537376382064363,True,downtrend
2012-12-13,135.25,0.05693158556925826,True,2012,regime_specific,per_regime_LogisticRegression,True,0.982395949464658,True,downtrend
2012-12-14,137.39999389648438,0.06695787929919739,True,2012,regime_specific,per_regime_LogisticRegression,True,0.966743692969459,True,downtrend
2012-12-17,137.9499969482422,0.06560350309506213,True,2012,regime_specific,per_regime_LogisticRegression,True,0.9343371792554056,True,downtrend
2012-12-18,133.5,0.11086144608058279,True,2012,regime_specific,per_regime_LogisticRegression,True,0.9999999252203473,True,downtrend
2012-12-19,144.89999389648438,0.02070393461950859,True,2012,regime_specific,per_regime_LogisticRegression,False,0.10644807960246001,False,high_volatility
2012-12-20,142.9499969482422,0.027282331154477202,True,2012,regime_specific,per_regime_LogisticRegression,False,0.2766184563335319,False,high_volatility
2012-12-21,146.60000610351562,-0.019099610744768403,False,2012,regime_specific,per_regime_LogisticRegression,False,0.2069553933571934,True,high_volatility
2012-12-24,147.0,0.01632648909173051,True,2012,regime_specific,per_regime_LogisticRegression,False,0.1466131459023812,False,high_volatility
2012-12-26,148.3000030517578,-0.012137579330525061,False,2012,regime_specific,per_regime_LogisticRegression,False,0.16493020611961262,True,high_volatility
2012-12-27,147.89999389648438,-0.003718646488610977,False,2012,regime_specific,per_regime_LogisticRegression,False,0.2754000151898326,True,high_volatility
2012-12-28,146.85000610351562,0.024174243414510466,True,2012,regime_specific,per_regime_LogisticRegression,False,0.2838659936674978,False,high_volatility
2012-12-31,143.8000030517578,0.030250283396453526,True,2012,regime_specific,per_regime_LogisticRegression,False,0.47417881718216526,False,high_volatility
2013-01-02,149.39999389648438,-0.010040161052746188,False,2013,global,ensemble_top2_weighted_soft_vote,False,0.48282815367681425,True,high_volatility
2013-01-03,146.5,0.021501664822418887,True,2013,global,ensemble_top2_weighted_soft_vote,False,0.49810342510567024,False,high_volatility
2013-01-04,147.35000610351562,0.04071937394956682,True,2013,global,ensemble_top2_weighted_soft_vote,False,0.47518774759404475,False,high_volatility
2013-01-07,150.39999389648438,0.0192819765489447,True,2013,global,ensemble_top2_weighted_soft_vote,True,0.5007415754131788,True,high_volatility
2013-01-08,148.14999389648438,0.029362175381222544,True,2013,global,ensemble_top2_weighted_soft_vote,True,0.5331092391271408,True,high_volatility
2013-01-09,147.89999389648438,0.034482801311574995,True,2013,global,ensemble_top2_weighted_soft_vote,True,0.519605981309195,True,high_volatility
2013-01-10,149.64999389648438,0.0390912552095537,True,2013,global,ensemble_top2_weighted_soft_vote,True,0.5157352006909169,True,high_volatility
2013-01-11,153.35000610351562,0.019237018785971616,True,2013,global,ensemble_top2_weighted_soft_vote,True,0.523952058668285,True,high_volatility
2013-01-14,153.3000030517578,-0.03065881836059292,False,2013,global,ensemble_top2_weighted_soft_vote,True,0.5745990400144128,False,high_volatility
2013-01-15,152.5,-0.013770531826331922,False,2013,global,ensemble_top2_weighted_soft_vote,True,0.5936346014399285,False,high_volatility
2013-01-16,153.0,-0.042156842798968586,False,2013,global,ensemble_top2_weighted_soft_vote,True,0.5752790703525208,False,high_volatility
2013-01-17,155.5,-0.04630223117840637,False,2013,global,ensemble_top2_weighted_soft_vote,True,0.5600205541810475,False,high_volatility
2013-01-18,156.3000030517578,-0.04670507299568294,False,2013,global,ensemble_top2_weighted_soft_vote,True,0.6155065345688988,False,normal
2013-01-22,148.60000610351562,0.00807534925271991,True,2013,global,ensemble_top2_weighted_soft_vote,True,0.6282571027886873,True,normal
2013-01-23,150.39999389648438,-0.017952108097161967,False,2013,global,ensemble_top2_weighted_soft_vote,True,0.6538238318667664,False,normal
2013-01-24,146.5500030517578,0.0027294021709649563,True,2013,global,ensemble_top2_weighted_soft_vote,True,0.6654008947201028,True,normal
2013-01-25,148.3000030517578,-0.0023601220250377697,False,2013,global,ensemble_top2_weighted_soft_vote,True,0.6659739443391087,False,normal
2013-01-28,149.0,-0.031208012728083045,False,2013,global,ensemble_top2_weighted_soft_vote,True,0.6627631801571287,False,normal
2013-01-29,149.8000030517578,-0.038384511901600527,False,2013,global,ensemble_top2_weighted_soft_vote,True,0.6600980263539982,False,normal
2013-01-30,147.6999969482422,-0.037914630740912836,False,2013,global,ensemble_top2_weighted_soft_vote,True,0.6546457802924941,False,normal
2013-01-31,146.9499969482422,-0.04525344698596079,False,2013,global,ensemble_top2_weighted_soft_vote,True,0.6682926489635537,False,high_crop_weather_stress
2013-02-01,147.9499969482422,-0.04663733720047469,False,2013,global,ensemble_top2_weighted_soft_vote,True,0.663107530345773,False,normal
2013-02-04,144.35000610351562,-0.02909603068543931,False,2013,global,ensemble_top2_weighted_soft_vote,True,0.6557825334015736,False,high_crop_weather_stress
2013-02-05,144.0500030517578,-0.02360297871046768,False,2013,global,ensemble_top2_weighted_soft_vote,True,0.6791429863227396,False,high_crop_weather_stress
2013-02-06,142.10000610351562,-0.02357498915992473,False,2013,global,ensemble_top2_weighted_soft_vote,True,0.7018911892452032,False,high_crop_weather_stress
2013-02-07,140.3000030517578,-0.016393464018025217,False,2013,global,ensemble_top2_weighted_soft_vote,True,0.7125998431742117,False,high_crop_weather_stress
2013-02-08,141.0500030517578,-0.029067749130151643,False,2013,global,ensemble_top2_weighted_soft_vote,True,0.7121143149741532,False,high_crop_weather_stress
2013-02-11,140.14999389648438,-0.026043482379173533,False,2013,global,ensemble_top2_weighted_soft_vote,True,0.7235918522324163,False,high_crop_weather_stress
2013-02-12,140.64999389648438,0.00248849000145146,True,2013,global,ensemble_top2_weighted_soft_vote,True,0.7183387095301271,True,high_crop_weather_stress
2013-02-13,138.75,0.021621621621621623,True,2013,global,ensemble_top2_weighted_soft_vote,True,0.7228853805717604,True,high_crop_weather_stress
2013-02-14,138.0,0.03695656596750463,True,2013,global,ensemble_top2_weighted_soft_vote,True,0.7274745657934824,True,high_crop_weather_stress
2013-02-15,136.9499969482422,0.041256000592747366,True,2013,global,ensemble_top2_weighted_soft_vote,True,0.7198996831241552,True,high_crop_weather_stress
2013-02-19,136.5,0.04688640217204676,True,2013,global,ensemble_top2_weighted_soft_vote,True,0.7102878341311801,True,high_crop_weather_stress
2013-02-20,141.0,0.00992903472683948,True,2013,global,ensemble_top2_weighted_soft_vote,True,0.6768438254695275,True,high_crop_weather_stress
2013-02-21,141.75,0.006349163290894966,True,2013,global,ensemble_top2_weighted_soft_vote,True,0.680981547711511,True,high_crop_weather_stress
2013-02-22,143.10000610351562,-0.0013977092837198501,False,2013,global,ensemble_top2_weighted_soft_vote,True,0.67769922549225,False,high_crop_weather_stress
2013-02-25,142.60000610351562,0.02349222090702252,True,2013,global,ensemble_top2_weighted_soft_vote,True,0.6697630136574959,True,normal
2013-02-26,142.89999389648438,-0.01679491951709189,False,2013,global,ensemble_top2_weighted_soft_vote,True,0.6397938227342946,False,normal
2013-02-27,142.39999389648438,-0.012640364256456538,False,2013,global,ensemble_top2_weighted_soft_vote,True,0.6327334652653984,False,normal
2013-02-28,142.64999389648438,-0.001402011614436649,False,2013,global,ensemble_top2_weighted_soft_vote,True,0.629317302524527,False,normal
2013-03-01,142.89999389648438,0.003149140841512077,True,2013,global,ensemble_top2_weighted_soft_vote,True,0.6453630955394571,True,normal
2013-03-04,145.9499969482422,-0.019869777027215596,False,2013,global,ensemble_top2_weighted_soft_vote,True,0.6574989015208491,False,normal
2013-03-05,140.5,0.00818500993939053,True,2013,global,ensemble_top2_weighted_soft_vote,True,0.6496755801114958,True,normal
2013-03-06,140.60000610351562,-0.003911828078818735,False,2013,global,ensemble_top2_weighted_soft_vote,True,0.6815986149240604,False,normal
2013-03-07,142.4499969482422,-0.024921046878278785,False,2013,global,ensemble_top2_weighted_soft_vote,True,0.6582914629443652,False,normal
2013-03-08,143.35000610351562,-0.04778518180577618,False,2013,global,ensemble_top2_weighted_soft_vote,True,0.670865022376381,False,normal
2013-03-11,143.0500030517578,-0.06920663365306923,False,2013,global,ensemble_top2_weighted_soft_vote,True,0.6746163684084909,False,normal
2013-03-12,141.64999389648438,-0.06035995878133926,False,2013,global,ensemble_top2_weighted_soft_vote,True,0.693127369261606,False,normal
2013-03-13,140.0500030517578,-0.04605495757010791,False,2013,global,ensemble_top2_weighted_soft_vote,True,0.6860285847094149,False,normal
2013-03-14,138.89999389648438,-0.037076991524725544,False,2013,global,ensemble_top2_weighted_soft_vote,True,0.7127459090275698,False,normal
2013-03-15,136.5,-0.008791186434008669,False,2013,global,ensemble_top2_weighted_soft_vote,True,0.7102481650543224,False,normal
2013-03-18,133.14999389648438,0.018400392935323584,True,2013,global,ensemble_top2_weighted_soft_vote,True,0.7679779135869361,True,downtrend
2013-03-19,133.10000610351562,0.03380916449019722,True,2013,global,ensemble_top2_weighted_soft_vote,True,0.6873178415998851,True,downtrend
2013-03-20,133.60000610351562,0.022455088794498534,True,2013,global,ensemble_top2_weighted_soft_vote,True,0.6459628995587977,True,downtrend
2013-03-21,133.75,0.025420515113901976,True,2013,global,ensemble_top2_weighted_soft_vote,True,0.6314734278502789,True,downtrend
2013-03-22,135.3000030517578,0.02291197911902998,True,2013,global,ensemble_top2_weighted_soft_vote,True,0.6233385181209564,True,downtrend
2013-03-25,135.60000610351562,0.0040559569927223205,True,2013,global,ensemble_top2_weighted_soft_vote,True,0.6092635083336558,True,downtrend
2013-03-26,137.60000610351562,0.013444700310077273,True,2013,global,ensemble_top2_weighted_soft_vote,True,0.5812798756877637,True,normal
2013-03-27,136.60000610351562,0.02122982259815398,True,2013,global,ensemble_top2_weighted_soft_vote,True,0.5841756566780121,True,normal
2013-03-28,137.14999389648438,0.021873861709861053,True,2013,global,ensemble_top2_weighted_soft_vote,True,0.5871063451865854,True,normal
2013-04-01,138.39999389648438,-0.018063584611642813,False,2013,global,ensemble_top2_weighted_soft_vote,True,0.5614896351176673,False,normal
2013-04-02,136.14999389648438,-0.005508630434241768,False,2013,global,ensemble_top2_weighted_soft_vote,True,0.5960609163154178,False,normal
2013-04-03,139.4499969482422,-0.024381455510151806,False,2013,global,ensemble_top2_weighted_soft_vote,True,0.5585858026779962,False,normal
2013-04-04,139.5,-0.019354816833277333,False,2013,global,ensemble_top2_weighted_soft_vote,True,0.5777362254607064,False,normal
2013-04-05,140.14999389648438,-0.03496249810830199,False,2013,global,ensemble_top2_weighted_soft_vote,True,0.5865723190278213,False,normal
2013-04-08,135.89999389648438,-0.010669588030641552,False,2013,global,ensemble_top2_weighted_soft_vote,True,0.61417864990767,False,high_crop_weather_stress
2013-04-09,135.39999389648438,0.0033235762726495643,True,2013,global,ensemble_top2_weighted_soft_vote,True,0.629972052743431,True,high_crop_weather_stress
2013-04-10,136.0500030517578,0.00036753436704284326,True,2013,global,ensemble_top2_weighted_soft_vote,True,0.6138288618424637,True,high_crop_weather_stress
2013-04-11,136.8000030517578,0.015350809926020448,True,2013,global,ensemble_top2_weighted_soft_vote,True,0.6034313913577625,True,high_crop_weather_stress
2013-04-12,135.25,0.04731973306088255,True,2013,global,ensemble_top2_weighted_soft_vote,True,0.6288455881494095,True,high_crop_weather_stress
2013-04-15,134.4499969482422,0.05987358300094825,True,2013,global,ensemble_top2_weighted_soft_vote,True,0.6252224377913611,True,high_crop_weather_stress
2013-04-16,135.85000610351562,0.012513778961090516,True,2013,global,ensemble_top2_weighted_soft_vote,True,0.6011363163751205,True,high_crop_weather_stress
2013-04-17,136.10000610351562,0.016899248272034706,True,2013,global,ensemble_top2_weighted_soft_vote,True,0.6071126613702087,True,high_crop_weather_stress
2013-04-18,138.89999389648438,-0.012238999445234766,False,2013,global,ensemble_top2_weighted_soft_vote,True,0.5907262990997739,False,high_crop_weather_stress
2013-04-19,141.64999389648438,-0.05471232145384752,False,2013,global,ensemble_top2_weighted_soft_vote,True,0.6037209059433952,False,high_crop_weather_stress
2013-04-22,142.5,-0.06245609751918857,False,2013,global,ensemble_top2_weighted_soft_vote,True,0.6189198927964116,False,high_crop_weather_stress
2013-04-23,137.5500030517578,-0.018902261329193037,False,2013,global,ensemble_top2_weighted_soft_vote,True,0.6057075643681923,False,high_crop_weather_stress
2013-04-24,138.39999389648438,-0.02817914789361453,False,2013,global,ensemble_top2_weighted_soft_vote,True,0.5971850979182339,False,high_crop_weather_stress
2013-04-25,137.1999969482422,0.01275510232452981,True,2013,global,ensemble_top2_weighted_soft_vote,True,0.5867658690555584,True,high_crop_weather_stress
2013-04-26,133.89999389648438,0.0477969338835158,True,2013,global,ensemble_top2_weighted_soft_vote,True,0.5899134941869145,True,high_crop_weather_stress
2013-04-29,133.60000610351562,0.058008979385788084,True,2013,global,ensemble_top2_weighted_soft_vote,True,0.5737105575634875,True,high_crop_weather_stress
2013-04-30,134.9499969482422,0.05446466298427999,True,2013,global,ensemble_top2_weighted_soft_vote,True,0.5433879359473108,True,high_crop_weather_stress
2013-05-01,134.5,0.0717471665166125,True,2013,global,ensemble_top2_weighted_soft_vote,True,0.5721582030757549,True,high_crop_weather_stress
2013-05-02,138.9499969482422,0.049298353752877055,True,2013,global,ensemble_top2_weighted_soft_vote,True,0.538625727972669,True,normal
2013-05-03,140.3000030517578,0.024946542579252995,True,2013,global,ensemble_top2_weighted_soft_vote,True,0.5690255574917643,True,normal
2013-05-06,141.35000610351562,0.02263881719183458,True,2013,global,ensemble_top2_weighted_soft_vote,True,0.5844358733986095,True,high_crop_weather_stress
2013-05-07,142.3000030517578,-0.004567878716327356,False,2013,global,ensemble_top2_weighted_soft_vote,True,0.6017233026481268,False,high_crop_weather_stress
2013-05-08,144.14999389648438,-0.042663851244424955,False,2013,global,ensemble_top2_weighted_soft_vote,True,0.5793078344963343,False,normal
2013-05-09,145.8000030517578,-0.05109737168933737,False,2013,global,ensemble_top2_weighted_soft_vote,True,0.584701994427496,False,normal
2013-05-10,143.8000030517578,-0.057023621517523715,False,2013,global,ensemble_top2_weighted_soft_vote,True,0.5827324339949957,False,normal
2013-05-13,144.5500030517578,-0.07402280679586659,False,2013,global,ensemble_top2_weighted_soft_vote,True,0.5449831872558328,False,normal
2013-05-14,141.64999389648438,-0.06318388516686213,False,2013,global,ensemble_top2_weighted_soft_vote,True,0.5656320460057107,False,normal
2013-05-15,138.0,-0.06920292066491174,False,2013,global,ensemble_top2_weighted_soft_vote,True,0.572590987995642,False,normal
2013-05-16,138.35000610351562,-0.05999279136675728,False,2013,global,ensemble_top2_weighted_soft_vote,True,0.5686108266846154,False,normal
2013-05-17,135.60000610351562,-0.06157821333091473,False,2013,global,ensemble_top2_weighted_soft_vote,True,0.6030397702947786,False,normal
2013-05-20,133.85000610351562,-0.055285833528841755,False,2013,global,ensemble_top2_weighted_soft_vote,True,0.6865121744516023,False,normal
2013-05-21,132.6999969482422,-0.03843254401965268,False,2013,global,ensemble_top2_weighted_soft_vote,True,0.5999413075828514,False,normal
2013-05-22,128.4499969482422,-0.020241327644162865,False,2013,global,ensemble_top2_weighted_soft_vote,True,0.5929781838169872,False,downtrend
2013-05-23,130.0500030517578,-0.023068050208396085,False,2013,global,ensemble_top2_weighted_soft_vote,True,0.5492935258666696,False,downtrend
2013-05-24,127.25,0.013752455795677854,True,2013,global,ensemble_top2_weighted_soft_vote,True,0.5235399724698283,True,downtrend
2013-05-28,126.4499969482422,0.009489953393418293,True,2013,global,ensemble_top2_weighted_soft_vote,False,0.4951312703667991,False,downtrend
2013-05-29,127.5999984741211,-0.0011755605616978748,False,2013,global,ensemble_top2_weighted_soft_vote,False,0.48482373730963246,True,downtrend
2013-05-30,125.8499984741211,0.028605470939766287,True,2013,global,ensemble_top2_weighted_soft_vote,False,0.4901560542691382,False,downtrend
2013-05-31,127.0500030517578,-0.0007871397175398531,False,2013,global,ensemble_top2_weighted_soft_vote,True,0.5106771922810117,False,downtrend
2013-06-03,129.0,-0.0019379844961240345,False,2013,global,ensemble_top2_weighted_soft_vote,True,0.5064055856918547,False,normal
2013-06-04,127.6500015258789,0.0003916601783444662,True,2013,global,ensemble_top2_weighted_soft_vote,True,0.5398737327588066,True,downtrend
2013-06-05,127.4499969482422,-0.03687718368601356,False,2013,global,ensemble_top2_weighted_soft_vote,True,0.5421125203481738,False,downtrend
2013-06-06,129.4499969482422,-0.04441869552379363,False,2013,global,ensemble_top2_weighted_soft_vote,True,0.531722112101717,False,normal
2013-06-07,126.9499969482422,-0.03702242663431021,False,2013,global,ensemble_top2_weighted_soft_vote,True,0.5415812193123476,False,downtrend
2013-06-10,128.75,-0.04970874971556427,False,2013,global,ensemble_top2_weighted_soft_vote,True,0.5041696917606295,False,normal
2013-06-11,127.6999969482422,-0.04463584247815178,False,2013,global,ensemble_top2_weighted_soft_vote,True,0.510598885155624,False,downtrend
2013-06-12,122.75,0.0,False,2013,global,ensemble_top2_weighted_soft_vote,True,0.5620912605436993,False,downtrend
2013-06-13,123.6999969482422,-0.048908614160230734,False,2013,global,ensemble_top2_weighted_soft_vote,True,0.5850542699372858,False,downtrend
2013-06-14,122.25,-0.029038879768979897,False,2013,global,ensemble_top2_weighted_soft_vote,True,0.6197799690986332,False,downtrend
2013-06-17,122.3499984741211,-0.023702505615415204,False,2013,global,ensemble_top2_weighted_soft_vote,True,0.6307927108483189,False,downtrend
2013-06-18,122.0,-0.014344262295082011,False,2013,global,ensemble_top2_weighted_soft_vote,True,0.6348829547624252,False,downtrend
2013-06-19,122.75,-0.037474529320742134,False,2013,global,ensemble_top2_weighted_soft_vote,True,0.6435644610321704,False,downtrend
2013-06-20,117.6500015258789,0.033574134271246336,True,2013,global,ensemble_top2_weighted_soft_vote,True,0.6607737655232957,True,downtrend
2013-06-21,118.6999969482422,0.010952005772372875,True,2013,global,ensemble_top2_weighted_soft_vote,True,0.6591434119891192,True,downtrend
2013-06-24,119.4499969482422,0.014650481747255917,True,2013,global,ensemble_top2_weighted_soft_vote,True,0.6429935585975425,True,downtrend
2013-06-25,120.25,0.03201661932741029,True,2013,global,ensemble_top2_weighted_soft_vote,True,0.6371915248249926,True,downtrend
2013-06-26,118.1500015258789,0.02539145121672215,True,2013,global,ensemble_top2_weighted_soft_vote,True,0.6479531994842336,True,downtrend
2013-06-27,121.5999984741211,-0.0053454073522642975,False,2013,global,ensemble_top2_weighted_soft_vote,True,0.6365424319229149,False,downtrend
2013-06-28,120.0,0.027083333333333348,True,2013,global,ensemble_top2_weighted_soft_vote,True,0.6411788807490398,True,downtrend
2013-07-01,121.1999969482422,0.007013251855761959,True,2013,global,ensemble_top2_weighted_soft_vote,True,0.6428169621802337,True,downtrend
2013-07-02,124.0999984741211,-0.021353759536358985,False,2013,global,ensemble_top2_weighted_soft_vote,True,0.6056231674025628,False,downtrend
2013-07-03,121.1500015258789,0.01650846037812692,True,2013,global,ensemble_top2_weighted_soft_vote,True,0.641343920881488,True,downtrend
2013-07-05,120.9499969482422,-0.01488214524828435,False,2013,global,ensemble_top2_weighted_soft_vote,True,0.6649039007403956,False,downtrend
2013-07-08,123.25,-0.0028397442119358907,False,2013,global,ensemble_top2_weighted_soft_vote,True,0.6208568315140075,False,downtrend
2013-07-09,122.0500030517578,0.029086401750091362,True,2013,global,ensemble_top2_weighted_soft_vote,True,0.6094067134088921,True,downtrend
2013-07-10,121.4499969482422,0.05022648214734171,True,2013,global,ensemble_top2_weighted_soft_vote,True,0.6440456323376448,True,downtrend
2013-07-11,123.1500015258789,0.03248071417327125,True,2013,global,ensemble_top2_weighted_soft_vote,True,0.6054368300208925,True,normal
2013-07-12,119.1500015258789,0.028955072631642986,True,2013,global,ensemble_top2_weighted_soft_vote,True,0.6351806469749826,True,downtrend
2013-07-15,122.9000015258789,0.01952808377608961,True,2013,global,ensemble_top2_weighted_soft_vote,True,0.6090039333840296,True,normal
2013-07-16,125.5999984741211,0.003980891768107897,True,2013,global,ensemble_top2_weighted_soft_vote,True,0.6244551496072166,True,normal
2013-07-17,127.5500030517578,-0.04939241788337201,False,2013,global,ensemble_top2_weighted_soft_vote,True,0.6314361712149035,False,normal
2013-07-18,127.1500015258789,-0.01848209552433877,False,2013,global,ensemble_top2_weighted_soft_vote,True,0.6524809803386816,False,normal
2013-07-19,122.5999984741211,-0.002854799987578871,False,2013,global,ensemble_top2_weighted_soft_vote,True,0.7604574543917434,False,normal
2013-07-22,125.3000030517578,-0.033120522145275944,False,2013,global,ensemble_top2_weighted_soft_vote,True,0.6622531712288405,False,normal
2013-07-23,126.0999984741211,-0.045995206126458466,False,2013,global,ensemble_top2_weighted_soft_vote,True,0.6754044649110995,False,normal
2013-07-24,121.25,-0.021855682687661138,False,2013,global,ensemble_top2_weighted_soft_vote,True,0.6737580446133755,False,normal
2013-07-25,124.8000030517578,-0.0737179835950903,False,2013,global,ensemble_top2_weighted_soft_vote,True,0.6082048323615051,False,normal
2013-07-26,122.25,-0.03271983640081799,False,2013,global,ensemble_top2_weighted_soft_vote,True,0.6122126948430292,False,normal
2013-07-29,121.1500015258789,-0.012381345283595246,False,2013,global,ensemble_top2_weighted_soft_vote,True,0.5867426401285556,False,normal
2013-07-30,120.3000030517578,-0.019950136866133894,False,2013,global,ensemble_top2_weighted_soft_vote,True,0.5654244346549936,False,downtrend
2013-07-31,118.5999984741211,0.02065771171296693,True,2013,global,ensemble_top2_weighted_soft_vote,True,0.5752912014523966,True,downtrend
2013-08-01,115.5999984741211,0.05579588808628433,True,2013,global,ensemble_top2_weighted_soft_vote,True,0.5917717306357647,True,downtrend
2013-08-02,118.25,0.03932348013428255,True,2013,global,ensemble_top2_weighted_soft_vote,True,0.6143770147254293,True,downtrend
2013-08-05,119.6500015258789,0.03175925928877987,True,2013,global,ensemble_top2_weighted_soft_vote,True,0.6490579719923064,True,normal
2013-08-06,117.9000015258789,0.022900737178103814,True,2013,global,ensemble_top2_weighted_soft_vote,True,0.6693499829346446,True,downtrend
2013-08-07,121.0500030517578,0.013217665706600545,True,2013,global,ensemble_top2_weighted_soft_vote,True,0.6640857626980115,True,normal
2013-08-08,122.0500030517578,-0.001638710140399513,False,2013,global,ensemble_top2_weighted_soft_vote,True,0.6838447240551815,False,normal
2013-08-09,122.9000015258789,-0.01952808377608961,False,2013,global,ensemble_top2_weighted_soft_vote,True,0.6725528509870974,False,normal
2013-08-12,123.4499969482422,-0.03402184732335878,False,2013,global,ensemble_top2_weighted_soft_vote,True,0.7198760007746906,False,normal
2013-08-13,120.5999984741211,-0.04684910113901286,False,2013,global,ensemble_top2_weighted_soft_vote,True,0.7451742887093018,False,normal
2013-08-14,122.6500015258789,-0.07460253903012204,False,2013,global,ensemble_top2_weighted_soft_vote,True,0.7423518478093286,False,normal
2013-08-15,121.8499984741211,-0.0709889342158343,False,2013,global,ensemble_top2_weighted_soft_vote,True,0.724485633687121,False,normal
2013-08-16,120.5,-0.06182570081528793,False,2013,global,ensemble_top2_weighted_soft_vote,True,0.7287490762696577,False,normal
2013-08-19,119.25,-0.043605844429703944,False,2013,global,ensemble_top2_weighted_soft_vote,True,0.7021119217735263,False,normal
2013-08-20,114.9499969482422,-0.015658942759030903,False,2013,global,ensemble_top2_weighted_soft_vote,True,0.6922607130484866,False,downtrend
2013-08-21,113.5,0.00969161651208017,True,2013,global,ensemble_top2_weighted_soft_vote,True,0.6396510735505034,True,downtrend
2013-08-22,113.1999969482422,-0.00044165568649401354,False,2013,global,ensemble_top2_weighted_soft_vote,True,0.6204743958608577,False,downtrend
2013-08-23,113.0500030517578,-0.00840340160983244,False,2013,global,ensemble_top2_weighted_soft_vote,True,0.6133701077186694,False,downtrend
2013-08-26,114.0500030517578,-0.01096010492373889,False,2013,global,ensemble_top2_weighted_soft_vote,True,0.6445628073069379,False,downtrend
2013-08-27,113.1500015258789,-0.005302681979936885,False,2013,global,ensemble_top2_weighted_soft_vote,True,0.6504502548853448,False,downtrend
2013-08-28,114.5999984741211,-0.01788826744902816,False,2013,global,ensemble_top2_weighted_soft_vote,True,0.6478529022071899,False,downtrend
2013-08-29,113.1500015258789,0.007070220164162588,True,2013,global,ensemble_top2_weighted_soft_vote,True,0.669950778839955,True,downtrend
2013-08-30,112.0999984741211,0.015611061764679635,True,2013,global,ensemble_top2_weighted_soft_vote,True,0.6813230216222311,True,downtrend
2013-09-03,112.8000030517578,-0.00398940217608168,False,2013,global,ensemble_top2_weighted_soft_vote,True,0.6757423878021879,False,downtrend
2013-09-04,112.5500030517578,0.03465121093502721,True,2013,global,ensemble_top2_weighted_soft_vote,True,0.6639490374133871,True,downtrend
2013-09-05,112.5500030517578,0.03287425009256295,True,2013,global,ensemble_top2_weighted_soft_vote,True,0.6391057098002741,True,downtrend
2013-09-06,113.9499969482422,0.014041300099747689,True,2013,global,ensemble_top2_weighted_soft_vote,True,0.6408990615567828,True,normal
2013-09-09,113.8499984741211,0.00834435301158698,True,2013,global,ensemble_top2_weighted_soft_vote,True,0.6628164080671233,True,normal
2013-09-10,112.3499984741211,-0.011570942946320883,False,2013,global,ensemble_top2_weighted_soft_vote,True,0.6690937131926784,False,downtrend
2013-09-11,116.4499969482422,-0.044224938011577564,False,2013,global,ensemble_top2_weighted_soft_vote,True,0.6202058408854582,False,normal
2013-09-12,116.25,-0.003870941490255464,False,2013,global,ensemble_top2_weighted_soft_vote,True,0.6604745047787071,False,normal
2013-09-13,115.5500030517578,-0.007788849001377884,False,2013,global,ensemble_top2_weighted_soft_vote,True,0.6976595195660117,False,normal
2013-09-16,114.8000030517578,0.019599302614875302,True,2013,global,ensemble_top2_weighted_soft_vote,True,0.7097206062282664,True,normal
2013-09-17,111.0500030517578,0.06123363561902817,True,2013,global,ensemble_top2_weighted_soft_vote,True,0.7125690540345199,True,downtrend
2013-09-18,111.3000030517578,0.05345909061184195,True,2013,global,ensemble_top2_weighted_soft_vote,True,0.8024965713848825,True,downtrend
2013-09-19,115.8000030517578,-0.0012953499302745808,False,2013,global,ensemble_top2_weighted_soft_vote,True,0.6708763417428919,False,normal
2013-09-20,114.6500015258789,-0.008286127910973162,False,2013,global,ensemble_top2_weighted_soft_vote,True,0.6856634166954158,False,normal
2013-09-23,117.0500030517578,-0.028620299155688866,False,2013,global,ensemble_top2_weighted_soft_vote,True,0.6489704249971137,False,normal
2013-09-24,117.8499984741211,-0.03182011072171098,False,2013,global,ensemble_top2_weighted_soft_vote,True,0.665153179633825,False,normal
2013-09-25,117.25,-0.023880623042710436,False,2013,global,ensemble_top2_weighted_soft_vote,True,0.663222130333216,False,normal
2013-09-26,115.6500015258789,-0.0025940600760880894,False,2013,global,ensemble_top2_weighted_soft_vote,True,0.6703223196478862,False,normal
2013-09-27,113.6999969482422,0.006156592756597412,True,2013,global,ensemble_top2_weighted_soft_vote,True,0.6766880579232514,True,normal
2013-09-30,113.6999969482422,0.007036086835797928,True,2013,global,ensemble_top2_weighted_soft_vote,True,0.6565239005546117,True,normal
2013-10-01,114.0999984741211,0.00832607002928376,True,2013,global,ensemble_top2_weighted_soft_vote,True,0.6738519445732314,True,normal
2013-10-02,114.4499969482422,0.006989978795015395,True,2013,global,ensemble_top2_weighted_soft_vote,True,0.6815213248462514,True,normal
2013-10-03,115.3499984741211,-0.008235777726996019,False,2013,global,ensemble_top2_weighted_soft_vote,True,0.6836762325900295,False,normal
2013-10-04,114.4000015258789,0.02010485482242763,True,2013,global,ensemble_top2_weighted_soft_vote,True,0.6965751840846955,True,normal
2013-10-07,114.5,0.02183406113537112,True,2013,global,ensemble_top2_weighted_soft_vote,True,0.69634700849997,True,normal
2013-10-08,115.0500030517578,0.012168568964353588,True,2013,global,ensemble_top2_weighted_soft_vote,True,0.657373024721167,True,normal
2013-10-09,115.25,0.005206060512981336,True,2013,global,ensemble_top2_weighted_soft_vote,True,0.6755647364943496,True,normal
2013-10-10,114.4000015258789,0.0026223375730938248,True,2013,global,ensemble_top2_weighted_soft_vote,True,0.6633218056024591,True,normal
2013-10-11,116.6999969482422,-0.01756637083094781,False,2013,global,ensemble_top2_weighted_soft_vote,True,0.6536788855333758,False,normal
2013-10-14,117.0,-0.03675216283553673,False,2013,global,ensemble_top2_weighted_soft_vote,True,0.6341471330626941,False,normal
2013-10-15,116.4499969482422,-0.03864319551678552,False,2013,global,ensemble_top2_weighted_soft_vote,True,0.6533551102391865,False,normal
2013-10-16,115.8499984741211,-0.04574877420949841,False,2013,global,ensemble_top2_weighted_soft_vote,True,0.6468257240404512,False,normal
2013-10-17,114.6999969482422,-0.03836088939452964,False,2013,global,ensemble_top2_weighted_soft_vote,True,0.6856561394313729,False,normal
2013-10-18,114.6500015258789,-0.04840822483988416,False,2013,global,ensemble_top2_weighted_soft_vote,True,0.6962961502626344,False,normal
2013-10-21,112.6999969482422,-0.04569648656556358,False,2013,global,ensemble_top2_weighted_soft_vote,True,0.7036284995806263,False,normal
2013-10-22,111.9499969482422,-0.04466279710853094,False,2013,global,ensemble_top2_weighted_soft_vote,True,0.705113760887932,False,normal
2013-10-23,110.5500030517578,-0.03346905902756436,False,2013,global,ensemble_top2_weighted_soft_vote,True,0.6870823212260537,False,normal
2013-10-24,110.3000030517578,-0.044424309975581666,False,2013,global,ensemble_top2_weighted_soft_vote,True,0.6659152657601246,False,normal
2013-10-25,109.0999984741211,-0.03253891358399397,False,2013,global,ensemble_top2_weighted_soft_vote,True,0.6724798536836928,False,normal
2013-10-28,107.5500030517578,-0.03579735931446515,False,2013,global,ensemble_top2_weighted_soft_vote,True,0.6807363827876545,False,downtrend
2013-10-29,106.9499969482422,-0.032725573631328,False,2013,global,ensemble_top2_weighted_soft_vote,True,0.6887687599897916,False,downtrend
2013-10-30,106.8499984741211,-0.05007017829220517,False,2013,global,ensemble_top2_weighted_soft_vote,True,0.6796101675813045,False,downtrend
2013-10-31,105.4000015258789,-0.013757158981451134,False,2013,global,ensemble_top2_weighted_soft_vote,True,0.6765152007076541,False,downtrend
2013-11-01,105.5500030517578,-0.014211273866704288,False,2013,global,ensemble_top2_weighted_soft_vote,True,0.659746392384111,False,downtrend
2013-11-04,103.6999969482422,-0.004339411393298298,False,2013,global,ensemble_top2_weighted_soft_vote,True,0.6679667786036158,False,downtrend
2013-11-05,103.4499969482422,0.022716347731661646,True,2013,global,ensemble_top2_weighted_soft_vote,True,0.6497820331967732,True,downtrend
2013-11-06,101.5,0.015270966027170374,True,2013,global,ensemble_top2_weighted_soft_vote,True,0.6508639828199902,True,downtrend
2013-11-07,103.9499969482422,-0.012986998689314855,False,2013,global,ensemble_top2_weighted_soft_vote,True,0.6317781896914272,False,downtrend
2013-11-08,104.0500030517578,0.01633826908584113,True,2013,global,ensemble_top2_weighted_soft_vote,True,0.6563599075441005,True,downtrend
2013-11-11,103.25,0.02421307506053272,True,2013,global,ensemble_top2_weighted_soft_vote,True,0.646668801123983,True,downtrend
2013-11-12,105.8000030517578,-0.010869579326158507,False,2013,global,ensemble_top2_weighted_soft_vote,True,0.6330534736497477,False,downtrend
2013-11-13,103.0500030517578,0.04172727117925046,True,2013,global,ensemble_top2_weighted_soft_vote,True,0.672313532552041,True,downtrend
2013-11-14,102.5999984741211,0.07651070751332534,True,2013,global,ensemble_top2_weighted_soft_vote,True,0.6791820427509075,True,downtrend
2013-11-15,105.75,0.012765943017693626,True,2013,global,ensemble_top2_weighted_soft_vote,True,0.6992286651324588,True,normal
2013-11-18,105.75,0.02222220779310735,True,2013,global,ensemble_top2_weighted_soft_vote,True,0.6843793396665577,True,normal
2013-11-19,104.6500015258789,0.03344481556586021,True,2013,global,ensemble_top2_weighted_soft_vote,True,0.6883248409011251,True,downtrend
2013-11-20,107.3499984741211,0.0023288309599769352,True,2013,global,ensemble_top2_weighted_soft_vote,True,0.6733103740504315,True,normal
2013-11-21,110.4499969482422,-0.0018107465257416466,False,2013,global,ensemble_top2_weighted_soft_vote,True,0.6590603247547984,False,normal
2013-11-22,107.0999984741211,0.0214752855698086,True,2013,global,ensemble_top2_weighted_soft_vote,True,0.6922054459138386,True,normal
2013-11-25,108.0999984741211,0.013413548548604659,True,2013,global,ensemble_top2_weighted_soft_vote,True,0.6684292350064011,True,normal
2013-11-26,108.1500015258789,-0.003236231800120337,False,2013,global,ensemble_top2_weighted_soft_vote,True,0.6513182975395438,False,normal
2013-11-27,107.5999984741211,-0.020446068582159915,False,2013,global,ensemble_top2_weighted_soft_vote,True,0.6498137940886693,False,normal
2013-11-29,110.25,-0.04036278411104033,False,2013,global,ensemble_top2_weighted_soft_vote,True,0.6244121183588874,False,normal
2013-12-02,109.4000015258789,-0.03564900796602233,False,2013,global,ensemble_top2_weighted_soft_vote,True,0.6678082222349291,False,normal
2013-12-03,109.5500030517578,0.0009128112399399146,True,2013,global,ensemble_top2_weighted_soft_vote,True,0.6637396423337305,True,normal
2013-12-04,107.8000030517578,0.012059326396671066,True,2013,global,ensemble_top2_weighted_soft_vote,True,0.6719856834342967,True,normal
2013-12-05,105.4000015258789,0.05028458582196493,True,2013,global,ensemble_top2_weighted_soft_vote,True,0.6909112420361585,True,normal
2013-12-06,105.8000030517578,0.08223059260202592,True,2013,global,ensemble_top2_weighted_soft_vote,True,0.7324221211390053,True,normal
2013-12-09,105.5,0.08720376254258011,True,2013,global,ensemble_top2_weighted_soft_vote,True,0.7336946463607921,True,normal
2013-12-10,109.6500015258789,0.035567728879223326,True,2013,global,ensemble_top2_weighted_soft_vote,True,0.6957021051530342,True,normal
2013-12-11,109.0999984741211,0.054995417817748304,True,2013,global,ensemble_top2_weighted_soft_vote,True,0.7211668500664844,True,normal
2013-12-12,110.6999969482422,0.02755197051345748,True,2013,global,ensemble_top2_weighted_soft_vote,True,0.7148933446292658,True,normal
2013-12-13,114.5,0.006986926216225209,True,2013,global,ensemble_top2_weighted_soft_vote,True,0.7009676638303487,True,normal
2013-12-16,114.6999969482422,0.010026168757422349,True,2013,global,ensemble_top2_weighted_soft_vote,True,0.7247384551763972,True,normal
2013-12-17,113.5500030517578,0.01056800454417628,True,2013,global,ensemble_top2_weighted_soft_vote,True,0.7303003541772299,True,normal
2013-12-18,115.0999984741211,0.003040820840669367,True,2013,global,ensemble_top2_weighted_soft_vote,True,0.7589899544531727,True,normal
2013-12-19,113.75,0.02285712944282281,True,2013,global,ensemble_top2_weighted_soft_vote,True,0.7024779335449809,True,normal
2013-12-20,115.3000030517578,-0.005203868930048983,False,2013,global,ensemble_top2_weighted_soft_vote,True,0.672277280197025,False,normal
2013-12-23,115.8499984741211,-0.0444540491472627,False,2013,global,ensemble_top2_weighted_soft_vote,True,0.6784352775781561,False,normal
2013-12-24,114.75,-0.029193886484715437,False,2013,global,ensemble_top2_weighted_soft_vote,True,0.699805912140475,False,normal
2013-12-26,115.4499969482422,0.007795595926108012,True,2013,global,ensemble_top2_weighted_soft_vote,True,0.7029495379503538,True,normal
2013-12-27,116.3499984741211,0.03996563460989799,True,2013,global,ensemble_top2_weighted_soft_vote,True,0.6908797164930754,True,normal
2013-12-30,114.6999969482422,0.02223193652662836,True,2013,global,ensemble_top2_weighted_soft_vote,True,0.706448725848812,True,normal
2013-12-31,110.6999969482422,0.09214096530107141,True,2013,global,ensemble_top2_weighted_soft_vote,True,0.648780613093282,True,normal
2014-01-02,111.4000015258789,0.07136442405160426,True,2014,regime_specific,per_regime_RandomForestClassifier,True,0.7057846695057823,True,normal
2014-01-03,116.3499984741211,0.036957482665667785,True,2014,regime_specific,per_regime_RandomForestClassifier,False,0.43056404541811333,False,uptrend
2014-01-06,121.0,-0.009504144841974482,False,2014,regime_specific,per_regime_RandomForestClassifier,False,0.43427226225310045,True,uptrend
2014-01-07,117.25,0.016631104036180844,True,2014,regime_specific,per_regime_RandomForestClassifier,False,0.4762941488085501,False,uptrend
2014-01-08,120.9000015258789,-0.030603842274102178,False,2014,regime_specific,per_regime_RandomForestClassifier,False,0.4779395166521207,True,uptrend
2014-01-09,119.3499984741211,-0.008378718163258525,False,2014,regime_specific,per_regime_RandomForestClassifier,False,0.48303790656593265,True,uptrend
2014-01-10,120.6500015258789,-0.029009531336385952,False,2014,regime_specific,per_regime_RandomForestClassifier,False,0.49154828132503886,True,uptrend
2014-01-13,119.8499984741211,-0.030454748204832294,False,2014,regime_specific,per_regime_RandomForestClassifier,False,0.46467964525056177,True,uptrend
2014-01-14,119.1999969482422,-0.03649327672390734,False,2014,regime_specific,per_regime_RandomForestClassifier,False,0.45663466651906426,True,uptrend
2014-01-15,117.1999969482422,-0.017064846860731953,False,2014,regime_specific,per_regime_RandomForestClassifier,False,0.40449654051574546,True,uptrend
2014-01-16,118.3499984741211,-0.03337555554853611,False,2014,regime_specific,per_regime_RandomForestClassifier,False,0.4051049253866389,True,uptrend
2014-01-17,117.1500015258789,-0.028169039767607984,False,2014,regime_specific,per_regime_RandomForestClassifier,False,0.39711892899696416,True,uptrend
2014-01-21,116.1999969482422,-0.013339031523844969,False,2014,regime_specific,per_regime_RandomForestClassifier,True,0.5760078730613415,False,normal
2014-01-22,114.8499984741211,0.01959077083058891,True,2014,regime_specific,per_regime_RandomForestClassifier,True,0.5999755243161933,True,normal
2014-01-23,115.1999969482422,0.04166669426141012,True,2014,regime_specific,per_regime_RandomForestClassifier,True,0.561137719946474,True,normal
2014-01-24,114.4000015258789,0.09440555313209664,True,2014,regime_specific,per_regime_RandomForestClassifier,True,0.5461555296774384,True,normal
2014-01-27,113.8499984741211,0.1941150528793778,True,2014,regime_specific,per_regime_RandomForestClassifier,True,0.5940667001112524,True,normal
2014-01-28,114.6500015258789,0.18839946085169057,True,2014,regime_specific,per_regime_RandomForestClassifier,True,0.6004540495672103,True,normal
2014-01-29,117.0999984741211,0.22203251894269238,True,2014,regime_specific,per_regime_RandomForestClassifier,False,0.4278703155387928,False,uptrend
2014-01-30,120.0,0.1312500000000001,True,2014,regime_specific,per_regime_RandomForestClassifier,False,0.4517351305137182,False,uptrend
2014-01-31,125.1999969482422,0.08386581674072002,True,2014,regime_specific,per_regime_RandomForestClassifier,False,0.4782893456559374,False,uptrend
2014-02-03,135.9499969482422,0.001838911405751542,True,2014,regime_specific,per_regime_RandomForestClassifier,False,0.39175431417606743,False,high_crop_weather_stress
2014-02-04,136.25,0.006605459790711032,True,2014,regime_specific,per_regime_RandomForestClassifier,False,0.37901328984369054,False,high_crop_weather_stress
2014-02-05,143.10000610351562,-0.014325667116148688,False,2014,regime_specific,per_regime_RandomForestClassifier,False,0.3879723737517684,True,high_crop_weather_stress
2014-02-06,135.75,0.029097583412465378,True,2014,regime_specific,per_regime_RandomForestClassifier,False,0.3763262873627784,False,high_crop_weather_stress
2014-02-07,135.6999969482422,0.03095060458876886,True,2014,regime_specific,per_regime_RandomForestClassifier,False,0.3786695248032601,False,high_crop_weather_stress
2014-02-10,136.1999969482422,0.1207782475538044,True,2014,regime_specific,per_regime_RandomForestClassifier,False,0.3766804146916003,False,high_crop_weather_stress
2014-02-11,137.14999389648438,0.25227858288955085,True,2014,regime_specific,per_regime_RandomForestClassifier,False,0.3734491262472293,False,high_crop_weather_stress
2014-02-12,141.0500030517578,0.1967387408692025,True,2014,regime_specific,per_regime_RandomForestClassifier,False,0.36835204080907863,False,high_crop_weather_stress
2014-02-13,139.6999969482422,0.2065140066839395,True,2014,regime_specific,per_regime_RandomForestClassifier,False,0.3628702538409849,False,high_crop_weather_stress
2014-02-14,139.89999389648438,0.2551823714406065,True,2014,regime_specific,per_regime_RandomForestClassifier,False,0.39174491350386864,False,high_crop_weather_stress
2014-02-18,152.64999389648438,0.1506714767089794,True,2014,regime_specific,per_regime_RandomForestClassifier,False,0.37969491464968036,False,high_crop_weather_stress
2014-02-19,171.75,0.0311499627570051,True,2014,regime_specific,per_regime_RandomForestClassifier,False,0.3829618747785771,False,high_crop_weather_stress
2014-02-20,168.8000030517578,0.05894547848551457,True,2014,regime_specific,per_regime_RandomForestClassifier,False,0.35861375988631705,False,high_crop_weather_stress
2014-02-21,168.5500030517578,0.06674577155922923,True,2014,regime_specific,per_regime_RandomForestClassifier,False,0.34898010989389355,False,high_crop_weather_stress
2014-02-24,175.60000610351562,0.09681093057581402,True,2014,regime_specific,per_regime_RandomForestClassifier,False,0.3419274179668676,False,high_crop_weather_stress
2014-02-25,175.64999389648438,0.054084829661871,True,2014,regime_specific,per_regime_RandomForestClassifier,False,0.3493002932353597,False,high_crop_weather_stress
2014-02-26,177.10000610351562,0.13297564642207704,True,2014,regime_specific,per_regime_RandomForestClassifier,False,0.3560549479295473,False,high_crop_weather_stress
2014-02-27,178.75,0.08979022686298066,True,2014,regime_specific,per_regime_RandomForestClassifier,False,0.3516238503019538,False,high_crop_weather_stress
2014-02-28,179.8000030517578,0.09037819646377998,True,2014,regime_specific,per_regime_RandomForestClassifier,False,0.35024750681958083,False,high_crop_weather_stress
2014-03-03,192.6000061035156,0.051401835839836485,True,2014,regime_specific,per_regime_RandomForestClassifier,False,0.4063837355865389,False,high_crop_weather_stress
2014-03-04,185.1499938964844,0.10748047427103513,True,2014,regime_specific,per_regime_RandomForestClassifier,False,0.37121525459731136,False,high_crop_weather_stress
2014-03-05,200.6499938964844,0.020682827219094868,True,2014,regime_specific,per_regime_RandomForestClassifier,False,0.3948024435885971,False,high_crop_weather_stress
2014-03-06,194.8000030517578,0.05261806899087462,True,2014,regime_specific,per_regime_RandomForestClassifier,False,0.3936125376372659,False,high_crop_weather_stress
2014-03-07,196.0500030517578,0.00918134671634041,True,2014,regime_specific,per_regime_RandomForestClassifier,False,0.4274530660304678,False,high_crop_weather_stress
2014-03-10,202.5,-0.06222225236304002,False,2014,regime_specific,per_regime_RandomForestClassifier,False,0.4034884620162314,True,high_crop_weather_stress
2014-03-11,205.0500030517578,-0.06876374490936521,False,2014,regime_specific,per_regime_RandomForestClassifier,False,0.4464613452166274,True,high_crop_weather_stress
2014-03-12,204.8000030517578,-0.09619138991547549,False,2014,regime_specific,per_regime_RandomForestClassifier,False,0.47181337819128766,True,high_crop_weather_stress
2014-03-13,205.0500030517578,-0.1506949948568096,False,2014,regime_specific,per_regime_RandomForestClassifier,True,0.5071322034939592,False,high_crop_weather_stress
2014-03-14,197.8500061035156,-0.13495077777789766,False,2014,regime_specific,per_regime_RandomForestClassifier,False,0.46812151827313864,True,high_crop_weather_stress
2014-03-17,189.8999938964844,-0.07109004967824784,False,2014,regime_specific,per_regime_RandomForestClassifier,False,0.45558867445737716,True,high_crop_weather_stress
2014-03-18,190.9499969482422,-0.08195859725897969,False,2014,regime_specific,per_regime_RandomForestClassifier,False,0.4666975523887291,True,high_crop_weather_stress
2014-03-19,185.1000061035156,-0.049162646155865075,False,2014,regime_specific,per_regime_RandomForestClassifier,False,0.4316396419222914,True,high_crop_weather_stress
2014-03-20,174.14999389648438,0.012632858364261201,True,2014,regime_specific,per_regime_RandomForestClassifier,False,0.43677206111377287,False,high_crop_weather_stress
2014-03-21,171.14999389648438,0.055214797219022005,True,2014,regime_specific,per_regime_RandomForestClassifier,False,0.43631026991914373,False,high_crop_weather_stress
2014-03-24,176.39999389648438,0.008503401654765597,True,2014,regime_specific,per_regime_RandomForestClassifier,False,0.4310580706631847,False,high_crop_weather_stress
2014-03-25,175.3000030517578,-0.000285242731815849,False,2014,regime_specific,per_regime_RandomForestClassifier,False,0.452802103257994,True,high_crop_weather_stress
2014-03-26,176.0,-0.018750017339533076,False,2014,regime_specific,per_regime_RandomForestClassifier,False,0.43565526596621706,True,high_crop_weather_stress
2014-03-27,176.35000610351562,-0.009923447345801417,False,2014,regime_specific,per_regime_RandomForestClassifier,False,0.4410936329193121,True,high_crop_weather_stress
2014-03-28,180.6000061035156,0.024363199046418815,True,2014,regime_specific,per_regime_RandomForestClassifier,False,0.4139058113052745,False,high_crop_weather_stress
2014-03-31,177.89999389648438,0.08684661459865595,True,2014,regime_specific,per_regime_RandomForestClassifier,False,0.42907302605797154,False,high_crop_weather_stress
2014-04-01,175.25,0.12125534950071337,True,2014,regime_specific,per_regime_RandomForestClassifier,False,0.3895649631297119,False,high_crop_weather_stress
2014-04-02,172.6999969482422,0.1572090887958162,True,2014,regime_specific,per_regime_RandomForestClassifier,False,0.4093980842154044,False,high_crop_weather_stress
2014-04-03,174.60000610351562,0.18041236482732126,True,2014,regime_specific,per_regime_RandomForestClassifier,False,0.42953003195821077,False,high_crop_weather_stress
2014-04-04,185.0,0.08756755107157943,True,2014,regime_specific,per_regime_RandomForestClassifier,False,0.3840803499753017,False,high_crop_weather_stress
2014-04-07,193.3500061035156,0.05947762936114498,True,2014,regime_specific,per_regime_RandomForestClassifier,False,0.3831004036455281,False,high_crop_weather_stress
2014-04-08,196.5,-0.022137435641300773,False,2014,regime_specific,per_regime_RandomForestClassifier,False,0.3797342472247871,True,high_crop_weather_stress
2014-04-09,199.8500061035156,-0.06955220780965932,False,2014,regime_specific,per_regime_RandomForestClassifier,False,0.3631570245898919,True,high_crop_weather_stress
2014-04-10,206.1000061035156,-0.023774910287059026,False,2014,regime_specific,per_regime_RandomForestClassifier,False,0.3495254788331885,True,high_crop_weather_stress
2014-04-11,201.1999969482422,-0.022365805508225756,False,2014,regime_specific,per_regime_RandomForestClassifier,False,0.3667846532232997,True,high_crop_weather_stress
2014-04-14,204.8500061035156,0.03392724794321089,True,2014,regime_specific,per_regime_RandomForestClassifier,False,0.32631342384749773,False,high_crop_weather_stress
2014-04-15,192.1499938964844,0.10512627035478017,True,2014,regime_specific,per_regime_RandomForestClassifier,False,0.42954884202622545,False,high_crop_weather_stress
2014-04-16,185.9499969482422,0.14251143014202938,True,2014,regime_specific,per_regime_RandomForestClassifier,False,0.40248809349986514,False,high_crop_weather_stress
2014-04-17,201.1999969482422,0.017644150624271715,True,2014,regime_specific,per_regime_RandomForestClassifier,False,0.3846390386853233,False,high_crop_weather_stress
2014-04-21,196.6999969482422,0.010676187778834612,True,2014,regime_specific,per_regime_RandomForestClassifier,False,0.41087586103266377,False,high_crop_weather_stress
2014-04-22,211.8000030517578,-0.013692205446119488,False,2014,regime_specific,per_regime_RandomForestClassifier,False,0.35638854459608466,True,high_crop_weather_stress
2014-04-23,212.3500061035156,-0.04379563355050842,False,2014,regime_specific,per_regime_RandomForestClassifier,False,0.3356943609358269,True,high_crop_weather_stress
2014-04-24,212.4499969482422,-0.05177688942344327,False,2014,regime_specific,per_regime_RandomForestClassifier,False,0.3666206940879191,True,high_crop_weather_stress
2014-04-25,204.75,-0.020268590459020297,False,2014,regime_specific,per_regime_RandomForestClassifier,False,0.3643229858219724,True,high_crop_weather_stress
2014-04-28,198.8000030517578,0.018108605580802406,True,2014,regime_specific,per_regime_RandomForestClassifier,False,0.4094057702865958,False,high_crop_weather_stress
2014-04-29,208.8999938964844,-0.04475821502110611,False,2014,regime_specific,per_regime_RandomForestClassifier,True,0.5750885422170281,False,high_volatility
2014-04-30,203.0500030517578,-0.022900808103352377,False,2014,regime_specific,per_regime_RandomForestClassifier,True,0.5805131281314846,False,high_volatility
2014-05-01,201.4499969482422,-0.042194093466200844,False,2014,regime_specific,per_regime_RandomForestClassifier,True,0.5850469334222068,False,high_volatility
2014-05-02,200.6000061035156,-0.09870390054495004,False,2014,regime_specific,per_regime_RandomForestClassifier,True,0.5700228406593888,False,high_volatility
2014-05-05,202.3999938964844,-0.08053353895507176,False,2014,regime_specific,per_regime_RandomForestClassifier,True,0.5394891950219255,False,high_volatility
2014-05-06,199.5500030517578,-0.07967932303739123,False,2014,regime_specific,per_regime_RandomForestClassifier,True,0.5322145684819564,False,high_volatility
2014-05-07,198.3999938964844,-0.08896166552148854,False,2014,regime_specific,per_regime_RandomForestClassifier,True,0.5396953416608881,False,high_volatility
2014-05-08,192.9499969482422,0.00621921206126852,True,2014,regime_specific,per_regime_RandomForestClassifier,True,0.5328836798553145,True,high_volatility
2014-05-09,180.8000030517578,0.009402637829356353,True,2014,regime_specific,per_regime_RandomForestClassifier,True,0.518407301226998,True,high_volatility
2014-05-12,186.1000061035156,-0.03197212257866122,False,2014,regime_specific,per_regime_RandomForestClassifier,True,0.5073795652250609,False,high_volatility
2014-05-13,183.6499938964844,0.011162554423569837,True,2014,regime_specific,per_regime_RandomForestClassifier,False,0.4881160749223046,False,high_volatility
2014-05-14,180.75,0.003596093479858453,True,2014,regime_specific,per_regime_RandomForestClassifier,False,0.48236648498527146,False,high_volatility
2014-05-15,194.1499938964844,-0.06592834507011835,False,2014,regime_specific,per_regime_RandomForestClassifier,False,0.44576884585033383,True,high_volatility
2014-05-16,182.5,-0.0032877046767978424,False,2014,regime_specific,per_regime_RandomForestClassifier,False,0.47374850280090713,True,high_volatility
2014-05-19,180.1499938964844,-0.004440676214668371,False,2014,regime_specific,per_regime_RandomForestClassifier,False,0.470187636701696,True,high_volatility
2014-05-20,185.6999969482422,-0.05142705012762905,False,2014,regime_specific,per_regime_RandomForestClassifier,False,0.45552502634623243,True,high_volatility
2014-05-21,181.3999938964844,0.003031990464518186,True,2014,regime_specific,per_regime_RandomForestClassifier,False,0.4811402316968409,False,high_volatility
2014-05-22,181.3500061035156,-0.02122969933244989,False,2014,regime_specific,per_regime_RandomForestClassifier,False,0.4898202919725314,True,high_volatility
2014-05-23,181.8999938964844,-0.05250130903469674,False,2014,regime_specific,per_regime_RandomForestClassifier,False,0.4591591052166425,True,high_volatility
2014-05-27,179.35000610351562,-0.04572072443810482,False,2014,regime_specific,per_regime_RandomForestClassifier,False,0.46329461235468644,True,high_volatility
2014-05-28,176.14999389648438,-0.03377801393361812,False,2014,regime_specific,per_regime_RandomForestClassifier,False,0.479014847939256,True,high_volatility
2014-05-29,181.9499969482422,-0.07034901492962886,False,2014,regime_specific,per_regime_RandomForestClassifier,False,0.4112546514668579,True,high_volatility
2014-05-30,177.5,-0.0304225008252641,False,2014,regime_specific,per_regime_RandomForestClassifier,False,0.37862875249849315,True,high_volatility
2014-06-02,172.35000610351562,-0.040615026121877285,False,2014,regime_specific,per_regime_RandomForestClassifier,False,0.40816241872800696,True,high_volatility
2014-06-03,171.14999389648438,-0.032135554753957685,False,2014,regime_specific,per_regime_RandomForestClassifier,False,0.37423129854872367,True,high_volatility
2014-06-04,170.1999969482422,0.00822567086002457,True,2014,regime_specific,per_regime_RandomForestClassifier,False,0.34013214690397064,False,high_volatility
2014-06-05,169.14999389648438,0.016553373649373926,True,2014,regime_specific,per_regime_RandomForestClassifier,False,0.36692726528549846,False,high_volatility
2014-06-06,172.10000610351562,0.00929686686800113,True,2014,regime_specific,per_regime_RandomForestClassifier,False,0.33860174111953045,False,high_volatility
2014-06-09,165.35000610351562,0.045963051491928475,True,2014,regime_specific,per_regime_RandomForestClassifier,False,0.40765161228433394,False,high_volatility
2014-06-10,165.64999389648438,0.02052525976788222,True,2014,regime_specific,per_regime_RandomForestClassifier,False,0.38364919680396475,False,high_volatility
2014-06-11,171.60000610351562,-0.02826343782639451,False,2014,regime_specific,per_regime_RandomForestClassifier,False,0.3571553229647846,True,high_volatility
2014-06-12,171.9499969482422,-0.02878742097176168,False,2014,regime_specific,per_regime_RandomForestClassifier,False,0.3479422442723826,True,high_volatility
2014-06-13,173.6999969482422,-0.0025906560515155386,False,2014,regime_specific,per_regime_RandomForestClassifier,False,0.35728372364463107,True,high_volatility
2014-06-16,172.9499969482422,0.012431391692460547,True,2014,regime_specific,per_regime_RandomForestClassifier,True,0.5354461669786637,True,downtrend
2014-06-17,169.0500030517578,0.03016853447299317,True,2014,regime_specific,per_regime_RandomForestClassifier,True,0.5447237803899669,True,downtrend
2014-06-18,166.75,0.07916040148870884,True,2014,regime_specific,per_regime_RandomForestClassifier,True,0.5873656920366559,True,downtrend
2014-06-19,167.0,0.07065870090872939,True,2014,regime_specific,per_regime_RandomForestClassifier,True,0.5636693741935607,True,downtrend
2014-06-20,173.25,-0.016161633776379913,False,2014,regime_specific,per_regime_RandomForestClassifier,False,0.49907710537302885,True,downtrend
2014-06-23,175.10000610351562,-0.011993181212536008,False,2014,regime_specific,per_regime_RandomForestClassifier,False,0.4718503488477236,True,normal
2014-06-24,174.14999389648438,-0.03359167987225897,False,2014,regime_specific,per_regime_RandomForestClassifier,False,0.452210830568222,True,downtrend
2014-06-25,179.9499969482422,-0.0494581497494786,False,2014,regime_specific,per_regime_RandomForestClassifier,False,0.4281155322528915,True,normal
2014-06-26,178.8000030517578,-0.05257275724180155,False,2014,regime_specific,per_regime_RandomForestClassifier,False,0.4566006157357913,True,normal
2014-06-27,170.4499969482422,-0.008506875765345367,False,2014,regime_specific,per_regime_RandomForestClassifier,False,0.43432533385127925,True,downtrend
2014-06-30,173.0,-0.016184988738484507,False,2014,regime_specific,per_regime_RandomForestClassifier,False,0.4692405740485894,True,downtrend
2014-07-01,168.3000030517578,0.01128932776014313,True,2014,regime_specific,per_regime_RandomForestClassifier,False,0.4873608930191801,False,downtrend
2014-07-02,171.0500030517578,-0.0631394496291815,False,2014,regime_specific,per_regime_RandomForestClassifier,False,0.38049309573087214,True,high_volatility
2014-07-03,169.39999389648438,-0.061688295895854006,False,2014,regime_specific,per_regime_RandomForestClassifier,False,0.41470177698631383,True,high_volatility
2014-07-07,169.0,-0.03964495235646259,False,2014,regime_specific,per_regime_RandomForestClassifier,True,0.5195078582887532,False,downtrend
2014-07-08,170.1999969482422,-0.0634547781751259,False,2014,regime_specific,per_regime_RandomForestClassifier,True,0.5421086840429947,False,downtrend
2014-07-09,170.1999969482422,-0.05787303772820829,False,2014,regime_specific,per_regime_RandomForestClassifier,True,0.532348730542637,False,downtrend
2014-07-10,160.25,0.009048342890746852,True,2014,regime_specific,per_regime_RandomForestClassifier,False,0.40142457089967076,False,high_volatility
2014-07-11,158.9499969482422,0.07392261859448834,True,2014,regime_specific,per_regime_RandomForestClassifier,False,0.40194670238489194,False,high_volatility
2014-07-14,162.3000030517578,0.05760930787995622,True,2014,regime_specific,per_regime_RandomForestClassifier,False,0.3688404371450882,False,high_volatility
2014-07-15,159.39999389648438,0.05583443849472891,True,2014,regime_specific,per_regime_RandomForestClassifier,False,0.3611136718944135,False,high_volatility
2014-07-16,160.35000610351562,0.10134081310548648,True,2014,regime_specific,per_regime_RandomForestClassifier,False,0.33681771238400904,False,high_volatility
2014-07-17,161.6999969482422,0.10265928519979539,True,2014,regime_specific,per_regime_RandomForestClassifier,False,0.3160190007768309,False,high_volatility
2014-07-18,170.6999969482422,0.04950203338787573,True,2014,regime_specific,per_regime_RandomForestClassifier,False,0.289750165479613,False,high_volatility
2014-07-21,171.64999389648438,0.05505396180048905,True,2014,regime_specific,per_regime_RandomForestClassifier,False,0.34859331796116905,False,high_volatility
2014-07-22,168.3000030517578,0.0736779184292169,True,2014,regime_specific,per_regime_RandomForestClassifier,False,0.38657305137884324,False,high_volatility
2014-07-23,176.60000610351562,0.03340879780619055,True,2014,regime_specific,per_regime_RandomForestClassifier,False,0.38465504056350325,False,high_volatility
2014-07-24,178.3000030517578,0.09394279143751749,True,2014,regime_specific,per_regime_RandomForestClassifier,False,0.4009771114124435,False,high_volatility
2014-07-25,179.14999389648438,0.07368134332540577,True,2014,regime_specific,per_regime_RandomForestClassifier,False,0.41225986710681634,False,high_volatility
2014-07-28,181.1000061035156,0.0519049893963639,True,2014,regime_specific,per_regime_RandomForestClassifier,False,0.4207728435344002,False,high_volatility
2014-07-29,180.6999969482422,0.0481460824303952,True,2014,regime_specific,per_regime_RandomForestClassifier,False,0.43712783444554904,False,high_volatility
2014-07-30,182.5,0.04575345810145537,True,2014,regime_specific,per_regime_RandomForestClassifier,False,0.4110344040295928,False,high_volatility
2014-07-31,195.0500030517578,-0.05665215523644784,False,2014,regime_specific,per_regime_RandomForestClassifier,False,0.4075496734430402,True,high_volatility
2014-08-01,192.3500061035156,-0.059786844996569055,False,2014,regime_specific,per_regime_RandomForestClassifier,False,0.43690767699897215,True,high_volatility
2014-08-04,190.5,-0.007086646212680292,False,2014,regime_specific,per_regime_RandomForestClassifier,False,0.45419653826475376,True,high_volatility
2014-08-05,189.3999938964844,-0.025343125383584852,False,2014,regime_specific,per_regime_RandomForestClassifier,False,0.43683616572079736,True,high_volatility
2014-08-06,190.8500061035156,-0.029342446551865464,False,2014,regime_specific,per_regime_RandomForestClassifier,False,0.4116233578798145,True,high_volatility
2014-08-07,184.0,0.0005435114321499235,True,2014,regime_specific,per_regime_RandomForestClassifier,False,0.47050112350354417,False,high_volatility
2014-08-08,180.8500061035156,0.0436825746744105,True,2014,regime_specific,per_regime_RandomForestClassifier,False,0.48236369972495774,False,high_volatility
2014-08-11,189.1499938964844,-0.0013217023952790674,False,2014,regime_specific,per_regime_RandomForestClassifier,False,0.4540774696142666,True,high_volatility
2014-08-12,184.6000061035156,-0.013001132588953412,False,2014,regime_specific,per_regime_RandomForestClassifier,False,0.49047906942242286,True,high_volatility
2014-08-13,185.25,-0.006207794313006221,False,2014,regime_specific,per_regime_RandomForestClassifier,False,0.4666867839252669,True,high_volatility
2014-08-14,184.1000061035156,-0.001901173774642828,False,2014,regime_specific,per_regime_RandomForestClassifier,True,0.5020592483178298,False,high_volatility
2014-08-15,188.75,-0.037880762365480325,False,2014,regime_specific,per_regime_RandomForestClassifier,True,0.506105837059565,False,high_volatility
2014-08-18,188.8999938964844,-0.03255687715826261,False,2014,regime_specific,per_regime_RandomForestClassifier,True,0.511503940474043,False,high_volatility
2014-08-19,182.1999969482422,0.059824420075977214,True,2014,regime_specific,per_regime_RandomForestClassifier,True,0.5288405877473997,True,high_volatility
2014-08-20,184.1000061035156,0.04508412557195629,True,2014,regime_specific,per_regime_RandomForestClassifier,True,0.5191946045464911,True,high_volatility
2014-08-21,183.75,0.05931969467474496,True,2014,regime_specific,per_regime_RandomForestClassifier,True,0.5498235056657286,True,high_volatility
2014-08-22,181.6000061035156,0.07791846597416208,True,2014,regime_specific,per_regime_RandomForestClassifier,True,0.5526664109455418,True,high_volatility
2014-08-25,182.75,0.1187414333693142,True,2014,regime_specific,per_regime_RandomForestClassifier,True,0.5376332061469674,True,high_volatility
2014-08-26,193.1000061035156,0.02175037190827811,True,2014,regime_specific,per_regime_RandomForestClassifier,False,0.4948381195410977,False,high_volatility
2014-08-27,192.3999938964844,0.026247417941576368,True,2014,regime_specific,per_regime_RandomForestClassifier,True,0.5065636345007314,True,high_volatility
2014-08-28,194.6499938964844,-0.009247304646338939,False,2014,regime_specific,per_regime_RandomForestClassifier,False,0.4923177300708988,True,high_volatility
2014-08-29,195.75,-0.031162227859594327,False,2014,regime_specific,per_regime_RandomForestClassifier,False,0.4770124024905922,True,high_volatility
2014-09-02,204.4499969482422,-0.07997060938506984,False,2014,regime_specific,per_regime_RandomForestClassifier,False,0.46866769071352465,True,high_volatility
2014-09-03,197.3000030517578,-0.10288901539668249,False,2014,regime_specific,per_regime_RandomForestClassifier,True,0.5397404085922437,False,high_volatility
2014-09-04,197.4499969482422,-0.08559125934509071,False,2014,regime_specific,per_regime_RandomForestClassifier,True,0.5136018204540657,False,high_volatility
2014-09-05,192.8500061035156,-0.06844704064953921,False,2014,regime_specific,per_regime_RandomForestClassifier,False,0.4732495284693223,True,high_volatility
2014-09-08,189.6499938964844,-0.0651199116382124,False,2014,regime_specific,per_regime_RandomForestClassifier,False,0.4061162903634487,True,high_volatility
2014-09-09,188.1000061035156,-0.039872406999671095,False,2014,regime_specific,per_regime_RandomForestClassifier,False,0.4176651040021745,True,high_volatility
2014-09-10,177.0,0.0206214344434148,True,2014,regime_specific,per_regime_RandomForestClassifier,False,0.40353570710596726,False,high_volatility
2014-09-11,180.5500030517578,-0.014123528156500864,False,2014,regime_specific,per_regime_RandomForestClassifier,False,0.3544783365124244,True,high_volatility
2014-09-12,179.64999389648438,-0.0013915948148823798,False,2014,regime_specific,per_regime_RandomForestClassifier,False,0.36853072228236966,True,high_volatility
2014-09-15,177.3000030517578,0.020304516541241435,True,2014,regime_specific,per_regime_RandomForestClassifier,False,0.37958301965342145,False,high_volatility
2014-09-16,180.6000061035156,0.04706533617240294,True,2014,regime_specific,per_regime_RandomForestClassifier,False,0.3486132113605816,False,high_volatility
2014-09-17,180.6499938964844,0.009133734907397217,True,2014,regime_specific,per_regime_RandomForestClassifier,False,0.35843495647639556,False,high_volatility
2014-09-19,178.0,0.045224736245830455,True,2014,regime_specific,per_regime_RandomForestClassifier,False,0.3688442055737846,False,high_volatility
2014-09-22,179.39999389648438,0.06605354797477414,True,2014,regime_specific,per_regime_RandomForestClassifier,False,0.3924190178607215,False,high_volatility
2014-09-23,180.8999938964844,0.06882262369867975,True,2014,regime_specific,per_regime_RandomForestClassifier,False,0.4047097029344558,False,high_volatility
2014-09-24,189.1000061035156,0.05975667598224743,True,2014,regime_specific,per_regime_RandomForestClassifier,False,0.3879016508815429,False,high_volatility
2014-09-25,182.3000030517578,0.1442677049450778,True,2014,regime_specific,per_regime_RandomForestClassifier,False,0.42092383022625113,False,high_volatility
2014-09-26,186.0500030517578,0.10991667085623824,True,2014,regime_specific,per_regime_RandomForestClassifier,False,0.3926094543570526,False,high_volatility
2014-09-29,191.25,0.15450981987847223,True,2014,regime_specific,per_regime_RandomForestClassifier,False,0.38936028489939845,False,high_volatility
2014-09-30,193.3500061035156,0.11895525872228974,True,2014,regime_specific,per_regime_RandomForestClassifier,True,0.5022109586864841,True,high_crop_weather_stress
2014-10-01,200.3999938964844,0.07010979780276472,True,2014,regime_specific,per_regime_RandomForestClassifier,True,0.5080697061761446,True,high_crop_weather_stress
2014-10-02,208.6000061035156,0.06255986294886728,True,2014,regime_specific,per_regime_RandomForestClassifier,False,0.49103989832730116,False,high_crop_weather_stress
2014-10-03,206.5,0.06731231911130453,True,2014,regime_specific,per_regime_RandomForestClassifier,True,0.5147858995985273,True,high_crop_weather_stress
2014-10-06,220.8000030517578,-0.012228246879187332,False,2014,regime_specific,per_regime_RandomForestClassifier,False,0.4813046517400037,True,high_crop_weather_stress
2014-10-07,216.3500061035156,0.025652820135874332,True,2014,regime_specific,per_regime_RandomForestClassifier,True,0.5146738707880965,True,high_crop_weather_stress
2014-10-08,214.4499969482422,0.007227806359595856,True,2014,regime_specific,per_regime_RandomForestClassifier,False,0.4920313191002726,False,high_crop_weather_stress
2014-10-09,221.6499938964844,-0.020527804729350674,False,2014,regime_specific,per_regime_RandomForestClassifier,False,0.44074507485909786,True,high_crop_weather_stress
2014-10-10,220.3999938964844,-0.04423775077135117,False,2014,regime_specific,per_regime_RandomForestClassifier,False,0.42706691756501775,True,high_crop_weather_stress
2014-10-13,218.1000061035156,-0.0857405395860269,False,2014,regime_specific,per_regime_RandomForestClassifier,False,0.4233653515763824,True,high_crop_weather_stress
2014-10-14,221.8999938964844,-0.10049566654504583,False,2014,regime_specific,per_regime_RandomForestClassifier,False,0.4163152791931155,True,high_crop_weather_stress
2014-10-15,216.0,-0.11527774952076109,False,2014,regime_specific,per_regime_RandomForestClassifier,False,0.4119024359325125,True,high_crop_weather_stress
2014-10-16,217.1000061035156,-0.1096269110209499,False,2014,regime_specific,per_regime_RandomForestClassifier,False,0.40858985686643734,True,high_crop_weather_stress
2014-10-17,210.6499938964844,-0.09090906456847514,False,2014,regime_specific,per_regime_RandomForestClassifier,False,0.4078070361168016,True,high_crop_weather_stress
2014-10-20,199.3999938964844,-0.04262788495576708,False,2014,regime_specific,per_regime_RandomForestClassifier,False,0.4037967714927262,True,high_crop_weather_stress
2014-10-21,199.6000061035156,-0.036322644179880625,False,2014,regime_specific,per_regime_RandomForestClassifier,False,0.39177109237970265,True,high_crop_weather_stress
2014-10-22,191.1000061035156,-0.007849293312881866,False,2014,regime_specific,per_regime_RandomForestClassifier,False,0.429133689819386,True,high_crop_weather_stress
2014-10-23,193.3000030517578,-0.029487826478285073,False,2014,regime_specific,per_regime_RandomForestClassifier,False,0.416729151164199,True,high_crop_weather_stress
2014-10-24,191.5,-0.018276762402088753,False,2014,regime_specific,per_regime_RandomForestClassifier,False,0.41316009628271355,True,high_crop_weather_stress
2014-10-27,190.8999938964844,-0.02645357755069999,False,2014,regime_specific,per_regime_RandomForestClassifier,False,0.4236195494938989,True,high_crop_weather_stress
2014-10-28,192.3500061035156,-0.021575300356580285,False,2014,regime_specific,per_regime_RandomForestClassifier,False,0.41890713075813674,True,high_crop_weather_stress
2014-10-29,189.6000061035156,-0.0176688079940599,False,2014,regime_specific,per_regime_RandomForestClassifier,False,0.4258139202354861,True,high_crop_weather_stress
2014-10-30,187.6000061035156,-0.02052241992674142,False,2014,regime_specific,per_regime_RandomForestClassifier,False,0.414251359176312,True,high_crop_weather_stress
2014-10-31,188.0,-0.029787266508061738,False,2014,regime_specific,per_regime_RandomForestClassifier,False,0.40296331181257306,True,high_volatility
2014-11-03,185.8500061035156,-0.023944105789012515,False,2014,regime_specific,per_regime_RandomForestClassifier,True,0.6977024615736143,False,normal
2014-11-04,188.1999969482422,-0.01939422930749668,False,2014,regime_specific,per_regime_RandomForestClassifier,True,0.6971976266149906,False,normal
2014-11-05,186.25,-0.00993291867659385,False,2014,regime_specific,per_regime_RandomForestClassifier,True,0.7021265669556955,False,normal
2014-11-06,183.75,0.027210884353741527,True,2014,regime_specific,per_regime_RandomForestClassifier,True,0.6900408732343641,True,normal
2014-11-07,182.3999938964844,0.05263161417079765,True,2014,regime_specific,per_regime_RandomForestClassifier,True,0.6678629781463857,True,normal
2014-11-10,181.3999938964844,0.033627377666818115,True,2014,regime_specific,per_regime_RandomForestClassifier,False,0.32200066224723367,False,downtrend
2014-11-11,184.5500030517578,0.03549175260604476,True,2014,regime_specific,per_regime_RandomForestClassifier,True,0.6461599764575682,True,normal
2014-11-12,184.3999938964844,0.07293933108577844,True,2014,regime_specific,per_regime_RandomForestClassifier,True,0.6444921945683051,True,normal
2014-11-13,188.75,-0.005562930075538097,False,2014,regime_specific,per_regime_RandomForestClassifier,True,0.6517707822418077,False,normal
2014-11-14,192.0,-0.012239615122477066,False,2014,regime_specific,per_regime_RandomForestClassifier,True,0.6646000332627139,False,normal
2014-11-17,187.5,0.011466634114583485,True,2014,regime_specific,per_regime_RandomForestClassifier,True,0.6796932835894869,True,normal
2014-11-18,191.1000061035156,0.01648348401819577,True,2014,regime_specific,per_regime_RandomForestClassifier,True,0.683826311956314,True,normal
2014-11-19,197.8500061035156,-0.021986383468897475,False,2014,regime_specific,per_regime_RandomForestClassifier,True,0.6957448816053113,False,normal
2014-11-20,187.6999969482422,-0.0055940493810839875,False,2014,regime_specific,per_regime_RandomForestClassifier,True,0.691740211860942,False,normal
2014-11-21,189.6499938964844,-0.001581797008295971,False,2014,regime_specific,per_regime_RandomForestClassifier,True,0.6843219722994653,False,normal
2014-11-24,189.6499938964844,-0.03875555539821629,False,2014,regime_specific,per_regime_RandomForestClassifier,True,0.7097005808632748,False,normal
2014-11-25,194.25,-0.06023164452119534,False,2014,regime_specific,per_regime_RandomForestClassifier,True,0.6973724914830772,False,normal
2014-11-26,193.5,-0.061757090171794204,False,2014,regime_specific,per_regime_RandomForestClassifier,True,0.7066950262098495,False,normal
2014-11-28,186.6499938964844,-0.04044997610423706,False,2014,regime_specific,per_regime_RandomForestClassifier,True,0.6984756304404098,False,normal
2014-12-01,189.3500061035156,-0.06495908452748345,False,2014,regime_specific,per_regime_RandomForestClassifier,True,0.6478706463471617,False,normal
2014-12-02,182.3000030517578,-0.015633604255653633,False,2014,regime_specific,per_regime_RandomForestClassifier,True,0.566329671518871,False,high_volatility
2014-12-03,182.5500030517578,-0.02738975577328462,False,2014,regime_specific,per_regime_RandomForestClassifier,True,0.637949342244384,False,normal
2014-12-04,181.5500030517578,-0.03387501543318694,False,2014,regime_specific,per_regime_RandomForestClassifier,False,0.4501638592450691,True,downtrend
2014-12-05,179.10000610351562,-0.034059217731070124,False,2014,regime_specific,per_regime_RandomForestClassifier,False,0.49863676485817815,True,downtrend
2014-12-08,177.0500030517578,0.003388821431147715,True,2014,regime_specific,per_regime_RandomForestClassifier,True,0.572435238349366,True,downtrend
2014-12-09,179.4499969482422,-0.0153246032140818,False,2014,regime_specific,per_regime_RandomForestClassifier,True,0.6327351386449568,False,high_volatility
2014-12-10,177.5500030517578,-0.03773583121983426,False,2014,regime_specific,per_regime_RandomForestClassifier,True,0.613576957667373,False,downtrend
2014-12-11,175.39999389648438,-0.00997719533007968,False,2014,regime_specific,per_regime_RandomForestClassifier,True,0.6388278616569766,False,downtrend
2014-12-12,173.0,0.009826571955157126,True,2014,regime_specific,per_regime_RandomForestClassifier,True,0.6034852591765995,True,downtrend
2014-12-15,177.64999389648438,-0.0309597533856647,False,2014,regime_specific,per_regime_RandomForestClassifier,True,0.5925585895694485,False,downtrend
2014-12-16,176.6999969482422,-0.03225804780241048,False,2014,regime_specific,per_regime_RandomForestClassifier,True,0.6388605338959931,False,downtrend
2014-12-17,170.85000610351562,-0.0040972325550115984,False,2014,regime_specific,per_regime_RandomForestClassifier,True,0.6363695749491646,False,downtrend
2014-12-18,173.64999389648438,-0.02908141647260365,False,2014,regime_specific,per_regime_RandomForestClassifier,True,0.6392818444410515,False,downtrend
2014-12-19,174.6999969482422,-0.054665158663895985,False,2014,regime_specific,per_regime_RandomForestClassifier,True,0.6257691468261098,False,downtrend
2014-12-22,172.14999389648438,-0.042695272177274646,False,2014,regime_specific,per_regime_RandomForestClassifier,True,0.6325065790967213,False,downtrend
2014-12-23,171.0,-0.025730958458972997,False,2014,regime_specific,per_regime_RandomForestClassifier,True,0.6050870755792908,False,downtrend
2014-12-24,170.14999389648438,-0.05348216968061015,False,2014,regime_specific,per_regime_RandomForestClassifier,True,0.6092921585324745,False,downtrend
2014-12-26,168.60000610351562,-0.0029655989436502272,False,2014,regime_specific,per_regime_RandomForestClassifier,True,0.5878726539001606,False,downtrend
2014-12-29,165.14999389648438,0.059037241055614365,True,2014,regime_specific,per_regime_RandomForestClassifier,True,0.608032716579967,True,downtrend
2014-12-30,164.8000030517578,0.062196600789994116,True,2014,regime_specific,per_regime_RandomForestClassifier,True,0.6021369425233821,True,downtrend
2014-12-31,166.60000610351562,0.061824654355468134,True,2014,regime_specific,per_regime_RandomForestClassifier,True,0.5814617088742013,True,downtrend
2015-01-02,161.0500030517578,0.11797578168249911,True,2015,global,random_forest_fast,True,0.6176714760507257,True,downtrend
2015-01-05,168.10000610351562,0.05145742761697303,True,2015,global,random_forest_fast,True,0.6164434251067281,True,downtrend
2015-01-06,174.89999389648438,0.01172100127671305,True,2015,global,random_forest_fast,True,0.6102375505197386,True,downtrend
2015-01-07,175.0500030517578,0.027420753887896776,True,2015,global,random_forest_fast,True,0.6214215310172263,True,downtrend
2015-01-08,176.89999389648438,-0.0014132278610834437,False,2015,global,random_forest_fast,True,0.5904795614216798,False,normal
2015-01-09,180.0500030517578,-0.05026383170433091,False,2015,global,random_forest_fast,True,0.6410181439865297,False,normal
2015-01-12,176.75,-0.07043845515271396,False,2015,global,random_forest_fast,True,0.617210796677619,False,normal
2015-01-13,176.9499969482422,-0.08872561299243442,False,2015,global,random_forest_fast,True,0.5949407043559224,False,normal
2015-01-14,179.85000610351562,-0.11064780917393835,False,2015,global,random_forest_fast,True,0.5935683240749491,False,normal
2015-01-15,176.64999389648438,-0.08038492747734416,False,2015,global,random_forest_fast,True,0.5726252763451399,False,high_crop_weather_stress
2015-01-16,171.0,-0.053508736236750676,False,2015,global,random_forest_fast,True,0.5819342277922916,False,high_crop_weather_stress
2015-01-20,164.3000030517578,0.023737028752554457,True,2015,global,random_forest_fast,True,0.5938775255888507,True,high_crop_weather_stress
2015-01-21,161.25,0.03999998107437008,True,2015,global,random_forest_fast,True,0.585221406256848,True,high_crop_weather_stress
2015-01-22,159.9499969482422,0.0003126167721902995,True,2015,global,random_forest_fast,True,0.5856881899744676,True,high_crop_weather_stress
2015-01-23,162.4499969482422,-0.0033856759747004084,False,2015,global,random_forest_fast,True,0.5795230442801586,False,high_crop_weather_stress
2015-01-26,161.85000610351562,0.0037070795310494287,True,2015,global,random_forest_fast,True,0.588406077522545,True,high_crop_weather_stress
2015-01-27,168.1999969482422,-0.04429249157795567,False,2015,global,random_forest_fast,True,0.5975380803292213,False,high_crop_weather_stress
2015-01-28,167.6999969482422,-0.01669650031432013,False,2015,global,random_forest_fast,True,0.6051498826501439,False,high_crop_weather_stress
2015-01-29,160.0,0.02968750000000009,True,2015,global,random_forest_fast,True,0.5862702909274461,True,high_crop_weather_stress
2015-01-30,161.89999389648438,0.03057450521089078,True,2015,global,random_forest_fast,True,0.5897686964130011,True,high_crop_weather_stress
2015-02-02,162.4499969482422,0.03170211912601184,True,2015,global,random_forest_fast,True,0.5820197500530775,True,high_crop_weather_stress
2015-02-03,160.75,-0.008398171717049041,False,2015,global,random_forest_fast,True,0.5732475813216078,False,high_crop_weather_stress
2015-02-04,164.89999389648438,-0.03305031625206378,False,2015,global,random_forest_fast,True,0.5615605506207861,False,high_crop_weather_stress
2015-02-05,164.75,-0.0012139420227142983,False,2015,global,random_forest_fast,True,0.5553885243056204,False,high_crop_weather_stress
2015-02-06,166.85000610351562,-0.02187599054092293,False,2015,global,random_forest_fast,True,0.5484514311891546,False,high_crop_weather_stress
2015-02-09,167.60000610351562,-0.0713007862281968,False,2015,global,random_forest_fast,True,0.5456632662084746,False,high_crop_weather_stress
2015-02-10,159.39999389648438,-0.04140521391119156,False,2015,global,random_forest_fast,True,0.5508363338433209,False,high_crop_weather_stress
2015-02-11,159.4499969482422,-0.06428347567373849,False,2015,global,random_forest_fast,True,0.5491568483242376,False,high_crop_weather_stress
2015-02-12,164.5500030517578,-0.09662721884163217,False,2015,global,random_forest_fast,True,0.5539076235434608,False,high_crop_weather_stress
2015-02-13,163.1999969482422,-0.11488970803073262,False,2015,global,random_forest_fast,True,0.5649585513235794,False,high_crop_weather_stress
2015-02-17,155.64999389648438,-0.06617403274566647,False,2015,global,random_forest_fast,True,0.5614405909831537,False,high_crop_weather_stress
2015-02-18,152.8000030517578,-0.08540577742879618,False,2015,global,random_forest_fast,True,0.5480684963664962,False,high_crop_weather_stress
2015-02-19,149.1999969482422,-0.08478548361413629,False,2015,global,random_forest_fast,True,0.5554604278711929,False,high_crop_weather_stress
2015-02-20,148.64999389648438,-0.08005377991990492,False,2015,global,random_forest_fast,True,0.5675303023642781,False,high_crop_weather_stress
2015-02-23,144.4499969482422,-0.06472821766882253,False,2015,global,random_forest_fast,True,0.5424261041200567,False,high_crop_weather_stress
2015-02-24,145.35000610351562,-0.13140698521823901,False,2015,global,random_forest_fast,True,0.5314905496991503,False,high_crop_weather_stress
2015-02-25,139.75,-0.0407870980196221,False,2015,global,random_forest_fast,True,0.5324129396982971,False,high_crop_weather_stress
2015-02-26,136.5500030517578,-0.03661662312892666,False,2015,global,random_forest_fast,True,0.517367257740836,False,high_crop_weather_stress
2015-02-27,136.75,-0.001828153564899404,False,2015,global,random_forest_fast,True,0.5200821021608064,False,downtrend
2015-03-02,135.10000610351562,-0.010732880396172817,False,2015,global,random_forest_fast,True,0.54334834991566,False,downtrend
2015-03-03,126.25,0.043168292659343965,True,2015,global,random_forest_fast,True,0.5364811826851293,True,high_crop_weather_stress
2015-03-04,134.0500030517578,-0.04214851940802955,False,2015,global,random_forest_fast,True,0.5263212504531615,False,high_crop_weather_stress
2015-03-05,131.5500030517578,-0.020524491718786897,False,2015,global,random_forest_fast,True,0.5416263034516205,False,high_crop_weather_stress
2015-03-06,136.5,-0.07362639598357357,False,2015,global,random_forest_fast,True,0.5306872417628299,False,high_crop_weather_stress
2015-03-09,133.64999389648438,0.009352787557687092,True,2015,global,random_forest_fast,True,0.5279582140391076,True,high_crop_weather_stress
2015-03-10,131.6999969482422,0.017084282856014488,True,2015,global,random_forest_fast,True,0.5372919932507138,True,high_crop_weather_stress
2015-03-11,128.39999389648438,0.06113712209242217,True,2015,global,random_forest_fast,True,0.5259926908737803,True,high_crop_weather_stress
2015-03-12,128.85000610351562,0.08653467883832833,True,2015,global,random_forest_fast,True,0.5268461011253645,True,high_crop_weather_stress
2015-03-13,126.4499969482422,0.13364973952661185,True,2015,global,random_forest_fast,True,0.5226751609544243,True,high_crop_weather_stress
2015-03-16,134.89999389648438,0.051519737001354926,True,2015,global,random_forest_fast,True,0.5251035181179288,True,high_crop_weather_stress
2015-03-17,133.9499969482422,0.02500937797564906,True,2015,global,random_forest_fast,True,0.5196863117666463,True,high_crop_weather_stress
2015-03-18,136.25,0.027155940904529885,True,2015,global,random_forest_fast,True,0.521487281884613,True,high_crop_weather_stress
2015-03-19,140.0,0.0017857142857142794,True,2015,global,random_forest_fast,True,0.515481374925026,True,high_crop_weather_stress
2015-03-20,143.35000610351562,-0.035926117446793304,False,2015,global,random_forest_fast,True,0.5269210656030888,False,high_crop_weather_stress
2015-03-23,141.85000610351562,-0.06697215080179364,False,2015,global,random_forest_fast,True,0.5174713572222832,False,high_crop_weather_stress
2015-03-24,137.3000030517578,-0.03204667922414228,False,2015,global,random_forest_fast,True,0.5219707157767666,False,high_crop_weather_stress
2015-03-25,139.9499969482422,-0.036441521657286646,False,2015,global,random_forest_fast,True,0.5109850717755969,False,high_crop_weather_stress
2015-03-26,140.25,0.0046345375863412475,True,2015,global,random_forest_fast,True,0.5117030637563654,True,high_crop_weather_stress
2015-03-27,138.1999969482422,0.05788712139404839,True,2015,global,random_forest_fast,True,0.5199594167736515,True,high_crop_weather_stress
2015-03-30,132.35000610351562,0.07253487270123782,True,2015,global,random_forest_fast,True,0.5315577159401922,True,high_crop_weather_stress
2015-03-31,132.89999389648438,0.021068496466137843,True,2015,global,random_forest_fast,True,0.5276776448648487,True,high_crop_weather_stress
2015-04-01,134.85000610351562,0.019280613474579544,True,2015,global,random_forest_fast,True,0.5384119093281488,True,high_crop_weather_stress
2015-04-02,140.89999389648438,-0.041163861208041275,False,2015,global,random_forest_fast,True,0.5213870149776415,False,high_crop_weather_stress
2015-04-06,146.1999969482422,-0.08515729964515484,False,2015,global,random_forest_fast,True,0.5179085938560084,False,high_crop_weather_stress
2015-04-07,141.9499969482422,-0.05177873196719063,False,2015,global,random_forest_fast,True,0.5286026505267843,False,high_crop_weather_stress
2015-04-08,135.6999969482422,0.0007369646703365706,True,2015,global,random_forest_fast,True,0.5369683393070818,True,high_crop_weather_stress
2015-04-09,137.4499969482422,0.015642118610472044,True,2015,global,random_forest_fast,True,0.5410887766564768,True,high_crop_weather_stress
2015-04-10,135.10000610351562,0.0266468592308442,True,2015,global,random_forest_fast,True,0.5351127166952446,True,high_crop_weather_stress
2015-04-13,133.75,0.037009322977511694,True,2015,global,random_forest_fast,True,0.5125920257129748,True,high_crop_weather_stress
2015-04-14,134.60000610351562,0.042347672286571436,True,2015,global,random_forest_fast,True,0.5255027258601122,True,high_crop_weather_stress
2015-04-15,135.8000030517578,0.048600815142920695,True,2015,global,random_forest_fast,True,0.5298124914739096,True,high_crop_weather_stress
2015-04-16,139.60000610351562,0.006088759366502217,True,2015,global,random_forest_fast,True,0.5287989826466433,True,high_crop_weather_stress
2015-04-17,138.6999969482422,0.01766400145745095,True,2015,global,random_forest_fast,True,0.5448505454418309,True,high_crop_weather_stress
2015-04-20,138.6999969482422,-0.018745428276373932,False,2015,global,random_forest_fast,True,0.542919649749396,False,high_crop_weather_stress
2015-04-21,140.3000030517578,-0.015324369982232189,False,2015,global,random_forest_fast,True,0.5401357346726872,False,high_crop_weather_stress
2015-04-22,142.39999389648438,-0.02844092673144938,False,2015,global,random_forest_fast,True,0.5416082409750936,False,high_crop_weather_stress
2015-04-23,140.4499969482422,-0.02776784607493854,False,2015,global,random_forest_fast,True,0.536948779955308,False,high_crop_weather_stress
2015-04-24,141.14999389648438,-0.05455187588523147,False,2015,global,random_forest_fast,True,0.5324755453460639,False,high_crop_weather_stress
2015-04-27,136.10000610351562,-0.031227037541552427,False,2015,global,random_forest_fast,True,0.5318868161800785,False,high_crop_weather_stress
2015-04-28,138.14999389648438,-0.04053558517651934,False,2015,global,random_forest_fast,True,0.5214682794514347,False,high_crop_weather_stress
2015-04-29,138.35000610351562,-0.07444888035676112,False,2015,global,random_forest_fast,True,0.5107172122799184,False,high_crop_weather_stress
2015-04-30,136.5500030517578,-0.0417429280179632,False,2015,global,random_forest_fast,True,0.5041433765530796,False,high_crop_weather_stress
2015-05-01,133.4499969482422,-0.004121416742865369,False,2015,global,random_forest_fast,True,0.5024647076894394,False,high_crop_weather_stress
2015-05-04,131.85000610351562,0.01137656375095153,True,2015,global,random_forest_fast,True,0.5135977772546442,True,high_crop_weather_stress
2015-05-05,132.5500030517578,0.014711406287035267,True,2015,global,random_forest_fast,True,0.5039770722721787,True,high_crop_weather_stress
2015-05-06,128.0500030517578,0.04958993122522526,True,2015,global,random_forest_fast,True,0.5288550706834435,True,high_crop_weather_stress
2015-05-07,130.85000610351562,0.03668313006551549,True,2015,global,random_forest_fast,True,0.5239265282285124,True,high_crop_weather_stress
2015-05-08,132.89999389648438,0.03235517870006133,True,2015,global,random_forest_fast,True,0.5295315056464109,True,high_crop_weather_stress
2015-05-11,133.35000610351562,0.062242125332380605,True,2015,global,random_forest_fast,True,0.5172661395929591,True,high_crop_weather_stress
2015-05-12,134.5,0.03977699705216087,True,2015,global,random_forest_fast,True,0.5189449646463378,True,high_crop_weather_stress
2015-05-13,134.39999389648438,0.011904807858458266,True,2015,global,random_forest_fast,True,0.508387377789253,True,high_crop_weather_stress
2015-05-14,135.64999389648438,-0.053077753573189,False,2015,global,random_forest_fast,True,0.5115409381915185,False,high_crop_weather_stress
2015-05-15,137.1999969482422,-0.07470845647224567,False,2015,global,random_forest_fast,False,0.494957910450743,True,high_crop_weather_stress
2015-05-18,141.64999389648438,-0.1242498524750264,False,2015,global,random_forest_fast,False,0.4529591534873482,True,high_crop_weather_stress
2015-05-19,139.85000610351562,-0.10976049648616892,False,2015,global,random_forest_fast,False,0.4660352609978576,True,normal
2015-05-20,136.0,-0.0797794005450081,False,2015,global,random_forest_fast,False,0.4591901631883677,True,high_crop_weather_stress
2015-05-21,128.4499969482422,-0.017905764710061,False,2015,global,random_forest_fast,False,0.4714121336977499,True,normal
2015-05-22,126.9499969482422,0.022449831997062297,True,2015,global,random_forest_fast,False,0.47441460472683444,False,downtrend
2015-05-26,124.0500030517578,0.06972989668428564,True,2015,global,random_forest_fast,False,0.48837987664687915,False,downtrend
2015-05-27,124.5,0.07871488394986192,True,2015,global,random_forest_fast,True,0.507054445646371,True,downtrend
2015-05-28,125.1500015258789,0.08429880378532584,True,2015,global,random_forest_fast,True,0.5255367207802969,True,downtrend
2015-05-29,126.1500015258789,0.07094732040729057,True,2015,global,random_forest_fast,True,0.5066637346309051,True,downtrend
2015-06-01,129.8000030517578,0.052003080441442195,True,2015,global,random_forest_fast,True,0.5136778226984461,True,normal
2015-06-02,132.6999969482422,0.0350415166707736,True,2015,global,random_forest_fast,False,0.49959758932813614,False,normal
2015-06-03,134.3000030517578,0.016008889409003135,True,2015,global,random_forest_fast,True,0.504017230550334,True,normal
2015-06-04,135.6999969482422,-0.02726600612712926,False,2015,global,random_forest_fast,True,0.5007398568022656,False,normal
2015-06-05,135.10000610351562,-0.02257589129508153,False,2015,global,random_forest_fast,False,0.471166181677496,True,normal
2015-06-08,136.5500030517578,-0.06407909047562177,False,2015,global,random_forest_fast,False,0.4473501185774946,True,normal
2015-06-09,137.35000610351562,-0.05824535598470015,False,2015,global,random_forest_fast,False,0.43776149314381585,True,normal
2015-06-10,136.4499969482422,-0.07182114797760375,False,2015,global,random_forest_fast,False,0.4468531345905556,True,normal
2015-06-11,132.0,-0.025000023119377324,False,2015,global,random_forest_fast,False,0.45123188116094953,True,normal
2015-06-12,132.0500030517578,-0.03710716707790096,False,2015,global,random_forest_fast,False,0.4690830897165105,True,normal
2015-06-15,127.8000030517578,0.019953075045898938,True,2015,global,random_forest_fast,False,0.459095081608329,False,normal
2015-06-16,129.35000610351562,-0.012756158310135435,False,2015,global,random_forest_fast,False,0.44909931535596187,True,normal
2015-06-17,126.6500015258789,0.05250692021918435,True,2015,global,random_forest_fast,False,0.4490422483337999,False,downtrend
2015-06-18,128.6999969482422,0.03613060812381752,True,2015,global,random_forest_fast,False,0.4411879681848292,False,normal
2015-06-19,127.1500015258789,0.03578447005710195,True,2015,global,random_forest_fast,False,0.4371941549802888,False,normal
2015-06-22,130.35000610351562,0.0034522203848983413,True,2015,global,random_forest_fast,False,0.456101015270894,False,normal
2015-06-23,127.6999969482422,0.023100994665159025,True,2015,global,random_forest_fast,False,0.45058325563309265,False,normal
2015-06-24,133.3000030517578,-0.06151541177724362,False,2015,global,random_forest_fast,False,0.41776774363335006,True,normal
2015-06-25,133.35000610351562,-0.05811778983630811,False,2015,global,random_forest_fast,False,0.423114866242895,True,normal
2015-06-26,131.6999969482422,-0.0637812763183705,False,2015,global,random_forest_fast,False,0.37250132421304244,True,normal
2015-06-29,130.8000030517578,-0.06039756377339578,False,2015,global,random_forest_fast,False,0.3450121607451372,True,normal
2015-06-30,130.64999389648438,-0.0574052255719798,False,2015,global,random_forest_fast,False,0.36081337507459765,True,normal
2015-07-01,125.0999984741211,-0.018784960054233912,False,2015,global,random_forest_fast,False,0.3653914813836379,True,downtrend
2015-07-02,125.5999984741211,-0.021098738519689575,False,2015,global,random_forest_fast,False,0.36431132447844206,True,downtrend
2015-07-06,123.3000030517578,0.02676395247920671,True,2015,global,random_forest_fast,False,0.36103896845564365,False,downtrend
2015-07-07,122.9000015258789,0.05655007722821925,True,2015,global,random_forest_fast,False,0.3842849286599867,False,downtrend
2015-07-08,123.1500015258789,0.039382853544682295,True,2015,global,random_forest_fast,False,0.42650051517556187,False,downtrend
2015-07-09,122.75,0.03828918084107702,True,2015,global,random_forest_fast,False,0.4594064240705999,False,downtrend
2015-07-10,122.9499969482422,0.032940245240207,True,2015,global,random_forest_fast,False,0.4894214815369726,False,downtrend
2015-07-13,126.5999984741211,-0.0059241706875162725,False,2015,global,random_forest_fast,True,0.5397253721810283,False,normal
2015-07-14,129.85000610351562,-0.046207218693631535,False,2015,global,random_forest_fast,True,0.5335308285416137,False,normal
2015-07-15,128.0,-0.0230468511581422,False,2015,global,random_forest_fast,True,0.5284957318207814,False,normal
2015-07-16,127.4499969482422,-0.04629261700869558,False,2015,global,random_forest_fast,True,0.5394345592178124,False,normal
2015-07-17,127.0,-0.03740157480314965,False,2015,global,random_forest_fast,True,0.5338339572332392,False,normal
2015-07-20,125.8499984741211,-0.04330549872325096,False,2015,global,random_forest_fast,True,0.5224985311407544,False,normal
2015-07-21,123.8499984741211,-0.029067408304194076,False,2015,global,random_forest_fast,True,0.5352093640525465,False,normal
2015-07-22,125.0500030517578,-0.023190735346712343,False,2015,global,random_forest_fast,True,0.5035314078482639,False,normal
2015-07-23,121.5500030517578,0.027560661374024242,True,2015,global,random_forest_fast,False,0.4855759054436528,False,downtrend
2015-07-24,122.25,0.024539877300613577,True,2015,global,random_forest_fast,False,0.49697529700747045,False,downtrend
2015-07-27,120.4000015258789,0.029485011439972952,True,2015,global,random_forest_fast,True,0.506385150938828,True,downtrend
2015-07-28,120.25,0.03866945135866029,True,2015,global,random_forest_fast,False,0.49010023359687827,False,downtrend
2015-07-29,122.1500015258789,0.030699958683222173,True,2015,global,random_forest_fast,False,0.4813505245562497,False,normal
2015-07-30,124.9000015258789,-0.005204175483890849,False,2015,global,random_forest_fast,False,0.48422830270712747,True,normal
2015-07-31,125.25,0.020359305802457373,True,2015,global,random_forest_fast,False,0.48650810621863,False,normal
2015-08-03,123.9499969482422,0.07704722296802946,True,2015,global,random_forest_fast,True,0.5306303688890087,True,normal
2015-08-04,124.9000015258789,0.09847874517291144,True,2015,global,random_forest_fast,True,0.5346921374416624,True,normal
2015-08-05,125.9000015258789,0.047259765730929715,True,2015,global,random_forest_fast,True,0.5440046656357937,True,normal
2015-08-06,124.25,0.10301813321334263,True,2015,global,random_forest_fast,True,0.546002692783943,True,normal
2015-08-07,127.8000030517578,0.07589981781388366,True,2015,global,random_forest_fast,True,0.5473313679162488,True,normal
2015-08-10,133.5,0.009363295880149725,True,2015,global,random_forest_fast,False,0.45996507412041515,False,normal
2015-08-11,137.1999969482422,-0.013848352323223012,False,2015,global,random_forest_fast,False,0.44897091462314465,True,uptrend
2015-08-12,131.85000610351562,-0.005309155666490262,False,2015,global,random_forest_fast,False,0.453103919549253,True,normal
2015-08-13,137.0500030517578,-0.06858811613691784,False,2015,global,random_forest_fast,False,0.44698446275254305,True,uptrend
2015-08-14,137.5,-0.11345453435724429,False,2015,global,random_forest_fast,False,0.4420958701997937,True,uptrend
2015-08-17,134.75,-0.1280148423005566,False,2015,global,random_forest_fast,False,0.4722310838843567,True,normal
2015-08-18,135.3000030517578,-0.13488543672108155,False,2015,global,random_forest_fast,False,0.4715302612727077,True,normal
2015-08-19,131.14999389648438,-0.09492945122108698,False,2015,global,random_forest_fast,False,0.49675688941696733,True,normal
2015-08-20,127.6500015258789,-0.051703865219171696,False,2015,global,random_forest_fast,True,0.5021345145196962,False,normal
2015-08-21,121.9000015258789,-0.011895033301774549,False,2015,global,random_forest_fast,False,0.4939015272611504,True,high_volatility
2015-08-24,117.5,0.025957472780917534,True,2015,global,random_forest_fast,True,0.5025433352317755,True,high_volatility
2015-08-25,117.0500030517578,0.0,False,2015,global,random_forest_fast,False,0.4925686771502382,True,high_volatility
2015-08-26,118.6999969482422,-0.03369840019241244,False,2015,global,random_forest_fast,False,0.49233180610987143,True,high_volatility
2015-08-27,121.0500030517578,-0.04006613780457202,False,2015,global,random_forest_fast,False,0.49663635154355323,True,high_volatility
2015-08-28,120.4499969482422,-0.038190108681345536,False,2015,global,random_forest_fast,False,0.4872806570347711,True,high_volatility
2015-08-31,120.5500030517578,-0.023641692504080325,False,2015,global,random_forest_fast,True,0.5590654993621516,False,high_volatility
2015-09-01,117.0500030517578,0.006407517987576217,True,2015,global,random_forest_fast,True,0.5579435383111554,True,high_volatility
2015-09-02,114.6999969482422,-0.014385300264907253,False,2015,global,random_forest_fast,True,0.551908338903569,False,high_volatility
2015-09-03,116.1999969482422,-0.024526665653791357,False,2015,global,random_forest_fast,True,0.5437839918861477,False,high_volatility
2015-09-04,115.8499984741211,0.009926642563882204,True,2015,global,random_forest_fast,True,0.5424618034862209,True,high_volatility
2015-09-08,117.6999969482422,-0.018691563341413087,False,2015,global,random_forest_fast,True,0.5317674354736897,False,high_volatility
2015-09-09,117.8000030517578,-0.03395585650572963,False,2015,global,random_forest_fast,True,0.5392970374333598,False,downtrend
2015-09-10,113.0500030517578,0.003980512482040233,True,2015,global,random_forest_fast,True,0.5299359935996064,True,downtrend
2015-09-11,113.3499984741211,0.0,False,2015,global,random_forest_fast,True,0.531518664688868,False,high_crop_weather_stress
2015-09-14,117.0,0.002136752136752129,True,2015,global,random_forest_fast,True,0.5140687355843374,True,high_crop_weather_stress
2015-09-15,115.5,-0.0004329268550459231,False,2015,global,random_forest_fast,True,0.5376867333185222,False,high_crop_weather_stress
2015-09-16,113.8000030517578,0.021089576732197912,True,2015,global,random_forest_fast,True,0.52747885692635,True,high_crop_weather_stress
2015-09-17,113.5,0.04229077578641238,True,2015,global,random_forest_fast,True,0.5321105898964774,True,high_crop_weather_stress
2015-09-18,113.3499984741211,0.08248785707973161,True,2015,global,random_forest_fast,True,0.5268139819997554,True,high_crop_weather_stress
2015-09-21,117.25,0.016204703845449142,True,2015,global,random_forest_fast,True,0.5076408083627976,True,high_crop_weather_stress
2015-09-22,115.4499969482422,0.04677350947267489,True,2015,global,random_forest_fast,True,0.5094623354554848,True,high_crop_weather_stress
2015-09-23,116.1999969482422,0.044320151989098555,True,2015,global,random_forest_fast,False,0.48963560556049557,False,high_crop_weather_stress
2015-09-24,118.3000030517578,0.020710032840576487,True,2015,global,random_forest_fast,False,0.49359806843692355,False,high_crop_weather_stress
2015-09-25,122.6999969482422,0.01303998486805602,True,2015,global,random_forest_fast,True,0.5034695253795427,True,high_crop_weather_stress
2015-09-28,119.1500015258789,0.07049938244486254,True,2015,global,random_forest_fast,True,0.5079909916085308,True,high_crop_weather_stress
2015-09-29,120.8499984741211,0.05999178916785053,True,2015,global,random_forest_fast,True,0.5095204335860055,True,high_crop_weather_stress
2015-09-30,121.3499984741211,0.0387309817613144,True,2015,global,random_forest_fast,True,0.5062601473198405,True,high_crop_weather_stress
2015-10-01,120.75,0.0637680906686724,True,2015,global,random_forest_fast,True,0.5203147094758286,True,high_crop_weather_stress
2015-10-02,124.3000030517578,0.0587289048473969,True,2015,global,random_forest_fast,True,0.5218342835618209,True,high_crop_weather_stress
2015-10-05,127.5500030517578,0.054488410677826504,True,2015,global,random_forest_fast,False,0.4809525103944594,False,high_crop_weather_stress
2015-10-06,128.10000610351562,0.04879000548172874,True,2015,global,random_forest_fast,False,0.476390492952135,False,high_crop_weather_stress
2015-10-07,126.0500030517578,0.06822681980575052,True,2015,global,random_forest_fast,False,0.4652848877882498,False,high_crop_weather_stress
2015-10-08,128.4499969482422,0.0408719355759537,True,2015,global,random_forest_fast,False,0.4448379156293544,False,high_crop_weather_stress
2015-10-09,131.60000610351562,-0.04369306506620996,False,2015,global,random_forest_fast,False,0.44552440425012435,True,high_crop_weather_stress
2015-10-12,134.5,-0.0788103975771085,False,2015,global,random_forest_fast,False,0.4534755400056269,True,high_crop_weather_stress
2015-10-13,134.35000610351562,-0.07145519663109579,False,2015,global,random_forest_fast,False,0.4519741930293943,True,high_crop_weather_stress
2015-10-14,134.64999389648438,-0.10137389168378397,False,2015,global,random_forest_fast,False,0.45743490709342594,True,high_crop_weather_stress
2015-10-15,133.6999969482422,-0.10359011810211705,False,2015,global,random_forest_fast,False,0.47224240347919827,True,high_crop_weather_stress
2015-10-16,125.8499984741211,-0.05880017175686003,False,2015,global,random_forest_fast,False,0.46245478064185946,True,high_crop_weather_stress
2015-10-19,123.9000015258789,-0.053268752161738875,False,2015,global,random_forest_fast,False,0.4997606834478422,True,high_crop_weather_stress
2015-10-20,124.75,-0.059719414414767136,False,2015,global,random_forest_fast,False,0.48405632812933447,True,high_crop_weather_stress
2015-10-21,121.0,-0.015702491949412423,False,2015,global,random_forest_fast,False,0.48010117328516644,True,high_crop_weather_stress
2015-10-22,119.8499984741211,0.0037547316092279015,True,2015,global,random_forest_fast,False,0.4766167147492282,False,high_crop_weather_stress
2015-10-23,118.4499969482422,0.021105952422205698,True,2015,global,random_forest_fast,False,0.47054231878636926,False,high_crop_weather_stress
2015-10-26,117.3000030517578,0.012787723452472033,True,2015,global,random_forest_fast,False,0.44057965795469767,False,high_crop_weather_stress
2015-10-27,117.3000030517578,0.025149163439838418,True,2015,global,random_forest_fast,False,0.43171819377046444,False,high_crop_weather_stress
2015-10-28,119.0999984741211,0.011754840838080316,True,2015,global,random_forest_fast,False,0.43600757213358676,False,high_crop_weather_stress
2015-10-29,120.3000030517578,0.004987518361599497,True,2015,global,random_forest_fast,False,0.4358374696452285,False,high_crop_weather_stress
2015-10-30,120.9499969482422,-0.026457189160670858,False,2015,global,random_forest_fast,False,0.452522912233176,True,high_crop_weather_stress
2015-11-02,118.8000030517578,-0.008838409299537942,False,2015,global,random_forest_fast,False,0.4694131511806605,True,high_crop_weather_stress
2015-11-03,120.25,-0.03284820746978967,False,2015,global,random_forest_fast,False,0.46668172659378937,True,high_crop_weather_stress
2015-11-04,120.5,-0.030705368865080462,False,2015,global,random_forest_fast,False,0.4614167873714435,True,high_crop_weather_stress
2015-11-05,120.9000015258789,-0.04631925892012845,False,2015,global,random_forest_fast,False,0.45960723676485027,True,normal
2015-11-06,117.75,-0.04755837345325775,False,2015,global,random_forest_fast,False,0.4800199878379714,True,normal
2015-11-09,117.75,-0.028874747565850623,False,2015,global,random_forest_fast,False,0.4837759870226722,True,normal
2015-11-10,116.3000030517578,-0.017626852948967486,False,2015,global,random_forest_fast,False,0.4931879948871793,True,normal
2015-11-11,116.8000030517578,-0.03467468275632757,False,2015,global,random_forest_fast,False,0.48926581360159926,True,normal
2015-11-12,115.3000030517578,0.03989590938741072,True,2015,global,random_forest_fast,False,0.48828816919866935,False,normal
2015-11-13,112.1500015258789,0.08693713657908564,True,2015,global,random_forest_fast,False,0.49469485366997235,False,high_crop_weather_stress
2015-11-16,114.3499984741211,0.048972440304740905,True,2015,global,random_forest_fast,False,0.4910240554201489,False,normal
2015-11-17,114.25,0.07177240217279834,True,2015,global,random_forest_fast,False,0.4895716994097473,False,normal
2015-11-18,112.75,0.09002218648229632,True,2015,global,random_forest_fast,True,0.5274511685326744,True,downtrend
2015-11-19,119.9000015258789,0.009174299083588133,True,2015,global,random_forest_fast,False,0.4858317337133999,False,normal
2015-11-20,121.9000015258789,-0.04101722672200725,False,2015,global,random_forest_fast,False,0.4946725983822904,True,normal
2015-11-23,119.9499969482422,-0.02334302203918759,False,2015,global,random_forest_fast,True,0.5036126612533817,False,normal
2015-11-24,122.4499969482422,-0.037974634645763894,False,2015,global,random_forest_fast,False,0.49251001588646093,True,normal
2015-11-25,122.9000015258789,-0.006916179524555366,False,2015,global,random_forest_fast,False,0.480819656897753,True,normal
2015-11-27,121.0,0.024793388429751984,True,2015,global,random_forest_fast,False,0.47821003187645306,False,normal
2015-11-30,116.9000015258789,0.04918733896446592,True,2015,global,random_forest_fast,False,0.4901479798931811,False,normal
2015-12-01,117.1500015258789,0.04353391726584377,True,2015,global,random_forest_fast,False,0.4829081355415251,False,normal
2015-12-02,117.8000030517578,0.05135819410552234,True,2015,global,random_forest_fast,True,0.5136960249661776,True,normal
2015-12-03,122.0500030517578,0.004916005400398715,True,2015,global,random_forest_fast,True,0.530064060242959,True,normal
2015-12-04,124.0,-0.04758065746676532,False,2015,global,random_forest_fast,True,0.5291795062005104,False,normal
2015-12-07,122.6500015258789,-0.04402773305094099,False,2015,global,random_forest_fast,True,0.5181253225086491,False,normal
2015-12-08,122.25,-0.05398771757972265,False,2015,global,random_forest_fast,True,0.5186976006548215,False,normal
2015-12-09,123.8499984741211,-0.04642713016424849,False,2015,global,random_forest_fast,True,0.5141610799123755,False,normal
2015-12-10,122.6500015258789,-0.03954340329215378,False,2015,global,random_forest_fast,True,0.5160951116458944,False,normal
2015-12-11,118.0999984741211,0.0029635772958778173,True,2015,global,random_forest_fast,True,0.5164451986924387,True,high_volatility
2015-12-14,117.25,0.002132196162046851,True,2015,global,random_forest_fast,True,0.5500809986377889,True,normal
2015-12-15,115.6500015258789,0.030263726362483423,True,2015,global,random_forest_fast,True,0.5451495760902751,True,normal
2015-12-16,118.0999984741211,0.024132078839489646,True,2015,global,random_forest_fast,True,0.5514854520271781,True,normal
2015-12-17,117.8000030517578,0.016128980027696693,True,2015,global,random_forest_fast,True,0.5278711980749525,True,normal
2015-12-18,118.4499969482422,0.005909705324370629,True,2015,global,random_forest_fast,True,0.5464016497930893,True,normal
2015-12-21,117.5,0.033616995304188935,True,2015,global,random_forest_fast,False,0.49834367962513054,False,normal
2015-12-22,119.1500015258789,0.03776751944919288,True,2015,global,random_forest_fast,False,0.48799948090929085,False,normal
2015-12-23,120.9499969482422,0.04754030711105006,True,2015,global,random_forest_fast,False,0.48087754713113307,False,normal
2015-12-24,119.6999969482422,0.035087758435388805,True,2015,global,random_forest_fast,False,0.49168928312647603,False,normal
2015-12-28,119.1500015258789,0.03231219827794041,True,2015,global,random_forest_fast,False,0.4737776405862878,False,normal
2015-12-29,121.4499969482422,-0.01235076194064666,False,2015,global,random_forest_fast,False,0.4685857853761609,True,normal
2015-12-30,123.6500015258789,-0.042054221702119365,False,2015,global,random_forest_fast,False,0.47024346874106726,True,normal
2015-12-31,126.6999969482422,-0.06077345804031631,False,2015,global,random_forest_fast,False,0.47180248976639605,True,normal
2016-01-04,123.9000015258789,-0.07627122244758722,False,2016,regime_specific,per_regime_VotingClassifier,False,0.3503412559096251,True,normal
2016-01-05,123.0,-0.07032521565755212,False,2016,regime_specific,per_regime_VotingClassifier,False,0.36504291088536034,True,normal
2016-01-06,119.9499969482422,-0.04293450627353157,False,2016,regime_specific,per_regime_VotingClassifier,True,0.6532684326525172,False,high_crop_weather_stress
2016-01-07,118.4499969482422,-0.02152803282449678,False,2016,regime_specific,per_regime_VotingClassifier,False,0.47367699623882065,True,normal
2016-01-08,119.0,-0.0344537686900932,False,2016,regime_specific,per_regime_VotingClassifier,True,0.69085863717117,False,high_crop_weather_stress
2016-01-11,114.4499969482422,0.010484968192523203,True,2016,regime_specific,per_regime_VotingClassifier,True,0.716947246245816,True,high_crop_weather_stress
2016-01-12,114.3499984741211,-0.024048972773903055,False,2016,regime_specific,per_regime_VotingClassifier,True,0.6461886274516856,False,high_crop_weather_stress
2016-01-13,114.8000030517578,-0.0034843337564943733,False,2016,regime_specific,per_regime_VotingClassifier,True,0.6319265448024073,False,high_crop_weather_stress
2016-01-14,115.9000015258789,0.0008627995927916743,True,2016,regime_specific,per_regime_VotingClassifier,True,0.5686280487516675,True,high_crop_weather_stress
2016-01-15,114.9000015258789,0.013489951277452228,True,2016,regime_specific,per_regime_VotingClassifier,True,0.6015985187222392,True,high_crop_weather_stress
2016-01-19,115.6500015258789,0.009079078326932333,True,2016,regime_specific,per_regime_VotingClassifier,True,0.6095887147011037,True,high_crop_weather_stress
2016-01-20,111.5999984741211,0.05913977208208987,True,2016,regime_specific,per_regime_VotingClassifier,True,0.7078645805756703,True,high_crop_weather_stress
2016-01-21,114.4000015258789,0.04152097846716796,True,2016,regime_specific,per_regime_VotingClassifier,True,0.6682378231963753,True,high_crop_weather_stress
2016-01-22,116.0,0.0030172282251819116,True,2016,regime_specific,per_regime_VotingClassifier,True,0.6948823995173159,True,high_crop_weather_stress
2016-01-25,116.4499969482422,0.011163616022554335,True,2016,regime_specific,per_regime_VotingClassifier,True,0.668777379020522,True,high_crop_weather_stress
2016-01-26,116.6999969482422,0.02699230169882494,True,2016,regime_specific,per_regime_VotingClassifier,True,0.6889973691437389,True,high_crop_weather_stress
2016-01-27,118.1999969482422,0.028341845939154453,True,2016,regime_specific,per_regime_VotingClassifier,True,0.6592119273766435,True,high_crop_weather_stress
2016-01-28,119.1500015258789,0.033990729085166205,True,2016,regime_specific,per_regime_VotingClassifier,True,0.6609001767033317,True,high_crop_weather_stress
2016-01-29,116.3499984741211,0.0348087933379615,True,2016,regime_specific,per_regime_VotingClassifier,True,0.7133590142987069,True,high_crop_weather_stress
2016-02-01,117.75,-0.01698513800424628,False,2016,regime_specific,per_regime_VotingClassifier,True,0.6991047706973239,False,high_crop_weather_stress
2016-02-02,119.8499984741211,-0.0425531792995586,False,2016,regime_specific,per_regime_VotingClassifier,True,0.6788114288126732,False,high_crop_weather_stress
2016-02-03,121.5500030517578,-0.05594407964648307,False,2016,regime_specific,per_regime_VotingClassifier,True,0.6834905207636097,False,high_crop_weather_stress
2016-02-04,123.1999969482422,-0.08279218507227193,False,2016,regime_specific,per_regime_VotingClassifier,True,0.6729973926884056,False,high_crop_weather_stress
2016-02-05,120.4000015258789,-0.04028237884265018,False,2016,regime_specific,per_regime_VotingClassifier,True,0.700997254158826,False,high_crop_weather_stress
2016-02-08,115.75,-0.007343399344458712,False,2016,regime_specific,per_regime_VotingClassifier,True,0.7207085331544236,False,high_crop_weather_stress
2016-02-09,114.75,-0.0017428927951390616,False,2016,regime_specific,per_regime_VotingClassifier,True,0.6979063096779152,False,high_crop_weather_stress
2016-02-10,114.75,-0.005228744872515012,False,2016,regime_specific,per_regime_VotingClassifier,True,0.6930345365081958,False,high_crop_weather_stress
2016-02-11,113.0,0.02433628318584069,True,2016,regime_specific,per_regime_VotingClassifier,True,0.7189481168675861,True,high_crop_weather_stress
2016-02-12,115.5500030517578,0.03721328696492732,True,2016,regime_specific,per_regime_VotingClassifier,True,0.7087371358600397,True,high_crop_weather_stress
2016-02-16,114.9000015258789,0.025239351500145224,True,2016,regime_specific,per_regime_VotingClassifier,True,0.6765863233799346,True,high_crop_weather_stress
2016-02-17,114.5500030517578,0.00436490603823092,True,2016,regime_specific,per_regime_VotingClassifier,True,0.6417098092586566,True,high_crop_weather_stress
2016-02-18,114.1500015258789,0.004380201430717046,True,2016,regime_specific,per_regime_VotingClassifier,True,0.6124902775512481,True,high_crop_weather_stress
2016-02-19,115.75,-0.023758099352051865,False,2016,regime_specific,per_regime_VotingClassifier,True,0.5730544537967738,False,high_crop_weather_stress
2016-02-22,119.8499984741211,-0.06007506916904015,False,2016,regime_specific,per_regime_VotingClassifier,True,0.5615918533671599,False,high_crop_weather_stress
2016-02-23,117.8000030517578,-0.044991535776354175,False,2016,regime_specific,per_regime_VotingClassifier,True,0.6073267568286912,False,high_crop_weather_stress
2016-02-24,115.0500030517578,-0.014776223664000443,False,2016,regime_specific,per_regime_VotingClassifier,True,0.6214878582534551,False,high_crop_weather_stress
2016-02-25,114.6500015258789,0.008286061365884612,True,2016,regime_specific,per_regime_VotingClassifier,True,0.6078781264462262,True,high_crop_weather_stress
2016-02-26,113.0,0.05132746063502469,True,2016,regime_specific,per_regime_VotingClassifier,True,0.6174649246306917,True,high_crop_weather_stress
2016-02-29,112.6500015258789,0.05326231618933108,True,2016,regime_specific,per_regime_VotingClassifier,True,0.6528695782208057,True,high_crop_weather_stress
2016-03-01,112.5,0.06844441731770856,True,2016,regime_specific,per_regime_VotingClassifier,True,0.6601305380250744,True,high_crop_weather_stress
2016-03-02,113.3499984741211,0.06616674107598097,True,2016,regime_specific,per_regime_VotingClassifier,True,0.6174678237365974,True,high_crop_weather_stress
2016-03-03,115.5999984741211,0.04325259572662832,True,2016,regime_specific,per_regime_VotingClassifier,True,0.5761317039327296,True,high_crop_weather_stress
2016-03-04,118.8000030517578,0.04713803308305775,True,2016,regime_specific,per_regime_VotingClassifier,True,0.5715851809738847,True,high_crop_weather_stress
2016-03-07,118.6500015258789,0.05857561617246421,True,2016,regime_specific,per_regime_VotingClassifier,True,0.5637583595750609,True,high_crop_weather_stress
2016-03-08,120.1999969482422,0.03244593697916831,True,2016,regime_specific,per_regime_VotingClassifier,True,0.5997454839077104,True,high_crop_weather_stress
2016-03-09,120.8499984741211,0.054199446706326926,True,2016,regime_specific,per_regime_VotingClassifier,True,0.5938508055117143,True,high_crop_weather_stress
2016-03-10,120.5999984741211,0.09452737703247305,True,2016,regime_specific,per_regime_VotingClassifier,True,0.5958317738046709,True,high_crop_weather_stress
2016-03-11,124.4000015258789,0.07596466609102759,True,2016,regime_specific,per_regime_VotingClassifier,True,0.5849077189180621,True,high_crop_weather_stress
2016-03-14,125.5999984741211,0.04737264848663725,True,2016,regime_specific,per_regime_VotingClassifier,True,0.5826494993403192,True,high_crop_weather_stress
2016-03-15,124.0999984741211,0.0850120511851844,True,2016,regime_specific,per_regime_VotingClassifier,True,0.5982477135023412,True,high_crop_weather_stress
2016-03-16,127.4000015258789,0.02904242176861449,True,2016,regime_specific,per_regime_VotingClassifier,True,0.5583273487089004,True,high_crop_weather_stress
2016-03-17,132.0,-0.033712098092744,False,2016,regime_specific,per_regime_VotingClassifier,True,0.5173861827166932,False,high_crop_weather_stress
2016-03-18,133.85000610351562,-0.03959658431138913,False,2016,regime_specific,per_regime_VotingClassifier,False,0.47014661457635865,True,high_crop_weather_stress
2016-03-21,131.5500030517578,-0.031166902382377626,False,2016,regime_specific,per_regime_VotingClassifier,False,0.4767099323654456,True,high_crop_weather_stress
2016-03-22,134.64999389648438,-0.05681391937058311,False,2016,regime_specific,per_regime_VotingClassifier,False,0.43211044244779007,True,high_crop_weather_stress
2016-03-23,131.10000610351562,-0.027841411024736362,False,2016,regime_specific,per_regime_VotingClassifier,True,0.5269561710277184,False,high_crop_weather_stress
2016-03-24,127.5500030517578,-0.00235204268584821,False,2016,regime_specific,per_regime_VotingClassifier,True,0.5724763884559791,False,high_crop_weather_stress
2016-03-28,128.5500030517578,-0.044729676106541216,False,2016,regime_specific,per_regime_VotingClassifier,True,0.6461266325820483,False,high_crop_weather_stress
2016-03-29,127.4499969482422,-0.051392668334258707,False,2016,regime_specific,per_regime_VotingClassifier,True,0.6471830142233411,False,high_crop_weather_stress
2016-03-30,127.0,-0.04330708661417326,False,2016,regime_specific,per_regime_VotingClassifier,True,0.6787934314122595,False,high_crop_weather_stress
2016-03-31,127.4499969482422,-0.060023492190361405,False,2016,regime_specific,per_regime_VotingClassifier,True,0.6935745828908633,False,high_crop_weather_stress
2016-04-01,127.25,-0.053438137931299035,False,2016,regime_specific,per_regime_VotingClassifier,True,0.7082932355431659,False,high_crop_weather_stress
2016-04-04,122.8000030517578,0.0044787899730871494,True,2016,regime_specific,per_regime_VotingClassifier,True,0.6661488862459817,True,high_crop_weather_stress
2016-04-05,120.9000015258789,0.03060377916910273,True,2016,regime_specific,per_regime_VotingClassifier,True,0.6611904790270047,True,high_crop_weather_stress
2016-04-06,121.5,0.002057613168724215,True,2016,regime_specific,per_regime_VotingClassifier,True,0.6436847572377721,True,high_crop_weather_stress
2016-04-07,119.8000030517578,0.027963258670985036,True,2016,regime_specific,per_regime_VotingClassifier,True,0.6689188343829472,True,high_crop_weather_stress
2016-04-08,120.4499969482422,0.020755500733422583,True,2016,regime_specific,per_regime_VotingClassifier,True,0.6178362674031108,True,high_crop_weather_stress
2016-04-11,123.3499984741211,0.0052695706033210055,True,2016,regime_specific,per_regime_VotingClassifier,True,0.5824951062931822,True,high_crop_weather_stress
2016-04-12,124.5999984741211,0.010032102851587288,True,2016,regime_specific,per_regime_VotingClassifier,True,0.5325898227096639,True,high_crop_weather_stress
2016-04-13,121.75,0.04435319528442627,True,2016,regime_specific,per_regime_VotingClassifier,True,0.5963838291989242,True,high_crop_weather_stress
2016-04-14,123.1500015258789,0.003248083807736224,True,2016,regime_specific,per_regime_VotingClassifier,True,0.604980841224633,True,high_crop_weather_stress
2016-04-15,122.9499969482422,-0.001626652730429834,False,2016,regime_specific,per_regime_VotingClassifier,True,0.6273050320195932,False,high_crop_weather_stress
2016-04-18,124.0,-0.007258076821604065,False,2016,regime_specific,per_regime_VotingClassifier,True,0.6062494673279871,False,high_crop_weather_stress
2016-04-19,125.8499984741211,-0.004767568386140897,False,2016,regime_specific,per_regime_VotingClassifier,True,0.6169270675158903,False,high_crop_weather_stress
2016-04-20,127.1500015258789,-0.04797482029820954,False,2016,regime_specific,per_regime_VotingClassifier,True,0.5908795644534458,False,high_crop_weather_stress
2016-04-21,123.5500030517578,-0.025495762428749513,False,2016,regime_specific,per_regime_VotingClassifier,True,0.6626664770685773,False,high_crop_weather_stress
2016-04-22,122.75,-0.01547862750206852,False,2016,regime_specific,per_regime_VotingClassifier,True,0.650532758825406,False,high_crop_weather_stress
2016-04-25,123.0999984741211,-0.032493907795140275,False,2016,regime_specific,per_regime_VotingClassifier,True,0.6496848435216077,False,high_crop_weather_stress
2016-04-26,125.25,-0.05309382455791545,False,2016,regime_specific,per_regime_VotingClassifier,True,0.6538418496512314,False,high_crop_weather_stress
2016-04-27,121.0500030517578,-0.01610908325878302,False,2016,regime_specific,per_regime_VotingClassifier,True,0.6921177901717488,False,high_crop_weather_stress
2016-04-28,120.4000015258789,0.00415282386763538,True,2016,regime_specific,per_regime_VotingClassifier,True,0.668082729008188,True,high_crop_weather_stress
2016-04-29,120.8499984741211,0.021514261538678303,True,2016,regime_specific,per_regime_VotingClassifier,True,0.6128889890137901,True,high_crop_weather_stress
2016-05-02,119.0999984741211,0.050797675308723145,True,2016,regime_specific,per_regime_VotingClassifier,True,0.6334529296583217,True,high_crop_weather_stress
2016-05-03,118.5999984741211,0.06998316322549458,True,2016,regime_specific,per_regime_VotingClassifier,True,0.631925125234821,True,high_crop_weather_stress
2016-05-04,119.0999984741211,0.07388751607473742,True,2016,regime_specific,per_regime_VotingClassifier,True,0.5857323457010981,True,high_crop_weather_stress
2016-05-05,120.9000015258789,0.060380441110256644,True,2016,regime_specific,per_regime_VotingClassifier,True,0.5886445727504787,True,high_crop_weather_stress
2016-05-06,123.4499969482422,0.04333743406861856,True,2016,regime_specific,per_regime_VotingClassifier,True,0.6257641156216356,True,high_crop_weather_stress
2016-05-09,125.1500015258789,0.06032756955901486,True,2016,regime_specific,per_regime_VotingClassifier,True,0.6627771490779881,True,high_crop_weather_stress
2016-05-10,126.9000015258789,0.03900712780233695,True,2016,regime_specific,per_regime_VotingClassifier,True,0.6828460544438792,True,high_crop_weather_stress
2016-05-11,127.9000015258789,0.010946063402474948,True,2016,regime_specific,per_regime_VotingClassifier,True,0.6943561420806876,True,high_crop_weather_stress
2016-05-12,128.1999969482422,-0.033151326842198126,False,2016,regime_specific,per_regime_VotingClassifier,True,0.7167080204971388,False,high_crop_weather_stress
2016-05-13,128.8000030517578,-0.03183234476996122,False,2016,regime_specific,per_regime_VotingClassifier,True,0.7279446563921257,False,high_crop_weather_stress
2016-05-16,132.6999969482422,-0.0795026048604821,False,2016,regime_specific,per_regime_VotingClassifier,True,0.7251185407491635,False,high_crop_weather_stress
2016-05-17,131.85000610351562,-0.07622300027705387,False,2016,regime_specific,per_regime_VotingClassifier,True,0.7312491368776513,False,high_crop_weather_stress
2016-05-18,129.3000030517578,-0.06109823155005334,False,2016,regime_specific,per_regime_VotingClassifier,True,0.710114838437276,False,high_crop_weather_stress
2016-05-19,123.9499969482422,-0.01976601055718663,False,2016,regime_specific,per_regime_VotingClassifier,True,0.7536449790742329,False,high_crop_weather_stress
2016-05-20,124.6999969482422,-0.027265388770583487,False,2016,regime_specific,per_regime_VotingClassifier,True,0.7329040451185544,False,high_crop_weather_stress
2016-05-23,122.1500015258789,-0.004911980897470469,False,2016,regime_specific,per_regime_VotingClassifier,True,0.7402951124514795,False,high_crop_weather_stress
2016-05-24,121.8000030517578,0.0008210055140853711,True,2016,regime_specific,per_regime_VotingClassifier,True,0.7326442319038887,True,high_crop_weather_stress
2016-05-25,121.4000015258789,0.013179558929247825,True,2016,regime_specific,per_regime_VotingClassifier,True,0.7325267335460637,True,high_crop_weather_stress
2016-05-26,121.5,0.046090522420749735,True,2016,regime_specific,per_regime_VotingClassifier,True,0.7271780750550645,True,high_crop_weather_stress
2016-05-27,121.3000030517578,0.08573778759137207,True,2016,regime_specific,per_regime_VotingClassifier,True,0.7452707035850055,True,high_crop_weather_stress
2016-05-31,121.5500030517578,0.0876182116749884,True,2016,regime_specific,per_regime_VotingClassifier,True,0.72298223713569,True,high_crop_weather_stress
2016-06-01,121.9000015258789,0.1456110922758045,True,2016,regime_specific,per_regime_VotingClassifier,True,0.5680709006172879,True,normal
2016-06-02,123.0,0.0890243654328633,True,2016,regime_specific,per_regime_VotingClassifier,True,0.5182776854790897,True,normal
2016-06-03,127.0999984741211,0.0774980219698953,True,2016,regime_specific,per_regime_VotingClassifier,False,0.4567202422258052,False,normal
2016-06-06,131.6999969482422,0.04252092811905239,True,2016,regime_specific,per_regime_VotingClassifier,True,0.6921962694288996,True,uptrend
2016-06-07,132.1999969482422,0.0219365296688232,True,2016,regime_specific,per_regime_VotingClassifier,True,0.7121334250254794,True,uptrend
2016-06-08,139.64999389648438,-0.01038307920956305,False,2016,regime_specific,per_regime_VotingClassifier,True,0.6651234566263051,False,uptrend
2016-06-09,133.9499969482422,0.04143339438747673,True,2016,regime_specific,per_regime_VotingClassifier,True,0.5264048213063498,True,high_volatility
2016-06-10,136.9499969482422,0.027747375950610387,True,2016,regime_specific,per_regime_VotingClassifier,False,0.4295010391458842,False,high_volatility
2016-06-13,137.3000030517578,0.016023284044741404,True,2016,regime_specific,per_regime_VotingClassifier,False,0.3745892240725666,False,high_volatility
2016-06-14,135.10000610351562,0.025166496986530396,True,2016,regime_specific,per_regime_VotingClassifier,False,0.4596758957800827,False,high_volatility
2016-06-15,138.1999969482422,-0.009044862717820012,False,2016,regime_specific,per_regime_VotingClassifier,False,0.4123016597553511,True,high_volatility
2016-06-16,139.5,-0.0017921146953404632,False,2016,regime_specific,per_regime_VotingClassifier,False,0.4672167437811726,True,high_volatility
2016-06-17,140.75,-0.045470649353352544,False,2016,regime_specific,per_regime_VotingClassifier,False,0.49761239421417747,True,uptrend
2016-06-20,139.5,-0.03584229390681004,False,2016,regime_specific,per_regime_VotingClassifier,True,0.6917886219892573,False,uptrend
2016-06-21,138.5,0.0028880425738944115,True,2016,regime_specific,per_regime_VotingClassifier,True,0.7142083655108112,True,uptrend
2016-06-22,136.9499969482422,0.04308148438662052,True,2016,regime_specific,per_regime_VotingClassifier,True,0.7469840296299033,True,uptrend
2016-06-23,139.25,0.03482948727838875,True,2016,regime_specific,per_regime_VotingClassifier,True,0.7325206685965466,True,uptrend
2016-06-24,134.35000610351562,0.07815407162624033,True,2016,regime_specific,per_regime_VotingClassifier,True,0.7405876838829267,True,uptrend
2016-06-27,134.5,0.07211893641815759,True,2016,regime_specific,per_regime_VotingClassifier,True,0.7329854359613706,True,uptrend
2016-06-28,138.89999389648438,0.021958266276316918,True,2016,regime_specific,per_regime_VotingClassifier,True,0.5130615260924734,True,high_volatility
2016-06-29,142.85000610351562,-0.01680090341427276,False,2016,regime_specific,per_regime_VotingClassifier,False,0.4875608894361813,True,high_volatility
2016-06-30,144.10000610351562,-0.00936853606061494,False,2016,regime_specific,per_regime_VotingClassifier,True,0.5005210589349437,False,high_volatility
2016-07-01,144.85000610351562,0.02140138566864258,True,2016,regime_specific,per_regime_VotingClassifier,True,0.7128442318591012,True,uptrend
2016-07-05,144.1999969482422,0.012135922586934189,True,2016,regime_specific,per_regime_VotingClassifier,True,0.6529919974509025,True,uptrend
2016-07-06,141.9499969482422,0.02994012040415628,True,2016,regime_specific,per_regime_VotingClassifier,True,0.6348898703874429,True,uptrend
2016-07-07,140.4499969482422,0.07013176445383262,True,2016,regime_specific,per_regime_VotingClassifier,True,0.6906994246453537,True,uptrend
2016-07-08,142.75,0.020665477746004912,True,2016,regime_specific,per_regime_VotingClassifier,True,0.6248759126108041,True,uptrend
2016-07-11,147.9499969482422,-0.001013814799447732,False,2016,regime_specific,per_regime_VotingClassifier,True,0.6107601294610334,False,uptrend
2016-07-12,145.9499969482422,-0.008907181082153937,False,2016,regime_specific,per_regime_VotingClassifier,True,0.6379086731720582,False,uptrend
2016-07-13,146.1999969482422,0.00547197721242787,True,2016,regime_specific,per_regime_VotingClassifier,True,0.5824139980166428,True,uptrend
2016-07-14,150.3000030517578,-0.02295407104585445,False,2016,regime_specific,per_regime_VotingClassifier,True,0.5527694938575112,False,uptrend
2016-07-15,145.6999969482422,-0.026081009823958445,False,2016,regime_specific,per_regime_VotingClassifier,True,0.5912243129458398,False,uptrend
2016-07-18,147.8000030517578,-0.04533150750948178,False,2016,regime_specific,per_regime_VotingClassifier,False,0.46009024844620705,True,uptrend
2016-07-19,144.64999389648438,-0.021085294999399817,False,2016,regime_specific,per_regime_VotingClassifier,True,0.7821849557407256,False,uptrend
2016-07-20,147.0,-0.039455803073182416,False,2016,regime_specific,per_regime_VotingClassifier,False,0.4752604852316057,True,uptrend
2016-07-21,146.85000610351562,-0.032005529531392574,False,2016,regime_specific,per_regime_VotingClassifier,False,0.42742879847648624,True,uptrend
2016-07-22,141.89999389648438,0.030303053112846978,True,2016,regime_specific,per_regime_VotingClassifier,True,0.5122975578523681,True,uptrend
2016-07-25,141.10000610351562,0.01665478910753926,True,2016,regime_specific,per_regime_VotingClassifier,False,0.36611580543330885,False,uptrend
2016-07-26,141.60000610351562,-0.0024717944098092692,False,2016,regime_specific,per_regime_VotingClassifier,False,0.3641447783022083,True,uptrend
2016-07-27,141.1999969482422,-0.005665744115072924,False,2016,regime_specific,per_regime_VotingClassifier,False,0.40503920323379683,True,uptrend
2016-07-28,142.14999389648438,-0.00035165525933933406,False,2016,regime_specific,per_regime_VotingClassifier,False,0.4321794439601477,True,uptrend
2016-07-29,146.1999969482422,-0.025307777192034142,False,2016,regime_specific,per_regime_VotingClassifier,False,0.4324911568553685,True,uptrend
2016-08-01,143.4499969482422,-0.01638195116570451,False,2016,regime_specific,per_regime_VotingClassifier,False,0.4024946463538224,True,uptrend
2016-08-02,141.25,-0.001061903691924826,False,2016,regime_specific,per_regime_VotingClassifier,True,0.6969899693251087,False,normal
2016-08-03,140.39999389648438,-0.012464388006243499,False,2016,regime_specific,per_regime_VotingClassifier,True,0.7423277712421453,False,normal
2016-08-04,142.10000610351562,-0.03096417288024722,False,2016,regime_specific,per_regime_VotingClassifier,True,0.7367696348560103,False,normal
2016-08-05,142.5,-0.03964907997532896,False,2016,regime_specific,per_regime_VotingClassifier,True,0.6912122165441434,False,normal
2016-08-08,141.10000610351562,-0.02941182831862421,False,2016,regime_specific,per_regime_VotingClassifier,True,0.6786527835878837,False,normal
2016-08-09,141.10000610351562,-0.02622262258668362,False,2016,regime_specific,per_regime_VotingClassifier,True,0.6720883904900729,False,normal
2016-08-10,138.64999389648438,-0.025964594325292967,False,2016,regime_specific,per_regime_VotingClassifier,True,0.6843439905166766,False,normal
2016-08-11,137.6999969482422,0.0032679517662685953,True,2016,regime_specific,per_regime_VotingClassifier,True,0.6798547087845848,True,normal
2016-08-12,136.85000610351562,0.014249154996508917,True,2016,regime_specific,per_regime_VotingClassifier,True,0.6628564859510938,True,normal
2016-08-15,136.9499969482422,0.05220890335598671,True,2016,regime_specific,per_regime_VotingClassifier,True,0.644607050128843,True,normal
2016-08-16,137.39999389648438,0.0574964301761558,True,2016,regime_specific,per_regime_VotingClassifier,True,0.6230071372513707,True,normal
2016-08-17,135.0500030517578,0.05257305208653351,True,2016,regime_specific,per_regime_VotingClassifier,True,0.6547161314948314,True,normal
2016-08-18,138.14999389648438,0.03872606833066072,True,2016,regime_specific,per_regime_VotingClassifier,True,0.6447390665335979,True,normal
2016-08-19,138.8000030517578,0.036743449082092594,True,2016,regime_specific,per_regime_VotingClassifier,True,0.6306699102220767,True,normal
2016-08-22,144.10000610351562,-0.0006940048527394049,False,2016,regime_specific,per_regime_VotingClassifier,True,0.5604592954505273,False,normal
2016-08-23,145.3000030517578,-0.0037852927749897347,False,2016,regime_specific,per_regime_VotingClassifier,True,0.5565013421829562,False,normal
2016-08-24,142.14999389648438,0.02638058502296392,True,2016,regime_specific,per_regime_VotingClassifier,True,0.6026199221449235,True,normal
2016-08-25,143.5,0.04599307389209484,True,2016,regime_specific,per_regime_VotingClassifier,True,0.6436846728641716,True,normal
2016-08-26,143.89999389648438,0.04308556268245067,True,2016,regime_specific,per_regime_VotingClassifier,True,0.6765377503581336,True,normal
2016-08-29,144.0,0.05868053436279297,True,2016,regime_specific,per_regime_VotingClassifier,True,0.6757452039929551,True,normal
2016-08-30,144.75,0.06286705425572103,True,2016,regime_specific,per_regime_VotingClassifier,True,0.7086406929032412,True,normal
2016-08-31,145.89999389648438,0.053461297999038315,True,2016,regime_specific,per_regime_VotingClassifier,True,0.700789668276358,True,normal
2016-09-01,150.10000610351562,-0.0009993947313365892,False,2016,regime_specific,per_regime_VotingClassifier,True,0.5645492963711832,False,uptrend
2016-09-02,150.10000610351562,-0.0026649509594128817,False,2016,regime_specific,per_regime_VotingClassifier,True,0.532158585824498,False,uptrend
2016-09-06,152.4499969482422,-0.03345353195682943,False,2016,regime_specific,per_regime_VotingClassifier,False,0.43702820615149607,True,uptrend
2016-09-07,153.85000610351562,-0.0393240351754498,False,2016,regime_specific,per_regime_VotingClassifier,False,0.4233200304002339,True,uptrend
2016-09-08,153.6999969482422,-0.03968764454029694,False,2016,regime_specific,per_regime_VotingClassifier,False,0.37340401835079706,True,uptrend
2016-09-09,149.9499969482422,-0.01900627477645289,False,2016,regime_specific,per_regime_VotingClassifier,False,0.3798113993556157,True,uptrend
2016-09-12,149.6999969482422,0.012024068727136683,True,2016,regime_specific,per_regime_VotingClassifier,True,0.585182209833116,True,high_crop_weather_stress
2016-09-13,147.35000610351562,0.0553104415262724,True,2016,regime_specific,per_regime_VotingClassifier,True,0.5703097146851338,True,high_crop_weather_stress
2016-09-14,147.8000030517578,0.05920162259357897,True,2016,regime_specific,per_regime_VotingClassifier,True,0.5109421357129659,True,high_crop_weather_stress
2016-09-15,147.60000610351562,0.051829224797722784,True,2016,regime_specific,per_regime_VotingClassifier,False,0.4819191845069426,False,high_crop_weather_stress
2016-09-16,147.10000610351562,0.029231730894305974,True,2016,regime_specific,per_regime_VotingClassifier,False,0.4282213225761234,False,high_crop_weather_stress
2016-09-19,151.5,0.013531373278929504,True,2016,regime_specific,per_regime_VotingClassifier,False,0.4138862626884869,False,high_crop_weather_stress
2016-09-20,155.5,-0.011575582326416756,False,2016,regime_specific,per_regime_VotingClassifier,True,0.6570895940084489,False,uptrend
2016-09-21,156.5500030517578,-0.022037667716311438,False,2016,regime_specific,per_regime_VotingClassifier,True,0.6371166121750315,False,high_crop_weather_stress
2016-09-22,155.25,-0.03285028086000408,False,2016,regime_specific,per_regime_VotingClassifier,True,0.6062257515681856,False,high_crop_weather_stress
2016-09-23,151.39999389648438,0.000990813482964814,True,2016,regime_specific,per_regime_VotingClassifier,True,0.6266055182701573,True,high_crop_weather_stress
2016-09-26,153.5500030517578,-0.03907521902150368,False,2016,regime_specific,per_regime_VotingClassifier,True,0.6114786069962918,False,high_crop_weather_stress
2016-09-27,153.6999969482422,-0.04066363125631456,False,2016,regime_specific,per_regime_VotingClassifier,True,0.6483153074191438,False,high_crop_weather_stress
2016-09-28,153.10000610351562,-0.03200528386628798,False,2016,regime_specific,per_regime_VotingClassifier,True,0.6613417879396373,False,high_crop_weather_stress
2016-09-29,150.14999389648438,-0.024975025990246147,False,2016,regime_specific,per_regime_VotingClassifier,True,0.7059601156231363,False,high_crop_weather_stress
2016-09-30,151.5500030517578,-0.0234246320044309,False,2016,regime_specific,per_regime_VotingClassifier,True,0.6713749824484505,False,high_crop_weather_stress
2016-10-03,147.5500030517578,0.02202643126249182,True,2016,regime_specific,per_regime_VotingClassifier,True,0.7434593418193346,True,high_crop_weather_stress
2016-10-04,147.4499969482422,0.031536176680327044,True,2016,regime_specific,per_regime_VotingClassifier,True,0.7057451057892069,True,normal
2016-10-05,148.1999969482422,0.030364373094903696,True,2016,regime_specific,per_regime_VotingClassifier,True,0.6828403303514015,True,normal
2016-10-06,146.39999389648438,0.061475412399017326,True,2016,regime_specific,per_regime_VotingClassifier,True,0.6677401101559168,True,normal
2016-10-07,148.0,0.06148652772645691,True,2016,regime_specific,per_regime_VotingClassifier,True,0.646766684991115,True,normal
2016-10-11,150.8000030517578,0.052718811587249004,True,2016,regime_specific,per_regime_VotingClassifier,True,0.6209128921848069,True,normal
2016-10-12,152.10000610351562,0.03780407474860126,True,2016,regime_specific,per_regime_VotingClassifier,True,0.5928534037541594,True,normal
2016-10-13,152.6999969482422,0.020956103550721306,True,2016,regime_specific,per_regime_VotingClassifier,True,0.6080755723568652,True,normal
2016-10-14,155.39999389648438,0.004504583233751802,True,2016,regime_specific,per_regime_VotingClassifier,False,0.4788685652083965,False,uptrend
2016-10-17,157.10000610351562,0.005092219999289105,True,2016,regime_specific,per_regime_VotingClassifier,True,0.53163887355452,True,uptrend
2016-10-18,158.75,0.03622047244094495,True,2016,regime_specific,per_regime_VotingClassifier,True,0.5176964778724464,True,uptrend
2016-10-19,157.85000610351562,0.03706044104230344,True,2016,regime_specific,per_regime_VotingClassifier,True,0.5778584844405192,True,uptrend
2016-10-20,155.89999389648438,0.057087937804429556,True,2016,regime_specific,per_regime_VotingClassifier,True,0.5641521657396725,True,uptrend
2016-10-21,156.10000610351562,0.06021776764218001,True,2016,regime_specific,per_regime_VotingClassifier,True,0.5331003028226972,True,uptrend
2016-10-24,157.89999389648438,0.03958201546288431,True,2016,regime_specific,per_regime_VotingClassifier,True,0.5896417804128475,True,uptrend
2016-10-25,164.5,-0.018541051986369683,False,2016,regime_specific,per_regime_VotingClassifier,True,0.56834800789387,False,uptrend
2016-10-26,163.6999969482422,-0.004887007126889276,False,2016,regime_specific,per_regime_VotingClassifier,True,0.547001493115863,False,uptrend
2016-10-27,164.8000030517578,0.005157711340937343,True,2016,regime_specific,per_regime_VotingClassifier,True,0.5460051897047875,True,uptrend
2016-10-28,165.5,0.03534746890341767,True,2016,regime_specific,per_regime_VotingClassifier,True,0.5292672941282789,True,uptrend
2016-10-31,164.14999389648438,0.0621383648266447,True,2016,regime_specific,per_regime_VotingClassifier,True,0.514941239862298,True,uptrend
2016-11-01,161.4499969482422,0.03747292143769654,True,2016,regime_specific,per_regime_VotingClassifier,False,0.48165627598208266,False,uptrend
2016-11-02,162.89999389648438,0.04419897161940067,True,2016,regime_specific,per_regime_VotingClassifier,False,0.49482933283794095,False,uptrend
2016-11-03,165.64999389648438,-0.022939860748460883,False,2016,regime_specific,per_regime_VotingClassifier,False,0.46283317733886187,True,uptrend
2016-11-04,171.35000610351562,-0.05573389385226213,False,2016,regime_specific,per_regime_VotingClassifier,False,0.3212952070543408,True,uptrend
2016-11-07,174.35000610351562,-0.07198166109788717,False,2016,regime_specific,per_regime_VotingClassifier,False,0.27861257838421377,True,uptrend
2016-11-08,167.5,-0.03731343283582089,False,2016,regime_specific,per_regime_VotingClassifier,False,0.41417489724284223,True,uptrend
2016-11-09,170.10000610351562,-0.06349207915480848,False,2016,regime_specific,per_regime_VotingClassifier,False,0.3503736476077289,True,uptrend
2016-11-10,161.85000610351562,-0.02471424064971417,False,2016,regime_specific,per_regime_VotingClassifier,False,0.4332765115130642,True,uptrend
2016-11-14,161.8000030517578,-0.019468535821138278,False,2016,regime_specific,per_regime_VotingClassifier,False,0.320105476710624,True,uptrend
2016-11-15,161.8000030517578,-0.028121155537322973,False,2016,regime_specific,per_regime_VotingClassifier,False,0.3583356822647685,True,uptrend
2016-11-16,161.25,-0.04093027040939923,False,2016,regime_specific,per_regime_VotingClassifier,True,0.5027856570363318,False,normal
2016-11-17,159.3000030517578,-0.043942246490263015,False,2016,regime_specific,per_regime_VotingClassifier,True,0.5871823592639674,False,normal
2016-11-18,157.85000610351562,-0.030725409667295533,False,2016,regime_specific,per_regime_VotingClassifier,True,0.5806085384440088,False,normal
2016-11-21,158.64999389648438,-0.05515285431217343,False,2016,regime_specific,per_regime_VotingClassifier,True,0.6754662798202341,False,normal
2016-11-22,157.25,-0.062003179650238494,False,2016,regime_specific,per_regime_VotingClassifier,True,0.7439655924034422,False,normal
2016-11-23,154.64999389648438,-0.08309079438650191,False,2016,regime_specific,per_regime_VotingClassifier,True,0.82811195454273,False,normal
2016-11-25,152.3000030517578,-0.07288250742676206,False,2016,regime_specific,per_regime_VotingClassifier,True,0.8375055550897386,False,normal
2016-11-28,153.0,-0.0836601506650837,False,2016,regime_specific,per_regime_VotingClassifier,True,0.8400248297911763,False,normal
2016-11-29,149.89999389648438,-0.0797197960961522,False,2016,regime_specific,per_regime_VotingClassifier,True,0.8440503219441707,False,normal
2016-11-30,147.5,-0.06508478714247878,False,2016,regime_specific,per_regime_VotingClassifier,True,0.8595514303708395,False,normal
2016-12-01,141.8000030517578,-0.029619159787388494,False,2016,regime_specific,per_regime_VotingClassifier,False,0.25560938181751514,True,downtrend
2016-12-02,141.1999969482422,-0.04001412194474352,False,2016,regime_specific,per_regime_VotingClassifier,False,0.25342447144206803,True,downtrend
2016-12-05,140.1999969482422,-0.015335192177486912,False,2016,regime_specific,per_regime_VotingClassifier,False,0.2738273948769352,True,downtrend
2016-12-06,137.9499969482422,0.006886531129091766,True,2016,regime_specific,per_regime_VotingClassifier,False,0.29160093292259853,False,downtrend
2016-12-07,137.89999389648438,0.017041379314923555,True,2016,regime_specific,per_regime_VotingClassifier,False,0.30903037001841716,False,downtrend
2016-12-08,137.60000610351562,0.005087186898200979,True,2016,regime_specific,per_regime_VotingClassifier,False,0.2793280974217748,False,downtrend
2016-12-09,135.5500030517578,0.019549936088695707,True,2016,regime_specific,per_regime_VotingClassifier,False,0.30615001272828263,False,downtrend
2016-12-12,138.0500030517578,0.02281777491379966,True,2016,regime_specific,per_regime_VotingClassifier,False,0.28224636529191754,False,downtrend
2016-12-13,138.89999389648438,0.035637238477636446,True,2016,regime_specific,per_regime_VotingClassifier,False,0.31864223667568664,False,downtrend
2016-12-14,140.25,0.030659558301303402,True,2016,regime_specific,per_regime_VotingClassifier,False,0.3395811169133337,False,downtrend
2016-12-15,138.3000030517578,0.005784548330475481,True,2016,regime_specific,per_regime_VotingClassifier,False,0.44672374423319156,False,downtrend
2016-12-16,138.1999969482422,-0.014833596939409222,False,2016,regime_specific,per_regime_VotingClassifier,False,0.4538918622611661,True,downtrend
2016-12-19,141.1999969482422,-0.04957507189299659,False,2016,regime_specific,per_regime_VotingClassifier,False,0.42483085807201,True,downtrend
2016-12-20,143.85000610351562,-0.07194998723926138,False,2016,regime_specific,per_regime_VotingClassifier,False,0.40814654169449044,True,downtrend
2016-12-21,144.5500030517578,-0.06295403605254346,False,2016,regime_specific,per_regime_VotingClassifier,True,0.9084547689534667,False,normal
2016-12-22,139.10000610351562,-0.01473762014239044,False,2016,regime_specific,per_regime_VotingClassifier,True,0.6121105244310779,False,downtrend
2016-12-23,136.14999389648438,0.009181050723736206,True,2016,regime_specific,per_regime_VotingClassifier,True,0.6274407449380471,True,downtrend
2016-12-27,134.1999969482422,0.05663193946604017,True,2016,regime_specific,per_regime_VotingClassifier,True,0.6844845276096129,True,downtrend
2016-12-28,133.5,0.07677902621722854,True,2016,regime_specific,per_regime_VotingClassifier,True,0.7436675883709413,True,downtrend
2016-12-29,135.4499969482422,0.05463277461793603,True,2016,regime_specific,per_regime_VotingClassifier,True,0.7091327446321731,True,downtrend
2016-12-30,137.0500030517578,0.05217069490895332,True,2016,regime_specific,per_regime_VotingClassifier,True,0.6828168880726444,True,downtrend
2017-01-03,137.39999389648438,0.0749636354388612,True,2017,regime_specific,per_regime_GradientBoostingClassifier,True,0.6283430571496401,True,downtrend
2017-01-04,141.8000030517578,0.05077571786521151,True,2017,regime_specific,per_regime_GradientBoostingClassifier,True,0.5552934284455646,True,downtrend
2017-01-05,143.75,0.04069569463315226,True,2017,regime_specific,per_regime_GradientBoostingClassifier,True,0.5220418082946099,True,normal
2017-01-06,142.85000610351562,0.04515223432029969,True,2017,regime_specific,per_regime_GradientBoostingClassifier,True,0.525728827346682,True,normal
2017-01-09,144.1999969482422,0.039528412405501534,True,2017,regime_specific,per_regime_GradientBoostingClassifier,True,0.525728827346682,True,normal
2017-01-10,147.6999969482422,0.010155721266031259,True,2017,regime_specific,per_regime_GradientBoostingClassifier,True,0.525728827346682,True,normal
2017-01-11,149.0,0.011744966442952975,True,2017,regime_specific,per_regime_GradientBoostingClassifier,True,0.525728827346682,True,normal
2017-01-12,149.60000610351562,0.02406410894285349,True,2017,regime_specific,per_regime_GradientBoostingClassifier,True,0.5198390014411252,True,normal
2017-01-13,149.3000030517578,0.04085727206992673,True,2017,regime_specific,per_regime_GradientBoostingClassifier,True,0.525728827346682,True,normal
2017-01-17,149.89999389648438,0.01634431158631755,True,2017,regime_specific,per_regime_GradientBoostingClassifier,True,0.5256122662535145,True,normal
2017-01-18,149.1999969482422,0.024798907667040515,True,2017,regime_specific,per_regime_GradientBoostingClassifier,False,0.4937463542711135,False,normal
2017-01-19,150.75,0.0046434291757360135,True,2017,regime_specific,per_regime_GradientBoostingClassifier,True,0.5084740663278097,True,normal
2017-01-20,153.1999969482422,-0.005221952138994457,False,2017,regime_specific,per_regime_GradientBoostingClassifier,True,0.512022573179455,False,normal
2017-01-23,155.39999389648438,-0.027348778422932374,False,2017,regime_specific,per_regime_GradientBoostingClassifier,True,0.5556887425965243,False,normal
2017-01-24,152.35000610351562,-0.018378752475108673,False,2017,regime_specific,per_regime_GradientBoostingClassifier,True,0.570195890604882,False,normal
2017-01-25,152.89999389648438,-0.017985612228747283,False,2017,regime_specific,per_regime_GradientBoostingClassifier,True,0.570195890604882,False,normal
2017-01-26,151.4499969482422,-0.0363156164465267,False,2017,regime_specific,per_regime_GradientBoostingClassifier,True,0.570195890604882,False,normal
2017-01-27,152.39999389648438,-0.04035429227550802,False,2017,regime_specific,per_regime_GradientBoostingClassifier,True,0.570195890604882,False,normal
2017-01-30,151.14999389648438,-0.04598079542763278,False,2017,regime_specific,per_regime_GradientBoostingClassifier,True,0.5850193883073271,False,normal
2017-01-31,149.5500030517578,-0.04647273023349163,False,2017,regime_specific,per_regime_GradientBoostingClassifier,True,0.5980712211707591,False,normal
2017-02-01,150.14999389648438,-0.04828505024780927,False,2017,regime_specific,per_regime_GradientBoostingClassifier,True,0.58338192875125,False,normal
2017-02-02,145.9499969482422,-0.0051387462533896144,False,2017,regime_specific,per_regime_GradientBoostingClassifier,True,0.58338192875125,False,normal
2017-02-03,146.25,-0.0034188034188034067,False,2017,regime_specific,per_regime_GradientBoostingClassifier,True,0.58338192875125,False,normal
2017-02-06,144.1999969482422,0.0003467618087105162,True,2017,regime_specific,per_regime_GradientBoostingClassifier,True,0.5945345691457734,True,normal
2017-02-07,142.60000610351562,0.007363167938482018,True,2017,regime_specific,per_regime_GradientBoostingClassifier,True,0.5866788405901798,True,normal
2017-02-08,142.89999389648438,0.011196684197724016,True,2017,regime_specific,per_regime_GradientBoostingClassifier,True,0.6022301973643303,True,normal
2017-02-09,145.1999969482422,0.0075757997702143864,True,2017,regime_specific,per_regime_GradientBoostingClassifier,True,0.6022301973643303,True,normal
2017-02-10,145.75,0.014065201041219888,True,2017,regime_specific,per_regime_GradientBoostingClassifier,True,0.6279391176727486,True,normal
2017-02-13,144.25,0.04228773728607016,True,2017,regime_specific,per_regime_GradientBoostingClassifier,True,0.6396642852840575,True,normal
2017-02-14,143.64999389648438,0.0386355954582025,True,2017,regime_specific,per_regime_GradientBoostingClassifier,True,0.6471186900468332,True,normal
2017-02-15,144.5,0.023183433242322637,True,2017,regime_specific,per_regime_GradientBoostingClassifier,True,0.6429307775111602,True,normal
2017-02-16,146.3000030517578,-0.012987075294873751,False,2017,regime_specific,per_regime_GradientBoostingClassifier,True,0.643405905510353,False,normal
2017-02-17,147.8000030517578,-0.05886330695944275,False,2017,regime_specific,per_regime_GradientBoostingClassifier,True,0.599858081804799,False,normal
2017-02-21,150.35000610351562,-0.06418362995362592,False,2017,regime_specific,per_regime_GradientBoostingClassifier,True,0.599858081804799,False,normal
2017-02-22,149.1999969482422,-0.043900825641638774,False,2017,regime_specific,per_regime_GradientBoostingClassifier,True,0.6522790496075122,False,normal
2017-02-23,147.85000610351562,-0.03821446683822005,False,2017,regime_specific,per_regime_GradientBoostingClassifier,True,0.6635678663199573,False,normal
2017-02-24,144.39999389648438,-0.02181436308607121,False,2017,regime_specific,per_regime_GradientBoostingClassifier,True,0.6334426481415791,False,normal
2017-02-27,139.10000610351562,0.003953902004572685,True,2017,regime_specific,per_regime_GradientBoostingClassifier,True,0.6059367751189314,True,normal
2017-02-28,140.6999969482422,-0.012082423490510474,False,2017,regime_specific,per_regime_GradientBoostingClassifier,True,0.6059367751189314,False,normal
2017-03-01,142.64999389648438,-0.018226364920935656,False,2017,regime_specific,per_regime_GradientBoostingClassifier,True,0.6059367751189314,False,normal
2017-03-02,142.1999969482422,-0.024261582435180507,False,2017,regime_specific,per_regime_GradientBoostingClassifier,True,0.5751047628018527,False,normal
2017-03-03,141.25,-0.011327476839048667,False,2017,regime_specific,per_regime_GradientBoostingClassifier,True,0.6070502429364392,False,normal
2017-03-06,139.64999389648438,0.006086689156217906,True,2017,regime_specific,per_regime_GradientBoostingClassifier,True,0.6345252729723997,True,normal
2017-03-07,139.0,0.004316590672774234,True,2017,regime_specific,per_regime_GradientBoostingClassifier,True,0.6316254894278844,True,normal
2017-03-08,140.0500030517578,-0.006069304426944533,False,2017,regime_specific,per_regime_GradientBoostingClassifier,True,0.6261154983443514,False,normal
2017-03-09,138.75,0.007207207207207134,True,2017,regime_specific,per_regime_GradientBoostingClassifier,True,0.600362632979781,True,normal
2017-03-10,139.64999389648438,0.008234938815148585,True,2017,regime_specific,per_regime_GradientBoostingClassifier,True,0.6338411374148953,True,normal
2017-03-13,140.5,0.02491103202846978,True,2017,regime_specific,per_regime_GradientBoostingClassifier,True,0.5728674108286624,True,normal
2017-03-14,139.60000610351562,0.02793691780781482,True,2017,regime_specific,per_regime_GradientBoostingClassifier,True,0.5701198978871126,True,normal
2017-03-15,139.1999969482422,0.01795977050868447,True,2017,regime_specific,per_regime_GradientBoostingClassifier,True,0.5701198978871126,True,normal
2017-03-16,139.75,0.005366726296958779,True,2017,regime_specific,per_regime_GradientBoostingClassifier,True,0.5701198978871126,True,normal
2017-03-17,140.8000030517578,-0.022727250560256596,False,2017,regime_specific,per_regime_GradientBoostingClassifier,True,0.5701198978871126,False,normal
2017-03-20,144.0,-0.03333335452609587,False,2017,regime_specific,per_regime_GradientBoostingClassifier,True,0.5453524535801791,False,normal
2017-03-21,143.5,-0.03240413865145908,False,2017,regime_specific,per_regime_GradientBoostingClassifier,True,0.5135854285989523,False,normal
2017-03-22,141.6999969482422,-0.016937148540384306,False,2017,regime_specific,per_regime_GradientBoostingClassifier,True,0.5135854285989523,False,normal
2017-03-23,140.5,-0.008540903546207734,False,2017,regime_specific,per_regime_GradientBoostingClassifier,True,0.6199289405701056,False,normal
2017-03-24,137.60000610351562,0.012354628436304749,True,2017,regime_specific,per_regime_GradientBoostingClassifier,True,0.6199289405701056,True,normal
2017-03-27,139.1999969482422,-0.009698210304045607,False,2017,regime_specific,per_regime_GradientBoostingClassifier,True,0.5431289425235812,False,normal
2017-03-28,138.85000610351562,-0.007922261830478727,False,2017,regime_specific,per_regime_GradientBoostingClassifier,True,0.5431289425235812,False,normal
2017-03-29,139.3000030517578,-0.014357501480146362,False,2017,regime_specific,per_regime_GradientBoostingClassifier,True,0.5431289425235812,False,normal
2017-03-30,139.3000030517578,-0.011127085554922034,False,2017,regime_specific,per_regime_GradientBoostingClassifier,True,0.5431289425235812,False,normal
2017-03-31,139.3000030517578,0.0053840630550547885,True,2017,regime_specific,per_regime_GradientBoostingClassifier,True,0.5431289425235812,True,normal
2017-04-03,137.85000610351562,0.014508523115321026,True,2017,regime_specific,per_regime_GradientBoostingClassifier,True,0.567838668530949,True,normal
2017-04-04,137.75,0.01778582176582355,True,2017,regime_specific,per_regime_GradientBoostingClassifier,True,0.5824559117459256,True,normal
2017-04-05,137.3000030517578,0.007283321032578893,True,2017,regime_specific,per_regime_GradientBoostingClassifier,False,0.4745150594493477,False,normal
2017-04-06,137.75,0.008348413041628922,True,2017,regime_specific,per_regime_GradientBoostingClassifier,False,0.4745150594493477,False,normal
2017-04-07,140.0500030517578,0.007497344011979434,True,2017,regime_specific,per_regime_GradientBoostingClassifier,False,0.4745150594493477,False,normal
2017-04-10,139.85000610351562,0.021808992919965853,True,2017,regime_specific,per_regime_GradientBoostingClassifier,False,0.4745150594493477,False,normal
2017-04-11,140.1999969482422,-0.01569184733330886,False,2017,regime_specific,per_regime_GradientBoostingClassifier,False,0.435215595931084,True,high_crop_weather_stress
2017-04-12,138.3000030517578,-0.04808394077030298,False,2017,regime_specific,per_regime_GradientBoostingClassifier,False,0.435215595931084,True,high_crop_weather_stress
2017-04-13,138.89999389648438,-0.0651547025964111,False,2017,regime_specific,per_regime_GradientBoostingClassifier,False,0.435215595931084,True,high_crop_weather_stress
2017-04-17,141.10000610351562,-0.08221123743258718,False,2017,regime_specific,per_regime_GradientBoostingClassifier,False,0.3871988442857073,True,high_crop_weather_stress
2017-04-18,142.89999389648438,-0.09097271207315161,False,2017,regime_specific,per_regime_GradientBoostingClassifier,False,0.376243150380879,True,high_crop_weather_stress
2017-04-19,138.0,-0.07137685582257702,False,2017,regime_specific,per_regime_GradientBoostingClassifier,False,0.37746772897421454,True,high_crop_weather_stress
2017-04-20,131.64999389648438,-0.034561303709143454,False,2017,regime_specific,per_regime_GradientBoostingClassifier,False,0.4821067748371785,True,high_crop_weather_stress
2017-04-21,129.85000610351562,0.009241408485461067,True,2017,regime_specific,per_regime_GradientBoostingClassifier,False,0.4821067748371785,False,high_crop_weather_stress
2017-04-24,129.5,0.03166027879162647,True,2017,regime_specific,per_regime_GradientBoostingClassifier,False,0.4743595958520191,False,high_crop_weather_stress
2017-04-25,129.89999389648438,0.031562789038950045,True,2017,regime_specific,per_regime_GradientBoostingClassifier,False,0.4821067748371785,False,high_crop_weather_stress
2017-04-26,128.14999389648438,0.05345303495721465,True,2017,regime_specific,per_regime_GradientBoostingClassifier,False,0.4319008797484852,False,high_crop_weather_stress
2017-04-27,127.0999984741211,0.04405978396027521,True,2017,regime_specific,per_regime_GradientBoostingClassifier,False,0.4670332317081788,False,high_crop_weather_stress
2017-04-28,131.0500030517578,0.015642907317966026,True,2017,regime_specific,per_regime_GradientBoostingClassifier,False,0.47177875488763177,False,high_crop_weather_stress
2017-05-01,133.60000610351562,0.007110755275760328,True,2017,regime_specific,per_regime_GradientBoostingClassifier,True,0.6021448047567943,True,high_crop_weather_stress
2017-05-02,134.0,-0.008955201106285005,False,2017,regime_specific,per_regime_GradientBoostingClassifier,True,0.5617633102835329,False,high_crop_weather_stress
2017-05-03,135.0,-0.0051851625795718,False,2017,regime_specific,per_regime_GradientBoostingClassifier,True,0.5484861428926339,False,high_crop_weather_stress
2017-05-04,132.6999969482422,-0.006028659157165217,False,2017,regime_specific,per_regime_GradientBoostingClassifier,True,0.5616554396926645,False,high_crop_weather_stress
2017-05-05,133.10000610351562,-0.0037565738322441478,False,2017,regime_specific,per_regime_GradientBoostingClassifier,True,0.5001451699489,False,high_crop_weather_stress
2017-05-08,134.5500030517578,-0.02452622056417486,False,2017,regime_specific,per_regime_GradientBoostingClassifier,False,0.4307156116218351,True,high_crop_weather_stress
2017-05-09,132.8000030517578,-0.026731950076644417,False,2017,regime_specific,per_regime_GradientBoostingClassifier,False,0.4686040431120892,True,high_crop_weather_stress
2017-05-10,134.3000030517578,-0.01563667949215386,False,2017,regime_specific,per_regime_GradientBoostingClassifier,False,0.4255309101603574,True,high_crop_weather_stress
2017-05-11,131.89999389648438,-0.034116698853959626,False,2017,regime_specific,per_regime_GradientBoostingClassifier,False,0.39410922338692195,True,normal
2017-05-12,132.60000610351562,-0.0037707388912914253,False,2017,regime_specific,per_regime_GradientBoostingClassifier,False,0.4255309101603574,True,high_crop_weather_stress
2017-05-15,131.25,-0.004952334449404794,False,2017,regime_specific,per_regime_GradientBoostingClassifier,False,0.35503392948180057,True,normal
2017-05-16,129.25,0.007736943907156624,True,2017,regime_specific,per_regime_GradientBoostingClassifier,False,0.4995922154856389,False,downtrend
2017-05-17,132.1999969482422,-0.027609636768096024,False,2017,regime_specific,per_regime_GradientBoostingClassifier,False,0.3732677819235652,True,normal
2017-05-18,127.4000015258789,0.014913669569249999,True,2017,regime_specific,per_regime_GradientBoostingClassifier,False,0.49548601045397345,False,downtrend
2017-05-19,132.10000610351562,-0.006813089429898889,False,2017,regime_specific,per_regime_GradientBoostingClassifier,False,0.3950246920295535,True,normal
2017-05-22,130.60000610351562,0.011485451224336751,True,2017,regime_specific,per_regime_GradientBoostingClassifier,False,0.47622482462511606,False,normal
2017-05-23,130.25,-0.006909742007557562,False,2017,regime_specific,per_regime_GradientBoostingClassifier,False,0.48028468409481107,True,normal
2017-05-24,128.5500030517578,-0.006612260469362807,False,2017,regime_specific,per_regime_GradientBoostingClassifier,False,0.4977402978297707,True,downtrend
2017-05-25,129.3000030517578,-0.029002319501097884,False,2017,regime_specific,per_regime_GradientBoostingClassifier,False,0.37850951005501426,True,normal
2017-05-26,131.1999969482422,-0.020960366341204018,False,2017,regime_specific,per_regime_GradientBoostingClassifier,False,0.37850951005501426,True,normal
2017-05-30,132.10000610351562,-0.04958366956187077,False,2017,regime_specific,per_regime_GradientBoostingClassifier,False,0.4384269547907239,True,normal
2017-05-31,129.35000610351562,-0.027831510890185984,False,2017,regime_specific,per_regime_GradientBoostingClassifier,False,0.4280262099596078,True,normal
2017-06-01,127.6999969482422,-0.010571640613807332,False,2017,regime_specific,per_regime_GradientBoostingClassifier,True,0.5948466911759309,False,downtrend
2017-06-02,125.5500030517578,0.00796495400790831,True,2017,regime_specific,per_regime_GradientBoostingClassifier,True,0.5995995870915865,True,downtrend
2017-06-05,128.4499969482422,-0.0066173491188450395,False,2017,regime_specific,per_regime_GradientBoostingClassifier,False,0.4280262099596078,True,normal
2017-06-06,125.5500030517578,0.006770198753166978,True,2017,regime_specific,per_regime_GradientBoostingClassifier,True,0.6025872785355895,True,downtrend
2017-06-07,125.75,-0.001590432988009538,False,2017,regime_specific,per_regime_GradientBoostingClassifier,True,0.5436082367752884,False,downtrend
2017-06-08,126.3499984741211,-0.004352951555246287,False,2017,regime_specific,per_regime_GradientBoostingClassifier,True,0.546081894715405,False,downtrend
2017-06-09,126.5500030517578,-0.023706044469813503,False,2017,regime_specific,per_regime_GradientBoostingClassifier,True,0.5350604287624008,False,downtrend
2017-06-12,127.5999984741211,-0.026645780302015143,False,2017,regime_specific,per_regime_GradientBoostingClassifier,False,0.4280262099596078,True,normal
2017-06-13,126.4000015258789,-0.035205731993014355,False,2017,regime_specific,per_regime_GradientBoostingClassifier,False,0.4280262099596078,True,normal
2017-06-14,125.5500030517578,-0.04938275130969738,False,2017,regime_specific,per_regime_GradientBoostingClassifier,True,0.5580947897636783,False,downtrend
2017-06-15,125.8000030517578,-0.09817174724896027,False,2017,regime_specific,per_regime_GradientBoostingClassifier,True,0.5082369851218494,False,downtrend
2017-06-16,123.5500030517578,-0.029138049490840312,False,2017,regime_specific,per_regime_GradientBoostingClassifier,False,0.43822736975838295,True,downtrend
2017-06-19,124.1999969482422,-0.018115942474118074,False,2017,regime_specific,per_regime_GradientBoostingClassifier,False,0.43953172661874934,True,downtrend
2017-06-20,121.9499969482422,0.006560090789484274,True,2017,regime_specific,per_regime_GradientBoostingClassifier,False,0.48826731270907353,False,downtrend
2017-06-21,119.3499984741211,0.02848765453998836,True,2017,regime_specific,per_regime_GradientBoostingClassifier,False,0.4934789963867829,False,downtrend
2017-06-22,113.4499969482422,0.09960337907204209,True,2017,regime_specific,per_regime_GradientBoostingClassifier,True,0.5588018259530751,True,downtrend
2017-06-23,119.9499969482422,0.03418096046542396,True,2017,regime_specific,per_regime_GradientBoostingClassifier,True,0.5312980484097016,True,downtrend
2017-06-26,121.9499969482422,0.031980333115827264,True,2017,regime_specific,per_regime_GradientBoostingClassifier,True,0.5653665492625838,True,downtrend
2017-06-27,122.75,0.03991854603567346,True,2017,regime_specific,per_regime_GradientBoostingClassifier,False,0.4934789963867829,False,downtrend
2017-06-28,122.75,0.03258655804480659,True,2017,regime_specific,per_regime_GradientBoostingClassifier,False,0.4934789963867829,False,downtrend
2017-06-29,124.75,0.014428882178419311,True,2017,regime_specific,per_regime_GradientBoostingClassifier,False,0.43752639813236405,False,normal
2017-06-30,124.0500030517578,0.01773475932382107,True,2017,regime_specific,per_regime_GradientBoostingClassifier,False,0.44102403328399575,False,normal
2017-07-03,125.8499984741211,-0.011124366649609252,False,2017,regime_specific,per_regime_GradientBoostingClassifier,False,0.44978567780874573,True,normal
2017-07-05,127.6500015258789,-0.012925981246810991,False,2017,regime_specific,per_regime_GradientBoostingClassifier,False,0.481316395482482,True,normal
2017-07-06,126.75,0.02051286866678992,True,2017,regime_specific,per_regime_GradientBoostingClassifier,False,0.481316395482482,False,normal
2017-07-07,126.5500030517578,0.04069532810977572,True,2017,regime_specific,per_regime_GradientBoostingClassifier,False,0.45791219613335926,False,normal
2017-07-10,126.25,0.04198022219214104,True,2017,regime_specific,per_regime_GradientBoostingClassifier,False,0.45791219613335926,False,normal
2017-07-11,124.4499969482422,0.059863375901411775,True,2017,regime_specific,per_regime_GradientBoostingClassifier,False,0.45791219613335926,False,normal
2017-07-12,126.0,0.041269817049541135,True,2017,regime_specific,per_regime_GradientBoostingClassifier,False,0.45791219613335926,False,normal
2017-07-13,129.35000610351562,0.04367988890516816,True,2017,regime_specific,per_regime_GradientBoostingClassifier,False,0.45791219613335926,False,normal
2017-07-14,131.6999969482422,0.03682616716704756,True,2017,regime_specific,per_regime_GradientBoostingClassifier,False,0.47197049336507335,False,normal
2017-07-17,131.5500030517578,0.007601672191573927,True,2017,regime_specific,per_regime_GradientBoostingClassifier,False,0.4678212717827673,False,normal
2017-07-18,131.89999389648438,-0.009855859386839638,False,2017,regime_specific,per_regime_GradientBoostingClassifier,False,0.4678212717827673,True,normal
2017-07-19,131.1999969482422,0.027439071549184568,True,2017,regime_specific,per_regime_GradientBoostingClassifier,False,0.4678212717827673,False,normal
2017-07-20,135.0,0.007037014431423572,True,2017,regime_specific,per_regime_GradientBoostingClassifier,True,0.5681511206617851,True,normal
2017-07-21,136.5500030517578,0.009520344362534017,True,2017,regime_specific,per_regime_GradientBoostingClassifier,False,0.34064673459681805,False,uptrend
2017-07-24,132.5500030517578,0.05054693922282283,True,2017,regime_specific,per_regime_GradientBoostingClassifier,True,0.6234551464869746,True,normal
2017-07-25,130.60000610351562,0.05551301425096056,True,2017,regime_specific,per_regime_GradientBoostingClassifier,True,0.6234551464869746,True,normal
2017-07-26,134.8000030517578,0.041172128531976604,True,2017,regime_specific,per_regime_GradientBoostingClassifier,True,0.6096384876953015,True,normal
2017-07-27,135.9499969482422,0.031261493897774884,True,2017,regime_specific,per_regime_GradientBoostingClassifier,False,0.43471203556941995,False,uptrend
2017-07-28,137.85000610351562,0.01668471302962171,True,2017,regime_specific,per_regime_GradientBoostingClassifier,False,0.47554919293678216,False,uptrend
2017-07-31,139.25,0.020107741843862215,True,2017,regime_specific,per_regime_GradientBoostingClassifier,False,0.36744408160655057,False,uptrend
2017-08-01,137.85000610351562,0.03554583735603778,True,2017,regime_specific,per_regime_GradientBoostingClassifier,False,0.31889288379196423,False,uptrend
2017-08-02,140.35000610351562,0.016387514734216513,True,2017,regime_specific,per_regime_GradientBoostingClassifier,False,0.31889288379196423,False,uptrend
2017-08-03,140.1999969482422,-0.012125513446835323,False,2017,regime_specific,per_regime_GradientBoostingClassifier,False,0.3190195188332153,True,uptrend
2017-08-04,140.14999389648438,0.0010703472123176905,True,2017,regime_specific,per_regime_GradientBoostingClassifier,False,0.32829218994684356,False,uptrend
2017-08-07,142.0500030517578,-0.035902893304813,False,2017,regime_specific,per_regime_GradientBoostingClassifier,False,0.32887508862885595,True,uptrend
2017-08-08,142.75,-0.07530647985989491,False,2017,regime_specific,per_regime_GradientBoostingClassifier,False,0.32887508862885595,True,uptrend
2017-08-09,142.64999389648438,-0.08201890956078428,False,2017,regime_specific,per_regime_GradientBoostingClassifier,False,0.3085328024222572,True,uptrend
2017-08-10,138.5,-0.07256319892965934,False,2017,regime_specific,per_regime_GradientBoostingClassifier,True,0.532682248619221,False,high_crop_weather_stress
2017-08-11,140.3000030517578,-0.08731289902738548,False,2017,regime_specific,per_regime_GradientBoostingClassifier,True,0.532682248619221,False,high_crop_weather_stress
2017-08-14,136.9499969482422,-0.07703538267584231,False,2017,regime_specific,per_regime_GradientBoostingClassifier,False,0.4755084613050839,True,high_crop_weather_stress
2017-08-15,132.0,-0.04659092065059778,False,2017,regime_specific,per_regime_GradientBoostingClassifier,False,0.4755084613050839,True,high_crop_weather_stress
2017-08-16,130.9499969482422,-0.035891539196444944,False,2017,regime_specific,per_regime_GradientBoostingClassifier,False,0.45322477840372144,True,high_crop_weather_stress
2017-08-17,128.4499969482422,-0.013623978525317826,False,2017,regime_specific,per_regime_GradientBoostingClassifier,False,0.48985495554728486,True,high_crop_weather_stress
2017-08-18,128.0500030517578,0.016790268217450555,True,2017,regime_specific,per_regime_GradientBoostingClassifier,False,0.4755084613050839,False,high_crop_weather_stress
2017-08-21,126.4000015258789,0.027689812724321028,True,2017,regime_specific,per_regime_GradientBoostingClassifier,False,0.45703748159470586,False,high_crop_weather_stress
2017-08-22,125.8499984741211,0.011521689274671454,True,2017,regime_specific,per_regime_GradientBoostingClassifier,False,0.47132748772619526,False,high_crop_weather_stress
2017-08-23,126.25,0.00554453028310653,True,2017,regime_specific,per_regime_GradientBoostingClassifier,False,0.47132748772619526,False,high_crop_weather_stress
2017-08-24,126.6999969482422,0.011444332937391444,True,2017,regime_specific,per_regime_GradientBoostingClassifier,False,0.47132748772619526,False,high_crop_weather_stress
2017-08-25,130.1999969482422,-0.018817181303131036,False,2017,regime_specific,per_regime_GradientBoostingClassifier,False,0.467498215954545,True,high_crop_weather_stress
2017-08-28,129.89999389648438,-0.026173934228155393,False,2017,regime_specific,per_regime_GradientBoostingClassifier,False,0.4420033647501623,True,high_crop_weather_stress
2017-08-29,127.3000030517578,-0.005498857508684396,False,2017,regime_specific,per_regime_GradientBoostingClassifier,False,0.4420033647501623,True,high_crop_weather_stress
2017-08-30,126.9499969482422,0.007483297364898833,True,2017,regime_specific,per_regime_GradientBoostingClassifier,False,0.4420033647501623,False,high_crop_weather_stress
2017-08-31,128.14999389648438,0.009754194768122337,True,2017,regime_specific,per_regime_GradientBoostingClassifier,False,0.4777735665694744,False,high_crop_weather_stress
2017-09-01,127.75,0.022309245428693725,True,2017,regime_specific,per_regime_GradientBoostingClassifier,False,0.485935651111412,False,high_crop_weather_stress
2017-09-05,126.5,0.05770753400599071,True,2017,regime_specific,per_regime_GradientBoostingClassifier,False,0.4715978302139145,False,high_crop_weather_stress
2017-09-06,126.5999984741211,0.07898900276399834,True,2017,regime_specific,per_regime_GradientBoostingClassifier,False,0.485935651111412,False,high_crop_weather_stress
2017-09-07,127.9000015258789,0.06215797093660025,True,2017,regime_specific,per_regime_GradientBoostingClassifier,False,0.4420033647501623,False,high_crop_weather_stress
2017-09-08,129.39999389648438,0.08191658889872344,True,2017,regime_specific,per_regime_GradientBoostingClassifier,False,0.4855830647942454,False,high_crop_weather_stress
2017-09-11,130.60000610351562,0.06393560838050982,True,2017,regime_specific,per_regime_GradientBoostingClassifier,False,0.4960315205349077,False,high_crop_weather_stress
2017-09-12,133.8000030517578,0.0011210305909061802,True,2017,regime_specific,per_regime_GradientBoostingClassifier,True,0.555999819863148,True,high_crop_weather_stress
2017-09-13,136.60000610351562,-0.00036605453531179943,False,2017,regime_specific,per_regime_GradientBoostingClassifier,True,0.5345276590917979,False,high_crop_weather_stress
2017-09-14,135.85000610351562,-0.006256945640973566,False,2017,regime_specific,per_regime_GradientBoostingClassifier,True,0.5296601911538238,False,high_crop_weather_stress
2017-09-15,140.0,-0.03964287894112728,False,2017,regime_specific,per_regime_GradientBoostingClassifier,True,0.5345276590917979,False,high_crop_weather_stress
2017-09-18,138.9499969482422,-0.05325652435415895,False,2017,regime_specific,per_regime_GradientBoostingClassifier,True,0.5080413113021348,False,high_crop_weather_stress
2017-09-19,133.9499969482422,-0.012691280231227342,False,2017,regime_specific,per_regime_GradientBoostingClassifier,True,0.5377958486971766,False,high_crop_weather_stress
2017-09-20,136.5500030517578,-0.0527279149566412,False,2017,regime_specific,per_regime_GradientBoostingClassifier,True,0.5426518219484208,False,high_crop_weather_stress
2017-09-21,135.0,-0.04814814814814816,False,2017,regime_specific,per_regime_GradientBoostingClassifier,True,0.5305416828174119,False,high_crop_weather_stress
2017-09-22,134.4499969482422,-0.047601294471937505,False,2017,regime_specific,per_regime_GradientBoostingClassifier,True,0.516209353644522,False,high_crop_weather_stress
2017-09-25,131.5500030517578,-0.03306732043027105,False,2017,regime_specific,per_regime_GradientBoostingClassifier,False,0.45104724842224436,True,high_crop_weather_stress
2017-09-26,132.25,-0.05141779245185485,False,2017,regime_specific,per_regime_GradientBoostingClassifier,False,0.45104724842224436,True,high_crop_weather_stress
2017-09-27,129.35000610351562,-0.032470076377696944,False,2017,regime_specific,per_regime_GradientBoostingClassifier,False,0.45485687213677345,True,high_crop_weather_stress
2017-09-28,128.5,-0.01011675526659761,False,2017,regime_specific,per_regime_GradientBoostingClassifier,False,0.45485687213677345,True,high_crop_weather_stress
2017-09-29,128.0500030517578,0.015228402200459179,True,2017,regime_specific,per_regime_GradientBoostingClassifier,False,0.4754248445583777,False,high_crop_weather_stress
2017-10-02,127.1999969482422,0.02948113278277731,True,2017,regime_specific,per_regime_GradientBoostingClassifier,False,0.43832487976846485,False,high_crop_weather_stress
2017-10-03,125.4499969482422,0.044240758762613686,True,2017,regime_specific,per_regime_GradientBoostingClassifier,True,0.5257614517578565,True,high_crop_weather_stress
2017-10-04,125.1500015258789,0.013184191016871072,True,2017,regime_specific,per_regime_GradientBoostingClassifier,True,0.5257614517578565,True,high_crop_weather_stress
2017-10-05,127.1999969482422,-0.006682378101526054,False,2017,regime_specific,per_regime_GradientBoostingClassifier,False,0.43832487976846485,True,high_crop_weather_stress
2017-10-06,130.0,-0.027307715782752262,False,2017,regime_specific,per_regime_GradientBoostingClassifier,False,0.43029311339822907,True,high_crop_weather_stress
2017-10-09,130.9499969482422,-0.054982795846020394,False,2017,regime_specific,per_regime_GradientBoostingClassifier,True,0.5075431532139845,False,high_crop_weather_stress
2017-10-10,131.0,-0.05229006468794728,False,2017,regime_specific,per_regime_GradientBoostingClassifier,False,0.31059407698806735,True,high_crop_weather_stress
2017-10-11,126.8000030517578,-0.01971608785355894,False,2017,regime_specific,per_regime_GradientBoostingClassifier,False,0.31059407698806735,True,high_crop_weather_stress
2017-10-12,126.3499984741211,0.003957261622780317,True,2017,regime_specific,per_regime_GradientBoostingClassifier,False,0.31249246926685864,False,high_crop_weather_stress
2017-10-13,126.4499969482422,-0.009489893058149956,False,2017,regime_specific,per_regime_GradientBoostingClassifier,False,0.30028285718440867,True,high_crop_weather_stress
2017-10-16,123.75,0.0048484725181503485,True,2017,regime_specific,per_regime_GradientBoostingClassifier,True,0.503666123729854,True,high_crop_weather_stress
2017-10-17,124.1500015258789,-0.007652070607817696,False,2017,regime_specific,per_regime_GradientBoostingClassifier,True,0.503666123729854,False,high_crop_weather_stress
2017-10-18,124.3000030517578,-0.001609047246389994,False,2017,regime_specific,per_regime_GradientBoostingClassifier,True,0.503666123729854,False,high_crop_weather_stress
2017-10-19,126.8499984741211,-0.018131615688056324,False,2017,regime_specific,per_regime_GradientBoostingClassifier,False,0.28998001210725644,True,high_crop_weather_stress
2017-10-20,125.25,0.01077843093110653,True,2017,regime_specific,per_regime_GradientBoostingClassifier,False,0.3671690966738956,False,high_crop_weather_stress
2017-10-23,124.3499984741211,0.012464841743286215,True,2017,regime_specific,per_regime_GradientBoostingClassifier,False,0.3692430167611489,False,high_crop_weather_stress
2017-10-24,123.1999969482422,0.015422090689475532,True,2017,regime_specific,per_regime_GradientBoostingClassifier,True,0.59443027572449,True,high_crop_weather_stress
2017-10-25,124.0999984741211,-0.00926673279628365,False,2017,regime_specific,per_regime_GradientBoostingClassifier,True,0.574689552253534,False,high_crop_weather_stress
2017-10-26,124.5500030517578,0.014853459885924902,True,2017,regime_specific,per_regime_GradientBoostingClassifier,True,0.574689552253534,True,high_crop_weather_stress
2017-10-27,126.5999984741211,-0.020932081815313697,False,2017,regime_specific,per_regime_GradientBoostingClassifier,False,0.47931634162786785,True,high_crop_weather_stress
2017-10-30,125.9000015258789,-0.002779971960915062,False,2017,regime_specific,per_regime_GradientBoostingClassifier,True,0.555878074113916,False,high_crop_weather_stress
2017-10-31,125.0999984741211,-0.0031974542826364027,False,2017,regime_specific,per_regime_GradientBoostingClassifier,True,0.5416509988315769,False,high_crop_weather_stress
2017-11-01,122.9499969482422,0.02277351054296095,True,2017,regime_specific,per_regime_GradientBoostingClassifier,True,0.6248658551432348,True,high_crop_weather_stress
2017-11-02,126.4000015258789,0.0,False,2017,regime_specific,per_regime_GradientBoostingClassifier,True,0.5423900521404831,False,high_crop_weather_stress
2017-11-03,123.9499969482422,0.029044019299321544,True,2017,regime_specific,per_regime_GradientBoostingClassifier,True,0.6094761799674259,True,normal
2017-11-06,125.5500030517578,0.016328119255546225,True,2017,regime_specific,per_regime_GradientBoostingClassifier,True,0.6038426811716999,True,normal
2017-11-07,124.6999969482422,0.018845277955307216,True,2017,regime_specific,per_regime_GradientBoostingClassifier,False,0.4700537943958745,False,normal
2017-11-08,125.75,0.007952286282306265,True,2017,regime_specific,per_regime_GradientBoostingClassifier,False,0.4700537943958745,False,normal
2017-11-09,126.4000015258789,0.002373381477387637,True,2017,regime_specific,per_regime_GradientBoostingClassifier,False,0.4700537943958745,False,normal
2017-11-10,127.5500030517578,-0.029400234498452416,False,2017,regime_specific,per_regime_GradientBoostingClassifier,False,0.4700537943958745,True,normal
2017-11-13,127.5999984741211,-0.036833832323245774,False,2017,regime_specific,per_regime_GradientBoostingClassifier,False,0.49192940956865977,True,normal
2017-11-14,127.0500030517578,-0.025186969703047457,False,2017,regime_specific,per_regime_GradientBoostingClassifier,False,0.49192940956865977,True,normal
2017-11-15,126.75,-0.017356977895402026,False,2017,regime_specific,per_regime_GradientBoostingClassifier,False,0.49192940956865977,True,normal
2017-11-16,126.6999969482422,-0.014996005858315509,False,2017,regime_specific,per_regime_GradientBoostingClassifier,True,0.5291199859987884,False,normal
2017-11-17,123.8000030517578,0.014135702397910066,True,2017,regime_specific,per_regime_GradientBoostingClassifier,True,0.5210179318984579,True,normal
2017-11-20,122.9000015258789,0.03702193137406273,True,2017,regime_specific,per_regime_GradientBoostingClassifier,False,0.49648100360605313,False,normal
2017-11-21,123.8499984741211,0.04642719176614296,True,2017,regime_specific,per_regime_GradientBoostingClassifier,False,0.49648100360605313,False,normal
2017-11-22,124.5500030517578,0.014050581751272828,True,2017,regime_specific,per_regime_GradientBoostingClassifier,False,0.4918435018150632,False,normal
2017-11-24,124.8000030517578,0.022035255871424075,True,2017,regime_specific,per_regime_GradientBoostingClassifier,False,0.4918435018150632,False,normal
2017-11-27,125.5500030517578,0.009557920502379469,True,2017,regime_specific,per_regime_GradientBoostingClassifier,True,0.5314560586311627,True,normal
2017-11-28,127.4499969482422,-0.011769321584285009,False,2017,regime_specific,per_regime_GradientBoostingClassifier,True,0.5314560586311627,False,normal
2017-11-29,129.60000610351562,-0.03665129171059256,False,2017,regime_specific,per_regime_GradientBoostingClassifier,True,0.5314560586311627,False,normal
2017-11-30,126.3000030517578,-0.0431512624382383,False,2017,regime_specific,per_regime_GradientBoostingClassifier,True,0.51864661295861,False,normal
2017-12-01,127.5500030517578,-0.05448847049275651,False,2017,regime_specific,per_regime_GradientBoostingClassifier,True,0.51864661295861,False,normal
2017-12-04,126.75,-0.06114398422090728,False,2017,regime_specific,per_regime_GradientBoostingClassifier,False,0.4894692756392135,True,normal
2017-12-05,125.9499969482422,-0.07066291474498221,False,2017,regime_specific,per_regime_GradientBoostingClassifier,False,0.4894692756392135,True,normal
2017-12-06,124.8499984741211,-0.04725672084891408,False,2017,regime_specific,per_regime_GradientBoostingClassifier,False,0.4806101763002588,True,normal
2017-12-07,120.8499984741211,-0.014067000163067611,False,2017,regime_specific,per_regime_GradientBoostingClassifier,True,0.5340233812996418,False,normal
2017-12-08,120.5999984741211,-0.030265353002157158,False,2017,regime_specific,per_regime_GradientBoostingClassifier,True,0.5450983456341005,False,normal
2017-12-11,119.0,-0.003781486960018454,False,2017,regime_specific,per_regime_GradientBoostingClassifier,False,0.47600980962636696,True,downtrend
2017-12-12,117.0500030517578,0.04015375331655413,True,2017,regime_specific,per_regime_GradientBoostingClassifier,True,0.5270395418441256,True,downtrend
2017-12-13,118.9499969482422,0.035308992731325706,True,2017,regime_specific,per_regime_GradientBoostingClassifier,True,0.521457092011369,True,downtrend
2017-12-14,119.1500015258789,0.026017611703074817,True,2017,regime_specific,per_regime_GradientBoostingClassifier,True,0.5229434963101806,True,downtrend
2017-12-15,116.9499969482422,0.029499826145045205,True,2017,regime_specific,per_regime_GradientBoostingClassifier,True,0.5369948014557997,True,downtrend
2017-12-18,118.5500030517578,0.030788644475115312,True,2017,regime_specific,per_regime_GradientBoostingClassifier,True,0.5063228979765798,True,downtrend
2017-12-19,121.75,0.022587268993839782,True,2017,regime_specific,per_regime_GradientBoostingClassifier,True,0.5665273090507636,True,normal
2017-12-20,123.1500015258789,0.01339830698688349,True,2017,regime_specific,per_regime_GradientBoostingClassifier,True,0.5665273090507636,True,normal
2017-12-21,122.25,0.032310813482553824,True,2017,regime_specific,per_regime_GradientBoostingClassifier,True,0.5851598801331506,True,normal
2017-12-22,120.4000015258789,0.08139530978541432,True,2017,regime_specific,per_regime_GradientBoostingClassifier,True,0.5851598801331506,True,normal
2017-12-26,122.1999969482422,0.05237323498448321,True,2017,regime_specific,per_regime_GradientBoostingClassifier,True,0.5861610142351467,True,normal
2017-12-27,124.5,0.040562273508094826,True,2017,regime_specific,per_regime_GradientBoostingClassifier,True,0.5750569583961241,True,normal
2017-12-28,124.8000030517578,0.029246745250243622,True,2017,regime_specific,per_regime_GradientBoostingClassifier,True,0.5983676748850896,True,normal
2017-12-29,126.1999969482422,-0.008320090711205985,False,2017,regime_specific,per_regime_GradientBoostingClassifier,True,0.6401859299879027,False,normal
2018-01-02,130.1999969482422,-0.038786448085484815,False,2018,global,ensemble_top2_weighted_soft_vote,True,0.6337296261084496,False,normal
2018-01-03,128.60000610351562,-0.036158700890965956,False,2018,global,ensemble_top2_weighted_soft_vote,True,0.6425206954796889,False,normal
2018-01-04,129.5500030517578,-0.05210343373981441,False,2018,global,ensemble_top2_weighted_soft_vote,True,0.6476368752011771,False,normal
2018-01-05,128.4499969482422,-0.04826778587422176,False,2018,global,ensemble_top2_weighted_soft_vote,True,0.6330615023083423,False,normal
2018-01-08,125.1500015258789,-0.0375549701984208,False,2018,global,ensemble_top2_weighted_soft_vote,True,0.6159568478869156,False,normal
2018-01-09,125.1500015258789,-0.016380367772779514,False,2018,global,ensemble_top2_weighted_soft_vote,True,0.6091877223459947,False,normal
2018-01-10,123.9499969482422,-0.022993130651799754,False,2018,global,ensemble_top2_weighted_soft_vote,True,0.6046943506632088,False,normal
2018-01-11,122.8000030517578,-0.012622174374902095,False,2018,global,ensemble_top2_weighted_soft_vote,True,0.6018946887971985,False,normal
2018-01-12,122.25,0.002454012693315244,True,2018,global,ensemble_top2_weighted_soft_vote,True,0.5723765222451888,True,normal
2018-01-16,120.4499969482422,0.0041511001466845165,True,2018,global,ensemble_top2_weighted_soft_vote,True,0.5728149091081178,True,normal
2018-01-17,123.0999984741211,-0.004874073773828869,False,2018,global,ensemble_top2_weighted_soft_vote,True,0.5767495893770291,False,normal
2018-01-18,121.0999984741211,0.021057003170010358,True,2018,global,ensemble_top2_weighted_soft_vote,True,0.5852893183754196,True,normal
2018-01-19,121.25,0.032164961038176454,True,2018,global,ensemble_top2_weighted_soft_vote,True,0.5913686395004331,True,normal
2018-01-22,122.5500030517578,0.01958379303728619,True,2018,global,ensemble_top2_weighted_soft_vote,True,0.592281696971268,True,normal
2018-01-23,120.9499969482422,0.011161687784856156,True,2018,global,ensemble_top2_weighted_soft_vote,True,0.5862247504062562,True,normal
2018-01-24,122.5,-0.005306134905133875,False,2018,global,ensemble_top2_weighted_soft_vote,True,0.5899769538050942,False,normal
2018-01-25,123.6500015258789,-0.01819652221782697,False,2018,global,ensemble_top2_weighted_soft_vote,True,0.5824919413990343,False,normal
2018-01-26,125.1500015258789,-0.03795445419165877,False,2018,global,ensemble_top2_weighted_soft_vote,True,0.5730546399671067,False,normal
2018-01-29,124.9499969482422,-0.04121643875363734,False,2018,global,ensemble_top2_weighted_soft_vote,True,0.5713150172892604,False,normal
2018-01-30,122.3000030517578,0.004497100643002794,True,2018,global,ensemble_top2_weighted_soft_vote,True,0.5613869740026798,True,normal
2018-01-31,121.8499984741211,0.011899914614645235,True,2018,global,ensemble_top2_weighted_soft_vote,True,0.5405343949721296,True,normal
2018-02-01,121.4000015258789,0.011943961532266512,True,2018,global,ensemble_top2_weighted_soft_vote,True,0.5388515069950972,True,normal
2018-02-02,120.4000015258789,0.01204316386931703,True,2018,global,ensemble_top2_weighted_soft_vote,True,0.5342167398986646,True,normal
2018-02-05,119.8000030517578,0.013355579577321475,True,2018,global,ensemble_top2_weighted_soft_vote,True,0.5355771872144685,True,normal
2018-02-06,122.8499984741211,-0.0008139884034443767,False,2018,global,ensemble_top2_weighted_soft_vote,True,0.5442705471974569,False,normal
2018-02-07,123.3000030517578,-0.004055149940183855,False,2018,global,ensemble_top2_weighted_soft_vote,True,0.5408793626875262,False,normal
2018-02-08,122.8499984741211,-0.008953996644556872,False,2018,global,ensemble_top2_weighted_soft_vote,True,0.5622192414352174,False,normal
2018-02-09,121.8499984741211,-0.032006578372729244,False,2018,global,ensemble_top2_weighted_soft_vote,True,0.563704201158443,False,normal
2018-02-12,121.4000015258789,-0.02635918070358967,False,2018,global,ensemble_top2_weighted_soft_vote,True,0.5500246833824244,False,normal
2018-02-13,122.75,-0.047250534026540114,False,2018,global,ensemble_top2_weighted_soft_vote,True,0.555218863114057,False,normal
2018-02-14,122.8000030517578,-0.026058668551400377,False,2018,global,ensemble_top2_weighted_soft_vote,True,0.5641207599851532,False,normal
2018-02-15,121.75,-0.018891195496983926,False,2018,global,ensemble_top2_weighted_soft_vote,True,0.5600806868809548,False,normal
2018-02-16,117.9499969482422,0.021619356657353483,True,2018,global,ensemble_top2_weighted_soft_vote,True,0.5372679018521663,True,normal
2018-02-20,118.1999969482422,0.014805414933862338,True,2018,global,ensemble_top2_weighted_soft_vote,True,0.5151076606090947,True,normal
2018-02-21,116.9499969482422,0.035057770076985184,True,2018,global,ensemble_top2_weighted_soft_vote,True,0.5061947745815588,True,normal
2018-02-22,119.5999984741211,0.023829418983962514,True,2018,global,ensemble_top2_weighted_soft_vote,True,0.5145563911509182,True,normal
2018-02-23,119.4499969482422,0.007534546244223561,True,2018,global,ensemble_top2_weighted_soft_vote,True,0.5157357415412401,True,normal
2018-02-26,120.5,-0.01078840706852946,False,2018,global,ensemble_top2_weighted_soft_vote,True,0.5167580701790067,False,normal
2018-02-27,119.9499969482422,0.0,False,2018,global,ensemble_top2_weighted_soft_vote,True,0.5274382223516186,False,normal
2018-02-28,121.0500030517578,-0.014456835653707034,False,2018,global,ensemble_top2_weighted_soft_vote,True,0.5247333284255047,False,normal
2018-03-01,122.4499969482422,-0.028174740989993396,False,2018,global,ensemble_top2_weighted_soft_vote,True,0.5284882057034944,False,normal
2018-03-02,120.3499984741211,-0.012463647852247739,False,2018,global,ensemble_top2_weighted_soft_vote,True,0.5302887270083451,False,normal
2018-03-05,119.1999969482422,-0.008808686654742215,False,2018,global,ensemble_top2_weighted_soft_vote,True,0.5115760546137704,False,normal
2018-03-06,119.9499969482422,0.00416840360751114,True,2018,global,ensemble_top2_weighted_soft_vote,True,0.5452672887149139,True,normal
2018-03-07,119.3000030517578,0.005448397987068088,True,2018,global,ensemble_top2_weighted_soft_vote,True,0.5581219932624362,True,normal
2018-03-08,119.0,-0.01134452499261418,False,2018,global,ensemble_top2_weighted_soft_vote,True,0.5395405785871396,False,normal
2018-03-09,118.8499984741211,-0.0159865506964445,False,2018,global,ensemble_top2_weighted_soft_vote,True,0.5414935414318942,False,normal
2018-03-12,118.1500015258789,0.0016927375849282722,True,2018,global,ensemble_top2_weighted_soft_vote,True,0.5157085353880334,True,normal
2018-03-13,120.4499969482422,-0.01245330044005355,False,2018,global,ensemble_top2_weighted_soft_vote,True,0.5109422316465803,False,normal
2018-03-14,119.9499969482422,-0.009170475215566243,False,2018,global,ensemble_top2_weighted_soft_vote,True,0.5049361254014344,False,normal
2018-03-15,117.6500015258789,0.011474700013702321,True,2018,global,ensemble_top2_weighted_soft_vote,True,0.5108397429618624,True,normal
2018-03-16,116.9499969482422,0.002137665724870841,True,2018,global,ensemble_top2_weighted_soft_vote,True,0.5063134733854924,True,normal
2018-03-19,118.3499984741211,-0.0016898770665039198,False,2018,global,ensemble_top2_weighted_soft_vote,True,0.5425286165331586,False,normal
2018-03-20,118.9499969482422,0.0,False,2018,global,ensemble_top2_weighted_soft_vote,True,0.5469160521653488,False,normal
2018-03-21,118.8499984741211,-0.00925535118421239,False,2018,global,ensemble_top2_weighted_soft_vote,True,0.5326104896057404,False,normal
2018-03-22,119.0,-0.007142844320345287,False,2018,global,ensemble_top2_weighted_soft_vote,True,0.5307615691762366,False,normal
2018-03-23,117.1999969482422,-0.006825899685958037,False,2018,global,ensemble_top2_weighted_soft_vote,True,0.5351712313929882,False,normal
2018-03-26,118.1500015258789,-0.013118942291493019,False,2018,global,ensemble_top2_weighted_soft_vote,True,0.5251131556771053,False,normal
2018-03-27,118.9499969482422,-0.017234093946679963,False,2018,global,ensemble_top2_weighted_soft_vote,True,0.5228809004459514,False,normal
2018-03-28,117.75,-0.0016984878831609596,False,2018,global,ensemble_top2_weighted_soft_vote,True,0.5266134977998534,False,normal
2018-03-29,118.1500015258789,-0.005924710694848234,False,2018,global,ensemble_top2_weighted_soft_vote,True,0.5236685729349244,False,normal
2018-04-02,116.4000015258789,0.01932989665382223,True,2018,global,ensemble_top2_weighted_soft_vote,True,0.5153465053682036,True,normal
2018-04-03,116.5999984741211,0.008576329443279906,True,2018,global,ensemble_top2_weighted_soft_vote,True,0.5364418367321007,True,normal
2018-04-04,116.9000015258789,0.010692899774883857,True,2018,global,ensemble_top2_weighted_soft_vote,True,0.5263959831731821,True,normal
2018-04-05,117.5500030517578,0.00297744334355321,True,2018,global,ensemble_top2_weighted_soft_vote,True,0.5208146868683937,True,normal
2018-04-06,117.4499969482422,-0.0012770872744296557,False,2018,global,ensemble_top2_weighted_soft_vote,True,0.5227428570900979,False,normal
2018-04-09,118.6500015258789,-0.03708387247613487,False,2018,global,ensemble_top2_weighted_soft_vote,True,0.527591132975919,False,normal
2018-04-10,117.5999984741211,-0.03443873703157008,False,2018,global,ensemble_top2_weighted_soft_vote,True,0.5469129025400937,False,normal
2018-04-11,118.1500015258789,-0.027507405484782366,False,2018,global,ensemble_top2_weighted_soft_vote,True,0.538587138963524,False,normal
2018-04-12,117.9000015258789,-0.030958451896862194,False,2018,global,ensemble_top2_weighted_soft_vote,True,0.5365626513321851,False,normal
2018-04-13,117.3000030517578,-0.01321400691757757,False,2018,global,ensemble_top2_weighted_soft_vote,True,0.5347995063009193,False,normal
2018-04-16,114.25,0.024070021881838155,True,2018,global,ensemble_top2_weighted_soft_vote,True,0.5339939090999664,True,high_crop_weather_stress
2018-04-17,113.5500030517578,0.04359310273189432,True,2018,global,ensemble_top2_weighted_soft_vote,True,0.5348294773739644,True,high_crop_weather_stress
2018-04-18,114.9000015258789,0.01697125258786869,True,2018,global,ensemble_top2_weighted_soft_vote,True,0.5130085411237366,True,high_crop_weather_stress
2018-04-19,114.25,0.029321649664079574,True,2018,global,ensemble_top2_weighted_soft_vote,True,0.5156649600581724,True,high_crop_weather_stress
2018-04-20,115.75,0.039740807551802204,True,2018,global,ensemble_top2_weighted_soft_vote,True,0.5221072286359002,True,high_crop_weather_stress
2018-04-23,117.0,0.03119659423828125,True,2018,global,ensemble_top2_weighted_soft_vote,True,0.5265127675653267,True,high_crop_weather_stress
2018-04-24,118.5,0.03459914324152824,True,2018,global,ensemble_top2_weighted_soft_vote,True,0.525494671142529,True,high_crop_weather_stress
2018-04-25,116.8499984741211,0.040650407034896086,True,2018,global,ensemble_top2_weighted_soft_vote,True,0.534168330213581,True,high_crop_weather_stress
2018-04-26,117.5999984741211,0.03911563379087446,True,2018,global,ensemble_top2_weighted_soft_vote,True,0.5349868729686369,True,high_crop_weather_stress
2018-04-27,120.3499984741211,0.0008308971781383345,True,2018,global,ensemble_top2_weighted_soft_vote,True,0.5359794150024371,True,high_crop_weather_stress
2018-04-30,120.6500015258789,-0.020306709876926066,False,2018,global,ensemble_top2_weighted_soft_vote,False,0.4863427712635315,True,high_crop_weather_stress
2018-05-01,122.5999984741211,-0.049347434728071016,False,2018,global,ensemble_top2_weighted_soft_vote,False,0.49045825400329746,True,high_crop_weather_stress
2018-05-02,121.5999984741211,-0.05016446176534528,False,2018,global,ensemble_top2_weighted_soft_vote,False,0.4902508657489086,True,high_crop_weather_stress
2018-05-03,122.1999969482422,-0.048281456987133486,False,2018,global,ensemble_top2_weighted_soft_vote,False,0.4876697630214353,True,high_crop_weather_stress
2018-05-04,120.4499969482422,-0.04317141618921472,False,2018,global,ensemble_top2_weighted_soft_vote,False,0.48625538231176985,True,high_crop_weather_stress
2018-05-07,118.1999969482422,-0.03849404010015045,False,2018,global,ensemble_top2_weighted_soft_vote,True,0.5285619808341714,False,high_crop_weather_stress
2018-05-08,116.5500030517578,-0.0313170435890765,False,2018,global,ensemble_top2_weighted_soft_vote,True,0.5271060791175175,False,high_crop_weather_stress
2018-05-09,115.5,-0.01948051948051943,False,2018,global,ensemble_top2_weighted_soft_vote,True,0.5421574903840276,False,high_crop_weather_stress
2018-05-10,116.3000030517578,-0.021066246890349305,False,2018,global,ensemble_top2_weighted_soft_vote,True,0.5336672460522197,False,high_crop_weather_stress
2018-05-11,115.25,-0.011279852943668511,False,2018,global,ensemble_top2_weighted_soft_vote,True,0.5376872289405328,False,high_crop_weather_stress
2018-05-14,113.6500015258789,0.05763304297775851,True,2018,global,ensemble_top2_weighted_soft_vote,False,0.49309417171706327,False,high_crop_weather_stress
2018-05-15,112.9000015258789,0.07041626962617786,True,2018,global,ensemble_top2_weighted_soft_vote,False,0.4930982870552976,False,high_crop_weather_stress
2018-05-16,113.25,0.05386312118429215,True,2018,global,ensemble_top2_weighted_soft_vote,False,0.4860391276100905,False,high_crop_weather_stress
2018-05-17,113.8499984741211,0.05884940419353324,True,2018,global,ensemble_top2_weighted_soft_vote,False,0.4891056390235036,False,high_crop_weather_stress
2018-05-18,113.9499969482422,0.05660381527317093,True,2018,global,ensemble_top2_weighted_soft_vote,False,0.4941779710298274,False,high_crop_weather_stress
2018-05-21,120.1999969482422,0.00041599877726561374,True,2018,global,ensemble_top2_weighted_soft_vote,True,0.5091410635569074,True,high_crop_weather_stress
2018-05-22,120.8499984741211,-0.004551058579293832,False,2018,global,ensemble_top2_weighted_soft_vote,True,0.517296944035549,False,high_crop_weather_stress
2018-05-23,119.3499984741211,0.036447411225265514,True,2018,global,ensemble_top2_weighted_soft_vote,True,0.5190090849148203,True,high_crop_weather_stress
2018-05-24,120.5500030517578,0.01824966314847498,True,2018,global,ensemble_top2_weighted_soft_vote,True,0.5196232165878237,True,high_crop_weather_stress
2018-05-25,120.4000015258789,0.00913619983538494,True,2018,global,ensemble_top2_weighted_soft_vote,True,0.5209684215835045,True,high_crop_weather_stress
2018-05-29,120.25,-0.006652832031249889,False,2018,global,ensemble_top2_weighted_soft_vote,True,0.5264916195078778,False,high_crop_weather_stress
2018-05-30,120.3000030517578,-0.017040756440178995,False,2018,global,ensemble_top2_weighted_soft_vote,True,0.5352971754984013,False,normal
2018-05-31,123.6999969482422,-0.06467259658338809,False,2018,global,ensemble_top2_weighted_soft_vote,True,0.5338896013679636,False,normal
2018-06-01,122.75,-0.044806517311609007,False,2018,global,ensemble_top2_weighted_soft_vote,True,0.533026770223203,False,normal
2018-06-04,121.5,-0.036214004328221416,False,2018,global,ensemble_top2_weighted_soft_vote,True,0.5457541331966981,False,normal
2018-06-05,119.4499969482422,-0.017580565322500963,False,2018,global,ensemble_top2_weighted_soft_vote,True,0.5489440827096534,False,normal
2018-06-06,118.25,-0.016067666180794138,False,2018,global,ensemble_top2_weighted_soft_vote,True,0.5507479103547938,False,normal
2018-06-07,115.6999969482422,0.0,False,2018,global,ensemble_top2_weighted_soft_vote,True,0.5424779179355226,False,normal
2018-06-08,117.25,-0.01748403455656966,False,2018,global,ensemble_top2_weighted_soft_vote,True,0.5354513483187838,False,normal
2018-06-11,117.0999984741211,-0.022630243897608038,False,2018,global,ensemble_top2_weighted_soft_vote,True,0.5313223340805564,False,normal
2018-06-12,117.3499984741211,-0.027694930057597822,False,2018,global,ensemble_top2_weighted_soft_vote,True,0.5238259444596914,False,normal
2018-06-13,116.3499984741211,-0.023205818510111387,False,2018,global,ensemble_top2_weighted_soft_vote,False,0.4837938231897694,True,normal
2018-06-14,115.6999969482422,-0.026793418806293268,False,2018,global,ensemble_top2_weighted_soft_vote,False,0.47718160364628714,True,normal
2018-06-15,115.1999969482422,-0.011718737064964069,False,2018,global,ensemble_top2_weighted_soft_vote,False,0.48672267001131053,True,normal
2018-06-18,114.4499969482422,-0.002621192052097321,False,2018,global,ensemble_top2_weighted_soft_vote,True,0.5160088345813783,False,normal
2018-06-19,114.0999984741211,0.006135009526713198,True,2018,global,ensemble_top2_weighted_soft_vote,True,0.5043106448939076,True,normal
2018-06-20,113.6500015258789,0.005719327031692867,True,2018,global,ensemble_top2_weighted_soft_vote,False,0.48607901924173363,False,normal
2018-06-21,112.5999984741211,-0.003996420553643354,False,2018,global,ensemble_top2_weighted_soft_vote,False,0.4858376301021595,True,normal
2018-06-22,113.8499984741211,-0.02064118142834459,False,2018,global,ensemble_top2_weighted_soft_vote,False,0.48711155585947885,True,normal
2018-06-25,114.1500015258789,-0.05562854480279178,False,2018,global,ensemble_top2_weighted_soft_vote,False,0.4913722270331079,True,normal
2018-06-26,114.8000030517578,-0.05618470737085879,False,2018,global,ensemble_top2_weighted_soft_vote,False,0.4950402113839001,True,normal
2018-06-27,114.3000030517578,-0.06999124922487887,False,2018,global,ensemble_top2_weighted_soft_vote,True,0.5080548108058854,False,normal
2018-06-28,112.1500015258789,-0.008024980059150755,False,2018,global,ensemble_top2_weighted_soft_vote,True,0.5113531462981469,False,normal
2018-06-29,111.5,0.006277999535804435,True,2018,global,ensemble_top2_weighted_soft_vote,True,0.5259450454609823,True,normal
2018-07-02,107.8000030517578,0.03849715935992948,True,2018,global,ensemble_top2_weighted_soft_vote,True,0.542012625265681,True,downtrend
2018-07-03,108.3499984741211,0.007844932958851247,True,2018,global,ensemble_top2_weighted_soft_vote,True,0.5376802945323076,True,downtrend
2018-07-05,106.3000030517578,0.02257755247020876,True,2018,global,ensemble_top2_weighted_soft_vote,True,0.5492672177870005,True,downtrend
2018-07-06,111.25,-0.03775278155723327,False,2018,global,ensemble_top2_weighted_soft_vote,True,0.54299997263638,False,normal
2018-07-09,112.1999969482422,-0.04233511701601178,False,2018,global,ensemble_top2_weighted_soft_vote,True,0.5446961128985046,False,normal
2018-07-10,111.9499969482422,-0.05582849638566367,False,2018,global,ensemble_top2_weighted_soft_vote,True,0.5418039195695521,False,normal
2018-07-11,109.1999969482422,-0.042124529328525395,False,2018,global,ensemble_top2_weighted_soft_vote,True,0.5375429043311704,False,downtrend
2018-07-12,108.6999969482422,-0.03173870326679884,False,2018,global,ensemble_top2_weighted_soft_vote,True,0.5545977165699018,False,downtrend
2018-07-13,107.0500030517578,0.03362913004664314,True,2018,global,ensemble_top2_weighted_soft_vote,True,0.56111769894033,True,downtrend
2018-07-16,107.4499969482422,0.0390879915953819,True,2018,global,ensemble_top2_weighted_soft_vote,True,0.601156413922409,True,downtrend
2018-07-17,105.6999969482422,0.049668875606219354,True,2018,global,ensemble_top2_weighted_soft_vote,True,0.6098828743302892,True,downtrend
2018-07-18,104.5999984741211,0.061185483931553986,True,2018,global,ensemble_top2_weighted_soft_vote,True,0.6056738238421582,True,downtrend
2018-07-19,105.25,0.04085513588368461,True,2018,global,ensemble_top2_weighted_soft_vote,True,0.6002659248394155,True,downtrend
2018-07-20,110.6500015258789,-0.0018075424751795577,False,2018,global,ensemble_top2_weighted_soft_vote,True,0.5905270915328308,False,normal
2018-07-23,111.6500015258789,-0.002239140139573159,False,2018,global,ensemble_top2_weighted_soft_vote,True,0.5852110405945329,False,normal
2018-07-24,110.9499969482422,-0.009463681399226265,False,2018,global,ensemble_top2_weighted_soft_vote,True,0.582706769825317,False,normal
2018-07-25,111.0,-0.026576549083263123,False,2018,global,ensemble_top2_weighted_soft_vote,True,0.5704314197244695,False,normal
2018-07-26,109.5500030517578,-0.02601557301800428,False,2018,global,ensemble_top2_weighted_soft_vote,True,0.5699900645475957,False,normal
2018-07-27,110.4499969482422,-0.024445423475271233,False,2018,global,ensemble_top2_weighted_soft_vote,True,0.5740542732525388,False,normal
2018-07-30,111.4000015258789,-0.023788164179363136,False,2018,global,ensemble_top2_weighted_soft_vote,True,0.5736100322732156,False,high_crop_weather_stress
2018-07-31,109.9000015258789,-0.00773428992101477,False,2018,global,ensemble_top2_weighted_soft_vote,True,0.5690052777647937,False,normal
2018-08-01,108.0500030517578,-0.001851037223394636,False,2018,global,ensemble_top2_weighted_soft_vote,True,0.5748068122010704,False,normal
2018-08-02,106.6999969482422,0.008903510822943383,True,2018,global,ensemble_top2_weighted_soft_vote,True,0.5767034848347209,True,downtrend
2018-08-03,107.75,-0.00696055684454755,False,2018,global,ensemble_top2_weighted_soft_vote,True,0.5818397460284834,False,normal
2018-08-06,108.75,-0.02298850574712641,False,2018,global,ensemble_top2_weighted_soft_vote,True,0.561637403807517,False,normal
2018-08-07,109.0500030517578,-0.03668042079835154,False,2018,global,ensemble_top2_weighted_soft_vote,True,0.5561644754391051,False,normal
2018-08-08,107.8499984741211,-0.05053312030922219,False,2018,global,ensemble_top2_weighted_soft_vote,True,0.5703117251336846,False,high_crop_weather_stress
2018-08-09,107.6500015258789,-0.05527175562748443,False,2018,global,ensemble_top2_weighted_soft_vote,True,0.569588768860872,False,high_crop_weather_stress
2018-08-10,107.0,-0.05420563599773642,False,2018,global,ensemble_top2_weighted_soft_vote,True,0.5704475612079299,False,high_crop_weather_stress
2018-08-13,106.25,-0.08470588235294119,False,2018,global,ensemble_top2_weighted_soft_vote,True,0.6009845354725344,False,high_crop_weather_stress
2018-08-14,105.0500030517578,-0.06758691953599893,False,2018,global,ensemble_top2_weighted_soft_vote,True,0.6093437035023859,False,high_crop_weather_stress
2018-08-15,102.4000015258789,-0.058593749126885086,False,2018,global,ensemble_top2_weighted_soft_vote,True,0.6250070380534708,False,high_crop_weather_stress
2018-08-16,101.6999969482422,-0.04424778893838288,False,2018,global,ensemble_top2_weighted_soft_vote,True,0.6116910737454253,False,high_crop_weather_stress
2018-08-17,101.1999969482422,-0.006422864783452886,False,2018,global,ensemble_top2_weighted_soft_vote,True,0.5548181791042073,False,high_crop_weather_stress
2018-08-20,97.25,0.04730075551795476,True,2018,global,ensemble_top2_weighted_soft_vote,True,0.5422801420789378,True,high_crop_weather_stress
2018-08-21,97.9499969482422,0.013272109160398893,True,2018,global,ensemble_top2_weighted_soft_vote,True,0.5331356623540314,True,high_crop_weather_stress
2018-08-22,96.4000015258789,0.02334024859321171,True,2018,global,ensemble_top2_weighted_soft_vote,True,0.5383910813322749,True,high_crop_weather_stress
2018-08-23,97.1999969482422,0.0180041157916071,True,2018,global,ensemble_top2_weighted_soft_vote,True,0.5340868632061984,True,high_crop_weather_stress
2018-08-24,100.5500030517578,-0.024366031857558146,False,2018,global,ensemble_top2_weighted_soft_vote,True,0.5379401748550373,False,high_crop_weather_stress
2018-08-27,101.8499984741211,-0.04025526299013993,False,2018,global,ensemble_top2_weighted_soft_vote,True,0.5505407521153821,False,high_crop_weather_stress
2018-08-28,99.25,0.008564216363940558,True,2018,global,ensemble_top2_weighted_soft_vote,True,0.5517030514215191,True,high_crop_weather_stress
2018-08-29,98.6500015258789,-0.0070958395013615005,False,2018,global,ensemble_top2_weighted_soft_vote,True,0.5588377306871535,False,high_crop_weather_stress
2018-08-30,98.9499969482422,-0.0015158554937890756,False,2018,global,ensemble_top2_weighted_soft_vote,True,0.5487722721421424,False,high_crop_weather_stress
2018-08-31,98.0999984741211,-0.006116192491882444,False,2018,global,ensemble_top2_weighted_soft_vote,True,0.5456549231331316,False,high_crop_weather_stress
2018-09-04,97.75,-0.015856808713634818,False,2018,global,ensemble_top2_weighted_soft_vote,True,0.5069206765256798,False,high_crop_weather_stress
2018-09-05,100.0999984741211,-0.02247752282015958,False,2018,global,ensemble_top2_weighted_soft_vote,False,0.4988395105138423,True,high_crop_weather_stress
2018-09-06,97.9499969482422,-0.015824353962791138,False,2018,global,ensemble_top2_weighted_soft_vote,True,0.5061246526523923,False,high_crop_weather_stress
2018-09-07,98.8000030517578,-0.03390694332024102,False,2018,global,ensemble_top2_weighted_soft_vote,True,0.5091133344090708,False,high_crop_weather_stress
2018-09-10,97.5,-0.041538492838541496,False,2018,global,ensemble_top2_weighted_soft_vote,True,0.548857504505783,False,high_crop_weather_stress
2018-09-11,96.1999969482422,-0.04365901332098687,False,2018,global,ensemble_top2_weighted_soft_vote,True,0.5510506273391319,False,high_crop_weather_stress
2018-09-12,97.8499984741211,-0.011752698454901234,False,2018,global,ensemble_top2_weighted_soft_vote,True,0.5436944471511127,False,high_crop_weather_stress
2018-09-13,96.4000015258789,0.03475102096571825,True,2018,global,ensemble_top2_weighted_soft_vote,True,0.6046445617390033,True,high_crop_weather_stress
2018-09-14,95.4499969482422,0.04662131712848261,True,2018,global,ensemble_top2_weighted_soft_vote,True,0.6172425389759295,True,high_crop_weather_stress
2018-09-17,93.4499969482422,0.05403962778677007,True,2018,global,ensemble_top2_weighted_soft_vote,True,0.6194770110458989,True,high_crop_weather_stress
2018-09-18,92.0,0.055434766023055415,True,2018,global,ensemble_top2_weighted_soft_vote,True,0.6135731914126592,True,high_crop_weather_stress
2018-09-19,96.6999969482422,0.010858356617320375,True,2018,global,ensemble_top2_weighted_soft_vote,True,0.6008781869372211,True,high_crop_weather_stress
2018-09-20,99.75,-0.0045112476014256275,False,2018,global,ensemble_top2_weighted_soft_vote,True,0.5838165416329719,False,high_crop_weather_stress
2018-09-21,99.9000015258789,0.0255254793134585,True,2018,global,ensemble_top2_weighted_soft_vote,True,0.5873846833592763,True,high_crop_weather_stress
2018-09-24,98.5,0.037563420794337166,True,2018,global,ensemble_top2_weighted_soft_vote,True,0.5998311501106113,True,high_crop_weather_stress
2018-09-25,97.0999984741211,0.10865090852261527,True,2018,global,ensemble_top2_weighted_soft_vote,True,0.6014891359781578,True,high_crop_weather_stress
2018-09-26,97.75,0.09053706878896262,True,2018,global,ensemble_top2_weighted_soft_vote,True,0.5986009895756201,True,high_crop_weather_stress
2018-09-27,99.3000030517578,0.07703921109143397,True,2018,global,ensemble_top2_weighted_soft_vote,True,0.5950277188869575,True,high_crop_weather_stress
2018-09-28,102.4499969482422,0.06344558510122567,True,2018,global,ensemble_top2_weighted_soft_vote,True,0.5230599896288456,True,high_crop_weather_stress
2018-10-01,102.1999969482422,0.09442271833692906,True,2018,global,ensemble_top2_weighted_soft_vote,False,0.475155050441724,False,high_crop_weather_stress
2018-10-02,107.6500015258789,0.05109149950804048,True,2018,global,ensemble_top2_weighted_soft_vote,False,0.47606674042067626,False,high_crop_weather_stress
2018-10-03,106.5999984741211,0.04971860344861523,True,2018,global,ensemble_top2_weighted_soft_vote,False,0.4849049324009174,False,high_crop_weather_stress
2018-10-04,106.9499969482422,0.055633517974911006,True,2018,global,ensemble_top2_weighted_soft_vote,False,0.4804291771425764,False,high_crop_weather_stress
2018-10-05,108.9499969482422,0.06975682713535147,True,2018,global,ensemble_top2_weighted_soft_vote,False,0.4767132892125093,False,high_crop_weather_stress
2018-10-08,111.8499984741211,0.06705409121427297,True,2018,global,ensemble_top2_weighted_soft_vote,False,0.47758874240217813,False,high_crop_weather_stress
2018-10-09,113.1500015258789,0.03977021599041497,True,2018,global,ensemble_top2_weighted_soft_vote,False,0.4782769752601001,False,high_crop_weather_stress
2018-10-10,111.9000015258789,0.0951742750728728,True,2018,global,ensemble_top2_weighted_soft_vote,True,0.5137858905113748,True,high_crop_weather_stress
2018-10-11,112.9000015258789,0.08104518513918291,True,2018,global,ensemble_top2_weighted_soft_vote,True,0.5098500995216936,True,uptrend
2018-10-12,116.5500030517578,0.04761900709602429,True,2018,global,ensemble_top2_weighted_soft_vote,False,0.49917979682602953,False,uptrend
2018-10-15,119.3499984741211,-0.014243795307720908,False,2018,global,ensemble_top2_weighted_soft_vote,True,0.5009032621326043,False,uptrend
2018-10-16,117.6500015258789,0.029324240573709748,True,2018,global,ensemble_top2_weighted_soft_vote,True,0.5010175796589442,True,uptrend
2018-10-17,122.5500030517578,-0.01876787429198523,False,2018,global,ensemble_top2_weighted_soft_vote,False,0.4999360895534285,True,uptrend
2018-10-18,122.0500030517578,-0.0073740393557977235,False,2018,global,ensemble_top2_weighted_soft_vote,False,0.4821633706857788,True,uptrend
2018-10-19,122.0999984741211,-0.02006549532235624,False,2018,global,ensemble_top2_weighted_soft_vote,False,0.48143562585087324,True,uptrend
2018-10-22,117.6500015258789,-0.028899290112894938,False,2018,global,ensemble_top2_weighted_soft_vote,False,0.4883553471601621,True,uptrend
2018-10-23,121.0999984741211,-0.07184142904924451,False,2018,global,ensemble_top2_weighted_soft_vote,False,0.4752134366950361,True,uptrend
2018-10-24,120.25,-0.06278588816430597,False,2018,global,ensemble_top2_weighted_soft_vote,False,0.4797622361200093,True,uptrend
2018-10-25,121.1500015258789,-0.02765165853840712,False,2018,global,ensemble_top2_weighted_soft_vote,False,0.48177538351106314,True,uptrend
2018-10-26,119.6500015258789,0.0033430967052046068,True,2018,global,ensemble_top2_weighted_soft_vote,False,0.48309123186258307,False,uptrend
2018-10-29,114.25,0.02494528204919999,True,2018,global,ensemble_top2_weighted_soft_vote,False,0.4844569010901559,False,high_volatility
2018-10-30,112.4000015258789,0.007562263901975008,True,2018,global,ensemble_top2_weighted_soft_vote,False,0.48443561418798137,False,uptrend
2018-10-31,112.6999969482422,0.025732046179297807,True,2018,global,ensemble_top2_weighted_soft_vote,False,0.47774049786268263,False,uptrend
2018-11-01,117.8000030517578,-0.00976232169852842,False,2018,global,ensemble_top2_weighted_soft_vote,False,0.4794054345599817,True,high_volatility
2018-11-02,120.0500030517578,-0.05164518467328705,False,2018,global,ensemble_top2_weighted_soft_vote,False,0.47123203320578994,True,high_volatility
2018-11-05,117.0999984741211,-0.059350956778860486,False,2018,global,ensemble_top2_weighted_soft_vote,False,0.4740752433375733,True,high_volatility
2018-11-06,113.25,-0.03576161635106223,False,2018,global,ensemble_top2_weighted_soft_vote,False,0.48031337807340574,True,high_volatility
2018-11-07,115.5999984741211,-0.025519005079421286,False,2018,global,ensemble_top2_weighted_soft_vote,False,0.48465724569868707,True,high_volatility
2018-11-08,116.6500015258789,-0.056579497537828094,False,2018,global,ensemble_top2_weighted_soft_vote,False,0.4909986047892506,True,high_volatility
2018-11-09,113.8499984741211,-0.010979358952597051,False,2018,global,ensemble_top2_weighted_soft_vote,True,0.5100637434049479,False,high_volatility
2018-11-12,110.1500015258789,0.019972736430015514,True,2018,global,ensemble_top2_weighted_soft_vote,True,0.5090090140536864,True,high_volatility
2018-11-13,109.1999969482422,0.013278430569223953,True,2018,global,ensemble_top2_weighted_soft_vote,True,0.5070603701361205,True,high_volatility
2018-11-14,112.6500015258789,-0.020861060295514045,False,2018,global,ensemble_top2_weighted_soft_vote,True,0.5024743267785122,False,high_volatility
2018-11-15,110.0500030517578,-0.026351671471694482,False,2018,global,ensemble_top2_weighted_soft_vote,True,0.5102063114669027,False,high_volatility
2018-11-16,112.5999984741211,-0.04973355728249096,False,2018,global,ensemble_top2_weighted_soft_vote,False,0.4961556719526755,True,high_volatility
2018-11-19,112.3499984741211,-0.025367142971324252,False,2018,global,ensemble_top2_weighted_soft_vote,True,0.5434671172698053,False,high_volatility
2018-11-20,110.6500015258789,-0.004970655618374953,False,2018,global,ensemble_top2_weighted_soft_vote,True,0.5509627721354405,False,high_volatility
2018-11-21,110.3000030517578,-0.016319156862698914,False,2018,global,ensemble_top2_weighted_soft_vote,True,0.5491655990262435,False,high_volatility
2018-11-23,107.1500015258789,-0.03639758721736441,False,2018,global,ensemble_top2_weighted_soft_vote,True,0.5509648129052471,False,high_volatility
2018-11-26,107.0,-0.032710280373831724,False,2018,global,ensemble_top2_weighted_soft_vote,True,0.5210554348350153,False,high_volatility
2018-11-27,109.5,-0.06940637875909672,False,2018,global,ensemble_top2_weighted_soft_vote,True,0.5186390285265033,False,high_volatility
2018-11-28,110.0999984741211,-0.08583103614177978,False,2018,global,ensemble_top2_weighted_soft_vote,True,0.5195546373588048,False,normal
2018-11-29,108.5,-0.08940089353218617,False,2018,global,ensemble_top2_weighted_soft_vote,True,0.522683490186498,False,high_volatility
2018-11-30,103.25,-0.027118673624772827,False,2018,global,ensemble_top2_weighted_soft_vote,True,0.5212102579598512,False,normal
2018-12-03,103.5,-0.05652172438764347,False,2018,global,ensemble_top2_weighted_soft_vote,True,0.5431667526230229,False,normal
2018-12-04,101.9000015258789,-0.04072621652341146,False,2018,global,ensemble_top2_weighted_soft_vote,True,0.5429185367852438,False,downtrend
2018-12-06,100.6500015258789,-0.01838051113834749,False,2018,global,ensemble_top2_weighted_soft_vote,True,0.5523077890425448,False,downtrend
2018-12-07,98.8000030517578,-0.018724757554374194,False,2018,global,ensemble_top2_weighted_soft_vote,True,0.5572214668560053,False,downtrend
2018-12-10,100.4499969482422,-0.05724241089785942,False,2018,global,ensemble_top2_weighted_soft_vote,True,0.5619744344761226,False,downtrend
2018-12-11,97.6500015258789,-0.03379419355035296,False,2018,global,ensemble_top2_weighted_soft_vote,True,0.566377328861233,False,downtrend
2018-12-12,97.75,0.0317135393771979,True,2018,global,ensemble_top2_weighted_soft_vote,True,0.5611718179558374,True,downtrend
2018-12-13,98.8000030517578,0.03744936066756899,True,2018,global,ensemble_top2_weighted_soft_vote,True,0.5624395721874755,True,downtrend
2018-12-14,96.9499969482422,0.028365137561253473,True,2018,global,ensemble_top2_weighted_soft_vote,True,0.5678695879053196,True,downtrend
2018-12-17,94.6999969482422,0.07919746823327878,True,2018,global,ensemble_top2_weighted_soft_vote,True,0.561580657792936,True,downtrend
2018-12-18,94.3499984741211,0.10121889990678956,True,2018,global,ensemble_top2_weighted_soft_vote,True,0.5597920382242236,True,downtrend
2018-12-19,100.8499984741211,0.00892416003466634,True,2018,global,ensemble_top2_weighted_soft_vote,True,0.5291596670579205,True,high_volatility
2018-12-20,102.5,-0.015121980992758965,False,2018,global,ensemble_top2_weighted_soft_vote,True,0.519891432956497,False,high_volatility
2018-12-21,99.6999969482422,0.021564710047032642,True,2018,global,ensemble_top2_weighted_soft_vote,True,0.5288036856899416,True,high_volatility
2018-12-24,102.1999969482422,-0.026418757620996547,False,2018,global,ensemble_top2_weighted_soft_vote,True,0.522244185757367,False,high_volatility
2018-12-26,103.9000015258789,-0.01684311813570205,False,2018,global,ensemble_top2_weighted_soft_vote,True,0.5223995683381707,False,high_volatility
2018-12-27,101.75,-0.001474216470554346,False,2018,global,ensemble_top2_weighted_soft_vote,True,0.5295010057479714,False,high_volatility
2018-12-28,100.9499969482422,0.017830639981897933,True,2018,global,ensemble_top2_weighted_soft_vote,True,0.5383302469991179,True,high_volatility
2018-12-31,101.8499984741211,0.031418798483829,True,2018,global,ensemble_top2_weighted_soft_vote,True,0.5279902936082559,True,high_volatility
2019-01-02,99.5,0.05829148795736483,True,2019,regime_specific,per_regime_ExtraTreesClassifier,True,0.5184627477754591,True,high_volatility
2019-01-03,102.1500015258789,0.020557987692140012,True,2019,regime_specific,per_regime_ExtraTreesClassifier,True,0.5178802297278575,True,high_volatility
2019-01-04,101.5999984741211,0.022145669623933273,True,2019,regime_specific,per_regime_ExtraTreesClassifier,True,0.5012370615719529,True,high_volatility
2019-01-07,102.75,0.0,False,2019,regime_specific,per_regime_ExtraTreesClassifier,True,0.5045886589088386,False,high_volatility
2019-01-08,105.0500030517578,-0.03569728596916255,False,2019,regime_specific,per_regime_ExtraTreesClassifier,True,0.5069751346030099,False,high_volatility
2019-01-09,105.3000030517578,-0.02754037456630898,False,2019,regime_specific,per_regime_ExtraTreesClassifier,True,0.5029446876179419,False,high_volatility
2019-01-10,104.25,-0.017745788720586075,False,2019,regime_specific,per_regime_ExtraTreesClassifier,True,0.5011646741615149,False,high_volatility
2019-01-11,103.8499984741211,0.01059218575140597,True,2019,regime_specific,per_regime_ExtraTreesClassifier,False,0.4933841691607154,False,high_volatility
2019-01-14,102.75,0.005839401207991202,True,2019,regime_specific,per_regime_ExtraTreesClassifier,False,0.4638121321233074,False,high_volatility
2019-01-15,101.3000030517578,0.020730487767588235,True,2019,regime_specific,per_regime_ExtraTreesClassifier,False,0.4455932960411015,False,high_volatility
2019-01-16,102.4000015258789,0.028320326979155208,True,2019,regime_specific,per_regime_ExtraTreesClassifier,False,0.4413739248421858,False,normal
2019-01-17,102.4000015258789,0.04296876426087648,True,2019,regime_specific,per_regime_ExtraTreesClassifier,False,0.44444863047032723,False,normal
2019-01-18,104.9499969482422,-0.021915154733139985,False,2019,regime_specific,per_regime_ExtraTreesClassifier,False,0.4539269852664539,True,normal
2019-01-22,103.3499984741211,-0.007256894156489002,False,2019,regime_specific,per_regime_ExtraTreesClassifier,False,0.45954517467838507,True,normal
2019-01-23,103.4000015258789,-0.012572563177694396,False,2019,regime_specific,per_regime_ExtraTreesClassifier,True,0.5175901173417622,False,high_crop_weather_stress
2019-01-24,105.3000030517578,0.005697991042091344,True,2019,regime_specific,per_regime_ExtraTreesClassifier,True,0.5238177597903867,True,high_crop_weather_stress
2019-01-25,106.8000030517578,-0.0290262735480753,False,2019,regime_specific,per_regime_ExtraTreesClassifier,True,0.5232224412051631,False,high_crop_weather_stress
2019-01-28,102.6500015258789,0.028738401406632974,True,2019,regime_specific,per_regime_ExtraTreesClassifier,True,0.5319887106729552,True,high_crop_weather_stress
2019-01-29,102.5999984741211,0.021929824887546356,True,2019,regime_specific,per_regime_ExtraTreesClassifier,True,0.5443673577360342,True,high_crop_weather_stress
2019-01-30,102.0999984741211,0.03330070104497307,True,2019,regime_specific,per_regime_ExtraTreesClassifier,False,0.472554801510389,False,normal
2019-01-31,105.9000015258789,-0.01510857838590407,False,2019,regime_specific,per_regime_ExtraTreesClassifier,False,0.46326178999650236,True,normal
2019-02-01,103.6999969482422,-0.010607507295011143,False,2019,regime_specific,per_regime_ExtraTreesClassifier,False,0.46961638968014224,True,normal
2019-02-04,105.5999984741211,-0.051136378824875095,False,2019,regime_specific,per_regime_ExtraTreesClassifier,False,0.45977327459439593,True,normal
2019-02-05,104.8499984741211,-0.04196472665628981,False,2019,regime_specific,per_regime_ExtraTreesClassifier,False,0.4519209440992314,True,normal
2019-02-06,105.5,-0.06255922724285401,False,2019,regime_specific,per_regime_ExtraTreesClassifier,False,0.4443972829595041,True,normal
2019-02-07,104.3000030517578,-0.061840885799744005,False,2019,regime_specific,per_regime_ExtraTreesClassifier,False,0.43173723229064603,True,normal
2019-02-08,102.5999984741211,-0.04532165297304336,False,2019,regime_specific,per_regime_ExtraTreesClassifier,False,0.4305297654103599,True,normal
2019-02-11,100.1999969482422,-0.029940120672355297,False,2019,regime_specific,per_regime_ExtraTreesClassifier,True,0.59084735273147,False,high_crop_weather_stress
2019-02-12,100.4499969482422,-0.028870024734581667,False,2019,regime_specific,per_regime_ExtraTreesClassifier,True,0.5771598924538034,False,high_crop_weather_stress
2019-02-13,98.9000015258789,-0.028311456102709354,False,2019,regime_specific,per_regime_ExtraTreesClassifier,True,0.5759040897258139,False,high_crop_weather_stress
2019-02-14,97.8499984741211,-0.01430762951160558,False,2019,regime_specific,per_regime_ExtraTreesClassifier,True,0.5905889032635552,False,high_crop_weather_stress
2019-02-15,97.9499969482422,-0.015824353962791138,False,2019,regime_specific,per_regime_ExtraTreesClassifier,True,0.5811244296027176,False,high_crop_weather_stress
2019-02-19,97.1999969482422,-0.0375513787148366,False,2019,regime_specific,per_regime_ExtraTreesClassifier,True,0.5788754556851136,False,high_crop_weather_stress
2019-02-20,97.5500030517578,-0.01896469549605273,False,2019,regime_specific,per_regime_ExtraTreesClassifier,True,0.5758566899053237,False,high_crop_weather_stress
2019-02-21,96.0999984741211,-0.009365260563674815,False,2019,regime_specific,per_regime_ExtraTreesClassifier,True,0.5909952454081606,False,high_crop_weather_stress
2019-02-22,96.4499969482422,0.005184033341839367,True,2019,regime_specific,per_regime_ExtraTreesClassifier,True,0.594230639966587,True,high_crop_weather_stress
2019-02-25,96.4000015258789,-0.02385895244141012,False,2019,regime_specific,per_regime_ExtraTreesClassifier,True,0.6172099401307984,False,high_crop_weather_stress
2019-02-26,93.5500030517578,0.030999399271851802,True,2019,regime_specific,per_regime_ExtraTreesClassifier,True,0.6237452778339185,True,high_crop_weather_stress
2019-02-27,95.6999969482422,-0.002089832336675701,False,2019,regime_specific,per_regime_ExtraTreesClassifier,True,0.6244626632350544,False,high_crop_weather_stress
2019-02-28,95.1999969482422,-0.016281465042546017,False,2019,regime_specific,per_regime_ExtraTreesClassifier,True,0.6305475493131909,False,high_crop_weather_stress
2019-03-01,96.9499969482422,-0.017019019581457795,False,2019,regime_specific,per_regime_ExtraTreesClassifier,True,0.6357861959341532,False,high_crop_weather_stress
2019-03-04,94.0999984741211,-0.0010626830578386315,False,2019,regime_specific,per_regime_ExtraTreesClassifier,True,0.6514794551031725,False,high_crop_weather_stress
2019-03-05,96.4499969482422,-0.0378433801137712,False,2019,regime_specific,per_regime_ExtraTreesClassifier,True,0.6536808305032328,False,high_crop_weather_stress
2019-03-06,95.5,-0.01099479635348477,False,2019,regime_specific,per_regime_ExtraTreesClassifier,True,0.6619400929885226,False,high_crop_weather_stress
2019-03-07,93.6500015258789,0.003203368045652466,True,2019,regime_specific,per_regime_ExtraTreesClassifier,True,0.6558406983082546,True,high_crop_weather_stress
2019-03-08,95.3000030517578,-0.007345273402106112,False,2019,regime_specific,per_regime_ExtraTreesClassifier,True,0.6525941754217417,False,high_crop_weather_stress
2019-03-11,94.0,-0.0037233880225647775,False,2019,regime_specific,per_regime_ExtraTreesClassifier,True,0.6293557612214833,False,high_crop_weather_stress
2019-03-12,92.8000030517578,0.007004244343848498,True,2019,regime_specific,per_regime_ExtraTreesClassifier,True,0.623364526665405,True,high_crop_weather_stress
2019-03-13,94.4499969482422,0.0031763161614732915,True,2019,regime_specific,per_regime_ExtraTreesClassifier,True,0.6182310203437378,True,high_crop_weather_stress
2019-03-14,93.9499969482422,0.009047430879469465,True,2019,regime_specific,per_regime_ExtraTreesClassifier,True,0.6137432614202248,True,high_crop_weather_stress
2019-03-15,94.5999984741211,-0.007399545026775867,False,2019,regime_specific,per_regime_ExtraTreesClassifier,True,0.6022889990870675,False,high_crop_weather_stress
2019-03-18,93.6500015258789,0.006406817558409772,True,2019,regime_specific,per_regime_ExtraTreesClassifier,True,0.5977123376919208,True,high_crop_weather_stress
2019-03-19,93.4499969482422,0.020331745189154038,True,2019,regime_specific,per_regime_ExtraTreesClassifier,True,0.6000363728593332,True,high_crop_weather_stress
2019-03-20,94.75,-0.00949869684304916,False,2019,regime_specific,per_regime_ExtraTreesClassifier,True,0.6020795422005498,False,high_crop_weather_stress
2019-03-21,94.8000030517578,-0.008438850485279259,False,2019,regime_specific,per_regime_ExtraTreesClassifier,True,0.6122461515861285,False,high_crop_weather_stress
2019-03-22,93.9000015258789,0.006389760003951972,True,2019,regime_specific,per_regime_ExtraTreesClassifier,True,0.6176394039667116,True,high_crop_weather_stress
2019-03-25,94.25,-0.02281168727722982,False,2019,regime_specific,per_regime_ExtraTreesClassifier,True,0.6228097556233804,False,high_crop_weather_stress
2019-03-26,95.3499984741211,-0.038804373439464745,False,2019,regime_specific,per_regime_ExtraTreesClassifier,True,0.6092734162757886,False,high_crop_weather_stress
2019-03-27,93.8499984741211,0.015982951778242382,True,2019,regime_specific,per_regime_ExtraTreesClassifier,True,0.6117937323156899,True,high_crop_weather_stress
2019-03-28,94.0,0.013829819699550994,True,2019,regime_specific,per_regime_ExtraTreesClassifier,True,0.60302813005247,True,high_crop_weather_stress
2019-03-29,94.5,-0.013756646050347099,False,2019,regime_specific,per_regime_ExtraTreesClassifier,True,0.5952934331776938,False,high_crop_weather_stress
2019-04-01,92.0999984741211,0.009229082390918242,True,2019,regime_specific,per_regime_ExtraTreesClassifier,True,0.5962565639323842,True,high_crop_weather_stress
2019-04-02,91.6500015258789,0.021822149118407408,True,2019,regime_specific,per_regime_ExtraTreesClassifier,True,0.5925954832608049,True,high_crop_weather_stress
2019-04-03,95.3499984741211,-0.01153642885919548,False,2019,regime_specific,per_regime_ExtraTreesClassifier,True,0.576433306576972,False,high_crop_weather_stress
2019-04-04,95.3000030517578,-0.052990586464253586,False,2019,regime_specific,per_regime_ExtraTreesClassifier,True,0.575128151392404,False,high_crop_weather_stress
2019-04-05,93.1999969482422,-0.03004287032239117,False,2019,regime_specific,per_regime_ExtraTreesClassifier,True,0.5717649258817286,False,high_crop_weather_stress
2019-04-08,92.9499969482422,-0.016675583359366697,False,2019,regime_specific,per_regime_ExtraTreesClassifier,True,0.5680192686513202,False,high_crop_weather_stress
2019-04-09,93.6500015258789,-0.03363589401553235,False,2019,regime_specific,per_regime_ExtraTreesClassifier,True,0.5754632013293357,False,high_crop_weather_stress
2019-04-10,94.25,-0.07639254056490385,False,2019,regime_specific,per_regime_ExtraTreesClassifier,True,0.5761346694536574,False,high_crop_weather_stress
2019-04-11,90.25,-0.0005540504349894615,False,2019,regime_specific,per_regime_ExtraTreesClassifier,True,0.5871927251383977,False,high_crop_weather_stress
2019-04-12,90.4000015258789,0.007743328942774408,True,2019,regime_specific,per_regime_ExtraTreesClassifier,True,0.6006303580248459,True,high_crop_weather_stress
2019-04-15,91.4000015258789,0.0010940751909371826,True,2019,regime_specific,per_regime_ExtraTreesClassifier,True,0.5848096769102501,True,high_crop_weather_stress
2019-04-16,90.5,-0.0005525199089259081,False,2019,regime_specific,per_regime_ExtraTreesClassifier,True,0.5938975336331321,False,high_crop_weather_stress
2019-04-17,87.05000305175781,0.05743825186343887,True,2019,regime_specific,per_regime_ExtraTreesClassifier,True,0.5974215883012955,True,high_crop_weather_stress
2019-04-18,90.1999969482422,0.02771618719049984,True,2019,regime_specific,per_regime_ExtraTreesClassifier,True,0.583851327869853,True,high_crop_weather_stress
2019-04-22,91.0999984741211,0.002744237148050166,True,2019,regime_specific,per_regime_ExtraTreesClassifier,True,0.6168012360931568,True,high_crop_weather_stress
2019-04-23,91.5,0.0038251199357497434,True,2019,regime_specific,per_regime_ExtraTreesClassifier,True,0.6156911225831192,True,high_crop_weather_stress
2019-04-24,90.4499969482422,-0.007186223531398639,False,2019,regime_specific,per_regime_ExtraTreesClassifier,True,0.5913036571500836,False,high_crop_weather_stress
2019-04-25,92.0500030517578,-0.01955462240175798,False,2019,regime_specific,per_regime_ExtraTreesClassifier,True,0.5853108772927764,False,high_crop_weather_stress
2019-04-26,92.6999969482422,-0.03721679678337486,False,2019,regime_specific,per_regime_ExtraTreesClassifier,True,0.5783160586912345,False,high_crop_weather_stress
2019-04-29,91.3499984741211,-0.02791456447682017,False,2019,regime_specific,per_regime_ExtraTreesClassifier,True,0.5719571148348854,False,high_crop_weather_stress
2019-04-30,91.8499984741211,-0.0566140123530573,False,2019,regime_specific,per_regime_ExtraTreesClassifier,True,0.574746725111385,False,high_crop_weather_stress
2019-05-01,89.80000305175781,-0.028953296382596583,False,2019,regime_specific,per_regime_ExtraTreesClassifier,True,0.5793080190527313,False,high_crop_weather_stress
2019-05-02,90.25,-0.008310249307479256,False,2019,regime_specific,per_regime_ExtraTreesClassifier,True,0.5679639882500207,False,high_crop_weather_stress
2019-05-03,89.25,0.002240862165178603,True,2019,regime_specific,per_regime_ExtraTreesClassifier,True,0.5726204981327813,True,high_crop_weather_stress
2019-05-06,88.80000305175781,-0.00619372784747807,False,2019,regime_specific,per_regime_ExtraTreesClassifier,True,0.5498542508643792,False,high_crop_weather_stress
2019-05-07,86.6500015258789,0.033467991630822924,True,2019,regime_specific,per_regime_ExtraTreesClassifier,True,0.5500497000073904,True,high_crop_weather_stress
2019-05-08,87.19999694824219,0.030963356331759062,True,2019,regime_specific,per_regime_ExtraTreesClassifier,True,0.5596114895678628,True,high_crop_weather_stress
2019-05-09,89.5,0.005586592178770999,True,2019,regime_specific,per_regime_ExtraTreesClassifier,True,0.5462429368908867,True,high_crop_weather_stress
2019-05-10,89.44999694824219,-0.02347678642556239,False,2019,regime_specific,per_regime_ExtraTreesClassifier,True,0.518358602178194,False,high_crop_weather_stress
2019-05-13,88.25,0.0,False,2019,regime_specific,per_regime_ExtraTreesClassifier,True,0.5537675380930793,False,high_crop_weather_stress
2019-05-14,89.55000305175781,0.03740925025077746,True,2019,regime_specific,per_regime_ExtraTreesClassifier,True,0.5383842918048406,True,high_crop_weather_stress
2019-05-15,89.9000015258789,0.020578403144838164,True,2019,regime_specific,per_regime_ExtraTreesClassifier,True,0.5406194835821272,True,high_crop_weather_stress
2019-05-16,90.0,0.03888888888888897,True,2019,regime_specific,per_regime_ExtraTreesClassifier,True,0.5431704148165649,True,high_crop_weather_stress
2019-05-17,87.3499984741211,0.06811682520406093,True,2019,regime_specific,per_regime_ExtraTreesClassifier,True,0.5551451968852611,True,high_crop_weather_stress
2019-05-20,88.25,0.08838530370263786,True,2019,regime_specific,per_regime_ExtraTreesClassifier,True,0.5120837798374184,True,high_crop_weather_stress
2019-05-21,92.9000015258789,0.0710441158849986,True,2019,regime_specific,per_regime_ExtraTreesClassifier,False,0.4884391173109998,False,high_crop_weather_stress
2019-05-22,91.75,0.11553131851903098,True,2019,regime_specific,per_regime_ExtraTreesClassifier,False,0.49875019167038404,False,high_crop_weather_stress
2019-05-23,93.5,0.11871656122054652,True,2019,regime_specific,per_regime_ExtraTreesClassifier,False,0.49075285891305903,False,high_crop_weather_stress
2019-05-24,93.3000030517578,0.11200425087280119,True,2019,regime_specific,per_regime_ExtraTreesClassifier,False,0.49069553270381683,False,high_crop_weather_stress
2019-05-28,96.0500030517578,0.0999479247173789,True,2019,regime_specific,per_regime_ExtraTreesClassifier,False,0.49244414377401624,False,high_crop_weather_stress
2019-05-29,99.5,-0.00402011583797901,False,2019,regime_specific,per_regime_ExtraTreesClassifier,False,0.4958993334691632,True,high_crop_weather_stress
2019-05-30,102.3499984741211,-0.0029310740286835335,False,2019,regime_specific,per_regime_ExtraTreesClassifier,False,0.48793434974056055,True,high_crop_weather_stress
2019-05-31,104.5999984741211,-0.03489485257288916,False,2019,regime_specific,per_regime_ExtraTreesClassifier,False,0.48533414520740953,True,high_crop_weather_stress
2019-06-03,103.75,-0.049638568924133986,False,2019,regime_specific,per_regime_ExtraTreesClassifier,False,0.48802353161138684,True,high_crop_weather_stress
2019-06-04,105.6500015258789,-0.08187412589634557,False,2019,regime_specific,per_regime_ExtraTreesClassifier,False,0.4827905243513294,True,high_crop_weather_stress
2019-06-05,99.0999984741211,-0.0005044946834822372,False,2019,regime_specific,per_regime_ExtraTreesClassifier,True,0.5007885328759472,False,high_crop_weather_stress
2019-06-06,102.0500030517578,-0.04605589845257474,False,2019,regime_specific,per_regime_ExtraTreesClassifier,True,0.501870653281867,False,high_crop_weather_stress
2019-06-07,100.9499969482422,-0.04903414658625593,False,2019,regime_specific,per_regime_ExtraTreesClassifier,True,0.5050717676508844,False,high_crop_weather_stress
2019-06-10,98.5999984741211,-0.02586202293940787,False,2019,regime_specific,per_regime_ExtraTreesClassifier,False,0.49602225672914774,True,high_crop_weather_stress
2019-06-11,97.0,-0.027835020084971185,False,2019,regime_specific,per_regime_ExtraTreesClassifier,False,0.48161618353790664,True,high_volatility
2019-06-12,99.0500030517578,-0.028268581176061902,False,2019,regime_specific,per_regime_ExtraTreesClassifier,False,0.47513168289465113,True,high_volatility
2019-06-13,97.3499984741211,0.038007238167756974,True,2019,regime_specific,per_regime_ExtraTreesClassifier,False,0.4781606638267459,False,high_volatility
2019-06-14,96.0,0.039583365122477066,True,2019,regime_specific,per_regime_ExtraTreesClassifier,False,0.4751249963679514,False,high_volatility
2019-06-17,96.0500030517578,0.06194686891405898,True,2019,regime_specific,per_regime_ExtraTreesClassifier,True,0.5020459928261317,True,high_volatility
2019-06-18,94.3000030517578,0.12884404563397234,True,2019,regime_specific,per_regime_ExtraTreesClassifier,False,0.49561425997471903,False,high_volatility
2019-06-19,96.25,0.08987014572341723,True,2019,regime_specific,per_regime_ExtraTreesClassifier,True,0.5017952737785379,True,high_volatility
2019-06-20,101.0500030517578,0.04453240835326944,True,2019,regime_specific,per_regime_ExtraTreesClassifier,False,0.4885368256291257,False,high_volatility
2019-06-21,99.8000030517578,0.08466930550953888,True,2019,regime_specific,per_regime_ExtraTreesClassifier,False,0.49272974985660467,False,high_volatility
2019-06-24,102.0,0.07990197574391078,True,2019,regime_specific,per_regime_ExtraTreesClassifier,False,0.482391266108025,False,high_volatility
2019-06-25,106.4499969482422,0.016909376264547804,True,2019,regime_specific,per_regime_ExtraTreesClassifier,False,0.48190441053141836,False,high_volatility
2019-06-26,104.9000015258789,0.07006671465403014,True,2019,regime_specific,per_regime_ExtraTreesClassifier,False,0.4858029084668658,False,high_volatility
2019-06-27,105.5500030517578,0.03694925422760997,True,2019,regime_specific,per_regime_ExtraTreesClassifier,False,0.4686326083654108,False,high_volatility
2019-06-28,108.25,-0.0323325635103926,False,2019,regime_specific,per_regime_ExtraTreesClassifier,False,0.46392071439829546,True,high_volatility
2019-07-01,110.1500015258789,-0.038583748898101455,False,2019,regime_specific,per_regime_ExtraTreesClassifier,False,0.43432737792572707,True,high_volatility
2019-07-02,108.25,-0.03602772772174512,False,2019,regime_specific,per_regime_ExtraTreesClassifier,False,0.4432321511402246,True,high_volatility
2019-07-03,112.25,-0.060133630289532336,False,2019,regime_specific,per_regime_ExtraTreesClassifier,False,0.44317760756908686,True,high_volatility
2019-07-05,109.4499969482422,-0.03883051730014919,False,2019,regime_specific,per_regime_ExtraTreesClassifier,False,0.43891777175223345,True,high_volatility
2019-07-08,104.75,0.0386635136205995,True,2019,regime_specific,per_regime_ExtraTreesClassifier,False,0.4562685013132041,False,high_volatility
2019-07-09,105.9000015258789,-0.01699719571125735,False,2019,regime_specific,per_regime_ExtraTreesClassifier,False,0.4564313715649301,True,high_volatility
2019-07-10,104.3499984741211,0.015332999497052358,True,2019,regime_specific,per_regime_ExtraTreesClassifier,False,0.4601183727134454,False,high_volatility
2019-07-11,105.5,0.015639824889847498,True,2019,regime_specific,per_regime_ExtraTreesClassifier,False,0.45099518511123643,False,high_volatility
2019-07-12,105.1999969482422,0.0061787219081259614,True,2019,regime_specific,per_regime_ExtraTreesClassifier,False,0.44506828204713206,False,high_volatility
2019-07-15,108.8000030517578,-0.03400739406116149,False,2019,regime_specific,per_regime_ExtraTreesClassifier,False,0.45061839190559166,True,high_volatility
2019-07-16,104.0999984741211,-0.017291022562413993,False,2019,regime_specific,per_regime_ExtraTreesClassifier,False,0.46786484276610335,True,high_crop_weather_stress
2019-07-17,105.9499969482422,-0.04672012355658994,False,2019,regime_specific,per_regime_ExtraTreesClassifier,False,0.4647745587037014,True,high_crop_weather_stress
2019-07-18,107.1500015258789,-0.06066262162796254,False,2019,regime_specific,per_regime_ExtraTreesClassifier,False,0.46377827596514076,True,high_crop_weather_stress
2019-07-19,105.8499984741211,-0.05762870630189443,False,2019,regime_specific,per_regime_ExtraTreesClassifier,False,0.462286588290384,True,high_crop_weather_stress
2019-07-22,105.0999984741211,-0.03758322555270821,False,2019,regime_specific,per_regime_ExtraTreesClassifier,False,0.47063707022389256,True,high_crop_weather_stress
2019-07-23,102.3000030517578,-0.027370507998334626,False,2019,regime_specific,per_regime_ExtraTreesClassifier,False,0.47672458746439117,True,high_crop_weather_stress
2019-07-24,101.0,-0.013366321525951408,False,2019,regime_specific,per_regime_ExtraTreesClassifier,False,0.48246641392313205,True,high_crop_weather_stress
2019-07-25,100.6500015258789,-0.03378044187117779,False,2019,regime_specific,per_regime_ExtraTreesClassifier,False,0.48138573224071735,True,high_crop_weather_stress
2019-07-26,99.75,-0.01604008495359488,False,2019,regime_specific,per_regime_ExtraTreesClassifier,False,0.4874458943568097,True,high_crop_weather_stress
2019-07-29,101.1500015258789,-0.05437469023263275,False,2019,regime_specific,per_regime_ExtraTreesClassifier,False,0.4851540572397936,True,high_crop_weather_stress
2019-07-30,99.5,-0.02462308490695675,False,2019,regime_specific,per_regime_ExtraTreesClassifier,False,0.4944954401332858,True,high_crop_weather_stress
2019-07-31,99.6500015258789,-0.027596587635634218,False,2019,regime_specific,per_regime_ExtraTreesClassifier,True,0.5011943753878899,False,high_crop_weather_stress
2019-08-01,97.25,0.0015424321427137677,True,2019,regime_specific,per_regime_ExtraTreesClassifier,False,0.49633516701996305,False,high_crop_weather_stress
2019-08-02,98.1500015258789,-0.008660198277194997,False,2019,regime_specific,per_regime_ExtraTreesClassifier,True,0.5088734049904109,False,high_crop_weather_stress
2019-08-05,95.6500015258789,-0.019864103456023963,False,2019,regime_specific,per_regime_ExtraTreesClassifier,True,0.5126803655720654,False,high_crop_weather_stress
2019-08-06,97.0500030517578,-0.007212823860122786,False,2019,regime_specific,per_regime_ExtraTreesClassifier,False,0.47580507238435327,True,high_crop_weather_stress
2019-08-07,96.9000015258789,-0.0252838445723077,False,2019,regime_specific,per_regime_ExtraTreesClassifier,False,0.46467740648743533,True,high_crop_weather_stress
2019-08-08,97.4000015258789,-0.029260764162964303,False,2019,regime_specific,per_regime_ExtraTreesClassifier,False,0.4708293373697951,True,high_crop_weather_stress
2019-08-09,97.3000030517578,-0.045734886311047385,False,2019,regime_specific,per_regime_ExtraTreesClassifier,False,0.4706501652409172,True,high_crop_weather_stress
2019-08-12,93.75,-0.02773331705729165,False,2019,regime_specific,per_regime_ExtraTreesClassifier,False,0.4775002182746265,True,high_crop_weather_stress
2019-08-13,96.3499984741211,-0.05085626988561909,False,2019,regime_specific,per_regime_ExtraTreesClassifier,False,0.4775634777650322,True,high_crop_weather_stress
2019-08-14,94.4499969482422,-0.01694016438134871,False,2019,regime_specific,per_regime_ExtraTreesClassifier,False,0.49635446770557684,True,high_crop_weather_stress
2019-08-15,94.5500030517578,-0.011105267243439632,False,2019,regime_specific,per_regime_ExtraTreesClassifier,False,0.4921050543359107,True,high_crop_weather_stress
2019-08-16,92.8499984741211,-0.0026925148530797527,False,2019,regime_specific,per_regime_ExtraTreesClassifier,False,0.4917178341917421,True,high_crop_weather_stress
2019-08-19,91.1500015258789,0.03291278057903546,True,2019,regime_specific,per_regime_ExtraTreesClassifier,False,0.49581433506477723,False,high_crop_weather_stress
2019-08-20,91.4499969482422,0.025697169840755985,True,2019,regime_specific,per_regime_ExtraTreesClassifier,False,0.49512393558968915,False,high_crop_weather_stress
2019-08-21,92.8499984741211,0.01453956377282406,True,2019,regime_specific,per_regime_ExtraTreesClassifier,False,0.48725865881026714,False,high_crop_weather_stress
2019-08-22,93.5,-0.01711228314568014,False,2019,regime_specific,per_regime_ExtraTreesClassifier,False,0.4852005240728453,True,high_crop_weather_stress
2019-08-23,92.5999984741211,0.010799136247064522,True,2019,regime_specific,per_regime_ExtraTreesClassifier,False,0.4858702548200792,False,high_crop_weather_stress
2019-08-26,94.1500015258789,-0.019118460144294858,False,2019,regime_specific,per_regime_ExtraTreesClassifier,False,0.49429280740348686,True,high_crop_weather_stress
2019-08-27,93.8000030517578,-0.004264408452718027,False,2019,regime_specific,per_regime_ExtraTreesClassifier,True,0.5043564928781233,False,high_crop_weather_stress
2019-08-28,94.1999969482422,-0.021231423193133314,False,2019,regime_specific,per_regime_ExtraTreesClassifier,False,0.4968207421648755,True,high_crop_weather_stress
2019-08-29,91.9000015258789,0.021218682435963476,True,2019,regime_specific,per_regime_ExtraTreesClassifier,True,0.5044667189651989,True,high_crop_weather_stress
2019-08-30,93.5999984741211,0.014957281503225506,True,2019,regime_specific,per_regime_ExtraTreesClassifier,True,0.5047079617899647,True,high_crop_weather_stress
2019-09-03,92.3499984741211,0.0649702230550806,True,2019,regime_specific,per_regime_ExtraTreesClassifier,False,0.4970546214707665,False,high_crop_weather_stress
2019-09-04,93.4000015258789,0.07226980609983968,True,2019,regime_specific,per_regime_ExtraTreesClassifier,True,0.5218493237185984,True,high_crop_weather_stress
2019-09-05,92.1999969482422,0.08839481340171851,True,2019,regime_specific,per_regime_ExtraTreesClassifier,True,0.5265683424888432,True,high_crop_weather_stress
2019-09-06,93.8499984741211,0.060202467956745664,True,2019,regime_specific,per_regime_ExtraTreesClassifier,True,0.5327051085625872,True,high_crop_weather_stress
2019-09-09,95.0,0.06105266370271356,True,2019,regime_specific,per_regime_ExtraTreesClassifier,True,0.5517294395751177,True,high_crop_weather_stress
2019-09-10,98.3499984741211,-0.015251652498954549,False,2019,regime_specific,per_regime_ExtraTreesClassifier,True,0.5524310143805657,False,high_crop_weather_stress
2019-09-11,100.1500015258789,-0.03295060410862882,False,2019,regime_specific,per_regime_ExtraTreesClassifier,True,0.5485015974828643,False,high_crop_weather_stress
2019-09-12,100.3499984741211,-0.019930244448541523,False,2019,regime_specific,per_regime_ExtraTreesClassifier,True,0.5397523090596786,False,high_crop_weather_stress
2019-09-13,99.5,-0.011055261046443166,False,2019,regime_specific,per_regime_ExtraTreesClassifier,True,0.5252538106471168,False,high_crop_weather_stress
2019-09-16,100.8000030517578,-0.01785717259188524,False,2019,regime_specific,per_regime_ExtraTreesClassifier,True,0.5062445611399181,False,high_crop_weather_stress
2019-09-17,96.8499984741211,0.023748095900821165,True,2019,regime_specific,per_regime_ExtraTreesClassifier,False,0.4929979660419643,False,high_crop_weather_stress
2019-09-18,96.8499984741211,0.04233349033264733,True,2019,regime_specific,per_regime_ExtraTreesClassifier,False,0.46860175016027567,False,high_crop_weather_stress
2019-09-19,98.3499984741211,0.025419420831590767,True,2019,regime_specific,per_regime_ExtraTreesClassifier,False,0.45367160208734514,False,high_crop_weather_stress
2019-09-20,98.4000015258789,0.02540650367106445,True,2019,regime_specific,per_regime_ExtraTreesClassifier,False,0.43736243440392325,False,high_crop_weather_stress
2019-09-23,99.0,0.021717187130089854,True,2019,regime_specific,per_regime_ExtraTreesClassifier,False,0.4371086538988495,False,high_crop_weather_stress
2019-09-24,99.1500015258789,0.022188572005901186,True,2019,regime_specific,per_regime_ExtraTreesClassifier,False,0.4417668212932646,False,high_crop_weather_stress
2019-09-25,100.9499969482422,-0.003467047892042552,False,2019,regime_specific,per_regime_ExtraTreesClassifier,False,0.46637016761596256,True,high_crop_weather_stress
2019-09-26,100.8499984741211,0.011898905263192816,True,2019,regime_specific,per_regime_ExtraTreesClassifier,False,0.48158750140770484,False,high_crop_weather_stress
2019-09-27,100.9000015258789,-0.0188305401104637,False,2019,regime_specific,per_regime_ExtraTreesClassifier,False,0.48252182944101313,True,high_crop_weather_stress
2019-09-30,101.1500015258789,-0.04102819044265804,False,2019,regime_specific,per_regime_ExtraTreesClassifier,False,0.47864358336082996,True,high_crop_weather_stress
2019-10-01,101.3499984741211,-0.055747425860312894,False,2019,regime_specific,per_regime_ExtraTreesClassifier,False,0.467811098263696,True,high_crop_weather_stress
2019-10-02,100.5999984741211,-0.05119285888661029,False,2019,regime_specific,per_regime_ExtraTreesClassifier,False,0.4594777006559888,True,high_crop_weather_stress
2019-10-03,102.0500030517578,-0.08378248697769664,False,2019,regime_specific,per_regime_ExtraTreesClassifier,False,0.44402954662995386,True,high_crop_weather_stress
2019-10-04,99.0,-0.053535384361189875,False,2019,regime_specific,per_regime_ExtraTreesClassifier,False,0.4506618756209642,True,high_crop_weather_stress
2019-10-07,97.0,-0.02216496418431857,False,2019,regime_specific,per_regime_ExtraTreesClassifier,False,0.43452021756538806,True,high_crop_weather_stress
2019-10-08,95.6999969482422,-0.013061651409205788,False,2019,regime_specific,per_regime_ExtraTreesClassifier,False,0.43814260439911906,True,high_crop_weather_stress
2019-10-09,95.4499969482422,-0.019905646487497264,False,2019,regime_specific,per_regime_ExtraTreesClassifier,False,0.44942981852151337,True,high_crop_weather_stress
2019-10-10,93.5,-0.006417095979904697,False,2019,regime_specific,per_regime_ExtraTreesClassifier,False,0.4619366244873291,True,high_crop_weather_stress
2019-10-11,93.6999969482422,0.021344717877683106,True,2019,regime_specific,per_regime_ExtraTreesClassifier,False,0.4593335512144379,False,high_crop_weather_stress
2019-10-14,94.8499984741211,0.015814444113135817,True,2019,regime_specific,per_regime_ExtraTreesClassifier,False,0.44073856582921683,False,high_crop_weather_stress
2019-10-15,94.4499969482422,0.047114925584119005,True,2019,regime_specific,per_regime_ExtraTreesClassifier,False,0.4372944931908131,False,high_crop_weather_stress
2019-10-16,93.5500030517578,0.044895743572755276,True,2019,regime_specific,per_regime_ExtraTreesClassifier,False,0.43747217158516466,False,high_crop_weather_stress
2019-10-17,92.9000015258789,0.03821308249789834,True,2019,regime_specific,per_regime_ExtraTreesClassifier,False,0.4301926531541564,False,high_crop_weather_stress
2019-10-18,95.6999969482422,0.039184954227617474,True,2019,regime_specific,per_regime_ExtraTreesClassifier,False,0.4214874753504369,False,high_crop_weather_stress
2019-10-21,96.3499984741211,0.04307214936794801,True,2019,regime_specific,per_regime_ExtraTreesClassifier,False,0.4207259855582555,False,high_crop_weather_stress
2019-10-22,98.9000015258789,0.0005055148795949371,True,2019,regime_specific,per_regime_ExtraTreesClassifier,False,0.4360073231100187,False,high_crop_weather_stress
2019-10-23,97.75,0.016368270834998366,True,2019,regime_specific,per_regime_ExtraTreesClassifier,False,0.45559073677908724,False,high_crop_weather_stress
2019-10-24,96.4499969482422,0.057024366760233924,True,2019,regime_specific,per_regime_ExtraTreesClassifier,False,0.46433818850923086,False,high_crop_weather_stress
2019-10-25,99.4499969482422,0.0457516660772328,True,2019,regime_specific,per_regime_ExtraTreesClassifier,False,0.4451400638549668,False,high_crop_weather_stress
2019-10-28,100.5,0.03134329876496422,True,2019,regime_specific,per_regime_ExtraTreesClassifier,False,0.4386735285781177,False,high_crop_weather_stress
2019-10-29,98.9499969482422,0.06922694608165214,True,2019,regime_specific,per_regime_ExtraTreesClassifier,False,0.45435255619659665,False,high_crop_weather_stress
2019-10-30,99.3499984741211,0.08706594523131339,True,2019,regime_specific,per_regime_ExtraTreesClassifier,False,0.44254688815269344,False,high_crop_weather_stress
2019-10-31,101.9499969482422,0.0701324349181569,True,2019,regime_specific,per_regime_ExtraTreesClassifier,False,0.481340222270333,False,high_crop_weather_stress
2019-11-01,104.0,0.05240381681002115,True,2019,regime_specific,per_regime_ExtraTreesClassifier,False,0.49521366123866106,False,high_crop_weather_stress
2019-11-04,103.6500015258789,0.02267244032345106,True,2019,regime_specific,per_regime_ExtraTreesClassifier,False,0.4783094688490207,False,high_crop_weather_stress
2019-11-05,105.8000030517578,-0.0018904023806016745,False,2019,regime_specific,per_regime_ExtraTreesClassifier,False,0.4743468023985903,True,high_crop_weather_stress
2019-11-06,108.0,-0.0004629912199796138,False,2019,regime_specific,per_regime_ExtraTreesClassifier,False,0.4612306991894516,True,high_crop_weather_stress
2019-11-07,109.0999984741211,-0.009624156159932062,False,2019,regime_specific,per_regime_ExtraTreesClassifier,False,0.4499533299886836,True,high_crop_weather_stress
2019-11-08,109.4499969482422,-0.03015071278552739,False,2019,regime_specific,per_regime_ExtraTreesClassifier,False,0.45371617003066184,True,high_crop_weather_stress
2019-11-11,106.0,-0.004245254228700035,False,2019,regime_specific,per_regime_ExtraTreesClassifier,False,0.4861840089695149,True,high_crop_weather_stress
2019-11-12,105.5999984741211,-0.02746213605854908,False,2019,regime_specific,per_regime_ExtraTreesClassifier,False,0.49704791069950693,True,high_crop_weather_stress
2019-11-13,107.9499969482422,0.016211209351298717,True,2019,regime_specific,per_regime_ExtraTreesClassifier,True,0.5142106214793974,True,high_crop_weather_stress
2019-11-14,108.0500030517578,0.06663578662550607,True,2019,regime_specific,per_regime_ExtraTreesClassifier,True,0.5123586207717433,True,high_crop_weather_stress
2019-11-15,106.1500015258789,0.07960430359656767,True,2019,regime_specific,per_regime_ExtraTreesClassifier,False,0.46346187206065287,False,uptrend
2019-11-18,105.5500030517578,0.11605873657808474,True,2019,regime_specific,per_regime_ExtraTreesClassifier,False,0.4781537241829073,False,uptrend
2019-11-19,102.6999969482422,0.12658228224243873,True,2019,regime_specific,per_regime_ExtraTreesClassifier,True,0.5654780994212626,True,normal
2019-11-20,109.6999969482422,0.06927991171322789,True,2019,regime_specific,per_regime_ExtraTreesClassifier,False,0.4848461830966124,False,high_volatility
2019-11-21,115.25,0.028633432119373525,True,2019,regime_specific,per_regime_ExtraTreesClassifier,False,0.48661755511594756,False,high_volatility
2019-11-22,114.5999984741211,0.06020943820027247,True,2019,regime_specific,per_regime_ExtraTreesClassifier,False,0.4904210733963286,False,high_volatility
2019-11-25,117.8000030517578,0.04286922997908982,True,2019,regime_specific,per_regime_ExtraTreesClassifier,False,0.48556357800837024,False,high_volatility
2019-11-26,115.6999969482422,0.04235092182475064,True,2019,regime_specific,per_regime_ExtraTreesClassifier,False,0.4959536364050942,False,high_volatility
2019-11-27,117.3000030517578,0.05669218860591285,True,2019,regime_specific,per_regime_ExtraTreesClassifier,False,0.49122923381992817,False,high_volatility
2019-11-29,118.5500030517578,0.04344153322573896,True,2019,regime_specific,per_regime_ExtraTreesClassifier,False,0.49608724711175783,False,high_volatility
2019-12-02,121.5,0.047736650631751365,True,2019,regime_specific,per_regime_ExtraTreesClassifier,True,0.5065153421072751,True,high_volatility
2019-12-03,122.8499984741211,0.07488811308023524,True,2019,regime_specific,per_regime_ExtraTreesClassifier,True,0.5165728998443941,True,high_volatility
2019-12-04,120.5999984741211,0.10986739466864726,True,2019,regime_specific,per_regime_ExtraTreesClassifier,True,0.5333939585523896,True,high_volatility
2019-12-05,123.9499969482422,0.09640982043131574,True,2019,regime_specific,per_regime_ExtraTreesClassifier,True,0.5338409440747771,True,high_volatility
2019-12-06,123.6999969482422,0.04648342879431011,True,2019,regime_specific,per_regime_ExtraTreesClassifier,True,0.5347780799113113,True,high_volatility
2019-12-09,127.3000030517578,0.06677140452655039,True,2019,regime_specific,per_regime_ExtraTreesClassifier,True,0.5280690839562514,True,high_volatility
2019-12-10,132.0500030517578,0.0011358871110784818,True,2019,regime_specific,per_regime_ExtraTreesClassifier,True,0.5339296763458578,True,high_volatility
2019-12-11,133.85000610351562,-0.016062824484376126,False,2019,regime_specific,per_regime_ExtraTreesClassifier,True,0.5266966166930641,False,high_volatility
2019-12-12,135.89999389648438,-0.06401764046339109,False,2019,regime_specific,per_regime_ExtraTreesClassifier,True,0.5167456960215254,False,high_volatility
2019-12-13,129.4499969482422,0.009656238157346397,True,2019,regime_specific,per_regime_ExtraTreesClassifier,True,0.5109392470493923,True,high_volatility
2019-12-16,135.8000030517578,-0.07731958589130605,False,2019,regime_specific,per_regime_ExtraTreesClassifier,True,0.504669313205884,False,high_volatility
2019-12-17,132.1999969482422,-0.02118005383051591,False,2019,regime_specific,per_regime_ExtraTreesClassifier,False,0.49862715815352276,True,high_volatility
2019-12-18,131.6999969482422,-0.03340921790767826,False,2019,regime_specific,per_regime_ExtraTreesClassifier,True,0.5004280619374459,False,high_volatility
2019-12-19,127.1999969482422,0.041666691658132526,True,2019,regime_specific,per_regime_ExtraTreesClassifier,False,0.49739694922163247,False,high_volatility
2019-12-20,130.6999969482422,0.01109408555546021,True,2019,regime_specific,per_regime_ExtraTreesClassifier,True,0.5163183845578075,True,high_volatility
2019-12-23,125.3000030517578,0.03511567270007876,True,2019,regime_specific,per_regime_ExtraTreesClassifier,True,0.5278693307249457,True,high_volatility
2019-12-24,129.39999389648438,-0.01777430858461404,False,2019,regime_specific,per_regime_ExtraTreesClassifier,True,0.5236531172192734,False,high_volatility
2019-12-26,127.3000030517578,-0.007462722347700623,False,2019,regime_specific,per_regime_ExtraTreesClassifier,True,0.507875509001568,False,high_volatility
2019-12-27,132.5,-0.07811319603110256,False,2019,regime_specific,per_regime_ExtraTreesClassifier,True,0.5011841525171018,False,high_volatility
2019-12-30,132.14999389648438,-0.07377974136149279,False,2019,regime_specific,per_regime_ExtraTreesClassifier,False,0.4868555673542549,True,high_volatility
2019-12-31,129.6999969482422,-0.08134152406012274,False,2019,regime_specific,per_regime_ExtraTreesClassifier,True,0.552170523117473,False,high_volatility
2020-01-02,127.0999984741211,-0.0767112519044224,False,2020,regime_specific,per_regime_VotingClassifier,True,0.566166308618645,False,high_volatility
2020-01-03,126.3499984741211,-0.058567484093753674,False,2020,regime_specific,per_regime_VotingClassifier,True,0.5625563682419221,False,high_volatility
2020-01-06,122.1500015258789,-0.06221857043948509,False,2020,regime_specific,per_regime_VotingClassifier,True,0.6730176592437714,False,high_volatility
2020-01-07,122.4000015258789,-0.06127450904005327,False,2020,regime_specific,per_regime_VotingClassifier,False,0.4190871402110455,True,high_crop_weather_stress
2020-01-08,119.1500015258789,-0.04070498037776116,False,2020,regime_specific,per_regime_VotingClassifier,False,0.44689318829424074,True,high_crop_weather_stress
2020-01-09,117.3499984741211,-0.03749468754231999,False,2020,regime_specific,per_regime_VotingClassifier,False,0.4467957639361346,True,high_crop_weather_stress
2020-01-10,118.9499969482422,-0.057166839821964244,False,2020,regime_specific,per_regime_VotingClassifier,False,0.45168733163657276,True,high_crop_weather_stress
2020-01-13,114.5500030517578,-0.03055434226761722,False,2020,regime_specific,per_regime_VotingClassifier,True,0.5147894595339632,False,high_crop_weather_stress
2020-01-14,114.9000015258789,-0.03394257157603697,False,2020,regime_specific,per_regime_VotingClassifier,True,0.5133845147827097,False,high_crop_weather_stress
2020-01-15,114.3000030517578,-0.014873180509600736,False,2020,regime_specific,per_regime_VotingClassifier,True,0.5016253863277782,False,high_crop_weather_stress
2020-01-16,112.9499969482422,-0.024789690110805007,False,2020,regime_specific,per_regime_VotingClassifier,True,0.5020507954233595,False,high_crop_weather_stress
2020-01-17,112.1500015258789,-0.049487320341026764,False,2020,regime_specific,per_regime_VotingClassifier,True,0.5174822097490991,False,high_crop_weather_stress
2020-01-21,111.0500030517578,-0.05402971485920216,False,2020,regime_specific,per_regime_VotingClassifier,True,0.5036557602071812,False,high_crop_weather_stress
2020-01-22,111.0,-0.08063060313731718,False,2020,regime_specific,per_regime_VotingClassifier,False,0.4834569614441504,True,high_crop_weather_stress
2020-01-23,112.5999984741211,-0.0985790286371293,False,2020,regime_specific,per_regime_VotingClassifier,False,0.4256640780566819,True,high_crop_weather_stress
2020-01-24,110.1500015258789,-0.06808896864370839,False,2020,regime_specific,per_regime_VotingClassifier,False,0.42823490340888193,True,high_crop_weather_stress
2020-01-27,106.5999984741211,-0.08161348098287502,False,2020,regime_specific,per_regime_VotingClassifier,False,0.4570048644112005,True,high_crop_weather_stress
2020-01-28,105.0500030517578,-0.06568302070852183,False,2020,regime_specific,per_regime_VotingClassifier,False,0.4136562340525267,True,high_crop_weather_stress
2020-01-29,102.0500030517578,-0.042136236385773795,False,2020,regime_specific,per_regime_VotingClassifier,False,0.44541594366547854,True,high_crop_weather_stress
2020-01-30,101.5,-0.03300491107508463,False,2020,regime_specific,per_regime_VotingClassifier,False,0.42552482423427357,True,high_crop_weather_stress
2020-01-31,102.6500015258789,-0.04188994630140119,False,2020,regime_specific,per_regime_VotingClassifier,False,0.39755093370177136,True,high_crop_weather_stress
2020-02-03,97.9000015258789,0.02451482623567136,True,2020,regime_specific,per_regime_VotingClassifier,True,0.5038527466019093,True,high_crop_weather_stress
2020-02-04,98.1500015258789,0.023942928554122167,True,2020,regime_specific,per_regime_VotingClassifier,True,0.5193347160228026,True,high_crop_weather_stress
2020-02-05,97.75,0.029667534791600003,True,2020,regime_specific,per_regime_VotingClassifier,False,0.47023930830852445,False,high_crop_weather_stress
2020-02-06,98.1500015258789,0.0641874205239028,True,2020,regime_specific,per_regime_VotingClassifier,False,0.4745947361359605,False,high_crop_weather_stress
2020-02-07,98.3499984741211,0.10930350957584056,True,2020,regime_specific,per_regime_VotingClassifier,False,0.48954070680421413,False,high_crop_weather_stress
2020-02-10,100.3000030517578,0.06231305892159167,True,2020,regime_specific,per_regime_VotingClassifier,True,0.5053063597942891,True,high_crop_weather_stress
2020-02-11,100.5,0.06268659752992845,True,2020,regime_specific,per_regime_VotingClassifier,True,0.5011016994981458,True,high_crop_weather_stress
2020-02-12,100.6500015258789,0.02930945756104819,True,2020,regime_specific,per_regime_VotingClassifier,True,0.5183305314520876,True,high_crop_weather_stress
2020-02-13,104.4499969482422,0.042125434700196474,True,2020,regime_specific,per_regime_VotingClassifier,True,0.6195309661893218,True,high_crop_weather_stress
2020-02-14,109.0999984741211,-0.029330861530683094,False,2020,regime_specific,per_regime_VotingClassifier,True,0.5634340283018767,False,high_crop_weather_stress
2020-02-18,106.5500030517578,0.005161852713379433,True,2020,regime_specific,per_regime_VotingClassifier,True,0.6729202584950014,True,high_crop_weather_stress
2020-02-19,106.8000030517578,0.021535537047210118,True,2020,regime_specific,per_regime_VotingClassifier,True,0.632059974995067,True,high_crop_weather_stress
2020-02-20,103.5999984741211,0.044401530326954264,True,2020,regime_specific,per_regime_VotingClassifier,True,0.6936102281369101,True,high_crop_weather_stress
2020-02-21,108.8499984741211,0.011483693316699295,True,2020,regime_specific,per_regime_VotingClassifier,True,0.6920867854857782,True,high_crop_weather_stress
2020-02-24,105.9000015258789,0.08262511684536422,True,2020,regime_specific,per_regime_VotingClassifier,True,0.6015678088761296,True,high_crop_weather_stress
2020-02-25,107.0999984741211,0.13025214543777497,True,2020,regime_specific,per_regime_VotingClassifier,True,0.613908793775718,True,high_crop_weather_stress
2020-02-26,109.0999984741211,0.07378554687759498,True,2020,regime_specific,per_regime_VotingClassifier,False,0.4905619799782804,False,high_crop_weather_stress
2020-02-27,108.1999969482422,0.015249552425294244,True,2020,regime_specific,per_regime_VotingClassifier,False,0.48319680700425005,False,high_crop_weather_stress
2020-02-28,110.0999984741211,-0.040871935171349905,False,2020,regime_specific,per_regime_VotingClassifier,False,0.430135151641578,True,high_crop_weather_stress
2020-03-02,114.6500015258789,-0.04971656783057343,False,2020,regime_specific,per_regime_VotingClassifier,False,0.3711884318472202,True,high_crop_weather_stress
2020-03-03,121.0500030517578,-0.05617515803655371,False,2020,regime_specific,per_regime_VotingClassifier,False,0.31231642648849467,True,high_crop_weather_stress
2020-03-04,117.1500015258789,-0.047801949647299335,False,2020,regime_specific,per_regime_VotingClassifier,False,0.2915355889342331,True,high_crop_weather_stress
2020-03-05,109.8499984741211,-0.0063722982063317835,False,2020,regime_specific,per_regime_VotingClassifier,False,0.39846646573259226,True,high_crop_weather_stress
2020-03-06,105.5999984741211,0.013731104153302143,True,2020,regime_specific,per_regime_VotingClassifier,True,0.5190209946482742,True,high_crop_weather_stress
2020-03-09,108.9499969482422,-0.04635149668487226,False,2020,regime_specific,per_regime_VotingClassifier,False,0.4345254872893858,True,high_crop_weather_stress
2020-03-10,114.25,-0.09934353150215403,False,2020,regime_specific,per_regime_VotingClassifier,False,0.4383908810013869,True,high_crop_weather_stress
2020-03-11,111.5500030517578,-0.03137606368666834,False,2020,regime_specific,per_regime_VotingClassifier,False,0.34143448668095466,True,high_crop_weather_stress
2020-03-12,109.1500015258789,0.06871277961660671,True,2020,regime_specific,per_regime_VotingClassifier,False,0.3548177205339618,False,high_crop_weather_stress
2020-03-13,107.0500030517578,0.11816901948492453,True,2020,regime_specific,per_regime_VotingClassifier,False,0.4744480915042153,False,high_crop_weather_stress
2020-03-16,103.9000015258789,0.1669874708307837,True,2020,regime_specific,per_regime_VotingClassifier,True,0.6270794776257961,True,high_crop_weather_stress
2020-03-17,102.9000015258789,0.220602493796205,True,2020,regime_specific,per_regime_VotingClassifier,True,0.6575322069649813,True,high_crop_weather_stress
2020-03-18,108.0500030517578,0.2026838804066846,True,2020,regime_specific,per_regime_VotingClassifier,True,0.6196978914259392,True,high_crop_weather_stress
2020-03-19,116.6500015258789,0.06858122499231345,True,2020,regime_specific,per_regime_VotingClassifier,True,0.5700661890467958,True,high_crop_weather_stress
2020-03-20,119.6999969482422,-0.03216373076254819,False,2020,regime_specific,per_regime_VotingClassifier,False,0.38196390168722083,True,high_crop_weather_stress
2020-03-23,121.25,-0.016082449057667647,False,2020,regime_specific,per_regime_VotingClassifier,False,0.42562509489026595,True,high_crop_weather_stress
2020-03-24,125.5999984741211,-0.048168753947953724,False,2020,regime_specific,per_regime_VotingClassifier,False,0.32378096483004437,True,high_crop_weather_stress
2020-03-25,129.9499969482422,-0.1073489594139686,False,2020,regime_specific,per_regime_VotingClassifier,False,0.3295518641257576,True,high_crop_weather_stress
2020-03-26,124.6500015258789,-0.04251907731150295,False,2020,regime_specific,per_regime_VotingClassifier,False,0.40891287070438315,True,high_crop_weather_stress
2020-03-27,115.8499984741211,-0.008200232721232159,False,2020,regime_specific,per_regime_VotingClassifier,True,0.5474485553720173,False,high_crop_weather_stress
2020-03-30,119.3000030517578,-0.022212920855745444,False,2020,regime_specific,per_regime_VotingClassifier,False,0.4108823967874479,True,high_crop_weather_stress
2020-03-31,119.5500030517578,0.0029276324984248703,True,2020,regime_specific,per_regime_VotingClassifier,False,0.3862951148221198,False,high_crop_weather_stress
2020-04-01,116.0,0.03275864699791198,True,2020,regime_specific,per_regime_VotingClassifier,False,0.4319031103144134,False,high_crop_weather_stress
2020-04-02,119.3499984741211,-0.006284038622443866,False,2020,regime_specific,per_regime_VotingClassifier,False,0.385400143752551,True,high_crop_weather_stress
2020-04-03,114.9000015258789,0.042210604088014136,True,2020,regime_specific,per_regime_VotingClassifier,False,0.3778134734266846,False,high_crop_weather_stress
2020-04-06,116.6500015258789,0.004714919975729925,True,2020,regime_specific,per_regime_VotingClassifier,False,0.4725159512235038,False,high_crop_weather_stress
2020-04-07,119.9000015258789,0.0025020468602625634,True,2020,regime_specific,per_regime_VotingClassifier,False,0.4499587023856819,False,high_crop_weather_stress
2020-04-08,119.8000030517578,-0.010016732446311072,False,2020,regime_specific,per_regime_VotingClassifier,False,0.4006158073079984,True,high_crop_weather_stress
2020-04-09,118.5999984741211,-0.02150080484967054,False,2020,regime_specific,per_regime_VotingClassifier,False,0.47578603522646323,True,high_crop_weather_stress
2020-04-13,119.75,-0.05093944446030141,False,2020,regime_specific,per_regime_VotingClassifier,False,0.47331475834444964,True,high_crop_weather_stress
2020-04-14,117.1999969482422,-0.06441975784092824,False,2020,regime_specific,per_regime_VotingClassifier,True,0.5131152793520318,False,high_crop_weather_stress
2020-04-15,120.1999969482422,-0.079866877852375,False,2020,regime_specific,per_regime_VotingClassifier,False,0.49588096121422864,True,high_crop_weather_stress
2020-04-16,118.5999984741211,-0.0636593214123079,False,2020,regime_specific,per_regime_VotingClassifier,False,0.48342094989499085,True,high_crop_weather_stress
2020-04-17,116.0500030517578,-0.09349423367681031,False,2020,regime_specific,per_regime_VotingClassifier,False,0.48755298090506527,True,high_crop_weather_stress
2020-04-20,113.6500015258789,-0.0796304701297964,False,2020,regime_specific,per_regime_VotingClassifier,True,0.5510951432874787,False,high_crop_weather_stress
2020-04-21,109.6500015258789,-0.036023753056715235,False,2020,regime_specific,per_regime_VotingClassifier,True,0.5835163797205163,False,high_crop_weather_stress
2020-04-22,110.5999984741211,-0.06283903294870652,False,2020,regime_specific,per_regime_VotingClassifier,True,0.6227020397896157,False,high_crop_weather_stress
2020-04-23,111.0500030517578,-0.05763170959028252,False,2020,regime_specific,per_regime_VotingClassifier,True,0.6403267353141818,False,high_crop_weather_stress
2020-04-24,105.1999969482422,-0.007129277773353926,False,2020,regime_specific,per_regime_VotingClassifier,True,0.6726587304874045,False,high_crop_weather_stress
2020-04-27,104.5999984741211,0.009082261868978314,True,2020,regime_specific,per_regime_VotingClassifier,True,0.7056472092919212,True,high_crop_weather_stress
2020-04-28,105.6999969482422,0.029801339799672366,True,2020,regime_specific,per_regime_VotingClassifier,True,0.6328450279356955,True,high_crop_weather_stress
2020-04-29,103.6500015258789,0.054992733857500475,True,2020,regime_specific,per_regime_VotingClassifier,True,0.6586821969576264,True,high_crop_weather_stress
2020-04-30,104.6500015258789,0.026755808710340778,True,2020,regime_specific,per_regime_VotingClassifier,True,0.681741331901715,True,high_crop_weather_stress
2020-05-01,104.4499969482422,0.05409288358982556,True,2020,regime_specific,per_regime_VotingClassifier,True,0.6361986223903903,True,high_crop_weather_stress
2020-05-04,105.5500030517578,0.03221216293870843,True,2020,regime_specific,per_regime_VotingClassifier,True,0.6048296722714754,True,high_crop_weather_stress
2020-05-05,108.8499984741211,-0.0298576026234183,False,2020,regime_specific,per_regime_VotingClassifier,True,0.6110831112242202,False,high_crop_weather_stress
2020-05-06,109.3499984741211,-0.053040653893890344,False,2020,regime_specific,per_regime_VotingClassifier,True,0.5392567873309055,False,high_crop_weather_stress
2020-05-07,107.4499969482422,-0.023731926428919414,False,2020,regime_specific,per_regime_VotingClassifier,False,0.48859441242392515,True,high_crop_weather_stress
2020-05-08,110.0999984741211,-0.048138015402507506,False,2020,regime_specific,per_regime_VotingClassifier,False,0.46729702114209065,True,high_crop_weather_stress
2020-05-11,108.9499969482422,-0.029830198173791067,False,2020,regime_specific,per_regime_VotingClassifier,False,0.38742732989512574,True,high_crop_weather_stress
2020-05-12,105.5999984741211,0.013731104153302143,True,2020,regime_specific,per_regime_VotingClassifier,False,0.49537445722217405,False,high_crop_weather_stress
2020-05-13,103.5500030517578,0.02028004260967009,True,2020,regime_specific,per_regime_VotingClassifier,True,0.584461263153953,True,high_crop_weather_stress
2020-05-14,104.9000015258789,-0.0014299477950141526,False,2020,regime_specific,per_regime_VotingClassifier,True,0.536863948920867,False,high_crop_weather_stress
2020-05-15,104.8000030517578,-0.011450425025694488,False,2020,regime_specific,per_regime_VotingClassifier,False,0.48830514756284016,True,high_crop_weather_stress
2020-05-18,105.6999969482422,-0.005676428490484331,False,2020,regime_specific,per_regime_VotingClassifier,True,0.5752327964923957,False,high_crop_weather_stress
2020-05-19,107.0500030517578,-0.04250353033206278,False,2020,regime_specific,per_regime_VotingClassifier,False,0.40936982897859187,True,high_crop_weather_stress
2020-05-20,105.6500015258789,-0.06199718842553348,False,2020,regime_specific,per_regime_VotingClassifier,False,0.39979271271228706,True,high_crop_weather_stress
2020-05-21,104.75,-0.08066822862283729,False,2020,regime_specific,per_regime_VotingClassifier,False,0.4156737565722493,True,high_crop_weather_stress
2020-05-22,103.5999984741211,-0.05115825772610616,False,2020,regime_specific,per_regime_VotingClassifier,False,0.42219004743635236,True,high_crop_weather_stress
2020-05-26,105.0999984741211,-0.06565177569986258,False,2020,regime_specific,per_regime_VotingClassifier,False,0.39364853336154204,True,high_crop_weather_stress
2020-05-27,102.5,-0.03317074659394059,False,2020,regime_specific,per_regime_VotingClassifier,False,0.4592792668815004,True,high_crop_weather_stress
2020-05-28,99.0999984741211,-0.009586245841267771,False,2020,regime_specific,per_regime_VotingClassifier,False,0.46724497168709306,True,high_crop_weather_stress
2020-05-29,96.3000030517578,0.026998944877745235,True,2020,regime_specific,per_regime_VotingClassifier,False,0.4304759713495593,False,high_crop_weather_stress
2020-06-01,98.3000030517578,0.006103748275624987,True,2020,regime_specific,per_regime_VotingClassifier,False,0.4253468948529691,False,high_crop_weather_stress
2020-06-02,98.1999969482422,-0.004073257728258617,False,2020,regime_specific,per_regime_VotingClassifier,False,0.34798967142436993,True,high_crop_weather_stress
2020-06-03,99.0999984741211,-0.023713405754842376,False,2020,regime_specific,per_regime_VotingClassifier,False,0.3185689162433623,True,high_crop_weather_stress
2020-06-04,98.1500015258789,-0.021905262276659454,False,2020,regime_specific,per_regime_VotingClassifier,False,0.2840012256615392,True,high_crop_weather_stress
2020-06-05,98.9000015258789,-0.037411572503045276,False,2020,regime_specific,per_regime_VotingClassifier,False,0.2721882576405957,True,high_crop_weather_stress
2020-06-08,98.9000015258789,-0.04954500960848551,False,2020,regime_specific,per_regime_VotingClassifier,False,0.3642747591282475,True,high_crop_weather_stress
2020-06-09,97.8000030517578,-0.04243355211024513,False,2020,regime_specific,per_regime_VotingClassifier,False,0.3978378877737724,True,high_crop_weather_stress
2020-06-10,96.75,-0.0051679586563307955,False,2020,regime_specific,per_regime_VotingClassifier,False,0.3627226536859192,True,high_crop_weather_stress
2020-06-11,96.0,-0.014583349227905273,False,2020,regime_specific,per_regime_VotingClassifier,False,0.3609727955416519,True,high_crop_weather_stress
2020-06-12,95.1999969482422,-0.015231060868946544,False,2020,regime_specific,per_regime_VotingClassifier,False,0.3586384181002128,True,high_crop_weather_stress
2020-06-15,94.0,0.020744648385555342,True,2020,regime_specific,per_regime_VotingClassifier,False,0.3112808662169298,False,high_crop_weather_stress
2020-06-16,93.6500015258789,0.027762930397845498,True,2020,regime_specific,per_regime_VotingClassifier,False,0.31741939619937815,False,high_crop_weather_stress
2020-06-17,96.25,0.004155860009131596,True,2020,regime_specific,per_regime_VotingClassifier,False,0.30266731158546795,False,high_crop_weather_stress
2020-06-18,94.5999984741211,0.0026427061737044344,True,2020,regime_specific,per_regime_VotingClassifier,False,0.29785382783955255,False,high_crop_weather_stress
2020-06-19,93.75,0.02026668294270828,True,2020,regime_specific,per_regime_VotingClassifier,False,0.29419601712812193,False,high_crop_weather_stress
2020-06-22,95.9499969482422,0.028139704674437382,True,2020,regime_specific,per_regime_VotingClassifier,False,0.31747654860710545,False,high_crop_weather_stress
2020-06-23,96.25,0.039480551187093926,True,2020,regime_specific,per_regime_VotingClassifier,False,0.30096465543556206,False,high_crop_weather_stress
2020-06-24,96.6500015258789,0.06621832824457052,True,2020,regime_specific,per_regime_VotingClassifier,False,0.30139040891784513,False,high_crop_weather_stress
2020-06-25,94.8499984741211,0.0780179403787542,True,2020,regime_specific,per_regime_VotingClassifier,False,0.2927738637427076,False,high_crop_weather_stress
2020-06-26,95.6500015258789,0.01620486563132917,True,2020,regime_specific,per_regime_VotingClassifier,False,0.2896453307626794,False,high_crop_weather_stress
2020-06-29,98.6500015258789,0.00608209290259043,True,2020,regime_specific,per_regime_VotingClassifier,False,0.30612246369856505,False,high_crop_weather_stress
2020-06-30,100.0500030517578,-0.0109945634179196,False,2020,regime_specific,per_regime_VotingClassifier,False,0.23821109630143836,True,high_crop_weather_stress
2020-07-01,103.0500030517578,-0.05191660305753221,False,2020,regime_specific,per_regime_VotingClassifier,False,0.22176332829791434,True,high_crop_weather_stress
2020-07-02,102.25,-0.05965768678847039,False,2020,regime_specific,per_regime_VotingClassifier,False,0.2026568254781395,True,high_crop_weather_stress
2020-07-06,97.1999969482422,0.002057660328355748,True,2020,regime_specific,per_regime_VotingClassifier,False,0.21907769755332784,False,high_crop_weather_stress
2020-07-07,99.25,-0.025692725962295215,False,2020,regime_specific,per_regime_VotingClassifier,False,0.2245385529730911,True,high_crop_weather_stress
2020-07-08,98.9499969482422,-0.03031834353233187,False,2020,regime_specific,per_regime_VotingClassifier,False,0.21697231095321703,True,high_crop_weather_stress
2020-07-09,97.6999969482422,-0.006141233294397752,False,2020,regime_specific,per_regime_VotingClassifier,False,0.240416438504479,True,high_crop_weather_stress
2020-07-10,96.1500015258789,0.05096205354255812,True,2020,regime_specific,per_regime_VotingClassifier,False,0.2560580888121771,False,high_crop_weather_stress
2020-07-13,97.4000015258789,0.011293618653885007,True,2020,regime_specific,per_regime_VotingClassifier,False,0.23710031771072845,False,high_crop_weather_stress
2020-07-14,96.6999969482422,0.0392968270080889,True,2020,regime_specific,per_regime_VotingClassifier,False,0.25556011911236576,False,high_crop_weather_stress
2020-07-15,95.9499969482422,0.12923399604241537,True,2020,regime_specific,per_regime_VotingClassifier,False,0.27054947073112035,False,high_crop_weather_stress
2020-07-16,97.0999984741211,0.10710609360772239,True,2020,regime_specific,per_regime_VotingClassifier,False,0.255716230892979,False,high_crop_weather_stress
2020-07-17,101.0500030517578,0.07273625187677069,True,2020,regime_specific,per_regime_VotingClassifier,False,0.26745277642460147,False,high_crop_weather_stress
2020-07-20,98.5,0.12081219823227318,True,2020,regime_specific,per_regime_VotingClassifier,False,0.2510069375258729,False,high_crop_weather_stress
2020-07-21,100.5,0.0910447913022776,True,2020,regime_specific,per_regime_VotingClassifier,False,0.29846903507671435,False,high_crop_weather_stress
2020-07-22,108.3499984741211,0.029995385747755732,True,2020,regime_specific,per_regime_VotingClassifier,False,0.321341213469244,False,high_crop_weather_stress
2020-07-23,107.5,0.07302324161973117,True,2020,regime_specific,per_regime_VotingClassifier,False,0.2745982547517624,False,high_crop_weather_stress
2020-07-24,108.4000015258789,0.09732467964813307,True,2020,regime_specific,per_regime_VotingClassifier,False,0.27068502254379756,False,high_crop_weather_stress
2020-07-27,110.4000015258789,0.0679347816697442,True,2020,regime_specific,per_regime_VotingClassifier,False,0.22800546030080282,False,high_crop_weather_stress
2020-07-28,109.6500015258789,0.10396718073176081,True,2020,regime_specific,per_regime_VotingClassifier,False,0.22600390631033734,False,high_crop_weather_stress
2020-07-29,111.5999984741211,0.08915774833047152,True,2020,regime_specific,per_regime_VotingClassifier,False,0.2469960845771248,False,high_crop_weather_stress
2020-07-30,115.3499984741211,0.014304304704859439,True,2020,regime_specific,per_regime_VotingClassifier,False,0.23754830803962318,False,high_crop_weather_stress
2020-07-31,118.9499969482422,-0.029424128539683125,False,2020,regime_specific,per_regime_VotingClassifier,False,0.20360100911625198,True,high_crop_weather_stress
2020-08-03,117.9000015258789,-0.04495337559935886,False,2020,regime_specific,per_regime_VotingClassifier,False,0.17615577317416928,True,high_crop_weather_stress
2020-08-04,121.0500030517578,-0.08013221258234282,False,2020,regime_specific,per_regime_VotingClassifier,False,0.17533974506843802,True,high_crop_weather_stress
2020-08-05,121.5500030517578,-0.07815713501837396,False,2020,regime_specific,per_regime_VotingClassifier,False,0.17747144211285634,True,high_crop_weather_stress
2020-08-06,117.0,-0.006837632921006809,False,2020,regime_specific,per_regime_VotingClassifier,False,0.1939618887382429,True,high_crop_weather_stress
2020-08-07,115.4499969482422,-0.006496318924427813,False,2020,regime_specific,per_regime_VotingClassifier,False,0.20989051090716498,True,high_crop_weather_stress
2020-08-10,112.5999984741211,0.02619897528963744,True,2020,regime_specific,per_regime_VotingClassifier,False,0.2206579117654162,False,high_crop_weather_stress
2020-08-11,111.3499984741211,0.0713965396190317,True,2020,regime_specific,per_regime_VotingClassifier,False,0.25432459750346725,False,high_crop_weather_stress
2020-08-12,112.0500030517578,0.05711730229519163,True,2020,regime_specific,per_regime_VotingClassifier,False,0.24424540321811258,False,high_crop_weather_stress
2020-08-13,116.1999969482422,0.02022380520855216,True,2020,regime_specific,per_regime_VotingClassifier,False,0.2330288169932303,False,high_crop_weather_stress
2020-08-14,114.6999969482422,0.047079351957747706,True,2020,regime_specific,per_regime_VotingClassifier,False,0.24089586326501428,False,high_crop_weather_stress
2020-08-17,115.5500030517578,0.04067500496851517,True,2020,regime_specific,per_regime_VotingClassifier,False,0.25184016452137625,False,high_crop_weather_stress
2020-08-18,119.3000030517578,0.03269064372774921,True,2020,regime_specific,per_regime_VotingClassifier,False,0.22963885822644822,False,high_crop_weather_stress
2020-08-19,118.4499969482422,0.036724408742841774,True,2020,regime_specific,per_regime_VotingClassifier,False,0.23688594832788137,False,high_crop_weather_stress
2020-08-20,118.5500030517578,0.03711508885042725,True,2020,regime_specific,per_regime_VotingClassifier,False,0.2354234503306319,False,high_crop_weather_stress
2020-08-21,120.0999984741211,0.05828476343826394,True,2020,regime_specific,per_regime_VotingClassifier,False,0.23354633802114483,False,high_crop_weather_stress
2020-08-24,120.25,0.07941790479632282,True,2020,regime_specific,per_regime_VotingClassifier,False,0.22763320393264205,False,high_crop_weather_stress
2020-08-25,123.1999969482422,0.07061686009535495,True,2020,regime_specific,per_regime_VotingClassifier,False,0.2428980604919798,False,high_crop_weather_stress
2020-08-26,122.8000030517578,0.07084687892536379,True,2020,regime_specific,per_regime_VotingClassifier,False,0.2184850738049575,False,high_crop_weather_stress
2020-08-27,122.9499969482422,0.07035387856833197,True,2020,regime_specific,per_regime_VotingClassifier,False,0.21546351974926378,False,high_crop_weather_stress
2020-08-28,127.0999984741211,0.06058225546874829,True,2020,regime_specific,per_regime_VotingClassifier,False,0.21678939673039668,False,high_crop_weather_stress
2020-08-31,129.8000030517578,0.023112480196196605,True,2020,regime_specific,per_regime_VotingClassifier,False,0.20219054381495152,False,high_crop_weather_stress
2020-09-01,131.89999389648438,-0.017058378348112857,False,2020,regime_specific,per_regime_VotingClassifier,False,0.2021949483755412,True,high_crop_weather_stress
2020-09-02,131.5,0.0076045627376426506,True,2020,regime_specific,per_regime_VotingClassifier,False,0.20129799925246947,False,high_crop_weather_stress
2020-09-03,131.60000610351562,0.013297871723679577,True,2020,regime_specific,per_regime_VotingClassifier,False,0.20094012027038088,False,high_crop_weather_stress
2020-09-04,134.8000030517578,-0.08345697140437347,False,2020,regime_specific,per_regime_VotingClassifier,False,0.1838872964077294,True,high_crop_weather_stress
2020-09-08,132.8000030517578,-0.0798193212343854,False,2020,regime_specific,per_regime_VotingClassifier,False,0.182508390126219,True,high_crop_weather_stress
2020-09-09,129.64999389648438,-0.07018890299364167,False,2020,regime_specific,per_regime_VotingClassifier,False,0.18378098556758313,True,high_crop_weather_stress
2020-09-10,132.5,-0.10867925679908608,False,2020,regime_specific,per_regime_VotingClassifier,False,0.1839920404376374,True,high_crop_weather_stress
2020-09-11,133.35000610351562,-0.14810653712353927,False,2020,regime_specific,per_regime_VotingClassifier,False,0.20066070115793042,True,high_crop_weather_stress
2020-09-14,123.5500030517578,-0.09348444165492453,False,2020,regime_specific,per_regime_VotingClassifier,False,0.20428666790632216,True,high_crop_weather_stress
2020-09-15,122.1999969482422,-0.09451714984293569,False,2020,regime_specific,per_regime_VotingClassifier,False,0.20763063667633525,True,high_crop_weather_stress
2020-09-16,120.5500030517578,-0.08336792034292073,False,2020,regime_specific,per_regime_VotingClassifier,False,0.28850974717796013,True,high_crop_weather_stress
2020-09-17,118.0999984741211,-0.058848408450785206,False,2020,regime_specific,per_regime_VotingClassifier,False,0.27580631588436144,True,high_crop_weather_stress
2020-09-18,113.5999984741211,0.0004401677150480676,True,2020,regime_specific,per_regime_VotingClassifier,False,0.3123552717403341,False,high_crop_weather_stress
2020-09-21,112.0,-0.021874972752162547,False,2020,regime_specific,per_regime_VotingClassifier,False,0.30817835613336597,True,high_crop_weather_stress
2020-09-22,110.6500015258789,-0.009941242286054863,False,2020,regime_specific,per_regime_VotingClassifier,False,0.33818769710268526,True,high_crop_weather_stress
2020-09-23,110.5,0.004072370572327566,True,2020,regime_specific,per_regime_VotingClassifier,False,0.309667603068334,False,high_crop_weather_stress
2020-09-24,111.1500015258789,-0.036887075284173565,False,2020,regime_specific,per_regime_VotingClassifier,False,0.2771357363639821,True,high_crop_weather_stress
2020-09-25,113.6500015258789,-0.041355077118643724,False,2020,regime_specific,per_regime_VotingClassifier,False,0.2636233168428534,True,high_crop_weather_stress
2020-09-28,109.5500030517578,-0.021451447175271365,False,2020,regime_specific,per_regime_VotingClassifier,False,0.35680909093402735,True,high_crop_weather_stress
2020-09-29,109.5500030517578,-0.01734369213099174,False,2020,regime_specific,per_regime_VotingClassifier,False,0.3469734764722572,True,high_crop_weather_stress
2020-09-30,110.9499969482422,-0.012167629664297186,False,2020,regime_specific,per_regime_VotingClassifier,False,0.37523190636002723,True,high_crop_weather_stress
2020-10-01,107.0500030517578,0.029892544203805604,True,2020,regime_specific,per_regime_VotingClassifier,False,0.46922121671267786,False,high_crop_weather_stress
2020-10-02,108.9499969482422,0.02386421456028831,True,2020,regime_specific,per_regime_VotingClassifier,False,0.43746552227642704,False,high_crop_weather_stress
2020-10-05,107.1999969482422,0.018190341727138293,True,2020,regime_specific,per_regime_VotingClassifier,False,0.46667510892395464,False,high_crop_weather_stress
2020-10-06,107.6500015258789,0.022758912341057425,True,2020,regime_specific,per_regime_VotingClassifier,False,0.48978797568971905,False,high_crop_weather_stress
2020-10-07,109.5999984741211,0.0,False,2020,regime_specific,per_regime_VotingClassifier,False,0.47553647520087505,True,high_crop_weather_stress
2020-10-08,110.25,-0.006802721088435382,False,2020,regime_specific,per_regime_VotingClassifier,False,0.442900079090071,True,high_crop_weather_stress
2020-10-09,111.5500030517578,-0.03854776274423455,False,2020,regime_specific,per_regime_VotingClassifier,False,0.41191776030486416,True,high_crop_weather_stress
2020-10-12,109.1500015258789,-0.028401268261880053,False,2020,regime_specific,per_regime_VotingClassifier,False,0.44115029688577356,True,high_crop_weather_stress
2020-10-13,110.0999984741211,-0.04722976403550494,False,2020,regime_specific,per_regime_VotingClassifier,False,0.45995302492034157,True,high_crop_weather_stress
2020-10-14,109.5999984741211,-0.04972625022005861,False,2020,regime_specific,per_regime_VotingClassifier,True,0.5335519244375885,False,high_crop_weather_stress
2020-10-15,109.5,-0.025570804125641944,False,2020,regime_specific,per_regime_VotingClassifier,True,0.5155044636378816,False,high_crop_weather_stress
2020-10-16,107.25,-0.01538462961192455,False,2020,regime_specific,per_regime_VotingClassifier,False,0.4273815016426808,True,high_crop_weather_stress
2020-10-19,106.0500030517578,0.005657694076899533,True,2020,regime_specific,per_regime_VotingClassifier,False,0.39972918378556616,False,high_crop_weather_stress
2020-10-20,104.9000015258789,0.019542377431305935,True,2020,regime_specific,per_regime_VotingClassifier,False,0.44195936692290516,False,high_crop_weather_stress
2020-10-21,104.1500015258789,0.008161291038578433,True,2020,regime_specific,per_regime_VotingClassifier,False,0.44921125568093123,False,high_crop_weather_stress
2020-10-22,106.6999969482422,-0.019681335840522785,False,2020,regime_specific,per_regime_VotingClassifier,False,0.42085538514701915,True,high_crop_weather_stress
2020-10-23,105.5999984741211,-0.011363607628614325,False,2020,regime_specific,per_regime_VotingClassifier,False,0.3939403724939239,True,high_crop_weather_stress
2020-10-26,106.6500015258789,-0.03609937570593369,False,2020,regime_specific,per_regime_VotingClassifier,False,0.4012122235928495,True,high_crop_weather_stress
2020-10-27,106.9499969482422,-0.032725573631328,False,2020,regime_specific,per_regime_VotingClassifier,True,0.5492675278818925,False,high_crop_weather_stress
2020-10-28,105.0,-0.01904761904761909,False,2020,regime_specific,per_regime_VotingClassifier,True,0.5366652519324324,False,high_crop_weather_stress
2020-10-29,104.5999984741211,0.012906295351955643,True,2020,regime_specific,per_regime_VotingClassifier,True,0.5549448253793262,True,high_crop_weather_stress
2020-10-30,104.4000015258789,0.024425243152234932,True,2020,regime_specific,per_regime_VotingClassifier,True,0.5682393296229206,True,high_crop_weather_stress
2020-11-02,102.8000030517578,0.03939684146044442,True,2020,regime_specific,per_regime_VotingClassifier,True,0.6155057577317139,True,high_crop_weather_stress
2020-11-03,103.4499969482422,0.0372161064967631,True,2020,regime_specific,per_regime_VotingClassifier,True,0.627506412845886,True,high_crop_weather_stress
2020-11-04,103.0,0.0592232861565154,True,2020,regime_specific,per_regime_VotingClassifier,True,0.5810780298333185,True,high_crop_weather_stress
2020-11-05,105.9499969482422,0.039169435067621716,True,2020,regime_specific,per_regime_VotingClassifier,True,0.6104973465721611,True,high_crop_weather_stress
2020-11-06,106.9499969482422,0.021505405492165286,True,2020,regime_specific,per_regime_VotingClassifier,True,0.544970895425889,True,high_crop_weather_stress
2020-11-09,106.8499984741211,0.08235847615748138,True,2020,regime_specific,per_regime_VotingClassifier,True,0.5591341476488669,True,high_crop_weather_stress
2020-11-10,107.3000030517578,0.0829449547377119,True,2020,regime_specific,per_regime_VotingClassifier,False,0.4675363557890359,False,high_crop_weather_stress
2020-11-11,109.0999984741211,0.09761688061256146,True,2020,regime_specific,per_regime_VotingClassifier,False,0.48357299568643003,False,high_crop_weather_stress
2020-11-12,110.0999984741211,0.09582200906421967,True,2020,regime_specific,per_regime_VotingClassifier,False,0.4962247972434627,False,high_crop_weather_stress
2020-11-13,109.25,0.05720823798626995,True,2020,regime_specific,per_regime_VotingClassifier,True,0.6012712438798252,True,normal
2020-11-16,115.6500015258789,-0.010376174334664201,False,2020,regime_specific,per_regime_VotingClassifier,False,0.46920936986120426,True,normal
2020-11-17,116.1999969482422,-0.026247809831886904,False,2020,regime_specific,per_regime_VotingClassifier,True,0.5308984949191143,False,normal
2020-11-18,119.75,-0.04384133611691021,False,2020,regime_specific,per_regime_VotingClassifier,True,0.7535269621586517,False,uptrend
2020-11-19,120.6500015258789,0.008702821459459997,True,2020,regime_specific,per_regime_VotingClassifier,True,0.7183452151033521,True,uptrend
2020-11-20,115.5,0.0450216185994996,True,2020,regime_specific,per_regime_VotingClassifier,False,0.36187558054190544,False,normal
2020-11-23,114.4499969482422,0.010484968192523203,True,2020,regime_specific,per_regime_VotingClassifier,False,0.38452591729294605,False,normal
2020-11-24,113.1500015258789,0.03269992839899305,True,2020,regime_specific,per_regime_VotingClassifier,False,0.38788100199332715,False,normal
2020-11-25,114.5,0.027510930357021124,True,2020,regime_specific,per_regime_VotingClassifier,False,0.424281987421575,False,normal
2020-11-27,121.6999969482422,-0.05217747439074871,False,2020,regime_specific,per_regime_VotingClassifier,True,0.622882671764255,False,high_volatility
2020-11-30,120.6999969482422,-0.03106876631992006,False,2020,regime_specific,per_regime_VotingClassifier,True,0.7242518215856876,False,high_volatility
2020-12-01,115.6500015258789,0.012537803105153733,True,2020,regime_specific,per_regime_VotingClassifier,True,0.7496974146397574,True,high_volatility
2020-12-02,116.8499984741211,-0.016688035718494754,False,2020,regime_specific,per_regime_VotingClassifier,True,0.7077338107413216,False,high_volatility
2020-12-03,117.6500015258789,0.007649821625211883,True,2020,regime_specific,per_regime_VotingClassifier,True,0.7151885768257552,True,high_volatility
2020-12-04,115.3499984741211,0.032509753355924875,True,2020,regime_specific,per_regime_VotingClassifier,True,0.7400141343493739,True,high_volatility
2020-12-07,116.9499969482422,0.056434427325692926,True,2020,regime_specific,per_regime_VotingClassifier,True,0.7111962855307948,True,high_volatility
2020-12-08,117.0999984741211,0.05123825856689468,True,2020,regime_specific,per_regime_VotingClassifier,True,0.7033534090727399,True,high_volatility
2020-12-09,114.9000015258789,0.0883376970503591,True,2020,regime_specific,per_regime_VotingClassifier,True,0.7261552327425781,True,high_volatility
2020-12-10,118.5500030517578,0.05482918458603625,True,2020,regime_specific,per_regime_VotingClassifier,True,0.7096033312970671,True,high_volatility
2020-12-11,119.0999984741211,0.03862299356049648,True,2020,regime_specific,per_regime_VotingClassifier,True,0.743218052793049,True,high_volatility
2020-12-14,123.5500030517578,0.006070416685346469,True,2020,regime_specific,per_regime_VotingClassifier,True,0.7484483977726969,True,high_volatility
2020-12-15,123.0999984741211,0.008935812248221486,True,2020,regime_specific,per_regime_VotingClassifier,True,0.7709743870441195,True,high_volatility
2020-12-16,125.0500030517578,-0.003998400542165936,False,2020,regime_specific,per_regime_VotingClassifier,True,0.7714481828666667,False,high_volatility
2020-12-17,125.0500030517578,0.007197072167298479,True,2020,regime_specific,per_regime_VotingClassifier,True,0.8332301838119932,True,high_volatility
2020-12-18,123.6999969482422,-0.0028294137652045137,False,2020,regime_specific,per_regime_VotingClassifier,True,0.8136574403829471,False,high_volatility
2020-12-21,124.3000030517578,0.00884954502907842,True,2020,regime_specific,per_regime_VotingClassifier,True,0.6480787771707928,True,uptrend
2020-12-22,124.1999969482422,0.009661872843175434,True,2020,regime_specific,per_regime_VotingClassifier,True,0.6875950808534886,True,uptrend
2020-12-23,124.5500030517578,0.029706919771849583,True,2020,regime_specific,per_regime_VotingClassifier,False,0.47490536730753274,False,uptrend
2020-12-24,125.9499969482422,0.001587968102285009,True,2020,regime_specific,per_regime_VotingClassifier,False,0.45077362897933587,False,uptrend
2020-12-28,123.3499984741211,0.014187272165772757,True,2020,regime_specific,per_regime_VotingClassifier,False,0.43005929458998843,False,uptrend
2020-12-29,125.4000015258789,-0.03588516702746081,False,2020,regime_specific,per_regime_VotingClassifier,False,0.3775597469151726,True,uptrend
2020-12-30,125.4000015258789,-0.034290295051315534,False,2020,regime_specific,per_regime_VotingClassifier,False,0.37324036688424617,True,uptrend
2020-12-31,128.25,-0.03547760664138633,False,2020,regime_specific,per_regime_VotingClassifier,False,0.37246000179160976,True,uptrend
2021-01-04,126.1500015258789,-0.03725726928883566,False,2021,global,ensemble_top2_weighted_soft_vote,True,0.5725829522010922,False,uptrend
2021-01-05,125.0999984741211,-0.029576314895060407,False,2021,global,ensemble_top2_weighted_soft_vote,True,0.5862876536244853,False,uptrend
2021-01-06,120.9000015258789,0.03598013580826942,True,2021,global,ensemble_top2_weighted_soft_vote,True,0.6043604363281406,True,uptrend
2021-01-07,121.0999984741211,0.05161024012180815,True,2021,global,ensemble_top2_weighted_soft_vote,True,0.6035974847456835,True,uptrend
2021-01-08,123.6999969482422,0.03597410717887173,True,2021,global,ensemble_top2_weighted_soft_vote,True,0.6012624686371872,True,uptrend
2021-01-11,121.4499969482422,0.046932933065991334,True,2021,global,ensemble_top2_weighted_soft_vote,True,0.6311487195069236,True,uptrend
2021-01-12,121.4000015258789,0.03130144460132689,True,2021,global,ensemble_top2_weighted_soft_vote,True,0.6125641133258862,True,uptrend
2021-01-13,125.25,0.009580813958021572,True,2021,global,ensemble_top2_weighted_soft_vote,True,0.5848779783219059,True,uptrend
2021-01-14,127.3499984741211,-0.025912802998846463,False,2021,global,ensemble_top2_weighted_soft_vote,True,0.5776486318616106,False,uptrend
2021-01-15,128.14999389648438,-0.03823639586313554,False,2021,global,ensemble_top2_weighted_soft_vote,True,0.5751403914207137,False,uptrend
2021-01-19,127.1500015258789,-0.020841537507489183,False,2021,global,ensemble_top2_weighted_soft_vote,True,0.5938391597845557,False,uptrend
2021-01-20,125.1999969482422,0.0023961905676548323,True,2021,global,ensemble_top2_weighted_soft_vote,True,0.6087638135155966,True,uptrend
2021-01-21,126.4499969482422,-0.019375223466751246,False,2021,global,ensemble_top2_weighted_soft_vote,True,0.5954573695535417,False,uptrend
2021-01-22,124.0500030517578,-0.008867441164484569,False,2021,global,ensemble_top2_weighted_soft_vote,True,0.6004485619175701,False,uptrend
2021-01-25,123.25,0.01703852717339638,True,2021,global,ensemble_top2_weighted_soft_vote,True,0.5101911428602716,True,high_crop_weather_stress
2021-01-26,124.5,-0.00883532910940632,False,2021,global,ensemble_top2_weighted_soft_vote,False,0.48262895313179033,True,high_crop_weather_stress
2021-01-27,125.5,-0.012350621926356942,False,2021,global,ensemble_top2_weighted_soft_vote,False,0.4659984194725044,True,high_crop_weather_stress
2021-01-28,124.0,0.0004032504174016349,True,2021,global,ensemble_top2_weighted_soft_vote,False,0.4674309419331232,False,high_crop_weather_stress
2021-01-29,122.9499969482422,0.01260677584571468,True,2021,global,ensemble_top2_weighted_soft_vote,False,0.46589485239489475,False,high_crop_weather_stress
2021-02-01,125.3499984741211,-0.009972078302482479,False,2021,global,ensemble_top2_weighted_soft_vote,False,0.4725442617030568,True,high_crop_weather_stress
2021-02-02,123.4000015258789,-0.003646714522465677,False,2021,global,ensemble_top2_weighted_soft_vote,False,0.4780028116017185,True,high_crop_weather_stress
2021-02-03,123.9499969482422,-0.022993130651799754,False,2021,global,ensemble_top2_weighted_soft_vote,False,0.47673110007198893,True,high_crop_weather_stress
2021-02-04,124.0500030517578,-0.022974655650161324,False,2021,global,ensemble_top2_weighted_soft_vote,False,0.4899352850606978,True,high_crop_weather_stress
2021-02-05,124.5,-0.02690761826603283,False,2021,global,ensemble_top2_weighted_soft_vote,False,0.49034438606445196,True,high_crop_weather_stress
2021-02-08,124.0999984741211,0.002014504456679278,True,2021,global,ensemble_top2_weighted_soft_vote,False,0.44333206009722137,False,high_crop_weather_stress
2021-02-09,122.9499969482422,0.02236681633394144,True,2021,global,ensemble_top2_weighted_soft_vote,False,0.4314124626367346,False,high_crop_weather_stress
2021-02-10,121.0999984741211,0.05367464972668046,True,2021,global,ensemble_top2_weighted_soft_vote,False,0.42106002543323445,False,high_crop_weather_stress
2021-02-11,121.1999969482422,0.05198022450815887,True,2021,global,ensemble_top2_weighted_soft_vote,False,0.41687395308913594,False,high_crop_weather_stress
2021-02-12,121.1500015258789,0.10152699354061401,True,2021,global,ensemble_top2_weighted_soft_vote,False,0.4098640859275362,False,high_crop_weather_stress
2021-02-16,124.3499984741211,0.10052278072199528,True,2021,global,ensemble_top2_weighted_soft_vote,False,0.3780773908264783,False,high_crop_weather_stress
2021-02-17,125.6999969482422,0.07915669999848252,True,2021,global,ensemble_top2_weighted_soft_vote,False,0.38655007177666734,False,high_crop_weather_stress
2021-02-18,127.5999984741211,0.0909090800379102,True,2021,global,ensemble_top2_weighted_soft_vote,False,0.38461647968629564,False,high_crop_weather_stress
2021-02-19,127.5,0.0733333812040442,True,2021,global,ensemble_top2_weighted_soft_vote,False,0.4047905616139701,False,high_crop_weather_stress
2021-02-22,133.4499969482422,0.012738830926324551,True,2021,global,ensemble_top2_weighted_soft_vote,False,0.4009423360400495,False,high_crop_weather_stress
2021-02-23,136.85000610351562,-0.026671603890996654,False,2021,global,ensemble_top2_weighted_soft_vote,False,0.40230548473954325,True,high_crop_weather_stress
2021-02-24,135.64999389648438,-0.03317361004405195,False,2021,global,ensemble_top2_weighted_soft_vote,False,0.42083432409420213,True,high_crop_weather_stress
2021-02-25,139.1999969482422,-0.07758623052106461,False,2021,global,ensemble_top2_weighted_soft_vote,False,0.41705756298471475,True,high_crop_weather_stress
2021-02-26,136.85000610351562,-0.05918893490869592,False,2021,global,ensemble_top2_weighted_soft_vote,False,0.4198087955369026,True,high_crop_weather_stress
2021-03-01,135.14999389648438,-0.04513496944290463,False,2021,global,ensemble_top2_weighted_soft_vote,False,0.3893917313630755,True,high_crop_weather_stress
2021-03-02,133.1999969482422,-0.032282305932999966,False,2021,global,ensemble_top2_weighted_soft_vote,False,0.39921825194486055,True,high_crop_weather_stress
2021-03-03,131.14999389648438,-0.01372465022293079,False,2021,global,ensemble_top2_weighted_soft_vote,False,0.3908860826273548,True,high_crop_weather_stress
2021-03-04,128.39999389648438,0.02647982334029164,True,2021,global,ensemble_top2_weighted_soft_vote,False,0.3971709346179764,False,high_crop_weather_stress
2021-03-05,128.75,0.02873784037469651,True,2021,global,ensemble_top2_weighted_soft_vote,False,0.4109070330511573,False,high_crop_weather_stress
2021-03-08,129.0500030517578,0.018597395116076276,True,2021,global,ensemble_top2_weighted_soft_vote,False,0.40816528514753553,False,high_crop_weather_stress
2021-03-09,128.89999389648438,0.03801403713958651,True,2021,global,ensemble_top2_weighted_soft_vote,False,0.40285382127794717,False,high_crop_weather_stress
2021-03-10,129.35000610351562,0.027058367490133906,True,2021,global,ensemble_top2_weighted_soft_vote,False,0.3982915747271231,False,high_crop_weather_stress
2021-03-11,131.8000030517578,-0.040971179065590224,False,2021,global,ensemble_top2_weighted_soft_vote,False,0.37742428779123033,True,high_crop_weather_stress
2021-03-12,132.4499969482422,-0.05285013334304112,False,2021,global,ensemble_top2_weighted_soft_vote,False,0.3864912354348972,True,normal
2021-03-15,131.4499969482422,-0.010269995253465947,False,2021,global,ensemble_top2_weighted_soft_vote,False,0.4050729667727458,True,normal
2021-03-16,133.8000030517578,-0.04633785079390751,False,2021,global,ensemble_top2_weighted_soft_vote,False,0.3928259524982514,True,uptrend
2021-03-17,132.85000610351562,-0.047798312471041604,False,2021,global,ensemble_top2_weighted_soft_vote,False,0.41140790365370067,True,normal
2021-03-18,126.4000015258789,0.0015822543182584248,True,2021,global,ensemble_top2_weighted_soft_vote,False,0.4620571149918908,False,normal
2021-03-19,125.4499969482422,0.024312500007601878,True,2021,global,ensemble_top2_weighted_soft_vote,False,0.46831943292154227,False,normal
2021-03-22,130.10000610351562,-0.023443527353342763,False,2021,global,ensemble_top2_weighted_soft_vote,False,0.4932989010792399,True,normal
2021-03-23,127.5999984741211,-0.03918495344664186,False,2021,global,ensemble_top2_weighted_soft_vote,True,0.5050183979560993,False,normal
2021-03-24,126.5,-0.02371541501976282,False,2021,global,ensemble_top2_weighted_soft_vote,True,0.5203382708496115,False,normal
2021-03-25,126.5999984741211,-0.039494471250108854,False,2021,global,ensemble_top2_weighted_soft_vote,True,0.5376956906715137,False,normal
2021-03-26,128.5,-0.04980545934536118,False,2021,global,ensemble_top2_weighted_soft_vote,True,0.533297000945418,False,normal
2021-03-29,127.0500030517578,-0.0015742193847506636,False,2021,global,ensemble_top2_weighted_soft_vote,True,0.5462483484348031,False,normal
2021-03-30,122.5999984741211,0.033849931301221936,True,2021,global,ensemble_top2_weighted_soft_vote,True,0.5737979348181729,True,normal
2021-03-31,123.5,0.03522265970948246,True,2021,global,ensemble_top2_weighted_soft_vote,True,0.5647019493924101,True,normal
2021-04-01,121.5999984741211,0.04646382892086409,True,2021,global,ensemble_top2_weighted_soft_vote,True,0.5634297407827737,True,high_crop_weather_stress
2021-04-05,122.0999984741211,0.04914011223895498,True,2021,global,ensemble_top2_weighted_soft_vote,True,0.5784974722365948,True,high_crop_weather_stress
2021-04-06,126.8499984741211,0.025226682034919845,True,2021,global,ensemble_top2_weighted_soft_vote,True,0.5703369121518733,True,high_crop_weather_stress
2021-04-07,126.75,0.042209121132273264,True,2021,global,ensemble_top2_weighted_soft_vote,True,0.5645320862559596,True,high_crop_weather_stress
2021-04-08,127.8499984741211,0.037935068689913365,True,2021,global,ensemble_top2_weighted_soft_vote,True,0.5459889816300969,True,high_crop_weather_stress
2021-04-09,127.25,0.014931189756262286,True,2021,global,ensemble_top2_weighted_soft_vote,True,0.5365028778981716,True,high_crop_weather_stress
2021-04-12,128.10000610351562,0.013661201534884038,True,2021,global,ensemble_top2_weighted_soft_vote,True,0.5086782561023538,True,high_crop_weather_stress
2021-04-13,130.0500030517578,0.01845439323464859,True,2021,global,ensemble_top2_weighted_soft_vote,True,0.50343164669343,True,high_crop_weather_stress
2021-04-14,132.10000610351562,0.0007569329304057959,True,2021,global,ensemble_top2_weighted_soft_vote,False,0.4942757347931546,False,high_crop_weather_stress
2021-04-15,132.6999969482422,0.012057318314330434,True,2021,global,ensemble_top2_weighted_soft_vote,True,0.5106781630652385,True,high_crop_weather_stress
2021-04-16,129.14999389648438,0.059620693541827974,True,2021,global,ensemble_top2_weighted_soft_vote,True,0.5194358764209653,True,high_crop_weather_stress
2021-04-19,129.85000610351562,0.09164415353972166,True,2021,global,ensemble_top2_weighted_soft_vote,False,0.49832149084720573,False,high_crop_weather_stress
2021-04-20,132.4499969482422,0.08984529580565881,True,2021,global,ensemble_top2_weighted_soft_vote,False,0.4605289127635898,False,high_crop_weather_stress
2021-04-21,132.1999969482422,0.09152803617879757,True,2021,global,ensemble_top2_weighted_soft_vote,False,0.4497540339910488,False,high_crop_weather_stress
2021-04-22,134.3000030517578,0.052866646935147976,True,2021,global,ensemble_top2_weighted_soft_vote,False,0.4540951404279895,False,high_crop_weather_stress
2021-04-23,136.85000610351562,0.022652471366217286,True,2021,global,ensemble_top2_weighted_soft_vote,False,0.455407566871268,False,high_crop_weather_stress
2021-04-26,141.75,-0.021164021164021163,False,2021,global,ensemble_top2_weighted_soft_vote,False,0.40520937435346904,True,high_crop_weather_stress
2021-04-27,144.35000610351562,-0.03775553845922919,False,2021,global,ensemble_top2_weighted_soft_vote,False,0.3892780370597438,True,high_crop_weather_stress
2021-04-28,144.3000030517578,0.029106007341771933,True,2021,global,ensemble_top2_weighted_soft_vote,False,0.37778272236575516,False,high_crop_weather_stress
2021-04-29,141.39999389648438,0.08557288985722122,True,2021,global,ensemble_top2_weighted_soft_vote,False,0.3786579326383665,False,high_crop_weather_stress
2021-04-30,139.9499969482422,0.08824584760857856,True,2021,global,ensemble_top2_weighted_soft_vote,False,0.35713385838312045,False,high_crop_weather_stress
2021-05-03,138.75,0.06378382777308556,True,2021,global,ensemble_top2_weighted_soft_vote,False,0.3323191209480192,False,high_crop_weather_stress
2021-05-04,138.89999389648438,0.06479481926188768,True,2021,global,ensemble_top2_weighted_soft_vote,False,0.3495844919803594,False,high_crop_weather_stress
2021-05-05,148.5,-0.01851851851851849,False,2021,global,ensemble_top2_weighted_soft_vote,False,0.3085345723047727,True,high_crop_weather_stress
2021-05-06,153.5,-0.05114010490889653,False,2021,global,ensemble_top2_weighted_soft_vote,False,0.30117874208714535,True,high_crop_weather_stress
2021-05-07,152.3000030517578,-0.052856223837514205,False,2021,global,ensemble_top2_weighted_soft_vote,False,0.30422272778696335,True,high_crop_weather_stress
2021-05-10,147.60000610351562,-0.017615216775073717,False,2021,global,ensemble_top2_weighted_soft_vote,False,0.32464785134711666,True,high_crop_weather_stress
2021-05-11,147.89999389648438,0.02636923134698077,True,2021,global,ensemble_top2_weighted_soft_vote,False,0.3254848859043928,False,high_crop_weather_stress
2021-05-12,145.75,0.03567750907884859,True,2021,global,ensemble_top2_weighted_soft_vote,False,0.33611781593320034,False,high_crop_weather_stress
2021-05-13,145.64999389648438,0.03638862529252562,True,2021,global,ensemble_top2_weighted_soft_vote,False,0.3282668055397109,False,high_crop_weather_stress
2021-05-14,144.25,0.040554635033037245,True,2021,global,ensemble_top2_weighted_soft_vote,False,0.32080593882953035,False,high_crop_weather_stress
2021-05-17,145.0,0.02758620689655178,True,2021,global,ensemble_top2_weighted_soft_vote,False,0.31176969083711725,False,high_crop_weather_stress
2021-05-18,151.8000030517578,-0.008563919799886688,False,2021,global,ensemble_top2_weighted_soft_vote,False,0.2942366620797197,True,high_crop_weather_stress
2021-05-19,150.9499969482422,0.03146737393859422,True,2021,global,ensemble_top2_weighted_soft_vote,False,0.36379402498805913,False,high_crop_weather_stress
2021-05-20,150.9499969482422,0.0291487859836268,True,2021,global,ensemble_top2_weighted_soft_vote,False,0.3671167464151967,False,high_crop_weather_stress
2021-05-21,150.10000610351562,0.08161225517573834,True,2021,global,ensemble_top2_weighted_soft_vote,False,0.39267225876135126,False,high_crop_weather_stress
2021-05-24,149.0,0.08087250370307264,True,2021,global,ensemble_top2_weighted_soft_vote,False,0.4273320880650184,False,high_crop_weather_stress
2021-05-25,150.5,0.07076407904640791,True,2021,global,ensemble_top2_weighted_soft_vote,False,0.44747241647588926,False,high_crop_weather_stress
2021-05-26,155.6999969482422,0.012203013439396893,True,2021,global,ensemble_top2_weighted_soft_vote,False,0.41789749186781733,False,high_crop_weather_stress
2021-05-27,155.35000610351562,0.04055350849983763,True,2021,global,ensemble_top2_weighted_soft_vote,False,0.43520666130486557,False,high_crop_weather_stress
2021-05-28,162.35000610351562,-0.013551044806419665,False,2021,global,ensemble_top2_weighted_soft_vote,False,0.4276870081843946,True,high_crop_weather_stress
2021-06-01,161.0500030517578,-0.020801030984389457,False,2021,global,ensemble_top2_weighted_soft_vote,False,0.4228453566010738,True,high_crop_weather_stress
2021-06-02,161.14999389648438,-0.02451130684360736,False,2021,global,ensemble_top2_weighted_soft_vote,False,0.42323878788464425,True,high_crop_weather_stress
2021-06-03,157.60000610351562,0.0069796370693289145,True,2021,global,ensemble_top2_weighted_soft_vote,False,0.436157025515459,False,high_crop_weather_stress
2021-06-04,161.64999389648438,-0.025982042108406933,False,2021,global,ensemble_top2_weighted_soft_vote,False,0.40178828886034873,True,high_crop_weather_stress
2021-06-07,160.14999389648438,-0.03777700920100724,False,2021,global,ensemble_top2_weighted_soft_vote,False,0.3872329933115406,True,high_crop_weather_stress
2021-06-08,157.6999969482422,-0.04121750238291588,False,2021,global,ensemble_top2_weighted_soft_vote,False,0.40398803941949923,True,uptrend
2021-06-09,157.1999969482422,-0.024491036383379572,False,2021,global,ensemble_top2_weighted_soft_vote,False,0.40306289031772385,True,uptrend
2021-06-10,158.6999969482422,-0.0576559172806318,False,2021,global,ensemble_top2_weighted_soft_vote,False,0.4329006390037349,True,uptrend
2021-06-11,157.4499969482422,-0.04795175101997429,False,2021,global,ensemble_top2_weighted_soft_vote,False,0.45222450065102937,True,uptrend
2021-06-14,154.10000610351562,-0.0113562617176306,False,2021,global,ensemble_top2_weighted_soft_vote,False,0.48066304829700013,True,uptrend
2021-06-15,151.1999969482422,0.0003307080209460356,True,2021,global,ensemble_top2_weighted_soft_vote,False,0.48486459914141844,False,uptrend
2021-06-16,153.35000610351562,-0.0013042856150670135,False,2021,global,ensemble_top2_weighted_soft_vote,False,0.4889723761347128,True,uptrend
2021-06-17,149.5500030517578,0.019057109906846392,True,2021,global,ensemble_top2_weighted_soft_vote,True,0.5099994548374275,True,uptrend
2021-06-18,149.89999389648438,0.04903273117269946,True,2021,global,ensemble_top2_weighted_soft_vote,True,0.5161036355170873,True,uptrend
2021-06-21,152.35000610351562,0.06498190679268978,True,2021,global,ensemble_top2_weighted_soft_vote,True,0.5043625748599979,True,uptrend
2021-06-22,151.25,0.05586774841813025,True,2021,global,ensemble_top2_weighted_soft_vote,True,0.5321295492004144,True,uptrend
2021-06-23,153.14999389648438,0.04048326773830557,True,2021,global,ensemble_top2_weighted_soft_vote,True,0.5435226361250916,True,uptrend
2021-06-24,152.39999389648438,0.023622088239457995,True,2021,global,ensemble_top2_weighted_soft_vote,True,0.5391908658550973,True,uptrend
2021-06-25,157.25,-0.029888692834608488,False,2021,global,ensemble_top2_weighted_soft_vote,True,0.538389066120032,False,uptrend
2021-06-28,162.25,-0.08844379724817031,False,2021,global,ensemble_top2_weighted_soft_vote,True,0.5436156304373189,False,uptrend
2021-06-29,159.6999969482422,-0.06230430268240339,False,2021,global,ensemble_top2_weighted_soft_vote,True,0.5386918805251437,False,uptrend
2021-06-30,159.35000610351562,-0.04581112502132978,False,2021,global,ensemble_top2_weighted_soft_vote,True,0.5325787087320681,False,uptrend
2021-07-01,156.0,-0.030128185565654997,False,2021,global,ensemble_top2_weighted_soft_vote,True,0.5277070457306066,False,uptrend
2021-07-02,152.5500030517578,0.008521815966904489,True,2021,global,ensemble_top2_weighted_soft_vote,True,0.515319715118059,True,normal
2021-07-06,147.89999389648438,0.028397649630539146,True,2021,global,ensemble_top2_weighted_soft_vote,True,0.5095060769209868,True,normal
2021-07-07,149.75,0.044741215013303526,True,2021,global,ensemble_top2_weighted_soft_vote,False,0.48634856412007177,False,normal
2021-07-08,152.0500030517578,0.03189734131787958,True,2021,global,ensemble_top2_weighted_soft_vote,False,0.4836940418495191,False,normal
2021-07-09,151.3000030517578,0.06543287307864576,True,2021,global,ensemble_top2_weighted_soft_vote,False,0.47550107745618675,False,normal
2021-07-12,153.85000610351562,0.009099732472824362,True,2021,global,ensemble_top2_weighted_soft_vote,True,0.5107411277113143,True,normal
2021-07-13,152.10000610351562,0.08908604371617801,True,2021,global,ensemble_top2_weighted_soft_vote,True,0.5421633842844286,True,normal
2021-07-14,156.4499969482422,0.12496007307833623,True,2021,global,ensemble_top2_weighted_soft_vote,True,0.5386182404967063,True,normal
2021-07-15,156.89999389648438,0.23422563052644896,True,2021,global,ensemble_top2_weighted_soft_vote,True,0.5291946604369449,True,normal
2021-07-16,161.1999969482422,0.17245659787874423,True,2021,global,ensemble_top2_weighted_soft_vote,True,0.5294634663422391,True,uptrend
2021-07-19,155.25,0.3384863320564111,True,2021,global,ensemble_top2_weighted_soft_vote,True,0.5537303210084604,True,normal
2021-07-20,165.64999389648438,0.2179294140274748,True,2021,global,ensemble_top2_weighted_soft_vote,True,0.5416896702242281,True,high_volatility
2021-07-21,176.0,0.13892043720592162,True,2021,global,ensemble_top2_weighted_soft_vote,True,0.5099418582097809,True,high_volatility
2021-07-22,193.6499938964844,0.014717305413596282,True,2021,global,ensemble_top2_weighted_soft_vote,False,0.4526584781007311,False,high_volatility
2021-07-23,189.0,-0.04999998385313331,False,2021,global,ensemble_top2_weighted_soft_vote,False,0.4958238281654831,True,high_volatility
2021-07-26,207.8000030517578,-0.1684311813570203,False,2021,global,ensemble_top2_weighted_soft_vote,False,0.4047413615005829,True,high_crop_weather_stress
2021-07-27,201.75,-0.13333330308046776,False,2021,global,ensemble_top2_weighted_soft_vote,False,0.42739655837973667,True,high_crop_weather_stress
2021-07-28,200.4499969482422,-0.1237216434488716,False,2021,global,ensemble_top2_weighted_soft_vote,False,0.41748125382035206,True,high_crop_weather_stress
2021-07-29,196.5,-0.09974557813493956,False,2021,global,ensemble_top2_weighted_soft_vote,False,0.4120858916947536,True,high_crop_weather_stress
2021-07-30,179.5500030517578,-0.019771668011247412,False,2021,global,ensemble_top2_weighted_soft_vote,False,0.4604579519871543,True,high_crop_weather_stress
2021-08-02,172.8000030517578,0.03790510958379967,True,2021,global,ensemble_top2_weighted_soft_vote,False,0.4798932784124428,False,high_crop_weather_stress
2021-08-03,174.85000610351562,0.04089215697396886,True,2021,global,ensemble_top2_weighted_soft_vote,False,0.4565183928541461,False,high_crop_weather_stress
2021-08-04,175.64999389648438,0.04668381720447834,True,2021,global,ensemble_top2_weighted_soft_vote,False,0.4391346335722128,False,high_crop_weather_stress
2021-08-05,176.89999389648438,0.054550647191770274,True,2021,global,ensemble_top2_weighted_soft_vote,False,0.4143930346761066,False,high_crop_weather_stress
2021-08-06,176.0,0.03835227272727271,True,2021,global,ensemble_top2_weighted_soft_vote,False,0.4251767154974129,False,high_crop_weather_stress
2021-08-09,179.35000610351562,0.021466354690305778,True,2021,global,ensemble_top2_weighted_soft_vote,False,0.40800846145120306,False,high_crop_weather_stress
2021-08-10,182.0,-0.016758258526141878,False,2021,global,ensemble_top2_weighted_soft_vote,False,0.3945332375491387,True,high_crop_weather_stress
2021-08-11,183.8500061035156,-0.02257279857220551,False,2021,global,ensemble_top2_weighted_soft_vote,False,0.40036364712803807,True,high_crop_weather_stress
2021-08-12,186.5500030517578,-0.04476014991647537,False,2021,global,ensemble_top2_weighted_soft_vote,False,0.3929025563244179,True,high_crop_weather_stress
2021-08-13,182.75,-0.024623803009575895,False,2021,global,ensemble_top2_weighted_soft_vote,False,0.42265592247627165,True,high_crop_weather_stress
2021-08-16,183.1999969482422,-0.01774017496800606,False,2021,global,ensemble_top2_weighted_soft_vote,False,0.4111559419815801,True,high_crop_weather_stress
2021-08-17,178.9499969482422,0.024308500573899217,True,2021,global,ensemble_top2_weighted_soft_vote,False,0.4489489774138274,False,high_crop_weather_stress
2021-08-18,179.6999969482422,0.024207046062268534,True,2021,global,ensemble_top2_weighted_soft_vote,False,0.4450308683057751,False,high_crop_weather_stress
2021-08-19,178.1999969482422,0.04180694206412383,True,2021,global,ensemble_top2_weighted_soft_vote,False,0.46608787026978216,False,high_crop_weather_stress
2021-08-20,178.25,0.06311360448807846,True,2021,global,ensemble_top2_weighted_soft_vote,False,0.4563110954550847,False,high_crop_weather_stress
2021-08-23,179.9499969482422,0.09697136562475883,True,2021,global,ensemble_top2_weighted_soft_vote,False,0.4879244049957591,False,high_crop_weather_stress
2021-08-24,183.3000030517578,0.055373670090001825,True,2021,global,ensemble_top2_weighted_soft_vote,False,0.4880711977076594,False,high_crop_weather_stress
2021-08-25,184.0500030517578,0.04971471743964728,True,2021,global,ensemble_top2_weighted_soft_vote,True,0.5080698410407948,True,high_crop_weather_stress
2021-08-26,185.6499938964844,0.0336655007028166,True,2021,global,ensemble_top2_weighted_soft_vote,False,0.49654551333201363,False,high_crop_weather_stress
2021-08-27,189.5,0.005540913201888209,True,2021,global,ensemble_top2_weighted_soft_vote,False,0.49815069786596555,False,high_crop_weather_stress
2021-08-30,197.3999938964844,-0.029888521169754045,False,2021,global,ensemble_top2_weighted_soft_vote,False,0.4790758038736782,True,high_crop_weather_stress
2021-08-31,193.4499969482422,-0.029464962719886856,False,2021,global,ensemble_top2_weighted_soft_vote,False,0.49559337222085265,True,high_crop_weather_stress
2021-09-01,193.1999969482422,-0.042443049056770654,False,2021,global,ensemble_top2_weighted_soft_vote,False,0.4966574911431345,True,high_crop_weather_stress
2021-09-02,191.8999938964844,-0.03282953618209694,False,2021,global,ensemble_top2_weighted_soft_vote,False,0.48177305503040074,True,high_crop_weather_stress
2021-09-03,190.5500030517578,-0.0325373752240673,False,2021,global,ensemble_top2_weighted_soft_vote,False,0.4807720711442471,True,high_crop_weather_stress
2021-09-07,191.5,-0.044386422976501305,False,2021,global,ensemble_top2_weighted_soft_vote,False,0.48091967686200454,True,high_crop_weather_stress
2021-09-08,187.75,-0.003994673768308976,False,2021,global,ensemble_top2_weighted_soft_vote,False,0.47844414023184473,True,high_crop_weather_stress
2021-09-09,185.0,0.015135151631123334,True,2021,global,ensemble_top2_weighted_soft_vote,False,0.47592617992119185,False,high_crop_weather_stress
2021-09-10,185.6000061035156,0.009159466014748263,True,2021,global,ensemble_top2_weighted_soft_vote,True,0.5043819041845353,True,high_crop_weather_stress
2021-09-13,184.3500061035156,-0.004610827639670911,False,2021,global,ensemble_top2_weighted_soft_vote,False,0.49282729085729143,True,high_crop_weather_stress
2021-09-14,183.0,0.001912601658555113,True,2021,global,ensemble_top2_weighted_soft_vote,True,0.5049295378129643,True,high_crop_weather_stress
2021-09-15,187.0,-0.011497293564087685,False,2021,global,ensemble_top2_weighted_soft_vote,True,0.5081895729885606,False,high_crop_weather_stress
2021-09-16,187.8000030517578,0.014909494176025717,True,2021,global,ensemble_top2_weighted_soft_vote,True,0.5048665556898445,True,high_crop_weather_stress
2021-09-17,187.3000030517578,0.03764016517292634,True,2021,global,ensemble_top2_weighted_soft_vote,False,0.48689258886643044,False,high_crop_weather_stress
2021-09-20,183.5,0.055313318236972275,True,2021,global,ensemble_top2_weighted_soft_vote,False,0.4722429322781535,False,high_crop_weather_stress
2021-09-21,183.3500061035156,0.08317425411696022,True,2021,global,ensemble_top2_weighted_soft_vote,False,0.47242494902821175,False,high_crop_weather_stress
2021-09-22,184.8500061035156,0.04625365166707551,True,2021,global,ensemble_top2_weighted_soft_vote,False,0.4900623634438941,False,high_crop_weather_stress
2021-09-23,190.6000061035156,0.017838372442852135,True,2021,global,ensemble_top2_weighted_soft_vote,False,0.49835593548937984,False,high_crop_weather_stress
2021-09-24,194.3500061035156,0.049909938994680436,True,2021,global,ensemble_top2_weighted_soft_vote,True,0.512121563797246,True,high_crop_weather_stress
2021-09-27,193.6499938964844,0.03459856657993332,True,2021,global,ensemble_top2_weighted_soft_vote,True,0.5138262999232243,True,high_crop_weather_stress
2021-09-28,198.6000061035156,-0.03373621350010925,False,2021,global,ensemble_top2_weighted_soft_vote,True,0.5201315164392847,False,high_crop_weather_stress
2021-09-29,193.3999938964844,0.00025854732852037543,True,2021,global,ensemble_top2_weighted_soft_vote,True,0.5415667185745588,True,high_crop_weather_stress
2021-09-30,194.0,0.020103061322084503,True,2021,global,ensemble_top2_weighted_soft_vote,True,0.5209965427735662,True,high_crop_weather_stress
2021-10-01,204.0500030517578,-0.013232035814071286,False,2021,global,ensemble_top2_weighted_soft_vote,False,0.4645753207028349,True,high_crop_weather_stress
2021-10-04,200.3500061035156,0.019465903557144726,True,2021,global,ensemble_top2_weighted_soft_vote,False,0.4661076507384329,False,high_crop_weather_stress
2021-10-05,191.8999938964844,0.11073476120829251,True,2021,global,ensemble_top2_weighted_soft_vote,True,0.50986472539821,True,high_crop_weather_stress
2021-10-06,193.4499969482422,0.07857326021208988,True,2021,global,ensemble_top2_weighted_soft_vote,True,0.5268194187848131,True,high_crop_weather_stress
2021-10-07,197.8999938964844,0.05735223069007489,True,2021,global,ensemble_top2_weighted_soft_vote,True,0.5252436406054631,True,high_crop_weather_stress
2021-10-08,201.3500061035156,0.01018121544985151,True,2021,global,ensemble_top2_weighted_soft_vote,True,0.5360719745345136,True,high_crop_weather_stress
2021-10-11,204.25,-0.012974266323057093,False,2021,global,ensemble_top2_weighted_soft_vote,True,0.5229215266675729,False,high_crop_weather_stress
2021-10-12,213.1499938964844,-0.04175460544843668,False,2021,global,ensemble_top2_weighted_soft_vote,True,0.5050649970115159,False,high_crop_weather_stress
2021-10-13,208.6499938964844,-0.01485737328257275,False,2021,global,ensemble_top2_weighted_soft_vote,True,0.524548354500961,False,high_crop_weather_stress
2021-10-14,209.25,-0.02843487191513594,False,2021,global,ensemble_top2_weighted_soft_vote,True,0.5028165843843047,False,high_crop_weather_stress
2021-10-15,203.3999938964844,-0.01745323451079106,False,2021,global,ensemble_top2_weighted_soft_vote,False,0.4963131577109535,True,high_crop_weather_stress
2021-10-18,201.6000061035156,0.004712286306947977,True,2021,global,ensemble_top2_weighted_soft_vote,True,0.5113926467028663,True,high_crop_weather_stress
2021-10-19,204.25,0.01884947908697976,True,2021,global,ensemble_top2_weighted_soft_vote,True,0.5144783710245545,True,high_crop_weather_stress
2021-10-20,205.5500030517578,-0.02043296952510698,False,2021,global,ensemble_top2_weighted_soft_vote,True,0.5276567144249896,False,high_crop_weather_stress
2021-10-21,203.3000030517578,-0.01647814094062139,False,2021,global,ensemble_top2_weighted_soft_vote,True,0.5346969098763176,False,high_crop_weather_stress
2021-10-22,199.8500061035156,0.020515340102631452,True,2021,global,ensemble_top2_weighted_soft_vote,True,0.5367761383843901,True,high_volatility
2021-10-25,202.5500030517578,0.030362842773756338,True,2021,global,ensemble_top2_weighted_soft_vote,True,0.5294016994282056,True,high_volatility
2021-10-26,208.1000061035156,-0.0002402837592081486,False,2021,global,ensemble_top2_weighted_soft_vote,True,0.5169883963244198,False,high_volatility
2021-10-27,201.3500061035156,0.039483470113008456,True,2021,global,ensemble_top2_weighted_soft_vote,True,0.5148733737413391,True,high_volatility
2021-10-28,199.9499969482422,0.04326086165188836,True,2021,global,ensemble_top2_weighted_soft_vote,True,0.5078637426952035,True,high_volatility
2021-10-29,203.9499969482422,-0.001961235118752569,False,2021,global,ensemble_top2_weighted_soft_vote,True,0.5090366305580718,False,uptrend
2021-11-01,208.6999969482422,-0.043363695180130724,False,2021,global,ensemble_top2_weighted_soft_vote,False,0.48532490899121694,True,uptrend
2021-11-02,208.0500030517578,-0.010334098167441685,False,2021,global,ensemble_top2_weighted_soft_vote,False,0.4857366157857506,True,uptrend
2021-11-03,209.3000030517578,-0.025322517794933663,False,2021,global,ensemble_top2_weighted_soft_vote,False,0.46010367011029757,True,uptrend
2021-11-04,208.6000061035156,0.011025828023358164,True,2021,global,ensemble_top2_weighted_soft_vote,False,0.4418089900422921,False,uptrend
2021-11-05,203.5500030517578,0.0793416539147771,True,2021,global,ensemble_top2_weighted_soft_vote,False,0.43441066500471653,False,uptrend
2021-11-08,199.6499938964844,0.11570251344707083,True,2021,global,ensemble_top2_weighted_soft_vote,False,0.43860717263198346,False,normal
2021-11-09,205.8999938964844,0.07843618083540482,True,2021,global,ensemble_top2_weighted_soft_vote,False,0.4267645458608676,False,uptrend
2021-11-10,204.0,0.14019610835056673,True,2021,global,ensemble_top2_weighted_soft_vote,False,0.40642966747886505,False,normal
2021-11-11,210.8999938964844,0.08558560253262604,True,2021,global,ensemble_top2_weighted_soft_vote,False,0.40214168057686,False,uptrend
2021-11-12,219.6999969482422,0.06190262308797201,True,2021,global,ensemble_top2_weighted_soft_vote,False,0.39314211703419893,False,uptrend
2021-11-15,222.75,0.038608332675715396,True,2021,global,ensemble_top2_weighted_soft_vote,False,0.39424876544804,False,uptrend
2021-11-16,222.0500030517578,0.09232154793180358,True,2021,global,ensemble_top2_weighted_soft_vote,False,0.3900282369832979,False,uptrend
2021-11-17,232.6000061035156,0.058899383442600595,True,2021,global,ensemble_top2_weighted_soft_vote,False,0.36547196802992266,False,uptrend
2021-11-18,228.9499969482422,0.06507975258301402,True,2021,global,ensemble_top2_weighted_soft_vote,False,0.37560412872920473,False,uptrend
2021-11-19,233.3000030517578,0.002357492689941232,True,2021,global,ensemble_top2_weighted_soft_vote,False,0.3429891024110968,False,uptrend
2021-11-22,231.3500061035156,0.008212638194763144,True,2021,global,ensemble_top2_weighted_soft_vote,False,0.34830661243836303,False,uptrend
2021-11-23,242.5500030517578,-0.03442591629955083,False,2021,global,ensemble_top2_weighted_soft_vote,False,0.33303583432441175,True,high_volatility
2021-11-24,246.3000030517578,-0.03593181483499974,False,2021,global,ensemble_top2_weighted_soft_vote,False,0.3220939466971131,True,uptrend
2021-11-26,243.8500061035156,0.0008201638024865066,True,2021,global,ensemble_top2_weighted_soft_vote,False,0.31785266222677216,False,uptrend
2021-11-29,233.8500061035156,0.0699165722385704,True,2021,global,ensemble_top2_weighted_soft_vote,False,0.3729812647274667,False,high_volatility
2021-11-30,233.25,0.045659137819868745,True,2021,global,ensemble_top2_weighted_soft_vote,False,0.39228762756510943,False,high_volatility
2021-12-01,234.1999969482422,0.04504698202062474,True,2021,global,ensemble_top2_weighted_soft_vote,False,0.43163010176701566,False,high_volatility
2021-12-02,237.4499969482422,0.012213136207811948,True,2021,global,ensemble_top2_weighted_soft_vote,False,0.44475474347324206,False,high_volatility
2021-12-03,244.0500030517578,-0.046506887775406125,False,2021,global,ensemble_top2_weighted_soft_vote,False,0.457552979244899,True,high_volatility
2021-12-06,250.1999969482422,-0.05395683519050032,False,2021,global,ensemble_top2_weighted_soft_vote,False,0.4354254658911437,True,high_volatility
2021-12-07,243.8999938964844,-0.027675277445332047,False,2021,global,ensemble_top2_weighted_soft_vote,False,0.45840245225376614,True,high_volatility
2021-12-08,244.75,-0.030030668451544784,False,2021,global,ensemble_top2_weighted_soft_vote,False,0.4486086700345705,True,high_volatility
2021-12-09,240.3500061035156,-0.014146074761525407,False,2021,global,ensemble_top2_weighted_soft_vote,False,0.43056575311931927,True,high_volatility
2021-12-10,232.6999969482422,0.013751598582762092,True,2021,global,ensemble_top2_weighted_soft_vote,False,0.4536287705231918,False,high_volatility
2021-12-13,236.6999969482422,-0.051964525603468203,False,2021,global,ensemble_top2_weighted_soft_vote,False,0.47247572311541797,True,high_volatility
2021-12-14,237.1499938964844,-0.03752896531959948,False,2021,global,ensemble_top2_weighted_soft_vote,False,0.47661382961432175,True,high_volatility
2021-12-15,237.3999938964844,-0.016217316527840087,False,2021,global,ensemble_top2_weighted_soft_vote,False,0.471424666037387,True,high_volatility
2021-12-16,236.9499969482422,-0.024266723249867783,False,2021,global,ensemble_top2_weighted_soft_vote,False,0.4681360690661367,True,uptrend
2021-12-17,235.8999938964844,-0.03751585872702512,False,2021,global,ensemble_top2_weighted_soft_vote,False,0.48340591958292467,True,uptrend
2021-12-20,224.3999938964844,0.0053476481268746046,True,2021,global,ensemble_top2_weighted_soft_vote,False,0.49090224596628645,False,high_volatility
2021-12-21,228.25,0.002847727914498943,True,2021,global,ensemble_top2_weighted_soft_vote,False,0.4765515361740581,False,high_volatility
2021-12-22,233.5500030517578,-0.02012415708340043,False,2021,global,ensemble_top2_weighted_soft_vote,False,0.4838949123814867,True,uptrend
2021-12-23,231.1999969482422,-0.02205878422164642,False,2021,global,ensemble_top2_weighted_soft_vote,False,0.4599287360187148,True,uptrend
2021-12-27,227.0500030517578,-0.016516185640152448,False,2021,global,ensemble_top2_weighted_soft_vote,False,0.4517454498444167,True,normal
2021-12-28,225.6000061035156,0.027260610505757343,True,2021,global,ensemble_top2_weighted_soft_vote,False,0.4566228418243183,False,normal
2021-12-29,228.8999938964844,0.012450878896940631,True,2021,global,ensemble_top2_weighted_soft_vote,False,0.44452096250259826,False,normal
2021-12-30,228.8500061035156,0.012453531871165602,True,2021,global,ensemble_top2_weighted_soft_vote,False,0.4648009441968647,False,normal
2021-12-31,226.1000061035156,0.05462180677285078,True,2021,global,ensemble_top2_weighted_soft_vote,False,0.48347779858799567,False,normal
2022-01-03,223.3000030517578,0.051948010238217046,True,2022,global,logistic_l2,True,0.6458342362733716,True,normal
2022-01-04,231.75,0.022869484581479194,True,2022,global,logistic_l2,True,0.6149090803053685,True,normal
2022-01-05,231.75,0.03926647725357313,True,2022,global,logistic_l2,True,0.6144135605384683,True,normal
2022-01-06,231.6999969482422,0.022874420032650056,True,2022,global,logistic_l2,True,0.6129918456022897,True,normal
2022-01-07,238.4499969482422,0.005032488838750959,True,2022,global,logistic_l2,True,0.6159678355137949,True,uptrend
2022-01-10,234.8999938964844,0.020008566748206835,True,2022,global,logistic_l2,True,0.6559989920865256,True,normal
2022-01-11,237.0500030517578,0.03121701666828769,True,2022,global,logistic_l2,True,0.5884331064127707,True,uptrend
2022-01-12,240.8500061035156,0.011625442067729974,True,2022,global,logistic_l2,True,0.5348313963123156,True,uptrend
2022-01-13,237.0,0.003797442601199963,True,2022,global,logistic_l2,True,0.5678938273167498,True,normal
2022-01-14,239.6499938964844,-0.027957425908119338,False,2022,global,logistic_l2,True,0.5726281077644176,False,uptrend
2022-01-18,239.6000061035156,-0.007095209364463617,False,2022,global,logistic_l2,True,0.5718656232283762,False,uptrend
2022-01-19,244.4499969482422,-0.022704042221497356,False,2022,global,logistic_l2,True,0.5700754507125242,False,uptrend
2022-01-20,243.6499938964844,-0.047609239217362265,False,2022,global,logistic_l2,True,0.598878179659145,False,uptrend
2022-01-21,237.8999938964844,-0.008406893868480925,False,2022,global,logistic_l2,True,0.6361991566736928,False,normal
2022-01-24,232.9499969482422,0.00922948780184396,True,2022,global,logistic_l2,True,0.6409470618100591,True,normal
2022-01-25,237.8999938964844,-0.005044123493186614,False,2022,global,logistic_l2,True,0.6263775449716212,False,normal
2022-01-26,238.8999938964844,-0.0004185468701598527,False,2022,global,logistic_l2,True,0.6254776303166784,False,normal
2022-01-27,232.0500030517578,0.051066540352871614,True,2022,global,logistic_l2,True,0.646020573446214,True,normal
2022-01-28,235.8999938964844,0.025222604328010823,True,2022,global,logistic_l2,True,0.6138134824934567,True,normal
2022-01-31,235.1000061035156,0.02786043225402901,True,2022,global,logistic_l2,True,0.6032178406396397,True,normal
2022-02-01,236.6999969482422,0.05175327485398595,True,2022,global,logistic_l2,True,0.5765041970838866,True,normal
2022-02-02,238.8000030517578,0.08186768342511508,True,2022,global,logistic_l2,True,0.5952184197690573,True,normal
2022-02-03,243.8999938964844,0.04633047697636972,True,2022,global,logistic_l2,True,0.5530553022405014,True,normal
2022-02-04,241.8500061035156,0.040520932584861225,True,2022,global,logistic_l2,True,0.564905815916282,True,normal
2022-02-07,241.6499938964844,0.024415515432625323,True,2022,global,logistic_l2,True,0.5699538645829777,True,normal
2022-02-08,248.9499969482422,0.01164896240539548,True,2022,global,logistic_l2,True,0.5419628268310588,True,uptrend
2022-02-09,258.3500061035156,-0.023611402978142237,False,2022,global,logistic_l2,True,0.5210905158266014,False,uptrend
2022-02-10,255.1999969482422,-0.014498420816958735,False,2022,global,logistic_l2,True,0.5733890435704017,False,uptrend
2022-02-11,251.6499938964844,-0.019074062822919347,False,2022,global,logistic_l2,True,0.580021312447367,False,uptrend
2022-02-14,247.5500030517578,0.0036356044653176323,True,2022,global,logistic_l2,True,0.5993792602022391,True,normal
2022-02-15,251.8500061035156,-0.012904506338047073,False,2022,global,logistic_l2,True,0.5898401108706149,False,uptrend
2022-02-16,252.25,-0.051139718122832134,False,2022,global,logistic_l2,True,0.6153619978839827,False,uptrend
2022-02-17,251.5,-0.04552682683197684,False,2022,global,logistic_l2,True,0.6177694296406513,False,normal
2022-02-18,246.8500061035156,-0.051043167073011264,False,2022,global,logistic_l2,True,0.6292520907034685,False,normal
2022-02-22,248.4499969482422,-0.04507948112623805,False,2022,global,logistic_l2,True,0.5843607711187402,False,normal
2022-02-23,248.6000061035156,-0.07300888459236743,False,2022,global,logistic_l2,True,0.5609215354185648,False,normal
2022-02-24,239.3500061035156,-0.06350537630844011,False,2022,global,logistic_l2,True,0.5914726559143603,False,normal
2022-02-25,240.0500030517578,-0.06623623808846679,False,2022,global,logistic_l2,True,0.5879223442873203,False,normal
2022-02-28,234.25,-0.03735325506937037,False,2022,global,logistic_l2,True,0.6048743795056644,False,normal
2022-03-01,237.25,-0.013487869117986051,False,2022,global,logistic_l2,True,0.6099253548502152,False,normal
2022-03-02,230.4499969482422,0.0,False,2022,global,logistic_l2,True,0.6389131810809854,False,normal
2022-03-03,224.1499938964844,0.004684376892031938,True,2022,global,logistic_l2,True,0.6725286417599059,True,downtrend
2022-03-04,224.1499938964844,-0.005353544416317857,False,2022,global,logistic_l2,True,0.6956223526658555,False,downtrend
2022-03-07,225.5,-0.02594237739918226,False,2022,global,logistic_l2,True,0.6690554205503523,False,normal
2022-03-08,234.0500030517578,-0.09292886014272006,False,2022,global,logistic_l2,True,0.6248799361119978,False,normal
2022-03-09,230.4499969482422,-0.05142109351985813,False,2022,global,logistic_l2,True,0.6684568417891174,False,normal
2022-03-10,225.1999969482422,-0.03507990232477687,False,2022,global,logistic_l2,True,0.687641353651212,False,normal
2022-03-11,222.9499969482422,-0.011886045897096742,False,2022,global,logistic_l2,True,0.700729463872325,False,downtrend
2022-03-14,219.6499938964844,0.028226780693438647,True,2022,global,logistic_l2,True,0.7073776773199382,True,downtrend
2022-03-15,212.3000030517578,0.060056522923796596,True,2022,global,logistic_l2,True,0.7072486996202837,True,downtrend
2022-03-16,218.6000061035156,0.03064957347288222,True,2022,global,logistic_l2,True,0.6382696947971966,True,downtrend
2022-03-17,217.3000030517578,0.020938808043523327,True,2022,global,logistic_l2,True,0.6249718151791334,True,downtrend
2022-03-18,220.3000030517578,0.007035873945919313,True,2022,global,logistic_l2,True,0.6396217767913873,True,downtrend
2022-03-21,225.8500061035156,-0.05003322004152866,False,2022,global,logistic_l2,True,0.6391707833732271,False,normal
2022-03-22,225.0500030517578,-0.0415463495966506,False,2022,global,logistic_l2,True,0.6627536514507559,False,normal
2022-03-23,225.3000030517578,-0.015312902359125413,False,2022,global,logistic_l2,True,0.6776633638885222,False,normal
2022-03-24,221.8500061035156,0.020509297578498842,True,2022,global,logistic_l2,True,0.6918082070454105,True,downtrend
2022-03-25,221.8500061035156,0.029524397623467147,True,2022,global,logistic_l2,True,0.688022873945475,True,downtrend
2022-03-28,214.5500030517578,0.074807750284142,True,2022,global,logistic_l2,True,0.723522896549701,True,downtrend
2022-03-29,215.6999969482422,0.07232269969507188,True,2022,global,logistic_l2,True,0.7017690072769472,True,downtrend
2022-03-30,221.8500061035156,0.025918412629283516,True,2022,global,logistic_l2,True,0.7138541240679805,True,normal
2022-03-31,226.3999938964844,-0.0011042403124547073,False,2022,global,logistic_l2,True,0.7311208152036397,False,normal
2022-04-01,228.3999938964844,0.014229422446801587,True,2022,global,logistic_l2,True,0.7624517837005638,True,normal
2022-04-04,230.6000061035156,0.026019079970477588,True,2022,global,logistic_l2,True,0.7585843783010632,True,normal
2022-04-05,231.3000030517578,0.009943808998753578,True,2022,global,logistic_l2,True,0.7720214804076032,True,normal
2022-04-06,227.6000061035156,-0.011203879540310768,False,2022,global,logistic_l2,True,0.7782636279957893,False,normal
2022-04-07,226.1499938964844,-0.011275648294450158,False,2022,global,logistic_l2,True,0.7923359778848722,False,normal
2022-04-08,231.6499938964844,-0.03518236180108136,False,2022,global,logistic_l2,True,0.7606289553791478,False,normal
2022-04-11,236.6000061035156,-0.0646661143578493,False,2022,global,logistic_l2,True,0.7211436730783476,False,normal
2022-04-12,233.6000061035156,-0.06335617579221908,False,2022,global,logistic_l2,True,0.7082827444571252,False,normal
2022-04-13,225.0500030517578,0.013774675861762287,True,2022,global,logistic_l2,True,0.704724649521302,True,normal
2022-04-14,223.6000061035156,0.016547391982312032,True,2022,global,logistic_l2,True,0.6919011484008406,True,normal
2022-04-18,223.5,-0.012080523258354292,False,2022,global,logistic_l2,True,0.6653162222227121,False,normal
2022-04-19,221.3000030517578,0.00045183390577352434,True,2022,global,logistic_l2,True,0.7261805170792398,True,normal
2022-04-20,218.8000030517578,-0.013025621863640646,False,2022,global,logistic_l2,True,0.7377660156770045,False,downtrend
2022-04-21,228.1499938964844,-0.04492658459000709,False,2022,global,logistic_l2,True,0.6925750431160876,False,normal
2022-04-22,227.3000030517578,-0.020897492020351627,False,2022,global,logistic_l2,True,0.6782253686367338,False,normal
2022-04-25,220.8000030517578,-0.019927577420558285,False,2022,global,logistic_l2,True,0.7271651630961916,False,normal
2022-04-26,221.3999938964844,-0.014453464482652056,False,2022,global,logistic_l2,True,0.7206075193747631,False,normal
2022-04-27,215.9499969482422,0.024311183487806698,True,2022,global,logistic_l2,True,0.7252120224771427,True,downtrend
2022-04-28,217.8999938964844,0.002294630628753236,True,2022,global,logistic_l2,True,0.7560745216740811,True,downtrend
2022-04-29,222.5500030517578,-0.04920241203364806,False,2022,global,logistic_l2,True,0.7856856029606655,False,normal
2022-05-02,216.3999938964844,-0.046672787105335845,False,2022,global,logistic_l2,True,0.8174384718916526,False,downtrend
2022-05-03,218.1999969482422,-0.0650778970982776,False,2022,global,logistic_l2,True,0.7995721610022802,False,normal
2022-05-04,221.1999969482422,-0.004972833905526608,False,2022,global,logistic_l2,True,0.7897212288715784,False,normal
2022-05-05,218.3999938964844,-0.015567738056329383,False,2022,global,logistic_l2,True,0.7714309242261033,False,normal
2022-05-06,211.6000061035156,0.006143609430393049,True,2022,global,logistic_l2,True,0.7775909550948567,True,downtrend
2022-05-09,206.3000030517578,0.09452253859205095,True,2022,global,logistic_l2,True,0.7838930278244074,True,high_crop_weather_stress
2022-05-10,204.0,0.11862743602079506,True,2022,global,logistic_l2,True,0.7568318366438888,True,high_crop_weather_stress
2022-05-11,220.1000061035156,-0.006815083863716653,False,2022,global,logistic_l2,True,0.6969339376427789,False,high_crop_weather_stress
2022-05-12,215.0,0.017209288131359024,True,2022,global,logistic_l2,True,0.6804640165977188,True,high_crop_weather_stress
2022-05-13,212.8999938964844,0.013856328283717856,True,2022,global,logistic_l2,True,0.6632737896860728,True,high_crop_weather_stress
2022-05-16,225.8000030517578,-0.04450842743989758,False,2022,global,logistic_l2,True,0.6293758324085272,False,high_crop_weather_stress
2022-05-17,228.1999969482422,-0.06375987399797323,False,2022,global,logistic_l2,True,0.6396261642950569,False,high_crop_weather_stress
2022-05-18,218.6000061035156,-0.007090590157732168,False,2022,global,logistic_l2,True,0.684472146420219,False,high_crop_weather_stress
2022-05-19,218.6999969482422,0.036122584661686385,True,2022,global,logistic_l2,True,0.7280360893737712,True,high_crop_weather_stress
2022-05-20,215.8500061035156,0.06300667343138455,True,2022,global,logistic_l2,True,0.7066731800743729,True,high_crop_weather_stress
2022-05-23,215.75,0.07184241019698723,True,2022,global,logistic_l2,True,0.7095487454082063,True,high_crop_weather_stress
2022-05-24,213.6499938964844,0.12075826720715077,True,2022,global,logistic_l2,True,0.6983053670127076,True,high_crop_weather_stress
2022-05-25,217.0500030517578,0.09767333172157033,True,2022,global,logistic_l2,True,0.6843843595625237,True,high_crop_weather_stress
2022-05-26,226.6000061035156,0.02559570890002205,True,2022,global,logistic_l2,True,0.6592125040419651,True,high_crop_weather_stress
2022-05-27,229.4499969482422,0.035301835743073884,True,2022,global,logistic_l2,True,0.6561090423188762,True,high_volatility
2022-05-31,231.25,0.003891865498310887,True,2022,global,logistic_l2,True,0.6372408945827035,True,high_volatility
2022-06-01,239.4499969482422,-0.03173936496799934,False,2022,global,logistic_l2,True,0.5963453851935042,False,high_volatility
2022-06-02,238.25,-0.015110204002164118,False,2022,global,logistic_l2,True,0.6194127572562907,False,high_crop_weather_stress
2022-06-03,232.3999938964844,-0.01506024135938222,False,2022,global,logistic_l2,True,0.6346058074756854,False,high_volatility
2022-06-06,237.5500030517578,-0.05977687546124044,False,2022,global,logistic_l2,True,0.6469147985623768,False,high_volatility
2022-06-07,232.1499938964844,-0.022399298233713894,False,2022,global,logistic_l2,True,0.6424654286512215,False,high_volatility
2022-06-08,231.8500061035156,-0.014449023141366202,False,2022,global,logistic_l2,True,0.6288622472607973,False,high_volatility
2022-06-09,234.6499938964844,-0.011506486334848631,False,2022,global,logistic_l2,True,0.6341715792554172,False,high_volatility
2022-06-10,228.8999938964844,-0.005460900101925237,False,2022,global,logistic_l2,True,0.640382740439371,False,high_volatility
2022-06-13,223.3500061035156,0.04365345750418825,True,2022,global,logistic_l2,True,0.6425139128620773,True,high_volatility
2022-06-14,226.9499969482422,0.051332933738396536,True,2022,global,logistic_l2,True,0.6610050574302697,True,normal
2022-06-15,228.5,0.017286638723160497,True,2022,global,logistic_l2,True,0.6577216819433275,True,normal
2022-06-16,231.9499969482422,-0.02306527663339608,False,2022,global,logistic_l2,True,0.6397515619348724,False,normal
2022-06-17,227.6499938964844,-0.007247941755863518,False,2022,global,logistic_l2,True,0.6619204095735708,False,normal
2022-06-21,233.1000061035156,-0.048048099158167656,False,2022,global,logistic_l2,True,0.6436337659859396,False,normal
2022-06-22,238.6000061035156,-0.024937183800614826,False,2022,global,logistic_l2,True,0.6567662418172803,False,uptrend
2022-06-23,232.4499969482422,0.004947339945672091,True,2022,global,logistic_l2,True,0.6925065924263764,True,normal
2022-06-24,226.6000061035156,0.008164125308458559,True,2022,global,logistic_l2,True,0.7468409640968408,True,normal
2022-06-27,226.0,-0.005973478334139859,False,2022,global,logistic_l2,True,0.7305556416251848,False,normal
2022-06-28,221.8999938964844,0.002703948265070588,True,2022,global,logistic_l2,True,0.7479819753718764,True,normal
2022-06-29,232.6499938964844,-0.04491724574423095,False,2022,global,logistic_l2,True,0.7058683768226703,False,high_volatility
2022-06-30,233.6000061035156,-0.045804845579882736,False,2022,global,logistic_l2,True,0.7161712689839196,False,normal
2022-07-01,228.4499969482422,-0.05055812302932339,False,2022,global,logistic_l2,True,0.7228874531373146,False,normal
2022-07-05,224.6499938964844,-0.06855105415039764,False,2022,global,logistic_l2,True,0.7426409455900925,False,normal
2022-07-06,222.5,-0.050561797752809,False,2022,global,logistic_l2,True,0.7570080072143863,False,normal
2022-07-07,222.1999969482422,-0.103510352456744,False,2022,global,logistic_l2,True,0.7702611945239899,False,normal
2022-07-08,222.8999938964844,-0.08613726995954418,False,2022,global,logistic_l2,True,0.7864314646540776,False,normal
2022-07-11,216.8999938964844,0.010142979570949784,True,2022,global,logistic_l2,True,0.8383048199481454,True,normal
2022-07-12,209.25,0.05328551443959095,True,2022,global,logistic_l2,True,0.8634524984100449,True,downtrend
2022-07-13,211.25,0.03266269300110958,True,2022,global,logistic_l2,True,0.8632778641170982,True,downtrend
2022-07-14,199.1999969482422,0.08358438459012407,True,2022,global,logistic_l2,True,0.8610630646028625,True,high_volatility
2022-07-15,203.6999969482422,0.01472754072137894,True,2022,global,logistic_l2,True,0.857157855244427,True,high_volatility
2022-07-18,219.1000061035156,-0.041305352805339646,False,2022,global,logistic_l2,True,0.8304964032450695,False,high_volatility
2022-07-19,220.3999938964844,-0.03266786364623875,False,2022,global,logistic_l2,True,0.8174794567281483,False,high_volatility
2022-07-20,218.1499938964844,0.004354857820816571,True,2022,global,logistic_l2,True,0.8168781065034055,True,high_volatility
2022-07-21,215.8500061035156,0.011813702667888393,True,2022,global,logistic_l2,True,0.8292338461534008,True,high_volatility
2022-07-22,206.6999969482422,0.05079825909542324,True,2022,global,logistic_l2,True,0.8418762710556573,True,high_volatility
2022-07-25,210.0500030517578,0.014996400146246147,True,2022,global,logistic_l2,True,0.8424201788507621,True,high_volatility
2022-07-26,213.1999969482422,-0.01547843855062958,False,2022,global,logistic_l2,True,0.8242304384170729,False,high_volatility
2022-07-27,219.1000061035156,-0.020310415714588137,False,2022,global,logistic_l2,True,0.8093424194771222,False,high_volatility
2022-07-28,218.3999938964844,0.0041209211557944325,True,2022,global,logistic_l2,True,0.814989992136054,True,high_volatility
2022-07-29,217.1999969482422,-0.03568140013301557,False,2022,global,logistic_l2,True,0.8017109330918641,False,high_volatility
2022-08-01,213.1999969482422,-0.00633203970004903,False,2022,global,logistic_l2,True,0.7982710931118473,False,high_volatility
2022-08-02,209.8999938964844,0.013577923708378625,True,2022,global,logistic_l2,True,0.8034605115499727,True,high_volatility
2022-08-03,214.6499938964844,0.027020746408941587,True,2022,global,logistic_l2,True,0.7813992204795964,True,high_volatility
2022-08-04,219.3000030517578,0.02120380224247831,True,2022,global,logistic_l2,True,0.7872678454243837,True,high_volatility
2022-08-05,209.4499969482422,0.08188116211580265,True,2022,global,logistic_l2,True,0.8274353750120483,True,high_volatility
2022-08-08,211.8500061035156,0.06443235073505105,True,2022,global,logistic_l2,True,0.8124497027255746,True,high_volatility
2022-08-09,212.75,0.031022355363175436,True,2022,global,logistic_l2,True,0.8046939288192284,True,high_volatility
2022-08-10,220.4499969482422,-0.01360852819927394,False,2022,global,logistic_l2,True,0.7850399611687741,False,high_volatility
2022-08-11,223.9499969482422,-0.04130386303214728,False,2022,global,logistic_l2,True,0.7780116923218716,False,high_volatility
2022-08-12,226.6000061035156,-0.04699915652433062,False,2022,global,logistic_l2,True,0.7597653658137649,False,high_volatility
2022-08-15,225.5,-0.005321494227238044,False,2022,global,logistic_l2,True,0.7951732794683004,False,normal
2022-08-16,219.3500061035156,0.05151578517684707,True,2022,global,logistic_l2,True,0.7956574742372534,True,normal
2022-08-17,217.4499969482422,0.11726833919464053,True,2022,global,logistic_l2,True,0.7974078562639195,True,normal
2022-08-18,214.6999969482422,0.13367488288861473,True,2022,global,logistic_l2,True,0.8054710416597628,True,normal
2022-08-19,215.9499969482422,0.12062979124746809,True,2022,global,logistic_l2,True,0.8064718362873757,True,normal
2022-08-22,224.3000030517578,0.07222468447538977,True,2022,global,logistic_l2,True,0.7668800825096193,True,normal
2022-08-23,230.6499938964844,0.036852374701621615,True,2022,global,logistic_l2,True,0.7564897774877012,True,normal
2022-08-24,242.9499969482422,-0.01584684458978114,False,2022,global,logistic_l2,True,0.7196447320754965,False,high_volatility
2022-08-25,243.3999938964844,-0.028964617788639235,False,2022,global,logistic_l2,True,0.7181619784602511,False,high_volatility
2022-08-26,242.0,-0.038636388857502424,False,2022,global,logistic_l2,True,0.733947294301625,False,high_volatility
2022-08-29,240.5,-0.02744285282127068,False,2022,global,logistic_l2,True,0.720024663340151,False,high_crop_weather_stress
2022-08-30,239.1499938964844,-0.051223083055157326,False,2022,global,logistic_l2,True,0.7234870180997994,False,high_crop_weather_stress
2022-08-31,239.1000061035156,-0.05541614245824633,False,2022,global,logistic_l2,True,0.7350350575639453,False,high_crop_weather_stress
2022-09-01,236.3500061035156,-0.020520439933440993,False,2022,global,logistic_l2,True,0.738881379578654,False,high_crop_weather_stress
2022-09-02,232.6499938964844,-0.021061654953941744,False,2022,global,logistic_l2,True,0.7391979014726204,False,high_crop_weather_stress
2022-09-06,233.8999938964844,-0.042539534877652496,False,2022,global,logistic_l2,True,0.7662229978151741,False,high_crop_weather_stress
2022-09-07,226.8999938964844,-0.04098716634259414,False,2022,global,logistic_l2,True,0.8092558685424573,False,high_crop_weather_stress
2022-09-08,225.8500061035156,-0.029665760575451672,False,2022,global,logistic_l2,True,0.8271131705200035,False,high_crop_weather_stress
2022-09-09,231.5,-0.058099338869296746,False,2022,global,logistic_l2,True,0.8205442497638347,False,high_crop_weather_stress
2022-09-12,227.75,-0.01624587024475166,False,2022,global,logistic_l2,True,0.8225311901333795,False,high_crop_weather_stress
2022-09-13,223.9499969482422,0.018530963214223872,True,2022,global,logistic_l2,True,0.8186693064602336,True,high_crop_weather_stress
2022-09-14,217.6000061035156,0.01700366196902614,True,2022,global,logistic_l2,True,0.8274809785141218,True,high_crop_weather_stress
2022-09-15,219.1499938964844,0.020077614774435038,True,2022,global,logistic_l2,True,0.8039526666735677,True,high_crop_weather_stress
2022-09-16,218.0500030517578,0.011006621705548447,True,2022,global,logistic_l2,True,0.8146741158782687,True,high_crop_weather_stress
2022-09-19,224.0500030517578,-0.0011158223458815897,False,2022,global,logistic_l2,True,0.8156452227681737,False,normal
2022-09-20,228.1000061035156,-0.016440157385608223,False,2022,global,logistic_l2,True,0.7935633500722162,False,normal
2022-09-21,221.3000030517578,0.03343874285782844,True,2022,global,logistic_l2,True,0.8128844844736541,True,normal
2022-09-22,223.5500030517578,0.009617507793039826,True,2022,global,logistic_l2,True,0.816573837465523,True,normal
2022-09-23,220.4499969482422,0.004989821359688618,True,2022,global,logistic_l2,True,0.8078522011356564,True,normal
2022-09-26,223.8000030517578,-0.03596962887393751,False,2022,global,logistic_l2,True,0.8156319322782463,False,normal
2022-09-27,224.3500061035156,-0.022509484797730295,False,2022,global,logistic_l2,True,0.8525370237779042,False,normal
2022-09-28,228.6999969482422,-0.017708802386535938,False,2022,global,logistic_l2,True,0.830967691809317,False,normal
2022-09-29,225.6999969482422,-0.035445281826187,False,2022,global,logistic_l2,True,0.8454774532015931,False,normal
2022-09-30,221.5500030517578,-0.015572091630421836,False,2022,global,logistic_l2,True,0.8385451942778426,False,normal
2022-10-03,215.75,0.007879476005757446,True,2022,global,logistic_l2,True,0.8344332973179573,True,normal
2022-10-04,219.3000030517578,-0.0066119330965079826,False,2022,global,logistic_l2,True,0.8285638972101437,False,normal
2022-10-05,224.6499938964844,-0.06632536969197567,False,2022,global,logistic_l2,True,0.7919890100946728,False,normal
2022-10-06,217.6999969482422,-0.07142858644805017,False,2022,global,logistic_l2,True,0.7856743219282876,False,normal
2022-10-07,218.1000061035156,-0.09812016761300058,False,2022,global,logistic_l2,True,0.7621544803686398,False,normal
2022-10-10,217.4499969482422,-0.10071278088680335,False,2022,global,logistic_l2,True,0.7565611304423469,False,normal
2022-10-11,217.8500061035156,-0.10442965050544872,False,2022,global,logistic_l2,True,0.7676470615275974,False,normal
2022-10-12,209.75,-0.0831942643539556,False,2022,global,logistic_l2,True,0.7832542295877699,False,downtrend
2022-10-13,202.1499938964844,-0.054909676872959,False,2022,global,logistic_l2,True,0.8103327452677672,False,downtrend
2022-10-14,196.6999969482422,-0.02948654367942849,False,2022,global,logistic_l2,True,0.8360620042717748,False,downtrend
2022-10-17,195.5500030517578,-0.02633602186091666,False,2022,global,logistic_l2,True,0.862411812512895,False,downtrend
2022-10-18,195.1000061035156,-0.04766787678532114,False,2022,global,logistic_l2,True,0.8510892803231674,False,downtrend
2022-10-19,192.3000030517578,-0.06526262533849236,False,2022,global,logistic_l2,True,0.8403282470942436,False,downtrend
2022-10-20,191.0500030517578,-0.06385761189931549,False,2022,global,logistic_l2,True,0.8298176905929315,False,downtrend
2022-10-21,190.8999938964844,-0.11052902838838263,False,2022,global,logistic_l2,True,0.8221520178347941,False,downtrend
2022-10-24,190.3999938964844,-0.06670166678233658,False,2022,global,logistic_l2,True,0.7947440121076726,False,downtrend
2022-10-25,185.8000030517578,-0.060279853413792606,False,2022,global,logistic_l2,True,0.7909579917328518,False,downtrend
2022-10-26,179.75,0.013351843652207984,True,2022,global,logistic_l2,True,0.7928231867630287,True,downtrend
2022-10-27,178.85000610351562,-0.03718204600688979,False,2022,global,logistic_l2,True,0.7866623699105031,False,downtrend
2022-10-28,169.8000030517578,0.035041206368108924,True,2022,global,logistic_l2,True,0.7726739812722326,True,downtrend
2022-10-31,177.6999969482422,-0.04023631974831665,False,2022,global,logistic_l2,True,0.7638595766612637,False,downtrend
2022-11-01,174.60000610351562,-0.04667817222435555,False,2022,global,logistic_l2,True,0.77641251226645,False,downtrend
2022-11-02,182.1499938964844,-0.09332967647345136,False,2022,global,logistic_l2,True,0.7247341811718809,False,high_volatility
2022-11-03,172.1999969482422,-0.00696862351631089,False,2022,global,logistic_l2,True,0.7148642498965808,False,high_volatility
2022-11-04,175.75,-0.03214790268269918,False,2022,global,logistic_l2,True,0.6801218524425744,False,high_volatility
2022-11-07,170.5500030517578,-0.025505752129453274,False,2022,global,logistic_l2,True,0.6790559785356565,False,high_volatility
2022-11-08,166.4499969482422,-0.05827574122009993,False,2022,global,logistic_l2,True,0.6490799432268661,False,high_volatility
2022-11-09,165.14999389648438,-0.05873446749457423,False,2022,global,logistic_l2,True,0.62475387037805,False,high_volatility
2022-11-10,171.0,-0.10701756170618604,False,2022,global,logistic_l2,True,0.5591516643465195,False,high_volatility
2022-11-11,170.10000610351562,-0.11052323560950916,False,2022,global,logistic_l2,True,0.5746583777272687,False,high_volatility
2022-11-14,166.1999969482422,-0.05234655299633684,False,2022,global,logistic_l2,True,0.6299043005294034,False,high_volatility
2022-11-15,156.75,0.03221692537006571,True,2022,global,logistic_l2,True,0.6583429971381377,True,high_volatility
2022-11-16,155.4499969482422,0.02991321483796283,True,2022,global,logistic_l2,True,0.6538464308394839,True,high_volatility
2022-11-17,152.6999969482422,0.07105439633501276,True,2022,global,logistic_l2,True,0.6880830584336267,True,high_volatility
2022-11-18,151.3000030517578,0.06179769105178434,True,2022,global,logistic_l2,True,0.7036320133722247,True,high_volatility
2022-11-21,157.5,0.058412679036458304,True,2022,global,logistic_l2,True,0.5944715642820736,True,high_volatility
2022-11-22,161.8000030517578,0.03646473291225494,True,2022,global,logistic_l2,True,0.5489690456459139,True,high_volatility
2022-11-23,160.10000610351562,0.020299811843221605,True,2022,global,logistic_l2,True,0.6131620108334043,True,high_volatility
2022-11-25,163.5500030517578,-0.020788805208383,False,2022,global,logistic_l2,True,0.6075568827579916,False,high_volatility
2022-11-28,160.64999389648438,-0.0031123561717790738,False,2022,global,logistic_l2,True,0.6000877778830698,False,high_volatility
2022-11-29,166.6999969482422,-0.03389318536243657,False,2022,global,logistic_l2,True,0.5806749237646475,False,high_volatility
2022-11-30,167.6999969482422,-0.05963029327356717,False,2022,global,logistic_l2,True,0.60244107748655,False,high_volatility
2022-12-01,163.35000610351562,-0.03948584001242006,False,2022,global,logistic_l2,True,0.6183019640100087,False,high_volatility
2022-12-02,160.14999389648438,-0.014985913131134176,False,2022,global,logistic_l2,True,0.6087076978300265,False,high_volatility
2022-12-05,160.14999389648438,0.03871378359863531,True,2022,global,logistic_l2,True,0.5781709920392731,True,high_volatility
2022-12-06,161.0500030517578,0.037876378324352755,True,2022,global,logistic_l2,True,0.5523545737711375,True,high_volatility
2022-12-07,157.6999969482422,0.0672162733585504,True,2022,global,logistic_l2,True,0.5542277553398693,True,high_volatility
2022-12-08,156.89999389648438,0.09305294245676055,True,2022,global,logistic_l2,True,0.5618728280065044,True,high_volatility
2022-12-09,157.75,0.0405704842883321,True,2022,global,logistic_l2,True,0.5526534875471677,True,high_volatility
2022-12-12,166.35000610351562,-0.013826287750939859,False,2022,global,logistic_l2,True,0.559716983063036,False,high_volatility
2022-12-13,167.14999389648438,0.0038887776189568957,True,2022,global,logistic_l2,True,0.5677546695594465,True,high_volatility
2022-12-14,168.3000030517578,0.006238877199752135,True,2022,global,logistic_l2,True,0.5605829867435089,True,downtrend
2022-12-15,171.5,-0.015160385443239832,False,2022,global,logistic_l2,True,0.552671754199469,False,downtrend
2022-12-16,164.14999389648438,0.047822152880894864,True,2022,global,logistic_l2,True,0.5723726918698671,True,high_volatility
2022-12-19,164.0500030517578,0.01767749980211475,True,2022,global,logistic_l2,True,0.570306422054774,True,high_volatility
2022-12-20,167.8000030517578,0.0342669838821541,True,2022,global,logistic_l2,True,0.5460795314559178,True,high_volatility
2022-12-21,169.35000610351562,0.0041334332625551085,True,2022,global,logistic_l2,True,0.5400895646487633,True,downtrend
2022-12-22,168.89999389648438,-0.009473007119865096,False,2022,global,logistic_l2,True,0.5271039080531391,False,downtrend
2022-12-23,172.0,-0.03313951714094299,False,2022,global,logistic_l2,True,0.5265859673175707,False,normal
2022-12-27,166.9499969482422,-0.03384243186441016,False,2022,global,logistic_l2,True,0.551771396484273,False,downtrend
2022-12-28,173.5500030517578,-0.07490636572402143,False,2022,global,logistic_l2,True,0.5168631731338758,False,normal
2022-12-29,170.0500030517578,-0.06909732307634053,False,2022,global,logistic_l2,True,0.5427004684018789,False,high_volatility
2022-12-30,167.3000030517578,-0.055289897377576946,False,2022,global,logistic_l2,True,0.5245704723285968,False,normal
2023-01-03,166.3000030517578,-0.09260378155543669,False,2023,regime_specific,per_regime_VotingClassifier,False,0.47817603010005305,True,normal
2023-01-04,161.3000030517578,-0.10787358230669186,False,2023,regime_specific,per_regime_VotingClassifier,True,0.5437589277218237,False,high_volatility
2023-01-05,160.5500030517578,-0.06944882555797227,False,2023,regime_specific,per_regime_VotingClassifier,True,0.5422841243377775,False,high_volatility
2023-01-06,158.3000030517578,-0.04169302575033862,False,2023,regime_specific,per_regime_VotingClassifier,True,0.5731199784900064,False,high_volatility
2023-01-09,158.0500030517578,-0.04397340597308452,False,2023,regime_specific,per_regime_VotingClassifier,True,0.5532313467998624,False,high_volatility
2023-01-10,150.89999389648438,0.0271703530109364,True,2023,regime_specific,per_regime_VotingClassifier,True,0.5702897841590451,True,high_volatility
2023-01-11,143.89999389648438,0.07435728047861057,True,2023,regime_specific,per_regime_VotingClassifier,True,0.5612365599828373,True,high_volatility
2023-01-12,149.39999389648438,0.03614464107016602,True,2023,regime_specific,per_regime_VotingClassifier,True,0.5625124445873744,True,high_volatility
2023-01-13,151.6999969482422,0.0451549521510719,True,2023,regime_specific,per_regime_VotingClassifier,True,0.5530916726063941,True,high_volatility
2023-01-17,151.10000610351562,0.057908667415973225,True,2023,regime_specific,per_regime_VotingClassifier,True,0.5275498726976983,True,high_volatility
2023-01-18,155.0,0.04806449644027211,True,2023,regime_specific,per_regime_VotingClassifier,True,0.5328316154582547,True,high_volatility
2023-01-19,154.60000610351562,0.08117714940169951,True,2023,regime_specific,per_regime_VotingClassifier,True,0.5235733711867078,True,high_volatility
2023-01-20,154.8000030517578,0.09754515857262502,True,2023,regime_specific,per_regime_VotingClassifier,True,0.5440071084015772,True,high_volatility
2023-01-23,158.5500030517578,0.0747397705243702,True,2023,regime_specific,per_regime_VotingClassifier,True,0.5435760122228117,True,high_volatility
2023-01-24,159.85000610351562,0.13700339731174216,True,2023,regime_specific,per_regime_VotingClassifier,True,0.5422121889273617,True,high_volatility
2023-01-25,162.4499969482422,0.0827946888329425,True,2023,regime_specific,per_regime_VotingClassifier,True,0.5417241893076109,True,high_volatility
2023-01-26,167.14999389648438,0.06431349322487834,True,2023,regime_specific,per_regime_VotingClassifier,True,0.5436779239030857,True,high_volatility
2023-01-27,169.89999389648438,0.01706891853710335,True,2023,regime_specific,per_regime_VotingClassifier,True,0.5446217699961697,True,high_volatility
2023-01-30,170.39999389648438,0.03110330540843509,True,2023,regime_specific,per_regime_VotingClassifier,False,0.42745029934271256,False,normal
2023-01-31,181.75,-0.025859680595555323,False,2023,regime_specific,per_regime_VotingClassifier,True,0.5480004083158982,False,high_volatility
2023-02-01,175.89999389648438,-0.001705445158487584,False,2023,regime_specific,per_regime_VotingClassifier,True,0.5528669731554033,False,high_volatility
2023-02-02,177.89999389648438,-0.023889826564429062,False,2023,regime_specific,per_regime_VotingClassifier,True,0.5474531470474648,False,high_volatility
2023-02-03,172.8000030517578,0.011284704362291675,True,2023,regime_specific,per_regime_VotingClassifier,True,0.5017189328853098,True,high_volatility
2023-02-06,175.6999969482422,0.007683586379989116,True,2023,regime_specific,per_regime_VotingClassifier,False,0.43521654359944895,False,high_volatility
2023-02-07,177.0500030517578,0.03671279236352132,True,2023,regime_specific,per_regime_VotingClassifier,False,0.42369855199986195,False,high_volatility
2023-02-08,175.60000610351562,0.0071184507776334005,True,2023,regime_specific,per_regime_VotingClassifier,False,0.40947634455070636,False,high_volatility
2023-02-09,173.64999389648438,0.04059892484626548,True,2023,regime_specific,per_regime_VotingClassifier,True,0.5700162074977431,True,uptrend
2023-02-10,174.75,0.07982830871669355,True,2023,regime_specific,per_regime_VotingClassifier,True,0.5467555837545084,True,uptrend
2023-02-13,177.0500030517578,0.09827728662279522,True,2023,regime_specific,per_regime_VotingClassifier,True,0.5361992280546009,True,uptrend
2023-02-14,183.5500030517578,0.08689728511605943,True,2023,regime_specific,per_regime_VotingClassifier,True,0.5691940561376277,True,uptrend
2023-02-15,176.85000610351562,0.09499568681459492,True,2023,regime_specific,per_regime_VotingClassifier,False,0.40182957565166255,False,high_volatility
2023-02-16,180.6999969482422,0.05810736124698179,True,2023,regime_specific,per_regime_VotingClassifier,False,0.4042824763448732,False,high_volatility
2023-02-17,188.6999969482422,0.010598834299655913,True,2023,regime_specific,per_regime_VotingClassifier,False,0.36124554822152655,False,high_volatility
2023-02-21,194.4499969482422,-0.020827992364719883,False,2023,regime_specific,per_regime_VotingClassifier,False,0.34012738440305146,True,high_volatility
2023-02-22,199.5,-0.0711779295651237,False,2023,regime_specific,per_regime_VotingClassifier,False,0.3335868946148277,True,high_volatility
2023-02-23,193.6499938964844,-0.05009035504244508,False,2023,regime_specific,per_regime_VotingClassifier,False,0.3807800293204437,True,high_volatility
2023-02-24,191.1999969482422,-0.05439327438535291,False,2023,regime_specific,per_regime_VotingClassifier,False,0.39259227047438067,True,high_volatility
2023-02-27,190.6999969482422,-0.043261668232952966,False,2023,regime_specific,per_regime_VotingClassifier,False,0.3915554211376597,True,high_volatility
2023-02-28,190.3999938964844,-0.030724742816468198,False,2023,regime_specific,per_regime_VotingClassifier,False,0.39054943510114903,True,high_volatility
2023-03-01,185.3000030517578,-0.031030760417170233,False,2023,regime_specific,per_regime_VotingClassifier,False,0.4549506015942537,True,high_volatility
2023-03-02,183.9499969482422,-0.03234573007313679,False,2023,regime_specific,per_regime_VotingClassifier,False,0.4538333631664208,True,uptrend
2023-03-03,180.8000030517578,0.008019894489863955,True,2023,regime_specific,per_regime_VotingClassifier,False,0.4730820480959187,False,high_volatility
2023-03-06,182.4499969482422,0.0041107153332140545,True,2023,regime_specific,per_regime_VotingClassifier,False,0.4551233393256885,False,uptrend
2023-03-07,184.5500030517578,-0.01977788726586882,False,2023,regime_specific,per_regime_VotingClassifier,False,0.4566248501690725,True,uptrend
2023-03-08,179.5500030517578,-0.008354218738540475,False,2023,regime_specific,per_regime_VotingClassifier,False,0.3905968676271192,True,normal
2023-03-09,178.0,0.042134831460674205,True,2023,regime_specific,per_regime_VotingClassifier,False,0.3904211723373558,False,normal
2023-03-10,182.25,0.004115226337448652,True,2023,regime_specific,per_regime_VotingClassifier,False,0.4290452702742925,False,high_volatility
2023-03-13,183.1999969482422,0.009279459479044183,True,2023,regime_specific,per_regime_VotingClassifier,False,0.4770199377713326,False,high_volatility
2023-03-14,180.8999938964844,0.03206193061054874,True,2023,regime_specific,per_regime_VotingClassifier,False,0.4721746197013861,False,high_volatility
2023-03-15,178.0500030517578,-0.0002808371294623635,False,2023,regime_specific,per_regime_VotingClassifier,False,0.3957824213579604,True,normal
2023-03-16,185.5,-0.06037734203904144,False,2023,regime_specific,per_regime_VotingClassifier,False,0.44225418054656096,True,uptrend
2023-03-17,183.0,-0.020491803278688492,False,2023,regime_specific,per_regime_VotingClassifier,False,0.4630337102082349,True,uptrend
2023-03-20,184.8999938964844,-0.04326663203936498,False,2023,regime_specific,per_regime_VotingClassifier,False,0.42443375746696965,True,uptrend
2023-03-21,186.6999969482422,-0.06936259860696325,False,2023,regime_specific,per_regime_VotingClassifier,False,0.43002916207924624,True,uptrend
2023-03-22,178.0,-0.04662923062785285,False,2023,regime_specific,per_regime_VotingClassifier,False,0.4070962214884333,True,normal
2023-03-23,174.3000030517578,-0.025817555486007282,False,2023,regime_specific,per_regime_VotingClassifier,False,0.4129355266998015,True,normal
2023-03-24,179.25,-0.04881450488145045,False,2023,regime_specific,per_regime_VotingClassifier,False,0.3750398562337262,True,normal
2023-03-27,176.89999389648438,-0.0036743579361835366,False,2023,regime_specific,per_regime_VotingClassifier,False,0.375638781254117,True,normal
2023-03-28,173.75,0.0063309703799461214,True,2023,regime_specific,per_regime_VotingClassifier,False,0.38042764401479373,False,normal
2023-03-29,169.6999969482422,0.061579240637402055,True,2023,regime_specific,per_regime_VotingClassifier,False,0.3841503766739506,False,normal
2023-03-30,169.8000030517578,0.08127210131763851,True,2023,regime_specific,per_regime_VotingClassifier,False,0.38586369264942655,False,normal
2023-03-31,170.5,0.07096777773322938,True,2023,regime_specific,per_regime_VotingClassifier,False,0.3851313099759143,False,normal
2023-04-03,176.25,0.08085106382978724,True,2023,regime_specific,per_regime_VotingClassifier,True,0.5335219194961178,True,high_crop_weather_stress
2023-04-04,174.85000610351562,0.08807545529833827,True,2023,regime_specific,per_regime_VotingClassifier,True,0.5397402894075408,True,high_crop_weather_stress
2023-04-05,180.1499938964844,0.08853740076281214,True,2023,regime_specific,per_regime_VotingClassifier,True,0.5372266731978926,True,high_crop_weather_stress
2023-04-06,183.6000061035156,0.05337683805654936,True,2023,regime_specific,per_regime_VotingClassifier,True,0.534538939716058,True,high_crop_weather_stress
2023-04-10,182.6000061035156,0.10076666638254927,True,2023,regime_specific,per_regime_VotingClassifier,True,0.5372643401486492,True,high_crop_weather_stress
2023-04-11,190.5,0.07742782152230965,True,2023,regime_specific,per_regime_VotingClassifier,True,0.5528477128939293,True,high_crop_weather_stress
2023-04-12,190.25,0.0646517900223802,True,2023,regime_specific,per_regime_VotingClassifier,True,0.550036180252475,True,high_crop_weather_stress
2023-04-13,196.1000061035156,-0.0010199500296068642,False,2023,regime_specific,per_regime_VotingClassifier,True,0.5205443214881185,False,high_crop_weather_stress
2023-04-14,193.3999938964844,0.0041365205636252345,True,2023,regime_specific,per_regime_VotingClassifier,True,0.5495996429281657,True,high_crop_weather_stress
2023-04-17,201.0,-0.021144278606965217,False,2023,regime_specific,per_regime_VotingClassifier,False,0.459969896441303,True,high_crop_weather_stress
2023-04-18,205.25,-0.06236298685387487,False,2023,regime_specific,per_regime_VotingClassifier,False,0.44512304087838034,True,high_crop_weather_stress
2023-04-19,202.5500030517578,-0.033078236718318665,False,2023,regime_specific,per_regime_VotingClassifier,False,0.4853833355716261,True,high_crop_weather_stress
2023-04-20,195.8999938964844,-0.019397590154988764,False,2023,regime_specific,per_regime_VotingClassifier,False,0.47451784850892825,True,high_crop_weather_stress
2023-04-21,194.1999969482422,-0.022399541262021483,False,2023,regime_specific,per_regime_VotingClassifier,False,0.47120466712171283,True,high_crop_weather_stress
2023-04-24,196.75,-0.03811944091486663,False,2023,regime_specific,per_regime_VotingClassifier,False,0.47662597201993334,True,high_crop_weather_stress
2023-04-25,192.4499969482422,-0.009353094727467703,False,2023,regime_specific,per_regime_VotingClassifier,True,0.5088136163002112,False,high_crop_weather_stress
2023-04-26,195.8500061035156,-0.033954602747158336,False,2023,regime_specific,per_regime_VotingClassifier,False,0.46411026460717913,True,high_crop_weather_stress
2023-04-27,192.1000061035156,-0.029672108411905374,False,2023,regime_specific,per_regime_VotingClassifier,False,0.45777382055292076,True,high_crop_weather_stress
2023-04-28,189.8500061035156,0.006057381403808737,True,2023,regime_specific,per_regime_VotingClassifier,False,0.46279458576106103,False,high_crop_weather_stress
2023-05-01,189.25,-0.01241746950338496,False,2023,regime_specific,per_regime_VotingClassifier,True,0.5175564257664473,False,high_crop_weather_stress
2023-05-02,190.6499938964844,-0.013899784848266261,False,2023,regime_specific,per_regime_VotingClassifier,True,0.5521203485247973,False,high_crop_weather_stress
2023-05-03,189.1999969482422,-0.009249471607965853,False,2023,regime_specific,per_regime_VotingClassifier,True,0.554180907157096,False,high_crop_weather_stress
2023-05-04,186.3999938964844,-0.003218835109296103,False,2023,regime_specific,per_regime_VotingClassifier,True,0.5547087882370156,False,high_crop_weather_stress
2023-05-05,191.0,-0.02617801047120416,False,2023,regime_specific,per_regime_VotingClassifier,True,0.5593869678568876,False,high_crop_weather_stress
2023-05-08,186.8999938964844,0.032905347009693386,True,2023,regime_specific,per_regime_VotingClassifier,True,0.5295728694862081,True,high_crop_weather_stress
2023-05-09,188.0,0.01250003246550846,True,2023,regime_specific,per_regime_VotingClassifier,True,0.5231957210657671,True,high_crop_weather_stress
2023-05-10,187.4499969482422,0.01280346329339288,True,2023,regime_specific,per_regime_VotingClassifier,True,0.521657283343829,True,high_crop_weather_stress
2023-05-11,185.8000030517578,0.02502687739563192,True,2023,regime_specific,per_regime_VotingClassifier,True,0.5156711162191312,True,high_crop_weather_stress
2023-05-12,186.0,0.032258064516129004,True,2023,regime_specific,per_regime_VotingClassifier,True,0.511790924455909,True,high_crop_weather_stress
2023-05-15,193.0500030517578,-0.01994305124400031,False,2023,regime_specific,per_regime_VotingClassifier,True,0.5133006322552498,False,high_crop_weather_stress
2023-05-16,190.3500061035156,-0.015235140857817075,False,2023,regime_specific,per_regime_VotingClassifier,True,0.5107086019942241,False,high_crop_weather_stress
2023-05-17,189.8500061035156,-0.009744566995203985,False,2023,regime_specific,per_regime_VotingClassifier,True,0.5149005361228635,False,high_crop_weather_stress
2023-05-18,190.4499969482422,-0.040693095952667235,False,2023,regime_specific,per_regime_VotingClassifier,True,0.5173213337146129,False,high_crop_weather_stress
2023-05-19,192.0,-0.054166634877522934,False,2023,regime_specific,per_regime_VotingClassifier,True,0.510904996585269,False,high_crop_weather_stress
2023-05-22,189.1999969482422,-0.0639534410142546,False,2023,regime_specific,per_regime_VotingClassifier,True,0.5102139701266983,False,high_crop_weather_stress
2023-05-23,187.4499969482422,-0.046945869271940444,False,2023,regime_specific,per_regime_VotingClassifier,True,0.5246567860428305,False,high_crop_weather_stress
2023-05-24,188.0,-0.026329771001288194,False,2023,regime_specific,per_regime_VotingClassifier,True,0.5240620609693359,False,high_crop_weather_stress
2023-05-25,182.6999969482422,-0.013136255810470954,False,2023,regime_specific,per_regime_VotingClassifier,True,0.5260262610526463,False,high_crop_weather_stress
2023-05-26,181.6000061035156,0.008259911616660176,True,2023,regime_specific,per_regime_VotingClassifier,True,0.5314331042068685,True,high_crop_weather_stress
2023-05-30,177.10000610351562,0.031055899550817667,True,2023,regime_specific,per_regime_VotingClassifier,True,0.5155252609321719,True,high_crop_weather_stress
2023-05-31,178.64999389648438,0.03778337660571762,True,2023,regime_specific,per_regime_VotingClassifier,True,0.5032951728099108,True,high_crop_weather_stress
2023-06-01,183.0500030517578,0.06446327700099141,True,2023,regime_specific,per_regime_VotingClassifier,True,0.503350263918092,True,high_crop_weather_stress
2023-06-02,180.3000030517578,0.05740427437350326,True,2023,regime_specific,per_regime_VotingClassifier,True,0.5050626758642066,True,high_crop_weather_stress
2023-06-05,183.1000061035156,0.013380649189367544,True,2023,regime_specific,per_regime_VotingClassifier,True,0.5270585103190633,True,high_crop_weather_stress
2023-06-06,182.6000061035156,0.000821434235874996,True,2023,regime_specific,per_regime_VotingClassifier,True,0.5257040291970452,True,high_crop_weather_stress
2023-06-07,185.3999938964844,-0.005393743435387233,False,2023,regime_specific,per_regime_VotingClassifier,True,0.5172454280597524,False,high_crop_weather_stress
2023-06-08,194.8500061035156,-0.04028743062674178,False,2023,regime_specific,per_regime_VotingClassifier,False,0.4913751192903706,True,high_crop_weather_stress
2023-06-09,190.6499938964844,-0.030159979984693996,False,2023,regime_specific,per_regime_VotingClassifier,True,0.5152825267928193,False,high_crop_weather_stress
2023-06-12,185.5500030517578,-0.0436540337930158,False,2023,regime_specific,per_regime_VotingClassifier,True,0.5023887152031358,False,high_crop_weather_stress
2023-06-13,182.75,-0.05882352941176472,False,2023,regime_specific,per_regime_VotingClassifier,True,0.5015559610618229,False,high_crop_weather_stress
2023-06-14,184.3999938964844,-0.06887200308353336,False,2023,regime_specific,per_regime_VotingClassifier,False,0.49957954374278585,True,high_crop_weather_stress
2023-06-15,187.0,-0.10133688207616143,False,2023,regime_specific,per_regime_VotingClassifier,False,0.4861787781739499,True,high_crop_weather_stress
2023-06-16,184.8999938964844,-0.09167116012849419,False,2023,regime_specific,per_regime_VotingClassifier,False,0.47414353489657507,True,normal
2023-06-20,177.4499969482422,-0.04508312278153159,False,2023,regime_specific,per_regime_VotingClassifier,False,0.4890751959339588,True,normal
2023-06-21,172.0,-0.03691864013671875,False,2023,regime_specific,per_regime_VotingClassifier,True,0.5847813601587318,False,downtrend
2023-06-22,171.6999969482422,-0.04717525328301697,False,2023,regime_specific,per_regime_VotingClassifier,True,0.5719781666162451,False,downtrend
2023-06-23,168.0500030517578,-0.041951817457488993,False,2023,regime_specific,per_regime_VotingClassifier,True,0.5712527191930976,False,downtrend
2023-06-26,167.9499969482422,-0.0324501163874491,False,2023,regime_specific,per_regime_VotingClassifier,True,0.5811183815212547,False,downtrend
2023-06-27,169.4499969482422,-0.049572110048784035,False,2023,regime_specific,per_regime_VotingClassifier,True,0.5540222325865184,False,downtrend
2023-06-28,165.64999389648438,-0.019921448322122726,False,2023,regime_specific,per_regime_VotingClassifier,True,0.5879097947385573,False,downtrend
2023-06-29,163.60000610351562,-0.0048899940214649495,False,2023,regime_specific,per_regime_VotingClassifier,True,0.5866584783533605,False,downtrend
2023-06-30,161.0,0.004658385093167627,True,2023,regime_specific,per_regime_VotingClassifier,True,0.5396264127260637,True,downtrend
2023-07-03,162.5,-0.019692288912259603,False,2023,regime_specific,per_regime_VotingClassifier,True,0.5444413499600829,False,downtrend
2023-07-05,161.0500030517578,-0.014281297784382141,False,2023,regime_specific,per_regime_VotingClassifier,True,0.5379544076937824,False,downtrend
2023-07-06,162.35000610351562,-0.0184785949320333,False,2023,regime_specific,per_regime_VotingClassifier,True,0.5383895944999524,False,downtrend
2023-07-07,162.8000030517578,-0.005221167614139377,False,2023,regime_specific,per_regime_VotingClassifier,True,0.5489710301097447,False,downtrend
2023-07-10,161.75,-0.043276661514683123,False,2023,regime_specific,per_regime_VotingClassifier,True,0.5412928370969277,False,downtrend
2023-07-11,159.3000030517578,-0.02542374748380849,False,2023,regime_specific,per_regime_VotingClassifier,True,0.5445822073975903,False,downtrend
2023-07-12,158.75,-0.039685058593750044,False,2023,regime_specific,per_regime_VotingClassifier,False,0.47715431022153854,True,high_crop_weather_stress
2023-07-13,159.35000610351562,-0.00815816129252811,False,2023,regime_specific,per_regime_VotingClassifier,False,0.4787471092221154,True,high_crop_weather_stress
2023-07-14,161.9499969482422,-0.0006174180093286852,False,2023,regime_specific,per_regime_VotingClassifier,False,0.493785841795563,True,high_crop_weather_stress
2023-07-17,154.75,0.05331179321486279,True,2023,regime_specific,per_regime_VotingClassifier,False,0.46238912357825335,False,high_crop_weather_stress
2023-07-18,155.25,0.04251211660879628,True,2023,regime_specific,per_regime_VotingClassifier,False,0.46222345140616683,False,high_crop_weather_stress
2023-07-19,152.4499969482422,0.0701869279267675,True,2023,regime_specific,per_regime_VotingClassifier,False,0.4586645724005011,False,high_crop_weather_stress
2023-07-20,158.0500030517578,0.02151214065697271,True,2023,regime_specific,per_regime_VotingClassifier,False,0.45800108268676876,False,high_crop_weather_stress
2023-07-21,161.85000610351562,-0.024405388063469813,False,2023,regime_specific,per_regime_VotingClassifier,False,0.4565725094780482,True,high_crop_weather_stress
2023-07-24,163.0,0.010122661941621924,True,2023,regime_specific,per_regime_VotingClassifier,False,0.45817464609127945,False,high_crop_weather_stress
2023-07-25,161.85000610351562,0.01668209358308781,True,2023,regime_specific,per_regime_VotingClassifier,False,0.4598307937033235,False,high_crop_weather_stress
2023-07-26,163.14999389648438,0.02329146916284186,True,2023,regime_specific,per_regime_VotingClassifier,False,0.4607743673434247,False,high_crop_weather_stress
2023-07-27,161.4499969482422,0.0204397839215551,True,2023,regime_specific,per_regime_VotingClassifier,False,0.45668925740124455,False,high_crop_weather_stress
2023-07-28,157.89999389648438,0.021849349844136112,True,2023,regime_specific,per_regime_VotingClassifier,False,0.4633450417726238,False,high_crop_weather_stress
2023-07-31,164.64999389648438,-0.004251424076470167,False,2023,regime_specific,per_regime_VotingClassifier,True,0.5460080830148636,False,high_crop_weather_stress
2023-08-01,164.5500030517578,-0.01944695769610927,False,2023,regime_specific,per_regime_VotingClassifier,True,0.554623109169326,False,high_crop_weather_stress
2023-08-02,166.9499969482422,-0.03713684972491682,False,2023,regime_specific,per_regime_VotingClassifier,True,0.5092261291280215,False,high_crop_weather_stress
2023-08-03,164.75,-0.02943858029448032,False,2023,regime_specific,per_regime_VotingClassifier,True,0.5583026908643725,False,high_crop_weather_stress
2023-08-04,161.35000610351562,-0.02200187739367221,False,2023,regime_specific,per_regime_VotingClassifier,True,0.547083792568551,False,high_crop_weather_stress
2023-08-07,163.9499969482422,-0.07837749974940966,False,2023,regime_specific,per_regime_VotingClassifier,True,0.5566474371339727,False,high_crop_weather_stress
2023-08-08,161.35000610351562,-0.07499228785744672,False,2023,regime_specific,per_regime_VotingClassifier,True,0.5637356200786662,False,high_crop_weather_stress
2023-08-09,160.75,-0.07371698975748442,False,2023,regime_specific,per_regime_VotingClassifier,True,0.5685149656322914,False,high_crop_weather_stress
2023-08-10,159.89999389648438,-0.0806753870474538,False,2023,regime_specific,per_regime_VotingClassifier,True,0.5619689480836375,False,high_crop_weather_stress
2023-08-11,157.8000030517578,-0.06558939102251382,False,2023,regime_specific,per_regime_VotingClassifier,True,0.5560488180380372,False,high_crop_weather_stress
2023-08-14,151.10000610351562,-0.023494393834278093,False,2023,regime_specific,per_regime_VotingClassifier,False,0.49301404590694564,True,high_crop_weather_stress
2023-08-15,149.25,-0.01775540299152012,False,2023,regime_specific,per_regime_VotingClassifier,True,0.501432891039476,False,high_crop_weather_stress
2023-08-16,148.89999389648438,0.027199484336939417,True,2023,regime_specific,per_regime_VotingClassifier,True,0.5134979196993499,True,high_crop_weather_stress
2023-08-17,147.0,0.04081632653061229,True,2023,regime_specific,per_regime_VotingClassifier,True,0.5084387217271884,True,high_crop_weather_stress
2023-08-18,147.4499969482422,0.029162449242146726,True,2023,regime_specific,per_regime_VotingClassifier,True,0.5052438769939273,True,high_crop_weather_stress
2023-08-21,147.5500030517578,0.028803794727873866,True,2023,regime_specific,per_regime_VotingClassifier,True,0.5120286207019475,True,high_crop_weather_stress
2023-08-22,146.60000610351562,0.03240109005620351,True,2023,regime_specific,per_regime_VotingClassifier,True,0.5115037982570684,True,high_crop_weather_stress
2023-08-23,152.9499969482422,0.0026152936466470322,True,2023,regime_specific,per_regime_VotingClassifier,True,0.5183622095166757,True,high_crop_weather_stress
2023-08-24,153.0,-0.001960804259855009,False,2023,regime_specific,per_regime_VotingClassifier,True,0.5202575421914861,False,high_crop_weather_stress
2023-08-25,151.75,-0.005271848775998733,False,2023,regime_specific,per_regime_VotingClassifier,True,0.5563603901441586,False,high_crop_weather_stress
2023-08-28,151.8000030517578,-0.002635106371750573,False,2023,regime_specific,per_regime_VotingClassifier,False,0.499325529518527,True,high_crop_weather_stress
2023-08-29,151.35000610351562,0.0026428403062686012,True,2023,regime_specific,per_regime_VotingClassifier,False,0.4932265060424743,False,high_crop_weather_stress
2023-08-30,153.35000610351562,-0.03880020847873211,False,2023,regime_specific,per_regime_VotingClassifier,True,0.5107997606611955,False,high_crop_weather_stress
2023-08-31,152.6999969482422,-0.042239666517009944,False,2023,regime_specific,per_regime_VotingClassifier,True,0.5093653968348646,False,high_crop_weather_stress
2023-09-01,150.9499969482422,0.00397486661573998,True,2023,regime_specific,per_regime_VotingClassifier,False,0.4825865054422945,False,high_crop_weather_stress
2023-09-05,151.39999389648438,-0.004623493900011599,False,2023,regime_specific,per_regime_VotingClassifier,False,0.4996198888478572,True,high_crop_weather_stress
2023-09-06,151.75,-0.004612829971941901,False,2023,regime_specific,per_regime_VotingClassifier,True,0.5011750551392714,False,high_crop_weather_stress
2023-09-07,147.39999389648438,0.03867036935587831,True,2023,regime_specific,per_regime_VotingClassifier,False,0.4962857872323701,False,high_crop_weather_stress
2023-09-08,146.25,0.08205128205128198,True,2023,regime_specific,per_regime_VotingClassifier,False,0.4981739526685925,False,high_crop_weather_stress
2023-09-11,151.5500030517578,0.04717910757179267,True,2023,regime_specific,per_regime_VotingClassifier,True,0.5133299129768123,True,high_crop_weather_stress
2023-09-12,150.6999969482422,0.11147978362287403,True,2023,regime_specific,per_regime_VotingClassifier,True,0.5063155064930747,True,high_crop_weather_stress
2023-09-13,151.0500030517578,0.0473352780670544,True,2023,regime_specific,per_regime_VotingClassifier,False,0.48382564755204654,False,high_crop_weather_stress
2023-09-14,153.10000610351562,0.011430437166780827,True,2023,regime_specific,per_regime_VotingClassifier,False,0.4787522109083281,False,high_crop_weather_stress
2023-09-15,158.25,-0.04486575736818721,False,2023,regime_specific,per_regime_VotingClassifier,False,0.48456311183087747,True,high_crop_weather_stress
2023-09-18,158.6999969482422,-0.062381815292114506,False,2023,regime_specific,per_regime_VotingClassifier,False,0.4705485843683108,True,high_crop_weather_stress
2023-09-19,167.5,-0.09940294863572763,False,2023,regime_specific,per_regime_VotingClassifier,False,0.45205666426724883,True,high_crop_weather_stress
2023-09-20,158.1999969482422,-0.05657393881727024,False,2023,regime_specific,per_regime_VotingClassifier,False,0.46637050130601926,True,high_crop_weather_stress
2023-09-21,154.85000610351562,-0.04940270489985954,False,2023,regime_specific,per_regime_VotingClassifier,False,0.4638443752531612,True,high_crop_weather_stress
2023-09-22,151.14999389648438,-0.033079723466110544,False,2023,regime_specific,per_regime_VotingClassifier,False,0.46360622128903717,True,high_crop_weather_stress
2023-09-25,148.8000030517578,0.0020161495000337037,True,2023,regime_specific,per_regime_VotingClassifier,False,0.46356023342411534,False,high_crop_weather_stress
2023-09-26,150.85000610351562,-0.013921153586659907,False,2023,regime_specific,per_regime_VotingClassifier,False,0.45674151702733357,True,high_crop_weather_stress
2023-09-27,149.25,-0.019430444867566954,False,2023,regime_specific,per_regime_VotingClassifier,False,0.45799375227693107,True,high_crop_weather_stress
2023-09-28,147.1999969482422,-0.012228281855132916,False,2023,regime_specific,per_regime_VotingClassifier,True,0.5106996137491167,False,high_crop_weather_stress
2023-09-29,146.14999389648438,-0.0006841659179088744,False,2023,regime_specific,per_regime_VotingClassifier,True,0.510835156399224,False,high_crop_weather_stress
2023-10-02,149.10000610351562,-0.02045608938231891,False,2023,regime_specific,per_regime_VotingClassifier,False,0.47017131362267534,True,high_crop_weather_stress
2023-10-03,148.75,-0.008403361344537785,False,2023,regime_specific,per_regime_VotingClassifier,False,0.4671815905442015,True,high_crop_weather_stress
2023-10-04,146.35000610351562,0.00922439896429994,True,2023,regime_specific,per_regime_VotingClassifier,True,0.5156781579147354,True,high_crop_weather_stress
2023-10-05,145.39999389648438,0.02682262255148382,True,2023,regime_specific,per_regime_VotingClassifier,True,0.5143502081042202,True,high_crop_weather_stress
2023-10-06,146.0500030517578,0.060595622456716125,True,2023,regime_specific,per_regime_VotingClassifier,True,0.5279063342733442,True,high_crop_weather_stress
2023-10-09,146.0500030517578,0.055460394902258514,True,2023,regime_specific,per_regime_VotingClassifier,False,0.487607527870892,False,high_crop_weather_stress
2023-10-10,147.5,0.06474578340174797,True,2023,regime_specific,per_regime_VotingClassifier,False,0.4809532491290367,False,high_crop_weather_stress
2023-10-11,147.6999969482422,0.0700745180593505,True,2023,regime_specific,per_regime_VotingClassifier,False,0.4810630394395148,False,high_crop_weather_stress
2023-10-12,149.3000030517578,0.09812453849318192,True,2023,regime_specific,per_regime_VotingClassifier,False,0.4828738072582225,False,high_crop_weather_stress
2023-10-13,154.89999389648438,0.06681734352057012,True,2023,regime_specific,per_regime_VotingClassifier,False,0.48344885872357074,False,high_crop_weather_stress
2023-10-16,154.14999389648438,0.07590017950236261,True,2023,regime_specific,per_regime_VotingClassifier,False,0.479632712272947,False,high_crop_weather_stress
2023-10-17,157.0500030517578,0.07067806831604084,True,2023,regime_specific,per_regime_VotingClassifier,False,0.47802906703348425,False,high_crop_weather_stress
2023-10-18,158.0500030517578,0.02689022409324604,True,2023,regime_specific,per_regime_VotingClassifier,False,0.47247199247146415,False,high_crop_weather_stress
2023-10-19,163.9499969482422,-0.016773406838599403,False,2023,regime_specific,per_regime_VotingClassifier,True,0.5681349355536351,False,high_crop_weather_stress
2023-10-20,165.25,-0.026021198497777953,False,2023,regime_specific,per_regime_VotingClassifier,True,0.5486834057320277,False,uptrend
2023-10-23,165.85000610351562,-0.040699425695450264,False,2023,regime_specific,per_regime_VotingClassifier,True,0.5580403339256289,False,high_crop_weather_stress
2023-10-24,168.14999389648438,-0.005054956143797584,False,2023,regime_specific,per_regime_VotingClassifier,True,0.5549500431403654,False,high_crop_weather_stress
2023-10-25,162.3000030517578,-0.015403573339445642,False,2023,regime_specific,per_regime_VotingClassifier,False,0.4856692385778235,True,normal
2023-10-26,161.1999969482422,0.025744474155330987,True,2023,regime_specific,per_regime_VotingClassifier,False,0.48186304084755993,False,normal
2023-10-27,160.9499969482422,0.06182042334205118,True,2023,regime_specific,per_regime_VotingClassifier,False,0.479573061022752,False,normal
2023-10-30,159.10000610351562,0.09176612372489368,True,2023,regime_specific,per_regime_VotingClassifier,False,0.4990152306212865,False,normal
2023-10-31,167.3000030517578,0.020621619159055582,True,2023,regime_specific,per_regime_VotingClassifier,True,0.5513726442070815,True,uptrend
2023-11-01,159.8000030517578,0.09105133150119649,True,2023,regime_specific,per_regime_VotingClassifier,True,0.556186496204323,True,normal
2023-11-02,165.35000610351562,0.08134258513315062,True,2023,regime_specific,per_regime_VotingClassifier,True,0.5888952329325878,True,uptrend
2023-11-03,170.89999389648438,0.021064986729585122,True,2023,regime_specific,per_regime_VotingClassifier,True,0.5449424415590833,True,high_volatility
2023-11-06,173.6999969482422,0.028497392257969656,True,2023,regime_specific,per_regime_VotingClassifier,True,0.5408638574189792,True,high_volatility
2023-11-07,170.75,0.033382119755444695,True,2023,regime_specific,per_regime_VotingClassifier,True,0.5382191615380737,True,high_volatility
2023-11-08,174.35000610351562,0.036994532391428026,True,2023,regime_specific,per_regime_VotingClassifier,True,0.5285260197351155,True,high_volatility
2023-11-09,178.8000030517578,-0.015100653815204979,False,2023,regime_specific,per_regime_VotingClassifier,True,0.5260216765522576,False,high_volatility
2023-11-10,174.5,-0.020343857030130752,False,2023,regime_specific,per_regime_VotingClassifier,True,0.528280989525495,False,high_volatility
2023-11-13,178.64999389648438,-0.004198152956190859,False,2023,regime_specific,per_regime_VotingClassifier,True,0.528257643022874,False,high_volatility
2023-11-14,176.4499969482422,0.0005667673859182099,True,2023,regime_specific,per_regime_VotingClassifier,True,0.5276475125030305,True,high_volatility
2023-11-15,180.8000030517578,-0.011891643357206938,False,2023,regime_specific,per_regime_VotingClassifier,True,0.526218028035392,False,high_volatility
2023-11-16,176.10000610351562,0.014480339037977075,True,2023,regime_specific,per_regime_VotingClassifier,True,0.5312001742165299,True,high_volatility
2023-11-17,170.9499969482422,0.04504239301375068,True,2023,regime_specific,per_regime_VotingClassifier,True,0.5351475072641768,True,high_volatility
2023-11-20,177.89999389648438,0.01011806134633808,True,2023,regime_specific,per_regime_VotingClassifier,True,0.5322956491219185,True,high_volatility
2023-11-21,176.5500030517578,0.04021518392523138,True,2023,regime_specific,per_regime_VotingClassifier,True,0.5478776167402404,True,high_volatility
2023-11-22,178.64999389648438,0.019311571927790094,True,2023,regime_specific,per_regime_VotingClassifier,True,0.5152607035708058,True,high_volatility
2023-11-23,178.64999389648438,0.0915197686096163,True,2023,regime_specific,per_regime_VotingClassifier,True,0.5246074588541192,True,high_volatility
2023-11-24,178.64999389648438,0.08536244344254706,True,2023,regime_specific,per_regime_VotingClassifier,True,0.5001300879008119,True,high_volatility
2023-11-27,179.6999969482422,0.05119642239555544,True,2023,regime_specific,per_regime_VotingClassifier,False,0.4993436443074952,False,high_volatility
2023-11-28,183.6499938964844,0.055540498480933786,True,2023,regime_specific,per_regime_VotingClassifier,False,0.4981083523307607,False,high_volatility
2023-11-29,182.1000061035156,0.017298153711723607,True,2023,regime_specific,per_regime_VotingClassifier,False,0.4542147279242212,False,uptrend
2023-11-30,195.0,-0.04871794871794877,False,2023,regime_specific,per_regime_VotingClassifier,False,0.4636782145849447,True,high_volatility
2023-12-01,193.8999938964844,-0.04512635521108521,False,2023,regime_specific,per_regime_VotingClassifier,False,0.4592925109808515,True,high_volatility
2023-12-04,188.8999938964844,0.026998445041297225,True,2023,regime_specific,per_regime_VotingClassifier,True,0.5029968898957861,True,high_volatility
2023-12-05,193.8500061035156,-0.013928357606496022,False,2023,regime_specific,per_regime_VotingClassifier,False,0.49974797676187965,True,high_volatility
2023-12-06,185.25,0.050742207268471784,True,2023,regime_specific,per_regime_VotingClassifier,False,0.45376389303654213,False,high_crop_weather_stress
2023-12-07,185.5,0.07870623236396557,True,2023,regime_specific,per_regime_VotingClassifier,True,0.5626078039965731,True,high_crop_weather_stress
2023-12-08,185.1499938964844,0.08992713855870971,True,2023,regime_specific,per_regime_VotingClassifier,True,0.5618817041970818,True,high_crop_weather_stress
2023-12-11,194.0,0.08015465490596818,True,2023,regime_specific,per_regime_VotingClassifier,False,0.460434164244023,False,high_crop_weather_stress
2023-12-12,191.1499938964844,0.058854304782726574,True,2023,regime_specific,per_regime_VotingClassifier,False,0.4609948978861202,False,high_crop_weather_stress
2023-12-13,194.6499938964844,-0.02080651384516663,False,2023,regime_specific,per_regime_VotingClassifier,False,0.46416315420275606,True,high_crop_weather_stress
2023-12-14,200.1000061035156,-0.032483757130109314,False,2023,regime_specific,per_regime_VotingClassifier,False,0.4635092501653864,True,high_crop_weather_stress
2023-12-15,201.8000030517578,-0.044598611813160716,False,2023,regime_specific,per_regime_VotingClassifier,True,0.5560173932836731,False,high_crop_weather_stress
2023-12-18,209.5500030517578,-0.07253637187725492,False,2023,regime_specific,per_regime_VotingClassifier,True,0.5568846221585463,False,high_crop_weather_stress
2023-12-19,202.3999938964844,-0.02297427883749148,False,2023,regime_specific,per_regime_VotingClassifier,True,0.5520965273085124,False,high_crop_weather_stress
2023-12-20,190.6000061035156,0.03882473063755021,True,2023,regime_specific,per_regime_VotingClassifier,True,0.5556123047613799,True,high_crop_weather_stress
2023-12-21,193.6000061035156,-0.027376047957994087,False,2023,regime_specific,per_regime_VotingClassifier,True,0.5548941875108996,False,high_crop_weather_stress
2023-12-22,192.8000030517578,-0.013744860546304083,False,2023,regime_specific,per_regime_VotingClassifier,True,0.5536719748169591,False,high_crop_weather_stress
2023-12-26,194.3500061035156,-0.041677416254884636,False,2023,regime_specific,per_regime_VotingClassifier,True,0.5387473962198986,False,high_crop_weather_stress
2023-12-27,197.75,-0.061694042721831543,False,2023,regime_specific,per_regime_VotingClassifier,False,0.4214243323125203,True,high_crop_weather_stress
2023-12-28,198.0,-0.07676766135475854,False,2023,regime_specific,per_regime_VotingClassifier,False,0.4193269129926278,True,high_crop_weather_stress
2023-12-29,188.3000030517578,-0.036643701770821546,False,2023,regime_specific,per_regime_VotingClassifier,False,0.41922595773354177,True,high_crop_weather_stress
2024-01-02,190.1499938964844,-0.03181692341395681,False,2024,global,ensemble_top2_weighted_soft_vote,False,0.47131506783122423,True,high_crop_weather_stress
2024-01-03,186.25,-0.02738258310612396,False,2024,global,ensemble_top2_weighted_soft_vote,False,0.4739388263255739,True,high_volatility
2024-01-04,185.5500030517578,-0.008084074240524708,False,2024,global,ensemble_top2_weighted_soft_vote,False,0.47574503569050874,True,high_volatility
2024-01-05,182.8000030517578,-0.015317303090881418,False,2024,global,ensemble_top2_weighted_soft_vote,False,0.4757578753549598,True,high_crop_weather_stress
2024-01-08,181.3999938964844,0.021223849134816453,True,2024,global,ensemble_top2_weighted_soft_vote,False,0.4776700549726928,False,high_crop_weather_stress
2024-01-09,184.1000061035156,-0.026616018429234778,False,2024,global,ensemble_top2_weighted_soft_vote,False,0.47623021699617013,True,high_crop_weather_stress
2024-01-10,181.1499938964844,-0.006624327842527755,False,2024,global,ensemble_top2_weighted_soft_vote,False,0.47668033327781134,True,high_crop_weather_stress
2024-01-11,184.0500030517578,0.005976586940980688,True,2024,global,ensemble_top2_weighted_soft_vote,False,0.47625908414993684,False,high_crop_weather_stress
2024-01-12,180.0,0.06805555555555554,True,2024,global,ensemble_top2_weighted_soft_vote,False,0.47231131768833734,False,high_volatility
2024-01-16,185.25,0.04156543561804149,True,2024,global,ensemble_top2_weighted_soft_vote,False,0.4677838528367145,False,high_crop_weather_stress
2024-01-17,179.1999969482422,0.057198661688373065,True,2024,global,ensemble_top2_weighted_soft_vote,False,0.4702645752862433,False,high_crop_weather_stress
2024-01-18,179.9499969482422,0.038899695019241065,True,2024,global,ensemble_top2_weighted_soft_vote,False,0.4702645752862433,False,high_crop_weather_stress
2024-01-19,185.1499938964844,0.04698899537579937,True,2024,global,ensemble_top2_weighted_soft_vote,False,0.47057971807441495,False,high_crop_weather_stress
2024-01-22,192.25,-0.015604681404421283,False,2024,global,ensemble_top2_weighted_soft_vote,False,0.46955634739859686,True,high_crop_weather_stress
2024-01-23,192.9499969482422,0.005441840209199134,True,2024,global,ensemble_top2_weighted_soft_vote,False,0.47010303692761485,False,high_crop_weather_stress
2024-01-24,189.4499969482422,0.02428084548754228,True,2024,global,ensemble_top2_weighted_soft_vote,False,0.4713355435390417,False,high_crop_weather_stress
2024-01-25,186.9499969482422,0.038780423205929226,True,2024,global,ensemble_top2_weighted_soft_vote,False,0.4737611207041356,False,high_crop_weather_stress
2024-01-26,193.8500061035156,-0.009801439749549501,False,2024,global,ensemble_top2_weighted_soft_vote,False,0.47428631906205077,True,high_crop_weather_stress
2024-01-29,189.25,0.0013210039630118242,True,2024,global,ensemble_top2_weighted_soft_vote,False,0.47130434342632566,False,high_crop_weather_stress
2024-01-30,194.0,-0.02989692294720525,False,2024,global,ensemble_top2_weighted_soft_vote,False,0.46843013183923876,True,high_crop_weather_stress
2024-01-31,194.0500030517578,-0.01726362303958373,False,2024,global,ensemble_top2_weighted_soft_vote,False,0.47090521956473624,True,high_crop_weather_stress
2024-02-01,194.1999969482422,-0.027806354177871473,False,2024,global,ensemble_top2_weighted_soft_vote,False,0.46999086893203307,True,high_crop_weather_stress
2024-02-02,191.9499969482422,0.022662183759703636,True,2024,global,ensemble_top2_weighted_soft_vote,False,0.4751402399190436,False,high_crop_weather_stress
2024-02-05,189.5,0.03219000582330134,True,2024,global,ensemble_top2_weighted_soft_vote,False,0.4742539711199375,False,high_crop_weather_stress
2024-02-06,188.1999969482422,0.02550479877572953,True,2024,global,ensemble_top2_weighted_soft_vote,False,0.47395984817695747,False,high_crop_weather_stress
2024-02-07,190.6999969482422,-0.019139978788122458,False,2024,global,ensemble_top2_weighted_soft_vote,False,0.47404904337304593,True,high_crop_weather_stress
2024-02-08,188.8000030517578,0.002648305041938581,True,2024,global,ensemble_top2_weighted_soft_vote,False,0.4743630924225262,False,high_crop_weather_stress
2024-02-09,196.3000030517578,-0.027763611123354015,False,2024,global,ensemble_top2_weighted_soft_vote,False,0.4745407974567291,True,high_crop_weather_stress
2024-02-12,195.6000061035156,-0.020449897112391313,False,2024,global,ensemble_top2_weighted_soft_vote,False,0.4824881478329015,True,high_crop_weather_stress
2024-02-13,193.0,0.027720238878319092,True,2024,global,ensemble_top2_weighted_soft_vote,False,0.4838160560497653,False,high_crop_weather_stress
2024-02-14,187.0500030517578,0.03635393178729962,True,2024,global,ensemble_top2_weighted_soft_vote,False,0.48560975877526774,False,high_crop_weather_stress
2024-02-15,189.3000030517578,0.008980438039281946,True,2024,global,ensemble_top2_weighted_soft_vote,False,0.4872779146235844,False,high_crop_weather_stress
2024-02-16,190.8500061035156,-0.003929787665781892,False,2024,global,ensemble_top2_weighted_soft_vote,False,0.4892125147014012,True,high_crop_weather_stress
2024-02-20,191.6000061035156,0.01278704003233977,True,2024,global,ensemble_top2_weighted_soft_vote,False,0.48458514437446476,False,high_crop_weather_stress
2024-02-21,198.3500061035156,-0.025207964941481142,False,2024,global,ensemble_top2_weighted_soft_vote,False,0.4850542109202471,True,high_crop_weather_stress
2024-02-22,193.8500061035156,0.010317255285161142,True,2024,global,ensemble_top2_weighted_soft_vote,False,0.4777929691370646,False,high_crop_weather_stress
2024-02-23,191.0,0.014659701841663875,True,2024,global,ensemble_top2_weighted_soft_vote,False,0.47603374097753565,False,high_crop_weather_stress
2024-02-26,190.1000061035156,0.03840077621561844,True,2024,global,ensemble_top2_weighted_soft_vote,False,0.47950921228761656,False,high_crop_weather_stress
2024-02-27,194.0500030517578,0.004895629648554056,True,2024,global,ensemble_top2_weighted_soft_vote,False,0.47781964334883287,False,high_crop_weather_stress
2024-02-28,193.3500061035156,0.005689117196808757,True,2024,global,ensemble_top2_weighted_soft_vote,False,0.4787928608676398,False,high_crop_weather_stress
2024-02-29,195.8500061035156,0.012764870676994722,True,2024,global,ensemble_top2_weighted_soft_vote,False,0.47934532459963397,False,high_crop_weather_stress
2024-03-01,193.8000030517578,-0.01238394797461606,False,2024,global,ensemble_top2_weighted_soft_vote,False,0.47999220975831364,True,high_crop_weather_stress
2024-03-04,197.3999938964844,-0.015450799834209716,False,2024,global,ensemble_top2_weighted_soft_vote,False,0.48005351882455516,True,high_crop_weather_stress
2024-03-05,195.0,0.0020512507512020495,True,2024,global,ensemble_top2_weighted_soft_vote,False,0.479346166370675,False,high_crop_weather_stress
2024-03-06,194.4499969482422,-0.0143996045034811,False,2024,global,ensemble_top2_weighted_soft_vote,False,0.47766871487896817,True,high_crop_weather_stress
2024-03-07,198.3500061035156,-0.035291150918073666,False,2024,global,ensemble_top2_weighted_soft_vote,False,0.4779246062403036,True,high_crop_weather_stress
2024-03-08,191.3999938964844,-0.0446707840418894,False,2024,global,ensemble_top2_weighted_soft_vote,False,0.4805066458011363,True,high_crop_weather_stress
2024-03-11,194.3500061035156,-0.06431695192920239,False,2024,global,ensemble_top2_weighted_soft_vote,False,0.477152236961217,True,high_crop_weather_stress
2024-03-12,195.3999938964844,-0.06320363986945232,False,2024,global,ensemble_top2_weighted_soft_vote,False,0.472769483366503,True,high_crop_weather_stress
2024-03-13,191.6499938964844,-0.04826506806463138,False,2024,global,ensemble_top2_weighted_soft_vote,False,0.4729244337609837,True,high_crop_weather_stress
2024-03-14,191.3500061035156,-0.02952709158638278,False,2024,global,ensemble_top2_weighted_soft_vote,False,0.470776920646395,True,high_crop_weather_stress
2024-03-15,182.8500061035156,0.010937926897676808,True,2024,global,ensemble_top2_weighted_soft_vote,False,0.4754297896187073,False,high_crop_weather_stress
2024-03-18,181.8500061035156,0.020896275311674817,True,2024,global,ensemble_top2_weighted_soft_vote,False,0.4760228115146964,False,high_crop_weather_stress
2024-03-19,183.0500030517578,0.027314940817489308,True,2024,global,ensemble_top2_weighted_soft_vote,False,0.47728610036273783,False,high_crop_weather_stress
2024-03-20,182.3999938964844,0.045230264671401565,True,2024,global,ensemble_top2_weighted_soft_vote,False,0.47759460811662136,False,high_crop_weather_stress
2024-03-21,185.6999969482422,0.016962892875821423,True,2024,global,ensemble_top2_weighted_soft_vote,False,0.47971410828333927,False,high_crop_weather_stress
2024-03-22,184.8500061035156,0.03759803472416556,True,2024,global,ensemble_top2_weighted_soft_vote,False,0.4789497761616669,False,high_crop_weather_stress
2024-03-25,185.6499938964844,0.06517644223711838,True,2024,global,ensemble_top2_weighted_soft_vote,False,0.4842055628130943,False,high_crop_weather_stress
2024-03-26,188.0500030517578,0.08269078861688661,True,2024,global,ensemble_top2_weighted_soft_vote,False,0.4863454717835844,False,high_crop_weather_stress
2024-03-27,190.6499938964844,0.08444797597138809,True,2024,global,ensemble_top2_weighted_soft_vote,False,0.47844300124420064,False,high_crop_weather_stress
2024-03-28,188.8500061035156,0.12523162897607198,True,2024,global,ensemble_top2_weighted_soft_vote,False,0.4774804273712198,False,high_crop_weather_stress
2024-04-01,191.8000030517578,0.1006256660306184,True,2024,global,ensemble_top2_weighted_soft_vote,False,0.47472407864080646,False,high_crop_weather_stress
2024-04-02,197.75,0.07989887763215076,True,2024,global,ensemble_top2_weighted_soft_vote,False,0.47105012565543447,False,high_crop_weather_stress
2024-04-03,203.6000061035156,0.054273022896427214,True,2024,global,ensemble_top2_weighted_soft_vote,False,0.4707147169889409,False,high_crop_weather_stress
2024-04-04,206.75,0.06577995696984562,True,2024,global,ensemble_top2_weighted_soft_vote,False,0.47241204522007796,False,high_crop_weather_stress
2024-04-05,212.5,0.05717644186580895,True,2024,global,ensemble_top2_weighted_soft_vote,False,0.4679677372331368,False,high_crop_weather_stress
2024-04-08,211.1000061035156,0.09687350240157877,True,2024,global,ensemble_top2_weighted_soft_vote,False,0.46555742669335404,False,high_crop_weather_stress
2024-04-09,213.5500030517578,0.10863964699929896,True,2024,global,ensemble_top2_weighted_soft_vote,False,0.4660336112721644,False,high_crop_weather_stress
2024-04-10,214.6499938964844,0.1551362869724413,True,2024,global,ensemble_top2_weighted_soft_vote,False,0.4673960549252521,False,high_crop_weather_stress
2024-04-11,220.3500061035156,0.08849557276998365,True,2024,global,ensemble_top2_weighted_soft_vote,False,0.4600491850111851,False,high_crop_weather_stress
2024-04-12,224.6499938964844,0.07456042935713669,True,2024,global,ensemble_top2_weighted_soft_vote,False,0.4553621331501994,False,high_crop_weather_stress
2024-04-15,231.5500030517578,0.0004318326210699386,True,2024,global,ensemble_top2_weighted_soft_vote,False,0.4518671626506327,False,high_crop_weather_stress
2024-04-16,236.75,-0.05174234424498414,False,2024,global,ensemble_top2_weighted_soft_vote,False,0.4519722915147321,True,high_crop_weather_stress
2024-04-17,247.9499969482422,-0.07864488905023248,False,2024,global,ensemble_top2_weighted_soft_vote,False,0.4510679291638501,True,high_crop_weather_stress
2024-04-18,239.8500061035156,-0.03293728978211441,False,2024,global,ensemble_top2_weighted_soft_vote,False,0.4530186040960641,True,high_crop_weather_stress
2024-04-19,241.3999938964844,-0.04473897293303164,False,2024,global,ensemble_top2_weighted_soft_vote,False,0.45216663065250406,True,high_crop_weather_stress
2024-04-22,231.6499938964844,0.008202068661061324,True,2024,global,ensemble_top2_weighted_soft_vote,False,0.46031962638381546,False,high_crop_weather_stress
2024-04-23,224.5,-0.017149247677129553,False,2024,global,ensemble_top2_weighted_soft_vote,False,0.46080512009223523,True,high_crop_weather_stress
2024-04-24,228.4499969482422,-0.041146833101573854,False,2024,global,ensemble_top2_weighted_soft_vote,False,0.45900039566195067,True,high_crop_weather_stress
2024-04-25,231.9499969482422,-0.10045269824666991,False,2024,global,ensemble_top2_weighted_soft_vote,False,0.4588870051796281,True,high_crop_weather_stress
2024-04-26,230.6000061035156,-0.10711193214775305,False,2024,global,ensemble_top2_weighted_soft_vote,False,0.4594839201510727,True,high_crop_weather_stress
2024-04-29,233.5500030517578,-0.14065513026876575,False,2024,global,ensemble_top2_weighted_soft_vote,False,0.4863241021687994,True,high_crop_weather_stress
2024-04-30,220.6499938964844,-0.09811916834514511,False,2024,global,ensemble_top2_weighted_soft_vote,False,0.4778434327038446,True,high_crop_weather_stress
2024-05-01,219.0500030517578,-0.08582516681050079,False,2024,global,ensemble_top2_weighted_soft_vote,False,0.46564287435225615,True,high_crop_weather_stress
2024-05-02,208.6499938964844,-0.023723925679566604,False,2024,global,ensemble_top2_weighted_soft_vote,False,0.47181385859593544,True,high_crop_weather_stress
2024-05-03,205.8999938964844,-0.007285090065394129,False,2024,global,ensemble_top2_weighted_soft_vote,False,0.4720727956179609,True,high_crop_weather_stress
2024-05-06,200.6999969482422,-0.001494783539210287,False,2024,global,ensemble_top2_weighted_soft_vote,False,0.4831910420037997,True,high_crop_weather_stress
2024-05-07,199.0,0.019346764339274403,True,2024,global,ensemble_top2_weighted_soft_vote,False,0.46573031930831427,False,high_crop_weather_stress
2024-05-08,200.25,0.004993757802746579,True,2024,global,ensemble_top2_weighted_soft_vote,False,0.48275442728393586,False,high_crop_weather_stress
2024-05-09,203.6999969482422,-0.020373068034649222,False,2024,global,ensemble_top2_weighted_soft_vote,False,0.48237525867978365,True,high_crop_weather_stress
2024-05-10,204.3999938964844,0.018346380195584322,True,2024,global,ensemble_top2_weighted_soft_vote,False,0.4815226632980166,False,high_crop_weather_stress
2024-05-13,200.3999938964844,0.04441122468232539,True,2024,global,ensemble_top2_weighted_soft_vote,False,0.4842333422651901,False,high_crop_weather_stress
2024-05-14,202.8500061035156,0.07074188027090167,True,2024,global,ensemble_top2_weighted_soft_vote,False,0.4858537922068792,False,high_crop_weather_stress
2024-05-15,201.25,0.09540371154406047,True,2024,global,ensemble_top2_weighted_soft_vote,False,0.482596936302944,False,high_crop_weather_stress
2024-05-16,199.5500030517578,0.08068148633678884,True,2024,global,ensemble_top2_weighted_soft_vote,False,0.48139365105773024,False,high_crop_weather_stress
2024-05-17,208.1499938964844,0.04852273072147417,True,2024,global,ensemble_top2_weighted_soft_vote,False,0.47062245410301257,False,high_crop_weather_stress
2024-05-20,209.3000030517578,0.10344000755284521,True,2024,global,ensemble_top2_weighted_soft_vote,False,0.4826579038236168,False,high_crop_weather_stress
2024-05-21,217.1999969482422,0.05639963246831492,True,2024,global,ensemble_top2_weighted_soft_vote,False,0.48149082767598667,False,high_crop_weather_stress
2024-05-22,220.4499969482422,0.056929023476939955,True,2024,global,ensemble_top2_weighted_soft_vote,False,0.48098469988378684,False,high_crop_weather_stress
2024-05-23,215.6499938964844,0.031068919066361333,True,2024,global,ensemble_top2_weighted_soft_vote,False,0.4821106884971885,False,high_crop_weather_stress
2024-05-24,218.25,0.038029796342532896,True,2024,global,ensemble_top2_weighted_soft_vote,False,0.48257405743591236,False,high_crop_weather_stress
2024-05-28,230.9499969482422,0.012773314514930911,True,2024,global,ensemble_top2_weighted_soft_vote,False,0.47593736953841614,False,high_crop_weather_stress
2024-05-29,229.4499969482422,0.010895620105690895,True,2024,global,ensemble_top2_weighted_soft_vote,False,0.4705516568723783,False,high_crop_weather_stress
2024-05-30,233.0,0.005150201494601658,True,2024,global,ensemble_top2_weighted_soft_vote,False,0.4759475233118914,False,high_crop_weather_stress
2024-05-31,222.3500061035156,0.011018650240565364,True,2024,global,ensemble_top2_weighted_soft_vote,False,0.48058060437431144,False,high_crop_weather_stress
2024-06-03,226.5500030517578,-0.02273232878349085,False,2024,global,ensemble_top2_weighted_soft_vote,False,0.4753678344995997,True,high_crop_weather_stress
2024-06-04,233.8999938964844,-0.05707563571222152,False,2024,global,ensemble_top2_weighted_soft_vote,False,0.4672655981710587,True,high_crop_weather_stress
2024-06-05,231.9499969482422,-0.03276564321931197,False,2024,global,ensemble_top2_weighted_soft_vote,False,0.4661394141532633,True,high_crop_weather_stress
2024-06-06,234.1999969482422,-0.034799291215556694,False,2024,global,ensemble_top2_weighted_soft_vote,False,0.4611601107277458,True,high_crop_weather_stress
2024-06-07,224.8000030517578,-0.0028914997617849325,False,2024,global,ensemble_top2_weighted_soft_vote,False,0.4722672575895932,True,high_crop_weather_stress
2024-06-10,221.3999938964844,0.025971093760230213,True,2024,global,ensemble_top2_weighted_soft_vote,False,0.46721223133672607,False,high_crop_weather_stress
2024-06-11,220.5500030517578,0.026071185311435263,True,2024,global,ensemble_top2_weighted_soft_vote,False,0.46704826298539137,False,high_crop_weather_stress
2024-06-12,224.3500061035156,0.02629816686415487,True,2024,global,ensemble_top2_weighted_soft_vote,False,0.4564977942522113,False,high_crop_weather_stress
2024-06-13,226.0500030517578,0.002211899992257571,True,2024,global,ensemble_top2_weighted_soft_vote,False,0.4499170769271194,False,high_crop_weather_stress
2024-06-14,224.1499938964844,0.0617890095054463,True,2024,global,ensemble_top2_weighted_soft_vote,False,0.4481485443081524,False,high_crop_weather_stress
2024-06-17,227.1499938964844,0.017829641913190697,True,2024,global,ensemble_top2_weighted_soft_vote,False,0.4480715725131943,False,high_crop_weather_stress
2024-06-18,226.3000030517578,0.00022095912984299027,True,2024,global,ensemble_top2_weighted_soft_vote,False,0.4612843498365602,False,high_crop_weather_stress
2024-06-20,230.25,-0.008686210640608039,False,2024,global,ensemble_top2_weighted_soft_vote,False,0.4496931862157938,True,high_crop_weather_stress
2024-06-21,226.5500030517578,0.010593660843765562,True,2024,global,ensemble_top2_weighted_soft_vote,False,0.4635765339732777,False,high_crop_weather_stress
2024-06-24,238.0,-0.04747900441915043,False,2024,global,ensemble_top2_weighted_soft_vote,False,0.4660918234656345,True,high_crop_weather_stress
2024-06-25,231.1999969482422,-0.009083005503657926,False,2024,global,ensemble_top2_weighted_soft_vote,False,0.4670766514656,True,high_crop_weather_stress
2024-06-26,226.3500061035156,-0.0017672151291679983,False,2024,global,ensemble_top2_weighted_soft_vote,False,0.4699257380520021,True,high_crop_weather_stress
2024-06-27,228.25,0.008981393435959717,True,2024,global,ensemble_top2_weighted_soft_vote,False,0.47129369000667104,False,high_crop_weather_stress
2024-06-28,228.9499969482422,0.03166630310826779,True,2024,global,ensemble_top2_weighted_soft_vote,False,0.46742532760685246,False,high_crop_weather_stress
2024-07-01,226.6999969482422,0.11160125007647914,True,2024,global,ensemble_top2_weighted_soft_vote,False,0.4845138511665339,False,high_crop_weather_stress
2024-07-02,229.1000061035156,0.07245740027272674,True,2024,global,ensemble_top2_weighted_soft_vote,False,0.4838483748055024,False,high_crop_weather_stress
2024-07-03,225.9499969482422,0.09205577929935727,True,2024,global,ensemble_top2_weighted_soft_vote,False,0.48348316539010294,False,high_crop_weather_stress
2024-07-05,230.3000030517578,0.08749454463513762,True,2024,global,ensemble_top2_weighted_soft_vote,False,0.4854093030278981,False,high_crop_weather_stress
2024-07-08,236.1999969482422,0.03365790453411521,True,2024,global,ensemble_top2_weighted_soft_vote,False,0.49593070013448076,False,high_crop_weather_stress
2024-07-09,252.0,-0.026190500410776196,False,2024,global,ensemble_top2_weighted_soft_vote,False,0.4965091019315318,True,high_crop_weather_stress
2024-07-10,245.6999969482422,0.006715544060918344,True,2024,global,ensemble_top2_weighted_soft_vote,False,0.49345378016247066,False,high_crop_weather_stress
2024-07-11,246.75,-0.013576519163183809,False,2024,global,ensemble_top2_weighted_soft_vote,False,0.4992003540812352,True,high_crop_weather_stress
2024-07-12,250.4499969482422,-0.04891195907074253,False,2024,global,ensemble_top2_weighted_soft_vote,False,0.49743937932403054,True,high_crop_weather_stress
2024-07-15,244.1499938964844,-0.004505389605674037,False,2024,global,ensemble_top2_weighted_soft_vote,False,0.47819878408438354,True,high_crop_weather_stress
2024-07-16,245.3999938964844,-0.0256723225332528,False,2024,global,ensemble_top2_weighted_soft_vote,False,0.48219905472320584,True,high_crop_weather_stress
2024-07-17,247.3500061035156,-0.06549428666782209,False,2024,global,ensemble_top2_weighted_soft_vote,False,0.4851905805244972,True,high_crop_weather_stress
2024-07-18,243.3999938964844,-0.03574362023995048,False,2024,global,ensemble_top2_weighted_soft_vote,False,0.48863019469495744,True,high_crop_weather_stress
2024-07-19,238.1999969482422,-0.03337530247731124,False,2024,global,ensemble_top2_weighted_soft_vote,False,0.4930046817032858,True,high_crop_weather_stress
2024-07-22,243.0500030517578,-0.0520469409439982,False,2024,global,ensemble_top2_weighted_soft_vote,False,0.46402408770365905,True,high_crop_weather_stress
2024-07-23,239.1000061035156,-0.034713520869440684,False,2024,global,ensemble_top2_weighted_soft_vote,False,0.4676899282867344,True,high_crop_weather_stress
2024-07-24,231.1499938964844,-0.008436067487483823,False,2024,global,ensemble_top2_weighted_soft_vote,False,0.47681032259671174,True,high_crop_weather_stress
2024-07-25,234.6999969482422,-0.03174263760167462,False,2024,global,ensemble_top2_weighted_soft_vote,False,0.4728669423038011,True,high_crop_weather_stress
2024-07-26,230.25,0.0010857763300760048,True,2024,global,ensemble_top2_weighted_soft_vote,False,0.474460283621876,False,high_crop_weather_stress
2024-07-29,230.3999938964844,-0.020399292850475814,False,2024,global,ensemble_top2_weighted_soft_vote,False,0.478566952131719,True,high_crop_weather_stress
2024-07-30,230.8000030517578,0.02231366476771446,True,2024,global,ensemble_top2_weighted_soft_vote,False,0.4791518627295439,False,high_crop_weather_stress
2024-07-31,229.1999969482422,0.07460735746596514,True,2024,global,ensemble_top2_weighted_soft_vote,False,0.47869594046840724,False,high_crop_weather_stress
2024-08-01,227.25,0.07942795622335663,True,2024,global,ensemble_top2_weighted_soft_vote,False,0.48016357457171266,False,normal
2024-08-02,230.5,0.015401314758168416,True,2024,global,ensemble_top2_weighted_soft_vote,False,0.4774573533014747,False,high_crop_weather_stress
2024-08-05,225.6999969482422,0.06712454302224757,True,2024,global,ensemble_top2_weighted_soft_vote,False,0.47583166557837614,False,high_crop_weather_stress
2024-08-06,235.9499969482422,-0.01377410486134878,False,2024,global,ensemble_top2_weighted_soft_vote,False,0.49398660977592573,True,high_crop_weather_stress
2024-08-07,246.3000030517578,-0.03775884261683704,False,2024,global,ensemble_top2_weighted_soft_vote,False,0.4945453436916969,True,high_crop_weather_stress
2024-08-08,245.3000030517578,-0.022013897627771395,False,2024,global,ensemble_top2_weighted_soft_vote,False,0.49377533471902946,True,high_crop_weather_stress
2024-08-09,234.0500030517578,0.04870751441077048,True,2024,global,ensemble_top2_weighted_soft_vote,False,0.49628478391996805,False,high_crop_weather_stress
2024-08-12,240.8500061035156,0.02096735588538179,True,2024,global,ensemble_top2_weighted_soft_vote,False,0.47417862986785575,False,high_crop_weather_stress
2024-08-13,232.6999969482422,0.07198109247816453,True,2024,global,ensemble_top2_weighted_soft_vote,False,0.47395843090276596,False,high_crop_weather_stress
2024-08-14,237.0,0.05253163269300498,True,2024,global,ensemble_top2_weighted_soft_vote,False,0.4733911488575306,False,high_crop_weather_stress
2024-08-15,239.8999938964844,0.028762023054701435,True,2024,global,ensemble_top2_weighted_soft_vote,False,0.4718667558906565,False,high_crop_weather_stress
2024-08-16,245.4499969482422,0.023426360038670158,True,2024,global,ensemble_top2_weighted_soft_vote,False,0.4700031624079879,False,high_crop_weather_stress
2024-08-19,245.8999938964844,0.03151687756146293,True,2024,global,ensemble_top2_weighted_soft_vote,False,0.46868579104098673,False,high_crop_weather_stress
2024-08-20,249.4499969482422,0.039887741310763225,True,2024,global,ensemble_top2_weighted_soft_vote,False,0.4863849703882855,False,high_crop_weather_stress
2024-08-21,249.4499969482422,0.04409707513875594,True,2024,global,ensemble_top2_weighted_soft_vote,False,0.48900599525358657,False,high_crop_weather_stress
2024-08-22,246.8000030517578,0.020259319036359358,True,2024,global,ensemble_top2_weighted_soft_vote,False,0.4910043340953536,False,high_crop_weather_stress
2024-08-23,251.1999969482422,-0.011942675304323802,False,2024,global,ensemble_top2_weighted_soft_vote,False,0.49306382421308265,True,high_crop_weather_stress
2024-08-26,253.6499938964844,-0.027202815148895,False,2024,global,ensemble_top2_weighted_soft_vote,False,0.4783871044410869,True,high_crop_weather_stress
2024-08-27,259.3999938964844,-0.05339241006402451,False,2024,global,ensemble_top2_weighted_soft_vote,False,0.4793961264230196,True,high_crop_weather_stress
2024-08-28,260.45001220703125,-0.05317721426139277,False,2024,global,ensemble_top2_weighted_soft_vote,False,0.47408202903053087,True,high_crop_weather_stress
2024-08-29,251.8000030517578,-0.04666401849719104,False,2024,global,ensemble_top2_weighted_soft_vote,False,0.4765492590595029,True,high_crop_weather_stress
2024-08-30,248.1999969482422,0.005036261141698084,True,2024,global,ensemble_top2_weighted_soft_vote,False,0.4760458537935511,False,high_crop_weather_stress
2024-09-03,246.75,0.005065856129685908,True,2024,global,ensemble_top2_weighted_soft_vote,False,0.48225218627606664,False,high_crop_weather_stress
2024-09-04,245.5500030517578,0.015882687224656022,True,2024,global,ensemble_top2_weighted_soft_vote,False,0.4825473536358704,False,high_crop_weather_stress
2024-09-05,246.6000061035156,0.021897784926321773,True,2024,global,ensemble_top2_weighted_soft_vote,False,0.4945618019788903,False,high_crop_weather_stress
2024-09-06,240.0500030517578,0.09164750869204297,True,2024,global,ensemble_top2_weighted_soft_vote,False,0.49609097826407883,False,high_crop_weather_stress
2024-09-09,249.4499969482422,0.038484630034765877,True,2024,global,ensemble_top2_weighted_soft_vote,True,0.506391538452712,True,high_crop_weather_stress
2024-09-10,248.0,0.06854838709677424,True,2024,global,ensemble_top2_weighted_soft_vote,True,0.50962505725172,True,high_crop_weather_stress
2024-09-11,249.4499969482422,0.05492081425474926,True,2024,global,ensemble_top2_weighted_soft_vote,True,0.5084051499159223,True,high_crop_weather_stress
2024-09-12,252.0,0.03829362657335067,True,2024,global,ensemble_top2_weighted_soft_vote,True,0.5051824984993578,True,high_crop_weather_stress
2024-09-13,262.04998779296875,-0.043121497116406116,False,2024,global,ensemble_top2_weighted_soft_vote,True,0.505855572669755,False,high_crop_weather_stress
2024-09-16,259.04998779296875,0.017757214129621612,True,2024,global,ensemble_top2_weighted_soft_vote,True,0.5067384515712384,True,high_crop_weather_stress
2024-09-17,265.0,0.010565991671580122,True,2024,global,ensemble_top2_weighted_soft_vote,True,0.5043906331201828,True,high_crop_weather_stress
2024-09-18,263.1499938964844,0.022610725232894424,True,2024,global,ensemble_top2_weighted_soft_vote,True,0.5066003042076449,True,high_crop_weather_stress
2024-09-19,261.6499938964844,0.04681826977166459,True,2024,global,ensemble_top2_weighted_soft_vote,True,0.5052500757615679,True,high_crop_weather_stress
2024-09-20,250.75,0.07337983607770449,True,2024,global,ensemble_top2_weighted_soft_vote,True,0.5076603794828428,True,high_crop_weather_stress
2024-09-23,263.6499938964844,0.025033211668144206,True,2024,global,ensemble_top2_weighted_soft_vote,False,0.4929075402739708,False,high_crop_weather_stress
2024-09-24,267.79998779296875,-0.013629552139136414,False,2024,global,ensemble_top2_weighted_soft_vote,False,0.4922583924243524,True,high_crop_weather_stress
2024-09-25,269.1000061035156,-0.04682276409413655,False,2024,global,ensemble_top2_weighted_soft_vote,False,0.49200278056719987,True,high_crop_weather_stress
2024-09-26,273.8999938964844,-0.07977360836665215,False,2024,global,ensemble_top2_weighted_soft_vote,False,0.4857928511665831,True,high_crop_weather_stress
2024-09-27,269.1499938964844,-0.04384167958594509,False,2024,global,ensemble_top2_weighted_soft_vote,False,0.4850085045880319,True,high_crop_weather_stress
2024-09-30,270.25,-0.0947271271175415,False,2024,global,ensemble_top2_weighted_soft_vote,False,0.4942982231329578,True,high_crop_weather_stress
2024-10-01,264.1499938964844,-0.060382348350508375,False,2024,global,ensemble_top2_weighted_soft_vote,False,0.49291961048704874,True,high_crop_weather_stress
2024-10-02,256.5,-0.025146186932718084,False,2024,global,ensemble_top2_weighted_soft_vote,False,0.4929256958336293,True,high_crop_weather_stress
2024-10-03,252.0500030517578,0.010712148048209968,True,2024,global,ensemble_top2_weighted_soft_vote,False,0.48784986178740924,False,high_crop_weather_stress
2024-10-04,257.3500061035156,-0.020594532450199154,False,2024,global,ensemble_top2_weighted_soft_vote,False,0.4903889204617565,True,high_crop_weather_stress
2024-10-07,244.6499938964844,0.07112198786257307,True,2024,global,ensemble_top2_weighted_soft_vote,False,0.4945238518291496,False,high_crop_weather_stress
2024-10-08,248.1999969482422,0.03424663724134369,True,2024,global,ensemble_top2_weighted_soft_vote,False,0.4876560413038247,False,high_crop_weather_stress
2024-10-09,250.0500030517578,0.03179362867912716,True,2024,global,ensemble_top2_weighted_soft_vote,False,0.4777756844221652,False,high_crop_weather_stress
2024-10-10,254.75,0.0015701428713814636,True,2024,global,ensemble_top2_weighted_soft_vote,False,0.47513248266432445,False,high_crop_weather_stress
2024-10-11,252.0500030517578,0.02082913976451284,True,2024,global,ensemble_top2_weighted_soft_vote,False,0.47855808173066655,False,high_crop_weather_stress
2024-10-14,262.04998779296875,-0.03949624623872727,False,2024,global,ensemble_top2_weighted_soft_vote,False,0.43616558978468173,True,high_crop_weather_stress
2024-10-15,256.70001220703125,-0.02668486863175934,False,2024,global,ensemble_top2_weighted_soft_vote,False,0.4416742853776452,True,high_crop_weather_stress
2024-10-16,258.0,-0.021899201149164327,False,2024,global,ensemble_top2_weighted_soft_vote,False,0.44163176527821557,True,high_crop_weather_stress
2024-10-17,255.1499938964844,-0.038016841780437405,False,2024,global,ensemble_top2_weighted_soft_vote,False,0.4455879912039548,True,high_crop_weather_stress
2024-10-18,257.29998779296875,-0.03458995071404958,False,2024,global,ensemble_top2_weighted_soft_vote,False,0.4473305127161668,True,high_crop_weather_stress
2024-10-21,251.6999969482422,0.0025824758170620576,True,2024,global,ensemble_top2_weighted_soft_vote,True,0.5007622144715824,True,high_crop_weather_stress
2024-10-22,249.8500061035156,-0.007004202350409217,False,2024,global,ensemble_top2_weighted_soft_vote,True,0.5011994807736356,False,high_crop_weather_stress
2024-10-23,252.3500061035156,-0.01089756264508246,False,2024,global,ensemble_top2_weighted_soft_vote,True,0.5036528157645755,False,high_crop_weather_stress
2024-10-24,245.4499969482422,0.0018333548740565586,True,2024,global,ensemble_top2_weighted_soft_vote,True,0.5044408174080394,True,normal
2024-10-25,248.3999938964844,-0.021940406932994483,False,2024,global,ensemble_top2_weighted_soft_vote,True,0.5102360674466264,False,normal
2024-10-28,252.3500061035156,-0.02536163661770663,False,2024,global,ensemble_top2_weighted_soft_vote,True,0.5102379232614817,False,normal
2024-10-29,248.1000061035156,0.008262747853837071,True,2024,global,ensemble_top2_weighted_soft_vote,True,0.5142440551969107,True,normal
2024-10-30,249.6000061035156,-0.0034054730878615436,False,2024,global,ensemble_top2_weighted_soft_vote,True,0.5144814269798428,False,normal
2024-10-31,245.8999938964844,0.0589670612440274,True,2024,global,ensemble_top2_weighted_soft_vote,True,0.5144415903052552,True,normal
2024-11-01,242.9499969482422,0.04280720018897144,True,2024,global,ensemble_top2_weighted_soft_vote,True,0.5168014343939304,True,normal
2024-11-04,245.9499969482422,0.041675199780327965,True,2024,global,ensemble_top2_weighted_soft_vote,True,0.5140487765002042,True,normal
2024-11-05,250.1499938964844,0.05356783619203065,True,2024,global,ensemble_top2_weighted_soft_vote,True,0.5420651712997988,True,normal
2024-11-06,248.75,0.09206027697079144,True,2024,global,ensemble_top2_weighted_soft_vote,True,0.5210635314310663,True,normal
2024-11-07,260.3999938964844,0.0712366311265007,True,2024,global,ensemble_top2_weighted_soft_vote,True,0.5174002101433753,True,normal
2024-11-08,253.3500061035156,0.11229516875491541,True,2024,global,ensemble_top2_weighted_soft_vote,True,0.5217088286027538,True,normal
2024-11-11,256.20001220703125,0.09582352311962539,True,2024,global,ensemble_top2_weighted_soft_vote,True,0.5227479337819952,True,normal
2024-11-12,263.54998779296875,0.06146846123080518,True,2024,global,ensemble_top2_weighted_soft_vote,True,0.5107618259521195,True,normal
2024-11-13,271.6499938964844,0.0870605353501186,True,2024,global,ensemble_top2_weighted_soft_vote,True,0.5048008202040252,True,uptrend
2024-11-14,278.95001220703125,0.0706219065329603,True,2024,global,ensemble_top2_weighted_soft_vote,True,0.5073144996186397,True,uptrend
2024-11-15,281.79998779296875,0.08321509305479236,True,2024,global,ensemble_top2_weighted_soft_vote,True,0.5105316955827748,True,uptrend
2024-11-18,280.75,0.09830812503478414,True,2024,global,ensemble_top2_weighted_soft_vote,False,0.4984523489993704,False,uptrend
2024-11-19,279.75,0.11581767255222286,True,2024,global,ensemble_top2_weighted_soft_vote,False,0.4960266693213157,False,uptrend
2024-11-20,295.29998779296875,0.10447005546489962,True,2024,global,ensemble_top2_weighted_soft_vote,False,0.4834021005305663,False,uptrend
2024-11-21,298.6499938964844,0.07701322775841768,True,2024,global,ensemble_top2_weighted_soft_vote,False,0.4811498156800546,False,uptrend
2024-11-22,305.25,-0.019819779829545414,False,2024,global,ensemble_top2_weighted_soft_vote,False,0.4777511565495878,True,uptrend
2024-11-25,308.3500061035156,-0.03453865310743365,False,2024,global,ensemble_top2_weighted_soft_vote,False,0.48052824567192487,True,uptrend
2024-11-26,312.1499938964844,-0.019862187444120716,False,2024,global,ensemble_top2_weighted_soft_vote,False,0.48496925968223115,True,uptrend
2024-11-27,326.1499938964844,-0.03188715036366119,False,2024,global,ensemble_top2_weighted_soft_vote,False,0.48508552964556506,True,uptrend
2024-11-29,321.6499938964844,0.03373233735240633,True,2024,global,ensemble_top2_weighted_soft_vote,False,0.49417576209707215,False,uptrend
2024-12-02,299.20001220703125,0.11062825613467564,True,2024,global,ensemble_top2_weighted_soft_vote,True,0.5016017601913584,True,high_volatility
2024-12-03,297.70001220703125,0.12747725943343724,True,2024,global,ensemble_top2_weighted_soft_vote,False,0.49624013425826524,False,high_volatility
2024-12-04,305.95001220703125,0.051478997782625546,True,2024,global,ensemble_top2_weighted_soft_vote,False,0.4986128763473353,False,high_volatility
2024-12-05,315.75,0.021694397794190357,True,2024,global,ensemble_top2_weighted_soft_vote,False,0.498971705947988,False,high_volatility
2024-12-06,332.5,-0.03503757562852439,False,2024,global,ensemble_top2_weighted_soft_vote,False,0.49550845652172915,True,high_volatility
2024-12-09,332.29998779296875,-0.01068308132223128,False,2024,global,ensemble_top2_weighted_soft_vote,False,0.49753170257068025,True,high_volatility
2024-12-10,335.6499938964844,-0.030388743855001676,False,2024,global,ensemble_top2_weighted_soft_vote,False,0.49733379942315775,True,high_volatility
2024-12-11,321.70001220703125,0.03559210834622051,True,2024,global,ensemble_top2_weighted_soft_vote,False,0.4998112681891569,False,high_volatility
2024-12-12,322.6000061035156,0.0035647671256253677,True,2024,global,ensemble_top2_weighted_soft_vote,False,0.4996623705824336,False,high_volatility
2024-12-13,320.8500061035156,0.012934373749537764,True,2024,global,ensemble_top2_weighted_soft_vote,True,0.5126485597478013,True,high_volatility
2024-12-16,328.75,-0.004562737642585524,False,2024,global,ensemble_top2_weighted_soft_vote,True,0.501548865933528,False,high_volatility
2024-12-17,325.45001220703125,0.009678887012855686,True,2024,global,ensemble_top2_weighted_soft_vote,True,0.5132513686476343,True,high_volatility
2024-12-18,333.1499938964844,-0.025514033185427887,False,2024,global,ensemble_top2_weighted_soft_vote,False,0.4972538289294979,True,high_volatility
2024-12-19,323.75,-0.0033977022502412746,False,2024,global,ensemble_top2_weighted_soft_vote,True,0.517088240063565,False,high_volatility
2024-12-20,325.0,-0.012307692307692353,False,2024,global,ensemble_top2_weighted_soft_vote,True,0.516560303442136,False,high_volatility
2024-12-23,327.25,-0.02291825821237581,False,2024,global,ensemble_top2_weighted_soft_vote,True,0.512506569527554,False,high_volatility
2024-12-24,328.6000061035156,-0.005325623759875109,False,2024,global,ensemble_top2_weighted_soft_vote,True,0.5139888319486263,False,high_volatility
2024-12-26,324.6499938964844,-0.018481441899897644,False,2024,global,ensemble_top2_weighted_soft_vote,True,0.5160404897964548,False,high_volatility
2024-12-27,322.6499938964844,-0.012552263659016516,False,2024,global,ensemble_top2_weighted_soft_vote,True,0.5280494147391303,False,high_volatility
2024-12-30,321.0,-0.0015576323987538387,False,2024,global,ensemble_top2_weighted_soft_vote,True,0.5324149645675351,False,high_volatility
2024-12-31,319.75,-0.010320524762998384,False,2024,global,ensemble_top2_weighted_soft_vote,True,0.564792340436141,False,uptrend
2025-01-02,326.8500061035156,-0.025546905147895593,False,2025,regime_specific,per_regime_VotingClassifier,False,0.45225540610167336,True,uptrend
2025-01-03,318.6499938964844,0.016318883749046886,True,2025,regime_specific,per_regime_VotingClassifier,False,0.4717492467443022,False,uptrend
2025-01-06,318.6000061035156,0.023069698564687213,True,2025,regime_specific,per_regime_VotingClassifier,False,0.4741027323814323,False,uptrend
2025-01-07,320.5,0.004524219054699685,True,2025,regime_specific,per_regime_VotingClassifier,False,0.47729663695421015,False,uptrend
2025-01-08,316.45001220703125,0.044240794627749214,True,2025,regime_specific,per_regime_VotingClassifier,False,0.48241320611445937,False,uptrend
2025-01-09,318.5,0.02715853656667,True,2025,regime_specific,per_regime_VotingClassifier,False,0.48425667983082826,False,uptrend
2025-01-10,323.8500061035156,0.013895321646409498,True,2025,regime_specific,per_regime_VotingClassifier,False,0.48609124948114235,False,uptrend
2025-01-13,325.95001220703125,0.005675642020723348,True,2025,regime_specific,per_regime_VotingClassifier,True,0.5018275535363953,True,uptrend
2025-01-14,321.95001220703125,0.06181081889100093,True,2025,regime_specific,per_regime_VotingClassifier,True,0.5070237123518071,True,uptrend
2025-01-15,330.45001220703125,0.04085338024300644,True,2025,regime_specific,per_regime_VotingClassifier,True,0.5029003467424727,True,uptrend
2025-01-16,327.1499938964844,0.062356699608985044,True,2025,regime_specific,per_regime_VotingClassifier,True,0.5054011747098296,True,uptrend
2025-01-17,328.3500061035156,0.06349933216368653,True,2025,regime_specific,per_regime_VotingClassifier,True,0.5023244171125694,True,uptrend
2025-01-21,327.79998779296875,0.09060406745893212,True,2025,regime_specific,per_regime_VotingClassifier,True,0.507192261612322,True,uptrend
2025-01-22,341.8500061035156,0.07225385768158699,True,2025,regime_specific,per_regime_VotingClassifier,True,0.5239229483798725,True,uptrend
2025-01-23,343.95001220703125,0.08562285403184267,True,2025,regime_specific,per_regime_VotingClassifier,True,0.5239130845038881,True,uptrend
2025-01-24,347.54998779296875,0.0871817562214856,True,2025,regime_specific,per_regime_VotingClassifier,True,0.5104886494393841,True,uptrend
2025-01-27,349.20001220703125,0.09077886764407972,True,2025,regime_specific,per_regime_VotingClassifier,False,0.4862591204214048,False,uptrend
2025-01-28,357.5,0.07230770938046338,True,2025,regime_specific,per_regime_VotingClassifier,False,0.4886585373622137,False,uptrend
2025-01-29,366.5499877929687,0.0851180282255346,True,2025,regime_specific,per_regime_VotingClassifier,False,0.4804816862823396,False,uptrend
2025-01-30,373.3999938964844,0.08181579756269675,True,2025,regime_specific,per_regime_VotingClassifier,False,0.4769760602113226,False,uptrend
2025-01-31,377.8500061035156,0.07013364978678882,True,2025,regime_specific,per_regime_VotingClassifier,False,0.4936287319741363,False,uptrend
2025-02-03,380.8999938964844,0.12641111753225664,True,2025,regime_specific,per_regime_VotingClassifier,False,0.47724225467807974,False,uptrend
2025-02-04,383.3500061035156,0.07851833996159585,True,2025,regime_specific,per_regime_VotingClassifier,False,0.4777203195995783,False,uptrend
2025-02-05,397.75,0.08560650607911668,True,2025,regime_specific,per_regime_VotingClassifier,False,0.48179677441676405,False,uptrend
2025-02-06,403.9500122070313,0.0865205610429356,True,2025,regime_specific,per_regime_VotingClassifier,False,0.4723694070781058,False,uptrend
2025-02-07,404.3500061035156,0.038085801073394654,True,2025,regime_specific,per_regime_VotingClassifier,False,0.47112228488350966,False,uptrend
2025-02-10,429.0499877929687,-0.023423815590033703,False,2025,regime_specific,per_regime_VotingClassifier,False,0.484137060970671,True,uptrend
2025-02-11,413.4500122070313,0.010763046458019732,True,2025,regime_specific,per_regime_VotingClassifier,False,0.4916299817163061,False,uptrend
2025-02-12,431.7999877929687,-0.08348769988908211,False,2025,regime_specific,per_regime_VotingClassifier,False,0.49096844202448425,True,uptrend
2025-02-13,438.8999938964844,-0.08863065490417621,False,2025,regime_specific,per_regime_VotingClassifier,False,0.4891637565053591,True,uptrend
2025-02-14,419.75,-0.06182254248250463,False,2025,regime_specific,per_regime_VotingClassifier,False,0.4284345631638325,True,high_volatility
2025-02-18,419.0,-0.09188544152744627,False,2025,regime_specific,per_regime_VotingClassifier,False,0.4415128024416852,True,high_volatility
2025-02-19,417.8999938964844,-0.09200761486246223,False,2025,regime_specific,per_regime_VotingClassifier,False,0.44033388427686576,True,high_volatility
2025-02-20,395.75,-0.042956411876184486,False,2025,regime_specific,per_regime_VotingClassifier,False,0.4580779544317861,True,high_volatility
2025-02-21,400.0,-0.0523750305175783,False,2025,regime_specific,per_regime_VotingClassifier,False,0.4461992368783674,True,high_volatility
2025-02-24,393.7999877929687,-0.0027932341798742044,False,2025,regime_specific,per_regime_VotingClassifier,False,0.44775218297056946,True,high_volatility
2025-02-25,380.5,0.0611038107752957,True,2025,regime_specific,per_regime_VotingClassifier,False,0.4495764115948602,False,high_volatility
2025-02-26,379.4500122070313,0.09500589440829832,True,2025,regime_specific,per_regime_VotingClassifier,False,0.4431301543042218,False,high_volatility
2025-02-27,378.75,0.03762376237623766,True,2025,regime_specific,per_regime_VotingClassifier,False,0.4469524295810542,False,high_volatility
2025-02-28,379.0499877929687,0.02941570972995944,True,2025,regime_specific,per_regime_VotingClassifier,False,0.45325656103264117,False,high_volatility
2025-03-03,392.7000122070313,-0.008530700278536196,False,2025,regime_specific,per_regime_VotingClassifier,False,0.46211405408223494,True,high_volatility
2025-03-04,403.75,-0.010650124564628327,False,2025,regime_specific,per_regime_VotingClassifier,False,0.4706390821648963,True,high_volatility
2025-03-05,415.5,-0.05607698626466595,False,2025,regime_specific,per_regime_VotingClassifier,False,0.4649107013057313,True,high_volatility
2025-03-06,393.0,-0.006106854698433528,False,2025,regime_specific,per_regime_VotingClassifier,False,0.47915386579631536,True,high_volatility
2025-03-07,390.2000122070313,-0.020758600333456667,False,2025,regime_specific,per_regime_VotingClassifier,False,0.47849143179954795,True,high_volatility
2025-03-10,389.3500061035156,0.0,False,2025,regime_specific,per_regime_VotingClassifier,False,0.4716712179719584,True,high_volatility
2025-03-11,399.4500122070313,-0.030792384365160408,False,2025,regime_specific,per_regime_VotingClassifier,False,0.46442825554092365,True,high_volatility
2025-03-12,392.2000122070313,0.00611931112133024,True,2025,regime_specific,per_regime_VotingClassifier,False,0.45817508464322887,False,high_volatility
2025-03-13,390.6000061035156,0.003968222654246345,True,2025,regime_specific,per_regime_VotingClassifier,False,0.4574570644216163,False,high_volatility
2025-03-14,382.1000061035156,0.024339145889595404,True,2025,regime_specific,per_regime_VotingClassifier,False,0.4588710664861173,False,high_volatility
2025-03-17,389.3500061035156,0.010401920455837876,True,2025,regime_specific,per_regime_VotingClassifier,False,0.4523617391163251,False,high_volatility
2025-03-18,387.1499938964844,0.029445935880687113,True,2025,regime_specific,per_regime_VotingClassifier,False,0.4626753806221489,False,high_volatility
2025-03-19,394.6000061035156,-0.006588966201976132,False,2025,regime_specific,per_regime_VotingClassifier,False,0.46931412353789087,True,high_volatility
2025-03-20,392.1499938964844,-0.03404311184826814,False,2025,regime_specific,per_regime_VotingClassifier,False,0.4742193137796179,True,uptrend
2025-03-21,391.3999938964844,-0.029253913817079202,False,2025,regime_specific,per_regime_VotingClassifier,False,0.47450535739670346,True,uptrend
2025-03-24,393.3999938964844,-0.034697493920338274,False,2025,regime_specific,per_regime_VotingClassifier,False,0.4572458262773854,True,uptrend
2025-03-25,398.5499877929687,-0.02383640770536133,False,2025,regime_specific,per_regime_VotingClassifier,False,0.4302116977908369,True,uptrend
2025-03-26,392.0,-0.008035698715521344,False,2025,regime_specific,per_regime_VotingClassifier,False,0.4170715315165263,True,normal
2025-03-27,378.7999877929687,0.01702748789568731,True,2025,regime_specific,per_regime_VotingClassifier,False,0.4141809568399707,False,normal
2025-03-28,379.9500122070313,-0.037504933654891714,False,2025,regime_specific,per_regime_VotingClassifier,False,0.42029481309446426,True,normal
2025-03-31,379.75,-0.09203426519297231,False,2025,regime_specific,per_regime_VotingClassifier,False,0.4210951026564196,True,normal
2025-04-01,389.0499877929687,-0.11862227308703277,False,2025,regime_specific,per_regime_VotingClassifier,False,0.4126157786034004,True,normal
2025-04-02,388.8500061035156,-0.12125496504153987,False,2025,regime_specific,per_regime_VotingClassifier,False,0.41132512812157185,True,normal
2025-04-03,385.25,-0.11005838779100419,False,2025,regime_specific,per_regime_VotingClassifier,False,0.40008896084831835,True,normal
2025-04-04,365.7000122070313,-0.021875853795353617,False,2025,regime_specific,per_regime_VotingClassifier,False,0.43264402568121013,True,normal
2025-04-07,344.79998779296875,0.04524363879294113,True,2025,regime_specific,per_regime_VotingClassifier,True,0.5356619925213062,True,downtrend
2025-04-08,342.8999938964844,0.07728200779146088,True,2025,regime_specific,per_regime_VotingClassifier,True,0.6381714393532752,True,high_crop_weather_stress
2025-04-09,341.70001220703125,0.10052670283524967,True,2025,regime_specific,per_regime_VotingClassifier,True,0.6405826101811767,True,high_crop_weather_stress
2025-04-10,342.8500061035156,0.09523113115134807,True,2025,regime_specific,per_regime_VotingClassifier,True,0.5543218734528739,True,downtrend
2025-04-11,357.70001220703125,0.025440243990460187,True,2025,regime_specific,per_regime_VotingClassifier,False,0.46870419532302887,False,high_volatility
2025-04-14,360.3999938964844,0.0478634858272351,True,2025,regime_specific,per_regime_VotingClassifier,True,0.530262673978524,True,downtrend
2025-04-15,369.3999938964844,0.06226313042778564,True,2025,regime_specific,per_regime_VotingClassifier,True,0.6118140534085856,True,high_crop_weather_stress
2025-04-16,376.0499877929687,0.08496214132207647,True,2025,regime_specific,per_regime_VotingClassifier,True,0.6062609375351916,True,high_crop_weather_stress
2025-04-17,375.5,0.0872170439414115,True,2025,regime_specific,per_regime_VotingClassifier,True,0.5928996966281643,True,high_crop_weather_stress
2025-04-21,366.7999877929687,0.14926390900236974,True,2025,regime_specific,per_regime_VotingClassifier,True,0.5625883171310324,True,high_crop_weather_stress
2025-04-22,377.6499938964844,0.0926784074292708,True,2025,regime_specific,per_regime_VotingClassifier,True,0.5459390548764316,True,high_crop_weather_stress
2025-04-23,392.3999938964844,0.054026535516776386,True,2025,regime_specific,per_regime_VotingClassifier,True,0.5328488395869853,True,high_crop_weather_stress
2025-04-24,408.0,-0.03014702890433507,False,2025,regime_specific,per_regime_VotingClassifier,True,0.5136176300354093,False,high_crop_weather_stress
2025-04-25,408.25,-0.03147582634051593,False,2025,regime_specific,per_regime_VotingClassifier,True,0.5065312807315907,False,high_crop_weather_stress
2025-04-28,421.5499877929687,-0.05361161485085053,False,2025,regime_specific,per_regime_VotingClassifier,False,0.4767153310971302,True,high_crop_weather_stress
2025-04-29,412.6499938964844,-0.027989792714903428,False,2025,regime_specific,per_regime_VotingClassifier,False,0.48409780224210425,True,high_crop_weather_stress
2025-04-30,413.6000061035156,-0.04206961711729151,False,2025,regime_specific,per_regime_VotingClassifier,False,0.49077947617028095,True,high_crop_weather_stress
2025-05-01,395.7000122070313,0.005306988933926782,True,2025,regime_specific,per_regime_VotingClassifier,True,0.5021525049054935,True,high_crop_weather_stress
2025-05-02,395.3999938964844,0.00442589789330694,True,2025,regime_specific,per_regime_VotingClassifier,False,0.4857208807774869,False,high_crop_weather_stress
2025-05-05,398.9500122070313,-0.0413585649708853,False,2025,regime_specific,per_regime_VotingClassifier,True,0.513922583984652,False,high_crop_weather_stress
2025-05-06,401.1000061035156,-0.04051358701751351,False,2025,regime_specific,per_regime_VotingClassifier,True,0.5244289569137205,False,high_crop_weather_stress
2025-05-07,396.2000122070313,-0.05615850407488987,False,2025,regime_specific,per_regime_VotingClassifier,True,0.5541338996088594,False,high_crop_weather_stress
2025-05-08,397.7999877929687,-0.03230260427414855,False,2025,regime_specific,per_regime_VotingClassifier,True,0.5425530618736085,False,high_crop_weather_stress
2025-05-09,397.1499938964844,-0.05262493822908598,False,2025,regime_specific,per_regime_VotingClassifier,True,0.5590945107167041,False,high_crop_weather_stress
2025-05-12,382.4500122070313,-0.01647278888603243,False,2025,regime_specific,per_regime_VotingClassifier,True,0.5884907529540361,False,high_crop_weather_stress
2025-05-13,384.8500061035156,-0.04040539967242285,False,2025,regime_specific,per_regime_VotingClassifier,True,0.5893949707442859,False,high_crop_weather_stress
2025-05-14,373.9500122070313,-0.009760728158612397,False,2025,regime_specific,per_regime_VotingClassifier,True,0.6080748529412621,False,high_crop_weather_stress
2025-05-15,384.9500122070313,-0.06286533689994067,False,2025,regime_specific,per_regime_VotingClassifier,True,0.6074993497363295,False,high_crop_weather_stress
2025-05-16,376.25,-0.04053156146179404,False,2025,regime_specific,per_regime_VotingClassifier,True,0.6128775400796076,False,high_crop_weather_stress
2025-05-19,376.1499938964844,-0.038415477665618813,False,2025,regime_specific,per_regime_VotingClassifier,True,0.6027624427191159,False,high_crop_weather_stress
2025-05-20,369.2999877929687,-0.04698070988202663,False,2025,regime_specific,per_regime_VotingClassifier,False,0.4476835347849284,True,high_volatility
2025-05-21,370.2999877929687,-0.05914122230197971,False,2025,regime_specific,per_regime_VotingClassifier,True,0.5046853182621459,False,normal
2025-05-22,360.75,-0.05072761688972627,False,2025,regime_specific,per_regime_VotingClassifier,True,0.561094483107286,False,downtrend
2025-05-23,361.0,-0.045844841531769376,False,2025,regime_specific,per_regime_VotingClassifier,True,0.5647969651273136,False,downtrend
2025-05-27,361.7000122070313,-0.057644471661177255,False,2025,regime_specific,per_regime_VotingClassifier,True,0.5524062346873948,False,downtrend
2025-05-28,351.95001220703125,-0.016479665035883162,False,2025,regime_specific,per_regime_VotingClassifier,True,0.5603806889428655,False,downtrend
2025-05-29,348.3999938964844,0.0325775152191532,True,2025,regime_specific,per_regime_VotingClassifier,True,0.5447112693998966,True,downtrend
2025-05-30,342.45001220703125,0.04555402257222396,True,2025,regime_specific,per_regime_VotingClassifier,True,0.5421167706678864,True,downtrend
2025-06-02,344.45001220703125,0.04964428793708242,True,2025,regime_specific,per_regime_VotingClassifier,True,0.5318788004947176,True,downtrend
2025-06-03,340.8500061035156,0.04166050002985955,True,2025,regime_specific,per_regime_VotingClassifier,True,0.5211220323435785,True,downtrend
2025-06-04,346.1499938964844,0.013000144675275438,True,2025,regime_specific,per_regime_VotingClassifier,True,0.5044273624218658,True,downtrend
2025-06-05,359.75,-0.03321754609320704,False,2025,regime_specific,per_regime_VotingClassifier,False,0.4242253498920099,True,normal
2025-06-06,358.04998779296875,-0.023320697865141682,False,2025,regime_specific,per_regime_VotingClassifier,True,0.51488683390728,False,downtrend
2025-06-09,361.5499877929687,-0.04867923158668608,False,2025,regime_specific,per_regime_VotingClassifier,False,0.43910130221528754,True,normal
2025-06-10,355.04998779296875,-0.05407684086627462,False,2025,regime_specific,per_regime_VotingClassifier,True,0.5189323962863814,False,downtrend
2025-06-11,350.6499938964844,-0.07343505047258514,False,2025,regime_specific,per_regime_VotingClassifier,True,0.528910361814363,False,downtrend
2025-06-12,347.79998779296875,-0.08266245258500038,False,2025,regime_specific,per_regime_VotingClassifier,True,0.5461845929274257,False,downtrend
2025-06-13,349.70001220703125,-0.055476190268409775,False,2025,regime_specific,per_regime_VotingClassifier,True,0.5400314615211469,False,downtrend
2025-06-16,343.95001220703125,-0.08315163566937345,False,2025,regime_specific,per_regime_VotingClassifier,True,0.5422426407786693,False,downtrend
2025-06-17,335.8500061035156,-0.08098857142389826,False,2025,regime_specific,per_regime_VotingClassifier,True,0.5507482648893827,False,downtrend
2025-06-18,324.8999938964844,-0.047399181858374995,False,2025,regime_specific,per_regime_VotingClassifier,True,0.5596468666524054,False,downtrend
2025-06-20,319.04998779296875,-0.028678872423031687,False,2025,regime_specific,per_regime_VotingClassifier,True,0.5580604023867749,False,downtrend
2025-06-23,330.29998779296875,-0.07129878493283448,False,2025,regime_specific,per_regime_VotingClassifier,True,0.5701636128073387,False,downtrend
2025-06-24,315.3500061035156,-0.052322814906126114,False,2025,regime_specific,per_regime_VotingClassifier,True,0.5855325627959576,False,downtrend
2025-06-25,308.6499938964844,-0.03466704001634191,False,2025,regime_specific,per_regime_VotingClassifier,True,0.5778051368041301,False,downtrend
2025-06-26,309.5,-0.05444266915513929,False,2025,regime_specific,per_regime_VotingClassifier,True,0.5732299912159105,False,downtrend
2025-06-27,309.8999938964844,-0.055663118230850905,False,2025,regime_specific,per_regime_VotingClassifier,True,0.5681959829171794,False,downtrend
2025-06-30,306.75,-0.08704160458689891,False,2025,regime_specific,per_regime_VotingClassifier,True,0.5737121320425861,False,downtrend
2025-07-01,298.8500061035156,-0.03831357528252888,False,2025,regime_specific,per_regime_VotingClassifier,True,0.5747485397066923,False,downtrend
2025-07-02,297.95001220703125,-0.040610859566294955,False,2025,regime_specific,per_regime_VotingClassifier,True,0.5700644530540016,False,downtrend
2025-07-03,292.6499938964844,-0.009396890679494563,False,2025,regime_specific,per_regime_VotingClassifier,True,0.5731294732172378,False,downtrend
2025-07-04,292.6499938964844,-0.013839015470478055,False,2025,regime_specific,per_regime_VotingClassifier,True,0.5727279659454861,False,downtrend
2025-07-07,280.04998779296875,0.09159087852924563,True,2025,regime_specific,per_regime_VotingClassifier,True,0.5719307335626358,True,downtrend
2025-07-08,287.3999938964844,0.0494085334328358,True,2025,regime_specific,per_regime_VotingClassifier,True,0.5656389352470735,True,downtrend
2025-07-09,285.8500061035156,0.1004022427029787,True,2025,regime_specific,per_regime_VotingClassifier,True,0.5707652364759699,True,downtrend
2025-07-10,289.8999938964844,0.07795793921812044,True,2025,regime_specific,per_regime_VotingClassifier,True,0.5685696413165366,True,downtrend
2025-07-11,288.6000061035156,0.07033952655457498,True,2025,regime_specific,per_regime_VotingClassifier,True,0.5780082020431033,True,downtrend
2025-07-14,305.70001220703125,-0.027641517401407856,False,2025,regime_specific,per_regime_VotingClassifier,True,0.5176492431986931,False,high_volatility
2025-07-15,301.6000061035156,-0.01740716145144272,False,2025,regime_specific,per_regime_VotingClassifier,True,0.5155226147322753,False,high_volatility
2025-07-16,314.54998779296875,-0.041964654909289356,False,2025,regime_specific,per_regime_VotingClassifier,True,0.5241328891360899,False,high_volatility
2025-07-17,312.5,-0.024479980468749996,False,2025,regime_specific,per_regime_VotingClassifier,True,0.5323103937102792,False,high_volatility
2025-07-18,308.8999938964844,-0.03674330310061169,False,2025,regime_specific,per_regime_VotingClassifier,True,0.5301491814539533,False,high_volatility
2025-07-21,297.25,0.014970604565285983,True,2025,regime_specific,per_regime_VotingClassifier,True,0.5043441029988415,True,high_volatility
2025-07-22,296.3500061035156,0.0005061376527590866,True,2025,regime_specific,per_regime_VotingClassifier,True,0.5088134691122685,True,high_volatility
2025-07-23,301.3500061035156,-0.026381324194499456,False,2025,regime_specific,per_regime_VotingClassifier,True,0.5110181926545495,False,high_volatility
2025-07-24,304.8500061035156,-0.029686790649017802,False,2025,regime_specific,per_regime_VotingClassifier,True,0.5059273845792257,False,high_volatility
2025-07-25,297.54998779296875,-0.0448663287972515,False,2025,regime_specific,per_regime_VotingClassifier,True,0.5143971964826071,False,high_volatility
2025-07-28,301.70001220703125,-0.04358642320849082,False,2025,regime_specific,per_regime_VotingClassifier,True,0.5129292189260806,False,high_volatility
2025-07-29,296.5,0.007419939989987245,True,2025,regime_specific,per_regime_VotingClassifier,True,0.5136747373973618,True,high_volatility
2025-07-30,293.3999938964844,0.0,False,2025,regime_specific,per_regime_VotingClassifier,True,0.5185628468057992,False,high_volatility
2025-07-31,295.79998779296875,0.0067613254987684,True,2025,regime_specific,per_regime_VotingClassifier,False,0.4983235040381289,False,high_volatility
2025-08-01,284.20001220703125,0.08849399301982919,True,2025,regime_specific,per_regime_VotingClassifier,True,0.5049411740146837,True,high_volatility
2025-08-04,288.54998779296875,0.11141925411249631,True,2025,regime_specific,per_regime_VotingClassifier,True,0.5086564215195614,True,high_volatility
2025-08-05,298.70001220703125,0.05507191502239217,True,2025,regime_specific,per_regime_VotingClassifier,True,0.5128244702996037,True,high_crop_weather_stress
2025-08-06,293.3999938964844,0.08929793030696165,True,2025,regime_specific,per_regime_VotingClassifier,True,0.5195446683952895,True,high_crop_weather_stress
2025-08-07,297.79998779296875,0.09637344991089636,True,2025,regime_specific,per_regime_VotingClassifier,True,0.5113131862689368,True,high_crop_weather_stress
2025-08-08,309.3500061035156,0.10441243625565155,True,2025,regime_specific,per_regime_VotingClassifier,False,0.4999048942458699,False,high_crop_weather_stress
2025-08-11,320.70001220703125,0.07140627697170476,True,2025,regime_specific,per_regime_VotingClassifier,False,0.48724419240263117,False,high_crop_weather_stress
2025-08-12,315.1499938964844,0.13025549454406882,True,2025,regime_specific,per_regime_VotingClassifier,False,0.49026011169909695,False,high_crop_weather_stress
2025-08-13,319.6000061035156,0.12719021627089133,True,2025,regime_specific,per_regime_VotingClassifier,False,0.4969695482614498,False,high_crop_weather_stress
2025-08-14,326.5,0.14931087289433376,True,2025,regime_specific,per_regime_VotingClassifier,False,0.48973972356758233,False,high_crop_weather_stress
2025-08-15,341.6499938964844,0.14342163288563192,True,2025,regime_specific,per_regime_VotingClassifier,False,0.4686628797375776,False,high_crop_weather_stress
2025-08-18,343.6000061035156,0.13489524237537975,True,2025,regime_specific,per_regime_VotingClassifier,False,0.4856134346337731,False,high_crop_weather_stress
2025-08-19,356.20001220703125,0.07818634090823795,True,2025,regime_specific,per_regime_VotingClassifier,False,0.4806506412539875,False,high_crop_weather_stress
2025-08-20,360.25,0.0931297371074773,True,2025,regime_specific,per_regime_VotingClassifier,False,0.47554426260931987,False,high_crop_weather_stress
2025-08-21,375.25,0.033311125916055895,True,2025,regime_specific,per_regime_VotingClassifier,False,0.47414295361707964,False,high_crop_weather_stress
2025-08-22,390.6499938964844,0.015871015752976447,True,2025,regime_specific,per_regime_VotingClassifier,False,0.4636456476624929,False,high_crop_weather_stress
2025-08-25,389.9500122070313,-0.01987434224232154,False,2025,regime_specific,per_regime_VotingClassifier,False,0.45452711311869043,True,high_crop_weather_stress
2025-08-26,384.0499877929687,0.00312462503625488,True,2025,regime_specific,per_regime_VotingClassifier,False,0.45071597794890583,False,high_crop_weather_stress
2025-08-27,393.7999877929687,-0.02044181828974756,False,2025,regime_specific,per_regime_VotingClassifier,False,0.4532175001553649,True,high_crop_weather_stress
2025-08-28,387.75,-0.005544794059276326,False,2025,regime_specific,per_regime_VotingClassifier,False,0.45824532506580196,True,high_crop_weather_stress
2025-08-29,396.8500061035156,0.002393805404667937,True,2025,regime_specific,per_regime_VotingClassifier,False,0.46218767964253193,False,high_crop_weather_stress
2025-09-02,382.2000122070313,0.028257423987518182,True,2025,regime_specific,per_regime_VotingClassifier,False,0.4677941191270213,False,high_crop_weather_stress
2025-09-03,385.25,0.0408825438027256,True,2025,regime_specific,per_regime_VotingClassifier,False,0.46378402088870574,False,high_crop_weather_stress
2025-09-04,385.75,0.03707060996232969,True,2025,regime_specific,per_regime_VotingClassifier,False,0.45903197408722746,False,high_crop_weather_stress
2025-09-05,385.6000061035156,0.06496366026053435,True,2025,regime_specific,per_regime_VotingClassifier,False,0.46163261985476006,False,high_crop_weather_stress
2025-09-08,397.7999877929687,0.08685273848858976,True,2025,regime_specific,per_regime_VotingClassifier,False,0.4596803858119831,False,high_crop_weather_stress
2025-09-09,393.0,0.07442748091603058,True,2025,regime_specific,per_regime_VotingClassifier,False,0.4604980960765255,False,high_crop_weather_stress
2025-09-10,401.0,-0.031047411987609297,False,2025,regime_specific,per_regime_VotingClassifier,False,0.4464437614353143,True,high_crop_weather_stress
2025-09-11,400.0499877929687,-0.0354955183670741,False,2025,regime_specific,per_regime_VotingClassifier,False,0.44215054461228576,True,high_crop_weather_stress
2025-09-12,410.6499938964844,-0.10751246694919858,False,2025,regime_specific,per_regime_VotingClassifier,False,0.43092921714360644,True,high_crop_weather_stress
2025-09-15,432.3500061035156,-0.15034115666101633,False,2025,regime_specific,per_regime_VotingClassifier,False,0.4295717868106484,True,high_crop_weather_stress
2025-09-16,422.25,-0.17075193867025606,False,2025,regime_specific,per_regime_VotingClassifier,False,0.4265741337752731,True,high_crop_weather_stress
2025-09-17,388.5499877929687,-0.05353233418206038,False,2025,regime_specific,per_regime_VotingClassifier,False,0.4391394819317641,True,high_crop_weather_stress
2025-09-18,385.8500061035156,-0.03757936962714459,False,2025,regime_specific,per_regime_VotingClassifier,False,0.4572804408338041,True,high_crop_weather_stress
2025-09-19,366.5,0.03151429138599915,True,2025,regime_specific,per_regime_VotingClassifier,False,0.4638900857934103,False,high_crop_weather_stress
2025-09-22,367.3500061035156,0.01320268415117165,True,2025,regime_specific,per_regime_VotingClassifier,False,0.47544583683573177,False,high_crop_weather_stress
2025-09-23,350.1499938964844,0.07054123272192148,True,2025,regime_specific,per_regime_VotingClassifier,False,0.44526050692888325,False,high_crop_weather_stress
2025-09-24,367.75,0.04391568700607573,True,2025,regime_specific,per_regime_VotingClassifier,False,0.43837823448475177,False,high_crop_weather_stress
2025-09-25,371.3500061035156,0.018176921742444785,True,2025,regime_specific,per_regime_VotingClassifier,False,0.44864326122155346,False,high_crop_weather_stress
2025-09-26,378.0499877929687,0.03359347339533891,True,2025,regime_specific,per_regime_VotingClassifier,False,0.44367183108929203,False,high_crop_weather_stress
2025-09-29,372.2000122070313,0.024583540022547812,True,2025,regime_specific,per_regime_VotingClassifier,False,0.4631157164803301,False,high_crop_weather_stress
2025-09-30,374.8500061035156,0.0014672209790944635,True,2025,regime_specific,per_regime_VotingClassifier,False,0.45029764881408263,False,high_crop_weather_stress
2025-10-01,383.8999938964844,0.0031258458611875817,True,2025,regime_specific,per_regime_VotingClassifier,False,0.44602569315513296,False,high_crop_weather_stress
2025-10-02,378.1000061035156,-0.0022480986241584233,False,2025,regime_specific,per_regime_VotingClassifier,False,0.43766295656968474,True,high_crop_weather_stress
2025-10-03,390.75,-0.04529753603846787,False,2025,regime_specific,per_regime_VotingClassifier,False,0.43498544638801756,True,high_crop_weather_stress
2025-10-06,381.3500061035156,0.010095728443414886,True,2025,regime_specific,per_regime_VotingClassifier,False,0.42929884939487123,False,high_crop_weather_stress
2025-10-07,375.3999938964844,0.06459776343706292,True,2025,regime_specific,per_regime_VotingClassifier,False,0.42767082731280953,False,high_crop_weather_stress
2025-10-08,385.1000061035156,0.025447903499473012,True,2025,regime_specific,per_regime_VotingClassifier,False,0.4265741557321034,False,high_crop_weather_stress
2025-10-09,377.25,0.04387008029945316,True,2025,regime_specific,per_regime_VotingClassifier,False,0.42584414016113015,False,high_crop_weather_stress
2025-10-10,373.0499877929687,0.06540684951745357,True,2025,regime_specific,per_regime_VotingClassifier,False,0.4450413402657969,False,high_crop_weather_stress
2025-10-13,385.2000122070313,0.05412766076116138,True,2025,regime_specific,per_regime_VotingClassifier,False,0.4452485305301752,False,high_crop_weather_stress
2025-10-14,399.6499938964844,0.03478041813778843,True,2025,regime_specific,per_regime_VotingClassifier,True,0.6310246275881244,True,high_volatility
2025-10-15,394.8999938964844,0.06571287062069087,True,2025,regime_specific,per_regime_VotingClassifier,True,0.6389771705673569,True,high_volatility
2025-10-16,393.7999877929687,0.04151855411461147,True,2025,regime_specific,per_regime_VotingClassifier,True,0.6130054612197116,True,high_volatility
2025-10-17,397.4500122070313,0.013963989489268691,True,2025,regime_specific,per_regime_VotingClassifier,True,0.587386464562208,True,high_volatility
2025-10-20,406.0499877929687,-0.039280832825896894,False,2025,regime_specific,per_regime_VotingClassifier,False,0.47635689222311384,True,high_volatility
2025-10-21,413.5499877929687,-0.06202392613616814,False,2025,regime_specific,per_regime_VotingClassifier,False,0.4267563477925485,True,uptrend
2025-10-22,420.8500061035156,-0.0716407115580946,False,2025,regime_specific,per_regime_VotingClassifier,False,0.4151069340344446,True,uptrend
2025-10-23,410.1499938964844,-0.044252088666530964,False,2025,regime_specific,per_regime_VotingClassifier,False,0.41699807577636916,True,uptrend
2025-10-24,403.0,-0.027171246171293517,False,2025,regime_specific,per_regime_VotingClassifier,False,0.4188069819493411,True,uptrend
2025-10-27,390.1000061035156,0.042424987270000436,True,2025,regime_specific,per_regime_VotingClassifier,True,0.5590114132234668,True,normal
2025-10-28,387.8999938964844,0.04472803912481038,True,2025,regime_specific,per_regime_VotingClassifier,True,0.5666777355518637,True,normal
2025-10-29,390.7000122070313,0.05861272889940339,True,2025,regime_specific,per_regime_VotingClassifier,True,0.5801949288974941,True,normal
2025-10-30,392.0,0.01211734693877542,True,2025,regime_specific,per_regime_VotingClassifier,True,0.5740432413415394,True,normal
2025-10-31,392.0499877929687,0.04017344851523674,True,2025,regime_specific,per_regime_VotingClassifier,True,0.5855079441555728,True,normal
2025-11-03,406.6499938964844,0.019918864441388795,True,2025,regime_specific,per_regime_VotingClassifier,True,0.5093387550960886,True,uptrend
2025-11-04,405.25,0.04305986972740605,True,2025,regime_specific,per_regime_VotingClassifier,True,0.5066149577477951,True,uptrend
2025-11-05,413.6000061035156,-0.024057089120402386,False,2025,regime_specific,per_regime_VotingClassifier,False,0.4911167825947464,True,uptrend
2025-11-06,396.75,0.01247640127796168,True,2025,regime_specific,per_regime_VotingClassifier,True,0.6158545573108355,True,normal
2025-11-07,407.7999877929687,-0.019617460126216124,False,2025,regime_specific,per_regime_VotingClassifier,True,0.5045072875954066,False,uptrend
2025-11-10,414.75,-0.02941533986023226,False,2025,regime_specific,per_regime_VotingClassifier,False,0.49324462517311074,True,uptrend
2025-11-11,422.7000122070313,-0.017388232531954095,False,2025,regime_specific,per_regime_VotingClassifier,False,0.4702321812180058,True,uptrend
2025-11-12,403.6499938964844,0.00210579986713344,True,2025,regime_specific,per_regime_VotingClassifier,True,0.6290381633720393,True,normal
2025-11-13,401.7000122070313,0.011949185081166602,True,2025,regime_specific,per_regime_VotingClassifier,True,0.642819096447244,True,normal
2025-11-14,399.7999877929687,0.0005002806731821963,True,2025,regime_specific,per_regime_VotingClassifier,True,0.6281502859125317,True,normal
2025-11-17,402.5499877929687,0.012172461961625247,True,2025,regime_specific,per_regime_VotingClassifier,True,0.6267078276249041,True,normal
2025-11-18,415.3500061035156,-0.0027687345120628315,False,2025,regime_specific,per_regime_VotingClassifier,True,0.6272069462634642,False,normal
2025-11-19,404.5,0.017305315203955507,True,2025,regime_specific,per_regime_VotingClassifier,True,0.5654957196134867,True,high_volatility
2025-11-20,406.5,0.01599015990159902,True,2025,regime_specific,per_regime_VotingClassifier,True,0.6739615230424921,True,normal
2025-11-21,400.0,0.028750000000000053,True,2025,regime_specific,per_regime_VotingClassifier,True,0.6679120324831554,True,normal
2025-11-24,407.4500122070313,-0.004663208632074367,False,2025,regime_specific,per_regime_VotingClassifier,True,0.6687114330069162,False,normal
2025-11-25,414.2000122070313,-0.025229386525966624,False,2025,regime_specific,per_regime_VotingClassifier,True,0.6652431400707012,False,normal
2025-11-26,411.5,0.0010935898105257635,True,2025,regime_specific,per_regime_VotingClassifier,True,0.6709275693407117,True,normal
2025-11-28,413.0,-0.016343825665859568,False,2025,regime_specific,per_regime_VotingClassifier,True,0.6752495103862198,False,normal
2025-12-01,411.5,-0.03754559467079299,False,2025,regime_specific,per_regime_VotingClassifier,True,0.6723981622048218,False,normal
2025-12-02,405.5499877929687,-0.02798662539161878,False,2025,regime_specific,per_regime_VotingClassifier,True,0.6553076376589646,False,normal
2025-12-03,403.75,-0.007306531782120929,False,2025,regime_specific,per_regime_VotingClassifier,True,0.6608693013287069,False,normal
2025-12-04,411.9500122070313,-0.015778613441898237,False,2025,regime_specific,per_regime_VotingClassifier,True,0.6639229379338237,False,normal
2025-12-05,406.25,-0.022276893028846056,False,2025,regime_specific,per_regime_VotingClassifier,True,0.6580745957767903,False,normal
2025-12-08,396.0499877929687,-0.02108313557202346,False,2025,regime_specific,per_regime_VotingClassifier,True,0.6356779769794345,False,normal
2025-12-09,394.2000122070313,-0.03779813280735567,False,2025,regime_specific,per_regime_VotingClassifier,True,0.605189813884072,False,normal
2025-12-10,400.7999877929687,-0.12200597651151468,False,2025,regime_specific,per_regime_VotingClassifier,True,0.6002502563143965,False,normal
2025-12-11,405.4500122070313,-0.14798371733520332,False,2025,regime_specific,per_regime_VotingClassifier,True,0.6062608066154128,False,normal
2025-12-12,397.2000122070313,-0.14237164293205395,False,2025,regime_specific,per_regime_VotingClassifier,True,0.6029101906745292,False,normal
2025-12-15,387.7000122070313,-0.10407532843194456,False,2025,regime_specific,per_regime_VotingClassifier,True,0.6101801454409144,False,normal
2025-12-16,379.2999877929687,-0.08528862807028315,False,2025,regime_specific,per_regime_VotingClassifier,True,0.6004803383047046,False,normal
2025-12-17,351.8999938964844,-0.01918158601044362,False,2025,regime_specific,per_regime_VotingClassifier,False,0.4353316069471074,True,downtrend
2025-12-18,345.45001220703125,0.013894883842389572,True,2025,regime_specific,per_regime_VotingClassifier,False,0.45885558426760154,False,downtrend
2025-12-19,340.6499938964844,0.03375899077072808,True,2025,regime_specific,per_regime_VotingClassifier,False,0.4594907977614779,False,downtrend
2025-12-22,347.3500061035156,0.008204997994634589,True,2025,regime_specific,per_regime_VotingClassifier,False,0.4493095417618433,False,downtrend
2025-12-23,346.95001220703125,0.0051880320785078204,True,2025,regime_specific,per_regime_VotingClassifier,False,0.477659054286984,False,downtrend
2025-12-24,345.1499938964844,0.03520206898838407,True,2025,regime_specific,per_regime_VotingClassifier,False,0.4912206932546391,False,downtrend
2025-12-26,350.25,0.02598145925343509,True,2025,regime_specific,per_regime_VotingClassifier,True,0.5109202582027962,True,downtrend
2025-12-29,352.1499938964844,0.06162150385670606,True,2025,regime_specific,per_regime_VotingClassifier,True,0.5125398278769919,True,downtrend
2025-12-30,350.20001220703125,0.07210165368318933,True,2025,regime_specific,per_regime_VotingClassifier,True,0.5165632246527178,True,downtrend
2025-12-31,348.75,0.06767026839717749,True,2025,regime_specific,per_regime_VotingClassifier,True,0.5225410041244352,True,downtrend
2026-01-02,357.29998779296875,0.0009795861054393562,True,2026,global,extra_trees_fast,True,0.5554142198333714,True,downtrend
2026-01-05,359.3500061035156,-0.0091832983289174,False,2026,global,extra_trees_fast,True,0.5428176963945249,False,downtrend
2026-01-06,373.8500061035156,-0.03637824229364839,False,2026,global,extra_trees_fast,True,0.5391288022883889,False,high_volatility
2026-01-07,375.4500122070313,-0.05180453209389202,False,2026,global,extra_trees_fast,True,0.5370629759833688,False,normal
2026-01-08,372.3500061035156,-0.038270443846960545,False,2026,global,extra_trees_fast,True,0.5401401280481873,False,normal
2026-01-09,357.6499938964844,-0.0065706868268416985,False,2026,global,extra_trees_fast,True,0.5370479180416903,False,high_volatility
2026-01-12,356.04998779296875,-0.026822042186171235,False,2026,global,extra_trees_fast,True,0.5327819077176008,False,high_volatility
2026-01-13,360.25,-0.03539208882720335,False,2026,global,extra_trees_fast,True,0.5316223788816236,False,high_volatility
2026-01-14,356.0,-0.0233145724521594,False,2026,global,extra_trees_fast,True,0.5328741745791952,False,high_volatility
2026-01-15,358.1000061035156,-0.020106149355803016,False,2026,global,extra_trees_fast,True,0.5225869488243943,False,downtrend
2026-01-16,355.29998779296875,0.0026738312402780906,True,2026,global,extra_trees_fast,True,0.5173707277750261,True,downtrend
2026-01-20,346.5,0.059884559884559874,True,2026,global,extra_trees_fast,True,0.5045767111958106,True,downtrend
2026-01-21,347.5,0.010071942446043147,True,2026,global,extra_trees_fast,False,0.49330250566288664,False,downtrend
2026-01-22,347.70001220703125,-0.006327328529747933,False,2026,global,extra_trees_fast,False,0.49380143237939966,True,downtrend
2026-01-23,350.8999938964844,-0.05314902884263406,False,2026,global,extra_trees_fast,False,0.49674304132253705,True,downtrend
2026-01-26,356.25,-0.06456140350877193,False,2026,global,extra_trees_fast,False,0.4976148539039717,True,downtrend
2026-01-27,367.25,-0.1365554632988002,False,2026,global,extra_trees_fast,True,0.502855200197635,False,normal
2026-01-28,351.0,-0.12065528804420411,False,2026,global,extra_trees_fast,False,0.49787900683478487,True,downtrend
2026-01-29,345.5,-0.10738062548050831,False,2026,global,extra_trees_fast,True,0.5052327213486112,False,downtrend
2026-01-30,332.25,-0.10744924667278033,False,2026,global,extra_trees_fast,True,0.5058451800999396,False,downtrend
2026-02-02,333.25,-0.10022503794894033,False,2026,global,extra_trees_fast,False,0.49026447977441295,True,downtrend
2026-02-03,317.1000061035156,-0.07221694561875469,False,2026,global,extra_trees_fast,True,0.5023154733288352,False,high_volatility
2026-02-04,308.6499938964844,-0.04487285396856566,False,2026,global,extra_trees_fast,False,0.49940119346828543,True,downtrend
2026-02-05,308.3999938964844,-0.02837224440068231,False,2026,global,extra_trees_fast,True,0.5013548399604941,False,downtrend
2026-02-06,296.54998779296875,0.011802394685793915,True,2026,global,extra_trees_fast,True,0.5010160409267771,True,downtrend
2026-02-09,299.8500061035156,-0.050858761679448916,False,2026,global,extra_trees_fast,True,0.5237253428016975,False,downtrend
2026-02-10,294.20001220703125,-0.022603753018823225,False,2026,global,extra_trees_fast,True,0.5146730748765517,False,downtrend
2026-02-11,294.79998779296875,-0.02510174424322309,False,2026,global,extra_trees_fast,True,0.5105194993069839,False,downtrend
2026-02-12,299.6499938964844,-0.037877544918077155,False,2026,global,extra_trees_fast,True,0.5161169092829152,False,downtrend
2026-02-13,300.04998779296875,-0.06298948397066817,False,2026,global,extra_trees_fast,True,0.5279123688870353,False,downtrend
2026-02-17,284.6000061035156,0.012824995847529275,True,2026,global,extra_trees_fast,True,0.5101573900716313,True,high_volatility
2026-02-18,287.54998779296875,0.0026082421555864155,True,2026,global,extra_trees_fast,True,0.5015411730779774,True,high_volatility
2026-02-19,287.3999938964844,-0.004871238434989711,False,2026,global,extra_trees_fast,True,0.5015519830599708,False,high_volatility
2026-02-20,288.29998779296875,-0.012833790655968125,False,2026,global,extra_trees_fast,False,0.4936792640293949,True,high_volatility
2026-02-23,281.1499938964844,0.025609149433886147,True,2026,global,extra_trees_fast,False,0.4956515931020926,False,high_volatility
2026-02-24,288.25,-0.004509931632155295,False,2026,global,extra_trees_fast,True,0.5057882138422874,False,high_volatility
2026-02-25,288.29998779296875,0.00832474684593465,True,2026,global,extra_trees_fast,True,0.5023731213691779,True,downtrend
2026-02-26,286.0,0.02447552447552437,True,2026,global,extra_trees_fast,True,0.5163478986364743,True,downtrend
2026-02-27,284.6000061035156,0.045678143784970926,True,2026,global,extra_trees_fast,True,0.5178164615869169,True,downtrend
2026-03-02,288.3500061035156,0.046471280086166855,True,2026,global,extra_trees_fast,True,0.5164130497889317,True,downtrend
2026-03-03,286.95001220703125,0.04739492945595436,True,2026,global,extra_trees_fast,True,0.509903461964114,True,downtrend
2026-03-04,290.70001220703125,0.0044719220446503005,True,2026,global,extra_trees_fast,True,0.5085710990136917,True,downtrend
2026-03-05,293.0,0.011945392491467643,True,2026,global,extra_trees_fast,True,0.5084243373944444,True,downtrend
2026-03-06,297.6000061035156,-0.02436155864015066,False,2026,global,extra_trees_fast,True,0.5054800601977102,False,downtrend
2026-03-09,301.75,-0.013256006628003303,False,2026,global,extra_trees_fast,True,0.5002407767788101,False,downtrend
2026-03-10,300.54998779296875,0.004990850310841566,True,2026,global,extra_trees_fast,False,0.49159601181245344,False,downtrend
2026-03-11,292.0,0.02636990481860013,True,2026,global,extra_trees_fast,False,0.49362558459891076,False,downtrend
2026-03-12,296.5,0.0327150496021289,True,2026,global,extra_trees_fast,False,0.4958720260096985,False,downtrend
2026-03-13,290.3500061035156,0.06681588940476169,True,2026,global,extra_trees_fast,False,0.4924218734313815,False,downtrend
2026-03-16,297.75,0.031066330814441656,True,2026,global,extra_trees_fast,False,0.4884675104828344,False,downtrend
2026-03-17,302.04998779296875,0.05230928306269789,True,2026,global,extra_trees_fast,False,0.4843390938432519,False,downtrend
2026-03-18,299.70001220703125,0.05472136546045703,True,2026,global,extra_trees_fast,False,0.4888994816313272,False,downtrend
2026-03-19,306.20001220703125,0.004735407026936089,True,2026,global,extra_trees_fast,False,0.4928784592107667,False,normal
2026-03-20,309.75,-0.02598866115566989,False,2026,global,extra_trees_fast,True,0.5036838834237695,False,normal
2026-03-23,307.0,-0.047068443671111515,False,2026,global,extra_trees_fast,True,0.5042670652386767,False,normal
2026-03-24,317.8500061035156,-0.06134969207346608,False,2026,global,extra_trees_fast,False,0.49352997837727236,True,normal
2026-03-25,316.1000061035156,-0.057893128621307355,False,2026,global,extra_trees_fast,False,0.487291388489382,True,normal
2026-03-26,307.6499938964844,-0.03981797576151358,False,2026,global,extra_trees_fast,False,0.4949401599447978,True,normal
2026-03-27,301.70001220703125,-0.012098191138148806,False,2026,global,extra_trees_fast,False,0.489644889154532,True,downtrend
2026-03-30,292.54998779296875,-0.022047451576096555,False,2026,global,extra_trees_fast,False,0.48819138600215867,True,downtrend
2026-03-31,298.3500061035156,-0.014412663725754893,False,2026,global,extra_trees_fast,False,0.4824293843619462,True,downtrend
2026-04-01,297.79998779296875,-0.013767547864333096,False,2026,global,extra_trees_fast,False,0.4876155903969915,True,downtrend
2026-04-02,295.3999938964844,0.015910671307184376,True,2026,global,extra_trees_fast,False,0.49569854516590056,False,downtrend
2026-04-06,298.04998779296875,0.009394458732512323,True,2026,global,extra_trees_fast,False,0.4903436316172381,False,downtrend
2026-04-07,286.1000061035156,0.05784686277490225,True,2026,global,extra_trees_fast,False,0.49789294947989776,False,downtrend
2026-04-08,294.04998779296875,0.03468802118846792,True,2026,global,extra_trees_fast,False,0.49735687878456497,False,downtrend
2026-04-09,293.70001220703125,0.009363295490983914,True,2026,global,extra_trees_fast,False,0.4876456272768256,False,downtrend
2026-04-10,300.1000061035156,-0.03598806428154999,False,2026,global,extra_trees_fast,False,0.48916960385972097,True,normal
2026-04-13,300.8500061035156,-0.02875184883163373,False,2026,global,extra_trees_fast,False,0.4880085020399191,True,normal
2026-04-14,302.6499938964844,-0.04510158325380009,False,2026,global,extra_trees_fast,False,0.48788539273370374,True,normal
2026-04-15,304.25,-0.0060805459441762855,False,2026,global,extra_trees_fast,False,0.47988830086972867,True,normal
2026-04-16,296.45001220703125,0.06712765416446276,True,2026,global,extra_trees_fast,False,0.48793306273014103,False,normal
2026-04-17,289.29998779296875,0.07086070122709565,True,2026,global,extra_trees_fast,False,0.4881759338881212,False,high_crop_weather_stress
2026-04-20,292.20001220703125,0.040725507869085575,True,2026,global,extra_trees_fast,False,0.47833185888735624,False,high_crop_weather_stress
2026-04-21,289.0,0.060207591337316124,True,2026,global,extra_trees_fast,False,0.4815493254016967,False,high_crop_weather_stress
2026-04-22,302.3999938964844,0.009424623548409228,True,2026,global,extra_trees_fast,False,0.4766322296330473,False,high_crop_weather_stress
2026-04-23,316.3500061035156,-0.04883834964104827,False,2026,global,extra_trees_fast,False,0.4793230454716893,True,high_crop_weather_stress
2026-04-24,309.79998779296875,-0.02517749548196002,False,2026,global,extra_trees_fast,False,0.4682571669874136,True,high_crop_weather_stress
2026-04-27,304.1000061035156,-0.006247924558862472,False,2026,global,extra_trees_fast,False,0.465532573025743,True,high_crop_weather_stress
2026-04-28,306.3999938964844,-0.0017949993600671066,False,2026,global,extra_trees_fast,False,0.4596501859446028,True,high_crop_weather_stress
2026-04-29,305.25,-0.019000779010544644,False,2026,global,extra_trees_fast,False,0.4606571430112262,True,high_crop_weather_stress
2026-04-30,300.8999938964844,-0.03273514889769069,False,2026,global,extra_trees_fast,False,0.46188514248034035,True,high_crop_weather_stress
2026-05-01,302.0,-0.04072843640055879,False,2026,global,extra_trees_fast,False,0.4576045585631192,True,high_crop_weather_stress
2026-05-04,302.20001220703125,-0.011912660351083404,False,2026,global,extra_trees_fast,False,0.44742002446394186,True,high_crop_weather_stress
2026-05-05,305.8500061035156,-0.03612888046439,False,2026,global,extra_trees_fast,False,0.43683135513038895,True,high_crop_weather_stress
2026-05-06,299.45001220703125,-0.0106862984691376,False,2026,global,extra_trees_fast,False,0.45112395188232707,True,high_crop_weather_stress
2026-05-07,291.04998779296875,0.011681925980635999,True,2026,global,extra_trees_fast,False,0.45242273954375,False,high_crop_weather_stress
2026-05-08,289.70001220703125,-0.01760443869043038,False,2026,global,extra_trees_fast,False,0.4557969040099019,True,high_crop_weather_stress
2026-05-11,298.6000061035156,-0.07501672283529348,False,2026,global,extra_trees_fast,False,0.46471881978526514,True,high_crop_weather_stress
2026-05-12,294.79998779296875,-0.08361599361325445,False,2026,global,extra_trees_fast,False,0.46593042603053464,True,high_crop_weather_stress
2026-05-13,296.25,-0.09434603276635023,False,2026,global,extra_trees_fast,False,0.4735576092739768,True,high_crop_weather_stress
2026-05-14,294.45001220703125,-0.07148927640643588,False,2026,global,extra_trees_fast,False,0.4747815524138579,True,high_crop_weather_stress
2026-05-15,284.6000061035156,-0.04304286625891496,False,2026,global,extra_trees_fast,False,0.4738536283088386,True,high_crop_weather_stress
2026-05-18,276.20001220703125,-0.007965286422153328,False,2026,global,extra_trees_fast,False,0.4883900625056786,True,high_crop_weather_stress
2026-05-19,270.1499938964844,-0.0011104490088705843,False,2026,global,extra_trees_fast,False,0.4837230118964018,True,high_crop_weather_stress
2026-05-20,268.29998779296875,0.022176714415740095,True,2026,global,extra_trees_fast,False,0.4869175087677798,False,high_crop_weather_stress
2026-05-21,273.3999938964844,-0.028529582908191298,False,2026,global,extra_trees_fast,False,0.4838510067676654,True,high_crop_weather_stress
2026-05-22,272.3500061035156,-0.04314301353653738,False,2026,global,extra_trees_fast,False,0.47987669683004375,True,high_crop_weather_stress
2026-05-26,274.0,-0.054014553988937064,False,2026,global,extra_trees_fast,False,0.47976191270967133,True,high_crop_weather_stress
2026-05-27,269.8500061035156,-0.06207151981154546,False,2026,global,extra_trees_fast,False,0.48670295494006666,True,high_crop_weather_stress
2026-05-28,274.25,-0.09881497211856194,False,2026,global,extra_trees_fast,False,0.4811371962146459,True,high_crop_weather_stress
2026-05-29,265.6000061035156,-0.07191267192995299,False,2026,global,extra_trees_fast,False,0.4788414084045625,True,high_crop_weather_stress
2026-06-01,260.6000061035156,-0.0564083340857332,False,2026,global,extra_trees_fast,False,0.47672893001710026,True,high_crop_weather_stress
2026-06-02,259.20001220703125,-0.057098833385569425,False,2026,global,extra_trees_fast,False,0.4713797899346386,True,high_crop_weather_stress
2026-06-03,253.1000061035156,-0.018569783064757983,False,2026,global,extra_trees_fast,False,0.47368353752037584,True,high_crop_weather_stress
2026-06-04,247.1499938964844,0.02751366870195393,True,2026,global,extra_trees_fast,False,0.4745818696865581,False,high_crop_weather_stress
2026-06-05,246.5,0.0434077574321754,True,2026,global,extra_trees_fast,False,0.4762458116763358,False,high_crop_weather_stress
2026-06-08,245.8999938964844,0.06933720509860741,True,2026,global,extra_trees_fast,False,0.48608341678447603,False,high_crop_weather_stress
2026-06-09,244.3999938964844,0.134410830294166,True,2026,global,extra_trees_fast,False,0.47812881041060873,False,high_crop_weather_stress
2026-06-10,248.3999938964844,0.11855882822325636,True,2026,global,extra_trees_fast,False,0.4741400254791677,False,high_crop_weather_stress
2026-06-11,253.9499969482422,0.0832841480978006,True,2026,global,extra_trees_fast,False,0.4704356651006465,False,high_crop_weather_stress
2026-06-12,257.20001220703125,0.07698284157557067,True,2026,global,extra_trees_fast,False,0.47582128455933165,False,downtrend
2026-06-15,262.95001220703125,0.0950751049226668,True,2026,global,extra_trees_fast,False,0.46101942365944276,False,downtrend
2026-06-16,277.25,0.05157795416760602,True,2026,global,extra_trees_fast,False,0.4584895968889772,False,normal
2026-06-17,277.8500061035156,0.0394096866975544,True,2026,global,extra_trees_fast,False,0.4507835920851054,False,normal
2026-06-18,275.1000061035156,0.04234821387863108,True,2026,global,extra_trees_fast,False,0.45153575335265683,False,normal
2026-06-22,277.0,0.050902549110164674,True,2026,global,extra_trees_fast,False,0.44956600539201635,False,normal
2026-06-23,287.95001220703125,0.08074318115771995,True,2026,global,extra_trees_fast,False,0.43969782577579475,False,normal
2026-06-24,291.54998779296875,0.11233065124755193,True,2026,global,extra_trees_fast,False,0.44415783888661814,False,normal
2026-06-25,288.79998779296875,0.09297093919118682,True,2026,global,extra_trees_fast,False,0.44806191797910094,False,normal
2026-06-26,286.75,0.2692241053427422,True,2026,global,extra_trees_fast,False,0.4480988552070771,False,normal
2026-06-29,291.1000061035156,0.13912744469540872,True,2026,global,extra_trees_fast,False,0.4499054878309464,False,normal
2026-06-30,311.20001220703125,0.041934406430186755,True,2026,global,extra_trees_fast,False,0.45238668431219603,False,high_volatility
2026-07-01,324.29998779296875,0.10067846328414332,True,2026,global,extra_trees_fast,False,0.45473300090548324,False,high_volatility
2026-07-02,315.6499938964844,0.08664662326109496,True,2026,global,extra_trees_fast,False,0.45484535961126077,False,high_volatility
2026-07-06,363.9500122070313,-0.06195910854295961,False,2026,global,extra_trees_fast,False,0.4512297686274828,True,high_volatility
2026-07-07,331.6000061035156,0.016887834741979635,True,2026,global,extra_trees_fast,False,0.455077885178916,False,high_volatility
2026-07-08,324.25,0.03145724659069016,True,2026,global,extra_trees_fast,False,0.45804962233771723,False,high_volatility
2026-07-09,356.95001220703125,-0.0998739969040412,False,2026,global,extra_trees_fast,False,0.4525407217879532,True,high_volatility
2026-07-10,343.0,-0.042419789483873926,False,2026,global,extra_trees_fast,False,0.45199143668092734,True,high_volatility
2026-07-13,341.3999938964844,-0.020503808216594366,False,2026,global,extra_trees_fast,False,0.452855087387029,True,high_volatility
2026-07-14,337.20001220703125,-0.015569394454163499,False,2026,global,extra_trees_fast,False,0.4474982669454523,True,high_volatility
2026-07-15,334.45001220703125,-0.05322176008631241,False,2026,global,extra_trees_fast,False,0.4419936622677045,True,high_volatility
2026-07-16,321.29998779296875,-0.03703701944785687,False,2026,global,extra_trees_fast,False,0.4464944522043193,True,high_volatility
2026-07-17,328.45001220703125,-0.04460351307531141,False,2026,global,extra_trees_fast,False,0.4384763066351913,True,high_volatility
2026-07-20,334.3999938964844,-0.029455760416564947,False,2026,global,extra_trees_fast,False,0.4471278643764023,True,high_volatility
2026-07-21,331.95001220703125,0.02244308304108955,True,2026,global,extra_trees_fast,False,0.4530676707738079,False,high_volatility
2026-07-22,316.6499938964844,0.028896238979482236,True,2026,global,extra_trees_fast,False,0.4626981864559259,False,high_volatility
2026-07-23,309.3999938964844,0.04411762820218823,True,2026,global,extra_trees_fast,False,0.4704127879295888,False,high_volatility
2026-07-24,313.79998779296875,0.05831746023718898,True,2026,global,extra_trees_fast,False,0.4792485681277089,False,high_volatility
2026-07-27,324.54998779296875,-0.015559969135448437,False,2026,global,extra_trees_fast,False,0.47129674849121383,True,high_volatility
2026-07-28,339.3999938964844,-0.045079516995027324,False,2026,global,extra_trees_fast,False,0.4660016992963853,True,high_volatility
2026-07-29,325.79998779296875,0.003376323341714338,True,2026,global,extra_trees_fast,False,0.4791790912725063,False,high_volatility
2026-07-30,323.04998779296875,-0.004333675744886856,False,2026,global,extra_trees_fast,False,0.4831001390524397,True,high_volatility
2026-07-31,332.1000061035156,0.010388381891139664,True,2026,global,extra_trees_fast,False,0.4917916405897426,False,high_volatility
2026-08-03,319.5,0.04006255960240601,True,2026,global,extra_trees_fast,False,0.4847861205391058,False,high_volatility
2026-08-04,324.1000061035156,0.03594567626377465,True,2026,global,extra_trees_fast,True,0.5027574533824649,True,high_volatility
2026-08-05,326.8999938964844,0.04037935898894851,True,2026,global,extra_trees_fast,True,0.503494064931599,True,high_volatility
2026-08-06,321.6499938964844,0.03559773798943766,True,2026,global,extra_trees_fast,True,0.5029432098182519,True,high_crop_weather_stress
2026-08-07,335.54998779296875,0.0075995184125001725,True,2026,global,extra_trees_fast,True,0.5125209027961818,True,high_crop_weather_stress
2026-08-10,332.29998779296875,0.038519466689001636,True,2026,global,extra_trees_fast,True,0.5224894436704061,True,high_crop_weather_stress
2026-08-11,335.75,0.08235292299771957,True,2026,global,extra_trees_fast,True,0.5243139150805879,True,high_crop_weather_stress
2026-08-12,340.1000061035156,0.05704202748699627,True,2026,global,extra_trees_fast,True,0.5183099968799435,True,high_crop_weather_stress
2026-08-13,333.1000061035156,0.09156409318864345,True,2026,global,extra_trees_fast,True,0.5217805505227294,True,high_crop_weather_stress
2026-08-14,338.1000061035156,0.06107658539988914,True,2026,global,extra_trees_fast,True,0.5210594737669927,True,high_crop_weather_stress
2026-08-17,345.1000061035156,0.09461023853674089,True,2026,global,extra_trees_fast,True,0.5131302441746226,True,high_crop_weather_stress
2026-08-18,363.3999938964844,0.02201430967078899,True,2026,global,extra_trees_fast,True,0.5053472963477118,True,high_crop_weather_stress
2026-08-19,359.5,-0.005285101241959356,False,2026,global,extra_trees_fast,False,0.4983254519702442,True,high_crop_weather_stress
2026-08-20,363.6000061035156,-0.0596810006676769,False,2026,global,extra_trees_fast,False,0.48990004530881964,True,high_crop_weather_stress
2026-08-21,358.75,-0.035958171140026085,False,2026,global,extra_trees_fast,False,0.49294660121053996,True,high_crop_weather_stress
2026-08-24,377.75,-0.08960954627006124,False,2026,global,extra_trees_fast,False,0.49592587800982585,True,high_crop_weather_stress
2026-08-25,371.3999938964844,-0.07848679153346727,False,2026,global,extra_trees_fast,True,0.5109540101654954,False,high_crop_weather_stress
2026-08-26,357.6000061035156,-0.08165551372663749,False,2026,global,extra_trees_fast,True,0.5066264679860899,False,high_crop_weather_stress
2026-08-27,341.8999938964844,-0.05133076369191836,False,2026,global,extra_trees_fast,True,0.5182772551171759,False,high_crop_weather_stress
2026-08-28,345.8500061035156,-0.06245483800006235,False,2026,global,extra_trees_fast,True,0.5210897268381562,False,high_crop_weather_stress
2026-08-31,343.8999938964844,-0.07400401902046472,False,2026,global,extra_trees_fast,True,0.5175335782930242,False,high_crop_weather_stress
2026-09-01,342.25,-0.06734839384359026,False,2026,global,extra_trees_fast,True,0.524643410662087,False,high_crop_weather_stress
