model,task,group,rows,accuracy,balanced_accuracy,macro_f1,up_precision,up_recall,up_f1,down_precision,down_recall,down_f1,tp,tn,fp,fn,support_up,support_down,predicted_up,predicted_down,threshold,pr_auc_up,pr_auc_down,roc_auc,brier,log_loss,excluded_neutral_rows,score_type,offset
class__basic__linear,class,basic,61,0.5737704918032787,0.5808189655172413,0.568082788671024,0.6363636363636364,0.4375,0.5185185185185185,0.5384615384615384,0.7241379310344828,0.6176470588235294,14,21,8,18,32,29,22,39,0.6000000000000002,0.6903447103324052,0.6231044588266376,0.6239224137931034,0.278738929880863,0.8031759464817675,0,probability_up,0
class__basic__xgb,class,basic,61,0.6065573770491803,0.5926724137931034,0.5642857142857143,0.5833333333333334,0.875,0.7,0.6923076923076923,0.3103448275862069,0.42857142857142855,28,9,20,4,32,29,48,13,0.4,0.5883448627859438,0.6487592488209855,0.6012931034482758,0.2429599674050022,0.6784385348931322,0,probability_up,0
class__basic__forest,class,basic,61,0.5573770491803278,0.5393318965517242,0.47631160572337045,0.5471698113207547,0.90625,0.6823529411764706,0.625,0.1724137931034483,0.2702702702702703,29,5,24,3,32,29,53,8,0.4,0.5626352334558066,0.6014362661450791,0.5786637931034483,0.24582437253250589,0.6847102120496141,0,probability_up,0
class__basic__equal_ensemble,class,basic,61,0.5901639344262295,0.5948275862068966,0.5883940620782726,0.64,0.5,0.5614035087719298,0.5555555555555556,0.6896551724137931,0.6153846153846154,16,20,9,16,32,29,25,36,0.5250000000000001,0.6423581202184347,0.6582700131186416,0.6206896551724138,0.24027717634364953,0.6726767878508921,0,probability_up,0
class__direction_core__linear,class,direction_core,61,0.6065573770491803,0.6169181034482758,0.5933333333333333,0.7222222222222222,0.40625,0.52,0.5581395348837209,0.8275862068965517,0.6666666666666666,13,24,5,19,32,29,18,43,0.6500000000000002,0.6990721341490552,0.616000577041356,0.6239224137931034,0.28307003253698737,0.823250731213461,0,probability_up,0
class__direction_core__xgb,class,direction_core,61,0.6065573770491803,0.5894396551724138,0.5413533834586466,0.5769230769230769,0.9375,0.7142857142857143,0.7777777777777778,0.2413793103448276,0.3684210526315789,30,7,22,2,32,29,52,9,0.4,0.5830323753321578,0.6413535905981909,0.59375,0.2435704826654636,0.679887814480326,0,probability_up,0
class__direction_core__forest,class,direction_core,61,0.5901639344262295,0.5883620689655172,0.5883940620782726,0.6060606060606061,0.625,0.6153846153846154,0.5714285714285714,0.5517241379310345,0.5614035087719298,20,16,13,12,32,29,33,28,0.4750000000000001,0.5415624900129848,0.607560061787304,0.5603448275862069,0.24596963004080988,0.6850157026594721,0,probability_up,0
class__direction_core__equal_ensemble,class,direction_core,61,0.5573770491803278,0.5668103448275862,0.5451532725766363,0.631578947368421,0.375,0.47058823529411764,0.5238095238095238,0.7586206896551724,0.6197183098591549,12,22,7,20,32,29,19,42,0.5250000000000001,0.6127896312492472,0.64369914646292,0.6174568965517242,0.24226876260981298,0.6773158783968054,0,probability_up,0
class__engineered_direction__linear,class,engineered_direction,61,0.5573770491803278,0.5635775862068966,0.5530529172320217,0.6086956521739131,0.4375,0.509090909090909,0.5263157894736842,0.6896551724137931,0.5970149253731343,14,20,9,18,32,29,23,38,0.42500000000000004,0.6367733310573652,0.6160418316381941,0.634698275862069,0.2824783393452611,0.840720040991499,0,probability_up,0
class__engineered_direction__xgb,class,engineered_direction,61,0.6065573770491803,0.5910560344827587,0.5536585365853659,0.58,0.90625,0.7073170731707317,0.7272727272727273,0.27586206896551724,0.4,29,8,21,3,32,29,50,11,0.4,0.5793869122958563,0.6446567600927061,0.5894396551724138,0.24241505561419543,0.6774189665204873,0,probability_up,0
class__engineered_direction__forest,class,engineered_direction,61,0.6065573770491803,0.5942887931034483,0.5734265734265734,0.5869565217391305,0.84375,0.6923076923076923,0.6666666666666666,0.3448275862068966,0.45454545454545453,27,10,19,5,32,29,46,15,0.42500000000000004,0.5462351386359459,0.6649350197831138,0.5894396551724138,0.24623927461898418,0.6866151991013824,0,probability_up,0
class__engineered_direction__equal_ensemble,class,engineered_direction,61,0.639344262295082,0.6287715517241379,0.6161327231121281,0.6136363636363636,0.84375,0.7105263157894737,0.7058823529411765,0.41379310344827586,0.5217391304347826,27,12,17,5,32,29,44,17,0.4,0.587324576014387,0.6927014180516591,0.6422413793103449,0.24035509349022685,0.6743967113984765,0,probability_up,0
reg__basic__linear,reg,basic,61,0.5245901639344263,0.5258620689655172,0.5245901639344263,0.5517241379310345,0.5,0.5245901639344263,0.5,0.5517241379310345,0.5245901639344263,16,16,13,16,32,29,29,32,0.5,0.6899710251495459,0.6284138604233622,0.625,,,0,uncalibrated_return_rank_score,0
reg__basic__xgb,reg,basic,61,0.5737704918032787,0.5662715517241379,0.5594444444444444,0.575,0.71875,0.6388888888888888,0.5714285714285714,0.41379310344827586,0.48,23,12,17,9,32,29,40,21,0.5,0.5669269882323369,0.623700872822884,0.5754310344827587,,,0,uncalibrated_return_rank_score,0
reg__basic__forest,reg,basic,61,0.5901639344262295,0.5867456896551724,0.5861601085481682,0.6,0.65625,0.6268656716417911,0.5769230769230769,0.5172413793103449,0.5454545454545454,21,15,14,11,32,29,35,26,0.5,0.6146996959762071,0.6060962133741307,0.6239224137931034,,,0,uncalibrated_return_rank_score,0
reg__basic__equal_ensemble,reg,basic,61,0.5737704918032787,0.5743534482758621,0.5736559139784947,0.6,0.5625,0.5806451612903226,0.5483870967741935,0.5862068965517241,0.5666666666666667,18,17,12,14,32,29,30,31,0.5,0.619933661130152,0.6370811537641778,0.6099137931034482,,,0,uncalibrated_return_rank_score,0
reg__direction_core__linear,reg,direction_core,61,0.5245901639344263,0.5274784482758621,0.524078557976863,0.5555555555555556,0.46875,0.5084745762711864,0.5,0.5862068965517241,0.5396825396825397,15,17,12,17,32,29,27,34,0.5,0.6522322390511311,0.6289995285688084,0.6120689655172413,,,0,uncalibrated_return_rank_score,0
reg__direction_core__xgb,reg,direction_core,61,0.5245901639344263,0.5177801724137931,0.5114609223971278,0.5384615384615384,0.65625,0.5915492957746479,0.5,0.3793103448275862,0.43137254901960786,21,11,18,11,32,29,39,22,0.5,0.5532287803375249,0.6244119648733871,0.572198275862069,,,0,uncalibrated_return_rank_score,0
reg__direction_core__forest,reg,direction_core,61,0.5737704918032787,0.5678879310344828,0.5642857142857143,0.5789473684210527,0.6875,0.6285714285714286,0.5652173913043478,0.4482758620689655,0.5,22,13,16,10,32,29,38,23,0.5,0.6020752098364672,0.6153697712839473,0.6142241379310345,,,0,uncalibrated_return_rank_score,0
reg__direction_core__equal_ensemble,reg,direction_core,61,0.5409836065573771,0.5398706896551724,0.5398706896551724,0.5625,0.5625,0.5625,0.5172413793103449,0.5172413793103449,0.5172413793103449,18,15,14,14,32,29,32,29,0.5,0.6172995987078301,0.6398958707256563,0.6056034482758621,,,0,uncalibrated_return_rank_score,0
reg__engineered_direction__linear,reg,engineered_direction,61,0.5245901639344263,0.5274784482758621,0.524078557976863,0.5555555555555556,0.46875,0.5084745762711864,0.5,0.5862068965517241,0.5396825396825397,15,17,12,17,32,29,27,34,0.5,0.6502057352599364,0.6366429863310574,0.6206896551724138,,,0,uncalibrated_return_rank_score,0
reg__engineered_direction__xgb,reg,engineered_direction,61,0.6229508196721312,0.6163793103448276,0.6125379729356532,0.6153846153846154,0.75,0.676056338028169,0.6363636363636364,0.4827586206896552,0.5490196078431373,24,14,15,8,32,29,39,22,0.5,0.6276788872956702,0.6559349040841114,0.6487068965517241,,,0,uncalibrated_return_rank_score,0
reg__engineered_direction__forest,reg,engineered_direction,61,0.5409836065573771,0.5334051724137931,0.5255555555555556,0.55,0.6875,0.6111111111111112,0.5238095238095238,0.3793103448275862,0.44,22,11,18,10,32,29,40,21,0.5,0.5990352675042662,0.5916026921623119,0.584051724137931,,,0,uncalibrated_return_rank_score,0
reg__engineered_direction__equal_ensemble,reg,engineered_direction,61,0.5573770491803278,0.5571120689655172,0.5569007263922519,0.5806451612903226,0.5625,0.5714285714285714,0.5333333333333333,0.5517241379310345,0.5423728813559322,18,16,13,14,32,29,31,30,0.5,0.6160129301667029,0.6330426428477937,0.6109913793103449,,,0,uncalibrated_return_rank_score,0
selected_direction,class,basic,61,0.6065573770491803,0.5926724137931034,0.5642857142857143,0.5833333333333334,0.875,0.7,0.6923076923076923,0.3103448275862069,0.42857142857142855,28,9,20,4,32,29,48,13,0.4,0.5883448627859438,0.6487592488209855,0.6012931034482758,0.2429599674050022,0.6784385348931322,0,probability_up,0
selected_return,reg,direction_core,61,0.5245901639344263,0.5177801724137931,0.5114609223971278,0.5384615384615384,0.65625,0.5915492957746479,0.5,0.3793103448275862,0.43137254901960786,21,11,18,11,32,29,39,22,0.5,0.5532287803375249,0.6244119648733871,0.572198275862069,,,0,uncalibrated_return_rank_score,0
baseline_monthly_return,reg,previous,61,0.5245901639344263,0.5177801724137931,0.5114609223971278,0.5384615384615384,0.65625,0.5915492957746479,0.5,0.3793103448275862,0.43137254901960786,21,11,18,11,32,29,39,22,0.5,0.5838661409130802,0.5707581721980174,0.5183189655172413,,,0,uncalibrated_return_rank_score,0
baseline_paper_return,reg,previous,61,0.5737704918032787,0.5743534482758621,0.5736559139784947,0.6,0.5625,0.5806451612903226,0.5483870967741935,0.5862068965517241,0.5666666666666667,18,17,12,14,32,29,30,31,0.5,0.5162926766610065,0.5677013147667841,0.5258620689655172,,,0,uncalibrated_return_rank_score,0
baseline_mean_return,reg,previous,61,0.5245901639344263,0.5,0.34408602150537637,0.5245901639344263,1.0,0.6881720430107527,0.0,0.0,0.0,32,0,29,0,32,29,61,0,0.5,0.5413537667252417,0.46590311464274997,0.48653017241379304,,,0,uncalibrated_return_rank_score,0
baseline_zero_return,reg,previous,61,0.5245901639344263,0.5,0.34408602150537637,0.5245901639344263,1.0,0.6881720430107527,0.0,0.0,0.0,32,0,29,0,32,29,61,0,0.5,0.5245901639344263,0.47540983606557374,0.5,,,0,uncalibrated_return_rank_score,0
baseline_majority,baseline,previous,61,0.47540983606557374,0.5,0.32222222222222224,0.0,0.0,0.0,0.47540983606557374,1.0,0.6444444444444445,0,29,0,32,32,29,0,61,0.5,0.49644234607002835,0.45107816585992677,0.4617456896551724,0.25124034773541676,0.6956292483246119,0,probability_up,0
always_up,baseline,previous,61,0.5245901639344263,0.5,0.34408602150537637,0.5245901639344263,1.0,0.6881720430107527,0.0,0.0,0.0,32,0,29,0,32,29,61,0,0.5,0.5245901639344263,0.47540983606557374,0.5,0.47540983606557374,17.13550734892455,0,probability_up,0
always_down,baseline,previous,61,0.47540983606557374,0.5,0.32222222222222224,0.0,0.0,0.0,0.47540983606557374,1.0,0.6444444444444445,0,29,0,32,32,29,0,61,0.5,0.5245901639344263,0.47540983606557374,0.5,0.5245901639344263,18.90814604019261,0,probability_up,0
class__basic__linear,class,basic,61,0.5737704918032787,0.5871212121212122,0.568082788671024,0.6666666666666666,0.42424242424242425,0.5185185185185185,0.525,0.75,0.6176470588235294,14,21,7,19,33,28,21,40,0.6000000000000002,0.6936153888857767,0.6208553905901415,0.6341991341991342,0.2737879103946231,0.7934283537169033,0,probability_up,1
class__basic__xgb,class,basic,61,0.5901639344262295,0.5670995670995671,0.5408009635651911,0.5833333333333334,0.8484848484848485,0.691358024691358,0.6153846153846154,0.2857142857142857,0.3902439024390244,28,8,20,5,33,28,48,13,0.4,0.584421769485848,0.5698229003483747,0.5681818181818181,0.24907659923641542,0.6912492923072062,0,probability_up,1
class__basic__forest,class,basic,61,0.5409836065573771,0.5108225108225108,0.4483204134366925,0.5471698113207547,0.8787878787878788,0.6744186046511628,0.5,0.14285714285714285,0.2222222222222222,29,4,24,4,33,28,53,8,0.4,0.5619791235497936,0.5152181003294667,0.5465367965367964,0.25479073606773844,0.7048966356050135,0,probability_up,1
class__basic__equal_ensemble,class,basic,61,0.5737704918032787,0.5817099567099567,0.5727370689655172,0.64,0.48484848484848486,0.5517241379310345,0.5277777777777778,0.6785714285714286,0.59375,16,19,9,17,33,28,25,36,0.5250000000000001,0.6333294891988348,0.6362676110897684,0.5984848484848485,0.24407915706163516,0.6803522565697414,0,probability_up,1
class__direction_core__linear,class,direction_core,61,0.5737704918032787,0.5925324675324675,0.5594444444444444,0.7058823529411765,0.36363636363636365,0.48,0.5227272727272727,0.8214285714285714,0.6388888888888888,12,23,5,21,33,28,17,44,0.6500000000000002,0.6955322953915755,0.611896515885861,0.6298701298701299,0.2806719177247823,0.819175348765577,0,probability_up,1
class__direction_core__xgb,class,direction_core,61,0.5901639344262295,0.5616883116883117,0.5151033386327504,0.5769230769230769,0.9090909090909091,0.7058823529411765,0.6666666666666666,0.21428571428571427,0.32432432432432434,30,6,22,3,33,28,52,9,0.4,0.5807601131939403,0.5591103345753077,0.5616883116883117,0.2492388140914439,0.6917081937406934,0,probability_up,1
class__direction_core__forest,class,direction_core,61,0.5737704918032787,0.5708874458874459,0.5708874458874459,0.6060606060606061,0.6060606060606061,0.6060606060606061,0.5357142857142857,0.5357142857142857,0.5357142857142857,20,15,13,13,33,28,33,28,0.4750000000000001,0.5427469185372972,0.505379436887414,0.5281385281385281,0.2550264873160115,0.7049636458606519,0,probability_up,1
class__direction_core__equal_ensemble,class,direction_core,61,0.5409836065573771,0.5568181818181819,0.5307692307692308,0.631578947368421,0.36363636363636365,0.46153846153846156,0.5,0.75,0.6,12,21,7,21,33,28,19,42,0.5250000000000001,0.6110032955383985,0.6245787676207906,0.5995670995670995,0.24675004961123903,0.6864227107414068,0,probability_up,1
class__engineered_direction__linear,class,engineered_direction,61,0.5409836065573771,0.5514069264069265,0.5378787878787878,0.6086956521739131,0.42424242424242425,0.5,0.5,0.6785714285714286,0.5757575757575758,14,19,9,19,33,28,23,38,0.42500000000000004,0.6446223935868196,0.6122126418347067,0.6385281385281385,0.2911079858365796,0.8585618600646401,0,probability_up,1
class__engineered_direction__xgb,class,engineered_direction,61,0.5901639344262295,0.5643939393939394,0.5288847698486253,0.58,0.8787878787878788,0.6987951807228916,0.6363636363636364,0.25,0.358974358974359,29,7,21,4,33,28,50,11,0.4,0.5782231757583266,0.5490031322088954,0.5573593073593074,0.2512156829231946,0.6968106150659225,0,probability_up,1
class__engineered_direction__forest,class,engineered_direction,61,0.5901639344262295,0.5698051948051949,0.5510744774801295,0.5869565217391305,0.8181818181818182,0.6835443037974683,0.6,0.32142857142857145,0.4186046511627907,27,9,19,6,33,28,46,15,0.42500000000000004,0.5425574355872453,0.578453544150348,0.5530303030303031,0.25388162632159206,0.7028940310051609,0,probability_up,1
class__engineered_direction__equal_ensemble,class,engineered_direction,61,0.6229508196721312,0.6055194805194806,0.5950937950937951,0.6136363636363636,0.8181818181818182,0.7012987012987013,0.6470588235294118,0.39285714285714285,0.4888888888888889,27,11,17,6,33,28,44,17,0.4,0.5846452222426088,0.6468167059859382,0.6114718614718615,0.2489556423091711,0.6925717522643835,0,probability_up,1
reg__basic__linear,reg,basic,61,0.5409836065573771,0.5432900432900433,0.5408602150537634,0.5862068965517241,0.5151515151515151,0.5483870967741935,0.5,0.5714285714285714,0.5333333333333333,17,16,12,16,33,28,29,32,0.5,0.7034604336040036,0.6287409828801818,0.6406926406926406,,,0,uncalibrated_return_rank_score,1
reg__basic__xgb,reg,basic,61,0.5573770491803278,0.5449134199134199,0.5395582890690522,0.575,0.696969696969697,0.6301369863013698,0.5238095238095238,0.39285714285714285,0.4489795918367347,23,11,17,10,33,28,40,21,0.5,0.5690706577783754,0.5814303402709214,0.5508658008658008,,,0,uncalibrated_return_rank_score,1
reg__basic__forest,reg,basic,61,0.5737704918032787,0.5681818181818181,0.568082788671024,0.6,0.6363636363636364,0.6176470588235294,0.5384615384615384,0.5,0.5185185185185185,21,14,14,12,33,28,35,26,0.5,0.610111499166747,0.5615281598562436,0.5930735930735931,,,0,uncalibrated_return_rank_score,1
reg__basic__equal_ensemble,reg,basic,61,0.5573770491803278,0.5584415584415584,0.5569007263922519,0.6,0.5454545454545454,0.5714285714285714,0.5161290322580645,0.5714285714285714,0.5423728813559322,18,16,12,15,33,28,30,31,0.5,0.6285530052604101,0.6273525747631483,0.6038961038961039,,,0,uncalibrated_return_rank_score,1
reg__direction_core__linear,reg,direction_core,61,0.5409836065573771,0.545995670995671,0.5408602150537634,0.5925925925925926,0.48484848484848486,0.5333333333333333,0.5,0.6071428571428571,0.5483870967741935,16,17,11,17,33,28,27,34,0.5,0.6807619655389741,0.6315920792343958,0.6341991341991342,,,0,uncalibrated_return_rank_score,1
reg__direction_core__xgb,reg,direction_core,61,0.5081967213114754,0.4967532467532467,0.4916666666666667,0.5384615384615384,0.6363636363636364,0.5833333333333334,0.45454545454545453,0.35714285714285715,0.4,21,10,18,12,33,28,39,22,0.5,0.5531309385091151,0.5510092504640581,0.5411255411255411,,,0,uncalibrated_return_rank_score,1
reg__direction_core__forest,reg,direction_core,61,0.5573770491803278,0.5476190476190476,0.5451532725766363,0.5789473684210527,0.6666666666666666,0.6197183098591549,0.5217391304347826,0.42857142857142855,0.47058823529411764,22,12,16,11,33,28,38,23,0.5,0.6044813928851891,0.5890285635903083,0.5952380952380952,,,0,uncalibrated_return_rank_score,1
reg__direction_core__equal_ensemble,reg,direction_core,61,0.5409836065573771,0.5405844155844155,0.5398706896551724,0.5806451612903226,0.5454545454545454,0.5625,0.5,0.5357142857142857,0.5172413793103449,18,15,13,15,33,28,31,30,0.5,0.6208465129396976,0.6308212887967031,0.5995670995670996,,,0,uncalibrated_return_rank_score,1
reg__engineered_direction__linear,reg,engineered_direction,61,0.5409836065573771,0.545995670995671,0.5408602150537634,0.5925925925925926,0.48484848484848486,0.5333333333333333,0.5,0.6071428571428571,0.5483870967741935,16,17,11,17,33,28,27,34,0.5,0.6520770329190871,0.6366770052323688,0.6266233766233766,,,0,uncalibrated_return_rank_score,1
reg__engineered_direction__xgb,reg,engineered_direction,61,0.6065573770491803,0.5957792207792207,0.5933333333333333,0.6153846153846154,0.7272727272727273,0.6666666666666666,0.5909090909090909,0.4642857142857143,0.52,24,13,15,9,33,28,39,22,0.5,0.625899694263722,0.6007035938612005,0.6201298701298701,,,0,uncalibrated_return_rank_score,1
reg__engineered_direction__forest,reg,engineered_direction,61,0.5245901639344263,0.5119047619047619,0.5054514956667598,0.55,0.6666666666666666,0.6027397260273972,0.47619047619047616,0.35714285714285715,0.40816326530612246,22,10,18,11,33,28,40,21,0.5,0.5985623083617692,0.5688763629275997,0.5638528138528138,,,0,uncalibrated_return_rank_score,1
reg__engineered_direction__equal_ensemble,reg,engineered_direction,61,0.5409836065573771,0.5405844155844155,0.5398706896551724,0.5806451612903226,0.5454545454545454,0.5625,0.5,0.5357142857142857,0.5172413793103449,18,15,13,15,33,28,31,30,0.5,0.6191152186825892,0.6220472902582984,0.6028138528138528,,,0,uncalibrated_return_rank_score,1
selected_direction,class,basic,61,0.5901639344262295,0.5670995670995671,0.5408009635651911,0.5833333333333334,0.8484848484848485,0.691358024691358,0.6153846153846154,0.2857142857142857,0.3902439024390244,28,8,20,5,33,28,48,13,0.4,0.584421769485848,0.5698229003483747,0.5681818181818181,0.24907659923641542,0.6912492923072062,0,probability_up,1
selected_return,reg,direction_core,61,0.5081967213114754,0.4967532467532467,0.4916666666666667,0.5384615384615384,0.6363636363636364,0.5833333333333334,0.45454545454545453,0.35714285714285715,0.4,21,10,18,12,33,28,39,22,0.5,0.5531309385091151,0.5510092504640581,0.5411255411255411,,,0,uncalibrated_return_rank_score,1
baseline_monthly_return,reg,previous,61,0.5245901639344263,0.5119047619047619,0.5054514956667598,0.55,0.6666666666666666,0.6027397260273972,0.47619047619047616,0.35714285714285715,0.40816326530612246,22,10,18,11,33,28,40,21,0.5,0.6045347975058752,0.5663058000348034,0.5324675324675325,,,0,uncalibrated_return_rank_score,1
baseline_paper_return,reg,previous,61,0.5737704918032787,0.5735930735930737,0.5727370689655172,0.6129032258064516,0.5757575757575758,0.59375,0.5333333333333333,0.5714285714285714,0.5517241379310345,19,16,12,14,33,28,31,30,0.5,0.5353588998231423,0.5746322605597951,0.5367965367965368,,,0,uncalibrated_return_rank_score,1
baseline_mean_return,reg,previous,61,0.5409836065573771,0.5,0.35106382978723405,0.5409836065573771,1.0,0.7021276595744681,0.0,0.0,0.0,33,0,28,0,33,28,61,0,0.5,0.5552961675721095,0.45596671578367,0.49025974025974023,,,0,uncalibrated_return_rank_score,1
baseline_zero_return,reg,previous,61,0.5409836065573771,0.5,0.35106382978723405,0.5409836065573771,1.0,0.7021276595744681,0.0,0.0,0.0,33,0,28,0,33,28,61,0,0.5,0.5409836065573771,0.45901639344262296,0.5,,,0,uncalibrated_return_rank_score,1
baseline_majority,baseline,previous,61,0.45901639344262296,0.5,0.3146067415730337,0.0,0.0,0.0,0.45901639344262296,1.0,0.6292134831460674,0,28,0,33,33,28,0,61,0.5,0.5054190468018549,0.43367561450935066,0.4523809523809524,0.2518683344101376,0.6968858365709627,0,probability_up,1
always_up,baseline,previous,61,0.5409836065573771,0.5,0.35106382978723405,0.5409836065573771,1.0,0.7021276595744681,0.0,0.0,0.0,33,0,28,0,33,28,61,0,0.5,0.5409836065573771,0.45901639344262296,0.5,0.45901639344262296,16.54462778516853,0,probability_up,1
always_down,baseline,previous,61,0.45901639344262296,0.5,0.3146067415730337,0.0,0.0,0.0,0.45901639344262296,1.0,0.6292134831460674,0,28,0,33,33,28,0,61,0.5,0.5409836065573771,0.45901639344262296,0.5,0.5409836065573771,19.49902560394863,0,probability_up,1
class__basic__linear,class,basic,60,0.5,0.5151515151515151,0.4949494949494949,0.5714285714285714,0.36363636363636365,0.4444444444444444,0.46153846153846156,0.6666666666666666,0.5454545454545454,12,18,9,21,33,27,21,39,0.6000000000000002,0.6016310774611746,0.5476530383074372,0.5465768799102133,0.3135064004635229,0.9123229891871832,0,probability_up,2
class__basic__xgb,class,basic,60,0.5833333333333334,0.5538720538720538,0.5251661918328585,0.5833333333333334,0.8484848484848485,0.691358024691358,0.5833333333333334,0.25925925925925924,0.358974358974359,28,7,20,5,33,27,48,12,0.4,0.5267619570731683,0.5509042767175754,0.489337822671156,0.2578224747037833,0.7087288145191384,0,probability_up,2
class__basic__forest,class,basic,60,0.5666666666666667,0.5286195286195285,0.466484268125855,0.5660377358490566,0.9090909090909091,0.6976744186046512,0.5714285714285714,0.14814814814814814,0.23529411764705882,30,4,23,3,33,27,53,7,0.4,0.5199196960399163,0.5207804116179573,0.4837261503928171,0.2588032899764904,0.711198441315823,0,probability_up,2
class__basic__equal_ensemble,class,basic,60,0.5166666666666667,0.5303030303030303,0.5132867132867133,0.5909090909090909,0.3939393939393939,0.4727272727272727,0.47368421052631576,0.6666666666666666,0.5538461538461539,13,18,9,20,33,27,22,38,0.5250000000000001,0.5661145906188914,0.5518908094216626,0.5331088664421998,0.2614149838616044,0.7178526551811846,0,probability_up,2
class__direction_core__linear,class,direction_core,60,0.5166666666666667,0.537037037037037,0.5055413469735721,0.6111111111111112,0.3333333333333333,0.43137254901960786,0.47619047619047616,0.7407407407407407,0.5797101449275363,11,20,7,22,33,27,18,42,0.6500000000000002,0.6075518153379764,0.5392636523119776,0.5465768799102132,0.32285019338151755,0.9402823306813647,0,probability_up,2
class__direction_core__xgb,class,direction_core,60,0.6,0.5656565656565656,0.5238095238095238,0.5882352941176471,0.9090909090909091,0.7142857142857143,0.6666666666666666,0.2222222222222222,0.3333333333333333,30,6,21,3,33,27,51,9,0.4,0.5300713121862242,0.5220760628266106,0.4826038159371493,0.25865751605939125,0.7106785092286627,0,probability_up,2
class__direction_core__forest,class,direction_core,60,0.48333333333333334,0.4764309764309764,0.4762038862292312,0.5294117647058824,0.5454545454545454,0.5373134328358209,0.4230769230769231,0.4074074074074074,0.41509433962264153,18,11,16,15,33,27,34,26,0.4750000000000001,0.5235111590629917,0.5166555950642531,0.48597081930415265,0.259902524800602,0.7134328193268484,0,probability_up,2
class__direction_core__equal_ensemble,class,direction_core,60,0.5166666666666667,0.5303030303030303,0.5132867132867133,0.5909090909090909,0.3939393939393939,0.4727272727272727,0.47368421052631576,0.6666666666666666,0.5538461538461539,13,18,9,20,33,27,22,38,0.5250000000000001,0.5544142138100283,0.5335800180406682,0.5286195286195287,0.264984515626096,0.7259544687645213,0,probability_up,2
class__engineered_direction__linear,class,engineered_direction,60,0.55,0.5606060606060606,0.5488721804511278,0.625,0.45454545454545453,0.5263157894736842,0.5,0.6666666666666666,0.5714285714285714,15,18,9,18,33,27,24,36,0.42500000000000004,0.5863950782576397,0.5307541852311841,0.5488215488215489,0.33274457718851197,1.0156798155260416,0,probability_up,2
class__engineered_direction__xgb,class,engineered_direction,60,0.55,0.5168350168350169,0.47248453272549656,0.56,0.8484848484848485,0.6746987951807228,0.5,0.18518518518518517,0.2702702702702703,28,5,22,5,33,27,50,10,0.4,0.5039875086209672,0.5074577714532487,0.4444444444444444,0.2713344201986647,0.7372402644782666,0,probability_up,2
class__engineered_direction__forest,class,engineered_direction,60,0.5,0.47811447811447816,0.46172248803827753,0.5348837209302325,0.696969696969697,0.6052631578947368,0.4117647058823529,0.25925925925925924,0.3181818181818182,23,7,20,10,33,27,43,17,0.42500000000000004,0.5071766666628181,0.537105214311878,0.46913580246913583,0.26632978411898656,0.7277407769813036,0,probability_up,2
class__engineered_direction__equal_ensemble,class,engineered_direction,60,0.5833333333333334,0.5673400673400674,0.5628096764791606,0.6,0.7272727272727273,0.6575342465753424,0.55,0.4074074074074074,0.46808510638297873,24,11,16,9,33,27,40,20,0.4,0.5420033611117243,0.5628503169219499,0.5364758698092033,0.27245755208928285,0.7439821591568969,0,probability_up,2
reg__basic__linear,reg,basic,60,0.5166666666666667,0.5202020202020202,0.5165323701028064,0.5714285714285714,0.48484848484848486,0.5245901639344263,0.46875,0.5555555555555556,0.5084745762711864,16,15,12,17,33,27,28,32,0.5,0.6539826948288553,0.5554756170323103,0.5836139169472504,,,0,uncalibrated_return_rank_score,2
reg__basic__xgb,reg,basic,60,0.5333333333333333,0.5185185185185185,0.513888888888889,0.5641025641025641,0.6666666666666666,0.6111111111111112,0.47619047619047616,0.37037037037037035,0.4166666666666667,22,10,17,11,33,27,39,21,0.5,0.5911900744562595,0.5179888250578053,0.5308641975308642,,,0,uncalibrated_return_rank_score,2
reg__basic__forest,reg,basic,60,0.5333333333333333,0.5252525252525253,0.5248868778280543,0.5714285714285714,0.6060606060606061,0.5882352941176471,0.48,0.4444444444444444,0.46153846153846156,20,12,15,13,33,27,35,25,0.5,0.5702544761671445,0.5052422130596103,0.5241301907968574,,,0,uncalibrated_return_rank_score,2
reg__basic__equal_ensemble,reg,basic,60,0.5333333333333333,0.5353535353535354,0.5328142380422691,0.5862068965517241,0.5151515151515151,0.5483870967741935,0.4838709677419355,0.5555555555555556,0.5172413793103449,17,15,12,16,33,27,29,31,0.5,0.6157193765014967,0.5316221792961406,0.5611672278338945,,,0,uncalibrated_return_rank_score,2
reg__direction_core__linear,reg,direction_core,60,0.5166666666666667,0.5202020202020202,0.5165323701028064,0.5714285714285714,0.48484848484848486,0.5245901639344263,0.46875,0.5555555555555556,0.5084745762711864,16,15,12,17,33,27,28,32,0.5,0.6463564270248234,0.5662463491657153,0.574635241301908,,,0,uncalibrated_return_rank_score,2
reg__direction_core__xgb,reg,direction_core,60,0.5166666666666667,0.5033670033670034,0.49985628054038517,0.5526315789473685,0.6363636363636364,0.5915492957746479,0.45454545454545453,0.37037037037037035,0.40816326530612246,21,10,17,12,33,27,38,22,0.5,0.5861766029742271,0.5050757319740705,0.5308641975308642,,,0,uncalibrated_return_rank_score,2
reg__direction_core__forest,reg,direction_core,60,0.5166666666666667,0.5067340067340067,0.5055413469735721,0.5555555555555556,0.6060606060606061,0.5797101449275363,0.4583333333333333,0.4074074074074074,0.43137254901960786,20,11,16,13,33,27,36,24,0.5,0.5363118625322729,0.4963886884089975,0.5050505050505051,,,0,uncalibrated_return_rank_score,2
reg__direction_core__equal_ensemble,reg,direction_core,60,0.55,0.5505050505050505,0.5488721804511278,0.6,0.5454545454545454,0.5714285714285714,0.5,0.5555555555555556,0.5263157894736842,18,15,12,15,33,27,30,30,0.5,0.6010906379241541,0.5210974639288701,0.5443322109988776,,,0,uncalibrated_return_rank_score,2
reg__engineered_direction__linear,reg,engineered_direction,60,0.5,0.5050505050505051,0.5,0.5555555555555556,0.45454545454545453,0.5,0.45454545454545453,0.5555555555555556,0.5,15,15,12,18,33,27,27,33,0.5,0.6134698988403859,0.5628215253251669,0.5566778900112234,,,0,uncalibrated_return_rank_score,2
reg__engineered_direction__xgb,reg,engineered_direction,60,0.55,0.537037037037037,0.5343489508479448,0.5789473684210527,0.6666666666666666,0.6197183098591549,0.5,0.4074074074074074,0.4489795918367347,22,11,16,11,33,27,38,22,0.5,0.5886452224001785,0.5369142222458563,0.5432098765432098,,,0,uncalibrated_return_rank_score,2
reg__engineered_direction__forest,reg,engineered_direction,60,0.5333333333333333,0.5185185185185185,0.513888888888889,0.5641025641025641,0.6666666666666666,0.6111111111111112,0.47619047619047616,0.37037037037037035,0.4166666666666667,22,10,17,11,33,27,39,21,0.5,0.5390854268737546,0.4800256776050935,0.49719416386083054,,,0,uncalibrated_return_rank_score,2
reg__engineered_direction__equal_ensemble,reg,engineered_direction,60,0.5666666666666667,0.569023569023569,0.5661846496106786,0.6206896551724138,0.5454545454545454,0.5806451612903226,0.5161290322580645,0.5925925925925926,0.5517241379310345,18,16,11,15,33,27,29,31,0.5,0.5780822067093474,0.5325392981236137,0.5555555555555555,,,0,uncalibrated_return_rank_score,2
selected_direction,class,basic,60,0.5833333333333334,0.5538720538720538,0.5251661918328585,0.5833333333333334,0.8484848484848485,0.691358024691358,0.5833333333333334,0.25925925925925924,0.358974358974359,28,7,20,5,33,27,48,12,0.4,0.5267619570731683,0.5509042767175754,0.489337822671156,0.2578224747037833,0.7087288145191384,0,probability_up,2
selected_return,reg,direction_core,60,0.5166666666666667,0.5033670033670034,0.49985628054038517,0.5526315789473685,0.6363636363636364,0.5915492957746479,0.45454545454545453,0.37037037037037035,0.40816326530612246,21,10,17,12,33,27,38,22,0.5,0.5861766029742271,0.5050757319740705,0.5308641975308642,,,0,uncalibrated_return_rank_score,2
baseline_monthly_return,reg,previous,60,0.45,0.43265993265993263,0.42290877295249196,0.5,0.6060606060606061,0.547945205479452,0.35,0.25925925925925924,0.2978723404255319,20,7,20,13,33,27,40,20,0.5,0.5893577742097096,0.5052927484279262,0.46352413019079686,,,0,uncalibrated_return_rank_score,2
baseline_paper_return,reg,previous,60,0.4166666666666667,0.4124579124579124,0.4125874125874126,0.46875,0.45454545454545453,0.46153846153846156,0.35714285714285715,0.37037037037037035,0.36363636363636365,15,10,17,18,33,27,32,28,0.5,0.49523952737021865,0.4459933618640493,0.415263748597082,,,0,uncalibrated_return_rank_score,2
baseline_mean_return,reg,previous,60,0.55,0.5,0.3548387096774194,0.55,1.0,0.7096774193548387,0.0,0.0,0.0,33,0,27,0,33,27,60,0,0.5,0.520615648506083,0.42892861758997675,0.4601571268237935,,,0,uncalibrated_return_rank_score,2
baseline_zero_return,reg,previous,60,0.55,0.5,0.3548387096774194,0.55,1.0,0.7096774193548387,0.0,0.0,0.0,33,0,27,0,33,27,60,0,0.5,0.55,0.45,0.5,,,0,uncalibrated_return_rank_score,2
baseline_majority,baseline,previous,60,0.45,0.5,0.3103448275862069,0.0,0.0,0.0,0.45,1.0,0.6206896551724138,0,27,0,33,33,27,0,60,0.5,0.5421577694723295,0.4373148372427417,0.48484848484848486,0.2519660461856994,0.6970812710819352,0,probability_up,2
always_up,baseline,previous,60,0.55,0.5,0.3548387096774194,0.55,1.0,0.7096774193548387,0.0,0.0,0.0,33,0,27,0,33,27,60,0,0.5,0.55,0.45,0.5,0.45,16.219644025102717,0,probability_up,2
always_down,baseline,previous,60,0.45,0.5,0.3103448275862069,0.0,0.0,0.0,0.45,1.0,0.6206896551724138,0,27,0,33,33,27,0,60,0.5,0.55,0.45,0.5,0.55,19.82400936401444,0,probability_up,2
class__basic__linear,class,basic,60,0.55,0.5857142857142857,0.5437904815544916,0.7222222222222222,0.37142857142857144,0.49056603773584906,0.47619047619047616,0.8,0.5970149253731343,13,20,5,22,35,25,18,42,0.6000000000000002,0.6811505512232835,0.5406976692044592,0.5851428571428571,0.3071306079734149,0.8985061592944111,0,probability_up,3
class__basic__xgb,class,basic,60,0.5833333333333334,0.5342857142857143,0.511559752523608,0.6041666666666666,0.8285714285714286,0.6987951807228916,0.5,0.24,0.32432432432432434,29,6,19,6,35,25,48,12,0.4,0.5481157206071305,0.5038446075050211,0.4674285714285714,0.2610869835052793,0.7153621815045085,0,probability_up,3
class__basic__forest,class,basic,60,0.6,0.5371428571428571,0.48863636363636365,0.6037735849056604,0.9142857142857143,0.7272727272727273,0.5714285714285714,0.16,0.25,32,4,21,3,35,25,53,7,0.4,0.5502795515558377,0.48849087968558025,0.47771428571428565,0.25829860138135763,0.7100398522593969,0,probability_up,3
class__basic__equal_ensemble,class,basic,60,0.5166666666666667,0.54,0.5154553049289892,0.6363636363636364,0.4,0.49122807017543857,0.4473684210526316,0.68,0.5396825396825397,14,17,8,21,35,25,22,38,0.5250000000000001,0.6311945853709124,0.5361691854996264,0.5531428571428572,0.2598193932907837,0.7141784962472133,0,probability_up,3
class__direction_core__linear,class,direction_core,60,0.5666666666666667,0.6114285714285714,0.5542857142857143,0.8,0.34285714285714286,0.48,0.4888888888888889,0.88,0.6285714285714286,12,22,3,23,35,25,15,45,0.6500000000000002,0.6969087218255571,0.5352814976858871,0.5851428571428572,0.31419902635113783,0.9214201300485162,0,probability_up,3
class__direction_core__xgb,class,direction_core,60,0.6,0.5428571428571428,0.5075239398084815,0.6078431372549019,0.8857142857142857,0.7209302325581395,0.5555555555555556,0.2,0.29411764705882354,31,5,20,4,35,25,51,9,0.4,0.5570557451858098,0.4911571286050845,0.472,0.26048636153862254,0.7143759939870559,0,probability_up,3
class__direction_core__forest,class,direction_core,60,0.48333333333333334,0.4771428571428571,0.4762038862292312,0.5625,0.5142857142857142,0.5373134328358209,0.39285714285714285,0.44,0.41509433962264153,18,11,14,17,35,25,32,28,0.4750000000000001,0.5523211385332268,0.5018329328731779,0.48228571428571426,0.2595529469801343,0.7124989517307639,0,probability_up,3
class__direction_core__equal_ensemble,class,direction_core,60,0.5166666666666667,0.5457142857142857,0.5132867132867133,0.65,0.37142857142857144,0.4727272727272727,0.45,0.72,0.5538461538461539,13,18,7,22,35,25,20,40,0.5250000000000001,0.6527263263416366,0.5295328082793692,0.5554285714285714,0.2624340746947781,0.7199966270615775,0,probability_up,3
class__engineered_direction__linear,class,engineered_direction,60,0.5833333333333334,0.6028571428571429,0.5832175604334537,0.7083333333333334,0.4857142857142857,0.576271186440678,0.5,0.72,0.5901639344262295,17,18,7,18,35,25,24,36,0.42500000000000004,0.6481363654593967,0.5321672551542583,0.5977142857142858,0.3187812134509483,0.9777485588863647,0,probability_up,3
class__engineered_direction__xgb,class,engineered_direction,60,0.5833333333333334,0.5285714285714286,0.4957983193277311,0.6,0.8571428571428571,0.7058823529411765,0.5,0.2,0.2857142857142857,30,5,20,5,35,25,50,10,0.4,0.5384286142393024,0.4904093439851515,0.45142857142857135,0.2677291087086809,0.7298209409456037,0,probability_up,3
class__engineered_direction__forest,class,engineered_direction,60,0.5666666666666667,0.5257142857142858,0.5125,0.6,0.7714285714285715,0.675,0.4666666666666667,0.28,0.35,27,7,18,8,35,25,45,15,0.42500000000000004,0.5473032568417617,0.5280823640952756,0.488,0.2625133861139463,0.7196993769645175,0,probability_up,3
class__engineered_direction__equal_ensemble,class,engineered_direction,60,0.6166666666666667,0.5914285714285714,0.5911111111111111,0.65,0.7428571428571429,0.6933333333333334,0.55,0.44,0.4888888888888889,26,11,14,9,35,25,40,20,0.4,0.5974106471685063,0.5484800960009139,0.5702857142857143,0.2649473575075836,0.7272421899847828,0,probability_up,3
reg__basic__linear,reg,basic,60,0.5166666666666667,0.5285714285714286,0.5165323701028064,0.6153846153846154,0.45714285714285713,0.5245901639344263,0.4411764705882353,0.6,0.5084745762711864,16,15,10,19,35,25,26,34,0.5,0.7085588004917804,0.5418135001178285,0.6068571428571429,,,0,uncalibrated_return_rank_score,3
reg__basic__xgb,reg,basic,60,0.5166666666666667,0.48857142857142855,0.48444444444444446,0.575,0.6571428571428571,0.6133333333333333,0.4,0.32,0.35555555555555557,23,8,17,12,35,25,40,20,0.5,0.6128438707843977,0.43965852355154533,0.5108571428571428,,,0,uncalibrated_return_rank_score,3
reg__basic__forest,reg,basic,60,0.55,0.5342857142857143,0.5343489508479448,0.6111111111111112,0.6285714285714286,0.6197183098591549,0.4583333333333333,0.44,0.4489795918367347,22,11,14,13,35,25,36,24,0.5,0.5870020125896718,0.4322955319135498,0.4948571428571428,,,0,uncalibrated_return_rank_score,3
reg__basic__equal_ensemble,reg,basic,60,0.5333333333333333,0.5371428571428571,0.53125,0.6206896551724138,0.5142857142857142,0.5625,0.45161290322580644,0.56,0.5,18,14,11,17,35,25,29,31,0.5,0.6561426315663706,0.49804200342340166,0.5691428571428572,,,0,uncalibrated_return_rank_score,3
reg__direction_core__linear,reg,direction_core,60,0.5166666666666667,0.5228571428571429,0.5154553049289892,0.6071428571428571,0.4857142857142857,0.5396825396825397,0.4375,0.56,0.49122807017543857,17,14,11,18,35,25,28,32,0.5,0.7167355782056937,0.5559289165888743,0.6011428571428572,,,0,uncalibrated_return_rank_score,3
reg__direction_core__xgb,reg,direction_core,60,0.5166666666666667,0.48857142857142855,0.48444444444444446,0.575,0.6571428571428571,0.6133333333333333,0.4,0.32,0.35555555555555557,23,8,17,12,35,25,40,20,0.5,0.6090191347094829,0.4653294205990315,0.5188571428571429,,,0,uncalibrated_return_rank_score,3
reg__direction_core__forest,reg,direction_core,60,0.5333333333333333,0.52,0.52,0.6,0.6,0.6,0.44,0.44,0.44,21,11,14,14,35,25,35,25,0.5,0.5568077960399247,0.43291988809719817,0.48457142857142854,,,0,uncalibrated_return_rank_score,3
reg__direction_core__equal_ensemble,reg,direction_core,60,0.5166666666666667,0.5228571428571429,0.5154553049289892,0.6071428571428571,0.4857142857142857,0.5396825396825397,0.4375,0.56,0.49122807017543857,17,14,11,18,35,25,28,32,0.5,0.6484569054438272,0.4910072089664989,0.5588571428571429,,,0,uncalibrated_return_rank_score,3
reg__engineered_direction__linear,reg,engineered_direction,60,0.5166666666666667,0.5285714285714286,0.5165323701028064,0.6153846153846154,0.45714285714285713,0.5245901639344263,0.4411764705882353,0.6,0.5084745762711864,16,15,10,19,35,25,26,34,0.5,0.672718293795027,0.5502559212931175,0.5828571428571429,,,0,uncalibrated_return_rank_score,3
reg__engineered_direction__xgb,reg,engineered_direction,60,0.5666666666666667,0.5485714285714286,0.548611111111111,0.6216216216216216,0.6571428571428571,0.6388888888888888,0.4782608695652174,0.44,0.4583333333333333,23,11,14,12,35,25,37,23,0.5,0.60856140782847,0.5114354996321182,0.544,,,0,uncalibrated_return_rank_score,3
reg__engineered_direction__forest,reg,engineered_direction,60,0.5333333333333333,0.5085714285714286,0.5064629847238543,0.5897435897435898,0.6571428571428571,0.6216216216216216,0.42857142857142855,0.36,0.391304347826087,23,9,16,12,35,25,39,21,0.5,0.5638843452869494,0.43271696868910914,0.48342857142857143,,,0,uncalibrated_return_rank_score,3
reg__engineered_direction__equal_ensemble,reg,engineered_direction,60,0.5833333333333334,0.5857142857142856,0.5804195804195804,0.6666666666666666,0.5714285714285714,0.6153846153846154,0.5,0.6,0.5454545454545454,20,15,10,15,35,25,30,30,0.5,0.621014064687892,0.5098514875469204,0.5668571428571428,,,0,uncalibrated_return_rank_score,3
selected_direction,class,basic,60,0.5833333333333334,0.5342857142857143,0.511559752523608,0.6041666666666666,0.8285714285714286,0.6987951807228916,0.5,0.24,0.32432432432432434,29,6,19,6,35,25,48,12,0.4,0.5481157206071305,0.5038446075050211,0.4674285714285714,0.2610869835052793,0.7153621815045085,0,probability_up,3
selected_return,reg,direction_core,60,0.5166666666666667,0.48857142857142855,0.48444444444444446,0.575,0.6571428571428571,0.6133333333333333,0.4,0.32,0.35555555555555557,23,8,17,12,35,25,40,20,0.5,0.6090191347094829,0.4653294205990315,0.5188571428571429,,,0,uncalibrated_return_rank_score,3
baseline_monthly_return,reg,previous,60,0.5,0.4685714285714286,0.46172248803827753,0.5609756097560976,0.6571428571428571,0.6052631578947368,0.3684210526315789,0.28,0.3181818181818182,23,7,18,12,35,25,41,19,0.5,0.6233458384421031,0.46801316380160546,0.4754285714285714,,,0,uncalibrated_return_rank_score,3
baseline_paper_return,reg,previous,60,0.4166666666666667,0.4085714285714286,0.4086172909039707,0.5,0.45714285714285713,0.47761194029850745,0.32142857142857145,0.36,0.33962264150943394,16,9,16,19,35,25,32,28,0.5,0.5107879429235591,0.39630483525157184,0.3862857142857143,,,0,uncalibrated_return_rank_score,3
baseline_mean_return,reg,previous,60,0.5833333333333334,0.5,0.3684210526315789,0.5833333333333334,1.0,0.7368421052631579,0.0,0.0,0.0,35,0,25,0,35,25,60,0,0.5,0.5428915924646012,0.39680247763449905,0.4502857142857143,,,0,uncalibrated_return_rank_score,3
baseline_zero_return,reg,previous,60,0.5833333333333334,0.5,0.3684210526315789,0.5833333333333334,1.0,0.7368421052631579,0.0,0.0,0.0,35,0,25,0,35,25,60,0,0.5,0.5833333333333334,0.4166666666666667,0.5,,,0,uncalibrated_return_rank_score,3
baseline_majority,baseline,previous,60,0.4166666666666667,0.5,0.29411764705882354,0.0,0.0,0.0,0.4166666666666667,1.0,0.5882352941176471,0,25,0,35,35,25,0,60,0.5,0.5548776293555768,0.3902984782045758,0.45485714285714285,0.25326737809287775,0.6996852597643645,0,probability_up,3
always_up,baseline,previous,60,0.5833333333333334,0.5,0.3684210526315789,0.5833333333333334,1.0,0.7368421052631579,0.0,0.0,0.0,35,0,25,0,35,25,60,0,0.5,0.5833333333333334,0.4166666666666667,0.5,0.4166666666666667,15.018188912132144,0,probability_up,3
always_down,baseline,previous,60,0.4166666666666667,0.5,0.29411764705882354,0.0,0.0,0.0,0.4166666666666667,1.0,0.5882352941176471,0,25,0,35,35,25,0,60,0.5,0.5833333333333334,0.4166666666666667,0.5,0.5833333333333334,21.02546447698501,0,probability_up,3
class__basic__linear,class,basic,60,0.5333333333333333,0.5513392857142857,0.5064629847238543,0.6428571428571429,0.28125,0.391304347826087,0.5,0.8214285714285714,0.6216216216216216,9,23,5,23,32,28,14,46,0.6000000000000002,0.6400230534912229,0.5713722795469874,0.5948660714285714,0.2966725333793097,0.8994757923327936,0,probability_up,4
class__basic__xgb,class,basic,60,0.5833333333333334,0.5625,0.5251661918328585,0.5714285714285714,0.875,0.691358024691358,0.6363636363636364,0.25,0.358974358974359,28,7,21,4,32,28,49,11,0.4,0.49759596835755776,0.5292523981899819,0.4285714285714286,0.264051390612798,0.7210085603893018,0,probability_up,4
class__basic__forest,class,basic,60,0.55,0.5245535714285714,0.45546218487394957,0.5471698113207547,0.90625,0.6823529411764706,0.5714285714285714,0.14285714285714285,0.22857142857142856,29,4,24,3,32,28,53,7,0.4,0.4816056181178199,0.4868366539785435,0.4151785714285714,0.2703881030568862,0.7345103282144074,0,probability_up,4
class__basic__equal_ensemble,class,basic,60,0.48333333333333334,0.4955357142857143,0.4714407502131287,0.5263157894736842,0.3125,0.39215686274509803,0.4634146341463415,0.6785714285714286,0.5507246376811594,10,19,9,22,32,28,19,41,0.5250000000000001,0.5792646185291228,0.5571001671864848,0.5290178571428572,0.260412386033435,0.7148466074947161,0,probability_up,4
class__direction_core__linear,class,direction_core,60,0.5166666666666667,0.5379464285714286,0.4744790093627303,0.6363636363636364,0.21875,0.32558139534883723,0.4897959183673469,0.8571428571428571,0.6233766233766234,7,24,4,25,32,28,11,49,0.6500000000000002,0.6107065107477887,0.5764870327671993,0.578125,0.30932691215655134,0.9338171800228445,0,probability_up,4
class__direction_core__xgb,class,direction_core,60,0.55,0.5290178571428571,0.48717948717948717,0.5510204081632653,0.84375,0.6666666666666666,0.5454545454545454,0.21428571428571427,0.3076923076923077,27,6,22,5,32,28,49,11,0.4,0.5410424112736986,0.527985833384343,0.4754464285714286,0.26074636236874416,0.7147750706700083,0,probability_up,4
class__direction_core__forest,class,direction_core,60,0.45,0.4441964285714286,0.442410588566601,0.4857142857142857,0.53125,0.5074626865671642,0.4,0.35714285714285715,0.37735849056603776,17,10,18,15,32,28,35,25,0.4750000000000001,0.5212763490071595,0.49303560646186473,0.44866071428571425,0.2672621453130383,0.728092436093742,0,probability_up,4
class__direction_core__equal_ensemble,class,direction_core,60,0.5,0.5133928571428572,0.4857142857142857,0.5555555555555556,0.3125,0.4,0.47619047619047616,0.7142857142857143,0.5714285714285714,10,20,8,22,32,28,18,42,0.5250000000000001,0.5842023200966749,0.5531899819632381,0.5301339285714286,0.2623414875766826,0.7195031985748149,0,probability_up,4
class__engineered_direction__linear,class,engineered_direction,60,0.5333333333333333,0.5424107142857143,0.5286195286195287,0.5909090909090909,0.40625,0.48148148148148145,0.5,0.6785714285714286,0.5757575757575758,13,19,9,19,32,28,22,38,0.42500000000000004,0.6011008740694228,0.5896407931583169,0.59375,0.3247636534679097,1.0098611224043548,0,probability_up,4
class__engineered_direction__xgb,class,engineered_direction,60,0.55,0.5267857142857143,0.47248453272549656,0.5490196078431373,0.875,0.6746987951807228,0.5555555555555556,0.17857142857142858,0.2702702702702703,28,5,23,4,32,28,51,9,0.4,0.5435259426445904,0.541828705974225,0.5033482142857143,0.2582258044929086,0.7097007884637949,0,probability_up,4
class__engineered_direction__forest,class,engineered_direction,60,0.5,0.48660714285714285,0.4712103407755582,0.5238095238095238,0.6875,0.5945945945945946,0.4444444444444444,0.2857142857142857,0.34782608695652173,22,8,20,10,32,28,42,18,0.42500000000000004,0.5468487176451284,0.5392479015713343,0.49553571428571425,0.2602636501523276,0.7141474918280267,0,probability_up,4
class__engineered_direction__equal_ensemble,class,engineered_direction,60,0.55,0.5424107142857143,0.5396419437340154,0.5675675675675675,0.65625,0.6086956521739131,0.5217391304347826,0.42857142857142855,0.47058823529411764,21,12,16,11,32,28,37,23,0.4,0.596423061409663,0.58785153843792,0.5591517857142857,0.2612586008826497,0.7177427154570003,0,probability_up,4
reg__basic__linear,reg,basic,60,0.5833333333333334,0.5915178571428572,0.5804195804195804,0.6521739130434783,0.46875,0.5454545454545454,0.5405405405405406,0.7142857142857143,0.6153846153846154,15,20,8,17,32,28,23,37,0.5,0.6870138607368954,0.6173646186419489,0.6383928571428571,,,0,uncalibrated_return_rank_score,4
reg__basic__xgb,reg,basic,60,0.6,0.59375,0.5927601809954751,0.6111111111111112,0.6875,0.6470588235294118,0.5833333333333334,0.5,0.5384615384615384,22,14,14,10,32,28,36,24,0.5,0.6237229667495565,0.6355621915828329,0.609375,,,0,uncalibrated_return_rank_score,4
reg__basic__forest,reg,basic,60,0.5833333333333334,0.5736607142857143,0.5688416211555045,0.5897435897435898,0.71875,0.647887323943662,0.5714285714285714,0.42857142857142855,0.4897959183673469,23,12,16,9,32,28,39,21,0.5,0.5664000458033299,0.5461424070108121,0.5178571428571428,,,0,uncalibrated_return_rank_score,4
reg__basic__equal_ensemble,reg,basic,60,0.5333333333333333,0.5379464285714286,0.5328142380422691,0.5769230769230769,0.46875,0.5172413793103449,0.5,0.6071428571428571,0.5483870967741935,15,17,11,17,32,28,26,34,0.5,0.6473021977515712,0.6233415267119439,0.6104910714285715,,,0,uncalibrated_return_rank_score,4
reg__direction_core__linear,reg,direction_core,60,0.5833333333333334,0.5892857142857143,0.5822890559732665,0.64,0.5,0.5614035087719298,0.5428571428571428,0.6785714285714286,0.6031746031746031,16,19,9,16,32,28,25,35,0.5,0.6456594663696186,0.5954753492223335,0.6183035714285714,,,0,uncalibrated_return_rank_score,4
reg__direction_core__xgb,reg,direction_core,60,0.5666666666666667,0.5580357142857143,0.5542857142857143,0.5789473684210527,0.6875,0.6285714285714286,0.5454545454545454,0.42857142857142855,0.48,22,12,16,10,32,28,38,22,0.5,0.6294705653123062,0.646778392426166,0.6205357142857143,,,0,uncalibrated_return_rank_score,4
reg__direction_core__forest,reg,direction_core,60,0.5333333333333333,0.5267857142857143,0.5248868778280543,0.5555555555555556,0.625,0.5882352941176471,0.5,0.42857142857142855,0.46153846153846156,20,12,16,12,32,28,36,24,0.5,0.5550171263251508,0.5567480693839573,0.5133928571428571,,,0,uncalibrated_return_rank_score,4
reg__direction_core__equal_ensemble,reg,direction_core,60,0.55,0.5535714285714286,0.5498749652681301,0.5925925925925926,0.5,0.5423728813559322,0.5151515151515151,0.6071428571428571,0.5573770491803278,16,17,11,16,32,28,27,33,0.5,0.6341204861789993,0.6177204150030765,0.5993303571428571,,,0,uncalibrated_return_rank_score,4
reg__engineered_direction__linear,reg,engineered_direction,60,0.5833333333333334,0.5892857142857143,0.5822890559732665,0.64,0.5,0.5614035087719298,0.5428571428571428,0.6785714285714286,0.6031746031746031,16,19,9,16,32,28,25,35,0.5,0.6208097838655168,0.617316790848068,0.6060267857142857,,,0,uncalibrated_return_rank_score,4
reg__engineered_direction__xgb,reg,engineered_direction,60,0.6166666666666667,0.6071428571428572,0.6033342914630642,0.6153846153846154,0.75,0.676056338028169,0.6190476190476191,0.4642857142857143,0.5306122448979592,24,13,15,8,32,28,39,21,0.5,0.6079409507252865,0.6532799062652668,0.6205357142857143,,,0,uncalibrated_return_rank_score,4
reg__engineered_direction__forest,reg,engineered_direction,60,0.5333333333333333,0.5245535714285714,0.52,0.5526315789473685,0.65625,0.6,0.5,0.39285714285714285,0.44,21,11,17,11,32,28,38,22,0.5,0.5752392318696624,0.5912083994533606,0.5446428571428571,,,0,uncalibrated_return_rank_score,4
reg__engineered_direction__equal_ensemble,reg,engineered_direction,60,0.6,0.6026785714285714,0.6,0.6428571428571429,0.5625,0.6,0.5625,0.6428571428571429,0.6,18,18,10,14,32,28,28,32,0.5,0.6097856065750811,0.6016621281238287,0.6026785714285714,,,0,uncalibrated_return_rank_score,4
selected_direction,class,basic,60,0.5833333333333334,0.5625,0.5251661918328585,0.5714285714285714,0.875,0.691358024691358,0.6363636363636364,0.25,0.358974358974359,28,7,21,4,32,28,49,11,0.4,0.49759596835755776,0.5292523981899819,0.4285714285714286,0.264051390612798,0.7210085603893018,0,probability_up,4
selected_return,reg,direction_core,60,0.5666666666666667,0.5580357142857143,0.5542857142857143,0.5789473684210527,0.6875,0.6285714285714286,0.5454545454545454,0.42857142857142855,0.48,22,12,16,10,32,28,38,22,0.5,0.6294705653123062,0.646778392426166,0.6205357142857143,,,0,uncalibrated_return_rank_score,4
baseline_monthly_return,reg,previous,60,0.5333333333333333,0.5223214285714286,0.513888888888889,0.55,0.6875,0.6111111111111112,0.5,0.35714285714285715,0.4166666666666667,22,10,18,10,32,28,40,20,0.5,0.6747930592751173,0.5865014497188841,0.5982142857142857,,,0,uncalibrated_return_rank_score,4
baseline_paper_return,reg,previous,60,0.5166666666666667,0.515625,0.5154553049289892,0.5483870967741935,0.53125,0.5396825396825397,0.4827586206896552,0.5,0.49122807017543857,17,14,14,15,32,28,31,29,0.5,0.562318590114089,0.5248085184556485,0.5301339285714286,,,0,uncalibrated_return_rank_score,4
baseline_mean_return,reg,previous,60,0.5333333333333333,0.5,0.34782608695652173,0.5333333333333333,1.0,0.6956521739130435,0.0,0.0,0.0,32,0,28,0,32,28,60,0,0.5,0.4991731925361118,0.4537993780985091,0.4698660714285714,,,0,uncalibrated_return_rank_score,4
baseline_zero_return,reg,previous,60,0.5333333333333333,0.5,0.34782608695652173,0.5333333333333333,1.0,0.6956521739130435,0.0,0.0,0.0,32,0,28,0,32,28,60,0,0.5,0.5333333333333333,0.4666666666666667,0.5,,,0,uncalibrated_return_rank_score,4
baseline_majority,baseline,previous,60,0.4666666666666667,0.5,0.3181818181818182,0.0,0.0,0.0,0.4666666666666667,1.0,0.6363636363636364,0,28,0,32,32,28,0,60,0.5,0.5017113444303993,0.44785352845339227,0.46875,0.251564817910532,0.6962785179197762,0,probability_up,4
always_up,baseline,previous,60,0.5333333333333333,0.5,0.34782608695652173,0.5333333333333333,1.0,0.6956521739130435,0.0,0.0,0.0,32,0,28,0,32,28,60,0,0.5,0.5333333333333333,0.4666666666666667,0.5,0.4666666666666667,16.820371581588002,0,probability_up,4
always_down,baseline,previous,60,0.4666666666666667,0.5,0.3181818181818182,0.0,0.0,0.0,0.4666666666666667,1.0,0.6363636363636364,0,28,0,32,32,28,0,60,0.5,0.5333333333333333,0.4666666666666667,0.5,0.5333333333333333,19.22328180752915,0,probability_up,4
class__basic__linear,class,basic,60,0.55,0.5774410774410774,0.5278344505974935,0.7142857142857143,0.30303030303030304,0.425531914893617,0.5,0.8518518518518519,0.6301369863013698,10,23,4,23,33,27,14,46,0.6000000000000002,0.6331884881027021,0.5260118028154084,0.5566778900112234,0.31599555606487484,0.9705715875513561,0,probability_up,5
class__basic__xgb,class,basic,60,0.5166666666666667,0.4865319865319865,0.44919278252611583,0.5416666666666666,0.7878787878787878,0.6419753086419753,0.4166666666666667,0.18518518518518517,0.2564102564102564,26,5,22,7,33,27,48,12,0.4,0.5176466506125105,0.4664955921388735,0.4130190796857464,0.2694255113103578,0.7326004710843328,0,probability_up,5
class__basic__forest,class,basic,60,0.5833333333333334,0.5471380471380471,0.4957983193277311,0.5769230769230769,0.9090909090909091,0.7058823529411765,0.625,0.18518518518518517,0.2857142857142857,30,5,22,3,33,27,52,8,0.4,0.5381906700320263,0.5169973010971081,0.4612794612794613,0.2624882672668794,0.7180778589702598,0,probability_up,5
class__basic__equal_ensemble,class,basic,60,0.4666666666666667,0.4814814814814815,0.4612794612794613,0.5238095238095238,0.3333333333333333,0.4074074074074074,0.4358974358974359,0.6296296296296297,0.5151515151515151,11,17,10,22,33,27,21,39,0.5250000000000001,0.6099032902908711,0.5233342747466183,0.5151515151515151,0.2674379208094693,0.7302023296123116,0,probability_up,5
class__direction_core__linear,class,direction_core,60,0.5166666666666667,0.5471380471380471,0.48444444444444446,0.6666666666666666,0.24242424242424243,0.35555555555555557,0.4791666666666667,0.8518518518518519,0.6133333333333333,8,23,4,25,33,27,12,48,0.6500000000000002,0.6075631468197297,0.5392242462807351,0.5476992143658811,0.328975369808982,1.003153149509548,0,probability_up,5
class__direction_core__xgb,class,direction_core,60,0.5,0.468013468013468,0.42233632862644416,0.5306122448979592,0.7878787878787878,0.6341463414634146,0.36363636363636365,0.14814814814814814,0.21052631578947367,26,4,23,7,33,27,49,11,0.4,0.5434595102242689,0.4573326895339086,0.4511784511784512,0.2661631098239733,0.726302528552367,0,probability_up,5
class__direction_core__forest,class,direction_core,60,0.5,0.49158249158249157,0.4909502262443439,0.5428571428571428,0.5757575757575758,0.5588235294117647,0.44,0.4074074074074074,0.4230769230769231,19,11,16,14,33,27,35,25,0.4750000000000001,0.5596678510578922,0.5092453655956487,0.4680134680134681,0.2645232379982525,0.722281062106255,0,probability_up,5
class__direction_core__equal_ensemble,class,direction_core,60,0.45,0.46632996632996637,0.442410588566601,0.5,0.30303030303030304,0.37735849056603776,0.425,0.6296296296296297,0.5074626865671642,10,17,10,23,33,27,20,40,0.5250000000000001,0.5854253192523234,0.4875873145418867,0.5016835016835017,0.27089665863042905,0.7381802676584134,0,probability_up,5
class__engineered_direction__linear,class,engineered_direction,60,0.5166666666666667,0.5269360269360269,0.5154553049289892,0.5833333333333334,0.42424242424242425,0.49122807017543857,0.4722222222222222,0.6296296296296297,0.5396825396825397,14,17,10,19,33,27,24,36,0.42500000000000004,0.5902180963498571,0.5772835259677254,0.5600448933782267,0.34569666258452286,1.0655344885143134,0,probability_up,5
class__engineered_direction__xgb,class,engineered_direction,60,0.5833333333333334,0.5538720538720538,0.5251661918328585,0.5833333333333334,0.8484848484848485,0.691358024691358,0.5833333333333334,0.25925925925925924,0.358974358974359,28,7,20,5,33,27,48,12,0.4,0.6030086399210878,0.5540951262356459,0.5297418630751964,0.253930640176326,0.7007363781569855,0,probability_up,5
class__engineered_direction__forest,class,engineered_direction,60,0.5166666666666667,0.49663299663299665,0.48444444444444446,0.5476190476190477,0.696969696969697,0.6133333333333333,0.4444444444444444,0.2962962962962963,0.35555555555555557,23,8,19,10,33,27,42,18,0.42500000000000004,0.5880183001638117,0.5620840307812143,0.5028058361391695,0.2581903090017247,0.7093694524854043,0,probability_up,5
class__engineered_direction__equal_ensemble,class,engineered_direction,60,0.5166666666666667,0.5033670033670034,0.49985628054038517,0.5526315789473685,0.6363636363636364,0.5915492957746479,0.45454545454545453,0.37037037037037035,0.40816326530612246,21,10,17,12,33,27,38,22,0.4,0.6123759028459104,0.5677942143796346,0.5420875420875421,0.2669759429425938,0.729656418921054,0,probability_up,5
reg__basic__linear,reg,basic,60,0.6,0.6127946127946128,0.5982142857142857,0.6956521739130435,0.48484848484848486,0.5714285714285714,0.5405405405405406,0.7407407407407407,0.625,16,20,7,17,33,27,23,37,0.5,0.6747104135242644,0.578517458591645,0.6060606060606061,,,0,uncalibrated_return_rank_score,5
reg__basic__xgb,reg,basic,60,0.55,0.5404040404040404,0.5396419437340154,0.5833333333333334,0.6363636363636364,0.6086956521739131,0.5,0.4444444444444444,0.47058823529411764,21,12,15,12,33,27,36,24,0.5,0.6209136085386822,0.6261166139642593,0.5993265993265993,,,0,uncalibrated_return_rank_score,5
reg__basic__forest,reg,basic,60,0.5833333333333334,0.5707070707070707,0.5688416211555045,0.6052631578947368,0.696969696969697,0.647887323943662,0.5454545454545454,0.4444444444444444,0.4897959183673469,23,12,15,10,33,27,38,22,0.5,0.580301972256439,0.5631130042074413,0.5185185185185186,,,0,uncalibrated_return_rank_score,5
reg__basic__equal_ensemble,reg,basic,60,0.5333333333333333,0.5387205387205387,0.5333333333333333,0.5925925925925926,0.48484848484848486,0.5333333333333333,0.48484848484848486,0.5925925925925926,0.5333333333333333,16,16,11,17,33,27,27,33,0.5,0.6436968029708839,0.616674333973954,0.5881032547699214,,,0,uncalibrated_return_rank_score,5
reg__direction_core__linear,reg,direction_core,60,0.5666666666666667,0.5757575757575757,0.5661846496106786,0.64,0.48484848484848486,0.5517241379310345,0.5142857142857142,0.6666666666666666,0.5806451612903226,16,18,9,17,33,27,25,35,0.5,0.6578168038779334,0.5628269592604298,0.6049382716049383,,,0,uncalibrated_return_rank_score,5
reg__direction_core__xgb,reg,direction_core,60,0.5833333333333334,0.5740740740740741,0.5737425404944586,0.6111111111111112,0.6666666666666666,0.6376811594202898,0.5416666666666666,0.48148148148148145,0.5098039215686274,22,13,14,11,33,27,36,24,0.5,0.6212031657444215,0.6175918219348286,0.6038159371492705,,,0,uncalibrated_return_rank_score,5
reg__direction_core__forest,reg,direction_core,60,0.5333333333333333,0.5252525252525253,0.5248868778280543,0.5714285714285714,0.6060606060606061,0.5882352941176471,0.48,0.4444444444444444,0.46153846153846156,20,12,15,13,33,27,35,25,0.5,0.5649334373953323,0.548705001504449,0.5061728395061729,,,0,uncalibrated_return_rank_score,5
reg__direction_core__equal_ensemble,reg,direction_core,60,0.55,0.5505050505050505,0.5488721804511278,0.6,0.5454545454545454,0.5714285714285714,0.5,0.5555555555555556,0.5263157894736842,18,15,12,15,33,27,30,30,0.5,0.6395857226390718,0.5785033867947709,0.5768799102132435,,,0,uncalibrated_return_rank_score,5
reg__engineered_direction__linear,reg,engineered_direction,60,0.55,0.5606060606060606,0.5488721804511278,0.625,0.45454545454545453,0.5263157894736842,0.5,0.6666666666666666,0.5714285714285714,15,18,9,18,33,27,24,36,0.5,0.6163591422912389,0.5608856561276045,0.5723905723905723,,,0,uncalibrated_return_rank_score,5
reg__engineered_direction__xgb,reg,engineered_direction,60,0.6166666666666667,0.6043771043771043,0.6033342914630642,0.631578947368421,0.7272727272727273,0.676056338028169,0.5909090909090909,0.48148148148148145,0.5306122448979592,24,13,14,9,33,27,38,22,0.5,0.6297645927457411,0.6429467453260358,0.6251402918069584,,,0,uncalibrated_return_rank_score,5
reg__engineered_direction__forest,reg,engineered_direction,60,0.5,0.48484848484848486,0.4791666666666667,0.5384615384615384,0.6363636363636364,0.5833333333333334,0.42857142857142855,0.3333333333333333,0.375,21,9,18,12,33,27,39,21,0.5,0.5831034338467854,0.5700404973431916,0.5218855218855218,,,0,uncalibrated_return_rank_score,5
reg__engineered_direction__equal_ensemble,reg,engineered_direction,60,0.5666666666666667,0.569023569023569,0.5661846496106786,0.6206896551724138,0.5454545454545454,0.5806451612903226,0.5161290322580645,0.5925925925925926,0.5517241379310345,18,16,11,15,33,27,29,31,0.5,0.6156693332401028,0.5803494955368662,0.5869809203142536,,,0,uncalibrated_return_rank_score,5
selected_direction,class,basic,60,0.5166666666666667,0.4865319865319865,0.44919278252611583,0.5416666666666666,0.7878787878787878,0.6419753086419753,0.4166666666666667,0.18518518518518517,0.2564102564102564,26,5,22,7,33,27,48,12,0.4,0.5176466506125105,0.4664955921388735,0.4130190796857464,0.2694255113103578,0.7326004710843328,0,probability_up,5
selected_return,reg,direction_core,60,0.5833333333333334,0.5740740740740741,0.5737425404944586,0.6111111111111112,0.6666666666666666,0.6376811594202898,0.5416666666666666,0.48148148148148145,0.5098039215686274,22,13,14,11,33,27,36,24,0.5,0.6212031657444215,0.6175918219348286,0.6038159371492705,,,0,uncalibrated_return_rank_score,5
baseline_monthly_return,reg,previous,60,0.55,0.537037037037037,0.5343489508479448,0.5789473684210527,0.6666666666666666,0.6197183098591549,0.5,0.4074074074074074,0.4489795918367347,22,11,16,11,33,27,38,22,0.5,0.7050627571847999,0.5535245743864987,0.6083052749719416,,,0,uncalibrated_return_rank_score,5
baseline_paper_return,reg,previous,60,0.5333333333333333,0.531986531986532,0.53125,0.5806451612903226,0.5454545454545454,0.5625,0.4827586206896552,0.5185185185185185,0.5,18,14,13,15,33,27,31,29,0.5,0.5781688931178159,0.50604558362787,0.5364758698092031,,,0,uncalibrated_return_rank_score,5
baseline_mean_return,reg,previous,60,0.55,0.5,0.3548387096774194,0.55,1.0,0.7096774193548387,0.0,0.0,0.0,33,0,27,0,33,27,60,0,0.5,0.5017882699535529,0.43197108756368624,0.44276094276094274,,,0,uncalibrated_return_rank_score,5
baseline_zero_return,reg,previous,60,0.55,0.5,0.3548387096774194,0.55,1.0,0.7096774193548387,0.0,0.0,0.0,33,0,27,0,33,27,60,0,0.5,0.55,0.45,0.5,,,0,uncalibrated_return_rank_score,5
baseline_majority,baseline,previous,60,0.45,0.5,0.3103448275862069,0.0,0.0,0.0,0.45,1.0,0.6206896551724138,0,27,0,33,33,27,0,60,0.5,0.5009733336675358,0.42048710842807013,0.43378226711560053,0.2522779497327869,0.6977056063776546,0,probability_up,5
always_up,baseline,previous,60,0.55,0.5,0.3548387096774194,0.55,1.0,0.7096774193548387,0.0,0.0,0.0,33,0,27,0,33,27,60,0,0.5,0.55,0.45,0.5,0.45,16.21964402510272,0,probability_up,5
always_down,baseline,previous,60,0.45,0.5,0.3103448275862069,0.0,0.0,0.0,0.45,1.0,0.6206896551724138,0,27,0,33,33,27,0,60,0.5,0.55,0.45,0.5,0.55,19.82400936401444,0,probability_up,5
class__basic__linear,class,basic,60,0.5333333333333333,0.5513392857142857,0.5064629847238543,0.6428571428571429,0.28125,0.391304347826087,0.5,0.8214285714285714,0.6216216216216216,9,23,5,23,32,28,14,46,0.6000000000000002,0.5803020404637029,0.5249342836762422,0.5267857142857143,0.3273019175608128,0.9981817338380393,0,probability_up,6
class__basic__xgb,class,basic,60,0.5,0.4799107142857143,0.4375,0.5208333333333334,0.78125,0.625,0.4166666666666667,0.17857142857142858,0.25,25,5,23,7,32,28,48,12,0.4,0.4813621921844382,0.4622806154960005,0.38392857142857145,0.27306240380788455,0.740029935278638,0,probability_up,6
class__basic__forest,class,basic,60,0.55,0.5267857142857143,0.47248453272549656,0.5490196078431373,0.875,0.6746987951807228,0.5555555555555556,0.17857142857142858,0.2702702702702703,28,5,23,4,32,28,51,9,0.4,0.47365850245535784,0.515199778438878,0.42857142857142855,0.2707379733104324,0.7360332214937223,0,probability_up,6
class__basic__equal_ensemble,class,basic,60,0.45,0.45982142857142855,0.442410588566601,0.47619047619047616,0.3125,0.37735849056603776,0.4358974358974359,0.6071428571428571,0.5074626865671642,10,17,11,22,32,28,21,39,0.5250000000000001,0.532421834696522,0.5197558470011083,0.4799107142857143,0.27522725456162667,0.7470073686052389,0,probability_up,6
class__direction_core__linear,class,direction_core,60,0.5,0.5200892857142857,0.46172248803827753,0.5833333333333334,0.21875,0.3181818181818182,0.4791666666666667,0.8214285714285714,0.6052631578947368,7,23,5,25,32,28,12,48,0.6500000000000002,0.5496392147495541,0.5374813381124517,0.5167410714285714,0.3409152717538586,1.0334703247712076,0,probability_up,6
class__direction_core__xgb,class,direction_core,60,0.48333333333333334,0.4620535714285714,0.41120607787274455,0.5102040816326531,0.78125,0.6172839506172839,0.36363636363636365,0.14285714285714285,0.20512820512820512,25,4,24,7,32,28,49,11,0.4,0.5085523634112329,0.4559800670229372,0.4241071428571429,0.2699179476738108,0.7339566366025073,0,probability_up,6
class__direction_core__forest,class,direction_core,60,0.48333333333333334,0.4776785714285714,0.4762038862292312,0.5142857142857142,0.5625,0.5373134328358209,0.44,0.39285714285714285,0.41509433962264153,18,11,17,14,32,28,35,25,0.4750000000000001,0.48834684970529557,0.5077246977767564,0.43526785714285715,0.271890687626193,0.7380652561934667,0,probability_up,6
class__direction_core__equal_ensemble,class,direction_core,60,0.43333333333333335,0.44419642857142855,0.4230769230769231,0.45,0.28125,0.34615384615384615,0.425,0.6071428571428571,0.5,9,17,11,23,32,28,20,40,0.5250000000000001,0.531124980347941,0.4870711295329022,0.4709821428571429,0.27861016829836954,0.7547895708456626,0,probability_up,6
class__engineered_direction__linear,class,engineered_direction,60,0.5,0.5066964285714286,0.49776785714285715,0.5416666666666666,0.40625,0.4642857142857143,0.4722222222222222,0.6071428571428571,0.53125,13,17,11,19,32,28,24,36,0.42500000000000004,0.5434537018906257,0.5746337394481483,0.5301339285714286,0.35845830358569425,1.1012199353687488,0,probability_up,6
class__engineered_direction__xgb,class,engineered_direction,60,0.5666666666666667,0.546875,0.5125,0.5625,0.84375,0.675,0.5833333333333334,0.25,0.35,27,7,21,5,32,28,48,12,0.4,0.565688922507241,0.5524426501163285,0.5022321428571428,0.2590957588737822,0.7114129356907583,0,probability_up,6
class__engineered_direction__forest,class,engineered_direction,60,0.5,0.48660714285714285,0.4712103407755582,0.5238095238095238,0.6875,0.5945945945945946,0.4444444444444444,0.2857142857142857,0.34782608695652173,22,8,20,10,32,28,42,18,0.42500000000000004,0.5113334538600816,0.5586762677771233,0.4698660714285714,0.267120279610673,0.729109395931009,0,probability_up,6
class__engineered_direction__equal_ensemble,class,engineered_direction,60,0.5,0.4910714285714286,0.4857142857142857,0.5263157894736842,0.625,0.5714285714285714,0.45454545454545453,0.35714285714285715,0.4,20,10,18,12,32,28,38,22,0.4,0.5358085732786008,0.5641825162470286,0.5089285714285714,0.27603225805530457,0.7499810213827096,0,probability_up,6
reg__basic__linear,reg,basic,60,0.5833333333333334,0.5915178571428572,0.5804195804195804,0.6521739130434783,0.46875,0.5454545454545454,0.5405405405405406,0.7142857142857143,0.6153846153846154,15,20,8,17,32,28,23,37,0.5,0.6188109384061391,0.5756377161815799,0.5758928571428572,,,0,uncalibrated_return_rank_score,6
reg__basic__xgb,reg,basic,60,0.5333333333333333,0.5267857142857143,0.5248868778280543,0.5555555555555556,0.625,0.5882352941176471,0.5,0.42857142857142855,0.46153846153846156,20,12,16,12,32,28,36,24,0.5,0.5959075196421442,0.6244865014233957,0.5803571428571428,,,0,uncalibrated_return_rank_score,6
reg__basic__forest,reg,basic,60,0.5666666666666667,0.5580357142857143,0.5542857142857143,0.5789473684210527,0.6875,0.6285714285714286,0.5454545454545454,0.42857142857142855,0.48,22,12,16,10,32,28,38,22,0.5,0.556679729157982,0.561771439796081,0.4977678571428571,,,0,uncalibrated_return_rank_score,6
reg__basic__equal_ensemble,reg,basic,60,0.5166666666666667,0.5200892857142857,0.5165323701028064,0.5555555555555556,0.46875,0.5084745762711864,0.48484848484848486,0.5714285714285714,0.5245901639344263,15,16,12,17,32,28,27,33,0.5,0.6038499341554173,0.6127984816970071,0.5602678571428572,,,0,uncalibrated_return_rank_score,6
reg__direction_core__linear,reg,direction_core,60,0.5666666666666667,0.5736607142857143,0.5647321428571428,0.625,0.46875,0.5357142857142857,0.5277777777777778,0.6785714285714286,0.59375,15,19,9,17,32,28,24,36,0.5,0.6087647575653996,0.560174698083025,0.5747767857142857,,,0,uncalibrated_return_rank_score,6
reg__direction_core__xgb,reg,direction_core,60,0.5833333333333334,0.578125,0.5775837792171219,0.6,0.65625,0.6268656716417911,0.56,0.5,0.5283018867924528,21,14,14,11,32,28,35,25,0.5,0.5967098459634301,0.6123771106299102,0.5859375,,,0,uncalibrated_return_rank_score,6
reg__direction_core__forest,reg,direction_core,60,0.5166666666666667,0.5111607142857143,0.5099971838918614,0.5428571428571428,0.59375,0.5671641791044776,0.48,0.42857142857142855,0.4528301886792453,19,12,16,13,32,28,35,25,0.5,0.537759643942036,0.5520229873070284,0.48549107142857145,,,0,uncalibrated_return_rank_score,6
reg__direction_core__equal_ensemble,reg,direction_core,60,0.5333333333333333,0.5334821428571428,0.5328142380422691,0.5666666666666667,0.53125,0.5483870967741935,0.5,0.5357142857142857,0.5172413793103449,17,15,13,15,32,28,30,30,0.5,0.6011296962667929,0.5782167841430819,0.5524553571428572,,,0,uncalibrated_return_rank_score,6
reg__engineered_direction__linear,reg,engineered_direction,60,0.5333333333333333,0.5401785714285714,0.53125,0.5833333333333334,0.4375,0.5,0.5,0.6428571428571429,0.5625,14,18,10,18,32,28,24,36,0.5,0.5769743816400661,0.5608351258325817,0.5479910714285714,,,0,uncalibrated_return_rank_score,6
reg__engineered_direction__xgb,reg,engineered_direction,60,0.5833333333333334,0.5736607142857143,0.5688416211555045,0.5897435897435898,0.71875,0.647887323943662,0.5714285714285714,0.42857142857142855,0.4897959183673469,23,12,16,9,32,28,39,21,0.5,0.6089650303102124,0.6424163042788397,0.6104910714285714,,,0,uncalibrated_return_rank_score,6
reg__engineered_direction__forest,reg,engineered_direction,60,0.48333333333333334,0.4732142857142857,0.4653636102328256,0.5128205128205128,0.625,0.5633802816901409,0.42857142857142855,0.32142857142857145,0.3673469387755102,20,9,19,12,32,28,39,21,0.5,0.5544994847708018,0.5693583358203338,0.49888392857142855,,,0,uncalibrated_return_rank_score,6
reg__engineered_direction__equal_ensemble,reg,engineered_direction,60,0.55,0.5513392857142857,0.5498749652681301,0.5862068965517241,0.53125,0.5573770491803278,0.5161290322580645,0.5714285714285714,0.5423728813559322,17,16,12,15,32,28,29,31,0.5,0.5764933263759455,0.5788528560083122,0.5602678571428572,,,0,uncalibrated_return_rank_score,6
selected_direction,class,basic,60,0.5,0.4799107142857143,0.4375,0.5208333333333334,0.78125,0.625,0.4166666666666667,0.17857142857142858,0.25,25,5,23,7,32,28,48,12,0.4,0.4813621921844382,0.4622806154960005,0.38392857142857145,0.27306240380788455,0.740029935278638,0,probability_up,6
selected_return,reg,direction_core,60,0.5833333333333334,0.578125,0.5775837792171219,0.6,0.65625,0.6268656716417911,0.56,0.5,0.5283018867924528,21,14,14,11,32,28,35,25,0.5,0.5967098459634301,0.6123771106299102,0.5859375,,,0,uncalibrated_return_rank_score,6
baseline_monthly_return,reg,previous,60,0.55,0.5401785714285714,0.5343489508479448,0.5641025641025641,0.6875,0.6197183098591549,0.5238095238095238,0.39285714285714285,0.4489795918367347,22,11,17,10,32,28,39,21,0.5,0.7054098873118099,0.5698524711869868,0.6194196428571428,,,0,uncalibrated_return_rank_score,6
baseline_paper_return,reg,previous,60,0.55,0.5491071428571428,0.5488721804511278,0.5806451612903226,0.5625,0.5714285714285714,0.5172413793103449,0.5357142857142857,0.5263157894736842,18,15,13,14,32,28,31,29,0.5,0.5641009110046076,0.5409199161335776,0.5479910714285714,,,0,uncalibrated_return_rank_score,6
baseline_mean_return,reg,previous,60,0.5333333333333333,0.5,0.34782608695652173,0.5333333333333333,1.0,0.6956521739130435,0.0,0.0,0.0,32,0,28,0,32,28,60,0,0.5,0.4864133422400584,0.442070152101837,0.43805803571428575,,,0,uncalibrated_return_rank_score,6
baseline_zero_return,reg,previous,60,0.5333333333333333,0.5,0.34782608695652173,0.5333333333333333,1.0,0.6956521739130435,0.0,0.0,0.0,32,0,28,0,32,28,60,0,0.5,0.5333333333333333,0.4666666666666667,0.5,,,0,uncalibrated_return_rank_score,6
baseline_majority,baseline,previous,60,0.4666666666666667,0.5,0.3181818181818182,0.0,0.0,0.0,0.4666666666666667,1.0,0.6363636363636364,0,28,0,32,32,28,0,60,0.5,0.4921754526945123,0.4381111982335776,0.4436383928571429,0.25163949661348733,0.6964280749938645,0,probability_up,6
always_up,baseline,previous,60,0.5333333333333333,0.5,0.34782608695652173,0.5333333333333333,1.0,0.6956521739130435,0.0,0.0,0.0,32,0,28,0,32,28,60,0,0.5,0.5333333333333333,0.4666666666666667,0.5,0.4666666666666667,16.820371581588002,0,probability_up,6
always_down,baseline,previous,60,0.4666666666666667,0.5,0.3181818181818182,0.0,0.0,0.0,0.4666666666666667,1.0,0.6363636363636364,0,28,0,32,32,28,0,60,0.5,0.5333333333333333,0.4666666666666667,0.5,0.5333333333333333,19.22328180752915,0,probability_up,6
class__basic__linear,class,basic,60,0.5,0.5252525252525253,0.4791666666666667,0.6,0.2727272727272727,0.375,0.4666666666666667,0.7777777777777778,0.5833333333333334,9,21,6,24,33,27,15,45,0.6000000000000002,0.5696268955647921,0.4227434523881199,0.4725028058361392,0.3529312929565697,1.1181290206389807,0,probability_up,7
class__basic__xgb,class,basic,60,0.4666666666666667,0.4377104377104377,0.4,0.5106382978723404,0.7272727272727273,0.6,0.3076923076923077,0.14814814814814814,0.2,24,4,23,9,33,27,47,13,0.4,0.4874098675855031,0.4413058599663441,0.36475869809203143,0.2765391870595487,0.7470686530834835,0,probability_up,7
class__basic__forest,class,basic,60,0.55,0.5168350168350169,0.47248453272549656,0.56,0.8484848484848485,0.6746987951807228,0.5,0.18518518518518517,0.2702702702702703,28,5,22,5,33,27,50,10,0.4,0.47679423218580463,0.47304350174903825,0.39618406285072955,0.27547722684935383,0.7457726643738797,0,probability_up,7
class__basic__equal_ensemble,class,basic,60,0.4166666666666667,0.43265993265993263,0.4086172909039707,0.45,0.2727272727272727,0.33962264150943394,0.4,0.5925925925925926,0.47761194029850745,9,16,11,24,33,27,20,40,0.5250000000000001,0.550637955973879,0.46320381761511903,0.4534231200897868,0.2863893643063457,0.7706808365539625,0,probability_up,7
class__direction_core__linear,class,direction_core,60,0.48333333333333334,0.5134680134680134,0.4488888888888889,0.5833333333333334,0.21212121212121213,0.3111111111111111,0.4583333333333333,0.8148148148148148,0.5866666666666667,7,22,5,26,33,27,12,48,0.6500000000000002,0.5468288057191323,0.4492319386954995,0.4713804713804714,0.3679976941833095,1.1715142087036463,0,probability_up,7
class__direction_core__xgb,class,direction_core,60,0.4666666666666667,0.43434343434343436,0.3838254172015404,0.5102040816326531,0.7575757575757576,0.6097560975609756,0.2727272727272727,0.1111111111111111,0.15789473684210525,25,3,24,8,33,27,49,11,0.4,0.5109728096117284,0.4310143919693179,0.40852974186307517,0.27239373201095923,0.7390306993997705,0,probability_up,7
class__direction_core__forest,class,direction_core,60,0.4666666666666667,0.4579124579124579,0.4570135746606335,0.5142857142857142,0.5454545454545454,0.5294117647058824,0.4,0.37037037037037035,0.38461538461538464,18,10,17,15,33,27,35,25,0.4750000000000001,0.48675636011414547,0.49427436895808985,0.41301907968574636,0.2757938022953686,0.7460687237783757,0,probability_up,7
class__direction_core__equal_ensemble,class,direction_core,60,0.45,0.46632996632996637,0.442410588566601,0.5,0.30303030303030304,0.37735849056603776,0.425,0.6296296296296297,0.5074626865671642,10,17,10,23,33,27,20,40,0.5250000000000001,0.5294698491932679,0.437018476888052,0.44332210998877664,0.28846799994947625,0.7758738015140185,0,probability_up,7
class__engineered_direction__linear,class,engineered_direction,60,0.5,0.5117845117845118,0.49776785714285715,0.5652173913043478,0.3939393939393939,0.4642857142857143,0.4594594594594595,0.6296296296296297,0.53125,13,17,10,20,33,27,23,37,0.42500000000000004,0.5279539094456532,0.479515651070966,0.4747474747474748,0.3902188552801224,1.2305165567802598,0,probability_up,7
class__engineered_direction__xgb,class,engineered_direction,60,0.5833333333333334,0.5471380471380471,0.4957983193277311,0.5769230769230769,0.9090909090909091,0.7058823529411765,0.625,0.18518518518518517,0.2857142857142857,30,5,22,3,33,27,52,8,0.4,0.5464163576235663,0.5125847004630142,0.45791245791245794,0.2661737567300995,0.7263319764605044,0,probability_up,7
class__engineered_direction__forest,class,engineered_direction,60,0.5,0.47474747474747475,0.45054945054945056,0.5333333333333333,0.7272727272727273,0.6153846153846154,0.4,0.2222222222222222,0.2857142857142857,24,6,21,9,33,27,45,15,0.42500000000000004,0.497614117567232,0.5254996027907214,0.430976430976431,0.27249688014705525,0.7400822572533664,0,probability_up,7
class__engineered_direction__equal_ensemble,class,engineered_direction,60,0.4166666666666667,0.4057239057239057,0.4032395566922421,0.4722222222222222,0.5151515151515151,0.4927536231884058,0.3333333333333333,0.2962962962962963,0.3137254901960784,17,8,19,16,33,27,36,24,0.4,0.547597753035614,0.5298118146095367,0.4747474747474748,0.28855666695883847,0.7769858365500559,0,probability_up,7
reg__basic__linear,reg,basic,60,0.5166666666666667,0.5303030303030303,0.5132867132867133,0.5909090909090909,0.3939393939393939,0.4727272727272727,0.47368421052631576,0.6666666666666666,0.5538461538461539,13,18,9,20,33,27,22,38,0.5,0.6025070461332245,0.48214160366813436,0.5230078563411897,,,0,uncalibrated_return_rank_score,7
reg__basic__xgb,reg,basic,60,0.48333333333333334,0.4730639730639731,0.4714407502131287,0.5277777777777778,0.5757575757575758,0.5507246376811594,0.4166666666666667,0.37037037037037035,0.39215686274509803,19,10,17,14,33,27,36,24,0.5,0.5756910293855506,0.5269707520871381,0.5028058361391694,,,0,uncalibrated_return_rank_score,7
reg__basic__forest,reg,basic,60,0.4666666666666667,0.4579124579124579,0.4570135746606335,0.5142857142857142,0.5454545454545454,0.5294117647058824,0.4,0.37037037037037035,0.38461538461538464,18,10,17,15,33,27,35,25,0.5,0.5434164790584576,0.4803704681291249,0.44332210998877664,,,0,uncalibrated_return_rank_score,7
reg__basic__equal_ensemble,reg,basic,60,0.4666666666666667,0.47474747474747475,0.4660734149054505,0.52,0.3939393939393939,0.4482758620689655,0.42857142857142855,0.5555555555555556,0.4838709677419355,13,15,12,20,33,27,25,35,0.5,0.5930299955541524,0.4938909483100896,0.49719416386083054,,,0,uncalibrated_return_rank_score,7
reg__direction_core__linear,reg,direction_core,60,0.55,0.5673400673400673,0.5437904815544916,0.65,0.3939393939393939,0.49056603773584906,0.5,0.7407407407407407,0.5970149253731343,13,20,7,20,33,27,20,40,0.5,0.5892394806996945,0.4827551251334857,0.5252525252525252,,,0,uncalibrated_return_rank_score,7
reg__direction_core__xgb,reg,direction_core,60,0.48333333333333334,0.4764309764309764,0.4762038862292312,0.5294117647058824,0.5454545454545454,0.5373134328358209,0.4230769230769231,0.4074074074074074,0.41509433962264153,18,11,16,15,33,27,34,26,0.5,0.575796405766989,0.5229509947056905,0.5134680134680135,,,0,uncalibrated_return_rank_score,7
reg__direction_core__forest,reg,direction_core,60,0.48333333333333334,0.4764309764309764,0.4762038862292312,0.5294117647058824,0.5454545454545454,0.5373134328358209,0.4230769230769231,0.4074074074074074,0.41509433962264153,18,11,16,15,33,27,34,26,0.5,0.5220766906219448,0.45974320865102863,0.42424242424242425,,,0,uncalibrated_return_rank_score,7
reg__direction_core__equal_ensemble,reg,direction_core,60,0.45,0.4562289562289562,0.44984717977215893,0.5,0.3939393939393939,0.4406779661016949,0.4117647058823529,0.5185185185185185,0.45901639344262296,13,14,13,20,33,27,26,34,0.5,0.5672667783665958,0.4810724383786346,0.4915824915824916,,,0,uncalibrated_return_rank_score,7
reg__engineered_direction__linear,reg,engineered_direction,60,0.4666666666666667,0.4814814814814815,0.4612794612794613,0.5238095238095238,0.3333333333333333,0.4074074074074074,0.4358974358974359,0.6296296296296297,0.5151515151515151,11,17,10,22,33,27,21,39,0.5,0.5615483897861557,0.49940458594283565,0.516273849607183,,,0,uncalibrated_return_rank_score,7
reg__engineered_direction__xgb,reg,engineered_direction,60,0.5833333333333334,0.5707070707070707,0.5688416211555045,0.6052631578947368,0.696969696969697,0.647887323943662,0.5454545454545454,0.4444444444444444,0.4897959183673469,23,12,15,10,33,27,38,22,0.5,0.5955671620281723,0.545500968107429,0.5499438832772167,,,0,uncalibrated_return_rank_score,7
reg__engineered_direction__forest,reg,engineered_direction,60,0.45,0.43602693602693604,0.4308709399252658,0.5,0.5757575757575758,0.5352112676056338,0.36363636363636365,0.2962962962962963,0.32653061224489793,19,8,19,14,33,27,38,22,0.5,0.5868669268919823,0.48033976810881235,0.4702581369248036,,,0,uncalibrated_return_rank_score,7
reg__engineered_direction__equal_ensemble,reg,engineered_direction,60,0.5,0.5016835016835017,0.4994438264738599,0.5517241379310345,0.48484848484848486,0.5161290322580645,0.45161290322580644,0.5185185185185185,0.4827586206896552,16,14,13,17,33,27,29,31,0.5,0.5603110770557027,0.49091819422657035,0.510662177328844,,,0,uncalibrated_return_rank_score,7
selected_direction,class,basic,60,0.4666666666666667,0.4377104377104377,0.4,0.5106382978723404,0.7272727272727273,0.6,0.3076923076923077,0.14814814814814814,0.2,24,4,23,9,33,27,47,13,0.4,0.4874098675855031,0.4413058599663441,0.36475869809203143,0.2765391870595487,0.7470686530834835,0,probability_up,7
selected_return,reg,direction_core,60,0.48333333333333334,0.4764309764309764,0.4762038862292312,0.5294117647058824,0.5454545454545454,0.5373134328358209,0.4230769230769231,0.4074074074074074,0.41509433962264153,18,11,16,15,33,27,34,26,0.5,0.575796405766989,0.5229509947056905,0.5134680134680135,,,0,uncalibrated_return_rank_score,7
baseline_monthly_return,reg,previous,60,0.5666666666666667,0.5521885521885522,0.548611111111111,0.5897435897435898,0.696969696969697,0.6388888888888888,0.5238095238095238,0.4074074074074074,0.4583333333333333,23,11,16,10,33,27,39,21,0.5,0.6867095055043443,0.5197684108275187,0.5925925925925926,,,0,uncalibrated_return_rank_score,7
baseline_paper_return,reg,previous,60,0.6,0.6026936026936027,0.5995550611790879,0.6551724137931034,0.5757575757575758,0.6129032258064516,0.5483870967741935,0.6296296296296297,0.5862068965517241,19,17,10,14,33,27,29,31,0.5,0.571998117846846,0.5029584096912016,0.5488215488215489,,,0,uncalibrated_return_rank_score,7
baseline_mean_return,reg,previous,60,0.55,0.5,0.3548387096774194,0.55,1.0,0.7096774193548387,0.0,0.0,0.0,33,0,27,0,33,27,60,0,0.5,0.5094202569273407,0.4234014448666717,0.4427609427609428,,,0,uncalibrated_return_rank_score,7
baseline_zero_return,reg,previous,60,0.55,0.5,0.3548387096774194,0.55,1.0,0.7096774193548387,0.0,0.0,0.0,33,0,27,0,33,27,60,0,0.5,0.55,0.45,0.5,,,0,uncalibrated_return_rank_score,7
baseline_majority,baseline,previous,60,0.45,0.5,0.3103448275862069,0.0,0.0,0.0,0.45,1.0,0.6206896551724138,0,27,0,33,33,27,0,60,0.5,0.5074773834460484,0.41697578818215036,0.43939393939393945,0.2521358617271119,0.6974211838910632,0,probability_up,7
always_up,baseline,previous,60,0.55,0.5,0.3548387096774194,0.55,1.0,0.7096774193548387,0.0,0.0,0.0,33,0,27,0,33,27,60,0,0.5,0.55,0.45,0.5,0.45,16.219644025102717,0,probability_up,7
always_down,baseline,previous,60,0.45,0.5,0.3103448275862069,0.0,0.0,0.0,0.45,1.0,0.6206896551724138,0,27,0,33,33,27,0,60,0.5,0.55,0.45,0.5,0.55,19.82400936401444,0,probability_up,7
class__basic__linear,class,basic,60,0.5,0.5485714285714285,0.4791666666666667,0.6923076923076923,0.2571428571428571,0.375,0.44680851063829785,0.84,0.5833333333333334,9,21,4,26,35,25,13,47,0.6000000000000002,0.584927517719212,0.37200823964140317,0.4228571428571428,0.3775074883286148,1.169362006478974,0,probability_up,8
class__basic__xgb,class,basic,60,0.5,0.45142857142857146,0.42233632862644416,0.5531914893617021,0.7428571428571429,0.6341463414634146,0.3076923076923077,0.16,0.21052631578947367,26,4,21,9,35,25,47,13,0.4,0.5171057499332422,0.40407570070506316,0.3668571428571429,0.27781322847854756,0.7498359418097424,0,probability_up,8
class__basic__forest,class,basic,60,0.5833333333333334,0.5285714285714286,0.4957983193277311,0.6,0.8571428571428571,0.7058823529411765,0.5,0.2,0.2857142857142857,30,5,20,5,35,25,50,10,0.4,0.5618970394242672,0.46581220244532595,0.43657142857142855,0.26839721061978594,0.7302899897486808,0,probability_up,8
class__basic__equal_ensemble,class,basic,60,0.4166666666666667,0.44285714285714284,0.4125874125874126,0.5,0.2857142857142857,0.36363636363636365,0.375,0.6,0.46153846153846156,10,15,10,25,35,25,20,40,0.5250000000000001,0.5768019582368153,0.4160449388377929,0.42971428571428566,0.292971244836785,0.7839275062536644,0,probability_up,8
class__direction_core__linear,class,direction_core,60,0.45,0.5057142857142857,0.41333333333333333,0.6,0.17142857142857143,0.26666666666666666,0.42,0.84,0.56,6,21,4,29,35,25,10,50,0.6500000000000002,0.5790569351722886,0.3643542085677876,0.4297142857142857,0.38863373623106484,1.2246460676259088,0,probability_up,8
class__direction_core__xgb,class,direction_core,60,0.5,0.44571428571428573,0.40476190476190477,0.5510204081632653,0.7714285714285715,0.6428571428571429,0.2727272727272727,0.12,0.16666666666666666,27,3,22,8,35,25,49,11,0.4,0.5270226587813396,0.3782462248258269,0.38171428571428573,0.2758296705533358,0.7460567097341176,0,probability_up,8
class__direction_core__forest,class,direction_core,60,0.5166666666666667,0.5,0.49985628054038517,0.5833333333333334,0.6,0.5915492957746479,0.4166666666666667,0.4,0.40816326530612246,21,10,15,14,35,25,36,24,0.4750000000000001,0.5660302250036744,0.4897666002250984,0.44685714285714284,0.2679838532633361,0.7295177852799564,0,probability_up,8
class__direction_core__equal_ensemble,class,direction_core,60,0.45,0.4828571428571429,0.442410588566601,0.5555555555555556,0.2857142857142857,0.37735849056603776,0.40476190476190477,0.68,0.5074626865671642,10,17,8,25,35,25,18,42,0.5250000000000001,0.5537676206956113,0.41354524458923314,0.42857142857142855,0.29386131625021633,0.7862398031101685,0,probability_up,8
class__engineered_direction__linear,class,engineered_direction,60,0.5,0.52,0.4994438264738599,0.6086956521739131,0.4,0.4827586206896552,0.43243243243243246,0.64,0.5161290322580645,14,16,9,21,35,25,23,37,0.42500000000000004,0.5472732561046141,0.41137708365868714,0.4445714285714286,0.3994387327084731,1.2452988450506457,0,probability_up,8
class__engineered_direction__xgb,class,engineered_direction,60,0.5666666666666667,0.5142857142857143,0.48412698412698413,0.5918367346938775,0.8285714285714286,0.6904761904761905,0.45454545454545453,0.2,0.2777777777777778,29,5,20,6,35,25,49,11,0.4,0.5747508319901113,0.4409199485037394,0.4594285714285714,0.26714330023886,0.728630805677174,0,probability_up,8
class__engineered_direction__forest,class,engineered_direction,60,0.5333333333333333,0.48571428571428577,0.4608472400513479,0.574468085106383,0.7714285714285715,0.6585365853658537,0.38461538461538464,0.2,0.2631578947368421,27,5,20,8,35,25,47,13,0.42500000000000004,0.5580275818955738,0.4814633011682469,0.424,0.27150056005090206,0.7370323752328809,0,probability_up,8
class__engineered_direction__equal_ensemble,class,engineered_direction,60,0.43333333333333335,0.41714285714285715,0.41714285714285715,0.5142857142857142,0.5142857142857142,0.5142857142857142,0.32,0.32,0.32,18,8,17,17,35,25,35,25,0.4,0.577060807277522,0.4627024564264374,0.4605714285714286,0.29335783126977416,0.786626459828561,0,probability_up,8
reg__basic__linear,reg,basic,60,0.45,0.46571428571428575,0.44984717977215893,0.5416666666666666,0.37142857142857144,0.4406779661016949,0.3888888888888889,0.56,0.45901639344262296,13,14,11,22,35,25,24,36,0.5,0.6073516688670989,0.41118295370020663,0.4662857142857143,,,0,uncalibrated_return_rank_score,8
reg__basic__xgb,reg,basic,60,0.43333333333333335,0.41714285714285715,0.41714285714285715,0.5142857142857142,0.5142857142857142,0.5142857142857142,0.32,0.32,0.32,18,8,17,17,35,25,35,25,0.5,0.5782472729008873,0.4888493680713481,0.46514285714285714,,,0,uncalibrated_return_rank_score,8
reg__basic__forest,reg,basic,60,0.4666666666666667,0.4514285714285714,0.4514285714285714,0.5428571428571428,0.5428571428571428,0.5428571428571428,0.36,0.36,0.36,19,9,16,16,35,25,35,25,0.5,0.5889039220630315,0.47570388143914205,0.4708571428571428,,,0,uncalibrated_return_rank_score,8
reg__basic__equal_ensemble,reg,basic,60,0.38333333333333336,0.40285714285714286,0.3817878028404344,0.45454545454545453,0.2857142857142857,0.3508771929824561,0.34210526315789475,0.52,0.4126984126984127,10,13,12,25,35,25,22,38,0.5,0.582112890785685,0.4592979803141045,0.45485714285714285,,,0,uncalibrated_return_rank_score,8
reg__direction_core__linear,reg,direction_core,60,0.5,0.5257142857142858,0.49776785714285715,0.6190476190476191,0.37142857142857144,0.4642857142857143,0.4358974358974359,0.68,0.53125,13,17,8,22,35,25,21,39,0.5,0.6009773736099728,0.3991880392437508,0.4685714285714285,,,0,uncalibrated_return_rank_score,8
reg__direction_core__xgb,reg,direction_core,60,0.5,0.4857142857142857,0.4857142857142857,0.5714285714285714,0.5714285714285714,0.5714285714285714,0.4,0.4,0.4,20,10,15,15,35,25,35,25,0.5,0.5717598499488611,0.4618143338011865,0.4674285714285714,,,0,uncalibrated_return_rank_score,8
reg__direction_core__forest,reg,direction_core,60,0.5333333333333333,0.5142857142857142,0.513888888888889,0.5945945945945946,0.6285714285714286,0.6111111111111112,0.43478260869565216,0.4,0.4166666666666667,22,10,15,13,35,25,37,23,0.5,0.5777435456192012,0.47094949085200266,0.46514285714285714,,,0,uncalibrated_return_rank_score,8
reg__direction_core__equal_ensemble,reg,direction_core,60,0.43333333333333335,0.44571428571428573,0.43333333333333335,0.52,0.37142857142857144,0.43333333333333335,0.37142857142857144,0.52,0.43333333333333335,13,13,12,22,35,25,25,35,0.5,0.5821150682542875,0.4215111258258993,0.45257142857142857,,,0,uncalibrated_return_rank_score,8
reg__engineered_direction__linear,reg,engineered_direction,60,0.5,0.5257142857142858,0.49776785714285715,0.6190476190476191,0.37142857142857144,0.4642857142857143,0.4358974358974359,0.68,0.53125,13,17,8,22,35,25,21,39,0.5,0.5782538021881305,0.42221255910082245,0.4868571428571428,,,0,uncalibrated_return_rank_score,8
reg__engineered_direction__xgb,reg,engineered_direction,60,0.5333333333333333,0.52,0.52,0.6,0.6,0.6,0.44,0.44,0.44,21,11,14,14,35,25,35,25,0.5,0.6133893078378512,0.4877512833369706,0.5405714285714286,,,0,uncalibrated_return_rank_score,8
reg__engineered_direction__forest,reg,engineered_direction,60,0.4666666666666667,0.44571428571428573,0.4444444444444444,0.5405405405405406,0.5714285714285714,0.5555555555555556,0.34782608695652173,0.32,0.3333333333333333,20,8,17,15,35,25,37,23,0.5,0.5779997055009245,0.4614004900911937,0.47428571428571425,,,0,uncalibrated_return_rank_score,8
reg__engineered_direction__equal_ensemble,reg,engineered_direction,60,0.4666666666666667,0.4685714285714285,0.4642857142857143,0.5517241379310345,0.45714285714285713,0.5,0.3870967741935484,0.48,0.42857142857142855,16,12,13,19,35,25,29,31,0.5,0.5959875396490409,0.4328069279164037,0.49142857142857144,,,0,uncalibrated_return_rank_score,8
selected_direction,class,basic,60,0.5,0.45142857142857146,0.42233632862644416,0.5531914893617021,0.7428571428571429,0.6341463414634146,0.3076923076923077,0.16,0.21052631578947367,26,4,21,9,35,25,47,13,0.4,0.5171057499332422,0.40407570070506316,0.3668571428571429,0.27781322847854756,0.7498359418097424,0,probability_up,8
selected_return,reg,direction_core,60,0.5,0.4857142857142857,0.4857142857142857,0.5714285714285714,0.5714285714285714,0.5714285714285714,0.4,0.4,0.4,20,10,15,15,35,25,35,25,0.5,0.5717598499488611,0.4618143338011865,0.4674285714285714,,,0,uncalibrated_return_rank_score,8
baseline_monthly_return,reg,previous,60,0.55,0.5285714285714286,0.5278344505974935,0.6052631578947368,0.6571428571428571,0.6301369863013698,0.45454545454545453,0.4,0.425531914893617,23,10,15,12,35,25,38,22,0.5,0.6754257224259556,0.5273800715642302,0.5805714285714285,,,0,uncalibrated_return_rank_score,8
baseline_paper_return,reg,previous,60,0.5,0.5028571428571429,0.49776785714285715,0.5862068965517241,0.4857142857142857,0.53125,0.41935483870967744,0.52,0.4642857142857143,17,13,12,18,35,25,29,31,0.5,0.5973932822562067,0.45245840474048143,0.4925714285714285,,,0,uncalibrated_return_rank_score,8
baseline_mean_return,reg,previous,60,0.5833333333333334,0.5,0.3684210526315789,0.5833333333333334,1.0,0.7368421052631579,0.0,0.0,0.0,35,0,25,0,35,25,60,0,0.5,0.5563321170374357,0.38406231983714273,0.43599999999999994,,,0,uncalibrated_return_rank_score,8
baseline_zero_return,reg,previous,60,0.5833333333333334,0.5,0.3684210526315789,0.5833333333333334,1.0,0.7368421052631579,0.0,0.0,0.0,35,0,25,0,35,25,60,0,0.5,0.5833333333333334,0.4166666666666667,0.5,,,0,uncalibrated_return_rank_score,8
baseline_majority,baseline,previous,60,0.4166666666666667,0.5,0.29411764705882354,0.0,0.0,0.0,0.4166666666666667,1.0,0.5882352941176471,0,25,0,35,35,25,0,60,0.5,0.5169637181833113,0.3665614045875735,0.3994285714285714,0.253477978419057,0.7001068641755811,0,probability_up,8
always_up,baseline,previous,60,0.5833333333333334,0.5,0.3684210526315789,0.5833333333333334,1.0,0.7368421052631579,0.0,0.0,0.0,35,0,25,0,35,25,60,0,0.5,0.5833333333333334,0.4166666666666667,0.5,0.4166666666666667,15.018188912132148,0,probability_up,8
always_down,baseline,previous,60,0.4166666666666667,0.5,0.29411764705882354,0.0,0.0,0.0,0.4166666666666667,1.0,0.5882352941176471,0,25,0,35,35,25,0,60,0.5,0.5833333333333334,0.4166666666666667,0.5,0.5833333333333334,21.02546447698501,0,probability_up,8
class__basic__linear,class,basic,60,0.5833333333333334,0.5982142857142857,0.5688416211555045,0.7058823529411765,0.375,0.4897959183673469,0.5348837209302325,0.8214285714285714,0.647887323943662,12,23,5,20,32,28,17,43,0.6000000000000002,0.6405305907819625,0.5080674193643941,0.5625,0.3057393767753775,0.937135132363142,0,probability_up,9
class__basic__xgb,class,basic,60,0.55,0.53125,0.4998456313677061,0.5531914893617021,0.8125,0.6582278481012658,0.5384615384615384,0.25,0.34146341463414637,26,7,21,6,32,28,47,13,0.4,0.49206091188830114,0.4725916077482867,0.43415178571428575,0.2708239466173559,0.7362877323646015,0,probability_up,9
class__basic__forest,class,basic,60,0.55,0.5334821428571428,0.5107218363032316,0.5555555555555556,0.78125,0.6493506493506493,0.5333333333333333,0.2857142857142857,0.37209302325581395,25,8,20,7,32,28,45,15,0.4,0.5257086129130903,0.5010519733490568,0.4553571428571428,0.27173263396458663,0.7380047456317045,0,probability_up,9
class__basic__equal_ensemble,class,basic,60,0.48333333333333334,0.4955357142857143,0.4714407502131287,0.5263157894736842,0.3125,0.39215686274509803,0.4634146341463415,0.6785714285714286,0.5507246376811594,10,19,9,22,32,28,19,41,0.5250000000000001,0.6162969490105237,0.5180390694712775,0.5167410714285715,0.26711604644644915,0.7299984528534039,0,probability_up,9
class__direction_core__linear,class,direction_core,60,0.55,0.5691964285714286,0.52,0.6923076923076923,0.28125,0.4,0.5106382978723404,0.8571428571428571,0.64,9,24,4,23,32,28,13,47,0.6500000000000002,0.661143194279408,0.530018143788197,0.5870535714285714,0.298512342194846,0.9274742465354078,0,probability_up,9
class__direction_core__xgb,class,direction_core,60,0.5333333333333333,0.5133928571428571,0.475,0.5416666666666666,0.8125,0.65,0.5,0.21428571428571427,0.3,26,6,22,6,32,28,48,12,0.4,0.525828762141866,0.4951092063297498,0.47544642857142855,0.2644046595002468,0.7229851724671149,0,probability_up,9
class__direction_core__forest,class,direction_core,60,0.45,0.4464285714285714,0.4461538461538462,0.48484848484848486,0.5,0.49230769230769234,0.4074074074074074,0.39285714285714285,0.4,16,11,17,16,32,28,33,27,0.4750000000000001,0.5625658437298772,0.5193103672887567,0.4799107142857143,0.26571042151940255,0.7250268686848057,0,probability_up,9
class__direction_core__equal_ensemble,class,direction_core,60,0.48333333333333334,0.4955357142857143,0.4714407502131287,0.5263157894736842,0.3125,0.39215686274509803,0.4634146341463415,0.6785714285714286,0.5507246376811594,10,19,9,22,32,28,19,41,0.5250000000000001,0.6363339273217604,0.5416082289462915,0.5357142857142857,0.2607677832236201,0.7161519638604693,0,probability_up,9
class__engineered_direction__linear,class,engineered_direction,60,0.55,0.5535714285714286,0.5498749652681301,0.5925925925925926,0.5,0.5423728813559322,0.5151515151515151,0.6071428571428571,0.5573770491803278,16,17,11,16,32,28,27,33,0.42500000000000004,0.5903017480336835,0.5888487417453372,0.5714285714285714,0.32187890499206123,0.9845404066381517,0,probability_up,9
class__engineered_direction__xgb,class,engineered_direction,60,0.5666666666666667,0.546875,0.5125,0.5625,0.84375,0.675,0.5833333333333334,0.25,0.35,27,7,21,5,32,28,48,12,0.4,0.5857181414065443,0.5446529639010079,0.578125,0.25015117790176716,0.6952024822305926,0,probability_up,9
class__engineered_direction__forest,class,engineered_direction,60,0.5333333333333333,0.5200892857142857,0.5064629847238543,0.5476190476190477,0.71875,0.6216216216216216,0.5,0.32142857142857145,0.391304347826087,23,9,19,9,32,28,42,18,0.42500000000000004,0.5764347878494029,0.47290519709283263,0.5100446428571429,0.25981826819991954,0.7138752690571933,0,probability_up,9
class__engineered_direction__equal_ensemble,class,engineered_direction,60,0.55,0.5401785714285714,0.5343489508479448,0.5641025641025641,0.6875,0.6197183098591549,0.5238095238095238,0.39285714285714285,0.4489795918367347,22,11,17,10,32,28,39,21,0.4,0.6091984652638454,0.5436331522462581,0.5758928571428572,0.2590994147286068,0.7146163049310305,0,probability_up,9
reg__basic__linear,reg,basic,60,0.5333333333333333,0.5424107142857143,0.5286195286195287,0.5909090909090909,0.40625,0.48148148148148145,0.5,0.6785714285714286,0.5757575757575758,13,19,9,19,32,28,22,38,0.5,0.6739810679522076,0.5442219282186976,0.5636160714285715,,,0,uncalibrated_return_rank_score,9
reg__basic__xgb,reg,basic,60,0.4666666666666667,0.4575892857142857,0.4514285714285714,0.5,0.59375,0.5428571428571428,0.4090909090909091,0.32142857142857145,0.36,19,9,19,13,32,28,38,22,0.5,0.5517174581232237,0.532827558777785,0.4888392857142857,,,0,uncalibrated_return_rank_score,9
reg__basic__forest,reg,basic,60,0.48333333333333334,0.4776785714285714,0.4762038862292312,0.5142857142857142,0.5625,0.5373134328358209,0.44,0.39285714285714285,0.41509433962264153,18,11,17,14,32,28,35,25,0.5,0.4774261066805689,0.46079443638280226,0.4196428571428571,,,0,uncalibrated_return_rank_score,9
reg__basic__equal_ensemble,reg,basic,60,0.45,0.453125,0.44984717977215893,0.48148148148148145,0.40625,0.4406779661016949,0.42424242424242425,0.5,0.45901639344262296,13,14,14,19,32,28,27,33,0.5,0.6058289496476168,0.5165731151086617,0.5078125,,,0,uncalibrated_return_rank_score,9
reg__direction_core__linear,reg,direction_core,60,0.55,0.5580357142857143,0.5468531468531468,0.6086956521739131,0.4375,0.509090909090909,0.5135135135135135,0.6785714285714286,0.5846153846153846,14,19,9,18,32,28,23,37,0.5,0.6644266547595507,0.5574209900331548,0.5725446428571429,,,0,uncalibrated_return_rank_score,9
reg__direction_core__xgb,reg,direction_core,60,0.4666666666666667,0.4598214285714286,0.4570135746606335,0.5,0.5625,0.5294117647058824,0.4166666666666667,0.35714285714285715,0.38461538461538464,18,10,18,14,32,28,36,24,0.5,0.5470672735642959,0.5155522726504477,0.4866071428571429,,,0,uncalibrated_return_rank_score,9
reg__direction_core__forest,reg,direction_core,60,0.48333333333333334,0.4776785714285714,0.4762038862292312,0.5142857142857142,0.5625,0.5373134328358209,0.44,0.39285714285714285,0.41509433962264153,18,11,17,14,32,28,35,25,0.5,0.5051698909985989,0.46678959859116875,0.4352678571428572,,,0,uncalibrated_return_rank_score,9
reg__direction_core__equal_ensemble,reg,direction_core,60,0.45,0.45089285714285715,0.44984717977215893,0.4827586206896552,0.4375,0.45901639344262296,0.41935483870967744,0.4642857142857143,0.4406779661016949,14,13,15,18,32,28,29,31,0.5,0.6144199908488255,0.5149915000560249,0.5122767857142857,,,0,uncalibrated_return_rank_score,9
reg__engineered_direction__linear,reg,engineered_direction,60,0.5166666666666667,0.5200892857142857,0.5165323701028064,0.5555555555555556,0.46875,0.5084745762711864,0.48484848484848486,0.5714285714285714,0.5245901639344263,15,16,12,17,32,28,27,33,0.5,0.5854780559174684,0.594958589878001,0.5647321428571428,,,0,uncalibrated_return_rank_score,9
reg__engineered_direction__xgb,reg,engineered_direction,60,0.6,0.59375,0.5927601809954751,0.6111111111111112,0.6875,0.6470588235294118,0.5833333333333334,0.5,0.5384615384615384,22,14,14,10,32,28,36,24,0.5,0.5702465584620571,0.5418926063503482,0.5513392857142857,,,0,uncalibrated_return_rank_score,9
reg__engineered_direction__forest,reg,engineered_direction,60,0.5,0.4888392857142857,0.4791666666666667,0.525,0.65625,0.5833333333333334,0.45,0.32142857142857145,0.375,21,9,19,11,32,28,40,20,0.5,0.5446086394379188,0.480922051854095,0.4799107142857143,,,0,uncalibrated_return_rank_score,9
reg__engineered_direction__equal_ensemble,reg,engineered_direction,60,0.48333333333333334,0.48214285714285715,0.48203842940685043,0.5161290322580645,0.5,0.5079365079365079,0.4482758620689655,0.4642857142857143,0.45614035087719296,16,13,15,16,32,28,31,29,0.5,0.5728411604773185,0.5772761565280978,0.5401785714285714,,,0,uncalibrated_return_rank_score,9
selected_direction,class,basic,60,0.55,0.53125,0.4998456313677061,0.5531914893617021,0.8125,0.6582278481012658,0.5384615384615384,0.25,0.34146341463414637,26,7,21,6,32,28,47,13,0.4,0.49206091188830114,0.4725916077482867,0.43415178571428575,0.2708239466173559,0.7362877323646015,0,probability_up,9
selected_return,reg,direction_core,60,0.4666666666666667,0.4598214285714286,0.4570135746606335,0.5,0.5625,0.5294117647058824,0.4166666666666667,0.35714285714285715,0.38461538461538464,18,10,18,14,32,28,36,24,0.5,0.5470672735642959,0.5155522726504477,0.4866071428571429,,,0,uncalibrated_return_rank_score,9
baseline_monthly_return,reg,previous,60,0.5833333333333334,0.5758928571428572,0.5737425404944586,0.5945945945945946,0.6875,0.6376811594202898,0.5652173913043478,0.4642857142857143,0.5098039215686274,22,13,15,10,32,28,37,23,0.5,0.6875467068749165,0.6618557681038109,0.6450892857142857,,,0,uncalibrated_return_rank_score,9
baseline_paper_return,reg,previous,60,0.5666666666666667,0.5691964285714286,0.5666666666666667,0.6071428571428571,0.53125,0.5666666666666667,0.53125,0.6071428571428571,0.5666666666666667,17,17,11,15,32,28,28,32,0.5,0.5794338075946711,0.5397763254083148,0.5424107142857143,,,0,uncalibrated_return_rank_score,9
baseline_mean_return,reg,previous,60,0.5333333333333333,0.5,0.34782608695652173,0.5333333333333333,1.0,0.6956521739130435,0.0,0.0,0.0,32,0,28,0,32,28,60,0,0.5,0.472163304070063,0.41512814894714845,0.4068080357142857,,,0,uncalibrated_return_rank_score,9
baseline_zero_return,reg,previous,60,0.5333333333333333,0.5,0.34782608695652173,0.5333333333333333,1.0,0.6956521739130435,0.0,0.0,0.0,32,0,28,0,32,28,60,0,0.5,0.5333333333333333,0.4666666666666667,0.5,,,0,uncalibrated_return_rank_score,9
baseline_majority,baseline,previous,60,0.4666666666666667,0.5,0.3181818181818182,0.0,0.0,0.0,0.4666666666666667,1.0,0.6363636363636364,0,28,0,32,32,28,0,60,0.5,0.46561842640284734,0.4046824176088053,0.3911830357142857,0.25191325495401606,0.6969762298088009,0,probability_up,9
always_up,baseline,previous,60,0.5333333333333333,0.5,0.34782608695652173,0.5333333333333333,1.0,0.6956521739130435,0.0,0.0,0.0,32,0,28,0,32,28,60,0,0.5,0.5333333333333333,0.4666666666666667,0.5,0.4666666666666667,16.820371581588002,0,probability_up,9
always_down,baseline,previous,60,0.4666666666666667,0.5,0.3181818181818182,0.0,0.0,0.0,0.4666666666666667,1.0,0.6363636363636364,0,28,0,32,32,28,0,60,0.5,0.5333333333333333,0.4666666666666667,0.5,0.5333333333333333,19.22328180752915,0,probability_up,9
class__basic__linear,class,basic,60,0.6,0.6000000000000001,0.5885714285714285,0.65,0.43333333333333335,0.52,0.575,0.7666666666666667,0.6571428571428571,13,23,7,17,30,30,20,40,0.6000000000000002,0.5815028355759574,0.6357659368082813,0.6322222222222222,0.28376296697868236,0.8683985575250461,0,probability_up,10
class__basic__xgb,class,basic,60,0.5833333333333334,0.5833333333333334,0.546964663243733,0.5531914893617021,0.8666666666666667,0.6753246753246753,0.6923076923076923,0.3,0.4186046511627907,26,9,21,4,30,30,47,13,0.4,0.5306313370388079,0.5690548498621347,0.5255555555555556,0.2564888981169978,0.7065023905553992,0,probability_up,10
class__basic__forest,class,basic,60,0.5333333333333333,0.5333333333333333,0.49760765550239233,0.5217391304347826,0.8,0.631578947368421,0.5714285714285714,0.26666666666666666,0.36363636363636365,24,8,22,6,30,30,46,14,0.4,0.5377106282661713,0.5524937093186566,0.4988888888888889,0.2613584309010126,0.7165017581767028,0,probability_up,10
class__basic__equal_ensemble,class,basic,60,0.5333333333333333,0.5333333333333333,0.5248868778280543,0.5454545454545454,0.4,0.46153846153846156,0.5263157894736842,0.6666666666666666,0.5882352941176471,12,20,10,18,30,30,22,38,0.5250000000000001,0.5909477984384542,0.5890607702875164,0.5855555555555556,0.2498727913092541,0.6948625990699,0,probability_up,10
class__direction_core__linear,class,direction_core,60,0.5666666666666667,0.5666666666666667,0.5417156286721504,0.625,0.3333333333333333,0.43478260869565216,0.5454545454545454,0.8,0.6486486486486487,10,24,6,20,30,30,16,44,0.6500000000000002,0.6081845222343566,0.6393310743368584,0.6377777777777778,0.2845111253700603,0.8598535867087472,0,probability_up,10
class__direction_core__xgb,class,direction_core,60,0.5333333333333333,0.5333333333333333,0.4871794871794872,0.5208333333333334,0.8333333333333334,0.6410256410256411,0.5833333333333334,0.23333333333333334,0.3333333333333333,25,7,23,5,30,30,48,12,0.4,0.5559276509996444,0.5756020456966019,0.5466666666666666,0.2529514679493837,0.6994716706984108,0,probability_up,10
class__direction_core__forest,class,direction_core,60,0.45,0.44999999999999996,0.442410588566601,0.4594594594594595,0.5666666666666667,0.5074626865671642,0.43478260869565216,0.3333333333333333,0.37735849056603776,17,10,20,13,30,30,37,23,0.4750000000000001,0.5426335447178579,0.5782289421377059,0.5155555555555555,0.2567591978839717,0.7064686909855422,0,probability_up,10
class__direction_core__equal_ensemble,class,direction_core,60,0.5666666666666667,0.5666666666666667,0.5542857142857143,0.6,0.4,0.48,0.55,0.7333333333333333,0.6285714285714286,12,22,8,18,30,30,20,40,0.5250000000000001,0.6247856689858761,0.6055300116721617,0.6033333333333334,0.2472150565273654,0.6881835407673605,0,probability_up,10
class__engineered_direction__linear,class,engineered_direction,60,0.55,0.55,0.5468531468531468,0.56,0.4666666666666667,0.509090909090909,0.5428571428571428,0.6333333333333333,0.5846153846153846,14,19,11,16,30,30,25,35,0.42500000000000004,0.5558138762630562,0.6826389168994783,0.6188888888888889,0.3088937044786128,0.9380079765798467,0,probability_up,10
class__engineered_direction__xgb,class,engineered_direction,60,0.5666666666666667,0.5666666666666667,0.5125,0.54,0.9,0.675,0.7,0.23333333333333334,0.35,27,7,23,3,30,30,50,10,0.4,0.6022431612251393,0.5841278807736571,0.6000000000000001,0.2436872406296942,0.681331640381093,0,probability_up,10
class__engineered_direction__forest,class,engineered_direction,60,0.5,0.5,0.4712103407755582,0.5,0.7333333333333333,0.5945945945945946,0.5,0.26666666666666666,0.34782608695652173,22,8,22,8,30,30,44,16,0.42500000000000004,0.5598861662960688,0.5407488372967756,0.5455555555555556,0.25380021207353437,0.7017842657653043,0,probability_up,10
class__engineered_direction__equal_ensemble,class,engineered_direction,60,0.5833333333333334,0.5833333333333333,0.5775837792171219,0.5675675675675675,0.7,0.6268656716417911,0.6086956521739131,0.4666666666666667,0.5283018867924528,21,14,16,9,30,30,37,23,0.4,0.6221258302160674,0.6138599103987376,0.6133333333333334,0.24831143378993775,0.6918317278282945,0,probability_up,10
reg__basic__linear,reg,basic,60,0.6166666666666667,0.6166666666666667,0.613986013986014,0.64,0.5333333333333333,0.5818181818181818,0.6,0.7,0.6461538461538462,16,21,9,14,30,30,25,35,0.5,0.6276328546579096,0.6246356939933252,0.6366666666666667,,,0,uncalibrated_return_rank_score,10
reg__basic__xgb,reg,basic,60,0.5666666666666667,0.5666666666666667,0.5542857142857143,0.55,0.7333333333333333,0.6285714285714286,0.6,0.4,0.48,22,12,18,8,30,30,40,20,0.5,0.5835394082955634,0.5925154302345527,0.5744444444444444,,,0,uncalibrated_return_rank_score,10
reg__basic__forest,reg,basic,60,0.48333333333333334,0.4833333333333333,0.4714407502131287,0.48717948717948717,0.6333333333333333,0.5507246376811594,0.47619047619047616,0.3333333333333333,0.39215686274509803,19,10,20,11,30,30,39,21,0.5,0.555513722077214,0.5219491882599009,0.5022222222222222,,,0,uncalibrated_return_rank_score,10
reg__basic__equal_ensemble,reg,basic,60,0.5833333333333334,0.5833333333333333,0.5832175604334537,0.5862068965517241,0.5666666666666667,0.576271186440678,0.5806451612903226,0.6,0.5901639344262295,17,18,12,13,30,30,29,31,0.5,0.6181826475153867,0.6217743761771253,0.6066666666666667,,,0,uncalibrated_return_rank_score,10
reg__direction_core__linear,reg,direction_core,60,0.6166666666666667,0.6166666666666667,0.613986013986014,0.64,0.5333333333333333,0.5818181818181818,0.6,0.7,0.6461538461538462,16,21,9,14,30,30,25,35,0.5,0.6284018048784036,0.6329889092021993,0.6433333333333333,,,0,uncalibrated_return_rank_score,10
reg__direction_core__xgb,reg,direction_core,60,0.5666666666666667,0.5666666666666667,0.5542857142857143,0.55,0.7333333333333333,0.6285714285714286,0.6,0.4,0.48,22,12,18,8,30,30,40,20,0.5,0.601975778132215,0.5797526286340547,0.5811111111111111,,,0,uncalibrated_return_rank_score,10
reg__direction_core__forest,reg,direction_core,60,0.5166666666666667,0.5166666666666666,0.5099971838918614,0.5135135135135135,0.6333333333333333,0.5671641791044776,0.5217391304347826,0.4,0.4528301886792453,19,12,18,11,30,30,37,23,0.5,0.5671964514491601,0.536282189779591,0.5166666666666666,,,0,uncalibrated_return_rank_score,10
reg__direction_core__equal_ensemble,reg,direction_core,60,0.5666666666666667,0.5666666666666667,0.5666666666666667,0.5666666666666667,0.5666666666666667,0.5666666666666667,0.5666666666666667,0.5666666666666667,0.5666666666666667,17,17,13,13,30,30,30,30,0.5,0.6231587004061743,0.6282636221688879,0.6122222222222222,,,0,uncalibrated_return_rank_score,10
reg__engineered_direction__linear,reg,engineered_direction,60,0.6,0.6,0.595959595959596,0.625,0.5,0.5555555555555556,0.5833333333333334,0.7,0.6363636363636364,15,21,9,15,30,30,24,36,0.5,0.5898835382042348,0.6663607072663481,0.6277777777777778,,,0,uncalibrated_return_rank_score,10
reg__engineered_direction__xgb,reg,engineered_direction,60,0.5833333333333334,0.5833333333333333,0.5775837792171219,0.5675675675675675,0.7,0.6268656716417911,0.6086956521739131,0.4666666666666667,0.5283018867924528,21,14,16,9,30,30,37,23,0.5,0.6055046583238678,0.580820708770144,0.611111111111111,,,0,uncalibrated_return_rank_score,10
reg__engineered_direction__forest,reg,engineered_direction,60,0.48333333333333334,0.4833333333333333,0.4714407502131287,0.48717948717948717,0.6333333333333333,0.5507246376811594,0.47619047619047616,0.3333333333333333,0.39215686274509803,19,10,20,11,30,30,39,21,0.5,0.5870511211305149,0.5334378695554075,0.5288888888888889,,,0,uncalibrated_return_rank_score,10
reg__engineered_direction__equal_ensemble,reg,engineered_direction,60,0.5833333333333334,0.5833333333333333,0.5832175604334537,0.5862068965517241,0.5666666666666667,0.576271186440678,0.5806451612903226,0.6,0.5901639344262295,17,18,12,13,30,30,29,31,0.5,0.5874570406559607,0.6502800567032462,0.6166666666666667,,,0,uncalibrated_return_rank_score,10
selected_direction,class,basic,60,0.5833333333333334,0.5833333333333334,0.546964663243733,0.5531914893617021,0.8666666666666667,0.6753246753246753,0.6923076923076923,0.3,0.4186046511627907,26,9,21,4,30,30,47,13,0.4,0.5306313370388079,0.5690548498621347,0.5255555555555556,0.2564888981169978,0.7065023905553992,0,probability_up,10
selected_return,reg,direction_core,60,0.5666666666666667,0.5666666666666667,0.5542857142857143,0.55,0.7333333333333333,0.6285714285714286,0.6,0.4,0.48,22,12,18,8,30,30,40,20,0.5,0.601975778132215,0.5797526286340547,0.5811111111111111,,,0,uncalibrated_return_rank_score,10
baseline_monthly_return,reg,previous,60,0.7,0.7,0.696969696969697,0.6666666666666666,0.8,0.7272727272727273,0.75,0.6,0.6666666666666666,24,18,12,6,30,30,36,24,0.5,0.7079529019430936,0.7404672090044643,0.7200000000000001,,,0,uncalibrated_return_rank_score,10
baseline_paper_return,reg,previous,60,0.55,0.55,0.5488721804511278,0.5555555555555556,0.5,0.5263157894736842,0.5454545454545454,0.6,0.5714285714285714,15,18,12,15,30,30,27,33,0.5,0.5586661013728784,0.5896028345507456,0.5511111111111111,,,0,uncalibrated_return_rank_score,10
baseline_mean_return,reg,previous,60,0.5,0.5,0.3333333333333333,0.5,1.0,0.6666666666666666,0.0,0.0,0.0,30,0,30,0,30,30,60,0,0.5,0.4625775512605503,0.47801244430168965,0.4555555555555556,,,0,uncalibrated_return_rank_score,10
baseline_zero_return,reg,previous,60,0.5,0.5,0.3333333333333333,0.5,1.0,0.6666666666666666,0.0,0.0,0.0,30,0,30,0,30,30,60,0,0.5,0.5,0.5,0.5,,,0,uncalibrated_return_rank_score,10
baseline_majority,baseline,previous,60,0.5,0.5,0.3333333333333333,0.0,0.0,0.0,0.5,1.0,0.6666666666666666,0,30,0,30,30,30,0,60,0.5,0.4546601782027542,0.46182725748528125,0.43666666666666665,0.25055474374752024,0.6942576780889389,0,probability_up,10
always_up,baseline,previous,60,0.5,0.5,0.3333333333333333,0.5,1.0,0.6666666666666666,0.0,0.0,0.0,30,0,30,0,30,30,60,0,0.5,0.5,0.5,0.5,0.5,18.021826694558577,0,probability_up,10
always_down,baseline,previous,60,0.5,0.5,0.3333333333333333,0.0,0.0,0.0,0.5,1.0,0.6666666666666666,0,30,0,30,30,30,0,60,0.5,0.5,0.5,0.5,0.5,18.021826694558577,0,probability_up,10
class__basic__linear,class,basic,60,0.5666666666666667,0.5728587319243603,0.5542857142857143,0.631578947368421,0.3870967741935484,0.48,0.5365853658536586,0.7586206896551724,0.6285714285714286,12,22,7,19,31,29,19,41,0.6000000000000002,0.5717157852038464,0.5697062631609339,0.589543937708565,0.30538591329890463,0.9388208046396888,0,probability_up,11
class__basic__xgb,class,basic,60,0.6,0.5906562847608454,0.5604395604395604,0.574468085106383,0.8709677419354839,0.6923076923076923,0.6923076923076923,0.3103448275862069,0.42857142857142855,27,9,20,4,31,29,47,13,0.4,0.528900925244118,0.5523557165669524,0.5061179087875417,0.25847996515946564,0.7102676975658874,0,probability_up,11
class__basic__forest,class,basic,60,0.55,0.5411568409343714,0.5107218363032316,0.5434782608695652,0.8064516129032258,0.6493506493506493,0.5714285714285714,0.27586206896551724,0.37209302325581395,25,8,21,6,31,29,46,14,0.4,0.5501320922670256,0.5501479398392527,0.5072302558398221,0.2601764716108973,0.7140648665131433,0,probability_up,11
class__basic__equal_ensemble,class,basic,60,0.5166666666666667,0.5211345939933258,0.5099971838918614,0.5454545454545454,0.3870967741935484,0.4528301886792453,0.5,0.6551724137931034,0.5671641791044776,12,19,10,19,31,29,22,38,0.5250000000000001,0.5860882391455118,0.5701924330608786,0.5639599555061179,0.2572560174243494,0.7098685961721688,0,probability_up,11
class__direction_core__linear,class,direction_core,60,0.5333333333333333,0.5417130144605117,0.5064629847238543,0.6,0.2903225806451613,0.391304347826087,0.5111111111111111,0.7931034482758621,0.6216216216216216,9,23,6,22,31,29,15,45,0.6500000000000002,0.5801750227838807,0.587891170552187,0.592880978865406,0.306685431505258,0.9340656090795363,0,probability_up,11
class__direction_core__xgb,class,direction_core,60,0.55,0.5400444938820912,0.4998456313677061,0.5416666666666666,0.8387096774193549,0.6582278481012658,0.5833333333333334,0.2413793103448276,0.34146341463414637,26,7,22,5,31,29,48,12,0.4,0.5535367956987456,0.5529285938338239,0.5272525027808677,0.25555485878631085,0.7046922911110353,0,probability_up,11
class__direction_core__forest,class,direction_core,60,0.4666666666666667,0.4627363737486096,0.4570135746606335,0.4864864864864865,0.5806451612903226,0.5294117647058824,0.43478260869565216,0.3448275862068966,0.38461538461538464,18,10,19,13,31,29,37,23,0.4750000000000001,0.5514695965912686,0.570702804370183,0.5161290322580645,0.25680010919982776,0.7066597868058818,0,probability_up,11
class__direction_core__equal_ensemble,class,direction_core,60,0.5333333333333333,0.5394883203559511,0.52,0.5789473684210527,0.3548387096774194,0.44,0.5121951219512195,0.7241379310344828,0.6,11,21,8,20,31,29,19,41,0.5250000000000001,0.6135472295529258,0.566423176804186,0.5695216907675195,0.25554717795966786,0.7055271283229992,0,probability_up,11
class__engineered_direction__linear,class,engineered_direction,60,0.48333333333333334,0.48665183537263623,0.47972027972027975,0.5,0.3870967741935484,0.43636363636363634,0.4722222222222222,0.5862068965517241,0.5230769230769231,12,17,12,19,31,29,24,36,0.42500000000000004,0.5378474127539885,0.6276566131069534,0.5695216907675195,0.33531951878606503,1.0302669509598699,0,probability_up,11
class__engineered_direction__xgb,class,engineered_direction,60,0.5833333333333334,0.5734149054505006,0.5368941031182464,0.5625,0.8709677419354839,0.6835443037974683,0.6666666666666666,0.27586206896551724,0.3902439024390244,27,8,21,4,31,29,48,12,0.4,0.5929553695469663,0.5640349331243436,0.578420467185762,0.24841279515972983,0.6910806716800806,0,probability_up,11
class__engineered_direction__forest,class,engineered_direction,60,0.5333333333333333,0.5261401557285873,0.5064629847238543,0.5348837209302325,0.7419354838709677,0.6216216216216216,0.5294117647058824,0.3103448275862069,0.391304347826087,23,9,20,8,31,29,43,17,0.42500000000000004,0.5678485403216886,0.5295963516948254,0.5461624026696329,0.25435679829477625,0.7029324718450063,0,probability_up,11
class__engineered_direction__equal_ensemble,class,engineered_direction,60,0.5666666666666667,0.5628476084538376,0.5588235294117647,0.5675675675675675,0.6774193548387096,0.6176470588235294,0.5652173913043478,0.4482758620689655,0.5,21,13,16,10,31,29,37,23,0.4,0.5993470974049954,0.5753644164651244,0.5806451612903226,0.25883802232070413,0.7141788436530659,0,probability_up,11
reg__basic__linear,reg,basic,60,0.5666666666666667,0.5706340378197998,0.5622895622895623,0.6086956521739131,0.45161290322580644,0.5185185185185185,0.5405405405405406,0.6896551724137931,0.6060606060606061,14,20,9,17,31,29,23,37,0.5,0.6148696399105824,0.6008934610532954,0.6028921023359288,,,0,uncalibrated_return_rank_score,11
reg__basic__xgb,reg,basic,60,0.5666666666666667,0.5606229143492769,0.548611111111111,0.5609756097560976,0.7419354838709677,0.6388888888888888,0.5789473684210527,0.3793103448275862,0.4583333333333333,23,11,18,8,31,29,41,19,0.5,0.588819182551158,0.5807098130745846,0.5661846496106786,,,0,uncalibrated_return_rank_score,11
reg__basic__forest,reg,basic,60,0.5,0.4949944382647386,0.4857142857142857,0.5128205128205128,0.6451612903225806,0.5714285714285714,0.47619047619047616,0.3448275862068966,0.4,20,10,19,11,31,29,39,21,0.5,0.5638357895214666,0.5080919744681383,0.49833147942157957,,,0,uncalibrated_return_rank_score,11
reg__basic__equal_ensemble,reg,basic,60,0.55,0.550055617352614,0.5498749652681301,0.5666666666666667,0.5483870967741935,0.5573770491803278,0.5333333333333333,0.5517241379310345,0.5423728813559322,17,16,13,14,31,29,30,30,0.5,0.602662838381672,0.5870714145205284,0.5717463848720801,,,0,uncalibrated_return_rank_score,11
reg__direction_core__linear,reg,direction_core,60,0.5666666666666667,0.5695216907675195,0.5647321428571428,0.6,0.4838709677419355,0.5357142857142857,0.5428571428571428,0.6551724137931034,0.59375,15,19,10,16,31,29,25,35,0.5,0.6080374634709043,0.6360197821941693,0.6017797552836485,,,0,uncalibrated_return_rank_score,11
reg__direction_core__xgb,reg,direction_core,60,0.55,0.5444938820912124,0.5343489508479448,0.55,0.7096774193548387,0.6197183098591549,0.55,0.3793103448275862,0.4489795918367347,22,11,18,9,31,29,40,20,0.5,0.600072943422748,0.5591777772039996,0.5617352614015573,,,0,uncalibrated_return_rank_score,11
reg__direction_core__forest,reg,direction_core,60,0.5333333333333333,0.5294771968854283,0.5248868778280543,0.5405405405405406,0.6451612903225806,0.5882352941176471,0.5217391304347826,0.41379310344827586,0.46153846153846156,20,12,17,11,31,29,37,23,0.5,0.5720139397202858,0.5234350054089042,0.5094549499443826,,,0,uncalibrated_return_rank_score,11
reg__direction_core__equal_ensemble,reg,direction_core,60,0.5333333333333333,0.5339265850945495,0.5333333333333333,0.5517241379310345,0.5161290322580645,0.5333333333333333,0.5161290322580645,0.5517241379310345,0.5333333333333333,16,16,13,15,31,29,29,31,0.5,0.6022630353116833,0.5995156963158801,0.5761957730812014,,,0,uncalibrated_return_rank_score,11
reg__engineered_direction__linear,reg,engineered_direction,60,0.5666666666666667,0.5706340378197998,0.5622895622895623,0.6086956521739131,0.45161290322580644,0.5185185185185185,0.5405405405405406,0.6896551724137931,0.6060606060606061,14,20,9,17,31,29,23,37,0.5,0.583829748173794,0.6393350686240674,0.5973303670745272,,,0,uncalibrated_return_rank_score,11
reg__engineered_direction__xgb,reg,engineered_direction,60,0.6,0.596218020022247,0.5927601809954751,0.5945945945945946,0.7096774193548387,0.6470588235294118,0.6086956521739131,0.4827586206896552,0.5384615384615384,22,14,15,9,31,29,37,23,0.5,0.6177587604773117,0.5689964461742442,0.6129032258064517,,,0,uncalibrated_return_rank_score,11
reg__engineered_direction__forest,reg,engineered_direction,60,0.5,0.4949944382647386,0.4857142857142857,0.5128205128205128,0.6451612903225806,0.5714285714285714,0.47619047619047616,0.3448275862068966,0.4,20,10,19,11,31,29,39,21,0.5,0.6088491455004588,0.5193770254850509,0.5383759733036707,,,0,uncalibrated_return_rank_score,11
reg__engineered_direction__equal_ensemble,reg,engineered_direction,60,0.5666666666666667,0.5684093437152391,0.5661846496106786,0.5925925925925926,0.5161290322580645,0.5517241379310345,0.5454545454545454,0.6206896551724138,0.5806451612903226,16,18,11,15,31,29,27,33,0.5,0.5879490577080995,0.6358831360691654,0.6051167964404894,,,0,uncalibrated_return_rank_score,11
selected_direction,class,basic,60,0.6,0.5906562847608454,0.5604395604395604,0.574468085106383,0.8709677419354839,0.6923076923076923,0.6923076923076923,0.3103448275862069,0.42857142857142855,27,9,20,4,31,29,47,13,0.4,0.528900925244118,0.5523557165669524,0.5061179087875417,0.25847996515946564,0.7102676975658874,0,probability_up,11
selected_return,reg,direction_core,60,0.55,0.5444938820912124,0.5343489508479448,0.55,0.7096774193548387,0.6197183098591549,0.55,0.3793103448275862,0.4489795918367347,22,11,18,9,31,29,40,20,0.5,0.600072943422748,0.5591777772039996,0.5617352614015573,,,0,uncalibrated_return_rank_score,11
baseline_monthly_return,reg,previous,60,0.6833333333333333,0.6802002224694104,0.6789636722050126,0.6666666666666666,0.7741935483870968,0.7164179104477612,0.7083333333333334,0.5862068965517241,0.6415094339622641,24,17,12,7,31,29,36,24,0.5,0.7068377995122606,0.7106121493187617,0.704115684093437,,,0,uncalibrated_return_rank_score,11
baseline_paper_return,reg,previous,60,0.5333333333333333,0.5350389321468298,0.5328142380422691,0.5555555555555556,0.4838709677419355,0.5172413793103449,0.5151515151515151,0.5862068965517241,0.5483870967741935,15,17,12,16,31,29,27,33,0.5,0.5603273098294316,0.5539165349943395,0.5383759733036708,,,0,uncalibrated_return_rank_score,11
baseline_mean_return,reg,previous,60,0.5166666666666667,0.5,0.34065934065934067,0.5166666666666667,1.0,0.6813186813186813,0.0,0.0,0.0,31,0,29,0,31,29,60,0,0.5,0.46627482323460145,0.44509040604918787,0.42714126807563957,,,0,uncalibrated_return_rank_score,11
baseline_zero_return,reg,previous,60,0.5166666666666667,0.5,0.34065934065934067,0.5166666666666667,1.0,0.6813186813186813,0.0,0.0,0.0,31,0,29,0,31,29,60,0,0.5,0.5166666666666667,0.48333333333333334,0.5,,,0,uncalibrated_return_rank_score,11
baseline_majority,baseline,previous,60,0.48333333333333334,0.5,0.3258426966292135,0.0,0.0,0.0,0.48333333333333334,1.0,0.651685393258427,0,29,0,31,31,29,0,60,0.5,0.4586128493077021,0.43043262214261463,0.4082313681868743,0.25126118016824234,0.6956713979607569,0,probability_up,11
always_up,baseline,previous,60,0.5166666666666667,0.5,0.34065934065934067,0.5166666666666667,1.0,0.6813186813186813,0.0,0.0,0.0,31,0,29,0,31,29,60,0,0.5,0.5166666666666667,0.48333333333333334,0.5,0.48333333333333334,17.421099138073295,0,probability_up,11
always_down,baseline,previous,60,0.48333333333333334,0.5,0.3258426966292135,0.0,0.0,0.0,0.48333333333333334,1.0,0.651685393258427,0,29,0,31,31,29,0,60,0.5,0.5166666666666667,0.48333333333333334,0.5,0.5166666666666667,18.622554251043866,0,probability_up,11
class__basic__linear,class,basic,60,0.5666666666666667,0.5595105672969967,0.5417156286721504,0.5882352941176471,0.3448275862068966,0.43478260869565216,0.5581395348837209,0.7741935483870968,0.6486486486486487,10,24,7,19,29,31,17,43,0.6000000000000002,0.5352583363390981,0.6464378746452116,0.592880978865406,0.30323337798227484,0.9010486485728765,0,probability_up,12
class__basic__xgb,class,basic,60,0.5,0.5083426028921023,0.4712103407755582,0.4888888888888889,0.7586206896551724,0.5945945945945946,0.5333333333333333,0.25806451612903225,0.34782608695652173,22,8,23,7,29,31,45,15,0.4,0.4792554248079085,0.5663822205419405,0.4961067853170189,0.25858806676997403,0.7110208179021595,0,probability_up,12
class__basic__forest,class,basic,60,0.45,0.45884315906562845,0.41333333333333333,0.45652173913043476,0.7241379310344828,0.56,0.42857142857142855,0.1935483870967742,0.26666666666666666,21,6,25,8,29,31,46,14,0.4,0.49660050856127363,0.5399036421779667,0.4716351501668521,0.26721859701297856,0.728902191925949,0,probability_up,12
class__basic__equal_ensemble,class,basic,60,0.5666666666666667,0.5628476084538376,0.5588235294117647,0.5652173913043478,0.4482758620689655,0.5,0.5675675675675675,0.6774193548387096,0.6176470588235294,13,21,10,16,29,31,23,37,0.5250000000000001,0.5341903067629218,0.5806385070013561,0.5461624026696329,0.2582440800512634,0.712627158706058,0,probability_up,12
class__direction_core__linear,class,direction_core,60,0.5333333333333333,0.5239154616240267,0.4871794871794872,0.5384615384615384,0.2413793103448276,0.3333333333333333,0.5319148936170213,0.8064516129032258,0.6410256410256411,7,25,6,22,29,31,13,47,0.6500000000000002,0.5402383722713778,0.6735903616351948,0.6017797552836485,0.3067562271238166,0.8945667267161,0,probability_up,12
class__direction_core__xgb,class,direction_core,60,0.5166666666666667,0.5266963292547274,0.4744790093627303,0.5,0.8275862068965517,0.6233766233766234,0.5833333333333334,0.22580645161290322,0.32558139534883723,24,7,24,5,29,31,48,12,0.4,0.4875960079244405,0.5805326194312738,0.5127919911012235,0.2566900349112035,0.7072893414352132,0,probability_up,12
class__direction_core__forest,class,direction_core,60,0.48333333333333334,0.4877641824249166,0.4762038862292312,0.47368421052631576,0.6206896551724138,0.5373134328358209,0.5,0.3548387096774194,0.41509433962264153,18,11,20,11,29,31,38,22,0.4750000000000001,0.4976444604230919,0.5740057866852711,0.5050055617352613,0.26146385325562727,0.7171848296863121,0,probability_up,12
class__direction_core__equal_ensemble,class,direction_core,60,0.5333333333333333,0.5272525027808677,0.513888888888889,0.5263157894736842,0.3448275862068966,0.4166666666666667,0.5365853658536586,0.7096774193548387,0.6111111111111112,10,22,9,19,29,31,19,41,0.5250000000000001,0.5462597878598356,0.5991658023570973,0.5661846496106786,0.25684642586415457,0.7089719707539268,0,probability_up,12
class__engineered_direction__linear,class,engineered_direction,60,0.48333333333333334,0.4799777530589544,0.4762038862292312,0.4583333333333333,0.3793103448275862,0.41509433962264153,0.5,0.5806451612903226,0.5373134328358209,11,18,13,18,29,31,24,36,0.42500000000000004,0.49541195258705395,0.6562482787615534,0.5461624026696329,0.34825092304258937,1.0226345020796124,0,probability_up,12
class__engineered_direction__xgb,class,engineered_direction,60,0.6,0.6095661846496107,0.569377990430622,0.5531914893617021,0.896551724137931,0.6842105263157895,0.7692307692307693,0.3225806451612903,0.45454545454545453,26,10,21,3,29,31,47,13,0.4,0.519103620300578,0.6003957994766244,0.5672969966629589,0.25132044215559063,0.6977102720376914,0,probability_up,12
class__engineered_direction__forest,class,engineered_direction,60,0.5333333333333333,0.5406006674082313,0.513888888888889,0.5116279069767442,0.7586206896551724,0.6111111111111112,0.5882352941176471,0.3225806451612903,0.4166666666666667,22,10,21,7,29,31,43,17,0.42500000000000004,0.5121174947283789,0.5504696547510759,0.5317018909899889,0.25722790532410805,0.7093310206059358,0,probability_up,12
class__engineered_direction__equal_ensemble,class,engineered_direction,60,0.5666666666666667,0.5706340378197998,0.5622895622895623,0.5405405405405406,0.6896551724137931,0.6060606060606061,0.6086956521739131,0.45161290322580644,0.5185185185185185,20,14,17,9,29,31,37,23,0.4,0.5472778378057681,0.5823435807613865,0.5494994438264739,0.2651212472453138,0.7282579622465514,0,probability_up,12
reg__basic__linear,reg,basic,60,0.5666666666666667,0.5628476084538376,0.5588235294117647,0.5652173913043478,0.4482758620689655,0.5,0.5675675675675675,0.6774193548387096,0.6176470588235294,13,21,10,16,29,31,23,37,0.5,0.5599405872718399,0.6576433437494209,0.592880978865406,,,0,uncalibrated_return_rank_score,12
reg__basic__xgb,reg,basic,60,0.5833333333333334,0.5901001112347053,0.5688416211555045,0.5476190476190477,0.7931034482758621,0.647887323943662,0.6666666666666666,0.3870967741935484,0.4897959183673469,23,12,19,6,29,31,42,18,0.5,0.5649585235985914,0.6224953173195478,0.575083426028921,,,0,uncalibrated_return_rank_score,12
reg__basic__forest,reg,basic,60,0.5,0.5050055617352613,0.4909502262443439,0.48717948717948717,0.6551724137931034,0.5588235294117647,0.5238095238095238,0.3548387096774194,0.4230769230769231,19,11,20,10,29,31,39,21,0.5,0.5311982408738604,0.5552201740007134,0.5038932146829811,,,0,uncalibrated_return_rank_score,12
reg__basic__equal_ensemble,reg,basic,60,0.5,0.4994438264738599,0.4994438264738599,0.4827586206896552,0.4827586206896552,0.4827586206896552,0.5161290322580645,0.5161290322580645,0.5161290322580645,14,16,15,15,29,31,29,31,0.5,0.5643896192604936,0.6500863437116705,0.5928809788654059,,,0,uncalibrated_return_rank_score,12
reg__direction_core__linear,reg,direction_core,60,0.55,0.5467185761957731,0.5437904815544916,0.5416666666666666,0.4482758620689655,0.49056603773584906,0.5555555555555556,0.6451612903225806,0.5970149253731343,13,20,11,16,29,31,24,36,0.5,0.543308548434222,0.6729975574602053,0.5895439377085651,,,0,uncalibrated_return_rank_score,12
reg__direction_core__xgb,reg,direction_core,60,0.5666666666666667,0.5728587319243603,0.5542857142857143,0.5365853658536586,0.7586206896551724,0.6285714285714286,0.631578947368421,0.3870967741935484,0.48,22,12,19,7,29,31,41,19,0.5,0.5640607406099896,0.6182918831467341,0.5828698553948832,,,0,uncalibrated_return_rank_score,12
reg__direction_core__forest,reg,direction_core,60,0.5166666666666667,0.5211345939933258,0.5099971838918614,0.5,0.6551724137931034,0.5671641791044776,0.5454545454545454,0.3870967741935484,0.4528301886792453,19,12,19,10,29,31,38,22,0.5,0.5405302530688558,0.5823818249071149,0.5127919911012236,,,0,uncalibrated_return_rank_score,12
reg__direction_core__equal_ensemble,reg,direction_core,60,0.55,0.550055617352614,0.5498749652681301,0.5333333333333333,0.5517241379310345,0.5423728813559322,0.5666666666666667,0.5483870967741935,0.5573770491803278,16,17,14,13,29,31,30,30,0.5,0.564865483728849,0.6462829704819472,0.5962180200222469,,,0,uncalibrated_return_rank_score,12
reg__engineered_direction__linear,reg,engineered_direction,60,0.5166666666666667,0.5144605116796441,0.5132867132867133,0.5,0.4482758620689655,0.4727272727272727,0.5294117647058824,0.5806451612903226,0.5538461538461539,13,18,13,16,29,31,26,34,0.5,0.552122705483227,0.6538816501600526,0.578420467185762,,,0,uncalibrated_return_rank_score,12
reg__engineered_direction__xgb,reg,engineered_direction,60,0.5,0.5061179087875417,0.4857142857142857,0.4878048780487805,0.6896551724137931,0.5714285714285714,0.5263157894736842,0.3225806451612903,0.4,20,10,21,9,29,31,41,19,0.5,0.5990919536432409,0.6148100263016285,0.60734149054505,,,0,uncalibrated_return_rank_score,12
reg__engineered_direction__forest,reg,engineered_direction,60,0.5,0.5050055617352613,0.4909502262443439,0.48717948717948717,0.6551724137931034,0.5588235294117647,0.5238095238095238,0.3548387096774194,0.4230769230769231,19,11,20,10,29,31,39,21,0.5,0.5475630594796642,0.559812553609544,0.5172413793103448,,,0,uncalibrated_return_rank_score,12
reg__engineered_direction__equal_ensemble,reg,engineered_direction,60,0.55,0.5511679644048944,0.5498749652681301,0.53125,0.5862068965517241,0.5573770491803278,0.5714285714285714,0.5161290322580645,0.5423728813559322,17,16,15,12,29,31,32,28,0.5,0.5446971748889945,0.6209135328077249,0.5661846496106785,,,0,uncalibrated_return_rank_score,12
selected_direction,class,basic,60,0.5,0.5083426028921023,0.4712103407755582,0.4888888888888889,0.7586206896551724,0.5945945945945946,0.5333333333333333,0.25806451612903225,0.34782608695652173,22,8,23,7,29,31,45,15,0.4,0.4792554248079085,0.5663822205419405,0.4961067853170189,0.25858806676997403,0.7110208179021595,0,probability_up,12
selected_return,reg,direction_core,60,0.5666666666666667,0.5728587319243603,0.5542857142857143,0.5365853658536586,0.7586206896551724,0.6285714285714286,0.631578947368421,0.3870967741935484,0.48,22,12,19,7,29,31,41,19,0.5,0.5640607406099896,0.6182918831467341,0.5828698553948832,,,0,uncalibrated_return_rank_score,12
baseline_monthly_return,reg,previous,60,0.5833333333333334,0.5889877641824249,0.5737425404944586,0.55,0.7586206896551724,0.6376811594202898,0.65,0.41935483870967744,0.5098039215686274,22,13,18,7,29,31,40,20,0.5,0.6498048558271319,0.6843145686447373,0.6473859844271412,,,0,uncalibrated_return_rank_score,12
baseline_paper_return,reg,previous,60,0.48333333333333334,0.4833147942157954,0.4831897749374826,0.4666666666666667,0.4827586206896552,0.4745762711864407,0.5,0.4838709677419355,0.4918032786885246,14,15,16,15,29,31,30,30,0.5,0.5403711452801867,0.5646999536163478,0.4849833147942158,,,0,uncalibrated_return_rank_score,12
baseline_mean_return,reg,previous,60,0.48333333333333334,0.5,0.3258426966292135,0.48333333333333334,1.0,0.651685393258427,0.0,0.0,0.0,29,0,31,0,29,31,60,0,0.5,0.43921723392918016,0.4843244553391873,0.439377085650723,,,0,uncalibrated_return_rank_score,12
baseline_zero_return,reg,previous,60,0.48333333333333334,0.5,0.3258426966292135,0.48333333333333334,1.0,0.651685393258427,0.0,0.0,0.0,29,0,31,0,29,31,60,0,0.5,0.48333333333333334,0.5166666666666667,0.5,,,0,uncalibrated_return_rank_score,12
baseline_majority,baseline,previous,60,0.5166666666666667,0.5,0.34065934065934067,0.0,0.0,0.0,0.5166666666666667,1.0,0.6813186813186813,0,31,0,29,29,31,0,60,0.5,0.4356378397788823,0.48041121177894286,0.43381535038932145,0.2501120695797167,0.6933720468284609,0,probability_up,12
always_up,baseline,previous,60,0.48333333333333334,0.5,0.3258426966292135,0.48333333333333334,1.0,0.651685393258427,0.0,0.0,0.0,29,0,31,0,29,31,60,0,0.5,0.48333333333333334,0.5166666666666667,0.5,0.5166666666666667,18.622554251043866,0,probability_up,12
always_down,baseline,previous,60,0.5166666666666667,0.5,0.34065934065934067,0.0,0.0,0.0,0.5166666666666667,1.0,0.6813186813186813,0,31,0,29,29,31,0,60,0.5,0.48333333333333334,0.5166666666666667,0.5,0.48333333333333334,17.42109913807329,0,probability_up,12
class__basic__linear,class,basic,60,0.6333333333333333,0.6160714285714286,0.5970695970695971,0.7142857142857143,0.35714285714285715,0.47619047619047616,0.6086956521739131,0.875,0.717948717948718,10,28,4,18,28,32,14,46,0.6000000000000002,0.6201189510296454,0.6056058772819677,0.5714285714285714,0.2862871270413943,0.851452994639595,0,probability_up,13
class__basic__xgb,class,basic,60,0.55,0.5669642857142857,0.5278344505974935,0.5111111111111111,0.8214285714285714,0.6301369863013698,0.6666666666666666,0.3125,0.425531914893617,23,10,22,5,28,32,45,15,0.4,0.5341323892043174,0.6434014068229184,0.5837053571428571,0.24457906160924517,0.6824302730333744,0,probability_up,13
class__basic__forest,class,basic,60,0.5166666666666667,0.5334821428571428,0.49285922471582627,0.4888888888888889,0.7857142857142857,0.6027397260273972,0.6,0.28125,0.3829787234042553,22,9,23,6,28,32,45,15,0.4,0.5104859785195933,0.6080950671679012,0.5569196428571428,0.2547206757911047,0.7041222706768893,0,probability_up,13
class__basic__equal_ensemble,class,basic,60,0.5333333333333333,0.5245535714285714,0.52,0.5,0.39285714285714285,0.44,0.5526315789473685,0.65625,0.6,11,21,11,17,28,32,22,38,0.5250000000000001,0.604017756601547,0.6344516569854706,0.578125,0.2476774578671016,0.6882808484795305,0,probability_up,13
class__direction_core__linear,class,direction_core,60,0.5666666666666667,0.5446428571428571,0.4993581514762516,0.6,0.21428571428571427,0.3157894736842105,0.56,0.875,0.6829268292682927,6,28,4,22,28,32,10,50,0.6500000000000002,0.6106395075172455,0.6152321237063488,0.5669642857142857,0.28887547158455573,0.860940463021492,0,probability_up,13
class__direction_core__xgb,class,direction_core,60,0.48333333333333334,0.5044642857142857,0.43823618242222895,0.46938775510204084,0.8214285714285714,0.5974025974025974,0.5454545454545454,0.1875,0.27906976744186046,23,6,26,5,28,32,49,11,0.4,0.5341379362403224,0.6273420802903317,0.5825892857142857,0.24642622014484694,0.6863078480861394,0,probability_up,13
class__direction_core__forest,class,direction_core,60,0.55,0.5535714285714286,0.5498749652681301,0.5151515151515151,0.6071428571428571,0.5573770491803278,0.5925925925925926,0.5,0.5423728813559322,17,16,16,11,28,32,33,27,0.4750000000000001,0.5640924934265729,0.6327833289465271,0.5948660714285714,0.2448803459151862,0.6833099641970244,0,probability_up,13
class__direction_core__equal_ensemble,class,direction_core,60,0.5666666666666667,0.5535714285714286,0.5417156286721504,0.5555555555555556,0.35714285714285715,0.43478260869565216,0.5714285714285714,0.75,0.6486486486486487,10,24,8,18,28,32,18,42,0.5250000000000001,0.6053108195443596,0.6249735094118487,0.5814732142857143,0.24534477583504558,0.6832249708586834,0,probability_up,13
class__engineered_direction__linear,class,engineered_direction,60,0.48333333333333334,0.4776785714285714,0.4762038862292312,0.44,0.39285714285714285,0.41509433962264153,0.5142857142857142,0.5625,0.5373134328358209,11,18,14,17,28,32,25,35,0.42500000000000004,0.5723609093143719,0.6152969083248955,0.5435267857142858,0.3263432538868708,0.9517188375173753,0,probability_up,13
class__engineered_direction__xgb,class,engineered_direction,60,0.55,0.5714285714285714,0.5107218363032316,0.5102040816326531,0.8928571428571429,0.6493506493506493,0.7272727272727273,0.25,0.37209302325581395,25,8,24,3,28,32,49,11,0.4,0.5521901610387068,0.6464510542901565,0.6037946428571428,0.2446708485468251,0.6835910037632179,0,probability_up,13
class__engineered_direction__forest,class,engineered_direction,60,0.5166666666666667,0.5290178571428572,0.5055413469735721,0.4878048780487805,0.7142857142857143,0.5797101449275363,0.5789473684210527,0.34375,0.43137254901960786,20,11,21,8,28,32,41,19,0.42500000000000004,0.5499251774061924,0.6024552228916972,0.5602678571428572,0.24970335508105101,0.6931406534112019,0,probability_up,13
class__engineered_direction__equal_ensemble,class,engineered_direction,60,0.5166666666666667,0.5223214285714286,0.5154553049289892,0.4857142857142857,0.6071428571428571,0.5396825396825397,0.56,0.4375,0.49122807017543857,17,14,18,11,28,32,35,25,0.4,0.5764666079615975,0.6051556090207201,0.5591517857142857,0.25479043222211295,0.7037747232344355,0,probability_up,13
reg__basic__linear,reg,basic,60,0.5166666666666667,0.5133928571428572,0.5132867132867133,0.48148148148148145,0.4642857142857143,0.4727272727272727,0.5454545454545454,0.5625,0.5538461538461539,13,18,14,15,28,32,27,33,0.5,0.6622558162417542,0.604258958117858,0.6082589285714286,,,0,uncalibrated_return_rank_score,13
reg__basic__xgb,reg,basic,60,0.55,0.5580357142857143,0.5468531468531468,0.5135135135135135,0.6785714285714286,0.5846153846153846,0.6086956521739131,0.4375,0.509090909090909,19,14,18,9,28,32,37,23,0.5,0.5785465152751901,0.6305472880804046,0.5948660714285714,,,0,uncalibrated_return_rank_score,13
reg__basic__forest,reg,basic,60,0.5333333333333333,0.5424107142857143,0.5286195286195287,0.5,0.6785714285714286,0.5757575757575758,0.5909090909090909,0.40625,0.48148148148148145,19,13,19,9,28,32,38,22,0.5,0.5259338281029281,0.5950146096869634,0.5513392857142857,,,0,uncalibrated_return_rank_score,13
reg__basic__equal_ensemble,reg,basic,60,0.5333333333333333,0.53125,0.53125,0.5,0.5,0.5,0.5625,0.5625,0.5625,14,18,14,14,28,32,28,32,0.5,0.6268468896846248,0.6142646108091361,0.5982142857142857,,,0,uncalibrated_return_rank_score,13
reg__direction_core__linear,reg,direction_core,60,0.55,0.546875,0.5468531468531468,0.5185185185185185,0.5,0.509090909090909,0.5757575757575758,0.59375,0.5846153846153846,14,19,13,14,28,32,27,33,0.5,0.6018724665275333,0.6270562154665645,0.5870535714285714,,,0,uncalibrated_return_rank_score,13
reg__direction_core__xgb,reg,direction_core,60,0.5666666666666667,0.5758928571428572,0.5622895622895623,0.5263157894736842,0.7142857142857143,0.6060606060606061,0.6363636363636364,0.4375,0.5185185185185185,20,14,18,8,28,32,38,22,0.5,0.604306908161129,0.628206255707244,0.6183035714285714,,,0,uncalibrated_return_rank_score,13
reg__direction_core__forest,reg,direction_core,60,0.55,0.5602678571428572,0.5437904815544916,0.5128205128205128,0.7142857142857143,0.5970149253731343,0.6190476190476191,0.40625,0.49056603773584906,20,13,19,8,28,32,39,21,0.5,0.5496177772007431,0.6045535290721304,0.5770089285714286,,,0,uncalibrated_return_rank_score,13
reg__direction_core__equal_ensemble,reg,direction_core,60,0.5166666666666667,0.515625,0.5154553049289892,0.4827586206896552,0.5,0.49122807017543857,0.5483870967741935,0.53125,0.5396825396825397,14,17,15,14,28,32,29,31,0.5,0.6129686673416537,0.6342398669672563,0.5982142857142857,,,0,uncalibrated_return_rank_score,13
reg__engineered_direction__linear,reg,engineered_direction,60,0.5166666666666667,0.5111607142857143,0.5099971838918614,0.48,0.42857142857142855,0.4528301886792453,0.5428571428571428,0.59375,0.5671641791044776,12,19,13,16,28,32,25,35,0.5,0.5929127869992652,0.6212229906828332,0.5926339285714286,,,0,uncalibrated_return_rank_score,13
reg__engineered_direction__xgb,reg,engineered_direction,60,0.5833333333333334,0.59375,0.5775837792171219,0.5384615384615384,0.75,0.6268656716417911,0.6666666666666666,0.4375,0.5283018867924528,21,14,18,7,28,32,39,21,0.5,0.6213084025154928,0.6358397181459765,0.65625,,,0,uncalibrated_return_rank_score,13
reg__engineered_direction__forest,reg,engineered_direction,60,0.5,0.5111607142857143,0.4909502262443439,0.475,0.6785714285714286,0.5588235294117647,0.55,0.34375,0.4230769230769231,19,11,21,9,28,32,40,20,0.5,0.527431966934652,0.5960067116189575,0.5569196428571429,,,0,uncalibrated_return_rank_score,13
reg__engineered_direction__equal_ensemble,reg,engineered_direction,60,0.55,0.5513392857142857,0.5498749652681301,0.5161290322580645,0.5714285714285714,0.5423728813559322,0.5862068965517241,0.53125,0.5573770491803278,16,17,15,12,28,32,31,29,0.5,0.5707478997323371,0.6154871315768518,0.5881696428571429,,,0,uncalibrated_return_rank_score,13
selected_direction,class,basic,60,0.55,0.5669642857142857,0.5278344505974935,0.5111111111111111,0.8214285714285714,0.6301369863013698,0.6666666666666666,0.3125,0.425531914893617,23,10,22,5,28,32,45,15,0.4,0.5341323892043174,0.6434014068229184,0.5837053571428571,0.24457906160924517,0.6824302730333744,0,probability_up,13
selected_return,reg,direction_core,60,0.5666666666666667,0.5758928571428572,0.5622895622895623,0.5263157894736842,0.7142857142857143,0.6060606060606061,0.6363636363636364,0.4375,0.5185185185185185,20,14,18,8,28,32,38,22,0.5,0.604306908161129,0.628206255707244,0.6183035714285714,,,0,uncalibrated_return_rank_score,13
baseline_monthly_return,reg,previous,60,0.5333333333333333,0.5491071428571428,0.513888888888889,0.5,0.7857142857142857,0.6111111111111112,0.625,0.3125,0.4166666666666667,22,10,22,6,28,32,44,16,0.5,0.5883130847945202,0.6673721386862906,0.5892857142857143,,,0,uncalibrated_return_rank_score,13
baseline_paper_return,reg,previous,60,0.5666666666666667,0.5625,0.5622895622895623,0.5384615384615384,0.5,0.5185185185185185,0.5882352941176471,0.625,0.6060606060606061,14,20,12,14,28,32,26,34,0.5,0.5923778643150822,0.6549833430427543,0.5959821428571429,,,0,uncalibrated_return_rank_score,13
baseline_mean_return,reg,previous,60,0.4666666666666667,0.5,0.3181818181818182,0.4666666666666667,1.0,0.6363636363636364,0.0,0.0,0.0,28,0,32,0,28,32,60,0,0.5,0.46525024372706536,0.5115140486061801,0.4888392857142857,,,0,uncalibrated_return_rank_score,13
baseline_zero_return,reg,previous,60,0.4666666666666667,0.5,0.3181818181818182,0.4666666666666667,1.0,0.6363636363636364,0.0,0.0,0.0,28,0,32,0,28,32,60,0,0.5,0.4666666666666667,0.5333333333333333,0.5,,,0,uncalibrated_return_rank_score,13
baseline_majority,baseline,previous,60,0.5333333333333333,0.5,0.34782608695652173,0.0,0.0,0.0,0.5333333333333333,1.0,0.6956521739130435,0,32,0,28,28,32,0,60,0.5,0.4643749131115641,0.5081104719334755,0.48325892857142855,0.24931386952034143,0.6917748728797315,0,probability_up,13
always_up,baseline,previous,60,0.4666666666666667,0.5,0.3181818181818182,0.4666666666666667,1.0,0.6363636363636364,0.0,0.0,0.0,28,0,32,0,28,32,60,0,0.5,0.4666666666666667,0.5333333333333333,0.5,0.5333333333333333,19.22328180752915,0,probability_up,13
always_down,baseline,previous,60,0.5333333333333333,0.5,0.34782608695652173,0.0,0.0,0.0,0.5333333333333333,1.0,0.6956521739130435,0,32,0,28,28,32,0,60,0.5,0.4666666666666667,0.5333333333333333,0.5,0.4666666666666667,16.820371581588002,0,probability_up,13
class__basic__linear,class,basic,60,0.6333333333333333,0.6160714285714286,0.5970695970695971,0.7142857142857143,0.35714285714285715,0.47619047619047616,0.6086956521739131,0.875,0.717948717948718,10,28,4,18,28,32,14,46,0.6000000000000002,0.6125358315225629,0.6104689957696178,0.5792410714285715,0.2806424134915421,0.8408847285547842,0,probability_up,14
class__basic__xgb,class,basic,60,0.5333333333333333,0.5513392857142857,0.5064629847238543,0.5,0.8214285714285714,0.6216216216216216,0.6428571428571429,0.28125,0.391304347826087,23,9,23,5,28,32,46,14,0.4,0.5388574872004394,0.6348363921787391,0.578125,0.24637261014813464,0.6861399188332659,0,probability_up,14
class__basic__forest,class,basic,60,0.5,0.5178571428571428,0.4712103407755582,0.4782608695652174,0.7857142857142857,0.5945945945945946,0.5714285714285714,0.25,0.34782608695652173,22,8,24,6,28,32,46,14,0.4,0.4983550972125868,0.5820889436573307,0.5323660714285714,0.25923372168090286,0.7136735592829048,0,probability_up,14
class__basic__equal_ensemble,class,basic,60,0.55,0.5401785714285714,0.5343489508479448,0.5238095238095238,0.39285714285714285,0.4489795918367347,0.5641025641025641,0.6875,0.6197183098591549,11,22,10,17,28,32,21,39,0.5250000000000001,0.5981231892382122,0.6425645046853289,0.5814732142857143,0.24789290719409224,0.6884784248739264,0,probability_up,14
class__direction_core__linear,class,direction_core,60,0.5666666666666667,0.5446428571428571,0.4993581514762516,0.6,0.21428571428571427,0.3157894736842105,0.56,0.875,0.6829268292682927,6,28,4,22,28,32,10,50,0.6500000000000002,0.6276649181420038,0.627302968532454,0.5915178571428571,0.2816756965769072,0.8464731427811915,0,probability_up,14
class__direction_core__xgb,class,direction_core,60,0.48333333333333334,0.5044642857142857,0.43823618242222895,0.46938775510204084,0.8214285714285714,0.5974025974025974,0.5454545454545454,0.1875,0.27906976744186046,23,6,26,5,28,32,49,11,0.4,0.5378922431230042,0.6206524976118989,0.5770089285714286,0.2467080079687543,0.6868345636485732,0,probability_up,14
class__direction_core__forest,class,direction_core,60,0.5333333333333333,0.5379464285714286,0.5328142380422691,0.5,0.6071428571428571,0.5483870967741935,0.5769230769230769,0.46875,0.5172413793103449,17,15,17,11,28,32,34,26,0.4750000000000001,0.5593893258740396,0.6142193515857948,0.5803571428571428,0.24875094630562672,0.6916372210773482,0,probability_up,14
class__direction_core__equal_ensemble,class,direction_core,60,0.5666666666666667,0.5535714285714286,0.5417156286721504,0.5555555555555556,0.35714285714285715,0.43478260869565216,0.5714285714285714,0.75,0.6486486486486487,10,24,8,18,28,32,18,42,0.5250000000000001,0.6053746292294232,0.6332118933485826,0.5848214285714286,0.24425805151914587,0.6806813387708405,0,probability_up,14
class__engineered_direction__linear,class,engineered_direction,60,0.5,0.4933035714285714,0.4909502262443439,0.4583333333333333,0.39285714285714285,0.4230769230769231,0.5277777777777778,0.59375,0.5588235294117647,11,19,13,17,28,32,24,36,0.42500000000000004,0.6141608373148054,0.6254864908284776,0.5647321428571429,0.31385811407511305,0.912019829997887,0,probability_up,14
class__engineered_direction__xgb,class,engineered_direction,60,0.5166666666666667,0.5379464285714286,0.4744790093627303,0.4897959183673469,0.8571428571428571,0.6233766233766234,0.6363636363636364,0.21875,0.32558139534883723,24,7,25,4,28,32,49,11,0.4,0.5534257842242221,0.633858680738268,0.6015625,0.2462685716953363,0.6870497151496328,0,probability_up,14
class__engineered_direction__forest,class,engineered_direction,60,0.5,0.5133928571428572,0.4857142857142857,0.47619047619047616,0.7142857142857143,0.5714285714285714,0.5555555555555556,0.3125,0.4,20,10,22,8,28,32,42,18,0.42500000000000004,0.5318458808913044,0.6002676198035644,0.5435267857142857,0.25388317779110714,0.701782587149922,0,probability_up,14
class__engineered_direction__equal_ensemble,class,engineered_direction,60,0.5333333333333333,0.5379464285714286,0.5328142380422691,0.5,0.6071428571428571,0.5483870967741935,0.5769230769230769,0.46875,0.5172413793103449,17,15,17,11,28,32,34,26,0.4,0.5925016868659404,0.6164562249532052,0.5703125,0.25251549985649446,0.698146449010494,0,probability_up,14
reg__basic__linear,reg,basic,60,0.5333333333333333,0.53125,0.53125,0.5,0.5,0.5,0.5625,0.5625,0.5625,14,18,14,14,28,32,28,32,0.5,0.6293617912399715,0.6079721728952514,0.6104910714285714,,,0,uncalibrated_return_rank_score,14
reg__basic__xgb,reg,basic,60,0.5333333333333333,0.5401785714285714,0.53125,0.5,0.6428571428571429,0.5625,0.5833333333333334,0.4375,0.5,18,14,18,10,28,32,36,24,0.5,0.5513293070068004,0.6106156843166295,0.5636160714285714,,,0,uncalibrated_return_rank_score,14
reg__basic__forest,reg,basic,60,0.5166666666666667,0.5245535714285714,0.5132867132867133,0.4864864864864865,0.6428571428571429,0.5538461538461539,0.5652173913043478,0.40625,0.4727272727272727,18,13,19,10,28,32,37,23,0.5,0.4942353176973728,0.5799082958083567,0.5178571428571429,,,0,uncalibrated_return_rank_score,14
reg__basic__equal_ensemble,reg,basic,60,0.5166666666666667,0.5133928571428572,0.5132867132867133,0.48148148148148145,0.4642857142857143,0.4727272727272727,0.5454545454545454,0.5625,0.5538461538461539,13,18,14,15,28,32,27,33,0.5,0.5825600644221812,0.6122971369689438,0.5837053571428572,,,0,uncalibrated_return_rank_score,14
reg__direction_core__linear,reg,direction_core,60,0.55,0.546875,0.5468531468531468,0.5185185185185185,0.5,0.509090909090909,0.5757575757575758,0.59375,0.5846153846153846,14,19,13,14,28,32,27,33,0.5,0.5743415296036288,0.6258909150668285,0.5848214285714286,,,0,uncalibrated_return_rank_score,14
reg__direction_core__xgb,reg,direction_core,60,0.55,0.5580357142857143,0.5468531468531468,0.5135135135135135,0.6785714285714286,0.5846153846153846,0.6086956521739131,0.4375,0.509090909090909,19,14,18,9,28,32,37,23,0.5,0.5908217531606956,0.6110232948656033,0.5970982142857142,,,0,uncalibrated_return_rank_score,14
reg__direction_core__forest,reg,direction_core,60,0.5333333333333333,0.5424107142857143,0.5286195286195287,0.5,0.6785714285714286,0.5757575757575758,0.5909090909090909,0.40625,0.48148148148148145,19,13,19,9,28,32,38,22,0.5,0.5044314044962342,0.5881044763266811,0.5357142857142857,,,0,uncalibrated_return_rank_score,14
reg__direction_core__equal_ensemble,reg,direction_core,60,0.5333333333333333,0.53125,0.53125,0.5,0.5,0.5,0.5625,0.5625,0.5625,14,18,14,14,28,32,28,32,0.5,0.5683046312014991,0.6302441581808579,0.5803571428571428,,,0,uncalibrated_return_rank_score,14
reg__engineered_direction__linear,reg,engineered_direction,60,0.5333333333333333,0.5290178571428572,0.5286195286195287,0.5,0.4642857142857143,0.48148148148148145,0.5588235294117647,0.59375,0.5757575757575758,13,19,13,15,28,32,26,34,0.5,0.6270563859720327,0.6273274911475227,0.609375,,,0,uncalibrated_return_rank_score,14
reg__engineered_direction__xgb,reg,engineered_direction,60,0.5666666666666667,0.5758928571428572,0.5622895622895623,0.5263157894736842,0.7142857142857143,0.6060606060606061,0.6363636363636364,0.4375,0.5185185185185185,20,14,18,8,28,32,38,22,0.5,0.5909991489664178,0.6088483823985057,0.6183035714285714,,,0,uncalibrated_return_rank_score,14
reg__engineered_direction__forest,reg,engineered_direction,60,0.5166666666666667,0.5267857142857143,0.5099971838918614,0.48717948717948717,0.6785714285714286,0.5671641791044776,0.5714285714285714,0.375,0.4528301886792453,19,12,20,9,28,32,39,21,0.5,0.4858316070795251,0.5833761906558228,0.5212053571428572,,,0,uncalibrated_return_rank_score,14
reg__engineered_direction__equal_ensemble,reg,engineered_direction,60,0.55,0.5513392857142857,0.5498749652681301,0.5161290322580645,0.5714285714285714,0.5423728813559322,0.5862068965517241,0.53125,0.5573770491803278,16,17,15,12,28,32,31,29,0.5,0.5752912381712523,0.6201249756168697,0.59375,,,0,uncalibrated_return_rank_score,14
selected_direction,class,basic,60,0.5333333333333333,0.5513392857142857,0.5064629847238543,0.5,0.8214285714285714,0.6216216216216216,0.6428571428571429,0.28125,0.391304347826087,23,9,23,5,28,32,46,14,0.4,0.5388574872004394,0.6348363921787391,0.578125,0.24637261014813464,0.6861399188332659,0,probability_up,14
selected_return,reg,direction_core,60,0.55,0.5580357142857143,0.5468531468531468,0.5135135135135135,0.6785714285714286,0.5846153846153846,0.6086956521739131,0.4375,0.509090909090909,19,14,18,9,28,32,37,23,0.5,0.5908217531606956,0.6110232948656033,0.5970982142857142,,,0,uncalibrated_return_rank_score,14
baseline_monthly_return,reg,previous,60,0.5333333333333333,0.5491071428571428,0.513888888888889,0.5,0.7857142857142857,0.6111111111111112,0.625,0.3125,0.4166666666666667,22,10,22,6,28,32,44,16,0.5,0.6157736959590396,0.6833685698930809,0.6227678571428572,,,0,uncalibrated_return_rank_score,14
baseline_paper_return,reg,previous,60,0.6,0.5959821428571428,0.595959595959596,0.5769230769230769,0.5357142857142857,0.5555555555555556,0.6176470588235294,0.65625,0.6363636363636364,15,21,11,13,28,32,26,34,0.5,0.6047620342188537,0.6676877532873479,0.6194196428571429,,,0,uncalibrated_return_rank_score,14
baseline_mean_return,reg,previous,60,0.4666666666666667,0.5,0.3181818181818182,0.4666666666666667,1.0,0.6363636363636364,0.0,0.0,0.0,28,0,32,0,28,32,60,0,0.5,0.46339869665662425,0.5099236468204659,0.4854910714285714,,,0,uncalibrated_return_rank_score,14
baseline_zero_return,reg,previous,60,0.4666666666666667,0.5,0.3181818181818182,0.4666666666666667,1.0,0.6363636363636364,0.0,0.0,0.0,28,0,32,0,28,32,60,0,0.5,0.4666666666666667,0.5333333333333333,0.5,,,0,uncalibrated_return_rank_score,14
baseline_majority,baseline,previous,60,0.5333333333333333,0.5,0.34782608695652173,0.0,0.0,0.0,0.5333333333333333,1.0,0.6956521739130435,0,32,0,28,28,32,0,60,0.5,0.47125146078227015,0.5163495994546611,0.49776785714285715,0.2492581254033014,0.6916632347099553,0,probability_up,14
always_up,baseline,previous,60,0.4666666666666667,0.5,0.3181818181818182,0.4666666666666667,1.0,0.6363636363636364,0.0,0.0,0.0,28,0,32,0,28,32,60,0,0.5,0.4666666666666667,0.5333333333333333,0.5,0.5333333333333333,19.22328180752915,0,probability_up,14
always_down,baseline,previous,60,0.5333333333333333,0.5,0.34782608695652173,0.0,0.0,0.0,0.5333333333333333,1.0,0.6956521739130435,0,32,0,28,28,32,0,60,0.5,0.4666666666666667,0.5333333333333333,0.5,0.4666666666666667,16.820371581588002,0,probability_up,14
class__basic__linear,class,basic,60,0.6333333333333333,0.6160714285714286,0.5970695970695971,0.7142857142857143,0.35714285714285715,0.47619047619047616,0.6086956521739131,0.875,0.717948717948718,10,28,4,18,28,32,14,46,0.6000000000000002,0.6111674680852339,0.6093496915138245,0.5770089285714285,0.2815853670754439,0.8428402154903856,0,probability_up,15
class__basic__xgb,class,basic,60,0.5333333333333333,0.5513392857142857,0.5064629847238543,0.5,0.8214285714285714,0.6216216216216216,0.6428571428571429,0.28125,0.391304347826087,23,9,23,5,28,32,46,14,0.4,0.5388574872004394,0.6348363921787391,0.578125,0.24646589012806702,0.6863448516867826,0,probability_up,15
class__basic__forest,class,basic,60,0.5,0.5178571428571428,0.4712103407755582,0.4782608695652174,0.7857142857142857,0.5945945945945946,0.5714285714285714,0.25,0.34782608695652173,22,8,24,6,28,32,46,14,0.4,0.4983550972125868,0.5820889436573307,0.5323660714285714,0.25923372168090286,0.7136735592829048,0,probability_up,15
class__basic__equal_ensemble,class,basic,60,0.55,0.5401785714285714,0.5343489508479448,0.5238095238095238,0.39285714285714285,0.4489795918367347,0.5641025641025641,0.6875,0.6197183098591549,11,22,10,17,28,32,21,39,0.5250000000000001,0.5973467917226842,0.6395310797769039,0.5792410714285714,0.2482770442230854,0.6893401942959847,0,probability_up,15
class__direction_core__linear,class,direction_core,60,0.5666666666666667,0.5446428571428571,0.4993581514762516,0.6,0.21428571428571427,0.3157894736842105,0.56,0.875,0.6829268292682927,6,28,4,22,28,32,10,50,0.6500000000000002,0.6228000512081713,0.6241294149362273,0.5848214285714286,0.2837518174452917,0.8507878618681144,0,probability_up,15
class__direction_core__xgb,class,direction_core,60,0.48333333333333334,0.5044642857142857,0.43823618242222895,0.46938775510204084,0.8214285714285714,0.5974025974025974,0.5454545454545454,0.1875,0.27906976744186046,23,6,26,5,28,32,49,11,0.4,0.5378922431230042,0.6206524976118989,0.5770089285714286,0.2467080079687543,0.6868345636485732,0,probability_up,15
class__direction_core__forest,class,direction_core,60,0.5333333333333333,0.5379464285714286,0.5328142380422691,0.5,0.6071428571428571,0.5483870967741935,0.5769230769230769,0.46875,0.5172413793103449,17,15,17,11,28,32,34,26,0.4750000000000001,0.5593893258740396,0.6142193515857948,0.5803571428571428,0.2487928671620277,0.6917448539186395,0,probability_up,15
class__direction_core__equal_ensemble,class,direction_core,60,0.5666666666666667,0.5535714285714286,0.5417156286721504,0.5555555555555556,0.35714285714285715,0.43478260869565216,0.5714285714285714,0.75,0.6486486486486487,10,24,8,18,28,32,18,42,0.5250000000000001,0.6040669091717031,0.6299940025738516,0.5814732142857143,0.24503018289166445,0.6823745066476856,0,probability_up,15
class__engineered_direction__linear,class,engineered_direction,60,0.5,0.4933035714285714,0.4909502262443439,0.4583333333333333,0.39285714285714285,0.4230769230769231,0.5277777777777778,0.59375,0.5588235294117647,11,19,13,17,28,32,24,36,0.42500000000000004,0.6123699962382501,0.6220805327514669,0.5602678571428572,0.31459381921573387,0.9147295137173183,0,probability_up,15
class__engineered_direction__xgb,class,engineered_direction,60,0.5166666666666667,0.5379464285714286,0.4744790093627303,0.4897959183673469,0.8571428571428571,0.6233766233766234,0.6363636363636364,0.21875,0.32558139534883723,24,7,25,4,28,32,49,11,0.4,0.5537272684542778,0.636983680738268,0.6026785714285713,0.24621731523385443,0.6869345965873606,0,probability_up,15
class__engineered_direction__forest,class,engineered_direction,60,0.5,0.5133928571428572,0.4857142857142857,0.47619047619047616,0.7142857142857143,0.5714285714285714,0.5555555555555556,0.3125,0.4,20,10,22,8,28,32,42,18,0.42500000000000004,0.5315328011139389,0.5961009531368977,0.5424107142857143,0.25422346777754334,0.7025499417230351,0,probability_up,15
class__engineered_direction__equal_ensemble,class,engineered_direction,60,0.5333333333333333,0.5379464285714286,0.5328142380422691,0.5,0.6071428571428571,0.5483870967741935,0.5769230769230769,0.46875,0.5172413793103449,17,15,17,11,28,32,34,26,0.4,0.5912261766618587,0.6049606892389194,0.5658482142857143,0.2528316906670988,0.6989372002363763,0,probability_up,15
reg__basic__linear,reg,basic,60,0.5333333333333333,0.53125,0.53125,0.5,0.5,0.5,0.5625,0.5625,0.5625,14,18,14,14,28,32,28,32,0.5,0.6259675547574998,0.6065855919669624,0.6071428571428572,,,0,uncalibrated_return_rank_score,15
reg__basic__xgb,reg,basic,60,0.5333333333333333,0.5401785714285714,0.53125,0.5,0.6428571428571429,0.5625,0.5833333333333334,0.4375,0.5,18,14,18,10,28,32,36,24,0.5,0.5513293070068004,0.6106156843166295,0.5636160714285714,,,0,uncalibrated_return_rank_score,15
reg__basic__forest,reg,basic,60,0.5166666666666667,0.5245535714285714,0.5132867132867133,0.4864864864864865,0.6428571428571429,0.5538461538461539,0.5652173913043478,0.40625,0.4727272727272727,18,13,19,10,28,32,37,23,0.5,0.4942353176973728,0.5799082958083567,0.5178571428571429,,,0,uncalibrated_return_rank_score,15
reg__basic__equal_ensemble,reg,basic,60,0.5166666666666667,0.5133928571428572,0.5132867132867133,0.48148148148148145,0.4642857142857143,0.4727272727272727,0.5454545454545454,0.5625,0.5538461538461539,13,18,14,15,28,32,27,33,0.5,0.5820527592273761,0.6117198586438206,0.5825892857142857,,,0,uncalibrated_return_rank_score,15
reg__direction_core__linear,reg,direction_core,60,0.55,0.546875,0.5468531468531468,0.5185185185185185,0.5,0.509090909090909,0.5757575757575758,0.59375,0.5846153846153846,14,19,13,14,28,32,27,33,0.5,0.5687492052613043,0.6247558904047897,0.5814732142857143,,,0,uncalibrated_return_rank_score,15
reg__direction_core__xgb,reg,direction_core,60,0.55,0.5580357142857143,0.5468531468531468,0.5135135135135135,0.6785714285714286,0.5846153846153846,0.6086956521739131,0.4375,0.509090909090909,19,14,18,9,28,32,37,23,0.5,0.5905091028480454,0.6080471043894128,0.5959821428571428,,,0,uncalibrated_return_rank_score,15
reg__direction_core__forest,reg,direction_core,60,0.5333333333333333,0.5424107142857143,0.5286195286195287,0.5,0.6785714285714286,0.5757575757575758,0.5909090909090909,0.40625,0.48148148148148145,19,13,19,9,28,32,38,22,0.5,0.5044314044962342,0.5881044763266811,0.5357142857142857,,,0,uncalibrated_return_rank_score,15
reg__direction_core__equal_ensemble,reg,direction_core,60,0.5166666666666667,0.5133928571428572,0.5132867132867133,0.48148148148148145,0.4642857142857143,0.4727272727272727,0.5454545454545454,0.5625,0.5538461538461539,13,18,14,15,28,32,27,33,0.5,0.5664527793496472,0.628677003872287,0.5770089285714286,,,0,uncalibrated_return_rank_score,15
reg__engineered_direction__linear,reg,engineered_direction,60,0.5166666666666667,0.5111607142857143,0.5099971838918614,0.48,0.42857142857142855,0.4528301886792453,0.5428571428571428,0.59375,0.5671641791044776,12,19,13,16,28,32,25,35,0.5,0.6240573479729946,0.6254018600423251,0.6049107142857143,,,0,uncalibrated_return_rank_score,15
reg__engineered_direction__xgb,reg,engineered_direction,60,0.5666666666666667,0.5758928571428572,0.5622895622895623,0.5263157894736842,0.7142857142857143,0.6060606060606061,0.6363636363636364,0.4375,0.5185185185185185,20,14,18,8,28,32,38,22,0.5,0.5909991489664178,0.6088483823985057,0.6183035714285714,,,0,uncalibrated_return_rank_score,15
reg__engineered_direction__forest,reg,engineered_direction,60,0.5166666666666667,0.5267857142857143,0.5099971838918614,0.48717948717948717,0.6785714285714286,0.5671641791044776,0.5714285714285714,0.375,0.4528301886792453,19,12,20,9,28,32,39,21,0.5,0.48438373063164863,0.5813582953566775,0.5178571428571428,,,0,uncalibrated_return_rank_score,15
reg__engineered_direction__equal_ensemble,reg,engineered_direction,60,0.5333333333333333,0.5334821428571428,0.5328142380422691,0.5,0.5357142857142857,0.5172413793103449,0.5666666666666667,0.53125,0.5483870967741935,15,17,15,13,28,32,30,30,0.5,0.5741007619807761,0.6189095047232842,0.5915178571428572,,,0,uncalibrated_return_rank_score,15
selected_direction,class,basic,60,0.5333333333333333,0.5513392857142857,0.5064629847238543,0.5,0.8214285714285714,0.6216216216216216,0.6428571428571429,0.28125,0.391304347826087,23,9,23,5,28,32,46,14,0.4,0.5388574872004394,0.6348363921787391,0.578125,0.24646589012806702,0.6863448516867826,0,probability_up,15
selected_return,reg,direction_core,60,0.55,0.5580357142857143,0.5468531468531468,0.5135135135135135,0.6785714285714286,0.5846153846153846,0.6086956521739131,0.4375,0.509090909090909,19,14,18,9,28,32,37,23,0.5,0.5905091028480454,0.6080471043894128,0.5959821428571428,,,0,uncalibrated_return_rank_score,15
baseline_monthly_return,reg,previous,60,0.5333333333333333,0.5491071428571428,0.513888888888889,0.5,0.7857142857142857,0.6111111111111112,0.625,0.3125,0.4166666666666667,22,10,22,6,28,32,44,16,0.5,0.6169408294791143,0.6837814927260619,0.6238839285714286,,,0,uncalibrated_return_rank_score,15
baseline_paper_return,reg,previous,60,0.6,0.5959821428571428,0.595959595959596,0.5769230769230769,0.5357142857142857,0.5555555555555556,0.6176470588235294,0.65625,0.6363636363636364,15,21,11,13,28,32,26,34,0.5,0.6077614157896637,0.6691814001045264,0.6227678571428571,,,0,uncalibrated_return_rank_score,15
baseline_mean_return,reg,previous,60,0.4666666666666667,0.5,0.3181818181818182,0.4666666666666667,1.0,0.6363636363636364,0.0,0.0,0.0,28,0,32,0,28,32,60,0,0.5,0.46339869665662425,0.5099236468204659,0.4854910714285714,,,0,uncalibrated_return_rank_score,15
baseline_zero_return,reg,previous,60,0.4666666666666667,0.5,0.3181818181818182,0.4666666666666667,1.0,0.6363636363636364,0.0,0.0,0.0,28,0,32,0,28,32,60,0,0.5,0.4666666666666667,0.5333333333333333,0.5,,,0,uncalibrated_return_rank_score,15
baseline_majority,baseline,previous,60,0.5333333333333333,0.5,0.34782608695652173,0.0,0.0,0.0,0.5333333333333333,1.0,0.6956521739130435,0,32,0,28,28,32,0,60,0.5,0.47125146078227015,0.5163495994546611,0.49776785714285715,0.2492581254033014,0.6916632347099553,0,probability_up,15
always_up,baseline,previous,60,0.4666666666666667,0.5,0.3181818181818182,0.4666666666666667,1.0,0.6363636363636364,0.0,0.0,0.0,28,0,32,0,28,32,60,0,0.5,0.4666666666666667,0.5333333333333333,0.5,0.5333333333333333,19.22328180752915,0,probability_up,15
always_down,baseline,previous,60,0.5333333333333333,0.5,0.34782608695652173,0.0,0.0,0.0,0.5333333333333333,1.0,0.6956521739130435,0,32,0,28,28,32,0,60,0.5,0.4666666666666667,0.5333333333333333,0.5,0.4666666666666667,16.820371581588002,0,probability_up,15
class__basic__linear,class,basic,60,0.6,0.5803571428571428,0.55,0.6666666666666666,0.2857142857142857,0.4,0.5833333333333334,0.875,0.7,8,28,4,20,28,32,12,48,0.6000000000000002,0.6062245912640906,0.6422196207859967,0.5948660714285715,0.27791826584648227,0.8101146900923014,0,probability_up,16
class__basic__xgb,class,basic,60,0.55,0.5669642857142857,0.5278344505974935,0.5111111111111111,0.8214285714285714,0.6301369863013698,0.6666666666666666,0.3125,0.425531914893617,23,10,22,5,28,32,45,15,0.4,0.5505059421917257,0.651616126082907,0.6026785714285714,0.24232302544219073,0.6777885544619682,0,probability_up,16
class__basic__forest,class,basic,60,0.5333333333333333,0.5513392857142857,0.5064629847238543,0.5,0.8214285714285714,0.6216216216216216,0.6428571428571429,0.28125,0.391304347826087,23,9,23,5,28,32,46,14,0.4,0.5480445307418275,0.6088941260132221,0.5714285714285714,0.2514310994151573,0.6972643928845887,0,probability_up,16
class__basic__equal_ensemble,class,basic,60,0.5333333333333333,0.5245535714285714,0.52,0.5,0.39285714285714285,0.44,0.5526315789473685,0.65625,0.6,11,21,11,17,28,32,22,38,0.5250000000000001,0.5809005365602136,0.6387914426086956,0.5881696428571429,0.24302287322147154,0.6781438424481542,0,probability_up,16
class__direction_core__linear,class,direction_core,60,0.6,0.578125,0.5378690629011553,0.7,0.25,0.3684210526315789,0.58,0.90625,0.7073170731707317,7,29,3,21,28,32,10,50,0.6500000000000002,0.5909128220896784,0.6386340458312094,0.5669642857142857,0.28523860106671434,0.8376599806212592,0,probability_up,16
class__direction_core__xgb,class,direction_core,60,0.4666666666666667,0.4888392857142857,0.4139194139194139,0.46,0.8214285714285714,0.5897435897435898,0.5,0.15625,0.23809523809523808,23,5,27,5,28,32,50,10,0.4,0.5745834310974117,0.633802463895924,0.6015625,0.24331233491401358,0.6798543169612096,0,probability_up,16
class__direction_core__forest,class,direction_core,60,0.5333333333333333,0.5401785714285714,0.53125,0.5,0.6428571428571429,0.5625,0.5833333333333334,0.4375,0.5,18,14,18,10,28,32,36,24,0.4750000000000001,0.5600368036041178,0.6346946977198779,0.5892857142857143,0.24658871877067332,0.6871417090258772,0,probability_up,16
class__direction_core__equal_ensemble,class,direction_core,60,0.55,0.5379464285714286,0.5278344505974935,0.5263157894736842,0.35714285714285715,0.425531914893617,0.5609756097560976,0.71875,0.6301369863013698,10,23,9,18,28,32,19,41,0.5250000000000001,0.5776804255165235,0.639609585766754,0.5848214285714286,0.2433432032416029,0.6787469255437272,0,probability_up,16
class__engineered_direction__linear,class,engineered_direction,60,0.55,0.5424107142857143,0.5396419437340154,0.5217391304347826,0.42857142857142855,0.47058823529411764,0.5675675675675675,0.65625,0.6086956521739131,12,21,11,16,28,32,23,37,0.42500000000000004,0.5762877409381496,0.6189409771128185,0.5412946428571428,0.3244749199190738,0.9537623480535,0,probability_up,16
class__engineered_direction__xgb,class,engineered_direction,60,0.5333333333333333,0.5558035714285714,0.4871794871794872,0.5,0.8928571428571429,0.6410256410256411,0.7,0.21875,0.3333333333333333,25,7,25,3,28,32,50,10,0.4,0.5816089437056547,0.6583631967995108,0.625,0.2415846996117895,0.6766603360576415,0,probability_up,16
class__engineered_direction__forest,class,engineered_direction,60,0.55,0.5647321428571428,0.5343489508479448,0.5116279069767442,0.7857142857142857,0.6197183098591549,0.6470588235294118,0.34375,0.4489795918367347,22,11,21,6,28,32,43,17,0.42500000000000004,0.5461766053707735,0.6158404644304136,0.5926339285714286,0.2484802394663218,0.6917782822253407,0,probability_up,16
class__engineered_direction__equal_ensemble,class,engineered_direction,60,0.5833333333333334,0.5870535714285714,0.5832175604334537,0.5454545454545454,0.6428571428571429,0.5901639344262295,0.6296296296296297,0.53125,0.576271186440678,18,17,15,10,28,32,33,27,0.4,0.5741531098421072,0.6049010026885849,0.5658482142857143,0.25312176888068316,0.700187413277318,0,probability_up,16
reg__basic__linear,reg,basic,60,0.55,0.546875,0.5468531468531468,0.5185185185185185,0.5,0.509090909090909,0.5757575757575758,0.59375,0.5846153846153846,14,19,13,14,28,32,27,33,0.5,0.5808951514808351,0.6295629915167211,0.5892857142857143,,,0,uncalibrated_return_rank_score,16
reg__basic__xgb,reg,basic,60,0.6,0.6071428571428572,0.5982142857142857,0.5555555555555556,0.7142857142857143,0.625,0.6666666666666666,0.5,0.5714285714285714,20,16,16,8,28,32,36,24,0.5,0.5388181270223447,0.6323216503730048,0.5825892857142857,,,0,uncalibrated_return_rank_score,16
reg__basic__forest,reg,basic,60,0.5666666666666667,0.5758928571428572,0.5622895622895623,0.5263157894736842,0.7142857142857143,0.6060606060606061,0.6363636363636364,0.4375,0.5185185185185185,20,14,18,8,28,32,38,22,0.5,0.5641967718592087,0.5924752356033145,0.5691964285714286,,,0,uncalibrated_return_rank_score,16
reg__basic__equal_ensemble,reg,basic,60,0.5166666666666667,0.515625,0.5154553049289892,0.4827586206896552,0.5,0.49122807017543857,0.5483870967741935,0.53125,0.5396825396825397,14,17,15,14,28,32,29,31,0.5,0.5656383882125209,0.6372005860305449,0.5915178571428572,,,0,uncalibrated_return_rank_score,16
reg__direction_core__linear,reg,direction_core,60,0.5666666666666667,0.5625,0.5622895622895623,0.5384615384615384,0.5,0.5185185185185185,0.5882352941176471,0.625,0.6060606060606061,14,20,12,14,28,32,26,34,0.5,0.5427423741950977,0.6310011363797106,0.5680803571428571,,,0,uncalibrated_return_rank_score,16
reg__direction_core__xgb,reg,direction_core,60,0.5833333333333334,0.5915178571428572,0.5804195804195804,0.5405405405405406,0.7142857142857143,0.6153846153846154,0.6521739130434783,0.46875,0.5454545454545454,20,15,17,8,28,32,37,23,0.5,0.5374276932133222,0.6105433430771582,0.5758928571428571,,,0,uncalibrated_return_rank_score,16
reg__direction_core__forest,reg,direction_core,60,0.5666666666666667,0.5758928571428572,0.5622895622895623,0.5263157894736842,0.7142857142857143,0.6060606060606061,0.6363636363636364,0.4375,0.5185185185185185,20,14,18,8,28,32,38,22,0.5,0.5322042610164169,0.6155039993399418,0.578125,,,0,uncalibrated_return_rank_score,16
reg__direction_core__equal_ensemble,reg,direction_core,60,0.5166666666666667,0.515625,0.5154553049289892,0.4827586206896552,0.5,0.49122807017543857,0.5483870967741935,0.53125,0.5396825396825397,14,17,15,14,28,32,29,31,0.5,0.5350786440622027,0.663803443817333,0.5825892857142857,,,0,uncalibrated_return_rank_score,16
reg__engineered_direction__linear,reg,engineered_direction,60,0.5833333333333334,0.578125,0.5775837792171219,0.56,0.5,0.5283018867924528,0.6,0.65625,0.6268656716417911,14,21,11,14,28,32,25,35,0.5,0.5573728555063001,0.6157319595377638,0.5558035714285714,,,0,uncalibrated_return_rank_score,16
reg__engineered_direction__xgb,reg,engineered_direction,60,0.6333333333333333,0.6428571428571428,0.6296296296296295,0.5789473684210527,0.7857142857142857,0.6666666666666666,0.7272727272727273,0.5,0.5925925925925926,22,16,16,6,28,32,38,22,0.5,0.5241489769126736,0.6388897270935406,0.5970982142857142,,,0,uncalibrated_return_rank_score,16
reg__engineered_direction__forest,reg,engineered_direction,60,0.55,0.5602678571428572,0.5437904815544916,0.5128205128205128,0.7142857142857143,0.5970149253731343,0.6190476190476191,0.40625,0.49056603773584906,20,13,19,8,28,32,39,21,0.5,0.515442901044784,0.5885882217624906,0.5234375,,,0,uncalibrated_return_rank_score,16
reg__engineered_direction__equal_ensemble,reg,engineered_direction,60,0.5333333333333333,0.5334821428571428,0.5328142380422691,0.5,0.5357142857142857,0.5172413793103449,0.5666666666666667,0.53125,0.5483870967741935,15,17,15,13,28,32,30,30,0.5,0.5280456859087204,0.6396035155333585,0.5758928571428572,,,0,uncalibrated_return_rank_score,16
selected_direction,class,basic,60,0.55,0.5669642857142857,0.5278344505974935,0.5111111111111111,0.8214285714285714,0.6301369863013698,0.6666666666666666,0.3125,0.425531914893617,23,10,22,5,28,32,45,15,0.4,0.5505059421917257,0.651616126082907,0.6026785714285714,0.24232302544219073,0.6777885544619682,0,probability_up,16
selected_return,reg,direction_core,60,0.5833333333333334,0.5915178571428572,0.5804195804195804,0.5405405405405406,0.7142857142857143,0.6153846153846154,0.6521739130434783,0.46875,0.5454545454545454,20,15,17,8,28,32,37,23,0.5,0.5374276932133222,0.6105433430771582,0.5758928571428571,,,0,uncalibrated_return_rank_score,16
baseline_monthly_return,reg,previous,60,0.5833333333333334,0.5959821428571428,0.5737425404944586,0.5365853658536586,0.7857142857142857,0.6376811594202898,0.6842105263157895,0.40625,0.5098039215686274,22,13,19,6,28,32,41,19,0.5,0.5889065555686099,0.7254695198728432,0.6216517857142857,,,0,uncalibrated_return_rank_score,16
baseline_paper_return,reg,previous,60,0.6,0.5982142857142857,0.5982142857142857,0.5714285714285714,0.5714285714285714,0.5714285714285714,0.625,0.625,0.625,16,20,12,12,28,32,28,32,0.5,0.5842562200400625,0.6490913702304748,0.6138392857142857,,,0,uncalibrated_return_rank_score,16
baseline_mean_return,reg,previous,60,0.4666666666666667,0.5,0.3181818181818182,0.4666666666666667,1.0,0.6363636363636364,0.0,0.0,0.0,28,0,32,0,28,32,60,0,0.5,0.4962925537650338,0.5004156997956666,0.47265625000000006,,,0,uncalibrated_return_rank_score,16
baseline_zero_return,reg,previous,60,0.4666666666666667,0.5,0.3181818181818182,0.4666666666666667,1.0,0.6363636363636364,0.0,0.0,0.0,28,0,32,0,28,32,60,0,0.5,0.4666666666666667,0.5333333333333333,0.5,,,0,uncalibrated_return_rank_score,16
baseline_majority,baseline,previous,60,0.5333333333333333,0.5,0.34782608695652173,0.0,0.0,0.0,0.5333333333333333,1.0,0.6956521739130435,0,32,0,28,28,32,0,60,0.5,0.44669658292452313,0.49519241976507933,0.46037946428571425,0.2494713629160132,0.6920901897467642,0,probability_up,16
always_up,baseline,previous,60,0.4666666666666667,0.5,0.3181818181818182,0.4666666666666667,1.0,0.6363636363636364,0.0,0.0,0.0,28,0,32,0,28,32,60,0,0.5,0.4666666666666667,0.5333333333333333,0.5,0.5333333333333333,19.22328180752915,0,probability_up,16
always_down,baseline,previous,60,0.5333333333333333,0.5,0.34782608695652173,0.0,0.0,0.0,0.5333333333333333,1.0,0.6956521739130435,0,32,0,28,28,32,0,60,0.5,0.4666666666666667,0.5333333333333333,0.5,0.4666666666666667,16.820371581588002,0,probability_up,16
class__basic__linear,class,basic,60,0.55,0.55,0.5278344505974935,0.5882352941176471,0.3333333333333333,0.425531914893617,0.5348837209302325,0.7666666666666667,0.6301369863013698,10,23,7,20,30,30,17,43,0.6000000000000002,0.6429304105049192,0.6194973677406951,0.5888888888888889,0.3005630356361354,0.8718498457896372,0,probability_up,17
class__basic__xgb,class,basic,60,0.5333333333333333,0.5333333333333333,0.4871794871794872,0.5208333333333334,0.8333333333333334,0.6410256410256411,0.5833333333333334,0.23333333333333334,0.3333333333333333,25,7,23,5,30,30,48,12,0.4,0.5721956305183042,0.6296242405633297,0.5988888888888889,0.24274910304193498,0.6791261439769389,0,probability_up,17
class__basic__forest,class,basic,60,0.55,0.55,0.5107218363032316,0.5319148936170213,0.8333333333333334,0.6493506493506493,0.6153846153846154,0.26666666666666666,0.37209302325581395,25,8,22,5,30,30,47,13,0.4,0.5886953169805929,0.6012940529857386,0.5955555555555555,0.24565285109982077,0.6854811092280625,0,probability_up,17
class__basic__equal_ensemble,class,basic,60,0.5,0.5,0.4909502262443439,0.5,0.36666666666666664,0.4230769230769231,0.5,0.6333333333333333,0.5588235294117647,11,19,11,19,30,30,22,38,0.5250000000000001,0.6168641467116264,0.6450376224519315,0.5922222222222223,0.2465580483825681,0.6849703004970036,0,probability_up,17
class__direction_core__linear,class,direction_core,60,0.55,0.55,0.47248453272549656,0.7142857142857143,0.16666666666666666,0.2702702702702703,0.5283018867924528,0.9333333333333333,0.6746987951807228,5,28,2,25,30,30,7,53,0.6500000000000002,0.6321846450983447,0.6289766239934315,0.581111111111111,0.3032081720108,0.8919774406304495,0,probability_up,17
class__direction_core__xgb,class,direction_core,60,0.5,0.5,0.42233632862644416,0.5,0.8666666666666667,0.6341463414634146,0.5,0.13333333333333333,0.21052631578947367,26,4,26,4,30,30,52,8,0.4,0.5945923186978808,0.5946405654240424,0.6033333333333334,0.24393281889773663,0.6814220884502086,0,probability_up,17
class__direction_core__forest,class,direction_core,60,0.5833333333333334,0.5833333333333333,0.5804195804195804,0.5714285714285714,0.6666666666666666,0.6153846153846154,0.6,0.5,0.5454545454545454,20,15,15,10,30,30,35,25,0.4750000000000001,0.5845253560878325,0.6345703887902834,0.6166666666666667,0.2404759118669723,0.6747821052793792,0,probability_up,17
class__direction_core__equal_ensemble,class,direction_core,60,0.5,0.5,0.4857142857142857,0.5,0.3333333333333333,0.4,0.5,0.6666666666666666,0.5714285714285714,10,20,10,20,30,30,20,40,0.5250000000000001,0.6100453699679212,0.6224920973359553,0.5855555555555556,0.2464063945676636,0.6846259141243781,0,probability_up,17
class__engineered_direction__linear,class,engineered_direction,60,0.5333333333333333,0.5333333333333333,0.5286195286195287,0.5416666666666666,0.43333333333333335,0.48148148148148145,0.5277777777777778,0.6333333333333333,0.5757575757575758,13,19,11,17,30,30,24,36,0.42500000000000004,0.5649522697128417,0.5629876345605171,0.5477777777777778,0.3276747543551161,1.0051195386570806,0,probability_up,17
class__engineered_direction__xgb,class,engineered_direction,60,0.5333333333333333,0.5333333333333333,0.475,0.52,0.8666666666666667,0.65,0.6,0.2,0.3,26,6,24,4,30,30,50,10,0.4,0.5916606680403333,0.6052441092263068,0.6211111111111112,0.2449439158565242,0.6851128418934593,0,probability_up,17
class__engineered_direction__forest,class,engineered_direction,60,0.6,0.6000000000000001,0.5885714285714285,0.575,0.7666666666666667,0.6571428571428571,0.65,0.43333333333333335,0.52,23,13,17,7,30,30,40,20,0.42500000000000004,0.5870372894046014,0.6293763723586855,0.6222222222222222,0.24231885455364316,0.678700037247586,0,probability_up,17
class__engineered_direction__equal_ensemble,class,engineered_direction,60,0.55,0.55,0.5468531468531468,0.5428571428571428,0.6333333333333333,0.5846153846153846,0.56,0.4666666666666667,0.509090909090909,19,14,16,11,30,30,35,25,0.4,0.602376700553842,0.6080852978828009,0.5955555555555555,0.2535033988204192,0.701680663154352,0,probability_up,17
reg__basic__linear,reg,basic,60,0.5166666666666667,0.5166666666666666,0.5154553049289892,0.5185185185185185,0.4666666666666667,0.49122807017543857,0.5151515151515151,0.5666666666666667,0.5396825396825397,14,17,13,16,30,30,27,33,0.5,0.5925875663382165,0.5796423609915337,0.5599999999999999,,,0,uncalibrated_return_rank_score,17
reg__basic__xgb,reg,basic,60,0.5666666666666667,0.5666666666666667,0.5622895622895623,0.5555555555555556,0.6666666666666666,0.6060606060606061,0.5833333333333334,0.4666666666666667,0.5185185185185185,20,14,16,10,30,30,36,24,0.5,0.5968005465566147,0.5520622925544674,0.59,,,0,uncalibrated_return_rank_score,17
reg__basic__forest,reg,basic,60,0.5666666666666667,0.5666666666666667,0.5588235294117647,0.5526315789473685,0.7,0.6176470588235294,0.5909090909090909,0.43333333333333335,0.5,21,13,17,9,30,30,38,22,0.5,0.580390846881927,0.557186204120948,0.5722222222222222,,,0,uncalibrated_return_rank_score,17
reg__basic__equal_ensemble,reg,basic,60,0.5,0.5,0.5,0.5,0.5,0.5,0.5,0.5,0.5,15,15,15,15,30,30,30,30,0.5,0.6341074322308347,0.589982516345549,0.5933333333333333,,,0,uncalibrated_return_rank_score,17
reg__direction_core__linear,reg,direction_core,60,0.5,0.5,0.4994438264738599,0.5,0.4666666666666667,0.4827586206896552,0.5,0.5333333333333333,0.5161290322580645,14,16,14,16,30,30,28,32,0.5,0.5736663540945831,0.5712892259061548,0.5344444444444444,,,0,uncalibrated_return_rank_score,17
reg__direction_core__xgb,reg,direction_core,60,0.5333333333333333,0.5333333333333333,0.5286195286195287,0.5277777777777778,0.6333333333333333,0.5757575757575758,0.5416666666666666,0.43333333333333335,0.48148148148148145,19,13,17,11,30,30,36,24,0.5,0.5661470864933588,0.5464972238834044,0.5711111111111111,,,0,uncalibrated_return_rank_score,17
reg__direction_core__forest,reg,direction_core,60,0.55,0.55,0.5396419437340154,0.5384615384615384,0.7,0.6086956521739131,0.5714285714285714,0.4,0.47058823529411764,21,12,18,9,30,30,39,21,0.5,0.5923785872624389,0.5756076732916732,0.591111111111111,,,0,uncalibrated_return_rank_score,17
reg__direction_core__equal_ensemble,reg,direction_core,60,0.5,0.5,0.5,0.5,0.5,0.5,0.5,0.5,0.5,15,15,15,15,30,30,30,30,0.5,0.5974617225811253,0.5860751201870085,0.5655555555555556,,,0,uncalibrated_return_rank_score,17
reg__engineered_direction__linear,reg,engineered_direction,60,0.5333333333333333,0.5333333333333333,0.53125,0.5384615384615384,0.4666666666666667,0.5,0.5294117647058824,0.6,0.5625,14,18,12,16,30,30,26,34,0.5,0.561657303239334,0.5602967109503348,0.5366666666666667,,,0,uncalibrated_return_rank_score,17
reg__engineered_direction__xgb,reg,engineered_direction,60,0.6166666666666667,0.6166666666666667,0.6033342914630642,0.5853658536585366,0.8,0.676056338028169,0.6842105263157895,0.43333333333333335,0.5306122448979592,24,13,17,6,30,30,41,19,0.5,0.5872072065896471,0.5904412406901646,0.6177777777777778,,,0,uncalibrated_return_rank_score,17
reg__engineered_direction__forest,reg,engineered_direction,60,0.5333333333333333,0.5333333333333333,0.52,0.525,0.7,0.6,0.55,0.36666666666666664,0.44,21,11,19,9,30,30,40,20,0.5,0.5447380391329188,0.5322984322196814,0.5266666666666666,,,0,uncalibrated_return_rank_score,17
reg__engineered_direction__equal_ensemble,reg,engineered_direction,60,0.5166666666666667,0.5166666666666666,0.5165323701028064,0.5161290322580645,0.5333333333333333,0.5245901639344263,0.5172413793103449,0.5,0.5084745762711864,16,15,15,14,30,30,31,29,0.5,0.5638930739439549,0.5655442882060457,0.5544444444444445,,,0,uncalibrated_return_rank_score,17
selected_direction,class,basic,60,0.5333333333333333,0.5333333333333333,0.4871794871794872,0.5208333333333334,0.8333333333333334,0.6410256410256411,0.5833333333333334,0.23333333333333334,0.3333333333333333,25,7,23,5,30,30,48,12,0.4,0.5721956305183042,0.6296242405633297,0.5988888888888889,0.24274910304193498,0.6791261439769389,0,probability_up,17
selected_return,reg,direction_core,60,0.5333333333333333,0.5333333333333333,0.5286195286195287,0.5277777777777778,0.6333333333333333,0.5757575757575758,0.5416666666666666,0.43333333333333335,0.48148148148148145,19,13,17,11,30,30,36,24,0.5,0.5661470864933588,0.5464972238834044,0.5711111111111111,,,0,uncalibrated_return_rank_score,17
baseline_monthly_return,reg,previous,60,0.5833333333333334,0.5833333333333334,0.5688416211555045,0.5609756097560976,0.7666666666666667,0.647887323943662,0.631578947368421,0.4,0.4897959183673469,23,12,18,7,30,30,41,19,0.5,0.6011043840919839,0.6548847770209046,0.5933333333333333,,,0,uncalibrated_return_rank_score,17
baseline_paper_return,reg,previous,60,0.6,0.6,0.595959595959596,0.625,0.5,0.5555555555555556,0.5833333333333334,0.7,0.6363636363636364,15,21,9,15,30,30,24,36,0.5,0.5824434248273128,0.6400029537302238,0.6022222222222222,,,0,uncalibrated_return_rank_score,17
baseline_mean_return,reg,previous,60,0.5,0.5,0.3333333333333333,0.5,1.0,0.6666666666666666,0.0,0.0,0.0,30,0,30,0,30,30,60,0,0.5,0.5250282771085304,0.48041775447096463,0.48444444444444446,,,0,uncalibrated_return_rank_score,17
baseline_zero_return,reg,previous,60,0.5,0.5,0.3333333333333333,0.5,1.0,0.6666666666666666,0.0,0.0,0.0,30,0,30,0,30,30,60,0,0.5,0.5,0.5,0.5,,,0,uncalibrated_return_rank_score,17
baseline_majority,baseline,previous,60,0.5,0.5,0.3333333333333333,0.0,0.0,0.0,0.5,1.0,0.6666666666666666,0,30,0,30,30,30,0,60,0.5,0.4725278484591657,0.46704245460360194,0.45777777777777773,0.25059326010164457,0.6943348805753823,0,probability_up,17
always_up,baseline,previous,60,0.5,0.5,0.3333333333333333,0.5,1.0,0.6666666666666666,0.0,0.0,0.0,30,0,30,0,30,30,60,0,0.5,0.5,0.5,0.5,0.5,18.021826694558577,0,probability_up,17
always_down,baseline,previous,60,0.5,0.5,0.3333333333333333,0.0,0.0,0.0,0.5,1.0,0.6666666666666666,0,30,0,30,30,30,0,60,0.5,0.5,0.5,0.5,0.5,18.021826694558577,0,probability_up,17
class__basic__linear,class,basic,60,0.55,0.5422691879866518,0.52,0.5625,0.3103448275862069,0.4,0.5454545454545454,0.7741935483870968,0.64,9,24,7,20,29,31,16,44,0.6000000000000002,0.5939806121073176,0.6036259319592885,0.5472747497219133,0.3222014959381981,0.9234434127455579,0,probability_up,18
class__basic__xgb,class,basic,60,0.55,0.5600667408231368,0.5107218363032316,0.5208333333333334,0.8620689655172413,0.6493506493506493,0.6666666666666666,0.25806451612903225,0.37209302325581395,25,8,23,4,29,31,48,12,0.4,0.5119443208229825,0.6011523810093403,0.5628476084538376,0.25064811189114605,0.6959264232513613,0,probability_up,18
class__basic__forest,class,basic,60,0.5,0.5094549499443827,0.46172248803827753,0.48936170212765956,0.7931034482758621,0.6052631578947368,0.5384615384615384,0.22580645161290322,0.3181818181818182,23,7,24,6,29,31,47,13,0.4,0.5263081028807031,0.5494356171538021,0.5461624026696329,0.2581970195179457,0.7128252873608678,0,probability_up,18
class__basic__equal_ensemble,class,basic,60,0.5,0.4961067853170189,0.4909502262443439,0.4782608695652174,0.3793103448275862,0.4230769230769231,0.5135135135135135,0.6129032258064516,0.5588235294117647,11,19,12,18,29,31,23,37,0.5250000000000001,0.5282290055249425,0.5871389380798366,0.5461624026696329,0.26052008961018475,0.7163595255736757,0,probability_up,18
class__direction_core__linear,class,direction_core,60,0.55,0.5378197997775306,0.47248453272549656,0.625,0.1724137931034483,0.2702702702702703,0.5384615384615384,0.9032258064516129,0.6746987951807228,5,28,3,24,29,31,8,52,0.6500000000000002,0.5654914396489156,0.612599375330591,0.5294771968854282,0.32629756374741514,0.960265944171844,0,probability_up,18
class__direction_core__xgb,class,direction_core,60,0.5,0.5116796440489433,0.4375,0.49019607843137253,0.8620689655172413,0.625,0.5555555555555556,0.16129032258064516,0.25,25,5,26,4,29,31,51,9,0.4,0.5375624745714953,0.6086979562225108,0.5806451612903226,0.25054567217311685,0.6954884683320394,0,probability_up,18
class__direction_core__forest,class,direction_core,60,0.5666666666666667,0.5695216907675195,0.5647321428571428,0.5428571428571428,0.6551724137931034,0.59375,0.6,0.4838709677419355,0.5357142857142857,19,15,16,10,29,31,35,25,0.4750000000000001,0.517866144972186,0.5815643005588388,0.5650723025583981,0.2549842208479663,0.7064564276359602,0,probability_up,18
class__direction_core__equal_ensemble,class,direction_core,60,0.5,0.4949944382647386,0.4857142857142857,0.47619047619047616,0.3448275862068966,0.4,0.5128205128205128,0.6451612903225806,0.5714285714285714,10,20,11,19,29,31,21,39,0.5250000000000001,0.5257810555152234,0.5769020785879196,0.5406006674082313,0.26094507276384876,0.7177430663574665,0,probability_up,18
class__engineered_direction__linear,class,engineered_direction,60,0.5,0.4961067853170189,0.4909502262443439,0.4782608695652174,0.3793103448275862,0.4230769230769231,0.5135135135135135,0.6129032258064516,0.5588235294117647,11,19,12,18,29,31,23,37,0.42500000000000004,0.5274493289800118,0.5564958452043525,0.5016685205784205,0.3476641780046715,1.0664044700034156,0,probability_up,18
class__engineered_direction__xgb,class,engineered_direction,60,0.5166666666666667,0.5278086763070078,0.46279715961716583,0.5,0.8620689655172413,0.6329113924050633,0.6,0.1935483870967742,0.2926829268292683,25,6,25,4,29,31,50,10,0.4,0.5364500313412114,0.6058074309310437,0.5850945494994438,0.25252852043739576,0.701249296708033,0,probability_up,18
class__engineered_direction__forest,class,engineered_direction,60,0.55,0.5567296996662958,0.5343489508479448,0.5238095238095238,0.7586206896551724,0.6197183098591549,0.6111111111111112,0.3548387096774194,0.4489795918367347,22,11,20,7,29,31,42,18,0.42500000000000004,0.525925935205919,0.5834516160681231,0.5773081201334817,0.253604990446073,0.7038708443013434,0,probability_up,18
class__engineered_direction__equal_ensemble,class,engineered_direction,60,0.5333333333333333,0.5361512791991101,0.53125,0.5142857142857142,0.6206896551724138,0.5625,0.56,0.45161290322580644,0.5,18,14,17,11,29,31,35,25,0.4,0.533970891365567,0.5683332823308206,0.5517241379310345,0.2655267819800226,0.7299242676244473,0,probability_up,18
reg__basic__linear,reg,basic,60,0.5166666666666667,0.5144605116796441,0.5132867132867133,0.5,0.4482758620689655,0.4727272727272727,0.5294117647058824,0.5806451612903226,0.5538461538461539,13,18,13,16,29,31,26,34,0.5,0.5412480019275548,0.6061864572344559,0.5339265850945495,,,0,uncalibrated_return_rank_score,18
reg__basic__xgb,reg,basic,60,0.55,0.5545050055617353,0.5437904815544916,0.5263157894736842,0.6896551724137931,0.5970149253731343,0.5909090909090909,0.41935483870967744,0.49056603773584906,20,13,18,9,29,31,38,22,0.5,0.5766599293028836,0.5818304314143145,0.5806451612903225,,,0,uncalibrated_return_rank_score,18
reg__basic__forest,reg,basic,60,0.5666666666666667,0.5706340378197998,0.5622895622895623,0.5405405405405406,0.6896551724137931,0.6060606060606061,0.6086956521739131,0.45161290322580644,0.5185185185185185,20,14,17,9,29,31,37,23,0.5,0.5717150627467925,0.6132894384561676,0.5917686318131257,,,0,uncalibrated_return_rank_score,18
reg__basic__equal_ensemble,reg,basic,60,0.5,0.5005561735261401,0.5,0.4838709677419355,0.5172413793103449,0.5,0.5172413793103449,0.4838709677419355,0.5,15,15,16,14,29,31,31,29,0.5,0.5779567345240973,0.597948786436511,0.5650723025583981,,,0,uncalibrated_return_rank_score,18
reg__direction_core__linear,reg,direction_core,60,0.48333333333333334,0.48109010011123465,0.47972027972027975,0.46153846153846156,0.41379310344827586,0.43636363636363634,0.5,0.5483870967741935,0.5230769230769231,12,17,14,17,29,31,26,34,0.5,0.5164120492428413,0.5885241188348754,0.5016685205784205,,,0,uncalibrated_return_rank_score,18
reg__direction_core__xgb,reg,direction_core,60,0.5666666666666667,0.5706340378197998,0.5622895622895623,0.5405405405405406,0.6896551724137931,0.6060606060606061,0.6086956521739131,0.45161290322580644,0.5185185185185185,20,14,17,9,29,31,37,23,0.5,0.543479625222598,0.5680646214437954,0.5583982202447163,,,0,uncalibrated_return_rank_score,18
reg__direction_core__forest,reg,direction_core,60,0.5666666666666667,0.5717463848720801,0.5588235294117647,0.5384615384615384,0.7241379310344828,0.6176470588235294,0.6190476190476191,0.41935483870967744,0.5,21,13,18,8,29,31,39,21,0.5,0.5758990705354139,0.5944732575811575,0.5951056729699665,,,0,uncalibrated_return_rank_score,18
reg__direction_core__equal_ensemble,reg,direction_core,60,0.5,0.5005561735261401,0.5,0.4838709677419355,0.5172413793103449,0.5,0.5172413793103449,0.4838709677419355,0.5,15,15,16,14,29,31,31,29,0.5,0.5440211874634864,0.5973811279692942,0.5394883203559511,,,0,uncalibrated_return_rank_score,18
reg__engineered_direction__linear,reg,engineered_direction,60,0.5333333333333333,0.5305895439377086,0.5286195286195287,0.52,0.4482758620689655,0.48148148148148145,0.5428571428571428,0.6129032258064516,0.5757575757575758,13,19,12,16,29,31,25,35,0.5,0.5251510370572338,0.5870678631305097,0.510567296996663,,,0,uncalibrated_return_rank_score,18
reg__engineered_direction__xgb,reg,engineered_direction,60,0.5666666666666667,0.5728587319243603,0.5542857142857143,0.5365853658536586,0.7586206896551724,0.6285714285714286,0.631578947368421,0.3870967741935484,0.48,22,12,19,7,29,31,41,19,0.5,0.5662706992645776,0.6053484451618659,0.5917686318131257,,,0,uncalibrated_return_rank_score,18
reg__engineered_direction__forest,reg,engineered_direction,60,0.5666666666666667,0.5717463848720801,0.5588235294117647,0.5384615384615384,0.7241379310344828,0.6176470588235294,0.6190476190476191,0.41935483870967744,0.5,21,13,18,8,29,31,39,21,0.5,0.5544300888439989,0.5681770055572302,0.5706340378197997,,,0,uncalibrated_return_rank_score,18
reg__engineered_direction__equal_ensemble,reg,engineered_direction,60,0.5166666666666667,0.517797552836485,0.5165323701028064,0.5,0.5517241379310345,0.5245901639344263,0.5357142857142857,0.4838709677419355,0.5084745762711864,16,15,16,13,29,31,32,28,0.5,0.5377162242425653,0.5771601132561053,0.5383759733036708,,,0,uncalibrated_return_rank_score,18
selected_direction,class,basic,60,0.55,0.5600667408231368,0.5107218363032316,0.5208333333333334,0.8620689655172413,0.6493506493506493,0.6666666666666666,0.25806451612903225,0.37209302325581395,25,8,23,4,29,31,48,12,0.4,0.5119443208229825,0.6011523810093403,0.5628476084538376,0.25064811189114605,0.6959264232513613,0,probability_up,18
selected_return,reg,direction_core,60,0.5666666666666667,0.5706340378197998,0.5622895622895623,0.5405405405405406,0.6896551724137931,0.6060606060606061,0.6086956521739131,0.45161290322580644,0.5185185185185185,20,14,17,9,29,31,37,23,0.5,0.543479625222598,0.5680646214437954,0.5583982202447163,,,0,uncalibrated_return_rank_score,18
baseline_monthly_return,reg,previous,60,0.5333333333333333,0.5394883203559511,0.52,0.5121951219512195,0.7241379310344828,0.6,0.5789473684210527,0.3548387096774194,0.44,21,11,20,8,29,31,41,19,0.5,0.5511313510645832,0.6232452935341577,0.5305895439377086,,,0,uncalibrated_return_rank_score,18
baseline_paper_return,reg,previous,60,0.6,0.5984427141268076,0.5982142857142857,0.5925925925925926,0.5517241379310345,0.5714285714285714,0.6060606060606061,0.6451612903225806,0.625,16,20,11,13,29,31,27,33,0.5,0.52925469517314,0.6240630081492354,0.5650723025583981,,,0,uncalibrated_return_rank_score,18
baseline_mean_return,reg,previous,60,0.48333333333333334,0.5,0.3258426966292135,0.48333333333333334,1.0,0.651685393258427,0.0,0.0,0.0,29,0,31,0,29,31,60,0,0.5,0.5265011100556083,0.5212637921511709,0.5155728587319244,,,0,uncalibrated_return_rank_score,18
baseline_zero_return,reg,previous,60,0.48333333333333334,0.5,0.3258426966292135,0.48333333333333334,1.0,0.651685393258427,0.0,0.0,0.0,29,0,31,0,29,31,60,0,0.5,0.48333333333333334,0.5166666666666667,0.5,,,0,uncalibrated_return_rank_score,18
baseline_majority,baseline,previous,60,0.5166666666666667,0.5,0.34065934065934067,0.0,0.0,0.0,0.5166666666666667,1.0,0.6813186813186813,0,31,0,29,29,31,0,60,0.5,0.4744473750891807,0.5144091028840795,0.4955506117908788,0.2498446148938882,0.6928366252915923,0,probability_up,18
always_up,baseline,previous,60,0.48333333333333334,0.5,0.3258426966292135,0.48333333333333334,1.0,0.651685393258427,0.0,0.0,0.0,29,0,31,0,29,31,60,0,0.5,0.48333333333333334,0.5166666666666667,0.5,0.5166666666666667,18.622554251043866,0,probability_up,18
always_down,baseline,previous,60,0.5166666666666667,0.5,0.34065934065934067,0.0,0.0,0.0,0.5166666666666667,1.0,0.6813186813186813,0,31,0,29,29,31,0,60,0.5,0.48333333333333334,0.5166666666666667,0.5,0.48333333333333334,17.42109913807329,0,probability_up,18
class__basic__linear,class,basic,60,0.5666666666666667,0.5717463848720801,0.5588235294117647,0.6190476190476191,0.41935483870967744,0.5,0.5384615384615384,0.7241379310344828,0.6176470588235294,13,21,8,18,31,29,21,39,0.6000000000000002,0.6665701687414238,0.6231044588266376,0.6117908787541713,0.2825045285151647,0.8122106980426579,0,probability_up,19
class__basic__xgb,class,basic,60,0.6166666666666667,0.6067853170189099,0.5739425748687866,0.5833333333333334,0.9032258064516129,0.7088607594936709,0.75,0.3103448275862069,0.43902439024390244,28,9,20,3,31,29,48,12,0.4,0.5888905496039235,0.6749043342050096,0.6151279199110122,0.24037296045248674,0.6731291727776134,0,probability_up,19
class__basic__forest,class,basic,60,0.5666666666666667,0.5539488320355951,0.48412698412698413,0.5471698113207547,0.9354838709677419,0.6904761904761905,0.7142857142857143,0.1724137931034483,0.2777777777777778,29,5,24,2,31,29,53,7,0.4,0.5632888577170929,0.6380289008574137,0.5951056729699666,0.24197406126654683,0.6765733702576322,0,probability_up,19
class__basic__equal_ensemble,class,basic,60,0.6,0.6028921023359288,0.5982142857142857,0.64,0.5161290322580645,0.5714285714285714,0.5714285714285714,0.6896551724137931,0.625,16,20,9,15,31,29,25,35,0.5250000000000001,0.6371871637769602,0.661407633952782,0.6184649610678532,0.23982501081256707,0.6717551490322076,0,probability_up,19
class__direction_core__linear,class,direction_core,60,0.6,0.60734149054505,0.5833333333333333,0.7058823529411765,0.3870967741935484,0.5,0.5581395348837209,0.8275862068965517,0.6666666666666666,12,24,5,19,31,29,17,43,0.6500000000000002,0.6772703693406525,0.6160005770413559,0.6117908787541713,0.28667491574115794,0.8319888738529666,0,probability_up,19
class__direction_core__xgb,class,direction_core,60,0.6166666666666667,0.6045606229143493,0.5506349723217193,0.5769230769230769,0.967741935483871,0.7228915662650602,0.875,0.2413793103448276,0.3783783783783784,30,7,22,1,31,29,52,8,0.4,0.5834066915871121,0.6664704544121343,0.60734149054505,0.24118013981647796,0.675001132141992,0,probability_up,19
class__direction_core__forest,class,direction_core,60,0.6,0.5984427141268076,0.5982142857142857,0.6060606060606061,0.6451612903225806,0.625,0.5925925925925926,0.5517241379310345,0.5714285714285714,20,16,13,11,31,29,33,27,0.4750000000000001,0.5409224571497931,0.6315674185868511,0.5739710789766408,0.24351411068418774,0.6799902282893274,0,probability_up,19
class__direction_core__equal_ensemble,class,direction_core,60,0.5666666666666667,0.5728587319243603,0.5542857142857143,0.631578947368421,0.3870967741935484,0.48,0.5365853658536586,0.7586206896551724,0.6285714285714286,12,22,7,19,31,29,19,41,0.5250000000000001,0.606598048134923,0.6469668998636535,0.6151279199110122,0.2420973808708574,0.6769669670602525,0,probability_up,19
class__engineered_direction__linear,class,engineered_direction,60,0.55,0.5545050055617353,0.5437904815544916,0.5909090909090909,0.41935483870967744,0.49056603773584906,0.5263157894736842,0.6896551724137931,0.5970149253731343,13,20,9,18,31,29,22,38,0.42500000000000004,0.6270839260745371,0.6176568136673863,0.6284760845383759,0.2849515374552088,0.8471322518331704,0,probability_up,19
class__engineered_direction__xgb,class,engineered_direction,60,0.6166666666666667,0.6056729699666296,0.5631528964862298,0.58,0.9354838709677419,0.7160493827160493,0.8,0.27586206896551724,0.41025641025641024,29,8,21,2,31,29,50,10,0.4,0.5796436329689945,0.6694102742757637,0.6028921023359288,0.23937334370642518,0.671123575089546,0,probability_up,19
class__engineered_direction__forest,class,engineered_direction,60,0.6166666666666667,0.6078976640711902,0.5832074901842343,0.5869565217391305,0.8709677419354839,0.7012987012987013,0.7142857142857143,0.3448275862068966,0.46511627906976744,27,10,19,4,31,29,46,14,0.42500000000000004,0.5443734962065875,0.681112158557137,0.5995550611790879,0.24439921508624074,0.6829037067683521,0,probability_up,19
class__engineered_direction__equal_ensemble,class,engineered_direction,60,0.6333333333333333,0.6262513904338154,0.6122209165687427,0.6046511627906976,0.8387096774193549,0.7027027027027027,0.7058823529411765,0.41379310344827586,0.5217391304347826,26,12,17,5,31,29,43,17,0.4,0.5811510707918786,0.6966369605126905,0.6418242491657398,0.2395295826997988,0.6727520056162146,0,probability_up,19
reg__basic__linear,reg,basic,60,0.5166666666666667,0.517797552836485,0.5165323701028064,0.5357142857142857,0.4838709677419355,0.5084745762711864,0.5,0.5517241379310345,0.5245901639344263,15,16,13,16,31,29,28,32,0.5,0.6677881365859638,0.6284138604233623,0.6129032258064515,,,0,uncalibrated_return_rank_score,19
reg__basic__xgb,reg,basic,60,0.5833333333333334,0.5778642936596218,0.5688416211555045,0.575,0.7419354838709677,0.647887323943662,0.6,0.41379310344827586,0.4897959183673469,23,12,17,8,31,29,40,20,0.5,0.5657263045495429,0.6365031443746818,0.5850945494994438,,,0,uncalibrated_return_rank_score,19
reg__basic__forest,reg,basic,60,0.5833333333333334,0.5812013348164627,0.5804195804195804,0.5882352941176471,0.6451612903225806,0.6153846153846154,0.5769230769230769,0.5172413793103449,0.5454545454545454,20,15,14,11,31,29,34,26,0.5,0.6044982585214085,0.6076154397806195,0.6173526140155728,,,0,uncalibrated_return_rank_score,19
reg__basic__equal_ensemble,reg,basic,60,0.5666666666666667,0.5672969966629589,0.5666666666666667,0.5862068965517241,0.5483870967741935,0.5666666666666667,0.5483870967741935,0.5862068965517241,0.5666666666666667,17,17,12,14,31,29,29,31,0.5,0.6108772486900426,0.6390853294398825,0.6040044493882091,,,0,uncalibrated_return_rank_score,19
reg__direction_core__linear,reg,direction_core,60,0.5166666666666667,0.5189098998887652,0.5154553049289892,0.5384615384615384,0.45161290322580644,0.49122807017543857,0.5,0.5862068965517241,0.5396825396825397,14,17,12,17,31,29,26,34,0.5,0.63259886823691,0.6292917553367804,0.6006674082313681,,,0,uncalibrated_return_rank_score,19
reg__direction_core__xgb,reg,direction_core,60,0.5333333333333333,0.5283648498331479,0.52,0.5384615384615384,0.6774193548387096,0.6,0.5238095238095238,0.3793103448275862,0.44,21,11,18,10,31,29,39,21,0.5,0.5519524254092966,0.6420033530394147,0.5828698553948832,,,0,uncalibrated_return_rank_score,19
reg__direction_core__forest,reg,direction_core,60,0.5666666666666667,0.5628476084538376,0.5588235294117647,0.5675675675675675,0.6774193548387096,0.6176470588235294,0.5652173913043478,0.4482758620689655,0.5,21,13,16,10,31,29,37,23,0.5,0.5912440138325227,0.6168795926910071,0.60734149054505,,,0,uncalibrated_return_rank_score,19
reg__direction_core__equal_ensemble,reg,direction_core,60,0.5333333333333333,0.5328142380422691,0.5328142380422691,0.5483870967741935,0.5483870967741935,0.5483870967741935,0.5172413793103449,0.5172413793103449,0.5172413793103449,17,15,14,14,31,29,31,29,0.5,0.6081126221140131,0.6417845057208327,0.5995550611790879,,,0,uncalibrated_return_rank_score,19
reg__engineered_direction__linear,reg,engineered_direction,60,0.5166666666666667,0.5189098998887652,0.5154553049289892,0.5384615384615384,0.45161290322580644,0.49122807017543857,0.5,0.5862068965517241,0.5396825396825397,14,17,12,17,31,29,26,34,0.5,0.6391985674928289,0.6379120680274325,0.6129032258064516,,,0,uncalibrated_return_rank_score,19
reg__engineered_direction__xgb,reg,engineered_direction,60,0.6333333333333333,0.628476084538376,0.6228571428571429,0.6153846153846154,0.7741935483870968,0.6857142857142857,0.6666666666666666,0.4827586206896552,0.56,24,14,15,7,31,29,39,21,0.5,0.6294934136139638,0.6779577007212809,0.664071190211346,,,0,uncalibrated_return_rank_score,19
reg__engineered_direction__forest,reg,engineered_direction,60,0.5333333333333333,0.5283648498331479,0.52,0.5384615384615384,0.6774193548387096,0.6,0.5238095238095238,0.3793103448275862,0.44,21,11,18,10,31,29,39,21,0.5,0.5893897554082764,0.5936000280699181,0.5773081201334817,,,0,uncalibrated_return_rank_score,19
reg__engineered_direction__equal_ensemble,reg,engineered_direction,60,0.55,0.550055617352614,0.5498749652681301,0.5666666666666667,0.5483870967741935,0.5573770491803278,0.5333333333333333,0.5517241379310345,0.5423728813559322,17,16,13,14,31,29,30,30,0.5,0.6080031574917031,0.6354629889909741,0.6062291434927698,,,0,uncalibrated_return_rank_score,19
selected_direction,class,basic,60,0.6166666666666667,0.6067853170189099,0.5739425748687866,0.5833333333333334,0.9032258064516129,0.7088607594936709,0.75,0.3103448275862069,0.43902439024390244,28,9,20,3,31,29,48,12,0.4,0.5888905496039235,0.6749043342050096,0.6151279199110122,0.24037296045248674,0.6731291727776134,0,probability_up,19
selected_return,reg,direction_core,60,0.5333333333333333,0.5283648498331479,0.52,0.5384615384615384,0.6774193548387096,0.6,0.5238095238095238,0.3793103448275862,0.44,21,11,18,10,31,29,39,21,0.5,0.5519524254092966,0.6420033530394147,0.5828698553948832,,,0,uncalibrated_return_rank_score,19
baseline_monthly_return,reg,previous,60,0.5166666666666667,0.5122358175750834,0.5055413469735721,0.5263157894736842,0.6451612903225806,0.5797101449275363,0.5,0.3793103448275862,0.43137254901960786,20,11,18,11,31,29,38,22,0.5,0.5764086183385756,0.5737600202481814,0.5127919911012235,,,0,uncalibrated_return_rank_score,19
baseline_paper_return,reg,previous,60,0.5666666666666667,0.5672969966629589,0.5666666666666667,0.5862068965517241,0.5483870967741935,0.5666666666666667,0.5483870967741935,0.5862068965517241,0.5666666666666667,17,17,12,14,31,29,29,31,0.5,0.506821741300131,0.5703004068920015,0.5205784204671858,,,0,uncalibrated_return_rank_score,19
baseline_mean_return,reg,previous,60,0.5166666666666667,0.5,0.34065934065934067,0.5166666666666667,1.0,0.6813186813186813,0.0,0.0,0.0,31,0,29,0,31,29,60,0,0.5,0.535040808788447,0.47048543398818077,0.4833147942157953,,,0,uncalibrated_return_rank_score,19
baseline_zero_return,reg,previous,60,0.5166666666666667,0.5,0.34065934065934067,0.5166666666666667,1.0,0.6813186813186813,0.0,0.0,0.0,31,0,29,0,31,29,60,0,0.5,0.5166666666666667,0.48333333333333334,0.5,,,0,uncalibrated_return_rank_score,19
baseline_majority,baseline,previous,60,0.48333333333333334,0.5,0.3258426966292135,0.0,0.0,0.0,0.48333333333333334,1.0,0.651685393258427,0,29,0,31,31,29,0,60,0.5,0.4922408073830487,0.459869111603598,0.4655172413793103,0.25093567930224076,0.6950196127760165,0,probability_up,19
always_up,baseline,previous,60,0.5166666666666667,0.5,0.34065934065934067,0.5166666666666667,1.0,0.6813186813186813,0.0,0.0,0.0,31,0,29,0,31,29,60,0,0.5,0.5166666666666667,0.48333333333333334,0.5,0.48333333333333334,17.42109913807329,0,probability_up,19
always_down,baseline,previous,60,0.48333333333333334,0.5,0.3258426966292135,0.0,0.0,0.0,0.48333333333333334,1.0,0.651685393258427,0,29,0,31,31,29,0,60,0.5,0.5166666666666667,0.48333333333333334,0.5,0.5166666666666667,18.622554251043866,0,probability_up,19
class__basic__linear,class,basic,60,0.5833333333333334,0.59375,0.5775837792171219,0.6666666666666666,0.4375,0.5283018867924528,0.5384615384615384,0.75,0.6268656716417911,14,21,7,18,32,28,21,39,0.6000000000000002,0.6898902418349719,0.6246680234871126,0.6328125,0.2752735779266137,0.7972920844386291,0,probability_up,20
class__basic__xgb,class,basic,60,0.6,0.5803571428571428,0.55,0.5833333333333334,0.875,0.7,0.6666666666666666,0.2857142857142857,0.4,28,8,20,4,32,28,48,12,0.4,0.5845894594675107,0.5939494785052145,0.5814732142857143,0.24645899001294744,0.6858677805133836,0,probability_up,20
class__basic__forest,class,basic,60,0.55,0.5245535714285714,0.45546218487394957,0.5471698113207547,0.90625,0.6823529411764706,0.5714285714285714,0.14285714285714285,0.22857142857142856,29,4,24,3,32,28,53,7,0.4,0.5623527475801005,0.5469514570456979,0.5625,0.2511231844786064,0.6971740961157769,0,probability_up,20
class__basic__equal_ensemble,class,basic,60,0.5833333333333334,0.5892857142857143,0.5822890559732665,0.64,0.5,0.5614035087719298,0.5428571428571428,0.6785714285714286,0.6031746031746031,16,19,9,16,32,28,25,35,0.5250000000000001,0.6328442382272798,0.6461119309685247,0.6060267857142857,0.24243636036276392,0.6770190291512722,0,probability_up,20
class__direction_core__linear,class,direction_core,60,0.5833333333333334,0.5982142857142857,0.5688416211555045,0.7058823529411765,0.375,0.4897959183673469,0.5348837209302325,0.8214285714285714,0.647887323943662,12,23,5,20,32,28,17,43,0.6500000000000002,0.68910289215336,0.6141700299567667,0.625,0.28201620307628905,0.822948045787792,0,probability_up,20
class__direction_core__xgb,class,direction_core,60,0.6,0.5758928571428571,0.5238095238095238,0.5769230769230769,0.9375,0.7142857142857143,0.75,0.21428571428571427,0.3333333333333333,30,6,22,2,32,28,52,8,0.4,0.581126659624501,0.5871037846203777,0.5758928571428571,0.24692764723207644,0.6869859732774347,0,probability_up,20
class__direction_core__forest,class,direction_core,60,0.5833333333333334,0.5803571428571428,0.5804195804195804,0.6060606060606061,0.625,0.6153846153846154,0.5555555555555556,0.5357142857142857,0.5454545454545454,20,15,13,12,32,28,33,27,0.4750000000000001,0.5425195361609635,0.5387532749843906,0.5435267857142857,0.2518646405025985,0.6983918513992932,0,probability_up,20
class__direction_core__equal_ensemble,class,direction_core,60,0.55,0.5625,0.5396419437340154,0.631578947368421,0.375,0.47058823529411764,0.5121951219512195,0.75,0.6086956521739131,12,21,7,20,32,28,19,41,0.5250000000000001,0.6084353145808815,0.6319263855967656,0.6037946428571429,0.24527558861313176,0.683445178054002,0,probability_up,20
class__engineered_direction__linear,class,engineered_direction,60,0.5333333333333333,0.5424107142857143,0.5286195286195287,0.5909090909090909,0.40625,0.48148148148148145,0.5,0.6785714285714286,0.5757575757575758,13,19,9,19,32,28,22,38,0.42500000000000004,0.6367178682718552,0.6141570819903799,0.6339285714285715,0.2916267088277065,0.8609859075773029,0,probability_up,20
class__engineered_direction__xgb,class,engineered_direction,60,0.6,0.578125,0.5378690629011553,0.58,0.90625,0.7073170731707317,0.7,0.25,0.3684210526315789,29,7,21,3,32,28,50,10,0.4,0.5781964361053801,0.5719943861857276,0.5703125,0.24809617327019198,0.6903403369194723,0,probability_up,20
class__engineered_direction__forest,class,engineered_direction,60,0.6,0.5825892857142857,0.5604395604395604,0.5869565217391305,0.84375,0.6923076923076923,0.6428571428571429,0.32142857142857145,0.42857142857142855,27,9,19,5,32,28,46,14,0.42500000000000004,0.5410906866833984,0.5996498787585381,0.5647321428571429,0.25176757487155405,0.6986123339364503,0,probability_up,20
class__engineered_direction__equal_ensemble,class,engineered_direction,60,0.6166666666666667,0.6026785714285714,0.5911111111111111,0.6046511627906976,0.8125,0.6933333333333334,0.6470588235294118,0.39285714285714285,0.4888888888888889,26,11,17,6,32,28,43,17,0.4,0.5817753039365277,0.6554353115858009,0.6171875,0.24717785841982298,0.6889948648294093,0,probability_up,20
reg__basic__linear,reg,basic,60,0.5333333333333333,0.5357142857142857,0.5333333333333333,0.5714285714285714,0.5,0.5333333333333333,0.5,0.5714285714285714,0.5333333333333333,16,16,12,16,32,28,28,32,0.5,0.6959250626958041,0.6305605288895479,0.6350446428571429,,,0,uncalibrated_return_rank_score,20
reg__basic__xgb,reg,basic,60,0.5666666666666667,0.5558035714285714,0.548611111111111,0.575,0.71875,0.6388888888888888,0.55,0.39285714285714285,0.4583333333333333,23,11,17,9,32,28,40,20,0.5,0.5677407687407264,0.59379314130804,0.5602678571428572,,,0,uncalibrated_return_rank_score,20
reg__basic__forest,reg,basic,60,0.5666666666666667,0.5625,0.5622895622895623,0.5882352941176471,0.625,0.6060606060606061,0.5384615384615384,0.5,0.5185185185185185,20,14,14,12,32,28,34,26,0.5,0.603740839219304,0.5649879092077659,0.5904017857142857,,,0,uncalibrated_return_rank_score,20
reg__basic__equal_ensemble,reg,basic,60,0.55,0.5513392857142857,0.5498749652681301,0.5862068965517241,0.53125,0.5573770491803278,0.5161290322580645,0.5714285714285714,0.5423728813559322,17,16,12,15,32,28,29,31,0.5,0.6242377984233042,0.6317115179991035,0.6037946428571428,,,0,uncalibrated_return_rank_score,20
reg__direction_core__linear,reg,direction_core,60,0.5333333333333333,0.5379464285714286,0.5328142380422691,0.5769230769230769,0.46875,0.5172413793103449,0.5,0.6071428571428571,0.5483870967741935,15,17,11,17,32,28,26,34,0.5,0.6696039462455311,0.6325334297646991,0.6261160714285714,,,0,uncalibrated_return_rank_score,20
reg__direction_core__xgb,reg,direction_core,60,0.5166666666666667,0.5066964285714286,0.49985628054038517,0.5384615384615384,0.65625,0.5915492957746479,0.47619047619047616,0.35714285714285715,0.40816326530612246,21,10,18,11,32,28,39,21,0.5,0.551653064657629,0.5677081874078139,0.5513392857142857,,,0,uncalibrated_return_rank_score,20
reg__direction_core__forest,reg,direction_core,60,0.55,0.5424107142857143,0.5396419437340154,0.5675675675675675,0.65625,0.6086956521739131,0.5217391304347826,0.42857142857142855,0.47058823529411764,21,12,16,11,32,28,37,23,0.5,0.593857697524855,0.5905340097310104,0.5881696428571428,,,0,uncalibrated_return_rank_score,20
reg__direction_core__equal_ensemble,reg,direction_core,60,0.5333333333333333,0.5334821428571428,0.5328142380422691,0.5666666666666667,0.53125,0.5483870967741935,0.5,0.5357142857142857,0.5172413793103449,17,15,13,15,32,28,30,30,0.5,0.6148321092623976,0.6339878421436426,0.5970982142857143,,,0,uncalibrated_return_rank_score,20
reg__engineered_direction__linear,reg,engineered_direction,60,0.5333333333333333,0.5379464285714286,0.5328142380422691,0.5769230769230769,0.46875,0.5172413793103449,0.5,0.6071428571428571,0.5483870967741935,15,17,11,17,32,28,26,34,0.5,0.6462371330832064,0.6395230428681301,0.6238839285714286,,,0,uncalibrated_return_rank_score,20
reg__engineered_direction__xgb,reg,engineered_direction,60,0.6166666666666667,0.6071428571428572,0.6033342914630642,0.6153846153846154,0.75,0.676056338028169,0.6190476190476191,0.4642857142857143,0.5306122448979592,24,13,15,8,32,28,39,21,0.5,0.6273656040876502,0.6214154678626941,0.6350446428571429,,,0,uncalibrated_return_rank_score,20
reg__engineered_direction__forest,reg,engineered_direction,60,0.5166666666666667,0.5066964285714286,0.49985628054038517,0.5384615384615384,0.65625,0.5915492957746479,0.47619047619047616,0.35714285714285715,0.40816326530612246,21,10,18,11,32,28,39,21,0.5,0.590898407441184,0.5718317487400504,0.5591517857142858,,,0,uncalibrated_return_rank_score,20
reg__engineered_direction__equal_ensemble,reg,engineered_direction,60,0.5333333333333333,0.5334821428571428,0.5328142380422691,0.5666666666666667,0.53125,0.5483870967741935,0.5,0.5357142857142857,0.5172413793103449,17,15,13,15,32,28,30,30,0.5,0.6144810024559382,0.626519335717756,0.6026785714285714,,,0,uncalibrated_return_rank_score,20
selected_direction,class,basic,60,0.6,0.5803571428571428,0.55,0.5833333333333334,0.875,0.7,0.6666666666666666,0.2857142857142857,0.4,28,8,20,4,32,28,48,12,0.4,0.5845894594675107,0.5939494785052145,0.5814732142857143,0.24645899001294744,0.6858677805133836,0,probability_up,20
selected_return,reg,direction_core,60,0.5166666666666667,0.5066964285714286,0.49985628054038517,0.5384615384615384,0.65625,0.5915492957746479,0.47619047619047616,0.35714285714285715,0.40816326530612246,21,10,18,11,32,28,39,21,0.5,0.551653064657629,0.5677081874078139,0.5513392857142857,,,0,uncalibrated_return_rank_score,20
baseline_monthly_return,reg,previous,60,0.5166666666666667,0.5066964285714286,0.49985628054038517,0.5384615384615384,0.65625,0.5915492957746479,0.47619047619047616,0.35714285714285715,0.40816326530612246,21,10,18,11,32,28,39,21,0.5,0.5968342429128345,0.5689581139422032,0.5267857142857142,,,0,uncalibrated_return_rank_score,20
baseline_paper_return,reg,previous,60,0.5666666666666667,0.5669642857142857,0.5661846496106786,0.6,0.5625,0.5806451612903226,0.5333333333333333,0.5714285714285714,0.5517241379310345,18,16,12,14,32,28,30,30,0.5,0.5222083335855707,0.5759975999918322,0.5279017857142857,,,0,uncalibrated_return_rank_score,20
baseline_mean_return,reg,previous,60,0.5333333333333333,0.5,0.34782608695652173,0.5333333333333333,1.0,0.6956521739130435,0.0,0.0,0.0,32,0,28,0,32,28,60,0,0.5,0.5483647697598104,0.46001650507959185,0.4871651785714286,,,0,uncalibrated_return_rank_score,20
baseline_zero_return,reg,previous,60,0.5333333333333333,0.5,0.34782608695652173,0.5333333333333333,1.0,0.6956521739130435,0.0,0.0,0.0,32,0,28,0,32,28,60,0,0.5,0.5333333333333333,0.4666666666666667,0.5,,,0,uncalibrated_return_rank_score,20
baseline_majority,baseline,previous,60,0.4666666666666667,0.5,0.3181818181818182,0.0,0.0,0.0,0.4666666666666667,1.0,0.6363636363636364,0,28,0,32,32,28,0,60,0.5,0.5006502966747028,0.4415780434832642,0.45591517857142855,0.25157413242154025,0.6962971441598065,0,probability_up,20
always_up,baseline,previous,60,0.5333333333333333,0.5,0.34782608695652173,0.5333333333333333,1.0,0.6956521739130435,0.0,0.0,0.0,32,0,28,0,32,28,60,0,0.5,0.5333333333333333,0.4666666666666667,0.5,0.4666666666666667,16.820371581588002,0,probability_up,20
always_down,baseline,previous,60,0.4666666666666667,0.5,0.3181818181818182,0.0,0.0,0.0,0.4666666666666667,1.0,0.6363636363636364,0,28,0,32,32,28,0,60,0.5,0.5333333333333333,0.4666666666666667,0.5,0.5333333333333333,19.22328180752915,0,probability_up,20
class__basic__linear,class,basic,59,0.5084745762711864,0.5208333333333333,0.5033381712626996,0.5714285714285714,0.375,0.4528301886792453,0.47368421052631576,0.6666666666666666,0.5538461538461539,12,18,9,20,32,27,21,38,0.6000000000000002,0.595667472369825,0.5514377226321125,0.5439814814814815,0.31603854471242243,0.918983209269903,0,probability_up,21
class__basic__xgb,class,basic,59,0.5932203389830508,0.5671296296296297,0.5342105263157895,0.5833333333333334,0.875,0.7,0.6363636363636364,0.25925925925925924,0.3684210526315789,28,7,20,4,32,27,48,11,0.4,0.5248064876438716,0.5727587271824779,0.5,0.2553087343997035,0.7035523537493514,0,probability_up,21
class__basic__forest,class,basic,59,0.576271186440678,0.5428240740740741,0.4741532976827095,0.5660377358490566,0.9375,0.7058823529411765,0.6666666666666666,0.14814814814814814,0.24242424242424243,30,4,23,2,32,27,53,6,0.4,0.5183870141273705,0.5479839670990003,0.4965277777777778,0.25514158588430097,0.7034518215930539,0,probability_up,21
class__basic__equal_ensemble,class,basic,59,0.5254237288135594,0.5364583333333333,0.5219907407407407,0.5909090909090909,0.40625,0.48148148148148145,0.4864864864864865,0.6666666666666666,0.5625,13,18,9,19,32,27,22,37,0.5250000000000001,0.5615955548368587,0.5585690903579461,0.5347222222222223,0.26019975399387946,0.7154304768424963,0,probability_up,21
class__direction_core__linear,class,direction_core,59,0.5254237288135594,0.5422453703703703,0.5141176470588236,0.6111111111111112,0.34375,0.44,0.4878048780487805,0.7407407407407407,0.5882352941176471,11,20,7,21,32,27,18,41,0.6500000000000002,0.600095818531016,0.5421345411634777,0.5416666666666667,0.32536713493668945,0.9470580081518718,0,probability_up,21
class__direction_core__xgb,class,direction_core,59,0.6101694915254238,0.5798611111111112,0.5328743545611015,0.5882352941176471,0.9375,0.7228915662650602,0.75,0.2222222222222222,0.34285714285714286,30,6,21,2,32,27,51,8,0.4,0.5282179097455552,0.5391558390036606,0.4930555555555555,0.25646681589677933,0.7061977819014159,0,probability_up,21
class__direction_core__forest,class,direction_core,59,0.4915254237288136,0.4849537037037037,0.48426573426573427,0.5294117647058824,0.5625,0.5454545454545454,0.44,0.4074074074074074,0.4230769230769231,18,11,16,14,32,27,34,25,0.4750000000000001,0.5220907103699172,0.5450357371391357,0.4988425925925926,0.2567075783766714,0.706753000988063,0,probability_up,21
class__direction_core__equal_ensemble,class,direction_core,59,0.5254237288135594,0.5364583333333333,0.5219907407407407,0.5909090909090909,0.40625,0.48148148148148145,0.4864864864864865,0.6666666666666666,0.5625,13,18,9,19,32,27,22,37,0.5250000000000001,0.5489903472159223,0.5390764568801842,0.5289351851851852,0.263968957504911,0.7239541198011954,0,probability_up,21
class__engineered_direction__linear,class,engineered_direction,59,0.5423728813559322,0.5520833333333333,0.5402597402597402,0.6086956521739131,0.4375,0.509090909090909,0.5,0.6666666666666666,0.5714285714285714,14,18,9,18,32,27,23,36,0.42500000000000004,0.5792324262675341,0.5338463247608911,0.5451388888888888,0.3348712259750852,1.0225986582247635,0,probability_up,21
class__engineered_direction__xgb,class,engineered_direction,59,0.559322033898305,0.5300925925925926,0.48035230352303526,0.56,0.875,0.6829268292682927,0.5555555555555556,0.18518518518518517,0.2777777777777778,28,5,22,4,32,27,50,9,0.4,0.5016450130022145,0.5262967659452269,0.45486111111111116,0.26838041082660297,0.7310704175367454,0,probability_up,21
class__engineered_direction__forest,class,engineered_direction,59,0.5084745762711864,0.48900462962962965,0.46945736434108526,0.5348837209302325,0.71875,0.6133333333333333,0.4375,0.25925925925925924,0.32558139534883723,23,7,20,9,32,27,43,16,0.42500000000000004,0.5042740585879022,0.5493688444604465,0.4780092592592593,0.26438817407511067,0.7238018993430616,0,probability_up,21
class__engineered_direction__equal_ensemble,class,engineered_direction,59,0.576271186440678,0.5630787037037037,0.5579862151633204,0.5897435897435898,0.71875,0.647887323943662,0.55,0.4074074074074074,0.46808510638297873,23,11,16,9,32,27,39,20,0.4,0.5362063482991757,0.5682042027426519,0.5370370370370371,0.27137392091759616,0.7418889123824411,0,probability_up,21
reg__basic__linear,reg,basic,59,0.5084745762711864,0.5121527777777778,0.5084745762711864,0.5555555555555556,0.46875,0.5084745762711864,0.46875,0.5555555555555556,0.5084745762711864,15,15,12,17,32,27,27,32,0.5,0.6470113365241059,0.5579871329815569,0.5787037037037037,,,0,uncalibrated_return_rank_score,21
reg__basic__xgb,reg,basic,59,0.5423728813559322,0.5289351851851851,0.522625112376386,0.5641025641025641,0.6875,0.6197183098591549,0.5,0.37037037037037035,0.425531914893617,22,10,17,10,32,27,39,20,0.5,0.5905437286136744,0.5301427403117995,0.5405092592592593,,,0,uncalibrated_return_rank_score,21
reg__basic__forest,reg,basic,59,0.5254237288135594,0.5190972222222222,0.5186480186480187,0.5588235294117647,0.59375,0.5757575757575758,0.48,0.4444444444444444,0.46153846153846156,19,12,15,13,32,27,34,25,0.5,0.5632819978235789,0.5088133759149397,0.5208333333333334,,,0,uncalibrated_return_rank_score,21
reg__basic__equal_ensemble,reg,basic,59,0.5254237288135594,0.5277777777777778,0.5252873563218391,0.5714285714285714,0.5,0.5333333333333333,0.4838709677419355,0.5555555555555556,0.5172413793103449,16,15,12,16,32,27,28,31,0.5,0.6110221465582786,0.5357554945364276,0.5601851851851852,,,0,uncalibrated_return_rank_score,21
reg__direction_core__linear,reg,direction_core,59,0.5084745762711864,0.5121527777777778,0.5084745762711864,0.5555555555555556,0.46875,0.5084745762711864,0.46875,0.5555555555555556,0.5084745762711864,15,15,12,17,32,27,27,32,0.5,0.6366312343720579,0.5679962720681029,0.5671296296296297,,,0,uncalibrated_return_rank_score,21
reg__direction_core__xgb,reg,direction_core,59,0.5254237288135594,0.5133101851851851,0.5083333333333333,0.5526315789473685,0.65625,0.6,0.47619047619047616,0.37037037037037035,0.4166666666666667,21,10,17,11,32,27,38,21,0.5,0.58538070139198,0.5178312119536161,0.5405092592592593,,,0,uncalibrated_return_rank_score,21
reg__direction_core__forest,reg,direction_core,59,0.5084745762711864,0.5005787037037037,0.4992683640620427,0.5428571428571428,0.59375,0.5671641791044776,0.4583333333333333,0.4074074074074074,0.43137254901960786,19,11,16,13,32,27,35,24,0.5,0.526575289400707,0.49883420957568947,0.4988425925925926,,,0,uncalibrated_return_rank_score,21
reg__direction_core__equal_ensemble,reg,direction_core,59,0.5423728813559322,0.5434027777777778,0.5418464193270061,0.5862068965517241,0.53125,0.5573770491803278,0.5,0.5555555555555556,0.5263157894736842,17,15,12,15,32,27,29,30,0.5,0.593460198066444,0.5237628959787926,0.5393518518518519,,,0,uncalibrated_return_rank_score,21
reg__engineered_direction__linear,reg,engineered_direction,59,0.4915254237288136,0.4965277777777778,0.4913793103448276,0.5384615384615384,0.4375,0.4827586206896552,0.45454545454545453,0.5555555555555556,0.5,14,15,12,18,32,27,26,33,0.5,0.6079369833017814,0.5662612426622986,0.5543981481481481,,,0,uncalibrated_return_rank_score,21
reg__engineered_direction__xgb,reg,engineered_direction,59,0.559322033898305,0.5474537037037037,0.5434523809523809,0.5789473684210527,0.6875,0.6285714285714286,0.5238095238095238,0.4074074074074074,0.4583333333333333,22,11,16,10,32,27,38,21,0.5,0.5886222546536957,0.5523664670669199,0.5555555555555556,,,0,uncalibrated_return_rank_score,21
reg__engineered_direction__forest,reg,engineered_direction,59,0.5254237288135594,0.5133101851851851,0.5083333333333333,0.5526315789473685,0.65625,0.6,0.47619047619047616,0.37037037037037035,0.4166666666666667,21,10,17,11,32,27,38,21,0.5,0.531080182327813,0.4834727056016068,0.4930555555555556,,,0,uncalibrated_return_rank_score,21
reg__engineered_direction__equal_ensemble,reg,engineered_direction,59,0.559322033898305,0.5619212962962963,0.5591954022988506,0.6071428571428571,0.53125,0.5666666666666667,0.5161290322580645,0.5925925925925926,0.5517241379310345,17,16,11,15,32,27,28,31,0.5,0.5722007915871986,0.536643204582154,0.5543981481481481,,,0,uncalibrated_return_rank_score,21
selected_direction,class,basic,59,0.5932203389830508,0.5671296296296297,0.5342105263157895,0.5833333333333334,0.875,0.7,0.6363636363636364,0.25925925925925924,0.3684210526315789,28,7,20,4,32,27,48,11,0.4,0.5248064876438716,0.5727587271824779,0.5,0.2553087343997035,0.7035523537493514,0,probability_up,21
selected_return,reg,direction_core,59,0.5254237288135594,0.5133101851851851,0.5083333333333333,0.5526315789473685,0.65625,0.6,0.47619047619047616,0.37037037037037035,0.4166666666666667,21,10,17,11,32,27,38,21,0.5,0.58538070139198,0.5178312119536161,0.5405092592592593,,,0,uncalibrated_return_rank_score,21
baseline_monthly_return,reg,previous,59,0.4406779661016949,0.42650462962962965,0.41654180401558283,0.48717948717948717,0.59375,0.5352112676056338,0.35,0.25925925925925924,0.2978723404255319,19,7,20,13,32,27,39,20,0.5,0.5829272376785345,0.5087456961055342,0.45833333333333337,,,0,uncalibrated_return_rank_score,21
baseline_paper_return,reg,previous,59,0.4067796610169492,0.4039351851851852,0.40404040404040403,0.45161290322580644,0.4375,0.4444444444444444,0.35714285714285715,0.37037037037037035,0.36363636363636365,14,10,17,18,32,27,31,28,0.5,0.4788646600522047,0.44713592862716217,0.4016203703703704,,,0,uncalibrated_return_rank_score,21
baseline_mean_return,reg,previous,59,0.5423728813559322,0.5,0.3516483516483517,0.5423728813559322,1.0,0.7032967032967034,0.0,0.0,0.0,32,0,27,0,32,27,59,0,0.5,0.513531157749947,0.43321251528434884,0.4554398148148149,,,0,uncalibrated_return_rank_score,21
baseline_zero_return,reg,previous,59,0.5423728813559322,0.5,0.3516483516483517,0.5423728813559322,1.0,0.7032967032967034,0.0,0.0,0.0,32,0,27,0,32,27,59,0,0.5,0.5423728813559322,0.4576271186440678,0.5,,,0,uncalibrated_return_rank_score,21
baseline_majority,baseline,previous,59,0.4576271186440678,0.5,0.313953488372093,0.0,0.0,0.0,0.4576271186440678,1.0,0.627906976744186,0,27,0,32,32,27,0,59,0.5,0.5388400726024017,0.4463102635445011,0.4878472222222222,0.25166851385450834,0.6964859132826403,0,probability_up,21
always_up,baseline,previous,59,0.5423728813559322,0.5,0.3516483516483517,0.5423728813559322,1.0,0.7032967032967034,0.0,0.0,0.0,32,0,27,0,32,27,59,0,0.5,0.5423728813559322,0.4576271186440678,0.5,0.4576271186440678,16.49455324586717,0,probability_up,21
always_down,baseline,previous,59,0.4576271186440678,0.5,0.313953488372093,0.0,0.0,0.0,0.4576271186440678,1.0,0.627906976744186,0,27,0,32,32,27,0,59,0.5,0.5423728813559322,0.4576271186440678,0.5,0.5423728813559322,19.549100143249987,0,probability_up,21
class__basic__linear,class,basic,59,0.559322033898305,0.5911764705882353,0.553030303030303,0.7222222222222222,0.38235294117647056,0.5,0.4878048780487805,0.8,0.6060606060606061,13,20,5,21,34,25,18,41,0.6000000000000002,0.674318202351597,0.5429906795118605,0.5800000000000001,0.3096154651680988,0.9050585168562609,0,probability_up,22
class__basic__xgb,class,basic,59,0.5932203389830508,0.546470588235294,0.5203252032520325,0.6041666666666666,0.8529411764705882,0.7073170731707317,0.5454545454545454,0.24,0.3333333333333333,29,6,19,5,34,25,48,11,0.4,0.5458522403673916,0.5194091921255953,0.4764705882352941,0.25862857385885196,0.7102981506836261,0,probability_up,22
class__basic__forest,class,basic,59,0.6101694915254238,0.5505882352941176,0.4968483500185391,0.6037735849056604,0.9411764705882353,0.735632183908046,0.6666666666666666,0.16,0.25806451612903225,32,4,21,2,34,25,53,6,0.4,0.548715765546831,0.5134144474776342,0.4894117647058823,0.25462834324518296,0.7022735954339764,0,probability_up,22
class__basic__equal_ensemble,class,basic,59,0.5254237288135594,0.5458823529411765,0.5241935483870968,0.6363636363636364,0.4117647058823529,0.5,0.4594594594594595,0.68,0.5483870967741935,14,17,8,20,34,25,22,37,0.5250000000000001,0.6285153687498505,0.5432772451636529,0.5564705882352942,0.258606105092585,0.7117534017775208,0,probability_up,22
class__direction_core__linear,class,direction_core,59,0.576271186440678,0.6164705882352941,0.5637385388938183,0.8,0.35294117647058826,0.4897959183673469,0.5,0.88,0.6376811594202898,12,22,3,22,34,25,15,44,0.6500000000000002,0.6904467091178567,0.5376572015948732,0.5800000000000001,0.31622247863568664,0.9271682022560486,0,probability_up,22
class__direction_core__xgb,class,direction_core,59,0.6101694915254238,0.5558823529411765,0.5162210338680927,0.6078431372549019,0.9117647058823529,0.7294117647058823,0.625,0.2,0.30303030303030304,31,5,20,3,34,25,51,8,0.4,0.5550533004567538,0.5059026044182445,0.4811764705882353,0.25824600473806975,0.709785922446755,0,probability_up,22
class__direction_core__forest,class,direction_core,59,0.4915254237288136,0.4847058823529412,0.48426573426573427,0.5625,0.5294117647058824,0.5454545454545454,0.4074074074074074,0.44,0.4230769230769231,18,11,14,16,34,25,32,27,0.4750000000000001,0.5508173992000257,0.5361318343390081,0.49411764705882355,0.25629100344949685,0.7056649873178724,0,probability_up,22
class__direction_core__equal_ensemble,class,direction_core,59,0.5254237288135594,0.5511764705882353,0.5219907407407407,0.65,0.38235294117647056,0.48148148148148145,0.46153846153846156,0.72,0.5625,13,18,7,21,34,25,20,39,0.5250000000000001,0.6501652953428821,0.5357872206522382,0.5576470588235294,0.2611782794640347,0.7174921769458654,0,probability_up,22
class__engineered_direction__linear,class,engineered_direction,59,0.576271186440678,0.5952941176470588,0.5757837215990796,0.6956521739130435,0.47058823529411764,0.5614035087719298,0.5,0.72,0.5901639344262295,16,18,7,18,34,25,23,36,0.42500000000000004,0.6405840043276456,0.5341770579119588,0.5929411764705883,0.3204339819469311,0.9835474049620326,0,probability_up,22
class__engineered_direction__xgb,class,engineered_direction,59,0.5932203389830508,0.5411764705882353,0.5042016806722689,0.6,0.8823529411764706,0.7142857142857143,0.5555555555555556,0.2,0.29411764705882354,30,5,20,4,34,25,50,9,0.4,0.5362048944310672,0.5096147015355084,0.46117647058823535,0.2647139923622126,0.7235253427577661,0,probability_up,22
class__engineered_direction__forest,class,engineered_direction,59,0.576271186440678,0.5370588235294118,0.5212593313859136,0.6,0.7941176470588235,0.6835443037974683,0.5,0.28,0.358974358974359,27,7,18,7,34,25,45,14,0.42500000000000004,0.5446813581768779,0.5397982606813632,0.4964705882352941,0.26062359513677463,0.7158700787851653,0,probability_up,22
class__engineered_direction__equal_ensemble,class,engineered_direction,59,0.6101694915254238,0.5876470588235294,0.5869101978691019,0.6410256410256411,0.7352941176470589,0.684931506849315,0.55,0.44,0.4888888888888889,25,11,14,9,34,25,39,20,0.4,0.5933167214959987,0.5545960538714472,0.5729411764705882,0.2636738390047601,0.7247365985636142,0,probability_up,22
reg__basic__linear,reg,basic,59,0.5084745762711864,0.5205882352941176,0.5084745762711864,0.6,0.4411764705882353,0.5084745762711864,0.4411764705882353,0.6,0.5084745762711864,15,15,10,19,34,25,25,34,0.5,0.6985248570872888,0.5428642844801563,0.5988235294117648,,,0,uncalibrated_return_rank_score,22
reg__basic__xgb,reg,basic,59,0.5254237288135594,0.4982352941176471,0.4926289926289926,0.575,0.6764705882352942,0.6216216216216216,0.42105263157894735,0.32,0.36363636363636365,23,8,17,11,34,25,40,19,0.5,0.61176017177429,0.4496806297503566,0.5188235294117647,,,0,uncalibrated_return_rank_score,22
reg__basic__forest,reg,basic,59,0.5423728813559322,0.5288235294117647,0.5288376220053239,0.6,0.6176470588235294,0.6086956521739131,0.4583333333333333,0.44,0.4489795918367347,21,11,14,13,34,25,35,24,0.5,0.5805888529252144,0.4358066815903946,0.4917647058823529,,,0,uncalibrated_return_rank_score,22
reg__basic__equal_ensemble,reg,basic,59,0.5254237288135594,0.53,0.5241935483870968,0.6071428571428571,0.5,0.5483870967741935,0.45161290322580644,0.56,0.5,17,14,11,17,34,25,28,31,0.5,0.6512145286374772,0.5015489545075518,0.5670588235294117,,,0,uncalibrated_return_rank_score,22
reg__direction_core__linear,reg,direction_core,59,0.5084745762711864,0.5152941176470589,0.5079091170549324,0.5925925925925926,0.47058823529411764,0.5245901639344263,0.4375,0.56,0.49122807017543857,16,14,11,18,34,25,27,32,0.5,0.7049223744736014,0.5566617551788559,0.591764705882353,,,0,uncalibrated_return_rank_score,22
reg__direction_core__xgb,reg,direction_core,59,0.5254237288135594,0.4982352941176471,0.4926289926289926,0.575,0.6764705882352942,0.6216216216216216,0.42105263157894735,0.32,0.36363636363636365,23,8,17,11,34,25,40,19,0.5,0.6078410007146601,0.47604368744652004,0.5270588235294118,,,0,uncalibrated_return_rank_score,22
reg__direction_core__forest,reg,direction_core,59,0.5254237288135594,0.5141176470588236,0.5141176470588236,0.5882352941176471,0.5882352941176471,0.5882352941176471,0.44,0.44,0.44,20,11,14,14,34,25,34,25,0.5,0.5479846755702467,0.4353324931007361,0.47882352941176476,,,0,uncalibrated_return_rank_score,22
reg__direction_core__equal_ensemble,reg,direction_core,59,0.5084745762711864,0.5152941176470589,0.5079091170549324,0.5925925925925926,0.47058823529411764,0.5245901639344263,0.4375,0.56,0.49122807017543857,16,14,11,18,34,25,27,32,0.5,0.6415595774177374,0.49352749266252915,0.5541176470588235,,,0,uncalibrated_return_rank_score,22
reg__engineered_direction__linear,reg,engineered_direction,59,0.5084745762711864,0.5205882352941176,0.5084745762711864,0.6,0.4411764705882353,0.5084745762711864,0.4411764705882353,0.6,0.5084745762711864,15,15,10,19,34,25,25,34,0.5,0.6655385277384992,0.5523033996636806,0.5776470588235294,,,0,uncalibrated_return_rank_score,22
reg__engineered_direction__xgb,reg,engineered_direction,59,0.576271186440678,0.558235294117647,0.5579862151633204,0.6216216216216216,0.6764705882352942,0.647887323943662,0.5,0.44,0.46808510638297873,23,11,14,11,34,25,37,22,0.5,0.608398510854756,0.5299564912702311,0.556470588235294,,,0,uncalibrated_return_rank_score,22
reg__engineered_direction__forest,reg,engineered_direction,59,0.5254237288135594,0.5035294117647059,0.501207729468599,0.5789473684210527,0.6470588235294118,0.6111111111111112,0.42857142857142855,0.36,0.391304347826087,22,9,16,12,34,25,38,21,0.5,0.5542204559675402,0.4349214020511578,0.4764705882352941,,,0,uncalibrated_return_rank_score,22
reg__engineered_direction__equal_ensemble,reg,engineered_direction,59,0.576271186440678,0.5794117647058823,0.5743145743145743,0.6551724137931034,0.5588235294117647,0.6031746031746031,0.5,0.6,0.5454545454545454,19,15,10,15,34,25,29,30,0.5,0.6150525281482997,0.5133261351937978,0.5647058823529412,,,0,uncalibrated_return_rank_score,22
selected_direction,class,basic,59,0.5932203389830508,0.546470588235294,0.5203252032520325,0.6041666666666666,0.8529411764705882,0.7073170731707317,0.5454545454545454,0.24,0.3333333333333333,29,6,19,5,34,25,48,11,0.4,0.5458522403673916,0.5194091921255953,0.4764705882352941,0.25862857385885196,0.7102981506836261,0,probability_up,22
selected_return,reg,direction_core,59,0.5254237288135594,0.4982352941176471,0.4926289926289926,0.575,0.6764705882352942,0.6216216216216216,0.42105263157894735,0.32,0.36363636363636365,23,8,17,11,34,25,40,19,0.5,0.6078410007146601,0.47604368744652004,0.5270588235294118,,,0,uncalibrated_return_rank_score,22
baseline_monthly_return,reg,previous,59,0.4915254237288136,0.4635294117647059,0.45638820638820643,0.55,0.6470588235294118,0.5945945945945946,0.3684210526315789,0.28,0.3181818181818182,22,7,18,12,34,25,40,19,0.5,0.6153003549566417,0.470374506176755,0.4682352941176471,,,0,uncalibrated_return_rank_score,22
baseline_paper_return,reg,previous,59,0.4067796610169492,0.40058823529411763,0.4005805515239478,0.4838709677419355,0.4411764705882353,0.46153846153846156,0.32142857142857145,0.36,0.33962264150943394,15,9,16,19,34,25,31,28,0.5,0.4982474052091142,0.3980255704718157,0.3752941176470588,,,0,uncalibrated_return_rank_score,22
baseline_mean_return,reg,previous,59,0.576271186440678,0.5,0.3655913978494624,0.576271186440678,1.0,0.7311827956989247,0.0,0.0,0.0,34,0,25,0,34,25,59,0,0.5,0.5355077441423248,0.40047743392469776,0.44588235294117645,,,0,uncalibrated_return_rank_score,22
baseline_zero_return,reg,previous,59,0.576271186440678,0.5,0.3655913978494624,0.576271186440678,1.0,0.7311827956989247,0.0,0.0,0.0,34,0,25,0,34,25,59,0,0.5,0.576271186440678,0.423728813559322,0.5,,,0,uncalibrated_return_rank_score,22
baseline_majority,baseline,previous,59,0.423728813559322,0.5,0.2976190476190476,0.0,0.0,0.0,0.423728813559322,1.0,0.5952380952380952,0,25,0,34,34,25,0,59,0.5,0.551016361972988,0.39806260910115543,0.4576470588235294,0.25299190223468965,0.6991340373664665,0,probability_up,22
always_up,baseline,previous,59,0.576271186440678,0.5,0.3655913978494624,0.576271186440678,1.0,0.7311827956989247,0.0,0.0,0.0,34,0,25,0,34,25,59,0,0.5,0.576271186440678,0.423728813559322,0.5,0.423728813559322,15.272734486914048,0,probability_up,22
always_down,baseline,previous,59,0.423728813559322,0.5,0.2976190476190476,0.0,0.0,0.0,0.423728813559322,1.0,0.5952380952380952,0,25,0,34,34,25,0,59,0.5,0.576271186440678,0.423728813559322,0.5,0.576271186440678,20.77091890220311,0,probability_up,22
class__basic__linear,class,basic,59,0.5423728813559322,0.5558755760368663,0.5150684931506849,0.6428571428571429,0.2903225806451613,0.4,0.5111111111111111,0.8214285714285714,0.6301369863013698,9,23,5,22,31,28,14,45,0.6000000000000002,0.6327576434175015,0.574027809108599,0.5898617511520737,0.2975189788202744,0.9030836601388804,0,probability_up,23
class__basic__xgb,class,basic,59,0.5932203389830508,0.5766129032258065,0.5342105263157895,0.5714285714285714,0.9032258064516129,0.7,0.7,0.25,0.3684210526315789,28,7,21,3,31,28,49,10,0.4,0.4952142714842993,0.5465436697245168,0.4377880184331797,0.2616432251546336,0.7160402309054499,0,probability_up,23
class__basic__forest,class,basic,59,0.559322033898305,0.5391705069124424,0.46288515406162467,0.5471698113207547,0.9354838709677419,0.6904761904761905,0.6666666666666666,0.14285714285714285,0.23529411764705882,29,4,24,2,31,28,53,6,0.4,0.4793437303819097,0.5106307074216767,0.4262672811059908,0.2667737985591321,0.7268092149247158,0,probability_up,23
class__basic__equal_ensemble,class,basic,59,0.4915254237288136,0.5005760368663594,0.47941176470588237,0.5263157894736842,0.3225806451612903,0.4,0.475,0.6785714285714286,0.5588235294117647,10,19,9,21,31,28,19,40,0.5250000000000001,0.5776442086054813,0.5666068150572198,0.5357142857142857,0.2585232082189834,0.7110112392701938,0,probability_up,23
class__direction_core__linear,class,direction_core,59,0.5254237288135594,0.5414746543778801,0.48245614035087714,0.6363636363636364,0.22580645161290322,0.3333333333333333,0.5,0.8571428571428571,0.631578947368421,7,24,4,24,31,28,11,48,0.6500000000000002,0.6012961612899971,0.5786212094148646,0.5714285714285714,0.31018309338220496,0.9375975827060923,0,probability_up,23
class__direction_core__xgb,class,direction_core,59,0.559322033898305,0.5426267281105991,0.4953947368421053,0.5510204081632653,0.8709677419354839,0.675,0.6,0.21428571428571427,0.3157894736842105,27,6,22,4,31,28,49,10,0.4,0.5400598809133472,0.5456218076853927,0.4861751152073732,0.2585104123619221,0.710191763141283,0,probability_up,23
class__direction_core__forest,class,direction_core,59,0.4576271186440678,0.45276497695852536,0.44988344988344986,0.4857142857142857,0.5483870967741935,0.5151515151515151,0.4166666666666667,0.35714285714285715,0.38461538461538464,17,10,18,14,31,28,35,24,0.4750000000000001,0.5202941622676795,0.515273376956419,0.4608294930875576,0.263935894224105,0.7210772440278701,0,probability_up,23
class__direction_core__equal_ensemble,class,direction_core,59,0.5084745762711864,0.5184331797235023,0.49393670511682936,0.5555555555555556,0.3225806451612903,0.40816326530612246,0.4878048780487805,0.7142857142857143,0.5797101449275363,10,20,8,21,31,28,18,41,0.5250000000000001,0.5823049559824269,0.5618441798514471,0.5357142857142858,0.2605760426777898,0.7159376724280647,0,probability_up,23
class__engineered_direction__linear,class,engineered_direction,59,0.5254237288135594,0.5328341013824884,0.5186480186480187,0.5714285714285714,0.3870967741935484,0.46153846153846156,0.5,0.6785714285714286,0.5757575757575758,12,19,9,19,31,28,21,38,0.42500000000000004,0.5944669984123389,0.5930340330481291,0.5910138248847927,0.3246792197838,1.0125050988428737,0,probability_up,23
class__engineered_direction__xgb,class,engineered_direction,59,0.559322033898305,0.5408986175115207,0.48035230352303526,0.5490196078431373,0.9032258064516129,0.6829268292682927,0.625,0.17857142857142858,0.2777777777777778,28,5,23,3,31,28,51,8,0.4,0.5429492469630632,0.5641396132840858,0.5161290322580645,0.2550496151936306,0.7030641707423673,0,probability_up,23
class__engineered_direction__forest,class,engineered_direction,59,0.5084745762711864,0.4976958525345622,0.4791476407914764,0.5238095238095238,0.7096774193548387,0.6027397260273972,0.47058823529411764,0.2857142857142857,0.35555555555555557,22,8,20,9,31,28,42,17,0.42500000000000004,0.5457139500459887,0.5526876414473537,0.5057603686635944,0.2582898657828662,0.7101274624663134,0,probability_up,23
class__engineered_direction__equal_ensemble,class,engineered_direction,59,0.559322033898305,0.5529953917050691,0.5488235294117647,0.5675675675675675,0.6774193548387096,0.6176470588235294,0.5454545454545454,0.42857142857142855,0.48,21,12,16,10,31,28,37,22,0.4,0.595374641584961,0.5980714579659965,0.5668202764976958,0.2592025569155268,0.7135740657260664,0,probability_up,23
reg__basic__linear,reg,basic,59,0.576271186440678,0.5829493087557603,0.5718432510885341,0.6363636363636364,0.45161290322580644,0.5283018867924528,0.5405405405405406,0.7142857142857143,0.6153846153846154,14,20,8,17,31,28,22,37,0.5,0.6761741231780624,0.6183270256123004,0.630184331797235,,,0,uncalibrated_return_rank_score,23
reg__basic__xgb,reg,basic,59,0.6101694915254238,0.6048387096774194,0.6028680128767925,0.6111111111111112,0.7096774193548387,0.6567164179104478,0.6086956521739131,0.5,0.5490196078431373,22,14,14,9,31,28,36,23,0.5,0.6243556976127466,0.6526018612047852,0.6209677419354839,,,0,uncalibrated_return_rank_score,23
reg__basic__forest,reg,basic,59,0.576271186440678,0.5691244239631337,0.5637385388938183,0.5789473684210527,0.7096774193548387,0.6376811594202898,0.5714285714285714,0.42857142857142855,0.4897959183673469,22,12,16,9,31,28,38,21,0.5,0.5613568108884229,0.5508258690382298,0.5172811059907834,,,0,uncalibrated_return_rank_score,23
reg__basic__equal_ensemble,reg,basic,59,0.5254237288135594,0.5293778801843317,0.5241935483870968,0.56,0.45161290322580644,0.5,0.5,0.6071428571428571,0.5483870967741935,14,17,11,17,31,28,25,34,0.5,0.6412531530110956,0.6263615553386855,0.6071428571428571,,,0,uncalibrated_return_rank_score,23
reg__direction_core__linear,reg,direction_core,59,0.576271186440678,0.581221198156682,0.5743145743145743,0.625,0.4838709677419355,0.5454545454545454,0.5428571428571428,0.6785714285714286,0.6031746031746031,15,19,9,16,31,28,24,35,0.5,0.6347267691157787,0.5967695356922074,0.6105990783410138,,,0,uncalibrated_return_rank_score,23
reg__direction_core__xgb,reg,direction_core,59,0.576271186440678,0.5691244239631337,0.5637385388938183,0.5789473684210527,0.7096774193548387,0.6376811594202898,0.5714285714285714,0.42857142857142855,0.4897959183673469,22,12,16,9,31,28,38,21,0.5,0.6306567813491688,0.6671534981807706,0.6336405529953917,,,0,uncalibrated_return_rank_score,23
reg__direction_core__forest,reg,direction_core,59,0.5254237288135594,0.5207373271889401,0.5186480186480187,0.5428571428571428,0.6129032258064516,0.5757575757575758,0.5,0.42857142857142855,0.46153846153846156,19,12,16,12,31,28,35,24,0.5,0.546689422629841,0.5596613975379424,0.5080645161290324,,,0,uncalibrated_return_rank_score,23
reg__direction_core__equal_ensemble,reg,direction_core,59,0.5423728813559322,0.5455069124423964,0.5418464193270061,0.5769230769230769,0.4838709677419355,0.5263157894736842,0.5151515151515151,0.6071428571428571,0.5573770491803278,15,17,11,16,31,28,26,33,0.5,0.6275842718235988,0.6206115271925127,0.5956221198156681,,,0,uncalibrated_return_rank_score,23
reg__engineered_direction__linear,reg,engineered_direction,59,0.576271186440678,0.581221198156682,0.5743145743145743,0.625,0.4838709677419355,0.5454545454545454,0.5428571428571428,0.6785714285714286,0.6031746031746031,15,19,9,16,31,28,24,35,0.5,0.6128594609212485,0.6197303159870373,0.6013824884792627,,,0,uncalibrated_return_rank_score,23
reg__engineered_direction__xgb,reg,engineered_direction,59,0.6271186440677966,0.6192396313364055,0.6136904761904762,0.6153846153846154,0.7741935483870968,0.6857142857142857,0.65,0.4642857142857143,0.5416666666666666,24,13,15,7,31,28,39,20,0.5,0.6091187694122774,0.6865595927745847,0.6359447004608295,,,0,uncalibrated_return_rank_score,23
reg__engineered_direction__forest,reg,engineered_direction,59,0.5254237288135594,0.5190092165898618,0.5141176470588236,0.5405405405405406,0.6451612903225806,0.5882352941176471,0.5,0.39285714285714285,0.44,20,11,17,11,31,28,37,22,0.5,0.5675903430005751,0.59422226821877,0.5403225806451613,,,0,uncalibrated_return_rank_score,23
reg__engineered_direction__equal_ensemble,reg,engineered_direction,59,0.5932203389830508,0.5956221198156681,0.593103448275862,0.6296296296296297,0.5483870967741935,0.5862068965517241,0.5625,0.6428571428571429,0.6,17,18,10,14,31,28,27,32,0.5,0.6042372499958713,0.6056699364460233,0.6013824884792627,,,0,uncalibrated_return_rank_score,23
selected_direction,class,basic,59,0.5932203389830508,0.5766129032258065,0.5342105263157895,0.5714285714285714,0.9032258064516129,0.7,0.7,0.25,0.3684210526315789,28,7,21,3,31,28,49,10,0.4,0.4952142714842993,0.5465436697245168,0.4377880184331797,0.2616432251546336,0.7160402309054499,0,probability_up,23
selected_return,reg,direction_core,59,0.576271186440678,0.5691244239631337,0.5637385388938183,0.5789473684210527,0.7096774193548387,0.6376811594202898,0.5714285714285714,0.42857142857142855,0.4897959183673469,22,12,16,9,31,28,38,21,0.5,0.6306567813491688,0.6671534981807706,0.6336405529953917,,,0,uncalibrated_return_rank_score,23
baseline_monthly_return,reg,previous,59,0.5254237288135594,0.5172811059907834,0.5083333333333333,0.5384615384615384,0.6774193548387096,0.6,0.5,0.35714285714285715,0.4166666666666667,21,10,18,10,31,28,39,20,0.5,0.6627606949587057,0.5875424855664215,0.5887096774193549,,,0,uncalibrated_return_rank_score,23
baseline_paper_return,reg,previous,59,0.5084745762711864,0.5080645161290323,0.5079091170549324,0.5333333333333333,0.5161290322580645,0.5245901639344263,0.4827586206896552,0.5,0.49122807017543857,16,14,14,15,31,28,30,29,0.5,0.547802815290668,0.5259839538298002,0.5195852534562213,,,0,uncalibrated_return_rank_score,23
baseline_mean_return,reg,previous,59,0.5254237288135594,0.5,0.34444444444444444,0.5254237288135594,1.0,0.6888888888888889,0.0,0.0,0.0,31,0,28,0,31,28,59,0,0.5,0.4908696000882817,0.45778848033067215,0.4660138248847926,,,0,uncalibrated_return_rank_score,23
baseline_zero_return,reg,previous,59,0.5254237288135594,0.5,0.34444444444444444,0.5254237288135594,1.0,0.6888888888888889,0.0,0.0,0.0,31,0,28,0,31,28,59,0,0.5,0.5254237288135594,0.4745762711864407,0.5,,,0,uncalibrated_return_rank_score,23
baseline_majority,baseline,previous,59,0.4745762711864407,0.5,0.3218390804597701,0.0,0.0,0.0,0.4745762711864407,1.0,0.6436781609195402,0,28,0,31,31,28,0,59,0.5,0.4972790359074946,0.4563079739528304,0.472926267281106,0.25126048510010074,0.695669554134682,0,probability_up,23
always_up,baseline,previous,59,0.5254237288135594,0.5,0.34444444444444444,0.5254237288135594,1.0,0.6888888888888889,0.0,0.0,0.0,31,0,28,0,31,28,59,0,0.5,0.5254237288135594,0.4745762711864407,0.5,0.4745762711864407,17.105462625343733,0,probability_up,23
always_down,baseline,previous,59,0.4745762711864407,0.5,0.3218390804597701,0.0,0.0,0.0,0.4745762711864407,1.0,0.6436781609195402,0,28,0,31,31,28,0,59,0.5,0.5254237288135594,0.4745762711864407,0.5,0.5254237288135594,18.93819076377342,0,probability_up,23
class__basic__linear,class,basic,59,0.559322033898305,0.5821759259259259,0.5368357487922705,0.7142857142857143,0.3125,0.43478260869565216,0.5111111111111111,0.8518518518518519,0.6388888888888888,10,23,4,22,32,27,14,45,0.6000000000000002,0.6301582858841981,0.5318797050936284,0.5578703703703703,0.314962311980909,0.9708891476283537,0,probability_up,24
class__basic__xgb,class,basic,59,0.5254237288135594,0.49884259259259256,0.4565789473684211,0.5416666666666666,0.8125,0.65,0.45454545454545453,0.18518518518518517,0.2631578947368421,26,5,22,6,32,27,48,11,0.4,0.5157296528223383,0.47960212114804185,0.4224537037037037,0.2671084326436776,0.7278286146631086,0,probability_up,24
class__basic__forest,class,basic,59,0.5932203389830508,0.5613425925925926,0.5042016806722689,0.5769230769230769,0.9375,0.7142857142857143,0.7142857142857143,0.18518518518518517,0.29411764705882354,30,5,22,2,32,27,52,7,0.4,0.5372289560567339,0.5495334748902845,0.4733796296296296,0.2589708396983178,0.7106382019694418,0,probability_up,24
class__basic__equal_ensemble,class,basic,59,0.4745762711864407,0.4866898148148148,0.4690856313497823,0.5238095238095238,0.34375,0.41509433962264153,0.4473684210526316,0.6296296296296297,0.5230769230769231,11,17,10,21,32,27,21,38,0.5250000000000001,0.6090701407594926,0.532669883356621,0.5219907407407407,0.26490614146734315,0.7249962902178373,0,probability_up,24
class__direction_core__linear,class,direction_core,59,0.5254237288135594,0.5509259259259259,0.4926289926289926,0.6666666666666666,0.25,0.36363636363636365,0.48936170212765956,0.8518518518518519,0.6216216216216216,8,23,4,24,32,27,12,47,0.6500000000000002,0.6031202764695572,0.5443957328536624,0.5474537037037037,0.32773105882715947,1.0031039369654833,0,probability_up,24
class__direction_core__xgb,class,direction_core,59,0.5084745762711864,0.48032407407407407,0.42909576242909575,0.5306122448979592,0.8125,0.6419753086419753,0.4,0.14814814814814814,0.21621621621621623,26,4,23,6,32,27,49,10,0.4,0.5420209511528289,0.4694113028325022,0.46064814814814814,0.26409401883420003,0.722074685110792,0,probability_up,24
class__direction_core__forest,class,direction_core,59,0.5084745762711864,0.5005787037037037,0.4992683640620427,0.5428571428571428,0.59375,0.5671641791044776,0.4583333333333333,0.4074074074074074,0.43137254901960786,19,11,16,13,32,27,35,24,0.4750000000000001,0.5593772989896584,0.5415768541248676,0.48032407407407407,0.26163813300376,0.7162705005042646,0,probability_up,24
class__direction_core__equal_ensemble,class,direction_core,59,0.4576271186440678,0.4710648148148148,0.44988344988344986,0.5,0.3125,0.38461538461538464,0.4358974358974359,0.6296296296296297,0.5151515151515151,10,17,10,22,32,27,20,39,0.5250000000000001,0.5838194367677908,0.49655620303547204,0.5081018518518519,0.2685690054486978,0.7334260997165402,0,probability_up,24
class__engineered_direction__linear,class,engineered_direction,59,0.5254237288135594,0.5335648148148149,0.5241935483870968,0.5833333333333334,0.4375,0.5,0.4857142857142857,0.6296296296296297,0.5483870967741935,14,17,10,18,32,27,24,35,0.42500000000000004,0.5839289866776295,0.5810817680435267,0.5578703703703705,0.34483390240516787,1.066753584690659,0,probability_up,24
class__engineered_direction__xgb,class,engineered_direction,59,0.5932203389830508,0.5671296296296297,0.5342105263157895,0.5833333333333334,0.875,0.7,0.6363636363636364,0.25925925925925924,0.3684210526315789,28,7,20,4,32,27,48,11,0.4,0.6034358793307887,0.5731476560689743,0.5416666666666667,0.25092567956165485,0.6944932565197467,0,probability_up,24
class__engineered_direction__forest,class,engineered_direction,59,0.5254237288135594,0.5075231481481481,0.4926289926289926,0.5476190476190477,0.71875,0.6216216216216216,0.47058823529411764,0.2962962962962963,0.36363636363636365,23,8,19,9,32,27,42,17,0.42500000000000004,0.5876438720439309,0.5771122166924778,0.5127314814814815,0.25579518785842875,0.7044462056600183,0,probability_up,24
class__engineered_direction__equal_ensemble,class,engineered_direction,59,0.5254237288135594,0.5133101851851851,0.5083333333333333,0.5526315789473685,0.65625,0.6,0.47619047619047616,0.37037037037037035,0.4166666666666667,21,10,17,11,32,27,38,21,0.4,0.6116529108481202,0.577270393747632,0.5497685185185186,0.26456943294993834,0.7247308861814414,0,probability_up,24
reg__basic__linear,reg,basic,59,0.5932203389830508,0.6047453703703703,0.5902777777777778,0.6818181818181818,0.46875,0.5555555555555556,0.5405405405405406,0.7407407407407407,0.625,15,20,7,17,32,27,22,37,0.5,0.6685706292422282,0.5813683997064327,0.6018518518518519,,,0,uncalibrated_return_rank_score,24
reg__basic__xgb,reg,basic,59,0.559322033898305,0.5503472222222222,0.5488235294117647,0.5833333333333334,0.65625,0.6176470588235294,0.5217391304347826,0.4444444444444444,0.48,21,12,15,11,32,27,36,23,0.5,0.6204715252079473,0.6390592996061493,0.6087962962962964,,,0,uncalibrated_return_rank_score,24
reg__basic__forest,reg,basic,59,0.576271186440678,0.5659722222222222,0.5637385388938183,0.5945945945945946,0.6875,0.6376811594202898,0.5454545454545454,0.4444444444444444,0.4897959183673469,22,12,15,10,32,27,37,22,0.5,0.5756916235301212,0.5676865366445214,0.5185185185185185,,,0,uncalibrated_return_rank_score,24
reg__basic__equal_ensemble,reg,basic,59,0.5254237288135594,0.5306712962962963,0.5252873563218391,0.5769230769230769,0.46875,0.5172413793103449,0.48484848484848486,0.5925925925925926,0.5333333333333333,15,16,11,17,32,27,26,33,0.5,0.6398547651259152,0.6210474037487421,0.587962962962963,,,0,uncalibrated_return_rank_score,24
reg__direction_core__linear,reg,direction_core,59,0.559322033898305,0.5677083333333333,0.5581797235023042,0.625,0.46875,0.5357142857142857,0.5142857142857142,0.6666666666666666,0.5806451612903226,15,18,9,17,32,27,24,35,0.5,0.6478650710416263,0.5641376069443798,0.5972222222222223,,,0,uncalibrated_return_rank_score,24
reg__direction_core__xgb,reg,direction_core,59,0.5932203389830508,0.5844907407407407,0.5835294117647059,0.6111111111111112,0.6875,0.6470588235294118,0.5652173913043478,0.48148148148148145,0.52,22,13,14,10,32,27,36,23,0.5,0.6215105932250133,0.6353789155538847,0.6157407407407408,,,0,uncalibrated_return_rank_score,24
reg__direction_core__forest,reg,direction_core,59,0.5254237288135594,0.5190972222222222,0.5186480186480187,0.5588235294117647,0.59375,0.5757575757575758,0.48,0.4444444444444444,0.46153846153846156,19,12,15,13,32,27,34,25,0.5,0.5569906618226186,0.5516569029384104,0.5011574074074074,,,0,uncalibrated_return_rank_score,24
reg__direction_core__equal_ensemble,reg,direction_core,59,0.5423728813559322,0.5434027777777778,0.5418464193270061,0.5862068965517241,0.53125,0.5573770491803278,0.5,0.5555555555555556,0.5263157894736842,17,15,12,15,32,27,29,30,0.5,0.6331927469603185,0.58137930170632,0.5729166666666667,,,0,uncalibrated_return_rank_score,24
reg__engineered_direction__linear,reg,engineered_direction,59,0.5423728813559322,0.5520833333333333,0.5402597402597402,0.6086956521739131,0.4375,0.509090909090909,0.5,0.6666666666666666,0.5714285714285714,14,18,9,18,32,27,23,36,0.5,0.6092643920192852,0.5637189667191909,0.5682870370370371,,,0,uncalibrated_return_rank_score,24
reg__engineered_direction__xgb,reg,engineered_direction,59,0.6271186440677966,0.6157407407407407,0.6136904761904762,0.631578947368421,0.75,0.6857142857142857,0.6190476190476191,0.48148148148148145,0.5416666666666666,24,13,14,8,32,27,38,21,0.5,0.6306947362690455,0.6678816170805815,0.6388888888888888,,,0,uncalibrated_return_rank_score,24
reg__engineered_direction__forest,reg,engineered_direction,59,0.4915254237288136,0.47916666666666663,0.4732142857142857,0.5263157894736842,0.625,0.5714285714285714,0.42857142857142855,0.3333333333333333,0.375,20,9,18,12,32,27,38,21,0.5,0.5756716330731481,0.5731287580660116,0.5173611111111112,,,0,uncalibrated_return_rank_score,24
reg__engineered_direction__equal_ensemble,reg,engineered_direction,59,0.559322033898305,0.5619212962962963,0.5591954022988506,0.6071428571428571,0.53125,0.5666666666666667,0.5161290322580645,0.5925925925925926,0.5517241379310345,17,16,11,15,32,27,28,31,0.5,0.6102350815016052,0.5844185372444857,0.5856481481481483,,,0,uncalibrated_return_rank_score,24
selected_direction,class,basic,59,0.5254237288135594,0.49884259259259256,0.4565789473684211,0.5416666666666666,0.8125,0.65,0.45454545454545453,0.18518518518518517,0.2631578947368421,26,5,22,6,32,27,48,11,0.4,0.5157296528223383,0.47960212114804185,0.4224537037037037,0.2671084326436776,0.7278286146631086,0,probability_up,24
selected_return,reg,direction_core,59,0.5932203389830508,0.5844907407407407,0.5835294117647059,0.6111111111111112,0.6875,0.6470588235294118,0.5652173913043478,0.48148148148148145,0.52,22,13,14,10,32,27,36,23,0.5,0.6215105932250133,0.6353789155538847,0.6157407407407408,,,0,uncalibrated_return_rank_score,24
baseline_monthly_return,reg,previous,59,0.5423728813559322,0.5318287037037037,0.5288376220053239,0.5675675675675675,0.65625,0.6086956521739131,0.5,0.4074074074074074,0.4489795918367347,21,11,16,11,32,27,37,22,0.5,0.6898937438323316,0.5538378575945189,0.5972222222222222,,,0,uncalibrated_return_rank_score,24
baseline_paper_return,reg,previous,59,0.5254237288135594,0.5248842592592593,0.5241935483870968,0.5666666666666667,0.53125,0.5483870967741935,0.4827586206896552,0.5185185185185185,0.5,17,14,13,15,32,27,30,29,0.5,0.5661746452821518,0.5075388378551114,0.5277777777777778,,,0,uncalibrated_return_rank_score,24
baseline_mean_return,reg,previous,59,0.5423728813559322,0.5,0.3516483516483517,0.5423728813559322,1.0,0.7032967032967034,0.0,0.0,0.0,32,0,27,0,32,27,59,0,0.5,0.49361529649920977,0.43591678998525457,0.43865740740740744,,,0,uncalibrated_return_rank_score,24
baseline_zero_return,reg,previous,59,0.5423728813559322,0.5,0.3516483516483517,0.5423728813559322,1.0,0.7032967032967034,0.0,0.0,0.0,32,0,27,0,32,27,59,0,0.5,0.5423728813559322,0.4576271186440678,0.5,,,0,uncalibrated_return_rank_score,24
baseline_majority,baseline,previous,59,0.4576271186440678,0.5,0.313953488372093,0.0,0.0,0.0,0.4576271186440678,1.0,0.627906976744186,0,27,0,32,32,27,0,59,0.5,0.49685881958658584,0.42883142478555175,0.43865740740740744,0.2519857039023939,0.6971208305325245,0,probability_up,24
always_up,baseline,previous,59,0.5423728813559322,0.5,0.3516483516483517,0.5423728813559322,1.0,0.7032967032967034,0.0,0.0,0.0,32,0,27,0,32,27,59,0,0.5,0.5423728813559322,0.4576271186440678,0.5,0.4576271186440678,16.49455324586717,0,probability_up,24
always_down,baseline,previous,59,0.4576271186440678,0.5,0.313953488372093,0.0,0.0,0.0,0.4576271186440678,1.0,0.627906976744186,0,27,0,32,32,27,0,59,0.5,0.5423728813559322,0.4576271186440678,0.5,0.5423728813559322,19.549100143249987,0,probability_up,24
class__basic__linear,class,basic,59,0.5423728813559322,0.5558755760368663,0.5150684931506849,0.6428571428571429,0.2903225806451613,0.4,0.5111111111111111,0.8214285714285714,0.6301369863013698,9,23,5,22,31,28,14,45,0.6000000000000002,0.5773268768066329,0.5321346994087529,0.5299539170506912,0.32605295918624955,0.9980993504874754,0,probability_up,25
class__basic__xgb,class,basic,59,0.5084745762711864,0.4925115207373272,0.44466082440765986,0.5208333333333334,0.8064516129032258,0.6329113924050633,0.45454545454545453,0.17857142857142858,0.2564102564102564,25,5,23,6,31,28,48,11,0.4,0.47909245199906425,0.4805989208101382,0.39400921658986177,0.27045240018658906,0.7346092360335792,0,probability_up,25
class__basic__forest,class,basic,59,0.559322033898305,0.5408986175115207,0.48035230352303526,0.5490196078431373,0.9032258064516129,0.6829268292682927,0.625,0.17857142857142858,0.2777777777777778,28,5,23,3,31,28,51,8,0.4,0.4711402561496909,0.5468564319008615,0.44009216589861755,0.26728481242908037,0.7287221372494419,0,probability_up,25
class__basic__equal_ensemble,class,basic,59,0.4576271186440678,0.46486175115207373,0.44988344988344986,0.47619047619047616,0.3225806451612903,0.38461538461538464,0.4473684210526316,0.6071428571428571,0.5151515151515151,10,17,11,21,31,28,21,38,0.5250000000000001,0.5300873430233453,0.5302151722836738,0.4873271889400922,0.2725422084846002,0.7414573558048494,0,probability_up,25
class__direction_core__linear,class,direction_core,59,0.5084745762711864,0.5236175115207373,0.46945736434108526,0.5833333333333334,0.22580645161290322,0.32558139534883723,0.48936170212765956,0.8214285714285714,0.6133333333333333,7,23,5,24,31,28,12,47,0.6500000000000002,0.5433812450527494,0.5421839707489488,0.5149769585253456,0.34027704145927945,1.0347962218263531,0,probability_up,25
class__direction_core__xgb,class,direction_core,59,0.4915254237288136,0.4746543778801843,0.41776315789473684,0.5102040816326531,0.8064516129032258,0.625,0.4,0.14285714285714285,0.21052631578947367,25,4,24,6,31,28,49,10,0.4,0.5068449869699435,0.47137305969648996,0.434331797235023,0.26754856420392853,0.7290763526812494,0,probability_up,25
class__direction_core__forest,class,direction_core,59,0.4915254237288136,0.48675115207373276,0.48426573426573427,0.5142857142857142,0.5806451612903226,0.5454545454545454,0.4583333333333333,0.39285714285714285,0.4230769230769231,18,11,17,13,31,28,35,24,0.4750000000000001,0.4863024210528523,0.5391839761627808,0.44700460829493094,0.2690335096569028,0.7321057416763624,0,probability_up,25
class__direction_core__equal_ensemble,class,direction_core,59,0.4406779661016949,0.44873271889400923,0.4302019315188762,0.45,0.2903225806451613,0.35294117647058826,0.4358974358974359,0.6071428571428571,0.5074626865671642,9,17,11,22,31,28,20,39,0.5250000000000001,0.5287455743443528,0.4970040136959989,0.47811059907834097,0.2763969203227797,0.7502815031333108,0,probability_up,25
class__engineered_direction__linear,class,engineered_direction,59,0.5084745762711864,0.5132488479262672,0.5062049062049062,0.5416666666666666,0.41935483870967744,0.4727272727272727,0.4857142857142857,0.6071428571428571,0.5396825396825397,13,17,11,18,31,28,24,35,0.42500000000000004,0.5363402384279611,0.5786077613088211,0.5276497695852534,0.3583461786812707,1.104174853463647,0,probability_up,25
class__engineered_direction__xgb,class,engineered_direction,59,0.576271186440678,0.560483870967742,0.5212593313859136,0.5625,0.8709677419354839,0.6835443037974683,0.6363636363636364,0.25,0.358974358974359,27,7,21,4,31,28,48,11,0.4,0.5655024863353175,0.5711497811848119,0.5138248847926267,0.25617834264381373,0.7053507726557867,0,probability_up,25
class__engineered_direction__forest,class,engineered_direction,59,0.5084745762711864,0.4976958525345622,0.4791476407914764,0.5238095238095238,0.7096774193548387,0.6027397260273972,0.47058823529411764,0.2857142857142857,0.35555555555555557,22,8,20,9,31,28,42,17,0.42500000000000004,0.5090597529582074,0.5734502186386908,0.47926267281105994,0.26477827762353306,0.7243089608912631,0,probability_up,25
class__engineered_direction__equal_ensemble,class,engineered_direction,59,0.5084745762711864,0.5011520737327189,0.49393670511682936,0.5263157894736842,0.6451612903225806,0.5797101449275363,0.47619047619047616,0.35714285714285715,0.40816326530612246,20,10,18,11,31,28,38,21,0.4,0.5332181794065692,0.5736027465133038,0.5161290322580645,0.2739300155589687,0.7457256175557481,0,probability_up,25
reg__basic__linear,reg,basic,59,0.576271186440678,0.5829493087557603,0.5718432510885341,0.6363636363636364,0.45161290322580644,0.5283018867924528,0.5405405405405406,0.7142857142857143,0.6153846153846154,14,20,8,17,31,28,22,37,0.5,0.6117258552350022,0.5786893183096176,0.5714285714285715,,,0,uncalibrated_return_rank_score,25
reg__basic__xgb,reg,basic,59,0.5423728813559322,0.5368663594470046,0.533801580333626,0.5555555555555556,0.6451612903225806,0.5970149253731343,0.5217391304347826,0.42857142857142855,0.47058823529411764,20,12,16,11,31,28,36,23,0.5,0.5952674192358682,0.637407400464567,0.5898617511520737,,,0,uncalibrated_return_rank_score,25
reg__basic__forest,reg,basic,59,0.559322033898305,0.5529953917050691,0.5488235294117647,0.5675675675675675,0.6774193548387096,0.6176470588235294,0.5454545454545454,0.42857142857142855,0.48,21,12,16,10,31,28,37,22,0.5,0.5519207578630918,0.566606303986693,0.49769585253456217,,,0,uncalibrated_return_rank_score,25
reg__basic__equal_ensemble,reg,basic,59,0.5084745762711864,0.511520737327189,0.5079091170549324,0.5384615384615384,0.45161290322580644,0.49122807017543857,0.48484848484848486,0.5714285714285714,0.5245901639344263,14,16,12,17,31,28,26,33,0.5,0.5994222341985607,0.6173508486023273,0.5599078341013825,,,0,uncalibrated_return_rank_score,25
reg__direction_core__linear,reg,direction_core,59,0.559322033898305,0.5650921658986175,0.5561342592592593,0.6086956521739131,0.45161290322580644,0.5185185185185185,0.5277777777777778,0.6785714285714286,0.59375,14,19,9,17,31,28,23,36,0.5,0.5981818029727514,0.5617510681134237,0.5668202764976958,,,0,uncalibrated_return_rank_score,25
reg__direction_core__xgb,reg,direction_core,59,0.5932203389830508,0.5887096774193548,0.5874125874125874,0.6,0.6774193548387096,0.6363636363636364,0.5833333333333334,0.5,0.5384615384615384,21,14,14,10,31,28,35,24,0.5,0.5975253709484256,0.6363263886370504,0.6002304147465438,,,0,uncalibrated_return_rank_score,25
reg__direction_core__forest,reg,direction_core,59,0.5084745762711864,0.5046082949308756,0.5033381712626996,0.5294117647058824,0.5806451612903226,0.5538461538461539,0.48,0.42857142857142855,0.4528301886792453,18,12,16,13,31,28,34,25,0.5,0.5297950737662845,0.5552523296203419,0.48041474654377886,,,0,uncalibrated_return_rank_score,25
reg__direction_core__equal_ensemble,reg,direction_core,59,0.5254237288135594,0.525921658986175,0.5252873563218391,0.5517241379310345,0.5161290322580645,0.5333333333333333,0.5,0.5357142857142857,0.5172413793103449,16,15,13,15,31,28,29,30,0.5,0.5943082879261486,0.5813254660017073,0.5483870967741935,,,0,uncalibrated_return_rank_score,25
reg__engineered_direction__linear,reg,engineered_direction,59,0.5254237288135594,0.5311059907834101,0.5219907407407407,0.5652173913043478,0.41935483870967744,0.48148148148148145,0.5,0.6428571428571429,0.5625,13,18,10,18,31,28,23,36,0.5,0.5673903472623596,0.5630984433868368,0.5414746543778802,,,0,uncalibrated_return_rank_score,25
reg__engineered_direction__xgb,reg,engineered_direction,59,0.5932203389830508,0.5852534562211982,0.5785714285714285,0.5897435897435898,0.7419354838709677,0.6571428571428571,0.6,0.42857142857142855,0.5,23,12,16,8,31,28,39,20,0.5,0.6098407351002779,0.6669790942954636,0.6244239631336406,,,0,uncalibrated_return_rank_score,25
reg__engineered_direction__forest,reg,engineered_direction,59,0.4745762711864407,0.46716589861751157,0.4590357882283348,0.5,0.6129032258064516,0.5507246376811594,0.42857142857142855,0.32142857142857145,0.3673469387755102,19,9,19,12,31,28,38,21,0.5,0.547697325128707,0.573125368313298,0.49539170506912444,,,0,uncalibrated_return_rank_score,25
reg__engineered_direction__equal_ensemble,reg,engineered_direction,59,0.5423728813559322,0.543778801843318,0.5423728813559322,0.5714285714285714,0.5161290322580645,0.5423728813559322,0.5161290322580645,0.5714285714285714,0.5423728813559322,16,16,12,15,31,28,28,31,0.5,0.5704915187178239,0.5831096283239553,0.5587557603686636,,,0,uncalibrated_return_rank_score,25
selected_direction,class,basic,59,0.5084745762711864,0.4925115207373272,0.44466082440765986,0.5208333333333334,0.8064516129032258,0.6329113924050633,0.45454545454545453,0.17857142857142858,0.2564102564102564,25,5,23,6,31,28,48,11,0.4,0.47909245199906425,0.4805989208101382,0.39400921658986177,0.27045240018658906,0.7346092360335792,0,probability_up,25
selected_return,reg,direction_core,59,0.5932203389830508,0.5887096774193548,0.5874125874125874,0.6,0.6774193548387096,0.6363636363636364,0.5833333333333334,0.5,0.5384615384615384,21,14,14,10,31,28,35,24,0.5,0.5975253709484256,0.6363263886370504,0.6002304147465438,,,0,uncalibrated_return_rank_score,25
baseline_monthly_return,reg,previous,59,0.5423728813559322,0.5351382488479263,0.5288376220053239,0.5526315789473685,0.6774193548387096,0.6086956521739131,0.5238095238095238,0.39285714285714285,0.4489795918367347,21,11,17,10,31,28,38,21,0.5,0.6900760102801589,0.5701657543950068,0.6082949308755761,,,0,uncalibrated_return_rank_score,25
baseline_paper_return,reg,previous,59,0.5423728813559322,0.5420506912442395,0.5418464193270061,0.5666666666666667,0.5483870967741935,0.5573770491803278,0.5172413793103449,0.5357142857142857,0.5263157894736842,17,15,13,14,31,28,30,29,0.5,0.5528781127889401,0.5427274448839958,0.5403225806451613,,,0,uncalibrated_return_rank_score,25
baseline_mean_return,reg,previous,59,0.5254237288135594,0.5,0.34444444444444444,0.5254237288135594,1.0,0.6888888888888889,0.0,0.0,0.0,31,0,28,0,31,28,59,0,0.5,0.47891989429143833,0.4465411137444309,0.4337557603686636,,,0,uncalibrated_return_rank_score,25
baseline_zero_return,reg,previous,59,0.5254237288135594,0.5,0.34444444444444444,0.5254237288135594,1.0,0.6888888888888889,0.0,0.0,0.0,31,0,28,0,31,28,59,0,0.5,0.5254237288135594,0.4745762711864407,0.5,,,0,uncalibrated_return_rank_score,25
baseline_majority,baseline,previous,59,0.4745762711864407,0.5,0.3218390804597701,0.0,0.0,0.0,0.4745762711864407,1.0,0.6436781609195402,0,28,0,31,31,28,0,59,0.5,0.48869427008726746,0.4473452927164423,0.44873271889400923,0.25133642954378416,0.6958216460744328,0,probability_up,25
always_up,baseline,previous,59,0.5254237288135594,0.5,0.34444444444444444,0.5254237288135594,1.0,0.6888888888888889,0.0,0.0,0.0,31,0,28,0,31,28,59,0,0.5,0.5254237288135594,0.4745762711864407,0.5,0.4745762711864407,17.105462625343733,0,probability_up,25
always_down,baseline,previous,59,0.4745762711864407,0.5,0.3218390804597701,0.0,0.0,0.0,0.4745762711864407,1.0,0.6436781609195402,0,28,0,31,31,28,0,59,0.5,0.5254237288135594,0.4745762711864407,0.5,0.5254237288135594,18.93819076377342,0,probability_up,25
class__basic__linear,class,basic,59,0.5084745762711864,0.5295138888888888,0.4872640095894516,0.6,0.28125,0.3829787234042553,0.4772727272727273,0.7777777777777778,0.5915492957746479,9,21,6,23,32,27,15,44,0.6000000000000002,0.5661645251551818,0.4296328746712386,0.47453703703703703,0.35083381506132144,1.1172067144823974,0,probability_up,26
class__basic__xgb,class,basic,59,0.4745762711864407,0.44907407407407407,0.406361570918533,0.5106382978723404,0.75,0.6075949367088608,0.3333333333333333,0.14814814814814814,0.20512820512820512,24,4,23,8,32,27,47,12,0.4,0.484861253533757,0.45835878032960864,0.3738425925925926,0.2739008514053376,0.7415740552381019,0,probability_up,26
class__basic__forest,class,basic,59,0.559322033898305,0.5300925925925926,0.48035230352303526,0.56,0.875,0.6829268292682927,0.5555555555555556,0.18518518518518517,0.2777777777777778,28,5,22,4,32,27,50,9,0.4,0.4742152383822891,0.5154209095317495,0.40740740740740744,0.2719592538645408,0.7382862129083686,0,probability_up,26
class__basic__equal_ensemble,class,basic,59,0.423728813559322,0.4369212962962963,0.4155011655011655,0.45,0.28125,0.34615384615384615,0.41025641025641024,0.5925925925925926,0.48484848484848486,9,16,11,23,32,27,20,39,0.5250000000000001,0.5490753404434789,0.47449286911285765,0.4618055555555556,0.2833842118779361,0.7643803677497175,0,probability_up,26
class__direction_core__linear,class,direction_core,59,0.4915254237288136,0.5167824074074074,0.45638820638820643,0.5833333333333334,0.21875,0.3181818181818182,0.46808510638297873,0.8148148148148148,0.5945945945945946,7,22,5,25,32,27,12,47,0.6500000000000002,0.5404231741549204,0.4537743574558414,0.46875,0.3669676814325804,1.173342529544697,0,probability_up,26
class__direction_core__xgb,class,direction_core,59,0.4745762711864407,0.4461805555555556,0.38972305638972304,0.5102040816326531,0.78125,0.6172839506172839,0.3,0.1111111111111111,0.16216216216216217,25,3,24,7,32,27,49,10,0.4,0.508845219597325,0.44322868360228007,0.41782407407407407,0.27006631098746925,0.7342364165428732,0,probability_up,26
class__direction_core__forest,class,direction_core,59,0.4745762711864407,0.4664351851851852,0.46473514779045944,0.5142857142857142,0.5625,0.5373134328358209,0.4166666666666667,0.37037037037037035,0.39215686274509803,18,10,17,14,32,27,35,24,0.4750000000000001,0.48418732395391945,0.5271778634133224,0.42361111111111116,0.2730027788119967,0.740244861254236,0,probability_up,26
class__direction_core__equal_ensemble,class,direction_core,59,0.4576271186440678,0.4710648148148148,0.44988344988344986,0.5,0.3125,0.38461538461538464,0.4358974358974359,0.6296296296296297,0.5151515151515151,10,17,10,22,32,27,20,39,0.5250000000000001,0.5265027086355196,0.4455665194074166,0.4490740740740741,0.2861332184833685,0.7710917689356958,0,probability_up,26
class__engineered_direction__linear,class,engineered_direction,59,0.5084745762711864,0.5179398148148149,0.5062049062049062,0.5652173913043478,0.40625,0.4727272727272727,0.4722222222222222,0.6296296296296297,0.5396825396825397,13,17,10,19,32,27,23,36,0.42500000000000004,0.5196119223519707,0.4827617661080995,0.4699074074074075,0.3898775420634679,1.234028817235595,0,probability_up,26
class__engineered_direction__xgb,class,engineered_direction,59,0.5932203389830508,0.5613425925925926,0.5042016806722689,0.5769230769230769,0.9375,0.7142857142857143,0.7142857142857143,0.18518518518518517,0.29411764705882354,30,5,22,2,32,27,52,7,0.4,0.5453997635361449,0.5325985360533838,0.46875,0.2633763065654924,0.7205226785233253,0,probability_up,26
class__engineered_direction__forest,class,engineered_direction,59,0.5084745762711864,0.4861111111111111,0.45802977510294585,0.5333333333333333,0.75,0.6233766233766234,0.42857142857142855,0.2222222222222222,0.2926829268292683,24,6,21,8,32,27,45,14,0.42500000000000004,0.49441455874120804,0.5368656015503575,0.43865740740740744,0.27030902122877115,0.7356037685394374,0,probability_up,26
class__engineered_direction__equal_ensemble,class,engineered_direction,59,0.423728813559322,0.41377314814814814,0.41000000000000003,0.4722222222222222,0.53125,0.5,0.34782608695652173,0.2962962962962963,0.32,17,8,19,15,32,27,36,23,0.4,0.545221970493965,0.5385347571272237,0.4814814814814815,0.2864255244037966,0.7726659190188221,0,probability_up,26
reg__basic__linear,reg,basic,59,0.5254237288135594,0.5364583333333333,0.5219907407407407,0.5909090909090909,0.40625,0.48148148148148145,0.4864864864864865,0.6666666666666666,0.5625,13,18,9,19,32,27,22,37,0.5,0.5972251262025018,0.4864928060169641,0.5208333333333334,,,0,uncalibrated_return_rank_score,26
reg__basic__xgb,reg,basic,59,0.4915254237288136,0.4820601851851852,0.47941176470588237,0.5277777777777778,0.59375,0.5588235294117647,0.43478260869565216,0.37037037037037035,0.4,19,10,17,13,32,27,36,23,0.5,0.5752630903395128,0.5425192086220545,0.5138888888888888,,,0,uncalibrated_return_rank_score,26
reg__basic__forest,reg,basic,59,0.4576271186440678,0.4508101851851852,0.44988344988344986,0.5,0.53125,0.5151515151515151,0.4,0.37037037037037035,0.38461538461538464,17,10,17,15,32,27,34,25,0.5,0.5381128676410117,0.48511811036595276,0.44212962962962965,,,0,uncalibrated_return_rank_score,26
reg__basic__equal_ensemble,reg,basic,59,0.4745762711864407,0.4809027777777778,0.47397181478285877,0.52,0.40625,0.45614035087719296,0.4411764705882353,0.5555555555555556,0.4918032786885246,13,15,12,19,32,27,25,34,0.5,0.589308210155578,0.499214833686074,0.49768518518518523,,,0,uncalibrated_return_rank_score,26
reg__direction_core__linear,reg,direction_core,59,0.5423728813559322,0.5578703703703703,0.533801580333626,0.631578947368421,0.375,0.47058823529411764,0.5,0.7407407407407407,0.5970149253731343,12,20,7,20,32,27,19,40,0.5,0.5791149485024355,0.48467352126777213,0.5173611111111112,,,0,uncalibrated_return_rank_score,26
reg__direction_core__xgb,reg,direction_core,59,0.4915254237288136,0.4849537037037037,0.48426573426573427,0.5294117647058824,0.5625,0.5454545454545454,0.44,0.4074074074074074,0.4230769230769231,18,11,16,14,32,27,34,25,0.5,0.5760098710334144,0.5499903513354696,0.5271990740740741,,,0,uncalibrated_return_rank_score,26
reg__direction_core__forest,reg,direction_core,59,0.4745762711864407,0.4693287037037037,0.4690856313497823,0.5151515151515151,0.53125,0.5230769230769231,0.4230769230769231,0.4074074074074074,0.41509433962264153,17,11,16,15,32,27,33,26,0.5,0.512747014123097,0.4625904732084551,0.41666666666666663,,,0,uncalibrated_return_rank_score,26
reg__direction_core__equal_ensemble,reg,direction_core,59,0.4406779661016949,0.44675925925925924,0.4400345125107852,0.48,0.375,0.42105263157894735,0.4117647058823529,0.5185185185185185,0.45901639344262296,12,14,13,20,32,27,25,34,0.5,0.560878439223398,0.4848531810659668,0.48842592592592593,,,0,uncalibrated_return_rank_score,26
reg__engineered_direction__linear,reg,engineered_direction,59,0.4576271186440678,0.4710648148148148,0.44988344988344986,0.5,0.3125,0.38461538461538464,0.4358974358974359,0.6296296296296297,0.5151515151515151,10,17,10,22,32,27,20,39,0.5,0.5534838364762008,0.5023258066331494,0.5115740740740741,,,0,uncalibrated_return_rank_score,26
reg__engineered_direction__xgb,reg,engineered_direction,59,0.5932203389830508,0.5815972222222222,0.5785714285714285,0.6052631578947368,0.71875,0.6571428571428571,0.5714285714285714,0.4444444444444444,0.5,23,12,15,9,32,27,38,21,0.5,0.5957578802842541,0.5666221686379074,0.5625,,,0,uncalibrated_return_rank_score,26
reg__engineered_direction__forest,reg,engineered_direction,59,0.4406779661016949,0.42939814814814814,0.4241348713398403,0.4864864864864865,0.5625,0.5217391304347826,0.36363636363636365,0.2962962962962963,0.32653061224489793,18,8,19,14,32,27,37,22,0.5,0.5810353288034094,0.4842944477577687,0.46643518518518523,,,0,uncalibrated_return_rank_score,26
reg__engineered_direction__equal_ensemble,reg,engineered_direction,59,0.4915254237288136,0.49363425925925924,0.4913793103448276,0.5357142857142857,0.46875,0.5,0.45161290322580644,0.5185185185185185,0.4827586206896552,15,14,13,17,32,27,28,31,0.5,0.5550298360057984,0.49584116604115047,0.5104166666666667,,,0,uncalibrated_return_rank_score,26
selected_direction,class,basic,59,0.4745762711864407,0.44907407407407407,0.406361570918533,0.5106382978723404,0.75,0.6075949367088608,0.3333333333333333,0.14814814814814814,0.20512820512820512,24,4,23,8,32,27,47,12,0.4,0.484861253533757,0.45835878032960864,0.3738425925925926,0.2739008514053376,0.7415740552381019,0,probability_up,26
selected_return,reg,direction_core,59,0.4915254237288136,0.4849537037037037,0.48426573426573427,0.5294117647058824,0.5625,0.5454545454545454,0.44,0.4074074074074074,0.4230769230769231,18,11,16,14,32,27,34,25,0.5,0.5760098710334144,0.5499903513354696,0.5271990740740741,,,0,uncalibrated_return_rank_score,26
baseline_monthly_return,reg,previous,59,0.559322033898305,0.5474537037037037,0.5434523809523809,0.5789473684210527,0.6875,0.6285714285714286,0.5238095238095238,0.4074074074074074,0.4583333333333333,22,11,16,10,32,27,38,21,0.5,0.6736336152920488,0.520418159081997,0.5821759259259259,,,0,uncalibrated_return_rank_score,26
baseline_paper_return,reg,previous,59,0.5932203389830508,0.5960648148148149,0.593103448275862,0.6428571428571429,0.5625,0.6,0.5483870967741935,0.6296296296296297,0.5862068965517241,18,17,10,14,32,27,28,31,0.5,0.558153856047263,0.504132833094446,0.5393518518518519,,,0,uncalibrated_return_rank_score,26
baseline_mean_return,reg,previous,59,0.5423728813559322,0.5,0.3516483516483517,0.5423728813559322,1.0,0.7032967032967034,0.0,0.0,0.0,32,0,27,0,32,27,59,0,0.5,0.5019879762079502,0.42759175960260937,0.4380787037037037,,,0,uncalibrated_return_rank_score,26
baseline_zero_return,reg,previous,59,0.5423728813559322,0.5,0.3516483516483517,0.5423728813559322,1.0,0.7032967032967034,0.0,0.0,0.0,32,0,27,0,32,27,59,0,0.5,0.5423728813559322,0.4576271186440678,0.5,,,0,uncalibrated_return_rank_score,26
baseline_majority,baseline,previous,59,0.4576271186440678,0.5,0.313953488372093,0.0,0.0,0.0,0.4576271186440678,1.0,0.627906976744186,0,27,0,32,32,27,0,59,0.5,0.5039314712721863,0.42603738282226683,0.4438657407407407,0.25184120762543627,0.6968315873258214,0,probability_up,26
always_up,baseline,previous,59,0.5423728813559322,0.5,0.3516483516483517,0.5423728813559322,1.0,0.7032967032967034,0.0,0.0,0.0,32,0,27,0,32,27,59,0,0.5,0.5423728813559322,0.4576271186440678,0.5,0.4576271186440678,16.49455324586717,0,probability_up,26
always_down,baseline,previous,59,0.4576271186440678,0.5,0.313953488372093,0.0,0.0,0.0,0.4576271186440678,1.0,0.627906976744186,0,27,0,32,32,27,0,59,0.5,0.5423728813559322,0.4576271186440678,0.5,0.5423728813559322,19.549100143249987,0,probability_up,26
class__basic__linear,class,basic,59,0.5084745762711864,0.5523529411764706,0.4872640095894516,0.6923076923076923,0.2647058823529412,0.3829787234042553,0.45652173913043476,0.84,0.5915492957746479,9,21,4,25,34,25,13,46,0.6000000000000002,0.5812400539055329,0.37787669523241874,0.4235294117647059,0.37654163016829445,1.1709385689243004,0,probability_up,27
class__basic__xgb,class,basic,59,0.5084745762711864,0.4623529411764706,0.42909576242909575,0.5531914893617021,0.7647058823529411,0.6419753086419753,0.3333333333333333,0.16,0.21621621621621623,26,4,21,8,34,25,47,12,0.4,0.5145646052106463,0.41855310669538054,0.37529411764705883,0.27537864102314935,0.7447903781907067,0,probability_up,27
class__basic__forest,class,basic,59,0.5932203389830508,0.5411764705882353,0.5042016806722689,0.6,0.8823529411764706,0.7142857142857143,0.5555555555555556,0.2,0.29411764705882354,30,5,20,4,34,25,50,9,0.4,0.5609757659078323,0.5090790341747831,0.448235294117647,0.26475923735989554,0.7225411200691834,0,probability_up,27
class__basic__equal_ensemble,class,basic,59,0.423728813559322,0.44705882352941173,0.4195601851851852,0.5,0.29411764705882354,0.37037037037037035,0.38461538461538464,0.6,0.46875,10,15,10,24,34,25,20,39,0.5250000000000001,0.5746586203991636,0.42365400048431356,0.43529411764705883,0.29037853418991383,0.7785367390522282,0,probability_up,27
class__direction_core__linear,class,direction_core,59,0.4576271186440678,0.508235294117647,0.4201474201474201,0.6,0.17647058823529413,0.2727272727272727,0.42857142857142855,0.84,0.5675675675675675,6,21,4,28,34,25,10,49,0.6500000000000002,0.5741541514313816,0.3695586768093386,0.42823529411764705,0.38700438368052276,1.2252069540314363,0,probability_up,27
class__direction_core__xgb,class,direction_core,59,0.5084745762711864,0.45705882352941174,0.4110154905335628,0.5510204081632653,0.7941176470588235,0.6506024096385542,0.3,0.12,0.17142857142857143,27,3,22,7,34,25,49,10,0.4,0.5244536835663215,0.38869200044508234,0.38941176470588235,0.27356048577632686,0.7413815117981413,0,probability_up,27
class__direction_core__forest,class,direction_core,59,0.5254237288135594,0.5088235294117647,0.5083333333333333,0.5833333333333334,0.6176470588235294,0.6,0.43478260869565216,0.4,0.4166666666666667,21,10,15,13,34,25,36,23,0.4750000000000001,0.5649296940960744,0.524419470305928,0.4576470588235294,0.2650604577624721,0.7234133983744877,0,probability_up,27
class__direction_core__equal_ensemble,class,direction_core,59,0.4576271186440678,0.48705882352941177,0.44988344988344986,0.5555555555555556,0.29411764705882354,0.38461538461538464,0.4146341463414634,0.68,0.5151515151515151,10,17,8,24,34,25,18,41,0.5250000000000001,0.5509423746963072,0.4212172852130682,0.4341176470588235,0.2913089620866421,0.7809451342563123,0,probability_up,27
class__engineered_direction__linear,class,engineered_direction,59,0.5084745762711864,0.5258823529411765,0.5079091170549324,0.6086956521739131,0.4117647058823529,0.49122807017543857,0.4444444444444444,0.64,0.5245901639344263,14,16,9,20,34,25,23,36,0.42500000000000004,0.5409008805071027,0.4158183020165123,0.4423529411764706,0.39899456309491255,1.2484946774483694,0,probability_up,27
class__engineered_direction__xgb,class,engineered_direction,59,0.576271186440678,0.5264705882352941,0.49225473321858865,0.5918367346938775,0.8529411764705882,0.6987951807228916,0.5,0.2,0.2857142857142857,29,5,20,5,34,25,49,10,0.4,0.5732636177796256,0.45316281201328074,0.468235294117647,0.26464272973136094,0.7234771618348458,0,probability_up,27
class__engineered_direction__forest,class,engineered_direction,59,0.5423728813559322,0.4970588235294118,0.46846846846846846,0.574468085106383,0.7941176470588235,0.6666666666666666,0.4166666666666667,0.2,0.2702702702702703,27,5,20,7,34,25,47,12,0.42500000000000004,0.5560578048925023,0.49234462356032904,0.43176470588235294,0.2691973238248628,0.7322894749519832,0,probability_up,27
class__engineered_direction__equal_ensemble,class,engineered_direction,59,0.4406779661016949,0.42470588235294116,0.4241348713398403,0.5142857142857142,0.5294117647058824,0.5217391304347826,0.3333333333333333,0.32,0.32653061224489793,18,8,17,16,34,25,35,24,0.4,0.5745484711015719,0.47008676628460433,0.4658823529411765,0.2912813431733933,0.7824116468839181,0,probability_up,27
reg__basic__linear,reg,basic,59,0.4576271186440678,0.4711764705882353,0.4574712643678161,0.5416666666666666,0.38235294117647056,0.4482758620689655,0.4,0.56,0.4666666666666667,13,14,11,21,34,25,24,35,0.5,0.6021067773205642,0.4153574445286258,0.4635294117647059,,,0,uncalibrated_return_rank_score,27
reg__basic__xgb,reg,basic,59,0.4406779661016949,0.42470588235294116,0.4241348713398403,0.5142857142857142,0.5294117647058824,0.5217391304347826,0.3333333333333333,0.32,0.32653061224489793,18,8,17,16,34,25,35,24,0.5,0.5765287633640529,0.49794311246213224,0.4729411764705882,,,0,uncalibrated_return_rank_score,27
reg__basic__forest,reg,basic,59,0.4576271186440678,0.4447058823529412,0.4447058823529412,0.5294117647058824,0.5294117647058824,0.5294117647058824,0.36,0.36,0.36,18,9,16,16,34,25,34,25,0.5,0.5838012923599476,0.4798942437378214,0.46941176470588236,,,0,uncalibrated_return_rank_score,27
reg__basic__equal_ensemble,reg,basic,59,0.3898305084745763,0.4070588235294118,0.3882488479262673,0.45454545454545453,0.29411764705882354,0.35714285714285715,0.35135135135135137,0.52,0.41935483870967744,10,13,12,24,34,25,22,37,0.5,0.5767803661214191,0.46346708158996,0.45294117647058824,,,0,uncalibrated_return_rank_score,27
reg__direction_core__linear,reg,direction_core,59,0.4915254237288136,0.5164705882352941,0.4878472222222222,0.6,0.35294117647058826,0.4444444444444444,0.4358974358974359,0.68,0.53125,12,17,8,22,34,25,20,39,0.5,0.59235994702007,0.4016178829921722,0.46117647058823524,,,0,uncalibrated_return_rank_score,27
reg__direction_core__xgb,reg,direction_core,59,0.5084745762711864,0.49411764705882355,0.49393670511682936,0.5714285714285714,0.5882352941176471,0.5797101449275363,0.4166666666666667,0.4,0.40816326530612246,20,10,15,14,34,25,35,24,0.5,0.5705127113715819,0.47555425107795407,0.4776470588235294,,,0,uncalibrated_return_rank_score,27
reg__direction_core__forest,reg,direction_core,59,0.5254237288135594,0.5088235294117647,0.5083333333333333,0.5833333333333334,0.6176470588235294,0.6,0.43478260869565216,0.4,0.4166666666666667,21,10,15,13,34,25,36,23,0.5,0.5693421773727952,0.47359060820770404,0.4588235294117647,,,0,uncalibrated_return_rank_score,27
reg__direction_core__equal_ensemble,reg,direction_core,59,0.423728813559322,0.43647058823529417,0.4235632183908046,0.5,0.35294117647058826,0.41379310344827586,0.37142857142857144,0.52,0.43333333333333335,12,13,12,22,34,25,24,35,0.5,0.5754345521349458,0.42491846914234616,0.44823529411764707,,,0,uncalibrated_return_rank_score,27
reg__engineered_direction__linear,reg,engineered_direction,59,0.4915254237288136,0.5164705882352941,0.4878472222222222,0.6,0.35294117647058826,0.4444444444444444,0.4358974358974359,0.68,0.53125,12,17,8,22,34,25,20,39,0.5,0.5690257426575466,0.4244871958591255,0.48,,,0,uncalibrated_return_rank_score,27
reg__engineered_direction__xgb,reg,engineered_direction,59,0.5423728813559322,0.5288235294117647,0.5288376220053239,0.6,0.6176470588235294,0.6086956521739131,0.4583333333333333,0.44,0.4489795918367347,21,11,14,13,34,25,35,24,0.5,0.6133633177577293,0.5072449126923951,0.5529411764705883,,,0,uncalibrated_return_rank_score,27
reg__engineered_direction__forest,reg,engineered_direction,59,0.4576271186440678,0.4394117647058824,0.4380952380952381,0.5277777777777778,0.5588235294117647,0.5428571428571428,0.34782608695652173,0.32,0.3333333333333333,19,8,17,15,34,25,36,23,0.5,0.5712233724442753,0.46497792131937155,0.4705882352941176,,,0,uncalibrated_return_rank_score,27
reg__engineered_direction__equal_ensemble,reg,engineered_direction,59,0.4576271186440678,0.46058823529411763,0.45622119815668205,0.5357142857142857,0.4411764705882353,0.4838709677419355,0.3870967741935484,0.48,0.42857142857142855,15,12,13,19,34,25,28,31,0.5,0.5910730749240865,0.4375873824031985,0.49058823529411766,,,0,uncalibrated_return_rank_score,27
selected_direction,class,basic,59,0.5084745762711864,0.4623529411764706,0.42909576242909575,0.5531914893617021,0.7647058823529411,0.6419753086419753,0.3333333333333333,0.16,0.21621621621621623,26,4,21,8,34,25,47,12,0.4,0.5145646052106463,0.41855310669538054,0.37529411764705883,0.27537864102314935,0.7447903781907067,0,probability_up,27
selected_return,reg,direction_core,59,0.5084745762711864,0.49411764705882355,0.49393670511682936,0.5714285714285714,0.5882352941176471,0.5797101449275363,0.4166666666666667,0.4,0.40816326530612246,20,10,15,14,34,25,35,24,0.5,0.5705127113715819,0.47555425107795407,0.4776470588235294,,,0,uncalibrated_return_rank_score,27
baseline_monthly_return,reg,previous,59,0.5423728813559322,0.5235294117647059,0.522625112376386,0.5945945945945946,0.6470588235294118,0.6197183098591549,0.45454545454545453,0.4,0.425531914893617,22,10,15,12,34,25,37,22,0.5,0.6638727993054262,0.5283380406244833,0.571764705882353,,,0,uncalibrated_return_rank_score,27
baseline_paper_return,reg,previous,59,0.4915254237288136,0.49529411764705883,0.4902073732718894,0.5714285714285714,0.47058823529411764,0.5161290322580645,0.41935483870967744,0.52,0.4642857142857143,16,13,12,18,34,25,28,31,0.5,0.5862692721664401,0.45400744668834214,0.48352941176470593,,,0,uncalibrated_return_rank_score,27
baseline_mean_return,reg,previous,59,0.576271186440678,0.5,0.3655913978494624,0.576271186440678,1.0,0.7311827956989247,0.0,0.0,0.0,34,0,25,0,34,25,59,0,0.5,0.5492500411061774,0.3878271405439651,0.4317647058823529,,,0,uncalibrated_return_rank_score,27
baseline_zero_return,reg,previous,59,0.576271186440678,0.5,0.3655913978494624,0.576271186440678,1.0,0.7311827956989247,0.0,0.0,0.0,34,0,25,0,34,25,59,0,0.5,0.576271186440678,0.423728813559322,0.5,,,0,uncalibrated_return_rank_score,27
baseline_majority,baseline,previous,59,0.423728813559322,0.5,0.2976190476190476,0.0,0.0,0.0,0.423728813559322,1.0,0.5952380952380952,0,25,0,34,34,25,0,59,0.5,0.5127685924541384,0.3744070063479021,0.40352941176470586,0.2532060720579227,0.6995627876151617,0,probability_up,27
always_up,baseline,previous,59,0.576271186440678,0.5,0.3655913978494624,0.576271186440678,1.0,0.7311827956989247,0.0,0.0,0.0,34,0,25,0,34,25,59,0,0.5,0.576271186440678,0.423728813559322,0.5,0.423728813559322,15.272734486914048,0,probability_up,27
always_down,baseline,previous,59,0.423728813559322,0.5,0.2976190476190476,0.0,0.0,0.0,0.423728813559322,1.0,0.5952380952380952,0,25,0,34,34,25,0,59,0.5,0.576271186440678,0.423728813559322,0.5,0.576271186440678,20.77091890220311,0,probability_up,27
class__basic__linear,class,basic,59,0.5932203389830508,0.6042626728110598,0.5785714285714285,0.7058823529411765,0.3870967741935484,0.5,0.5476190476190477,0.8214285714285714,0.6571428571428571,12,23,5,19,31,28,17,42,0.6000000000000002,0.6399953777557339,0.5165248138242058,0.5679723502304147,0.3026236992621457,0.9326300354587406,0,probability_up,28
class__basic__xgb,class,basic,59,0.559322033898305,0.5443548387096775,0.5083333333333333,0.5531914893617021,0.8387096774193549,0.6666666666666666,0.5833333333333334,0.25,0.35,26,7,21,5,31,28,47,12,0.4,0.4894923751808417,0.48754700615934543,0.44354838709677424,0.26827089675753074,0.7310125380770041,0,probability_up,28
class__basic__forest,class,basic,59,0.559322033898305,0.5460829493087558,0.5194235588972431,0.5555555555555556,0.8064516129032258,0.6578947368421053,0.5714285714285714,0.2857142857142857,0.38095238095238093,25,8,20,6,31,28,45,14,0.4,0.5248694024286406,0.523954787242216,0.467741935483871,0.2681511933037606,0.7303866345264954,0,probability_up,28
class__basic__equal_ensemble,class,basic,59,0.4915254237288136,0.5005760368663594,0.47941176470588237,0.5263157894736842,0.3225806451612903,0.4,0.475,0.6785714285714286,0.5588235294117647,10,19,9,21,31,28,19,40,0.5250000000000001,0.6174002432453372,0.5324972532074062,0.5276497695852534,0.26377621084200753,0.7229899968054566,0,probability_up,28
class__direction_core__linear,class,direction_core,59,0.559322033898305,0.5737327188940092,0.5288697788697789,0.6923076923076923,0.2903225806451613,0.4090909090909091,0.5217391304347826,0.8571428571428571,0.6486486486486487,9,24,4,22,31,28,13,46,0.6500000000000002,0.6597385120992183,0.5368233429511579,0.5898617511520737,0.29510829738724237,0.9224080297517339,0,probability_up,28
class__direction_core__xgb,class,direction_core,59,0.5423728813559322,0.5264976958525346,0.48296007789678674,0.5416666666666666,0.8387096774193549,0.6582278481012658,0.5454545454545454,0.21428571428571427,0.3076923076923077,26,6,22,5,31,28,48,11,0.4,0.524677701651707,0.5147730405185919,0.4873271889400922,0.2619418304681007,0.7179189315266131,0,probability_up,28
class__direction_core__forest,class,direction_core,59,0.4576271186440678,0.45449308755760365,0.4537037037037037,0.48484848484848486,0.5161290322580645,0.5,0.4230769230769231,0.39285714285714285,0.4074074074074074,16,11,17,15,31,28,33,26,0.4750000000000001,0.5622754292804095,0.5358204120117837,0.4907834101382489,0.26274849327711597,0.7188463645489105,0,probability_up,28
class__direction_core__equal_ensemble,class,direction_core,59,0.4915254237288136,0.5005760368663594,0.47941176470588237,0.5263157894736842,0.3225806451612903,0.4,0.475,0.6785714285714286,0.5588235294117647,10,19,9,21,31,28,19,40,0.5250000000000001,0.6380850995558234,0.5560105730132937,0.5472350230414746,0.2575760001294911,0.7094922263714549,0,probability_up,28
class__engineered_direction__linear,class,engineered_direction,59,0.559322033898305,0.5616359447004609,0.5591954022988506,0.5925925925925926,0.5161290322580645,0.5517241379310345,0.53125,0.6071428571428571,0.5666666666666667,16,17,11,15,31,28,27,32,0.42500000000000004,0.5854806177587728,0.593747061874258,0.5714285714285714,0.3193510893788753,0.9815775861773732,0,probability_up,28
class__engineered_direction__xgb,class,engineered_direction,59,0.576271186440678,0.560483870967742,0.5212593313859136,0.5625,0.8709677419354839,0.6835443037974683,0.6363636363636364,0.25,0.358974358974359,27,7,21,4,31,28,48,11,0.4,0.5864976693378579,0.5685683076504499,0.5933179723502304,0.24749409898444777,0.6897679461769821,0,probability_up,28
class__engineered_direction__forest,class,engineered_direction,59,0.5423728813559322,0.5316820276497696,0.5150684931506849,0.5476190476190477,0.7419354838709677,0.6301369863013698,0.5294117647058824,0.32142857142857145,0.4,23,9,19,8,31,28,42,17,0.42500000000000004,0.5765859339193741,0.4883736382558089,0.521889400921659,0.25736774869701246,0.708849566059791,0,probability_up,28
class__engineered_direction__equal_ensemble,class,engineered_direction,59,0.559322033898305,0.5512672811059908,0.5434523809523809,0.5641025641025641,0.7096774193548387,0.6285714285714286,0.55,0.39285714285714285,0.4583333333333333,22,11,17,9,31,28,39,20,0.4,0.6081360812305466,0.5531862211886764,0.5829493087557605,0.25625528526583224,0.7087704632421933,0,probability_up,28
reg__basic__linear,reg,basic,59,0.5423728813559322,0.548963133640553,0.5375907111756169,0.5909090909090909,0.41935483870967744,0.49056603773584906,0.5135135135135135,0.6785714285714286,0.5846153846153846,13,19,9,18,31,28,22,37,0.5,0.6702882999016568,0.5484160737579171,0.5610599078341014,,,0,uncalibrated_return_rank_score,28
reg__basic__xgb,reg,basic,59,0.4745762711864407,0.46716589861751157,0.4590357882283348,0.5,0.6129032258064516,0.5507246376811594,0.42857142857142855,0.32142857142857145,0.3673469387755102,19,9,19,12,31,28,38,21,0.5,0.5500194638570858,0.5429440083374552,0.4965437788018433,,,0,uncalibrated_return_rank_score,28
reg__basic__forest,reg,basic,59,0.4745762711864407,0.47062211981566815,0.4690856313497823,0.5,0.5483870967741935,0.5230769230769231,0.44,0.39285714285714285,0.41509433962264153,17,11,17,14,31,28,34,25,0.5,0.4688051747358767,0.4645355550482151,0.4147465437788018,,,0,uncalibrated_return_rank_score,28
reg__basic__equal_ensemble,reg,basic,59,0.4576271186440678,0.45967741935483875,0.4574712643678161,0.48148148148148145,0.41935483870967744,0.4482758620689655,0.4375,0.5,0.4666666666666667,13,14,14,18,31,28,27,32,0.5,0.6031590577306545,0.5225894227511944,0.5092165898617511,,,0,uncalibrated_return_rank_score,28
reg__direction_core__linear,reg,direction_core,59,0.5423728813559322,0.548963133640553,0.5375907111756169,0.5909090909090909,0.41935483870967744,0.49056603773584906,0.5135135135135135,0.6785714285714286,0.5846153846153846,13,19,9,18,31,28,22,37,0.5,0.6566156867217529,0.5597178204283594,0.5656682027649769,,,0,uncalibrated_return_rank_score,28
reg__direction_core__xgb,reg,direction_core,59,0.4745762711864407,0.46889400921658986,0.46473514779045944,0.5,0.5806451612903226,0.5373134328358209,0.43478260869565216,0.35714285714285715,0.39215686274509803,18,10,18,13,31,28,36,23,0.5,0.5462771029887028,0.5329294797943932,0.4976958525345622,,,0,uncalibrated_return_rank_score,28
reg__direction_core__forest,reg,direction_core,59,0.4745762711864407,0.47062211981566815,0.4690856313497823,0.5,0.5483870967741935,0.5230769230769231,0.44,0.39285714285714285,0.41509433962264153,17,11,17,14,31,28,34,25,0.5,0.49598808339706024,0.4698852074092641,0.4285714285714286,,,0,uncalibrated_return_rank_score,28
reg__direction_core__equal_ensemble,reg,direction_core,59,0.4406779661016949,0.44182027649769584,0.4406779661016949,0.4642857142857143,0.41935483870967744,0.4406779661016949,0.41935483870967744,0.4642857142857143,0.4406779661016949,13,13,15,18,31,28,28,31,0.5,0.608773111069814,0.5187006938435341,0.5080645161290323,,,0,uncalibrated_return_rank_score,28
reg__engineered_direction__linear,reg,engineered_direction,59,0.5084745762711864,0.511520737327189,0.5079091170549324,0.5384615384615384,0.45161290322580644,0.49122807017543857,0.48484848484848486,0.5714285714285714,0.5245901639344263,14,16,12,17,31,28,26,33,0.5,0.5797233176716151,0.5993657129056678,0.5633640552995391,,,0,uncalibrated_return_rank_score,28
reg__engineered_direction__xgb,reg,engineered_direction,59,0.6101694915254238,0.6048387096774194,0.6028680128767925,0.6111111111111112,0.7096774193548387,0.6567164179104478,0.6086956521739131,0.5,0.5490196078431373,22,14,14,9,31,28,36,23,0.5,0.5702024910757427,0.5615745553767156,0.564516129032258,,,0,uncalibrated_return_rank_score,28
reg__engineered_direction__forest,reg,engineered_direction,59,0.4915254237288136,0.48329493087557607,0.4732142857142857,0.5128205128205128,0.6451612903225806,0.5714285714285714,0.45,0.32142857142857145,0.375,20,9,19,11,31,28,39,20,0.5,0.5374598853225051,0.48482213144669817,0.4758064516129033,,,0,uncalibrated_return_rank_score,28
reg__engineered_direction__equal_ensemble,reg,engineered_direction,59,0.4745762711864407,0.4740783410138249,0.47397181478285877,0.5,0.4838709677419355,0.4918032786885246,0.4482758620689655,0.4642857142857143,0.45614035087719296,15,13,15,16,31,28,30,29,0.5,0.569162864087712,0.5832087498178057,0.5426267281105991,,,0,uncalibrated_return_rank_score,28
selected_direction,class,basic,59,0.559322033898305,0.5443548387096775,0.5083333333333333,0.5531914893617021,0.8387096774193549,0.6666666666666666,0.5833333333333334,0.25,0.35,26,7,21,5,31,28,47,12,0.4,0.4894923751808417,0.48754700615934543,0.44354838709677424,0.26827089675753074,0.7310125380770041,0,probability_up,28
selected_return,reg,direction_core,59,0.4745762711864407,0.46889400921658986,0.46473514779045944,0.5,0.5806451612903226,0.5373134328358209,0.43478260869565216,0.35714285714285715,0.39215686274509803,18,10,18,13,31,28,36,23,0.5,0.5462771029887028,0.5329294797943932,0.4976958525345622,,,0,uncalibrated_return_rank_score,28
baseline_monthly_return,reg,previous,59,0.576271186440678,0.570852534562212,0.5683347966052092,0.5833333333333334,0.6774193548387096,0.6268656716417911,0.5652173913043478,0.4642857142857143,0.5098039215686274,21,13,15,10,31,28,36,23,0.5,0.6762255006641572,0.6628860010821063,0.6370967741935484,,,0,uncalibrated_return_rank_score,28
baseline_paper_return,reg,previous,59,0.559322033898305,0.5616359447004609,0.5591954022988506,0.5925925925925926,0.5161290322580645,0.5517241379310345,0.53125,0.6071428571428571,0.5666666666666667,16,17,11,15,31,28,27,32,0.5,0.565592873791658,0.5409736835274707,0.532258064516129,,,0,uncalibrated_return_rank_score,28
baseline_mean_return,reg,previous,59,0.5254237288135594,0.5,0.34444444444444444,0.5254237288135594,1.0,0.6888888888888889,0.0,0.0,0.0,31,0,28,0,31,28,59,0,0.5,0.463590593936956,0.4193538937263105,0.402073732718894,,,0,uncalibrated_return_rank_score,28
baseline_zero_return,reg,previous,59,0.5254237288135594,0.5,0.34444444444444444,0.5254237288135594,1.0,0.6888888888888889,0.0,0.0,0.0,31,0,28,0,31,28,59,0,0.5,0.5254237288135594,0.4745762711864407,0.5,,,0,uncalibrated_return_rank_score,28
baseline_majority,baseline,previous,59,0.4745762711864407,0.5,0.3218390804597701,0.0,0.0,0.0,0.4745762711864407,1.0,0.6436781609195402,0,28,0,31,31,28,0,59,0.5,0.4607995082265359,0.41319838222195715,0.3951612903225806,0.2516148278561862,0.6963790916489444,0,probability_up,28
always_up,baseline,previous,59,0.5254237288135594,0.5,0.34444444444444444,0.5254237288135594,1.0,0.6888888888888889,0.0,0.0,0.0,31,0,28,0,31,28,59,0,0.5,0.5254237288135594,0.4745762711864407,0.5,0.4745762711864407,17.105462625343733,0,probability_up,28
always_down,baseline,previous,59,0.4745762711864407,0.5,0.3218390804597701,0.0,0.0,0.0,0.4745762711864407,1.0,0.6436781609195402,0,28,0,31,31,28,0,59,0.5,0.5254237288135594,0.4745762711864407,0.5,0.5254237288135594,18.938190763773427,0,probability_up,28
class__basic__linear,class,basic,59,0.5932203389830508,0.5902298850574713,0.5785714285714285,0.631578947368421,0.41379310344827586,0.5,0.575,0.7666666666666667,0.6571428571428571,12,23,7,17,29,30,19,40,0.6000000000000002,0.5790604619398133,0.6485087279511741,0.6402298850574712,0.27957688425387306,0.8600853229512191,0,probability_up,29
class__basic__xgb,class,basic,59,0.5932203389830508,0.5982758620689655,0.556390977443609,0.5531914893617021,0.896551724137931,0.6842105263157895,0.75,0.3,0.42857142857142855,26,9,21,3,29,30,47,12,0.4,0.5286256493556148,0.5794946836074664,0.5333333333333333,0.25456721656903325,0.7025969790627125,0,probability_up,29
class__basic__forest,class,basic,59,0.5423728813559322,0.5471264367816092,0.5060465116279069,0.5217391304347826,0.8275862068965517,0.64,0.6153846153846154,0.26666666666666666,0.37209302325581395,24,8,22,5,29,30,46,13,0.4,0.538416464437062,0.5827392102812454,0.5137931034482759,0.257439913431845,0.7081360535780834,0,probability_up,29
class__basic__equal_ensemble,class,basic,59,0.5423728813559322,0.5402298850574713,0.533801580333626,0.5454545454545454,0.41379310344827586,0.47058823529411764,0.5405405405405406,0.6666666666666666,0.5970149253731343,12,20,10,17,29,30,22,37,0.5250000000000001,0.589539346178093,0.6064539034873333,0.5977011494252873,0.24615743720525649,0.6870748817888946,0,probability_up,29
class__direction_core__linear,class,direction_core,59,0.576271186440678,0.5724137931034483,0.5509893455098934,0.625,0.3448275862068966,0.4444444444444444,0.5581395348837209,0.8,0.6575342465753424,10,24,6,19,29,30,16,43,0.6500000000000002,0.5843518431145449,0.6473191093002192,0.6390804597701149,0.28072027399515564,0.8527325885457909,0,probability_up,29
class__direction_core__xgb,class,direction_core,59,0.5423728813559322,0.5477011494252874,0.4954070319923979,0.5208333333333334,0.8620689655172413,0.6493506493506493,0.6363636363636364,0.23333333333333334,0.34146341463414637,25,7,23,4,29,30,48,11,0.4,0.5555711522776016,0.5892376549440769,0.557471264367816,0.25097680541588774,0.6954603882148708,0,probability_up,29
class__direction_core__forest,class,direction_core,59,0.4576271186440678,0.45977011494252873,0.44988344988344986,0.4594594594594595,0.5862068965517241,0.5151515151515151,0.45454545454545453,0.3333333333333333,0.38461538461538464,17,10,20,12,29,30,37,22,0.4750000000000001,0.542410136506111,0.5990215975723848,0.5275862068965518,0.2539537503940547,0.7006264671270186,0,probability_up,29
class__direction_core__equal_ensemble,class,direction_core,59,0.576271186440678,0.5735632183908046,0.5637385388938183,0.6,0.41379310344827586,0.4897959183673469,0.5641025641025641,0.7333333333333333,0.6376811594202898,12,22,8,17,29,30,20,39,0.5250000000000001,0.621753492603466,0.6210879936852349,0.6137931034482759,0.2440694470049818,0.6816607647273195,0,probability_up,29
class__engineered_direction__linear,class,engineered_direction,59,0.559322033898305,0.5580459770114943,0.5561342592592593,0.56,0.4827586206896552,0.5185185185185185,0.5588235294117647,0.6333333333333333,0.59375,14,19,11,15,29,30,25,34,0.42500000000000004,0.5441254889747857,0.6950966779130573,0.6206896551724138,0.3031652192296808,0.9236423303788838,0,probability_up,29
class__engineered_direction__xgb,class,engineered_direction,59,0.559322033898305,0.5649425287356322,0.5083333333333333,0.5306122448979592,0.896551724137931,0.6666666666666666,0.7,0.23333333333333334,0.35,26,7,23,3,29,30,49,10,0.4,0.6008743310997338,0.5971526785071948,0.6091954022988506,0.24222728797665205,0.6784074956352681,0,probability_up,29
class__engineered_direction__forest,class,engineered_direction,59,0.4915254237288136,0.49540229885057474,0.46557971014492755,0.4883720930232558,0.7241379310344828,0.5833333333333334,0.5,0.26666666666666666,0.34782608695652173,21,8,22,8,29,30,43,16,0.42500000000000004,0.5595781261061611,0.5499756671661022,0.5551724137931036,0.25273807020491107,0.6996761573937387,0,probability_up,29
class__engineered_direction__equal_ensemble,class,engineered_direction,59,0.6101694915254238,0.6120689655172413,0.6060957910014514,0.5833333333333334,0.7241379310344828,0.6461538461538462,0.6521739130434783,0.5,0.5660377358490566,21,15,15,8,29,30,36,23,0.4,0.6102437292722024,0.6301452634535029,0.6241379310344828,0.2454693789683686,0.6860191975595132,0,probability_up,29
reg__basic__linear,reg,basic,59,0.6101694915254238,0.6086206896551725,0.6060957910014514,0.625,0.5172413793103449,0.5660377358490566,0.6,0.7,0.6461538461538462,15,21,9,14,29,30,24,35,0.5,0.6162424330444732,0.6282316088960338,0.6333333333333333,,,0,uncalibrated_return_rank_score,29
reg__basic__xgb,reg,basic,59,0.559322033898305,0.5620689655172414,0.5488235294117647,0.5384615384615384,0.7241379310344828,0.6176470588235294,0.6,0.4,0.48,21,12,18,8,29,30,39,20,0.5,0.5731203309936862,0.5961461252806042,0.5678160919540229,,,0,uncalibrated_return_rank_score,29
reg__basic__forest,reg,basic,59,0.4745762711864407,0.4770114942528736,0.46473514779045944,0.47368421052631576,0.6206896551724138,0.5373134328358209,0.47619047619047616,0.3333333333333333,0.39215686274509803,18,10,20,11,29,30,38,21,0.5,0.550037375369157,0.5277696397014012,0.5,,,0,uncalibrated_return_rank_score,29
reg__basic__equal_ensemble,reg,basic,59,0.576271186440678,0.5758620689655172,0.5757837215990796,0.5714285714285714,0.5517241379310345,0.5614035087719298,0.5806451612903226,0.6,0.5901639344262295,16,18,12,13,29,30,28,31,0.5,0.6033128175110111,0.6247874427531523,0.6011494252873563,,,0,uncalibrated_return_rank_score,29
reg__direction_core__linear,reg,direction_core,59,0.6101694915254238,0.6086206896551725,0.6060957910014514,0.625,0.5172413793103449,0.5660377358490566,0.6,0.7,0.6461538461538462,15,21,9,14,29,30,24,35,0.5,0.6082719343792218,0.6340011890999464,0.632183908045977,,,0,uncalibrated_return_rank_score,29
reg__direction_core__xgb,reg,direction_core,59,0.559322033898305,0.5620689655172414,0.5488235294117647,0.5384615384615384,0.7241379310344828,0.6176470588235294,0.6,0.4,0.48,21,12,18,8,29,30,39,20,0.5,0.5929744172366038,0.5821338512442167,0.5747126436781609,,,0,uncalibrated_return_rank_score,29
reg__direction_core__forest,reg,direction_core,59,0.5084745762711864,0.5103448275862069,0.5033381712626996,0.5,0.6206896551724138,0.5538461538461539,0.5217391304347826,0.4,0.4528301886792453,18,12,18,11,29,30,36,23,0.5,0.558675835747628,0.538766242149833,0.5091954022988505,,,0,uncalibrated_return_rank_score,29
reg__direction_core__equal_ensemble,reg,direction_core,59,0.559322033898305,0.5591954022988506,0.5591954022988506,0.5517241379310345,0.5517241379310345,0.5517241379310345,0.5666666666666667,0.5666666666666667,0.5666666666666667,16,17,13,13,29,30,29,30,0.5,0.6128324535482408,0.6301309258006322,0.6045977011494252,,,0,uncalibrated_return_rank_score,29
reg__engineered_direction__linear,reg,engineered_direction,59,0.5932203389830508,0.5913793103448276,0.5874125874125874,0.6086956521739131,0.4827586206896552,0.5384615384615384,0.5833333333333334,0.7,0.6363636363636364,14,21,9,15,29,30,23,36,0.5,0.5861653780820771,0.6761631330401571,0.632183908045977,,,0,uncalibrated_return_rank_score,29
reg__engineered_direction__xgb,reg,engineered_direction,59,0.576271186440678,0.57816091954023,0.5718432510885341,0.5555555555555556,0.6896551724137931,0.6153846153846154,0.6086956521739131,0.4666666666666667,0.5283018867924528,20,14,16,9,29,30,36,23,0.5,0.5882846051084463,0.5888244548671104,0.603448275862069,,,0,uncalibrated_return_rank_score,29
reg__engineered_direction__forest,reg,engineered_direction,59,0.4745762711864407,0.4770114942528736,0.46473514779045944,0.47368421052631576,0.6206896551724138,0.5373134328358209,0.47619047619047616,0.3333333333333333,0.39215686274509803,18,10,20,11,29,30,38,21,0.5,0.5735766154259797,0.5332064219342773,0.5149425287356322,,,0,uncalibrated_return_rank_score,29
reg__engineered_direction__equal_ensemble,reg,engineered_direction,59,0.576271186440678,0.5758620689655172,0.5757837215990796,0.5714285714285714,0.5517241379310345,0.5614035087719298,0.5806451612903226,0.6,0.5901639344262295,16,18,12,13,29,30,28,31,0.5,0.5780204635893663,0.6574266030567116,0.6160919540229884,,,0,uncalibrated_return_rank_score,29
selected_direction,class,basic,59,0.5932203389830508,0.5982758620689655,0.556390977443609,0.5531914893617021,0.896551724137931,0.6842105263157895,0.75,0.3,0.42857142857142855,26,9,21,3,29,30,47,12,0.4,0.5286256493556148,0.5794946836074664,0.5333333333333333,0.25456721656903325,0.7025969790627125,0,probability_up,29
selected_return,reg,direction_core,59,0.559322033898305,0.5620689655172414,0.5488235294117647,0.5384615384615384,0.7241379310344828,0.6176470588235294,0.6,0.4,0.48,21,12,18,8,29,30,39,20,0.5,0.5929744172366038,0.5821338512442167,0.5747126436781609,,,0,uncalibrated_return_rank_score,29
baseline_monthly_return,reg,previous,59,0.6779661016949152,0.6793103448275861,0.6764790764790765,0.6470588235294118,0.7586206896551724,0.6984126984126984,0.72,0.6,0.6545454545454545,22,18,12,7,29,30,34,25,0.5,0.6995489256452746,0.7432025552321769,0.7149425287356322,,,0,uncalibrated_return_rank_score,29
baseline_paper_return,reg,previous,59,0.5423728813559322,0.5413793103448276,0.5402597402597402,0.5384615384615384,0.4827586206896552,0.509090909090909,0.5454545454545454,0.6,0.5714285714285714,14,18,12,15,29,30,26,33,0.5,0.5419067351825858,0.5842121038150274,0.5379310344827586,,,0,uncalibrated_return_rank_score,29
baseline_mean_return,reg,previous,59,0.4915254237288136,0.5,0.32954545454545453,0.4915254237288136,1.0,0.6590909090909091,0.0,0.0,0.0,29,0,30,0,29,30,59,0,0.5,0.4536203468798224,0.48232958537192344,0.45114942528735635,,,0,uncalibrated_return_rank_score,29
baseline_zero_return,reg,previous,59,0.4915254237288136,0.5,0.32954545454545453,0.4915254237288136,1.0,0.6590909090909091,0.0,0.0,0.0,29,0,30,0,29,30,59,0,0.5,0.4915254237288136,0.5084745762711864,0.5,,,0,uncalibrated_return_rank_score,29
baseline_majority,baseline,previous,59,0.5084745762711864,0.5,0.33707865168539325,0.0,0.0,0.0,0.5084745762711864,1.0,0.6741573033707865,0,30,0,29,29,30,0,59,0.5,0.44967296868733864,0.4708619477131895,0.44080459770114944,0.250233291036021,0.6936144627812881,0,probability_up,29
always_up,baseline,previous,59,0.4915254237288136,0.5,0.32954545454545453,0.4915254237288136,1.0,0.6590909090909091,0.0,0.0,0.0,29,0,30,0,29,30,59,0,0.5,0.4915254237288136,0.5084745762711864,0.5,0.5084745762711864,18.327281384296857,0,probability_up,29
always_down,baseline,previous,59,0.5084745762711864,0.5,0.33707865168539325,0.0,0.0,0.0,0.5084745762711864,1.0,0.6741573033707865,0,30,0,29,29,30,0,59,0.5,0.4915254237288136,0.5084745762711864,0.5,0.4915254237288136,17.716372004820297,0,probability_up,29
