model,task,group,rows,accuracy,balanced_accuracy,macro_f1,up_precision,up_recall,up_f1,down_precision,down_recall,down_f1,tp,tn,fp,fn,support_up,support_down,predicted_up,predicted_down,threshold,pr_auc_up,pr_auc_down,roc_auc,brier,log_loss,excluded_neutral_rows,score_type,offset
class__basic__linear,class,basic,61,0.5409836065573771,0.5414870689655172,0.5408602150537634,0.5666666666666667,0.53125,0.5483870967741935,0.5161290322580645,0.5517241379310345,0.5333333333333333,17,16,13,15,32,29,30,31,0.5000000000000001,0.5703643266465265,0.5814662943762656,0.5441810344827587,0.24978949015393456,0.6921339527748718,0,probability_up,0
class__basic__xgb,class,basic,61,0.5409836065573771,0.5431034482758621,0.5408602150537634,0.5714285714285714,0.5,0.5333333333333333,0.5151515151515151,0.5862068965517241,0.5483870967741935,16,17,12,16,32,29,28,33,0.5000000000000001,0.5759673146384294,0.5827633297655616,0.5560344827586207,0.24950871808831593,0.6921256022480452,0,probability_up,0
class__basic__forest,class,basic,61,0.5901639344262295,0.5915948275862069,0.5901639344262295,0.6206896551724138,0.5625,0.5901639344262295,0.5625,0.6206896551724138,0.5901639344262295,18,18,11,14,32,29,29,32,0.5000000000000001,0.6028905315649767,0.629985055193162,0.6260775862068966,0.24154714393086651,0.6765505420200015,0,probability_up,0
class__basic__equal_ensemble,class,basic,61,0.5573770491803278,0.5603448275862069,0.5569007263922519,0.5925925925925926,0.5,0.5423728813559322,0.5294117647058824,0.6206896551724138,0.5714285714285714,16,18,11,16,32,29,27,34,0.5000000000000001,0.580306521964087,0.6193099777191131,0.5797413793103449,0.24518132473195672,0.6831848684550288,0,probability_up,0
class__direction_core__linear,class,direction_core,61,0.5737704918032787,0.5792025862068966,0.5708874458874459,0.625,0.46875,0.5357142857142857,0.5405405405405406,0.6896551724137931,0.6060606060606061,15,20,9,17,32,29,24,37,0.5250000000000001,0.6007848297245705,0.6088175972926788,0.6185344827586207,0.24969558562840688,0.7001012654732909,0,probability_up,0
class__direction_core__xgb,class,direction_core,61,0.5737704918032787,0.5711206896551724,0.5708874458874459,0.5882352941176471,0.625,0.6060606060606061,0.5555555555555556,0.5172413793103449,0.5357142857142857,20,15,14,12,32,29,34,27,0.5000000000000001,0.5737131485480301,0.595818348858386,0.5754310344827586,0.2458015148754032,0.6849311575636989,0,probability_up,0
class__direction_core__forest,class,direction_core,61,0.5245901639344263,0.5210129310344828,0.5199457259158752,0.5428571428571428,0.59375,0.5671641791044776,0.5,0.4482758620689655,0.4727272727272727,19,13,16,13,32,29,35,26,0.5000000000000001,0.5862760466289312,0.5745448387421803,0.5581896551724138,0.24778607933943822,0.6885395547375454,0,probability_up,0
class__direction_core__equal_ensemble,class,direction_core,61,0.5245901639344263,0.5307112068965517,0.5199457259158752,0.5652173913043478,0.40625,0.4727272727272727,0.5,0.6551724137931034,0.5671641791044776,13,19,10,19,32,29,23,38,0.5250000000000001,0.5816213662837162,0.5929455450107086,0.59375,0.24553093284181424,0.685125391507702,0,probability_up,0
class__price_direction__linear,class,price_direction,61,0.5737704918032787,0.5743534482758621,0.5736559139784947,0.6,0.5625,0.5806451612903226,0.5483870967741935,0.5862068965517241,0.5666666666666667,18,17,12,14,32,29,30,31,0.4750000000000001,0.6044617504889039,0.5789113892311863,0.603448275862069,0.24897527175176812,0.6949538807025493,0,probability_up,0
class__price_direction__xgb,class,price_direction,61,0.5573770491803278,0.5635775862068966,0.5530529172320217,0.6086956521739131,0.4375,0.509090909090909,0.5263157894736842,0.6896551724137931,0.5970149253731343,14,20,9,18,32,29,23,38,0.5250000000000001,0.6535248462314874,0.5437640210139443,0.5991379310344828,0.24588927722928466,0.6856336575954207,0,probability_up,0
class__price_direction__forest,class,price_direction,61,0.5409836065573771,0.5495689655172413,0.5307692307692308,0.6,0.375,0.46153846153846156,0.5121951219512195,0.7241379310344828,0.6,12,21,8,20,32,29,20,41,0.5750000000000002,0.5657012517106912,0.5519065806624712,0.5506465517241379,0.2587914635969248,0.7137057523546623,0,probability_up,0
class__price_direction__equal_ensemble,class,price_direction,61,0.5573770491803278,0.5651939655172413,0.549630844954881,0.6190476190476191,0.40625,0.49056603773584906,0.525,0.7241379310344828,0.6086956521739131,13,21,8,19,32,29,21,40,0.5250000000000001,0.6115738234132991,0.6059780457196388,0.5969827586206896,0.2472775161588569,0.6878543960213291,0,probability_up,0
class__cot_direction__linear,class,cot_direction,61,0.5245901639344263,0.5226293103448276,0.5225371120107962,0.5454545454545454,0.5625,0.5538461538461539,0.5,0.4827586206896552,0.49122807017543857,18,14,15,14,32,29,33,28,0.45000000000000007,0.589269644372484,0.5337797009298353,0.5635775862068965,0.264065879914753,0.7352925570341944,0,probability_up,0
class__cot_direction__xgb,class,cot_direction,61,0.5409836065573771,0.5366379310344828,0.5348583877995643,0.5555555555555556,0.625,0.5882352941176471,0.52,0.4482758620689655,0.48148148148148145,20,13,16,12,32,29,36,25,0.4750000000000001,0.6201047989974554,0.5884369710309021,0.5818965517241379,0.24311034889812747,0.6786024048462351,0,probability_up,0
class__cot_direction__forest,class,cot_direction,61,0.5901639344262295,0.5915948275862069,0.5901639344262295,0.6206896551724138,0.5625,0.5901639344262295,0.5625,0.6206896551724138,0.5901639344262295,18,18,11,14,32,29,29,32,0.5250000000000001,0.6419873107524678,0.5798309127678504,0.6174568965517242,0.24169691343252273,0.6779412168055174,0,probability_up,0
class__cot_direction__equal_ensemble,class,cot_direction,61,0.5573770491803278,0.5554956896551724,0.5554655870445344,0.5757575757575758,0.59375,0.5846153846153846,0.5357142857142857,0.5172413793103449,0.5263157894736842,19,15,14,13,32,29,33,28,0.45000000000000007,0.6079627985625938,0.5940511274882735,0.6002155172413793,0.24419371509295854,0.681511685498412,0,probability_up,0
class__weather_direction__linear,class,weather_direction,61,0.47540983606557374,0.4838362068965517,0.46373626373626375,0.5,0.3125,0.38461538461538464,0.4634146341463415,0.6551724137931034,0.5428571428571428,10,19,10,22,32,29,20,41,0.5250000000000001,0.5226638983024323,0.593651909435319,0.5247844827586207,0.2799250192279768,0.7643113281843241,0,probability_up,0
class__weather_direction__xgb,class,weather_direction,61,0.5409836065573771,0.5301724137931034,0.511441647597254,0.5454545454545454,0.75,0.631578947368421,0.5294117647058824,0.3103448275862069,0.391304347826087,24,9,20,8,32,29,44,17,0.42500000000000004,0.5256375063565623,0.6073155037077459,0.5377155172413793,0.25745856486865654,0.7096398835740451,0,probability_up,0
class__weather_direction__forest,class,weather_direction,61,0.5245901639344263,0.5242456896551724,0.524078557976863,0.5483870967741935,0.53125,0.5396825396825397,0.5,0.5172413793103449,0.5084745762711864,17,15,14,15,32,29,31,30,0.4750000000000001,0.5283621126362917,0.5472724633808972,0.5355603448275863,0.26145442234698235,0.7192184537200113,0,probability_up,0
class__weather_direction__equal_ensemble,class,weather_direction,61,0.5081967213114754,0.5070043103448276,0.5070043103448276,0.53125,0.53125,0.53125,0.4827586206896552,0.4827586206896552,0.4827586206896552,17,14,15,15,32,29,32,29,0.4750000000000001,0.5083257917451661,0.6055452787809171,0.5172413793103448,0.26078264489575337,0.7159582452846375,0,probability_up,0
class__engineered_direction__linear,class,engineered_direction,61,0.5573770491803278,0.5603448275862069,0.5569007263922519,0.5925925925925926,0.5,0.5423728813559322,0.5294117647058824,0.6206896551724138,0.5714285714285714,16,18,11,16,32,29,27,34,0.35,0.5705684724480403,0.6240816444243329,0.5862068965517241,0.31255146737269585,0.8704619442897993,0,probability_up,0
class__engineered_direction__xgb,class,engineered_direction,61,0.5737704918032787,0.5598060344827587,0.5279761904761905,0.5625,0.84375,0.675,0.6153846153846154,0.27586206896551724,0.38095238095238093,27,8,21,5,32,29,48,13,0.45000000000000007,0.5217982601623262,0.5963476671365854,0.5204741379310345,0.2493213339361889,0.6918263764274575,0,probability_up,0
class__engineered_direction__forest,class,engineered_direction,61,0.5409836065573771,0.5350215517241379,0.5307692307692308,0.5526315789473685,0.65625,0.6,0.5217391304347826,0.41379310344827586,0.46153846153846156,21,12,17,11,32,29,38,23,0.4750000000000001,0.5753010364550593,0.6266899991034086,0.5625,0.246112374500327,0.6846572618983033,0,probability_up,0
class__engineered_direction__equal_ensemble,class,engineered_direction,61,0.5573770491803278,0.5506465517241379,0.5451532725766363,0.5641025641025641,0.6875,0.6197183098591549,0.5454545454545454,0.41379310344827586,0.47058823529411764,22,12,17,10,32,29,39,22,0.4,0.560943931559985,0.6424158470952234,0.5818965517241379,0.2546718050580498,0.7020393921046594,0,probability_up,0
reg__basic__linear,reg,basic,61,0.5573770491803278,0.5490301724137931,0.5395582890690522,0.5609756097560976,0.71875,0.6301369863013698,0.55,0.3793103448275862,0.4489795918367347,23,11,18,9,32,29,41,20,0.5,0.5821130534086348,0.6053553303159275,0.5765086206896552,,,0,uncalibrated_return_rank_score,0
reg__basic__xgb,reg,basic,61,0.5573770491803278,0.5457974137931034,0.5246753246753246,0.5555555555555556,0.78125,0.6493506493506493,0.5625,0.3103448275862069,0.4,25,9,20,7,32,29,45,16,0.5,0.6078396315115687,0.6282169954317594,0.5915948275862069,,,0,uncalibrated_return_rank_score,0
reg__basic__forest,reg,basic,61,0.5081967213114754,0.5021551724137931,0.49725274725274726,0.5263157894736842,0.625,0.5714285714285714,0.4782608695652174,0.3793103448275862,0.4230769230769231,20,11,18,12,32,29,38,23,0.5,0.5751188023185267,0.6275206935712875,0.5668103448275862,,,0,uncalibrated_return_rank_score,0
reg__basic__equal_ensemble,reg,basic,61,0.5081967213114754,0.4989224137931034,0.4847972972972973,0.5238095238095238,0.6875,0.5945945945945946,0.47368421052631576,0.3103448275862069,0.375,22,9,20,10,32,29,42,19,0.5,0.5917870574567536,0.6224873083834032,0.584051724137931,,,0,uncalibrated_return_rank_score,0
reg__direction_core__linear,reg,direction_core,61,0.5409836065573771,0.5382543103448276,0.5378787878787878,0.5588235294117647,0.59375,0.5757575757575758,0.5185185185185185,0.4827586206896552,0.5,19,14,15,13,32,29,34,27,0.5,0.5676401262046887,0.5948234183231904,0.5711206896551724,,,0,uncalibrated_return_rank_score,0
reg__direction_core__xgb,reg,direction_core,61,0.5573770491803278,0.5425646551724138,0.5040650406504065,0.5510204081632653,0.84375,0.6666666666666666,0.5833333333333334,0.2413793103448276,0.34146341463414637,27,7,22,5,32,29,49,12,0.5,0.5299681487956314,0.6024878633142449,0.5441810344827586,,,0,uncalibrated_return_rank_score,0
reg__direction_core__forest,reg,direction_core,61,0.6065573770491803,0.5926724137931034,0.5642857142857143,0.5833333333333334,0.875,0.7,0.6923076923076923,0.3103448275862069,0.42857142857142855,28,9,20,4,32,29,48,13,0.5,0.5430622486561832,0.6294662705892282,0.5484913793103449,,,0,uncalibrated_return_rank_score,0
reg__direction_core__equal_ensemble,reg,direction_core,61,0.5737704918032787,0.5630387931034483,0.5463386727688787,0.5681818181818182,0.78125,0.6578947368421053,0.5882352941176471,0.3448275862068966,0.43478260869565216,25,10,19,7,32,29,44,17,0.5,0.551478977465762,0.6098457950016204,0.5635775862068966,,,0,uncalibrated_return_rank_score,0
reg__price_direction__linear,reg,price_direction,61,0.5409836065573771,0.5398706896551724,0.5398706896551724,0.5625,0.5625,0.5625,0.5172413793103449,0.5172413793103449,0.5172413793103449,18,15,14,14,32,29,32,29,0.5,0.6107277981657538,0.607896983028734,0.6077586206896551,,,0,uncalibrated_return_rank_score,0
reg__price_direction__xgb,reg,price_direction,61,0.4918032786885246,0.4816810344827586,0.46354609929078017,0.5116279069767442,0.6875,0.5866666666666667,0.4444444444444444,0.27586206896551724,0.3404255319148936,22,8,21,10,32,29,43,18,0.5,0.5956912955470148,0.5504504312584398,0.5355603448275862,,,0,uncalibrated_return_rank_score,0
reg__price_direction__forest,reg,price_direction,61,0.5081967213114754,0.5070043103448276,0.5070043103448276,0.53125,0.53125,0.53125,0.4827586206896552,0.4827586206896552,0.4827586206896552,17,14,15,15,32,29,32,29,0.5,0.5590227772907788,0.5860382206227572,0.5387931034482759,,,0,uncalibrated_return_rank_score,0
reg__price_direction__equal_ensemble,reg,price_direction,61,0.5081967213114754,0.5021551724137931,0.49725274725274726,0.5263157894736842,0.625,0.5714285714285714,0.4782608695652174,0.3793103448275862,0.4230769230769231,20,11,18,12,32,29,38,23,0.5,0.5852616584927467,0.611855430371585,0.5732758620689655,,,0,uncalibrated_return_rank_score,0
reg__cot_direction__linear,reg,cot_direction,61,0.5081967213114754,0.5102370689655172,0.5080645161290323,0.5357142857142857,0.46875,0.5,0.48484848484848486,0.5517241379310345,0.5161290322580645,15,16,13,17,32,29,28,33,0.5,0.5910639901240039,0.5602811885141872,0.5614224137931034,,,0,uncalibrated_return_rank_score,0
reg__cot_direction__xgb,reg,cot_direction,61,0.5573770491803278,0.5457974137931034,0.5246753246753246,0.5555555555555556,0.78125,0.6493506493506493,0.5625,0.3103448275862069,0.4,25,9,20,7,32,29,45,16,0.5,0.5807453688825259,0.6116722571541371,0.5765086206896552,,,0,uncalibrated_return_rank_score,0
reg__cot_direction__forest,reg,cot_direction,61,0.5409836065573771,0.5334051724137931,0.5255555555555556,0.55,0.6875,0.6111111111111112,0.5238095238095238,0.3793103448275862,0.44,22,11,18,10,32,29,40,21,0.5,0.5584983273759543,0.5875929101292144,0.5549568965517242,,,0,uncalibrated_return_rank_score,0
reg__cot_direction__equal_ensemble,reg,cot_direction,61,0.5901639344262295,0.5883620689655172,0.5883940620782726,0.6060606060606061,0.625,0.6153846153846154,0.5714285714285714,0.5517241379310345,0.5614035087719298,20,16,13,12,32,29,33,28,0.5,0.5809056341830985,0.6058890143344707,0.5765086206896552,,,0,uncalibrated_return_rank_score,0
reg__weather_direction__linear,reg,weather_direction,61,0.5573770491803278,0.5538793103448276,0.5530529172320217,0.5714285714285714,0.625,0.5970149253731343,0.5384615384615384,0.4827586206896552,0.509090909090909,20,14,15,12,32,29,35,26,0.5,0.5702098351581876,0.6269918153548688,0.5754310344827587,,,0,uncalibrated_return_rank_score,0
reg__weather_direction__xgb,reg,weather_direction,61,0.5573770491803278,0.5506465517241379,0.5451532725766363,0.5641025641025641,0.6875,0.6197183098591549,0.5454545454545454,0.41379310344827586,0.47058823529411764,22,12,17,10,32,29,39,22,0.5,0.563130426993852,0.6052521049744007,0.5668103448275862,,,0,uncalibrated_return_rank_score,0
reg__weather_direction__forest,reg,weather_direction,61,0.5573770491803278,0.5506465517241379,0.5451532725766363,0.5641025641025641,0.6875,0.6197183098591549,0.5454545454545454,0.41379310344827586,0.47058823529411764,22,12,17,10,32,29,39,22,0.5,0.5421540400724886,0.5481895361272824,0.5387931034482759,,,0,uncalibrated_return_rank_score,0
reg__weather_direction__equal_ensemble,reg,weather_direction,61,0.5573770491803278,0.5506465517241379,0.5451532725766363,0.5641025641025641,0.6875,0.6197183098591549,0.5454545454545454,0.41379310344827586,0.47058823529411764,22,12,17,10,32,29,39,22,0.5,0.5370641295659029,0.5957027608719861,0.550646551724138,,,0,uncalibrated_return_rank_score,0
reg__engineered_direction__linear,reg,engineered_direction,61,0.5573770491803278,0.5587284482758621,0.5573770491803278,0.5862068965517241,0.53125,0.5573770491803278,0.53125,0.5862068965517241,0.5573770491803278,17,17,12,15,32,29,29,32,0.5,0.6002515769332929,0.6259645731989942,0.6077586206896551,,,0,uncalibrated_return_rank_score,0
reg__engineered_direction__xgb,reg,engineered_direction,61,0.6229508196721312,0.6131465517241379,0.6019858156028368,0.6046511627906976,0.8125,0.6933333333333334,0.6666666666666666,0.41379310344827586,0.5106382978723404,26,12,17,6,32,29,43,18,0.5,0.5497111167843194,0.6317484254057353,0.5678879310344828,,,0,uncalibrated_return_rank_score,0
reg__engineered_direction__forest,reg,engineered_direction,61,0.5573770491803278,0.5506465517241379,0.5451532725766363,0.5641025641025641,0.6875,0.6197183098591549,0.5454545454545454,0.41379310344827586,0.47058823529411764,22,12,17,10,32,29,39,22,0.5,0.5349589967929381,0.6196749809510407,0.5431034482758621,,,0,uncalibrated_return_rank_score,0
reg__engineered_direction__equal_ensemble,reg,engineered_direction,61,0.5901639344262295,0.5883620689655172,0.5883940620782726,0.6060606060606061,0.625,0.6153846153846154,0.5714285714285714,0.5517241379310345,0.5614035087719298,20,16,13,12,32,29,33,28,0.5,0.5562788723273949,0.6372216992580702,0.5797413793103449,,,0,uncalibrated_return_rank_score,0
selected_direction,class,weather_direction,61,0.5081967213114754,0.5070043103448276,0.5070043103448276,0.53125,0.53125,0.53125,0.4827586206896552,0.4827586206896552,0.4827586206896552,17,14,15,15,32,29,32,29,0.4750000000000001,0.5083257917451661,0.6055452787809171,0.5172413793103448,0.26078264489575337,0.7159582452846375,0,probability_up,0
selected_return,reg,basic,61,0.5573770491803278,0.5457974137931034,0.5246753246753246,0.5555555555555556,0.78125,0.6493506493506493,0.5625,0.3103448275862069,0.4,25,9,20,7,32,29,45,16,0.5,0.6078396315115687,0.6282169954317594,0.5915948275862069,,,0,uncalibrated_return_rank_score,0
baseline_monthly_return,reg,previous,61,0.5245901639344263,0.5177801724137931,0.5114609223971278,0.5384615384615384,0.65625,0.5915492957746479,0.5,0.3793103448275862,0.43137254901960786,21,11,18,11,32,29,39,22,0.5,0.5838661409130802,0.5707581721980174,0.5183189655172413,,,0,uncalibrated_return_rank_score,0
baseline_paper_return,reg,previous,61,0.5737704918032787,0.5743534482758621,0.5736559139784947,0.6,0.5625,0.5806451612903226,0.5483870967741935,0.5862068965517241,0.5666666666666667,18,17,12,14,32,29,30,31,0.5,0.5162926766610065,0.5677013147667841,0.5258620689655172,,,0,uncalibrated_return_rank_score,0
baseline_mean_return,reg,previous,61,0.5245901639344263,0.5,0.34408602150537637,0.5245901639344263,1.0,0.6881720430107527,0.0,0.0,0.0,32,0,29,0,32,29,61,0,0.5,0.5413537667252417,0.46590311464274997,0.48653017241379304,,,0,uncalibrated_return_rank_score,0
baseline_zero_return,reg,previous,61,0.5245901639344263,0.5,0.34408602150537637,0.5245901639344263,1.0,0.6881720430107527,0.0,0.0,0.0,32,0,29,0,32,29,61,0,0.5,0.5245901639344263,0.47540983606557374,0.5,,,0,uncalibrated_return_rank_score,0
baseline_majority,baseline,previous,61,0.47540983606557374,0.5,0.32222222222222224,0.0,0.0,0.0,0.47540983606557374,1.0,0.6444444444444445,0,29,0,32,32,29,0,61,0.5,0.49644234607002835,0.45107816585992677,0.4617456896551724,0.25124034773541676,0.6956292483246118,0,probability_up,0
always_up,baseline,previous,61,0.5245901639344263,0.5,0.34408602150537637,0.5245901639344263,1.0,0.6881720430107527,0.0,0.0,0.0,32,0,29,0,32,29,61,0,0.5,0.5245901639344263,0.47540983606557374,0.5,0.47540983606557374,17.13550734892455,0,probability_up,0
always_down,baseline,previous,61,0.47540983606557374,0.5,0.32222222222222224,0.0,0.0,0.0,0.47540983606557374,1.0,0.6444444444444445,0,29,0,32,32,29,0,61,0.5,0.5245901639344263,0.47540983606557374,0.5,0.5245901639344263,18.90814604019261,0,probability_up,0
class__basic__linear,class,basic,61,0.5573770491803278,0.5584415584415584,0.5569007263922519,0.6,0.5454545454545454,0.5714285714285714,0.5161290322580645,0.5714285714285714,0.5423728813559322,18,16,12,15,33,28,30,31,0.5000000000000001,0.5835092902282568,0.5768322315124269,0.5497835497835497,0.24872734140466973,0.6900055090830812,0,probability_up,1
class__basic__xgb,class,basic,61,0.5245901639344263,0.5281385281385281,0.5245901639344263,0.5714285714285714,0.48484848484848486,0.5245901639344263,0.48484848484848486,0.5714285714285714,0.5245901639344263,16,16,12,17,33,28,28,33,0.5000000000000001,0.585617483716017,0.5821505555090898,0.5551948051948052,0.24985935867011275,0.6927468495449056,0,probability_up,1
class__basic__forest,class,basic,61,0.5737704918032787,0.5762987012987013,0.5736559139784947,0.6206896551724138,0.5454545454545454,0.5806451612903226,0.53125,0.6071428571428571,0.5666666666666667,18,17,11,15,33,28,29,32,0.5000000000000001,0.6045067841388181,0.6168192994662031,0.6179653679653679,0.24310997016695163,0.6797468726402519,0,probability_up,1
class__basic__equal_ensemble,class,basic,61,0.5245901639344263,0.5281385281385281,0.5245901639344263,0.5714285714285714,0.48484848484848486,0.5245901639344263,0.48484848484848486,0.5714285714285714,0.5245901639344263,16,16,12,17,33,28,28,33,0.5000000000000001,0.5904923266559596,0.6140346642759167,0.5800865800865802,0.2455423798781935,0.6839011822881542,0,probability_up,1
class__direction_core__linear,class,direction_core,61,0.5409836065573771,0.5487012987012987,0.5398706896551724,0.6,0.45454545454545453,0.5172413793103449,0.5,0.6428571428571429,0.5625,15,18,10,18,33,28,25,36,0.5250000000000001,0.6072240986197678,0.5999771419355354,0.6136363636363636,0.2509610807514503,0.7025498869322636,0,probability_up,1
class__direction_core__xgb,class,direction_core,61,0.6065573770491803,0.6038961038961039,0.6038961038961039,0.6363636363636364,0.6363636363636364,0.6363636363636364,0.5714285714285714,0.5714285714285714,0.5714285714285714,21,16,12,12,33,28,33,28,0.5000000000000001,0.5919816338508791,0.59456470274015,0.5887445887445887,0.24449289936984675,0.6823203703348163,0,probability_up,1
class__direction_core__forest,class,direction_core,61,0.5409836065573771,0.5351731601731602,0.5348583877995643,0.5714285714285714,0.6060606060606061,0.5882352941176471,0.5,0.4642857142857143,0.48148148148148145,20,13,15,13,33,28,35,26,0.5000000000000001,0.6156060350466952,0.5780342024280779,0.5800865800865801,0.24531220685221217,0.6835181001426017,0,probability_up,1
class__direction_core__equal_ensemble,class,direction_core,61,0.5409836065573771,0.5514069264069265,0.5378787878787878,0.6086956521739131,0.42424242424242425,0.5,0.5,0.6785714285714286,0.5757575757575758,14,19,9,19,33,28,23,38,0.5250000000000001,0.6011972498617428,0.5890979644789863,0.6038961038961039,0.2446636713242907,0.6833684129845679,0,probability_up,1
class__price_direction__linear,class,price_direction,61,0.5901639344262295,0.5914502164502164,0.5897228948076405,0.6333333333333333,0.5757575757575758,0.6031746031746031,0.5483870967741935,0.6071428571428571,0.576271186440678,19,17,11,14,33,28,30,31,0.4750000000000001,0.6211895514988949,0.575069410762048,0.6136363636363636,0.24804423462808348,0.6935440071193398,0,probability_up,1
class__price_direction__xgb,class,price_direction,61,0.5245901639344263,0.5335497835497836,0.5225371120107962,0.5833333333333334,0.42424242424242425,0.49122807017543857,0.4864864864864865,0.6428571428571429,0.5538461538461539,14,18,10,19,33,28,24,37,0.5250000000000001,0.65640322357656,0.5239763269241029,0.5876623376623377,0.2477072539914049,0.6893641970719013,0,probability_up,1
class__price_direction__forest,class,price_direction,61,0.5245901639344263,0.538961038961039,0.5162701668033908,0.6,0.36363636363636365,0.4528301886792453,0.4878048780487805,0.7142857142857143,0.5797101449275363,12,20,8,21,33,28,20,41,0.5750000000000002,0.5675764049697218,0.5303572616188773,0.5357142857142857,0.2636012122929044,0.7239249772688922,0,probability_up,1
class__price_direction__equal_ensemble,class,price_direction,61,0.5245901639344263,0.5362554112554112,0.5199457259158752,0.5909090909090909,0.3939393939393939,0.4727272727272727,0.48717948717948717,0.6785714285714286,0.5671641791044776,13,19,9,20,33,28,22,39,0.5250000000000001,0.6165793514555554,0.5891189189118448,0.5876623376623377,0.2492233084260919,0.6920147428907899,0,probability_up,1
class__cot_direction__linear,class,cot_direction,61,0.5245901639344263,0.520021645021645,0.5199457259158752,0.5588235294117647,0.5757575757575758,0.5671641791044776,0.48148148148148145,0.4642857142857143,0.4727272727272727,19,13,15,14,33,28,34,27,0.45000000000000007,0.5989133057213212,0.5218520495599865,0.5616883116883117,0.2645558026056411,0.7361365994466729,0,probability_up,1
class__cot_direction__xgb,class,cot_direction,61,0.5409836065573771,0.5324675324675324,0.5307692307692308,0.5675675675675675,0.6363636363636364,0.6,0.5,0.42857142857142855,0.46153846153846156,21,12,16,12,33,28,37,24,0.4750000000000001,0.655341836631423,0.5897074581824103,0.6060606060606061,0.2392728895615937,0.6707165971298581,0,probability_up,1
class__cot_direction__forest,class,cot_direction,61,0.6065573770491803,0.6093073593073594,0.6064516129032258,0.6551724137931034,0.5757575757575758,0.6129032258064516,0.5625,0.6428571428571429,0.6,19,18,10,14,33,28,29,32,0.5250000000000001,0.6471592266523635,0.5785829344976993,0.6320346320346321,0.23758568256401383,0.6696557937026669,0,probability_up,1
class__cot_direction__equal_ensemble,class,cot_direction,61,0.5901639344262295,0.586038961038961,0.5861601085481682,0.6176470588235294,0.6363636363636364,0.6268656716417911,0.5555555555555556,0.5357142857142857,0.5454545454545454,21,15,13,12,33,28,34,27,0.45000000000000007,0.6301437985876254,0.5931852777983065,0.6168831168831169,0.2417175630486838,0.6765687060973881,0,probability_up,1
class__weather_direction__linear,class,weather_direction,61,0.5081967213114754,0.5211038961038961,0.5016339869281046,0.5714285714285714,0.36363636363636365,0.4444444444444444,0.475,0.6785714285714286,0.5588235294117647,12,19,9,21,33,28,21,40,0.5250000000000001,0.5441857770052814,0.5937925380827265,0.5422077922077922,0.2768590429070502,0.7590393259168885,0,probability_up,1
class__weather_direction__xgb,class,weather_direction,61,0.5573770491803278,0.5395021645021645,0.5246753246753246,0.5681818181818182,0.7575757575757576,0.6493506493506493,0.5294117647058824,0.32142857142857145,0.4,25,9,19,8,33,28,44,17,0.42500000000000004,0.5344103795111341,0.6023308161420208,0.5313852813852813,0.2585094001607236,0.711719780950046,0,probability_up,1
class__weather_direction__forest,class,weather_direction,61,0.5081967213114754,0.5075757575757576,0.5070043103448276,0.5483870967741935,0.5151515151515151,0.53125,0.4666666666666667,0.5,0.4827586206896552,17,14,14,16,33,28,31,30,0.4750000000000001,0.5348896435013144,0.5382423142966739,0.527056277056277,0.26400117991600996,0.7242527489534164,0,probability_up,1
class__weather_direction__equal_ensemble,class,weather_direction,61,0.5245901639344263,0.5227272727272727,0.5225371120107962,0.5625,0.5454545454545454,0.5538461538461539,0.4827586206896552,0.5,0.49122807017543857,18,14,14,15,33,28,32,29,0.4750000000000001,0.5231485139178574,0.6013035634319773,0.5216450216450217,0.26090164121369047,0.716180967462612,0,probability_up,1
class__engineered_direction__linear,class,engineered_direction,61,0.5409836065573771,0.545995670995671,0.5408602150537634,0.5925925925925926,0.48484848484848486,0.5333333333333333,0.5,0.6071428571428571,0.5483870967741935,16,17,11,17,33,28,27,34,0.35,0.5719595692376007,0.6078935835352116,0.5725108225108225,0.32573422306392646,0.9025317150455597,0,probability_up,1
class__engineered_direction__xgb,class,engineered_direction,61,0.5901639344262295,0.5670995670995671,0.5408009635651911,0.5833333333333334,0.8484848484848485,0.691358024691358,0.6153846153846154,0.2857142857142857,0.3902439024390244,28,8,20,5,33,28,48,13,0.45000000000000007,0.5305284365152468,0.5841486273494245,0.512987012987013,0.25008066455066125,0.6933513114171452,0,probability_up,1
class__engineered_direction__forest,class,engineered_direction,61,0.5409836065573771,0.5324675324675324,0.5307692307692308,0.5675675675675675,0.6363636363636364,0.6,0.5,0.42857142857142855,0.46153846153846156,21,12,16,12,33,28,37,24,0.4750000000000001,0.5846095847927587,0.6216295286877417,0.564935064935065,0.2456865748898408,0.6838095648548219,0,probability_up,1
class__engineered_direction__equal_ensemble,class,engineered_direction,61,0.5409836065573771,0.5297619047619048,0.5255555555555556,0.5641025641025641,0.6666666666666666,0.6111111111111112,0.5,0.39285714285714285,0.44,22,11,17,11,33,28,39,22,0.4,0.5670125443863319,0.6280801879330135,0.5703463203463204,0.25920531044317807,0.7113106948700731,0,probability_up,1
reg__basic__linear,reg,basic,61,0.5737704918032787,0.560064935064935,0.553490990990991,0.5853658536585366,0.7272727272727273,0.6486486486486487,0.55,0.39285714285714285,0.4583333333333333,24,11,17,9,33,28,41,20,0.5,0.6011628100421387,0.6051049475643414,0.5898268398268398,,,0,uncalibrated_return_rank_score,1
reg__basic__xgb,reg,basic,61,0.5737704918032787,0.5546536796536796,0.5378787878787878,0.5777777777777777,0.7878787878787878,0.6666666666666666,0.5625,0.32142857142857145,0.4090909090909091,26,9,19,7,33,28,45,16,0.5,0.6240039836460287,0.6300382545088671,0.6028138528138528,,,0,uncalibrated_return_rank_score,1
reg__basic__forest,reg,basic,61,0.5245901639344263,0.5146103896103896,0.5114609223971278,0.5526315789473685,0.6363636363636364,0.5915492957746479,0.4782608695652174,0.39285714285714285,0.43137254901960786,21,11,17,12,33,28,38,23,0.5,0.5966089983501354,0.6288533672313292,0.5833333333333333,,,0,uncalibrated_return_rank_score,1
reg__basic__equal_ensemble,reg,basic,61,0.5409836065573771,0.5270562770562771,0.5191441441441441,0.5609756097560976,0.696969696969697,0.6216216216216216,0.5,0.35714285714285715,0.4166666666666667,23,10,18,10,33,28,41,20,0.5,0.6124731373022959,0.6230123262754256,0.5974025974025974,,,0,uncalibrated_return_rank_score,1
reg__direction_core__linear,reg,direction_core,61,0.5573770491803278,0.553030303030303,0.5530529172320217,0.5882352941176471,0.6060606060606061,0.5970149253731343,0.5185185185185185,0.5,0.509090909090909,20,14,14,13,33,28,34,27,0.5,0.6017572995025738,0.5963602694305408,0.5941558441558442,,,0,uncalibrated_return_rank_score,1
reg__direction_core__xgb,reg,direction_core,61,0.5737704918032787,0.5492424242424243,0.5164634146341464,0.5714285714285714,0.8484848484848485,0.6829268292682927,0.5833333333333334,0.25,0.35,28,7,21,5,33,28,49,12,0.5,0.5552461494453449,0.5992991467911543,0.5616883116883118,,,0,uncalibrated_return_rank_score,1
reg__direction_core__forest,reg,direction_core,61,0.6229508196721312,0.6001082251082251,0.5775368864799759,0.6041666666666666,0.8787878787878788,0.7160493827160493,0.6923076923076923,0.32142857142857145,0.43902439024390244,29,9,19,4,33,28,48,13,0.5,0.5978612228070534,0.6363096491011309,0.5854978354978355,,,0,uncalibrated_return_rank_score,1
reg__direction_core__equal_ensemble,reg,direction_core,61,0.5737704918032787,0.5573593073593074,0.5463386727688787,0.5813953488372093,0.7575757575757576,0.6578947368421053,0.5555555555555556,0.35714285714285715,0.43478260869565216,25,10,18,8,33,28,43,18,0.5,0.5958681677427023,0.6148550723612922,0.5952380952380952,,,0,uncalibrated_return_rank_score,1
reg__price_direction__linear,reg,price_direction,61,0.5573770491803278,0.5557359307359307,0.5554655870445344,0.59375,0.5757575757575758,0.5846153846153846,0.5172413793103449,0.5357142857142857,0.5263157894736842,19,15,13,14,33,28,32,29,0.5,0.6286145699946503,0.6021122214274558,0.6168831168831169,,,0,uncalibrated_return_rank_score,1
reg__price_direction__xgb,reg,price_direction,61,0.4918032786885246,0.47619047619047616,0.46354609929078017,0.5238095238095238,0.6666666666666666,0.5866666666666667,0.42105263157894735,0.2857142857142857,0.3404255319148936,22,8,20,11,33,28,42,19,0.5,0.6287747482046916,0.5497368888166467,0.5573593073593074,,,0,uncalibrated_return_rank_score,1
reg__price_direction__forest,reg,price_direction,61,0.5245901639344263,0.5227272727272727,0.5225371120107962,0.5625,0.5454545454545454,0.5538461538461539,0.4827586206896552,0.5,0.49122807017543857,18,14,14,15,33,28,32,29,0.5,0.5866288795056598,0.5885320877318636,0.5606060606060607,,,0,uncalibrated_return_rank_score,1
reg__price_direction__equal_ensemble,reg,price_direction,61,0.5245901639344263,0.5146103896103896,0.5114609223971278,0.5526315789473685,0.6363636363636364,0.5915492957746479,0.4782608695652174,0.39285714285714285,0.43137254901960786,21,11,17,12,33,28,38,23,0.5,0.6111890108020461,0.6115995213815526,0.5909090909090908,,,0,uncalibrated_return_rank_score,1
reg__cot_direction__linear,reg,cot_direction,61,0.5245901639344263,0.5281385281385281,0.5245901639344263,0.5714285714285714,0.48484848484848486,0.5245901639344263,0.48484848484848486,0.5714285714285714,0.5245901639344263,16,16,12,17,33,28,28,33,0.5,0.6435114672913517,0.5657884906277285,0.5952380952380952,,,0,uncalibrated_return_rank_score,1
reg__cot_direction__xgb,reg,cot_direction,61,0.5737704918032787,0.5546536796536796,0.5378787878787878,0.5777777777777777,0.7878787878787878,0.6666666666666666,0.5625,0.32142857142857145,0.4090909090909091,26,9,19,7,33,28,45,16,0.5,0.6091822803303284,0.6132369800682671,0.5974025974025974,,,0,uncalibrated_return_rank_score,1
reg__cot_direction__forest,reg,cot_direction,61,0.5573770491803278,0.5449134199134199,0.5395582890690522,0.575,0.696969696969697,0.6301369863013698,0.5238095238095238,0.39285714285714285,0.4489795918367347,23,11,17,10,33,28,40,21,0.5,0.6206953738424403,0.5924087988888631,0.5865800865800865,,,0,uncalibrated_return_rank_score,1
reg__cot_direction__equal_ensemble,reg,cot_direction,61,0.6065573770491803,0.6038961038961039,0.6038961038961039,0.6363636363636364,0.6363636363636364,0.6363636363636364,0.5714285714285714,0.5714285714285714,0.5714285714285714,21,16,12,12,33,28,33,28,0.5,0.642920919058591,0.6135629357498653,0.6114718614718615,,,0,uncalibrated_return_rank_score,1
reg__weather_direction__linear,reg,weather_direction,61,0.5737704918032787,0.5681818181818181,0.568082788671024,0.6,0.6363636363636364,0.6176470588235294,0.5384615384615384,0.5,0.5185185185185185,21,14,14,12,33,28,35,26,0.5,0.5944300076486094,0.6309829674878658,0.5941558441558442,,,0,uncalibrated_return_rank_score,1
reg__weather_direction__xgb,reg,weather_direction,61,0.5409836065573771,0.5297619047619048,0.5255555555555556,0.5641025641025641,0.6666666666666666,0.6111111111111112,0.5,0.39285714285714285,0.44,22,11,17,11,33,28,39,22,0.5,0.5710323226659116,0.5924261930309095,0.5595238095238095,,,0,uncalibrated_return_rank_score,1
reg__weather_direction__forest,reg,weather_direction,61,0.5737704918032787,0.5654761904761905,0.5642857142857143,0.5945945945945946,0.6666666666666666,0.6285714285714286,0.5416666666666666,0.4642857142857143,0.5,22,13,15,11,33,28,37,24,0.5,0.5589953252239314,0.5439739146705584,0.5476190476190476,,,0,uncalibrated_return_rank_score,1
reg__weather_direction__equal_ensemble,reg,weather_direction,61,0.5901639344262295,0.5806277056277056,0.5788456227561447,0.6052631578947368,0.696969696969697,0.647887323943662,0.5652173913043478,0.4642857142857143,0.5098039215686274,23,13,15,10,33,28,38,23,0.5,0.5510287115511722,0.5900865009812434,0.5541125541125541,,,0,uncalibrated_return_rank_score,1
reg__engineered_direction__linear,reg,engineered_direction,61,0.5737704918032787,0.5762987012987013,0.5736559139784947,0.6206896551724138,0.5454545454545454,0.5806451612903226,0.53125,0.6071428571428571,0.5666666666666667,18,17,11,15,33,28,29,32,0.5,0.6091661431264803,0.6232592939261822,0.6103896103896104,,,0,uncalibrated_return_rank_score,1
reg__engineered_direction__xgb,reg,engineered_direction,61,0.639344262295082,0.6233766233766234,0.6161327231121281,0.627906976744186,0.8181818181818182,0.7105263157894737,0.6666666666666666,0.42857142857142855,0.5217391304347826,27,12,16,6,33,28,43,18,0.5,0.5645426504091435,0.6257779602030421,0.5714285714285714,,,0,uncalibrated_return_rank_score,1
reg__engineered_direction__forest,reg,engineered_direction,61,0.5901639344262295,0.5806277056277056,0.5788456227561447,0.6052631578947368,0.696969696969697,0.647887323943662,0.5652173913043478,0.4642857142857143,0.5098039215686274,23,13,15,10,33,28,38,23,0.5,0.5832467379800204,0.6241096924967152,0.5725108225108225,,,0,uncalibrated_return_rank_score,1
reg__engineered_direction__equal_ensemble,reg,engineered_direction,61,0.6065573770491803,0.6038961038961039,0.6038961038961039,0.6363636363636364,0.6363636363636364,0.6363636363636364,0.5714285714285714,0.5714285714285714,0.5714285714285714,21,16,12,12,33,28,33,28,0.5,0.5784566928871928,0.6386692246505998,0.5952380952380953,,,0,uncalibrated_return_rank_score,1
selected_direction,class,weather_direction,61,0.5245901639344263,0.5227272727272727,0.5225371120107962,0.5625,0.5454545454545454,0.5538461538461539,0.4827586206896552,0.5,0.49122807017543857,18,14,14,15,33,28,32,29,0.4750000000000001,0.5231485139178574,0.6013035634319773,0.5216450216450217,0.26090164121369047,0.716180967462612,0,probability_up,1
selected_return,reg,basic,61,0.5737704918032787,0.5546536796536796,0.5378787878787878,0.5777777777777777,0.7878787878787878,0.6666666666666666,0.5625,0.32142857142857145,0.4090909090909091,26,9,19,7,33,28,45,16,0.5,0.6240039836460287,0.6300382545088671,0.6028138528138528,,,0,uncalibrated_return_rank_score,1
baseline_monthly_return,reg,previous,61,0.5245901639344263,0.5119047619047619,0.5054514956667598,0.55,0.6666666666666666,0.6027397260273972,0.47619047619047616,0.35714285714285715,0.40816326530612246,22,10,18,11,33,28,40,21,0.5,0.6045347975058752,0.5663058000348034,0.5324675324675325,,,0,uncalibrated_return_rank_score,1
baseline_paper_return,reg,previous,61,0.5737704918032787,0.5735930735930737,0.5727370689655172,0.6129032258064516,0.5757575757575758,0.59375,0.5333333333333333,0.5714285714285714,0.5517241379310345,19,16,12,14,33,28,31,30,0.5,0.5353588998231423,0.5746322605597951,0.5367965367965368,,,0,uncalibrated_return_rank_score,1
baseline_mean_return,reg,previous,61,0.5409836065573771,0.5,0.35106382978723405,0.5409836065573771,1.0,0.7021276595744681,0.0,0.0,0.0,33,0,28,0,33,28,61,0,0.5,0.5552961675721095,0.45596671578367,0.49025974025974023,,,0,uncalibrated_return_rank_score,1
baseline_zero_return,reg,previous,61,0.5409836065573771,0.5,0.35106382978723405,0.5409836065573771,1.0,0.7021276595744681,0.0,0.0,0.0,33,0,28,0,33,28,61,0,0.5,0.5409836065573771,0.45901639344262296,0.5,,,0,uncalibrated_return_rank_score,1
baseline_majority,baseline,previous,61,0.45901639344262296,0.5,0.3146067415730337,0.0,0.0,0.0,0.45901639344262296,1.0,0.6292134831460674,0,28,0,33,33,28,0,61,0.5,0.5054190468018549,0.43367561450935066,0.4523809523809524,0.2518683344101376,0.6968858365709627,0,probability_up,1
always_up,baseline,previous,61,0.5409836065573771,0.5,0.35106382978723405,0.5409836065573771,1.0,0.7021276595744681,0.0,0.0,0.0,33,0,28,0,33,28,61,0,0.5,0.5409836065573771,0.45901639344262296,0.5,0.45901639344262296,16.54462778516853,0,probability_up,1
always_down,baseline,previous,61,0.45901639344262296,0.5,0.3146067415730337,0.0,0.0,0.0,0.45901639344262296,1.0,0.6292134831460674,0,28,0,33,33,28,0,61,0.5,0.5409836065573771,0.45901639344262296,0.5,0.5409836065573771,19.49902560394863,0,probability_up,1
class__basic__linear,class,basic,60,0.5166666666666667,0.5168350168350169,0.5154553049289892,0.5666666666666667,0.5151515151515151,0.5396825396825397,0.4666666666666667,0.5185185185185185,0.49122807017543857,17,14,13,16,33,27,30,30,0.5000000000000001,0.5141505378571893,0.45713975522949296,0.452300785634119,0.2693289837616141,0.733463408054346,0,probability_up,2
class__basic__xgb,class,basic,60,0.5166666666666667,0.5202020202020202,0.5165323701028064,0.5714285714285714,0.48484848484848486,0.5245901639344263,0.46875,0.5555555555555556,0.5084745762711864,16,15,12,17,33,27,28,32,0.5000000000000001,0.5791419320342353,0.5086990826441483,0.5364758698092031,0.2551720929308096,0.7043923735379344,0,probability_up,2
class__basic__forest,class,basic,60,0.5166666666666667,0.5202020202020202,0.5165323701028064,0.5714285714285714,0.48484848484848486,0.5245901639344263,0.46875,0.5555555555555556,0.5084745762711864,16,15,12,17,33,27,28,32,0.5000000000000001,0.5707706636297812,0.5080334862313124,0.531986531986532,0.255329060592132,0.7047974693702753,0,probability_up,2
class__basic__equal_ensemble,class,basic,60,0.48333333333333334,0.4865319865319865,0.4831897749374826,0.5357142857142857,0.45454545454545453,0.4918032786885246,0.4375,0.5185185185185185,0.4745762711864407,15,14,13,18,33,27,28,32,0.5000000000000001,0.5569168026426728,0.492896566056573,0.49943883277216616,0.25867127064406203,0.7113120030920858,0,probability_up,2
class__direction_core__linear,class,direction_core,60,0.5,0.5151515151515151,0.4949494949494949,0.5714285714285714,0.36363636363636365,0.4444444444444444,0.46153846153846156,0.6666666666666666,0.5454545454545454,12,18,9,21,33,27,21,39,0.5250000000000001,0.5732961099315057,0.46209262947572666,0.5252525252525253,0.2714542931188487,0.7448976575388938,0,probability_up,2
class__direction_core__xgb,class,direction_core,60,0.4666666666666667,0.468013468013468,0.4660734149054505,0.5172413793103449,0.45454545454545453,0.4838709677419355,0.41935483870967744,0.48148148148148145,0.4482758620689655,15,13,14,18,33,27,29,31,0.5000000000000001,0.5620185635422078,0.4782947951495963,0.4769921436588104,0.25748456737920883,0.7085803350841594,0,probability_up,2
class__direction_core__forest,class,direction_core,60,0.48333333333333334,0.4865319865319865,0.4831897749374826,0.5357142857142857,0.45454545454545453,0.4918032786885246,0.4375,0.5185185185185185,0.4745762711864407,15,14,13,18,33,27,28,32,0.5000000000000001,0.5808746363995704,0.45964706880916634,0.4769921436588103,0.2596394083910163,0.7129674078857031,0,probability_up,2
class__direction_core__equal_ensemble,class,direction_core,60,0.5333333333333333,0.5521885521885521,0.5248868778280543,0.631578947368421,0.36363636363636365,0.46153846153846156,0.4878048780487805,0.7407407407407407,0.5882352941176471,12,20,7,21,33,27,19,41,0.5250000000000001,0.5575052042253522,0.44990876154489445,0.4904601571268238,0.2606668543621441,0.7160261531991811,0,probability_up,2
class__price_direction__linear,class,price_direction,60,0.43333333333333335,0.43097643097643096,0.4308035714285714,0.4838709677419355,0.45454545454545453,0.46875,0.3793103448275862,0.4074074074074074,0.39285714285714285,15,11,16,18,33,27,31,29,0.4750000000000001,0.5366458765812279,0.5043189956907104,0.4624017957351291,0.2864071645598804,0.7718785091592094,0,probability_up,2
class__price_direction__xgb,class,price_direction,60,0.45,0.4629629629629629,0.4461538461538462,0.5,0.3333333333333333,0.4,0.42105263157894735,0.5925925925925926,0.49230769230769234,11,16,11,22,33,27,22,38,0.5250000000000001,0.5462861404719485,0.4804294739658716,0.44332210998877664,0.2793182041428882,0.7547239407578176,0,probability_up,2
class__price_direction__forest,class,price_direction,60,0.45,0.4764309764309764,0.42290877295249196,0.5,0.21212121212121213,0.2978723404255319,0.43478260869565216,0.7407407407407407,0.547945205479452,7,20,7,26,33,27,14,46,0.5750000000000002,0.54456680939959,0.4293671737360352,0.42424242424242425,0.2928675935263319,0.7864988692349875,0,probability_up,2
class__price_direction__equal_ensemble,class,price_direction,60,0.48333333333333334,0.49326599326599324,0.48203842940685043,0.5416666666666666,0.3939393939393939,0.45614035087719296,0.4444444444444444,0.5925925925925926,0.5079365079365079,13,16,11,20,33,27,24,36,0.5250000000000001,0.5549410820780697,0.4989192251129869,0.4601571268237935,0.2832323522264376,0.7632076866768852,0,probability_up,2
class__cot_direction__linear,class,cot_direction,60,0.5,0.4949494949494949,0.4949494949494949,0.5454545454545454,0.5454545454545454,0.5454545454545454,0.4444444444444444,0.4444444444444444,0.4444444444444444,18,12,15,15,33,27,33,27,0.45000000000000007,0.6254771914697259,0.5843317956601459,0.5735129068462402,0.26158848684120545,0.7181781994484526,0,probability_up,2
class__cot_direction__xgb,class,cot_direction,60,0.55,0.5437710437710438,0.5437904815544916,0.5882352941176471,0.6060606060606061,0.5970149253731343,0.5,0.48148148148148145,0.49056603773584906,20,13,14,13,33,27,34,26,0.4750000000000001,0.5870801574841683,0.42853951761383685,0.48597081930415265,0.2615676007743191,0.7177078282853819,0,probability_up,2
class__cot_direction__forest,class,cot_direction,60,0.5,0.5016835016835017,0.4994438264738599,0.5517241379310345,0.48484848484848486,0.5161290322580645,0.45161290322580644,0.5185185185185185,0.4827586206896552,16,14,13,17,33,27,29,31,0.5250000000000001,0.6229774244796557,0.4357543194890008,0.510662177328844,0.2640736079732972,0.7242737130325554,0,probability_up,2
class__cot_direction__equal_ensemble,class,cot_direction,60,0.5333333333333333,0.5286195286195287,0.5286195286195287,0.5757575757575758,0.5757575757575758,0.5757575757575758,0.48148148148148145,0.48148148148148145,0.48148148148148145,19,13,14,14,33,27,33,27,0.45000000000000007,0.6178975068623175,0.46847896703386654,0.5375982042648709,0.25679571650024846,0.7082841400970791,0,probability_up,2
class__weather_direction__linear,class,weather_direction,60,0.48333333333333334,0.5033670033670034,0.4714407502131287,0.5555555555555556,0.30303030303030304,0.39215686274509803,0.4523809523809524,0.7037037037037037,0.5507246376811594,10,19,8,23,33,27,18,42,0.5250000000000001,0.5082990258377075,0.4392352313290094,0.4264870931537598,0.3201819691125228,0.8648288134924199,0,probability_up,2
class__weather_direction__xgb,class,weather_direction,60,0.43333333333333335,0.4107744107744108,0.3899521531100479,0.4883720930232558,0.6363636363636364,0.5526315789473685,0.29411764705882354,0.18518518518518517,0.22727272727272727,21,5,22,12,33,27,43,17,0.42500000000000004,0.5206774239959417,0.4134797288126653,0.4410774410774411,0.270148251742468,0.7361062443617852,0,probability_up,2
class__weather_direction__forest,class,weather_direction,60,0.5,0.5050505050505051,0.5,0.5555555555555556,0.45454545454545453,0.5,0.45454545454545453,0.5555555555555556,0.5,15,15,12,18,33,27,27,33,0.4750000000000001,0.5312008666147718,0.4462601960671056,0.46464646464646464,0.2762452706875647,0.7520104393320115,0,probability_up,2
class__weather_direction__equal_ensemble,class,weather_direction,60,0.4666666666666667,0.468013468013468,0.4660734149054505,0.5172413793103449,0.45454545454545453,0.4838709677419355,0.41935483870967744,0.48148148148148145,0.4482758620689655,15,13,14,18,33,27,29,31,0.4750000000000001,0.5024865197050846,0.4350384055264993,0.430976430976431,0.2829640848064834,0.7642106300509174,0,probability_up,2
class__engineered_direction__linear,class,engineered_direction,60,0.48333333333333334,0.48989898989898994,0.4831897749374826,0.5384615384615384,0.42424242424242425,0.4745762711864407,0.4411764705882353,0.5555555555555556,0.4918032786885246,14,15,12,19,33,27,26,34,0.35,0.5788575710680988,0.587692011604084,0.5465768799102133,0.33573459421979146,0.9337866122609829,0,probability_up,2
class__engineered_direction__xgb,class,engineered_direction,60,0.45,0.42592592592592593,0.40199335548172754,0.5,0.6666666666666666,0.5714285714285714,0.3125,0.18518518518518517,0.23255813953488372,22,5,22,11,33,27,44,16,0.45000000000000007,0.4841237944790436,0.4682752325640262,0.39618406285072955,0.2667844847013382,0.7270543286783765,0,probability_up,2
class__engineered_direction__forest,class,engineered_direction,60,0.43333333333333335,0.4276094276094276,0.4276094276094276,0.48484848484848486,0.48484848484848486,0.48484848484848486,0.37037037037037035,0.37037037037037035,0.37037037037037035,16,10,17,17,33,27,33,27,0.4750000000000001,0.5427432394969819,0.45968501260749955,0.4231200897867565,0.26899618553230664,0.7317185831203122,0,probability_up,2
class__engineered_direction__equal_ensemble,class,engineered_direction,60,0.4666666666666667,0.4612794612794613,0.4612794612794613,0.5151515151515151,0.5151515151515151,0.5151515151515151,0.4074074074074074,0.4074074074074074,0.4074074074074074,17,11,16,16,33,27,33,27,0.4,0.5576569068690014,0.514238638636052,0.47474747474747475,0.2767075267117603,0.748777882465313,0,probability_up,2
reg__basic__linear,reg,basic,60,0.45,0.43602693602693604,0.4308709399252658,0.5,0.5757575757575758,0.5352112676056338,0.36363636363636365,0.2962962962962963,0.32653061224489793,19,8,19,14,33,27,38,22,0.5,0.5014442507705204,0.43343204237574917,0.4332210998877666,,,0,uncalibrated_return_rank_score,2
reg__basic__xgb,reg,basic,60,0.5166666666666667,0.5,0.49285922471582627,0.55,0.6666666666666666,0.6027397260273972,0.45,0.3333333333333333,0.3829787234042553,22,9,18,11,33,27,40,20,0.5,0.558023049270109,0.5131318523468108,0.49943883277216616,,,0,uncalibrated_return_rank_score,2
reg__basic__forest,reg,basic,60,0.5666666666666667,0.5488215488215489,0.5417156286721504,0.5853658536585366,0.7272727272727273,0.6486486486486487,0.5263157894736842,0.37037037037037035,0.43478260869565216,24,10,17,9,33,27,41,19,0.5,0.584990793436172,0.5340927031471964,0.5454545454545454,,,0,uncalibrated_return_rank_score,2
reg__basic__equal_ensemble,reg,basic,60,0.48333333333333334,0.4696969696969697,0.4653636102328256,0.5263157894736842,0.6060606060606061,0.5633802816901409,0.4090909090909091,0.3333333333333333,0.3673469387755102,20,9,18,13,33,27,38,22,0.5,0.5350524724946509,0.5062579168456467,0.4837261503928171,,,0,uncalibrated_return_rank_score,2
reg__direction_core__linear,reg,direction_core,60,0.43333333333333335,0.4276094276094276,0.4276094276094276,0.48484848484848486,0.48484848484848486,0.48484848484848486,0.37037037037037035,0.37037037037037035,0.37037037037037035,16,10,17,17,33,27,33,27,0.5,0.5348497753676943,0.4847852106815909,0.4736251402918069,,,0,uncalibrated_return_rank_score,2
reg__direction_core__xgb,reg,direction_core,60,0.5,0.47474747474747475,0.45054945054945056,0.5333333333333333,0.7272727272727273,0.6153846153846154,0.4,0.2222222222222222,0.2857142857142857,24,6,21,9,33,27,45,15,0.5,0.5441417122256704,0.5122236420674899,0.48709315375982043,,,0,uncalibrated_return_rank_score,2
reg__direction_core__forest,reg,direction_core,60,0.5166666666666667,0.4932659932659933,0.4744790093627303,0.5454545454545454,0.7272727272727273,0.6233766233766234,0.4375,0.25925925925925924,0.32558139534883723,24,7,20,9,33,27,44,16,0.5,0.5170077296793059,0.4760402932868743,0.4444444444444445,,,0,uncalibrated_return_rank_score,2
reg__direction_core__equal_ensemble,reg,direction_core,60,0.4,0.3838383838383838,0.375,0.46153846153846156,0.5454545454545454,0.5,0.2857142857142857,0.2222222222222222,0.25,18,6,21,15,33,27,39,21,0.5,0.5430021015997255,0.4841890998522762,0.4668911335578002,,,0,uncalibrated_return_rank_score,2
reg__price_direction__linear,reg,price_direction,60,0.4166666666666667,0.4124579124579124,0.4125874125874126,0.46875,0.45454545454545453,0.46153846153846156,0.35714285714285715,0.37037037037037035,0.36363636363636365,15,10,17,18,33,27,32,28,0.5,0.5040320633588159,0.50874258112164,0.4332210998877666,,,0,uncalibrated_return_rank_score,2
reg__price_direction__xgb,reg,price_direction,60,0.4666666666666667,0.44781144781144777,0.43595769682726204,0.5121951219512195,0.6363636363636364,0.5675675675675675,0.3684210526315789,0.25925925925925924,0.30434782608695654,21,7,20,12,33,27,41,19,0.5,0.4949160969306716,0.47156857692114856,0.4062850729517396,,,0,uncalibrated_return_rank_score,2
reg__price_direction__forest,reg,price_direction,60,0.45,0.4494949494949495,0.44862155388471175,0.5,0.45454545454545453,0.47619047619047616,0.4,0.4444444444444444,0.42105263157894735,15,12,15,18,33,27,30,30,0.5,0.5152581943642195,0.4560832231871177,0.4276094276094276,,,0,uncalibrated_return_rank_score,2
reg__price_direction__equal_ensemble,reg,price_direction,60,0.36666666666666664,0.3569023569023569,0.3552036199095022,0.42857142857142855,0.45454545454545453,0.4411764705882353,0.28,0.25925925925925924,0.2692307692307692,15,7,20,18,33,27,35,25,0.5,0.5044904553290674,0.48843550864770263,0.42424242424242425,,,0,uncalibrated_return_rank_score,2
reg__cot_direction__linear,reg,cot_direction,60,0.45,0.4562289562289562,0.44984717977215893,0.5,0.3939393939393939,0.4406779661016949,0.4117647058823529,0.5185185185185185,0.45901639344262296,13,14,13,20,33,27,26,34,0.5,0.5710378380128545,0.5806383274478157,0.5297418630751964,,,0,uncalibrated_return_rank_score,2
reg__cot_direction__xgb,reg,cot_direction,60,0.5333333333333333,0.5151515151515151,0.5064629847238543,0.5609756097560976,0.696969696969697,0.6216216216216216,0.47368421052631576,0.3333333333333333,0.391304347826087,23,9,18,10,33,27,41,19,0.5,0.6119135789466034,0.5175271573006489,0.5297418630751964,,,0,uncalibrated_return_rank_score,2
reg__cot_direction__forest,reg,cot_direction,60,0.5,0.49158249158249157,0.4909502262443439,0.5428571428571428,0.5757575757575758,0.5588235294117647,0.44,0.4074074074074074,0.4230769230769231,19,11,16,14,33,27,35,25,0.5,0.5944655474475901,0.482828115125617,0.5173961840628508,,,0,uncalibrated_return_rank_score,2
reg__cot_direction__equal_ensemble,reg,cot_direction,60,0.5333333333333333,0.5286195286195287,0.5286195286195287,0.5757575757575758,0.5757575757575758,0.5757575757575758,0.48148148148148145,0.48148148148148145,0.48148148148148145,19,13,14,14,33,27,33,27,0.5,0.5852617184753591,0.5334653803952858,0.5375982042648709,,,0,uncalibrated_return_rank_score,2
reg__weather_direction__linear,reg,weather_direction,60,0.45,0.44276094276094274,0.442410588566601,0.5,0.5151515151515151,0.5074626865671642,0.38461538461538464,0.37037037037037035,0.37735849056603776,17,10,17,16,33,27,34,26,0.5,0.4994035041949762,0.4864643360270613,0.4197530864197531,,,0,uncalibrated_return_rank_score,2
reg__weather_direction__xgb,reg,weather_direction,60,0.48333333333333334,0.4696969696969697,0.4653636102328256,0.5263157894736842,0.6060606060606061,0.5633802816901409,0.4090909090909091,0.3333333333333333,0.3673469387755102,20,9,18,13,33,27,38,22,0.5,0.5383310307853986,0.4909043767459051,0.46913580246913583,,,0,uncalibrated_return_rank_score,2
reg__weather_direction__forest,reg,weather_direction,60,0.4666666666666667,0.46464646464646464,0.4642857142857143,0.5161290322580645,0.48484848484848486,0.5,0.41379310344827586,0.4444444444444444,0.42857142857142855,16,12,15,17,33,27,31,29,0.5,0.5287751417248318,0.4584755652575226,0.46464646464646464,,,0,uncalibrated_return_rank_score,2
reg__weather_direction__equal_ensemble,reg,weather_direction,60,0.48333333333333334,0.4730639730639731,0.4714407502131287,0.5277777777777778,0.5757575757575758,0.5507246376811594,0.4166666666666667,0.37037037037037035,0.39215686274509803,19,10,17,14,33,27,36,24,0.5,0.504402821305844,0.4921718080525286,0.4388327721661055,,,0,uncalibrated_return_rank_score,2
reg__engineered_direction__linear,reg,engineered_direction,60,0.45,0.4562289562289562,0.44984717977215893,0.5,0.3939393939393939,0.4406779661016949,0.4117647058823529,0.5185185185185185,0.45901639344262296,13,14,13,20,33,27,26,34,0.5,0.5600510644557836,0.5852122013698058,0.510662177328844,,,0,uncalibrated_return_rank_score,2
reg__engineered_direction__xgb,reg,engineered_direction,60,0.5166666666666667,0.49663299663299665,0.48444444444444446,0.5476190476190477,0.696969696969697,0.6133333333333333,0.4444444444444444,0.2962962962962963,0.35555555555555557,23,8,19,10,33,27,42,18,0.5,0.5146802481711701,0.5077294043100916,0.4713804713804714,,,0,uncalibrated_return_rank_score,2
reg__engineered_direction__forest,reg,engineered_direction,60,0.5,0.4882154882154882,0.4857142857142857,0.5405405405405406,0.6060606060606061,0.5714285714285714,0.43478260869565216,0.37037037037037035,0.4,20,10,17,13,33,27,37,23,0.5,0.5177047257489006,0.4904932154953107,0.44668911335578004,,,0,uncalibrated_return_rank_score,2
reg__engineered_direction__equal_ensemble,reg,engineered_direction,60,0.4166666666666667,0.41919191919191917,0.41650458460683526,0.4642857142857143,0.3939393939393939,0.4262295081967213,0.375,0.4444444444444444,0.4067796610169492,13,12,15,20,33,27,28,32,0.5,0.5261040324887852,0.5506207056501176,0.48597081930415265,,,0,uncalibrated_return_rank_score,2
selected_direction,class,weather_direction,60,0.4666666666666667,0.468013468013468,0.4660734149054505,0.5172413793103449,0.45454545454545453,0.4838709677419355,0.41935483870967744,0.48148148148148145,0.4482758620689655,15,13,14,18,33,27,29,31,0.4750000000000001,0.5024865197050846,0.4350384055264993,0.430976430976431,0.2829640848064834,0.7642106300509174,0,probability_up,2
selected_return,reg,basic,60,0.5166666666666667,0.5,0.49285922471582627,0.55,0.6666666666666666,0.6027397260273972,0.45,0.3333333333333333,0.3829787234042553,22,9,18,11,33,27,40,20,0.5,0.558023049270109,0.5131318523468108,0.49943883277216616,,,0,uncalibrated_return_rank_score,2
baseline_monthly_return,reg,previous,60,0.45,0.43265993265993263,0.42290877295249196,0.5,0.6060606060606061,0.547945205479452,0.35,0.25925925925925924,0.2978723404255319,20,7,20,13,33,27,40,20,0.5,0.5893577742097096,0.5052927484279262,0.46352413019079686,,,0,uncalibrated_return_rank_score,2
baseline_paper_return,reg,previous,60,0.4166666666666667,0.4124579124579124,0.4125874125874126,0.46875,0.45454545454545453,0.46153846153846156,0.35714285714285715,0.37037037037037035,0.36363636363636365,15,10,17,18,33,27,32,28,0.5,0.49523952737021865,0.4459933618640493,0.415263748597082,,,0,uncalibrated_return_rank_score,2
baseline_mean_return,reg,previous,60,0.55,0.5,0.3548387096774194,0.55,1.0,0.7096774193548387,0.0,0.0,0.0,33,0,27,0,33,27,60,0,0.5,0.520615648506083,0.42892861758997675,0.4601571268237935,,,0,uncalibrated_return_rank_score,2
baseline_zero_return,reg,previous,60,0.55,0.5,0.3548387096774194,0.55,1.0,0.7096774193548387,0.0,0.0,0.0,33,0,27,0,33,27,60,0,0.5,0.55,0.45,0.5,,,0,uncalibrated_return_rank_score,2
baseline_majority,baseline,previous,60,0.45,0.5,0.3103448275862069,0.0,0.0,0.0,0.45,1.0,0.6206896551724138,0,27,0,33,33,27,0,60,0.5,0.5421577694723295,0.4373148372427417,0.48484848484848486,0.2519660461856994,0.6970812710819352,0,probability_up,2
always_up,baseline,previous,60,0.55,0.5,0.3548387096774194,0.55,1.0,0.7096774193548387,0.0,0.0,0.0,33,0,27,0,33,27,60,0,0.5,0.55,0.45,0.5,0.45,16.219644025102717,0,probability_up,2
always_down,baseline,previous,60,0.45,0.5,0.3103448275862069,0.0,0.0,0.0,0.45,1.0,0.6206896551724138,0,27,0,33,33,27,0,60,0.5,0.55,0.45,0.5,0.55,19.82400936401444,0,probability_up,2
class__basic__linear,class,basic,60,0.5,0.4971428571428571,0.4949494949494949,0.5806451612903226,0.5142857142857142,0.5454545454545454,0.41379310344827586,0.48,0.4444444444444444,18,12,13,17,35,25,31,29,0.5000000000000001,0.5522839701305818,0.3953116852741961,0.4502857142857143,0.2692786833334145,0.7335983007441448,0,probability_up,3
class__basic__xgb,class,basic,60,0.55,0.5628571428571428,0.5498749652681301,0.6538461538461539,0.4857142857142857,0.5573770491803278,0.47058823529411764,0.64,0.5423728813559322,17,16,9,18,35,25,26,34,0.5000000000000001,0.6005870066134755,0.4779595338369554,0.528,0.2566378851173324,0.7073089192223955,0,probability_up,3
class__basic__forest,class,basic,60,0.5333333333333333,0.5428571428571428,0.5328142380422691,0.6296296296296297,0.4857142857142857,0.5483870967741935,0.45454545454545453,0.6,0.5172413793103449,17,15,10,18,35,25,27,33,0.5000000000000001,0.594468289666277,0.47617895385621734,0.5348571428571429,0.25557646210129253,0.7051538252222974,0,probability_up,3
class__basic__equal_ensemble,class,basic,60,0.5,0.5085714285714286,0.4994438264738599,0.5925925925925926,0.45714285714285713,0.5161290322580645,0.42424242424242425,0.56,0.4827586206896552,16,14,11,19,35,25,27,33,0.5000000000000001,0.5808400197974277,0.4602504350479448,0.5051428571428571,0.2592828315281605,0.7127224508025194,0,probability_up,3
class__direction_core__linear,class,direction_core,60,0.45,0.4714285714285714,0.44862155388471175,0.5454545454545454,0.34285714285714286,0.42105263157894735,0.39473684210526316,0.6,0.47619047619047616,12,15,10,23,35,25,22,38,0.5250000000000001,0.5818619491767243,0.4272932783515049,0.5005714285714286,0.2684576437331549,0.734141145305062,0,probability_up,3
class__direction_core__xgb,class,direction_core,60,0.43333333333333335,0.4285714285714286,0.4276094276094276,0.5161290322580645,0.45714285714285713,0.48484848484848486,0.3448275862068966,0.4,0.37037037037037035,16,10,15,19,35,25,31,29,0.5000000000000001,0.5696489886811423,0.4380416265479798,0.4457142857142857,0.25951413457616784,0.7125015841380702,0,probability_up,3
class__direction_core__forest,class,direction_core,60,0.4166666666666667,0.42000000000000004,0.4152046783625731,0.5,0.4,0.4444444444444444,0.34375,0.44,0.38596491228070173,14,11,14,21,35,25,28,32,0.5000000000000001,0.5869440192573635,0.42779591961125646,0.45028571428571423,0.2630581405896765,0.7199360499752033,0,probability_up,3
class__direction_core__equal_ensemble,class,direction_core,60,0.48333333333333334,0.5114285714285715,0.47972027972027975,0.6,0.34285714285714286,0.43636363636363634,0.425,0.68,0.5230769230769231,12,17,8,23,35,25,20,40,0.5250000000000001,0.5702817739387928,0.42681174874699296,0.46285714285714286,0.2618099658105394,0.7176921897300635,0,probability_up,3
class__price_direction__linear,class,price_direction,60,0.45,0.4371428571428571,0.4373401534526854,0.5294117647058824,0.5142857142857142,0.5217391304347826,0.34615384615384615,0.36,0.35294117647058826,18,9,16,17,35,25,34,26,0.4750000000000001,0.6051739160334448,0.45774703137520795,0.4788571428571428,0.2826202159834995,0.7646292810337575,0,probability_up,3
class__price_direction__xgb,class,price_direction,60,0.45,0.47714285714285715,0.4461538461538462,0.55,0.3142857142857143,0.4,0.4,0.64,0.49230769230769234,11,16,9,24,35,25,20,40,0.5250000000000001,0.5944907310951313,0.4600828823315694,0.47314285714285714,0.27596342587079836,0.7481357411901538,0,probability_up,3
class__price_direction__forest,class,price_direction,60,0.48333333333333334,0.5228571428571429,0.4714407502131287,0.625,0.2857142857142857,0.39215686274509803,0.4318181818181818,0.76,0.5507246376811594,10,19,6,25,35,25,16,44,0.5750000000000002,0.6098224440820003,0.4617050779811336,0.48228571428571426,0.2817720570894164,0.762925305318206,0,probability_up,3
class__price_direction__equal_ensemble,class,price_direction,60,0.5166666666666667,0.54,0.5154553049289892,0.6363636363636364,0.4,0.49122807017543857,0.4473684210526316,0.68,0.5396825396825397,14,17,8,21,35,25,22,38,0.5250000000000001,0.6154047067420463,0.46093989185496187,0.488,0.2769386618643174,0.7502644155231859,0,probability_up,3
class__cot_direction__linear,class,cot_direction,60,0.5166666666666667,0.5114285714285713,0.5099971838918614,0.59375,0.5428571428571428,0.5671641791044776,0.42857142857142855,0.48,0.4528301886792453,19,12,13,16,35,25,32,28,0.45000000000000007,0.6614249772381658,0.5610469060401627,0.5622857142857143,0.26321412893115276,0.7198857395290418,0,probability_up,3
class__cot_direction__xgb,class,cot_direction,60,0.5166666666666667,0.5,0.49985628054038517,0.5833333333333334,0.6,0.5915492957746479,0.4166666666666667,0.4,0.40816326530612246,21,10,15,14,35,25,36,24,0.4750000000000001,0.6032844277656224,0.3847708137087421,0.46285714285714286,0.26762208339466476,0.730046705700467,0,probability_up,3
class__cot_direction__forest,class,cot_direction,60,0.45,0.4542857142857143,0.44862155388471175,0.5357142857142857,0.42857142857142855,0.47619047619047616,0.375,0.48,0.42105263157894735,15,12,13,20,35,25,28,32,0.5250000000000001,0.6178748489423265,0.3802201432424501,0.4617142857142857,0.27208357120711996,0.7404157647907202,0,probability_up,3
class__cot_direction__equal_ensemble,class,cot_direction,60,0.5166666666666667,0.5057142857142857,0.5055413469735721,0.5882352941176471,0.5714285714285714,0.5797101449275363,0.4230769230769231,0.44,0.43137254901960786,20,11,14,15,35,25,34,26,0.45000000000000007,0.6377260932849186,0.41764057298845425,0.5074285714285715,0.2623211487944238,0.7192675013354458,0,probability_up,3
class__weather_direction__linear,class,weather_direction,60,0.5,0.5371428571428571,0.4909502262443439,0.6470588235294118,0.3142857142857143,0.4230769230769231,0.4418604651162791,0.76,0.5588235294117647,11,19,6,24,35,25,17,43,0.5250000000000001,0.5744096374751163,0.3984410634234105,0.464,0.30848284363509154,0.835504299340493,0,probability_up,3
class__weather_direction__xgb,class,weather_direction,60,0.48333333333333334,0.44285714285714284,0.4257486878666255,0.5454545454545454,0.6857142857142857,0.6075949367088608,0.3125,0.2,0.24390243902439024,24,5,20,11,35,25,44,16,0.42500000000000004,0.547698597844239,0.3788931053505421,0.432,0.27213855351912575,0.739601834776136,0,probability_up,3
class__weather_direction__forest,class,weather_direction,60,0.5,0.5085714285714286,0.4994438264738599,0.5925925925925926,0.45714285714285713,0.5161290322580645,0.42424242424242425,0.56,0.4827586206896552,16,14,11,19,35,25,27,33,0.4750000000000001,0.5564552656788525,0.4230370675297058,0.4651428571428571,0.27723284971555895,0.7525810590081143,0,probability_up,3
class__weather_direction__equal_ensemble,class,weather_direction,60,0.4666666666666667,0.4685714285714285,0.4642857142857143,0.5517241379310345,0.45714285714285713,0.5,0.3870967741935484,0.48,0.42857142857142855,16,12,13,19,35,25,29,31,0.4750000000000001,0.5415031532353982,0.4210755664363313,0.45028571428571423,0.2798235506055487,0.7570079596847449,0,probability_up,3
class__engineered_direction__linear,class,engineered_direction,60,0.5166666666666667,0.5342857142857143,0.5165323701028064,0.625,0.42857142857142855,0.5084745762711864,0.4444444444444444,0.64,0.5245901639344263,15,16,9,20,35,25,24,36,0.35,0.6775305886868169,0.6060236754143773,0.6045714285714285,0.3256022581361917,0.8944888266016576,0,probability_up,3
class__engineered_direction__xgb,class,engineered_direction,60,0.4666666666666667,0.4228571428571429,0.4,0.5333333333333333,0.6857142857142857,0.6,0.26666666666666666,0.16,0.2,24,4,21,11,35,25,45,15,0.45000000000000007,0.5138324609586629,0.4401919131782977,0.4034285714285714,0.2661707188923913,0.7258929379047256,0,probability_up,3
class__engineered_direction__forest,class,engineered_direction,60,0.4166666666666667,0.41428571428571426,0.4125874125874126,0.5,0.42857142857142855,0.46153846153846156,0.3333333333333333,0.4,0.36363636363636365,15,10,15,20,35,25,30,30,0.4750000000000001,0.5675818723682917,0.42562409994073386,0.4297142857142857,0.27112024468464674,0.736310081578819,0,probability_up,3
class__engineered_direction__equal_ensemble,class,engineered_direction,60,0.5,0.4857142857142857,0.4857142857142857,0.5714285714285714,0.5714285714285714,0.5714285714285714,0.4,0.4,0.4,20,10,15,15,35,25,35,25,0.4,0.6138605947110174,0.48844942908431405,0.5005714285714286,0.27425663130328204,0.7438570286947709,0,probability_up,3
reg__basic__linear,reg,basic,60,0.4666666666666667,0.44,0.43595769682726204,0.5384615384615384,0.6,0.5675675675675675,0.3333333333333333,0.28,0.30434782608695654,21,7,18,14,35,25,39,21,0.5,0.5313649594668198,0.414283555545542,0.4297142857142857,,,0,uncalibrated_return_rank_score,3
reg__basic__xgb,reg,basic,60,0.5166666666666667,0.4828571428571429,0.4744790093627303,0.5714285714285714,0.6857142857142857,0.6233766233766234,0.3888888888888889,0.28,0.32558139534883723,24,7,18,11,35,25,42,18,0.5,0.5901726259313693,0.46726086075327306,0.49142857142857144,,,0,uncalibrated_return_rank_score,3
reg__basic__forest,reg,basic,60,0.5,0.4685714285714286,0.46172248803827753,0.5609756097560976,0.6571428571428571,0.6052631578947368,0.3684210526315789,0.28,0.3181818181818182,23,7,18,12,35,25,41,19,0.5,0.5905378982063645,0.4649705409522614,0.48342857142857143,,,0,uncalibrated_return_rank_score,3
reg__basic__equal_ensemble,reg,basic,60,0.4666666666666667,0.44,0.43595769682726204,0.5384615384615384,0.6,0.5675675675675675,0.3333333333333333,0.28,0.30434782608695654,21,7,18,14,35,25,39,21,0.5,0.576564980031588,0.45675743777622835,0.4674285714285714,,,0,uncalibrated_return_rank_score,3
reg__direction_core__linear,reg,direction_core,60,0.4666666666666667,0.45714285714285713,0.4570135746606335,0.5454545454545454,0.5142857142857142,0.5294117647058824,0.37037037037037035,0.4,0.38461538461538464,18,10,15,17,35,25,33,27,0.5,0.5551445408139597,0.4635051807283489,0.4674285714285714,,,0,uncalibrated_return_rank_score,3
reg__direction_core__xgb,reg,direction_core,60,0.4666666666666667,0.4228571428571429,0.4,0.5333333333333333,0.6857142857142857,0.6,0.26666666666666666,0.16,0.2,24,4,21,11,35,25,45,15,0.5,0.5637167707981257,0.4702240200316999,0.4605714285714286,,,0,uncalibrated_return_rank_score,3
reg__direction_core__forest,reg,direction_core,60,0.5166666666666667,0.47714285714285715,0.46279715961716583,0.5681818181818182,0.7142857142857143,0.6329113924050633,0.375,0.24,0.2926829268292683,25,6,19,10,35,25,44,16,0.5,0.5456392791860393,0.4510440114254866,0.44799999999999995,,,0,uncalibrated_return_rank_score,3
reg__direction_core__equal_ensemble,reg,direction_core,60,0.45,0.42,0.41333333333333333,0.525,0.6,0.56,0.3,0.24,0.26666666666666666,21,6,19,14,35,25,40,20,0.5,0.5642919270774835,0.45524460425606783,0.4617142857142857,,,0,uncalibrated_return_rank_score,3
reg__price_direction__linear,reg,price_direction,60,0.4,0.38857142857142857,0.3891402714932127,0.48484848484848486,0.45714285714285713,0.47058823529411764,0.2962962962962963,0.32,0.3076923076923077,16,8,17,19,35,25,33,27,0.5,0.5619524294950251,0.46588292761411687,0.45485714285714285,,,0,uncalibrated_return_rank_score,3
reg__price_direction__xgb,reg,price_direction,60,0.5166666666666667,0.48857142857142855,0.48444444444444446,0.575,0.6571428571428571,0.6133333333333333,0.4,0.32,0.35555555555555557,23,8,17,12,35,25,40,20,0.5,0.5337702702679572,0.44035881265770815,0.424,,,0,uncalibrated_return_rank_score,3
reg__price_direction__forest,reg,price_direction,60,0.36666666666666664,0.36,0.3602693602693603,0.45161290322580644,0.4,0.42424242424242425,0.27586206896551724,0.32,0.2962962962962963,14,8,17,21,35,25,31,29,0.5,0.5375828673388791,0.4183370205028672,0.40800000000000003,,,0,uncalibrated_return_rank_score,3
reg__price_direction__equal_ensemble,reg,price_direction,60,0.36666666666666664,0.34857142857142853,0.34857142857142853,0.45714285714285713,0.45714285714285713,0.45714285714285713,0.24,0.24,0.24,16,6,19,19,35,25,35,25,0.5,0.5396431158598367,0.43110944533423423,0.4228571428571428,,,0,uncalibrated_return_rank_score,3
reg__cot_direction__linear,reg,cot_direction,60,0.4666666666666667,0.48000000000000004,0.4666666666666667,0.56,0.4,0.4666666666666667,0.4,0.56,0.4666666666666667,14,14,11,21,35,25,25,35,0.5,0.6232453390197558,0.5809088302980818,0.5554285714285714,,,0,uncalibrated_return_rank_score,3
reg__cot_direction__xgb,reg,cot_direction,60,0.5333333333333333,0.49714285714285716,0.4871794871794872,0.5813953488372093,0.7142857142857143,0.6410256410256411,0.4117647058823529,0.28,0.3333333333333333,25,7,18,10,35,25,43,17,0.5,0.6472093935404273,0.4800231576514345,0.5257142857142857,,,0,uncalibrated_return_rank_score,3
reg__cot_direction__forest,reg,cot_direction,60,0.48333333333333334,0.4657142857142857,0.4653636102328256,0.5555555555555556,0.5714285714285714,0.5633802816901409,0.375,0.36,0.3673469387755102,20,9,16,15,35,25,36,24,0.5,0.6208614399869032,0.4423382013350266,0.504,,,0,uncalibrated_return_rank_score,3
reg__cot_direction__equal_ensemble,reg,cot_direction,60,0.48333333333333334,0.4771428571428571,0.4762038862292312,0.5625,0.5142857142857142,0.5373134328358209,0.39285714285714285,0.44,0.41509433962264153,18,11,14,17,35,25,32,28,0.5,0.6437678990930658,0.498111972978762,0.5451428571428572,,,0,uncalibrated_return_rank_score,3
reg__weather_direction__linear,reg,weather_direction,60,0.43333333333333335,0.4228571428571428,0.4230769230769231,0.5151515151515151,0.4857142857142857,0.5,0.3333333333333333,0.36,0.34615384615384615,17,9,16,18,35,25,33,27,0.5,0.555599145050774,0.4708209303148465,0.45485714285714285,,,0,uncalibrated_return_rank_score,3
reg__weather_direction__xgb,reg,weather_direction,60,0.48333333333333334,0.45999999999999996,0.4578839988341591,0.5526315789473685,0.6,0.5753424657534246,0.36363636363636365,0.32,0.3404255319148936,21,8,17,14,35,25,38,22,0.5,0.5611539145338514,0.4568099093737471,0.45828571428571424,,,0,uncalibrated_return_rank_score,3
reg__weather_direction__forest,reg,weather_direction,60,0.48333333333333334,0.4714285714285714,0.4714407502131287,0.5588235294117647,0.5428571428571428,0.5507246376811594,0.38461538461538464,0.4,0.39215686274509803,19,10,15,16,35,25,34,26,0.5,0.5527487953370784,0.43509721046312017,0.46971428571428575,,,0,uncalibrated_return_rank_score,3
reg__weather_direction__equal_ensemble,reg,weather_direction,60,0.5,0.4857142857142857,0.4857142857142857,0.5714285714285714,0.5714285714285714,0.5714285714285714,0.4,0.4,0.4,20,10,15,15,35,25,35,25,0.5,0.5451827847185856,0.46620157394107015,0.4582857142857143,,,0,uncalibrated_return_rank_score,3
reg__engineered_direction__linear,reg,engineered_direction,60,0.48333333333333334,0.5,0.4831897749374826,0.5833333333333334,0.4,0.4745762711864407,0.4166666666666667,0.6,0.4918032786885246,14,15,10,21,35,25,24,36,0.5,0.6374316111555746,0.5654321780864028,0.5417142857142857,,,0,uncalibrated_return_rank_score,3
reg__engineered_direction__xgb,reg,engineered_direction,60,0.55,0.5228571428571429,0.52,0.6,0.6857142857142857,0.64,0.45,0.36,0.4,24,9,16,11,35,25,40,20,0.5,0.5688171952289441,0.4712879155613099,0.48457142857142854,,,0,uncalibrated_return_rank_score,3
reg__engineered_direction__forest,reg,engineered_direction,60,0.4666666666666667,0.4514285714285714,0.4514285714285714,0.5428571428571428,0.5428571428571428,0.5428571428571428,0.36,0.36,0.36,19,9,16,16,35,25,35,25,0.5,0.5532565594169988,0.46722320250945265,0.44457142857142856,,,0,uncalibrated_return_rank_score,3
reg__engineered_direction__equal_ensemble,reg,engineered_direction,60,0.45,0.4542857142857143,0.44862155388471175,0.5357142857142857,0.42857142857142855,0.47619047619047616,0.375,0.48,0.42105263157894735,15,12,13,20,35,25,28,32,0.5,0.5791926772160568,0.5359458026595814,0.5131428571428571,,,0,uncalibrated_return_rank_score,3
selected_direction,class,weather_direction,60,0.4666666666666667,0.4685714285714285,0.4642857142857143,0.5517241379310345,0.45714285714285713,0.5,0.3870967741935484,0.48,0.42857142857142855,16,12,13,19,35,25,29,31,0.4750000000000001,0.5415031532353982,0.4210755664363313,0.45028571428571423,0.2798235506055487,0.7570079596847449,0,probability_up,3
selected_return,reg,basic,60,0.5166666666666667,0.4828571428571429,0.4744790093627303,0.5714285714285714,0.6857142857142857,0.6233766233766234,0.3888888888888889,0.28,0.32558139534883723,24,7,18,11,35,25,42,18,0.5,0.5901726259313693,0.46726086075327306,0.49142857142857144,,,0,uncalibrated_return_rank_score,3
baseline_monthly_return,reg,previous,60,0.5,0.4685714285714286,0.46172248803827753,0.5609756097560976,0.6571428571428571,0.6052631578947368,0.3684210526315789,0.28,0.3181818181818182,23,7,18,12,35,25,41,19,0.5,0.6233458384421031,0.46801316380160546,0.4754285714285714,,,0,uncalibrated_return_rank_score,3
baseline_paper_return,reg,previous,60,0.4166666666666667,0.4085714285714286,0.4086172909039707,0.5,0.45714285714285713,0.47761194029850745,0.32142857142857145,0.36,0.33962264150943394,16,9,16,19,35,25,32,28,0.5,0.5107879429235591,0.39630483525157184,0.3862857142857143,,,0,uncalibrated_return_rank_score,3
baseline_mean_return,reg,previous,60,0.5833333333333334,0.5,0.3684210526315789,0.5833333333333334,1.0,0.7368421052631579,0.0,0.0,0.0,35,0,25,0,35,25,60,0,0.5,0.5428915924646012,0.39680247763449905,0.4502857142857143,,,0,uncalibrated_return_rank_score,3
baseline_zero_return,reg,previous,60,0.5833333333333334,0.5,0.3684210526315789,0.5833333333333334,1.0,0.7368421052631579,0.0,0.0,0.0,35,0,25,0,35,25,60,0,0.5,0.5833333333333334,0.4166666666666667,0.5,,,0,uncalibrated_return_rank_score,3
baseline_majority,baseline,previous,60,0.4166666666666667,0.5,0.29411764705882354,0.0,0.0,0.0,0.4166666666666667,1.0,0.5882352941176471,0,25,0,35,35,25,0,60,0.5,0.5548776293555768,0.3902984782045758,0.45485714285714285,0.25326737809287775,0.6996852597643645,0,probability_up,3
always_up,baseline,previous,60,0.5833333333333334,0.5,0.3684210526315789,0.5833333333333334,1.0,0.7368421052631579,0.0,0.0,0.0,35,0,25,0,35,25,60,0,0.5,0.5833333333333334,0.4166666666666667,0.5,0.4166666666666667,15.018188912132144,0,probability_up,3
always_down,baseline,previous,60,0.4166666666666667,0.5,0.29411764705882354,0.0,0.0,0.0,0.4166666666666667,1.0,0.5882352941176471,0,25,0,35,35,25,0,60,0.5,0.5833333333333334,0.4166666666666667,0.5,0.5833333333333334,21.02546447698501,0,probability_up,3
class__basic__linear,class,basic,60,0.5,0.5022321428571428,0.5,0.5357142857142857,0.46875,0.5,0.46875,0.5357142857142857,0.5,15,15,13,17,32,28,28,32,0.5000000000000001,0.5428100892691562,0.45307211959185684,0.4765625,0.2645940057555998,0.723776780438641,0,probability_up,4
class__basic__xgb,class,basic,60,0.5333333333333333,0.5401785714285714,0.53125,0.5833333333333334,0.4375,0.5,0.5,0.6428571428571429,0.5625,14,18,10,18,32,28,24,36,0.5000000000000001,0.6166574429980485,0.531961360769345,0.5546875,0.2521206052574547,0.6979570061830156,0,probability_up,4
class__basic__forest,class,basic,60,0.5333333333333333,0.5401785714285714,0.53125,0.5833333333333334,0.4375,0.5,0.5,0.6428571428571429,0.5625,14,18,10,18,32,28,24,36,0.5000000000000001,0.6432160040250948,0.5498103888459618,0.5959821428571428,0.2467837197141426,0.6872816548209975,0,probability_up,4
class__basic__equal_ensemble,class,basic,60,0.5166666666666667,0.5245535714285714,0.5132867132867133,0.5652173913043478,0.40625,0.4727272727272727,0.4864864864864865,0.6428571428571429,0.5538461538461539,13,18,10,19,32,28,23,37,0.5000000000000001,0.5870502370144967,0.5115239084198276,0.5502232142857143,0.25328828503771783,0.700332038323766,0,probability_up,4
class__direction_core__linear,class,direction_core,60,0.45,0.45982142857142855,0.442410588566601,0.47619047619047616,0.3125,0.37735849056603776,0.4358974358974359,0.6071428571428571,0.5074626865671642,10,17,11,22,32,28,21,39,0.5250000000000001,0.5070957079063674,0.456639711026013,0.4441964285714286,0.2800437278698854,0.7586129703222702,0,probability_up,4
class__direction_core__xgb,class,direction_core,60,0.48333333333333334,0.484375,0.4831897749374826,0.5172413793103449,0.46875,0.4918032786885246,0.45161290322580644,0.5,0.4745762711864407,15,14,14,17,32,28,29,31,0.5000000000000001,0.5303689869256472,0.46487815105164054,0.46540178571428575,0.25990241687022986,0.7134177658869485,0,probability_up,4
class__direction_core__forest,class,direction_core,60,0.5,0.5022321428571428,0.5,0.5357142857142857,0.46875,0.5,0.46875,0.5357142857142857,0.5,15,15,13,17,32,28,28,32,0.5000000000000001,0.5785644161332424,0.4534341162358245,0.4821428571428572,0.262307113741562,0.7186844853722528,0,probability_up,4
class__direction_core__equal_ensemble,class,direction_core,60,0.4666666666666667,0.47544642857142855,0.4612794612794613,0.5,0.34375,0.4074074074074074,0.4473684210526316,0.6071428571428571,0.5151515151515151,11,17,11,21,32,28,22,38,0.5250000000000001,0.5394431164189804,0.44926563629703353,0.4575892857142857,0.265511114955413,0.7252707581345498,0,probability_up,4
class__price_direction__linear,class,price_direction,60,0.4166666666666667,0.4129464285714286,0.4125874125874126,0.45454545454545453,0.46875,0.46153846153846156,0.37037037037037035,0.35714285714285715,0.36363636363636365,15,10,18,17,32,28,33,27,0.4750000000000001,0.4871209659231439,0.464206546350238,0.4341517857142857,0.297820988924212,0.7992230156007732,0,probability_up,4
class__price_direction__xgb,class,price_direction,60,0.5166666666666667,0.5290178571428572,0.5055413469735721,0.5789473684210527,0.34375,0.43137254901960786,0.4878048780487805,0.7142857142857143,0.5797101449275363,11,20,8,21,32,28,19,41,0.5250000000000001,0.594641459137096,0.5185178879288403,0.5290178571428571,0.26351940119834155,0.722255918801311,0,probability_up,4
class__price_direction__forest,class,price_direction,60,0.5666666666666667,0.5848214285714286,0.5417156286721504,0.7142857142857143,0.3125,0.43478260869565216,0.5217391304347826,0.8571428571428571,0.6486486486486487,10,24,4,22,32,28,14,46,0.5750000000000002,0.6421008836531881,0.5014441960038396,0.5446428571428572,0.26485125802205695,0.7288508267514558,0,probability_up,4
class__price_direction__equal_ensemble,class,price_direction,60,0.48333333333333334,0.49330357142857145,0.4762038862292312,0.5238095238095238,0.34375,0.41509433962264153,0.46153846153846156,0.6428571428571429,0.5373134328358209,11,18,10,21,32,28,21,39,0.5250000000000001,0.5634210902314765,0.5029407789198186,0.4955357142857143,0.2715612634790385,0.7395201151688854,0,probability_up,4
class__cot_direction__linear,class,cot_direction,60,0.5166666666666667,0.5223214285714286,0.5154553049289892,0.56,0.4375,0.49122807017543857,0.4857142857142857,0.6071428571428571,0.5396825396825397,14,17,11,18,32,28,25,35,0.45000000000000007,0.6463411082650559,0.5790071998875985,0.5591517857142857,0.2606086652272689,0.7129774917947367,0,probability_up,4
class__cot_direction__xgb,class,cot_direction,60,0.5,0.4955357142857143,0.4949494949494949,0.5294117647058824,0.5625,0.5454545454545454,0.46153846153846156,0.42857142857142855,0.4444444444444444,18,12,16,14,32,28,34,26,0.4750000000000001,0.5974422623023071,0.44644516154847047,0.49330357142857145,0.26384171220884,0.7223983379000016,0,probability_up,4
class__cot_direction__forest,class,cot_direction,60,0.4666666666666667,0.46875,0.4666666666666667,0.5,0.4375,0.4666666666666667,0.4375,0.5,0.4666666666666667,14,14,14,18,32,28,28,32,0.5250000000000001,0.5913660426253977,0.4238680919777407,0.4665178571428571,0.2770509835053893,0.7527729747502377,0,probability_up,4
class__cot_direction__equal_ensemble,class,cot_direction,60,0.5,0.49776785714285715,0.49776785714285715,0.53125,0.53125,0.53125,0.4642857142857143,0.4642857142857143,0.4642857142857143,17,13,15,15,32,28,32,28,0.45000000000000007,0.6175194942488513,0.4569476142179418,0.5,0.2622719431973359,0.7191568551724277,0,probability_up,4
class__weather_direction__linear,class,weather_direction,60,0.55,0.5602678571428572,0.5437904815544916,0.6190476190476191,0.40625,0.49056603773584906,0.5128205128205128,0.7142857142857143,0.5970149253731343,13,20,8,19,32,28,21,39,0.5250000000000001,0.5846488956263473,0.46496082646081277,0.5178571428571428,0.28599491639093483,0.7873606864259759,0,probability_up,4
class__weather_direction__xgb,class,weather_direction,60,0.5,0.48660714285714285,0.4712103407755582,0.5238095238095238,0.6875,0.5945945945945946,0.4444444444444444,0.2857142857142857,0.34782608695652173,22,8,20,10,32,28,42,18,0.42500000000000004,0.6155408759860003,0.5549924040953655,0.5569196428571429,0.2502973838991773,0.6936409374651377,0,probability_up,4
class__weather_direction__forest,class,weather_direction,60,0.5166666666666667,0.5200892857142857,0.5165323701028064,0.5555555555555556,0.46875,0.5084745762711864,0.48484848484848486,0.5714285714285714,0.5245901639344263,15,16,12,17,32,28,27,33,0.4750000000000001,0.6009847908345763,0.5242324737812752,0.5401785714285714,0.25691640476394023,0.7087607108989645,0,probability_up,4
class__weather_direction__equal_ensemble,class,weather_direction,60,0.5,0.5044642857142857,0.4994438264738599,0.5384615384615384,0.4375,0.4827586206896552,0.47058823529411764,0.5714285714285714,0.5161290322580645,14,16,12,18,32,28,26,34,0.4750000000000001,0.5813336168832229,0.49741516170421507,0.5390625,0.25794261330135576,0.7110431066241045,0,probability_up,4
class__engineered_direction__linear,class,engineered_direction,60,0.5166666666666667,0.5223214285714286,0.5154553049289892,0.56,0.4375,0.49122807017543857,0.4857142857142857,0.6071428571428571,0.5396825396825397,14,17,11,18,32,28,25,35,0.35,0.5999710059413026,0.5996685826546267,0.5591517857142858,0.3244087869958516,0.9075217767557202,0,probability_up,4
class__engineered_direction__xgb,class,engineered_direction,60,0.5,0.48660714285714285,0.4712103407755582,0.5238095238095238,0.6875,0.5945945945945946,0.4444444444444444,0.2857142857142857,0.34782608695652173,22,8,20,10,32,28,42,18,0.45000000000000007,0.537991568786784,0.49714653119248003,0.49107142857142855,0.25667491802250303,0.7069536332719604,0,probability_up,4
class__engineered_direction__forest,class,engineered_direction,60,0.4666666666666667,0.46651785714285715,0.4660734149054505,0.5,0.46875,0.4838709677419355,0.43333333333333335,0.4642857142857143,0.4482758620689655,15,13,15,17,32,28,30,30,0.4750000000000001,0.5953014375142691,0.5125940839547465,0.5256696428571429,0.2562539968171352,0.7063044658577536,0,probability_up,4
class__engineered_direction__equal_ensemble,class,engineered_direction,60,0.5333333333333333,0.53125,0.53125,0.5625,0.5625,0.5625,0.5,0.5,0.5,18,14,14,14,32,28,32,28,0.4,0.5981630595742272,0.5513948890937054,0.5345982142857142,0.26462758851031876,0.7241517527896565,0,probability_up,4
reg__basic__linear,reg,basic,60,0.5,0.4933035714285714,0.4909502262443439,0.5277777777777778,0.59375,0.5588235294117647,0.4583333333333333,0.39285714285714285,0.4230769230769231,19,11,17,13,32,28,36,24,0.5,0.5475877307105985,0.5000463385066068,0.5122767857142858,,,0,uncalibrated_return_rank_score,4
reg__basic__xgb,reg,basic,60,0.5833333333333334,0.5758928571428572,0.5737425404944586,0.5945945945945946,0.6875,0.6376811594202898,0.5652173913043478,0.4642857142857143,0.5098039215686274,22,13,15,10,32,28,37,23,0.5,0.6364917903212819,0.5605851417462143,0.5736607142857143,,,0,uncalibrated_return_rank_score,4
reg__basic__forest,reg,basic,60,0.5166666666666667,0.5133928571428572,0.5132867132867133,0.5454545454545454,0.5625,0.5538461538461539,0.48148148148148145,0.4642857142857143,0.4727272727272727,18,13,15,14,32,28,33,27,0.5,0.6564416399698493,0.6011032458648704,0.5881696428571428,,,0,uncalibrated_return_rank_score,4
reg__basic__equal_ensemble,reg,basic,60,0.5333333333333333,0.5267857142857143,0.5248868778280543,0.5555555555555556,0.625,0.5882352941176471,0.5,0.42857142857142855,0.46153846153846156,20,12,16,12,32,28,36,24,0.5,0.6390526792594488,0.5606576710075105,0.5569196428571429,,,0,uncalibrated_return_rank_score,4
reg__direction_core__linear,reg,direction_core,60,0.4166666666666667,0.4107142857142857,0.4086172909039707,0.45714285714285713,0.5,0.47761194029850745,0.36,0.32142857142857145,0.33962264150943394,16,9,19,16,32,28,35,25,0.5,0.512239659999265,0.47484063479471206,0.4575892857142858,,,0,uncalibrated_return_rank_score,4
reg__direction_core__xgb,reg,direction_core,60,0.48333333333333334,0.46875,0.4488888888888889,0.5116279069767442,0.6875,0.5866666666666667,0.4117647058823529,0.25,0.3111111111111111,22,7,21,10,32,28,43,17,0.5,0.5752960985678464,0.5272488355507905,0.515625,,,0,uncalibrated_return_rank_score,4
reg__direction_core__forest,reg,direction_core,60,0.48333333333333334,0.46875,0.4488888888888889,0.5116279069767442,0.6875,0.5866666666666667,0.4117647058823529,0.25,0.3111111111111111,22,7,21,10,32,28,43,17,0.5,0.6072253354533017,0.5328726556037179,0.5200892857142857,,,0,uncalibrated_return_rank_score,4
reg__direction_core__equal_ensemble,reg,direction_core,60,0.4666666666666667,0.45535714285714285,0.4444444444444444,0.5,0.625,0.5555555555555556,0.4,0.2857142857142857,0.3333333333333333,20,8,20,12,32,28,40,20,0.5,0.5638691765229304,0.515662858655628,0.4921875,,,0,uncalibrated_return_rank_score,4
reg__price_direction__linear,reg,price_direction,60,0.4166666666666667,0.4129464285714286,0.4125874125874126,0.45454545454545453,0.46875,0.46153846153846156,0.37037037037037035,0.35714285714285715,0.36363636363636365,15,10,18,17,32,28,33,27,0.5,0.5096169464063082,0.45868236573154725,0.4497767857142857,,,0,uncalibrated_return_rank_score,4
reg__price_direction__xgb,reg,price_direction,60,0.48333333333333334,0.4732142857142857,0.4653636102328256,0.5128205128205128,0.625,0.5633802816901409,0.42857142857142855,0.32142857142857145,0.3673469387755102,20,9,19,12,32,28,39,21,0.5,0.6028443810214247,0.5198365000714062,0.5379464285714285,,,0,uncalibrated_return_rank_score,4
reg__price_direction__forest,reg,price_direction,60,0.4666666666666667,0.4642857142857143,0.4642857142857143,0.5,0.5,0.5,0.42857142857142855,0.42857142857142855,0.42857142857142855,16,12,16,16,32,28,32,28,0.5,0.5926276437512267,0.4840303964993297,0.4921875,,,0,uncalibrated_return_rank_score,4
reg__price_direction__equal_ensemble,reg,price_direction,60,0.45,0.4441964285714286,0.442410588566601,0.4857142857142857,0.53125,0.5074626865671642,0.4,0.35714285714285715,0.37735849056603776,17,10,18,15,32,28,35,25,0.5,0.5544576430177665,0.49926602273721893,0.4944196428571429,,,0,uncalibrated_return_rank_score,4
reg__cot_direction__linear,reg,cot_direction,60,0.45,0.45535714285714285,0.44862155388471175,0.48,0.375,0.42105263157894735,0.42857142857142855,0.5357142857142857,0.47619047619047616,12,15,13,20,32,28,25,35,0.5,0.6001852978271524,0.5606405162216013,0.5245535714285714,,,0,uncalibrated_return_rank_score,4
reg__cot_direction__xgb,reg,cot_direction,60,0.5,0.48660714285714285,0.4712103407755582,0.5238095238095238,0.6875,0.5945945945945946,0.4444444444444444,0.2857142857142857,0.34782608695652173,22,8,20,10,32,28,42,18,0.5,0.6113389215234029,0.5101532372056184,0.5245535714285714,,,0,uncalibrated_return_rank_score,4
reg__cot_direction__forest,reg,cot_direction,60,0.48333333333333334,0.4799107142857143,0.47972027972027975,0.5151515151515151,0.53125,0.5230769230769231,0.4444444444444444,0.42857142857142855,0.43636363636363634,17,12,16,15,32,28,33,27,0.5,0.6317477303318426,0.5018152532480534,0.5267857142857143,,,0,uncalibrated_return_rank_score,4
reg__cot_direction__equal_ensemble,reg,cot_direction,60,0.4666666666666667,0.46875,0.4666666666666667,0.5,0.4375,0.4666666666666667,0.4375,0.5,0.4666666666666667,14,14,14,18,32,28,28,32,0.5,0.6120573041280841,0.542648588297762,0.53125,,,0,uncalibrated_return_rank_score,4
reg__weather_direction__linear,reg,weather_direction,60,0.5166666666666667,0.5111607142857143,0.5099971838918614,0.5428571428571428,0.59375,0.5671641791044776,0.48,0.42857142857142855,0.4528301886792453,19,12,16,13,32,28,35,25,0.5,0.573899442760082,0.5306703891933556,0.5345982142857144,,,0,uncalibrated_return_rank_score,4
reg__weather_direction__xgb,reg,weather_direction,60,0.55,0.5401785714285714,0.5343489508479448,0.5641025641025641,0.6875,0.6197183098591549,0.5238095238095238,0.39285714285714285,0.4489795918367347,22,11,17,10,32,28,39,21,0.5,0.6214574618012604,0.5504413825768593,0.5725446428571428,,,0,uncalibrated_return_rank_score,4
reg__weather_direction__forest,reg,weather_direction,60,0.5,0.4933035714285714,0.4909502262443439,0.5277777777777778,0.59375,0.5588235294117647,0.4583333333333333,0.39285714285714285,0.4230769230769231,19,11,17,13,32,28,36,24,0.5,0.6453759063668543,0.5512457572474417,0.5691964285714286,,,0,uncalibrated_return_rank_score,4
reg__weather_direction__equal_ensemble,reg,weather_direction,60,0.5166666666666667,0.5133928571428572,0.5132867132867133,0.5454545454545454,0.5625,0.5538461538461539,0.48148148148148145,0.4642857142857143,0.4727272727272727,18,13,15,14,32,28,33,27,0.5,0.6018244309991543,0.5588209510843175,0.5669642857142857,,,0,uncalibrated_return_rank_score,4
reg__engineered_direction__linear,reg,engineered_direction,60,0.4666666666666667,0.47544642857142855,0.4612794612794613,0.5,0.34375,0.4074074074074074,0.4473684210526316,0.6071428571428571,0.5151515151515151,11,17,11,21,32,28,22,38,0.5,0.5847979336275486,0.5517993390233883,0.515625,,,0,uncalibrated_return_rank_score,4
reg__engineered_direction__xgb,reg,engineered_direction,60,0.5666666666666667,0.5558035714285714,0.548611111111111,0.575,0.71875,0.6388888888888888,0.55,0.39285714285714285,0.4583333333333333,23,11,17,9,32,28,40,20,0.5,0.6051339866574584,0.5668862680855686,0.5758928571428571,,,0,uncalibrated_return_rank_score,4
reg__engineered_direction__forest,reg,engineered_direction,60,0.5166666666666667,0.5089285714285714,0.5055413469735721,0.5405405405405406,0.625,0.5797101449275363,0.4782608695652174,0.39285714285714285,0.43137254901960786,20,11,17,12,32,28,37,23,0.5,0.607944317887281,0.5510627869552613,0.5323660714285714,,,0,uncalibrated_return_rank_score,4
reg__engineered_direction__equal_ensemble,reg,engineered_direction,60,0.5,0.5022321428571428,0.5,0.5357142857142857,0.46875,0.5,0.46875,0.5357142857142857,0.5,15,15,13,17,32,28,28,32,0.5,0.5983519068383414,0.5436685134810353,0.5412946428571429,,,0,uncalibrated_return_rank_score,4
selected_direction,class,weather_direction,60,0.5,0.5044642857142857,0.4994438264738599,0.5384615384615384,0.4375,0.4827586206896552,0.47058823529411764,0.5714285714285714,0.5161290322580645,14,16,12,18,32,28,26,34,0.4750000000000001,0.5813336168832229,0.49741516170421507,0.5390625,0.25794261330135576,0.7110431066241045,0,probability_up,4
selected_return,reg,basic,60,0.5833333333333334,0.5758928571428572,0.5737425404944586,0.5945945945945946,0.6875,0.6376811594202898,0.5652173913043478,0.4642857142857143,0.5098039215686274,22,13,15,10,32,28,37,23,0.5,0.6364917903212819,0.5605851417462143,0.5736607142857143,,,0,uncalibrated_return_rank_score,4
baseline_monthly_return,reg,previous,60,0.5333333333333333,0.5223214285714286,0.513888888888889,0.55,0.6875,0.6111111111111112,0.5,0.35714285714285715,0.4166666666666667,22,10,18,10,32,28,40,20,0.5,0.6747930592751173,0.5865014497188841,0.5982142857142857,,,0,uncalibrated_return_rank_score,4
baseline_paper_return,reg,previous,60,0.5166666666666667,0.515625,0.5154553049289892,0.5483870967741935,0.53125,0.5396825396825397,0.4827586206896552,0.5,0.49122807017543857,17,14,14,15,32,28,31,29,0.5,0.562318590114089,0.5248085184556485,0.5301339285714286,,,0,uncalibrated_return_rank_score,4
baseline_mean_return,reg,previous,60,0.5333333333333333,0.5,0.34782608695652173,0.5333333333333333,1.0,0.6956521739130435,0.0,0.0,0.0,32,0,28,0,32,28,60,0,0.5,0.4991731925361118,0.4537993780985091,0.4698660714285714,,,0,uncalibrated_return_rank_score,4
baseline_zero_return,reg,previous,60,0.5333333333333333,0.5,0.34782608695652173,0.5333333333333333,1.0,0.6956521739130435,0.0,0.0,0.0,32,0,28,0,32,28,60,0,0.5,0.5333333333333333,0.4666666666666667,0.5,,,0,uncalibrated_return_rank_score,4
baseline_majority,baseline,previous,60,0.4666666666666667,0.5,0.3181818181818182,0.0,0.0,0.0,0.4666666666666667,1.0,0.6363636363636364,0,28,0,32,32,28,0,60,0.5,0.5017113444303993,0.44785352845339227,0.46875,0.251564817910532,0.6962785179197762,0,probability_up,4
always_up,baseline,previous,60,0.5333333333333333,0.5,0.34782608695652173,0.5333333333333333,1.0,0.6956521739130435,0.0,0.0,0.0,32,0,28,0,32,28,60,0,0.5,0.5333333333333333,0.4666666666666667,0.5,0.4666666666666667,16.820371581588002,0,probability_up,4
always_down,baseline,previous,60,0.4666666666666667,0.5,0.3181818181818182,0.0,0.0,0.0,0.4666666666666667,1.0,0.6363636363636364,0,28,0,32,32,28,0,60,0.5,0.5333333333333333,0.4666666666666667,0.5,0.5333333333333333,19.22328180752915,0,probability_up,4
class__basic__linear,class,basic,60,0.5666666666666667,0.5757575757575757,0.5661846496106786,0.64,0.48484848484848486,0.5517241379310345,0.5142857142857142,0.6666666666666666,0.5806451612903226,16,18,9,17,33,27,25,35,0.5000000000000001,0.591483562440955,0.44035277653785326,0.510662177328844,0.260691848200224,0.7163843358414245,0,probability_up,5
class__basic__xgb,class,basic,60,0.5333333333333333,0.5454545454545454,0.53125,0.6086956521739131,0.42424242424242425,0.5,0.4864864864864865,0.6666666666666666,0.5625,14,18,9,19,33,27,23,37,0.5000000000000001,0.5599573498313866,0.4900382362655697,0.5039281705948373,0.2595303965041938,0.713223139089324,0,probability_up,5
class__basic__forest,class,basic,60,0.5,0.5084175084175084,0.4994438264738599,0.56,0.42424242424242425,0.4827586206896552,0.45714285714285713,0.5925925925925926,0.5161290322580645,14,16,11,19,33,27,25,35,0.5000000000000001,0.6215462839239955,0.5053486116637085,0.5566778900112234,0.25235296113099803,0.6982993083650917,0,probability_up,5
class__basic__equal_ensemble,class,basic,60,0.5166666666666667,0.5269360269360269,0.5154553049289892,0.5833333333333334,0.42424242424242425,0.49122807017543857,0.4722222222222222,0.6296296296296297,0.5396825396825397,14,17,10,19,33,27,24,36,0.5000000000000001,0.5876216056110036,0.4795406804615889,0.5297418630751964,0.2563735327186852,0.7067328203351728,0,probability_up,5
class__direction_core__linear,class,direction_core,60,0.48333333333333334,0.49663299663299665,0.47972027972027975,0.5454545454545454,0.36363636363636365,0.43636363636363634,0.4473684210526316,0.6296296296296297,0.5230769230769231,12,17,10,21,33,27,22,38,0.5250000000000001,0.6019923739170183,0.5214941319738742,0.5331088664421998,0.26411468873237814,0.723551981779631,0,probability_up,5
class__direction_core__xgb,class,direction_core,60,0.4666666666666667,0.468013468013468,0.4660734149054505,0.5172413793103449,0.45454545454545453,0.4838709677419355,0.41935483870967744,0.48148148148148145,0.4482758620689655,15,13,14,18,33,27,29,31,0.5000000000000001,0.5787165642743438,0.46896249187078587,0.47586980920314254,0.2600699406725005,0.713560765642093,0,probability_up,5
class__direction_core__forest,class,direction_core,60,0.48333333333333334,0.4865319865319865,0.4831897749374826,0.5357142857142857,0.45454545454545453,0.4918032786885246,0.4375,0.5185185185185185,0.4745762711864407,15,14,13,18,33,27,28,32,0.5000000000000001,0.5921442676851049,0.44425481135194245,0.4691358024691358,0.2621400335992559,0.7180417248541673,0,probability_up,5
class__direction_core__equal_ensemble,class,direction_core,60,0.4666666666666667,0.4781144781144781,0.4642857142857143,0.5217391304347826,0.36363636363636365,0.42857142857142855,0.43243243243243246,0.5925925925925926,0.5,12,16,11,21,33,27,23,37,0.5250000000000001,0.6082818038697078,0.47869885137479196,0.4971941638608306,0.2603283368539428,0.7142312474229972,0,probability_up,5
class__price_direction__linear,class,price_direction,60,0.48333333333333334,0.48316498316498313,0.48203842940685043,0.5333333333333333,0.48484848484848486,0.5079365079365079,0.43333333333333335,0.48148148148148145,0.45614035087719296,16,13,14,17,33,27,30,30,0.4750000000000001,0.5051407091438486,0.43099690835013815,0.43658810325476993,0.2938215161530142,0.7901229518256435,0,probability_up,5
class__price_direction__xgb,class,price_direction,60,0.48333333333333334,0.5,0.4762038862292312,0.55,0.3333333333333333,0.41509433962264153,0.45,0.6666666666666666,0.5373134328358209,11,18,9,22,33,27,20,40,0.5250000000000001,0.5900355186260493,0.4917965904661106,0.5207631874298542,0.26510436861747866,0.7260868820503268,0,probability_up,5
class__price_direction__forest,class,price_direction,60,0.5333333333333333,0.5622895622895623,0.5064629847238543,0.6923076923076923,0.2727272727272727,0.391304347826087,0.48936170212765956,0.8518518518518519,0.6216216216216216,9,23,4,24,33,27,13,47,0.5750000000000002,0.6401838376813358,0.5103537987548941,0.547699214365881,0.26251657408958,0.7236060974500264,0,probability_up,5
class__price_direction__equal_ensemble,class,price_direction,60,0.48333333333333334,0.49663299663299665,0.47972027972027975,0.5454545454545454,0.36363636363636365,0.43636363636363634,0.4473684210526316,0.6296296296296297,0.5230769230769231,12,17,10,21,33,27,22,38,0.5250000000000001,0.5791660418984425,0.4660451602952983,0.4983164983164984,0.27041280085861263,0.7376665959107803,0,probability_up,5
class__cot_direction__linear,class,cot_direction,60,0.5333333333333333,0.5387205387205387,0.5333333333333333,0.5925925925925926,0.48484848484848486,0.5333333333333333,0.48484848484848486,0.5925925925925926,0.5333333333333333,16,16,11,17,33,27,27,33,0.45000000000000007,0.6662537054267745,0.570983217727147,0.5937149270482603,0.2546955541692396,0.7024994257707096,0,probability_up,5
class__cot_direction__xgb,class,cot_direction,60,0.4666666666666667,0.46464646464646464,0.4642857142857143,0.5161290322580645,0.48484848484848486,0.5,0.41379310344827586,0.4444444444444444,0.42857142857142855,16,12,15,17,33,27,31,29,0.4750000000000001,0.6082392961957785,0.4662824837031523,0.5140291806958474,0.25999155777484634,0.7140635512120724,0,probability_up,5
class__cot_direction__forest,class,cot_direction,60,0.5333333333333333,0.5387205387205387,0.5333333333333333,0.5925925925925926,0.48484848484848486,0.5333333333333333,0.48484848484848486,0.5925925925925926,0.5333333333333333,16,16,11,17,33,27,27,33,0.5250000000000001,0.606569499458192,0.4397754466083649,0.5016835016835016,0.26915761602633564,0.7357560434167832,0,probability_up,5
class__cot_direction__equal_ensemble,class,cot_direction,60,0.5166666666666667,0.5101010101010102,0.5099971838918614,0.5588235294117647,0.5757575757575758,0.5671641791044776,0.46153846153846156,0.4444444444444444,0.4528301886792453,19,12,15,14,33,27,34,26,0.45000000000000007,0.6408346977920789,0.4888880288540457,0.5432098765432098,0.2570524003722346,0.7084906574588957,0,probability_up,5
class__weather_direction__linear,class,weather_direction,60,0.5333333333333333,0.5454545454545454,0.53125,0.6086956521739131,0.42424242424242425,0.5,0.4864864864864865,0.6666666666666666,0.5625,14,18,9,19,33,27,23,37,0.5250000000000001,0.6256863464502516,0.47467426589605044,0.5387205387205387,0.27915224964948115,0.7708824964802956,0,probability_up,5
class__weather_direction__xgb,class,weather_direction,60,0.55,0.5303030303030303,0.52,0.5714285714285714,0.7272727272727273,0.64,0.5,0.3333333333333333,0.4,24,9,18,9,33,27,42,18,0.42500000000000004,0.5948002170537978,0.5311627325863164,0.5308641975308642,0.254581617854664,0.7026836222671241,0,probability_up,5
class__weather_direction__forest,class,weather_direction,60,0.48333333333333334,0.48316498316498313,0.48203842940685043,0.5333333333333333,0.48484848484848486,0.5079365079365079,0.43333333333333335,0.48148148148148145,0.45614035087719296,16,13,14,17,33,27,30,30,0.4750000000000001,0.6483835781795895,0.5190404640922601,0.54320987654321,0.25828694332070096,0.7098044246235138,0,probability_up,5
class__weather_direction__equal_ensemble,class,weather_direction,60,0.4666666666666667,0.47138047138047134,0.4666666666666667,0.5185185185185185,0.42424242424242425,0.4666666666666667,0.42424242424242425,0.5185185185185185,0.4666666666666667,14,14,13,19,33,27,27,33,0.4750000000000001,0.6247812280297539,0.4997440832859252,0.5544332210998878,0.2567831272573192,0.7078816561614656,0,probability_up,5
class__engineered_direction__linear,class,engineered_direction,60,0.4666666666666667,0.47474747474747475,0.4660734149054505,0.52,0.3939393939393939,0.4482758620689655,0.42857142857142855,0.5555555555555556,0.4838709677419355,13,15,12,20,33,27,25,35,0.35,0.6172210731209271,0.6166749014115904,0.5634118967452301,0.34432980115986644,0.9407964693004762,0,probability_up,5
class__engineered_direction__xgb,class,engineered_direction,60,0.5333333333333333,0.5117845117845118,0.49760765550239233,0.5581395348837209,0.7272727272727273,0.631578947368421,0.47058823529411764,0.2962962962962963,0.36363636363636365,24,8,19,9,33,27,43,17,0.45000000000000007,0.6065362219801779,0.5299408326176195,0.5499438832772167,0.249200042605856,0.6916806104639639,0,probability_up,5
class__engineered_direction__forest,class,engineered_direction,60,0.55,0.5471380471380471,0.5468531468531468,0.59375,0.5757575757575758,0.5846153846153846,0.5,0.5185185185185185,0.509090909090909,19,14,13,14,33,27,32,28,0.4750000000000001,0.6213486536558155,0.5300314644017472,0.5622895622895623,0.25072898168452123,0.6950504381643962,0,probability_up,5
class__engineered_direction__equal_ensemble,class,engineered_direction,60,0.55,0.5471380471380471,0.5468531468531468,0.59375,0.5757575757575758,0.5846153846153846,0.5,0.5185185185185185,0.509090909090909,19,14,13,14,33,27,32,28,0.4,0.6072300155676056,0.5716266965611478,0.5499438832772167,0.2656071342472869,0.7254104140836689,0,probability_up,5
reg__basic__linear,reg,basic,60,0.5666666666666667,0.5622895622895623,0.5622895622895623,0.6060606060606061,0.6060606060606061,0.6060606060606061,0.5185185185185185,0.5185185185185185,0.5185185185185185,20,14,13,13,33,27,33,27,0.5,0.6060352212887762,0.478289892086074,0.5510662177328844,,,0,uncalibrated_return_rank_score,5
reg__basic__xgb,reg,basic,60,0.5666666666666667,0.5555555555555556,0.5542857142857143,0.5945945945945946,0.6666666666666666,0.6285714285714286,0.5217391304347826,0.4444444444444444,0.48,22,12,15,11,33,27,37,23,0.5,0.6659292934239893,0.5372125539014212,0.5712682379349046,,,0,uncalibrated_return_rank_score,5
reg__basic__forest,reg,basic,60,0.5333333333333333,0.5252525252525253,0.5248868778280543,0.5714285714285714,0.6060606060606061,0.5882352941176471,0.48,0.4444444444444444,0.46153846153846156,20,12,15,13,33,27,35,25,0.5,0.7146929232933987,0.5926303491303262,0.6150392817059485,,,0,uncalibrated_return_rank_score,5
reg__basic__equal_ensemble,reg,basic,60,0.5666666666666667,0.5555555555555556,0.5542857142857143,0.5945945945945946,0.6666666666666666,0.6285714285714286,0.5217391304347826,0.4444444444444444,0.48,22,12,15,11,33,27,37,23,0.5,0.6766567835668622,0.5496047334771303,0.590347923681257,,,0,uncalibrated_return_rank_score,5
reg__direction_core__linear,reg,direction_core,60,0.48333333333333334,0.48316498316498313,0.48203842940685043,0.5333333333333333,0.48484848484848486,0.5079365079365079,0.43333333333333335,0.48148148148148145,0.45614035087719296,16,13,14,17,33,27,30,30,0.5,0.5992253396983117,0.5026158891421432,0.5230078563411897,,,0,uncalibrated_return_rank_score,5
reg__direction_core__xgb,reg,direction_core,60,0.5,0.48484848484848486,0.4791666666666667,0.5384615384615384,0.6363636363636364,0.5833333333333334,0.42857142857142855,0.3333333333333333,0.375,21,9,18,12,33,27,39,21,0.5,0.6376369884544402,0.4968667994132499,0.5230078563411897,,,0,uncalibrated_return_rank_score,5
reg__direction_core__forest,reg,direction_core,60,0.4666666666666667,0.44781144781144777,0.43595769682726204,0.5121951219512195,0.6363636363636364,0.5675675675675675,0.3684210526315789,0.25925925925925924,0.30434782608695654,21,7,20,12,33,27,41,19,0.5,0.6810927082414193,0.5187305928836057,0.5521885521885522,,,0,uncalibrated_return_rank_score,5
reg__direction_core__equal_ensemble,reg,direction_core,60,0.4666666666666667,0.4545454545454546,0.4514285714285714,0.5135135135135135,0.5757575757575758,0.5428571428571428,0.391304347826087,0.3333333333333333,0.36,19,9,18,14,33,27,37,23,0.5,0.645638205022806,0.5059591751447867,0.5274971941638609,,,0,uncalibrated_return_rank_score,5
reg__price_direction__linear,reg,price_direction,60,0.43333333333333335,0.4276094276094276,0.4276094276094276,0.48484848484848486,0.48484848484848486,0.48484848484848486,0.37037037037037035,0.37037037037037035,0.37037037037037035,16,10,17,17,33,27,33,27,0.5,0.5321375393254226,0.44254415887702303,0.45566778900112237,,,0,uncalibrated_return_rank_score,5
reg__price_direction__xgb,reg,price_direction,60,0.5,0.48148148148148145,0.4712103407755582,0.5365853658536586,0.6666666666666666,0.5945945945945946,0.42105263157894735,0.2962962962962963,0.34782608695652173,22,8,19,11,33,27,41,19,0.5,0.6107242842728905,0.48425141547976613,0.5196408529741863,,,0,uncalibrated_return_rank_score,5
reg__price_direction__forest,reg,price_direction,60,0.48333333333333334,0.4797979797979798,0.47972027972027975,0.53125,0.5151515151515151,0.5230769230769231,0.42857142857142855,0.4444444444444444,0.43636363636363634,17,12,15,16,33,27,32,28,0.5,0.6173609277946114,0.49912677704121877,0.5387205387205387,,,0,uncalibrated_return_rank_score,5
reg__price_direction__equal_ensemble,reg,price_direction,60,0.5,0.4882154882154882,0.4857142857142857,0.5405405405405406,0.6060606060606061,0.5714285714285714,0.43478260869565216,0.37037037037037035,0.4,20,10,17,13,33,27,37,23,0.5,0.5839322866169433,0.4786873965127303,0.510662177328844,,,0,uncalibrated_return_rank_score,5
reg__cot_direction__linear,reg,cot_direction,60,0.5333333333333333,0.5387205387205387,0.5333333333333333,0.5925925925925926,0.48484848484848486,0.5333333333333333,0.48484848484848486,0.5925925925925926,0.5333333333333333,16,16,11,17,33,27,27,33,0.5,0.641328823752127,0.5993708086086895,0.5802469135802469,,,0,uncalibrated_return_rank_score,5
reg__cot_direction__xgb,reg,cot_direction,60,0.5333333333333333,0.5151515151515151,0.5064629847238543,0.5609756097560976,0.696969696969697,0.6216216216216216,0.47368421052631576,0.3333333333333333,0.391304347826087,23,9,18,10,33,27,41,19,0.5,0.6532451495713316,0.5403651087751078,0.5701459034792368,,,0,uncalibrated_return_rank_score,5
reg__cot_direction__forest,reg,cot_direction,60,0.5166666666666667,0.5101010101010102,0.5099971838918614,0.5588235294117647,0.5757575757575758,0.5671641791044776,0.46153846153846156,0.4444444444444444,0.4528301886792453,19,12,15,14,33,27,34,26,0.5,0.6459123507846241,0.5354025899070622,0.5432098765432098,,,0,uncalibrated_return_rank_score,5
reg__cot_direction__equal_ensemble,reg,cot_direction,60,0.5333333333333333,0.5353535353535354,0.5328142380422691,0.5862068965517241,0.5151515151515151,0.5483870967741935,0.4838709677419355,0.5555555555555556,0.5172413793103449,17,15,12,16,33,27,29,31,0.5,0.656432196463597,0.5759916185140046,0.574635241301908,,,0,uncalibrated_return_rank_score,5
reg__weather_direction__linear,reg,weather_direction,60,0.5166666666666667,0.5101010101010102,0.5099971838918614,0.5588235294117647,0.5757575757575758,0.5671641791044776,0.46153846153846156,0.4444444444444444,0.4528301886792453,19,12,15,14,33,27,34,26,0.5,0.6040010980137448,0.4837774517596114,0.5241301907968575,,,0,uncalibrated_return_rank_score,5
reg__weather_direction__xgb,reg,weather_direction,60,0.5,0.4882154882154882,0.4857142857142857,0.5405405405405406,0.6060606060606061,0.5714285714285714,0.43478260869565216,0.37037037037037035,0.4,20,10,17,13,33,27,37,23,0.5,0.6220280488603406,0.5231518674287449,0.5499438832772167,,,0,uncalibrated_return_rank_score,5
reg__weather_direction__forest,reg,weather_direction,60,0.45,0.43939393939393934,0.4373401534526854,0.5,0.5454545454545454,0.5217391304347826,0.375,0.3333333333333333,0.35294117647058826,18,9,18,15,33,27,36,24,0.5,0.6635522469047785,0.5309768899477543,0.5454545454545455,,,0,uncalibrated_return_rank_score,5
reg__weather_direction__equal_ensemble,reg,weather_direction,60,0.55,0.5437710437710438,0.5437904815544916,0.5882352941176471,0.6060606060606061,0.5970149253731343,0.5,0.48148148148148145,0.49056603773584906,20,13,14,13,33,27,34,26,0.5,0.6526260991788236,0.5362827962059616,0.5589225589225589,,,0,uncalibrated_return_rank_score,5
reg__engineered_direction__linear,reg,engineered_direction,60,0.5166666666666667,0.5269360269360269,0.5154553049289892,0.5833333333333334,0.42424242424242425,0.49122807017543857,0.4722222222222222,0.6296296296296297,0.5396825396825397,14,17,10,19,33,27,24,36,0.5,0.5840499573328782,0.5517239827093536,0.5252525252525253,,,0,uncalibrated_return_rank_score,5
reg__engineered_direction__xgb,reg,engineered_direction,60,0.55,0.5269360269360269,0.5107218363032316,0.5681818181818182,0.7575757575757576,0.6493506493506493,0.5,0.2962962962962963,0.37209302325581395,25,8,19,8,33,27,44,16,0.5,0.6056257276783418,0.5408479229174536,0.5521885521885522,,,0,uncalibrated_return_rank_score,5
reg__engineered_direction__forest,reg,engineered_direction,60,0.5,0.4882154882154882,0.4857142857142857,0.5405405405405406,0.6060606060606061,0.5714285714285714,0.43478260869565216,0.37037037037037035,0.4,20,10,17,13,33,27,37,23,0.5,0.621970621253423,0.5377711081445016,0.5297418630751964,,,0,uncalibrated_return_rank_score,5
reg__engineered_direction__equal_ensemble,reg,engineered_direction,60,0.5,0.49831649831649827,0.49776785714285715,0.5483870967741935,0.5151515151515151,0.53125,0.4482758620689655,0.48148148148148145,0.4642857142857143,17,13,14,16,33,27,31,29,0.5,0.6035145360568629,0.5331529125764727,0.5398428731762066,,,0,uncalibrated_return_rank_score,5
selected_direction,class,weather_direction,60,0.4666666666666667,0.47138047138047134,0.4666666666666667,0.5185185185185185,0.42424242424242425,0.4666666666666667,0.42424242424242425,0.5185185185185185,0.4666666666666667,14,14,13,19,33,27,27,33,0.4750000000000001,0.6247812280297539,0.4997440832859252,0.5544332210998878,0.2567831272573192,0.7078816561614656,0,probability_up,5
selected_return,reg,basic,60,0.5666666666666667,0.5555555555555556,0.5542857142857143,0.5945945945945946,0.6666666666666666,0.6285714285714286,0.5217391304347826,0.4444444444444444,0.48,22,12,15,11,33,27,37,23,0.5,0.6659292934239893,0.5372125539014212,0.5712682379349046,,,0,uncalibrated_return_rank_score,5
baseline_monthly_return,reg,previous,60,0.55,0.537037037037037,0.5343489508479448,0.5789473684210527,0.6666666666666666,0.6197183098591549,0.5,0.4074074074074074,0.4489795918367347,22,11,16,11,33,27,38,22,0.5,0.7050627571847999,0.5535245743864987,0.6083052749719416,,,0,uncalibrated_return_rank_score,5
baseline_paper_return,reg,previous,60,0.5333333333333333,0.531986531986532,0.53125,0.5806451612903226,0.5454545454545454,0.5625,0.4827586206896552,0.5185185185185185,0.5,18,14,13,15,33,27,31,29,0.5,0.5781688931178159,0.50604558362787,0.5364758698092031,,,0,uncalibrated_return_rank_score,5
baseline_mean_return,reg,previous,60,0.55,0.5,0.3548387096774194,0.55,1.0,0.7096774193548387,0.0,0.0,0.0,33,0,27,0,33,27,60,0,0.5,0.5017882699535529,0.43197108756368624,0.44276094276094274,,,0,uncalibrated_return_rank_score,5
baseline_zero_return,reg,previous,60,0.55,0.5,0.3548387096774194,0.55,1.0,0.7096774193548387,0.0,0.0,0.0,33,0,27,0,33,27,60,0,0.5,0.55,0.45,0.5,,,0,uncalibrated_return_rank_score,5
baseline_majority,baseline,previous,60,0.45,0.5,0.3103448275862069,0.0,0.0,0.0,0.45,1.0,0.6206896551724138,0,27,0,33,33,27,0,60,0.5,0.5009733336675358,0.42048710842807013,0.43378226711560053,0.2522779497327869,0.6977056063776546,0,probability_up,5
always_up,baseline,previous,60,0.55,0.5,0.3548387096774194,0.55,1.0,0.7096774193548387,0.0,0.0,0.0,33,0,27,0,33,27,60,0,0.5,0.55,0.45,0.5,0.45,16.21964402510272,0,probability_up,5
always_down,baseline,previous,60,0.45,0.5,0.3103448275862069,0.0,0.0,0.0,0.45,1.0,0.6206896551724138,0,27,0,33,33,27,0,60,0.5,0.55,0.45,0.5,0.55,19.82400936401444,0,probability_up,5
class__basic__linear,class,basic,60,0.55,0.5558035714285714,0.5488721804511278,0.6,0.46875,0.5263157894736842,0.5142857142857142,0.6428571428571429,0.5714285714285714,15,18,10,17,32,28,25,35,0.5000000000000001,0.5671193573947997,0.45223168666918656,0.5044642857142857,0.2615321627155304,0.7181227853767512,0,probability_up,6
class__basic__xgb,class,basic,60,0.5166666666666667,0.5245535714285714,0.5132867132867133,0.5652173913043478,0.40625,0.4727272727272727,0.4864864864864865,0.6428571428571429,0.5538461538461539,13,18,10,19,32,28,23,37,0.5000000000000001,0.5416369384800043,0.4969730803897543,0.4921875,0.261544452237499,0.7172531231660165,0,probability_up,6
class__basic__forest,class,basic,60,0.5,0.5066964285714286,0.49776785714285715,0.5416666666666666,0.40625,0.4642857142857143,0.4722222222222222,0.6071428571428571,0.53125,13,17,11,19,32,28,24,36,0.5000000000000001,0.6112559466758946,0.5184543030040168,0.5580357142857143,0.2517729276994472,0.6971454823200733,0,probability_up,6
class__basic__equal_ensemble,class,basic,60,0.5166666666666667,0.5245535714285714,0.5132867132867133,0.5652173913043478,0.40625,0.4727272727272727,0.4864864864864865,0.6428571428571429,0.5538461538461539,13,18,10,19,32,28,23,37,0.5000000000000001,0.5685884527392558,0.4891056026061576,0.5200892857142857,0.257131181515241,0.708251750960341,0,probability_up,6
class__direction_core__linear,class,direction_core,60,0.4666666666666667,0.47544642857142855,0.4612794612794613,0.5,0.34375,0.4074074074074074,0.4473684210526316,0.6071428571428571,0.5151515151515151,11,17,11,21,32,28,22,38,0.5250000000000001,0.575019162826736,0.5244948090013938,0.5100446428571429,0.2670642589599487,0.7295041648370592,0,probability_up,6
class__direction_core__xgb,class,direction_core,60,0.45,0.45089285714285715,0.44984717977215893,0.4827586206896552,0.4375,0.45901639344262296,0.41935483870967744,0.4642857142857143,0.4406779661016949,14,13,15,18,32,28,29,31,0.5000000000000001,0.5599578086950546,0.4742807849937425,0.46205357142857145,0.2612738683383571,0.7159714587822014,0,probability_up,6
class__direction_core__forest,class,direction_core,60,0.48333333333333334,0.48660714285714285,0.4831897749374826,0.5185185185185185,0.4375,0.4745762711864407,0.45454545454545453,0.5357142857142857,0.4918032786885246,14,15,13,18,32,28,27,33,0.5000000000000001,0.580435671117664,0.45338424584771647,0.4642857142857143,0.26287525916375737,0.7195584222800044,0,probability_up,6
class__direction_core__equal_ensemble,class,direction_core,60,0.45,0.4575892857142857,0.4461538461538462,0.4782608695652174,0.34375,0.4,0.43243243243243246,0.5714285714285714,0.49230769230769234,11,16,12,21,32,28,23,37,0.5250000000000001,0.5868453966617836,0.48415959232997935,0.4832589285714286,0.26200715182931683,0.7176314808347438,0,probability_up,6
class__price_direction__linear,class,price_direction,60,0.45,0.4486607142857143,0.44862155388471175,0.4838709677419355,0.46875,0.47619047619047616,0.41379310344827586,0.42857142857142855,0.42105263157894735,15,12,16,17,32,28,31,29,0.4750000000000001,0.4642743402077144,0.4317207581905133,0.4017857142857143,0.299988050715269,0.8029592837992218,0,probability_up,6
class__price_direction__xgb,class,price_direction,60,0.5,0.5111607142857143,0.4909502262443439,0.55,0.34375,0.4230769230769231,0.475,0.6785714285714286,0.5588235294117647,11,19,9,21,32,28,20,40,0.5250000000000001,0.5803032159774534,0.5049087696072573,0.5234375,0.2640155098314177,0.7239228630784251,0,probability_up,6
class__price_direction__forest,class,price_direction,60,0.5333333333333333,0.5535714285714286,0.49760765550239233,0.6666666666666666,0.25,0.36363636363636365,0.5,0.8571428571428571,0.631578947368421,8,24,4,24,32,28,12,48,0.5750000000000002,0.6240615076409284,0.5179950698548322,0.5401785714285714,0.2624101034974428,0.723404146094392,0,probability_up,6
class__price_direction__equal_ensemble,class,price_direction,60,0.48333333333333334,0.49330357142857145,0.4762038862292312,0.5238095238095238,0.34375,0.41509433962264153,0.46153846153846156,0.6428571428571429,0.5373134328358209,11,18,10,21,32,28,21,39,0.5250000000000001,0.5502978615734987,0.4731812049679924,0.4854910714285714,0.27197503261453715,0.7408649284416169,0,probability_up,6
class__cot_direction__linear,class,cot_direction,60,0.5166666666666667,0.5200892857142857,0.5165323701028064,0.5555555555555556,0.46875,0.5084745762711864,0.48484848484848486,0.5714285714285714,0.5245901639344263,15,16,12,17,32,28,27,33,0.45000000000000007,0.6385033676184146,0.572649411794744,0.5736607142857143,0.258099199948591,0.7092512324990764,0,probability_up,6
class__cot_direction__xgb,class,cot_direction,60,0.45,0.4486607142857143,0.44862155388471175,0.4838709677419355,0.46875,0.47619047619047616,0.41379310344827586,0.42857142857142855,0.42105263157894735,15,12,16,17,32,28,31,29,0.4750000000000001,0.584181802972467,0.46990601644446395,0.4955357142857143,0.26348272839864606,0.7211176994967906,0,probability_up,6
class__cot_direction__forest,class,cot_direction,60,0.5166666666666667,0.5200892857142857,0.5165323701028064,0.5555555555555556,0.46875,0.5084745762711864,0.48484848484848486,0.5714285714285714,0.5245901639344263,15,16,12,17,32,28,27,33,0.5250000000000001,0.5960196642670214,0.4471265107746828,0.4921875,0.271453915637036,0.7402353735809939,0,probability_up,6
class__cot_direction__equal_ensemble,class,cot_direction,60,0.5,0.4955357142857143,0.4949494949494949,0.5294117647058824,0.5625,0.5454545454545454,0.46153846153846156,0.42857142857142855,0.4444444444444444,18,12,16,14,32,28,34,26,0.45000000000000007,0.6273559881861105,0.49198077605647755,0.5245535714285714,0.26017235410376394,0.7147062047483157,0,probability_up,6
class__weather_direction__linear,class,weather_direction,60,0.5166666666666667,0.5245535714285714,0.5132867132867133,0.5652173913043478,0.40625,0.4727272727272727,0.4864864864864865,0.6428571428571429,0.5538461538461539,13,18,10,19,32,28,23,37,0.5250000000000001,0.5642311676216999,0.47637406380774466,0.5100446428571429,0.29086221781823085,0.8020376651696949,0,probability_up,6
class__weather_direction__xgb,class,weather_direction,60,0.5333333333333333,0.5200892857142857,0.5064629847238543,0.5476190476190477,0.71875,0.6216216216216216,0.5,0.32142857142857145,0.391304347826087,23,9,19,9,32,28,42,18,0.42500000000000004,0.5852998365795699,0.5423743298848601,0.5334821428571429,0.25414391607449915,0.7018064045691369,0,probability_up,6
class__weather_direction__forest,class,weather_direction,60,0.5,0.5,0.4994438264738599,0.5333333333333333,0.5,0.5161290322580645,0.4666666666666667,0.5,0.4827586206896552,16,14,14,16,32,28,30,30,0.4750000000000001,0.6468516880753642,0.5396197866537443,0.5591517857142857,0.2549495142428305,0.7030245179724499,0,probability_up,6
class__weather_direction__equal_ensemble,class,weather_direction,60,0.4666666666666667,0.47098214285714285,0.4660734149054505,0.5,0.40625,0.4482758620689655,0.4411764705882353,0.5357142857142857,0.4838709677419355,13,15,13,19,32,28,26,34,0.4750000000000001,0.6023632466333219,0.5049680021277807,0.5401785714285714,0.2596112996890788,0.7136251601449195,0,probability_up,6
class__engineered_direction__linear,class,engineered_direction,60,0.45,0.45535714285714285,0.44862155388471175,0.48,0.375,0.42105263157894735,0.42857142857142855,0.5357142857142857,0.47619047619047616,12,15,13,20,32,28,25,35,0.35,0.5375516447204852,0.6046090934623294,0.5267857142857143,0.35876537675020764,0.985324803150042,0,probability_up,6
class__engineered_direction__xgb,class,engineered_direction,60,0.5166666666666667,0.5022321428571428,0.48444444444444446,0.5348837209302325,0.71875,0.6133333333333333,0.47058823529411764,0.2857142857142857,0.35555555555555557,23,8,20,9,32,28,43,17,0.45000000000000007,0.5907763978066098,0.5357788014148256,0.5412946428571428,0.24993377707445272,0.6931475944655526,0,probability_up,6
class__engineered_direction__forest,class,engineered_direction,60,0.5333333333333333,0.53125,0.53125,0.5625,0.5625,0.5625,0.5,0.5,0.5,18,14,14,14,32,28,32,28,0.4750000000000001,0.6038044548265546,0.5355314149404277,0.5524553571428571,0.2513779556410787,0.6963631995559904,0,probability_up,6
class__engineered_direction__equal_ensemble,class,engineered_direction,60,0.5333333333333333,0.53125,0.53125,0.5625,0.5625,0.5625,0.5,0.5,0.5,18,14,14,14,32,28,32,28,0.4,0.5707994665057161,0.5718884882709441,0.5256696428571429,0.27100924819689354,0.7366572782916585,0,probability_up,6
reg__basic__linear,reg,basic,60,0.55,0.546875,0.5468531468531468,0.5757575757575758,0.59375,0.5846153846153846,0.5185185185185185,0.5,0.509090909090909,19,14,14,13,32,28,33,27,0.5,0.5808552731571966,0.48512232371671493,0.5379464285714286,,,0,uncalibrated_return_rank_score,6
reg__basic__xgb,reg,basic,60,0.55,0.5424107142857143,0.5396419437340154,0.5675675675675675,0.65625,0.6086956521739131,0.5217391304347826,0.42857142857142855,0.47058823529411764,21,12,16,11,32,28,37,23,0.5,0.6359293945968932,0.5403231056802497,0.5535714285714285,,,0,uncalibrated_return_rank_score,6
reg__basic__forest,reg,basic,60,0.5,0.4955357142857143,0.4949494949494949,0.5294117647058824,0.5625,0.5454545454545454,0.46153846153846156,0.42857142857142855,0.4444444444444444,18,12,16,14,32,28,34,26,0.5,0.7067095816301235,0.599459582092828,0.6127232142857143,,,0,uncalibrated_return_rank_score,6
reg__basic__equal_ensemble,reg,basic,60,0.55,0.5424107142857143,0.5396419437340154,0.5675675675675675,0.65625,0.6086956521739131,0.5217391304347826,0.42857142857142855,0.47058823529411764,21,12,16,11,32,28,37,23,0.5,0.6547579889811536,0.5540912228426806,0.5792410714285714,,,0,uncalibrated_return_rank_score,6
reg__direction_core__linear,reg,direction_core,60,0.4666666666666667,0.46651785714285715,0.4660734149054505,0.5,0.46875,0.4838709677419355,0.43333333333333335,0.4642857142857143,0.4482758620689655,15,13,15,17,32,28,30,30,0.5,0.5784150126521986,0.5061953751779865,0.5055803571428571,,,0,uncalibrated_return_rank_score,6
reg__direction_core__xgb,reg,direction_core,60,0.48333333333333334,0.4732142857142857,0.4653636102328256,0.5128205128205128,0.625,0.5633802816901409,0.42857142857142855,0.32142857142857145,0.3673469387755102,20,9,19,12,32,28,39,21,0.5,0.6248401326441095,0.5041420587094947,0.515625,,,0,uncalibrated_return_rank_score,6
reg__direction_core__forest,reg,direction_core,60,0.45,0.4375,0.42290877295249196,0.4878048780487805,0.625,0.547945205479452,0.3684210526315789,0.25,0.2978723404255319,20,7,21,12,32,28,41,19,0.5,0.6786452907677234,0.5268474926629427,0.5479910714285715,,,0,uncalibrated_return_rank_score,6
reg__direction_core__equal_ensemble,reg,direction_core,60,0.45,0.4419642857142857,0.4373401534526854,0.4864864864864865,0.5625,0.5217391304347826,0.391304347826087,0.32142857142857145,0.35294117647058826,18,9,19,14,32,28,37,23,0.5,0.6246516183777011,0.5096099715451125,0.5111607142857142,,,0,uncalibrated_return_rank_score,6
reg__price_direction__linear,reg,price_direction,60,0.4166666666666667,0.4129464285714286,0.4125874125874126,0.45454545454545453,0.46875,0.46153846153846156,0.37037037037037035,0.35714285714285715,0.36363636363636365,15,10,18,17,32,28,33,27,0.5,0.4899264453816191,0.44428609460342905,0.4263392857142857,,,0,uncalibrated_return_rank_score,6
reg__price_direction__xgb,reg,price_direction,60,0.48333333333333334,0.47098214285714285,0.4578839988341591,0.5121951219512195,0.65625,0.5753424657534246,0.42105263157894735,0.2857142857142857,0.3404255319148936,21,8,20,11,32,28,41,19,0.5,0.5894073093783202,0.49248882437379976,0.5133928571428572,,,0,uncalibrated_return_rank_score,6
reg__price_direction__forest,reg,price_direction,60,0.4666666666666667,0.4642857142857143,0.4642857142857143,0.5,0.5,0.5,0.42857142857142855,0.42857142857142855,0.42857142857142855,16,12,16,16,32,28,32,28,0.5,0.6035240778274649,0.5064640836096138,0.53125,,,0,uncalibrated_return_rank_score,6
reg__price_direction__equal_ensemble,reg,price_direction,60,0.48333333333333334,0.4754464285714286,0.4714407502131287,0.5135135135135135,0.59375,0.5507246376811594,0.43478260869565216,0.35714285714285715,0.39215686274509803,19,10,18,13,32,28,37,23,0.5,0.5617988456806373,0.48456273058242394,0.4977678571428571,,,0,uncalibrated_return_rank_score,6
reg__cot_direction__linear,reg,cot_direction,60,0.5166666666666667,0.5200892857142857,0.5165323701028064,0.5555555555555556,0.46875,0.5084745762711864,0.48484848484848486,0.5714285714285714,0.5245901639344263,15,16,12,17,32,28,27,33,0.5,0.5951245231435484,0.592195677742468,0.5491071428571428,,,0,uncalibrated_return_rank_score,6
reg__cot_direction__xgb,reg,cot_direction,60,0.5166666666666667,0.5044642857142857,0.49285922471582627,0.5365853658536586,0.6875,0.6027397260273972,0.47368421052631576,0.32142857142857145,0.3829787234042553,22,9,19,10,32,28,41,19,0.5,0.6139882945619721,0.5395615232925716,0.5435267857142858,,,0,uncalibrated_return_rank_score,6
reg__cot_direction__forest,reg,cot_direction,60,0.5,0.4955357142857143,0.4949494949494949,0.5294117647058824,0.5625,0.5454545454545454,0.46153846153846156,0.42857142857142855,0.4444444444444444,18,12,16,14,32,28,34,26,0.5,0.620706171040773,0.5350783824653854,0.5189732142857142,,,0,uncalibrated_return_rank_score,6
reg__cot_direction__equal_ensemble,reg,cot_direction,60,0.5166666666666667,0.5178571428571428,0.5165323701028064,0.5517241379310345,0.5,0.5245901639344263,0.4838709677419355,0.5357142857142857,0.5084745762711864,16,15,13,16,32,28,29,31,0.5,0.6205894516174493,0.5750215243347302,0.5502232142857143,,,0,uncalibrated_return_rank_score,6
reg__weather_direction__linear,reg,weather_direction,60,0.5166666666666667,0.5111607142857143,0.5099971838918614,0.5428571428571428,0.59375,0.5671641791044776,0.48,0.42857142857142855,0.4528301886792453,19,12,16,13,32,28,35,25,0.5,0.5677444631949567,0.4872248543400403,0.5022321428571429,,,0,uncalibrated_return_rank_score,6
reg__weather_direction__xgb,reg,weather_direction,60,0.5166666666666667,0.5089285714285714,0.5055413469735721,0.5405405405405406,0.625,0.5797101449275363,0.4782608695652174,0.39285714285714285,0.43137254901960786,20,11,17,12,32,28,37,23,0.5,0.6170085648798176,0.5393194304184699,0.5602678571428572,,,0,uncalibrated_return_rank_score,6
reg__weather_direction__forest,reg,weather_direction,60,0.4666666666666667,0.4598214285714286,0.4570135746606335,0.5,0.5625,0.5294117647058824,0.4166666666666667,0.35714285714285715,0.38461538461538464,18,10,18,14,32,28,36,24,0.5,0.6640332319885239,0.5530594892786853,0.5658482142857143,,,0,uncalibrated_return_rank_score,6
reg__weather_direction__equal_ensemble,reg,weather_direction,60,0.5333333333333333,0.5290178571428572,0.5286195286195287,0.5588235294117647,0.59375,0.5757575757575758,0.5,0.4642857142857143,0.48148148148148145,19,13,15,13,32,28,34,26,0.5,0.6402426304257726,0.5436841924654265,0.5535714285714286,,,0,uncalibrated_return_rank_score,6
reg__engineered_direction__linear,reg,engineered_direction,60,0.5,0.5066964285714286,0.49776785714285715,0.5416666666666666,0.40625,0.4642857142857143,0.4722222222222222,0.6071428571428571,0.53125,13,17,11,19,32,28,24,36,0.5,0.5262278338056349,0.5495691191270465,0.49441964285714285,,,0,uncalibrated_return_rank_score,6
reg__engineered_direction__xgb,reg,engineered_direction,60,0.5333333333333333,0.5178571428571428,0.49760765550239233,0.5454545454545454,0.75,0.631578947368421,0.5,0.2857142857142857,0.36363636363636365,24,8,20,8,32,28,44,16,0.5,0.5785544103097954,0.542317267073175,0.5334821428571428,,,0,uncalibrated_return_rank_score,6
reg__engineered_direction__forest,reg,engineered_direction,60,0.48333333333333334,0.4754464285714286,0.4714407502131287,0.5135135135135135,0.59375,0.5507246376811594,0.43478260869565216,0.35714285714285715,0.39215686274509803,19,10,18,13,32,28,37,23,0.5,0.599781660709242,0.5385773090745438,0.5111607142857143,,,0,uncalibrated_return_rank_score,6
reg__engineered_direction__equal_ensemble,reg,engineered_direction,60,0.48333333333333334,0.48214285714285715,0.48203842940685043,0.5161290322580645,0.5,0.5079365079365079,0.4482758620689655,0.4642857142857143,0.45614035087719296,16,13,15,16,32,28,31,29,0.5,0.5624358067205425,0.532393675900363,0.5122767857142857,,,0,uncalibrated_return_rank_score,6
selected_direction,class,weather_direction,60,0.4666666666666667,0.47098214285714285,0.4660734149054505,0.5,0.40625,0.4482758620689655,0.4411764705882353,0.5357142857142857,0.4838709677419355,13,15,13,19,32,28,26,34,0.4750000000000001,0.6023632466333219,0.5049680021277807,0.5401785714285714,0.2596112996890788,0.7136251601449195,0,probability_up,6
selected_return,reg,basic,60,0.55,0.5424107142857143,0.5396419437340154,0.5675675675675675,0.65625,0.6086956521739131,0.5217391304347826,0.42857142857142855,0.47058823529411764,21,12,16,11,32,28,37,23,0.5,0.6359293945968932,0.5403231056802497,0.5535714285714285,,,0,uncalibrated_return_rank_score,6
baseline_monthly_return,reg,previous,60,0.55,0.5401785714285714,0.5343489508479448,0.5641025641025641,0.6875,0.6197183098591549,0.5238095238095238,0.39285714285714285,0.4489795918367347,22,11,17,10,32,28,39,21,0.5,0.7054098873118099,0.5698524711869868,0.6194196428571428,,,0,uncalibrated_return_rank_score,6
baseline_paper_return,reg,previous,60,0.55,0.5491071428571428,0.5488721804511278,0.5806451612903226,0.5625,0.5714285714285714,0.5172413793103449,0.5357142857142857,0.5263157894736842,18,15,13,14,32,28,31,29,0.5,0.5641009110046076,0.5409199161335776,0.5479910714285714,,,0,uncalibrated_return_rank_score,6
baseline_mean_return,reg,previous,60,0.5333333333333333,0.5,0.34782608695652173,0.5333333333333333,1.0,0.6956521739130435,0.0,0.0,0.0,32,0,28,0,32,28,60,0,0.5,0.4864133422400584,0.442070152101837,0.43805803571428575,,,0,uncalibrated_return_rank_score,6
baseline_zero_return,reg,previous,60,0.5333333333333333,0.5,0.34782608695652173,0.5333333333333333,1.0,0.6956521739130435,0.0,0.0,0.0,32,0,28,0,32,28,60,0,0.5,0.5333333333333333,0.4666666666666667,0.5,,,0,uncalibrated_return_rank_score,6
baseline_majority,baseline,previous,60,0.4666666666666667,0.5,0.3181818181818182,0.0,0.0,0.0,0.4666666666666667,1.0,0.6363636363636364,0,28,0,32,32,28,0,60,0.5,0.4921754526945123,0.4381111982335776,0.4436383928571429,0.25163949661348733,0.6964280749938645,0,probability_up,6
always_up,baseline,previous,60,0.5333333333333333,0.5,0.34782608695652173,0.5333333333333333,1.0,0.6956521739130435,0.0,0.0,0.0,32,0,28,0,32,28,60,0,0.5,0.5333333333333333,0.4666666666666667,0.5,0.4666666666666667,16.820371581588002,0,probability_up,6
always_down,baseline,previous,60,0.4666666666666667,0.5,0.3181818181818182,0.0,0.0,0.0,0.4666666666666667,1.0,0.6363636363636364,0,28,0,32,32,28,0,60,0.5,0.5333333333333333,0.4666666666666667,0.5,0.5333333333333333,19.22328180752915,0,probability_up,6
class__basic__linear,class,basic,60,0.43333333333333335,0.43434343434343436,0.43270300333704115,0.4827586206896552,0.42424242424242425,0.45161290322580644,0.3870967741935484,0.4444444444444444,0.41379310344827586,14,12,15,19,33,27,29,31,0.5000000000000001,0.5625505959488653,0.4133031183067748,0.4545454545454546,0.26771365619944315,0.7301924760241552,0,probability_up,7
class__basic__xgb,class,basic,60,0.5666666666666667,0.5757575757575757,0.5661846496106786,0.64,0.48484848484848486,0.5517241379310345,0.5142857142857142,0.6666666666666666,0.5806451612903226,16,18,9,17,33,27,25,35,0.5000000000000001,0.5333869574506465,0.4490282386178176,0.4859708193041527,0.26276206722175266,0.7204764369420824,0,probability_up,7
class__basic__forest,class,basic,60,0.4666666666666667,0.47138047138047134,0.4666666666666667,0.5185185185185185,0.42424242424242425,0.4666666666666667,0.42424242424242425,0.5185185185185185,0.4666666666666667,14,14,13,19,33,27,27,33,0.5000000000000001,0.5527871551537217,0.4739771582912346,0.5140291806958474,0.25883921668936544,0.7120800454600278,0,probability_up,7
class__basic__equal_ensemble,class,basic,60,0.48333333333333334,0.49326599326599324,0.48203842940685043,0.5416666666666666,0.3939393939393939,0.45614035087719296,0.4444444444444444,0.5925925925925926,0.5079365079365079,13,16,11,20,33,27,24,36,0.5000000000000001,0.5467190857387342,0.4449945517554179,0.48933782267115594,0.2618203203838689,0.7180128453226402,0,probability_up,7
class__direction_core__linear,class,direction_core,60,0.4,0.4107744107744108,0.3973214285714286,0.43478260869565216,0.30303030303030304,0.35714285714285715,0.3783783783783784,0.5185185185185185,0.4375,10,14,13,23,33,27,23,37,0.5250000000000001,0.555942074726641,0.4352939102747785,0.4444444444444444,0.2827792153469621,0.7632052792469094,0,probability_up,7
class__direction_core__xgb,class,direction_core,60,0.45,0.4494949494949495,0.44862155388471175,0.5,0.45454545454545453,0.47619047619047616,0.4,0.4444444444444444,0.42105263157894735,15,12,15,18,33,27,30,30,0.5000000000000001,0.5382395125260738,0.4116592815228032,0.41414141414141414,0.26882900202901344,0.7316091843798743,0,probability_up,7
class__direction_core__forest,class,direction_core,60,0.4166666666666667,0.4124579124579124,0.4125874125874126,0.46875,0.45454545454545453,0.46153846153846156,0.35714285714285715,0.37037037037037035,0.36363636363636365,15,10,17,18,33,27,32,28,0.5000000000000001,0.5445927065206522,0.3792414201947392,0.39955106621773284,0.2772994970057506,0.7498653091846811,0,probability_up,7
class__direction_core__equal_ensemble,class,direction_core,60,0.4166666666666667,0.4225589225589226,0.41650458460683526,0.46153846153846156,0.36363636363636365,0.4067796610169492,0.38235294117647056,0.48148148148148145,0.4262295081967213,12,13,14,21,33,27,26,34,0.5250000000000001,0.5584835964755098,0.3974191143902346,0.4085297418630752,0.27420293391416944,0.743029808827326,0,probability_up,7
class__price_direction__linear,class,price_direction,60,0.4,0.40404040404040403,0.4,0.4444444444444444,0.36363636363636365,0.4,0.36363636363636365,0.4444444444444444,0.4,12,12,15,21,33,27,27,33,0.4750000000000001,0.4654124630704768,0.42997430615506416,0.372615039281706,0.3155729149279651,0.8380782582935707,0,probability_up,7
class__price_direction__xgb,class,price_direction,60,0.5,0.5117845117845118,0.49776785714285715,0.5652173913043478,0.3939393939393939,0.4642857142857143,0.4594594594594595,0.6296296296296297,0.53125,13,17,10,20,33,27,23,37,0.5250000000000001,0.5397018396802044,0.4675368789122177,0.489337822671156,0.2689391202286308,0.7341262245875947,0,probability_up,7
class__price_direction__forest,class,price_direction,60,0.5333333333333333,0.5589225589225589,0.513888888888889,0.6666666666666666,0.30303030303030304,0.4166666666666667,0.4888888888888889,0.8148148148148148,0.6111111111111112,10,22,5,23,33,27,15,45,0.5750000000000002,0.5811412998114162,0.4524920167518838,0.5151515151515151,0.27112545142876415,0.7432268560655544,0,probability_up,7
class__price_direction__equal_ensemble,class,price_direction,60,0.5,0.5084175084175084,0.4994438264738599,0.56,0.42424242424242425,0.4827586206896552,0.45714285714285713,0.5925925925925926,0.5161290322580645,14,16,11,19,33,27,25,35,0.5250000000000001,0.5078900905024427,0.41779500943492853,0.4399551066217733,0.28117356105727687,0.7611662640781872,0,probability_up,7
class__cot_direction__linear,class,cot_direction,60,0.5,0.5016835016835017,0.4994438264738599,0.5517241379310345,0.48484848484848486,0.5161290322580645,0.45161290322580644,0.5185185185185185,0.4827586206896552,16,14,13,17,33,27,29,31,0.45000000000000007,0.6003638196230209,0.486619550440798,0.510662177328844,0.2849225186372723,0.7760310786792959,0,probability_up,7
class__cot_direction__xgb,class,cot_direction,60,0.38333333333333336,0.3787878787878788,0.37902097902097903,0.4375,0.42424242424242425,0.4307692307692308,0.32142857142857145,0.3333333333333333,0.32727272727272727,14,9,18,19,33,27,32,28,0.4750000000000001,0.5242133086888533,0.40968258693285653,0.40740740740740744,0.27529426190615747,0.7453776537336868,0,probability_up,7
class__cot_direction__forest,class,cot_direction,60,0.4666666666666667,0.47138047138047134,0.4666666666666667,0.5185185185185185,0.42424242424242425,0.4666666666666667,0.42424242424242425,0.5185185185185185,0.4666666666666667,14,14,13,19,33,27,27,33,0.5250000000000001,0.5623429658409168,0.4139799566159426,0.43658810325476993,0.28097752814984184,0.7594567429225579,0,probability_up,7
class__cot_direction__equal_ensemble,class,cot_direction,60,0.48333333333333334,0.4797979797979798,0.47972027972027975,0.53125,0.5151515151515151,0.5230769230769231,0.42857142857142855,0.4444444444444444,0.43636363636363634,17,12,15,16,33,27,32,28,0.45000000000000007,0.5826957211657958,0.422328081010126,0.4478114478114479,0.27541726397401045,0.7468860908225315,0,probability_up,7
class__weather_direction__linear,class,weather_direction,60,0.5,0.5151515151515151,0.4949494949494949,0.5714285714285714,0.36363636363636365,0.4444444444444444,0.46153846153846156,0.6666666666666666,0.5454545454545454,12,18,9,21,33,27,21,39,0.5250000000000001,0.5534267205456894,0.45868714159383445,0.4769921436588104,0.3000457884553836,0.8197726018822816,0,probability_up,7
class__weather_direction__xgb,class,weather_direction,60,0.55,0.5202020202020202,0.48717948717948717,0.5625,0.8181818181818182,0.6666666666666666,0.5,0.2222222222222222,0.3076923076923077,27,6,21,6,33,27,48,12,0.42500000000000004,0.5699654797495594,0.5269198745876404,0.537598204264871,0.25542563252693334,0.7056516943492189,0,probability_up,7
class__weather_direction__forest,class,weather_direction,60,0.5166666666666667,0.5101010101010102,0.5099971838918614,0.5588235294117647,0.5757575757575758,0.5671641791044776,0.46153846153846156,0.4444444444444444,0.4528301886792453,19,12,15,14,33,27,34,26,0.4750000000000001,0.6028221897686731,0.4787366253870597,0.5409652076318744,0.260987457096368,0.7177814867107642,0,probability_up,7
class__weather_direction__equal_ensemble,class,weather_direction,60,0.5,0.5016835016835017,0.4994438264738599,0.5517241379310345,0.48484848484848486,0.5161290322580645,0.45161290322580644,0.5185185185185185,0.4827586206896552,16,14,13,17,33,27,29,31,0.4750000000000001,0.5553765083093943,0.47853865735111795,0.5140291806958474,0.2649280796193606,0.7255685428657812,0,probability_up,7
class__engineered_direction__linear,class,engineered_direction,60,0.43333333333333335,0.44107744107744107,0.43270300333704115,0.48,0.36363636363636365,0.41379310344827586,0.4,0.5185185185185185,0.45161290322580644,12,14,13,21,33,27,25,35,0.35,0.5300362848360645,0.5424027444142709,0.4904601571268238,0.3819534666248697,1.0652762814917969,0,probability_up,7
class__engineered_direction__xgb,class,engineered_direction,60,0.48333333333333334,0.4629629629629629,0.4488888888888889,0.5238095238095238,0.6666666666666666,0.5866666666666667,0.3888888888888889,0.25925925925925924,0.3111111111111111,22,7,20,11,33,27,42,18,0.45000000000000007,0.5513930824118856,0.4345513179498723,0.4646464646464647,0.2603174957529814,0.7143011952918442,0,probability_up,7
class__engineered_direction__forest,class,engineered_direction,60,0.4666666666666667,0.4579124579124579,0.4570135746606335,0.5142857142857142,0.5454545454545454,0.5294117647058824,0.4,0.37037037037037035,0.38461538461538464,18,10,17,15,33,27,35,25,0.4750000000000001,0.5689311420080445,0.45962678870446616,0.4837261503928171,0.26269072905987545,0.7198673618632062,0,probability_up,7
class__engineered_direction__equal_ensemble,class,engineered_direction,60,0.5,0.4949494949494949,0.4949494949494949,0.5454545454545454,0.5454545454545454,0.5454545454545454,0.4444444444444444,0.4444444444444444,0.4444444444444444,18,12,15,15,33,27,33,27,0.4,0.5441751669022696,0.46381172590106484,0.46352413019079686,0.2847831396534122,0.767031651472991,0,probability_up,7
reg__basic__linear,reg,basic,60,0.5166666666666667,0.5134680134680134,0.5132867132867133,0.5625,0.5454545454545454,0.5538461538461539,0.4642857142857143,0.48148148148148145,0.4727272727272727,18,13,14,15,33,27,32,28,0.5,0.5424676448607663,0.42602521796686454,0.4567901234567902,,,0,uncalibrated_return_rank_score,7
reg__basic__xgb,reg,basic,60,0.5,0.48148148148148145,0.4712103407755582,0.5365853658536586,0.6666666666666666,0.5945945945945946,0.42105263157894735,0.2962962962962963,0.34782608695652173,22,8,19,11,33,27,41,19,0.5,0.5646953950839767,0.4451667008684926,0.468013468013468,,,0,uncalibrated_return_rank_score,7
reg__basic__forest,reg,basic,60,0.5333333333333333,0.5252525252525253,0.5248868778280543,0.5714285714285714,0.6060606060606061,0.5882352941176471,0.48,0.4444444444444444,0.46153846153846156,20,12,15,13,33,27,35,25,0.5,0.620446065426775,0.5393049984259511,0.55331088664422,,,0,uncalibrated_return_rank_score,7
reg__basic__equal_ensemble,reg,basic,60,0.5166666666666667,0.5033670033670034,0.49985628054038517,0.5526315789473685,0.6363636363636364,0.5915492957746479,0.45454545454545453,0.37037037037037035,0.40816326530612246,21,10,17,12,33,27,38,22,0.5,0.5829111451088389,0.46962794595503377,0.49270482603815935,,,0,uncalibrated_return_rank_score,7
reg__direction_core__linear,reg,direction_core,60,0.45,0.4494949494949495,0.44862155388471175,0.5,0.45454545454545453,0.47619047619047616,0.4,0.4444444444444444,0.42105263157894735,15,12,15,18,33,27,30,30,0.5,0.548118998015663,0.40772447212891033,0.42985409652076323,,,0,uncalibrated_return_rank_score,7
reg__direction_core__xgb,reg,direction_core,60,0.38333333333333336,0.36531986531986527,0.35295832118915765,0.45,0.5454545454545454,0.4931506849315068,0.25,0.18518518518518517,0.2127659574468085,18,5,22,15,33,27,40,20,0.5,0.5816348041916265,0.4070512424655535,0.430976430976431,,,0,uncalibrated_return_rank_score,7
reg__direction_core__forest,reg,direction_core,60,0.4666666666666667,0.44781144781144777,0.43595769682726204,0.5121951219512195,0.6363636363636364,0.5675675675675675,0.3684210526315789,0.25925925925925924,0.30434782608695654,21,7,20,12,33,27,41,19,0.5,0.6396286157923516,0.41736731525678833,0.48484848484848486,,,0,uncalibrated_return_rank_score,7
reg__direction_core__equal_ensemble,reg,direction_core,60,0.38333333333333336,0.3686868686868687,0.3618855993101466,0.4473684210526316,0.5151515151515151,0.4788732394366197,0.2727272727272727,0.2222222222222222,0.24489795918367346,17,6,21,16,33,27,38,22,0.5,0.5950381608541999,0.4084056683952419,0.4377104377104377,,,0,uncalibrated_return_rank_score,7
reg__price_direction__linear,reg,price_direction,60,0.4,0.3939393939393939,0.3939393939393939,0.45454545454545453,0.45454545454545453,0.45454545454545453,0.3333333333333333,0.3333333333333333,0.3333333333333333,15,9,18,18,33,27,33,27,0.5,0.48040970497955443,0.3912448513893632,0.3849607182940517,,,0,uncalibrated_return_rank_score,7
reg__price_direction__xgb,reg,price_direction,60,0.5166666666666667,0.5033670033670034,0.49985628054038517,0.5526315789473685,0.6363636363636364,0.5915492957746479,0.45454545454545453,0.37037037037037035,0.40816326530612246,21,10,17,12,33,27,38,22,0.5,0.570807072965276,0.44749087744393606,0.4837261503928171,,,0,uncalibrated_return_rank_score,7
reg__price_direction__forest,reg,price_direction,60,0.4666666666666667,0.46464646464646464,0.4642857142857143,0.5161290322580645,0.48484848484848486,0.5,0.41379310344827586,0.4444444444444444,0.42857142857142855,16,12,15,17,33,27,31,29,0.5,0.5514760339537975,0.46558896968367974,0.49943883277216616,,,0,uncalibrated_return_rank_score,7
reg__price_direction__equal_ensemble,reg,price_direction,60,0.48333333333333334,0.4730639730639731,0.4714407502131287,0.5277777777777778,0.5757575757575758,0.5507246376811594,0.4166666666666667,0.37037037037037035,0.39215686274509803,19,10,17,14,33,27,36,24,0.5,0.52638006119534,0.4317557336874384,0.4534231200897868,,,0,uncalibrated_return_rank_score,7
reg__cot_direction__linear,reg,cot_direction,60,0.48333333333333334,0.49326599326599324,0.48203842940685043,0.5416666666666666,0.3939393939393939,0.45614035087719296,0.4444444444444444,0.5925925925925926,0.5079365079365079,13,16,11,20,33,27,24,36,0.5,0.5638865196959316,0.4760869380340488,0.4646464646464647,,,0,uncalibrated_return_rank_score,7
reg__cot_direction__xgb,reg,cot_direction,60,0.5,0.48148148148148145,0.4712103407755582,0.5365853658536586,0.6666666666666666,0.5945945945945946,0.42105263157894735,0.2962962962962963,0.34782608695652173,22,8,19,11,33,27,41,19,0.5,0.5550141068365566,0.42980789675136344,0.43434343434343436,,,0,uncalibrated_return_rank_score,7
reg__cot_direction__forest,reg,cot_direction,60,0.4,0.39057239057239057,0.3891402714932127,0.45714285714285713,0.48484848484848486,0.47058823529411764,0.32,0.2962962962962963,0.3076923076923077,16,8,19,17,33,27,35,25,0.5,0.5682207303866085,0.42878588809855495,0.42424242424242425,,,0,uncalibrated_return_rank_score,7
reg__cot_direction__equal_ensemble,reg,cot_direction,60,0.45,0.4494949494949495,0.44862155388471175,0.5,0.45454545454545453,0.47619047619047616,0.4,0.4444444444444444,0.42105263157894735,15,12,15,18,33,27,30,30,0.5,0.5786271321826605,0.43751153933362474,0.45791245791245794,,,0,uncalibrated_return_rank_score,7
reg__weather_direction__linear,reg,weather_direction,60,0.45,0.44612794612794615,0.4461538461538462,0.5,0.48484848484848486,0.49230769230769234,0.39285714285714285,0.4074074074074074,0.4,16,11,16,17,33,27,32,28,0.5,0.5414907186809392,0.4240343381684179,0.4478114478114478,,,0,uncalibrated_return_rank_score,7
reg__weather_direction__xgb,reg,weather_direction,60,0.5666666666666667,0.5454545454545454,0.5334928229665072,0.5813953488372093,0.7575757575757576,0.6578947368421053,0.5294117647058824,0.3333333333333333,0.4090909090909091,25,9,18,8,33,27,43,17,0.5,0.5988676627369136,0.4984706480798317,0.5252525252525253,,,0,uncalibrated_return_rank_score,7
reg__weather_direction__forest,reg,weather_direction,60,0.5166666666666667,0.5033670033670034,0.49985628054038517,0.5526315789473685,0.6363636363636364,0.5915492957746479,0.45454545454545453,0.37037037037037035,0.40816326530612246,21,10,17,12,33,27,38,22,0.5,0.6761661783013088,0.4854649695281867,0.5645342312008979,,,0,uncalibrated_return_rank_score,7
reg__weather_direction__equal_ensemble,reg,weather_direction,60,0.5166666666666667,0.5067340067340067,0.5055413469735721,0.5555555555555556,0.6060606060606061,0.5797101449275363,0.4583333333333333,0.4074074074074074,0.43137254901960786,20,11,16,13,33,27,36,24,0.5,0.6057956744530119,0.45767710203737116,0.4983164983164984,,,0,uncalibrated_return_rank_score,7
reg__engineered_direction__linear,reg,engineered_direction,60,0.45,0.4595959595959596,0.44862155388471175,0.5,0.36363636363636365,0.42105263157894735,0.4166666666666667,0.5555555555555556,0.47619047619047616,12,15,12,21,33,27,24,36,0.5,0.519263958374637,0.4592199241049683,0.4545454545454546,,,0,uncalibrated_return_rank_score,7
reg__engineered_direction__xgb,reg,engineered_direction,60,0.5,0.47811447811447816,0.46172248803827753,0.5348837209302325,0.696969696969697,0.6052631578947368,0.4117647058823529,0.25925925925925924,0.3181818181818182,23,7,20,10,33,27,43,17,0.5,0.566470662067037,0.4198771877415803,0.47250280583613913,,,0,uncalibrated_return_rank_score,7
reg__engineered_direction__forest,reg,engineered_direction,60,0.5333333333333333,0.5185185185185185,0.513888888888889,0.5641025641025641,0.6666666666666666,0.6111111111111112,0.47619047619047616,0.37037037037037035,0.4166666666666667,22,10,17,11,33,27,39,21,0.5,0.5941396821321369,0.4449162050821053,0.494949494949495,,,0,uncalibrated_return_rank_score,7
reg__engineered_direction__equal_ensemble,reg,engineered_direction,60,0.55,0.5538720538720538,0.5498749652681301,0.6071428571428571,0.5151515151515151,0.5573770491803278,0.5,0.5925925925925926,0.5423728813559322,17,16,11,16,33,27,28,32,0.5,0.5551021334628847,0.4332446700255065,0.47138047138047146,,,0,uncalibrated_return_rank_score,7
selected_direction,class,weather_direction,60,0.5,0.5016835016835017,0.4994438264738599,0.5517241379310345,0.48484848484848486,0.5161290322580645,0.45161290322580644,0.5185185185185185,0.4827586206896552,16,14,13,17,33,27,29,31,0.4750000000000001,0.5553765083093943,0.47853865735111795,0.5140291806958474,0.2649280796193606,0.7255685428657812,0,probability_up,7
selected_return,reg,basic,60,0.5,0.48148148148148145,0.4712103407755582,0.5365853658536586,0.6666666666666666,0.5945945945945946,0.42105263157894735,0.2962962962962963,0.34782608695652173,22,8,19,11,33,27,41,19,0.5,0.5646953950839767,0.4451667008684926,0.468013468013468,,,0,uncalibrated_return_rank_score,7
baseline_monthly_return,reg,previous,60,0.5666666666666667,0.5521885521885522,0.548611111111111,0.5897435897435898,0.696969696969697,0.6388888888888888,0.5238095238095238,0.4074074074074074,0.4583333333333333,23,11,16,10,33,27,39,21,0.5,0.6867095055043443,0.5197684108275187,0.5925925925925926,,,0,uncalibrated_return_rank_score,7
baseline_paper_return,reg,previous,60,0.6,0.6026936026936027,0.5995550611790879,0.6551724137931034,0.5757575757575758,0.6129032258064516,0.5483870967741935,0.6296296296296297,0.5862068965517241,19,17,10,14,33,27,29,31,0.5,0.571998117846846,0.5029584096912016,0.5488215488215489,,,0,uncalibrated_return_rank_score,7
baseline_mean_return,reg,previous,60,0.55,0.5,0.3548387096774194,0.55,1.0,0.7096774193548387,0.0,0.0,0.0,33,0,27,0,33,27,60,0,0.5,0.5094202569273407,0.4234014448666717,0.4427609427609428,,,0,uncalibrated_return_rank_score,7
baseline_zero_return,reg,previous,60,0.55,0.5,0.3548387096774194,0.55,1.0,0.7096774193548387,0.0,0.0,0.0,33,0,27,0,33,27,60,0,0.5,0.55,0.45,0.5,,,0,uncalibrated_return_rank_score,7
baseline_majority,baseline,previous,60,0.45,0.5,0.3103448275862069,0.0,0.0,0.0,0.45,1.0,0.6206896551724138,0,27,0,33,33,27,0,60,0.5,0.5074773834460484,0.41697578818215036,0.43939393939393945,0.2521358617271119,0.6974211838910632,0,probability_up,7
always_up,baseline,previous,60,0.55,0.5,0.3548387096774194,0.55,1.0,0.7096774193548387,0.0,0.0,0.0,33,0,27,0,33,27,60,0,0.5,0.55,0.45,0.5,0.45,16.219644025102717,0,probability_up,7
always_down,baseline,previous,60,0.45,0.5,0.3103448275862069,0.0,0.0,0.0,0.45,1.0,0.6206896551724138,0,27,0,33,33,27,0,60,0.5,0.55,0.45,0.5,0.55,19.82400936401444,0,probability_up,7
class__basic__linear,class,basic,60,0.45,0.4542857142857143,0.44862155388471175,0.5357142857142857,0.42857142857142855,0.47619047619047616,0.375,0.48,0.42105263157894735,15,12,13,20,35,25,28,32,0.5000000000000001,0.6061105805160133,0.41780850845211137,0.4799999999999999,0.2638599534866548,0.7218527163152367,0,probability_up,8
class__basic__xgb,class,basic,60,0.4666666666666667,0.4685714285714285,0.4642857142857143,0.5517241379310345,0.45714285714285713,0.5,0.3870967741935484,0.48,0.42857142857142855,16,12,13,19,35,25,29,31,0.5000000000000001,0.5882225788425042,0.4531237388155591,0.5085714285714286,0.2607794043708084,0.7159112448206021,0,probability_up,8
class__basic__forest,class,basic,60,0.4666666666666667,0.4685714285714285,0.4642857142857143,0.5517241379310345,0.45714285714285713,0.5,0.3870967741935484,0.48,0.42857142857142855,16,12,13,19,35,25,29,31,0.5000000000000001,0.626562659783519,0.4369157388388894,0.5062857142857142,0.25815357824337437,0.7100454388874249,0,probability_up,8
class__basic__equal_ensemble,class,basic,60,0.45,0.4542857142857143,0.44862155388471175,0.5357142857142857,0.42857142857142855,0.47619047619047616,0.375,0.48,0.42105263157894735,15,12,13,20,35,25,28,32,0.5000000000000001,0.6029752267901669,0.44188357646264603,0.4902857142857143,0.2598271674922921,0.7135222755016322,0,probability_up,8
class__direction_core__linear,class,direction_core,60,0.38333333333333336,0.40285714285714286,0.3817878028404344,0.45454545454545453,0.2857142857142857,0.3508771929824561,0.34210526315789475,0.52,0.4126984126984127,10,13,12,25,35,25,22,38,0.5250000000000001,0.5783864655814982,0.43670805055326434,0.44685714285714284,0.2793793673988249,0.7549332783995254,0,probability_up,8
class__direction_core__xgb,class,direction_core,60,0.45,0.44857142857142857,0.4461538461538462,0.5333333333333333,0.45714285714285713,0.49230769230769234,0.36666666666666664,0.44,0.4,16,11,14,19,35,25,30,30,0.5000000000000001,0.5594500742617216,0.3746517795108195,0.41257142857142853,0.26906371311009586,0.7320685804563823,0,probability_up,8
class__direction_core__forest,class,direction_core,60,0.43333333333333335,0.4285714285714286,0.4276094276094276,0.5161290322580645,0.45714285714285713,0.48484848484848486,0.3448275862068966,0.4,0.37037037037037035,16,10,15,19,35,25,31,29,0.5000000000000001,0.5646405116290323,0.343387825455683,0.38285714285714284,0.27863445013089394,0.7524049256751354,0,probability_up,8
class__direction_core__equal_ensemble,class,direction_core,60,0.43333333333333335,0.44571428571428573,0.43333333333333335,0.52,0.37142857142857144,0.43333333333333335,0.37142857142857144,0.52,0.43333333333333335,13,13,12,22,35,25,25,35,0.5250000000000001,0.5630750040774442,0.38976285682041745,0.40914285714285714,0.2735579020340006,0.7415688953037358,0,probability_up,8
class__price_direction__linear,class,price_direction,60,0.43333333333333335,0.4285714285714286,0.4276094276094276,0.5161290322580645,0.45714285714285713,0.48484848484848486,0.3448275862068966,0.4,0.37037037037037035,16,10,15,19,35,25,31,29,0.4750000000000001,0.5242688270203378,0.4261370688817707,0.43542857142857144,0.29266005997807426,0.7864152374157043,0,probability_up,8
class__price_direction__xgb,class,price_direction,60,0.48333333333333334,0.5057142857142858,0.48203842940685043,0.5909090909090909,0.37142857142857144,0.45614035087719296,0.42105263157894735,0.64,0.5079365079365079,13,16,9,22,35,25,22,38,0.5250000000000001,0.5472760642846637,0.4094101566539055,0.46514285714285714,0.27508861625777176,0.7469101401263036,0,probability_up,8
class__price_direction__forest,class,price_direction,60,0.48333333333333334,0.5285714285714286,0.4653636102328256,0.6428571428571429,0.2571428571428571,0.3673469387755102,0.43478260869565216,0.8,0.5633802816901409,9,20,5,26,35,25,14,46,0.5750000000000002,0.5981117660949598,0.48800860862824763,0.5257142857142857,0.26935230906965596,0.7367090084560837,0,probability_up,8
class__price_direction__equal_ensemble,class,price_direction,60,0.5166666666666667,0.5342857142857143,0.5165323701028064,0.625,0.42857142857142855,0.5084745762711864,0.4444444444444444,0.64,0.5245901639344263,15,16,9,20,35,25,24,36,0.5250000000000001,0.5427902697903979,0.42350158908288715,0.45828571428571424,0.27589391864497775,0.7489050246329998,0,probability_up,8
class__cot_direction__linear,class,cot_direction,60,0.4666666666666667,0.4685714285714285,0.4642857142857143,0.5517241379310345,0.45714285714285713,0.5,0.3870967741935484,0.48,0.42857142857142855,16,12,13,19,35,25,29,31,0.45000000000000007,0.5924304484155004,0.38354616757293303,0.4525714285714285,0.3049947537502088,0.8398977318238424,0,probability_up,8
class__cot_direction__xgb,class,cot_direction,60,0.43333333333333335,0.4285714285714286,0.4276094276094276,0.5161290322580645,0.45714285714285713,0.48484848484848486,0.3448275862068966,0.4,0.37037037037037035,16,10,15,19,35,25,31,29,0.4750000000000001,0.5509016655423138,0.3677295846577088,0.3977142857142857,0.27690402818727206,0.749104720487326,0,probability_up,8
class__cot_direction__forest,class,cot_direction,60,0.48333333333333334,0.48857142857142855,0.48203842940685043,0.5714285714285714,0.45714285714285713,0.5079365079365079,0.40625,0.52,0.45614035087719296,16,13,12,19,35,25,28,32,0.5250000000000001,0.553415467852728,0.35554240013011196,0.39199999999999996,0.2929639790857403,0.7865338526532781,0,probability_up,8
class__cot_direction__equal_ensemble,class,cot_direction,60,0.4166666666666667,0.40285714285714286,0.4032395566922421,0.5,0.4857142857142857,0.4927536231884058,0.3076923076923077,0.32,0.3137254901960784,17,8,17,18,35,25,34,26,0.45000000000000007,0.5796600479137632,0.36934264238561143,0.41257142857142853,0.28655232669998715,0.7705880366933131,0,probability_up,8
class__weather_direction__linear,class,weather_direction,60,0.45,0.47714285714285715,0.4461538461538462,0.55,0.3142857142857143,0.4,0.4,0.64,0.49230769230769234,11,16,9,24,35,25,20,40,0.5250000000000001,0.5964816765180759,0.41803418031120565,0.4685714285714285,0.2956231852978135,0.8023849204407677,0,probability_up,8
class__weather_direction__xgb,class,weather_direction,60,0.5666666666666667,0.5257142857142858,0.5125,0.6,0.7714285714285715,0.675,0.4666666666666667,0.28,0.35,27,7,18,8,35,25,45,15,0.42500000000000004,0.5790450682454115,0.46040808670814265,0.49142857142857144,0.26108131295269227,0.7162835005748087,0,probability_up,8
class__weather_direction__forest,class,weather_direction,60,0.48333333333333334,0.48857142857142855,0.48203842940685043,0.5714285714285714,0.45714285714285713,0.5079365079365079,0.40625,0.52,0.45614035087719296,16,13,12,19,35,25,28,32,0.4750000000000001,0.608401425592413,0.42499549545862453,0.4948571428571429,0.2707162457216532,0.7369212773110387,0,probability_up,8
class__weather_direction__equal_ensemble,class,weather_direction,60,0.4666666666666667,0.4685714285714285,0.4642857142857143,0.5517241379310345,0.45714285714285713,0.5,0.3870967741935484,0.48,0.42857142857142855,16,12,13,19,35,25,29,31,0.4750000000000001,0.574119249835834,0.44478774130169957,0.4868571428571429,0.26919784877127645,0.7337405314163229,0,probability_up,8
class__engineered_direction__linear,class,engineered_direction,60,0.45,0.46571428571428575,0.44984717977215893,0.5416666666666666,0.37142857142857144,0.4406779661016949,0.3888888888888889,0.56,0.45901639344262296,13,14,11,22,35,25,24,36,0.35,0.597693494236075,0.46851175910769705,0.5017142857142857,0.3799356837967307,1.0816659308944456,0,probability_up,8
class__engineered_direction__xgb,class,engineered_direction,60,0.5,0.46285714285714286,0.45054945054945056,0.5581395348837209,0.6857142857142857,0.6153846153846154,0.35294117647058826,0.24,0.2857142857142857,24,6,19,11,35,25,43,17,0.45000000000000007,0.5658975863619203,0.37634116167754994,0.4354285714285714,0.2683331367490668,0.7311279702962061,0,probability_up,8
class__engineered_direction__forest,class,engineered_direction,60,0.43333333333333335,0.4285714285714286,0.4276094276094276,0.5161290322580645,0.45714285714285713,0.48484848484848486,0.3448275862068966,0.4,0.37037037037037035,16,10,15,19,35,25,31,29,0.4750000000000001,0.5756299077225991,0.38168539649335115,0.4445714285714285,0.2726783220614333,0.741026902917252,0,probability_up,8
class__engineered_direction__equal_ensemble,class,engineered_direction,60,0.5166666666666667,0.5057142857142857,0.5055413469735721,0.5882352941176471,0.5714285714285714,0.5797101449275363,0.4230769230769231,0.44,0.43137254901960786,20,11,14,15,35,25,34,26,0.4,0.5709212468228849,0.39950094470045694,0.44799999999999995,0.29100482478565814,0.7802993184344226,0,probability_up,8
reg__basic__linear,reg,basic,60,0.5,0.4857142857142857,0.4857142857142857,0.5714285714285714,0.5714285714285714,0.5714285714285714,0.4,0.4,0.4,20,10,15,15,35,25,35,25,0.5,0.5714676274705464,0.43995928235818926,0.48457142857142854,,,0,uncalibrated_return_rank_score,8
reg__basic__xgb,reg,basic,60,0.5,0.4685714285714286,0.46172248803827753,0.5609756097560976,0.6571428571428571,0.6052631578947368,0.3684210526315789,0.28,0.3181818181818182,23,7,18,12,35,25,41,19,0.5,0.6211726037994484,0.4784257271478641,0.5154285714285713,,,0,uncalibrated_return_rank_score,8
reg__basic__forest,reg,basic,60,0.5166666666666667,0.4942857142857143,0.49285922471582627,0.5789473684210527,0.6285714285714286,0.6027397260273972,0.4090909090909091,0.36,0.3829787234042553,22,9,16,13,35,25,38,22,0.5,0.6462390242123054,0.4777858293817048,0.5428571428571429,,,0,uncalibrated_return_rank_score,8
reg__basic__equal_ensemble,reg,basic,60,0.55,0.5285714285714286,0.5278344505974935,0.6052631578947368,0.6571428571428571,0.6301369863013698,0.45454545454545453,0.4,0.425531914893617,23,10,15,12,35,25,38,22,0.5,0.6137481288904573,0.48381746317547913,0.5165714285714285,,,0,uncalibrated_return_rank_score,8
reg__direction_core__linear,reg,direction_core,60,0.4166666666666667,0.42000000000000004,0.4152046783625731,0.5,0.4,0.4444444444444444,0.34375,0.44,0.38596491228070173,14,11,14,21,35,25,28,32,0.5,0.5834426362510011,0.4344715200026239,0.44571428571428573,,,0,uncalibrated_return_rank_score,8
reg__direction_core__xgb,reg,direction_core,60,0.45,0.41428571428571426,0.40199335548172754,0.5238095238095238,0.6285714285714286,0.5714285714285714,0.2777777777777778,0.2,0.23255813953488372,22,5,20,13,35,25,42,18,0.5,0.5800312299213244,0.4155421247162771,0.41028571428571425,,,0,uncalibrated_return_rank_score,8
reg__direction_core__forest,reg,direction_core,60,0.4666666666666667,0.4285714285714286,0.4139194139194139,0.5348837209302325,0.6571428571428571,0.5897435897435898,0.29411764705882354,0.2,0.23809523809523808,23,5,20,12,35,25,43,17,0.5,0.6097003597314274,0.3965195992806363,0.4445714285714285,,,0,uncalibrated_return_rank_score,8
reg__direction_core__equal_ensemble,reg,direction_core,60,0.4166666666666667,0.3914285714285714,0.38793354707082484,0.5,0.5428571428571428,0.5205479452054794,0.2727272727272727,0.24,0.2553191489361702,19,6,19,16,35,25,38,22,0.5,0.5883146493442443,0.4224851237134999,0.41714285714285715,,,0,uncalibrated_return_rank_score,8
reg__price_direction__linear,reg,price_direction,60,0.45,0.4371428571428571,0.4373401534526854,0.5294117647058824,0.5142857142857142,0.5217391304347826,0.34615384615384615,0.36,0.35294117647058826,18,9,16,17,35,25,34,26,0.5,0.5427068745636944,0.47805991363640205,0.4571428571428571,,,0,uncalibrated_return_rank_score,8
reg__price_direction__xgb,reg,price_direction,60,0.4666666666666667,0.44571428571428573,0.4444444444444444,0.5405405405405406,0.5714285714285714,0.5555555555555556,0.34782608695652173,0.32,0.3333333333333333,20,8,17,15,35,25,37,23,0.5,0.5927964546444625,0.4508548486139665,0.4754285714285714,,,0,uncalibrated_return_rank_score,8
reg__price_direction__forest,reg,price_direction,60,0.4666666666666667,0.4514285714285714,0.4514285714285714,0.5428571428571428,0.5428571428571428,0.5428571428571428,0.36,0.36,0.36,19,9,16,16,35,25,35,25,0.5,0.5534417282678187,0.48078927846801867,0.4754285714285714,,,0,uncalibrated_return_rank_score,8
reg__price_direction__equal_ensemble,reg,price_direction,60,0.43333333333333335,0.4114285714285714,0.4097222222222222,0.5135135135135135,0.5428571428571428,0.5277777777777778,0.30434782608695654,0.28,0.2916666666666667,19,7,18,16,35,25,37,23,0.5,0.5468241055390386,0.4641755110307773,0.4605714285714286,,,0,uncalibrated_return_rank_score,8
reg__cot_direction__linear,reg,cot_direction,60,0.48333333333333334,0.5,0.4831897749374826,0.5833333333333334,0.4,0.4745762711864407,0.4166666666666667,0.6,0.4918032786885246,14,15,10,21,35,25,24,36,0.5,0.5938478729518389,0.3888455629093708,0.448,,,0,uncalibrated_return_rank_score,8
reg__cot_direction__xgb,reg,cot_direction,60,0.4666666666666667,0.4342857142857143,0.4258373205741627,0.5365853658536586,0.6285714285714286,0.5789473684210527,0.3157894736842105,0.24,0.2727272727272727,22,6,19,13,35,25,41,19,0.5,0.5724402763636259,0.3861886123438992,0.40914285714285714,,,0,uncalibrated_return_rank_score,8
reg__cot_direction__forest,reg,cot_direction,60,0.38333333333333336,0.3628571428571429,0.3618855993101466,0.4722222222222222,0.4857142857142857,0.4788732394366197,0.25,0.24,0.24489795918367346,17,6,19,18,35,25,36,24,0.5,0.5791417778393325,0.4019022270951016,0.4217142857142857,,,0,uncalibrated_return_rank_score,8
reg__cot_direction__equal_ensemble,reg,cot_direction,60,0.38333333333333336,0.38,0.37902097902097903,0.4666666666666667,0.4,0.4307692307692308,0.3,0.36,0.32727272727272727,14,9,16,21,35,25,30,30,0.5,0.5931552890733162,0.3778060381890529,0.4125714285714286,,,0,uncalibrated_return_rank_score,8
reg__weather_direction__linear,reg,weather_direction,60,0.45,0.4371428571428571,0.4373401534526854,0.5294117647058824,0.5142857142857142,0.5217391304347826,0.34615384615384615,0.36,0.35294117647058826,18,9,16,17,35,25,34,26,0.5,0.5918194707154243,0.3982741501210614,0.4502857142857143,,,0,uncalibrated_return_rank_score,8
reg__weather_direction__xgb,reg,weather_direction,60,0.5,0.4685714285714286,0.46172248803827753,0.5609756097560976,0.6571428571428571,0.6052631578947368,0.3684210526315789,0.28,0.3181818181818182,23,7,18,12,35,25,41,19,0.5,0.6022893104021081,0.43797894198084697,0.4502857142857143,,,0,uncalibrated_return_rank_score,8
reg__weather_direction__forest,reg,weather_direction,60,0.45,0.4371428571428571,0.4373401534526854,0.5294117647058824,0.5142857142857142,0.5217391304347826,0.34615384615384615,0.36,0.35294117647058826,18,9,16,17,35,25,34,26,0.5,0.6104523464762522,0.40857713680699237,0.45142857142857146,,,0,uncalibrated_return_rank_score,8
reg__weather_direction__equal_ensemble,reg,weather_direction,60,0.4666666666666667,0.44571428571428573,0.4444444444444444,0.5405405405405406,0.5714285714285714,0.5555555555555556,0.34782608695652173,0.32,0.3333333333333333,20,8,17,15,35,25,37,23,0.5,0.5990093193906622,0.42336611917012956,0.4422857142857143,,,0,uncalibrated_return_rank_score,8
reg__engineered_direction__linear,reg,engineered_direction,60,0.4666666666666667,0.48000000000000004,0.4666666666666667,0.56,0.4,0.4666666666666667,0.4,0.56,0.4666666666666667,14,14,11,21,35,25,25,35,0.5,0.563304303836761,0.3981435257716877,0.45028571428571423,,,0,uncalibrated_return_rank_score,8
reg__engineered_direction__xgb,reg,engineered_direction,60,0.5,0.46285714285714286,0.45054945054945056,0.5581395348837209,0.6857142857142857,0.6153846153846154,0.35294117647058826,0.24,0.2857142857142857,24,6,19,11,35,25,43,17,0.5,0.5821067179153447,0.425805094171523,0.4731428571428571,,,0,uncalibrated_return_rank_score,8
reg__engineered_direction__forest,reg,engineered_direction,60,0.48333333333333334,0.4542857142857143,0.4488888888888889,0.55,0.6285714285714286,0.5866666666666667,0.35,0.28,0.3111111111111111,22,7,18,13,35,25,40,20,0.5,0.5882333588579732,0.39740995035112564,0.4491428571428571,,,0,uncalibrated_return_rank_score,8
reg__engineered_direction__equal_ensemble,reg,engineered_direction,60,0.48333333333333334,0.4714285714285714,0.4714407502131287,0.5588235294117647,0.5428571428571428,0.5507246376811594,0.38461538461538464,0.4,0.39215686274509803,19,10,15,16,35,25,34,26,0.5,0.5722111481309878,0.40788835677070867,0.4571428571428571,,,0,uncalibrated_return_rank_score,8
selected_direction,class,weather_direction,60,0.4666666666666667,0.4685714285714285,0.4642857142857143,0.5517241379310345,0.45714285714285713,0.5,0.3870967741935484,0.48,0.42857142857142855,16,12,13,19,35,25,29,31,0.4750000000000001,0.574119249835834,0.44478774130169957,0.4868571428571429,0.26919784877127645,0.7337405314163229,0,probability_up,8
selected_return,reg,basic,60,0.5,0.4685714285714286,0.46172248803827753,0.5609756097560976,0.6571428571428571,0.6052631578947368,0.3684210526315789,0.28,0.3181818181818182,23,7,18,12,35,25,41,19,0.5,0.6211726037994484,0.4784257271478641,0.5154285714285713,,,0,uncalibrated_return_rank_score,8
baseline_monthly_return,reg,previous,60,0.55,0.5285714285714286,0.5278344505974935,0.6052631578947368,0.6571428571428571,0.6301369863013698,0.45454545454545453,0.4,0.425531914893617,23,10,15,12,35,25,38,22,0.5,0.6754257224259556,0.5273800715642302,0.5805714285714285,,,0,uncalibrated_return_rank_score,8
baseline_paper_return,reg,previous,60,0.5,0.5028571428571429,0.49776785714285715,0.5862068965517241,0.4857142857142857,0.53125,0.41935483870967744,0.52,0.4642857142857143,17,13,12,18,35,25,29,31,0.5,0.5973932822562067,0.45245840474048143,0.4925714285714285,,,0,uncalibrated_return_rank_score,8
baseline_mean_return,reg,previous,60,0.5833333333333334,0.5,0.3684210526315789,0.5833333333333334,1.0,0.7368421052631579,0.0,0.0,0.0,35,0,25,0,35,25,60,0,0.5,0.5563321170374357,0.38406231983714273,0.43599999999999994,,,0,uncalibrated_return_rank_score,8
baseline_zero_return,reg,previous,60,0.5833333333333334,0.5,0.3684210526315789,0.5833333333333334,1.0,0.7368421052631579,0.0,0.0,0.0,35,0,25,0,35,25,60,0,0.5,0.5833333333333334,0.4166666666666667,0.5,,,0,uncalibrated_return_rank_score,8
baseline_majority,baseline,previous,60,0.4166666666666667,0.5,0.29411764705882354,0.0,0.0,0.0,0.4166666666666667,1.0,0.5882352941176471,0,25,0,35,35,25,0,60,0.5,0.5169637181833113,0.3665614045875735,0.3994285714285714,0.253477978419057,0.7001068641755811,0,probability_up,8
always_up,baseline,previous,60,0.5833333333333334,0.5,0.3684210526315789,0.5833333333333334,1.0,0.7368421052631579,0.0,0.0,0.0,35,0,25,0,35,25,60,0,0.5,0.5833333333333334,0.4166666666666667,0.5,0.4166666666666667,15.018188912132148,0,probability_up,8
always_down,baseline,previous,60,0.4166666666666667,0.5,0.29411764705882354,0.0,0.0,0.0,0.4166666666666667,1.0,0.5882352941176471,0,25,0,35,35,25,0,60,0.5,0.5833333333333334,0.4166666666666667,0.5,0.5833333333333334,21.02546447698501,0,probability_up,8
class__basic__linear,class,basic,60,0.5166666666666667,0.5200892857142857,0.5165323701028064,0.5555555555555556,0.46875,0.5084745762711864,0.48484848484848486,0.5714285714285714,0.5245901639344263,15,16,12,17,32,28,27,33,0.5000000000000001,0.5844790537538953,0.5285907313955739,0.5669642857142858,0.25056895060604806,0.6953399752603542,0,probability_up,9
class__basic__xgb,class,basic,60,0.5166666666666667,0.515625,0.5154553049289892,0.5483870967741935,0.53125,0.5396825396825397,0.4827586206896552,0.5,0.49122807017543857,17,14,14,15,32,28,31,29,0.5000000000000001,0.6207340393188668,0.5927316851575734,0.5904017857142857,0.24340036560751693,0.6798329352651697,0,probability_up,9
class__basic__forest,class,basic,60,0.5666666666666667,0.5669642857142857,0.5661846496106786,0.6,0.5625,0.5806451612903226,0.5333333333333333,0.5714285714285714,0.5517241379310345,18,16,12,14,32,28,30,30,0.5000000000000001,0.6498283095002175,0.6315647758803035,0.6205357142857143,0.24028273034884523,0.6731753699934562,0,probability_up,9
class__basic__equal_ensemble,class,basic,60,0.55,0.5513392857142857,0.5498749652681301,0.5862068965517241,0.53125,0.5573770491803278,0.5161290322580645,0.5714285714285714,0.5423728813559322,17,16,12,15,32,28,29,31,0.5000000000000001,0.6134300888875417,0.5903459703215144,0.5970982142857143,0.24339126627257812,0.6797954216397741,0,probability_up,9
class__direction_core__linear,class,direction_core,60,0.4666666666666667,0.4732142857142857,0.4642857142857143,0.5,0.375,0.42857142857142855,0.4444444444444444,0.5714285714285714,0.5,12,16,12,20,32,28,24,36,0.5250000000000001,0.5872950111069867,0.516060879799591,0.5167410714285714,0.2628648624374992,0.7200998561843555,0,probability_up,9
class__direction_core__xgb,class,direction_core,60,0.5,0.5022321428571428,0.5,0.5357142857142857,0.46875,0.5,0.46875,0.5357142857142857,0.5,15,15,13,17,32,28,28,32,0.5000000000000001,0.547351722435081,0.4501996800012024,0.47544642857142855,0.2598239833834442,0.7133288378245969,0,probability_up,9
class__direction_core__forest,class,direction_core,60,0.5166666666666667,0.5178571428571428,0.5165323701028064,0.5517241379310345,0.5,0.5245901639344263,0.4838709677419355,0.5357142857142857,0.5084745762711864,16,15,13,16,32,28,29,31,0.5000000000000001,0.5549271274254935,0.4688979729893205,0.47544642857142855,0.26311966240981244,0.7205154563210839,0,probability_up,9
class__direction_core__equal_ensemble,class,direction_core,60,0.5,0.5066964285714286,0.49776785714285715,0.5416666666666666,0.40625,0.4642857142857143,0.4722222222222222,0.6071428571428571,0.53125,13,17,11,19,32,28,24,36,0.5250000000000001,0.563809235739437,0.49034399583973176,0.49553571428571425,0.2599823311518478,0.7139347779519679,0,probability_up,9
class__price_direction__linear,class,price_direction,60,0.5166666666666667,0.515625,0.5154553049289892,0.5483870967741935,0.53125,0.5396825396825397,0.4827586206896552,0.5,0.49122807017543857,17,14,14,15,32,28,31,29,0.4750000000000001,0.5584525950885074,0.5193569140754644,0.5290178571428572,0.2676036115115886,0.7342691749917853,0,probability_up,9
class__price_direction__xgb,class,price_direction,60,0.5,0.5066964285714286,0.49776785714285715,0.5416666666666666,0.40625,0.4642857142857143,0.4722222222222222,0.6071428571428571,0.53125,13,17,11,19,32,28,24,36,0.5250000000000001,0.5537899376073236,0.5486866463427306,0.5491071428571429,0.25732482509465376,0.7093033144279506,0,probability_up,9
class__price_direction__forest,class,price_direction,60,0.4666666666666667,0.47767857142857145,0.4570135746606335,0.5,0.3125,0.38461538461538464,0.45,0.6428571428571429,0.5294117647058824,10,18,10,22,32,28,20,40,0.5750000000000002,0.5472383359023162,0.5882165927693958,0.5524553571428571,0.2559022954285094,0.7062265238576657,0,probability_up,9
class__price_direction__equal_ensemble,class,price_direction,60,0.5,0.5089285714285714,0.4949494949494949,0.5454545454545454,0.375,0.4444444444444444,0.47368421052631576,0.6428571428571429,0.5454545454545454,12,18,10,20,32,28,22,38,0.5250000000000001,0.5455741076969853,0.5601387679033313,0.5524553571428571,0.25708121645249443,0.7094612533540247,0,probability_up,9
class__cot_direction__linear,class,cot_direction,60,0.5,0.5044642857142857,0.4994438264738599,0.5384615384615384,0.4375,0.4827586206896552,0.47058823529411764,0.5714285714285714,0.5161290322580645,14,16,12,18,32,28,26,34,0.45000000000000007,0.5838749268458944,0.5023645768959712,0.5122767857142857,0.28082892620126515,0.7694641555926773,0,probability_up,9
class__cot_direction__xgb,class,cot_direction,60,0.48333333333333334,0.48214285714285715,0.48203842940685043,0.5161290322580645,0.5,0.5079365079365079,0.4482758620689655,0.4642857142857143,0.45614035087719296,16,13,15,16,32,28,31,29,0.4750000000000001,0.532557321674742,0.473331069800098,0.4720982142857143,0.2666039676101363,0.7275919408414935,0,probability_up,9
class__cot_direction__forest,class,cot_direction,60,0.43333333333333335,0.44419642857142855,0.4230769230769231,0.45,0.28125,0.34615384615384615,0.425,0.6071428571428571,0.5,9,17,11,23,32,28,20,40,0.5250000000000001,0.5333383474416478,0.46512001907424694,0.484375,0.2731013441403188,0.7439911039034809,0,probability_up,9
class__cot_direction__equal_ensemble,class,cot_direction,60,0.5,0.5,0.4994438264738599,0.5333333333333333,0.5,0.5161290322580645,0.4666666666666667,0.5,0.4827586206896552,16,14,14,16,32,28,30,30,0.45000000000000007,0.5689438308626067,0.4714273360683569,0.49441964285714285,0.26802023860941343,0.7328286117076511,0,probability_up,9
class__weather_direction__linear,class,weather_direction,60,0.5333333333333333,0.5401785714285714,0.53125,0.5833333333333334,0.4375,0.5,0.5,0.6428571428571429,0.5625,14,18,10,18,32,28,24,36,0.5250000000000001,0.5923226214551194,0.5981334789565125,0.5714285714285714,0.26190161590201316,0.7268711865134152,0,probability_up,9
class__weather_direction__xgb,class,weather_direction,60,0.5,0.4776785714285714,0.42233632862644416,0.52,0.8125,0.6341463414634146,0.4,0.14285714285714285,0.21052631578947367,26,4,24,6,32,28,50,10,0.42500000000000004,0.5551295607772585,0.5347506226756154,0.5513392857142858,0.2516242227364212,0.6981895443598235,0,probability_up,9
class__weather_direction__forest,class,weather_direction,60,0.5833333333333334,0.5825892857142857,0.5822890559732665,0.6129032258064516,0.59375,0.6031746031746031,0.5517241379310345,0.5714285714285714,0.5614035087719298,19,16,12,13,32,28,31,29,0.4750000000000001,0.5926110574285606,0.5309530231115143,0.5580357142857143,0.2548341567154896,0.7051636763032652,0,probability_up,9
class__weather_direction__equal_ensemble,class,weather_direction,60,0.5333333333333333,0.5290178571428572,0.5286195286195287,0.5588235294117647,0.59375,0.5757575757575758,0.5,0.4642857142857143,0.48148148148148145,19,13,15,13,32,28,34,26,0.4750000000000001,0.5646244726922044,0.6198809482942316,0.5658482142857143,0.2495710423624892,0.693261881277198,0,probability_up,9
class__engineered_direction__linear,class,engineered_direction,60,0.5333333333333333,0.5401785714285714,0.53125,0.5833333333333334,0.4375,0.5,0.5,0.6428571428571429,0.5625,14,18,10,18,32,28,24,36,0.35,0.6154168821544483,0.6537309940794306,0.6049107142857143,0.32172915784210704,0.8900461242173059,0,probability_up,9
class__engineered_direction__xgb,class,engineered_direction,60,0.55,0.5357142857142857,0.52,0.5581395348837209,0.75,0.64,0.5294117647058824,0.32142857142857145,0.4,24,9,19,8,32,28,43,17,0.45000000000000007,0.5869249591941437,0.48658424908848386,0.5424107142857143,0.25389110656309516,0.7016288960480109,0,probability_up,9
class__engineered_direction__forest,class,engineered_direction,60,0.5333333333333333,0.5290178571428572,0.5286195286195287,0.5588235294117647,0.59375,0.5757575757575758,0.5,0.4642857142857143,0.48148148148148145,19,13,15,13,32,28,34,26,0.4750000000000001,0.540833367041558,0.4850842320602706,0.5089285714285714,0.25933147471763557,0.7133152254033671,0,probability_up,9
class__engineered_direction__equal_ensemble,class,engineered_direction,60,0.5833333333333334,0.578125,0.5775837792171219,0.6,0.65625,0.6268656716417911,0.56,0.5,0.5283018867924528,21,14,14,11,32,28,35,25,0.4,0.5787118062206763,0.5458761547542406,0.5825892857142857,0.26102123456657117,0.717971474073971,0,probability_up,9
reg__basic__linear,reg,basic,60,0.48333333333333334,0.4776785714285714,0.4762038862292312,0.5142857142857142,0.5625,0.5373134328358209,0.44,0.39285714285714285,0.41509433962264153,18,11,17,14,32,28,35,25,0.5,0.6048057606976611,0.5539412297877769,0.5658482142857143,,,0,uncalibrated_return_rank_score,9
reg__basic__xgb,reg,basic,60,0.55,0.5401785714285714,0.5343489508479448,0.5641025641025641,0.6875,0.6197183098591549,0.5238095238095238,0.39285714285714285,0.4489795918367347,22,11,17,10,32,28,39,21,0.5,0.589803473116618,0.573569685091965,0.5267857142857143,,,0,uncalibrated_return_rank_score,9
reg__basic__forest,reg,basic,60,0.6166666666666667,0.6071428571428572,0.6033342914630642,0.6153846153846154,0.75,0.676056338028169,0.6190476190476191,0.4642857142857143,0.5306122448979592,24,13,15,8,32,28,39,21,0.5,0.5511462249983503,0.5763247306183451,0.5234375,,,0,uncalibrated_return_rank_score,9
reg__basic__equal_ensemble,reg,basic,60,0.55,0.5401785714285714,0.5343489508479448,0.5641025641025641,0.6875,0.6197183098591549,0.5238095238095238,0.39285714285714285,0.4489795918367347,22,11,17,10,32,28,39,21,0.5,0.577911434441711,0.5634025381858236,0.5479910714285715,,,0,uncalibrated_return_rank_score,9
reg__direction_core__linear,reg,direction_core,60,0.4666666666666667,0.46651785714285715,0.4660734149054505,0.5,0.46875,0.4838709677419355,0.43333333333333335,0.4642857142857143,0.4482758620689655,15,13,15,17,32,28,30,30,0.5,0.577226738933984,0.5439580861528434,0.5122767857142857,,,0,uncalibrated_return_rank_score,9
reg__direction_core__xgb,reg,direction_core,60,0.5166666666666667,0.5022321428571428,0.48444444444444446,0.5348837209302325,0.71875,0.6133333333333333,0.47058823529411764,0.2857142857142857,0.35555555555555557,23,8,20,9,32,28,43,17,0.5,0.5922395513069028,0.4971378799613638,0.4799107142857143,,,0,uncalibrated_return_rank_score,9
reg__direction_core__forest,reg,direction_core,60,0.48333333333333334,0.46875,0.4488888888888889,0.5116279069767442,0.6875,0.5866666666666667,0.4117647058823529,0.25,0.3111111111111111,22,7,21,10,32,28,43,17,0.5,0.5944994519400593,0.493408650448966,0.4933035714285714,,,0,uncalibrated_return_rank_score,9
reg__direction_core__equal_ensemble,reg,direction_core,60,0.5166666666666667,0.5044642857142857,0.49285922471582627,0.5365853658536586,0.6875,0.6027397260273972,0.47368421052631576,0.32142857142857145,0.3829787234042553,22,9,19,10,32,28,41,19,0.5,0.5938454893890082,0.5057119851304872,0.4944196428571428,,,0,uncalibrated_return_rank_score,9
reg__price_direction__linear,reg,price_direction,60,0.48333333333333334,0.48214285714285715,0.48203842940685043,0.5161290322580645,0.5,0.5079365079365079,0.4482758620689655,0.4642857142857143,0.45614035087719296,16,13,15,16,32,28,31,29,0.5,0.6046230920116205,0.5725504550059272,0.5479910714285714,,,0,uncalibrated_return_rank_score,9
reg__price_direction__xgb,reg,price_direction,60,0.5,0.4933035714285714,0.4909502262443439,0.5277777777777778,0.59375,0.5588235294117647,0.4583333333333333,0.39285714285714285,0.4230769230769231,19,11,17,13,32,28,36,24,0.5,0.5448123783871742,0.5474456912432051,0.5145089285714286,,,0,uncalibrated_return_rank_score,9
reg__price_direction__forest,reg,price_direction,60,0.5333333333333333,0.53125,0.53125,0.5625,0.5625,0.5625,0.5,0.5,0.5,18,14,14,14,32,28,32,28,0.5,0.49863143487617667,0.5465150674924222,0.4832589285714286,,,0,uncalibrated_return_rank_score,9
reg__price_direction__equal_ensemble,reg,price_direction,60,0.5666666666666667,0.5625,0.5622895622895623,0.5882352941176471,0.625,0.6060606060606061,0.5384615384615384,0.5,0.5185185185185185,20,14,14,12,32,28,34,26,0.5,0.5206074213896394,0.5548673206134866,0.5100446428571428,,,0,uncalibrated_return_rank_score,9
reg__cot_direction__linear,reg,cot_direction,60,0.5,0.5066964285714286,0.49776785714285715,0.5416666666666666,0.40625,0.4642857142857143,0.4722222222222222,0.6071428571428571,0.53125,13,17,11,19,32,28,24,36,0.5,0.5890454683343999,0.498503573537282,0.5145089285714286,,,0,uncalibrated_return_rank_score,9
reg__cot_direction__xgb,reg,cot_direction,60,0.5166666666666667,0.5066964285714286,0.49985628054038517,0.5384615384615384,0.65625,0.5915492957746479,0.47619047619047616,0.35714285714285715,0.40816326530612246,21,10,18,11,32,28,39,21,0.5,0.5416214191933033,0.5011901149705692,0.47433035714285715,,,0,uncalibrated_return_rank_score,9
reg__cot_direction__forest,reg,cot_direction,60,0.45,0.4441964285714286,0.442410588566601,0.4857142857142857,0.53125,0.5074626865671642,0.4,0.35714285714285715,0.37735849056603776,17,10,18,15,32,28,35,25,0.5,0.5374332910196663,0.47503738152740355,0.46986607142857145,,,0,uncalibrated_return_rank_score,9
reg__cot_direction__equal_ensemble,reg,cot_direction,60,0.5,0.49776785714285715,0.49776785714285715,0.53125,0.53125,0.53125,0.4642857142857143,0.4642857142857143,0.4642857142857143,17,13,15,15,32,28,32,28,0.5,0.5776798473123383,0.49069627212543104,0.4966517857142857,,,0,uncalibrated_return_rank_score,9
reg__weather_direction__linear,reg,weather_direction,60,0.5,0.4955357142857143,0.4949494949494949,0.5294117647058824,0.5625,0.5454545454545454,0.46153846153846156,0.42857142857142855,0.4444444444444444,18,12,16,14,32,28,34,26,0.5,0.6146000446604402,0.587946587509721,0.5691964285714285,,,0,uncalibrated_return_rank_score,9
reg__weather_direction__xgb,reg,weather_direction,60,0.5,0.48214285714285715,0.45054945054945056,0.5217391304347826,0.75,0.6153846153846154,0.42857142857142855,0.21428571428571427,0.2857142857142857,24,6,22,8,32,28,46,14,0.5,0.5980332935942739,0.5704300054008223,0.5580357142857143,,,0,uncalibrated_return_rank_score,9
reg__weather_direction__forest,reg,weather_direction,60,0.5166666666666667,0.5089285714285714,0.5055413469735721,0.5405405405405406,0.625,0.5797101449275363,0.4782608695652174,0.39285714285714285,0.43137254901960786,20,11,17,12,32,28,37,23,0.5,0.6203585094557398,0.5652726846540471,0.5736607142857143,,,0,uncalibrated_return_rank_score,9
reg__weather_direction__equal_ensemble,reg,weather_direction,60,0.5666666666666667,0.5558035714285714,0.548611111111111,0.575,0.71875,0.6388888888888888,0.55,0.39285714285714285,0.4583333333333333,23,11,17,9,32,28,40,20,0.5,0.6058875326487871,0.5845271213456751,0.5658482142857142,,,0,uncalibrated_return_rank_score,9
reg__engineered_direction__linear,reg,engineered_direction,60,0.5666666666666667,0.5736607142857143,0.5647321428571428,0.625,0.46875,0.5357142857142857,0.5277777777777778,0.6785714285714286,0.59375,15,19,9,17,32,28,24,36,0.5,0.5741437347172889,0.5836439483411276,0.5647321428571428,,,0,uncalibrated_return_rank_score,9
reg__engineered_direction__xgb,reg,engineered_direction,60,0.55,0.5334821428571428,0.5107218363032316,0.5555555555555556,0.78125,0.6493506493506493,0.5333333333333333,0.2857142857142857,0.37209302325581395,25,8,20,7,32,28,45,15,0.5,0.5266397672488327,0.5207851159881054,0.5011160714285714,,,0,uncalibrated_return_rank_score,9
reg__engineered_direction__forest,reg,engineered_direction,60,0.5166666666666667,0.5089285714285714,0.5055413469735721,0.5405405405405406,0.625,0.5797101449275363,0.4782608695652174,0.39285714285714285,0.43137254901960786,20,11,17,12,32,28,37,23,0.5,0.5437023743147927,0.5328009731833703,0.5178571428571429,,,0,uncalibrated_return_rank_score,9
reg__engineered_direction__equal_ensemble,reg,engineered_direction,60,0.55,0.5491071428571428,0.5488721804511278,0.5806451612903226,0.5625,0.5714285714285714,0.5172413793103449,0.5357142857142857,0.5263157894736842,18,15,13,14,32,28,31,29,0.5,0.5548690092733747,0.5727897783782939,0.5446428571428571,,,0,uncalibrated_return_rank_score,9
selected_direction,class,weather_direction,60,0.5333333333333333,0.5290178571428572,0.5286195286195287,0.5588235294117647,0.59375,0.5757575757575758,0.5,0.4642857142857143,0.48148148148148145,19,13,15,13,32,28,34,26,0.4750000000000001,0.5646244726922044,0.6198809482942316,0.5658482142857143,0.2495710423624892,0.693261881277198,0,probability_up,9
selected_return,reg,basic,60,0.55,0.5401785714285714,0.5343489508479448,0.5641025641025641,0.6875,0.6197183098591549,0.5238095238095238,0.39285714285714285,0.4489795918367347,22,11,17,10,32,28,39,21,0.5,0.589803473116618,0.573569685091965,0.5267857142857143,,,0,uncalibrated_return_rank_score,9
baseline_monthly_return,reg,previous,60,0.5833333333333334,0.5758928571428572,0.5737425404944586,0.5945945945945946,0.6875,0.6376811594202898,0.5652173913043478,0.4642857142857143,0.5098039215686274,22,13,15,10,32,28,37,23,0.5,0.6875467068749165,0.6618557681038109,0.6450892857142857,,,0,uncalibrated_return_rank_score,9
baseline_paper_return,reg,previous,60,0.5666666666666667,0.5691964285714286,0.5666666666666667,0.6071428571428571,0.53125,0.5666666666666667,0.53125,0.6071428571428571,0.5666666666666667,17,17,11,15,32,28,28,32,0.5,0.5794338075946711,0.5397763254083148,0.5424107142857143,,,0,uncalibrated_return_rank_score,9
baseline_mean_return,reg,previous,60,0.5333333333333333,0.5,0.34782608695652173,0.5333333333333333,1.0,0.6956521739130435,0.0,0.0,0.0,32,0,28,0,32,28,60,0,0.5,0.472163304070063,0.41512814894714845,0.4068080357142857,,,0,uncalibrated_return_rank_score,9
baseline_zero_return,reg,previous,60,0.5333333333333333,0.5,0.34782608695652173,0.5333333333333333,1.0,0.6956521739130435,0.0,0.0,0.0,32,0,28,0,32,28,60,0,0.5,0.5333333333333333,0.4666666666666667,0.5,,,0,uncalibrated_return_rank_score,9
baseline_majority,baseline,previous,60,0.4666666666666667,0.5,0.3181818181818182,0.0,0.0,0.0,0.4666666666666667,1.0,0.6363636363636364,0,28,0,32,32,28,0,60,0.5,0.46561842640284734,0.4046824176088053,0.3911830357142857,0.251913254954016,0.6969762298088009,0,probability_up,9
always_up,baseline,previous,60,0.5333333333333333,0.5,0.34782608695652173,0.5333333333333333,1.0,0.6956521739130435,0.0,0.0,0.0,32,0,28,0,32,28,60,0,0.5,0.5333333333333333,0.4666666666666667,0.5,0.4666666666666667,16.820371581588002,0,probability_up,9
always_down,baseline,previous,60,0.4666666666666667,0.5,0.3181818181818182,0.0,0.0,0.0,0.4666666666666667,1.0,0.6363636363636364,0,28,0,32,32,28,0,60,0.5,0.5333333333333333,0.4666666666666667,0.5,0.5333333333333333,19.22328180752915,0,probability_up,9
class__basic__linear,class,basic,60,0.5666666666666667,0.5666666666666667,0.5666666666666667,0.5666666666666667,0.5666666666666667,0.5666666666666667,0.5666666666666667,0.5666666666666667,0.5666666666666667,17,17,13,13,30,30,30,30,0.5000000000000001,0.5994620890072908,0.6254512261529701,0.62,0.23930702215929855,0.6715893134695979,0,probability_up,10
class__basic__xgb,class,basic,60,0.5666666666666667,0.5666666666666667,0.5661846496106786,0.5714285714285714,0.5333333333333333,0.5517241379310345,0.5625,0.6,0.5806451612903226,16,18,12,14,30,30,28,32,0.5000000000000001,0.5625901117647933,0.6749736056741398,0.6177777777777778,0.24042353381544798,0.6736033590098917,0,probability_up,10
class__basic__forest,class,basic,60,0.5666666666666667,0.5666666666666667,0.5666666666666667,0.5666666666666667,0.5666666666666667,0.5666666666666667,0.5666666666666667,0.5666666666666667,0.5666666666666667,17,17,13,13,30,30,30,30,0.5000000000000001,0.601854228423333,0.6326150796263313,0.6222222222222222,0.240091425700885,0.673039055265741,0,probability_up,10
class__basic__equal_ensemble,class,basic,60,0.5833333333333334,0.5833333333333333,0.5822890559732665,0.5925925925925926,0.5333333333333333,0.5614035087719298,0.5757575757575758,0.6333333333333333,0.6031746031746031,16,19,11,14,30,30,27,33,0.5000000000000001,0.5904545251897075,0.680655480838153,0.6344444444444445,0.23864437144032172,0.6700226621877684,0,probability_up,10
class__direction_core__linear,class,direction_core,60,0.5666666666666667,0.5666666666666667,0.5542857142857143,0.6,0.4,0.48,0.55,0.7333333333333333,0.6285714285714286,12,22,8,18,30,30,20,40,0.5250000000000001,0.5996110308071774,0.6431601686753481,0.61,0.242618458352872,0.6789387781432281,0,probability_up,10
class__direction_core__xgb,class,direction_core,60,0.5,0.5,0.4994438264738599,0.5,0.4666666666666667,0.4827586206896552,0.5,0.5333333333333333,0.5161290322580645,14,16,14,16,30,30,28,32,0.5000000000000001,0.523992136271564,0.5383347553869964,0.5233333333333334,0.2539314928600742,0.7013581282804922,0,probability_up,10
class__direction_core__forest,class,direction_core,60,0.5,0.5,0.4994438264738599,0.5,0.4666666666666667,0.4827586206896552,0.5,0.5333333333333333,0.5161290322580645,14,16,14,16,30,30,28,32,0.5000000000000001,0.4863419704582413,0.5427900641692818,0.4855555555555555,0.2598184446520528,0.7133794335692687,0,probability_up,10
class__direction_core__equal_ensemble,class,direction_core,60,0.5166666666666667,0.5166666666666666,0.5099971838918614,0.5217391304347826,0.4,0.4528301886792453,0.5135135135135135,0.6333333333333333,0.5671641791044776,12,19,11,18,30,30,23,37,0.5250000000000001,0.5529201731960177,0.5871822902157582,0.5544444444444445,0.24987475631933123,0.6930432413709438,0,probability_up,10
class__price_direction__linear,class,price_direction,60,0.55,0.55,0.5498749652681301,0.5517241379310345,0.5333333333333333,0.5423728813559322,0.5483870967741935,0.5666666666666667,0.5573770491803278,16,17,13,14,30,30,29,31,0.4750000000000001,0.5637705513326492,0.6861762986434513,0.5900000000000001,0.24996685683768444,0.6897285288552358,0,probability_up,10
class__price_direction__xgb,class,price_direction,60,0.5166666666666667,0.5166666666666666,0.5055413469735721,0.5238095238095238,0.36666666666666664,0.43137254901960786,0.5128205128205128,0.6666666666666666,0.5797101449275363,11,20,10,19,30,30,21,39,0.5250000000000001,0.5487247070290429,0.6529675335512792,0.5666666666666667,0.24578264588880636,0.6833176547712215,0,probability_up,10
class__price_direction__forest,class,price_direction,60,0.55,0.55,0.5278344505974935,0.5882352941176471,0.3333333333333333,0.425531914893617,0.5348837209302325,0.7666666666666667,0.6301369863013698,10,23,7,20,30,30,17,43,0.5750000000000002,0.549290666036913,0.7168488340965169,0.6144444444444443,0.24136910044200952,0.6724049110793069,0,probability_up,10
class__price_direction__equal_ensemble,class,price_direction,60,0.48333333333333334,0.4833333333333333,0.4762038862292312,0.4782608695652174,0.36666666666666664,0.41509433962264153,0.4864864864864865,0.6,0.5373134328358209,11,18,12,19,30,30,23,37,0.5250000000000001,0.5655741228722306,0.6908526423642456,0.5944444444444444,0.24154125492657377,0.673149095610193,0,probability_up,10
class__cot_direction__linear,class,cot_direction,60,0.55,0.55,0.5498749652681301,0.5517241379310345,0.5333333333333333,0.5423728813559322,0.5483870967741935,0.5666666666666667,0.5573770491803278,16,17,13,14,30,30,29,31,0.45000000000000007,0.5843287558926269,0.6034646026604008,0.5655555555555556,0.25470930127337593,0.7040069216424047,0,probability_up,10
class__cot_direction__xgb,class,cot_direction,60,0.5833333333333334,0.5833333333333333,0.5832175604334537,0.5806451612903226,0.6,0.5901639344262295,0.5862068965517241,0.5666666666666667,0.576271186440678,18,17,13,12,30,30,31,29,0.4750000000000001,0.520493647807713,0.5503729737259498,0.5366666666666667,0.2564688507966286,0.7072353627322172,0,probability_up,10
class__cot_direction__forest,class,cot_direction,60,0.43333333333333335,0.43333333333333335,0.4230769230769231,0.4090909090909091,0.3,0.34615384615384615,0.4473684210526316,0.5666666666666667,0.5,9,17,13,21,30,30,22,38,0.5250000000000001,0.4874700576109696,0.5068878100734765,0.4677777777777778,0.2767406461684698,0.7524426985022721,0,probability_up,10
class__cot_direction__equal_ensemble,class,cot_direction,60,0.45,0.45,0.44984717977215893,0.45161290322580644,0.4666666666666667,0.45901639344262296,0.4482758620689655,0.43333333333333335,0.4406779661016949,14,13,17,16,30,30,31,29,0.45000000000000007,0.5251639655008069,0.5677972794476329,0.5377777777777778,0.25749804510340935,0.7107129814453175,0,probability_up,10
class__weather_direction__linear,class,weather_direction,60,0.5333333333333333,0.5333333333333333,0.5328142380422691,0.5357142857142857,0.5,0.5172413793103449,0.53125,0.5666666666666667,0.5483870967741935,15,17,13,15,30,30,28,32,0.5250000000000001,0.5768006254684231,0.6472592603925692,0.6122222222222222,0.2506072128683089,0.6995122862294061,0,probability_up,10
class__weather_direction__xgb,class,weather_direction,60,0.48333333333333334,0.4833333333333334,0.43823618242222895,0.48936170212765956,0.7666666666666667,0.5974025974025974,0.46153846153846156,0.2,0.27906976744186046,23,6,24,7,30,30,47,13,0.42500000000000004,0.5705235065305456,0.604790798891624,0.5555555555555556,0.2538028046879329,0.7015725439820347,0,probability_up,10
class__weather_direction__forest,class,weather_direction,60,0.55,0.55,0.5488721804511278,0.5555555555555556,0.5,0.5263157894736842,0.5454545454545454,0.6,0.5714285714285714,15,18,12,15,30,30,27,33,0.4750000000000001,0.5940969584761926,0.5301043126203966,0.5388888888888889,0.2586972552588238,0.7123322789670221,0,probability_up,10
class__weather_direction__equal_ensemble,class,weather_direction,60,0.5166666666666667,0.5166666666666666,0.5154553049289892,0.5151515151515151,0.5666666666666667,0.5396825396825397,0.5185185185185185,0.4666666666666667,0.49122807017543857,17,14,16,13,30,30,33,27,0.4750000000000001,0.5679618534888438,0.6264242620326735,0.5844444444444445,0.2488175379436008,0.6916688275210545,0,probability_up,10
class__engineered_direction__linear,class,engineered_direction,60,0.6,0.6,0.5995550611790879,0.6071428571428571,0.5666666666666667,0.5862068965517241,0.59375,0.6333333333333333,0.6129032258064516,17,19,11,13,30,30,28,32,0.35,0.5887651524019976,0.7039058452527223,0.63,0.28722621466011994,0.8115262931014372,0,probability_up,10
class__engineered_direction__xgb,class,engineered_direction,60,0.5,0.5,0.4857142857142857,0.5,0.6666666666666666,0.5714285714285714,0.5,0.3333333333333333,0.4,20,10,20,10,30,30,40,20,0.45000000000000007,0.5265068972540191,0.48912565253527324,0.5122222222222222,0.25474710080616186,0.7034642696845731,0,probability_up,10
class__engineered_direction__forest,class,engineered_direction,60,0.6,0.6,0.5995550611790879,0.59375,0.6333333333333333,0.6129032258064516,0.6071428571428571,0.5666666666666667,0.5862068965517241,19,17,13,11,30,30,32,28,0.4750000000000001,0.5129779086726305,0.5270346117863736,0.5388888888888889,0.2578621253528337,0.7111858599933129,0,probability_up,10
class__engineered_direction__equal_ensemble,class,engineered_direction,60,0.6,0.6,0.5927601809954751,0.5789473684210527,0.7333333333333333,0.6470588235294118,0.6363636363636364,0.4666666666666667,0.5384615384615384,22,14,16,8,30,30,38,22,0.4,0.5917401734806581,0.5914599397967827,0.5944444444444446,0.24988165836561765,0.6937773776616761,0,probability_up,10
reg__basic__linear,reg,basic,60,0.6333333333333333,0.6333333333333333,0.6316964285714286,0.6176470588235294,0.7,0.65625,0.6538461538461539,0.5666666666666667,0.6071428571428571,21,17,13,9,30,30,34,26,0.5,0.6207950024695633,0.6628421538116462,0.6477777777777779,,,0,uncalibrated_return_rank_score,10
reg__basic__xgb,reg,basic,60,0.6166666666666667,0.6166666666666667,0.607843137254902,0.5897435897435898,0.7666666666666667,0.6666666666666666,0.6666666666666666,0.4666666666666667,0.5490196078431373,23,14,16,7,30,30,39,21,0.5,0.5416652777971771,0.6734390983108273,0.6022222222222222,,,0,uncalibrated_return_rank_score,10
reg__basic__forest,reg,basic,60,0.5666666666666667,0.5666666666666667,0.5588235294117647,0.5526315789473685,0.7,0.6176470588235294,0.5909090909090909,0.43333333333333335,0.5,21,13,17,9,30,30,38,22,0.5,0.575585465325593,0.6348034056281854,0.5966666666666667,,,0,uncalibrated_return_rank_score,10
reg__basic__equal_ensemble,reg,basic,60,0.65,0.65,0.6451703745423825,0.6216216216216216,0.7666666666666667,0.6865671641791045,0.6956521739130435,0.5333333333333333,0.6037735849056604,23,16,14,7,30,30,37,23,0.5,0.5667786505274108,0.6747413886639061,0.6288888888888888,,,0,uncalibrated_return_rank_score,10
reg__direction_core__linear,reg,direction_core,60,0.5833333333333334,0.5833333333333333,0.5832175604334537,0.5806451612903226,0.6,0.5901639344262295,0.5862068965517241,0.5666666666666667,0.576271186440678,18,17,13,12,30,30,31,29,0.5,0.6155436654637639,0.6713414415943199,0.6177777777777778,,,0,uncalibrated_return_rank_score,10
reg__direction_core__xgb,reg,direction_core,60,0.5833333333333334,0.5833333333333333,0.5737425404944586,0.5641025641025641,0.7333333333333333,0.6376811594202898,0.6190476190476191,0.43333333333333335,0.5098039215686274,22,13,17,8,30,30,39,21,0.5,0.5628945606544534,0.6152454274313136,0.55,,,0,uncalibrated_return_rank_score,10
reg__direction_core__forest,reg,direction_core,60,0.5333333333333333,0.5333333333333333,0.5064629847238543,0.5227272727272727,0.7666666666666667,0.6216216216216216,0.5625,0.3,0.391304347826087,23,9,21,7,30,30,44,16,0.5,0.6001096289829712,0.5902379421610272,0.548888888888889,,,0,uncalibrated_return_rank_score,10
reg__direction_core__equal_ensemble,reg,direction_core,60,0.6333333333333333,0.6333333333333333,0.6228571428571429,0.6,0.8,0.6857142857142857,0.7,0.4666666666666667,0.56,24,14,16,6,30,30,40,20,0.5,0.6097295944487066,0.6250335221868898,0.581111111111111,,,0,uncalibrated_return_rank_score,10
reg__price_direction__linear,reg,price_direction,60,0.5333333333333333,0.5333333333333333,0.5333333333333333,0.5333333333333333,0.5333333333333333,0.5333333333333333,0.5333333333333333,0.5333333333333333,0.5333333333333333,16,16,14,14,30,30,30,30,0.5,0.5455261465022592,0.6842794598627059,0.5777777777777777,,,0,uncalibrated_return_rank_score,10
reg__price_direction__xgb,reg,price_direction,60,0.6,0.6,0.5927601809954751,0.5789473684210527,0.7333333333333333,0.6470588235294118,0.6363636363636364,0.4666666666666667,0.5384615384615384,22,14,16,8,30,30,38,22,0.5,0.5454776070400498,0.6591004119135812,0.5877777777777777,,,0,uncalibrated_return_rank_score,10
reg__price_direction__forest,reg,price_direction,60,0.6,0.6,0.5982142857142857,0.5882352941176471,0.6666666666666666,0.625,0.6153846153846154,0.5333333333333333,0.5714285714285714,20,16,14,10,30,30,34,26,0.5,0.5396532397109927,0.6631831458764047,0.5900000000000001,,,0,uncalibrated_return_rank_score,10
reg__price_direction__equal_ensemble,reg,price_direction,60,0.5833333333333334,0.5833333333333333,0.5822890559732665,0.5757575757575758,0.6333333333333333,0.6031746031746031,0.5925925925925926,0.5333333333333333,0.5614035087719298,19,16,14,11,30,30,33,27,0.5,0.5403975348832575,0.6778647681934038,0.6011111111111112,,,0,uncalibrated_return_rank_score,10
reg__cot_direction__linear,reg,cot_direction,60,0.55,0.55,0.5396419437340154,0.5714285714285714,0.4,0.47058823529411764,0.5384615384615384,0.7,0.6086956521739131,12,21,9,18,30,30,21,39,0.5,0.6100917642560404,0.6092630951012322,0.5844444444444444,,,0,uncalibrated_return_rank_score,10
reg__cot_direction__xgb,reg,cot_direction,60,0.5833333333333334,0.5833333333333333,0.5737425404944586,0.5641025641025641,0.7333333333333333,0.6376811594202898,0.6190476190476191,0.43333333333333335,0.5098039215686274,22,13,17,8,30,30,39,21,0.5,0.5373980728510821,0.6073372025521275,0.5722222222222222,,,0,uncalibrated_return_rank_score,10
reg__cot_direction__forest,reg,cot_direction,60,0.5666666666666667,0.5666666666666667,0.5622895622895623,0.5555555555555556,0.6666666666666666,0.6060606060606061,0.5833333333333334,0.4666666666666667,0.5185185185185185,20,14,16,10,30,30,36,24,0.5,0.5471851735497557,0.5635589440561763,0.5444444444444445,,,0,uncalibrated_return_rank_score,10
reg__cot_direction__equal_ensemble,reg,cot_direction,60,0.5833333333333334,0.5833333333333333,0.5804195804195804,0.5714285714285714,0.6666666666666666,0.6153846153846154,0.6,0.5,0.5454545454545454,20,15,15,10,30,30,35,25,0.5,0.5782233912507914,0.5864261159543152,0.5911111111111111,,,0,uncalibrated_return_rank_score,10
reg__weather_direction__linear,reg,weather_direction,60,0.6166666666666667,0.6166666666666667,0.6157059314954052,0.6060606060606061,0.6666666666666666,0.6349206349206349,0.6296296296296297,0.5666666666666667,0.5964912280701754,20,17,13,10,30,30,33,27,0.5,0.5880333883938638,0.6770488318068334,0.6277777777777778,,,0,uncalibrated_return_rank_score,10
reg__weather_direction__xgb,reg,weather_direction,60,0.5666666666666667,0.5666666666666667,0.5417156286721504,0.5454545454545454,0.8,0.6486486486486487,0.625,0.3333333333333333,0.43478260869565216,24,10,20,6,30,30,44,16,0.5,0.590431436733863,0.647718630401312,0.5955555555555556,,,0,uncalibrated_return_rank_score,10
reg__weather_direction__forest,reg,weather_direction,60,0.55,0.55,0.5437904815544916,0.5405405405405406,0.6666666666666666,0.5970149253731343,0.5652173913043478,0.43333333333333335,0.49056603773584906,20,13,17,10,30,30,37,23,0.5,0.5983875267451311,0.6183283621107413,0.5977777777777777,,,0,uncalibrated_return_rank_score,10
reg__weather_direction__equal_ensemble,reg,weather_direction,60,0.6,0.6000000000000001,0.5885714285714285,0.575,0.7666666666666667,0.6571428571428571,0.65,0.43333333333333335,0.52,23,13,17,7,30,30,40,20,0.5,0.5928994806538455,0.659126150676848,0.61,,,0,uncalibrated_return_rank_score,10
reg__engineered_direction__linear,reg,engineered_direction,60,0.55,0.55,0.5498749652681301,0.5517241379310345,0.5333333333333333,0.5423728813559322,0.5483870967741935,0.5666666666666667,0.5573770491803278,16,17,13,14,30,30,29,31,0.5,0.571729872211909,0.6795554009409067,0.6266666666666667,,,0,uncalibrated_return_rank_score,10
reg__engineered_direction__xgb,reg,engineered_direction,60,0.6,0.6,0.5927601809954751,0.5789473684210527,0.7333333333333333,0.6470588235294118,0.6363636363636364,0.4666666666666667,0.5384615384615384,22,14,16,8,30,30,38,22,0.5,0.5143164687522002,0.5800008980762327,0.5388888888888889,,,0,uncalibrated_return_rank_score,10
reg__engineered_direction__forest,reg,engineered_direction,60,0.6,0.6,0.595959595959596,0.5833333333333334,0.7,0.6363636363636364,0.625,0.5,0.5555555555555556,21,15,15,9,30,30,36,24,0.5,0.5491509648652289,0.6156958701347671,0.5866666666666667,,,0,uncalibrated_return_rank_score,10
reg__engineered_direction__equal_ensemble,reg,engineered_direction,60,0.6,0.6,0.5982142857142857,0.5882352941176471,0.6666666666666666,0.625,0.6153846153846154,0.5333333333333333,0.5714285714285714,20,16,14,10,30,30,34,26,0.5,0.5483110909717911,0.6673253830011399,0.6033333333333334,,,0,uncalibrated_return_rank_score,10
selected_direction,class,weather_direction,60,0.5166666666666667,0.5166666666666666,0.5154553049289892,0.5151515151515151,0.5666666666666667,0.5396825396825397,0.5185185185185185,0.4666666666666667,0.49122807017543857,17,14,16,13,30,30,33,27,0.4750000000000001,0.5679618534888438,0.6264242620326735,0.5844444444444445,0.2488175379436008,0.6916688275210545,0,probability_up,10
selected_return,reg,basic,60,0.6166666666666667,0.6166666666666667,0.607843137254902,0.5897435897435898,0.7666666666666667,0.6666666666666666,0.6666666666666666,0.4666666666666667,0.5490196078431373,23,14,16,7,30,30,39,21,0.5,0.5416652777971771,0.6734390983108273,0.6022222222222222,,,0,uncalibrated_return_rank_score,10
baseline_monthly_return,reg,previous,60,0.7,0.7,0.696969696969697,0.6666666666666666,0.8,0.7272727272727273,0.75,0.6,0.6666666666666666,24,18,12,6,30,30,36,24,0.5,0.7079529019430936,0.7404672090044643,0.7200000000000001,,,0,uncalibrated_return_rank_score,10
baseline_paper_return,reg,previous,60,0.55,0.55,0.5488721804511278,0.5555555555555556,0.5,0.5263157894736842,0.5454545454545454,0.6,0.5714285714285714,15,18,12,15,30,30,27,33,0.5,0.5586661013728784,0.5896028345507456,0.5511111111111111,,,0,uncalibrated_return_rank_score,10
baseline_mean_return,reg,previous,60,0.5,0.5,0.3333333333333333,0.5,1.0,0.6666666666666666,0.0,0.0,0.0,30,0,30,0,30,30,60,0,0.5,0.4625775512605503,0.47801244430168965,0.4555555555555556,,,0,uncalibrated_return_rank_score,10
baseline_zero_return,reg,previous,60,0.5,0.5,0.3333333333333333,0.5,1.0,0.6666666666666666,0.0,0.0,0.0,30,0,30,0,30,30,60,0,0.5,0.5,0.5,0.5,,,0,uncalibrated_return_rank_score,10
baseline_majority,baseline,previous,60,0.5,0.5,0.3333333333333333,0.0,0.0,0.0,0.5,1.0,0.6666666666666666,0,30,0,30,30,30,0,60,0.5,0.4546601782027542,0.46182725748528125,0.43666666666666665,0.2505547437475201,0.6942576780889389,0,probability_up,10
always_up,baseline,previous,60,0.5,0.5,0.3333333333333333,0.5,1.0,0.6666666666666666,0.0,0.0,0.0,30,0,30,0,30,30,60,0,0.5,0.5,0.5,0.5,0.5,18.021826694558577,0,probability_up,10
always_down,baseline,previous,60,0.5,0.5,0.3333333333333333,0.0,0.0,0.0,0.5,1.0,0.6666666666666666,0,30,0,30,30,30,0,60,0.5,0.5,0.5,0.5,0.5,18.021826694558577,0,probability_up,10
class__basic__linear,class,basic,60,0.5666666666666667,0.5672969966629589,0.5666666666666667,0.5862068965517241,0.5483870967741935,0.5666666666666667,0.5483870967741935,0.5862068965517241,0.5666666666666667,17,17,12,14,31,29,29,31,0.5000000000000001,0.599489073579815,0.5653008137453973,0.596218020022247,0.24481634938687058,0.6834676398400898,0,probability_up,11
class__basic__xgb,class,basic,60,0.5166666666666667,0.5189098998887652,0.5154553049289892,0.5384615384615384,0.45161290322580644,0.49122807017543857,0.5,0.5862068965517241,0.5396825396825397,14,17,12,17,31,29,26,34,0.5000000000000001,0.5571101392408506,0.5742130187729902,0.560622914349277,0.2507705448615549,0.6949894023342218,0,probability_up,11
class__basic__forest,class,basic,60,0.5333333333333333,0.5339265850945495,0.5333333333333333,0.5517241379310345,0.5161290322580645,0.5333333333333333,0.5161290322580645,0.5517241379310345,0.5333333333333333,16,16,13,15,31,29,29,31,0.5000000000000001,0.5802959142311346,0.5411494542047064,0.5561735261401557,0.25141237135588834,0.6964562999535013,0,probability_up,11
class__basic__equal_ensemble,class,basic,60,0.5333333333333333,0.5361512791991101,0.53125,0.56,0.45161290322580644,0.5,0.5142857142857142,0.6206896551724138,0.5625,14,18,11,17,31,29,25,35,0.5000000000000001,0.5764018072274716,0.582934393594131,0.578420467185762,0.2475957086115737,0.6884048300453706,0,probability_up,11
class__direction_core__linear,class,direction_core,60,0.55,0.5556173526140156,0.5396419437340154,0.6,0.3870967741935484,0.47058823529411764,0.525,0.7241379310344828,0.6086956521739131,12,21,8,19,31,29,20,40,0.5250000000000001,0.5933569916262523,0.605389604237055,0.5773081201334817,0.2498053973595344,0.6939720922214047,0,probability_up,11
class__direction_core__xgb,class,direction_core,60,0.4666666666666667,0.4682981090100111,0.4660734149054505,0.48148148148148145,0.41935483870967744,0.4482758620689655,0.45454545454545453,0.5172413793103449,0.4838709677419355,13,15,14,18,31,29,27,33,0.5000000000000001,0.5113497794818503,0.4585691936326521,0.4649610678531701,0.260211733579612,0.7139600565205273,0,probability_up,11
class__direction_core__forest,class,direction_core,60,0.48333333333333334,0.4844271412680756,0.4831897749374826,0.5,0.45161290322580644,0.4745762711864407,0.46875,0.5172413793103449,0.4918032786885246,14,15,14,17,31,29,28,32,0.5000000000000001,0.4764284623633414,0.46415050520312695,0.4238042269187987,0.26959800626002095,0.7335034637930659,0,probability_up,11
class__direction_core__equal_ensemble,class,direction_core,60,0.5,0.5038932146829811,0.4949494949494949,0.5217391304347826,0.3870967741935484,0.4444444444444444,0.4864864864864865,0.6206896551724138,0.5454545454545454,12,18,11,19,31,29,23,37,0.5250000000000001,0.5438839889627198,0.5256278899094129,0.5061179087875418,0.2576024911789306,0.7087552603976295,0,probability_up,11
class__price_direction__linear,class,price_direction,60,0.5333333333333333,0.5339265850945495,0.5333333333333333,0.5517241379310345,0.5161290322580645,0.5333333333333333,0.5161290322580645,0.5517241379310345,0.5333333333333333,16,16,13,15,31,29,29,31,0.4750000000000001,0.5320827344533615,0.5814591222037979,0.5494994438264739,0.26440311842221603,0.7247079881215045,0,probability_up,11
class__price_direction__xgb,class,price_direction,60,0.5166666666666667,0.5222469410456063,0.5055413469735721,0.55,0.3548387096774194,0.43137254901960786,0.5,0.6896551724137931,0.5797101449275363,11,20,9,20,31,29,20,40,0.5250000000000001,0.5468372829659469,0.5696654499579896,0.5317018909899889,0.25746099021009794,0.7084437370082359,0,probability_up,11
class__price_direction__forest,class,price_direction,60,0.5166666666666667,0.5244716351501668,0.49285922471582627,0.5625,0.2903225806451613,0.3829787234042553,0.5,0.7586206896551724,0.6027397260273972,9,22,7,22,31,29,16,44,0.5750000000000002,0.5401222952486318,0.6172175150368411,0.5617352614015573,0.2585187328235272,0.711946046718728,0,probability_up,11
class__price_direction__equal_ensemble,class,price_direction,60,0.43333333333333335,0.43715239154616237,0.4276094276094276,0.43478260869565216,0.3225806451612903,0.37037037037037035,0.43243243243243246,0.5517241379310345,0.48484848484848486,10,16,13,21,31,29,23,37,0.5250000000000001,0.5634990594987346,0.593740257612918,0.546162402669633,0.2562619629325647,0.7058719462364821,0,probability_up,11
class__cot_direction__linear,class,cot_direction,60,0.55,0.550055617352614,0.5498749652681301,0.5666666666666667,0.5483870967741935,0.5573770491803278,0.5333333333333333,0.5517241379310345,0.5423728813559322,17,16,13,14,31,29,30,30,0.45000000000000007,0.5660602364539074,0.5404888829802016,0.5283648498331479,0.26954324525376444,0.7401997502755413,0,probability_up,11
class__cot_direction__xgb,class,cot_direction,60,0.5333333333333333,0.5339265850945495,0.5333333333333333,0.5517241379310345,0.5161290322580645,0.5333333333333333,0.5161290322580645,0.5517241379310345,0.5333333333333333,16,16,13,15,31,29,29,31,0.4750000000000001,0.5336060653675097,0.4855321348080777,0.4849833147942158,0.26728842659075425,0.7295849724683252,0,probability_up,11
class__cot_direction__forest,class,cot_direction,60,0.4,0.40489432703003336,0.3891402714932127,0.38095238095238093,0.25806451612903225,0.3076923076923077,0.41025641025641024,0.5517241379310345,0.47058823529411764,8,16,13,23,31,29,21,39,0.5250000000000001,0.46762165345954043,0.4845068144264458,0.42825361512791993,0.28571605822916246,0.7684962404880512,0,probability_up,11
class__cot_direction__equal_ensemble,class,cot_direction,60,0.4166666666666667,0.41657397107897665,0.41650458460683526,0.43333333333333335,0.41935483870967744,0.4262295081967213,0.4,0.41379310344827586,0.4067796610169492,13,12,17,18,31,29,30,30,0.45000000000000007,0.5140895442080462,0.48165776771022173,0.4805339265850946,0.26922294735335106,0.7345769849478835,0,probability_up,11
class__weather_direction__linear,class,weather_direction,60,0.5166666666666667,0.5189098998887652,0.5154553049289892,0.5384615384615384,0.45161290322580644,0.49122807017543857,0.5,0.5862068965517241,0.5396825396825397,14,17,12,17,31,29,26,34,0.5250000000000001,0.5777481760426938,0.5826324548485056,0.5884315906562848,0.2597959674103816,0.7235894582031064,0,probability_up,11
class__weather_direction__xgb,class,weather_direction,60,0.48333333333333334,0.4744160177975528,0.43823618242222895,0.5,0.7419354838709677,0.5974025974025974,0.42857142857142855,0.20689655172413793,0.27906976744186046,23,6,23,8,31,29,46,14,0.42500000000000004,0.5642959197489182,0.5624394496657827,0.5272525027808677,0.25649999650227845,0.7066997262812306,0,probability_up,11
class__weather_direction__forest,class,weather_direction,60,0.5333333333333333,0.5350389321468298,0.5328142380422691,0.5555555555555556,0.4838709677419355,0.5172413793103449,0.5151515151515151,0.5862068965517241,0.5483870967741935,15,17,12,16,31,29,27,33,0.4750000000000001,0.5839484854663971,0.5026362583513968,0.5228031145717463,0.2622641212591414,0.7199197423652978,0,probability_up,11
class__weather_direction__equal_ensemble,class,weather_direction,60,0.5,0.4994438264738599,0.4994438264738599,0.5161290322580645,0.5161290322580645,0.5161290322580645,0.4827586206896552,0.4827586206896552,0.4827586206896552,16,14,15,15,31,29,31,29,0.4750000000000001,0.548954186309403,0.56167617375609,0.5583982202447163,0.25435733915851155,0.7032484505989339,0,probability_up,11
class__engineered_direction__linear,class,engineered_direction,60,0.55,0.5511679644048944,0.5498749652681301,0.5714285714285714,0.5161290322580645,0.5423728813559322,0.53125,0.5862068965517241,0.5573770491803278,16,17,12,15,31,29,28,32,0.35,0.5816769493137256,0.6697828054527416,0.6051167964404894,0.30538404280258574,0.8596106243623979,0,probability_up,11
class__engineered_direction__xgb,class,engineered_direction,60,0.4666666666666667,0.4616240266963293,0.4514285714285714,0.48717948717948717,0.6129032258064516,0.5428571428571428,0.42857142857142855,0.3103448275862069,0.36,19,9,20,12,31,29,39,21,0.45000000000000007,0.5198368394476325,0.4525246090399011,0.4794215795328142,0.2622487379773512,0.7189805913329589,0,probability_up,11
class__engineered_direction__forest,class,engineered_direction,60,0.5833333333333334,0.5823136818687431,0.5822890559732665,0.59375,0.6129032258064516,0.6031746031746031,0.5714285714285714,0.5517241379310345,0.5614035087719298,19,16,13,12,31,29,32,28,0.4750000000000001,0.5120536803167113,0.4883706539791288,0.5050055617352613,0.2647487879610318,0.7253319728932864,0,probability_up,11
class__engineered_direction__equal_ensemble,class,engineered_direction,60,0.6,0.596218020022247,0.5927601809954751,0.5945945945945946,0.7096774193548387,0.6470588235294118,0.6086956521739131,0.4827586206896552,0.5384615384615384,22,14,15,9,31,29,37,23,0.4,0.5719260778286889,0.5395620149877086,0.5528364849833147,0.26122186228217686,0.7181606981919171,0,probability_up,11
reg__basic__linear,reg,basic,60,0.6166666666666667,0.6134593993325919,0.6113770768797522,0.6111111111111112,0.7096774193548387,0.6567164179104478,0.625,0.5172413793103449,0.5660377358490566,22,15,14,9,31,29,36,24,0.5,0.6068828900478677,0.5978070789774214,0.6084538375973304,,,0,uncalibrated_return_rank_score,11
reg__basic__xgb,reg,basic,60,0.5833333333333334,0.5789766407119021,0.5737425404944586,0.5789473684210527,0.7096774193548387,0.6376811594202898,0.5909090909090909,0.4482758620689655,0.5098039215686274,22,13,16,9,31,29,38,22,0.5,0.5399484813241552,0.6280529531105052,0.5717463848720801,,,0,uncalibrated_return_rank_score,11
reg__basic__forest,reg,basic,60,0.5666666666666667,0.5639599555061179,0.5622895622895623,0.5714285714285714,0.6451612903225806,0.6060606060606061,0.56,0.4827586206896552,0.5185185185185185,20,14,15,11,31,29,35,25,0.5,0.5735421173286745,0.6009148385021217,0.5717463848720801,,,0,uncalibrated_return_rank_score,11
reg__basic__equal_ensemble,reg,basic,60,0.6,0.596218020022247,0.5927601809954751,0.5945945945945946,0.7096774193548387,0.6470588235294118,0.6086956521739131,0.4827586206896552,0.5384615384615384,22,14,15,9,31,29,37,23,0.5,0.5678955802549503,0.6391532019156991,0.6051167964404894,,,0,uncalibrated_return_rank_score,11
reg__direction_core__linear,reg,direction_core,60,0.5333333333333333,0.5328142380422691,0.5328142380422691,0.5483870967741935,0.5483870967741935,0.5483870967741935,0.5172413793103449,0.5172413793103449,0.5172413793103449,17,15,14,14,31,29,31,29,0.5,0.5859997461809253,0.6232430273319597,0.5773081201334817,,,0,uncalibrated_return_rank_score,11
reg__direction_core__xgb,reg,direction_core,60,0.5166666666666667,0.5111234705228032,0.49985628054038517,0.525,0.6774193548387096,0.5915492957746479,0.5,0.3448275862068966,0.40816326530612246,21,10,19,10,31,29,40,20,0.5,0.558904624685864,0.5394377584734694,0.4972191323692992,,,0,uncalibrated_return_rank_score,11
reg__direction_core__forest,reg,direction_core,60,0.5166666666666667,0.5088987764182424,0.48444444444444446,0.5227272727272727,0.7419354838709677,0.6133333333333333,0.5,0.27586206896551724,0.35555555555555557,23,8,21,8,31,29,44,16,0.5,0.570102186464968,0.5493552960382286,0.5127919911012235,,,0,uncalibrated_return_rank_score,11
reg__direction_core__equal_ensemble,reg,direction_core,60,0.5666666666666667,0.5606229143492769,0.548611111111111,0.5609756097560976,0.7419354838709677,0.6388888888888888,0.5789473684210527,0.3793103448275862,0.4583333333333333,23,11,18,8,31,29,41,19,0.5,0.5726910187029836,0.5669398456183207,0.5261401557285874,,,0,uncalibrated_return_rank_score,11
reg__price_direction__linear,reg,price_direction,60,0.5333333333333333,0.5339265850945495,0.5333333333333333,0.5517241379310345,0.5161290322580645,0.5333333333333333,0.5161290322580645,0.5517241379310345,0.5333333333333333,16,16,13,15,31,29,29,31,0.5,0.5411221212545942,0.6048793452369131,0.5361512791991101,,,0,uncalibrated_return_rank_score,11
reg__price_direction__xgb,reg,price_direction,60,0.5666666666666667,0.5628476084538376,0.5588235294117647,0.5675675675675675,0.6774193548387096,0.6176470588235294,0.5652173913043478,0.4482758620689655,0.5,21,13,16,10,31,29,37,23,0.5,0.5307096768750341,0.6100266918346676,0.5472747497219133,,,0,uncalibrated_return_rank_score,11
reg__price_direction__forest,reg,price_direction,60,0.5333333333333333,0.5328142380422691,0.5328142380422691,0.5483870967741935,0.5483870967741935,0.5483870967741935,0.5172413793103449,0.5172413793103449,0.5172413793103449,17,15,14,14,31,29,31,29,0.5,0.5108896334899966,0.5961212317888375,0.5239154616240267,,,0,uncalibrated_return_rank_score,11
reg__price_direction__equal_ensemble,reg,price_direction,60,0.5333333333333333,0.5317018909899889,0.53125,0.5454545454545454,0.5806451612903226,0.5625,0.5185185185185185,0.4827586206896552,0.5,18,14,15,13,31,29,33,27,0.5,0.5244166072013661,0.6143370793860158,0.5472747497219133,,,0,uncalibrated_return_rank_score,11
reg__cot_direction__linear,reg,cot_direction,60,0.5333333333333333,0.5372636262513905,0.5286195286195287,0.5652173913043478,0.41935483870967744,0.48148148148148145,0.5135135135135135,0.6551724137931034,0.5757575757575758,13,19,10,18,31,29,23,37,0.5,0.5890552096458493,0.5690550621619066,0.5383759733036707,,,0,uncalibrated_return_rank_score,11
reg__cot_direction__xgb,reg,cot_direction,60,0.5333333333333333,0.5283648498331479,0.52,0.5384615384615384,0.6774193548387096,0.6,0.5238095238095238,0.3793103448275862,0.44,21,11,18,10,31,29,39,21,0.5,0.5417801554325737,0.5645089573624502,0.5383759733036708,,,0,uncalibrated_return_rank_score,11
reg__cot_direction__forest,reg,cot_direction,60,0.55,0.5467185761957731,0.5437904815544916,0.5555555555555556,0.6451612903225806,0.5970149253731343,0.5416666666666666,0.4482758620689655,0.49056603773584906,20,13,16,11,31,29,36,24,0.5,0.542626174887962,0.5312911160789038,0.5116796440489433,,,0,uncalibrated_return_rank_score,11
reg__cot_direction__equal_ensemble,reg,cot_direction,60,0.5333333333333333,0.5305895439377086,0.5286195286195287,0.5428571428571428,0.6129032258064516,0.5757575757575758,0.52,0.4482758620689655,0.48148148148148145,19,13,16,12,31,29,35,25,0.5,0.5599810768794299,0.5768654454065071,0.5439377085650723,,,0,uncalibrated_return_rank_score,11
reg__weather_direction__linear,reg,weather_direction,60,0.6,0.5984427141268076,0.5982142857142857,0.6060606060606061,0.6451612903225806,0.625,0.5925925925925926,0.5517241379310345,0.5714285714285714,20,16,13,11,31,29,33,27,0.5,0.5722936857855735,0.5941801954923446,0.5850945494994437,,,0,uncalibrated_return_rank_score,11
reg__weather_direction__xgb,reg,weather_direction,60,0.5333333333333333,0.5250278086763069,0.49760765550239233,0.5333333333333333,0.7741935483870968,0.631578947368421,0.5333333333333333,0.27586206896551724,0.36363636363636365,24,8,21,7,31,29,45,15,0.5,0.5866280770245168,0.5885354238921957,0.5606229143492769,,,0,uncalibrated_return_rank_score,11
reg__weather_direction__forest,reg,weather_direction,60,0.5166666666666667,0.5122358175750834,0.5055413469735721,0.5263157894736842,0.6451612903225806,0.5797101449275363,0.5,0.3793103448275862,0.43137254901960786,20,11,18,11,31,29,38,22,0.5,0.5887110530663626,0.5704818195065305,0.560622914349277,,,0,uncalibrated_return_rank_score,11
reg__weather_direction__equal_ensemble,reg,weather_direction,60,0.5666666666666667,0.5606229143492769,0.548611111111111,0.5609756097560976,0.7419354838709677,0.6388888888888888,0.5789473684210527,0.3793103448275862,0.4583333333333333,23,11,18,8,31,29,41,19,0.5,0.5810211218397778,0.5871872455355589,0.5661846496106786,,,0,uncalibrated_return_rank_score,11
reg__engineered_direction__linear,reg,engineered_direction,60,0.55,0.5522803114571746,0.5488721804511278,0.5769230769230769,0.4838709677419355,0.5263157894736842,0.5294117647058824,0.6206896551724138,0.5714285714285714,15,18,11,16,31,29,26,34,0.5,0.5646969452836852,0.6106530287488372,0.5839822024471635,,,0,uncalibrated_return_rank_score,11
reg__engineered_direction__xgb,reg,engineered_direction,60,0.5666666666666667,0.5617352614015573,0.5542857142857143,0.5641025641025641,0.7096774193548387,0.6285714285714286,0.5714285714285714,0.41379310344827586,0.48,22,12,17,9,31,29,39,21,0.5,0.5128275432055369,0.5400650354803983,0.5083426028921023,,,0,uncalibrated_return_rank_score,11
reg__engineered_direction__forest,reg,engineered_direction,60,0.5666666666666667,0.5628476084538376,0.5588235294117647,0.5675675675675675,0.6774193548387096,0.6176470588235294,0.5652173913043478,0.4482758620689655,0.5,21,13,16,10,31,29,37,23,0.5,0.5397400832168221,0.5753760131163467,0.5506117908787542,,,0,uncalibrated_return_rank_score,11
reg__engineered_direction__equal_ensemble,reg,engineered_direction,60,0.5666666666666667,0.5650723025583982,0.5647321428571428,0.5757575757575758,0.6129032258064516,0.59375,0.5555555555555556,0.5172413793103449,0.5357142857142857,19,15,14,12,31,29,33,27,0.5,0.5312620979902334,0.6007973306505999,0.5539488320355952,,,0,uncalibrated_return_rank_score,11
selected_direction,class,weather_direction,60,0.5,0.4994438264738599,0.4994438264738599,0.5161290322580645,0.5161290322580645,0.5161290322580645,0.4827586206896552,0.4827586206896552,0.4827586206896552,16,14,15,15,31,29,31,29,0.4750000000000001,0.548954186309403,0.56167617375609,0.5583982202447163,0.25435733915851155,0.7032484505989339,0,probability_up,11
selected_return,reg,basic,60,0.5833333333333334,0.5789766407119021,0.5737425404944586,0.5789473684210527,0.7096774193548387,0.6376811594202898,0.5909090909090909,0.4482758620689655,0.5098039215686274,22,13,16,9,31,29,38,22,0.5,0.5399484813241552,0.6280529531105052,0.5717463848720801,,,0,uncalibrated_return_rank_score,11
baseline_monthly_return,reg,previous,60,0.6833333333333333,0.6802002224694104,0.6789636722050126,0.6666666666666666,0.7741935483870968,0.7164179104477612,0.7083333333333334,0.5862068965517241,0.6415094339622641,24,17,12,7,31,29,36,24,0.5,0.7068377995122606,0.7106121493187617,0.704115684093437,,,0,uncalibrated_return_rank_score,11
baseline_paper_return,reg,previous,60,0.5333333333333333,0.5350389321468298,0.5328142380422691,0.5555555555555556,0.4838709677419355,0.5172413793103449,0.5151515151515151,0.5862068965517241,0.5483870967741935,15,17,12,16,31,29,27,33,0.5,0.5603273098294316,0.5539165349943395,0.5383759733036708,,,0,uncalibrated_return_rank_score,11
baseline_mean_return,reg,previous,60,0.5166666666666667,0.5,0.34065934065934067,0.5166666666666667,1.0,0.6813186813186813,0.0,0.0,0.0,31,0,29,0,31,29,60,0,0.5,0.46627482323460145,0.44509040604918787,0.42714126807563957,,,0,uncalibrated_return_rank_score,11
baseline_zero_return,reg,previous,60,0.5166666666666667,0.5,0.34065934065934067,0.5166666666666667,1.0,0.6813186813186813,0.0,0.0,0.0,31,0,29,0,31,29,60,0,0.5,0.5166666666666667,0.48333333333333334,0.5,,,0,uncalibrated_return_rank_score,11
baseline_majority,baseline,previous,60,0.48333333333333334,0.5,0.3258426966292135,0.0,0.0,0.0,0.48333333333333334,1.0,0.651685393258427,0,29,0,31,31,29,0,60,0.5,0.4586128493077021,0.43043262214261463,0.4082313681868743,0.25126118016824234,0.6956713979607569,0,probability_up,11
always_up,baseline,previous,60,0.5166666666666667,0.5,0.34065934065934067,0.5166666666666667,1.0,0.6813186813186813,0.0,0.0,0.0,31,0,29,0,31,29,60,0,0.5,0.5166666666666667,0.48333333333333334,0.5,0.48333333333333334,17.421099138073295,0,probability_up,11
always_down,baseline,previous,60,0.48333333333333334,0.5,0.3258426966292135,0.0,0.0,0.0,0.48333333333333334,1.0,0.651685393258427,0,29,0,31,31,29,0,60,0.5,0.5166666666666667,0.48333333333333334,0.5,0.5166666666666667,18.622554251043866,0,probability_up,11
class__basic__linear,class,basic,60,0.5333333333333333,0.5328142380422691,0.5328142380422691,0.5172413793103449,0.5172413793103449,0.5172413793103449,0.5483870967741935,0.5483870967741935,0.5483870967741935,15,17,14,14,29,31,29,31,0.5000000000000001,0.519042117287218,0.6922463560140162,0.5661846496106786,0.2428147267032031,0.6775630654894731,0,probability_up,12
class__basic__xgb,class,basic,60,0.5,0.4983314794215795,0.49776785714285715,0.48148148148148145,0.4482758620689655,0.4642857142857143,0.5151515151515151,0.5483870967741935,0.53125,13,17,14,16,29,31,27,33,0.5000000000000001,0.5005102538315381,0.6583548718405405,0.5717463848720801,0.24644265465186996,0.6857580290421429,0,probability_up,12
class__basic__forest,class,basic,60,0.5166666666666667,0.5166852057842046,0.5165323701028064,0.5,0.5172413793103449,0.5084745762711864,0.5333333333333333,0.5161290322580645,0.5245901639344263,15,16,15,14,29,31,30,30,0.5000000000000001,0.5291190161243963,0.6186182538739624,0.5595105672969967,0.24675433183030734,0.686323653907262,0,probability_up,12
class__basic__equal_ensemble,class,basic,60,0.5333333333333333,0.5328142380422691,0.5328142380422691,0.5172413793103449,0.5172413793103449,0.5172413793103449,0.5483870967741935,0.5483870967741935,0.5483870967741935,15,17,14,14,29,31,29,31,0.5000000000000001,0.505883036166275,0.6771978920479365,0.5739710789766407,0.24412883411953348,0.680757756252708,0,probability_up,12
class__direction_core__linear,class,direction_core,60,0.5333333333333333,0.5294771968854283,0.5248868778280543,0.5217391304347826,0.41379310344827586,0.46153846153846156,0.5405405405405406,0.6451612903225806,0.5882352941176471,12,20,11,17,29,31,23,37,0.5250000000000001,0.6031936387585568,0.6877693557635918,0.6262513904338154,0.23860090018420566,0.6704024380800957,0,probability_up,12
class__direction_core__xgb,class,direction_core,60,0.5166666666666667,0.5155728587319244,0.5154553049289892,0.5,0.4827586206896552,0.49122807017543857,0.53125,0.5483870967741935,0.5396825396825397,14,17,14,15,29,31,28,32,0.5000000000000001,0.4724827955826116,0.5327250276206289,0.49721913236929927,0.2573036544605133,0.7084225681215012,0,probability_up,12
class__direction_core__forest,class,direction_core,60,0.5333333333333333,0.5328142380422691,0.5328142380422691,0.5172413793103449,0.5172413793103449,0.5172413793103449,0.5483870967741935,0.5483870967741935,0.5483870967741935,15,17,14,14,29,31,29,31,0.5000000000000001,0.4849320531672572,0.5490747290149879,0.48720800889877647,0.2586853477558743,0.710947139810217,0,probability_up,12
class__direction_core__equal_ensemble,class,direction_core,60,0.5333333333333333,0.5294771968854283,0.5248868778280543,0.5217391304347826,0.41379310344827586,0.46153846153846156,0.5405405405405406,0.6451612903225806,0.5882352941176471,12,20,11,17,29,31,23,37,0.5250000000000001,0.5196045464330319,0.6459878196821546,0.557285873192436,0.2491079713493068,0.691494429480527,0,probability_up,12
class__price_direction__linear,class,price_direction,60,0.5,0.5005561735261401,0.5,0.4838709677419355,0.5172413793103449,0.5,0.5172413793103449,0.4838709677419355,0.5,15,15,16,14,29,31,31,29,0.4750000000000001,0.4821696723074598,0.6235872937653482,0.5228031145717464,0.2664515926432059,0.7305256055849484,0,probability_up,12
class__price_direction__xgb,class,price_direction,60,0.5333333333333333,0.5272525027808677,0.513888888888889,0.5263157894736842,0.3448275862068966,0.4166666666666667,0.5365853658536586,0.7096774193548387,0.6111111111111112,10,22,9,19,29,31,19,41,0.5250000000000001,0.5274073567119089,0.5840803445823674,0.5372636262513903,0.25391982552820413,0.7015179970766884,0,probability_up,12
class__price_direction__forest,class,price_direction,60,0.48333333333333334,0.4755283648498332,0.4488888888888889,0.4375,0.2413793103448276,0.3111111111111111,0.5,0.7096774193548387,0.5866666666666667,7,22,9,22,29,31,16,44,0.5750000000000002,0.5072650754394903,0.6246068739164645,0.5394883203559511,0.25929950785018924,0.7117765653183952,0,probability_up,12
class__price_direction__equal_ensemble,class,price_direction,60,0.5,0.4949944382647386,0.4857142857142857,0.47619047619047616,0.3448275862068966,0.4,0.5128205128205128,0.6451612903225806,0.5714285714285714,10,20,11,19,29,31,21,39,0.5250000000000001,0.4856395073980575,0.6266076812318448,0.5261401557285873,0.25642763486447673,0.7054618533866791,0,probability_up,12
class__cot_direction__linear,class,cot_direction,60,0.6,0.5984427141268076,0.5982142857142857,0.5925925925925926,0.5517241379310345,0.5714285714285714,0.6060606060606061,0.6451612903225806,0.625,16,20,11,13,29,31,27,33,0.45000000000000007,0.5400438520173011,0.6594448665178129,0.592880978865406,0.24986200061829777,0.6919818945596139,0,probability_up,12
class__cot_direction__xgb,class,cot_direction,60,0.5833333333333334,0.5834260289210234,0.5832175604334537,0.5666666666666667,0.5862068965517241,0.576271186440678,0.6,0.5806451612903226,0.5901639344262295,17,18,13,12,29,31,30,30,0.4750000000000001,0.5286611668931713,0.6159565225782163,0.5650723025583982,0.24994871796550347,0.6934407636443721,0,probability_up,12
class__cot_direction__forest,class,cot_direction,60,0.48333333333333334,0.4799777530589544,0.4762038862292312,0.4583333333333333,0.3793103448275862,0.41509433962264153,0.5,0.5806451612903226,0.5373134328358209,11,18,13,18,29,31,24,36,0.5250000000000001,0.48585629853605644,0.5465527610842618,0.492769744160178,0.27039587715261393,0.7359804272850191,0,probability_up,12
class__cot_direction__equal_ensemble,class,cot_direction,60,0.5333333333333333,0.5350389321468298,0.5328142380422691,0.5151515151515151,0.5862068965517241,0.5483870967741935,0.5555555555555556,0.4838709677419355,0.5172413793103449,17,15,16,12,29,31,33,27,0.45000000000000007,0.5189215852473033,0.6338833480443725,0.5595105672969967,0.2517907180991164,0.6973898718042791,0,probability_up,12
class__weather_direction__linear,class,weather_direction,60,0.5666666666666667,0.5650723025583982,0.5647321428571428,0.5555555555555556,0.5172413793103449,0.5357142857142857,0.5757575757575758,0.6129032258064516,0.59375,15,19,12,14,29,31,27,33,0.5250000000000001,0.5209834393706724,0.6391025612918724,0.5728587319243603,0.25830302964811175,0.7163991165150717,0,probability_up,12
class__weather_direction__xgb,class,weather_direction,60,0.5166666666666667,0.5255839822024472,0.48444444444444446,0.5,0.7931034482758621,0.6133333333333333,0.5714285714285714,0.25806451612903225,0.35555555555555557,23,8,23,6,29,31,46,14,0.42500000000000004,0.5124565124201657,0.6455195589783673,0.5450500556173526,0.2549736172495394,0.7038286039313587,0,probability_up,12
class__weather_direction__forest,class,weather_direction,60,0.5666666666666667,0.5661846496106786,0.5661846496106786,0.5517241379310345,0.5517241379310345,0.5517241379310345,0.5806451612903226,0.5806451612903226,0.5806451612903226,16,18,13,13,29,31,29,31,0.4750000000000001,0.46751323587747085,0.542202415316702,0.5094549499443827,0.264469602132787,0.725699707747119,0,probability_up,12
class__weather_direction__equal_ensemble,class,weather_direction,60,0.55,0.5511679644048944,0.5498749652681301,0.53125,0.5862068965517241,0.5573770491803278,0.5714285714285714,0.5161290322580645,0.5423728813559322,17,16,15,12,29,31,32,28,0.4750000000000001,0.510014224548366,0.6213372323612828,0.5628476084538376,0.2543077365704041,0.703541768818861,0,probability_up,12
class__engineered_direction__linear,class,engineered_direction,60,0.5,0.4994438264738599,0.4994438264738599,0.4827586206896552,0.4827586206896552,0.4827586206896552,0.5161290322580645,0.5161290322580645,0.5161290322580645,14,16,15,15,29,31,29,31,0.35,0.5396872314088791,0.6037871610622874,0.546162402669633,0.3196118216436827,0.9151497977732339,0,probability_up,12
class__engineered_direction__xgb,class,engineered_direction,60,0.5666666666666667,0.5706340378197998,0.5622895622895623,0.5405405405405406,0.6896551724137931,0.6060606060606061,0.6086956521739131,0.45161290322580644,0.5185185185185185,20,14,17,9,29,31,37,23,0.45000000000000007,0.5422118157531108,0.582870835039053,0.5806451612903226,0.24542026918919255,0.6843142519538907,0,probability_up,12
class__engineered_direction__forest,class,engineered_direction,60,0.5833333333333334,0.585650723025584,0.5822890559732665,0.5588235294117647,0.6551724137931034,0.6031746031746031,0.6153846153846154,0.5161290322580645,0.5614035087719298,19,16,15,10,29,31,34,26,0.4750000000000001,0.5016363628060393,0.5408658272340595,0.5139043381535039,0.2595462951974518,0.7136999444718686,0,probability_up,12
class__engineered_direction__equal_ensemble,class,engineered_direction,60,0.5666666666666667,0.5695216907675195,0.5647321428571428,0.5428571428571428,0.6551724137931034,0.59375,0.6,0.4838709677419355,0.5357142857142857,19,15,16,10,29,31,35,25,0.4,0.5487044448336684,0.5618942946143477,0.5383759733036707,0.25928195413703004,0.7136605555270136,0,probability_up,12
reg__basic__linear,reg,basic,60,0.5666666666666667,0.5706340378197998,0.5622895622895623,0.5405405405405406,0.6896551724137931,0.6060606060606061,0.6086956521739131,0.45161290322580644,0.5185185185185185,20,14,17,9,29,31,37,23,0.5,0.5039479984065355,0.6886729183066778,0.5661846496106786,,,0,uncalibrated_return_rank_score,12
reg__basic__xgb,reg,basic,60,0.5166666666666667,0.5211345939933258,0.5099971838918614,0.5,0.6551724137931034,0.5671641791044776,0.5454545454545454,0.3870967741935484,0.4528301886792453,19,12,19,10,29,31,38,22,0.5,0.5215444823998269,0.6669739859816701,0.5617352614015574,,,0,uncalibrated_return_rank_score,12
reg__basic__forest,reg,basic,60,0.5166666666666667,0.5211345939933258,0.5099971838918614,0.5,0.6551724137931034,0.5671641791044776,0.5454545454545454,0.3870967741935484,0.4528301886792453,19,12,19,10,29,31,38,22,0.5,0.5111465070425668,0.6317949076590506,0.5116796440489433,,,0,uncalibrated_return_rank_score,12
reg__basic__equal_ensemble,reg,basic,60,0.55,0.5545050055617353,0.5437904815544916,0.5263157894736842,0.6896551724137931,0.5970149253731343,0.5909090909090909,0.41935483870967744,0.49056603773584906,20,13,18,9,29,31,38,22,0.5,0.49883474421421053,0.6809129958202401,0.5628476084538376,,,0,uncalibrated_return_rank_score,12
reg__direction_core__linear,reg,direction_core,60,0.5333333333333333,0.5339265850945495,0.5333333333333333,0.5161290322580645,0.5517241379310345,0.5333333333333333,0.5517241379310345,0.5161290322580645,0.5333333333333333,16,16,15,13,29,31,31,29,0.5,0.5328608638615583,0.6855548251155332,0.5828698553948832,,,0,uncalibrated_return_rank_score,12
reg__direction_core__xgb,reg,direction_core,60,0.5166666666666667,0.5244716351501668,0.49285922471582627,0.5,0.7586206896551724,0.6027397260273972,0.5625,0.2903225806451613,0.3829787234042553,22,9,22,7,29,31,44,16,0.5,0.5618862907763393,0.6145507945456741,0.5272525027808677,,,0,uncalibrated_return_rank_score,12
reg__direction_core__forest,reg,direction_core,60,0.48333333333333334,0.4911012235817575,0.4578839988341591,0.4772727272727273,0.7241379310344828,0.5753424657534246,0.5,0.25806451612903225,0.3404255319148936,21,8,23,8,29,31,44,16,0.5,0.5435480095613635,0.6053622042830569,0.525027808676307,,,0,uncalibrated_return_rank_score,12
reg__direction_core__equal_ensemble,reg,direction_core,60,0.5333333333333333,0.5394883203559511,0.52,0.5121951219512195,0.7241379310344828,0.6,0.5789473684210527,0.3548387096774194,0.44,21,11,20,8,29,31,41,19,0.5,0.5392920076151779,0.6531323599033365,0.5639599555061179,,,0,uncalibrated_return_rank_score,12
reg__price_direction__linear,reg,price_direction,60,0.55,0.5511679644048944,0.5498749652681301,0.53125,0.5862068965517241,0.5573770491803278,0.5714285714285714,0.5161290322580645,0.5423728813559322,17,16,15,12,29,31,32,28,0.5,0.4653047456320001,0.6168581378514494,0.4983314794215795,,,0,uncalibrated_return_rank_score,12
reg__price_direction__xgb,reg,price_direction,60,0.5333333333333333,0.5406006674082313,0.513888888888889,0.5116279069767442,0.7586206896551724,0.6111111111111112,0.5882352941176471,0.3225806451612903,0.4166666666666667,22,10,21,7,29,31,43,17,0.5,0.5454213883058052,0.6191723083721669,0.5305895439377086,,,0,uncalibrated_return_rank_score,12
reg__price_direction__forest,reg,price_direction,60,0.5166666666666667,0.5166852057842046,0.5165323701028064,0.5,0.5172413793103449,0.5084745762711864,0.5333333333333333,0.5161290322580645,0.5245901639344263,15,16,15,14,29,31,30,30,0.5,0.4865806908198472,0.632363104874023,0.5139043381535039,,,0,uncalibrated_return_rank_score,12
reg__price_direction__equal_ensemble,reg,price_direction,60,0.4666666666666667,0.47052280311457173,0.4612794612794613,0.4594594594594595,0.5862068965517241,0.5151515151515151,0.4782608695652174,0.3548387096774194,0.4074074074074074,17,11,20,12,29,31,37,23,0.5,0.4742360145024371,0.6356565775455156,0.5038932146829811,,,0,uncalibrated_return_rank_score,12
reg__cot_direction__linear,reg,cot_direction,60,0.5833333333333334,0.5778642936596218,0.5688416211555045,0.6,0.41379310344827586,0.4897959183673469,0.575,0.7419354838709677,0.647887323943662,12,23,8,17,29,31,20,40,0.5,0.5867359160149584,0.6853696868930728,0.6262513904338153,,,0,uncalibrated_return_rank_score,12
reg__cot_direction__xgb,reg,cot_direction,60,0.6,0.6062291434927698,0.5885714285714285,0.5609756097560976,0.7931034482758621,0.6571428571428571,0.6842105263157895,0.41935483870967744,0.52,23,13,18,6,29,31,41,19,0.5,0.5636703531038644,0.6711875323182248,0.5895439377085652,,,0,uncalibrated_return_rank_score,12
reg__cot_direction__forest,reg,cot_direction,60,0.5833333333333334,0.5889877641824249,0.5737425404944586,0.55,0.7586206896551724,0.6376811594202898,0.65,0.41935483870967744,0.5098039215686274,22,13,18,7,29,31,40,20,0.5,0.51634464560028,0.6119970740270355,0.5139043381535039,,,0,uncalibrated_return_rank_score,12
reg__cot_direction__equal_ensemble,reg,cot_direction,60,0.55,0.5511679644048944,0.5498749652681301,0.53125,0.5862068965517241,0.5573770491803278,0.5714285714285714,0.5161290322580645,0.5423728813559322,17,16,15,12,29,31,32,28,0.5,0.5549254632617895,0.6851213205973519,0.6051167964404895,,,0,uncalibrated_return_rank_score,12
reg__weather_direction__linear,reg,weather_direction,60,0.5333333333333333,0.5372636262513905,0.5286195286195287,0.5135135135135135,0.6551724137931034,0.5757575757575758,0.5652173913043478,0.41935483870967744,0.48148148148148145,19,13,18,10,29,31,37,23,0.5,0.5224442708300846,0.643895104940234,0.5595105672969967,,,0,uncalibrated_return_rank_score,12
reg__weather_direction__xgb,reg,weather_direction,60,0.55,0.5567296996662958,0.5343489508479448,0.5238095238095238,0.7586206896551724,0.6197183098591549,0.6111111111111112,0.3548387096774194,0.4489795918367347,22,11,20,7,29,31,42,18,0.5,0.5865617386481905,0.6697539993948494,0.60734149054505,,,0,uncalibrated_return_rank_score,12
reg__weather_direction__forest,reg,weather_direction,60,0.5833333333333334,0.5867630700778643,0.5804195804195804,0.5555555555555556,0.6896551724137931,0.6153846153846154,0.625,0.4838709677419355,0.5454545454545454,20,15,16,9,29,31,36,24,0.5,0.5795500371648097,0.6224559285351375,0.5895439377085651,,,0,uncalibrated_return_rank_score,12
reg__weather_direction__equal_ensemble,reg,weather_direction,60,0.55,0.553392658509455,0.5468531468531468,0.5277777777777778,0.6551724137931034,0.5846153846153846,0.5833333333333334,0.45161290322580644,0.509090909090909,19,14,17,10,29,31,36,24,0.5,0.598847698836462,0.6642366785210225,0.5906562847608454,,,0,uncalibrated_return_rank_score,12
reg__engineered_direction__linear,reg,engineered_direction,60,0.55,0.5489432703003337,0.5488721804511278,0.5357142857142857,0.5172413793103449,0.5263157894736842,0.5625,0.5806451612903226,0.5714285714285714,15,18,13,14,29,31,28,32,0.5,0.5857153075249537,0.6255883997499065,0.5661846496106786,,,0,uncalibrated_return_rank_score,12
reg__engineered_direction__xgb,reg,engineered_direction,60,0.55,0.5567296996662958,0.5343489508479448,0.5238095238095238,0.7586206896551724,0.6197183098591549,0.6111111111111112,0.3548387096774194,0.4489795918367347,22,11,20,7,29,31,42,18,0.5,0.5328500195361923,0.5957497956630211,0.5517241379310345,,,0,uncalibrated_return_rank_score,12
reg__engineered_direction__forest,reg,engineered_direction,60,0.5333333333333333,0.5383759733036708,0.5248868778280543,0.5128205128205128,0.6896551724137931,0.5882352941176471,0.5714285714285714,0.3870967741935484,0.46153846153846156,20,12,19,9,29,31,39,21,0.5,0.5252407834369796,0.6128181228129019,0.5394883203559511,,,0,uncalibrated_return_rank_score,12
reg__engineered_direction__equal_ensemble,reg,engineered_direction,60,0.5666666666666667,0.5672969966629589,0.5666666666666667,0.5483870967741935,0.5862068965517241,0.5666666666666667,0.5862068965517241,0.5483870967741935,0.5666666666666667,17,17,14,12,29,31,31,29,0.5,0.5506279342460918,0.6373551891822131,0.5650723025583982,,,0,uncalibrated_return_rank_score,12
selected_direction,class,weather_direction,60,0.55,0.5511679644048944,0.5498749652681301,0.53125,0.5862068965517241,0.5573770491803278,0.5714285714285714,0.5161290322580645,0.5423728813559322,17,16,15,12,29,31,32,28,0.4750000000000001,0.510014224548366,0.6213372323612828,0.5628476084538376,0.2543077365704041,0.703541768818861,0,probability_up,12
selected_return,reg,basic,60,0.5166666666666667,0.5211345939933258,0.5099971838918614,0.5,0.6551724137931034,0.5671641791044776,0.5454545454545454,0.3870967741935484,0.4528301886792453,19,12,19,10,29,31,38,22,0.5,0.5215444823998269,0.6669739859816701,0.5617352614015574,,,0,uncalibrated_return_rank_score,12
baseline_monthly_return,reg,previous,60,0.5833333333333334,0.5889877641824249,0.5737425404944586,0.55,0.7586206896551724,0.6376811594202898,0.65,0.41935483870967744,0.5098039215686274,22,13,18,7,29,31,40,20,0.5,0.6498048558271319,0.6843145686447373,0.6473859844271412,,,0,uncalibrated_return_rank_score,12
baseline_paper_return,reg,previous,60,0.48333333333333334,0.4833147942157954,0.4831897749374826,0.4666666666666667,0.4827586206896552,0.4745762711864407,0.5,0.4838709677419355,0.4918032786885246,14,15,16,15,29,31,30,30,0.5,0.5403711452801867,0.5646999536163478,0.4849833147942158,,,0,uncalibrated_return_rank_score,12
baseline_mean_return,reg,previous,60,0.48333333333333334,0.5,0.3258426966292135,0.48333333333333334,1.0,0.651685393258427,0.0,0.0,0.0,29,0,31,0,29,31,60,0,0.5,0.43921723392918016,0.4843244553391873,0.439377085650723,,,0,uncalibrated_return_rank_score,12
baseline_zero_return,reg,previous,60,0.48333333333333334,0.5,0.3258426966292135,0.48333333333333334,1.0,0.651685393258427,0.0,0.0,0.0,29,0,31,0,29,31,60,0,0.5,0.48333333333333334,0.5166666666666667,0.5,,,0,uncalibrated_return_rank_score,12
baseline_majority,baseline,previous,60,0.5166666666666667,0.5,0.34065934065934067,0.0,0.0,0.0,0.5166666666666667,1.0,0.6813186813186813,0,31,0,29,29,31,0,60,0.5,0.4356378397788823,0.48041121177894286,0.43381535038932145,0.2501120695797167,0.6933720468284609,0,probability_up,12
always_up,baseline,previous,60,0.48333333333333334,0.5,0.3258426966292135,0.48333333333333334,1.0,0.651685393258427,0.0,0.0,0.0,29,0,31,0,29,31,60,0,0.5,0.48333333333333334,0.5166666666666667,0.5,0.5166666666666667,18.622554251043866,0,probability_up,12
always_down,baseline,previous,60,0.5166666666666667,0.5,0.34065934065934067,0.0,0.0,0.0,0.5166666666666667,1.0,0.6813186813186813,0,31,0,29,29,31,0,60,0.5,0.48333333333333334,0.5166666666666667,0.5,0.48333333333333334,17.42109913807329,0,probability_up,12
class__basic__linear,class,basic,60,0.5666666666666667,0.5691964285714286,0.5666666666666667,0.53125,0.6071428571428571,0.5666666666666667,0.6071428571428571,0.53125,0.5666666666666667,17,17,15,11,28,32,32,28,0.5000000000000001,0.596334242947645,0.7114577206702369,0.6417410714285715,0.23491730902359587,0.6614915862632961,0,probability_up,13
class__basic__xgb,class,basic,60,0.55,0.5446428571428572,0.5437904815544916,0.52,0.4642857142857143,0.49056603773584906,0.5714285714285714,0.625,0.5970149253731343,13,20,12,15,28,32,25,35,0.5000000000000001,0.5956123743827899,0.7019901626529637,0.6049107142857143,0.23834487910617136,0.668427426712689,0,probability_up,13
class__basic__forest,class,basic,60,0.5166666666666667,0.5133928571428572,0.5132867132867133,0.48148148148148145,0.4642857142857143,0.4727272727272727,0.5454545454545454,0.5625,0.5538461538461539,13,18,14,15,28,32,27,33,0.5000000000000001,0.5915846981460953,0.6467537709770566,0.5837053571428572,0.24470348314734436,0.6820269991413555,0,probability_up,13
class__basic__equal_ensemble,class,basic,60,0.5333333333333333,0.53125,0.53125,0.5,0.5,0.5,0.5625,0.5625,0.5625,14,18,14,14,28,32,28,32,0.5000000000000001,0.6180167004866254,0.699326932115853,0.6205357142857142,0.23771735139666267,0.6675752981118976,0,probability_up,13
class__direction_core__linear,class,direction_core,60,0.5666666666666667,0.5580357142857143,0.5542857142857143,0.5454545454545454,0.42857142857142855,0.48,0.5789473684210527,0.6875,0.6285714285714286,12,22,10,16,28,32,22,38,0.5250000000000001,0.5503436102301318,0.6851709098615537,0.6071428571428571,0.24404405602184334,0.6816185054816446,0,probability_up,13
class__direction_core__xgb,class,direction_core,60,0.5333333333333333,0.5334821428571428,0.5328142380422691,0.5,0.5357142857142857,0.5172413793103449,0.5666666666666667,0.53125,0.5483870967741935,15,17,15,13,28,32,30,30,0.5000000000000001,0.5589726248907755,0.6540980898316703,0.5926339285714286,0.24292804430810275,0.6784884263828255,0,probability_up,13
class__direction_core__forest,class,direction_core,60,0.6,0.5959821428571428,0.595959595959596,0.5769230769230769,0.5357142857142857,0.5555555555555556,0.6176470588235294,0.65625,0.6363636363636364,15,21,11,13,28,32,26,34,0.5000000000000001,0.5434964244316266,0.6551400471445568,0.5904017857142858,0.24293078248670302,0.67816042237487,0,probability_up,13
class__direction_core__equal_ensemble,class,direction_core,60,0.6166666666666667,0.6071428571428572,0.6033342914630642,0.6190476190476191,0.4642857142857143,0.5306122448979592,0.6153846153846154,0.75,0.676056338028169,13,24,8,15,28,32,21,39,0.5250000000000001,0.5798223383885629,0.7035033803386228,0.6171875,0.24093756907050565,0.6742447508981498,0,probability_up,13
class__price_direction__linear,class,price_direction,60,0.5333333333333333,0.5334821428571428,0.5328142380422691,0.5,0.5357142857142857,0.5172413793103449,0.5666666666666667,0.53125,0.5483870967741935,15,17,15,13,28,32,30,30,0.4750000000000001,0.6371236458926612,0.6900592381040613,0.6305803571428572,0.2341273474764802,0.6570019349664192,0,probability_up,13
class__price_direction__xgb,class,price_direction,60,0.4666666666666667,0.45535714285714285,0.4444444444444444,0.4,0.2857142857142857,0.3333333333333333,0.5,0.625,0.5555555555555556,8,20,12,20,28,32,20,40,0.5250000000000001,0.4718876011934843,0.6207009182938804,0.5022321428571428,0.2619883657920733,0.7176308487677497,0,probability_up,13
class__price_direction__forest,class,price_direction,60,0.45,0.43526785714285715,0.41333333333333333,0.35294117647058826,0.21428571428571427,0.26666666666666666,0.4883720930232558,0.65625,0.56,6,21,11,22,28,32,17,43,0.5750000000000002,0.4929775465085769,0.6025030879583435,0.5022321428571428,0.2702760489676118,0.7345371143578822,0,probability_up,13
class__price_direction__equal_ensemble,class,price_direction,60,0.4666666666666667,0.4575892857142857,0.4514285714285714,0.4090909090909091,0.32142857142857145,0.36,0.5,0.59375,0.5428571428571428,9,19,13,19,28,32,22,38,0.5250000000000001,0.5483979977188904,0.6505767314444002,0.5524553571428572,0.2522399437656843,0.6956684058179897,0,probability_up,13
class__cot_direction__linear,class,cot_direction,60,0.5333333333333333,0.53125,0.53125,0.5,0.5,0.5,0.5625,0.5625,0.5625,14,18,14,14,28,32,28,32,0.45000000000000007,0.5046534874179437,0.6422815847076133,0.5591517857142857,0.2644129603886283,0.7246083285038105,0,probability_up,13
class__cot_direction__xgb,class,cot_direction,60,0.5333333333333333,0.5334821428571428,0.5328142380422691,0.5,0.5357142857142857,0.5172413793103449,0.5666666666666667,0.53125,0.5483870967741935,15,17,15,13,28,32,30,30,0.4750000000000001,0.4982527838908231,0.6421436104788099,0.5446428571428571,0.2540365675489121,0.7017288985654164,0,probability_up,13
class__cot_direction__forest,class,cot_direction,60,0.4666666666666667,0.4598214285714286,0.4570135746606335,0.4166666666666667,0.35714285714285715,0.38461538461538464,0.5,0.5625,0.5294117647058824,10,18,14,18,28,32,24,36,0.5250000000000001,0.4631355511243886,0.6045118104270272,0.5200892857142857,0.2654296788528512,0.7278927044653155,0,probability_up,13
class__cot_direction__equal_ensemble,class,cot_direction,60,0.5166666666666667,0.5200892857142857,0.5165323701028064,0.48484848484848486,0.5714285714285714,0.5245901639344263,0.5555555555555556,0.46875,0.5084745762711864,16,15,17,12,28,32,33,27,0.45000000000000007,0.4980842213465725,0.6798603217930428,0.5546875,0.2568898377799813,0.707387877690601,0,probability_up,13
class__weather_direction__linear,class,weather_direction,60,0.43333333333333335,0.4308035714285714,0.4308035714285714,0.39285714285714285,0.39285714285714285,0.39285714285714285,0.46875,0.46875,0.46875,11,15,17,17,28,32,28,32,0.5250000000000001,0.49056074740275973,0.6171026459131412,0.5178571428571429,0.27107914041897774,0.7423829762097824,0,probability_up,13
class__weather_direction__xgb,class,weather_direction,60,0.45,0.46875,0.41333333333333333,0.44680851063829785,0.75,0.56,0.46153846153846156,0.1875,0.26666666666666666,21,6,26,7,28,32,47,13,0.42500000000000004,0.5802972736689403,0.6036864249954924,0.5435267857142857,0.2501248211668514,0.6931511488036565,0,probability_up,13
class__weather_direction__forest,class,weather_direction,60,0.5333333333333333,0.53125,0.53125,0.5,0.5,0.5,0.5625,0.5625,0.5625,14,18,14,14,28,32,28,32,0.4750000000000001,0.5457269030396327,0.5345885435366493,0.5223214285714286,0.25927821293891856,0.7143804650025772,0,probability_up,13
class__weather_direction__equal_ensemble,class,weather_direction,60,0.5333333333333333,0.5379464285714286,0.5328142380422691,0.5,0.6071428571428571,0.5483870967741935,0.5769230769230769,0.46875,0.5172413793103449,17,15,17,11,28,32,34,26,0.4750000000000001,0.5518645702213096,0.5763026968964656,0.5435267857142857,0.25415963163190763,0.7021518573859757,0,probability_up,13
class__engineered_direction__linear,class,engineered_direction,60,0.48333333333333334,0.48214285714285715,0.48203842940685043,0.4482758620689655,0.4642857142857143,0.45614035087719296,0.5161290322580645,0.5,0.5079365079365079,13,16,16,15,28,32,29,31,0.35,0.5532311198900166,0.634583544837148,0.5301339285714286,0.3115294678186695,0.8690978841447412,0,probability_up,13
class__engineered_direction__xgb,class,engineered_direction,60,0.55,0.5580357142857143,0.5468531468531468,0.5135135135135135,0.6785714285714286,0.5846153846153846,0.6086956521739131,0.4375,0.509090909090909,19,14,18,9,28,32,37,23,0.45000000000000007,0.5362335212818136,0.6279768482657084,0.5680803571428572,0.2461139279013168,0.6852922084434475,0,probability_up,13
class__engineered_direction__forest,class,engineered_direction,60,0.5166666666666667,0.515625,0.5154553049289892,0.4827586206896552,0.5,0.49122807017543857,0.5483870967741935,0.53125,0.5396825396825397,14,17,15,14,28,32,29,31,0.4750000000000001,0.4775076014923894,0.5531520068323735,0.4955357142857143,0.25934274986906836,0.7130236612653457,0,probability_up,13
class__engineered_direction__equal_ensemble,class,engineered_direction,60,0.5,0.5044642857142857,0.4994438264738599,0.47058823529411764,0.5714285714285714,0.5161290322580645,0.5384615384615384,0.4375,0.4827586206896552,16,14,18,12,28,32,34,26,0.4,0.5246307322367697,0.6308155154198076,0.5424107142857143,0.257925009262438,0.7094937018977381,0,probability_up,13
reg__basic__linear,reg,basic,60,0.5833333333333334,0.5892857142857143,0.5822890559732665,0.5428571428571428,0.6785714285714286,0.6031746031746031,0.64,0.5,0.5614035087719298,19,16,16,9,28,32,35,25,0.5,0.5547114662707371,0.7164375639105864,0.6283482142857142,,,0,uncalibrated_return_rank_score,13
reg__basic__xgb,reg,basic,60,0.5833333333333334,0.5915178571428572,0.5804195804195804,0.5405405405405406,0.7142857142857143,0.6153846153846154,0.6521739130434783,0.46875,0.5454545454545454,20,15,17,8,28,32,37,23,0.5,0.5859845313461862,0.7028720564880195,0.6305803571428572,,,0,uncalibrated_return_rank_score,13
reg__basic__forest,reg,basic,60,0.5333333333333333,0.5379464285714286,0.5328142380422691,0.5,0.6071428571428571,0.5483870967741935,0.5769230769230769,0.46875,0.5172413793103449,17,15,17,11,28,32,34,26,0.5,0.6095902499542428,0.6863874430331245,0.6082589285714286,,,0,uncalibrated_return_rank_score,13
reg__basic__equal_ensemble,reg,basic,60,0.5833333333333334,0.5892857142857143,0.5822890559732665,0.5428571428571428,0.6785714285714286,0.6031746031746031,0.64,0.5,0.5614035087719298,19,16,16,9,28,32,35,25,0.5,0.6032955140944175,0.714849304251655,0.6316964285714286,,,0,uncalibrated_return_rank_score,13
reg__direction_core__linear,reg,direction_core,60,0.48333333333333334,0.484375,0.4831897749374826,0.45161290322580644,0.5,0.4745762711864407,0.5172413793103449,0.46875,0.4918032786885246,14,15,17,14,28,32,31,29,0.5,0.506918819592999,0.7085953439962671,0.5803571428571429,,,0,uncalibrated_return_rank_score,13
reg__direction_core__xgb,reg,direction_core,60,0.5333333333333333,0.546875,0.52,0.5,0.75,0.6,0.6111111111111112,0.34375,0.44,21,11,21,7,28,32,42,18,0.5,0.5604872754914862,0.6793965369702326,0.6149553571428571,,,0,uncalibrated_return_rank_score,13
reg__direction_core__forest,reg,direction_core,60,0.5666666666666667,0.578125,0.5588235294117647,0.525,0.75,0.6176470588235294,0.65,0.40625,0.5,21,13,19,7,28,32,40,20,0.5,0.5788698679973816,0.6858232362704912,0.6127232142857143,,,0,uncalibrated_return_rank_score,13
reg__direction_core__equal_ensemble,reg,direction_core,60,0.5666666666666667,0.5758928571428572,0.5622895622895623,0.5263157894736842,0.7142857142857143,0.6060606060606061,0.6363636363636364,0.4375,0.5185185185185185,20,14,18,8,28,32,38,22,0.5,0.5539077474174672,0.6827121322292855,0.6015625,,,0,uncalibrated_return_rank_score,13
reg__price_direction__linear,reg,price_direction,60,0.5333333333333333,0.53125,0.53125,0.5,0.5,0.5,0.5625,0.5625,0.5625,14,18,14,14,28,32,28,32,0.5,0.6430294577151533,0.6840579837010209,0.6238839285714286,,,0,uncalibrated_return_rank_score,13
reg__price_direction__xgb,reg,price_direction,60,0.55,0.5625,0.5396419437340154,0.5121951219512195,0.75,0.6086956521739131,0.631578947368421,0.375,0.47058823529411764,21,12,20,7,28,32,41,19,0.5,0.5091264478793611,0.6361868289276293,0.5401785714285714,,,0,uncalibrated_return_rank_score,13
reg__price_direction__forest,reg,price_direction,60,0.5,0.49776785714285715,0.49776785714285715,0.4642857142857143,0.4642857142857143,0.4642857142857143,0.53125,0.53125,0.53125,13,17,15,15,28,32,28,32,0.5,0.5319909417501825,0.64838687490408,0.5580357142857142,,,0,uncalibrated_return_rank_score,13
reg__price_direction__equal_ensemble,reg,price_direction,60,0.5166666666666667,0.5200892857142857,0.5165323701028064,0.48484848484848486,0.5714285714285714,0.5245901639344263,0.5555555555555556,0.46875,0.5084745762711864,16,15,17,12,28,32,33,27,0.5,0.5775163355081365,0.6447371512332385,0.5647321428571428,,,0,uncalibrated_return_rank_score,13
reg__cot_direction__linear,reg,cot_direction,60,0.5166666666666667,0.5111607142857143,0.5099971838918614,0.48,0.42857142857142855,0.4528301886792453,0.5428571428571428,0.59375,0.5671641791044776,12,19,13,16,28,32,25,35,0.5,0.4916611421520282,0.6439911088993274,0.5502232142857143,,,0,uncalibrated_return_rank_score,13
reg__cot_direction__xgb,reg,cot_direction,60,0.55,0.5558035714285714,0.5488721804511278,0.5142857142857142,0.6428571428571429,0.5714285714285714,0.6,0.46875,0.5263157894736842,18,15,17,10,28,32,35,25,0.5,0.49231613205007313,0.6744545008901666,0.5658482142857143,,,0,uncalibrated_return_rank_score,13
reg__cot_direction__forest,reg,cot_direction,60,0.55,0.5513392857142857,0.5498749652681301,0.5161290322580645,0.5714285714285714,0.5423728813559322,0.5862068965517241,0.53125,0.5573770491803278,16,17,15,12,28,32,31,29,0.5,0.4801932517781113,0.6522498224140554,0.5535714285714286,,,0,uncalibrated_return_rank_score,13
reg__cot_direction__equal_ensemble,reg,cot_direction,60,0.5333333333333333,0.5334821428571428,0.5328142380422691,0.5,0.5357142857142857,0.5172413793103449,0.5666666666666667,0.53125,0.5483870967741935,15,17,15,13,28,32,30,30,0.5,0.4987237864110669,0.6888414024241456,0.5669642857142857,,,0,uncalibrated_return_rank_score,13
reg__weather_direction__linear,reg,weather_direction,60,0.5,0.5089285714285714,0.4949494949494949,0.47368421052631576,0.6428571428571429,0.5454545454545454,0.5454545454545454,0.375,0.4444444444444444,18,12,20,10,28,32,38,22,0.5,0.5186505894715051,0.6152798392290086,0.5200892857142858,,,0,uncalibrated_return_rank_score,13
reg__weather_direction__xgb,reg,weather_direction,60,0.5666666666666667,0.578125,0.5588235294117647,0.525,0.75,0.6176470588235294,0.65,0.40625,0.5,21,13,19,7,28,32,40,20,0.5,0.5798942158407052,0.6729617321700875,0.6037946428571428,,,0,uncalibrated_return_rank_score,13
reg__weather_direction__forest,reg,weather_direction,60,0.5166666666666667,0.5223214285714286,0.5154553049289892,0.4857142857142857,0.6071428571428571,0.5396825396825397,0.56,0.4375,0.49122807017543857,17,14,18,11,28,32,35,25,0.5,0.578518078750672,0.6286200136865574,0.5680803571428571,,,0,uncalibrated_return_rank_score,13
reg__weather_direction__equal_ensemble,reg,weather_direction,60,0.5166666666666667,0.5245535714285714,0.5132867132867133,0.4864864864864865,0.6428571428571429,0.5538461538461539,0.5652173913043478,0.40625,0.4727272727272727,18,13,19,10,28,32,37,23,0.5,0.5837422267331356,0.640148806144169,0.5691964285714286,,,0,uncalibrated_return_rank_score,13
reg__engineered_direction__linear,reg,engineered_direction,60,0.5333333333333333,0.5290178571428572,0.5286195286195287,0.5,0.4642857142857143,0.48148148148148145,0.5588235294117647,0.59375,0.5757575757575758,13,19,13,15,28,32,26,34,0.5,0.5643582986262602,0.6320986147395988,0.5435267857142858,,,0,uncalibrated_return_rank_score,13
reg__engineered_direction__xgb,reg,engineered_direction,60,0.5,0.5133928571428572,0.4857142857142857,0.47619047619047616,0.7142857142857143,0.5714285714285714,0.5555555555555556,0.3125,0.4,20,10,22,8,28,32,42,18,0.5,0.52136368195641,0.6100557937535783,0.5736607142857143,,,0,uncalibrated_return_rank_score,13
reg__engineered_direction__forest,reg,engineered_direction,60,0.5333333333333333,0.5401785714285714,0.53125,0.5,0.6428571428571429,0.5625,0.5833333333333334,0.4375,0.5,18,14,18,10,28,32,36,24,0.5,0.5565177291177601,0.6256496289038641,0.578125,,,0,uncalibrated_return_rank_score,13
reg__engineered_direction__equal_ensemble,reg,engineered_direction,60,0.5333333333333333,0.5357142857142857,0.5333333333333333,0.5,0.5714285714285714,0.5333333333333333,0.5714285714285714,0.5,0.5333333333333333,16,16,16,12,28,32,32,28,0.5,0.5573728574568557,0.6302813125293296,0.5680803571428571,,,0,uncalibrated_return_rank_score,13
selected_direction,class,weather_direction,60,0.5333333333333333,0.5379464285714286,0.5328142380422691,0.5,0.6071428571428571,0.5483870967741935,0.5769230769230769,0.46875,0.5172413793103449,17,15,17,11,28,32,34,26,0.4750000000000001,0.5518645702213096,0.5763026968964656,0.5435267857142857,0.25415963163190763,0.7021518573859757,0,probability_up,13
selected_return,reg,basic,60,0.5833333333333334,0.5915178571428572,0.5804195804195804,0.5405405405405406,0.7142857142857143,0.6153846153846154,0.6521739130434783,0.46875,0.5454545454545454,20,15,17,8,28,32,37,23,0.5,0.5859845313461862,0.7028720564880195,0.6305803571428572,,,0,uncalibrated_return_rank_score,13
baseline_monthly_return,reg,previous,60,0.5333333333333333,0.5491071428571428,0.513888888888889,0.5,0.7857142857142857,0.6111111111111112,0.625,0.3125,0.4166666666666667,22,10,22,6,28,32,44,16,0.5,0.5883130847945202,0.6673721386862906,0.5892857142857143,,,0,uncalibrated_return_rank_score,13
baseline_paper_return,reg,previous,60,0.5666666666666667,0.5625,0.5622895622895623,0.5384615384615384,0.5,0.5185185185185185,0.5882352941176471,0.625,0.6060606060606061,14,20,12,14,28,32,26,34,0.5,0.5923778643150822,0.6549833430427543,0.5959821428571429,,,0,uncalibrated_return_rank_score,13
baseline_mean_return,reg,previous,60,0.4666666666666667,0.5,0.3181818181818182,0.4666666666666667,1.0,0.6363636363636364,0.0,0.0,0.0,28,0,32,0,28,32,60,0,0.5,0.46525024372706536,0.5115140486061801,0.4888392857142857,,,0,uncalibrated_return_rank_score,13
baseline_zero_return,reg,previous,60,0.4666666666666667,0.5,0.3181818181818182,0.4666666666666667,1.0,0.6363636363636364,0.0,0.0,0.0,28,0,32,0,28,32,60,0,0.5,0.4666666666666667,0.5333333333333333,0.5,,,0,uncalibrated_return_rank_score,13
baseline_majority,baseline,previous,60,0.5333333333333333,0.5,0.34782608695652173,0.0,0.0,0.0,0.5333333333333333,1.0,0.6956521739130435,0,32,0,28,28,32,0,60,0.5,0.4643749131115641,0.5081104719334755,0.48325892857142855,0.24931386952034143,0.6917748728797315,0,probability_up,13
always_up,baseline,previous,60,0.4666666666666667,0.5,0.3181818181818182,0.4666666666666667,1.0,0.6363636363636364,0.0,0.0,0.0,28,0,32,0,28,32,60,0,0.5,0.4666666666666667,0.5333333333333333,0.5,0.5333333333333333,19.22328180752915,0,probability_up,13
always_down,baseline,previous,60,0.5333333333333333,0.5,0.34782608695652173,0.0,0.0,0.0,0.5333333333333333,1.0,0.6956521739130435,0,32,0,28,28,32,0,60,0.5,0.4666666666666667,0.5333333333333333,0.5,0.4666666666666667,16.820371581588002,0,probability_up,13
class__basic__linear,class,basic,60,0.5666666666666667,0.5669642857142857,0.5661846496106786,0.5333333333333333,0.5714285714285714,0.5517241379310345,0.6,0.5625,0.5806451612903226,16,18,14,12,28,32,30,30,0.5000000000000001,0.6028915169872233,0.7184887236277298,0.6517857142857143,0.23309758436922845,0.6578140492539374,0,probability_up,14
class__basic__xgb,class,basic,60,0.5833333333333334,0.578125,0.5775837792171219,0.56,0.5,0.5283018867924528,0.6,0.65625,0.6268656716417911,14,21,11,14,28,32,25,35,0.5000000000000001,0.6117407108620543,0.7194003448854247,0.6294642857142858,0.2348775582037448,0.6612619631415,0,probability_up,14
class__basic__forest,class,basic,60,0.55,0.546875,0.5468531468531468,0.5185185185185185,0.5,0.509090909090909,0.5757575757575758,0.59375,0.5846153846153846,14,19,13,14,28,32,27,33,0.5000000000000001,0.6080929037721752,0.6646213162987337,0.6127232142857143,0.24027076425731692,0.6730728033871863,0,probability_up,14
class__basic__equal_ensemble,class,basic,60,0.5666666666666667,0.5647321428571428,0.5647321428571428,0.5357142857142857,0.5357142857142857,0.5357142857142857,0.59375,0.59375,0.59375,15,19,13,13,28,32,28,32,0.5000000000000001,0.6335701498213445,0.7147373287884713,0.6462053571428571,0.23448515895820624,0.6610465561624331,0,probability_up,14
class__direction_core__linear,class,direction_core,60,0.5333333333333333,0.5245535714285714,0.52,0.5,0.39285714285714285,0.44,0.5526315789473685,0.65625,0.6,11,21,11,17,28,32,22,38,0.5250000000000001,0.5352628708777808,0.6707892773319788,0.5870535714285714,0.24783848774931475,0.6892952545513096,0,probability_up,14
class__direction_core__xgb,class,direction_core,60,0.5666666666666667,0.5647321428571428,0.5647321428571428,0.5357142857142857,0.5357142857142857,0.5357142857142857,0.59375,0.59375,0.59375,15,19,13,13,28,32,28,32,0.5000000000000001,0.591734608047189,0.6653366790523708,0.6205357142857143,0.2388203888000838,0.6701848391618611,0,probability_up,14
class__direction_core__forest,class,direction_core,60,0.6166666666666667,0.6116071428571428,0.6113770768797522,0.6,0.5357142857142857,0.5660377358490566,0.6285714285714286,0.6875,0.6567164179104478,15,22,10,13,28,32,25,35,0.5000000000000001,0.578578470570797,0.6589866686492665,0.6138392857142857,0.238393984323507,0.6689043399320105,0,probability_up,14
class__direction_core__equal_ensemble,class,direction_core,60,0.6333333333333333,0.6227678571428572,0.6180555555555556,0.65,0.4642857142857143,0.5416666666666666,0.625,0.78125,0.6944444444444444,13,25,7,15,28,32,20,40,0.5250000000000001,0.5944126696188171,0.7032117815570176,0.6305803571428572,0.23935787639174905,0.6711326219012368,0,probability_up,14
class__price_direction__linear,class,price_direction,60,0.5166666666666667,0.5178571428571428,0.5165323701028064,0.4838709677419355,0.5357142857142857,0.5084745762711864,0.5517241379310345,0.5,0.5245901639344263,15,16,16,13,28,32,31,29,0.4750000000000001,0.6097465451004067,0.6794955686512607,0.609375,0.23924286689235194,0.6676064920386569,0,probability_up,14
class__price_direction__xgb,class,price_direction,60,0.5166666666666667,0.5044642857142857,0.49285922471582627,0.47368421052631576,0.32142857142857145,0.3829787234042553,0.5365853658536586,0.6875,0.6027397260273972,9,22,10,19,28,32,19,41,0.5250000000000001,0.4820135155072583,0.6225680425197373,0.5167410714285714,0.25873883464279857,0.711191583970568,0,probability_up,14
class__price_direction__forest,class,price_direction,60,0.48333333333333334,0.46875,0.4488888888888889,0.4117647058823529,0.25,0.3111111111111111,0.5116279069767442,0.6875,0.5866666666666667,7,22,10,21,28,32,17,43,0.5750000000000002,0.5084549924071734,0.6099731417474294,0.5234375,0.2646362899109908,0.723081846461959,0,probability_up,14
class__price_direction__equal_ensemble,class,price_direction,60,0.5,0.4888392857142857,0.4791666666666667,0.45,0.32142857142857145,0.375,0.525,0.65625,0.5833333333333334,9,21,11,19,28,32,20,40,0.5250000000000001,0.5489954990872113,0.6440841343205419,0.5513392857142857,0.25117656706793673,0.69371518583907,0,probability_up,14
class__cot_direction__linear,class,cot_direction,60,0.55,0.546875,0.5468531468531468,0.5185185185185185,0.5,0.509090909090909,0.5757575757575758,0.59375,0.5846153846153846,14,19,13,14,28,32,27,33,0.45000000000000007,0.5114477727805179,0.6496484790887274,0.5736607142857143,0.2602432799726555,0.7160654829477452,0,probability_up,14
class__cot_direction__xgb,class,cot_direction,60,0.5666666666666667,0.5669642857142857,0.5661846496106786,0.5333333333333333,0.5714285714285714,0.5517241379310345,0.6,0.5625,0.5806451612903226,16,18,14,12,28,32,30,30,0.4750000000000001,0.5154700821978241,0.6534002982162399,0.5714285714285714,0.249067020355934,0.6917398851658321,0,probability_up,14
class__cot_direction__forest,class,cot_direction,60,0.5,0.4933035714285714,0.4909502262443439,0.4583333333333333,0.39285714285714285,0.4230769230769231,0.5277777777777778,0.59375,0.5588235294117647,11,19,13,17,28,32,24,36,0.5250000000000001,0.4962866307534633,0.6172820245593545,0.5647321428571428,0.2572905572166084,0.7117174335230815,0,probability_up,14
class__cot_direction__equal_ensemble,class,cot_direction,60,0.5333333333333333,0.5357142857142857,0.5333333333333333,0.5,0.5714285714285714,0.5333333333333333,0.5714285714285714,0.5,0.5333333333333333,16,16,16,12,28,32,32,28,0.45000000000000007,0.5209247698145271,0.6894548826050988,0.5848214285714286,0.25114275051288115,0.6958222132183578,0,probability_up,14
class__weather_direction__linear,class,weather_direction,60,0.45,0.4464285714285714,0.4461538461538462,0.4074074074074074,0.39285714285714285,0.4,0.48484848484848486,0.5,0.49230769230769234,11,16,16,17,28,32,27,33,0.5250000000000001,0.4934913817794428,0.6163135243018271,0.5323660714285714,0.26783034017530194,0.7363819290666703,0,probability_up,14
class__weather_direction__xgb,class,weather_direction,60,0.4666666666666667,0.484375,0.43595769682726204,0.45652173913043476,0.75,0.5675675675675675,0.5,0.21875,0.30434782608695654,21,7,25,7,28,32,46,14,0.42500000000000004,0.6084505563674165,0.6273248690998781,0.5904017857142856,0.2423700478584213,0.6775749473216296,0,probability_up,14
class__weather_direction__forest,class,weather_direction,60,0.5833333333333334,0.5803571428571428,0.5804195804195804,0.5555555555555556,0.5357142857142857,0.5454545454545454,0.6060606060606061,0.625,0.6153846153846154,15,20,12,13,28,32,27,33,0.4750000000000001,0.5861191451058269,0.5529916584874657,0.5602678571428571,0.24954422764415446,0.6938817068003905,0,probability_up,14
class__weather_direction__equal_ensemble,class,weather_direction,60,0.5666666666666667,0.5691964285714286,0.5666666666666667,0.53125,0.6071428571428571,0.5666666666666667,0.6071428571428571,0.53125,0.5666666666666667,17,17,15,11,28,32,32,28,0.4750000000000001,0.5689075203776882,0.6037058060972577,0.5703125,0.24750133179079073,0.6885383103865066,0,probability_up,14
class__engineered_direction__linear,class,engineered_direction,60,0.5,0.49776785714285715,0.49776785714285715,0.4642857142857143,0.4642857142857143,0.4642857142857143,0.53125,0.53125,0.53125,13,17,15,15,28,32,28,32,0.35,0.5485853520584129,0.6441947449970118,0.5390625,0.31021250922256627,0.8657232055450785,0,probability_up,14
class__engineered_direction__xgb,class,engineered_direction,60,0.55,0.5580357142857143,0.5468531468531468,0.5135135135135135,0.6785714285714286,0.5846153846153846,0.6086956521739131,0.4375,0.509090909090909,19,14,18,9,28,32,37,23,0.45000000000000007,0.5611643746041064,0.6498027908681879,0.5859375,0.24280576401591525,0.6784555787385479,0,probability_up,14
class__engineered_direction__forest,class,engineered_direction,60,0.5166666666666667,0.515625,0.5154553049289892,0.4827586206896552,0.5,0.49122807017543857,0.5483870967741935,0.53125,0.5396825396825397,14,17,15,14,28,32,29,31,0.4750000000000001,0.5594752131155033,0.572664738799672,0.5368303571428572,0.25222666560175494,0.6981486481908317,0,probability_up,14
class__engineered_direction__equal_ensemble,class,engineered_direction,60,0.48333333333333334,0.48660714285714285,0.4831897749374826,0.45454545454545453,0.5357142857142857,0.4918032786885246,0.5185185185185185,0.4375,0.4745762711864407,15,14,18,13,28,32,33,27,0.4,0.5338999958271575,0.63959276924887,0.5535714285714286,0.2535116802745408,0.7003592330288358,0,probability_up,14
reg__basic__linear,reg,basic,60,0.5666666666666667,0.5736607142857143,0.5647321428571428,0.5277777777777778,0.6785714285714286,0.59375,0.625,0.46875,0.5357142857142857,19,15,17,9,28,32,36,24,0.5,0.5481139087553987,0.7082579683866752,0.6160714285714286,,,0,uncalibrated_return_rank_score,14
reg__basic__xgb,reg,basic,60,0.6,0.609375,0.595959595959596,0.5526315789473685,0.75,0.6363636363636364,0.6818181818181818,0.46875,0.5555555555555556,21,15,17,7,28,32,38,22,0.5,0.6419073035948395,0.7156248370921616,0.6450892857142858,,,0,uncalibrated_return_rank_score,14
reg__basic__forest,reg,basic,60,0.5333333333333333,0.5357142857142857,0.5333333333333333,0.5,0.5714285714285714,0.5333333333333333,0.5714285714285714,0.5,0.5333333333333333,16,16,16,12,28,32,32,28,0.5,0.6181515788854074,0.6882615936644361,0.6104910714285714,,,0,uncalibrated_return_rank_score,14
reg__basic__equal_ensemble,reg,basic,60,0.5833333333333334,0.5892857142857143,0.5822890559732665,0.5428571428571428,0.6785714285714286,0.6031746031746031,0.64,0.5,0.5614035087719298,19,16,16,9,28,32,35,25,0.5,0.6134636797722666,0.7259723231401709,0.6428571428571429,,,0,uncalibrated_return_rank_score,14
reg__direction_core__linear,reg,direction_core,60,0.4666666666666667,0.46875,0.4666666666666667,0.4375,0.5,0.4666666666666667,0.5,0.4375,0.4666666666666667,14,14,18,14,28,32,32,28,0.5,0.47494049499349644,0.6851350069590789,0.5424107142857143,,,0,uncalibrated_return_rank_score,14
reg__direction_core__xgb,reg,direction_core,60,0.5333333333333333,0.546875,0.52,0.5,0.75,0.6,0.6111111111111112,0.34375,0.44,21,11,21,7,28,32,42,18,0.5,0.5216023317980801,0.6754372312336312,0.5982142857142856,,,0,uncalibrated_return_rank_score,14
reg__direction_core__forest,reg,direction_core,60,0.5666666666666667,0.578125,0.5588235294117647,0.525,0.75,0.6176470588235294,0.65,0.40625,0.5,21,13,19,7,28,32,40,20,0.5,0.5171469592636033,0.679679579149756,0.5926339285714286,,,0,uncalibrated_return_rank_score,14
reg__direction_core__equal_ensemble,reg,direction_core,60,0.5833333333333334,0.59375,0.5775837792171219,0.5384615384615384,0.75,0.6268656716417911,0.6666666666666666,0.4375,0.5283018867924528,21,14,18,7,28,32,39,21,0.5,0.5097924719802212,0.6694177385501805,0.5803571428571428,,,0,uncalibrated_return_rank_score,14
reg__price_direction__linear,reg,price_direction,60,0.5166666666666667,0.515625,0.5154553049289892,0.4827586206896552,0.5,0.49122807017543857,0.5483870967741935,0.53125,0.5396825396825397,14,17,15,14,28,32,29,31,0.5,0.622667681985622,0.6706727584165042,0.6015625,,,0,uncalibrated_return_rank_score,14
reg__price_direction__xgb,reg,price_direction,60,0.5333333333333333,0.5446428571428572,0.5248868778280543,0.5,0.7142857142857143,0.5882352941176471,0.6,0.375,0.46153846153846156,20,12,20,8,28,32,40,20,0.5,0.5157790671955829,0.6440774740229905,0.5502232142857143,,,0,uncalibrated_return_rank_score,14
reg__price_direction__forest,reg,price_direction,60,0.5,0.49776785714285715,0.49776785714285715,0.4642857142857143,0.4642857142857143,0.4642857142857143,0.53125,0.53125,0.53125,13,17,15,15,28,32,28,32,0.5,0.5295585595360053,0.645953770558135,0.5535714285714286,,,0,uncalibrated_return_rank_score,14
reg__price_direction__equal_ensemble,reg,price_direction,60,0.5166666666666667,0.5200892857142857,0.5165323701028064,0.48484848484848486,0.5714285714285714,0.5245901639344263,0.5555555555555556,0.46875,0.5084745762711864,16,15,17,12,28,32,33,27,0.5,0.5724078719906891,0.6397467479032664,0.5546875,,,0,uncalibrated_return_rank_score,14
reg__cot_direction__linear,reg,cot_direction,60,0.5333333333333333,0.5267857142857143,0.5248868778280543,0.5,0.42857142857142855,0.46153846153846156,0.5555555555555556,0.625,0.5882352941176471,12,20,12,16,28,32,24,36,0.5,0.49882735493388114,0.6524574462980797,0.5647321428571428,,,0,uncalibrated_return_rank_score,14
reg__cot_direction__xgb,reg,cot_direction,60,0.55,0.5558035714285714,0.5488721804511278,0.5142857142857142,0.6428571428571429,0.5714285714285714,0.6,0.46875,0.5263157894736842,18,15,17,10,28,32,35,25,0.5,0.5006429639588371,0.688798221907062,0.578125,,,0,uncalibrated_return_rank_score,14
reg__cot_direction__forest,reg,cot_direction,60,0.55,0.5513392857142857,0.5498749652681301,0.5161290322580645,0.5714285714285714,0.5423728813559322,0.5862068965517241,0.53125,0.5573770491803278,16,17,15,12,28,32,31,29,0.5,0.49736406348397383,0.6580898838343583,0.5725446428571428,,,0,uncalibrated_return_rank_score,14
reg__cot_direction__equal_ensemble,reg,cot_direction,60,0.5333333333333333,0.5334821428571428,0.5328142380422691,0.5,0.5357142857142857,0.5172413793103449,0.5666666666666667,0.53125,0.5483870967741935,15,17,15,13,28,32,30,30,0.5,0.507555688568652,0.6980498232689889,0.5870535714285714,,,0,uncalibrated_return_rank_score,14
reg__weather_direction__linear,reg,weather_direction,60,0.5166666666666667,0.5245535714285714,0.5132867132867133,0.4864864864864865,0.6428571428571429,0.5538461538461539,0.5652173913043478,0.40625,0.4727272727272727,18,13,19,10,28,32,37,23,0.5,0.5124142152186224,0.6182849857925029,0.5290178571428572,,,0,uncalibrated_return_rank_score,14
reg__weather_direction__xgb,reg,weather_direction,60,0.5666666666666667,0.5758928571428572,0.5622895622895623,0.5263157894736842,0.7142857142857143,0.6060606060606061,0.6363636363636364,0.4375,0.5185185185185185,20,14,18,8,28,32,38,22,0.5,0.5395768530941106,0.6764335901858611,0.6015625,,,0,uncalibrated_return_rank_score,14
reg__weather_direction__forest,reg,weather_direction,60,0.5333333333333333,0.5379464285714286,0.5328142380422691,0.5,0.6071428571428571,0.5483870967741935,0.5769230769230769,0.46875,0.5172413793103449,17,15,17,11,28,32,34,26,0.5,0.5487413966995701,0.62681690427034,0.5569196428571428,,,0,uncalibrated_return_rank_score,14
reg__weather_direction__equal_ensemble,reg,weather_direction,60,0.5333333333333333,0.5401785714285714,0.53125,0.5,0.6428571428571429,0.5625,0.5833333333333334,0.4375,0.5,18,14,18,10,28,32,36,24,0.5,0.5432574714516462,0.6376144077542492,0.5569196428571428,,,0,uncalibrated_return_rank_score,14
reg__engineered_direction__linear,reg,engineered_direction,60,0.5666666666666667,0.5602678571428572,0.5588235294117647,0.5416666666666666,0.4642857142857143,0.5,0.5833333333333334,0.65625,0.6176470588235294,13,21,11,15,28,32,24,36,0.5,0.6021706825555172,0.6301705837636816,0.5613839285714286,,,0,uncalibrated_return_rank_score,14
reg__engineered_direction__xgb,reg,engineered_direction,60,0.55,0.5602678571428572,0.5437904815544916,0.5128205128205128,0.7142857142857143,0.5970149253731343,0.6190476190476191,0.40625,0.49056603773584906,20,13,19,8,28,32,39,21,0.5,0.5181090619964148,0.6285219613185604,0.5926339285714286,,,0,uncalibrated_return_rank_score,14
reg__engineered_direction__forest,reg,engineered_direction,60,0.55,0.5580357142857143,0.5468531468531468,0.5135135135135135,0.6785714285714286,0.5846153846153846,0.6086956521739131,0.4375,0.509090909090909,19,14,18,9,28,32,37,23,0.5,0.5502002296047789,0.6339019741338834,0.5915178571428572,,,0,uncalibrated_return_rank_score,14
reg__engineered_direction__equal_ensemble,reg,engineered_direction,60,0.5666666666666667,0.5669642857142857,0.5661846496106786,0.5333333333333333,0.5714285714285714,0.5517241379310345,0.6,0.5625,0.5806451612903226,16,18,14,12,28,32,30,30,0.5,0.5650056008192652,0.6348504188140291,0.5814732142857143,,,0,uncalibrated_return_rank_score,14
selected_direction,class,weather_direction,60,0.5666666666666667,0.5691964285714286,0.5666666666666667,0.53125,0.6071428571428571,0.5666666666666667,0.6071428571428571,0.53125,0.5666666666666667,17,17,15,11,28,32,32,28,0.4750000000000001,0.5689075203776882,0.6037058060972577,0.5703125,0.24750133179079073,0.6885383103865066,0,probability_up,14
selected_return,reg,basic,60,0.6,0.609375,0.595959595959596,0.5526315789473685,0.75,0.6363636363636364,0.6818181818181818,0.46875,0.5555555555555556,21,15,17,7,28,32,38,22,0.5,0.6419073035948395,0.7156248370921616,0.6450892857142858,,,0,uncalibrated_return_rank_score,14
baseline_monthly_return,reg,previous,60,0.5333333333333333,0.5491071428571428,0.513888888888889,0.5,0.7857142857142857,0.6111111111111112,0.625,0.3125,0.4166666666666667,22,10,22,6,28,32,44,16,0.5,0.6157736959590396,0.6833685698930809,0.6227678571428572,,,0,uncalibrated_return_rank_score,14
baseline_paper_return,reg,previous,60,0.6,0.5959821428571428,0.595959595959596,0.5769230769230769,0.5357142857142857,0.5555555555555556,0.6176470588235294,0.65625,0.6363636363636364,15,21,11,13,28,32,26,34,0.5,0.6047620342188537,0.6676877532873479,0.6194196428571429,,,0,uncalibrated_return_rank_score,14
baseline_mean_return,reg,previous,60,0.4666666666666667,0.5,0.3181818181818182,0.4666666666666667,1.0,0.6363636363636364,0.0,0.0,0.0,28,0,32,0,28,32,60,0,0.5,0.46339869665662425,0.5099236468204659,0.4854910714285714,,,0,uncalibrated_return_rank_score,14
baseline_zero_return,reg,previous,60,0.4666666666666667,0.5,0.3181818181818182,0.4666666666666667,1.0,0.6363636363636364,0.0,0.0,0.0,28,0,32,0,28,32,60,0,0.5,0.4666666666666667,0.5333333333333333,0.5,,,0,uncalibrated_return_rank_score,14
baseline_majority,baseline,previous,60,0.5333333333333333,0.5,0.34782608695652173,0.0,0.0,0.0,0.5333333333333333,1.0,0.6956521739130435,0,32,0,28,28,32,0,60,0.5,0.47125146078227015,0.5163495994546611,0.49776785714285715,0.2492581254033014,0.6916632347099553,0,probability_up,14
always_up,baseline,previous,60,0.4666666666666667,0.5,0.3181818181818182,0.4666666666666667,1.0,0.6363636363636364,0.0,0.0,0.0,28,0,32,0,28,32,60,0,0.5,0.4666666666666667,0.5333333333333333,0.5,0.5333333333333333,19.22328180752915,0,probability_up,14
always_down,baseline,previous,60,0.5333333333333333,0.5,0.34782608695652173,0.0,0.0,0.0,0.5333333333333333,1.0,0.6956521739130435,0,32,0,28,28,32,0,60,0.5,0.4666666666666667,0.5333333333333333,0.5,0.4666666666666667,16.820371581588002,0,probability_up,14
class__basic__linear,class,basic,60,0.5666666666666667,0.5669642857142857,0.5661846496106786,0.5333333333333333,0.5714285714285714,0.5517241379310345,0.6,0.5625,0.5806451612903226,16,18,14,12,28,32,30,30,0.5000000000000001,0.5987248503205567,0.7164752206504511,0.6473214285714286,0.23378712523122816,0.6592130599452346,0,probability_up,15
class__basic__xgb,class,basic,60,0.5833333333333334,0.578125,0.5775837792171219,0.56,0.5,0.5283018867924528,0.6,0.65625,0.6268656716417911,14,21,11,14,28,32,25,35,0.5000000000000001,0.6132075663929492,0.720543671534266,0.6316964285714286,0.23439895136206287,0.6603027970858386,0,probability_up,15
class__basic__forest,class,basic,60,0.55,0.546875,0.5468531468531468,0.5185185185185185,0.5,0.509090909090909,0.5757575757575758,0.59375,0.5846153846153846,14,19,13,14,28,32,27,33,0.5000000000000001,0.6080929037721752,0.6646213162987337,0.6127232142857143,0.24030888573694195,0.673150017826359,0,probability_up,15
class__basic__equal_ensemble,class,basic,60,0.5666666666666667,0.5647321428571428,0.5647321428571428,0.5357142857142857,0.5357142857142857,0.5357142857142857,0.59375,0.59375,0.59375,15,19,13,13,28,32,28,32,0.5000000000000001,0.6335701498213445,0.7147373287884713,0.6462053571428571,0.2346052173080445,0.6612867139631422,0,probability_up,15
class__direction_core__linear,class,direction_core,60,0.5166666666666667,0.5066964285714286,0.49985628054038517,0.47619047619047616,0.35714285714285715,0.40816326530612246,0.5384615384615384,0.65625,0.5915492957746479,10,21,11,18,28,32,21,39,0.5250000000000001,0.5336387212179169,0.6698558920235935,0.5848214285714286,0.248415987187442,0.6904525266338554,0,probability_up,15
class__direction_core__xgb,class,direction_core,60,0.5666666666666667,0.5647321428571428,0.5647321428571428,0.5357142857142857,0.5357142857142857,0.5357142857142857,0.59375,0.59375,0.59375,15,19,13,13,28,32,28,32,0.5000000000000001,0.591734608047189,0.6653366790523708,0.6205357142857143,0.23884498872773677,0.6702342010678046,0,probability_up,15
class__direction_core__forest,class,direction_core,60,0.6166666666666667,0.6116071428571428,0.6113770768797522,0.6,0.5357142857142857,0.5660377358490566,0.6285714285714286,0.6875,0.6567164179104478,15,22,10,13,28,32,25,35,0.5000000000000001,0.5757773501226178,0.6581687064182608,0.6116071428571428,0.23857105214863727,0.6692665850083476,0,probability_up,15
class__direction_core__equal_ensemble,class,direction_core,60,0.6333333333333333,0.6227678571428572,0.6180555555555556,0.65,0.4642857142857143,0.5416666666666666,0.625,0.78125,0.6944444444444444,13,25,7,15,28,32,20,40,0.5250000000000001,0.5931595367867369,0.7027618922989889,0.6294642857142857,0.23961352750777734,0.6716474354578021,0,probability_up,15
class__price_direction__linear,class,price_direction,60,0.5166666666666667,0.5178571428571428,0.5165323701028064,0.4838709677419355,0.5357142857142857,0.5084745762711864,0.5517241379310345,0.5,0.5245901639344263,15,16,16,13,28,32,31,29,0.4750000000000001,0.6087022677403399,0.6790802862592341,0.6082589285714286,0.23940317784743892,0.6679299019203211,0,probability_up,15
class__price_direction__xgb,class,price_direction,60,0.5166666666666667,0.5044642857142857,0.49285922471582627,0.47368421052631576,0.32142857142857145,0.3829787234042553,0.5365853658536586,0.6875,0.6027397260273972,9,22,10,19,28,32,19,41,0.5250000000000001,0.47965546180255647,0.6206955390402603,0.5122767857142857,0.25931467877549164,0.712345600169026,0,probability_up,15
class__price_direction__forest,class,price_direction,60,0.48333333333333334,0.46875,0.4488888888888889,0.4117647058823529,0.25,0.3111111111111111,0.5116279069767442,0.6875,0.5866666666666667,7,22,10,21,28,32,17,43,0.5750000000000002,0.5070086036605026,0.6079868263543019,0.5200892857142857,0.26613670927307276,0.7261728381596417,0,probability_up,15
class__price_direction__equal_ensemble,class,price_direction,60,0.5,0.4888392857142857,0.4791666666666667,0.45,0.32142857142857145,0.375,0.525,0.65625,0.5833333333333334,9,21,11,19,28,32,20,40,0.5250000000000001,0.547150945173692,0.6426046808119878,0.5479910714285714,0.2518749368685615,0.6951146270143377,0,probability_up,15
class__cot_direction__linear,class,cot_direction,60,0.55,0.546875,0.5468531468531468,0.5185185185185185,0.5,0.509090909090909,0.5757575757575758,0.59375,0.5846153846153846,14,19,13,14,28,32,27,33,0.45000000000000007,0.5114477727805179,0.6496484790887274,0.5736607142857143,0.25985973775002186,0.7152915118804978,0,probability_up,15
class__cot_direction__xgb,class,cot_direction,60,0.5666666666666667,0.5669642857142857,0.5661846496106786,0.5333333333333333,0.5714285714285714,0.5517241379310345,0.6,0.5625,0.5806451612903226,16,18,14,12,28,32,30,30,0.4750000000000001,0.5165205023658913,0.6537967041359016,0.5725446428571428,0.24899410011942136,0.6915911662571771,0,probability_up,15
class__cot_direction__forest,class,cot_direction,60,0.5,0.4933035714285714,0.4909502262443439,0.4583333333333333,0.39285714285714285,0.4230769230769231,0.5277777777777778,0.59375,0.5588235294117647,11,19,13,17,28,32,24,36,0.5250000000000001,0.5004741099409425,0.6183332182213706,0.5680803571428571,0.2567606508794738,0.7106019697486402,0,probability_up,15
class__cot_direction__equal_ensemble,class,cot_direction,60,0.5333333333333333,0.5357142857142857,0.5333333333333333,0.5,0.5714285714285714,0.5333333333333333,0.5714285714285714,0.5,0.5333333333333333,16,16,16,12,28,32,32,28,0.45000000000000007,0.5209247698145271,0.6894548826050988,0.5848214285714286,0.2508064324024054,0.6951336391223931,0,probability_up,15
class__weather_direction__linear,class,weather_direction,60,0.45,0.4464285714285714,0.4461538461538462,0.4074074074074074,0.39285714285714285,0.4,0.48484848484848486,0.5,0.49230769230769234,11,16,16,17,28,32,27,33,0.5250000000000001,0.49165987994794097,0.6159415004923031,0.53125,0.2685886408354573,0.7380984538913065,0,probability_up,15
class__weather_direction__xgb,class,weather_direction,60,0.4666666666666667,0.484375,0.43595769682726204,0.45652173913043476,0.75,0.5675675675675675,0.5,0.21875,0.30434782608695654,21,7,25,7,28,32,46,14,0.42500000000000004,0.6065566169734772,0.6269677262427351,0.5892857142857142,0.24263132135005291,0.6781163514883267,0,probability_up,15
class__weather_direction__forest,class,weather_direction,60,0.5833333333333334,0.5803571428571428,0.5804195804195804,0.5555555555555556,0.5357142857142857,0.5454545454545454,0.6060606060606061,0.625,0.6153846153846154,15,20,12,13,28,32,27,33,0.4750000000000001,0.5861191451058269,0.5529916584874657,0.5602678571428571,0.24953398488706183,0.6938606032613406,0,probability_up,15
class__weather_direction__equal_ensemble,class,weather_direction,60,0.5666666666666667,0.5691964285714286,0.5666666666666667,0.53125,0.6071428571428571,0.5666666666666667,0.6071428571428571,0.53125,0.5666666666666667,17,17,15,11,28,32,32,28,0.4750000000000001,0.5670135809837488,0.6033486632401149,0.5691964285714286,0.2478742964580699,0.6893270340691678,0,probability_up,15
class__engineered_direction__linear,class,engineered_direction,60,0.5,0.49776785714285715,0.49776785714285715,0.4642857142857143,0.4642857142857143,0.4642857142857143,0.53125,0.53125,0.53125,13,17,15,15,28,32,28,32,0.35,0.5485853520584129,0.6441947449970118,0.5390625,0.31016332890781073,0.8656204085198352,0,probability_up,15
class__engineered_direction__xgb,class,engineered_direction,60,0.55,0.5580357142857143,0.5468531468531468,0.5135135135135135,0.6785714285714286,0.5846153846153846,0.6086956521739131,0.4375,0.509090909090909,19,14,18,9,28,32,37,23,0.45000000000000007,0.5631485015882334,0.6506354658269973,0.5881696428571428,0.2426332852110356,0.6781092095011106,0,probability_up,15
class__engineered_direction__forest,class,engineered_direction,60,0.5166666666666667,0.515625,0.5154553049289892,0.4827586206896552,0.5,0.49122807017543857,0.5483870967741935,0.53125,0.5396825396825397,14,17,15,14,28,32,29,31,0.4750000000000001,0.5535228321631224,0.5710051660610019,0.53125,0.25251003514637754,0.6987272686144326,0,probability_up,15
class__engineered_direction__equal_ensemble,class,engineered_direction,60,0.48333333333333334,0.48660714285714285,0.4831897749374826,0.45454545454545453,0.5357142857142857,0.4918032786885246,0.5185185185185185,0.4375,0.4745762711864407,15,14,18,13,28,32,33,27,0.4,0.5338999958271575,0.63959276924887,0.5535714285714286,0.2535469375031874,0.7004297476030484,0,probability_up,15
reg__basic__linear,reg,basic,60,0.5666666666666667,0.5736607142857143,0.5647321428571428,0.5277777777777778,0.6785714285714286,0.59375,0.625,0.46875,0.5357142857142857,19,15,17,9,28,32,36,24,0.5,0.5440622881071393,0.7070806219575364,0.6127232142857142,,,0,uncalibrated_return_rank_score,15
reg__basic__xgb,reg,basic,60,0.6,0.609375,0.595959595959596,0.5526315789473685,0.75,0.6363636363636364,0.6818181818181818,0.46875,0.5555555555555556,21,15,17,7,28,32,38,22,0.5,0.6450174870621659,0.7169537001663631,0.6484375,,,0,uncalibrated_return_rank_score,15
reg__basic__forest,reg,basic,60,0.55,0.5535714285714286,0.5498749652681301,0.5151515151515151,0.6071428571428571,0.5573770491803278,0.5925925925925926,0.5,0.5423728813559322,17,16,16,11,28,32,33,27,0.5,0.64812376123071,0.7007900428765156,0.6350446428571428,,,0,uncalibrated_return_rank_score,15
reg__basic__equal_ensemble,reg,basic,60,0.5833333333333334,0.5892857142857143,0.5822890559732665,0.5428571428571428,0.6785714285714286,0.6031746031746031,0.64,0.5,0.5614035087719298,19,16,16,9,28,32,35,25,0.5,0.6210806659606813,0.7285259803106545,0.6495535714285714,,,0,uncalibrated_return_rank_score,15
reg__direction_core__linear,reg,direction_core,60,0.4666666666666667,0.46875,0.4666666666666667,0.4375,0.5,0.4666666666666667,0.5,0.4375,0.4666666666666667,14,14,18,14,28,32,32,28,0.5,0.4650198600728615,0.6836628315024509,0.5368303571428572,,,0,uncalibrated_return_rank_score,15
reg__direction_core__xgb,reg,direction_core,60,0.5333333333333333,0.546875,0.52,0.5,0.75,0.6,0.6111111111111112,0.34375,0.44,21,11,21,7,28,32,42,18,0.5,0.5233769546907154,0.676361868548071,0.6004464285714286,,,0,uncalibrated_return_rank_score,15
reg__direction_core__forest,reg,direction_core,60,0.5666666666666667,0.578125,0.5588235294117647,0.525,0.75,0.6176470588235294,0.65,0.40625,0.5,21,13,19,7,28,32,40,20,0.5,0.5294049393787262,0.6817096424088711,0.5993303571428572,,,0,uncalibrated_return_rank_score,15
reg__direction_core__equal_ensemble,reg,direction_core,60,0.5833333333333334,0.59375,0.5775837792171219,0.5384615384615384,0.75,0.6268656716417911,0.6666666666666666,0.4375,0.5283018867924528,21,14,18,7,28,32,39,21,0.5,0.5143276193725114,0.6700518768612056,0.5825892857142857,,,0,uncalibrated_return_rank_score,15
reg__price_direction__linear,reg,price_direction,60,0.5166666666666667,0.515625,0.5154553049289892,0.4827586206896552,0.5,0.49122807017543857,0.5483870967741935,0.53125,0.5396825396825397,14,17,15,14,28,32,29,31,0.5,0.6179684338653212,0.6683703668119223,0.5959821428571428,,,0,uncalibrated_return_rank_score,15
reg__price_direction__xgb,reg,price_direction,60,0.5333333333333333,0.5446428571428572,0.5248868778280543,0.5,0.7142857142857143,0.5882352941176471,0.6,0.375,0.46153846153846156,20,12,20,8,28,32,40,20,0.5,0.5157790671955829,0.6440774740229905,0.5502232142857143,,,0,uncalibrated_return_rank_score,15
reg__price_direction__forest,reg,price_direction,60,0.5,0.49776785714285715,0.49776785714285715,0.4642857142857143,0.4642857142857143,0.4642857142857143,0.53125,0.53125,0.53125,13,17,15,15,28,32,28,32,0.5,0.5330550630325088,0.6466696506601758,0.5558035714285714,,,0,uncalibrated_return_rank_score,15
reg__price_direction__equal_ensemble,reg,price_direction,60,0.5166666666666667,0.5200892857142857,0.5165323701028064,0.48484848484848486,0.5714285714285714,0.5245901639344263,0.5555555555555556,0.46875,0.5084745762711864,16,15,17,12,28,32,33,27,0.5,0.5724078719906891,0.6397467479032664,0.5546875,,,0,uncalibrated_return_rank_score,15
reg__cot_direction__linear,reg,cot_direction,60,0.5333333333333333,0.5267857142857143,0.5248868778280543,0.5,0.42857142857142855,0.46153846153846156,0.5555555555555556,0.625,0.5882352941176471,12,20,12,16,28,32,24,36,0.5,0.4958511644576907,0.6521738709804753,0.5636160714285714,,,0,uncalibrated_return_rank_score,15
reg__cot_direction__xgb,reg,cot_direction,60,0.55,0.5558035714285714,0.5488721804511278,0.5142857142857142,0.6428571428571429,0.5714285714285714,0.6,0.46875,0.5263157894736842,18,15,17,10,28,32,35,25,0.5,0.5024286782445514,0.6895954459299667,0.5803571428571428,,,0,uncalibrated_return_rank_score,15
reg__cot_direction__forest,reg,cot_direction,60,0.55,0.5513392857142857,0.5498749652681301,0.5161290322580645,0.5714285714285714,0.5423728813559322,0.5862068965517241,0.53125,0.5573770491803278,16,17,15,12,28,32,31,29,0.5,0.4993481904681008,0.6584073729490172,0.5736607142857142,,,0,uncalibrated_return_rank_score,15
reg__cot_direction__equal_ensemble,reg,cot_direction,60,0.5333333333333333,0.5334821428571428,0.5328142380422691,0.5,0.5357142857142857,0.5172413793103449,0.5666666666666667,0.53125,0.5483870967741935,15,17,15,13,28,32,30,30,0.5,0.507555688568652,0.6980498232689889,0.5870535714285714,,,0,uncalibrated_return_rank_score,15
reg__weather_direction__linear,reg,weather_direction,60,0.5166666666666667,0.5245535714285714,0.5132867132867133,0.4864864864864865,0.6428571428571429,0.5538461538461539,0.5652173913043478,0.40625,0.4727272727272727,18,13,19,10,28,32,37,23,0.5,0.5051762151234794,0.6168515730270018,0.5245535714285714,,,0,uncalibrated_return_rank_score,15
reg__weather_direction__xgb,reg,weather_direction,60,0.5833333333333334,0.59375,0.5775837792171219,0.5384615384615384,0.75,0.6268656716417911,0.6666666666666666,0.4375,0.5283018867924528,21,14,18,7,28,32,39,21,0.5,0.5416668391596605,0.6799575843076814,0.6060267857142857,,,0,uncalibrated_return_rank_score,15
reg__weather_direction__forest,reg,weather_direction,60,0.5333333333333333,0.5379464285714286,0.5328142380422691,0.5,0.6071428571428571,0.5483870967741935,0.5769230769230769,0.46875,0.5172413793103449,17,15,17,11,28,32,34,26,0.5,0.5534720364302098,0.630502355134127,0.5647321428571429,,,0,uncalibrated_return_rank_score,15
reg__weather_direction__equal_ensemble,reg,weather_direction,60,0.5333333333333333,0.5401785714285714,0.53125,0.5,0.6428571428571429,0.5625,0.5833333333333334,0.4375,0.5,18,14,18,10,28,32,36,24,0.5,0.5440312809754557,0.6381070879344294,0.5580357142857143,,,0,uncalibrated_return_rank_score,15
reg__engineered_direction__linear,reg,engineered_direction,60,0.5666666666666667,0.5602678571428572,0.5588235294117647,0.5416666666666666,0.4642857142857143,0.5,0.5833333333333334,0.65625,0.6176470588235294,13,21,11,15,28,32,24,36,0.5,0.5955005144882902,0.6274215180280407,0.5546875,,,0,uncalibrated_return_rank_score,15
reg__engineered_direction__xgb,reg,engineered_direction,60,0.55,0.5602678571428572,0.5437904815544916,0.5128205128205128,0.7142857142857143,0.5970149253731343,0.6190476190476191,0.40625,0.49056603773584906,20,13,19,8,28,32,39,21,0.5,0.5181090619964148,0.6285219613185604,0.5926339285714286,,,0,uncalibrated_return_rank_score,15
reg__engineered_direction__forest,reg,engineered_direction,60,0.55,0.5580357142857143,0.5468531468531468,0.5135135135135135,0.6785714285714286,0.5846153846153846,0.6086956521739131,0.4375,0.509090909090909,19,14,18,9,28,32,37,23,0.5,0.5609145153190647,0.6348488091166854,0.5948660714285714,,,0,uncalibrated_return_rank_score,15
reg__engineered_direction__equal_ensemble,reg,engineered_direction,60,0.5666666666666667,0.5669642857142857,0.5661846496106786,0.5333333333333333,0.5714285714285714,0.5517241379310345,0.6,0.5625,0.5806451612903226,16,18,14,12,28,32,30,30,0.5,0.5615090973227618,0.6341345387119883,0.5792410714285714,,,0,uncalibrated_return_rank_score,15
selected_direction,class,weather_direction,60,0.5666666666666667,0.5691964285714286,0.5666666666666667,0.53125,0.6071428571428571,0.5666666666666667,0.6071428571428571,0.53125,0.5666666666666667,17,17,15,11,28,32,32,28,0.4750000000000001,0.5670135809837488,0.6033486632401149,0.5691964285714286,0.2478742964580699,0.6893270340691678,0,probability_up,15
selected_return,reg,basic,60,0.6,0.609375,0.595959595959596,0.5526315789473685,0.75,0.6363636363636364,0.6818181818181818,0.46875,0.5555555555555556,21,15,17,7,28,32,38,22,0.5,0.6450174870621659,0.7169537001663631,0.6484375,,,0,uncalibrated_return_rank_score,15
baseline_monthly_return,reg,previous,60,0.5333333333333333,0.5491071428571428,0.513888888888889,0.5,0.7857142857142857,0.6111111111111112,0.625,0.3125,0.4166666666666667,22,10,22,6,28,32,44,16,0.5,0.6169408294791143,0.6837814927260619,0.6238839285714286,,,0,uncalibrated_return_rank_score,15
baseline_paper_return,reg,previous,60,0.6,0.5959821428571428,0.595959595959596,0.5769230769230769,0.5357142857142857,0.5555555555555556,0.6176470588235294,0.65625,0.6363636363636364,15,21,11,13,28,32,26,34,0.5,0.6077614157896637,0.6691814001045264,0.6227678571428571,,,0,uncalibrated_return_rank_score,15
baseline_mean_return,reg,previous,60,0.4666666666666667,0.5,0.3181818181818182,0.4666666666666667,1.0,0.6363636363636364,0.0,0.0,0.0,28,0,32,0,28,32,60,0,0.5,0.46339869665662425,0.5099236468204659,0.4854910714285714,,,0,uncalibrated_return_rank_score,15
baseline_zero_return,reg,previous,60,0.4666666666666667,0.5,0.3181818181818182,0.4666666666666667,1.0,0.6363636363636364,0.0,0.0,0.0,28,0,32,0,28,32,60,0,0.5,0.4666666666666667,0.5333333333333333,0.5,,,0,uncalibrated_return_rank_score,15
baseline_majority,baseline,previous,60,0.5333333333333333,0.5,0.34782608695652173,0.0,0.0,0.0,0.5333333333333333,1.0,0.6956521739130435,0,32,0,28,28,32,0,60,0.5,0.47125146078227015,0.5163495994546611,0.49776785714285715,0.2492581254033014,0.6916632347099553,0,probability_up,15
always_up,baseline,previous,60,0.4666666666666667,0.5,0.3181818181818182,0.4666666666666667,1.0,0.6363636363636364,0.0,0.0,0.0,28,0,32,0,28,32,60,0,0.5,0.4666666666666667,0.5333333333333333,0.5,0.5333333333333333,19.22328180752915,0,probability_up,15
always_down,baseline,previous,60,0.5333333333333333,0.5,0.34782608695652173,0.0,0.0,0.0,0.5333333333333333,1.0,0.6956521739130435,0,32,0,28,28,32,0,60,0.5,0.4666666666666667,0.5333333333333333,0.5,0.4666666666666667,16.820371581588002,0,probability_up,15
class__basic__linear,class,basic,60,0.6166666666666667,0.6183035714285714,0.6165601555987774,0.5806451612903226,0.6428571428571429,0.6101694915254238,0.6551724137931034,0.59375,0.6229508196721312,18,19,13,10,28,32,31,29,0.5000000000000001,0.6379331528045682,0.7140708788467562,0.6629464285714286,0.22907773209492144,0.6493169929023103,0,probability_up,16
class__basic__xgb,class,basic,60,0.5333333333333333,0.5245535714285714,0.52,0.5,0.39285714285714285,0.44,0.5526315789473685,0.65625,0.6,11,21,11,17,28,32,22,38,0.5000000000000001,0.5289353894853952,0.6459821339781299,0.5803571428571428,0.24396469427408468,0.6804641325395061,0,probability_up,16
class__basic__forest,class,basic,60,0.5166666666666667,0.5111607142857143,0.5099971838918614,0.48,0.42857142857142855,0.4528301886792453,0.5428571428571428,0.59375,0.5671641791044776,12,19,13,16,28,32,25,35,0.5000000000000001,0.5423747656515778,0.6229337012583842,0.5848214285714286,0.24919296113808903,0.692842848263797,0,probability_up,16
class__basic__equal_ensemble,class,basic,60,0.6,0.5959821428571428,0.595959595959596,0.5769230769230769,0.5357142857142857,0.5555555555555556,0.6176470588235294,0.65625,0.6363636363636364,15,21,11,13,28,32,26,34,0.5000000000000001,0.5849658843987359,0.6362760737265281,0.6149553571428572,0.23940297905447025,0.671494342771232,0,probability_up,16
class__direction_core__linear,class,direction_core,60,0.5833333333333334,0.5736607142857143,0.5688416211555045,0.5714285714285714,0.42857142857142855,0.4897959183673469,0.5897435897435898,0.71875,0.647887323943662,12,23,9,16,28,32,21,39,0.5250000000000001,0.555217314619475,0.647604777660246,0.5747767857142857,0.24609894818453648,0.6843642882731487,0,probability_up,16
class__direction_core__xgb,class,direction_core,60,0.5833333333333334,0.5803571428571428,0.5804195804195804,0.5555555555555556,0.5357142857142857,0.5454545454545454,0.6060606060606061,0.625,0.6153846153846154,15,20,12,13,28,32,27,33,0.5000000000000001,0.5691060054038899,0.6604166027627765,0.6104910714285714,0.2402348560370477,0.6731160928208983,0,probability_up,16
class__direction_core__forest,class,direction_core,60,0.5833333333333334,0.5803571428571428,0.5804195804195804,0.5555555555555556,0.5357142857142857,0.5454545454545454,0.6060606060606061,0.625,0.6153846153846154,15,20,12,13,28,32,27,33,0.5000000000000001,0.5749497001885828,0.6518587632600428,0.5982142857142857,0.24105523179460103,0.6745276070780495,0,probability_up,16
class__direction_core__equal_ensemble,class,direction_core,60,0.5833333333333334,0.5736607142857143,0.5688416211555045,0.5714285714285714,0.42857142857142855,0.4897959183673469,0.5897435897435898,0.71875,0.647887323943662,12,23,9,16,28,32,21,39,0.5250000000000001,0.55392973708482,0.6666086177879121,0.5970982142857143,0.24018836638101,0.6725778486729941,0,probability_up,16
class__price_direction__linear,class,price_direction,60,0.5666666666666667,0.5669642857142857,0.5661846496106786,0.5333333333333333,0.5714285714285714,0.5517241379310345,0.6,0.5625,0.5806451612903226,16,18,14,12,28,32,30,30,0.4750000000000001,0.5834921084679641,0.6336428769007689,0.5747767857142857,0.25094886653417675,0.6954994763330187,0,probability_up,16
class__price_direction__xgb,class,price_direction,60,0.5333333333333333,0.5223214285714286,0.513888888888889,0.5,0.35714285714285715,0.4166666666666667,0.55,0.6875,0.6111111111111112,10,22,10,18,28,32,20,40,0.5250000000000001,0.5735881459666381,0.6703747921387977,0.5892857142857143,0.24591818748481314,0.6845538475510008,0,probability_up,16
class__price_direction__forest,class,price_direction,60,0.55,0.53125,0.4998456313677061,0.5384615384615384,0.25,0.34146341463414637,0.5531914893617021,0.8125,0.6582278481012658,7,26,6,21,28,32,13,47,0.5750000000000002,0.5286591845279184,0.6425824579092411,0.5814732142857143,0.2530805407288421,0.7010679060705223,0,probability_up,16
class__price_direction__equal_ensemble,class,price_direction,60,0.6,0.5915178571428572,0.5885714285714285,0.5909090909090909,0.4642857142857143,0.52,0.6052631578947368,0.71875,0.6571428571428571,13,23,9,15,28,32,22,38,0.5250000000000001,0.5564514639391052,0.6566372680455868,0.5758928571428571,0.24660510366404848,0.6855320219556155,0,probability_up,16
class__cot_direction__linear,class,cot_direction,60,0.5,0.4955357142857143,0.4949494949494949,0.46153846153846156,0.42857142857142855,0.4444444444444444,0.5294117647058824,0.5625,0.5454545454545454,12,18,14,16,28,32,26,34,0.45000000000000007,0.5128477014731739,0.5905702069349865,0.5245535714285714,0.26803367660743765,0.7341447884859252,0,probability_up,16
class__cot_direction__xgb,class,cot_direction,60,0.6333333333333333,0.6339285714285714,0.6329254727474972,0.6,0.6428571428571429,0.6206896551724138,0.6666666666666666,0.625,0.6451612903225806,18,20,12,10,28,32,30,30,0.4750000000000001,0.5619897517307183,0.6875814900146529,0.6339285714285714,0.23757127291959565,0.6683947565997765,0,probability_up,16
class__cot_direction__forest,class,cot_direction,60,0.5833333333333334,0.5758928571428572,0.5737425404944586,0.5652173913043478,0.4642857142857143,0.5098039215686274,0.5945945945945946,0.6875,0.6376811594202898,13,22,10,15,28,32,23,37,0.5250000000000001,0.5611463784651507,0.6944591539309497,0.6283482142857143,0.23952130969057342,0.6732442918984933,0,probability_up,16
class__cot_direction__equal_ensemble,class,cot_direction,60,0.5833333333333334,0.5848214285714286,0.5832175604334537,0.5483870967741935,0.6071428571428571,0.576271186440678,0.6206896551724138,0.5625,0.5901639344262295,17,18,14,11,28,32,31,29,0.45000000000000007,0.5480824981181808,0.6695192144133761,0.6026785714285714,0.24424825050592672,0.6814783677779083,0,probability_up,16
class__weather_direction__linear,class,weather_direction,60,0.5666666666666667,0.5602678571428572,0.5588235294117647,0.5416666666666666,0.4642857142857143,0.5,0.5833333333333334,0.65625,0.6176470588235294,13,21,11,15,28,32,24,36,0.5250000000000001,0.5061766856859753,0.6977451875195757,0.5881696428571428,0.2508907036619396,0.6971332370455646,0,probability_up,16
class__weather_direction__xgb,class,weather_direction,60,0.5166666666666667,0.5357142857142857,0.48444444444444446,0.48936170212765956,0.8214285714285714,0.6133333333333333,0.6153846153846154,0.25,0.35555555555555557,23,8,24,5,28,32,47,13,0.42500000000000004,0.5821092036021926,0.6609890399432387,0.6194196428571429,0.24098553412477777,0.6752931008790292,0,probability_up,16
class__weather_direction__forest,class,weather_direction,60,0.6,0.5982142857142857,0.5982142857142857,0.5714285714285714,0.5714285714285714,0.5714285714285714,0.625,0.625,0.625,16,20,12,12,28,32,28,32,0.4750000000000001,0.5511618333199646,0.5691035131689355,0.5758928571428571,0.250071710845528,0.695839523000876,0,probability_up,16
class__weather_direction__equal_ensemble,class,weather_direction,60,0.5833333333333334,0.5848214285714286,0.5832175604334537,0.5483870967741935,0.6071428571428571,0.576271186440678,0.6206896551724138,0.5625,0.5901639344262295,17,18,14,11,28,32,31,29,0.4750000000000001,0.5530913881028912,0.6901359455307752,0.6227678571428571,0.24182252051705755,0.6768808953406535,0,probability_up,16
class__engineered_direction__linear,class,engineered_direction,60,0.4666666666666667,0.4642857142857143,0.4642857142857143,0.42857142857142855,0.42857142857142855,0.42857142857142855,0.5,0.5,0.5,12,16,16,16,28,32,28,32,0.35,0.5471224857053135,0.6089719028617919,0.5100446428571428,0.3155892620472314,0.9013604560116995,0,probability_up,16
class__engineered_direction__xgb,class,engineered_direction,60,0.6,0.609375,0.595959595959596,0.5526315789473685,0.75,0.6363636363636364,0.6818181818181818,0.46875,0.5555555555555556,21,15,17,7,28,32,38,22,0.45000000000000007,0.6029447823325843,0.6679454190767871,0.6294642857142857,0.23670657286634397,0.6660511339490793,0,probability_up,16
class__engineered_direction__forest,class,engineered_direction,60,0.5666666666666667,0.5669642857142857,0.5661846496106786,0.5333333333333333,0.5714285714285714,0.5517241379310345,0.6,0.5625,0.5806451612903226,16,18,14,12,28,32,30,30,0.4750000000000001,0.576419920788668,0.6771671329455735,0.5881696428571428,0.24117535307224897,0.6741647201540643,0,probability_up,16
class__engineered_direction__equal_ensemble,class,engineered_direction,60,0.5333333333333333,0.5357142857142857,0.5333333333333333,0.5,0.5714285714285714,0.5333333333333333,0.5714285714285714,0.5,0.5333333333333333,16,16,16,12,28,32,32,28,0.4,0.5667195945781105,0.6389981891695538,0.5636160714285714,0.24938805330544928,0.6916411452615095,0,probability_up,16
reg__basic__linear,reg,basic,60,0.6,0.609375,0.595959595959596,0.5526315789473685,0.75,0.6363636363636364,0.6818181818181818,0.46875,0.5555555555555556,21,15,17,7,28,32,38,22,0.5,0.6553123616535954,0.747108283913565,0.6875,,,0,uncalibrated_return_rank_score,16
reg__basic__xgb,reg,basic,60,0.5,0.5111607142857143,0.4909502262443439,0.475,0.6785714285714286,0.5588235294117647,0.55,0.34375,0.4230769230769231,19,11,21,9,28,32,40,20,0.5,0.591914095417482,0.6928087186515555,0.6149553571428572,,,0,uncalibrated_return_rank_score,16
reg__basic__forest,reg,basic,60,0.5333333333333333,0.5357142857142857,0.5333333333333333,0.5,0.5714285714285714,0.5333333333333333,0.5714285714285714,0.5,0.5333333333333333,16,16,16,12,28,32,32,28,0.5,0.5087805006090259,0.6323819209754091,0.5357142857142857,,,0,uncalibrated_return_rank_score,16
reg__basic__equal_ensemble,reg,basic,60,0.5166666666666667,0.5290178571428572,0.5055413469735721,0.4878048780487805,0.7142857142857143,0.5797101449275363,0.5789473684210527,0.34375,0.43137254901960786,20,11,21,8,28,32,41,19,0.5,0.588681670286591,0.7003834166124695,0.6261160714285714,,,0,uncalibrated_return_rank_score,16
reg__direction_core__linear,reg,direction_core,60,0.5333333333333333,0.5379464285714286,0.5328142380422691,0.5,0.6071428571428571,0.5483870967741935,0.5769230769230769,0.46875,0.5172413793103449,17,15,17,11,28,32,34,26,0.5,0.5238797091375202,0.6969248545757953,0.5904017857142857,,,0,uncalibrated_return_rank_score,16
reg__direction_core__xgb,reg,direction_core,60,0.5166666666666667,0.5334821428571428,0.49285922471582627,0.4888888888888889,0.7857142857142857,0.6027397260273972,0.6,0.28125,0.3829787234042553,22,9,23,6,28,32,45,15,0.5,0.47571073709989786,0.6667082518218115,0.5524553571428571,,,0,uncalibrated_return_rank_score,16
reg__direction_core__forest,reg,direction_core,60,0.5666666666666667,0.5825892857142857,0.548611111111111,0.5227272727272727,0.8214285714285714,0.6388888888888888,0.6875,0.34375,0.4583333333333333,23,11,21,5,28,32,44,16,0.5,0.4808732837259577,0.6766638751782277,0.5647321428571429,,,0,uncalibrated_return_rank_score,16
reg__direction_core__equal_ensemble,reg,direction_core,60,0.5166666666666667,0.5290178571428572,0.5055413469735721,0.4878048780487805,0.7142857142857143,0.5797101449275363,0.5789473684210527,0.34375,0.43137254901960786,20,11,21,8,28,32,41,19,0.5,0.5064083353377067,0.6830386697735027,0.578125,,,0,uncalibrated_return_rank_score,16
reg__price_direction__linear,reg,price_direction,60,0.5166666666666667,0.5200892857142857,0.5165323701028064,0.48484848484848486,0.5714285714285714,0.5245901639344263,0.5555555555555556,0.46875,0.5084745762711864,16,15,17,12,28,32,33,27,0.5,0.5769254527004012,0.652725930834182,0.5904017857142857,,,0,uncalibrated_return_rank_score,16
reg__price_direction__xgb,reg,price_direction,60,0.5166666666666667,0.5290178571428572,0.5055413469735721,0.4878048780487805,0.7142857142857143,0.5797101449275363,0.5789473684210527,0.34375,0.43137254901960786,20,11,21,8,28,32,41,19,0.5,0.48439427699756393,0.655446840976907,0.5111607142857143,,,0,uncalibrated_return_rank_score,16
reg__price_direction__forest,reg,price_direction,60,0.4666666666666667,0.46875,0.4666666666666667,0.4375,0.5,0.4666666666666667,0.5,0.4375,0.4666666666666667,14,14,18,14,28,32,32,28,0.5,0.5246525408081852,0.6564562505507339,0.5223214285714286,,,0,uncalibrated_return_rank_score,16
reg__price_direction__equal_ensemble,reg,price_direction,60,0.48333333333333334,0.48660714285714285,0.4831897749374826,0.45454545454545453,0.5357142857142857,0.4918032786885246,0.5185185185185185,0.4375,0.4745762711864407,15,14,18,13,28,32,33,27,0.5,0.5585234906233907,0.6581366664828421,0.5535714285714286,,,0,uncalibrated_return_rank_score,16
reg__cot_direction__linear,reg,cot_direction,60,0.5666666666666667,0.5602678571428572,0.5588235294117647,0.5416666666666666,0.4642857142857143,0.5,0.5833333333333334,0.65625,0.6176470588235294,13,21,11,15,28,32,24,36,0.5,0.5435784349289392,0.6296371845540057,0.5558035714285714,,,0,uncalibrated_return_rank_score,16
reg__cot_direction__xgb,reg,cot_direction,60,0.6166666666666667,0.6205357142857143,0.6165601555987774,0.5757575757575758,0.6785714285714286,0.6229508196721312,0.6666666666666666,0.5625,0.6101694915254238,19,18,14,9,28,32,33,27,0.5,0.5505232616223956,0.7476664092178633,0.6372767857142857,,,0,uncalibrated_return_rank_score,16
reg__cot_direction__forest,reg,cot_direction,60,0.6333333333333333,0.6361607142857143,0.6333333333333333,0.59375,0.6785714285714286,0.6333333333333333,0.6785714285714286,0.59375,0.6333333333333333,19,19,13,9,28,32,32,28,0.5,0.5396105646835162,0.6958171422423347,0.6138392857142857,,,0,uncalibrated_return_rank_score,16
reg__cot_direction__equal_ensemble,reg,cot_direction,60,0.5666666666666667,0.5669642857142857,0.5661846496106786,0.5333333333333333,0.5714285714285714,0.5517241379310345,0.6,0.5625,0.5806451612903226,16,18,14,12,28,32,30,30,0.5,0.5297307154723235,0.7033445723946907,0.5982142857142857,,,0,uncalibrated_return_rank_score,16
reg__weather_direction__linear,reg,weather_direction,60,0.6,0.6071428571428572,0.5982142857142857,0.5555555555555556,0.7142857142857143,0.625,0.6666666666666666,0.5,0.5714285714285714,20,16,16,8,28,32,36,24,0.5,0.5648823449207686,0.7170563762032915,0.6205357142857142,,,0,uncalibrated_return_rank_score,16
reg__weather_direction__xgb,reg,weather_direction,60,0.5833333333333334,0.5959821428571428,0.5737425404944586,0.5365853658536586,0.7857142857142857,0.6376811594202898,0.6842105263157895,0.40625,0.5098039215686274,22,13,19,6,28,32,41,19,0.5,0.5297007682879982,0.6958592013397709,0.6171875,,,0,uncalibrated_return_rank_score,16
reg__weather_direction__forest,reg,weather_direction,60,0.5666666666666667,0.5758928571428572,0.5622895622895623,0.5263157894736842,0.7142857142857143,0.6060606060606061,0.6363636363636364,0.4375,0.5185185185185185,20,14,18,8,28,32,38,22,0.5,0.5227415767949395,0.6582058866045267,0.5915178571428572,,,0,uncalibrated_return_rank_score,16
reg__weather_direction__equal_ensemble,reg,weather_direction,60,0.6,0.6116071428571428,0.5927601809954751,0.55,0.7857142857142857,0.6470588235294118,0.7,0.4375,0.5384615384615384,22,14,18,6,28,32,40,20,0.5,0.5368015021380097,0.7034968226812017,0.6138392857142857,,,0,uncalibrated_return_rank_score,16
reg__engineered_direction__linear,reg,engineered_direction,60,0.55,0.546875,0.5468531468531468,0.5185185185185185,0.5,0.509090909090909,0.5757575757575758,0.59375,0.5846153846153846,14,19,13,14,28,32,27,33,0.5,0.5558063204315603,0.613936543138893,0.5479910714285714,,,0,uncalibrated_return_rank_score,16
reg__engineered_direction__xgb,reg,engineered_direction,60,0.5666666666666667,0.578125,0.5588235294117647,0.525,0.75,0.6176470588235294,0.65,0.40625,0.5,21,13,19,7,28,32,40,20,0.5,0.5320790870732667,0.7296005411756741,0.6305803571428571,,,0,uncalibrated_return_rank_score,16
reg__engineered_direction__forest,reg,engineered_direction,60,0.5333333333333333,0.5401785714285714,0.53125,0.5,0.6428571428571429,0.5625,0.5833333333333334,0.4375,0.5,18,14,18,10,28,32,36,24,0.5,0.5185692134139815,0.6736645294582566,0.5881696428571428,,,0,uncalibrated_return_rank_score,16
reg__engineered_direction__equal_ensemble,reg,engineered_direction,60,0.5333333333333333,0.5357142857142857,0.5333333333333333,0.5,0.5714285714285714,0.5333333333333333,0.5714285714285714,0.5,0.5333333333333333,16,16,16,12,28,32,32,28,0.5,0.540998074564518,0.6593129309098555,0.5770089285714286,,,0,uncalibrated_return_rank_score,16
selected_direction,class,weather_direction,60,0.5833333333333334,0.5848214285714286,0.5832175604334537,0.5483870967741935,0.6071428571428571,0.576271186440678,0.6206896551724138,0.5625,0.5901639344262295,17,18,14,11,28,32,31,29,0.4750000000000001,0.5530913881028912,0.6901359455307752,0.6227678571428571,0.24182252051705755,0.6768808953406535,0,probability_up,16
selected_return,reg,basic,60,0.5,0.5111607142857143,0.4909502262443439,0.475,0.6785714285714286,0.5588235294117647,0.55,0.34375,0.4230769230769231,19,11,21,9,28,32,40,20,0.5,0.591914095417482,0.6928087186515555,0.6149553571428572,,,0,uncalibrated_return_rank_score,16
baseline_monthly_return,reg,previous,60,0.5833333333333334,0.5959821428571428,0.5737425404944586,0.5365853658536586,0.7857142857142857,0.6376811594202898,0.6842105263157895,0.40625,0.5098039215686274,22,13,19,6,28,32,41,19,0.5,0.5889065555686099,0.7254695198728432,0.6216517857142857,,,0,uncalibrated_return_rank_score,16
baseline_paper_return,reg,previous,60,0.6,0.5982142857142857,0.5982142857142857,0.5714285714285714,0.5714285714285714,0.5714285714285714,0.625,0.625,0.625,16,20,12,12,28,32,28,32,0.5,0.5842562200400625,0.6490913702304748,0.6138392857142857,,,0,uncalibrated_return_rank_score,16
baseline_mean_return,reg,previous,60,0.4666666666666667,0.5,0.3181818181818182,0.4666666666666667,1.0,0.6363636363636364,0.0,0.0,0.0,28,0,32,0,28,32,60,0,0.5,0.4962925537650338,0.5004156997956666,0.47265625000000006,,,0,uncalibrated_return_rank_score,16
baseline_zero_return,reg,previous,60,0.4666666666666667,0.5,0.3181818181818182,0.4666666666666667,1.0,0.6363636363636364,0.0,0.0,0.0,28,0,32,0,28,32,60,0,0.5,0.4666666666666667,0.5333333333333333,0.5,,,0,uncalibrated_return_rank_score,16
baseline_majority,baseline,previous,60,0.5333333333333333,0.5,0.34782608695652173,0.0,0.0,0.0,0.5333333333333333,1.0,0.6956521739130435,0,32,0,28,28,32,0,60,0.5,0.44669658292452313,0.49519241976507933,0.46037946428571425,0.2494713629160132,0.6920901897467642,0,probability_up,16
always_up,baseline,previous,60,0.4666666666666667,0.5,0.3181818181818182,0.4666666666666667,1.0,0.6363636363636364,0.0,0.0,0.0,28,0,32,0,28,32,60,0,0.5,0.4666666666666667,0.5333333333333333,0.5,0.5333333333333333,19.22328180752915,0,probability_up,16
always_down,baseline,previous,60,0.5333333333333333,0.5,0.34782608695652173,0.0,0.0,0.0,0.5333333333333333,1.0,0.6956521739130435,0,32,0,28,28,32,0,60,0.5,0.4666666666666667,0.5333333333333333,0.5,0.4666666666666667,16.820371581588002,0,probability_up,16
class__basic__linear,class,basic,60,0.6333333333333333,0.6333333333333333,0.6333333333333333,0.6333333333333333,0.6333333333333333,0.6333333333333333,0.6333333333333333,0.6333333333333333,0.6333333333333333,19,19,11,11,30,30,30,30,0.5000000000000001,0.6167054236444618,0.6994649366157568,0.6577777777777778,0.23056255638659592,0.6525418840926449,0,probability_up,17
class__basic__xgb,class,basic,60,0.5833333333333334,0.5833333333333333,0.5804195804195804,0.6,0.5,0.5454545454545454,0.5714285714285714,0.6666666666666666,0.6153846153846154,15,20,10,15,30,30,25,35,0.5000000000000001,0.5476037888964224,0.5835472058294598,0.5555555555555556,0.2505149404669666,0.694401509816023,0,probability_up,17
class__basic__forest,class,basic,60,0.55,0.55,0.5468531468531468,0.56,0.4666666666666667,0.509090909090909,0.5428571428571428,0.6333333333333333,0.5846153846153846,14,19,11,16,30,30,25,35,0.5000000000000001,0.5722944584964221,0.5873974596569633,0.5977777777777779,0.2488940462794947,0.6926114425184736,0,probability_up,17
class__basic__equal_ensemble,class,basic,60,0.6166666666666667,0.6166666666666667,0.6157059314954052,0.6296296296296297,0.5666666666666667,0.5964912280701754,0.6060606060606061,0.6666666666666666,0.6349206349206349,17,20,10,13,30,30,27,33,0.5000000000000001,0.5830417072133416,0.6335765194604859,0.6122222222222222,0.24182456483009435,0.6766251969802247,0,probability_up,17
class__direction_core__linear,class,direction_core,60,0.48333333333333334,0.4833333333333333,0.4714407502131287,0.47619047619047616,0.3333333333333333,0.39215686274509803,0.48717948717948717,0.6333333333333333,0.5507246376811594,10,19,11,20,30,30,21,39,0.5250000000000001,0.5957525129771661,0.5988957772144413,0.5833333333333334,0.2461895312346871,0.6858566273243324,0,probability_up,17
class__direction_core__xgb,class,direction_core,60,0.5833333333333334,0.5833333333333333,0.5832175604334537,0.5862068965517241,0.5666666666666667,0.576271186440678,0.5806451612903226,0.6,0.5901639344262295,17,18,12,13,30,30,29,31,0.5000000000000001,0.5711913953832953,0.6141477185072588,0.5855555555555555,0.2447824651389464,0.6824821396056056,0,probability_up,17
class__direction_core__forest,class,direction_core,60,0.5833333333333334,0.5833333333333333,0.5832175604334537,0.5862068965517241,0.5666666666666667,0.576271186440678,0.5806451612903226,0.6,0.5901639344262295,17,18,12,13,30,30,29,31,0.5000000000000001,0.6103927647301854,0.6144582292804449,0.6066666666666667,0.24034520372249962,0.6730162605957972,0,probability_up,17
class__direction_core__equal_ensemble,class,direction_core,60,0.5666666666666667,0.5666666666666667,0.5542857142857143,0.6,0.4,0.48,0.55,0.7333333333333333,0.6285714285714286,12,22,8,18,30,30,20,40,0.5250000000000001,0.5867011556295398,0.6338261573316671,0.6,0.24122315298369748,0.6747344273254863,0,probability_up,17
class__price_direction__linear,class,price_direction,60,0.5833333333333334,0.5833333333333333,0.5822890559732665,0.5757575757575758,0.6333333333333333,0.6031746031746031,0.5925925925925926,0.5333333333333333,0.5614035087719298,19,16,14,11,30,30,33,27,0.4750000000000001,0.7063228222279755,0.6629923835725875,0.6699999999999999,0.2352187585094324,0.6629966866446487,0,probability_up,17
class__price_direction__xgb,class,price_direction,60,0.55,0.55,0.5396419437340154,0.5714285714285714,0.4,0.47058823529411764,0.5384615384615384,0.7,0.6086956521739131,12,21,9,18,30,30,21,39,0.5250000000000001,0.583470259058069,0.5925832190296497,0.5555555555555556,0.2525501836606937,0.6987988964403283,0,probability_up,17
class__price_direction__forest,class,price_direction,60,0.5333333333333333,0.5333333333333333,0.5064629847238543,0.5625,0.3,0.391304347826087,0.5227272727272727,0.7666666666666667,0.6216216216216216,9,23,7,21,30,30,16,44,0.5750000000000002,0.556229473271961,0.6035688363643253,0.5688888888888889,0.2568500335519098,0.7092663208685791,0,probability_up,17
class__price_direction__equal_ensemble,class,price_direction,60,0.5833333333333334,0.5833333333333333,0.5775837792171219,0.6086956521739131,0.4666666666666667,0.5283018867924528,0.5675675675675675,0.7,0.6268656716417911,14,21,9,16,30,30,23,37,0.5250000000000001,0.6100781574678261,0.617271739659352,0.6055555555555555,0.24453949670828531,0.6823608945811397,0,probability_up,17
class__cot_direction__linear,class,cot_direction,60,0.5333333333333333,0.5333333333333333,0.5286195286195287,0.5416666666666666,0.43333333333333335,0.48148148148148145,0.5277777777777778,0.6333333333333333,0.5757575757575758,13,19,11,17,30,30,24,36,0.45000000000000007,0.5390465778998121,0.5581490792322763,0.5366666666666666,0.2741559718604433,0.7549707289193284,0,probability_up,17
class__cot_direction__xgb,class,cot_direction,60,0.6,0.6,0.5995550611790879,0.59375,0.6333333333333333,0.6129032258064516,0.6071428571428571,0.5666666666666667,0.5862068965517241,19,17,13,11,30,30,32,28,0.4750000000000001,0.5987636608130898,0.6583618852368726,0.6333333333333334,0.23936688691846145,0.6723654337015736,0,probability_up,17
class__cot_direction__forest,class,cot_direction,60,0.5666666666666667,0.5666666666666667,0.5622895622895623,0.5833333333333334,0.4666666666666667,0.5185185185185185,0.5555555555555556,0.6666666666666666,0.6060606060606061,14,20,10,16,30,30,24,36,0.5250000000000001,0.5834736844055287,0.6224752539391506,0.6066666666666667,0.24617826622529287,0.6879477970300935,0,probability_up,17
class__cot_direction__equal_ensemble,class,cot_direction,60,0.5833333333333334,0.5833333333333333,0.5832175604334537,0.5806451612903226,0.6,0.5901639344262295,0.5862068965517241,0.5666666666666667,0.576271186440678,18,17,13,12,30,30,31,29,0.45000000000000007,0.5753871223724136,0.6405648462946189,0.6011111111111112,0.2485329087251251,0.69121596851212,0,probability_up,17
class__weather_direction__linear,class,weather_direction,60,0.6,0.6,0.595959595959596,0.625,0.5,0.5555555555555556,0.5833333333333334,0.7,0.6363636363636364,15,21,9,15,30,30,24,36,0.5250000000000001,0.5544777783906536,0.6950630435463135,0.6188888888888889,0.24820290771119097,0.693686241413958,0,probability_up,17
class__weather_direction__xgb,class,weather_direction,60,0.5833333333333334,0.5833333333333334,0.5628096764791606,0.5581395348837209,0.8,0.6575342465753424,0.6470588235294118,0.36666666666666664,0.46808510638297873,24,11,19,6,30,30,43,17,0.42500000000000004,0.5629286016444073,0.6536565171219447,0.5877777777777777,0.2478352141167866,0.6894329983239949,0,probability_up,17
class__weather_direction__forest,class,weather_direction,60,0.5333333333333333,0.5333333333333333,0.53125,0.5384615384615384,0.4666666666666667,0.5,0.5294117647058824,0.6,0.5625,14,18,12,16,30,30,26,34,0.4750000000000001,0.5647672529083926,0.5486498799415782,0.56,0.25337494350542467,0.7016875561981292,0,probability_up,17
class__weather_direction__equal_ensemble,class,weather_direction,60,0.6166666666666667,0.6166666666666667,0.6165601555987774,0.6129032258064516,0.6333333333333333,0.6229508196721312,0.6206896551724138,0.6,0.6101694915254238,19,18,12,11,30,30,31,29,0.4750000000000001,0.555066297644095,0.6665002143920288,0.6022222222222222,0.24401231387676647,0.6810311633207722,0,probability_up,17
class__engineered_direction__linear,class,engineered_direction,60,0.5,0.5,0.4994438264738599,0.5,0.4666666666666667,0.4827586206896552,0.5,0.5333333333333333,0.5161290322580645,14,16,14,16,30,30,28,32,0.35,0.5191180606593304,0.6063851624360479,0.5211111111111111,0.3364657329512195,0.9606545036431986,0,probability_up,17
class__engineered_direction__xgb,class,engineered_direction,60,0.5666666666666667,0.5666666666666667,0.5542857142857143,0.55,0.7333333333333333,0.6285714285714286,0.6,0.4,0.48,22,12,18,8,30,30,40,20,0.45000000000000007,0.6035285218173896,0.6676471224749752,0.638888888888889,0.23718463986892976,0.6672299840145083,0,probability_up,17
class__engineered_direction__forest,class,engineered_direction,60,0.5333333333333333,0.5333333333333333,0.53125,0.5294117647058824,0.6,0.5625,0.5384615384615384,0.4666666666666667,0.5,18,14,16,12,30,30,34,26,0.4750000000000001,0.593380587018328,0.6085661739972887,0.5855555555555556,0.24442311099919012,0.6817648341732975,0,probability_up,17
class__engineered_direction__equal_ensemble,class,engineered_direction,60,0.5833333333333334,0.5833333333333333,0.5822890559732665,0.5757575757575758,0.6333333333333333,0.6031746031746031,0.5925925925925926,0.5333333333333333,0.5614035087719298,19,16,14,11,30,30,33,27,0.4,0.545933471806144,0.6290986271902171,0.5577777777777778,0.25659900929708557,0.7063210442567809,0,probability_up,17
reg__basic__linear,reg,basic,60,0.6,0.6,0.5927601809954751,0.5789473684210527,0.7333333333333333,0.6470588235294118,0.6363636363636364,0.4666666666666667,0.5384615384615384,22,14,16,8,30,30,38,22,0.5,0.6547897443710896,0.6859911078967386,0.6633333333333333,,,0,uncalibrated_return_rank_score,17
reg__basic__xgb,reg,basic,60,0.55,0.5499999999999999,0.5343489508479448,0.5365853658536586,0.7333333333333333,0.6197183098591549,0.5789473684210527,0.36666666666666664,0.4489795918367347,22,11,19,8,30,30,41,19,0.5,0.6053732078351257,0.6321278222463269,0.6022222222222222,,,0,uncalibrated_return_rank_score,17
reg__basic__forest,reg,basic,60,0.5333333333333333,0.5333333333333333,0.5248868778280543,0.5263157894736842,0.6666666666666666,0.5882352941176471,0.5454545454545454,0.4,0.46153846153846156,20,12,18,10,30,30,38,22,0.5,0.5816528260240258,0.6181554874151162,0.558888888888889,,,0,uncalibrated_return_rank_score,17
reg__basic__equal_ensemble,reg,basic,60,0.5666666666666667,0.5666666666666667,0.5542857142857143,0.55,0.7333333333333333,0.6285714285714286,0.6,0.4,0.48,22,12,18,8,30,30,40,20,0.5,0.6255429114097468,0.6492813728552453,0.6255555555555555,,,0,uncalibrated_return_rank_score,17
reg__direction_core__linear,reg,direction_core,60,0.48333333333333334,0.48333333333333334,0.48203842940685043,0.48484848484848486,0.5333333333333333,0.5079365079365079,0.48148148148148145,0.43333333333333335,0.45614035087719296,16,13,17,14,30,30,33,27,0.5,0.5894172106219766,0.6257631906956168,0.5844444444444444,,,0,uncalibrated_return_rank_score,17
reg__direction_core__xgb,reg,direction_core,60,0.55,0.55,0.5278344505974935,0.5348837209302325,0.7666666666666667,0.6301369863013698,0.5882352941176471,0.3333333333333333,0.425531914893617,23,10,20,7,30,30,43,17,0.5,0.5503613913137991,0.6089592527323702,0.5744444444444444,,,0,uncalibrated_return_rank_score,17
reg__direction_core__forest,reg,direction_core,60,0.55,0.5499999999999999,0.5343489508479448,0.5365853658536586,0.7333333333333333,0.6197183098591549,0.5789473684210527,0.36666666666666664,0.4489795918367347,22,11,19,8,30,30,41,19,0.5,0.5924023846609199,0.6152400494755536,0.5900000000000001,,,0,uncalibrated_return_rank_score,17
reg__direction_core__equal_ensemble,reg,direction_core,60,0.5333333333333333,0.5333333333333333,0.52,0.525,0.7,0.6,0.55,0.36666666666666664,0.44,21,11,19,9,30,30,40,20,0.5,0.5762081199331509,0.6187920659657001,0.6000000000000001,,,0,uncalibrated_return_rank_score,17
reg__price_direction__linear,reg,price_direction,60,0.5833333333333334,0.5833333333333333,0.5804195804195804,0.5714285714285714,0.6666666666666666,0.6153846153846154,0.6,0.5,0.5454545454545454,20,15,15,10,30,30,35,25,0.5,0.683742388396056,0.626947861551029,0.6333333333333333,,,0,uncalibrated_return_rank_score,17
reg__price_direction__xgb,reg,price_direction,60,0.5,0.5,0.4791666666666667,0.5,0.7,0.5833333333333334,0.5,0.3,0.375,21,9,21,9,30,30,42,18,0.5,0.5902717250053418,0.6018175367740562,0.5611111111111111,,,0,uncalibrated_return_rank_score,17
reg__price_direction__forest,reg,price_direction,60,0.5333333333333333,0.5333333333333333,0.5328142380422691,0.53125,0.5666666666666667,0.5483870967741935,0.5357142857142857,0.5,0.5172413793103449,17,15,15,13,30,30,32,28,0.5,0.5937626292966832,0.5928411502143572,0.5388888888888889,,,0,uncalibrated_return_rank_score,17
reg__price_direction__equal_ensemble,reg,price_direction,60,0.5166666666666667,0.5166666666666666,0.5132867132867133,0.5142857142857142,0.6,0.5538461538461539,0.52,0.43333333333333335,0.4727272727272727,18,13,17,12,30,30,35,25,0.5,0.6314403845511488,0.629802881841172,0.5988888888888888,,,0,uncalibrated_return_rank_score,17
reg__cot_direction__linear,reg,cot_direction,60,0.5333333333333333,0.5333333333333333,0.5248868778280543,0.5454545454545454,0.4,0.46153846153846156,0.5263157894736842,0.6666666666666666,0.5882352941176471,12,20,10,18,30,30,22,38,0.5,0.5480824762818087,0.5855879608799262,0.54,,,0,uncalibrated_return_rank_score,17
reg__cot_direction__xgb,reg,cot_direction,60,0.5833333333333334,0.5833333333333333,0.5737425404944586,0.5641025641025641,0.7333333333333333,0.6376811594202898,0.6190476190476191,0.43333333333333335,0.5098039215686274,22,13,17,8,30,30,39,21,0.5,0.6304823714411376,0.6826878325877443,0.6488888888888888,,,0,uncalibrated_return_rank_score,17
reg__cot_direction__forest,reg,cot_direction,60,0.6333333333333333,0.6333333333333333,0.6316964285714286,0.6176470588235294,0.7,0.65625,0.6538461538461539,0.5666666666666667,0.6071428571428571,21,17,13,9,30,30,34,26,0.5,0.6182048685029639,0.6798532940720321,0.6511111111111112,,,0,uncalibrated_return_rank_score,17
reg__cot_direction__equal_ensemble,reg,cot_direction,60,0.55,0.55,0.5498749652681301,0.5517241379310345,0.5333333333333333,0.5423728813559322,0.5483870967741935,0.5666666666666667,0.5573770491803278,16,17,13,14,30,30,29,31,0.5,0.571938486883588,0.6642011316741552,0.6022222222222222,,,0,uncalibrated_return_rank_score,17
reg__weather_direction__linear,reg,weather_direction,60,0.6333333333333333,0.6333333333333333,0.6266968325791855,0.6052631578947368,0.7666666666666667,0.6764705882352942,0.6818181818181818,0.5,0.5769230769230769,23,15,15,7,30,30,38,22,0.5,0.5995349933785,0.659403227543627,0.6077777777777778,,,0,uncalibrated_return_rank_score,17
reg__weather_direction__xgb,reg,weather_direction,60,0.6166666666666667,0.6166666666666667,0.5977849023608277,0.5813953488372093,0.8333333333333334,0.684931506849315,0.7058823529411765,0.4,0.5106382978723404,25,12,18,5,30,30,43,17,0.5,0.5756848473058545,0.65374505045546,0.6322222222222222,,,0,uncalibrated_return_rank_score,17
reg__weather_direction__forest,reg,weather_direction,60,0.6666666666666666,0.6666666666666667,0.6632996632996633,0.6388888888888888,0.7666666666666667,0.696969696969697,0.7083333333333334,0.5666666666666667,0.6296296296296297,23,17,13,7,30,30,36,24,0.5,0.5790620736562996,0.6189164697206068,0.6144444444444445,,,0,uncalibrated_return_rank_score,17
reg__weather_direction__equal_ensemble,reg,weather_direction,60,0.6333333333333333,0.6333333333333333,0.6228571428571429,0.6,0.8,0.6857142857142857,0.7,0.4666666666666667,0.56,24,14,16,6,30,30,40,20,0.5,0.5825317047789518,0.6459084555087872,0.6166666666666667,,,0,uncalibrated_return_rank_score,17
reg__engineered_direction__linear,reg,engineered_direction,60,0.5166666666666667,0.5166666666666666,0.5165323701028064,0.5161290322580645,0.5333333333333333,0.5245901639344263,0.5172413793103449,0.5,0.5084745762711864,16,15,15,14,30,30,31,29,0.5,0.5532132651916527,0.582765686733432,0.5233333333333334,,,0,uncalibrated_return_rank_score,17
reg__engineered_direction__xgb,reg,engineered_direction,60,0.5833333333333334,0.5833333333333334,0.5628096764791606,0.5581395348837209,0.8,0.6575342465753424,0.6470588235294118,0.36666666666666664,0.46808510638297873,24,11,19,6,30,30,43,17,0.5,0.5760670108463194,0.6177288215804231,0.62,,,0,uncalibrated_return_rank_score,17
reg__engineered_direction__forest,reg,engineered_direction,60,0.55,0.55,0.5396419437340154,0.5384615384615384,0.7,0.6086956521739131,0.5714285714285714,0.4,0.47058823529411764,21,12,18,9,30,30,39,21,0.5,0.5731238230082731,0.6248691359955367,0.6211111111111112,,,0,uncalibrated_return_rank_score,17
reg__engineered_direction__equal_ensemble,reg,engineered_direction,60,0.55,0.55,0.5488721804511278,0.5454545454545454,0.6,0.5714285714285714,0.5555555555555556,0.5,0.5263157894736842,18,15,15,12,30,30,33,27,0.5,0.5700842098879005,0.6068964802065953,0.5722222222222222,,,0,uncalibrated_return_rank_score,17
selected_direction,class,weather_direction,60,0.6166666666666667,0.6166666666666667,0.6165601555987774,0.6129032258064516,0.6333333333333333,0.6229508196721312,0.6206896551724138,0.6,0.6101694915254238,19,18,12,11,30,30,31,29,0.4750000000000001,0.555066297644095,0.6665002143920288,0.6022222222222222,0.24401231387676647,0.6810311633207722,0,probability_up,17
selected_return,reg,basic,60,0.55,0.5499999999999999,0.5343489508479448,0.5365853658536586,0.7333333333333333,0.6197183098591549,0.5789473684210527,0.36666666666666664,0.4489795918367347,22,11,19,8,30,30,41,19,0.5,0.6053732078351257,0.6321278222463269,0.6022222222222222,,,0,uncalibrated_return_rank_score,17
baseline_monthly_return,reg,previous,60,0.5833333333333334,0.5833333333333334,0.5688416211555045,0.5609756097560976,0.7666666666666667,0.647887323943662,0.631578947368421,0.4,0.4897959183673469,23,12,18,7,30,30,41,19,0.5,0.6011043840919839,0.6548847770209046,0.5933333333333333,,,0,uncalibrated_return_rank_score,17
baseline_paper_return,reg,previous,60,0.6,0.6,0.595959595959596,0.625,0.5,0.5555555555555556,0.5833333333333334,0.7,0.6363636363636364,15,21,9,15,30,30,24,36,0.5,0.5824434248273128,0.6400029537302238,0.6022222222222222,,,0,uncalibrated_return_rank_score,17
baseline_mean_return,reg,previous,60,0.5,0.5,0.3333333333333333,0.5,1.0,0.6666666666666666,0.0,0.0,0.0,30,0,30,0,30,30,60,0,0.5,0.5250282771085304,0.48041775447096463,0.48444444444444446,,,0,uncalibrated_return_rank_score,17
baseline_zero_return,reg,previous,60,0.5,0.5,0.3333333333333333,0.5,1.0,0.6666666666666666,0.0,0.0,0.0,30,0,30,0,30,30,60,0,0.5,0.5,0.5,0.5,,,0,uncalibrated_return_rank_score,17
baseline_majority,baseline,previous,60,0.5,0.5,0.3333333333333333,0.0,0.0,0.0,0.5,1.0,0.6666666666666666,0,30,0,30,30,30,0,60,0.5,0.4725278484591657,0.46704245460360194,0.45777777777777773,0.25059326010164457,0.6943348805753823,0,probability_up,17
always_up,baseline,previous,60,0.5,0.5,0.3333333333333333,0.5,1.0,0.6666666666666666,0.0,0.0,0.0,30,0,30,0,30,30,60,0,0.5,0.5,0.5,0.5,0.5,18.021826694558577,0,probability_up,17
always_down,baseline,previous,60,0.5,0.5,0.3333333333333333,0.0,0.0,0.0,0.5,1.0,0.6666666666666666,0,30,0,30,30,30,0,60,0.5,0.5,0.5,0.5,0.5,18.021826694558577,0,probability_up,17
class__basic__linear,class,basic,60,0.6166666666666667,0.6167964404894327,0.6165601555987774,0.6,0.6206896551724138,0.6101694915254238,0.6333333333333333,0.6129032258064516,0.6229508196721312,18,19,12,11,29,31,30,30,0.5000000000000001,0.5519743740395495,0.6595917652149528,0.6028921023359288,0.2403049057456862,0.6726919783348076,0,probability_up,18
class__basic__xgb,class,basic,60,0.5666666666666667,0.5639599555061179,0.5622895622895623,0.56,0.4827586206896552,0.5185185185185185,0.5714285714285714,0.6451612903225806,0.6060606060606061,14,20,11,15,29,31,25,35,0.5000000000000001,0.5047151704841109,0.5769063878168702,0.5361512791991101,0.2538516779045258,0.701639536278798,0,probability_up,18
class__basic__forest,class,basic,60,0.5666666666666667,0.5639599555061179,0.5622895622895623,0.56,0.4827586206896552,0.5185185185185185,0.5714285714285714,0.6451612903225806,0.6060606060606061,14,20,11,15,29,31,25,35,0.5000000000000001,0.5137902699323698,0.608755577748253,0.5795328142380423,0.24974962225811614,0.6942110288967558,0,probability_up,18
class__basic__equal_ensemble,class,basic,60,0.6,0.5984427141268076,0.5982142857142857,0.5925925925925926,0.5517241379310345,0.5714285714285714,0.6060606060606061,0.6451612903225806,0.625,16,20,11,13,29,31,27,33,0.5000000000000001,0.5162606992182641,0.6250428306538021,0.575083426028921,0.24643278313207448,0.6860602612614578,0,probability_up,18
class__direction_core__linear,class,direction_core,60,0.48333333333333334,0.4788654060066741,0.4714407502131287,0.45454545454545453,0.3448275862068966,0.39215686274509803,0.5,0.6129032258064516,0.5507246376811594,10,19,12,19,29,31,22,38,0.5250000000000001,0.5029163309325395,0.5560907339661028,0.5294771968854283,0.2626704719626739,0.7250059735314996,0,probability_up,18
class__direction_core__xgb,class,direction_core,60,0.5166666666666667,0.5166852057842046,0.5165323701028064,0.5,0.5172413793103449,0.5084745762711864,0.5333333333333333,0.5161290322580645,0.5245901639344263,15,16,15,14,29,31,30,30,0.5000000000000001,0.48886588622432525,0.5590354397245364,0.5027808676307008,0.2559243874416977,0.7057865760448968,0,probability_up,18
class__direction_core__forest,class,direction_core,60,0.5333333333333333,0.5317018909899889,0.53125,0.5185185185185185,0.4827586206896552,0.5,0.5454545454545454,0.5806451612903226,0.5625,14,18,13,15,29,31,27,33,0.5000000000000001,0.5156914882870902,0.5877581321424061,0.5383759733036707,0.2525544871200659,0.6992763787290238,0,probability_up,18
class__direction_core__equal_ensemble,class,direction_core,60,0.5333333333333333,0.5283648498331479,0.52,0.5238095238095238,0.3793103448275862,0.44,0.5384615384615384,0.6774193548387096,0.6,11,21,10,18,29,31,21,39,0.5250000000000001,0.5032046469374355,0.5983822218734539,0.5361512791991101,0.2545858572106621,0.7033202384039503,0,probability_up,18
class__price_direction__linear,class,price_direction,60,0.5666666666666667,0.5672969966629589,0.5666666666666667,0.5483870967741935,0.5862068965517241,0.5666666666666667,0.5862068965517241,0.5483870967741935,0.5666666666666667,17,17,14,12,29,31,31,29,0.4750000000000001,0.5599992180931316,0.5925017326092743,0.560622914349277,0.2586760354320859,0.7147403386541746,0,probability_up,18
class__price_direction__xgb,class,price_direction,60,0.55,0.5444938820912124,0.5343489508479448,0.55,0.3793103448275862,0.4489795918367347,0.55,0.7096774193548387,0.6197183098591549,11,22,9,18,29,31,20,40,0.5250000000000001,0.512498841668965,0.6079364617884425,0.5328142380422692,0.25906962315902804,0.7129750698698808,0,probability_up,18
class__price_direction__forest,class,price_direction,60,0.5,0.4916573971078977,0.46172248803827753,0.4666666666666667,0.2413793103448276,0.3181818181818182,0.5111111111111111,0.7419354838709677,0.6052631578947368,7,23,8,22,29,31,15,45,0.5750000000000002,0.4768519634459206,0.607096534320437,0.5272525027808677,0.26822779191091944,0.7344229692797899,0,probability_up,18
class__price_direction__equal_ensemble,class,price_direction,60,0.55,0.5456062291434928,0.5396419437340154,0.5454545454545454,0.41379310344827586,0.47058823529411764,0.5526315789473685,0.6774193548387096,0.6086956521739131,12,21,10,17,29,31,22,38,0.5250000000000001,0.5147396860971243,0.6137266833211557,0.5539488320355952,0.25871357042962495,0.7126278775207054,0,probability_up,18
class__cot_direction__linear,class,cot_direction,60,0.55,0.5467185761957731,0.5437904815544916,0.5416666666666666,0.4482758620689655,0.49056603773584906,0.5555555555555556,0.6451612903225806,0.5970149253731343,13,20,11,16,29,31,24,36,0.45000000000000007,0.48848239851493375,0.5515961112914401,0.5194660734149055,0.2810077113336216,0.7753695046982946,0,probability_up,18
class__cot_direction__xgb,class,cot_direction,60,0.5333333333333333,0.5339265850945495,0.5333333333333333,0.5161290322580645,0.5517241379310345,0.5333333333333333,0.5517241379310345,0.5161290322580645,0.5333333333333333,16,16,15,13,29,31,31,29,0.4750000000000001,0.5041892154697334,0.610144257580166,0.5472747497219133,0.2557699468890088,0.7065969823715196,0,probability_up,18
class__cot_direction__forest,class,cot_direction,60,0.5166666666666667,0.5133481646273638,0.5099971838918614,0.5,0.41379310344827586,0.4528301886792453,0.5277777777777778,0.6129032258064516,0.5671641791044776,12,19,12,17,29,31,24,36,0.5250000000000001,0.4895983911628403,0.6005633684427609,0.5317018909899889,0.26477190998068934,0.7287672336714284,0,probability_up,18
class__cot_direction__equal_ensemble,class,cot_direction,60,0.55,0.550055617352614,0.5498749652681301,0.5333333333333333,0.5517241379310345,0.5423728813559322,0.5666666666666667,0.5483870967741935,0.5573770491803278,16,17,14,13,29,31,30,30,0.45000000000000007,0.49899425833757566,0.587706635411434,0.5417130144605117,0.26228137241931976,0.7218424047890785,0,probability_up,18
class__weather_direction__linear,class,weather_direction,60,0.55,0.5456062291434928,0.5396419437340154,0.5454545454545454,0.41379310344827586,0.47058823529411764,0.5526315789473685,0.6774193548387096,0.6086956521739131,12,21,10,17,29,31,22,38,0.5250000000000001,0.4950587412325392,0.6426917856584161,0.5483870967741935,0.26645264136815777,0.7354197449735268,0,probability_up,18
class__weather_direction__xgb,class,weather_direction,60,0.6166666666666667,0.6245828698553948,0.5977849023608277,0.5681818181818182,0.8620689655172413,0.684931506849315,0.75,0.3870967741935484,0.5106382978723404,25,12,19,4,29,31,44,16,0.42500000000000004,0.5502952963352469,0.6536941132745517,0.5917686318131258,0.2467839948071969,0.6871778509645197,0,probability_up,18
class__weather_direction__forest,class,weather_direction,60,0.5833333333333334,0.5834260289210234,0.5832175604334537,0.5666666666666667,0.5862068965517241,0.576271186440678,0.6,0.5806451612903226,0.5901639344262295,17,18,13,12,29,31,30,30,0.4750000000000001,0.5777647693469122,0.6638014713446789,0.6162402669632925,0.24170425961642333,0.6767966881726586,0,probability_up,18
class__weather_direction__equal_ensemble,class,weather_direction,60,0.5833333333333334,0.5834260289210234,0.5832175604334537,0.5666666666666667,0.5862068965517241,0.576271186440678,0.6,0.5806451612903226,0.5901639344262295,17,18,13,12,29,31,30,30,0.4750000000000001,0.5297662207368392,0.6888267564060027,0.5928809788654059,0.24606554323640467,0.685114548598184,0,probability_up,18
class__engineered_direction__linear,class,engineered_direction,60,0.45,0.44771968854282534,0.4461538461538462,0.4230769230769231,0.3793103448275862,0.4,0.47058823529411764,0.5161290322580645,0.49230769230769234,11,16,15,18,29,31,26,34,0.35,0.48254532211277573,0.6033735577031715,0.4894327030033371,0.35180580404565936,0.9838276268783865,0,probability_up,18
class__engineered_direction__xgb,class,engineered_direction,60,0.5333333333333333,0.5372636262513905,0.5286195286195287,0.5135135135135135,0.6551724137931034,0.5757575757575758,0.5652173913043478,0.41935483870967744,0.48148148148148145,19,13,18,10,29,31,37,23,0.45000000000000007,0.5412435927609799,0.6642781377223697,0.5939933259176864,0.24448604807836874,0.6819737935149512,0,probability_up,18
class__engineered_direction__forest,class,engineered_direction,60,0.5166666666666667,0.5200222469410456,0.5132867132867133,0.5,0.6206896551724138,0.5538461538461539,0.5416666666666666,0.41935483870967744,0.4727272727272727,18,13,18,11,29,31,36,24,0.4750000000000001,0.5473295656286457,0.6398950736052333,0.5684093437152391,0.24832767367450456,0.689557171244332,0,probability_up,18
class__engineered_direction__equal_ensemble,class,engineered_direction,60,0.5166666666666667,0.517797552836485,0.5165323701028064,0.5,0.5517241379310345,0.5245901639344263,0.5357142857142857,0.4838709677419355,0.5084745762711864,16,15,16,13,29,31,32,28,0.4,0.4995534292947729,0.6325036101772481,0.5183537263626252,0.26553186066245743,0.7241035295805577,0,probability_up,18
reg__basic__linear,reg,basic,60,0.6,0.6040044493882091,0.595959595959596,0.5675675675675675,0.7241379310344828,0.6363636363636364,0.6521739130434783,0.4838709677419355,0.5555555555555556,21,15,16,8,29,31,37,23,0.5,0.5679129504587943,0.6621794927818904,0.610678531701891,,,0,uncalibrated_return_rank_score,18
reg__basic__xgb,reg,basic,60,0.5166666666666667,0.5244716351501668,0.49285922471582627,0.5,0.7586206896551724,0.6027397260273972,0.5625,0.2903225806451613,0.3829787234042553,22,9,22,7,29,31,44,16,0.5,0.5363192249681838,0.647155050525839,0.5939933259176863,,,0,uncalibrated_return_rank_score,18
reg__basic__forest,reg,basic,60,0.5333333333333333,0.5383759733036708,0.5248868778280543,0.5128205128205128,0.6896551724137931,0.5882352941176471,0.5714285714285714,0.3870967741935484,0.46153846153846156,20,12,19,9,29,31,39,21,0.5,0.5178985987444756,0.6328821581486572,0.5483870967741935,,,0,uncalibrated_return_rank_score,18
reg__basic__equal_ensemble,reg,basic,60,0.55,0.5567296996662958,0.5343489508479448,0.5238095238095238,0.7586206896551724,0.6197183098591549,0.6111111111111112,0.3548387096774194,0.4489795918367347,22,11,20,7,29,31,42,18,0.5,0.5548145172742162,0.6550773372049361,0.5951056729699666,,,0,uncalibrated_return_rank_score,18
reg__direction_core__linear,reg,direction_core,60,0.48333333333333334,0.4833147942157954,0.4831897749374826,0.4666666666666667,0.4827586206896552,0.4745762711864407,0.5,0.4838709677419355,0.4918032786885246,14,15,16,15,29,31,30,30,0.5,0.5036510215107524,0.5767919564416353,0.5305895439377086,,,0,uncalibrated_return_rank_score,18
reg__direction_core__xgb,reg,direction_core,60,0.5333333333333333,0.5406006674082313,0.513888888888889,0.5116279069767442,0.7586206896551724,0.6111111111111112,0.5882352941176471,0.3225806451612903,0.4166666666666667,22,10,21,7,29,31,43,17,0.5,0.4842238147298356,0.5912751199856529,0.5216907675194661,,,0,uncalibrated_return_rank_score,18
reg__direction_core__forest,reg,direction_core,60,0.5666666666666667,0.5728587319243603,0.5542857142857143,0.5365853658536586,0.7586206896551724,0.6285714285714286,0.631578947368421,0.3870967741935484,0.48,22,12,19,7,29,31,41,19,0.5,0.5247748913782116,0.5958901940591091,0.5450500556173525,,,0,uncalibrated_return_rank_score,18
reg__direction_core__equal_ensemble,reg,direction_core,60,0.5333333333333333,0.5383759733036708,0.5248868778280543,0.5128205128205128,0.6896551724137931,0.5882352941176471,0.5714285714285714,0.3870967741935484,0.46153846153846156,20,12,19,9,29,31,39,21,0.5,0.4976100163842609,0.5847226392739532,0.5372636262513905,,,0,uncalibrated_return_rank_score,18
reg__price_direction__linear,reg,price_direction,60,0.5166666666666667,0.517797552836485,0.5165323701028064,0.5,0.5517241379310345,0.5245901639344263,0.5357142857142857,0.4838709677419355,0.5084745762711864,16,15,16,13,29,31,32,28,0.5,0.5223461309125178,0.5907126960751697,0.5417130144605117,,,0,uncalibrated_return_rank_score,18
reg__price_direction__xgb,reg,price_direction,60,0.55,0.5567296996662958,0.5343489508479448,0.5238095238095238,0.7586206896551724,0.6197183098591549,0.6111111111111112,0.3548387096774194,0.4489795918367347,22,11,20,7,29,31,42,18,0.5,0.5657199483571838,0.6024011055594616,0.5517241379310345,,,0,uncalibrated_return_rank_score,18
reg__price_direction__forest,reg,price_direction,60,0.55,0.5511679644048944,0.5498749652681301,0.53125,0.5862068965517241,0.5573770491803278,0.5714285714285714,0.5161290322580645,0.5423728813559322,17,16,15,12,29,31,32,28,0.5,0.4754053463917611,0.5892388144972833,0.5005561735261401,,,0,uncalibrated_return_rank_score,18
reg__price_direction__equal_ensemble,reg,price_direction,60,0.5,0.5038932146829811,0.4949494949494949,0.4864864864864865,0.6206896551724138,0.5454545454545454,0.5217391304347826,0.3870967741935484,0.4444444444444444,18,12,19,11,29,31,37,23,0.5,0.5195455294047315,0.6005656961415846,0.5372636262513903,,,0,uncalibrated_return_rank_score,18
reg__cot_direction__linear,reg,cot_direction,60,0.5166666666666667,0.5122358175750834,0.5055413469735721,0.5,0.3793103448275862,0.43137254901960786,0.5263157894736842,0.6451612903225806,0.5797101449275363,11,20,11,18,29,31,22,38,0.5,0.4962584970223041,0.5555654190529273,0.5172413793103449,,,0,uncalibrated_return_rank_score,18
reg__cot_direction__xgb,reg,cot_direction,60,0.55,0.5556173526140156,0.5396419437340154,0.525,0.7241379310344828,0.6086956521739131,0.6,0.3870967741935484,0.47058823529411764,21,12,19,8,29,31,40,20,0.5,0.5762892754533786,0.6423126546271577,0.5995550611790879,,,0,uncalibrated_return_rank_score,18
reg__cot_direction__forest,reg,cot_direction,60,0.6333333333333333,0.6373748609566184,0.6296296296296295,0.5945945945945946,0.7586206896551724,0.6666666666666666,0.6956521739130435,0.5161290322580645,0.5925925925925926,22,16,15,7,29,31,37,23,0.5,0.5545103488867256,0.6675367959833131,0.6117908787541713,,,0,uncalibrated_return_rank_score,18
reg__cot_direction__equal_ensemble,reg,cot_direction,60,0.5333333333333333,0.5328142380422691,0.5328142380422691,0.5172413793103449,0.5172413793103449,0.5172413793103449,0.5483870967741935,0.5483870967741935,0.5483870967741935,15,17,14,14,29,31,29,31,0.5,0.5112755157420984,0.6345343746581443,0.557285873192436,,,0,uncalibrated_return_rank_score,18
reg__weather_direction__linear,reg,weather_direction,60,0.5833333333333334,0.5867630700778643,0.5804195804195804,0.5555555555555556,0.6896551724137931,0.6153846153846154,0.625,0.4838709677419355,0.5454545454545454,20,15,16,9,29,31,36,24,0.5,0.5168702526374243,0.6541196117777217,0.5539488320355951,,,0,uncalibrated_return_rank_score,18
reg__weather_direction__xgb,reg,weather_direction,60,0.6166666666666667,0.6234705228031145,0.6033342914630642,0.5714285714285714,0.8275862068965517,0.676056338028169,0.7222222222222222,0.41935483870967744,0.5306122448979592,24,13,18,5,29,31,42,18,0.5,0.5480175906018898,0.6992742509172455,0.6218020022246942,,,0,uncalibrated_return_rank_score,18
reg__weather_direction__forest,reg,weather_direction,60,0.65,0.6546162402669633,0.6451703745423825,0.6052631578947368,0.7931034482758621,0.6865671641791045,0.7272727272727273,0.5161290322580645,0.6037735849056604,23,16,15,6,29,31,38,22,0.5,0.5708063823411695,0.6613232370728562,0.6351501668520578,,,0,uncalibrated_return_rank_score,18
reg__weather_direction__equal_ensemble,reg,weather_direction,60,0.6333333333333333,0.639599555061179,0.6228571428571429,0.5853658536585366,0.8275862068965517,0.6857142857142857,0.7368421052631579,0.45161290322580644,0.56,24,14,17,5,29,31,41,19,0.5,0.5310682377738144,0.6717547116783242,0.5917686318131257,,,0,uncalibrated_return_rank_score,18
reg__engineered_direction__linear,reg,engineered_direction,60,0.45,0.449944382647386,0.44984717977215893,0.43333333333333335,0.4482758620689655,0.4406779661016949,0.4666666666666667,0.45161290322580644,0.45901639344262296,13,14,17,16,29,31,30,30,0.5,0.4925885201506985,0.5716292793275546,0.4560622914349277,,,0,uncalibrated_return_rank_score,18
reg__engineered_direction__xgb,reg,engineered_direction,60,0.55,0.5567296996662958,0.5343489508479448,0.5238095238095238,0.7586206896551724,0.6197183098591549,0.6111111111111112,0.3548387096774194,0.4489795918367347,22,11,20,7,29,31,42,18,0.5,0.5223101804132344,0.6371469293419316,0.5862068965517242,,,0,uncalibrated_return_rank_score,18
reg__engineered_direction__forest,reg,engineered_direction,60,0.5666666666666667,0.5717463848720801,0.5588235294117647,0.5384615384615384,0.7241379310344828,0.6176470588235294,0.6190476190476191,0.41935483870967744,0.5,21,13,18,8,29,31,39,21,0.5,0.5247754550982998,0.6497765420276633,0.5973303670745272,,,0,uncalibrated_return_rank_score,18
reg__engineered_direction__equal_ensemble,reg,engineered_direction,60,0.48333333333333334,0.485539488320356,0.48203842940685043,0.47058823529411764,0.5517241379310345,0.5079365079365079,0.5,0.41935483870967744,0.45614035087719296,16,13,18,13,29,31,34,26,0.5,0.5100178799655086,0.6006051893201941,0.5094549499443827,,,0,uncalibrated_return_rank_score,18
selected_direction,class,weather_direction,60,0.5833333333333334,0.5834260289210234,0.5832175604334537,0.5666666666666667,0.5862068965517241,0.576271186440678,0.6,0.5806451612903226,0.5901639344262295,17,18,13,12,29,31,30,30,0.4750000000000001,0.5297662207368392,0.6888267564060027,0.5928809788654059,0.24606554323640467,0.685114548598184,0,probability_up,18
selected_return,reg,basic,60,0.5166666666666667,0.5244716351501668,0.49285922471582627,0.5,0.7586206896551724,0.6027397260273972,0.5625,0.2903225806451613,0.3829787234042553,22,9,22,7,29,31,44,16,0.5,0.5363192249681838,0.647155050525839,0.5939933259176863,,,0,uncalibrated_return_rank_score,18
baseline_monthly_return,reg,previous,60,0.5333333333333333,0.5394883203559511,0.52,0.5121951219512195,0.7241379310344828,0.6,0.5789473684210527,0.3548387096774194,0.44,21,11,20,8,29,31,41,19,0.5,0.5511313510645832,0.6232452935341577,0.5305895439377086,,,0,uncalibrated_return_rank_score,18
baseline_paper_return,reg,previous,60,0.6,0.5984427141268076,0.5982142857142857,0.5925925925925926,0.5517241379310345,0.5714285714285714,0.6060606060606061,0.6451612903225806,0.625,16,20,11,13,29,31,27,33,0.5,0.52925469517314,0.6240630081492354,0.5650723025583981,,,0,uncalibrated_return_rank_score,18
baseline_mean_return,reg,previous,60,0.48333333333333334,0.5,0.3258426966292135,0.48333333333333334,1.0,0.651685393258427,0.0,0.0,0.0,29,0,31,0,29,31,60,0,0.5,0.5265011100556083,0.5212637921511709,0.5155728587319244,,,0,uncalibrated_return_rank_score,18
baseline_zero_return,reg,previous,60,0.48333333333333334,0.5,0.3258426966292135,0.48333333333333334,1.0,0.651685393258427,0.0,0.0,0.0,29,0,31,0,29,31,60,0,0.5,0.48333333333333334,0.5166666666666667,0.5,,,0,uncalibrated_return_rank_score,18
baseline_majority,baseline,previous,60,0.5166666666666667,0.5,0.34065934065934067,0.0,0.0,0.0,0.5166666666666667,1.0,0.6813186813186813,0,31,0,29,29,31,0,60,0.5,0.4744473750891807,0.5144091028840795,0.4955506117908788,0.2498446148938882,0.6928366252915923,0,probability_up,18
always_up,baseline,previous,60,0.48333333333333334,0.5,0.3258426966292135,0.48333333333333334,1.0,0.651685393258427,0.0,0.0,0.0,29,0,31,0,29,31,60,0,0.5,0.48333333333333334,0.5166666666666667,0.5,0.5166666666666667,18.622554251043866,0,probability_up,18
always_down,baseline,previous,60,0.5166666666666667,0.5,0.34065934065934067,0.0,0.0,0.0,0.5166666666666667,1.0,0.6813186813186813,0,31,0,29,29,31,0,60,0.5,0.48333333333333334,0.5166666666666667,0.5,0.48333333333333334,17.42109913807329,0,probability_up,18
class__basic__linear,class,basic,60,0.5333333333333333,0.5339265850945495,0.5333333333333333,0.5517241379310345,0.5161290322580645,0.5333333333333333,0.5161290322580645,0.5517241379310345,0.5333333333333333,16,16,13,15,31,29,29,31,0.5000000000000001,0.5538700355483126,0.5823125498606001,0.5328142380422691,0.25189649004639736,0.6964579796475731,0,probability_up,19
class__basic__xgb,class,basic,60,0.5333333333333333,0.5350389321468298,0.5328142380422691,0.5555555555555556,0.4838709677419355,0.5172413793103449,0.5151515151515151,0.5862068965517241,0.5483870967741935,15,17,12,16,31,29,27,33,0.5000000000000001,0.5640039077698141,0.5842018855494182,0.5472747497219133,0.25070564043990967,0.6945380196379554,0,probability_up,19
class__basic__forest,class,basic,60,0.5833333333333334,0.5845383759733036,0.5832175604334537,0.6071428571428571,0.5483870967741935,0.576271186440678,0.5625,0.6206896551724138,0.5901639344262295,17,18,11,14,31,29,28,32,0.5000000000000001,0.5922310643333998,0.6314650019515134,0.6195773081201335,0.24250951876276508,0.6784949908657558,0,probability_up,19
class__basic__equal_ensemble,class,basic,60,0.55,0.5522803114571746,0.5488721804511278,0.5769230769230769,0.4838709677419355,0.5263157894736842,0.5294117647058824,0.6206896551724138,0.5714285714285714,15,18,11,16,31,29,26,34,0.5000000000000001,0.5682956745213872,0.6207593145482335,0.5717463848720801,0.24659433679646872,0.6860436156764183,0,probability_up,19
class__direction_core__linear,class,direction_core,60,0.5666666666666667,0.5706340378197998,0.5622895622895623,0.6086956521739131,0.45161290322580644,0.5185185185185185,0.5405405405405406,0.6896551724137931,0.6060606060606061,14,20,9,17,31,29,23,37,0.5250000000000001,0.5864001400766445,0.6096356395176021,0.6095661846496107,0.25234985367815865,0.7058076090487729,0,probability_up,19
class__direction_core__xgb,class,direction_core,60,0.5666666666666667,0.5650723025583982,0.5647321428571428,0.5757575757575758,0.6129032258064516,0.59375,0.5555555555555556,0.5172413793103449,0.5357142857142857,19,15,14,12,31,29,33,27,0.5000000000000001,0.5575247928033868,0.5966654003545072,0.5650723025583981,0.2472043937109163,0.6877764089529074,0,probability_up,19
class__direction_core__forest,class,direction_core,60,0.5166666666666667,0.5144605116796441,0.5132867132867133,0.5294117647058824,0.5806451612903226,0.5538461538461539,0.5,0.4482758620689655,0.4727272727272727,18,13,16,13,31,29,34,26,0.5000000000000001,0.5678132829715631,0.5751205431246742,0.5461624026696329,0.24954709223828747,0.6921285323994373,0,probability_up,19
class__direction_core__equal_ensemble,class,direction_core,60,0.5166666666666667,0.5211345939933258,0.5099971838918614,0.5454545454545454,0.3870967741935484,0.4528301886792453,0.5,0.6551724137931034,0.5671641791044776,12,19,10,19,31,29,22,38,0.5250000000000001,0.5660476015091629,0.5937635872356318,0.5839822024471635,0.24746408479535587,0.6891081342284887,0,probability_up,19
class__price_direction__linear,class,price_direction,60,0.5666666666666667,0.5672969966629589,0.5666666666666667,0.5862068965517241,0.5483870967741935,0.5666666666666667,0.5483870967741935,0.5862068965517241,0.5666666666666667,17,17,12,14,31,29,29,31,0.4750000000000001,0.5869766052937591,0.5794573582583428,0.592880978865406,0.2511148296288386,0.6994263869775276,0,probability_up,19
class__price_direction__xgb,class,price_direction,60,0.55,0.5545050055617353,0.5437904815544916,0.5909090909090909,0.41935483870967744,0.49056603773584906,0.5263157894736842,0.6896551724137931,0.5970149253731343,13,20,9,18,31,29,22,38,0.5250000000000001,0.6340860403876627,0.5440562477819162,0.5873192436040044,0.2478753405184032,0.6897269917315925,0,probability_up,19
class__price_direction__forest,class,price_direction,60,0.5333333333333333,0.5394883203559511,0.52,0.5789473684210527,0.3548387096774194,0.44,0.5121951219512195,0.7241379310344828,0.6,11,21,8,20,31,29,19,41,0.5750000000000002,0.5568551480443842,0.5544790412385141,0.5450500556173525,0.2604029761953085,0.7170142254158216,0,probability_up,19
class__price_direction__equal_ensemble,class,price_direction,60,0.55,0.5556173526140156,0.5396419437340154,0.6,0.3870967741935484,0.47058823529411764,0.525,0.7241379310344828,0.6086956521739131,12,21,8,19,31,29,20,40,0.5250000000000001,0.5974321190460682,0.6068567993694475,0.5873192436040044,0.24913404683629786,0.6916543349794629,0,probability_up,19
class__cot_direction__linear,class,cot_direction,60,0.5166666666666667,0.5155728587319244,0.5154553049289892,0.53125,0.5483870967741935,0.5396825396825397,0.5,0.4827586206896552,0.49122807017543857,17,14,15,14,31,29,32,28,0.45000000000000007,0.5661658184470861,0.5340529249735512,0.5506117908787541,0.2674347360401691,0.7427779026509043,0,probability_up,19
class__cot_direction__xgb,class,cot_direction,60,0.5333333333333333,0.5305895439377086,0.5286195286195287,0.5428571428571428,0.6129032258064516,0.5757575757575758,0.52,0.4482758620689655,0.48148148148148145,19,13,16,12,31,29,35,25,0.4750000000000001,0.6025647876430308,0.5890212477811424,0.5706340378197997,0.24506629969691038,0.6826139195253893,0,probability_up,19
class__cot_direction__forest,class,cot_direction,60,0.5833333333333334,0.5845383759733036,0.5832175604334537,0.6071428571428571,0.5483870967741935,0.576271186440678,0.5625,0.6206896551724138,0.5901639344262295,17,18,11,14,31,29,28,32,0.5250000000000001,0.6094887461803025,0.5798309127678505,0.6051167964404893,0.2443108506796559,0.6835013194978539,0,probability_up,19
class__cot_direction__equal_ensemble,class,cot_direction,60,0.55,0.5489432703003337,0.5488721804511278,0.5625,0.5806451612903226,0.5714285714285714,0.5357142857142857,0.5172413793103449,0.5263157894736842,18,15,14,13,31,29,32,28,0.45000000000000007,0.5852076904985362,0.5943243515319893,0.5884315906562847,0.24678091971392566,0.686966912394569,0,probability_up,19
class__weather_direction__linear,class,weather_direction,60,0.4666666666666667,0.47274749721913234,0.4514285714285714,0.47368421052631576,0.2903225806451613,0.36,0.4634146341463415,0.6551724137931034,0.5428571428571428,9,19,10,22,31,29,19,41,0.5250000000000001,0.4964150895580858,0.5939251334790348,0.510567296996663,0.2842542649664722,0.774496901498772,0,probability_up,19
class__weather_direction__xgb,class,weather_direction,60,0.5333333333333333,0.5261401557285873,0.5064629847238543,0.5348837209302325,0.7419354838709677,0.6216216216216216,0.5294117647058824,0.3103448275862069,0.391304347826087,23,9,20,8,31,29,43,17,0.42500000000000004,0.5186570343129508,0.6113858789142436,0.5361512791991101,0.25837630221602575,0.7115068231524152,0,probability_up,19
class__weather_direction__forest,class,weather_direction,60,0.5166666666666667,0.5166852057842046,0.5165323701028064,0.5333333333333333,0.5161290322580645,0.5245901639344263,0.5,0.5172413793103449,0.5084745762711864,16,15,14,15,31,29,30,30,0.4750000000000001,0.5214595191856493,0.5514114706278079,0.5339265850945496,0.2619912061256798,0.7203451389883924,0,probability_up,19
class__weather_direction__equal_ensemble,class,weather_direction,60,0.5,0.4994438264738599,0.4994438264738599,0.5161290322580645,0.5161290322580645,0.5161290322580645,0.4827586206896552,0.4827586206896552,0.4827586206896552,16,14,15,15,31,29,31,29,0.4750000000000001,0.49641290946013983,0.607500056494624,0.5094549499443827,0.2630060521896965,0.7205332769238494,0,probability_up,19
class__engineered_direction__linear,class,engineered_direction,60,0.55,0.5522803114571746,0.5488721804511278,0.5769230769230769,0.4838709677419355,0.5263157894736842,0.5294117647058824,0.6206896551724138,0.5714285714285714,15,18,11,16,31,29,26,34,0.35,0.5509827673548027,0.6246276134514893,0.575083426028921,0.3169597740349434,0.8808454903858097,0,probability_up,19
class__engineered_direction__xgb,class,engineered_direction,60,0.5666666666666667,0.557285873192436,0.5238095238095237,0.5531914893617021,0.8387096774193549,0.6666666666666666,0.6153846153846154,0.27586206896551724,0.38095238095238093,26,8,21,5,31,29,47,13,0.45000000000000007,0.5114542372456042,0.5986993839882636,0.5139043381535039,0.2506100155124032,0.6944288010224654,0,probability_up,19
class__engineered_direction__forest,class,engineered_direction,60,0.5333333333333333,0.5294771968854283,0.5248868778280543,0.5405405405405406,0.6451612903225806,0.5882352941176471,0.5217391304347826,0.41379310344827586,0.46153846153846156,20,12,17,11,31,29,37,23,0.4750000000000001,0.5588096041166466,0.6275562124309192,0.5517241379310345,0.24787896318902866,0.688252889316356,0,probability_up,19
class__engineered_direction__equal_ensemble,class,engineered_direction,60,0.55,0.5456062291434928,0.5396419437340154,0.5526315789473685,0.6774193548387096,0.6086956521739131,0.5454545454545454,0.41379310344827586,0.47058823529411764,21,12,17,10,31,29,38,22,0.4,0.5410350695142021,0.6429618161223796,0.5706340378197998,0.2570337585023788,0.7069133078666003,0,probability_up,19
reg__basic__linear,reg,basic,60,0.55,0.5444938820912124,0.5343489508479448,0.55,0.7096774193548387,0.6197183098591549,0.55,0.3793103448275862,0.4489795918367347,22,11,18,9,31,29,40,20,0.5,0.5633567231629113,0.6059012993430838,0.5650723025583981,,,0,uncalibrated_return_rank_score,19
reg__basic__xgb,reg,basic,60,0.55,0.5422691879866518,0.52,0.5454545454545454,0.7741935483870968,0.64,0.5625,0.3103448275862069,0.4,24,9,20,7,31,29,44,16,0.5,0.5969732711034553,0.6297914235920107,0.5839822024471635,,,0,uncalibrated_return_rank_score,19
reg__basic__forest,reg,basic,60,0.5,0.4961067853170189,0.4909502262443439,0.5135135135135135,0.6129032258064516,0.5588235294117647,0.4782608695652174,0.3793103448275862,0.4230769230769231,19,11,18,12,31,29,37,23,0.5,0.569721609793446,0.6321862962216835,0.5661846496106785,,,0,uncalibrated_return_rank_score,19
reg__basic__equal_ensemble,reg,basic,60,0.5,0.4938820912124583,0.4791666666666667,0.5121951219512195,0.6774193548387096,0.5833333333333334,0.47368421052631576,0.3103448275862069,0.375,21,9,20,10,31,29,41,19,0.5,0.5816202813140093,0.6243487838421647,0.5773081201334817,,,0,uncalibrated_return_rank_score,19
reg__direction_core__linear,reg,direction_core,60,0.5333333333333333,0.5317018909899889,0.53125,0.5454545454545454,0.5806451612903226,0.5625,0.5185185185185185,0.4827586206896552,0.5,18,14,15,13,31,29,33,27,0.5,0.5512792694742188,0.5956510069761056,0.560622914349277,,,0,uncalibrated_return_rank_score,19
reg__direction_core__xgb,reg,direction_core,60,0.55,0.5400444938820912,0.4998456313677061,0.5416666666666666,0.8387096774193549,0.6582278481012658,0.5833333333333334,0.2413793103448276,0.34146341463414637,26,7,22,5,31,29,48,12,0.5,0.5143492035269025,0.603586780139462,0.5339265850945495,,,0,uncalibrated_return_rank_score,19
reg__direction_core__forest,reg,direction_core,60,0.6,0.5906562847608454,0.5604395604395604,0.574468085106383,0.8709677419354839,0.6923076923076923,0.6923076923076923,0.3103448275862069,0.42857142857142855,27,9,20,4,31,29,47,13,0.5,0.5311132501539472,0.6311519417496391,0.5406006674082313,,,0,uncalibrated_return_rank_score,19
reg__direction_core__equal_ensemble,reg,direction_core,60,0.5666666666666667,0.5595105672969967,0.5417156286721504,0.5581395348837209,0.7741935483870968,0.6486486486486487,0.5882352941176471,0.3448275862068966,0.43478260869565216,24,10,19,7,31,29,43,17,0.5,0.5344132054247259,0.6106638372265437,0.5528364849833147,,,0,uncalibrated_return_rank_score,19
reg__price_direction__linear,reg,price_direction,60,0.5333333333333333,0.5328142380422691,0.5328142380422691,0.5483870967741935,0.5483870967741935,0.5483870967741935,0.5172413793103449,0.5172413793103449,0.5172413793103449,17,15,14,14,31,29,31,29,0.5,0.5986873390425272,0.6091198500109083,0.5995550611790879,,,0,uncalibrated_return_rank_score,19
reg__price_direction__xgb,reg,price_direction,60,0.48333333333333334,0.47664071190211343,0.4578839988341591,0.5,0.6774193548387096,0.5753424657534246,0.4444444444444444,0.27586206896551724,0.3404255319148936,21,8,21,10,31,29,42,18,0.5,0.5800920045330568,0.5513586179890142,0.5239154616240267,,,0,uncalibrated_return_rank_score,19
reg__price_direction__forest,reg,price_direction,60,0.5,0.4994438264738599,0.4994438264738599,0.5161290322580645,0.5161290322580645,0.5161290322580645,0.4827586206896552,0.4827586206896552,0.4827586206896552,16,14,15,15,31,29,31,29,0.5,0.5421136705243627,0.5868951721182774,0.5272525027808677,,,0,uncalibrated_return_rank_score,19
reg__price_direction__equal_ensemble,reg,price_direction,60,0.5,0.4961067853170189,0.4909502262443439,0.5135135135135135,0.6129032258064516,0.5588235294117647,0.4782608695652174,0.3793103448275862,0.4230769230769231,19,11,18,12,31,29,37,23,0.5,0.5668845306053112,0.6124013993987413,0.5617352614015574,,,0,uncalibrated_return_rank_score,19
reg__cot_direction__linear,reg,cot_direction,60,0.5,0.5016685205784205,0.4994438264738599,0.5185185185185185,0.45161290322580644,0.4827586206896552,0.48484848484848486,0.5517241379310345,0.5161290322580645,14,16,13,17,31,29,27,33,0.5,0.550751354107091,0.5602811885141871,0.5472747497219131,,,0,uncalibrated_return_rank_score,19
reg__cot_direction__xgb,reg,cot_direction,60,0.55,0.5422691879866518,0.52,0.5454545454545454,0.7741935483870968,0.64,0.5625,0.3103448275862069,0.4,24,9,20,7,31,29,44,16,0.5,0.5399337186639166,0.611672257154137,0.5628476084538376,,,0,uncalibrated_return_rank_score,19
reg__cot_direction__forest,reg,cot_direction,60,0.5333333333333333,0.5283648498331479,0.52,0.5384615384615384,0.6774193548387096,0.6,0.5238095238095238,0.3793103448275862,0.44,21,11,18,10,31,29,39,21,0.5,0.5338280013070776,0.5878661341729302,0.5417130144605117,,,0,uncalibrated_return_rank_score,19
reg__cot_direction__equal_ensemble,reg,cot_direction,60,0.5833333333333334,0.5823136818687431,0.5822890559732665,0.59375,0.6129032258064516,0.6031746031746031,0.5714285714285714,0.5517241379310345,0.5614035087719298,19,16,13,12,31,29,32,28,0.5,0.5413959948708813,0.6058890143344707,0.5628476084538376,,,0,uncalibrated_return_rank_score,19
reg__weather_direction__linear,reg,weather_direction,60,0.55,0.5478309232480534,0.5468531468531468,0.5588235294117647,0.6129032258064516,0.5846153846153846,0.5384615384615384,0.4827586206896552,0.509090909090909,19,14,15,12,31,29,34,26,0.5,0.5450999573123765,0.6272650393985847,0.5628476084538376,,,0,uncalibrated_return_rank_score,19
reg__weather_direction__xgb,reg,weather_direction,60,0.55,0.5456062291434928,0.5396419437340154,0.5526315789473685,0.6774193548387096,0.6086956521739131,0.5454545454545454,0.41379310344827586,0.47058823529411764,21,12,17,10,31,29,38,22,0.5,0.5567630111645507,0.6092134878656756,0.5650723025583981,,,0,uncalibrated_return_rank_score,19
reg__weather_direction__forest,reg,weather_direction,60,0.55,0.5456062291434928,0.5396419437340154,0.5526315789473685,0.6774193548387096,0.6086956521739131,0.5454545454545454,0.41379310344827586,0.47058823529411764,21,12,17,10,31,29,38,22,0.5,0.5334473281461218,0.5510890911714723,0.5339265850945496,,,0,uncalibrated_return_rank_score,19
reg__weather_direction__equal_ensemble,reg,weather_direction,60,0.55,0.5456062291434928,0.5396419437340154,0.5526315789473685,0.6774193548387096,0.6086956521739131,0.5454545454545454,0.41379310344827586,0.47058823529411764,21,12,17,10,31,29,38,22,0.5,0.5249599241745105,0.5974367496403198,0.5428253615127919,,,0,uncalibrated_return_rank_score,19
reg__engineered_direction__linear,reg,engineered_direction,60,0.55,0.5511679644048944,0.5498749652681301,0.5714285714285714,0.5161290322580645,0.5423728813559322,0.53125,0.5862068965517241,0.5573770491803278,16,17,12,15,31,29,28,32,0.5,0.5766254142191609,0.6262377972427101,0.596218020022247,,,0,uncalibrated_return_rank_score,19
reg__engineered_direction__xgb,reg,engineered_direction,60,0.6166666666666667,0.6101223581757508,0.5977849023608277,0.5952380952380952,0.8064516129032258,0.684931506849315,0.6666666666666666,0.41379310344827586,0.5106382978723404,25,12,17,6,31,29,42,18,0.5,0.5365800826726728,0.6331674190354988,0.5595105672969966,,,0,uncalibrated_return_rank_score,19
reg__engineered_direction__forest,reg,engineered_direction,60,0.55,0.5456062291434928,0.5396419437340154,0.5526315789473685,0.6774193548387096,0.6086956521739131,0.5454545454545454,0.41379310344827586,0.47058823529411764,21,12,17,10,31,29,38,22,0.5,0.5227127039500653,0.6214402524030667,0.5350389321468298,,,0,uncalibrated_return_rank_score,19
reg__engineered_direction__equal_ensemble,reg,engineered_direction,60,0.5833333333333334,0.5823136818687431,0.5822890559732665,0.59375,0.6129032258064516,0.6031746031746031,0.5714285714285714,0.5517241379310345,0.5614035087719298,19,16,13,12,31,29,32,28,0.5,0.5360708859864103,0.6377676682852264,0.5684093437152391,,,0,uncalibrated_return_rank_score,19
selected_direction,class,weather_direction,60,0.5,0.4994438264738599,0.4994438264738599,0.5161290322580645,0.5161290322580645,0.5161290322580645,0.4827586206896552,0.4827586206896552,0.4827586206896552,16,14,15,15,31,29,31,29,0.4750000000000001,0.49641290946013983,0.607500056494624,0.5094549499443827,0.2630060521896965,0.7205332769238494,0,probability_up,19
selected_return,reg,basic,60,0.55,0.5422691879866518,0.52,0.5454545454545454,0.7741935483870968,0.64,0.5625,0.3103448275862069,0.4,24,9,20,7,31,29,44,16,0.5,0.5969732711034553,0.6297914235920107,0.5839822024471635,,,0,uncalibrated_return_rank_score,19
baseline_monthly_return,reg,previous,60,0.5166666666666667,0.5122358175750834,0.5055413469735721,0.5263157894736842,0.6451612903225806,0.5797101449275363,0.5,0.3793103448275862,0.43137254901960786,20,11,18,11,31,29,38,22,0.5,0.5764086183385756,0.5737600202481814,0.5127919911012235,,,0,uncalibrated_return_rank_score,19
baseline_paper_return,reg,previous,60,0.5666666666666667,0.5672969966629589,0.5666666666666667,0.5862068965517241,0.5483870967741935,0.5666666666666667,0.5483870967741935,0.5862068965517241,0.5666666666666667,17,17,12,14,31,29,29,31,0.5,0.506821741300131,0.5703004068920015,0.5205784204671858,,,0,uncalibrated_return_rank_score,19
baseline_mean_return,reg,previous,60,0.5166666666666667,0.5,0.34065934065934067,0.5166666666666667,1.0,0.6813186813186813,0.0,0.0,0.0,31,0,29,0,31,29,60,0,0.5,0.535040808788447,0.47048543398818077,0.4833147942157953,,,0,uncalibrated_return_rank_score,19
baseline_zero_return,reg,previous,60,0.5166666666666667,0.5,0.34065934065934067,0.5166666666666667,1.0,0.6813186813186813,0.0,0.0,0.0,31,0,29,0,31,29,60,0,0.5,0.5166666666666667,0.48333333333333334,0.5,,,0,uncalibrated_return_rank_score,19
baseline_majority,baseline,previous,60,0.48333333333333334,0.5,0.3258426966292135,0.0,0.0,0.0,0.48333333333333334,1.0,0.651685393258427,0,29,0,31,31,29,0,60,0.5,0.4922408073830487,0.459869111603598,0.4655172413793103,0.25093567930224076,0.6950196127760165,0,probability_up,19
always_up,baseline,previous,60,0.5166666666666667,0.5,0.34065934065934067,0.5166666666666667,1.0,0.6813186813186813,0.0,0.0,0.0,31,0,29,0,31,29,60,0,0.5,0.5166666666666667,0.48333333333333334,0.5,0.48333333333333334,17.42109913807329,0,probability_up,19
always_down,baseline,previous,60,0.48333333333333334,0.5,0.3258426966292135,0.0,0.0,0.0,0.48333333333333334,1.0,0.651685393258427,0,29,0,31,31,29,0,60,0.5,0.5166666666666667,0.48333333333333334,0.5,0.5166666666666667,18.622554251043866,0,probability_up,19
class__basic__linear,class,basic,60,0.55,0.5513392857142857,0.5498749652681301,0.5862068965517241,0.53125,0.5573770491803278,0.5161290322580645,0.5714285714285714,0.5423728813559322,17,16,12,15,32,28,29,31,0.5000000000000001,0.5677827260909558,0.5776773820861142,0.5390625,0.25078283581188954,0.6942200285265124,0,probability_up,20
class__basic__xgb,class,basic,60,0.5166666666666667,0.5200892857142857,0.5165323701028064,0.5555555555555556,0.46875,0.5084745762711864,0.48484848484848486,0.5714285714285714,0.5245901639344263,15,16,12,17,32,28,27,33,0.5000000000000001,0.5741356210784303,0.5835850856310515,0.546875,0.2511457867634633,0.6953415085611606,0,probability_up,20
class__basic__forest,class,basic,60,0.5666666666666667,0.5691964285714286,0.5666666666666667,0.6071428571428571,0.53125,0.5666666666666667,0.53125,0.6071428571428571,0.5666666666666667,17,17,11,15,32,28,28,32,0.5000000000000001,0.5940481612735737,0.6182855381147948,0.6116071428571429,0.2440640186537341,0.6816744692280916,0,probability_up,20
class__basic__equal_ensemble,class,basic,60,0.5166666666666667,0.5200892857142857,0.5165323701028064,0.5555555555555556,0.46875,0.5084745762711864,0.48484848484848486,0.5714285714285714,0.5245901639344263,15,16,12,17,32,28,27,33,0.5000000000000001,0.5790080011337335,0.6154799310157578,0.5725446428571428,0.24696462470684497,0.6867785642454549,0,probability_up,20
class__direction_core__linear,class,direction_core,60,0.5333333333333333,0.5401785714285714,0.53125,0.5833333333333334,0.4375,0.5,0.5,0.6428571428571429,0.5625,14,18,10,18,32,28,24,36,0.5250000000000001,0.5932827686414839,0.6007941165010847,0.6049107142857143,0.2538154152511539,0.7087303404169119,0,probability_up,20
class__direction_core__xgb,class,direction_core,60,0.6,0.5982142857142857,0.5982142857142857,0.625,0.625,0.625,0.5714285714285714,0.5714285714285714,0.5714285714285714,20,16,12,12,32,28,32,28,0.5000000000000001,0.5789353785830842,0.5957345912019175,0.5803571428571429,0.2457173857421532,0.6847979081381258,0,probability_up,20
class__direction_core__forest,class,direction_core,60,0.5333333333333333,0.5290178571428572,0.5286195286195287,0.5588235294117647,0.59375,0.5757575757575758,0.5,0.4642857142857143,0.48148148148148145,19,13,15,13,32,28,34,26,0.5000000000000001,0.5945244465449596,0.5783074264717938,0.5680803571428571,0.24726975363959966,0.6875349992523176,0,probability_up,20
class__direction_core__equal_ensemble,class,direction_core,60,0.5333333333333333,0.5424107142857143,0.5286195286195287,0.5909090909090909,0.40625,0.48148148148148145,0.5,0.6785714285714286,0.5757575757575758,13,19,9,19,32,28,22,38,0.5250000000000001,0.5840710543114375,0.5896435856171331,0.59375,0.24668634019333743,0.6875487597705331,0,probability_up,20
class__price_direction__linear,class,price_direction,60,0.5833333333333334,0.5848214285714286,0.5832175604334537,0.6206896551724138,0.5625,0.5901639344262295,0.5483870967741935,0.6071428571428571,0.576271186440678,18,17,11,14,32,28,29,31,0.4750000000000001,0.6047435736034372,0.5756150319001948,0.6037946428571428,0.2501555654577424,0.6979650010503435,0,probability_up,20
class__price_direction__xgb,class,price_direction,60,0.5166666666666667,0.5245535714285714,0.5132867132867133,0.5652173913043478,0.40625,0.4727272727272727,0.4864864864864865,0.6428571428571429,0.5538461538461539,13,18,10,19,32,28,23,37,0.5250000000000001,0.6374601011753963,0.5242685536920749,0.5758928571428572,0.24989779159448233,0.6939032938645915,0,probability_up,20
class__price_direction__forest,class,price_direction,60,0.5166666666666667,0.5290178571428572,0.5055413469735721,0.5789473684210527,0.34375,0.43137254901960786,0.4878048780487805,0.7142857142857143,0.5797101449275363,11,20,8,21,32,28,19,41,0.5750000000000002,0.5513062347101719,0.531213759990336,0.5245535714285714,0.2658961331262168,0.7286863102477434,0,probability_up,20
class__price_direction__equal_ensemble,class,price_direction,60,0.5166666666666667,0.5267857142857143,0.5099971838918614,0.5714285714285714,0.375,0.4528301886792453,0.48717948717948717,0.6785714285714286,0.5671641791044776,12,19,9,20,32,28,21,39,0.5250000000000001,0.5999499956154236,0.5896838204250966,0.5770089285714286,0.25135786693461315,0.6964181280171374,0,probability_up,20
class__cot_direction__linear,class,cot_direction,60,0.5166666666666667,0.5133928571428572,0.5132867132867133,0.5454545454545454,0.5625,0.5538461538461539,0.48148148148148145,0.4642857142857143,0.4727272727272727,18,13,15,14,32,28,33,27,0.45000000000000007,0.5766605277516724,0.5221252736037024,0.5491071428571429,0.26802299263567075,0.7438808949793005,0,probability_up,20
class__cot_direction__xgb,class,cot_direction,60,0.5333333333333333,0.5267857142857143,0.5248868778280543,0.5555555555555556,0.625,0.5882352941176471,0.5,0.42857142857142855,0.46153846153846156,20,12,16,12,32,28,36,24,0.4750000000000001,0.643293981308452,0.5905822682559367,0.5970982142857143,0.2408715447654744,0.6739649825317132,0,probability_up,20
class__cot_direction__forest,class,cot_direction,60,0.6,0.6026785714285714,0.6,0.6428571428571429,0.5625,0.6,0.5625,0.6428571428571429,0.6,18,18,10,14,32,28,28,32,0.5250000000000001,0.6348217152370794,0.5794280850713865,0.6238839285714286,0.2397751674881738,0.6742435576075188,0,probability_up,20
class__cot_direction__equal_ensemble,class,cot_direction,60,0.5833333333333334,0.5803571428571428,0.5804195804195804,0.6060606060606061,0.625,0.6153846153846154,0.5555555555555556,0.5357142857142857,0.5454545454545454,20,15,13,12,32,28,33,27,0.45000000000000007,0.6088791955157491,0.5934585018420223,0.6060267857142857,0.24410195214701005,0.6815613049451087,0,probability_up,20
class__weather_direction__linear,class,weather_direction,60,0.5,0.5111607142857143,0.4909502262443439,0.55,0.34375,0.4230769230769231,0.475,0.6785714285714286,0.5588235294117647,11,19,9,21,32,28,20,40,0.5250000000000001,0.5197923378563419,0.5940657621264422,0.5290178571428571,0.28112047812687624,0.7690691554688709,0,probability_up,20
class__weather_direction__xgb,class,weather_direction,60,0.55,0.5357142857142857,0.52,0.5581395348837209,0.75,0.64,0.5294117647058824,0.32142857142857145,0.4,24,9,19,8,32,28,43,17,0.42500000000000004,0.5277289326858006,0.6063382259543701,0.5301339285714286,0.25913045266861945,0.7129888899138911,0,probability_up,20
class__weather_direction__forest,class,weather_direction,60,0.5,0.5,0.4994438264738599,0.5333333333333333,0.5,0.5161290322580645,0.4666666666666667,0.5,0.4827586206896552,16,14,14,16,32,28,30,30,0.4750000000000001,0.52885269778906,0.5426438330406915,0.5267857142857143,0.26399254880602047,0.7242870736606801,0,probability_up,20
class__weather_direction__equal_ensemble,class,weather_direction,60,0.5166666666666667,0.515625,0.5154553049289892,0.5483870967741935,0.53125,0.5396825396825397,0.4827586206896552,0.5,0.49122807017543857,17,14,14,15,32,28,31,29,0.4750000000000001,0.5119079385019708,0.6032497369986715,0.5145089285714286,0.2628845705243419,0.720237711969877,0,probability_up,20
class__engineered_direction__linear,class,engineered_direction,60,0.5333333333333333,0.5379464285714286,0.5328142380422691,0.5769230769230769,0.46875,0.5172413793103449,0.5,0.6071428571428571,0.5483870967741935,15,17,11,17,32,28,26,34,0.35,0.5527648014053025,0.6084392046733584,0.5613839285714286,0.3301476165341299,0.9128492555845422,0,probability_up,20
class__engineered_direction__xgb,class,engineered_direction,60,0.5833333333333334,0.5647321428571428,0.5368941031182464,0.574468085106383,0.84375,0.6835443037974683,0.6153846153846154,0.2857142857142857,0.3902439024390244,27,8,20,5,32,28,47,13,0.45000000000000007,0.5205735943333382,0.586487628273543,0.5066964285714286,0.251335394894105,0.6958832575829655,0,probability_up,20
class__engineered_direction__forest,class,engineered_direction,60,0.5333333333333333,0.5267857142857143,0.5248868778280543,0.5555555555555556,0.625,0.5882352941176471,0.5,0.42857142857142855,0.46153846153846156,20,12,16,12,32,28,36,24,0.4750000000000001,0.571003628957249,0.6227844865517483,0.5558035714285714,0.24740315373894495,0.6872996160802785,0,probability_up,20
class__engineered_direction__equal_ensemble,class,engineered_direction,60,0.5333333333333333,0.5245535714285714,0.52,0.5526315789473685,0.65625,0.6,0.5,0.39285714285714285,0.44,21,11,17,11,32,28,38,22,0.4,0.5477178058013619,0.6286258090711603,0.5591517857142857,0.26151212241431426,0.7160486548487051,0,probability_up,20
reg__basic__linear,reg,basic,60,0.5666666666666667,0.5558035714285714,0.548611111111111,0.575,0.71875,0.6388888888888888,0.55,0.39285714285714285,0.4583333333333333,23,11,17,9,32,28,40,20,0.5,0.5835532972255435,0.6056505687024883,0.5792410714285714,,,0,uncalibrated_return_rank_score,20
reg__basic__xgb,reg,basic,60,0.5666666666666667,0.5513392857142857,0.5334928229665072,0.5681818181818182,0.78125,0.6578947368421053,0.5625,0.32142857142857145,0.4090909090909091,25,9,19,7,32,28,44,16,0.5,0.6139038283527568,0.6316080078611821,0.5959821428571429,,,0,uncalibrated_return_rank_score,20
reg__basic__forest,reg,basic,60,0.5166666666666667,0.5089285714285714,0.5055413469735721,0.5405405405405406,0.625,0.5797101449275363,0.4782608695652174,0.39285714285714285,0.43137254901960786,20,11,17,12,32,28,37,23,0.5,0.5880325151142516,0.6310220653920535,0.578125,,,0,uncalibrated_return_rank_score,20
reg__basic__equal_ensemble,reg,basic,60,0.5333333333333333,0.5223214285714286,0.513888888888889,0.55,0.6875,0.6111111111111112,0.5,0.35714285714285715,0.4166666666666667,22,10,18,10,32,28,40,20,0.5,0.6001897946787162,0.62417947773643,0.5892857142857142,,,0,uncalibrated_return_rank_score,20
reg__direction_core__linear,reg,direction_core,60,0.55,0.546875,0.5468531468531468,0.5757575757575758,0.59375,0.5846153846153846,0.5185185185185185,0.5,0.509090909090909,19,14,14,13,32,28,33,27,0.5,0.5841691491133211,0.5969058905686876,0.5837053571428571,,,0,uncalibrated_return_rank_score,20
reg__direction_core__xgb,reg,direction_core,60,0.5666666666666667,0.546875,0.5125,0.5625,0.84375,0.675,0.5833333333333334,0.25,0.35,27,7,21,5,32,28,48,12,0.5,0.5407763125002706,0.6003958385067215,0.5524553571428572,,,0,uncalibrated_return_rank_score,20
reg__direction_core__forest,reg,direction_core,60,0.6166666666666667,0.5982142857142857,0.5739425748687866,0.5957446808510638,0.875,0.7088607594936709,0.6923076923076923,0.32142857142857145,0.43902439024390244,28,9,19,4,32,28,47,13,0.5,0.5848300153480052,0.6374646069651374,0.5770089285714286,,,0,uncalibrated_return_rank_score,20
reg__direction_core__equal_ensemble,reg,direction_core,60,0.5666666666666667,0.5535714285714286,0.5417156286721504,0.5714285714285714,0.75,0.6486486486486487,0.5555555555555556,0.35714285714285715,0.43478260869565216,24,10,18,8,32,28,42,18,0.5,0.5811981596381343,0.6156720469268416,0.5859375,,,0,uncalibrated_return_rank_score,20
reg__price_direction__linear,reg,price_direction,60,0.55,0.5491071428571428,0.5488721804511278,0.5806451612903226,0.5625,0.5714285714285714,0.5172413793103449,0.5357142857142857,0.5263157894736842,18,15,13,14,32,28,31,29,0.5,0.6155903376920583,0.6029822910032587,0.6082589285714286,,,0,uncalibrated_return_rank_score,20
reg__price_direction__xgb,reg,price_direction,60,0.48333333333333334,0.47098214285714285,0.4578839988341591,0.5121951219512195,0.65625,0.5753424657534246,0.42105263157894735,0.2857142857142857,0.3404255319148936,21,8,20,11,32,28,41,19,0.5,0.6078537656166327,0.5500291155846185,0.5446428571428571,,,0,uncalibrated_return_rank_score,20
reg__price_direction__forest,reg,price_direction,60,0.5166666666666667,0.515625,0.5154553049289892,0.5483870967741935,0.53125,0.5396825396825397,0.4827586206896552,0.5,0.49122807017543857,17,14,14,15,32,28,31,29,0.5,0.5712221828303948,0.5893878950811341,0.5502232142857143,,,0,uncalibrated_return_rank_score,20
reg__price_direction__equal_ensemble,reg,price_direction,60,0.5166666666666667,0.5089285714285714,0.5055413469735721,0.5405405405405406,0.625,0.5797101449275363,0.4782608695652174,0.39285714285714285,0.43137254901960786,20,11,17,12,32,28,37,23,0.5,0.594438807032046,0.6121451425196994,0.5803571428571428,,,0,uncalibrated_return_rank_score,20
reg__cot_direction__linear,reg,cot_direction,60,0.5166666666666667,0.5200892857142857,0.5165323701028064,0.5555555555555556,0.46875,0.5084745762711864,0.48484848484848486,0.5714285714285714,0.5245901639344263,15,16,12,17,32,28,27,33,0.5,0.608313163451611,0.5657884906277285,0.5825892857142858,,,0,uncalibrated_return_rank_score,20
reg__cot_direction__xgb,reg,cot_direction,60,0.5666666666666667,0.5513392857142857,0.5334928229665072,0.5681818181818182,0.78125,0.6578947368421053,0.5625,0.32142857142857145,0.4090909090909091,25,9,19,7,32,28,44,16,0.5,0.570714189573992,0.6132369800682671,0.5848214285714286,,,0,uncalibrated_return_rank_score,20
reg__cot_direction__forest,reg,cot_direction,60,0.55,0.5401785714285714,0.5343489508479448,0.5641025641025641,0.6875,0.6197183098591549,0.5238095238095238,0.39285714285714285,0.4489795918367347,22,11,17,10,32,28,39,21,0.5,0.6037335652935758,0.5929730748622566,0.5758928571428572,,,0,uncalibrated_return_rank_score,20
reg__cot_direction__equal_ensemble,reg,cot_direction,60,0.6,0.5982142857142857,0.5982142857142857,0.625,0.625,0.625,0.5714285714285714,0.5714285714285714,0.5714285714285714,20,16,12,12,32,28,32,28,0.5,0.6110456339218437,0.6135629357498653,0.5993303571428572,,,0,uncalibrated_return_rank_score,20
reg__weather_direction__linear,reg,weather_direction,60,0.5666666666666667,0.5625,0.5622895622895623,0.5882352941176471,0.625,0.6060606060606061,0.5384615384615384,0.5,0.5185185185185185,20,14,14,12,32,28,34,26,0.5,0.5708518863058605,0.6312561915315817,0.5825892857142858,,,0,uncalibrated_return_rank_score,20
reg__weather_direction__xgb,reg,weather_direction,60,0.5333333333333333,0.5245535714285714,0.52,0.5526315789473685,0.65625,0.6,0.5,0.39285714285714285,0.44,21,11,17,11,32,28,38,22,0.5,0.5642345794380514,0.5957396264608171,0.5569196428571428,,,0,uncalibrated_return_rank_score,20
reg__weather_direction__forest,reg,weather_direction,60,0.5666666666666667,0.5602678571428572,0.5588235294117647,0.5833333333333334,0.65625,0.6176470588235294,0.5416666666666666,0.4642857142857143,0.5,21,13,15,11,32,28,36,24,0.5,0.5500604423623813,0.5464584256166496,0.5424107142857143,,,0,uncalibrated_return_rank_score,20
reg__weather_direction__equal_ensemble,reg,weather_direction,60,0.5833333333333334,0.5758928571428572,0.5737425404944586,0.5945945945945946,0.6875,0.6376811594202898,0.5652173913043478,0.4642857142857143,0.5098039215686274,22,13,15,10,32,28,37,23,0.5,0.5396071558582631,0.591814113254838,0.546875,,,0,uncalibrated_return_rank_score,20
reg__engineered_direction__linear,reg,engineered_direction,60,0.5666666666666667,0.5691964285714286,0.5666666666666667,0.6071428571428571,0.53125,0.5666666666666667,0.53125,0.6071428571428571,0.5666666666666667,17,17,11,15,32,28,28,32,0.5,0.586354151500662,0.623532517969898,0.5993303571428571,,,0,uncalibrated_return_rank_score,20
reg__engineered_direction__xgb,reg,engineered_direction,60,0.6333333333333333,0.6205357142857143,0.6122209165687427,0.6190476190476191,0.8125,0.7027027027027027,0.6666666666666666,0.42857142857142855,0.5217391304347826,26,12,16,6,32,28,42,18,0.5,0.5521643306034872,0.6271929761485537,0.5636160714285714,,,0,uncalibrated_return_rank_score,20
reg__engineered_direction__forest,reg,engineered_direction,60,0.5833333333333334,0.5758928571428572,0.5737425404944586,0.5945945945945946,0.6875,0.6376811594202898,0.5652173913043478,0.4642857142857143,0.5098039215686274,22,13,15,10,32,28,37,23,0.5,0.5714520614806454,0.6256128379944295,0.5647321428571429,,,0,uncalibrated_return_rank_score,20
reg__engineered_direction__equal_ensemble,reg,engineered_direction,60,0.6,0.5982142857142857,0.5982142857142857,0.625,0.625,0.625,0.5714285714285714,0.5714285714285714,0.5714285714285714,20,16,12,12,32,28,32,28,0.5,0.559543245548245,0.6392148457887467,0.5848214285714286,,,0,uncalibrated_return_rank_score,20
selected_direction,class,weather_direction,60,0.5166666666666667,0.515625,0.5154553049289892,0.5483870967741935,0.53125,0.5396825396825397,0.4827586206896552,0.5,0.49122807017543857,17,14,14,15,32,28,31,29,0.4750000000000001,0.5119079385019708,0.6032497369986715,0.5145089285714286,0.2628845705243419,0.720237711969877,0,probability_up,20
selected_return,reg,basic,60,0.5666666666666667,0.5513392857142857,0.5334928229665072,0.5681818181818182,0.78125,0.6578947368421053,0.5625,0.32142857142857145,0.4090909090909091,25,9,19,7,32,28,44,16,0.5,0.6139038283527568,0.6316080078611821,0.5959821428571429,,,0,uncalibrated_return_rank_score,20
baseline_monthly_return,reg,previous,60,0.5166666666666667,0.5066964285714286,0.49985628054038517,0.5384615384615384,0.65625,0.5915492957746479,0.47619047619047616,0.35714285714285715,0.40816326530612246,21,10,18,11,32,28,39,21,0.5,0.5968342429128345,0.5689581139422032,0.5267857142857142,,,0,uncalibrated_return_rank_score,20
baseline_paper_return,reg,previous,60,0.5666666666666667,0.5669642857142857,0.5661846496106786,0.6,0.5625,0.5806451612903226,0.5333333333333333,0.5714285714285714,0.5517241379310345,18,16,12,14,32,28,30,30,0.5,0.5222083335855707,0.5759975999918322,0.5279017857142857,,,0,uncalibrated_return_rank_score,20
baseline_mean_return,reg,previous,60,0.5333333333333333,0.5,0.34782608695652173,0.5333333333333333,1.0,0.6956521739130435,0.0,0.0,0.0,32,0,28,0,32,28,60,0,0.5,0.5483647697598104,0.46001650507959185,0.4871651785714286,,,0,uncalibrated_return_rank_score,20
baseline_zero_return,reg,previous,60,0.5333333333333333,0.5,0.34782608695652173,0.5333333333333333,1.0,0.6956521739130435,0.0,0.0,0.0,32,0,28,0,32,28,60,0,0.5,0.5333333333333333,0.4666666666666667,0.5,,,0,uncalibrated_return_rank_score,20
baseline_majority,baseline,previous,60,0.4666666666666667,0.5,0.3181818181818182,0.0,0.0,0.0,0.4666666666666667,1.0,0.6363636363636364,0,28,0,32,32,28,0,60,0.5,0.5006502966747028,0.4415780434832642,0.45591517857142855,0.25157413242154025,0.6962971441598065,0,probability_up,20
always_up,baseline,previous,60,0.5333333333333333,0.5,0.34782608695652173,0.5333333333333333,1.0,0.6956521739130435,0.0,0.0,0.0,32,0,28,0,32,28,60,0,0.5,0.5333333333333333,0.4666666666666667,0.5,0.4666666666666667,16.820371581588002,0,probability_up,20
always_down,baseline,previous,60,0.4666666666666667,0.5,0.3181818181818182,0.0,0.0,0.0,0.4666666666666667,1.0,0.6363636363636364,0,28,0,32,32,28,0,60,0.5,0.5333333333333333,0.4666666666666667,0.5,0.5333333333333333,19.22328180752915,0,probability_up,20
class__basic__linear,class,basic,59,0.5084745762711864,0.5092592592592593,0.5079091170549324,0.5517241379310345,0.5,0.5245901639344263,0.4666666666666667,0.5185185185185185,0.49122807017543857,16,14,13,16,32,27,29,30,0.5000000000000001,0.4985753079923133,0.4582921958015302,0.4398148148148148,0.2716509248416924,0.7382304526359403,0,probability_up,21
class__basic__xgb,class,basic,59,0.5084745762711864,0.5121527777777778,0.5084745762711864,0.5555555555555556,0.46875,0.5084745762711864,0.46875,0.5555555555555556,0.5084745762711864,15,15,12,17,32,27,27,32,0.5000000000000001,0.5685531522963833,0.5105951440531196,0.5289351851851852,0.2566238896126199,0.7073387207122318,0,probability_up,21
class__basic__forest,class,basic,59,0.5084745762711864,0.5121527777777778,0.5084745762711864,0.5555555555555556,0.46875,0.5084745762711864,0.46875,0.5555555555555556,0.5084745762711864,15,15,12,17,32,27,27,32,0.5000000000000001,0.5598985830026063,0.5099240969830552,0.5243055555555556,0.25641772163918714,0.7070018684689386,0,probability_up,21
class__basic__equal_ensemble,class,basic,59,0.4745762711864407,0.47800925925925924,0.4745762711864407,0.5185185185185185,0.4375,0.4745762711864407,0.4375,0.5185185185185185,0.4745762711864407,14,14,13,18,32,27,27,32,0.5000000000000001,0.5467376166888205,0.4950237591089011,0.49189814814814814,0.2602861932314534,0.7145905516116021,0,probability_up,21
class__direction_core__linear,class,direction_core,59,0.4915254237288136,0.5052083333333333,0.48426573426573427,0.55,0.34375,0.4230769230769231,0.46153846153846156,0.6666666666666666,0.5454545454545454,11,18,9,21,32,27,20,39,0.5250000000000001,0.5577438895627072,0.46293659329353354,0.513888888888889,0.274535531258321,0.7514913814853147,0,probability_up,21
class__direction_core__xgb,class,direction_core,59,0.4576271186440678,0.4594907407407407,0.4574712643678161,0.5,0.4375,0.4666666666666667,0.41935483870967744,0.48148148148148145,0.4482758620689655,14,13,14,18,32,27,28,31,0.5000000000000001,0.5460736786681963,0.479180317959589,0.46412037037037035,0.2589724730838768,0.7115912957084698,0,probability_up,21
class__direction_core__forest,class,direction_core,59,0.4745762711864407,0.47800925925925924,0.4745762711864407,0.5185185185185185,0.4375,0.4745762711864407,0.4375,0.5185185185185185,0.4745762711864407,14,14,13,18,32,27,27,32,0.5000000000000001,0.5591863995490962,0.45992955468487257,0.4618055555555556,0.2618439590063682,0.7174884826301048,0,probability_up,21
class__direction_core__equal_ensemble,class,direction_core,59,0.5254237288135594,0.5422453703703703,0.5141176470588236,0.6111111111111112,0.34375,0.44,0.4878048780487805,0.7407407407407407,0.5882352941176471,11,20,7,21,32,27,18,41,0.5250000000000001,0.5413412149308434,0.4507527253627015,0.4780092592592593,0.26292341719975637,0.720674287918576,0,probability_up,21
class__price_direction__linear,class,price_direction,59,0.423728813559322,0.4224537037037037,0.42223502304147464,0.4666666666666667,0.4375,0.45161290322580644,0.3793103448275862,0.4074074074074074,0.39285714285714285,14,11,16,18,32,27,30,29,0.4750000000000001,0.5192475564009206,0.5051828359741473,0.4490740740740741,0.289724545060298,0.7788883766594481,0,probability_up,21
class__price_direction__xgb,class,price_direction,59,0.4406779661016949,0.4525462962962963,0.43483309143686505,0.47619047619047616,0.3125,0.37735849056603776,0.42105263157894735,0.5925925925925926,0.49230769230769234,10,16,11,22,32,27,21,38,0.5250000000000001,0.5212718382854445,0.48071195984157783,0.4270833333333333,0.2822598637483044,0.7608489078154105,0,probability_up,21
class__price_direction__forest,class,price_direction,59,0.4406779661016949,0.46412037037037035,0.4073059360730593,0.46153846153846156,0.1875,0.26666666666666666,0.43478260869565216,0.7407407407407407,0.547945205479452,6,20,7,26,32,27,13,46,0.5750000000000002,0.5326645761511916,0.4312100122288971,0.4131944444444445,0.2955581393573823,0.792099337015929,0,probability_up,21
class__price_direction__equal_ensemble,class,price_direction,59,0.4745762711864407,0.4837962962962963,0.4721500721500721,0.5217391304347826,0.375,0.43636363636363634,0.4444444444444444,0.5925925925925926,0.5079365079365079,12,16,11,20,32,27,23,36,0.5250000000000001,0.5350489347676983,0.4995027292442265,0.44560185185185186,0.2861775294720526,0.7693339405182502,0,probability_up,21
class__cot_direction__linear,class,cot_direction,59,0.4915254237288136,0.4878472222222222,0.4878472222222222,0.53125,0.53125,0.53125,0.4444444444444444,0.4444444444444444,0.4444444444444444,17,12,15,15,32,27,32,27,0.45000000000000007,0.6057242808339688,0.5846142815358522,0.5613425925925926,0.26515701096019845,0.7260100943896365,0,probability_up,21
class__cot_direction__xgb,class,cot_direction,59,0.5423728813559322,0.5376157407407407,0.5375907111756169,0.5757575757575758,0.59375,0.5846153846153846,0.5,0.48148148148148145,0.49056603773584906,19,13,14,13,32,27,33,26,0.4750000000000001,0.5767669718170254,0.4304993188150326,0.47685185185185186,0.26333274298687337,0.7213053832475647,0,probability_up,21
class__cot_direction__forest,class,cot_direction,59,0.4915254237288136,0.49363425925925924,0.4913793103448276,0.5357142857142857,0.46875,0.5,0.45161290322580644,0.5185185185185185,0.4827586206896552,15,14,13,17,32,27,28,31,0.5250000000000001,0.6069314008206008,0.43637077621083226,0.49768518518518523,0.26679744585789256,0.7299752660790159,0,probability_up,21
class__cot_direction__equal_ensemble,class,cot_direction,59,0.5254237288135594,0.5219907407407407,0.5219907407407407,0.5625,0.5625,0.5625,0.48148148148148145,0.48148148148148145,0.48148148148148145,18,13,14,14,32,27,32,27,0.45000000000000007,0.5980104209651677,0.4687614529095727,0.5243055555555556,0.25946922626720176,0.7138830092549658,0,probability_up,21
class__weather_direction__linear,class,weather_direction,59,0.4745762711864407,0.49247685185185186,0.4590357882283348,0.5294117647058824,0.28125,0.3673469387755102,0.4523809523809524,0.7037037037037037,0.5507246376811594,9,19,8,23,32,27,17,42,0.5250000000000001,0.48296135323740585,0.4395177172047156,0.4097222222222222,0.3251984089285446,0.8766202938142919,0,probability_up,21
class__weather_direction__xgb,class,weather_direction,59,0.423728813559322,0.40509259259259256,0.38390663390663393,0.47619047619047616,0.625,0.5405405405405406,0.29411764705882354,0.18518518518518517,0.22727272727272727,20,5,22,12,32,27,42,17,0.42500000000000004,0.5112441445459642,0.4165745834980984,0.43402777777777785,0.2708367866606865,0.7375288431659055,0,probability_up,21
class__weather_direction__forest,class,weather_direction,59,0.4915254237288136,0.4965277777777778,0.4913793103448276,0.5384615384615384,0.4375,0.4827586206896552,0.45454545454545453,0.5555555555555556,0.5,14,15,12,18,32,27,26,33,0.4750000000000001,0.5221059827497747,0.4492327856730748,0.45833333333333337,0.27679316272402804,0.7532142458191909,0,probability_up,21
class__weather_direction__equal_ensemble,class,weather_direction,59,0.4576271186440678,0.4594907407407407,0.4574712643678161,0.5,0.4375,0.4666666666666667,0.41935483870967744,0.48148148148148145,0.4482758620689655,14,13,14,18,32,27,28,31,0.4750000000000001,0.48928389859594945,0.43677802068496885,0.4201388888888889,0.28536145344099195,0.7691648722980052,0,probability_up,21
class__engineered_direction__linear,class,engineered_direction,59,0.4745762711864407,0.4809027777777778,0.47397181478285877,0.52,0.40625,0.45614035087719296,0.4411764705882353,0.5555555555555556,0.4918032786885246,13,15,12,19,32,27,25,34,0.35,0.5546998275203882,0.58797449747979,0.5335648148148148,0.34076294676175983,0.9458813242937207,0,probability_up,21
class__engineered_direction__xgb,class,engineered_direction,59,0.4406779661016949,0.42071759259259256,0.39627906976744187,0.4883720930232558,0.65625,0.56,0.3125,0.18518518518518517,0.23255813953488372,21,5,22,11,32,27,43,16,0.45000000000000007,0.46898715937207336,0.4696953125009998,0.38310185185185186,0.2683435972565467,0.7302004267666894,0,probability_up,21
class__engineered_direction__forest,class,engineered_direction,59,0.423728813559322,0.4195601851851852,0.4195601851851852,0.46875,0.46875,0.46875,0.37037037037037035,0.37037037037037035,0.37037037037037035,15,10,17,17,32,27,32,27,0.4750000000000001,0.5223499825641478,0.46028917307251904,0.4074074074074075,0.2710402829837185,0.7358749866925488,0,probability_up,21
class__engineered_direction__equal_ensemble,class,engineered_direction,59,0.4576271186440678,0.4537037037037037,0.4537037037037037,0.5,0.5,0.5,0.4074074074074074,0.4074074074074074,0.4074074074074074,16,11,16,16,32,27,32,27,0.4,0.5377556657448344,0.5148221427672917,0.4606481481481482,0.27951067458053336,0.7545887101103597,0,probability_up,21
reg__basic__linear,reg,basic,59,0.4406779661016949,0.42939814814814814,0.4241348713398403,0.4864864864864865,0.5625,0.5217391304347826,0.36363636363636365,0.2962962962962963,0.32653061224489793,18,8,19,14,32,27,37,22,0.5,0.48516568309975605,0.43455448015624065,0.42013888888888895,,,0,uncalibrated_return_rank_score,21
reg__basic__xgb,reg,basic,59,0.5084745762711864,0.49479166666666663,0.4872640095894516,0.5384615384615384,0.65625,0.5915492957746479,0.45,0.3333333333333333,0.3829787234042553,21,9,18,11,32,27,39,20,0.5,0.545244911599178,0.5146993629267417,0.4895833333333333,,,0,uncalibrated_return_rank_score,21
reg__basic__forest,reg,basic,59,0.559322033898305,0.5445601851851851,0.5368357487922705,0.575,0.71875,0.6388888888888888,0.5263157894736842,0.37037037037037035,0.43478260869565216,23,10,17,9,32,27,40,19,0.5,0.5733997764932219,0.5356629364914054,0.5370370370370371,,,0,uncalibrated_return_rank_score,21
reg__basic__equal_ensemble,reg,basic,59,0.4745762711864407,0.46354166666666663,0.4590357882283348,0.5135135135135135,0.59375,0.5507246376811594,0.4090909090909091,0.3333333333333333,0.3673469387755102,19,9,18,13,32,27,37,22,0.5,0.5215287853302937,0.5077414301806226,0.4733796296296296,,,0,uncalibrated_return_rank_score,21
reg__direction_core__linear,reg,direction_core,59,0.423728813559322,0.4195601851851852,0.4195601851851852,0.46875,0.46875,0.46875,0.37037037037037035,0.37037037037037035,0.37037037037037035,15,10,17,17,32,27,32,27,0.5,0.5150380308668312,0.48534910011164045,0.45949074074074076,,,0,uncalibrated_return_rank_score,21
reg__direction_core__xgb,reg,direction_core,59,0.4915254237288136,0.4704861111111111,0.44548872180451127,0.5227272727272727,0.71875,0.6052631578947368,0.4,0.2222222222222222,0.2857142857142857,23,6,21,9,32,27,44,15,0.5,0.5293329727228996,0.5133901345097123,0.4756944444444445,,,0,uncalibrated_return_rank_score,21
reg__direction_core__forest,reg,direction_core,59,0.5084745762711864,0.48900462962962965,0.46945736434108526,0.5348837209302325,0.71875,0.6133333333333333,0.4375,0.25925925925925924,0.32558139534883723,23,7,20,9,32,27,43,16,0.5,0.5011273556327239,0.4771927338589115,0.431712962962963,,,0,uncalibrated_return_rank_score,21
reg__direction_core__equal_ensemble,reg,direction_core,59,0.3898305084745763,0.3767361111111111,0.3678571428571429,0.4473684210526316,0.53125,0.4857142857142857,0.2857142857142857,0.2222222222222222,0.25,17,6,21,15,32,27,38,21,0.5,0.5261436919263548,0.4850330636700832,0.4537037037037037,,,0,uncalibrated_return_rank_score,21
reg__price_direction__linear,reg,price_direction,59,0.4067796610169492,0.4039351851851852,0.40404040404040403,0.45161290322580644,0.4375,0.4444444444444444,0.35714285714285715,0.37037037037037035,0.36363636363636365,14,10,17,18,32,27,31,28,0.5,0.48951729136175764,0.5101934789408127,0.4212962962962963,,,0,uncalibrated_return_rank_score,21
reg__price_direction__xgb,reg,price_direction,59,0.4576271186440678,0.44212962962962965,0.42995169082125606,0.5,0.625,0.5555555555555556,0.3684210526315789,0.25925925925925924,0.30434782608695654,20,7,20,12,32,27,40,19,0.5,0.4691747622651481,0.4718510627968548,0.3888888888888889,,,0,uncalibrated_return_rank_score,21
reg__price_direction__forest,reg,price_direction,59,0.4406779661016949,0.4409722222222222,0.4400345125107852,0.4827586206896552,0.4375,0.45901639344262296,0.4,0.4444444444444444,0.42105263157894735,14,12,15,18,32,27,29,30,0.5,0.49713435069508105,0.4569271870049247,0.4131944444444445,,,0,uncalibrated_return_rank_score,21
reg__price_direction__equal_ensemble,reg,price_direction,59,0.3559322033898305,0.34837962962962965,0.34673659673659674,0.4117647058823529,0.4375,0.42424242424242425,0.28,0.25925925925925924,0.2692307692307692,14,7,20,18,32,27,34,25,0.5,0.4869681413145496,0.4892794724655096,0.4097222222222222,,,0,uncalibrated_return_rank_score,21
reg__cot_direction__linear,reg,cot_direction,59,0.4406779661016949,0.44675925925925924,0.4400345125107852,0.48,0.375,0.42105263157894735,0.4117647058823529,0.5185185185185185,0.45901639344262296,12,14,13,20,32,27,25,34,0.5,0.5313692946864164,0.5806383274478157,0.5150462962962963,,,0,uncalibrated_return_rank_score,21
reg__cot_direction__xgb,reg,cot_direction,59,0.5254237288135594,0.5104166666666666,0.501207729468599,0.55,0.6875,0.6111111111111112,0.47368421052631576,0.3333333333333333,0.391304347826087,22,9,18,10,32,27,40,19,0.5,0.579045961879558,0.5175271573006489,0.5150462962962963,,,0,uncalibrated_return_rank_score,21
reg__cot_direction__forest,reg,cot_direction,59,0.4915254237288136,0.4849537037037037,0.48426573426573427,0.5294117647058824,0.5625,0.5454545454545454,0.44,0.4074074074074074,0.4230769230769231,18,11,16,14,32,27,34,25,0.5,0.5719570659119637,0.48311060100132325,0.5034722222222222,,,0,uncalibrated_return_rank_score,21
reg__cot_direction__equal_ensemble,reg,cot_direction,59,0.5254237288135594,0.5219907407407407,0.5219907407407407,0.5625,0.5625,0.5625,0.48148148148148145,0.48148148148148145,0.48148148148148145,18,13,14,14,32,27,32,27,0.5,0.5456103585799709,0.5334653803952858,0.5231481481481481,,,0,uncalibrated_return_rank_score,21
reg__weather_direction__linear,reg,weather_direction,59,0.4406779661016949,0.4351851851851852,0.43483309143686505,0.48484848484848486,0.5,0.49230769230769234,0.38461538461538464,0.37037037037037035,0.37735849056603776,16,10,17,16,32,27,33,26,0.5,0.4779275054066086,0.4870282254571109,0.40393518518518523,,,0,uncalibrated_return_rank_score,21
reg__weather_direction__xgb,reg,weather_direction,59,0.4745762711864407,0.46354166666666663,0.4590357882283348,0.5135135135135135,0.59375,0.5507246376811594,0.4090909090909091,0.3333333333333333,0.3673469387755102,19,9,18,13,32,27,37,22,0.5,0.5316789381328446,0.4952063815120831,0.46643518518518523,,,0,uncalibrated_return_rank_score,21
reg__weather_direction__forest,reg,weather_direction,59,0.4576271186440678,0.4565972222222222,0.45622119815668205,0.5,0.46875,0.4838709677419355,0.41379310344827586,0.4444444444444444,0.42857142857142855,15,12,15,17,32,27,30,29,0.5,0.5177059037387043,0.46061172441422943,0.45601851851851855,,,0,uncalibrated_return_rank_score,21
reg__weather_direction__equal_ensemble,reg,weather_direction,59,0.4745762711864407,0.4664351851851852,0.46473514779045944,0.5142857142857142,0.5625,0.5373134328358209,0.4166666666666667,0.37037037037037035,0.39215686274509803,18,10,17,14,32,27,35,24,0.5,0.48814002730292694,0.4933043721589358,0.42592592592592593,,,0,uncalibrated_return_rank_score,21
reg__engineered_direction__linear,reg,engineered_direction,59,0.4406779661016949,0.44675925925925924,0.4400345125107852,0.48,0.375,0.42105263157894735,0.4117647058823529,0.5185185185185185,0.45901639344262296,12,14,13,20,32,27,25,34,0.5,0.5199112932483757,0.585212201369806,0.4953703703703704,,,0,uncalibrated_return_rank_score,21
reg__engineered_direction__xgb,reg,engineered_direction,59,0.5084745762711864,0.49189814814814814,0.4791476407914764,0.5365853658536586,0.6875,0.6027397260273972,0.4444444444444444,0.2962962962962963,0.35555555555555557,22,8,19,10,32,27,41,18,0.5,0.5006320313572663,0.5091487872218362,0.4606481481481482,,,0,uncalibrated_return_rank_score,21
reg__engineered_direction__forest,reg,engineered_direction,59,0.4915254237288136,0.4820601851851852,0.47941176470588237,0.5277777777777778,0.59375,0.5588235294117647,0.43478260869565216,0.37037037037037035,0.4,19,10,17,13,32,27,36,23,0.5,0.5018760083403889,0.4916456560673479,0.4340277777777778,,,0,uncalibrated_return_rank_score,21
reg__engineered_direction__equal_ensemble,reg,engineered_direction,59,0.4067796610169492,0.4097222222222222,0.4067796610169492,0.4444444444444444,0.375,0.4067796610169492,0.375,0.4444444444444444,0.4067796610169492,12,12,15,20,32,27,27,32,0.5,0.5020252325959657,0.5509031915258238,0.4710648148148148,,,0,uncalibrated_return_rank_score,21
selected_direction,class,weather_direction,59,0.4576271186440678,0.4594907407407407,0.4574712643678161,0.5,0.4375,0.4666666666666667,0.41935483870967744,0.48148148148148145,0.4482758620689655,14,13,14,18,32,27,28,31,0.4750000000000001,0.48928389859594945,0.43677802068496885,0.4201388888888889,0.28536145344099195,0.7691648722980052,0,probability_up,21
selected_return,reg,basic,59,0.5084745762711864,0.49479166666666663,0.4872640095894516,0.5384615384615384,0.65625,0.5915492957746479,0.45,0.3333333333333333,0.3829787234042553,21,9,18,11,32,27,39,20,0.5,0.545244911599178,0.5146993629267417,0.4895833333333333,,,0,uncalibrated_return_rank_score,21
baseline_monthly_return,reg,previous,59,0.4406779661016949,0.42650462962962965,0.41654180401558283,0.48717948717948717,0.59375,0.5352112676056338,0.35,0.25925925925925924,0.2978723404255319,19,7,20,13,32,27,39,20,0.5,0.5829272376785345,0.5087456961055342,0.45833333333333337,,,0,uncalibrated_return_rank_score,21
baseline_paper_return,reg,previous,59,0.4067796610169492,0.4039351851851852,0.40404040404040403,0.45161290322580644,0.4375,0.4444444444444444,0.35714285714285715,0.37037037037037035,0.36363636363636365,14,10,17,18,32,27,31,28,0.5,0.4788646600522047,0.44713592862716217,0.4016203703703704,,,0,uncalibrated_return_rank_score,21
baseline_mean_return,reg,previous,59,0.5423728813559322,0.5,0.3516483516483517,0.5423728813559322,1.0,0.7032967032967034,0.0,0.0,0.0,32,0,27,0,32,27,59,0,0.5,0.513531157749947,0.43321251528434884,0.4554398148148149,,,0,uncalibrated_return_rank_score,21
baseline_zero_return,reg,previous,59,0.5423728813559322,0.5,0.3516483516483517,0.5423728813559322,1.0,0.7032967032967034,0.0,0.0,0.0,32,0,27,0,32,27,59,0,0.5,0.5423728813559322,0.4576271186440678,0.5,,,0,uncalibrated_return_rank_score,21
baseline_majority,baseline,previous,59,0.4576271186440678,0.5,0.313953488372093,0.0,0.0,0.0,0.4576271186440678,1.0,0.627906976744186,0,27,0,32,32,27,0,59,0.5,0.5388400726024017,0.4463102635445011,0.4878472222222222,0.2516685138545083,0.6964859132826403,0,probability_up,21
always_up,baseline,previous,59,0.5423728813559322,0.5,0.3516483516483517,0.5423728813559322,1.0,0.7032967032967034,0.0,0.0,0.0,32,0,27,0,32,27,59,0,0.5,0.5423728813559322,0.4576271186440678,0.5,0.4576271186440678,16.49455324586717,0,probability_up,21
always_down,baseline,previous,59,0.4576271186440678,0.5,0.313953488372093,0.0,0.0,0.0,0.4576271186440678,1.0,0.627906976744186,0,27,0,32,32,27,0,59,0.5,0.5423728813559322,0.4576271186440678,0.5,0.5423728813559322,19.549100143249987,0,probability_up,21
class__basic__linear,class,basic,59,0.4915254237288136,0.49,0.4878472222222222,0.5666666666666667,0.5,0.53125,0.41379310344827586,0.48,0.4444444444444444,17,12,13,17,34,25,30,29,0.5000000000000001,0.5283750929196347,0.39559417114990225,0.43529411764705883,0.2717457738430766,0.7386853579106442,0,probability_up,22
class__basic__xgb,class,basic,59,0.5423728813559322,0.5552941176470588,0.5423728813559322,0.64,0.47058823529411764,0.5423728813559322,0.47058823529411764,0.64,0.5423728813559322,16,16,9,18,34,25,25,34,0.5000000000000001,0.5898340548497625,0.4795186931194799,0.52,0.25807925267066395,0.7102319497149038,0,probability_up,22
class__basic__forest,class,basic,59,0.5254237288135594,0.5352941176470588,0.5252873563218391,0.6153846153846154,0.47058823529411764,0.5333333333333333,0.45454545454545453,0.6,0.5172413793103449,16,15,10,18,34,25,26,33,0.5000000000000001,0.5849186791621486,0.47801686020191886,0.528235294117647,0.2566797819146574,0.707385535201351,0,probability_up,22
class__basic__equal_ensemble,class,basic,59,0.4915254237288136,0.5005882352941177,0.4913793103448276,0.5769230769230769,0.4411764705882353,0.5,0.42424242424242425,0.56,0.4827586206896552,15,14,11,19,34,25,26,33,0.5000000000000001,0.5706875499459179,0.4620469923225127,0.49764705882352944,0.26095462993583285,0.716121602233059,0,probability_up,22
class__direction_core__linear,class,direction_core,59,0.4406779661016949,0.46176470588235297,0.4380952380952381,0.5238095238095238,0.3235294117647059,0.4,0.39473684210526316,0.6,0.47619047619047616,11,15,10,23,34,25,21,38,0.5250000000000001,0.5670433364983384,0.4281345838361399,0.4894117647058823,0.27112679150075175,0.7397170054725548,0,probability_up,22
class__direction_core__xgb,class,direction_core,59,0.423728813559322,0.42058823529411765,0.4195601851851852,0.5,0.4411764705882353,0.46875,0.3448275862068966,0.4,0.37037037037037035,15,10,15,19,34,25,30,29,0.5000000000000001,0.5544246267164941,0.43891319484761415,0.4329411764705883,0.2610352834994612,0.7155766202149871,0,probability_up,22
class__direction_core__forest,class,direction_core,59,0.4067796610169492,0.41117647058823525,0.4060972102387115,0.48148148148148145,0.38235294117647056,0.4262295081967213,0.34375,0.44,0.38596491228070173,13,11,14,21,34,25,27,32,0.5000000000000001,0.56594830389141,0.42807840548696263,0.43529411764705883,0.265318788360723,0.7245712282292245,0,probability_up,22
class__direction_core__equal_ensemble,class,direction_core,59,0.4745762711864407,0.501764705882353,0.4690856313497823,0.5789473684210527,0.3235294117647059,0.41509433962264153,0.425,0.68,0.5230769230769231,11,17,8,23,34,25,19,40,0.5250000000000001,0.5550409343741358,0.42766299287133064,0.4505882352941177,0.2639468102785899,0.7220677051868495,0,probability_up,22
class__price_direction__linear,class,price_direction,59,0.4406779661016949,0.43,0.4302019315188762,0.5151515151515151,0.5,0.5074626865671642,0.34615384615384615,0.36,0.35294117647058826,17,9,16,17,34,25,33,26,0.4750000000000001,0.5833873531214743,0.4580392581431798,0.4647058823529412,0.28618570382993197,0.7722827286296483,0,probability_up,22
class__price_direction__xgb,class,price_direction,59,0.4406779661016949,0.46705882352941175,0.43483309143686505,0.5263157894736842,0.29411764705882354,0.37735849056603776,0.4,0.64,0.49230769230769234,10,16,9,24,34,25,19,40,0.5250000000000001,0.5728926173875251,0.4603653682072756,0.4588235294117647,0.2787623173120796,0.753954486372194,0,probability_up,22
class__price_direction__forest,class,price_direction,59,0.4745762711864407,0.5123529411764706,0.4590357882283348,0.6,0.2647058823529412,0.3673469387755102,0.4318181818181818,0.76,0.5507246376811594,9,19,6,25,34,25,15,44,0.5750000000000002,0.5991321999483104,0.46326505636098336,0.4729411764705882,0.2840376626228886,0.7676211268154288,0,probability_up,22
class__price_direction__equal_ensemble,class,price_direction,59,0.5084745762711864,0.5311764705882354,0.5062049062049062,0.6190476190476191,0.38235294117647056,0.4727272727272727,0.4473684210526316,0.68,0.5396825396825397,13,17,8,21,34,25,21,38,0.5250000000000001,0.5946472326756107,0.46123211862293384,0.47411764705882353,0.27979959985062114,0.7562220347465366,0,probability_up,22
class__cot_direction__linear,class,cot_direction,59,0.5084745762711864,0.5047058823529411,0.5033381712626996,0.5806451612903226,0.5294117647058824,0.5538461538461539,0.42857142857142855,0.48,0.4528301886792453,18,12,13,16,34,25,31,28,0.45000000000000007,0.6337285400105535,0.5610469060401627,0.5494117647058823,0.26680783738789665,0.7277398063986108,0,probability_up,22
class__cot_direction__xgb,class,cot_direction,59,0.5084745762711864,0.49411764705882355,0.49393670511682936,0.5714285714285714,0.5882352941176471,0.5797101449275363,0.4166666666666667,0.4,0.40816326530612246,20,10,15,14,34,25,35,24,0.4750000000000001,0.5890726317967135,0.38567355666617764,0.4505882352941176,0.2697911098234657,0.7344895115191609,0,probability_up,22
class__cot_direction__forest,class,cot_direction,59,0.4406779661016949,0.44588235294117645,0.4400345125107852,0.5185185185185185,0.4117647058823529,0.45901639344262296,0.375,0.48,0.42105263157894735,14,12,13,20,34,25,27,32,0.5250000000000001,0.602018292823987,0.38082405832211036,0.44823529411764707,0.2749601030950854,0.746429771235391,0,probability_up,22
class__cot_direction__equal_ensemble,class,cot_direction,59,0.5084745762711864,0.49941176470588233,0.4992683640620427,0.5757575757575758,0.5588235294117647,0.5671641791044776,0.4230769230769231,0.44,0.43137254901960786,19,11,14,15,34,25,33,26,0.45000000000000007,0.618461665340237,0.41793279975642617,0.4941176470588235,0.26517368048114714,0.7252518472222259,0,probability_up,22
class__weather_direction__linear,class,weather_direction,59,0.4915254237288136,0.5270588235294118,0.47941176470588237,0.625,0.29411764705882354,0.4,0.4418604651162791,0.76,0.5588235294117647,10,19,6,24,34,25,16,43,0.5250000000000001,0.5510711454527374,0.3987235492991167,0.44941176470588234,0.31334859869837406,0.8469844763928152,0,probability_up,22
class__weather_direction__xgb,class,weather_direction,59,0.4745762711864407,0.43823529411764706,0.4206525182134938,0.5348837209302325,0.6764705882352942,0.5974025974025974,0.3125,0.2,0.24390243902439024,23,5,20,11,34,25,43,16,0.42500000000000004,0.5400033298653777,0.38232277982505436,0.42705882352941177,0.27281040762577563,0.7409826996163351,0,probability_up,22
class__weather_direction__forest,class,weather_direction,59,0.4915254237288136,0.5005882352941177,0.4913793103448276,0.5769230769230769,0.4411764705882353,0.5,0.42424242424242425,0.56,0.4827586206896552,15,14,11,19,34,25,26,33,0.4750000000000001,0.5491051928063551,0.426374262556508,0.4611764705882353,0.277655107175038,0.7535097797888933,0,probability_up,22
class__weather_direction__equal_ensemble,class,weather_direction,59,0.4576271186440678,0.46058823529411763,0.45622119815668205,0.5357142857142857,0.4411764705882353,0.4838709677419355,0.3870967741935484,0.48,0.42857142857142855,15,12,13,19,34,25,28,31,0.4750000000000001,0.5300295924163384,0.4227863630168725,0.4411764705882353,0.28215823135745227,0.761819977994054,0,probability_up,22
class__engineered_direction__linear,class,engineered_direction,59,0.5084745762711864,0.5258823529411765,0.5079091170549324,0.6086956521739131,0.4117647058823529,0.49122807017543857,0.4444444444444444,0.64,0.5245901639344263,14,16,9,20,34,25,23,36,0.35,0.6519203996841949,0.6060236754143773,0.5929411764705883,0.3304809148039492,0.9059874060835184,0,probability_up,22
class__engineered_direction__xgb,class,engineered_direction,59,0.4576271186440678,0.4182352941176471,0.3948717948717949,0.5227272727272727,0.6764705882352942,0.5897435897435898,0.26666666666666666,0.16,0.2,23,4,21,11,34,25,44,15,0.45000000000000007,0.5000939767476604,0.4416017612314753,0.3917647058823529,0.2677307812310664,0.7290426890984089,0,probability_up,22
class__engineered_direction__forest,class,engineered_direction,59,0.4067796610169492,0.40588235294117647,0.40404040404040403,0.4827586206896552,0.4117647058823529,0.4444444444444444,0.3333333333333333,0.4,0.36363636363636365,14,10,15,20,34,25,29,30,0.4750000000000001,0.5537473024306028,0.42682232975420864,0.41764705882352937,0.27308267110450457,0.7402969140344196,0,probability_up,22
class__engineered_direction__equal_ensemble,class,engineered_direction,59,0.4915254237288136,0.47941176470588237,0.47941176470588237,0.5588235294117647,0.5588235294117647,0.5588235294117647,0.4,0.4,0.4,19,10,15,15,34,25,34,25,0.4,0.5925434101470555,0.488741655852286,0.48705882352941177,0.27700014013251817,0.7495437982405067,0,probability_up,22
reg__basic__linear,reg,basic,59,0.4576271186440678,0.43411764705882355,0.42995169082125606,0.5263157894736842,0.5882352941176471,0.5555555555555556,0.3333333333333333,0.28,0.30434782608695654,20,7,18,14,34,25,38,21,0.5,0.5151143009353378,0.4151248610301771,0.41647058823529404,,,0,uncalibrated_return_rank_score,22
reg__basic__xgb,reg,basic,59,0.5084745762711864,0.4782352941176471,0.46945736434108526,0.5609756097560976,0.6764705882352942,0.6133333333333333,0.3888888888888889,0.28,0.32558139534883723,23,7,18,11,34,25,41,18,0.5,0.5788520871824877,0.4688260360528451,0.48235294117647054,,,0,uncalibrated_return_rank_score,22
reg__basic__forest,reg,basic,59,0.4915254237288136,0.4635294117647059,0.45638820638820643,0.55,0.6470588235294118,0.5945945945945946,0.3684210526315789,0.28,0.3181818181818182,22,7,18,12,34,25,40,19,0.5,0.5825590267363349,0.4676564575797808,0.4776470588235294,,,0,uncalibrated_return_rank_score,22
reg__basic__equal_ensemble,reg,basic,59,0.4576271186440678,0.43411764705882355,0.42995169082125606,0.5263157894736842,0.5882352941176471,0.5555555555555556,0.3333333333333333,0.28,0.30434782608695654,20,7,18,14,34,25,38,21,0.5,0.5611054922367357,0.4576613762733872,0.4552941176470589,,,0,uncalibrated_return_rank_score,22
reg__direction_core__linear,reg,direction_core,59,0.4576271186440678,0.45,0.44988344988344986,0.53125,0.5,0.5151515151515151,0.37037037037037035,0.4,0.38461538461538464,17,10,15,17,34,25,32,27,0.5,0.5361304821661149,0.4640682043013082,0.4541176470588235,,,0,uncalibrated_return_rank_score,22
reg__direction_core__xgb,reg,direction_core,59,0.4576271186440678,0.4182352941176471,0.3948717948717949,0.5227272727272727,0.6764705882352942,0.5897435897435898,0.26666666666666666,0.16,0.2,23,4,21,11,34,25,44,15,0.5,0.550002645294728,0.4714050482415318,0.4494117647058824,,,0,uncalibrated_return_rank_score,22
reg__direction_core__forest,reg,direction_core,59,0.5084745762711864,0.47294117647058825,0.45802977510294585,0.5581395348837209,0.7058823529411765,0.6233766233766234,0.375,0.24,0.2926829268292683,24,6,19,10,34,25,43,16,0.5,0.5328444554890274,0.45249560281358503,0.4376470588235294,,,0,uncalibrated_return_rank_score,22
reg__direction_core__equal_ensemble,reg,direction_core,59,0.4406779661016949,0.41411764705882353,0.4073059360730593,0.5128205128205128,0.5882352941176471,0.547945205479452,0.3,0.24,0.26666666666666666,20,6,19,14,34,25,39,20,0.5,0.5487545494070591,0.45608590974070284,0.44941176470588234,,,0,uncalibrated_return_rank_score,22
reg__price_direction__linear,reg,price_direction,59,0.3898305084745763,0.38058823529411767,0.38111888111888115,0.46875,0.4411764705882353,0.45454545454545453,0.2962962962962963,0.32,0.3076923076923077,15,8,17,19,34,25,32,27,0.5,0.5431360103868627,0.4664459511870761,0.4411764705882353,,,0,uncalibrated_return_rank_score,22
reg__price_direction__xgb,reg,price_direction,59,0.5084745762711864,0.4835294117647059,0.4791476407914764,0.5641025641025641,0.6470588235294118,0.6027397260273972,0.4,0.32,0.35555555555555557,22,8,17,12,34,25,39,20,0.5,0.510188084270724,0.4406412985334144,0.40823529411764703,,,0,uncalibrated_return_rank_score,22
reg__price_direction__forest,reg,price_direction,59,0.3559322033898305,0.3511764705882353,0.35127314814814814,0.43333333333333335,0.38235294117647056,0.40625,0.27586206896551724,0.32,0.2962962962962963,13,8,17,21,34,25,30,29,0.5,0.5208666451791775,0.4191783259875022,0.3941176470588235,,,0,uncalibrated_return_rank_score,22
reg__price_direction__equal_ensemble,reg,price_direction,59,0.3559322033898305,0.34058823529411764,0.34058823529411764,0.4411764705882353,0.4411764705882353,0.4411764705882353,0.24,0.24,0.24,15,6,19,19,34,25,34,25,0.5,0.5206753000457319,0.4316724689071935,0.40823529411764703,,,0,uncalibrated_return_rank_score,22
reg__cot_direction__linear,reg,cot_direction,59,0.4576271186440678,0.4711764705882353,0.4574712643678161,0.5416666666666666,0.38235294117647056,0.4482758620689655,0.4,0.56,0.4666666666666667,13,14,11,21,34,25,24,35,0.5,0.5871168532948607,0.5809088302980818,0.5423529411764706,,,0,uncalibrated_return_rank_score,22
reg__cot_direction__xgb,reg,cot_direction,59,0.5254237288135594,0.49294117647058827,0.48245614035087714,0.5714285714285714,0.7058823529411765,0.631578947368421,0.4117647058823529,0.28,0.3333333333333333,24,7,18,10,34,25,42,17,0.5,0.6176415264056948,0.48002315765143444,0.5117647058823529,,,0,uncalibrated_return_rank_score,22
reg__cot_direction__forest,reg,cot_direction,59,0.4745762711864407,0.45941176470588235,0.4590357882283348,0.5428571428571428,0.5588235294117647,0.5507246376811594,0.375,0.36,0.3673469387755102,19,9,16,15,34,25,35,24,0.5,0.6004382812953074,0.44262068721073283,0.4905882352941176,,,0,uncalibrated_return_rank_score,22
reg__cot_direction__equal_ensemble,reg,cot_direction,59,0.4745762711864407,0.47,0.4690856313497823,0.5483870967741935,0.5,0.5230769230769231,0.39285714285714285,0.44,0.41509433962264153,17,11,14,17,34,25,31,28,0.5,0.6134253052445463,0.498111972978762,0.5317647058823529,,,0,uncalibrated_return_rank_score,22
reg__weather_direction__linear,reg,weather_direction,59,0.423728813559322,0.4152941176470588,0.4155011655011655,0.5,0.47058823529411764,0.48484848484848486,0.3333333333333333,0.36,0.34615384615384615,16,9,16,18,34,25,32,27,0.5,0.5365716841334709,0.47138395388780574,0.4411764705882353,,,0,uncalibrated_return_rank_score,22
reg__weather_direction__xgb,reg,weather_direction,59,0.4745762711864407,0.4541176470588235,0.4519029068025172,0.5405405405405406,0.5882352941176471,0.5633802816901409,0.36363636363636365,0.32,0.3404255319148936,20,8,17,14,34,25,37,22,0.5,0.5538909794540061,0.46017297310255256,0.4541176470588235,,,0,uncalibrated_return_rank_score,22
reg__weather_direction__forest,reg,weather_direction,59,0.4745762711864407,0.4647058823529412,0.46473514779045944,0.5454545454545454,0.5294117647058824,0.5373134328358209,0.38461538461538464,0.4,0.39215686274509803,18,10,15,16,34,25,33,26,0.5,0.5429032496725114,0.4371408829903632,0.4623529411764706,,,0,uncalibrated_return_rank_score,22
reg__weather_direction__equal_ensemble,reg,weather_direction,59,0.4915254237288136,0.47941176470588237,0.47941176470588237,0.5588235294117647,0.5588235294117647,0.5588235294117647,0.4,0.4,0.4,19,10,15,15,34,25,34,25,0.5,0.5307698395488003,0.4673285937114195,0.44705882352941173,,,0,uncalibrated_return_rank_score,22
reg__engineered_direction__linear,reg,engineered_direction,59,0.4745762711864407,0.49117647058823527,0.47397181478285877,0.5652173913043478,0.38235294117647056,0.45614035087719296,0.4166666666666667,0.6,0.4918032786885246,13,15,10,21,34,25,23,36,0.5,0.6093398606040465,0.5654321780864028,0.5282352941176471,,,0,uncalibrated_return_rank_score,22
reg__engineered_direction__xgb,reg,engineered_direction,59,0.5423728813559322,0.5182352941176471,0.5150684931506849,0.5897435897435898,0.6764705882352942,0.6301369863013698,0.45,0.36,0.4,23,9,16,11,34,25,39,20,0.5,0.5531124012204522,0.4721496404329705,0.4729411764705882,,,0,uncalibrated_return_rank_score,22
reg__engineered_direction__forest,reg,engineered_direction,59,0.4576271186440678,0.4447058823529412,0.4447058823529412,0.5294117647058824,0.5294117647058824,0.5294117647058824,0.36,0.36,0.36,18,9,16,16,34,25,34,25,0.5,0.5340134763602934,0.4677960695103857,0.4305882352941176,,,0,uncalibrated_return_rank_score,22
reg__engineered_direction__equal_ensemble,reg,engineered_direction,59,0.4406779661016949,0.44588235294117645,0.4400345125107852,0.5185185185185185,0.4117647058823529,0.45901639344262296,0.375,0.48,0.42105263157894735,14,12,13,20,34,25,27,32,0.5,0.5565366757998949,0.5362282885352876,0.5,,,0,uncalibrated_return_rank_score,22
selected_direction,class,weather_direction,59,0.4576271186440678,0.46058823529411763,0.45622119815668205,0.5357142857142857,0.4411764705882353,0.4838709677419355,0.3870967741935484,0.48,0.42857142857142855,15,12,13,19,34,25,28,31,0.4750000000000001,0.5300295924163384,0.4227863630168725,0.4411764705882353,0.28215823135745227,0.761819977994054,0,probability_up,22
selected_return,reg,basic,59,0.5084745762711864,0.4782352941176471,0.46945736434108526,0.5609756097560976,0.6764705882352942,0.6133333333333333,0.3888888888888889,0.28,0.32558139534883723,23,7,18,11,34,25,41,18,0.5,0.5788520871824877,0.4688260360528451,0.48235294117647054,,,0,uncalibrated_return_rank_score,22
baseline_monthly_return,reg,previous,59,0.4915254237288136,0.4635294117647059,0.45638820638820643,0.55,0.6470588235294118,0.5945945945945946,0.3684210526315789,0.28,0.3181818181818182,22,7,18,12,34,25,40,19,0.5,0.6153003549566417,0.470374506176755,0.4682352941176471,,,0,uncalibrated_return_rank_score,22
baseline_paper_return,reg,previous,59,0.4067796610169492,0.40058823529411763,0.4005805515239478,0.4838709677419355,0.4411764705882353,0.46153846153846156,0.32142857142857145,0.36,0.33962264150943394,15,9,16,19,34,25,31,28,0.5,0.4982474052091142,0.3980255704718157,0.3752941176470588,,,0,uncalibrated_return_rank_score,22
baseline_mean_return,reg,previous,59,0.576271186440678,0.5,0.3655913978494624,0.576271186440678,1.0,0.7311827956989247,0.0,0.0,0.0,34,0,25,0,34,25,59,0,0.5,0.5355077441423248,0.40047743392469776,0.44588235294117645,,,0,uncalibrated_return_rank_score,22
baseline_zero_return,reg,previous,59,0.576271186440678,0.5,0.3655913978494624,0.576271186440678,1.0,0.7311827956989247,0.0,0.0,0.0,34,0,25,0,34,25,59,0,0.5,0.576271186440678,0.423728813559322,0.5,,,0,uncalibrated_return_rank_score,22
baseline_majority,baseline,previous,59,0.423728813559322,0.5,0.2976190476190476,0.0,0.0,0.0,0.423728813559322,1.0,0.5952380952380952,0,25,0,34,34,25,0,59,0.5,0.551016361972988,0.39806260910115543,0.4576470588235294,0.2529919022346896,0.6991340373664665,0,probability_up,22
always_up,baseline,previous,59,0.576271186440678,0.5,0.3655913978494624,0.576271186440678,1.0,0.7311827956989247,0.0,0.0,0.0,34,0,25,0,34,25,59,0,0.5,0.576271186440678,0.423728813559322,0.5,0.423728813559322,15.272734486914048,0,probability_up,22
always_down,baseline,previous,59,0.423728813559322,0.5,0.2976190476190476,0.0,0.0,0.0,0.423728813559322,1.0,0.5952380952380952,0,25,0,34,34,25,0,59,0.5,0.576271186440678,0.423728813559322,0.5,0.576271186440678,20.77091890220311,0,probability_up,22
class__basic__linear,class,basic,59,0.4915254237288136,0.49366359447004604,0.4913793103448276,0.5185185185185185,0.45161290322580644,0.4827586206896552,0.46875,0.5357142857142857,0.5,14,15,13,17,31,28,27,32,0.5000000000000001,0.5170061263362538,0.453354605467563,0.4608294930875576,0.26682772144643846,0.7283624301125615,0,probability_up,23
class__basic__xgb,class,basic,59,0.5254237288135594,0.5311059907834101,0.5219907407407407,0.5652173913043478,0.41935483870967744,0.48148148148148145,0.5,0.6428571428571429,0.5625,13,18,10,18,31,28,23,36,0.5000000000000001,0.6040299930746686,0.5332639881652305,0.5449308755760368,0.2535434410358818,0.7008412904536547,0,probability_up,23
class__basic__forest,class,basic,59,0.5254237288135594,0.5311059907834101,0.5219907407407407,0.5652173913043478,0.41935483870967744,0.48148148148148145,0.5,0.6428571428571429,0.5625,13,18,10,18,31,28,23,36,0.5000000000000001,0.6335894701782576,0.5514340078535755,0.5887096774193548,0.24769997250281325,0.6891331727196516,0,probability_up,23
class__basic__equal_ensemble,class,basic,59,0.5084745762711864,0.5149769585253456,0.5033381712626996,0.5454545454545454,0.3870967741935484,0.4528301886792453,0.4864864864864865,0.6428571428571429,0.5538461538461539,12,18,10,19,31,28,22,37,0.5000000000000001,0.5686355548772248,0.5121084888175532,0.5380184331797235,0.25480800189328806,0.7034162469350406,0,probability_up,23
class__direction_core__linear,class,direction_core,59,0.4406779661016949,0.44873271889400923,0.4302019315188762,0.45,0.2903225806451613,0.35294117647058826,0.4358974358974359,0.6071428571428571,0.5074626865671642,9,17,11,22,31,28,20,39,0.5250000000000001,0.49065778913173363,0.45781674985886595,0.4308755760368663,0.2828539182239146,0.7644795229645,0,probability_up,23
class__direction_core__xgb,class,direction_core,59,0.4745762711864407,0.47580645161290325,0.4745762711864407,0.5,0.45161290322580644,0.4745762711864407,0.45161290322580644,0.5,0.4745762711864407,14,14,14,17,31,28,28,31,0.5000000000000001,0.5147862809474798,0.46606718871724706,0.45276497695852536,0.261455658600632,0.716561019210292,0,probability_up,23
class__direction_core__forest,class,direction_core,59,0.4915254237288136,0.49366359447004604,0.4913793103448276,0.5185185185185185,0.45161290322580644,0.4827586206896552,0.46875,0.5357142857142857,0.5,14,15,13,17,31,28,27,32,0.5000000000000001,0.5599703552357367,0.4540284375258158,0.467741935483871,0.26458803073735265,0.723370171148788,0,probability_up,23
class__direction_core__equal_ensemble,class,direction_core,59,0.4576271186440678,0.46486175115207373,0.44988344988344986,0.47619047619047616,0.3225806451612903,0.38461538461538464,0.4473684210526316,0.6071428571428571,0.5151515151515151,10,17,11,21,31,28,21,38,0.5250000000000001,0.5218887777060648,0.45014044637056,0.44354838709677424,0.26770935759913506,0.7297718593659231,0,probability_up,23
class__price_direction__linear,class,price_direction,59,0.4067796610169492,0.4043778801843318,0.40404040404040403,0.4375,0.45161290322580644,0.4444444444444444,0.37037037037037035,0.35714285714285715,0.36363636363636365,14,10,18,17,31,28,32,27,0.4750000000000001,0.4686637126751913,0.4650516969239253,0.41935483870967744,0.30145799647431487,0.8069997996721869,0,probability_up,23
class__price_direction__xgb,class,price_direction,59,0.5084745762711864,0.5184331797235023,0.49393670511682936,0.5555555555555556,0.3225806451612903,0.40816326530612246,0.4878048780487805,0.7142857142857143,0.5797101449275363,10,20,8,21,31,28,18,41,0.5250000000000001,0.5597626852192246,0.5185178879288403,0.5138248847926268,0.26597960666440074,0.7273507006189346,0,probability_up,23
class__price_direction__forest,class,price_direction,59,0.559322033898305,0.5737327188940092,0.5288697788697789,0.6923076923076923,0.2903225806451613,0.4090909090909091,0.5217391304347826,0.8571428571428571,0.6486486486486487,9,24,4,22,31,28,13,46,0.5750000000000002,0.6288280292865356,0.5024495677355808,0.5334101382488479,0.266583823510702,0.7324534309215532,0,probability_up,23
class__price_direction__equal_ensemble,class,price_direction,59,0.4745762711864407,0.48271889400921664,0.46473514779045944,0.5,0.3225806451612903,0.39215686274509803,0.46153846153846156,0.6428571428571429,0.5373134328358209,10,18,10,21,31,28,20,39,0.5250000000000001,0.5380511496160487,0.5032330056877906,0.4804147465437788,0.2741433924934808,0.7448756797347025,0,probability_up,23
class__cot_direction__linear,class,cot_direction,59,0.5084745762711864,0.5132488479262672,0.5062049062049062,0.5416666666666666,0.41935483870967744,0.4727272727272727,0.4857142857142857,0.6071428571428571,0.5396825396825397,13,17,11,18,31,28,24,35,0.45000000000000007,0.6207727530672914,0.5790071998875985,0.5449308755760369,0.2639724665473106,0.7202019769114015,0,probability_up,23
class__cot_direction__xgb,class,cot_direction,59,0.4915254237288136,0.48847926267281105,0.4878472222222222,0.5151515151515151,0.5483870967741935,0.53125,0.46153846153846156,0.42857142857142855,0.4444444444444444,17,12,16,14,31,28,33,26,0.4750000000000001,0.5760324205046349,0.4467373883164424,0.4781105990783411,0.26613968516397996,0.7271274851985142,0,probability_up,23
class__cot_direction__forest,class,cot_direction,59,0.4576271186440678,0.45967741935483875,0.4574712643678161,0.48148148148148145,0.41935483870967744,0.4482758620689655,0.4375,0.5,0.4666666666666667,13,14,14,18,31,28,27,32,0.5250000000000001,0.5683782753472605,0.42417057231651867,0.4504608294930876,0.28018649782060384,0.7594038121068055,0,probability_up,23
class__cot_direction__equal_ensemble,class,cot_direction,59,0.4915254237288136,0.4902073732718894,0.4902073732718894,0.5161290322580645,0.5161290322580645,0.5161290322580645,0.4642857142857143,0.4642857142857143,0.4642857142857143,16,13,15,15,31,28,31,28,0.45000000000000007,0.5882957625095546,0.4569476142179417,0.4838709677419355,0.2651548727574105,0.7252129783224012,0,probability_up,23
class__weather_direction__linear,class,weather_direction,59,0.5423728813559322,0.5506912442396313,0.533801580333626,0.6,0.3870967741935484,0.47058823529411764,0.5128205128205128,0.7142857142857143,0.5970149253731343,12,20,8,19,31,28,20,39,0.5250000000000001,0.5610986690245475,0.465243312336519,0.5034562211981566,0.2904485530451017,0.7979029991915525,0,probability_up,23
class__weather_direction__xgb,class,weather_direction,59,0.4915254237288136,0.48156682027649766,0.46557971014492755,0.5121951219512195,0.6774193548387096,0.5833333333333334,0.4444444444444444,0.2857142857142857,0.34782608695652173,21,8,20,10,31,28,41,18,0.42500000000000004,0.6092370872891244,0.5582566419865158,0.5529953917050691,0.2507195903011892,0.694484339374786,0,probability_up,23
class__weather_direction__forest,class,weather_direction,59,0.5084745762711864,0.511520737327189,0.5079091170549324,0.5384615384615384,0.45161290322580644,0.49122807017543857,0.48484848484848486,0.5714285714285714,0.5245901639344263,14,16,12,17,31,28,26,33,0.4750000000000001,0.5956992444393521,0.528592967365248,0.5380184331797235,0.2570179890979136,0.7089940612400918,0,probability_up,23
class__weather_direction__equal_ensemble,class,weather_direction,59,0.4915254237288136,0.49539170506912444,0.4902073732718894,0.52,0.41935483870967744,0.4642857142857143,0.47058823529411764,0.5714285714285714,0.5161290322580645,13,16,12,18,31,28,25,34,0.4750000000000001,0.5677106486286913,0.49866086367038737,0.5288018433179724,0.2599179499290691,0.7151005954568745,0,probability_up,23
class__engineered_direction__linear,class,engineered_direction,59,0.5084745762711864,0.5132488479262672,0.5062049062049062,0.5416666666666666,0.41935483870967744,0.4727272727272727,0.4857142857142857,0.6071428571428571,0.5396825396825397,13,17,11,18,31,28,24,35,0.35,0.5812162572205835,0.600273157515424,0.5472350230414746,0.3289472733645404,0.9182968503869742,0,probability_up,23
class__engineered_direction__xgb,class,engineered_direction,59,0.4915254237288136,0.48156682027649766,0.46557971014492755,0.5121951219512195,0.6774193548387096,0.5833333333333334,0.4444444444444444,0.2857142857142857,0.34782608695652173,21,8,20,10,31,28,41,18,0.45000000000000007,0.5258096831284611,0.4989328496658216,0.48156682027649766,0.25806268198993476,0.7097590416076219,0,probability_up,23
class__engineered_direction__forest,class,engineered_direction,59,0.4576271186440678,0.45794930875576034,0.4574712643678161,0.4827586206896552,0.45161290322580644,0.4666666666666667,0.43333333333333335,0.4642857142857143,0.4482758620689655,14,13,15,17,31,28,29,30,0.4750000000000001,0.5818863603796128,0.5138707656393366,0.5149769585253456,0.25789136854284755,0.7096300606134174,0,probability_up,23
class__engineered_direction__equal_ensemble,class,engineered_direction,59,0.5254237288135594,0.5241935483870968,0.5241935483870968,0.5483870967741935,0.5483870967741935,0.5483870967741935,0.5,0.5,0.5,17,14,14,14,31,28,31,28,0.4,0.5754521119829368,0.5516871158616774,0.5207373271889402,0.26701418245089414,0.7290750494868699,0,probability_up,23
reg__basic__linear,reg,basic,59,0.4915254237288136,0.48675115207373276,0.48426573426573427,0.5142857142857142,0.5806451612903226,0.5454545454545454,0.4583333333333333,0.39285714285714285,0.4230769230769231,18,11,17,13,31,28,35,24,0.5,0.5270495164362432,0.500620501851849,0.49884792626728114,,,0,uncalibrated_return_rank_score,23
reg__basic__xgb,reg,basic,59,0.576271186440678,0.570852534562212,0.5683347966052092,0.5833333333333334,0.6774193548387096,0.6268656716417911,0.5652173913043478,0.4642857142857143,0.5098039215686274,21,13,15,10,31,28,36,23,0.5,0.6076956894435375,0.5605851417462143,0.5599078341013825,,,0,uncalibrated_return_rank_score,23
reg__basic__forest,reg,basic,59,0.5084745762711864,0.506336405529954,0.5062049062049062,0.53125,0.5483870967741935,0.5396825396825397,0.48148148148148145,0.4642857142857143,0.4727272727272727,17,13,15,14,31,28,32,27,0.5,0.6296486607619793,0.6011032458648704,0.5748847926267281,,,0,uncalibrated_return_rank_score,23
reg__basic__equal_ensemble,reg,basic,59,0.5254237288135594,0.5207373271889401,0.5186480186480187,0.5428571428571428,0.6129032258064516,0.5757575757575758,0.5,0.42857142857142855,0.46153846153846156,19,12,16,12,31,28,35,24,0.5,0.613097516582033,0.5606576710075104,0.5426267281105991,,,0,uncalibrated_return_rank_score,23
reg__direction_core__linear,reg,direction_core,59,0.4067796610169492,0.40264976958525345,0.4005805515239478,0.4411764705882353,0.4838709677419355,0.46153846153846156,0.36,0.32142857142857145,0.33962264150943394,15,9,19,16,31,28,34,25,0.5,0.4904341701293306,0.4754049107681055,0.4423963133640554,,,0,uncalibrated_return_rank_score,23
reg__direction_core__xgb,reg,direction_core,59,0.4745762711864407,0.4637096774193548,0.44322678843226787,0.5,0.6774193548387096,0.5753424657534246,0.4117647058823529,0.25,0.3111111111111111,21,7,21,10,31,28,42,17,0.5,0.5589906939723399,0.5281446410708375,0.5034562211981567,,,0,uncalibrated_return_rank_score,23
reg__direction_core__forest,reg,direction_core,59,0.4745762711864407,0.4637096774193548,0.44322678843226787,0.5,0.6774193548387096,0.5753424657534246,0.4117647058823529,0.25,0.3111111111111111,21,7,21,10,31,28,42,17,0.5,0.5849786759054906,0.5331751359424959,0.5057603686635945,,,0,uncalibrated_return_rank_score,23
reg__direction_core__equal_ensemble,reg,direction_core,59,0.4576271186440678,0.44930875576036866,0.4380952380952381,0.48717948717948717,0.6129032258064516,0.5428571428571428,0.4,0.2857142857142857,0.3333333333333333,19,8,20,12,31,28,39,20,0.5,0.5440782286439357,0.5162467628931359,0.478110599078341,,,0,uncalibrated_return_rank_score,23
reg__price_direction__linear,reg,price_direction,59,0.4067796610169492,0.4043778801843318,0.40404040404040403,0.4375,0.45161290322580644,0.4444444444444444,0.37037037037037035,0.35714285714285715,0.36363636363636365,14,10,18,17,31,28,32,27,0.5,0.49127065238848056,0.45952751630523453,0.43548387096774194,,,0,uncalibrated_return_rank_score,23
reg__price_direction__xgb,reg,price_direction,59,0.4745762711864407,0.46716589861751157,0.4590357882283348,0.5,0.6129032258064516,0.5507246376811594,0.42857142857142855,0.32142857142857145,0.3673469387755102,19,9,19,12,31,28,38,21,0.5,0.5687848256597177,0.5198365000714064,0.5230414746543779,,,0,uncalibrated_return_rank_score,23
reg__price_direction__forest,reg,price_direction,59,0.4576271186440678,0.45622119815668205,0.45622119815668205,0.4838709677419355,0.4838709677419355,0.4838709677419355,0.42857142857142855,0.42857142857142855,0.42857142857142855,15,12,16,16,31,28,31,28,0.5,0.5746115277297328,0.48463497136012706,0.47811059907834097,,,0,uncalibrated_return_rank_score,23
reg__price_direction__equal_ensemble,reg,price_direction,59,0.4406779661016949,0.43663594470046085,0.43483309143686505,0.47058823529411764,0.5161290322580645,0.49230769230769234,0.4,0.35714285714285715,0.37735849056603776,16,10,18,15,31,28,34,25,0.5,0.5296110558319015,0.49954850861292505,0.47926267281105994,,,0,uncalibrated_return_rank_score,23
reg__cot_direction__linear,reg,cot_direction,59,0.4406779661016949,0.44527649769585254,0.4380952380952381,0.4583333333333333,0.3548387096774194,0.4,0.42857142857142855,0.5357142857142857,0.47619047619047616,11,15,13,20,31,28,24,35,0.5,0.568723949947,0.5606405162216014,0.5092165898617511,,,0,uncalibrated_return_rank_score,23
reg__cot_direction__xgb,reg,cot_direction,59,0.4915254237288136,0.48156682027649766,0.46557971014492755,0.5121951219512195,0.6774193548387096,0.5833333333333334,0.4444444444444444,0.2857142857142857,0.34782608695652173,21,8,20,10,31,28,41,18,0.5,0.5808467582017908,0.5101532372056183,0.5092165898617511,,,0,uncalibrated_return_rank_score,23
reg__cot_direction__forest,reg,cot_direction,59,0.4745762711864407,0.47235023041474655,0.4721500721500721,0.5,0.5161290322580645,0.5079365079365079,0.4444444444444444,0.42857142857142855,0.43636363636363634,16,12,16,15,31,28,32,27,0.5,0.6116814146041349,0.5021177335868314,0.5126728110599078,,,0,uncalibrated_return_rank_score,23
reg__cot_direction__equal_ensemble,reg,cot_direction,59,0.4576271186440678,0.45967741935483875,0.4574712643678161,0.48148148148148145,0.41935483870967744,0.4482758620689655,0.4375,0.5,0.4666666666666667,13,14,14,18,31,28,27,32,0.5,0.5811822283446584,0.542648588297762,0.5161290322580644,,,0,uncalibrated_return_rank_score,23
reg__weather_direction__linear,reg,weather_direction,59,0.5084745762711864,0.5046082949308756,0.5033381712626996,0.5294117647058824,0.5806451612903226,0.5538461538461539,0.48,0.42857142857142855,0.4528301886792453,18,12,16,13,31,28,34,25,0.5,0.5549979742201359,0.5312445525385977,0.521889400921659,,,0,uncalibrated_return_rank_score,23
reg__weather_direction__xgb,reg,weather_direction,59,0.5423728813559322,0.5351382488479263,0.5288376220053239,0.5526315789473685,0.6774193548387096,0.6086956521739131,0.5238095238095238,0.39285714285714285,0.4489795918367347,21,11,17,10,31,28,38,21,0.5,0.6107172451604869,0.5520660167116519,0.564516129032258,,,0,uncalibrated_return_rank_score,23
reg__weather_direction__forest,reg,weather_direction,59,0.4915254237288136,0.48675115207373276,0.48426573426573427,0.5142857142857142,0.5806451612903226,0.5454545454545454,0.4583333333333333,0.39285714285714285,0.4230769230769231,18,11,17,13,31,28,35,24,0.5,0.6324906643361039,0.5522254630218485,0.5587557603686636,,,0,uncalibrated_return_rank_score,23
reg__weather_direction__equal_ensemble,reg,weather_direction,59,0.5084745762711864,0.506336405529954,0.5062049062049062,0.53125,0.5483870967741935,0.5396825396825397,0.48148148148148145,0.4642857142857143,0.4727272727272727,17,13,15,14,31,28,32,27,0.5,0.5840218372513261,0.5594165167373891,0.5552995391705069,,,0,uncalibrated_return_rank_score,23
reg__engineered_direction__linear,reg,engineered_direction,59,0.4576271186440678,0.46486175115207373,0.44988344988344986,0.47619047619047616,0.3225806451612903,0.38461538461538464,0.4473684210526316,0.6071428571428571,0.5151515151515151,10,17,11,21,31,28,21,38,0.5,0.5526354186776454,0.5517993390233882,0.5,,,0,uncalibrated_return_rank_score,23
reg__engineered_direction__xgb,reg,engineered_direction,59,0.559322033898305,0.5512672811059908,0.5434523809523809,0.5641025641025641,0.7096774193548387,0.6285714285714286,0.55,0.39285714285714285,0.4583333333333333,22,11,17,9,31,28,39,20,0.5,0.590542769555131,0.5677944840512907,0.565668202764977,,,0,uncalibrated_return_rank_score,23
reg__engineered_direction__forest,reg,engineered_direction,59,0.5084745762711864,0.5028801843317973,0.4992683640620427,0.5277777777777778,0.6129032258064516,0.5671641791044776,0.4782608695652174,0.39285714285714285,0.43137254901960786,19,11,17,12,31,28,36,23,0.5,0.5771779316620411,0.5510627869552613,0.5172811059907834,,,0,uncalibrated_return_rank_score,23
reg__engineered_direction__equal_ensemble,reg,engineered_direction,59,0.4915254237288136,0.49366359447004604,0.4913793103448276,0.5185185185185185,0.45161290322580644,0.4827586206896552,0.46875,0.5357142857142857,0.5,14,15,13,17,31,28,27,32,0.5,0.5640380082830045,0.5436685134810353,0.5264976958525346,,,0,uncalibrated_return_rank_score,23
selected_direction,class,weather_direction,59,0.4915254237288136,0.49539170506912444,0.4902073732718894,0.52,0.41935483870967744,0.4642857142857143,0.47058823529411764,0.5714285714285714,0.5161290322580645,13,16,12,18,31,28,25,34,0.4750000000000001,0.5677106486286913,0.49866086367038737,0.5288018433179724,0.2599179499290691,0.7151005954568745,0,probability_up,23
selected_return,reg,basic,59,0.576271186440678,0.570852534562212,0.5683347966052092,0.5833333333333334,0.6774193548387096,0.6268656716417911,0.5652173913043478,0.4642857142857143,0.5098039215686274,21,13,15,10,31,28,36,23,0.5,0.6076956894435375,0.5605851417462143,0.5599078341013825,,,0,uncalibrated_return_rank_score,23
baseline_monthly_return,reg,previous,59,0.5254237288135594,0.5172811059907834,0.5083333333333333,0.5384615384615384,0.6774193548387096,0.6,0.5,0.35714285714285715,0.4166666666666667,21,10,18,10,31,28,39,20,0.5,0.6627606949587057,0.5875424855664215,0.5887096774193549,,,0,uncalibrated_return_rank_score,23
baseline_paper_return,reg,previous,59,0.5084745762711864,0.5080645161290323,0.5079091170549324,0.5333333333333333,0.5161290322580645,0.5245901639344263,0.4827586206896552,0.5,0.49122807017543857,16,14,14,15,31,28,30,29,0.5,0.547802815290668,0.5259839538298002,0.5195852534562213,,,0,uncalibrated_return_rank_score,23
baseline_mean_return,reg,previous,59,0.5254237288135594,0.5,0.34444444444444444,0.5254237288135594,1.0,0.6888888888888889,0.0,0.0,0.0,31,0,28,0,31,28,59,0,0.5,0.4908696000882817,0.45778848033067215,0.4660138248847926,,,0,uncalibrated_return_rank_score,23
baseline_zero_return,reg,previous,59,0.5254237288135594,0.5,0.34444444444444444,0.5254237288135594,1.0,0.6888888888888889,0.0,0.0,0.0,31,0,28,0,31,28,59,0,0.5,0.5254237288135594,0.4745762711864407,0.5,,,0,uncalibrated_return_rank_score,23
baseline_majority,baseline,previous,59,0.4745762711864407,0.5,0.3218390804597701,0.0,0.0,0.0,0.4745762711864407,1.0,0.6436781609195402,0,28,0,31,31,28,0,59,0.5,0.4972790359074946,0.4563079739528304,0.472926267281106,0.25126048510010074,0.695669554134682,0,probability_up,23
always_up,baseline,previous,59,0.5254237288135594,0.5,0.34444444444444444,0.5254237288135594,1.0,0.6888888888888889,0.0,0.0,0.0,31,0,28,0,31,28,59,0,0.5,0.5254237288135594,0.4745762711864407,0.5,0.4745762711864407,17.105462625343733,0,probability_up,23
always_down,baseline,previous,59,0.4745762711864407,0.5,0.3218390804597701,0.0,0.0,0.0,0.4745762711864407,1.0,0.6436781609195402,0,28,0,31,31,28,0,59,0.5,0.5254237288135594,0.4745762711864407,0.5,0.5254237288135594,18.93819076377342,0,probability_up,23
class__basic__linear,class,basic,59,0.559322033898305,0.5677083333333333,0.5581797235023042,0.625,0.46875,0.5357142857142857,0.5142857142857142,0.6666666666666666,0.5806451612903226,15,18,9,17,32,27,24,35,0.5000000000000001,0.5685940939094143,0.4406352624135595,0.4965277777777778,0.26281624457643016,0.72075166218674,0,probability_up,24
class__basic__xgb,class,basic,59,0.5254237288135594,0.5364583333333333,0.5219907407407407,0.5909090909090909,0.40625,0.48148148148148145,0.4864864864864865,0.6666666666666666,0.5625,13,18,9,19,32,27,22,37,0.5000000000000001,0.5509468360796687,0.49261261732056844,0.49768518518518523,0.26071831645262383,0.7156273743835533,0,probability_up,24
class__basic__forest,class,basic,59,0.4915254237288136,0.4994212962962963,0.4902073732718894,0.5416666666666666,0.40625,0.4642857142857143,0.45714285714285713,0.5925925925925926,0.5161290322580645,13,16,11,19,32,27,24,35,0.5000000000000001,0.6144938437894579,0.5082857459250274,0.5520833333333333,0.2529497057155764,0.6995020525856466,0,probability_up,24
class__basic__equal_ensemble,class,basic,59,0.5084745762711864,0.5179398148148149,0.5062049062049062,0.5652173913043478,0.40625,0.4727272727272727,0.4722222222222222,0.6296296296296297,0.5396825396825397,13,17,10,19,32,27,23,36,0.5000000000000001,0.5743479327208508,0.480795990586401,0.5196759259259259,0.2576854749406243,0.7093893963571762,0,probability_up,24
class__direction_core__linear,class,direction_core,59,0.4745762711864407,0.4866898148148148,0.4690856313497823,0.5238095238095238,0.34375,0.41509433962264153,0.4473684210526316,0.6296296296296297,0.5230769230769231,11,17,10,21,32,27,21,38,0.5250000000000001,0.5889744738671214,0.5227443451464419,0.5231481481481481,0.2664418348063534,0.7283541403929134,0,probability_up,24
class__direction_core__xgb,class,direction_core,59,0.4576271186440678,0.4594907407407407,0.4574712643678161,0.5,0.4375,0.4666666666666667,0.41935483870967744,0.48148148148148145,0.4482758620689655,14,13,14,18,32,27,28,31,0.5000000000000001,0.566603177636296,0.4705725726240184,0.4652777777777778,0.2613161820645064,0.7160708438554834,0,probability_up,24
class__direction_core__forest,class,direction_core,59,0.4745762711864407,0.47800925925925924,0.4745762711864407,0.5185185185185185,0.4375,0.4745762711864407,0.4375,0.5185185185185185,0.4745762711864407,14,14,13,18,32,27,27,32,0.5000000000000001,0.5771322276315086,0.44518170157438963,0.45601851851851855,0.26427738318055505,0.7224122313435648,0,probability_up,24
class__direction_core__equal_ensemble,class,direction_core,59,0.4576271186440678,0.4681712962962963,0.4537037037037037,0.5,0.34375,0.4074074074074074,0.43243243243243246,0.5925925925925926,0.5,11,16,11,21,32,27,22,37,0.5250000000000001,0.5910173984538953,0.47932556166742957,0.48379629629629634,0.26222036465246584,0.7180803698712949,0,probability_up,24
class__price_direction__linear,class,price_direction,59,0.4745762711864407,0.4751157407407407,0.47397181478285877,0.5172413793103449,0.46875,0.4918032786885246,0.43333333333333335,0.48148148148148145,0.45614035087719296,15,13,14,17,32,27,29,30,0.4750000000000001,0.48688174625740965,0.4318408721679451,0.4224537037037037,0.297257148498266,0.7974244420971176,0,probability_up,24
class__price_direction__xgb,class,price_direction,59,0.4745762711864407,0.4895833333333333,0.46473514779045944,0.5263157894736842,0.3125,0.39215686274509803,0.45,0.6666666666666666,0.5373134328358209,10,18,9,22,32,27,19,40,0.5250000000000001,0.5745511446644674,0.49269112266094933,0.5092592592592593,0.26750307156173636,0.7310518104624681,0,probability_up,24
class__price_direction__forest,class,price_direction,59,0.5254237288135594,0.5509259259259259,0.4926289926289926,0.6666666666666666,0.25,0.36363636363636365,0.48936170212765956,0.8518518518518519,0.6216216216216216,8,23,4,24,32,27,12,47,0.5750000000000002,0.6270150690524248,0.5113180719123276,0.537037037037037,0.26418381860949197,0.7270663456804444,0,probability_up,24
class__price_direction__equal_ensemble,class,price_direction,59,0.4745762711864407,0.4866898148148148,0.4690856313497823,0.5238095238095238,0.34375,0.41509433962264153,0.4473684210526316,0.6296296296296297,0.5230769230769231,11,17,10,21,32,27,21,38,0.5250000000000001,0.5554131700679533,0.4663373870632703,0.4837962962962963,0.2728858320343692,0.7427935041603623,0,probability_up,24
class__cot_direction__linear,class,cot_direction,59,0.5254237288135594,0.5306712962962963,0.5252873563218391,0.5769230769230769,0.46875,0.5172413793103449,0.48484848484848486,0.5925925925925926,0.5333333333333333,15,16,11,17,32,27,26,33,0.45000000000000007,0.6377557616013345,0.570983217727147,0.5810185185185185,0.2582435371454776,0.710346640060168,0,probability_up,24
class__cot_direction__xgb,class,cot_direction,59,0.4576271186440678,0.4565972222222222,0.45622119815668205,0.5,0.46875,0.4838709677419355,0.41379310344827586,0.4444444444444444,0.42857142857142855,15,12,15,17,32,27,30,29,0.4750000000000001,0.5869710670268468,0.4665747104711242,0.5,0.2624086775567107,0.7190565341193951,0,probability_up,24
class__cot_direction__forest,class,cot_direction,59,0.5254237288135594,0.5306712962962963,0.5252873563218391,0.5769230769230769,0.46875,0.5172413793103449,0.48484848484848486,0.5925925925925926,0.5333333333333333,15,16,11,17,32,27,26,33,0.5250000000000001,0.5852458545466964,0.44006767337633684,0.48726851851851855,0.27189019332493397,0.7414757375887252,0,probability_up,24
class__cot_direction__equal_ensemble,class,cot_direction,59,0.5084745762711864,0.5034722222222222,0.5033381712626996,0.5454545454545454,0.5625,0.5538461538461539,0.46153846153846156,0.4444444444444444,0.4528301886792453,18,12,15,14,32,27,33,26,0.45000000000000007,0.622258239395659,0.4891802556220177,0.5300925925925927,0.25993710318340124,0.7145812025097432,0,probability_up,24
class__weather_direction__linear,class,weather_direction,59,0.5254237288135594,0.5364583333333333,0.5219907407407407,0.5909090909090909,0.40625,0.48148148148148145,0.4864864864864865,0.6666666666666666,0.5625,13,18,9,19,32,27,22,37,0.5250000000000001,0.6065822645085965,0.47495675177175667,0.5254629629629629,0.2834124054365878,0.7808565633733017,0,probability_up,24
class__weather_direction__xgb,class,weather_direction,59,0.5423728813559322,0.5260416666666666,0.5150684931506849,0.5609756097560976,0.71875,0.6301369863013698,0.5,0.3333333333333333,0.4,23,9,18,9,32,27,41,18,0.42500000000000004,0.5893416143094588,0.5351284253771909,0.5289351851851852,0.2554081206712652,0.7043471568574464,0,probability_up,24
class__weather_direction__forest,class,weather_direction,59,0.4745762711864407,0.4751157407407407,0.47397181478285877,0.5172413793103449,0.46875,0.4918032786885246,0.43333333333333335,0.48148148148148145,0.45614035087719296,15,13,14,17,32,27,29,30,0.4750000000000001,0.6438153260469264,0.5230704775613297,0.5405092592592593,0.2585750916177359,0.7103821643634575,0,probability_up,24
class__weather_direction__equal_ensemble,class,weather_direction,59,0.4576271186440678,0.46238425925925924,0.4574712643678161,0.5,0.40625,0.4482758620689655,0.42424242424242425,0.5185185185185185,0.4666666666666667,13,14,13,19,32,27,26,33,0.4750000000000001,0.611050099681681,0.5006840640908894,0.5439814814814815,0.2588082541979793,0.7120339796631909,0,probability_up,24
class__engineered_direction__linear,class,engineered_direction,59,0.4576271186440678,0.4652777777777778,0.45622119815668205,0.5,0.375,0.42857142857142855,0.42857142857142855,0.5555555555555556,0.4838709677419355,12,15,12,20,32,27,24,35,0.35,0.5953239721309193,0.6169881846196106,0.5509259259259259,0.34960336590769314,0.9533334810511876,0,probability_up,24
class__engineered_direction__xgb,class,engineered_direction,59,0.5254237288135594,0.5075231481481481,0.4926289926289926,0.5476190476190477,0.71875,0.6216216216216216,0.47058823529411764,0.2962962962962963,0.36363636363636365,23,8,19,9,32,27,42,17,0.45000000000000007,0.5918926937244524,0.5308353648124583,0.5393518518518519,0.2505304019488381,0.6943697927356874,0,probability_up,24
class__engineered_direction__forest,class,engineered_direction,59,0.5423728813559322,0.5405092592592593,0.5402597402597402,0.5806451612903226,0.5625,0.5714285714285714,0.5,0.5185185185185185,0.509090909090909,18,14,13,14,32,27,31,28,0.4750000000000001,0.6072273442772316,0.5309473844377856,0.5520833333333334,0.25238670773750604,0.6984237421361568,0,probability_up,24
class__engineered_direction__equal_ensemble,class,engineered_direction,59,0.5423728813559322,0.5405092592592593,0.5402597402597402,0.5806451612903226,0.5625,0.5714285714285714,0.5,0.5185185185185185,0.509090909090909,18,14,13,14,32,27,31,28,0.4,0.5892208578733349,0.5722308570261674,0.5381944444444444,0.26827657581120423,0.7309480553681496,0,probability_up,24
reg__basic__linear,reg,basic,59,0.559322033898305,0.5561342592592593,0.5561342592592593,0.59375,0.59375,0.59375,0.5185185185185185,0.5185185185185185,0.5185185185185185,19,14,13,13,32,27,32,27,0.5,0.5887592784574035,0.47887405808802175,0.5393518518518519,,,0,uncalibrated_return_rank_score,24
reg__basic__xgb,reg,basic,59,0.559322033898305,0.5503472222222222,0.5488235294117647,0.5833333333333334,0.65625,0.6176470588235294,0.5217391304347826,0.4444444444444444,0.48,21,12,15,11,32,27,36,23,0.5,0.6426863980017405,0.5372125539014212,0.5578703703703703,,,0,uncalibrated_return_rank_score,24
reg__basic__forest,reg,basic,59,0.5254237288135594,0.5190972222222222,0.5186480186480187,0.5588235294117647,0.59375,0.5757575757575758,0.48,0.4444444444444444,0.46153846153846156,19,12,15,13,32,27,34,25,0.5,0.6961993170681338,0.5926303491303262,0.6030092592592592,,,0,uncalibrated_return_rank_score,24
reg__basic__equal_ensemble,reg,basic,59,0.559322033898305,0.5503472222222222,0.5488235294117647,0.5833333333333334,0.65625,0.6176470588235294,0.5217391304347826,0.4444444444444444,0.48,21,12,15,11,32,27,36,23,0.5,0.6515505742695207,0.5496047334771303,0.5775462962962963,,,0,uncalibrated_return_rank_score,24
reg__direction_core__linear,reg,direction_core,59,0.4745762711864407,0.4751157407407407,0.47397181478285877,0.5172413793103449,0.46875,0.4918032786885246,0.43333333333333335,0.48148148148148145,0.45614035087719296,15,13,14,17,32,27,29,30,0.5,0.5761550324403688,0.5029183694809212,0.5092592592592592,,,0,uncalibrated_return_rank_score,24
reg__direction_core__xgb,reg,direction_core,59,0.4915254237288136,0.47916666666666663,0.4732142857142857,0.5263157894736842,0.625,0.5714285714285714,0.42857142857142855,0.3333333333333333,0.375,20,9,18,12,32,27,38,21,0.5,0.6181363049488047,0.49718008262126995,0.5092592592592593,,,0,uncalibrated_return_rank_score,24
reg__direction_core__forest,reg,direction_core,59,0.4576271186440678,0.44212962962962965,0.42995169082125606,0.5,0.625,0.5555555555555556,0.3684210526315789,0.25925925925925924,0.30434782608695654,20,7,20,12,32,27,40,19,0.5,0.6593979213192598,0.5187305928836057,0.5381944444444445,,,0,uncalibrated_return_rank_score,24
reg__direction_core__equal_ensemble,reg,direction_core,59,0.4576271186440678,0.44791666666666663,0.4447058823529412,0.5,0.5625,0.5294117647058824,0.391304347826087,0.3333333333333333,0.36,18,9,18,14,32,27,36,23,0.5,0.6200300205476705,0.5059591751447867,0.5127314814814815,,,0,uncalibrated_return_rank_score,24
reg__price_direction__linear,reg,price_direction,59,0.423728813559322,0.4195601851851852,0.4195601851851852,0.46875,0.46875,0.46875,0.37037037037037035,0.37037037037037035,0.37037037037037035,15,10,17,17,32,27,32,27,0.5,0.5115122573403833,0.4431080483070726,0.4409722222222222,,,0,uncalibrated_return_rank_score,24
reg__price_direction__xgb,reg,price_direction,59,0.4915254237288136,0.47627314814814814,0.46557971014492755,0.525,0.65625,0.5833333333333334,0.42105263157894735,0.2962962962962963,0.34782608695652173,21,8,19,11,32,27,40,19,0.5,0.5779299834563792,0.48425141547976613,0.5046296296296297,,,0,uncalibrated_return_rank_score,24
reg__price_direction__forest,reg,price_direction,59,0.4745762711864407,0.4722222222222222,0.4721500721500721,0.5161290322580645,0.5,0.5079365079365079,0.42857142857142855,0.4444444444444444,0.43636363636363634,16,12,15,16,32,27,31,28,0.5,0.6032779079467536,0.5000315628068636,0.5277777777777778,,,0,uncalibrated_return_rank_score,24
reg__price_direction__equal_ensemble,reg,price_direction,59,0.4915254237288136,0.4820601851851852,0.47941176470588237,0.5277777777777778,0.59375,0.5588235294117647,0.43478260869565216,0.37037037037037035,0.4,19,10,17,13,32,27,36,23,0.5,0.5614410033946969,0.4789698823884365,0.4965277777777778,,,0,uncalibrated_return_rank_score,24
reg__cot_direction__linear,reg,cot_direction,59,0.5254237288135594,0.5306712962962963,0.5252873563218391,0.5769230769230769,0.46875,0.5172413793103449,0.48484848484848486,0.5925925925925926,0.5333333333333333,15,16,11,17,32,27,26,33,0.5,0.6060245768856992,0.5993708086086895,0.5671296296296297,,,0,uncalibrated_return_rank_score,24
reg__cot_direction__xgb,reg,cot_direction,59,0.5254237288135594,0.5104166666666666,0.501207729468599,0.55,0.6875,0.6111111111111112,0.47368421052631576,0.3333333333333333,0.391304347826087,22,9,18,10,32,27,40,19,0.5,0.6262603486499783,0.5403651087751076,0.5567129629629629,,,0,uncalibrated_return_rank_score,24
reg__cot_direction__forest,reg,cot_direction,59,0.5084745762711864,0.5034722222222222,0.5033381712626996,0.5454545454545454,0.5625,0.5538461538461539,0.46153846153846156,0.4444444444444444,0.4528301886792453,18,12,15,14,32,27,33,26,0.5,0.626373033337128,0.5357158731150824,0.5300925925925926,,,0,uncalibrated_return_rank_score,24
reg__cot_direction__equal_ensemble,reg,cot_direction,59,0.5254237288135594,0.5277777777777778,0.5252873563218391,0.5714285714285714,0.5,0.5333333333333333,0.4838709677419355,0.5555555555555556,0.5172413793103449,16,15,12,16,32,27,28,31,0.5,0.6294413278753941,0.5759916185140046,0.5613425925925926,,,0,uncalibrated_return_rank_score,24
reg__weather_direction__linear,reg,weather_direction,59,0.5084745762711864,0.5034722222222222,0.5033381712626996,0.5454545454545454,0.5625,0.5538461538461539,0.46153846153846156,0.4444444444444444,0.4528301886792453,18,12,15,14,32,27,33,26,0.5,0.5834392866531192,0.4840599376353176,0.5104166666666667,,,0,uncalibrated_return_rank_score,24
reg__weather_direction__xgb,reg,weather_direction,59,0.4915254237288136,0.4820601851851852,0.47941176470588237,0.5277777777777778,0.59375,0.5588235294117647,0.43478260869565216,0.37037037037037035,0.4,19,10,17,13,32,27,36,23,0.5,0.6166836311315329,0.526852086850419,0.5474537037037037,,,0,uncalibrated_return_rank_score,24
reg__weather_direction__forest,reg,weather_direction,59,0.4406779661016949,0.43229166666666663,0.4302019315188762,0.4857142857142857,0.53125,0.5074626865671642,0.375,0.3333333333333333,0.35294117647058826,17,9,18,15,32,27,35,24,0.5,0.6515616592710969,0.5320175081149152,0.5347222222222222,,,0,uncalibrated_return_rank_score,24
reg__weather_direction__equal_ensemble,reg,weather_direction,59,0.5423728813559322,0.5376157407407407,0.5375907111756169,0.5757575757575758,0.59375,0.5846153846153846,0.5,0.48148148148148145,0.49056603773584906,19,13,14,13,32,27,33,26,0.5,0.6372103755007422,0.5369317014844965,0.5474537037037037,,,0,uncalibrated_return_rank_score,24
reg__engineered_direction__linear,reg,engineered_direction,59,0.5084745762711864,0.5179398148148149,0.5062049062049062,0.5652173913043478,0.40625,0.4727272727272727,0.4722222222222222,0.6296296296296297,0.5396825396825397,13,17,10,19,32,27,23,36,0.5,0.5614133418730077,0.5520064685850599,0.5115740740740742,,,0,uncalibrated_return_rank_score,24
reg__engineered_direction__xgb,reg,engineered_direction,59,0.5423728813559322,0.5231481481481481,0.5060465116279069,0.5581395348837209,0.75,0.64,0.5,0.2962962962962963,0.37209302325581395,24,8,19,8,32,27,43,16,0.5,0.584035777161476,0.5411304087931599,0.5393518518518519,,,0,uncalibrated_return_rank_score,24
reg__engineered_direction__forest,reg,engineered_direction,59,0.4915254237288136,0.4820601851851852,0.47941176470588237,0.5277777777777778,0.59375,0.5588235294117647,0.43478260869565216,0.37037037037037035,0.4,19,10,17,13,32,27,36,23,0.5,0.593958486065525,0.5377711081445016,0.5150462962962963,,,0,uncalibrated_return_rank_score,24
reg__engineered_direction__equal_ensemble,reg,engineered_direction,59,0.4915254237288136,0.4907407407407407,0.4902073732718894,0.5333333333333333,0.5,0.5161290322580645,0.4482758620689655,0.48148148148148145,0.4642857142857143,16,13,14,16,32,27,30,29,0.5,0.5812671103943886,0.5334451393444446,0.5266203703703705,,,0,uncalibrated_return_rank_score,24
selected_direction,class,weather_direction,59,0.4576271186440678,0.46238425925925924,0.4574712643678161,0.5,0.40625,0.4482758620689655,0.42424242424242425,0.5185185185185185,0.4666666666666667,13,14,13,19,32,27,26,33,0.4750000000000001,0.611050099681681,0.5006840640908894,0.5439814814814815,0.2588082541979793,0.7120339796631909,0,probability_up,24
selected_return,reg,basic,59,0.559322033898305,0.5503472222222222,0.5488235294117647,0.5833333333333334,0.65625,0.6176470588235294,0.5217391304347826,0.4444444444444444,0.48,21,12,15,11,32,27,36,23,0.5,0.6426863980017405,0.5372125539014212,0.5578703703703703,,,0,uncalibrated_return_rank_score,24
baseline_monthly_return,reg,previous,59,0.5423728813559322,0.5318287037037037,0.5288376220053239,0.5675675675675675,0.65625,0.6086956521739131,0.5,0.4074074074074074,0.4489795918367347,21,11,16,11,32,27,37,22,0.5,0.6898937438323316,0.5538378575945189,0.5972222222222222,,,0,uncalibrated_return_rank_score,24
baseline_paper_return,reg,previous,59,0.5254237288135594,0.5248842592592593,0.5241935483870968,0.5666666666666667,0.53125,0.5483870967741935,0.4827586206896552,0.5185185185185185,0.5,17,14,13,15,32,27,30,29,0.5,0.5661746452821518,0.5075388378551114,0.5277777777777778,,,0,uncalibrated_return_rank_score,24
baseline_mean_return,reg,previous,59,0.5423728813559322,0.5,0.3516483516483517,0.5423728813559322,1.0,0.7032967032967034,0.0,0.0,0.0,32,0,27,0,32,27,59,0,0.5,0.49361529649920977,0.43591678998525457,0.43865740740740744,,,0,uncalibrated_return_rank_score,24
baseline_zero_return,reg,previous,59,0.5423728813559322,0.5,0.3516483516483517,0.5423728813559322,1.0,0.7032967032967034,0.0,0.0,0.0,32,0,27,0,32,27,59,0,0.5,0.5423728813559322,0.4576271186440678,0.5,,,0,uncalibrated_return_rank_score,24
baseline_majority,baseline,previous,59,0.4576271186440678,0.5,0.313953488372093,0.0,0.0,0.0,0.4576271186440678,1.0,0.627906976744186,0,27,0,32,32,27,0,59,0.5,0.49685881958658584,0.42883142478555175,0.43865740740740744,0.2519857039023939,0.6971208305325245,0,probability_up,24
always_up,baseline,previous,59,0.5423728813559322,0.5,0.3516483516483517,0.5423728813559322,1.0,0.7032967032967034,0.0,0.0,0.0,32,0,27,0,32,27,59,0,0.5,0.5423728813559322,0.4576271186440678,0.5,0.4576271186440678,16.49455324586717,0,probability_up,24
always_down,baseline,previous,59,0.4576271186440678,0.5,0.313953488372093,0.0,0.0,0.0,0.4576271186440678,1.0,0.627906976744186,0,27,0,32,32,27,0,59,0.5,0.5423728813559322,0.4576271186440678,0.5,0.5423728813559322,19.549100143249987,0,probability_up,24
class__basic__linear,class,basic,59,0.5423728813559322,0.5472350230414746,0.5402597402597402,0.5833333333333334,0.45161290322580644,0.509090909090909,0.5142857142857142,0.6428571428571429,0.5714285714285714,14,18,10,17,31,28,24,35,0.5000000000000001,0.5546223914209973,0.4538573487810512,0.4942396313364055,0.2628481737820449,0.7208019384287183,0,probability_up,25
class__basic__xgb,class,basic,59,0.5084745762711864,0.5149769585253456,0.5033381712626996,0.5454545454545454,0.3870967741935484,0.4528301886792453,0.4864864864864865,0.6428571428571429,0.5538461538461539,12,18,10,19,31,28,22,37,0.5000000000000001,0.5318853261074585,0.4995628406735899,0.48502304147465436,0.2626073771856911,0.7194028309517282,0,probability_up,25
class__basic__forest,class,basic,59,0.4915254237288136,0.49711981566820274,0.4878472222222222,0.5217391304347826,0.3870967741935484,0.4444444444444444,0.4722222222222222,0.6071428571428571,0.53125,12,17,11,19,31,28,23,36,0.5000000000000001,0.6055842453243289,0.5222803036315248,0.5552995391705069,0.2521285673969674,0.6978647605997702,0,probability_up,25
class__basic__equal_ensemble,class,basic,59,0.5084745762711864,0.5149769585253456,0.5033381712626996,0.5454545454545454,0.3870967741935484,0.4528301886792453,0.4864864864864865,0.6428571428571429,0.5538461538461539,12,18,10,19,31,28,22,37,0.5000000000000001,0.5586727982288974,0.49148772617370307,0.5126728110599079,0.25803098399038227,0.7100703776739916,0,probability_up,25
class__direction_core__linear,class,direction_core,59,0.4576271186440678,0.46486175115207373,0.44988344988344986,0.47619047619047616,0.3225806451612903,0.38461538461538464,0.4473684210526316,0.6071428571428571,0.5151515151515151,10,17,11,21,31,28,21,38,0.5250000000000001,0.5640307517562152,0.5264192122059045,0.501152073732719,0.26862512674883765,0.7326856478603901,0,probability_up,25
class__direction_core__xgb,class,direction_core,59,0.4406779661016949,0.44182027649769584,0.4406779661016949,0.4642857142857143,0.41935483870967744,0.4406779661016949,0.41935483870967744,0.4642857142857143,0.4406779661016949,13,13,15,18,31,28,28,31,0.5000000000000001,0.5485161681975221,0.4762450731889657,0.45161290322580644,0.262422955066283,0.7182833408389262,0,probability_up,25
class__direction_core__forest,class,direction_core,59,0.4745762711864407,0.47753456221198154,0.47397181478285877,0.5,0.41935483870967744,0.45614035087719296,0.45454545454545453,0.5357142857142857,0.4918032786885246,13,15,13,18,31,28,26,33,0.5000000000000001,0.5648064341569102,0.45431245627651023,0.4504608294930876,0.264838123164786,0.7235562881242376,0,probability_up,25
class__direction_core__equal_ensemble,class,direction_core,59,0.4406779661016949,0.4470046082949308,0.43483309143686505,0.45454545454545453,0.3225806451612903,0.37735849056603776,0.43243243243243246,0.5714285714285714,0.49230769230769234,10,16,12,21,31,28,22,37,0.5250000000000001,0.5748248496898289,0.48583688233288264,0.47235023041474655,0.2635445660168044,0.7207398611866507,0,probability_up,25
class__price_direction__linear,class,price_direction,59,0.4406779661016949,0.4400921658986175,0.4400345125107852,0.4666666666666667,0.45161290322580644,0.45901639344262296,0.41379310344827586,0.42857142857142855,0.42105263157894735,14,12,16,17,31,28,30,29,0.4750000000000001,0.45528548033383065,0.4353945617312382,0.39631336405529954,0.302238927937749,0.8076578588936965,0,probability_up,25
class__price_direction__xgb,class,price_direction,59,0.4915254237288136,0.5005760368663594,0.47941176470588237,0.5263157894736842,0.3225806451612903,0.4,0.475,0.6785714285714286,0.5588235294117647,10,19,9,21,31,28,19,40,0.5250000000000001,0.5641878604110191,0.5058045751273043,0.511520737327189,0.2659916377803062,0.7279818846456914,0,probability_up,25
class__price_direction__forest,class,price_direction,59,0.5423728813559322,0.5576036866359446,0.5060465116279069,0.6666666666666666,0.25806451612903225,0.37209302325581395,0.5106382978723404,0.8571428571428571,0.64,8,24,4,23,31,28,12,47,0.5750000000000002,0.614937981636203,0.5201184852165055,0.532258064516129,0.2634544537970517,0.725590859479323,0,probability_up,25
class__price_direction__equal_ensemble,class,price_direction,59,0.4745762711864407,0.48271889400921664,0.46473514779045944,0.5,0.3225806451612903,0.39215686274509803,0.46153846153846156,0.6428571428571429,0.5373134328358209,10,18,10,21,31,28,20,39,0.5250000000000001,0.5384883637951978,0.47504548127932605,0.4758064516129032,0.2736847077935906,0.7443739269492732,0,probability_up,25
class__cot_direction__linear,class,cot_direction,59,0.5084745762711864,0.511520737327189,0.5079091170549324,0.5384615384615384,0.45161290322580644,0.49122807017543857,0.48484848484848486,0.5714285714285714,0.5245901639344263,14,16,12,17,31,28,26,33,0.45000000000000007,0.6078588706296998,0.572649411794744,0.5599078341013825,0.26189205230192236,0.717799811793891,0,probability_up,25
class__cot_direction__xgb,class,cot_direction,59,0.4406779661016949,0.4400921658986175,0.4400345125107852,0.4666666666666667,0.45161290322580644,0.45901639344262296,0.41379310344827586,0.42857142857142855,0.42105263157894735,14,12,16,17,31,28,30,29,0.4750000000000001,0.5611141217586771,0.4701982432124359,0.4804147465437788,0.2660507085419638,0.7264349483514403,0,probability_up,25
class__cot_direction__forest,class,cot_direction,59,0.5084745762711864,0.511520737327189,0.5079091170549324,0.5384615384615384,0.45161290322580644,0.49122807017543857,0.48484848484848486,0.5714285714285714,0.5245901639344263,14,16,12,17,31,28,26,33,0.5250000000000001,0.5742014368068169,0.44741873754265477,0.4769585253456221,0.27473984150868874,0.7472482148405832,0,probability_up,25
class__cot_direction__equal_ensemble,class,cot_direction,59,0.4915254237288136,0.48847926267281105,0.4878472222222222,0.5151515151515151,0.5483870967741935,0.53125,0.46153846153846156,0.42857142857142855,0.4444444444444444,17,12,16,14,31,28,33,26,0.45000000000000007,0.5969136739981455,0.49198077605647755,0.5092165898617511,0.2633815362788159,0.7215751696411904,0,probability_up,25
class__weather_direction__linear,class,weather_direction,59,0.5084745762711864,0.5149769585253456,0.5033381712626996,0.5454545454545454,0.3870967741935484,0.4528301886792453,0.4864864864864865,0.6428571428571429,0.5538461538461539,12,18,10,19,31,28,22,37,0.5250000000000001,0.5450842890586443,0.47693833978113803,0.4965437788018433,0.29489285296976786,0.8111942116437624,0,probability_up,25
class__weather_direction__xgb,class,weather_direction,59,0.5254237288135594,0.5155529953917051,0.501207729468599,0.5365853658536586,0.7096774193548387,0.6111111111111112,0.5,0.32142857142857145,0.391304347826087,22,9,19,9,31,28,41,18,0.42500000000000004,0.5795424964444176,0.546379782625801,0.5311059907834101,0.2549816097452771,0.7034926209980445,0,probability_up,25
class__weather_direction__forest,class,weather_direction,59,0.4915254237288136,0.49193548387096775,0.4913793103448276,0.5172413793103449,0.4838709677419355,0.5,0.4666666666666667,0.5,0.4827586206896552,15,14,14,16,31,28,29,30,0.4750000000000001,0.6415055890221641,0.5431754178543556,0.5552995391705068,0.25539648662965364,0.7039185548612203,0,probability_up,25
class__weather_direction__equal_ensemble,class,weather_direction,59,0.4576271186440678,0.46140552995391704,0.45622119815668205,0.48,0.3870967741935484,0.42857142857142855,0.4411764705882353,0.5357142857142857,0.4838709677419355,12,15,13,19,31,28,25,34,0.4750000000000001,0.5873779915495139,0.5059093526580839,0.5288018433179723,0.2614734946740991,0.7174267221021974,0,probability_up,25
class__engineered_direction__linear,class,engineered_direction,59,0.4406779661016949,0.44527649769585254,0.4380952380952381,0.4583333333333333,0.3548387096774194,0.4,0.42857142857142855,0.5357142857142857,0.47619047619047616,11,15,13,20,31,28,24,35,0.35,0.5169561693976402,0.605193673860055,0.5138248847926268,0.3644356814187582,0.9991582413042531,0,probability_up,25
class__engineered_direction__xgb,class,engineered_direction,59,0.5084745762711864,0.4976958525345622,0.4791476407914764,0.5238095238095238,0.7096774193548387,0.6027397260273972,0.47058823529411764,0.2857142857142857,0.35555555555555557,22,8,20,9,31,28,42,17,0.45000000000000007,0.5752737611419114,0.5366746069348725,0.5299539170506913,0.25133767416603203,0.6959878453712316,0,probability_up,25
class__engineered_direction__forest,class,engineered_direction,59,0.5254237288135594,0.5241935483870968,0.5241935483870968,0.5483870967741935,0.5483870967741935,0.5483870967741935,0.5,0.5,0.5,17,14,14,14,31,28,31,28,0.4750000000000001,0.5887320285450837,0.5364486401138753,0.5414746543778801,0.25294603089666484,0.699548128950383,0,probability_up,25
class__engineered_direction__equal_ensemble,class,engineered_direction,59,0.5254237288135594,0.5241935483870968,0.5241935483870968,0.5483870967741935,0.5483870967741935,0.5483870967741935,0.5,0.5,0.5,17,14,14,14,31,28,31,28,0.4,0.5510014040157811,0.5724930631317413,0.5126728110599078,0.2738562505662393,0.7425815892798338,0,probability_up,25
reg__basic__linear,reg,basic,59,0.5423728813559322,0.5403225806451613,0.5402597402597402,0.5625,0.5806451612903226,0.5714285714285714,0.5185185185185185,0.5,0.509090909090909,18,14,14,13,31,28,32,27,0.5,0.5689422036079499,0.4867178799102926,0.5288018433179723,,,0,uncalibrated_return_rank_score,25
reg__basic__xgb,reg,basic,59,0.5423728813559322,0.5368663594470046,0.533801580333626,0.5555555555555556,0.6451612903225806,0.5970149253731343,0.5217391304347826,0.42857142857142855,0.47058823529411764,20,12,16,11,31,28,36,23,0.5,0.6256208335586189,0.5420336547478172,0.5449308755760369,,,0,uncalibrated_return_rank_score,25
reg__basic__forest,reg,basic,59,0.4915254237288136,0.48847926267281105,0.4878472222222222,0.5151515151515151,0.5483870967741935,0.53125,0.46153846153846156,0.42857142857142855,0.4444444444444444,17,12,16,14,31,28,33,26,0.5,0.6875183747107583,0.5994595820928281,0.6002304147465438,,,0,uncalibrated_return_rank_score,25
reg__basic__equal_ensemble,reg,basic,59,0.5423728813559322,0.5368663594470046,0.533801580333626,0.5555555555555556,0.6451612903225806,0.5970149253731343,0.5217391304347826,0.42857142857142855,0.47058823529411764,20,12,16,11,31,28,36,23,0.5,0.6363166962237692,0.5543937031814586,0.5668202764976958,,,0,uncalibrated_return_rank_score,25
reg__direction_core__linear,reg,direction_core,59,0.4576271186440678,0.45794930875576034,0.4574712643678161,0.4827586206896552,0.45161290322580644,0.4666666666666667,0.43333333333333335,0.4642857142857143,0.4482758620689655,14,13,15,17,31,28,29,30,0.5,0.5540974172539388,0.5064978555167645,0.4907834101382489,,,0,uncalibrated_return_rank_score,25
reg__direction_core__xgb,reg,direction_core,59,0.4745762711864407,0.46716589861751157,0.4590357882283348,0.5,0.6129032258064516,0.5507246376811594,0.42857142857142855,0.32142857142857145,0.3673469387755102,19,9,19,12,31,28,38,21,0.5,0.6081116458608902,0.5047922691412343,0.5023041474654377,,,0,uncalibrated_return_rank_score,25
reg__direction_core__forest,reg,direction_core,59,0.4406779661016949,0.4314516129032258,0.41654180401558283,0.475,0.6129032258064516,0.5352112676056338,0.3684210526315789,0.25,0.2978723404255319,19,7,21,12,31,28,40,19,0.5,0.6576966235790556,0.5268474926629427,0.5334101382488479,,,0,uncalibrated_return_rank_score,25
reg__direction_core__equal_ensemble,reg,direction_core,59,0.4406779661016949,0.43490783410138245,0.4302019315188762,0.4722222222222222,0.5483870967741935,0.5074626865671642,0.391304347826087,0.32142857142857145,0.35294117647058826,17,9,19,14,31,28,36,23,0.5,0.6047303820390622,0.5099232547531325,0.49654377880184336,,,0,uncalibrated_return_rank_score,25
reg__price_direction__linear,reg,price_direction,59,0.4067796610169492,0.4043778801843318,0.40404040404040403,0.4375,0.45161290322580644,0.4444444444444444,0.37037037037037035,0.35714285714285715,0.36363636363636365,14,10,18,17,31,28,32,27,0.5,0.4794187380071687,0.44713088360953784,0.4182027649769585,,,0,uncalibrated_return_rank_score,25
reg__price_direction__xgb,reg,price_direction,59,0.4745762711864407,0.46543778801843316,0.4519029068025172,0.5,0.6451612903225806,0.5633802816901409,0.42105263157894735,0.2857142857142857,0.3404255319148936,20,8,20,11,31,28,40,19,0.5,0.5658932857043195,0.4927810511417717,0.49884792626728114,,,0,uncalibrated_return_rank_score,25
reg__price_direction__forest,reg,price_direction,59,0.4576271186440678,0.45622119815668205,0.45622119815668205,0.4838709677419355,0.4838709677419355,0.4838709677419355,0.42857142857142855,0.42857142857142855,0.42857142857142855,15,12,16,16,31,28,31,28,0.5,0.5886970721668466,0.5073701427004669,0.5195852534562213,,,0,uncalibrated_return_rank_score,25
reg__price_direction__equal_ensemble,reg,price_direction,59,0.4745762711864407,0.46889400921658986,0.46473514779045944,0.5,0.5806451612903226,0.5373134328358209,0.43478260869565216,0.35714285714285715,0.39215686274509803,18,10,18,13,31,28,36,23,0.5,0.5423409398608958,0.48515829623549567,0.4838709677419355,,,0,uncalibrated_return_rank_score,25
reg__cot_direction__linear,reg,cot_direction,59,0.5084745762711864,0.511520737327189,0.5079091170549324,0.5384615384615384,0.45161290322580644,0.49122807017543857,0.48484848484848486,0.5714285714285714,0.5245901639344263,14,16,12,17,31,28,26,33,0.5,0.5554511741867671,0.592195677742468,0.5345622119815668,,,0,uncalibrated_return_rank_score,25
reg__cot_direction__xgb,reg,cot_direction,59,0.5084745762711864,0.49942396313364057,0.4872640095894516,0.525,0.6774193548387096,0.5915492957746479,0.47368421052631576,0.32142857142857145,0.3829787234042553,21,9,19,10,31,28,40,19,0.5,0.5836243653640241,0.5395615232925716,0.5288018433179723,,,0,uncalibrated_return_rank_score,25
reg__cot_direction__forest,reg,cot_direction,59,0.4915254237288136,0.48847926267281105,0.4878472222222222,0.5151515151515151,0.5483870967741935,0.53125,0.46153846153846156,0.42857142857142855,0.4444444444444444,17,12,16,14,31,28,33,26,0.5,0.5928713365670177,0.5350783824653854,0.5034562211981567,,,0,uncalibrated_return_rank_score,25
reg__cot_direction__equal_ensemble,reg,cot_direction,59,0.5084745762711864,0.5097926267281105,0.5084745762711864,0.5357142857142857,0.4838709677419355,0.5084745762711864,0.4838709677419355,0.5357142857142857,0.5084745762711864,15,15,13,16,31,28,28,31,0.5,0.5905223980853057,0.5750215243347302,0.5357142857142857,,,0,uncalibrated_return_rank_score,25
reg__weather_direction__linear,reg,weather_direction,59,0.5084745762711864,0.5046082949308756,0.5033381712626996,0.5294117647058824,0.5806451612903226,0.5538461538461539,0.48,0.42857142857142855,0.4528301886792453,18,12,16,13,31,28,34,25,0.5,0.5444413197316484,0.48750734021574654,0.4873271889400922,,,0,uncalibrated_return_rank_score,25
reg__weather_direction__xgb,reg,weather_direction,59,0.5084745762711864,0.5028801843317973,0.4992683640620427,0.5277777777777778,0.6129032258064516,0.5671641791044776,0.4782608695652174,0.39285714285714285,0.43137254901960786,19,11,17,12,31,28,36,23,0.5,0.6115371483277574,0.5430511792152655,0.5576036866359447,,,0,uncalibrated_return_rank_score,25
reg__weather_direction__forest,reg,weather_direction,59,0.4576271186440678,0.45276497695852536,0.44988344988344986,0.4857142857142857,0.5483870967741935,0.5151515151515151,0.4166666666666667,0.35714285714285715,0.38461538461538464,17,10,18,14,31,28,35,24,0.5,0.6519061566437315,0.5541016671961545,0.555299539170507,,,0,uncalibrated_return_rank_score,25
reg__weather_direction__equal_ensemble,reg,weather_direction,59,0.5254237288135594,0.5224654377880185,0.5219907407407407,0.5454545454545454,0.5806451612903226,0.5625,0.5,0.4642857142857143,0.48148148148148145,18,13,15,13,31,28,33,26,0.5,0.6240752060103764,0.5443335431147772,0.5414746543778802,,,0,uncalibrated_return_rank_score,25
reg__engineered_direction__linear,reg,engineered_direction,59,0.4915254237288136,0.49711981566820274,0.4878472222222222,0.5217391304347826,0.3870967741935484,0.4444444444444444,0.4722222222222222,0.6071428571428571,0.53125,12,17,11,19,31,28,23,36,0.5,0.5049323553732089,0.55013339510044,0.4804147465437788,,,0,uncalibrated_return_rank_score,25
reg__engineered_direction__xgb,reg,engineered_direction,59,0.5254237288135594,0.5138248847926268,0.4926289926289926,0.5348837209302325,0.7419354838709677,0.6216216216216216,0.5,0.2857142857142857,0.36363636363636365,23,8,20,8,31,28,43,16,0.5,0.5597083329936223,0.5429128327262466,0.5207373271889402,,,0,uncalibrated_return_rank_score,25
reg__engineered_direction__forest,reg,engineered_direction,59,0.4745762711864407,0.46889400921658986,0.46473514779045944,0.5,0.5806451612903226,0.5373134328358209,0.43478260869565216,0.35714285714285715,0.39215686274509803,18,10,18,13,31,28,36,23,0.5,0.5702545010729648,0.5385773090745439,0.4953917050691244,,,0,uncalibrated_return_rank_score,25
reg__engineered_direction__equal_ensemble,reg,engineered_direction,59,0.4745762711864407,0.4740783410138249,0.47397181478285877,0.5,0.4838709677419355,0.4918032786885246,0.4482758620689655,0.4642857142857143,0.45614035087719296,15,13,15,16,31,28,30,29,0.5,0.5377100223019874,0.532685902668335,0.4976958525345622,,,0,uncalibrated_return_rank_score,25
selected_direction,class,weather_direction,59,0.4576271186440678,0.46140552995391704,0.45622119815668205,0.48,0.3870967741935484,0.42857142857142855,0.4411764705882353,0.5357142857142857,0.4838709677419355,12,15,13,19,31,28,25,34,0.4750000000000001,0.5873779915495139,0.5059093526580839,0.5288018433179723,0.2614734946740991,0.7174267221021974,0,probability_up,25
selected_return,reg,basic,59,0.5423728813559322,0.5368663594470046,0.533801580333626,0.5555555555555556,0.6451612903225806,0.5970149253731343,0.5217391304347826,0.42857142857142855,0.47058823529411764,20,12,16,11,31,28,36,23,0.5,0.6256208335586189,0.5420336547478172,0.5449308755760369,,,0,uncalibrated_return_rank_score,25
baseline_monthly_return,reg,previous,59,0.5423728813559322,0.5351382488479263,0.5288376220053239,0.5526315789473685,0.6774193548387096,0.6086956521739131,0.5238095238095238,0.39285714285714285,0.4489795918367347,21,11,17,10,31,28,38,21,0.5,0.6900760102801589,0.5701657543950068,0.6082949308755761,,,0,uncalibrated_return_rank_score,25
baseline_paper_return,reg,previous,59,0.5423728813559322,0.5420506912442395,0.5418464193270061,0.5666666666666667,0.5483870967741935,0.5573770491803278,0.5172413793103449,0.5357142857142857,0.5263157894736842,17,15,13,14,31,28,30,29,0.5,0.5528781127889401,0.5427274448839958,0.5403225806451613,,,0,uncalibrated_return_rank_score,25
baseline_mean_return,reg,previous,59,0.5254237288135594,0.5,0.34444444444444444,0.5254237288135594,1.0,0.6888888888888889,0.0,0.0,0.0,31,0,28,0,31,28,59,0,0.5,0.47891989429143833,0.4465411137444309,0.4337557603686636,,,0,uncalibrated_return_rank_score,25
baseline_zero_return,reg,previous,59,0.5254237288135594,0.5,0.34444444444444444,0.5254237288135594,1.0,0.6888888888888889,0.0,0.0,0.0,31,0,28,0,31,28,59,0,0.5,0.5254237288135594,0.4745762711864407,0.5,,,0,uncalibrated_return_rank_score,25
baseline_majority,baseline,previous,59,0.4745762711864407,0.5,0.3218390804597701,0.0,0.0,0.0,0.4745762711864407,1.0,0.6436781609195402,0,28,0,31,31,28,0,59,0.5,0.48869427008726746,0.4473452927164423,0.44873271889400923,0.25133642954378416,0.6958216460744328,0,probability_up,25
always_up,baseline,previous,59,0.5254237288135594,0.5,0.34444444444444444,0.5254237288135594,1.0,0.6888888888888889,0.0,0.0,0.0,31,0,28,0,31,28,59,0,0.5,0.5254237288135594,0.4745762711864407,0.5,0.4745762711864407,17.105462625343733,0,probability_up,25
always_down,baseline,previous,59,0.4745762711864407,0.5,0.3218390804597701,0.0,0.0,0.0,0.4745762711864407,1.0,0.6436781609195402,0,28,0,31,31,28,0,59,0.5,0.5254237288135594,0.4745762711864407,0.5,0.5254237288135594,18.93819076377342,0,probability_up,25
class__basic__linear,class,basic,59,0.423728813559322,0.4253472222222222,0.4235632183908046,0.4642857142857143,0.40625,0.43333333333333335,0.3870967741935484,0.4444444444444444,0.41379310344827586,13,12,15,19,32,27,28,31,0.5000000000000001,0.5524508079463087,0.4156455095809577,0.44560185185185186,0.26902170284330706,0.7328465608369533,0,probability_up,26
class__basic__xgb,class,basic,59,0.559322033898305,0.5677083333333333,0.5581797235023042,0.625,0.46875,0.5357142857142857,0.5142857142857142,0.6666666666666666,0.5806451612903226,15,18,9,17,32,27,24,35,0.5000000000000001,0.5235922832503871,0.4515283992840724,0.4791666666666667,0.26358655515906054,0.7221582248605555,0,probability_up,26
class__basic__forest,class,basic,59,0.4745762711864407,0.47800925925925924,0.4745762711864407,0.5185185185185185,0.4375,0.4745762711864407,0.4375,0.5185185185185185,0.4745762711864407,14,14,13,18,32,27,27,32,0.5000000000000001,0.5472825401548744,0.478934765787054,0.513888888888889,0.25898895985333975,0.7124007933391859,0,probability_up,26
class__basic__equal_ensemble,class,basic,59,0.4745762711864407,0.4837962962962963,0.4721500721500721,0.5217391304347826,0.375,0.43636363636363634,0.4444444444444444,0.5925925925925926,0.5079365079365079,12,16,11,20,32,27,23,36,0.5000000000000001,0.5362254206680821,0.4472354058726033,0.4814814814814815,0.262570810362278,0.7195362189616571,0,probability_up,26
class__direction_core__linear,class,direction_core,59,0.3898305084745763,0.39988425925925924,0.38541666666666663,0.4090909090909091,0.28125,0.3333333333333333,0.3783783783783784,0.5185185185185185,0.4375,9,14,13,23,32,27,22,37,0.5250000000000001,0.5430615986924864,0.43687978328193033,0.43287037037037035,0.284715802183188,0.7671833021562005,0,probability_up,26
class__direction_core__xgb,class,direction_core,59,0.4406779661016949,0.4409722222222222,0.4400345125107852,0.4827586206896552,0.4375,0.45901639344262296,0.4,0.4444444444444444,0.42105263157894735,14,12,15,18,32,27,29,30,0.5000000000000001,0.5293034146109593,0.4146659611642075,0.40625,0.27008300914619615,0.7341391856435369,0,probability_up,26
class__direction_core__forest,class,direction_core,59,0.4067796610169492,0.4039351851851852,0.40404040404040403,0.45161290322580644,0.4375,0.4444444444444444,0.35714285714285715,0.37037037037037035,0.36363636363636365,14,10,17,18,32,27,31,28,0.5000000000000001,0.529732811683941,0.38046863996618774,0.38541666666666663,0.27949542261292737,0.7543527165028592,0,probability_up,26
class__direction_core__equal_ensemble,class,direction_core,59,0.4067796610169492,0.4126157407407407,0.4060972102387115,0.44,0.34375,0.38596491228070173,0.38235294117647056,0.48148148148148145,0.4262295081967213,11,13,14,21,32,27,25,34,0.5250000000000001,0.5417108754756317,0.3983693487660048,0.3935185185185185,0.2759720655877066,0.746620249981353,0,probability_up,26
class__price_direction__linear,class,price_direction,59,0.3898305084745763,0.3940972222222222,0.3896551724137931,0.4230769230769231,0.34375,0.3793103448275862,0.36363636363636365,0.4444444444444444,0.4,11,12,15,21,32,27,26,33,0.4750000000000001,0.4514775137329654,0.43168056461741555,0.3599537037037037,0.3187822369758764,0.8448433633489865,0,probability_up,26
class__price_direction__xgb,class,price_direction,59,0.4915254237288136,0.5023148148148149,0.4878472222222222,0.5454545454545454,0.375,0.4444444444444444,0.4594594594594595,0.6296296296296297,0.53125,12,17,10,20,32,27,22,37,0.5250000000000001,0.5278230878444652,0.46931701816808674,0.48032407407407407,0.2707915947327618,0.7379235844174953,0,probability_up,26
class__price_direction__forest,class,price_direction,59,0.5423728813559322,0.5636574074074074,0.522625112376386,0.6666666666666666,0.3125,0.425531914893617,0.5,0.8148148148148148,0.6197183098591549,10,22,5,22,32,27,15,44,0.5750000000000002,0.572853069961822,0.45545861200790894,0.5092592592592592,0.271872256779685,0.7448537235948826,0,probability_up,26
class__price_direction__equal_ensemble,class,price_direction,59,0.4915254237288136,0.4994212962962963,0.4902073732718894,0.5416666666666666,0.40625,0.4642857142857143,0.45714285714285713,0.5925925925925926,0.5161290322580645,13,16,11,19,32,27,24,35,0.5250000000000001,0.49608264585556067,0.4198491007261236,0.4305555555555556,0.28308382978442526,0.7651115795186444,0,probability_up,26
class__cot_direction__linear,class,cot_direction,59,0.4915254237288136,0.49363425925925924,0.4913793103448276,0.5357142857142857,0.46875,0.5,0.45161290322580644,0.5185185185185185,0.4827586206896552,15,14,13,17,32,27,28,31,0.45000000000000007,0.5625961069237099,0.486619550440798,0.4953703703703704,0.2890923448485824,0.7854604729082149,0,probability_up,26
class__cot_direction__xgb,class,cot_direction,59,0.3728813559322034,0.36979166666666663,0.36998556998557,0.41935483870967744,0.40625,0.4126984126984127,0.32142857142857145,0.3333333333333333,0.32727272727272727,13,9,18,19,32,27,31,28,0.4750000000000001,0.4981677933455305,0.40997481370082856,0.3900462962962963,0.27810420265565294,0.7512001395163905,0,probability_up,26
class__cot_direction__forest,class,cot_direction,59,0.4576271186440678,0.46238425925925924,0.4574712643678161,0.5,0.40625,0.4482758620689655,0.42424242424242425,0.5185185185185185,0.4666666666666667,13,14,13,19,32,27,26,33,0.5250000000000001,0.5387194545785845,0.41427218338391464,0.42013888888888895,0.2842433156719868,0.7663525037538585,0,probability_up,26
class__cot_direction__equal_ensemble,class,cot_direction,59,0.4745762711864407,0.4722222222222222,0.4721500721500721,0.5161290322580645,0.5,0.5079365079365079,0.42857142857142855,0.4444444444444444,0.43636363636363634,16,12,15,16,32,27,31,28,0.45000000000000007,0.5494414968146366,0.422328081010126,0.4305555555555556,0.2788026288584208,0.7540922383884306,0,probability_up,26
class__weather_direction__linear,class,weather_direction,59,0.4915254237288136,0.5052083333333333,0.48426573426573427,0.55,0.34375,0.4230769230769231,0.46153846153846156,0.6666666666666666,0.5454545454545454,11,18,9,21,32,27,20,39,0.5250000000000001,0.5338992915334574,0.45925103102388404,0.46296296296296297,0.3039610447648222,0.8285001180545707,0,probability_up,26
class__weather_direction__xgb,class,weather_direction,59,0.5423728813559322,0.5173611111111112,0.48296007789678674,0.5531914893617021,0.8125,0.6582278481012658,0.5,0.2222222222222222,0.3076923076923077,26,6,21,6,32,27,47,12,0.42500000000000004,0.5613975195081302,0.529386089912431,0.5324074074074074,0.25670163831472353,0.7082492590171101,0,probability_up,26
class__weather_direction__forest,class,weather_direction,59,0.5084745762711864,0.5034722222222222,0.5033381712626996,0.5454545454545454,0.5625,0.5538461538461539,0.46153846153846156,0.4444444444444444,0.4528301886792453,18,12,15,14,32,27,33,26,0.4750000000000001,0.5953203207459431,0.4816231433388202,0.5358796296296297,0.2613232212167709,0.7184981208548706,0,probability_up,26
class__weather_direction__equal_ensemble,class,weather_direction,59,0.4915254237288136,0.49363425925925924,0.4913793103448276,0.5357142857142857,0.46875,0.5,0.45161290322580644,0.5185185185185185,0.4827586206896552,15,14,13,17,32,27,28,31,0.4750000000000001,0.542518568918143,0.4800835427076972,0.5046296296296297,0.2668037401933711,0.7294114179839938,0,probability_up,26
class__engineered_direction__linear,class,engineered_direction,59,0.423728813559322,0.43113425925925924,0.42223502304147464,0.4583333333333333,0.34375,0.39285714285714285,0.4,0.5185185185185185,0.45161290322580644,11,14,13,21,32,27,24,35,0.35,0.509473502293761,0.5429666338443204,0.47685185185185186,0.38809267329427855,1.0807656328742543,0,probability_up,26
class__engineered_direction__xgb,class,engineered_direction,59,0.4745762711864407,0.45775462962962965,0.44322678843226787,0.5121951219512195,0.65625,0.5753424657534246,0.3888888888888889,0.25925925925925924,0.3111111111111111,21,7,20,11,32,27,41,18,0.45000000000000007,0.5368014622210422,0.4357134994141752,0.4525462962962963,0.2621255786561298,0.7179752610533319,0,probability_up,26
class__engineered_direction__forest,class,engineered_direction,59,0.4576271186440678,0.4508101851851852,0.44988344988344986,0.5,0.53125,0.5151515151515151,0.4,0.37037037037037035,0.38461538461538464,17,10,17,15,32,27,34,25,0.4750000000000001,0.5527018399685177,0.4605220524067246,0.4710648148148149,0.2644253487724831,0.7233981503969719,0,probability_up,26
class__engineered_direction__equal_ensemble,class,engineered_direction,59,0.4915254237288136,0.4878472222222222,0.4878472222222222,0.53125,0.53125,0.53125,0.4444444444444444,0.4444444444444444,0.4444444444444444,17,12,15,15,32,27,32,27,0.4,0.523907215337321,0.4643952300323044,0.44907407407407407,0.28797096673412337,0.7737191686787639,0,probability_up,26
reg__basic__linear,reg,basic,59,0.5084745762711864,0.5063657407407407,0.5062049062049062,0.5483870967741935,0.53125,0.5396825396825397,0.4642857142857143,0.48148148148148145,0.4727272727272727,17,13,14,15,32,27,31,28,0.5,0.5328137584716948,0.42863782779148407,0.44907407407407407,,,0,uncalibrated_return_rank_score,26
reg__basic__xgb,reg,basic,59,0.4915254237288136,0.47627314814814814,0.46557971014492755,0.525,0.65625,0.5833333333333334,0.42105263157894735,0.2962962962962963,0.34782608695652173,21,8,19,11,32,27,40,19,0.5,0.5535285449385743,0.4470735121203183,0.45833333333333337,,,0,uncalibrated_return_rank_score,26
reg__basic__forest,reg,basic,59,0.5254237288135594,0.5190972222222222,0.5186480186480187,0.5588235294117647,0.59375,0.5757575757575758,0.48,0.4444444444444444,0.46153846153846156,19,12,15,13,32,27,34,25,0.5,0.6082331256337894,0.5405947004397815,0.5439814814814815,,,0,uncalibrated_return_rank_score,26
reg__basic__equal_ensemble,reg,basic,59,0.5084745762711864,0.4976851851851852,0.49393670511682936,0.5405405405405406,0.625,0.5797101449275363,0.45454545454545453,0.37037037037037035,0.40816326530612246,20,10,17,12,32,27,37,22,0.5,0.5710566656732928,0.47117566021640434,0.48263888888888884,,,0,uncalibrated_return_rank_score,26
reg__direction_core__linear,reg,direction_core,59,0.4406779661016949,0.4409722222222222,0.4400345125107852,0.4827586206896552,0.4375,0.45901639344262296,0.4,0.4444444444444444,0.42105263157894735,14,12,15,18,32,27,29,30,0.5,0.5280253158316208,0.4083183790231239,0.41435185185185186,,,0,uncalibrated_return_rank_score,26
reg__direction_core__xgb,reg,direction_core,59,0.3728813559322034,0.35821759259259256,0.3458195984417141,0.4358974358974359,0.53125,0.4788732394366197,0.25,0.18518518518518517,0.2127659574468085,17,5,22,15,32,27,39,20,0.5,0.5721833237860352,0.40941732407688175,0.42129629629629634,,,0,uncalibrated_return_rank_score,26
reg__direction_core__forest,reg,direction_core,59,0.4576271186440678,0.44212962962962965,0.42995169082125606,0.5,0.625,0.5555555555555556,0.3684210526315789,0.25925925925925924,0.30434782608695654,20,7,20,12,32,27,40,19,0.5,0.6147364589114375,0.41736731525678833,0.46875,,,0,uncalibrated_return_rank_score,26
reg__direction_core__equal_ensemble,reg,direction_core,59,0.3728813559322034,0.3611111111111111,0.3543330375628512,0.43243243243243246,0.5,0.463768115942029,0.2727272727272727,0.2222222222222222,0.24489795918367346,16,6,21,16,32,27,37,22,0.5,0.573726462001584,0.40871895160326194,0.42129629629629634,,,0,uncalibrated_return_rank_score,26
reg__price_direction__linear,reg,price_direction,59,0.3898305084745763,0.38541666666666663,0.38541666666666663,0.4375,0.4375,0.4375,0.3333333333333333,0.3333333333333333,0.3333333333333333,14,9,18,18,32,27,32,27,0.5,0.4705227644515113,0.3943422958196425,0.3773148148148148,,,0,uncalibrated_return_rank_score,26
reg__price_direction__xgb,reg,price_direction,59,0.5084745762711864,0.4976851851851852,0.49393670511682936,0.5405405405405406,0.625,0.5797101449275363,0.45454545454545453,0.37037037037037035,0.40816326530612246,20,10,17,12,32,27,37,22,0.5,0.5461586140307646,0.447783104211908,0.46875,,,0,uncalibrated_return_rank_score,26
reg__price_direction__forest,reg,price_direction,59,0.4576271186440678,0.4565972222222222,0.45622119815668205,0.5,0.46875,0.4838709677419355,0.41379310344827586,0.4444444444444444,0.42857142857142855,15,12,15,17,32,27,30,29,0.5,0.5370404117429317,0.46674351662129415,0.48842592592592593,,,0,uncalibrated_return_rank_score,26
reg__price_direction__equal_ensemble,reg,price_direction,59,0.4745762711864407,0.4664351851851852,0.46473514779045944,0.5142857142857142,0.5625,0.5373134328358209,0.4166666666666667,0.37037037037037035,0.39215686274509803,18,10,17,14,32,27,35,24,0.5,0.508599942868945,0.432609700161951,0.43981481481481477,,,0,uncalibrated_return_rank_score,26
reg__cot_direction__linear,reg,cot_direction,59,0.4745762711864407,0.4837962962962963,0.4721500721500721,0.5217391304347826,0.375,0.43636363636363634,0.4444444444444444,0.5925925925925926,0.5079365079365079,12,16,11,20,32,27,23,36,0.5,0.5239508219827166,0.4760869380340488,0.4479166666666667,,,0,uncalibrated_return_rank_score,26
reg__cot_direction__xgb,reg,cot_direction,59,0.4915254237288136,0.47627314814814814,0.46557971014492755,0.525,0.65625,0.5833333333333334,0.42105263157894735,0.2962962962962963,0.34782608695652173,21,8,19,11,32,27,40,19,0.5,0.5304622258099045,0.43011037709014144,0.4178240740740741,,,0,uncalibrated_return_rank_score,26
reg__cot_direction__forest,reg,cot_direction,59,0.3898305084745763,0.38252314814814814,0.38111888111888115,0.4411764705882353,0.46875,0.45454545454545453,0.32,0.2962962962962963,0.3076923076923077,15,8,19,17,32,27,34,25,0.5,0.5445594773956608,0.4290991713065751,0.40740740740740744,,,0,uncalibrated_return_rank_score,26
reg__cot_direction__equal_ensemble,reg,cot_direction,59,0.4406779661016949,0.4409722222222222,0.4400345125107852,0.4827586206896552,0.4375,0.45901639344262296,0.4,0.4444444444444444,0.42105263157894735,14,12,15,18,32,27,29,30,0.5,0.5469449426835351,0.43751153933362485,0.4409722222222222,,,0,uncalibrated_return_rank_score,26
reg__weather_direction__linear,reg,weather_direction,59,0.4406779661016949,0.4380787037037037,0.4380952380952381,0.4838709677419355,0.46875,0.47619047619047616,0.39285714285714285,0.4074074074074074,0.4,15,11,16,17,32,27,31,28,0.5,0.5217180583481413,0.42460810140739186,0.43287037037037035,,,0,uncalibrated_return_rank_score,26
reg__weather_direction__xgb,reg,weather_direction,59,0.559322033898305,0.5416666666666666,0.5288697788697789,0.5714285714285714,0.75,0.6486486486486487,0.5294117647058824,0.3333333333333333,0.4090909090909091,24,9,18,8,32,27,42,17,0.5,0.5856955325725128,0.49974595266771576,0.5150462962962963,,,0,uncalibrated_return_rank_score,26
reg__weather_direction__forest,reg,weather_direction,59,0.5084745762711864,0.4976851851851852,0.49393670511682936,0.5405405405405406,0.625,0.5797101449275363,0.45454545454545453,0.37037037037037035,0.40816326530612246,20,10,17,12,32,27,37,22,0.5,0.6628594728936144,0.4861024826900663,0.5532407407407408,,,0,uncalibrated_return_rank_score,26
reg__weather_direction__equal_ensemble,reg,weather_direction,59,0.5084745762711864,0.5005787037037037,0.4992683640620427,0.5428571428571428,0.59375,0.5671641791044776,0.4583333333333333,0.4074074074074074,0.43137254901960786,19,11,16,13,32,27,35,24,0.5,0.5910518664645441,0.4586147951290604,0.4861111111111111,,,0,uncalibrated_return_rank_score,26
reg__engineered_direction__linear,reg,engineered_direction,59,0.4406779661016949,0.4496527777777778,0.4380952380952381,0.4782608695652174,0.34375,0.4,0.4166666666666667,0.5555555555555556,0.47619047619047616,11,15,12,21,32,27,23,36,0.5,0.4983516207448421,0.4597838135350179,0.4398148148148148,,,0,uncalibrated_return_rank_score,26
reg__engineered_direction__xgb,reg,engineered_direction,59,0.4915254237288136,0.47337962962962965,0.45638820638820643,0.5238095238095238,0.6875,0.5945945945945946,0.4117647058823529,0.25925925925925924,0.3181818181818182,22,7,20,10,32,27,42,17,0.5,0.5505103860507043,0.42077311331454686,0.4594907407407407,,,0,uncalibrated_return_rank_score,26
reg__engineered_direction__forest,reg,engineered_direction,59,0.5254237288135594,0.5133101851851851,0.5083333333333333,0.5526315789473685,0.65625,0.6,0.47619047619047616,0.37037037037037035,0.4166666666666667,21,10,17,11,32,27,38,21,0.5,0.5629210167804731,0.4449162050821053,0.4791666666666667,,,0,uncalibrated_return_rank_score,26
reg__engineered_direction__equal_ensemble,reg,engineered_direction,59,0.5423728813559322,0.5462962962962963,0.5423728813559322,0.5925925925925926,0.5,0.5423728813559322,0.5,0.5925925925925926,0.5423728813559322,16,16,11,16,32,27,27,32,0.5,0.5301209741641775,0.43353689679347845,0.4560185185185185,,,0,uncalibrated_return_rank_score,26
selected_direction,class,weather_direction,59,0.4915254237288136,0.49363425925925924,0.4913793103448276,0.5357142857142857,0.46875,0.5,0.45161290322580644,0.5185185185185185,0.4827586206896552,15,14,13,17,32,27,28,31,0.4750000000000001,0.542518568918143,0.4800835427076972,0.5046296296296297,0.2668037401933711,0.7294114179839938,0,probability_up,26
selected_return,reg,basic,59,0.4915254237288136,0.47627314814814814,0.46557971014492755,0.525,0.65625,0.5833333333333334,0.42105263157894735,0.2962962962962963,0.34782608695652173,21,8,19,11,32,27,40,19,0.5,0.5535285449385743,0.4470735121203183,0.45833333333333337,,,0,uncalibrated_return_rank_score,26
baseline_monthly_return,reg,previous,59,0.559322033898305,0.5474537037037037,0.5434523809523809,0.5789473684210527,0.6875,0.6285714285714286,0.5238095238095238,0.4074074074074074,0.4583333333333333,22,11,16,10,32,27,38,21,0.5,0.6736336152920488,0.520418159081997,0.5821759259259259,,,0,uncalibrated_return_rank_score,26
baseline_paper_return,reg,previous,59,0.5932203389830508,0.5960648148148149,0.593103448275862,0.6428571428571429,0.5625,0.6,0.5483870967741935,0.6296296296296297,0.5862068965517241,18,17,10,14,32,27,28,31,0.5,0.558153856047263,0.504132833094446,0.5393518518518519,,,0,uncalibrated_return_rank_score,26
baseline_mean_return,reg,previous,59,0.5423728813559322,0.5,0.3516483516483517,0.5423728813559322,1.0,0.7032967032967034,0.0,0.0,0.0,32,0,27,0,32,27,59,0,0.5,0.5019879762079502,0.42759175960260937,0.4380787037037037,,,0,uncalibrated_return_rank_score,26
baseline_zero_return,reg,previous,59,0.5423728813559322,0.5,0.3516483516483517,0.5423728813559322,1.0,0.7032967032967034,0.0,0.0,0.0,32,0,27,0,32,27,59,0,0.5,0.5423728813559322,0.4576271186440678,0.5,,,0,uncalibrated_return_rank_score,26
baseline_majority,baseline,previous,59,0.4576271186440678,0.5,0.313953488372093,0.0,0.0,0.0,0.4576271186440678,1.0,0.627906976744186,0,27,0,32,32,27,0,59,0.5,0.5039314712721863,0.42603738282226683,0.4438657407407407,0.25184120762543627,0.6968315873258214,0,probability_up,26
always_up,baseline,previous,59,0.5423728813559322,0.5,0.3516483516483517,0.5423728813559322,1.0,0.7032967032967034,0.0,0.0,0.0,32,0,27,0,32,27,59,0,0.5,0.5423728813559322,0.4576271186440678,0.5,0.4576271186440678,16.49455324586717,0,probability_up,26
always_down,baseline,previous,59,0.4576271186440678,0.5,0.313953488372093,0.0,0.0,0.0,0.4576271186440678,1.0,0.627906976744186,0,27,0,32,32,27,0,59,0.5,0.5423728813559322,0.4576271186440678,0.5,0.5423728813559322,19.549100143249987,0,probability_up,26
class__basic__linear,class,basic,59,0.4406779661016949,0.44588235294117645,0.4400345125107852,0.5185185185185185,0.4117647058823529,0.45901639344262296,0.375,0.48,0.42105263157894735,14,12,13,20,34,25,27,32,0.5000000000000001,0.5936430472921774,0.4191729532652386,0.4694117647058823,0.26528916805832625,0.7247458670280533,0,probability_up,27
class__basic__xgb,class,basic,59,0.4576271186440678,0.46058823529411763,0.45622119815668205,0.5357142857142857,0.4411764705882353,0.4838709677419355,0.3870967741935484,0.48,0.42857142857142855,15,12,13,19,34,25,28,31,0.5000000000000001,0.5782620589438154,0.45504515258141615,0.5011764705882353,0.2616746862797808,0.7177258436267873,0,probability_up,27
class__basic__forest,class,basic,59,0.4745762711864407,0.4752941176470588,0.4721500721500721,0.5517241379310345,0.47058823529411764,0.5079365079365079,0.4,0.48,0.43636363636363634,16,12,13,18,34,25,29,30,0.5000000000000001,0.623160147317435,0.44213580826655013,0.5070588235294118,0.2582464473614791,0.7102411949378709,0,probability_up,27
class__basic__equal_ensemble,class,basic,59,0.4406779661016949,0.44588235294117645,0.4400345125107852,0.5185185185185185,0.4117647058823529,0.45901639344262296,0.375,0.48,0.42105263157894735,14,12,13,20,34,25,27,32,0.5000000000000001,0.5933457818538913,0.44387680826010123,0.48235294117647054,0.2606320485146916,0.7151468251672601,0,probability_up,27
class__direction_core__linear,class,direction_core,59,0.3728813559322034,0.39235294117647057,0.36998556998557,0.42857142857142855,0.2647058823529412,0.32727272727272727,0.34210526315789475,0.52,0.4126984126984127,9,13,12,25,34,25,21,38,0.5250000000000001,0.5678523292383856,0.43863850035279534,0.4376470588235294,0.2809960710490894,0.7582326588580325,0,probability_up,27
class__direction_core__xgb,class,direction_core,59,0.4406779661016949,0.4405882352941176,0.4380952380952381,0.5172413793103449,0.4411764705882353,0.47619047619047616,0.36666666666666664,0.44,0.4,15,11,14,19,34,25,29,30,0.5000000000000001,0.5484246418404669,0.3764989328181435,0.4023529411764706,0.2702954541006599,0.7345531706832746,0,probability_up,27
class__direction_core__forest,class,direction_core,59,0.423728813559322,0.42058823529411765,0.4195601851851852,0.5,0.4411764705882353,0.46875,0.3448275862068966,0.4,0.37037037037037035,15,10,15,19,34,25,30,29,0.5000000000000001,0.5490517598410264,0.34429056841311856,0.36823529411764705,0.280919139855041,0.757075481475857,0,probability_up,27
class__direction_core__equal_ensemble,class,direction_core,59,0.423728813559322,0.43647058823529417,0.4235632183908046,0.5,0.35294117647058826,0.41379310344827586,0.37142857142857144,0.52,0.43333333333333335,12,13,12,22,34,25,24,35,0.5250000000000001,0.5490877838569399,0.39100752876724965,0.3964705882352942,0.27524548655183173,0.7449891026388413,0,probability_up,27
class__price_direction__linear,class,price_direction,59,0.423728813559322,0.42058823529411765,0.4195601851851852,0.5,0.4411764705882353,0.46875,0.3448275862068966,0.4,0.37037037037037035,15,10,15,19,34,25,30,29,0.4750000000000001,0.512250040884034,0.4278705373273811,0.42588235294117655,0.2954996794875766,0.7923454507970941,0,probability_up,27
class__price_direction__xgb,class,price_direction,59,0.4745762711864407,0.4964705882352941,0.4721500721500721,0.5714285714285714,0.35294117647058826,0.43636363636363634,0.42105263157894735,0.64,0.5079365079365079,12,16,9,22,34,25,21,38,0.5250000000000001,0.5323138545875539,0.41025146213854047,0.4529411764705883,0.2775240730511259,0.7519394600534771,0,probability_up,27
class__price_direction__forest,class,price_direction,59,0.4915254237288136,0.5323529411764706,0.4732142857142857,0.6428571428571429,0.2647058823529412,0.375,0.4444444444444444,0.8,0.5714285714285714,9,20,5,25,34,25,14,45,0.5750000000000002,0.591309720501353,0.4913783584548343,0.5223529411764706,0.2703574492612716,0.7388046971762803,0,probability_up,27
class__price_direction__equal_ensemble,class,price_direction,59,0.5084745762711864,0.5258823529411765,0.5079091170549324,0.6086956521739131,0.4117647058823529,0.49122807017543857,0.4444444444444444,0.64,0.5245901639344263,14,16,9,20,34,25,23,36,0.5250000000000001,0.5300094112525217,0.4249114371360647,0.44823529411764707,0.27797214397094683,0.7531784700449853,0,probability_up,27
class__cot_direction__linear,class,cot_direction,59,0.4576271186440678,0.46058823529411763,0.45622119815668205,0.5357142857142857,0.4411764705882353,0.4838709677419355,0.3870967741935484,0.48,0.42857142857142855,15,12,13,19,34,25,28,31,0.45000000000000007,0.5554369522058453,0.38354616757293303,0.43647058823529417,0.3093395097012284,0.8499095374260053,0,probability_up,27
class__cot_direction__xgb,class,cot_direction,59,0.423728813559322,0.42058823529411765,0.4195601851851852,0.5,0.4411764705882353,0.46875,0.3448275862068966,0.4,0.37037037037037035,15,10,15,19,34,25,30,29,0.4750000000000001,0.5273426534817311,0.3680218114256807,0.3811764705882353,0.2796825932884484,0.7548584273360499,0,probability_up,27
class__cot_direction__forest,class,cot_direction,59,0.4745762711864407,0.48058823529411765,0.47397181478285877,0.5555555555555556,0.4411764705882353,0.4918032786885246,0.40625,0.52,0.45614035087719296,15,13,12,19,34,25,27,32,0.5250000000000001,0.5297867106109888,0.3558346268980839,0.37529411764705883,0.296464591522327,0.7939645891819245,0,probability_up,27
class__cot_direction__equal_ensemble,class,cot_direction,59,0.4067796610169492,0.3952941176470588,0.39566871524729297,0.48484848484848486,0.47058823529411764,0.47761194029850745,0.3076923076923077,0.32,0.3137254901960784,16,8,17,18,34,25,33,26,0.45000000000000007,0.5571363097236889,0.36963486915358346,0.3964705882352941,0.29004635607498047,0.7779970434041898,0,probability_up,27
class__weather_direction__linear,class,weather_direction,59,0.4406779661016949,0.46705882352941175,0.43483309143686505,0.5263157894736842,0.29411764705882354,0.37735849056603776,0.4,0.64,0.49230769230769234,10,16,9,24,34,25,19,40,0.5250000000000001,0.5756364971766939,0.4183166661869119,0.4541176470588235,0.2995763804568536,0.8111139117441177,0,probability_up,27
class__weather_direction__xgb,class,weather_direction,59,0.559322033898305,0.5223529411764706,0.5083333333333333,0.5909090909090909,0.7647058823529411,0.6666666666666666,0.4666666666666667,0.28,0.35,26,7,18,8,34,25,44,15,0.42500000000000004,0.5656975474792346,0.4616430177627091,0.4811764705882353,0.26339986658971887,0.7210560501532087,0,probability_up,27
class__weather_direction__forest,class,weather_direction,59,0.4745762711864407,0.48058823529411765,0.47397181478285877,0.5555555555555556,0.4411764705882353,0.4918032786885246,0.40625,0.52,0.45614035087719296,15,13,12,19,34,25,27,32,0.4750000000000001,0.6000659718289924,0.4273003527693813,0.48823529411764705,0.27168041569727946,0.7388915770757362,0,probability_up,27
class__weather_direction__equal_ensemble,class,weather_direction,59,0.4576271186440678,0.46058823529411763,0.45622119815668205,0.5357142857142857,0.4411764705882353,0.4838709677419355,0.3870967741935484,0.48,0.42857142857142855,15,12,13,19,34,25,28,31,0.4750000000000001,0.5559025573165628,0.4453507648746588,0.47411764705882353,0.27162558967272377,0.7387468879307865,0,probability_up,27
class__engineered_direction__linear,class,engineered_direction,59,0.4406779661016949,0.4564705882352942,0.4400345125107852,0.5217391304347826,0.35294117647058826,0.42105263157894735,0.3888888888888889,0.56,0.45901639344262296,12,14,11,22,34,25,23,36,0.35,0.5755883527107631,0.468803985875669,0.48823529411764705,0.3858772701880689,1.0968122640055304,0,probability_up,27
class__engineered_direction__xgb,class,engineered_direction,59,0.4915254237288136,0.4582352941176471,0.44548872180451127,0.5476190476190477,0.6764705882352942,0.6052631578947368,0.35294117647058826,0.24,0.2857142857142857,23,6,19,11,34,25,42,17,0.45000000000000007,0.5471109224169289,0.37692376957074875,0.42117647058823526,0.27052989399417443,0.7356226205884948,0,probability_up,27
class__engineered_direction__forest,class,engineered_direction,59,0.423728813559322,0.42058823529411765,0.4195601851851852,0.5,0.4411764705882353,0.46875,0.3448275862068966,0.4,0.37037037037037035,15,10,15,19,34,25,30,29,0.4750000000000001,0.5571726753868181,0.38226800438654995,0.43058823529411766,0.27478864092716276,0.74534912455704,0,probability_up,27
class__engineered_direction__equal_ensemble,class,engineered_direction,59,0.5084745762711864,0.49941176470588233,0.4992683640620427,0.5757575757575758,0.5588235294117647,0.5671641791044776,0.4230769230769231,0.44,0.43137254901960786,19,11,14,15,34,25,33,26,0.4,0.5474221429767018,0.3997931714684289,0.4329411764705883,0.2943125065496031,0.7872453605956036,0,probability_up,27
reg__basic__linear,reg,basic,59,0.4915254237288136,0.47941176470588237,0.47941176470588237,0.5588235294117647,0.5588235294117647,0.5588235294117647,0.4,0.4,0.4,19,10,15,15,34,25,34,25,0.5,0.561969570320282,0.4421860885350778,0.4776470588235294,,,0,uncalibrated_return_rank_score,27
reg__basic__xgb,reg,basic,59,0.4915254237288136,0.4635294117647059,0.45638820638820643,0.55,0.6470588235294118,0.5945945945945946,0.3684210526315789,0.28,0.3181818181818182,22,7,18,12,34,25,40,19,0.5,0.6074575637799272,0.4793394065372886,0.5047058823529412,,,0,uncalibrated_return_rank_score,27
reg__basic__forest,reg,basic,59,0.5084745762711864,0.4888235294117647,0.4872640095894516,0.5675675675675675,0.6176470588235294,0.5915492957746479,0.4090909090909091,0.36,0.3829787234042553,21,9,16,13,34,25,37,22,0.5,0.6338742353036433,0.4786877628988834,0.5329411764705883,,,0,uncalibrated_return_rank_score,27
reg__basic__equal_ensemble,reg,basic,59,0.5423728813559322,0.5235294117647059,0.522625112376386,0.5945945945945946,0.6470588235294118,0.6197183098591549,0.45454545454545453,0.4,0.425531914893617,22,10,15,12,34,25,37,22,0.5,0.5970671059443918,0.48440007106867794,0.5047058823529411,,,0,uncalibrated_return_rank_score,27
reg__direction_core__linear,reg,direction_core,59,0.4067796610169492,0.41117647058823525,0.4060972102387115,0.48148148148148145,0.38235294117647056,0.4262295081967213,0.34375,0.44,0.38596491228070173,13,11,14,21,34,25,27,32,0.5,0.5657795187139212,0.43507543508228413,0.43176470588235294,,,0,uncalibrated_return_rank_score,27
reg__direction_core__xgb,reg,direction_core,59,0.4406779661016949,0.4088235294117647,0.39627906976744187,0.5121951219512195,0.6176470588235294,0.56,0.2777777777777778,0.2,0.23255813953488372,21,5,20,13,34,25,41,18,0.5,0.566609267318447,0.4167843378343592,0.39764705882352935,,,0,uncalibrated_return_rank_score,27
reg__direction_core__forest,reg,direction_core,59,0.4576271186440678,0.42352941176470593,0.4085213032581454,0.5238095238095238,0.6470588235294118,0.5789473684210527,0.29411764705882354,0.2,0.23809523809523808,22,5,20,12,34,25,42,17,0.5,0.5933159658390161,0.39712283149911354,0.43058823529411766,,,0,uncalibrated_return_rank_score,27
reg__direction_core__equal_ensemble,reg,direction_core,59,0.4067796610169492,0.3847058823529412,0.38118070122864844,0.4864864864864865,0.5294117647058824,0.5070422535211268,0.2727272727272727,0.24,0.2553191489361702,18,6,19,16,34,25,37,22,0.5,0.5663404731852663,0.42279840692152,0.4011764705882353,,,0,uncalibrated_return_rank_score,27
reg__price_direction__linear,reg,price_direction,59,0.4406779661016949,0.43,0.4302019315188762,0.5151515151515151,0.5,0.5074626865671642,0.34615384615384615,0.36,0.35294117647058826,17,9,16,17,34,25,33,26,0.5,0.528267216623845,0.47917690834409477,0.4458823529411765,,,0,uncalibrated_return_rank_score,27
reg__price_direction__xgb,reg,price_direction,59,0.4576271186440678,0.4394117647058824,0.4380952380952381,0.5277777777777778,0.5588235294117647,0.5428571428571428,0.34782608695652173,0.32,0.3333333333333333,19,8,17,15,34,25,36,23,0.5,0.5750137939649388,0.4514374565071654,0.4623529411764706,,,0,uncalibrated_return_rank_score,27
reg__price_direction__forest,reg,price_direction,59,0.4576271186440678,0.4447058823529412,0.4447058823529412,0.5294117647058824,0.5294117647058824,0.5294117647058824,0.36,0.36,0.36,18,9,16,16,34,25,34,25,0.5,0.5409435926580384,0.48224285079133566,0.4658823529411764,,,0,uncalibrated_return_rank_score,27
reg__price_direction__equal_ensemble,reg,price_direction,59,0.423728813559322,0.4047058823529412,0.4029761904761905,0.5,0.5294117647058824,0.5142857142857142,0.30434782608695654,0.28,0.2916666666666667,18,7,18,16,34,25,36,23,0.5,0.5341570501146171,0.4655960318493446,0.4505882352941176,,,0,uncalibrated_return_rank_score,27
reg__cot_direction__linear,reg,cot_direction,59,0.4745762711864407,0.49117647058823527,0.47397181478285877,0.5652173913043478,0.38235294117647056,0.45614035087719296,0.4166666666666667,0.6,0.4918032786885246,13,15,10,21,34,25,23,36,0.5,0.5572074280523315,0.3888455629093708,0.43176470588235294,,,0,uncalibrated_return_rank_score,27
reg__cot_direction__xgb,reg,cot_direction,59,0.4576271186440678,0.4288235294117647,0.4201474201474201,0.525,0.6176470588235294,0.5675675675675675,0.3157894736842105,0.24,0.2727272727272727,21,6,19,13,34,25,40,19,0.5,0.5500162285826544,0.3864910926826772,0.39294117647058824,,,0,uncalibrated_return_rank_score,27
reg__cot_direction__forest,reg,cot_direction,59,0.3728813559322034,0.3552941176470588,0.3543330375628512,0.45714285714285713,0.47058823529411764,0.463768115942029,0.25,0.24,0.24489795918367346,16,6,19,18,34,25,35,24,0.5,0.5562274360868077,0.40220470743387954,0.40588235294117647,,,0,uncalibrated_return_rank_score,27
reg__cot_direction__equal_ensemble,reg,cot_direction,59,0.3728813559322034,0.3711764705882353,0.36998556998557,0.4482758620689655,0.38235294117647056,0.4126984126984127,0.3,0.36,0.32727272727272727,13,9,16,21,34,25,29,30,0.5,0.5636977361071818,0.3778060381890529,0.39529411764705885,,,0,uncalibrated_return_rank_score,27
reg__weather_direction__linear,reg,weather_direction,59,0.4406779661016949,0.43,0.4302019315188762,0.5151515151515151,0.5,0.5074626865671642,0.34615384615384615,0.36,0.35294117647058826,17,9,16,17,34,25,33,26,0.5,0.5717668269606379,0.39855663599676755,0.43529411764705883,,,0,uncalibrated_return_rank_score,27
reg__weather_direction__xgb,reg,weather_direction,59,0.4915254237288136,0.4635294117647059,0.45638820638820643,0.55,0.6470588235294118,0.5945945945945946,0.3684210526315789,0.28,0.3181818181818182,22,7,18,12,34,25,40,19,0.5,0.5911446229783596,0.4395843485773746,0.44,,,0,uncalibrated_return_rank_score,27
reg__weather_direction__forest,reg,weather_direction,59,0.4406779661016949,0.43,0.4302019315188762,0.5151515151515151,0.5,0.5074626865671642,0.34615384615384615,0.36,0.35294117647058826,17,9,16,17,34,25,33,26,0.5,0.5961956867569825,0.4095359254529707,0.43882352941176467,,,0,uncalibrated_return_rank_score,27
reg__weather_direction__equal_ensemble,reg,weather_direction,59,0.4576271186440678,0.4394117647058824,0.4380952380952381,0.5277777777777778,0.5588235294117647,0.5428571428571428,0.34782608695652173,0.32,0.3333333333333333,19,8,17,15,34,25,36,23,0.5,0.5840909851967149,0.42432408823038265,0.4294117647058824,,,0,uncalibrated_return_rank_score,27
reg__engineered_direction__linear,reg,engineered_direction,59,0.4576271186440678,0.4711764705882353,0.4574712643678161,0.5416666666666666,0.38235294117647056,0.4482758620689655,0.4,0.56,0.4666666666666667,13,14,11,21,34,25,24,35,0.5,0.5399623345686025,0.3984260116473939,0.4352941176470587,,,0,uncalibrated_return_rank_score,27
reg__engineered_direction__xgb,reg,engineered_direction,59,0.4915254237288136,0.4582352941176471,0.44548872180451127,0.5476190476190477,0.6764705882352942,0.6052631578947368,0.35294117647058826,0.24,0.2857142857142857,23,6,19,11,34,25,42,17,0.5,0.5689112029352605,0.4270165099572912,0.46235294117647063,,,0,uncalibrated_return_rank_score,27
reg__engineered_direction__forest,reg,engineered_direction,59,0.4745762711864407,0.44882352941176473,0.44322678843226787,0.5384615384615384,0.6176470588235294,0.5753424657534246,0.35,0.28,0.3111111111111111,21,7,18,13,34,25,39,20,0.5,0.5557798910009446,0.3974099503511257,0.4329411764705882,,,0,uncalibrated_return_rank_score,27
reg__engineered_direction__equal_ensemble,reg,engineered_direction,59,0.4745762711864407,0.4647058823529412,0.46473514779045944,0.5454545454545454,0.5294117647058824,0.5373134328358209,0.38461538461538464,0.4,0.39215686274509803,18,10,15,16,34,25,33,26,0.5,0.553526758040125,0.4084709646639074,0.44352941176470595,,,0,uncalibrated_return_rank_score,27
selected_direction,class,weather_direction,59,0.4576271186440678,0.46058823529411763,0.45622119815668205,0.5357142857142857,0.4411764705882353,0.4838709677419355,0.3870967741935484,0.48,0.42857142857142855,15,12,13,19,34,25,28,31,0.4750000000000001,0.5559025573165628,0.4453507648746588,0.47411764705882353,0.27162558967272377,0.7387468879307865,0,probability_up,27
selected_return,reg,basic,59,0.4915254237288136,0.4635294117647059,0.45638820638820643,0.55,0.6470588235294118,0.5945945945945946,0.3684210526315789,0.28,0.3181818181818182,22,7,18,12,34,25,40,19,0.5,0.6074575637799272,0.4793394065372886,0.5047058823529412,,,0,uncalibrated_return_rank_score,27
baseline_monthly_return,reg,previous,59,0.5423728813559322,0.5235294117647059,0.522625112376386,0.5945945945945946,0.6470588235294118,0.6197183098591549,0.45454545454545453,0.4,0.425531914893617,22,10,15,12,34,25,37,22,0.5,0.6638727993054262,0.5283380406244833,0.571764705882353,,,0,uncalibrated_return_rank_score,27
baseline_paper_return,reg,previous,59,0.4915254237288136,0.49529411764705883,0.4902073732718894,0.5714285714285714,0.47058823529411764,0.5161290322580645,0.41935483870967744,0.52,0.4642857142857143,16,13,12,18,34,25,28,31,0.5,0.5862692721664401,0.45400744668834214,0.48352941176470593,,,0,uncalibrated_return_rank_score,27
baseline_mean_return,reg,previous,59,0.576271186440678,0.5,0.3655913978494624,0.576271186440678,1.0,0.7311827956989247,0.0,0.0,0.0,34,0,25,0,34,25,59,0,0.5,0.5492500411061774,0.3878271405439651,0.4317647058823529,,,0,uncalibrated_return_rank_score,27
baseline_zero_return,reg,previous,59,0.576271186440678,0.5,0.3655913978494624,0.576271186440678,1.0,0.7311827956989247,0.0,0.0,0.0,34,0,25,0,34,25,59,0,0.5,0.576271186440678,0.423728813559322,0.5,,,0,uncalibrated_return_rank_score,27
baseline_majority,baseline,previous,59,0.423728813559322,0.5,0.2976190476190476,0.0,0.0,0.0,0.423728813559322,1.0,0.5952380952380952,0,25,0,34,34,25,0,59,0.5,0.5127685924541384,0.3744070063479021,0.40352941176470586,0.2532060720579227,0.6995627876151617,0,probability_up,27
always_up,baseline,previous,59,0.576271186440678,0.5,0.3655913978494624,0.576271186440678,1.0,0.7311827956989247,0.0,0.0,0.0,34,0,25,0,34,25,59,0,0.5,0.576271186440678,0.423728813559322,0.5,0.423728813559322,15.272734486914048,0,probability_up,27
always_down,baseline,previous,59,0.423728813559322,0.5,0.2976190476190476,0.0,0.0,0.0,0.423728813559322,1.0,0.5952380952380952,0,25,0,34,34,25,0,59,0.5,0.576271186440678,0.423728813559322,0.5,0.576271186440678,20.77091890220311,0,probability_up,27
class__basic__linear,class,basic,59,0.5084745762711864,0.511520737327189,0.5079091170549324,0.5384615384615384,0.45161290322580644,0.49122807017543857,0.48484848484848486,0.5714285714285714,0.5245901639344263,14,16,12,17,31,28,26,33,0.5000000000000001,0.5726858328010797,0.5301758705366679,0.5587557603686637,0.2515599788987882,0.6973496376234538,0,probability_up,28
class__basic__xgb,class,basic,59,0.5084745762711864,0.5080645161290323,0.5079091170549324,0.5333333333333333,0.5161290322580645,0.5245901639344263,0.4827586206896552,0.5,0.49122807017543857,16,14,14,15,31,28,30,29,0.5000000000000001,0.6154385617134126,0.5964931666649224,0.5887096774193549,0.24368941252747953,0.680409701640996,0,probability_up,28
class__basic__forest,class,basic,59,0.559322033898305,0.5599078341013825,0.5591954022988506,0.5862068965517241,0.5483870967741935,0.5666666666666667,0.5333333333333333,0.5714285714285714,0.5517241379310345,17,16,12,14,31,28,29,30,0.5000000000000001,0.6469617115308333,0.6367580728468589,0.6221198156682027,0.2402525871804331,0.6731060002555849,0,probability_up,28
class__basic__equal_ensemble,class,basic,59,0.5423728813559322,0.543778801843318,0.5423728813559322,0.5714285714285714,0.5161290322580645,0.5423728813559322,0.5161290322580645,0.5714285714285714,0.5423728813559322,16,16,12,15,31,28,28,31,0.5000000000000001,0.6071264497277854,0.5935450273110386,0.5944700460829494,0.2437934420489491,0.6805988232906632,0,probability_up,28
class__direction_core__linear,class,direction_core,59,0.4576271186440678,0.4631336405529954,0.4537037037037037,0.4782608695652174,0.3548387096774194,0.4074074074074074,0.4444444444444444,0.5714285714285714,0.5,11,16,12,20,31,28,23,36,0.5250000000000001,0.5815383809463571,0.5203055400889537,0.5138248847926268,0.2637240264296198,0.7218415182438255,0,probability_up,28
class__direction_core__xgb,class,direction_core,59,0.4915254237288136,0.49366359447004604,0.4913793103448276,0.5185185185185185,0.45161290322580644,0.4827586206896552,0.46875,0.5357142857142857,0.5,14,15,13,17,31,28,27,32,0.5000000000000001,0.5387299892687157,0.45312799745924437,0.46889400921658986,0.26089710919635506,0.7154917336222434,0,probability_up,28
class__direction_core__forest,class,direction_core,59,0.5084745762711864,0.5097926267281105,0.5084745762711864,0.5357142857142857,0.4838709677419355,0.5084745762711864,0.4838709677419355,0.5357142857142857,0.5084745762711864,15,15,13,16,31,28,28,31,0.5000000000000001,0.5347012955445338,0.4694818772268283,0.46082949308755755,0.2652253882977793,0.7248245280971412,0,probability_up,28
class__direction_core__equal_ensemble,class,direction_core,59,0.4915254237288136,0.49711981566820274,0.4878472222222222,0.5217391304347826,0.3870967741935484,0.4444444444444444,0.4722222222222222,0.6071428571428571,0.53125,12,17,11,19,31,28,23,36,0.5250000000000001,0.5511805621662398,0.4918995232048006,0.48502304147465436,0.26131974858212026,0.7166403640665651,0,probability_up,28
class__price_direction__linear,class,price_direction,59,0.5084745762711864,0.5080645161290323,0.5079091170549324,0.5333333333333333,0.5161290322580645,0.5245901639344263,0.4827586206896552,0.5,0.49122807017543857,16,14,14,15,31,28,30,29,0.4750000000000001,0.5501927009210618,0.5224688154306714,0.5241935483870968,0.26892760950747985,0.7370285847771016,0,probability_up,28
class__price_direction__xgb,class,price_direction,59,0.4915254237288136,0.49711981566820274,0.4878472222222222,0.5217391304347826,0.3870967741935484,0.4444444444444444,0.4722222222222222,0.6071428571428571,0.53125,12,17,11,19,31,28,23,36,0.5250000000000001,0.5391070539322776,0.5498317168348885,0.5391705069124424,0.25910252476717505,0.7129353721676754,0,probability_up,28
class__price_direction__forest,class,price_direction,59,0.4745762711864407,0.48271889400921664,0.46473514779045944,0.5,0.3225806451612903,0.39215686274509803,0.46153846153846156,0.6428571428571429,0.5373134328358209,10,18,10,21,31,28,20,39,0.5750000000000002,0.5395931162405597,0.5914284845128469,0.5495391705069124,0.2566395097428793,0.7077251156953724,0,probability_up,28
class__price_direction__equal_ensemble,class,price_direction,59,0.4915254237288136,0.49884792626728114,0.48426573426573427,0.5238095238095238,0.3548387096774194,0.4230769230769231,0.47368421052631576,0.6428571428571429,0.5454545454545454,11,18,10,20,31,28,21,38,0.5250000000000001,0.5350253420678556,0.5623126801467409,0.5460829493087558,0.25832105611509343,0.711992107259087,0,probability_up,28
class__cot_direction__linear,class,cot_direction,59,0.4915254237288136,0.49539170506912444,0.4902073732718894,0.52,0.41935483870967744,0.4642857142857143,0.47058823529411764,0.5714285714285714,0.5161290322580645,13,16,12,18,31,28,25,34,0.45000000000000007,0.5435718099183628,0.5023645768959712,0.49654377880184336,0.2848510645201297,0.7785401850412764,0,probability_up,28
class__cot_direction__xgb,class,cot_direction,59,0.4745762711864407,0.4740783410138249,0.47397181478285877,0.5,0.4838709677419355,0.4918032786885246,0.4482758620689655,0.4642857142857143,0.45614035087719296,15,13,15,16,31,28,30,29,0.4750000000000001,0.5062942404243149,0.4736232965680699,0.45622119815668205,0.26933210763814297,0.7332615462491038,0,probability_up,28
class__cot_direction__forest,class,cot_direction,59,0.423728813559322,0.4326036866359447,0.41000000000000003,0.42105263157894735,0.25806451612903225,0.32,0.425,0.6071428571428571,0.5,8,17,11,23,31,28,19,40,0.5250000000000001,0.5075110529943667,0.4654025049499531,0.4688940092165899,0.2762950902708146,0.750772751840243,0,probability_up,28
class__cot_direction__equal_ensemble,class,cot_direction,59,0.4915254237288136,0.49193548387096775,0.4913793103448276,0.5172413793103449,0.4838709677419355,0.5,0.4666666666666667,0.5,0.4827586206896552,15,14,14,16,31,28,29,30,0.45000000000000007,0.532938213452565,0.4714273360683569,0.478110599078341,0.2712823195951502,0.7398017369490841,0,probability_up,28
class__weather_direction__linear,class,weather_direction,59,0.5254237288135594,0.5311059907834101,0.5219907407407407,0.5652173913043478,0.41935483870967744,0.48148148148148145,0.5,0.6428571428571429,0.5625,13,18,10,18,31,28,23,36,0.5250000000000001,0.5692632222153812,0.5984159648322187,0.5587557603686636,0.2651259386155083,0.7339101321586905,0,probability_up,28
class__weather_direction__xgb,class,weather_direction,59,0.4915254237288136,0.4746543778801843,0.41776315789473684,0.5102040816326531,0.8064516129032258,0.625,0.4,0.14285714285714285,0.21052631578947367,25,4,24,6,31,28,49,10,0.42500000000000004,0.5438922283378474,0.5365361256973945,0.5437788018433181,0.2535649032453806,0.7021840109596064,0,probability_up,28
class__weather_direction__forest,class,weather_direction,59,0.576271186440678,0.5760368663594471,0.5757837215990796,0.6,0.5806451612903226,0.5901639344262295,0.5517241379310345,0.5714285714285714,0.5614035087719298,18,16,12,13,31,28,30,29,0.4750000000000001,0.5856567522920182,0.5342159333139885,0.554147465437788,0.2554921877199972,0.7065214155831627,0,probability_up,28
class__weather_direction__equal_ensemble,class,weather_direction,59,0.5254237288135594,0.5224654377880185,0.5219907407407407,0.5454545454545454,0.5806451612903226,0.5625,0.5,0.4642857142857143,0.48148148148148145,18,13,15,13,31,28,33,26,0.4750000000000001,0.5503387558987505,0.621047333798306,0.5564516129032258,0.2515108168628382,0.6972456160292265,0,probability_up,28
class__engineered_direction__linear,class,engineered_direction,59,0.5254237288135594,0.5311059907834101,0.5219907407407407,0.5652173913043478,0.41935483870967744,0.48148148148148145,0.5,0.6428571428571429,0.5625,13,18,10,18,31,28,23,36,0.35,0.6027742205751765,0.6549601889044705,0.5967741935483871,0.3262745517750282,0.9006706596644408,0,probability_up,28
class__engineered_direction__xgb,class,engineered_direction,59,0.5423728813559322,0.5316820276497696,0.5150684931506849,0.5476190476190477,0.7419354838709677,0.6301369863013698,0.5294117647058824,0.32142857142857145,0.4,23,9,19,8,31,28,42,17,0.45000000000000007,0.5626710184115487,0.4868764758564558,0.5288018433179723,0.25588905044797583,0.705722092372219,0,probability_up,28
class__engineered_direction__forest,class,engineered_direction,59,0.5254237288135594,0.5224654377880185,0.5219907407407407,0.5454545454545454,0.5806451612903226,0.5625,0.5,0.4642857142857143,0.48148148148148145,18,13,15,13,31,28,33,26,0.4750000000000001,0.5202582675044489,0.4856583954055127,0.49539170506912433,0.2612517564657837,0.7172442701739825,0,probability_up,28
class__engineered_direction__equal_ensemble,class,engineered_direction,59,0.576271186440678,0.5725806451612903,0.5718432510885341,0.5882352941176471,0.6451612903225806,0.6153846153846154,0.56,0.5,0.5283018867924528,20,14,14,11,31,28,34,25,0.4,0.5626906152014404,0.5467412239355013,0.5725806451612903,0.26362795955336565,0.7234170754055944,0,probability_up,28
reg__basic__linear,reg,basic,59,0.4745762711864407,0.47062211981566815,0.4690856313497823,0.5,0.5483870967741935,0.5230769230769231,0.44,0.39285714285714285,0.41509433962264153,17,11,17,14,31,28,34,25,0.5,0.5922064300799985,0.5552533387967354,0.5564516129032258,,,0,uncalibrated_return_rank_score,28
reg__basic__xgb,reg,basic,59,0.5423728813559322,0.5351382488479263,0.5288376220053239,0.5526315789473685,0.6774193548387096,0.6086956521739131,0.5238095238095238,0.39285714285714285,0.4489795918367347,21,11,17,10,31,28,38,21,0.5,0.5707281578018362,0.5741960480773506,0.5138248847926267,,,0,uncalibrated_return_rank_score,28
reg__basic__forest,reg,basic,59,0.6101694915254238,0.603110599078341,0.5986394557823129,0.6052631578947368,0.7419354838709677,0.6666666666666666,0.6190476190476191,0.4642857142857143,0.5306122448979592,23,13,15,8,31,28,38,21,0.5,0.5267548215102092,0.5766072164940513,0.5092165898617511,,,0,uncalibrated_return_rank_score,28
reg__basic__equal_ensemble,reg,basic,59,0.5423728813559322,0.5351382488479263,0.5288376220053239,0.5526315789473685,0.6774193548387096,0.6086956521739131,0.5238095238095238,0.39285714285714285,0.4489795918367347,21,11,17,10,31,28,38,21,0.5,0.5537916430900958,0.5636850240615299,0.5345622119815668,,,0,uncalibrated_return_rank_score,28
reg__direction_core__linear,reg,direction_core,59,0.4576271186440678,0.45794930875576034,0.4574712643678161,0.4827586206896552,0.45161290322580644,0.4666666666666667,0.43333333333333335,0.4642857142857143,0.4482758620689655,14,13,15,17,31,28,29,30,0.5,0.5608500039639028,0.544875311326291,0.5,,,0,uncalibrated_return_rank_score,28
reg__direction_core__xgb,reg,direction_core,59,0.5084745762711864,0.4976958525345622,0.4791476407914764,0.5238095238095238,0.7096774193548387,0.6027397260273972,0.47058823529411764,0.2857142857142857,0.35555555555555557,22,8,20,9,31,28,42,17,0.5,0.5803710820743215,0.4987969654190064,0.46889400921658986,,,0,uncalibrated_return_rank_score,28
reg__direction_core__forest,reg,direction_core,59,0.4745762711864407,0.4637096774193548,0.44322678843226787,0.5,0.6774193548387096,0.5753424657534246,0.4117647058823529,0.25,0.3111111111111111,21,7,21,10,31,28,42,17,0.5,0.5722905409149628,0.493711130787744,0.4781105990783411,,,0,uncalibrated_return_rank_score,28
reg__direction_core__equal_ensemble,reg,direction_core,59,0.5084745762711864,0.49942396313364057,0.4872640095894516,0.525,0.6774193548387096,0.5915492957746479,0.47368421052631576,0.32142857142857145,0.3829787234042553,21,9,19,10,31,28,40,19,0.5,0.5779522630799938,0.5066857842174939,0.4815668202764977,,,0,uncalibrated_return_rank_score,28
reg__price_direction__linear,reg,price_direction,59,0.4745762711864407,0.4740783410138249,0.47397181478285877,0.5,0.4838709677419355,0.4918032786885246,0.4482758620689655,0.4642857142857143,0.45614035087719296,15,13,15,16,31,28,30,29,0.5,0.5947398151455572,0.5744974390130938,0.5403225806451613,,,0,uncalibrated_return_rank_score,28
reg__price_direction__xgb,reg,price_direction,59,0.4915254237288136,0.48675115207373276,0.48426573426573427,0.5142857142857142,0.5806451612903226,0.5454545454545454,0.4583333333333333,0.39285714285714285,0.4230769230769231,18,11,17,13,31,28,35,24,0.5,0.5189477147331472,0.5477281771189113,0.5,,,0,uncalibrated_return_rank_score,28
reg__price_direction__forest,reg,price_direction,59,0.5254237288135594,0.5241935483870968,0.5241935483870968,0.5483870967741935,0.5483870967741935,0.5483870967741935,0.5,0.5,0.5,17,14,14,14,31,28,31,28,0.5,0.48388517919189267,0.5479182283515635,0.47235023041474655,,,0,uncalibrated_return_rank_score,28
reg__price_direction__equal_ensemble,reg,price_direction,59,0.559322033898305,0.5564516129032258,0.5561342592592593,0.5757575757575758,0.6129032258064516,0.59375,0.5384615384615384,0.5,0.5185185185185185,19,14,14,12,31,28,33,26,0.5,0.5064487358105089,0.55629096015852,0.5,,,0,uncalibrated_return_rank_score,28
reg__cot_direction__linear,reg,cot_direction,59,0.4915254237288136,0.49711981566820274,0.4878472222222222,0.5217391304347826,0.3870967741935484,0.4444444444444444,0.4722222222222222,0.6071428571428571,0.53125,12,17,11,19,31,28,23,36,0.5,0.549483064480857,0.49850357353728203,0.49884792626728114,,,0,uncalibrated_return_rank_score,28
reg__cot_direction__xgb,reg,cot_direction,59,0.5084745762711864,0.5011520737327189,0.49393670511682936,0.5263157894736842,0.6451612903225806,0.5797101449275363,0.47619047619047616,0.35714285714285715,0.40816326530612246,20,10,18,11,31,28,38,21,0.5,0.515421288865685,0.5014823417385411,0.45852534562211983,,,0,uncalibrated_return_rank_score,28
reg__cot_direction__forest,reg,cot_direction,59,0.4406779661016949,0.43663594470046085,0.43483309143686505,0.47058823529411764,0.5161290322580645,0.49230769230769234,0.4,0.35714285714285715,0.37735849056603776,16,10,18,15,31,28,34,25,0.5,0.5163926623019894,0.4756212857649113,0.45506912442396313,,,0,uncalibrated_return_rank_score,28
reg__cot_direction__equal_ensemble,reg,cot_direction,59,0.4915254237288136,0.4902073732718894,0.4902073732718894,0.5161290322580645,0.5161290322580645,0.5161290322580645,0.4642857142857143,0.4642857142857143,0.4642857142857143,16,13,15,15,31,28,31,28,0.5,0.5424181454640319,0.49069627212543104,0.4804147465437788,,,0,uncalibrated_return_rank_score,28
reg__weather_direction__linear,reg,weather_direction,59,0.4915254237288136,0.48847926267281105,0.4878472222222222,0.5151515151515151,0.5483870967741935,0.53125,0.46153846153846156,0.42857142857142855,0.4444444444444444,17,12,16,14,31,28,33,26,0.5,0.5980836986959002,0.5885537487101026,0.5576036866359447,,,0,uncalibrated_return_rank_score,28
reg__weather_direction__xgb,reg,weather_direction,59,0.4915254237288136,0.478110599078341,0.44548872180451127,0.5111111111111111,0.7419354838709677,0.6052631578947368,0.42857142857142855,0.21428571428571427,0.2857142857142857,23,6,22,8,31,28,45,14,0.5,0.5893367528226032,0.572812941383941,0.5518433179723502,,,0,uncalibrated_return_rank_score,28
reg__weather_direction__forest,reg,weather_direction,59,0.5084745762711864,0.5028801843317973,0.4992683640620427,0.5277777777777778,0.6129032258064516,0.5671641791044776,0.4782608695652174,0.39285714285714285,0.43137254901960786,19,11,17,12,31,28,36,23,0.5,0.6065497063520383,0.5661796562566888,0.5633640552995393,,,0,uncalibrated_return_rank_score,28
reg__weather_direction__equal_ensemble,reg,weather_direction,59,0.559322033898305,0.5512672811059908,0.5434523809523809,0.5641025641025641,0.7096774193548387,0.6285714285714286,0.55,0.39285714285714285,0.4583333333333333,22,11,17,9,31,28,39,20,0.5,0.5909872037912515,0.5854479528069026,0.5552995391705069,,,0,uncalibrated_return_rank_score,28
reg__engineered_direction__linear,reg,engineered_direction,59,0.559322033898305,0.5650921658986175,0.5561342592592593,0.6086956521739131,0.45161290322580644,0.5185185185185185,0.5277777777777778,0.6785714285714286,0.59375,14,19,9,17,31,28,23,36,0.5,0.5601180841636306,0.5848547304833659,0.5552995391705069,,,0,uncalibrated_return_rank_score,28
reg__engineered_direction__xgb,reg,engineered_direction,59,0.5423728813559322,0.5299539170506913,0.5060465116279069,0.5454545454545454,0.7741935483870968,0.64,0.5333333333333333,0.2857142857142857,0.37209302325581395,24,8,20,7,31,28,44,15,0.5,0.5108300795701214,0.5219301864802633,0.48963133640553,,,0,uncalibrated_return_rank_score,28
reg__engineered_direction__forest,reg,engineered_direction,59,0.5084745762711864,0.5028801843317973,0.4992683640620427,0.5277777777777778,0.6129032258064516,0.5671641791044776,0.4782608695652174,0.39285714285714285,0.43137254901960786,19,11,17,12,31,28,36,23,0.5,0.5176473500311666,0.5330834590590765,0.5034562211981567,,,0,uncalibrated_return_rank_score,28
reg__engineered_direction__equal_ensemble,reg,engineered_direction,59,0.5423728813559322,0.5420506912442395,0.5418464193270061,0.5666666666666667,0.5483870967741935,0.5573770491803278,0.5172413793103449,0.5357142857142857,0.5263157894736842,17,15,13,14,31,28,30,29,0.5,0.5345607647827938,0.5733743587760195,0.532258064516129,,,0,uncalibrated_return_rank_score,28
selected_direction,class,weather_direction,59,0.5254237288135594,0.5224654377880185,0.5219907407407407,0.5454545454545454,0.5806451612903226,0.5625,0.5,0.4642857142857143,0.48148148148148145,18,13,15,13,31,28,33,26,0.4750000000000001,0.5503387558987505,0.621047333798306,0.5564516129032258,0.2515108168628382,0.6972456160292265,0,probability_up,28
selected_return,reg,basic,59,0.5423728813559322,0.5351382488479263,0.5288376220053239,0.5526315789473685,0.6774193548387096,0.6086956521739131,0.5238095238095238,0.39285714285714285,0.4489795918367347,21,11,17,10,31,28,38,21,0.5,0.5707281578018362,0.5741960480773506,0.5138248847926267,,,0,uncalibrated_return_rank_score,28
baseline_monthly_return,reg,previous,59,0.576271186440678,0.570852534562212,0.5683347966052092,0.5833333333333334,0.6774193548387096,0.6268656716417911,0.5652173913043478,0.4642857142857143,0.5098039215686274,21,13,15,10,31,28,36,23,0.5,0.6762255006641572,0.6628860010821063,0.6370967741935484,,,0,uncalibrated_return_rank_score,28
baseline_paper_return,reg,previous,59,0.559322033898305,0.5616359447004609,0.5591954022988506,0.5925925925925926,0.5161290322580645,0.5517241379310345,0.53125,0.6071428571428571,0.5666666666666667,16,17,11,15,31,28,27,32,0.5,0.565592873791658,0.5409736835274707,0.532258064516129,,,0,uncalibrated_return_rank_score,28
baseline_mean_return,reg,previous,59,0.5254237288135594,0.5,0.34444444444444444,0.5254237288135594,1.0,0.6888888888888889,0.0,0.0,0.0,31,0,28,0,31,28,59,0,0.5,0.463590593936956,0.4193538937263105,0.402073732718894,,,0,uncalibrated_return_rank_score,28
baseline_zero_return,reg,previous,59,0.5254237288135594,0.5,0.34444444444444444,0.5254237288135594,1.0,0.6888888888888889,0.0,0.0,0.0,31,0,28,0,31,28,59,0,0.5,0.5254237288135594,0.4745762711864407,0.5,,,0,uncalibrated_return_rank_score,28
baseline_majority,baseline,previous,59,0.4745762711864407,0.5,0.3218390804597701,0.0,0.0,0.0,0.4745762711864407,1.0,0.6436781609195402,0,28,0,31,31,28,0,59,0.5,0.4607995082265359,0.41319838222195715,0.3951612903225806,0.2516148278561862,0.6963790916489444,0,probability_up,28
always_up,baseline,previous,59,0.5254237288135594,0.5,0.34444444444444444,0.5254237288135594,1.0,0.6888888888888889,0.0,0.0,0.0,31,0,28,0,31,28,59,0,0.5,0.5254237288135594,0.4745762711864407,0.5,0.4745762711864407,17.105462625343733,0,probability_up,28
always_down,baseline,previous,59,0.4745762711864407,0.5,0.3218390804597701,0.0,0.0,0.0,0.4745762711864407,1.0,0.6436781609195402,0,28,0,31,31,28,0,59,0.5,0.5254237288135594,0.4745762711864407,0.5,0.5254237288135594,18.938190763773427,0,probability_up,28
class__basic__linear,class,basic,59,0.5423728813559322,0.5419540229885058,0.5418464193270061,0.5357142857142857,0.5172413793103449,0.5263157894736842,0.5483870967741935,0.5666666666666667,0.5573770491803278,15,17,13,14,29,30,28,31,0.5000000000000001,0.5802890505164632,0.6272823616316985,0.6080459770114943,0.24170624908540422,0.67648010368799,0,probability_up,29
class__basic__xgb,class,basic,59,0.559322033898305,0.5586206896551724,0.5581797235023042,0.5555555555555556,0.5172413793103449,0.5357142857142857,0.5625,0.6,0.5806451612903226,15,18,12,14,29,30,27,32,0.5000000000000001,0.5522723636976649,0.6613285848240411,0.6114942528735632,0.24122613659448072,0.6753019285386755,0,probability_up,29
class__basic__forest,class,basic,59,0.576271186440678,0.5764367816091953,0.576271186440678,0.5666666666666667,0.5862068965517241,0.576271186440678,0.5862068965517241,0.5666666666666667,0.576271186440678,17,17,13,12,29,30,30,29,0.5000000000000001,0.5925376779833933,0.615006349175041,0.6149425287356322,0.24114364763361354,0.6753393421185074,0,probability_up,29
class__basic__equal_ensemble,class,basic,59,0.559322033898305,0.5580459770114943,0.5561342592592593,0.56,0.4827586206896552,0.5185185185185185,0.5588235294117647,0.6333333333333333,0.59375,14,19,11,15,29,30,25,34,0.5000000000000001,0.5743815952812198,0.6703813946099035,0.6241379310344828,0.24007379048316482,0.6730016676847455,0,probability_up,29
class__direction_core__linear,class,direction_core,59,0.5423728813559322,0.539655172413793,0.5288376220053239,0.55,0.3793103448275862,0.4489795918367347,0.5384615384615384,0.7,0.6086956521739131,11,21,9,18,29,30,20,39,0.5250000000000001,0.5753079400364077,0.6375302120861545,0.5885057471264368,0.24628479241918996,0.6864581297370436,0,probability_up,29
class__direction_core__xgb,class,direction_core,59,0.4915254237288136,0.4908045977011494,0.4902073732718894,0.48148148148148145,0.4482758620689655,0.4642857142857143,0.5,0.5333333333333333,0.5161290322580645,13,16,14,16,29,30,27,32,0.5000000000000001,0.5136755445484716,0.5419790588246183,0.5160919540229885,0.25527736923115046,0.7040554491355585,0,probability_up,29
class__direction_core__forest,class,direction_core,59,0.4915254237288136,0.4908045977011494,0.4902073732718894,0.48148148148148145,0.4482758620689655,0.4642857142857143,0.5,0.5333333333333333,0.5161290322580645,13,16,14,16,29,30,27,32,0.5000000000000001,0.47284809891695706,0.5440245508219606,0.4747126436781609,0.2623034605355287,0.7184133780346676,0,probability_up,29
class__direction_core__equal_ensemble,class,direction_core,59,0.4915254237288136,0.4896551724137931,0.48426573426573427,0.4782608695652174,0.3793103448275862,0.4230769230769231,0.5,0.6,0.5454545454545454,11,18,12,18,29,30,23,36,0.5250000000000001,0.5326748695178674,0.5860120727013743,0.5379310344827587,0.25237633072321813,0.6980827236989032,0,probability_up,29
class__price_direction__linear,class,price_direction,59,0.5423728813559322,0.5419540229885058,0.5418464193270061,0.5357142857142857,0.5172413793103449,0.5263157894736842,0.5483870967741935,0.5666666666666667,0.5573770491803278,15,17,13,14,29,30,28,31,0.4750000000000001,0.5295665656576095,0.687379089188904,0.5804597701149425,0.2532092398334494,0.696530783206974,0,probability_up,29
class__price_direction__xgb,class,price_direction,59,0.5084745762711864,0.5057471264367817,0.49393670511682936,0.5,0.3448275862068966,0.40816326530612246,0.5128205128205128,0.6666666666666666,0.5797101449275363,10,20,10,19,29,30,20,39,0.5250000000000001,0.534006147043604,0.6449868441583879,0.5494252873563219,0.24826186864077024,0.6883227652459647,0,probability_up,29
class__price_direction__forest,class,price_direction,59,0.5423728813559322,0.5385057471264368,0.5150684931506849,0.5625,0.3103448275862069,0.4,0.5348837209302325,0.7666666666666667,0.6301369863013698,9,23,7,20,29,30,16,43,0.5750000000000002,0.5384931502091763,0.7131160804616825,0.6080459770114943,0.24271010545223926,0.6752920870869852,0,probability_up,29
class__price_direction__equal_ensemble,class,price_direction,59,0.4576271186440678,0.45517241379310347,0.4447058823529412,0.42857142857142855,0.3103448275862069,0.36,0.47368421052631576,0.6,0.5294117647058824,9,18,12,20,29,30,21,38,0.5250000000000001,0.5517447547324543,0.6907528470018282,0.5850574712643679,0.24385925182638116,0.6779229037900913,0,probability_up,29
class__cot_direction__linear,class,cot_direction,59,0.5423728813559322,0.5419540229885058,0.5418464193270061,0.5357142857142857,0.5172413793103449,0.5263157894736842,0.5483870967741935,0.5666666666666667,0.5573770491803278,15,17,13,14,29,30,28,31,0.45000000000000007,0.5654268306642739,0.6104585236526495,0.5540229885057472,0.25872049073776554,0.7121298496651473,0,probability_up,29
class__cot_direction__xgb,class,cot_direction,59,0.576271186440678,0.5764367816091953,0.576271186440678,0.5666666666666667,0.5862068965517241,0.576271186440678,0.5862068965517241,0.5666666666666667,0.576271186440678,17,17,13,12,29,30,30,29,0.4750000000000001,0.5013011759135836,0.5491804322647407,0.5206896551724138,0.2586074533890054,0.7115876774247454,0,probability_up,29
class__cot_direction__forest,class,cot_direction,59,0.423728813559322,0.42126436781609194,0.41000000000000003,0.38095238095238093,0.27586206896551724,0.32,0.4473684210526316,0.5666666666666667,0.5,8,17,13,21,29,30,21,38,0.5250000000000001,0.47039704202009874,0.5047024537524754,0.44942528735632187,0.2804039162440328,0.7600452452201518,0,probability_up,29
class__cot_direction__equal_ensemble,class,cot_direction,59,0.4406779661016949,0.44080459770114944,0.4406779661016949,0.43333333333333335,0.4482758620689655,0.4406779661016949,0.4482758620689655,0.43333333333333335,0.4406779661016949,13,13,17,16,29,30,30,29,0.45000000000000007,0.5033905789349304,0.5695260606626009,0.5218390804597701,0.2606449349347451,0.717143182256423,0,probability_up,29
class__weather_direction__linear,class,weather_direction,59,0.5254237288135594,0.524712643678161,0.5241935483870968,0.5185185185185185,0.4827586206896552,0.5,0.53125,0.5666666666666667,0.5483870967741935,14,17,13,15,29,30,27,32,0.5250000000000001,0.5521157734569743,0.6445321924260647,0.5942528735632184,0.2551758628375467,0.7091985031137005,0,probability_up,29
class__weather_direction__xgb,class,weather_direction,59,0.4745762711864407,0.47931034482758617,0.4328682170542636,0.4782608695652174,0.7586206896551724,0.5866666666666667,0.46153846153846156,0.2,0.27906976744186046,22,6,24,7,29,30,46,13,0.42500000000000004,0.5493923238341937,0.5951271653549464,0.5390804597701149,0.2567607111971273,0.7077822853661571,0,probability_up,29
class__weather_direction__forest,class,weather_direction,59,0.559322033898305,0.5586206896551724,0.5581797235023042,0.5555555555555556,0.5172413793103449,0.5357142857142857,0.5625,0.6,0.5806451612903226,15,18,12,14,29,30,27,32,0.4750000000000001,0.5748720965275342,0.5307314486422693,0.5252873563218391,0.26188666858936016,0.7189907058371731,0,probability_up,29
class__weather_direction__equal_ensemble,class,weather_direction,59,0.5084745762711864,0.5091954022988505,0.5079091170549324,0.5,0.5517241379310345,0.5245901639344263,0.5185185185185185,0.4666666666666667,0.49122807017543857,16,14,16,13,29,30,32,27,0.4750000000000001,0.5440826346987825,0.623811623295263,0.5666666666666667,0.2523338082670907,0.6990433932547498,0,probability_up,29
class__engineered_direction__linear,class,engineered_direction,59,0.576271186440678,0.5758620689655172,0.5757837215990796,0.5714285714285714,0.5517241379310345,0.5614035087719298,0.5806451612903226,0.6,0.5901639344262295,16,18,12,13,29,30,28,31,0.35,0.5786478544441774,0.7056901259841687,0.6241379310344828,0.29237430761216077,0.8234641261886307,0,probability_up,29
class__engineered_direction__xgb,class,engineered_direction,59,0.4745762711864407,0.4770114942528736,0.46473514779045944,0.47368421052631576,0.6206896551724138,0.5373134328358209,0.47619047619047616,0.3333333333333333,0.39215686274509803,18,10,20,11,29,30,38,21,0.45000000000000007,0.5139144425158811,0.4909832958306243,0.5011494252873564,0.25656217432035033,0.7071232647657464,0,probability_up,29
class__engineered_direction__forest,class,engineered_direction,59,0.5932203389830508,0.5936781609195403,0.593103448275862,0.5806451612903226,0.6206896551724138,0.6,0.6071428571428571,0.5666666666666667,0.5862068965517241,18,17,13,11,29,30,31,28,0.4750000000000001,0.49179526856359945,0.5224004547058683,0.5183908045977011,0.26057848994693206,0.7167350701069437,0,probability_up,29
class__engineered_direction__equal_ensemble,class,engineered_direction,59,0.5932203389830508,0.5954022988505747,0.5874125874125874,0.5675675675675675,0.7241379310344828,0.6363636363636364,0.6363636363636364,0.4666666666666667,0.5384615384615384,21,14,16,8,29,30,37,22,0.4,0.5684925535988017,0.5901040139516144,0.5793103448275861,0.2530814032697804,0.700290794222605,0,probability_up,29
reg__basic__linear,reg,basic,59,0.6101694915254238,0.6114942528735632,0.6083694083694083,0.5882352941176471,0.6896551724137931,0.6349206349206349,0.64,0.5333333333333333,0.5818181818181818,20,16,14,9,29,30,34,25,0.5,0.6040913318350767,0.6620466979444536,0.635632183908046,,,0,uncalibrated_return_rank_score,29
reg__basic__xgb,reg,basic,59,0.6101694915254238,0.6126436781609195,0.6028680128767925,0.5789473684210527,0.7586206896551724,0.6567164179104478,0.6666666666666666,0.4666666666666667,0.5490196078431373,22,14,16,7,29,30,38,21,0.5,0.5191198685648775,0.6696570953934284,0.5839080459770115,,,0,uncalibrated_return_rank_score,29
reg__basic__forest,reg,basic,59,0.559322033898305,0.5614942528735632,0.553030303030303,0.5405405405405406,0.6896551724137931,0.6060606060606061,0.5909090909090909,0.43333333333333335,0.5,20,13,17,9,29,30,37,22,0.5,0.5510092742765312,0.6375244467656245,0.5816091954022988,,,0,uncalibrated_return_rank_score,29
reg__basic__equal_ensemble,reg,basic,59,0.6440677966101694,0.6459770114942529,0.6403483309143687,0.6111111111111112,0.7586206896551724,0.676923076923077,0.6956521739130435,0.5333333333333333,0.6037735849056604,22,16,14,7,29,30,36,23,0.5,0.5430310515924122,0.6735326171139757,0.6137931034482759,,,0,uncalibrated_return_rank_score,29
reg__direction_core__linear,reg,direction_core,59,0.559322033898305,0.5591954022988506,0.5591954022988506,0.5517241379310345,0.5517241379310345,0.5517241379310345,0.5666666666666667,0.5666666666666667,0.5666666666666667,16,17,13,13,29,30,29,30,0.5,0.5851624523850225,0.6689090726170274,0.5988505747126437,,,0,uncalibrated_return_rank_score,29
reg__direction_core__xgb,reg,direction_core,59,0.576271186440678,0.5787356321839081,0.5683347966052092,0.5526315789473685,0.7241379310344828,0.6268656716417911,0.6190476190476191,0.43333333333333335,0.5098039215686274,21,13,17,8,29,30,38,21,0.5,0.5531080277922983,0.6176433199666227,0.5436781609195402,,,0,uncalibrated_return_rank_score,29
reg__direction_core__forest,reg,direction_core,59,0.5084745762711864,0.5120689655172413,0.4872640095894516,0.5,0.7241379310344828,0.5915492957746479,0.5294117647058824,0.3,0.3829787234042553,21,9,21,8,29,30,42,17,0.5,0.5500309747287673,0.5865481686973213,0.5252873563218391,,,0,uncalibrated_return_rank_score,29
reg__direction_core__equal_ensemble,reg,direction_core,59,0.6101694915254238,0.6126436781609195,0.6028680128767925,0.5789473684210527,0.7586206896551724,0.6567164179104478,0.6666666666666666,0.4666666666666667,0.5490196078431373,22,14,16,7,29,30,38,21,0.5,0.5811801044412503,0.6246453022064066,0.5655172413793104,,,0,uncalibrated_return_rank_score,29
reg__price_direction__linear,reg,price_direction,59,0.5254237288135594,0.5252873563218391,0.5252873563218391,0.5172413793103449,0.5172413793103449,0.5172413793103449,0.5333333333333333,0.5333333333333333,0.5333333333333333,15,16,14,14,29,30,29,30,0.5,0.5578797972589856,0.6864432950564087,0.5735632183908046,,,0,uncalibrated_return_rank_score,29
reg__price_direction__xgb,reg,price_direction,59,0.5932203389830508,0.5954022988505747,0.5874125874125874,0.5675675675675675,0.7241379310344828,0.6363636363636364,0.6363636363636364,0.4666666666666667,0.5384615384615384,21,14,16,8,29,30,37,22,0.5,0.5151737185262452,0.6572183440890195,0.5701149425287356,,,0,uncalibrated_return_rank_score,29
reg__price_direction__forest,reg,price_direction,59,0.5932203389830508,0.5942528735632184,0.5921658986175116,0.5757575757575758,0.6551724137931034,0.6129032258064516,0.6153846153846154,0.5333333333333333,0.5714285714285714,19,16,14,10,29,30,33,26,0.5,0.5025363740137361,0.6571411120436593,0.5597701149425287,,,0,uncalibrated_return_rank_score,29
reg__price_direction__equal_ensemble,reg,price_direction,59,0.576271186440678,0.5770114942528736,0.5757837215990796,0.5625,0.6206896551724138,0.5901639344262295,0.5925925925925926,0.5333333333333333,0.5614035087719298,18,16,14,11,29,30,32,27,0.5,0.5142559508969785,0.675090485581248,0.5804597701149425,,,0,uncalibrated_return_rank_score,29
reg__cot_direction__linear,reg,cot_direction,59,0.5423728813559322,0.539655172413793,0.5288376220053239,0.55,0.3793103448275862,0.4489795918367347,0.5384615384615384,0.7,0.6086956521739131,11,21,9,18,29,30,20,39,0.5,0.56420966747268,0.6106800521208722,0.5655172413793104,,,0,uncalibrated_return_rank_score,29
reg__cot_direction__xgb,reg,cot_direction,59,0.576271186440678,0.5787356321839081,0.5683347966052092,0.5526315789473685,0.7241379310344828,0.6268656716417911,0.6190476190476191,0.43333333333333335,0.5098039215686274,21,13,17,8,29,30,38,21,0.5,0.5236608763001493,0.6076922542736124,0.5620689655172415,,,0,uncalibrated_return_rank_score,29
reg__cot_direction__forest,reg,cot_direction,59,0.576271186440678,0.57816091954023,0.5718432510885341,0.5555555555555556,0.6896551724137931,0.6153846153846154,0.6086956521739131,0.4666666666666667,0.5283018867924528,20,14,16,9,29,30,36,23,0.5,0.5259708876953018,0.564143568484967,0.5310344827586206,,,0,uncalibrated_return_rank_score,29
reg__cot_direction__equal_ensemble,reg,cot_direction,59,0.576271186440678,0.5775862068965517,0.5743145743145743,0.5588235294117647,0.6551724137931034,0.6031746031746031,0.6,0.5,0.5454545454545454,19,15,15,10,29,30,34,25,0.5,0.5451569972568697,0.585740990564593,0.5747126436781609,,,0,uncalibrated_return_rank_score,29
reg__weather_direction__linear,reg,weather_direction,59,0.5932203389830508,0.5942528735632184,0.5921658986175116,0.5757575757575758,0.6551724137931034,0.6129032258064516,0.6153846153846154,0.5333333333333333,0.5714285714285714,19,16,14,10,29,30,33,26,0.5,0.5716368270296436,0.6755775475608363,0.6149425287356323,,,0,uncalibrated_return_rank_score,29
reg__weather_direction__xgb,reg,weather_direction,59,0.559322033898305,0.5632183908045977,0.5368357487922705,0.5348837209302325,0.7931034482758621,0.6388888888888888,0.625,0.3333333333333333,0.43478260869565216,23,10,20,6,29,30,43,16,0.5,0.5553241786109802,0.6495257031946645,0.5862068965517242,,,0,uncalibrated_return_rank_score,29
reg__weather_direction__forest,reg,weather_direction,59,0.5423728813559322,0.5436781609195402,0.5402597402597402,0.5294117647058824,0.6206896551724138,0.5714285714285714,0.56,0.4666666666666667,0.509090909090909,18,14,16,11,29,30,34,25,0.5,0.5781930655630816,0.6103737999185009,0.5758620689655173,,,0,uncalibrated_return_rank_score,29
reg__weather_direction__equal_ensemble,reg,weather_direction,59,0.6101694915254238,0.6126436781609195,0.6028680128767925,0.5789473684210527,0.7586206896551724,0.6567164179104478,0.6666666666666666,0.4666666666666667,0.5490196078431373,22,14,16,7,29,30,38,21,0.5,0.5639703267162453,0.6544230986353177,0.5908045977011493,,,0,uncalibrated_return_rank_score,29
reg__engineered_direction__linear,reg,engineered_direction,59,0.5254237288135594,0.524712643678161,0.5241935483870968,0.5185185185185185,0.4827586206896552,0.5,0.53125,0.5666666666666667,0.5483870967741935,14,17,13,15,29,30,27,32,0.5,0.552364377939825,0.6800809191154011,0.6137931034482759,,,0,uncalibrated_return_rank_score,29
reg__engineered_direction__xgb,reg,engineered_direction,59,0.5932203389830508,0.5954022988505747,0.5874125874125874,0.5675675675675675,0.7241379310344828,0.6363636363636364,0.6363636363636364,0.4666666666666667,0.5384615384615384,21,14,16,8,29,30,37,22,0.5,0.4863113569807844,0.5819168480697585,0.5241379310344827,,,0,uncalibrated_return_rank_score,29
reg__engineered_direction__forest,reg,engineered_direction,59,0.5932203389830508,0.5948275862068966,0.5902777777777778,0.5714285714285714,0.6896551724137931,0.625,0.625,0.5,0.5555555555555556,20,15,15,9,29,30,35,24,0.5,0.5135877411699916,0.612700631914139,0.5643678160919541,,,0,uncalibrated_return_rank_score,29
reg__engineered_direction__equal_ensemble,reg,engineered_direction,59,0.5932203389830508,0.5942528735632184,0.5921658986175116,0.5757575757575758,0.6551724137931034,0.6129032258064516,0.6153846153846154,0.5333333333333333,0.5714285714285714,19,16,14,10,29,30,33,26,0.5,0.5138779069533222,0.6655354913425358,0.5816091954022988,,,0,uncalibrated_return_rank_score,29
selected_direction,class,weather_direction,59,0.5084745762711864,0.5091954022988505,0.5079091170549324,0.5,0.5517241379310345,0.5245901639344263,0.5185185185185185,0.4666666666666667,0.49122807017543857,16,14,16,13,29,30,32,27,0.4750000000000001,0.5440826346987825,0.623811623295263,0.5666666666666667,0.2523338082670907,0.6990433932547498,0,probability_up,29
selected_return,reg,basic,59,0.6101694915254238,0.6126436781609195,0.6028680128767925,0.5789473684210527,0.7586206896551724,0.6567164179104478,0.6666666666666666,0.4666666666666667,0.5490196078431373,22,14,16,7,29,30,38,21,0.5,0.5191198685648775,0.6696570953934284,0.5839080459770115,,,0,uncalibrated_return_rank_score,29
baseline_monthly_return,reg,previous,59,0.6779661016949152,0.6793103448275861,0.6764790764790765,0.6470588235294118,0.7586206896551724,0.6984126984126984,0.72,0.6,0.6545454545454545,22,18,12,7,29,30,34,25,0.5,0.6995489256452746,0.7432025552321769,0.7149425287356322,,,0,uncalibrated_return_rank_score,29
baseline_paper_return,reg,previous,59,0.5423728813559322,0.5413793103448276,0.5402597402597402,0.5384615384615384,0.4827586206896552,0.509090909090909,0.5454545454545454,0.6,0.5714285714285714,14,18,12,15,29,30,26,33,0.5,0.5419067351825858,0.5842121038150274,0.5379310344827586,,,0,uncalibrated_return_rank_score,29
baseline_mean_return,reg,previous,59,0.4915254237288136,0.5,0.32954545454545453,0.4915254237288136,1.0,0.6590909090909091,0.0,0.0,0.0,29,0,30,0,29,30,59,0,0.5,0.4536203468798224,0.48232958537192344,0.45114942528735635,,,0,uncalibrated_return_rank_score,29
baseline_zero_return,reg,previous,59,0.4915254237288136,0.5,0.32954545454545453,0.4915254237288136,1.0,0.6590909090909091,0.0,0.0,0.0,29,0,30,0,29,30,59,0,0.5,0.4915254237288136,0.5084745762711864,0.5,,,0,uncalibrated_return_rank_score,29
baseline_majority,baseline,previous,59,0.5084745762711864,0.5,0.33707865168539325,0.0,0.0,0.0,0.5084745762711864,1.0,0.6741573033707865,0,30,0,29,29,30,0,59,0.5,0.44967296868733864,0.4708619477131895,0.44080459770114944,0.25023329103602093,0.6936144627812881,0,probability_up,29
always_up,baseline,previous,59,0.4915254237288136,0.5,0.32954545454545453,0.4915254237288136,1.0,0.6590909090909091,0.0,0.0,0.0,29,0,30,0,29,30,59,0,0.5,0.4915254237288136,0.5084745762711864,0.5,0.5084745762711864,18.327281384296857,0,probability_up,29
always_down,baseline,previous,59,0.5084745762711864,0.5,0.33707865168539325,0.0,0.0,0.0,0.5084745762711864,1.0,0.6741573033707865,0,30,0,29,29,30,0,59,0.5,0.4915254237288136,0.5084745762711864,0.5,0.4915254237288136,17.716372004820297,0,probability_up,29
