recipe,group,rows,accuracy,balanced_accuracy,macro_f1,up_precision,up_recall,up_f1,down_precision,down_recall,down_f1,tp,tn,fp,fn,support_up,support_down,predicted_up,predicted_down,threshold,pr_auc_up,pr_auc_down,roc_auc,brier,log_loss,minimum_precision,minimum_recall,precision_first_gates_passed
class__basic__equal_ensemble,basic,2014,0.5059582919563058,0.5095801839900272,0.4114651417481682,0.5008228195282501,0.9148296593186372,0.6472881956752925,0.5549738219895288,0.10433070866141732,0.1756420878210439,913,106,910,85,998,1016,1823,191,0.35,0.5461791570854252,0.5358751956181942,0.5488388193710255,0.25264439326138904,0.6991408688486516,0.5008228195282501,0.10433070866141732,False
class__basic__equal_ensemble,basic,2014,0.5163853028798411,0.5195686648888328,0.44819310186523964,0.5069605568445475,0.875751503006012,0.6421748714180749,0.5724137931034483,0.16338582677165353,0.2542113323124043,874,166,850,124,998,1016,1724,290,0.375,0.5461791570854252,0.5358751956181942,0.5488388193710255,0.25264439326138904,0.6991408688486516,0.5069605568445475,0.16338582677165353,False
class__basic__equal_ensemble,basic,2014,0.5263157894736842,0.528825367269973,0.48723639333237256,0.5139949109414759,0.8096192384769539,0.6287937743190661,0.5701357466063348,0.24803149606299213,0.345679012345679,808,252,764,190,998,1016,1572,442,0.4,0.5461791570854252,0.5358751956181942,0.5488388193710255,0.25264439326138904,0.6991408688486516,0.5139949109414759,0.24803149606299213,False
class__basic__equal_ensemble,basic,2014,0.5273088381330685,0.529250429993846,0.5049517016730132,0.5159279778393352,0.7464929859719439,0.6101556101556102,0.5561403508771929,0.31200787401574803,0.39974779319041615,745,317,699,253,998,1016,1444,570,0.425,0.5461791570854252,0.5358751956181942,0.5488388193710255,0.25264439326138904,0.6991408688486516,0.5159279778393352,0.31200787401574803,False
class__basic__equal_ensemble,basic,2014,0.5312810327706058,0.532486232307134,0.5232122364799255,0.5211267605633803,0.6673346693386774,0.5852372583479789,0.5489130434782609,0.39763779527559057,0.4611872146118721,666,404,612,332,998,1016,1278,736,0.45,0.5461791570854252,0.5358751956181942,0.5488388193710255,0.25264439326138904,0.6991408688486516,0.5211267605633803,0.39763779527559057,False
class__basic__equal_ensemble,basic,2014,0.5496524329692155,0.5501534565193379,0.5484714579120409,0.5406613047363718,0.6062124248496994,0.5715635333018422,0.5608938547486033,0.4940944881889764,0.5253793825222397,605,502,514,393,998,1016,1119,895,0.475,0.5461791570854252,0.5358751956181942,0.5488388193710255,0.25264439326138904,0.6991408688486516,0.5406613047363718,0.4940944881889764,True
class__basic__equal_ensemble,basic,2014,0.5491559086395233,0.5490222571126505,0.5489779992877218,0.5461065573770492,0.5340681362725451,0.5400202634245187,0.5520231213872833,0.5639763779527559,0.557935735150925,533,573,443,465,998,1016,976,1038,0.5,0.5461791570854252,0.5358751956181942,0.5488388193710255,0.25264439326138904,0.6991408688486516,0.5461065573770492,0.5340681362725451,True
class__basic__equal_ensemble,basic,2014,0.5451837140019861,0.5444106717371752,0.5413555293684771,0.5492788461538461,0.45791583166332667,0.4994535519125683,0.5423011844331641,0.6309055118110236,0.5832575068243858,457,641,375,541,998,1016,832,1182,0.525,0.5461791570854252,0.5358751956181942,0.5488388193710255,0.25264439326138904,0.6991408688486516,0.5423011844331641,0.45791583166332667,True
class__basic__equal_ensemble,basic,2014,0.5347567030784508,0.5333304404083758,0.5218412647736617,0.5445255474452555,0.37374749498997994,0.44325609031491386,0.5297215951843491,0.6929133858267716,0.6004264392324093,373,704,312,625,998,1016,685,1329,0.55,0.5461791570854252,0.5358751956181942,0.5488388193710255,0.25264439326138904,0.6991408688486516,0.5297215951843491,0.37374749498997994,False
class__basic__equal_ensemble,basic,2014,0.5129096325719961,0.5108691793034889,0.48498097744272706,0.5155393053016454,0.28256513026052105,0.3650485436893204,0.5119291070211316,0.7391732283464567,0.6049134111961337,282,751,265,716,998,1016,547,1467,0.575,0.5461791570854252,0.5358751956181942,0.5488388193710255,0.25264439326138904,0.6991408688486516,0.5119291070211316,0.28256513026052105,False
class__basic__equal_ensemble,basic,2014,0.5054617676266137,0.502874844176542,0.4586915621529026,0.5023584905660378,0.21342685370741482,0.29957805907172996,0.5062893081761006,0.7923228346456693,0.6178050652340752,213,805,211,785,998,1016,424,1590,0.6,0.5461791570854252,0.5358751956181942,0.5488388193710255,0.25264439326138904,0.6991408688486516,0.5023584905660378,0.21342685370741482,False
class__basic__equal_ensemble,basic,2014,0.5168818272095332,0.5136700566487306,0.4431162858239789,0.5441696113074205,0.15430861723446893,0.24043715846994534,0.512420566146736,0.8730314960629921,0.6457954131780124,154,887,129,844,998,1016,283,1731,0.625,0.5461791570854252,0.5358751956181942,0.5488388193710255,0.25264439326138904,0.6991408688486516,0.512420566146736,0.15430861723446893,False
class__basic__equal_ensemble,basic,2014,0.5238331678252235,0.5201870275985041,0.426133255685777,0.6054054054054054,0.11222444889779559,0.1893491124260355,0.5155822854018589,0.9281496062992126,0.6629173989455185,112,943,73,886,998,1016,185,1829,0.65,0.5461791570854252,0.5358751956181942,0.5488388193710255,0.25264439326138904,0.6991408688486516,0.5155822854018589,0.11222444889779559,False
class__basic__forest,basic,2014,0.5054617676266137,0.5088129013933379,0.4268207378960362,0.5005675368898979,0.8837675350701403,0.6391304347826087,0.5396825396825397,0.13385826771653545,0.21451104100946372,882,136,880,116,998,1016,1762,252,0.35,0.5452177501429881,0.5476217698015886,0.557659610559702,0.25184417013437915,0.6976919972190727,0.5005675368898979,0.13385826771653545,False
class__basic__forest,basic,2014,0.5134061569016882,0.5162874962523472,0.4587500233094096,0.5054347826086957,0.8386773547094188,0.6307460437076111,0.5502793296089385,0.19389763779527558,0.2867540029112082,837,197,819,161,998,1016,1656,358,0.375,0.5452177501429881,0.5476217698015886,0.557659610559702,0.25184417013437915,0.6976919972190727,0.5054347826086957,0.19389763779527558,False
class__basic__forest,basic,2014,0.5357497517378351,0.5379716125163713,0.5064133060209195,0.5209024552090246,0.7865731462925851,0.626746506986028,0.5798816568047337,0.28937007874015747,0.3860801050558109,785,294,722,213,998,1016,1507,507,0.4,0.5452177501429881,0.5476217698015886,0.557659610559702,0.25184417013437915,0.6976919972190727,0.5209024552090246,0.28937007874015747,False
class__basic__forest,basic,2014,0.5422045680238332,0.543836689126284,0.5272675986346343,0.5276564774381368,0.7264529058116233,0.6112984822934233,0.5734375,0.3612204724409449,0.44323671497584544,725,367,649,273,998,1016,1374,640,0.425,0.5452177501429881,0.5476217698015886,0.557659610559702,0.25184417013437915,0.6976919972190727,0.5276564774381368,0.3612204724409449,False
class__basic__forest,basic,2014,0.5501489572989077,0.5511781436889527,0.5446159037183746,0.537156704361874,0.6663326653306614,0.5948121645796064,0.5708762886597938,0.4360236220472441,0.49441964285714285,665,443,573,333,998,1016,1238,776,0.45,0.5452177501429881,0.5476217698015886,0.557659610559702,0.25184417013437915,0.6976919972190727,0.537156704361874,0.4360236220472441,True
class__basic__forest,basic,2014,0.5501489572989077,0.5506100784245657,0.5491668643263756,0.5414414414414415,0.6022044088176353,0.5702087286527514,0.5608407079646017,0.49901574803149606,0.528125,601,507,509,397,998,1016,1110,904,0.475,0.5452177501429881,0.5476217698015886,0.557659610559702,0.25184417013437915,0.6976919972190727,0.5414414414414415,0.49901574803149606,True
class__basic__forest,basic,2014,0.5556107249255213,0.5554553989869503,0.555388758885602,0.553038105046344,0.5380761523046093,0.5454545454545454,0.5580057526366251,0.5728346456692913,0.5653229723166586,537,582,434,461,998,1016,971,1043,0.5,0.5452177501429881,0.5476217698015886,0.557659610559702,0.25184417013437915,0.6976919972190727,0.553038105046344,0.5380761523046093,True
class__basic__forest,basic,2014,0.5456802383316782,0.5449027977214271,0.5418142000526608,0.5499398315282792,0.45791583166332667,0.4997266265718972,0.5426880811496196,0.6318897637795275,0.5839017735334243,457,642,374,541,998,1016,831,1183,0.525,0.5452177501429881,0.5476217698015886,0.557659610559702,0.25184417013437915,0.6976919972190727,0.5426880811496196,0.45791583166332667,True
class__basic__forest,basic,2014,0.5407149950347567,0.539351340476228,0.5290475255118743,0.5522174535050072,0.3867735470941884,0.45492044784914554,0.5346007604562738,0.6919291338582677,0.6031746031746031,386,703,313,612,998,1016,699,1315,0.55,0.5452177501429881,0.5476217698015886,0.557659610559702,0.25184417013437915,0.6976919972190727,0.5346007604562738,0.3867735470941884,False
class__basic__forest,basic,2014,0.5327706057596823,0.5307583671279567,0.5066998071490465,0.5515370705244123,0.30561122244488975,0.39329464861379754,0.5256673511293635,0.7559055118110236,0.6201049656842955,305,768,248,693,998,1016,553,1461,0.575,0.5452177501429881,0.5476217698015886,0.557659610559702,0.25184417013437915,0.6976919972190727,0.5256673511293635,0.30561122244488975,False
class__basic__forest,basic,2014,0.5168818272095332,0.5142026178340934,0.4675558026283363,0.5310173697270472,0.21442885771543085,0.30549607423269093,0.5133457479826194,0.8139763779527559,0.6296155310239817,214,827,189,784,998,1016,403,1611,0.6,0.5452177501429881,0.5476217698015886,0.557659610559702,0.25184417013437915,0.6976919972190727,0.5133457479826194,0.21442885771543085,False
class__basic__forest,basic,2014,0.502979145978153,0.4997662648130908,0.4270908552002085,0.49469964664310956,0.1402805611222445,0.2185792349726776,0.5043327556325823,0.859251968503937,0.6356024754277394,140,873,143,858,998,1016,283,1731,0.625,0.5452177501429881,0.5476217698015886,0.557659610559702,0.25184417013437915,0.6976919972190727,0.49469964664310956,0.1402805611222445,False
class__basic__forest,basic,2014,0.5143992055610725,0.5107833777791804,0.41677119050580064,0.5520833333333334,0.1062124248496994,0.1781512605042017,0.5104281009879253,0.9153543307086615,0.6553911205073996,106,930,86,892,998,1016,192,1822,0.65,0.5452177501429881,0.5476217698015886,0.557659610559702,0.25184417013437915,0.6976919972190727,0.5104281009879253,0.1062124248496994,False
class__basic__linear,basic,2014,0.48808341608738826,0.4915174837864706,0.40177143514019564,0.49073554183043233,0.875751503006012,0.6290032385750269,0.4678111587982833,0.10728346456692914,0.1745396317053643,874,109,907,124,998,1016,1781,233,0.35,0.5257714370908619,0.5155275547124266,0.5251871853944109,0.26138520236417007,0.7187873871737916,0.4678111587982833,0.10728346456692914,False
class__basic__linear,basic,2014,0.49056603773584906,0.49357869281870825,0.4271709335746221,0.4916963226571768,0.8306613226452906,0.6177347242921013,0.4847560975609756,0.15649606299212598,0.23660714285714285,829,159,857,169,998,1016,1686,328,0.375,0.5257714370908619,0.5155275547124266,0.5251871853944109,0.26138520236417007,0.7187873871737916,0.4847560975609756,0.15649606299212598,False
class__basic__linear,basic,2014,0.4910625620655412,0.4935471336373535,0.4498873446241867,0.4913848117421825,0.7715430861723447,0.6003898635477583,0.4899328859060403,0.2155511811023622,0.2993848257006152,770,219,797,228,998,1016,1567,447,0.4,0.5257714370908619,0.5155275547124266,0.5251871853944109,0.26138520236417007,0.7187873871737916,0.4899328859060403,0.2155511811023622,False
class__basic__linear,basic,2014,0.5009930486593843,0.5029813564136146,0.47610117834333077,0.49759450171821307,0.7254509018036072,0.5902975947818997,0.5098389982110912,0.28051181102362205,0.3619047619047619,724,285,731,274,998,1016,1455,559,0.425,0.5257714370908619,0.5155275547124266,0.5251871853944109,0.26138520236417007,0.7187873871737916,0.49759450171821307,0.28051181102362205,False
class__basic__linear,basic,2014,0.502979145978153,0.5044439272245278,0.49002404408630573,0.4988780852655198,0.6683366733466933,0.571306209850107,0.5110782865583456,0.3405511811023622,0.4087418783225044,667,346,670,331,998,1016,1337,677,0.45,0.5257714370908619,0.5155275547124266,0.5251871853944109,0.26138520236417007,0.7187873871737916,0.4988780852655198,0.3405511811023622,False
class__basic__linear,basic,2014,0.5119165839126117,0.5127607577359443,0.5079423427991256,0.506265664160401,0.6072144288577155,0.5521640091116173,0.5201958384332925,0.4183070866141732,0.46372067648663395,606,425,591,392,998,1016,1197,817,0.475,0.5257714370908619,0.5155275547124266,0.5251871853944109,0.26138520236417007,0.7187873871737916,0.506265664160401,0.4183070866141732,True
class__basic__linear,basic,2014,0.5243296921549155,0.5245135941173686,0.524209577300297,0.5190839694656488,0.5450901803607214,0.5317693059628543,0.5300207039337475,0.5039370078740157,0.5166498486377397,544,512,504,454,998,1016,1048,966,0.5,0.5257714370908619,0.5155275547124266,0.5251871853944109,0.26138520236417007,0.7187873871737916,0.5190839694656488,0.5039370078740157,True
class__basic__linear,basic,2014,0.5248262164846077,0.5243577706594291,0.5232718711066688,0.5227524972253053,0.47194388777555113,0.4960505529225908,0.5265049415992812,0.5767716535433071,0.5504931892907469,471,586,430,527,998,1016,901,1113,0.525,0.5257714370908619,0.5155275547124266,0.5251871853944109,0.26138520236417007,0.7187873871737916,0.5227524972253053,0.47194388777555113,True
class__basic__linear,basic,2014,0.531777557100298,0.5306705931548136,0.5239039235519658,0.5363276089828269,0.40681362725450904,0.46267806267806266,0.5290373906125696,0.6545275590551181,0.5851297844258689,406,665,351,592,998,1016,757,1257,0.55,0.5257714370908619,0.5155275547124266,0.5251871853944109,0.26138520236417007,0.7187873871737916,0.5290373906125696,0.40681362725450904,True
class__basic__linear,basic,2014,0.5367428003972194,0.5350149117131902,0.5178177031276663,0.5526742301458671,0.34168336673346694,0.42229102167182664,0.5297065139584825,0.7283464566929134,0.613344384583506,341,740,276,657,998,1016,617,1397,0.575,0.5257714370908619,0.5155275547124266,0.5251871853944109,0.26138520236417007,0.7187873871737916,0.5297065139584825,0.34168336673346694,False
class__basic__linear,basic,2014,0.531777557100298,0.5294812065075032,0.49736176073523997,0.556237218813906,0.2725450901803607,0.36583725622057833,0.5239344262295081,0.7864173228346457,0.6288862652499017,272,799,217,726,998,1016,489,1525,0.6,0.5257714370908619,0.5155275547124266,0.5251871853944109,0.26138520236417007,0.7187873871737916,0.5239344262295081,0.2725450901803607,False
class__basic__linear,basic,2014,0.5263157894736842,0.5235263834756126,0.47347876986214876,0.5582010582010583,0.21142284569138275,0.3066860465116279,0.5189486552567237,0.8356299212598425,0.6402714932126696,211,849,167,787,998,1016,378,1636,0.625,0.5257714370908619,0.5155275547124266,0.5251871853944109,0.26138520236417007,0.7187873871737916,0.5189486552567237,0.21142284569138275,False
class__basic__linear,basic,2014,0.5228401191658392,0.5196820806968268,0.4526980464348178,0.5627118644067797,0.16633266533066132,0.25676720804331016,0.5159976730657359,0.8730314960629921,0.6486288848263254,166,887,129,832,998,1016,295,1719,0.65,0.5257714370908619,0.5155275547124266,0.5251871853944109,0.26138520236417007,0.7187873871737916,0.5159976730657359,0.16633266533066132,False
class__basic__xgb,basic,2014,0.5069513406156901,0.5104224196424345,0.4217708729981811,0.5013974287311347,0.8987975951903807,0.643702906350915,0.5511111111111111,0.1220472440944882,0.1998388396454472,897,124,892,101,998,1016,1789,225,0.35,0.5394044910432324,0.5525281807348104,0.5557576767708646,0.2522161178320543,0.6984618652928193,0.5013974287311347,0.1220472440944882,False
class__basic__xgb,basic,2014,0.5168818272095332,0.5199010225174758,0.45655949672139556,0.5074096028452875,0.8577154308617234,0.6376163873370577,0.5657492354740061,0.18208661417322836,0.2755026061057334,856,185,831,142,998,1016,1687,327,0.375,0.5394044910432324,0.5525281807348104,0.5557576767708646,0.2522161178320543,0.6984618652928193,0.5074096028452875,0.18208661417322836,False
class__basic__xgb,basic,2014,0.5332671300893744,0.5355731147334039,0.5012876386687797,0.5190039318479686,0.7935871743486974,0.6275752773375595,0.5778688524590164,0.27755905511811024,0.375,792,282,734,206,998,1016,1526,488,0.4,0.5394044910432324,0.5525281807348104,0.5557576767708646,0.2522161178320543,0.6984618652928193,0.5190039318479686,0.27755905511811024,False
class__basic__xgb,basic,2014,0.5476663356504469,0.5493920912691524,0.5310598828642664,0.5311827956989247,0.7424849699398798,0.6193063100710405,0.5848142164781907,0.3562992125984252,0.44281345565749236,741,362,654,257,998,1016,1395,619,0.425,0.5394044910432324,0.5525281807348104,0.5557576767708646,0.2522161178320543,0.6984618652928193,0.5311827956989247,0.3562992125984252,False
class__basic__xgb,basic,2014,0.5516385302879842,0.5526633976614647,0.5461739726078674,0.5383993532740501,0.6673346693386774,0.5959731543624162,0.5727155727155727,0.43799212598425197,0.4963747908533185,666,445,571,332,998,1016,1237,777,0.45,0.5394044910432324,0.5525281807348104,0.5557576767708646,0.2522161178320543,0.6984618652928193,0.5383993532740501,0.43799212598425197,True
class__basic__xgb,basic,2014,0.5600794438927508,0.5604614741293611,0.5594521062013322,0.5512820512820513,0.6032064128256514,0.5760765550239234,0.5704989154013015,0.5177165354330708,0.542827657378741,602,526,490,396,998,1016,1092,922,0.475,0.5394044910432324,0.5525281807348104,0.5557576767708646,0.2522161178320543,0.6984618652928193,0.5512820512820513,0.5177165354330708,True
class__basic__xgb,basic,2014,0.5625620655412115,0.5623451627664778,0.5621863368137162,0.5611285266457681,0.5380761523046093,0.5493606138107416,0.5638599810785241,0.5866141732283464,0.5750120598166908,537,596,420,461,998,1016,957,1057,0.5,0.5394044910432324,0.5525281807348104,0.5557576767708646,0.2522161178320543,0.6984618652928193,0.5611285266457681,0.5380761523046093,True
class__basic__xgb,basic,2014,0.5412115193644489,0.5403760276458429,0.5367339541627167,0.5452322738386308,0.4468937875751503,0.4911894273127753,0.5384615384615384,0.6338582677165354,0.5822784810126582,446,644,372,552,998,1016,818,1196,0.525,0.5394044910432324,0.5525281807348104,0.5557576767708646,0.2522161178320543,0.6984618652928193,0.5384615384615384,0.4468937875751503,True
class__basic__xgb,basic,2014,0.5243296921549155,0.5228182743439636,0.509516749642067,0.53003003003003,0.35370741482965934,0.42427884615384615,0.521513353115727,0.6919291338582677,0.5947546531302876,353,703,313,645,998,1016,666,1348,0.55,0.5394044910432324,0.5525281807348104,0.5557576767708646,0.2522161178320543,0.6984618652928193,0.521513353115727,0.35370741482965934,False
class__basic__xgb,basic,2014,0.5129096325719961,0.5108603032837329,0.48472846150134774,0.5155963302752293,0.281563126252505,0.3642255346727155,0.5119128658951668,0.7401574803149606,0.6052313883299799,281,752,264,717,998,1016,545,1469,0.575,0.5394044910432324,0.5525281807348104,0.5557576767708646,0.2522161178320543,0.6984618652928193,0.5119128658951668,0.281563126252505,False
class__basic__xgb,basic,2014,0.506454816285998,0.5037969640067537,0.4569649741274455,0.5049019607843137,0.20641282565130262,0.2930298719772404,0.5068493150684932,0.8011811023622047,0.6209000762776506,206,814,202,792,998,1016,408,1606,0.6,0.5394044910432324,0.5525281807348104,0.5557576767708646,0.2522161178320543,0.6984618652928193,0.5049019607843137,0.20641282565130262,False
class__basic__xgb,basic,2014,0.5104270109235353,0.5072014106954066,0.43496827429221796,0.5214285714285715,0.1462925851703407,0.22848200312989045,0.5086505190311419,0.8681102362204725,0.6414545454545455,146,882,134,852,998,1016,280,1734,0.625,0.5394044910432324,0.5525281807348104,0.5557576767708646,0.2522161178320543,0.6984618652928193,0.5086505190311419,0.1462925851703407,False
class__basic__xgb,basic,2014,0.5163853028798411,0.5127696337557004,0.4191565844096624,0.5625,0.10821643286573146,0.1815126050420168,0.5115257958287596,0.9173228346456693,0.656800563777308,108,932,84,890,998,1016,192,1822,0.65,0.5394044910432324,0.5525281807348104,0.5557576767708646,0.2522161178320543,0.6984618652928193,0.5115257958287596,0.10821643286573146,False
class__cot_direction__equal_ensemble,cot_direction,2014,0.5004965243296922,0.5034034604642356,0.4432121971595656,0.49759326113116725,0.8286573146292585,0.6218045112781955,0.5142045454545454,0.1781496062992126,0.2646198830409357,827,181,835,171,998,1016,1662,352,0.35,0.49989913443383427,0.5520165927552901,0.5204651428841935,0.26465301628192883,0.7258571777127893,0.49759326113116725,0.1781496062992126,False
class__cot_direction__equal_ensemble,cot_direction,2014,0.5104270109235353,0.512882063339277,0.4718971560477201,0.5038461538461538,0.7875751503006012,0.6145426114151681,0.5330396475770925,0.23818897637795275,0.3292517006802721,786,242,774,212,998,1016,1560,454,0.375,0.49989913443383427,0.5520165927552901,0.5204651428841935,0.26465301628192883,0.7258571777127893,0.5038461538461538,0.23818897637795275,False
class__cot_direction__equal_ensemble,cot_direction,2014,0.5129096325719961,0.5148101320751739,0.49087352971871867,0.5059233449477352,0.7274549098196392,0.5967940813810111,0.5302245250431779,0.3021653543307087,0.3849529780564263,726,307,709,272,998,1016,1435,579,0.4,0.49989913443383427,0.5520165927552901,0.5204651428841935,0.26465301628192883,0.7258571777127893,0.5059233449477352,0.3021653543307087,False
class__cot_direction__equal_ensemble,cot_direction,2014,0.519364448857994,0.5205598204282581,0.5112184838975921,0.5117554858934169,0.654308617234469,0.5743183817062445,0.532520325203252,0.3868110236220472,0.44811858608893956,653,393,623,345,998,1016,1276,738,0.425,0.49989913443383427,0.5520165927552901,0.5204651428841935,0.26465301628192883,0.7258571777127893,0.5117554858934169,0.3868110236220472,False
class__cot_direction__equal_ensemble,cot_direction,2014,0.5178748758689176,0.5183556088555062,0.5167070935981287,0.5121076233183857,0.5721442885771543,0.5404637955513488,0.525027808676307,0.4645669291338583,0.4929503916449086,571,472,544,427,998,1016,1115,899,0.45,0.49989913443383427,0.5520165927552901,0.5204651428841935,0.26465301628192883,0.7258571777127893,0.5121076233183857,0.4645669291338583,True
class__cot_direction__equal_ensemble,cot_direction,2014,0.5119165839126117,0.5118198996418033,0.5118009190589448,0.5076142131979695,0.501002004008016,0.5042864346949067,0.5160349854227405,0.5226377952755905,0.5193154034229829,500,531,485,498,998,1016,985,1029,0.475,0.49989913443383427,0.5520165927552901,0.5204651428841935,0.26465301628192883,0.7258571777127893,0.5076142131979695,0.501002004008016,True
class__cot_direction__equal_ensemble,cot_direction,2014,0.5004965243296922,0.4998441765420605,0.49748155937954197,0.49534883720930234,0.42685370741482964,0.45855758880516684,0.5043327556325823,0.5728346456692913,0.5364055299539171,426,582,434,572,998,1016,860,1154,0.5,0.49989913443383427,0.5520165927552901,0.5204651428841935,0.26465301628192883,0.7258571777127893,0.49534883720930234,0.42685370741482964,True
class__cot_direction__equal_ensemble,cot_direction,2014,0.5054617676266137,0.5042772552979975,0.49599650253013805,0.5013513513513513,0.3717434869739479,0.42692750287687,0.5078492935635793,0.6368110236220472,0.5650655021834061,371,647,369,627,998,1016,740,1274,0.525,0.49989913443383427,0.5520165927552901,0.5204651428841935,0.26465301628192883,0.7258571777127893,0.5013513513513513,0.3717434869739479,False
class__cot_direction__equal_ensemble,cot_direction,2014,0.5109235352532274,0.5092557161567228,0.49237340809335584,0.5103011093502378,0.3226452905811623,0.3953345610804174,0.5112075198843095,0.6958661417322834,0.5894122551062942,322,707,309,676,998,1016,631,1383,0.55,0.49989913443383427,0.5520165927552901,0.5204651428841935,0.26465301628192883,0.7258571777127893,0.5103011093502378,0.3226452905811623,False
class__cot_direction__equal_ensemble,cot_direction,2014,0.5079443892750745,0.5058591592634087,0.47844217881730083,0.5065176908752328,0.2725450901803607,0.3543973941368078,0.5084631008801624,0.7391732283464567,0.6024869634977938,272,751,265,726,998,1016,537,1477,0.575,0.49989913443383427,0.5520165927552901,0.5204651428841935,0.26465301628192883,0.7258571777127893,0.5065176908752328,0.2725450901803607,False
class__cot_direction__equal_ensemble,cot_direction,2014,0.5139026812313804,0.5113652501854102,0.46977694772409767,0.5218390804597701,0.22745490981963928,0.316817864619679,0.5117162761241292,0.7952755905511811,0.6227360308285164,227,808,208,771,998,1016,435,1579,0.6,0.49989913443383427,0.5520165927552901,0.5204651428841935,0.26465301628192883,0.7258571777127893,0.5117162761241292,0.22745490981963928,False
class__cot_direction__equal_ensemble,cot_direction,2014,0.5148957298907646,0.5119057011661118,0.45185554141326856,0.5315315315315315,0.17735470941883769,0.2659654395191585,0.5116002379535991,0.8464566929133859,0.6377456433073786,177,860,156,821,998,1016,333,1681,0.625,0.49989913443383427,0.5520165927552901,0.5204651428841935,0.26465301628192883,0.7258571777127893,0.5116002379535991,0.17735470941883769,False
class__cot_direction__equal_ensemble,cot_direction,2014,0.5039721946375373,0.5005818724062298,0.41827704141508854,0.49794238683127573,0.12124248496993988,0.19500402900886382,0.5047995482778092,0.8799212598425197,0.6415500538213132,121,894,122,877,998,1016,243,1771,0.65,0.49989913443383427,0.5520165927552901,0.5204651428841935,0.26465301628192883,0.7258571777127893,0.49794238683127573,0.12124248496993988,False
class__cot_direction__forest,cot_direction,2014,0.5069513406156901,0.509588073785366,0.46151922026316305,0.5015615240474703,0.8046092184368737,0.617929973066564,0.5278450363196125,0.21456692913385828,0.30510846745976206,803,218,798,195,998,1016,1601,413,0.35,0.5232116205181121,0.5437713719053543,0.5365632840484118,0.26327392343742445,0.7243531974601891,0.5015615240474703,0.21456692913385828,False
class__cot_direction__forest,cot_direction,2014,0.5094339622641509,0.5116492828176037,0.47856867332478015,0.5033200531208499,0.7595190380761523,0.6054313099041534,0.5275590551181102,0.2637795275590551,0.35170603674540685,758,268,748,240,998,1016,1506,508,0.375,0.5232116205181121,0.5437713719053543,0.5365632840484118,0.26327392343742445,0.7243531974601891,0.5033200531208499,0.2637795275590551,False
class__cot_direction__forest,cot_direction,2014,0.5129096325719961,0.5145527275022486,0.4967404718693285,0.5061728395061729,0.6983967935871743,0.5869473684210527,0.5274725274725275,0.33070866141732286,0.40653357531760437,697,336,680,301,998,1016,1377,637,0.4,0.5232116205181121,0.5437713719053543,0.5365632840484118,0.26327392343742445,0.7243531974601891,0.5061728395061729,0.33070866141732286,False
class__cot_direction__forest,cot_direction,2014,0.5198609731876862,0.5209543101951936,0.5131187864481914,0.5123703112529928,0.6432865731462926,0.5704131497112395,0.5321944809461235,0.3986220472440945,0.4558244231851435,642,405,611,356,998,1016,1253,761,0.425,0.5232116205181121,0.5437713719053543,0.5365632840484118,0.26327392343742445,0.7243531974601891,0.5123703112529928,0.3986220472440945,False
class__cot_direction__forest,cot_direction,2014,0.5208540218470705,0.5213793729190664,0.5194464328322596,0.5146666666666667,0.5801603206412825,0.5454545454545454,0.5286839145106862,0.4625984251968504,0.49343832020997375,579,470,546,419,998,1016,1125,889,0.45,0.5232116205181121,0.5437713719053543,0.5365632840484118,0.26327392343742445,0.7243531974601891,0.5146666666666667,0.4625984251968504,True
class__cot_direction__forest,cot_direction,2014,0.5143992055610725,0.5144758019976962,0.5143915434704788,0.509765625,0.5230460921843687,0.516320474777448,0.5191919191919192,0.5059055118110236,0.5124626121635095,522,514,502,476,998,1016,1024,990,0.475,0.5232116205181121,0.5437713719053543,0.5365632840484118,0.26327392343742445,0.7243531974601891,0.509765625,0.5059055118110236,True
class__cot_direction__forest,cot_direction,2014,0.5208540218470705,0.5204473908446815,0.5196459708922032,0.5180327868852459,0.4749498997995992,0.4955567171981181,0.5232029117379435,0.5659448818897638,0.5437352245862884,474,575,441,524,998,1016,915,1099,0.5,0.5232116205181121,0.5437713719053543,0.5365632840484118,0.26327392343742445,0.7243531974601891,0.5180327868852459,0.4749498997995992,True
class__cot_direction__forest,cot_direction,2014,0.5322740814299901,0.5314112476922348,0.5274255339288294,0.5344827586206896,0.4348697394789579,0.47955801104972373,0.5307820299500832,0.6279527559055118,0.5752930568079351,434,638,378,564,998,1016,812,1202,0.525,0.5232116205181121,0.5437713719053543,0.5365632840484118,0.26327392343742445,0.7243531974601891,0.5307820299500832,0.4348697394789579,True
class__cot_direction__forest,cot_direction,2014,0.5367428003972194,0.5352811923058716,0.5232349937520219,0.5480059084194978,0.3717434869739479,0.44298507462686565,0.531039640987285,0.6988188976377953,0.6034849128771781,371,710,306,627,998,1016,677,1337,0.55,0.5232116205181121,0.5437713719053543,0.5365632840484118,0.26327392343742445,0.7243531974601891,0.531039640987285,0.3717434869739479,False
class__cot_direction__forest,cot_direction,2014,0.5377358490566038,0.535795015227305,0.5137847939016493,0.5588752196836555,0.3186372745490982,0.40587109125717935,0.5294117647058824,0.7529527559055118,0.6216984965461194,318,765,251,680,998,1016,569,1445,0.575,0.5232116205181121,0.5437713719053543,0.5365632840484118,0.26327392343742445,0.7243531974601891,0.5294117647058824,0.3186372745490982,False
class__cot_direction__forest,cot_direction,2014,0.5327706057596823,0.530421078377227,0.4967239605117276,0.559748427672956,0.26753507014028055,0.36203389830508476,0.5243981782693559,0.7933070866141733,0.6314140227183705,267,806,210,731,998,1016,477,1537,0.6,0.5232116205181121,0.5437713719053543,0.5365632840484118,0.26327392343742445,0.7243531974601891,0.5243981782693559,0.26753507014028055,False
class__cot_direction__forest,cot_direction,2014,0.5218470705064548,0.5189818613605163,0.4652907183036036,0.5484764542936288,0.19839679358717435,0.2913907284768212,0.5160314579552329,0.8395669291338582,0.6391907081303859,198,853,163,800,998,1016,361,1653,0.625,0.5232116205181121,0.5437713719053543,0.5365632840484118,0.26327392343742445,0.7243531974601891,0.5160314579552329,0.19839679358717435,False
class__cot_direction__forest,cot_direction,2014,0.5233366434955313,0.5200943225032743,0.4489419699503733,0.5688405797101449,0.15731462925851702,0.24646781789638933,0.5161104718066744,0.8828740157480315,0.6514161220043573,157,897,119,841,998,1016,276,1738,0.65,0.5232116205181121,0.5437713719053543,0.5365632840484118,0.26327392343742445,0.7243531974601891,0.5161104718066744,0.15731462925851702,False
class__cot_direction__linear,cot_direction,2014,0.5079443892750745,0.5099865084499708,0.4819672471543386,0.5023858214042263,0.7384769539078156,0.5979716024340771,0.5228519195612431,0.281496062992126,0.3659628918746001,737,286,730,261,998,1016,1467,547,0.35,0.4811975611228376,0.5346478221438786,0.5055662506114591,0.28652822597729316,0.7913064073769002,0.5023858214042263,0.281496062992126,False
class__cot_direction__linear,cot_direction,2014,0.5089374379344588,0.510455951272624,0.4951353595550359,0.5033358042994811,0.6803607214428857,0.5786109927567107,0.5203007518796993,0.3405511811023622,0.4116597263533611,679,346,670,319,998,1016,1349,665,0.375,0.4811975611228376,0.5346478221438786,0.5055662506114591,0.28652822597729316,0.7913064073769002,0.5033358042994811,0.3405511811023622,False
class__cot_direction__linear,cot_direction,2014,0.5084409136047666,0.5095289003203256,0.5015973003374579,0.5031948881789138,0.6312625250501002,0.56,0.5170603674540682,0.38779527559055116,0.4431946006749156,630,394,622,368,998,1016,1252,762,0.4,0.4811975611228376,0.5346478221438786,0.5055662506114591,0.28652822597729316,0.7913064073769002,0.5031948881789138,0.38779527559055116,False
class__cot_direction__linear,cot_direction,2014,0.5,0.5006124453631673,0.4979402434179012,0.4960698689956332,0.5691382765531062,0.5300979934671022,0.5051783659378596,0.43208661417322836,0.46578249336870026,568,439,577,430,998,1016,1145,869,0.425,0.4811975611228376,0.5346478221438786,0.5055662506114591,0.28652822597729316,0.7913064073769002,0.4960698689956332,0.43208661417322836,True
class__cot_direction__linear,cot_direction,2014,0.506454816285998,0.5065751581903966,0.5064153898347876,0.5019342359767892,0.5200400801603207,0.5108267716535433,0.5112244897959184,0.49311023622047245,0.5020040080160321,519,501,515,479,998,1016,1034,980,0.45,0.4811975611228376,0.5346478221438786,0.5055662506114591,0.28652822597729316,0.7913064073769002,0.5019342359767892,0.49311023622047245,True
class__cot_direction__linear,cot_direction,2014,0.49652432969215493,0.49614682120145803,0.49542516603415554,0.4913232104121475,0.45390781563126253,0.471875,0.5009157509157509,0.5383858267716536,0.5189753320683111,453,547,469,545,998,1016,922,1092,0.475,0.4811975611228376,0.5346478221438786,0.5055662506114591,0.28652822597729316,0.7913064073769002,0.4913232104121475,0.45390781563126253,True
class__cot_direction__linear,cot_direction,2014,0.5014895729890765,0.5006597841351995,0.49672306597175553,0.49634146341463414,0.40781563126252507,0.44774477447744776,0.5050251256281407,0.593503937007874,0.5457013574660633,407,603,413,591,998,1016,820,1194,0.5,0.4811975611228376,0.5346478221438786,0.5055662506114591,0.28652822597729316,0.7913064073769002,0.49634146341463414,0.40781563126252507,True
class__cot_direction__linear,cot_direction,2014,0.5,0.4987396051946412,0.48918872834036925,0.49377593360995853,0.35771543086172347,0.4148750726321906,0.5034856700232379,0.639763779527559,0.5635023840485479,357,650,366,641,998,1016,723,1291,0.525,0.4811975611228376,0.5346478221438786,0.5055662506114591,0.28652822597729316,0.7913064073769002,0.49377593360995853,0.35771543086172347,False
class__cot_direction__linear,cot_direction,2014,0.5004965243296922,0.498823434270115,0.4814486076986077,0.4936507936507937,0.31162324649298595,0.3820638820638821,0.5036127167630058,0.6860236220472441,0.5808333333333333,311,697,319,687,998,1016,630,1384,0.55,0.4811975611228376,0.5346478221438786,0.5055662506114591,0.28652822597729316,0.7913064073769002,0.4936507936507937,0.31162324649298595,False
class__cot_direction__linear,cot_direction,2014,0.4955312810327706,0.4935737616966216,0.46902298468794634,0.4840989399293286,0.2745490981963928,0.35038363171355497,0.5,0.7125984251968503,0.5876623376623377,274,724,292,724,998,1016,566,1448,0.575,0.4811975611228376,0.5346478221438786,0.5055662506114591,0.28652822597729316,0.7913064073769002,0.4840989399293286,0.2745490981963928,False
class__cot_direction__linear,cot_direction,2014,0.49354518371400197,0.49125909298912784,0.45677249432782774,0.47764227642276424,0.23547094188376755,0.31543624161073824,0.49868593955321944,0.7470472440944882,0.5981087470449172,235,759,257,763,998,1016,492,1522,0.6,0.4811975611228376,0.5346478221438786,0.5055662506114591,0.28652822597729316,0.7913064073769002,0.47764227642276424,0.23547094188376755,False
class__cot_direction__linear,cot_direction,2014,0.48808341608738826,0.4855439224906506,0.4416139255398822,0.46206896551724136,0.20140280561122245,0.28053035589672015,0.49525015832805575,0.7696850393700787,0.6026974951830443,201,782,234,797,998,1016,435,1579,0.625,0.4811975611228376,0.5346478221438786,0.5055662506114591,0.28652822597729316,0.7913064073769002,0.46206896551724136,0.20140280561122245,False
class__cot_direction__linear,cot_direction,2014,0.4890764647467726,0.4862707698862292,0.4314878138103292,0.45866666666666667,0.17234468937875752,0.25054624908958484,0.4960341671751068,0.8001968503937008,0.6124293785310735,172,813,203,826,998,1016,375,1639,0.65,0.4811975611228376,0.5346478221438786,0.5055662506114591,0.28652822597729316,0.7913064073769002,0.45866666666666667,0.17234468937875752,False
class__cot_direction__xgb,cot_direction,2014,0.5094339622641509,0.5125457608129645,0.4437664717728184,0.502927400468384,0.8607214428857716,0.6348854397634885,0.545751633986928,0.1643700787401575,0.2526475037821483,859,167,849,139,998,1016,1708,306,0.35,0.5087752771455052,0.5470380190092066,0.5261033878781185,0.2601843428455741,0.715658680993923,0.502927400468384,0.1643700787401575,False
class__cot_direction__xgb,cot_direction,2014,0.5084409136047666,0.511082203777634,0.46297672915319976,0.5024968789013733,0.8066132264529058,0.6192307692307693,0.5315533980582524,0.2155511811023622,0.3067226890756303,805,219,797,193,998,1016,1602,412,0.375,0.5087752771455052,0.5470380190092066,0.5261033878781185,0.2601843428455741,0.715658680993923,0.5024968789013733,0.2155511811023622,False
class__cot_direction__xgb,cot_direction,2014,0.5104270109235353,0.5125181465292791,0.4832338907116567,0.5040595399188093,0.7464929859719439,0.6017770597738288,0.5279850746268657,0.2785433070866142,0.3646907216494845,745,283,733,253,998,1016,1478,536,0.4,0.5087752771455052,0.5470380190092066,0.5261033878781185,0.2601843428455741,0.715658680993923,0.5040595399188093,0.2785433070866142,False
class__cot_direction__xgb,cot_direction,2014,0.5153922542204568,0.5170133574235084,0.49976230830699386,0.5080174927113703,0.6983967935871743,0.5881856540084388,0.5311526479750779,0.33562992125984253,0.41133896260554886,697,341,675,301,998,1016,1372,642,0.425,0.5087752771455052,0.5470380190092066,0.5261033878781185,0.2601843428455741,0.715658680993923,0.5080174927113703,0.33562992125984253,False
class__cot_direction__xgb,cot_direction,2014,0.5213505461767627,0.5223774320294131,0.515463279453105,0.5137318255250404,0.6372745490981964,0.5688729874776386,0.5335051546391752,0.4074803149606299,0.46205357142857145,636,414,602,362,998,1016,1238,776,0.45,0.5087752771455052,0.5470380190092066,0.5261033878781185,0.2601843428455741,0.715658680993923,0.5137318255250404,0.4074803149606299,True
class__cot_direction__xgb,cot_direction,2014,0.5238331678252235,0.5242256165875057,0.5230993924623853,0.5178082191780822,0.5681362725450901,0.5418060200668896,0.5310119695321001,0.48031496062992124,0.5043927648578811,567,488,528,431,998,1016,1095,919,0.475,0.5087752771455052,0.5470380190092066,0.5261033878781185,0.2601843428455741,0.715658680993923,0.5178082191780822,0.48031496062992124,True
class__cot_direction__xgb,cot_direction,2014,0.5143992055610725,0.5141207612074543,0.513777791820908,0.510593220338983,0.48296593186372744,0.4963954685890834,0.5177570093457944,0.5452755905511811,0.5311601150527325,482,554,462,516,998,1016,944,1070,0.5,0.5087752771455052,0.5470380190092066,0.5261033878781185,0.2601843428455741,0.715658680993923,0.510593220338983,0.48296593186372744,True
class__cot_direction__xgb,cot_direction,2014,0.5158887785501489,0.5149580657377748,0.5100960896753808,0.5144291091593476,0.41082164328657317,0.4568245125348189,0.5168447000821693,0.6190944881889764,0.5633676668159426,410,629,387,588,998,1016,797,1217,0.525,0.5087752771455052,0.5470380190092066,0.5261033878781185,0.2601843428455741,0.715658680993923,0.5144291091593476,0.41082164328657317,True
class__cot_direction__xgb,cot_direction,2014,0.5134061569016882,0.5118583623940796,0.49752955169407986,0.513677811550152,0.33867735470941884,0.4082125603864734,0.5132743362831859,0.6850393700787402,0.5868465430016864,338,696,320,660,998,1016,658,1356,0.55,0.5087752771455052,0.5470380190092066,0.5261033878781185,0.2601843428455741,0.715658680993923,0.5132743362831859,0.33867735470941884,False
class__cot_direction__xgb,cot_direction,2014,0.5134061569016882,0.5113435532482288,0.48487284419760307,0.5166051660516605,0.280561122244489,0.36363636363636365,0.5122282608695652,0.7421259842519685,0.6061093247588425,280,754,262,718,998,1016,542,1472,0.575,0.5087752771455052,0.5470380190092066,0.5261033878781185,0.2601843428455741,0.715658680993923,0.5122282608695652,0.280561122244489,False
class__cot_direction__xgb,cot_direction,2014,0.5114200595829196,0.508851364145614,0.4658936431464415,0.5163551401869159,0.22144288577154309,0.30995792426367463,0.5100882723833543,0.7962598425196851,0.6218293620292084,221,809,207,777,998,1016,428,1586,0.6,0.5087752771455052,0.5470380190092066,0.5261033878781185,0.2601843428455741,0.715658680993923,0.5100882723833543,0.22144288577154309,False
class__cot_direction__xgb,cot_direction,2014,0.5148957298907646,0.5118346930080634,0.44845813496206827,0.5331230283911672,0.16933867735470942,0.2570342205323194,0.5114908662345315,0.8543307086614174,0.6398820493918171,169,868,148,829,998,1016,317,1697,0.625,0.5087752771455052,0.5470380190092066,0.5261033878781185,0.2601843428455741,0.715658680993923,0.5114908662345315,0.16933867735470942,False
class__cot_direction__xgb,cot_direction,2014,0.5148957298907646,0.5114885282375775,0.43006609476643803,0.5439330543933054,0.13026052104208416,0.21018593371059013,0.5109859154929578,0.8927165354330708,0.6499462558222859,130,907,109,868,998,1016,239,1775,0.65,0.5087752771455052,0.5470380190092066,0.5261033878781185,0.2601843428455741,0.715658680993923,0.5109859154929578,0.13026052104208416,False
class__direction_core__equal_ensemble,direction_core,2014,0.5074478649453823,0.5110831900020514,0.41240247334192914,0.5016429353778752,0.9178356713426854,0.6487252124645893,0.5638297872340425,0.10433070866141732,0.1760797342192691,916,106,910,82,998,1016,1826,188,0.35,0.4949008320277597,0.5316414551088409,0.49025511653227716,0.26270893310546944,0.7196364205705787,0.5016429353778752,0.10433070866141732,False
class__direction_core__equal_ensemble,direction_core,2014,0.5104270109235353,0.5137341612358576,0.43496827429221796,0.5034246575342466,0.8837675350701403,0.6414545454545455,0.5572519083969466,0.1437007874015748,0.22848200312989045,882,146,870,116,998,1016,1752,262,0.375,0.4949008320277597,0.5316414551088409,0.49025511653227716,0.26270893310546944,0.7196364205705787,0.5034246575342466,0.1437007874015748,False
class__direction_core__equal_ensemble,direction_core,2014,0.502979145978153,0.5058285863064712,0.44849948310863585,0.4990903577926016,0.8246492985971944,0.6218360408009067,0.5205479452054794,0.18700787401574803,0.27516292541636495,823,190,826,175,998,1016,1649,365,0.4,0.4949008320277597,0.5316414551088409,0.49025511653227716,0.26270893310546944,0.7196364205705787,0.4990903577926016,0.18700787401574803,False
class__direction_core__equal_ensemble,direction_core,2014,0.48659384309831183,0.48895823142347683,0.4493164305244842,0.4883116883116883,0.7535070140280561,0.5925925925925926,0.4810126582278481,0.22440944881889763,0.30604026845637583,752,228,788,246,998,1016,1540,474,0.425,0.4949008320277597,0.5316414551088409,0.49025511653227716,0.26270893310546944,0.7196364205705787,0.4810126582278481,0.22440944881889763,False
class__direction_core__equal_ensemble,direction_core,2014,0.47964250248262164,0.48136726208322156,0.4604340308134678,0.4820916905444126,0.6743486973947895,0.5622389306599833,0.4741100323624595,0.28838582677165353,0.35862913096695226,673,293,723,325,998,1016,1396,618,0.45,0.4949008320277597,0.5316414551088409,0.49025511653227716,0.26270893310546944,0.7196364205705787,0.4741100323624595,0.28838582677165353,False
class__direction_core__equal_ensemble,direction_core,2014,0.47219463753723934,0.47315102646237356,0.4665594577294213,0.473426001635323,0.5801603206412825,0.5213867627194957,0.47029077117572693,0.3661417322834646,0.411732152739347,579,372,644,419,998,1016,1223,791,0.475,0.4949008320277597,0.5316414551088409,0.49025511653227716,0.26270893310546944,0.7196364205705787,0.47029077117572693,0.3661417322834646,False
class__direction_core__equal_ensemble,direction_core,2014,0.48758689175769615,0.487732354472725,0.4875141162140437,0.48365384615384616,0.5040080160320641,0.49362119725220804,0.4917864476386037,0.4714566929133858,0.4814070351758794,503,479,537,495,998,1016,1040,974,0.5,0.4949008320277597,0.5316414551088409,0.49025511653227716,0.26270893310546944,0.7196364205705787,0.48365384615384616,0.4714566929133858,True
class__direction_core__equal_ensemble,direction_core,2014,0.49056603773584906,0.489975028797753,0.4880209076637648,0.4839816933638444,0.42384769539078154,0.4519230769230769,0.4956140350877193,0.5561023622047244,0.5241187384044527,423,565,451,575,998,1016,874,1140,0.525,0.4949008320277597,0.5316414551088409,0.49025511653227716,0.26270893310546944,0.7196364205705787,0.4839816933638444,0.42384769539078154,True
class__direction_core__equal_ensemble,direction_core,2014,0.49205561072492554,0.49068806905148876,0.4791520201066459,0.4821173104434907,0.3376753507014028,0.3971714790807307,0.4973384030418251,0.6437007874015748,0.5611325611325612,337,654,362,661,998,1016,699,1315,0.55,0.4949008320277597,0.5316414551088409,0.49025511653227716,0.26270893310546944,0.7196364205705787,0.4821173104434907,0.3376753507014028,False
class__direction_core__equal_ensemble,direction_core,2014,0.49751737835153925,0.49551563757436135,0.4698615927395232,0.48741007194244607,0.2715430861723447,0.3487773487773488,0.5013717421124828,0.719488188976378,0.5909458367016976,271,731,285,727,998,1016,556,1458,0.575,0.4949008320277597,0.5316414551088409,0.49025511653227716,0.26270893310546944,0.7196364205705787,0.48741007194244607,0.2715430861723447,False
class__direction_core__equal_ensemble,direction_core,2014,0.4990069513406157,0.496574842598583,0.45751341383100186,0.4880174291938998,0.22444889779559118,0.3074811256005491,0.5022508038585209,0.7687007874015748,0.6075457020614546,224,781,235,774,998,1016,459,1555,0.6,0.4949008320277597,0.5316414551088409,0.49025511653227716,0.26270893310546944,0.7196364205705787,0.4880174291938998,0.22444889779559118,False
class__direction_core__equal_ensemble,direction_core,2014,0.5059582919563058,0.5030030533507961,0.4434410542105683,0.5043988269794721,0.17234468937875752,0.256908140403286,0.5062761506276151,0.8336614173228346,0.6299739680178505,172,847,169,826,998,1016,341,1673,0.625,0.4949008320277597,0.5316414551088409,0.49025511653227716,0.26270893310546944,0.7196364205705787,0.5043988269794721,0.17234468937875752,False
class__direction_core__equal_ensemble,direction_core,2014,0.5034756703078451,0.5001074984614899,0.41898907560988835,0.4959677419354839,0.12324649298597194,0.19743178170144463,0.5045300113250283,0.8769685039370079,0.6405463695183321,123,891,125,875,998,1016,248,1766,0.65,0.4949008320277597,0.5316414551088409,0.49025511653227716,0.26270893310546944,0.7196364205705787,0.4959677419354839,0.12324649298597194,False
class__direction_core__forest,direction_core,2014,0.5014895729890765,0.5049469016773704,0.4161469305540156,0.49832026875699886,0.8917835671342685,0.639367816091954,0.5263157894736842,0.11811023622047244,0.19292604501607716,890,120,896,108,998,1016,1786,228,0.35,0.5231425083319848,0.5314255790638278,0.5145152509743898,0.2582169717864772,0.710340595609092,0.49832026875699886,0.11811023622047244,False
class__direction_core__forest,direction_core,2014,0.49056603773584906,0.49381834535212155,0.4149625426809588,0.49195402298850577,0.8577154308617234,0.6252739225712198,0.48175182481751827,0.12992125984251968,0.20465116279069767,856,132,884,142,998,1016,1740,274,0.375,0.5231425083319848,0.5314255790638278,0.5145152509743898,0.2582169717864772,0.710340595609092,0.48175182481751827,0.12992125984251968,False
class__direction_core__forest,direction_core,2014,0.4885799404170804,0.49152142868413995,0.42829504365464327,0.49041916167664673,0.8206412825651302,0.6139430284857571,0.4796511627906977,0.1624015748031496,0.2426470588235294,819,165,851,179,998,1016,1670,344,0.4,0.5231425083319848,0.5314255790638278,0.5145152509743898,0.2582169717864772,0.710340595609092,0.4796511627906977,0.1624015748031496,False
class__direction_core__forest,direction_core,2014,0.4846077457795432,0.48721162798037015,0.43834790570514803,0.4874529485570891,0.7785571142284569,0.5995370370370371,0.4738095238095238,0.19586614173228348,0.27715877437325903,777,199,817,221,998,1016,1594,420,0.425,0.5231425083319848,0.5314255790638278,0.5145152509743898,0.2582169717864772,0.710340595609092,0.4738095238095238,0.19586614173228348,False
class__direction_core__forest,direction_core,2014,0.48659384309831183,0.488612066652991,0.4601180106188817,0.48768809849521205,0.7144288577154309,0.5796747967479675,0.483695652173913,0.26279527559055116,0.3405612244897959,713,267,749,285,998,1016,1462,552,0.45,0.5231425083319848,0.5314255790638278,0.5145152509743898,0.2582169717864772,0.710340595609092,0.483695652173913,0.26279527559055116,False
class__direction_core__forest,direction_core,2014,0.5019860973187686,0.5030868824262699,0.49487268930940276,0.49800796812749004,0.62625250501002,0.5548158011540169,0.5085638998682477,0.3799212598425197,0.4349295774647887,625,386,630,373,998,1016,1255,759,0.475,0.5231425083319848,0.5314255790638278,0.5145152509743898,0.2582169717864772,0.710340595609092,0.49800796812749004,0.3799212598425197,False
class__direction_core__forest,direction_core,2014,0.5143992055610725,0.5144935540372082,0.5143819655172074,0.5097276264591439,0.5250501002004008,0.5172754195459033,0.5192697768762677,0.5039370078740157,0.5114885114885115,524,512,504,474,998,1016,1028,986,0.5,0.5231425083319848,0.5314255790638278,0.5145152509743898,0.2582169717864772,0.710340595609092,0.5097276264591439,0.5039370078740157,True
class__direction_core__forest,direction_core,2014,0.5148957298907646,0.5140448219273193,0.5100153269775972,0.5128834355828221,0.4188376753507014,0.4611141753998897,0.5162635529608006,0.609251968503937,0.5589164785553047,418,619,397,580,998,1016,815,1199,0.525,0.5231425083319848,0.5314255790638278,0.5145152509743898,0.2582169717864772,0.710340595609092,0.5128834355828221,0.4188376753507014,True
class__direction_core__forest,direction_core,2014,0.5134061569016882,0.5118228583150553,0.4967875499714449,0.5138461538461538,0.3346693386773547,0.4053398058252427,0.5131964809384164,0.6889763779527559,0.5882352941176471,334,700,316,664,998,1016,650,1364,0.55,0.5231425083319848,0.5314255790638278,0.5145152509743898,0.2582169717864772,0.710340595609092,0.5131964809384164,0.3346693386773547,False
class__direction_core__forest,direction_core,2014,0.5163853028798411,0.5141187887586196,0.4818431843659827,0.5241935483870968,0.2605210420841683,0.34805890227576974,0.5138339920948617,0.7677165354330708,0.6156274664561957,260,780,236,738,998,1016,496,1518,0.575,0.5231425083319848,0.5314255790638278,0.5145152509743898,0.2582169717864772,0.710340595609092,0.5138339920948617,0.2605210420841683,False
class__direction_core__forest,direction_core,2014,0.5233366434955313,0.5205114954318085,0.468671679197995,0.5513513513513514,0.20440881763527055,0.2982456140350877,0.5170316301703163,0.8366141732283464,0.6390977443609023,204,850,166,794,998,1016,370,1644,0.6,0.5231425083319848,0.5314255790638278,0.5145152509743898,0.2582169717864772,0.710340595609092,0.5170316301703163,0.20440881763527055,False
class__direction_core__forest,direction_core,2014,0.5198609731876862,0.5166139365344863,0.4446894384700815,0.5563636363636364,0.1533066132264529,0.2403770620581304,0.5140885566417481,0.8799212598425197,0.6490018148820327,153,894,122,845,998,1016,275,1739,0.625,0.5231425083319848,0.5314255790638278,0.5145152509743898,0.2582169717864772,0.710340595609092,0.5140885566417481,0.1533066132264529,False
class__direction_core__forest,direction_core,2014,0.5203574975173784,0.5167243936692283,0.4227979963282632,0.5851063829787234,0.11022044088176353,0.18549747048903878,0.5136911281489595,0.9232283464566929,0.6600985221674877,110,938,78,888,998,1016,188,1826,0.65,0.5231425083319848,0.5314255790638278,0.5145152509743898,0.2582169717864772,0.710340595609092,0.5136911281489595,0.11022044088176353,False
class__direction_core__linear,direction_core,2014,0.5034756703078451,0.5061875719943825,0.4547608528038395,0.49938195302843014,0.8096192384769539,0.617737003058104,0.5202020202020202,0.20275590551181102,0.29178470254957506,808,206,810,190,998,1016,1618,396,0.35,0.4687695663818384,0.5141661954210339,0.4783109526138892,0.2905681706206513,0.7951929937084018,0.49938195302843014,0.20275590551181102,False
class__direction_core__linear,direction_core,2014,0.5004965243296922,0.5028886513183848,0.46333108715184185,0.4974126778783959,0.7705410821643287,0.6045597484276729,0.5106837606837606,0.23523622047244094,0.3221024258760108,769,239,777,229,998,1016,1546,468,0.375,0.4687695663818384,0.5141661954210339,0.4783109526138892,0.2905681706206513,0.7951929937084018,0.4974126778783959,0.23523622047244094,False
class__direction_core__linear,direction_core,2014,0.49602780536246277,0.49798908841304657,0.4716038200876934,0.4941338854382333,0.717434869739479,0.5852063751532489,0.5008849557522124,0.2785433070866142,0.35800126502213786,716,283,733,282,998,1016,1449,565,0.4,0.4687695663818384,0.5141661954210339,0.4783109526138892,0.2905681706206513,0.7951929937084018,0.4941338854382333,0.2785433070866142,False
class__direction_core__linear,direction_core,2014,0.4940417080436941,0.4955945355277484,0.47910906707378204,0.4922623434045689,0.6693386773547094,0.5673036093418259,0.4977168949771689,0.3218503937007874,0.3909145248057382,668,327,689,330,998,1016,1357,657,0.425,0.4687695663818384,0.5141661954210339,0.4783109526138892,0.2905681706206513,0.7951929937084018,0.4922623434045689,0.3218503937007874,False
class__direction_core__linear,direction_core,2014,0.49503475670307845,0.49618824262698624,0.4870678742210185,0.4925019731649566,0.625250501002004,0.5509933774834437,0.499330655957162,0.3671259842519685,0.4231423709585933,624,373,643,374,998,1016,1267,747,0.45,0.4687695663818384,0.5141661954210339,0.4783109526138892,0.2905681706206513,0.7951929937084018,0.4925019731649566,0.3671259842519685,False
class__direction_core__linear,direction_core,2014,0.48808341608738826,0.4887659176620959,0.4854161075205983,0.48578811369509045,0.5651302605210421,0.5224641037517369,0.4912075029308324,0.4124015748031496,0.4483681112894596,564,419,597,434,998,1016,1161,853,0.475,0.4687695663818384,0.5141661954210339,0.4783109526138892,0.2905681706206513,0.7951929937084018,0.48578811369509045,0.4124015748031496,True
class__direction_core__linear,direction_core,2014,0.48659384309831183,0.4869167468795859,0.48607487475629924,0.48333333333333334,0.5230460921843687,0.5024061597690087,0.49036402569593146,0.4507874015748031,0.46974358974358976,522,458,558,476,998,1016,1080,934,0.5,0.4687695663818384,0.5141661954210339,0.4783109526138892,0.2905681706206513,0.7951929937084018,0.48333333333333334,0.4507874015748031,True
class__direction_core__linear,direction_core,2014,0.4885799404170804,0.48834381361147494,0.48809481506048835,0.4832285115303983,0.4619238476953908,0.4723360655737705,0.49339622641509434,0.514763779527559,0.5038535645472062,461,523,493,537,998,1016,954,1060,0.525,0.4687695663818384,0.5141661954210339,0.4783109526138892,0.2905681706206513,0.7951929937084018,0.4832285115303983,0.4619238476953908,True
class__direction_core__linear,direction_core,2014,0.484111221449851,0.48340874662711253,0.4805395914462329,0.4758539458186101,0.40480961923847697,0.43746616134271793,0.4901287553648069,0.562007874015748,0.5236130215497479,404,571,445,594,998,1016,849,1165,0.55,0.4687695663818384,0.5141661954210339,0.4783109526138892,0.2905681706206513,0.7951929937084018,0.4758539458186101,0.40480961923847697,True
class__direction_core__linear,direction_core,2014,0.47616683217477657,0.47503767377274236,0.4670791043050373,0.46215139442231074,0.3486973947895792,0.3974871501998858,0.4845360824742268,0.6013779527559056,0.5366710584101888,348,611,405,650,998,1016,753,1261,0.575,0.4687695663818384,0.5141661954210339,0.4783109526138892,0.2905681706206513,0.7951929937084018,0.46215139442231074,0.3486973947895792,False
class__direction_core__linear,direction_core,2014,0.4672293942403178,0.46564684487084407,0.44913638158426356,0.4423963133640553,0.28857715430861725,0.3493026076409945,0.47909024211298606,0.6427165354330708,0.5489701555275326,288,653,363,710,998,1016,651,1363,0.6,0.4687695663818384,0.5141661954210339,0.4783109526138892,0.2905681706206513,0.7951929937084018,0.4423963133640553,0.28857715430861725,False
class__direction_core__linear,direction_core,2014,0.4627606752730884,0.4607295299259937,0.43237163457531047,0.42363636363636364,0.23346693386773548,0.30103359173126615,0.4774590163934426,0.687992125984252,0.5637096774193548,233,699,317,765,998,1016,550,1464,0.625,0.4687695663818384,0.5141661954210339,0.4783109526138892,0.2905681706206513,0.7951929937084018,0.42363636363636364,0.23346693386773548,False
class__direction_core__linear,direction_core,2014,0.4602780536246276,0.45792273523424804,0.418638623885492,0.40670859538784065,0.19438877755511022,0.26305084745762713,0.47690305790500975,0.7214566929133859,0.5742264003133568,194,733,283,804,998,1016,477,1537,0.65,0.4687695663818384,0.5141661954210339,0.4783109526138892,0.2905681706206513,0.7951929937084018,0.40670859538784065,0.19438877755511022,False
class__direction_core__xgb,direction_core,2014,0.49950347567030784,0.5036973553406024,0.3616200748404138,0.4974385245901639,0.9729458917835672,0.6583050847457627,0.5645161290322581,0.0344488188976378,0.06493506493506493,971,35,981,27,998,1016,1952,62,0.35,0.5307955384958605,0.5163646880607857,0.5222847269341833,0.2533131909187708,0.7000345139125309,0.4974385245901639,0.0344488188976378,False
class__direction_core__xgb,direction_core,2014,0.4970208540218471,0.500934940747637,0.3806495132005512,0.49602964531498145,0.938877755511022,0.6491167301697264,0.512,0.06299212598425197,0.11218229623137599,937,64,952,61,998,1016,1889,125,0.375,0.5307955384958605,0.5163646880607857,0.5222847269341833,0.2533131909187708,0.7000345139125309,0.49602964531498145,0.06299212598425197,False
class__direction_core__xgb,direction_core,2014,0.4900695134061569,0.49351261578274663,0.40356589724003555,0.4918676388109927,0.8787575150300602,0.6307083782811939,0.47619047619047616,0.10826771653543307,0.1764234161988773,877,110,906,121,998,1016,1783,231,0.4,0.5307955384958605,0.5163646880607857,0.5222847269341833,0.2533131909187708,0.7000345139125309,0.47619047619047616,0.10826771653543307,False
class__direction_core__xgb,direction_core,2014,0.4801390268123138,0.4829422624777113,0.42513100224178024,0.48505186089078706,0.7965931863727455,0.602957906712173,0.45866666666666667,0.16929133858267717,0.24730409777138748,795,172,844,203,998,1016,1639,375,0.425,0.5307955384958605,0.5163646880607857,0.5222847269341833,0.2533131909187708,0.7000345139125309,0.45866666666666667,0.16929133858267717,False
class__direction_core__xgb,direction_core,2014,0.48758689175769615,0.4897738390166159,0.4561798458374543,0.4886666666666667,0.7344689378757515,0.5868694955964772,0.48443579766536965,0.24507874015748032,0.3254901960784314,733,249,767,265,998,1016,1500,514,0.45,0.5307955384958605,0.5163646880607857,0.5222847269341833,0.2533131909187708,0.7000345139125309,0.48443579766536965,0.24507874015748032,False
class__direction_core__xgb,direction_core,2014,0.5069513406156901,0.5081590346046423,0.4983976782700493,0.5019546520719312,0.6432865731462926,0.5638998682476943,0.5156462585034014,0.37303149606299213,0.4328954882924043,642,379,637,356,998,1016,1279,735,0.475,0.5307955384958605,0.5163646880607857,0.5222847269341833,0.2533131909187708,0.7000345139125309,0.5019546520719312,0.37303149606299213,False
class__direction_core__xgb,direction_core,2014,0.5253227408142999,0.5253558297697758,0.5253222727129288,0.5207100591715976,0.5290581162324649,0.5248508946322068,0.53,0.5216535433070866,0.5257936507936508,528,530,486,470,998,1016,1014,1000,0.5,0.5307955384958605,0.5163646880607857,0.5222847269341833,0.2533131909187708,0.7000345139125309,0.5207100591715976,0.5216535433070866,True
class__direction_core__xgb,direction_core,2014,0.528798411122145,0.5277267132690577,0.5213642208807734,0.5320261437908497,0.40781563126252507,0.4617129892229155,0.5268214571657326,0.6476377952755905,0.5810154525386313,407,658,358,591,998,1016,765,1249,0.525,0.5307955384958605,0.5163646880607857,0.5222847269341833,0.2533131909187708,0.7000345139125309,0.5268214571657326,0.40781563126252507,True
class__direction_core__xgb,direction_core,2014,0.5297914597815293,0.5278766193804932,0.5061111449187732,0.5443478260869565,0.313627254509018,0.3979656706929434,0.5239749826268242,0.7421259842519685,0.6142566191446028,313,754,262,685,998,1016,575,1439,0.55,0.5307955384958605,0.5163646880607857,0.5222847269341833,0.2533131909187708,0.7000345139125309,0.5239749826268242,0.313627254509018,False
class__direction_core__xgb,direction_core,2014,0.525819265143992,0.5231318937086772,0.477056779403644,0.5536159600997507,0.22244488977955912,0.3173695496783417,0.5189088654680719,0.8238188976377953,0.6367440091289464,222,837,179,776,998,1016,401,1613,0.575,0.5307955384958605,0.5163646880607857,0.5222847269341833,0.2533131909187708,0.7000345139125309,0.5189088654680719,0.22244488977955912,False
class__direction_core__xgb,direction_core,2014,0.519364448857994,0.5159531661748694,0.4350618039521147,0.5630252100840336,0.1342685370741483,0.2168284789644013,0.5135135135135135,0.8976377952755905,0.6532951289398281,134,912,104,864,998,1016,238,1776,0.6,0.5307955384958605,0.5163646880607857,0.5222847269341833,0.2533131909187708,0.7000345139125309,0.5135135135135135,0.1342685370741483,False
class__direction_core__xgb,direction_core,2014,0.5218470705064548,0.5180232512268632,0.4118424105132439,0.6206896551724138,0.09018036072144289,0.15748031496062992,0.5141787051899411,0.9458661417322834,0.6662045060658579,90,961,55,908,998,1016,145,1869,0.625,0.5307955384958605,0.5163646880607857,0.5222847269341833,0.2533131909187708,0.7000345139125309,0.5141787051899411,0.09018036072144289,False
class__direction_core__xgb,direction_core,2014,0.5134061569016882,0.5093020687043378,0.3800819136640032,0.6097560975609756,0.050100200400801605,0.09259259259259259,0.5093167701863354,0.968503937007874,0.6675712347354138,50,984,32,948,998,1016,82,1932,0.65,0.5307955384958605,0.5163646880607857,0.5222847269341833,0.2533131909187708,0.7000345139125309,0.5093167701863354,0.050100200400801605,False
class__engineered_direction__equal_ensemble,engineered_direction,2014,0.5283018867924528,0.5300394095277169,0.5106989999672658,0.5171673819742489,0.7244488977955912,0.6035058430717863,0.5535714285714286,0.33562992125984253,0.4178921568627451,723,341,675,275,998,1016,1398,616,0.35,0.5070286897042188,0.5396755641691418,0.5199483612895082,0.27400865554383574,0.7472193405892343,0.5171673819742489,0.33562992125984253,False
class__engineered_direction__equal_ensemble,engineered_direction,2014,0.5213505461767627,0.5226259605825825,0.5120535462960729,0.5131375579598145,0.6653306613226453,0.5794066317626527,0.5361111111111111,0.3799212598425197,0.4447004608294931,664,386,630,334,998,1016,1294,720,0.375,0.5070286897042188,0.5396755641691418,0.5199483612895082,0.27400865554383574,0.7472193405892343,0.5131375579598145,0.3799212598425197,False
class__engineered_direction__equal_ensemble,engineered_direction,2014,0.5158887785501489,0.5167155176494722,0.5121205247278978,0.509639564124057,0.6092184368737475,0.554997717937015,0.5249695493300852,0.4242125984251969,0.4692433315187806,608,431,585,390,998,1016,1193,821,0.4,0.5070286897042188,0.5396755641691418,0.5199483612895082,0.27400865554383574,0.7472193405892343,0.509639564124057,0.4242125984251969,True
class__engineered_direction__equal_ensemble,engineered_direction,2014,0.5099304865938431,0.5103484528111341,0.5090560045996871,0.5049954586739328,0.5571142284569138,0.5297760838494521,0.515881708652793,0.46358267716535434,0.48833592534992226,556,471,545,442,998,1016,1101,913,0.425,0.5070286897042188,0.5396755641691418,0.5199483612895082,0.27400865554383574,0.7472193405892343,0.5049954586739328,0.46358267716535434,True
class__engineered_direction__equal_ensemble,engineered_direction,2014,0.5049652432969215,0.5050277720795923,0.5049621921758229,0.5004897159647405,0.5120240480961924,0.5061911837543338,0.5095669687814703,0.49803149606299213,0.5037332005973121,511,506,510,487,998,1016,1021,993,0.45,0.5070286897042188,0.5396755641691418,0.5199483612895082,0.27400865554383574,0.7472193405892343,0.5004897159647405,0.49803149606299213,True
class__engineered_direction__equal_ensemble,engineered_direction,2014,0.5079443892750745,0.5076876193331545,0.5073992270418369,0.5036880927291886,0.4789579158316633,0.49101181304571134,0.5117370892018779,0.5364173228346457,0.5237866410379625,478,545,471,520,998,1016,949,1065,0.475,0.5070286897042188,0.5396755641691418,0.5199483612895082,0.27400865554383574,0.7472193405892343,0.5036880927291886,0.4789579158316633,True
class__engineered_direction__equal_ensemble,engineered_direction,2014,0.5069513406156901,0.5063305745348965,0.5042378585000725,0.5028835063437139,0.43687374749499,0.4675603217158177,0.5100261551874455,0.5757874015748031,0.5409153952843273,436,585,431,562,998,1016,867,1147,0.5,0.5070286897042188,0.5396755641691418,0.5199483612895082,0.27400865554383574,0.7472193405892343,0.5028835063437139,0.43687374749499,True
class__engineered_direction__equal_ensemble,engineered_direction,2014,0.4985104270109235,0.4974496236567624,0.4907892773710714,0.4921875,0.3787575150300601,0.42808607021517553,0.5024077046548957,0.6161417322834646,0.5534924845269673,378,626,390,620,998,1016,768,1246,0.525,0.5070286897042188,0.5396755641691418,0.5199483612895082,0.27400865554383574,0.7472193405892343,0.4921875,0.3787575150300601,False
class__engineered_direction__equal_ensemble,engineered_direction,2014,0.49751737835153925,0.49608370283874836,0.4834813830407312,0.489766081871345,0.33567134268537074,0.3983353151010702,0.5015037593984962,0.656496062992126,0.5686274509803921,335,667,349,663,998,1016,684,1330,0.55,0.5070286897042188,0.5396755641691418,0.5199483612895082,0.27400865554383574,0.7472193405892343,0.489766081871345,0.33567134268537074,False
class__engineered_direction__equal_ensemble,engineered_direction,2014,0.4930486593843098,0.49121964401243434,0.46988454364642024,0.48067226890756304,0.2865731462925852,0.35907093534212176,0.49823819591261453,0.6958661417322834,0.5806981519507187,286,707,309,712,998,1016,595,1419,0.575,0.5070286897042188,0.5396755641691418,0.5199483612895082,0.27400865554383574,0.7472193405892343,0.48067226890756304,0.2865731462925852,False
class__engineered_direction__equal_ensemble,engineered_direction,2014,0.48808341608738826,0.4859522193994288,0.4560143565426406,0.4686907020872865,0.24749498997995992,0.3239344262295082,0.4949562878278413,0.7244094488188977,0.588094286855773,247,736,280,751,998,1016,527,1487,0.6,0.5070286897042188,0.5396755641691418,0.5199483612895082,0.27400865554383574,0.7472193405892343,0.4686907020872865,0.24749498997995992,False
class__engineered_direction__equal_ensemble,engineered_direction,2014,0.4940417080436941,0.4915648225585028,0.4504880838041645,0.4766146993318486,0.21442885771543085,0.2957843814789219,0.49904153354632586,0.7687007874015748,0.6051917861294072,214,781,235,784,998,1016,449,1565,0.625,0.5070286897042188,0.5396755641691418,0.5199483612895082,0.27400865554383574,0.7472193405892343,0.4766146993318486,0.21442885771543085,False
class__engineered_direction__equal_ensemble,engineered_direction,2014,0.49950347567030784,0.4966675476938128,0.44170820165157254,0.48641304347826086,0.17935871743486975,0.26207906295754024,0.5024301336573511,0.8139763779527559,0.6213373403456048,179,827,189,819,998,1016,368,1646,0.65,0.5070286897042188,0.5396755641691418,0.5199483612895082,0.27400865554383574,0.7472193405892343,0.48641304347826086,0.17935871743486975,False
class__engineered_direction__forest,engineered_direction,2014,0.5014895729890765,0.5046539930254209,0.4320992647265333,0.4982558139534884,0.8587174348697395,0.6306107431935246,0.5204081632653061,0.15059055118110237,0.233587786259542,857,153,863,141,998,1016,1720,294,0.35,0.5006819056216938,0.5165536170716349,0.5075574377100658,0.26391084321373937,0.7237994269748314,0.4982558139534884,0.15059055118110237,False
class__engineered_direction__forest,engineered_direction,2014,0.4955312810327706,0.49814491187098603,0.44990961869952006,0.4943609022556391,0.7905811623246493,0.6083269082498073,0.5,0.20570866141732283,0.2914923291492329,789,209,807,209,998,1016,1596,418,0.375,0.5006819056216938,0.5165536170716349,0.5075574377100658,0.26391084321373937,0.7237994269748314,0.4943609022556391,0.20570866141732283,False
class__engineered_direction__forest,engineered_direction,2014,0.4925521350546177,0.4942246698120651,0.4750248165412322,0.4913294797687861,0.6813627254509018,0.5709487825356843,0.49523809523809526,0.30708661417322836,0.37910085054678005,680,312,704,318,998,1016,1384,630,0.4,0.5006819056216938,0.5165536170716349,0.5075574377100658,0.26391084321373937,0.7237994269748314,0.4913294797687861,0.30708661417322836,False
class__engineered_direction__forest,engineered_direction,2014,0.49503475670307845,0.4960107222318653,0.4894307240741087,0.49225753871230643,0.6052104208416834,0.5429213483146067,0.4993646759847522,0.3868110236220472,0.43594009983361065,604,393,623,394,998,1016,1227,787,0.425,0.5006819056216938,0.5165536170716349,0.5075574377100658,0.26391084321373937,0.7237994269748314,0.49225753871230643,0.3868110236220472,False
class__engineered_direction__forest,engineered_direction,2014,0.5019860973187686,0.5024921891026146,0.5006287744078063,0.4977698483496878,0.5591182364729459,0.5266635205285513,0.5072788353863382,0.44586614173228345,0.47459402828706126,558,453,563,440,998,1016,1121,893,0.45,0.5006819056216938,0.5165536170716349,0.5075574377100658,0.26391084321373937,0.7237994269748314,0.4977698483496878,0.44586614173228345,True
class__engineered_direction__forest,engineered_direction,2014,0.5134061569016882,0.5133051536143152,0.5132832836683623,0.5091463414634146,0.5020040080160321,0.5055499495459133,0.5174757281553398,0.5246062992125984,0.5210166177908113,501,533,483,497,998,1016,984,1030,0.475,0.5006819056216938,0.5165536170716349,0.5075574377100658,0.26391084321373937,0.7237994269748314,0.5091463414634146,0.5020040080160321,True
class__engineered_direction__forest,engineered_direction,2014,0.5163853028798411,0.5155478279393433,0.5116654451888378,0.5146699266503667,0.4218436873747495,0.46365638766519823,0.5175585284280937,0.609251968503937,0.5596745027124774,421,619,397,577,998,1016,818,1196,0.5,0.5006819056216938,0.5165536170716349,0.5075574377100658,0.26391084321373937,0.7237994269748314,0.5146699266503667,0.4218436873747495,True
class__engineered_direction__forest,engineered_direction,2014,0.5069513406156901,0.5054873526580721,0.4925748647328593,0.5036927621861153,0.34168336673346694,0.4071641791044776,0.5086013462976814,0.6692913385826772,0.577985550361241,341,680,336,657,998,1016,677,1337,0.525,0.5006819056216938,0.5165536170716349,0.5075574377100658,0.26391084321373937,0.7237994269748314,0.5036927621861153,0.34168336673346694,False
class__engineered_direction__forest,engineered_direction,2014,0.5203574975173784,0.5182599450870244,0.4912162331793533,0.5299625468164794,0.2835671342685371,0.36945169712793735,0.5168918918918919,0.7529527559055118,0.6129807692307693,283,765,251,715,998,1016,534,1480,0.55,0.5006819056216938,0.5165536170716349,0.5075574377100658,0.26391084321373937,0.7237994269748314,0.5168918918918919,0.2835671342685371,False
class__engineered_direction__forest,engineered_direction,2014,0.5059582919563058,0.5033847222003062,0.4597515687027789,0.5035128805620609,0.2154308617234469,0.3017543859649123,0.5066162570888468,0.7913385826771654,0.6177487514406454,215,804,212,783,998,1016,427,1587,0.575,0.5006819056216938,0.5165536170716349,0.5075574377100658,0.26391084321373937,0.7237994269748314,0.5035128805620609,0.2154308617234469,False
class__engineered_direction__forest,engineered_direction,2014,0.49950347567030784,0.49655215943698416,0.4363805970149254,0.4853801169590643,0.16633266533066132,0.24776119402985075,0.5023923444976076,0.8267716535433071,0.625,166,840,176,832,998,1016,342,1672,0.6,0.5006819056216938,0.5165536170716349,0.5075574377100658,0.26391084321373937,0.7237994269748314,0.4853801169590643,0.16633266533066132,False
class__engineered_direction__forest,engineered_direction,2014,0.5109235352532274,0.5076136525018541,0.43095447698922396,0.524904214559387,0.1372745490981964,0.2176330420969023,0.5088419851682829,0.8779527559055118,0.6442759118815456,137,892,124,861,998,1016,261,1753,0.625,0.5006819056216938,0.5165536170716349,0.5075574377100658,0.26391084321373937,0.7237994269748314,0.5088419851682829,0.1372745490981964,False
class__engineered_direction__forest,engineered_direction,2014,0.5054617676266137,0.5018274738453284,0.4048724682639236,0.5053191489361702,0.09519038076152304,0.16020236087689713,0.5054764512595837,0.9084645669291339,0.6495425756509501,95,923,93,903,998,1016,188,1826,0.65,0.5006819056216938,0.5165536170716349,0.5075574377100658,0.26391084321373937,0.7237994269748314,0.5053191489361702,0.09519038076152304,False
class__engineered_direction__linear,engineered_direction,2014,0.5198609731876862,0.5203241127925141,0.5187902858564661,0.5139513951395139,0.5721442885771543,0.541488857278331,0.5271317829457365,0.468503937007874,0.49609171443460137,571,476,540,427,998,1016,1111,903,0.35,0.5038850679323661,0.5524807814559353,0.528391428526344,0.3617747873980631,1.250228451049301,0.5139513951395139,0.468503937007874,True
class__engineered_direction__linear,engineered_direction,2014,0.5143992055610725,0.5147065785113534,0.5139678369124383,0.5092936802973977,0.5490981963927856,0.5284474445515911,0.5202558635394456,0.48031496062992124,0.49948822927328557,548,488,528,450,998,1016,1076,938,0.375,0.5038850679323661,0.5524807814559353,0.528391428526344,0.3617747873980631,1.250228451049301,0.5092936802973977,0.48031496062992124,True
class__engineered_direction__linear,engineered_direction,2014,0.5158887785501489,0.5160586921875246,0.5157883835077324,0.5110047846889952,0.5350701402805611,0.5227606461086637,0.5211558307533539,0.4970472440944882,0.5088161209068011,534,505,511,464,998,1016,1045,969,0.4,0.5038850679323661,0.5524807814559353,0.528391428526344,0.3617747873980631,1.250228451049301,0.5110047846889952,0.4970472440944882,True
class__engineered_direction__linear,engineered_direction,2014,0.5054617676266137,0.5054488899057958,0.5054442102813277,0.500996015936255,0.5040080160320641,0.5024975024975025,0.5099009900990099,0.5068897637795275,0.508390918065153,503,515,501,495,998,1016,1004,1010,0.425,0.5038850679323661,0.5524807814559353,0.528391428526344,0.3617747873980631,1.250228451049301,0.500996015936255,0.5040080160320641,True
class__engineered_direction__linear,engineered_direction,2014,0.5039721946375373,0.503794991557919,0.5036784050500827,0.49948293691830403,0.48396793587174347,0.4916030534351145,0.5081184336198663,0.5236220472440944,0.5157537566650509,483,532,484,515,998,1016,967,1047,0.45,0.5038850679323661,0.5524807814559353,0.528391428526344,0.3617747873980631,1.250228451049301,0.49948293691830403,0.48396793587174347,True
class__engineered_direction__linear,engineered_direction,2014,0.5089374379344588,0.5086097391633662,0.5081020036267934,0.5048231511254019,0.47194388777555113,0.4878301398239254,0.5124884366327475,0.5452755905511811,0.5283738674296614,471,554,462,527,998,1016,933,1081,0.475,0.5038850679323661,0.5524807814559353,0.528391428526344,0.3617747873980631,1.250228451049301,0.5048231511254019,0.47194388777555113,True
class__engineered_direction__linear,engineered_direction,2014,0.5039721946375373,0.5035287109652375,0.502515011812878,0.4994487320837927,0.45390781563126253,0.4755905511811024,0.5076784101174345,0.5531496062992126,0.5294394724446538,453,562,454,545,998,1016,907,1107,0.5,0.5038850679323661,0.5524807814559353,0.528391428526344,0.3617747873980631,1.250228451049301,0.4994487320837927,0.45390781563126253,True
class__engineered_direction__linear,engineered_direction,2014,0.5049652432969215,0.5043709466176447,0.5024569181368406,0.5005727376861397,0.437875751503006,0.467129877071085,0.5083260297984225,0.5708661417322834,0.5377839592025963,437,580,436,561,998,1016,873,1141,0.525,0.5038850679323661,0.5524807814559353,0.528391428526344,0.3617747873980631,1.250228451049301,0.5005727376861397,0.437875751503006,True
class__engineered_direction__linear,engineered_direction,2014,0.5059582919563058,0.505248686349076,0.5024549146086972,0.5017709563164109,0.4258517034068136,0.46070460704607047,0.5089974293059126,0.5846456692913385,0.5442052221713238,425,594,422,573,998,1016,847,1167,0.55,0.5038850679323661,0.5524807814559353,0.528391428526344,0.3617747873980631,1.250228451049301,0.5017709563164109,0.4258517034068136,True
class__engineered_direction__linear,engineered_direction,2014,0.5059582919563058,0.5050800419737113,0.5006835940176615,0.5018541409147095,0.40681362725450904,0.44936358605423354,0.5087136929460581,0.6033464566929134,0.5520036019810896,406,613,403,592,998,1016,809,1205,0.575,0.5038850679323661,0.5524807814559353,0.528391428526344,0.3617747873980631,1.250228451049301,0.5018541409147095,0.40681362725450904,True
class__engineered_direction__linear,engineered_direction,2014,0.5059582919563058,0.5049291496378584,0.4987813006879492,0.5019354838709678,0.3897795591182365,0.43880428652002257,0.5084745762711864,0.6200787401574803,0.5587583148558758,389,630,386,609,998,1016,775,1239,0.6,0.5038850679323661,0.5524807814559353,0.528391428526344,0.3617747873980631,1.250228451049301,0.5019354838709678,0.3897795591182365,False
class__engineered_direction__linear,engineered_direction,2014,0.5009930486593843,0.49977711328168145,0.49094176791519945,0.495225102319236,0.3637274549098196,0.4194107452339688,0.5042935206869633,0.6358267716535433,0.5624727905964301,363,646,370,635,998,1016,733,1281,0.625,0.5038850679323661,0.5524807814559353,0.528391428526344,0.3617747873980631,1.250228451049301,0.495225102319236,0.3637274549098196,False
class__engineered_direction__linear,engineered_direction,2014,0.49751737835153925,0.49615471099679676,0.4848349737383541,0.49,0.343687374749499,0.4040047114252061,0.5015220700152208,0.6486220472440944,0.5656652360515021,343,659,357,655,998,1016,700,1314,0.65,0.5038850679323661,0.5524807814559353,0.528391428526344,0.3617747873980631,1.250228451049301,0.49,0.343687374749499,False
class__engineered_direction__xgb,engineered_direction,2014,0.5014895729890765,0.50485814147981,0.4212272619025811,0.4983012457531144,0.8817635270541082,0.6367583212735166,0.5241935483870968,0.1279527559055118,0.20569620253164558,880,130,886,118,998,1016,1766,248,0.35,0.5000743850726652,0.5191368681970527,0.5161844358007353,0.25939910196614235,0.7136189888623662,0.4983012457531144,0.1279527559055118,False
class__engineered_direction__xgb,engineered_direction,2014,0.5134061569016882,0.5162076120745428,0.4621007970976575,0.5054945054945055,0.8296593186372746,0.6282245827010622,0.5478723404255319,0.20275590551181102,0.2959770114942529,828,206,810,170,998,1016,1638,376,0.375,0.5000743850726652,0.5191368681970527,0.5161844358007353,0.25939910196614235,0.7136189888623662,0.5054945054945055,0.20275590551181102,False
class__engineered_direction__xgb,engineered_direction,2014,0.5119165839126117,0.5141365407981318,0.48107409606263507,0.5049767750497678,0.7625250501002004,0.6075848303393213,0.5325443786982249,0.265748031496063,0.35456336178594877,761,270,746,237,998,1016,1507,507,0.4,0.5000743850726652,0.5191368681970527,0.5161844358007353,0.25939910196614235,0.7136189888623662,0.5049767750497678,0.265748031496063,False
class__engineered_direction__xgb,engineered_direction,2014,0.5198609731876862,0.5214602433212883,0.504820626519993,0.5113386978785662,0.7004008016032064,0.5911205073995772,0.5378670788253478,0.3425196850393701,0.4185207456404089,699,348,668,299,998,1016,1367,647,0.425,0.5000743850726652,0.5191368681970527,0.5161844358007353,0.25939910196614235,0.7136189888623662,0.5113386978785662,0.3425196850393701,False
class__engineered_direction__xgb,engineered_direction,2014,0.5233366434955313,0.5240885313934956,0.5203091552713296,0.516156462585034,0.6082164328657315,0.5584176632934683,0.5334128878281623,0.43996062992125984,0.48220064724919093,607,447,569,391,998,1016,1176,838,0.45,0.5000743850726652,0.5191368681970527,0.5161844358007353,0.25939910196614235,0.7136189888623662,0.516156462585034,0.43996062992125984,True
class__engineered_direction__xgb,engineered_direction,2014,0.5158887785501489,0.5158279156738674,0.5158256336134106,0.5115810674723061,0.5090180360721442,0.5102963335007534,0.5200783545543585,0.5226377952755905,0.5213549337260678,508,531,485,490,998,1016,993,1021,0.475,0.5000743850726652,0.5191368681970527,0.5161844358007353,0.25939910196614235,0.7136189888623662,0.5115810674723061,0.5090180360721442,True
class__engineered_direction__xgb,engineered_direction,2014,0.5049652432969215,0.5040070298076468,0.4987086734949898,0.5006321112515802,0.3967935871743487,0.4427054220234768,0.5077677841373671,0.6112204724409449,0.5547119249665029,396,621,395,602,998,1016,791,1223,0.5,0.5000743850726652,0.5191368681970527,0.5161844358007353,0.25939910196614235,0.7136189888623662,0.5006321112515802,0.3967935871743487,False
class__engineered_direction__xgb,engineered_direction,2014,0.5059582919563058,0.5042634481561548,0.48660817792056243,0.5024,0.31462925851703405,0.3869377695625385,0.5075593952483801,0.6938976377952756,0.5862785862785863,314,705,311,684,998,1016,625,1389,0.525,0.5000743850726652,0.5191368681970527,0.5161844358007353,0.25939910196614235,0.7136189888623662,0.5024,0.31462925851703405,False
class__engineered_direction__xgb,engineered_direction,2014,0.5059582919563058,0.5036243747337193,0.46844949205179565,0.5031185031185031,0.24248496993987975,0.32724814063556457,0.5068493150684932,0.764763779527559,0.6096508434680267,242,777,239,756,998,1016,481,1533,0.55,0.5000743850726652,0.5191368681970527,0.5161844358007353,0.25939910196614235,0.7136189888623662,0.5031185031185031,0.24248496993987975,False
class__engineered_direction__xgb,engineered_direction,2014,0.5014895729890765,0.4986271756110646,0.442726430902196,0.49171270718232046,0.17835671342685372,0.26176470588235295,0.5036319612590799,0.8188976377952756,0.623688155922039,178,832,184,820,998,1016,362,1652,0.575,0.5000743850726652,0.5191368681970527,0.5161844358007353,0.25939910196614235,0.7136189888623662,0.49171270718232046,0.17835671342685372,False
class__engineered_direction__xgb,engineered_direction,2014,0.5014895729890765,0.4981123664652139,0.4161469305540156,0.4878048780487805,0.12024048096192384,0.19292604501607716,0.503393665158371,0.8759842519685039,0.639367816091954,120,890,126,878,998,1016,246,1768,0.6,0.5000743850726652,0.5191368681970527,0.5161844358007353,0.25939910196614235,0.7136189888623662,0.4878048780487805,0.12024048096192384,False
class__engineered_direction__xgb,engineered_direction,2014,0.5034756703078451,0.49974358165149196,0.3958657298085968,0.4939759036144578,0.08216432865731463,0.140893470790378,0.5043290043290043,0.9173228346456693,0.6508379888268156,82,932,84,916,998,1016,166,1848,0.625,0.5000743850726652,0.5191368681970527,0.5161844358007353,0.25939910196614235,0.7136189888623662,0.4939759036144578,0.08216432865731463,False
class__engineered_direction__xgb,engineered_direction,2014,0.4985104270109235,0.4944584049989743,0.3655430627501472,0.43617021276595747,0.041082164328657314,0.07509157509157509,0.5015625,0.9478346456692913,0.6559945504087193,41,963,53,957,998,1016,94,1920,0.65,0.5000743850726652,0.5191368681970527,0.5161844358007353,0.25939910196614235,0.7136189888623662,0.43617021276595747,0.041082164328657314,False
class__price_direction__equal_ensemble,price_direction,2014,0.5273088381330685,0.5305374528584729,0.45848471702546867,0.5132641291810842,0.8917835671342685,0.6515373352855052,0.6142857142857143,0.16929133858267717,0.2654320987654321,890,172,844,108,998,1016,1734,280,0.35,0.5356766462055661,0.5530788270393943,0.5408780158742682,0.2564038593517145,0.7070903835736372,0.5132641291810842,0.16929133858267717,False
class__price_direction__equal_ensemble,price_direction,2014,0.5203574975173784,0.5232038880911429,0.46796682976133047,0.5097087378640777,0.8416833667334669,0.6349206349206349,0.5683060109289617,0.2047244094488189,0.30101302460202606,840,208,808,158,998,1016,1648,366,0.375,0.5356766462055661,0.5530788270393943,0.5408780158742682,0.2564038593517145,0.7070903835736372,0.5097087378640777,0.2047244094488189,False
class__price_direction__equal_ensemble,price_direction,2014,0.5208540218470705,0.523163452890032,0.48788627365730586,0.5108055009823183,0.781563126252505,0.6178217821782178,0.5523613963039015,0.26476377952755903,0.3579507651363939,780,269,747,218,998,1016,1527,487,0.4,0.5356766462055661,0.5530788270393943,0.5408780158742682,0.2564038593517145,0.7070903835736372,0.5108055009823183,0.26476377952755903,False
class__price_direction__equal_ensemble,price_direction,2014,0.5163853028798411,0.5181840058068894,0.4969364360488078,0.5084985835694051,0.7194388777555111,0.595850622406639,0.5348837209302325,0.3169291338582677,0.3980222496909765,718,322,694,280,998,1016,1412,602,0.425,0.5356766462055661,0.5530788270393943,0.5408780158742682,0.2564038593517145,0.7070903835736372,0.5084985835694051,0.3169291338582677,False
class__price_direction__equal_ensemble,price_direction,2014,0.5188679245283019,0.5201475786218106,0.5094540331368116,0.5111969111969112,0.6633266533066132,0.5774095071958133,0.5326842837273992,0.37696850393700787,0.44149855907780977,662,383,633,336,998,1016,1295,719,0.45,0.5356766462055661,0.5530788270393943,0.5408780158742682,0.2564038593517145,0.7070903835736372,0.5111969111969112,0.37696850393700787,False
class__price_direction__equal_ensemble,price_direction,2014,0.5109235352532274,0.5115989853723195,0.5084454005664875,0.5056082830025884,0.5871743486973948,0.5433472415391748,0.5181286549707602,0.4360236220472441,0.4735435595938001,586,443,573,412,998,1016,1159,855,0.475,0.5356766462055661,0.5530788270393943,0.5408780158742682,0.2564038593517145,0.7070903835736372,0.5056082830025884,0.4360236220472441,True
class__price_direction__equal_ensemble,price_direction,2014,0.5208540218470705,0.520935571931264,0.5208444533747194,0.5160975609756098,0.530060120240481,0.522985664854177,0.5257836198179979,0.5118110236220472,0.5187032418952618,529,520,496,469,998,1016,1025,989,0.5,0.5356766462055661,0.5530788270393943,0.5408780158742682,0.2564038593517145,0.7070903835736372,0.5160975609756098,0.5118110236220472,True
class__price_direction__equal_ensemble,price_direction,2014,0.528798411122145,0.5282592744544207,0.5267963758670079,0.5276836158192091,0.467935871743487,0.4960169941582581,0.5296722763507529,0.5885826771653543,0.5575757575757576,467,598,418,531,998,1016,885,1129,0.525,0.5356766462055661,0.5530788270393943,0.5408780158742682,0.2564038593517145,0.7070903835736372,0.5276836158192091,0.467935871743487,True
class__price_direction__equal_ensemble,price_direction,2014,0.5297914597815293,0.5286843371782936,0.5218844279996941,0.5336856010568032,0.40480961923847697,0.4603988603988604,0.5274463007159904,0.6525590551181102,0.5833699956005279,404,663,353,594,998,1016,757,1257,0.55,0.5356766462055661,0.5530788270393943,0.5408780158742682,0.2564038593517145,0.7070903835736372,0.5274463007159904,0.40480961923847697,True
class__price_direction__equal_ensemble,price_direction,2014,0.525819265143992,0.5241703880201347,0.508219691207059,0.5338582677165354,0.3396793587174349,0.4151867728107777,0.5221174764321972,0.7086614173228346,0.6012526096033403,339,720,296,659,998,1016,635,1379,0.575,0.5356766462055661,0.5530788270393943,0.5408780158742682,0.2564038593517145,0.7070903835736372,0.5221174764321972,0.3396793587174349,False
class__price_direction__equal_ensemble,price_direction,2014,0.5238331678252235,0.5216249427989837,0.49161588114384625,0.5383104125736738,0.2745490981963928,0.36363636363636365,0.518936877076412,0.7687007874015748,0.6195953986513288,274,781,235,724,998,1016,509,1505,0.6,0.5356766462055661,0.5530788270393943,0.5408780158742682,0.2564038593517145,0.7070903835736372,0.518936877076412,0.2745490981963928,False
class__price_direction__equal_ensemble,price_direction,2014,0.5238331678252235,0.5210213734555725,0.4697885963532466,0.5522788203753352,0.20641282565130262,0.30051057622173594,0.5173674588665448,0.8356299212598425,0.6390666164847573,206,849,167,792,998,1016,373,1641,0.625,0.5356766462055661,0.5530788270393943,0.5408780158742682,0.2564038593517145,0.7070903835736372,0.5173674588665448,0.20641282565130262,False
class__price_direction__equal_ensemble,price_direction,2014,0.5263157894736842,0.52303820238903,0.45052180746831577,0.582089552238806,0.156312625250501,0.24644549763033174,0.5177548682703322,0.889763779527559,0.6545981173062998,156,904,112,842,998,1016,268,1746,0.65,0.5356766462055661,0.5530788270393943,0.5408780158742682,0.2564038593517145,0.7070903835736372,0.5177548682703322,0.156312625250501,False
class__price_direction__forest,price_direction,2014,0.5153922542204568,0.5184601486437441,0.4526247315564823,0.5064782096584217,0.8617234468937875,0.6379821958456974,0.5632911392405063,0.17519685039370078,0.2672672672672673,860,178,838,138,998,1016,1698,316,0.35,0.5531052022289233,0.550651310212027,0.5612820128445868,0.25577075707209035,0.7075082070768857,0.5064782096584217,0.17519685039370078,False
class__price_direction__forest,price_direction,2014,0.522343594836147,0.5250214996922979,0.4768350902963795,0.5111801242236025,0.8246492985971944,0.6311349693251533,0.5668316831683168,0.22539370078740156,0.32253521126760565,823,229,787,175,998,1016,1610,404,0.375,0.5531052022289233,0.550651310212027,0.5612820128445868,0.25577075707209035,0.7075082070768857,0.5111801242236025,0.22539370078740156,False
class__price_direction__forest,price_direction,2014,0.522343594836147,0.5245066905464473,0.49383130183253077,0.5120481927710844,0.7665330661322646,0.6139646869983949,0.551923076923077,0.2824803149606299,0.3736979166666667,765,287,729,233,998,1016,1494,520,0.4,0.5531052022289233,0.550651310212027,0.5612820128445868,0.25577075707209035,0.7075082070768857,0.5120481927710844,0.2824803149606299,False
class__price_direction__forest,price_direction,2014,0.5198609731876862,0.5215401274990927,0.503183517494104,0.5111913357400723,0.7094188376753507,0.5942089802769618,0.5389507154213037,0.33366141732283466,0.4121580547112462,708,339,677,290,998,1016,1385,629,0.425,0.5531052022289233,0.550651310212027,0.5612820128445868,0.25577075707209035,0.7075082070768857,0.5111913357400723,0.33366141732283466,False
class__price_direction__forest,price_direction,2014,0.5153922542204568,0.5164896722579017,0.5085289552429872,0.5087719298245614,0.6392785571142284,0.566607460035524,0.5263157894736842,0.3937007874015748,0.45045045045045046,638,400,616,360,998,1016,1254,760,0.45,0.5531052022289233,0.550651310212027,0.5612820128445868,0.25577075707209035,0.7075082070768857,0.5087719298245614,0.3937007874015748,False
class__price_direction__forest,price_direction,2014,0.5178748758689176,0.5184709971123349,0.5160104846567478,0.5118317265556529,0.5851703406813628,0.5460495558672277,0.5257731958762887,0.45177165354330706,0.4859714134462679,584,459,557,414,998,1016,1141,873,0.475,0.5531052022289233,0.550651310212027,0.5612820128445868,0.25577075707209035,0.7075082070768857,0.5118317265556529,0.45177165354330706,True
class__price_direction__forest,price_direction,2014,0.5238331678252235,0.5239682120145803,0.5237813921205793,0.5188042430086789,0.5390781563126252,0.5287469287469287,0.5291709314227226,0.5088582677165354,0.5188158554942298,538,517,499,460,998,1016,1037,977,0.5,0.5531052022289233,0.550651310212027,0.5612820128445868,0.25577075707209035,0.7075082070768857,0.5188042430086789,0.5088582677165354,True
class__price_direction__forest,price_direction,2014,0.5327706057596823,0.5323826787433134,0.5316842719915824,0.5310119695321001,0.48897795591182364,0.5091288471570161,0.5342465753424658,0.5757874015748031,0.5542396968261487,488,585,431,510,998,1016,919,1095,0.525,0.5531052022289233,0.550651310212027,0.5612820128445868,0.25577075707209035,0.7075082070768857,0.5310119695321001,0.48897795591182364,True
class__price_direction__forest,price_direction,2014,0.548162859980139,0.5472569154056144,0.5430031917015758,0.5548628428927681,0.44589178356713427,0.49444444444444446,0.5437293729372937,0.6486220472440944,0.5915619389587073,445,659,357,553,998,1016,802,1212,0.55,0.5531052022289233,0.550651310212027,0.5612820128445868,0.25577075707209035,0.7075082070768857,0.5437293729372937,0.44589178356713427,True
class__price_direction__forest,price_direction,2014,0.564051638530288,0.5625788979533871,0.5511074239851829,0.5890207715133531,0.39779559118236474,0.4748803827751196,0.5514925373134328,0.7273622047244095,0.6273344651952462,397,739,277,601,998,1016,674,1340,0.575,0.5531052022289233,0.550651310212027,0.5612820128445868,0.25577075707209035,0.7075082070768857,0.5514925373134328,0.39779559118236474,False
class__price_direction__forest,price_direction,2014,0.5734856007944389,0.5714411105675918,0.5488091217427703,0.6275229357798165,0.342685370741483,0.44329228775113416,0.5534377127297482,0.8001968503937008,0.6543259557344064,342,813,203,656,998,1016,545,1469,0.6,0.5531052022289233,0.550651310212027,0.5612820128445868,0.25577075707209035,0.7075082070768857,0.5534377127297482,0.342685370741483,False
class__price_direction__forest,price_direction,2014,0.5600794438927508,0.5573637432345004,0.5136952104372701,0.6421319796954315,0.2535070140280561,0.3635057471264368,0.5401234567901234,0.8612204724409449,0.6638846737481032,253,875,141,745,998,1016,394,1620,0.625,0.5531052022289233,0.550651310212027,0.5612820128445868,0.25577075707209035,0.7075082070768857,0.5401234567901234,0.2535070140280561,False
class__price_direction__forest,price_direction,2014,0.5397219463753724,0.5364232401811497,0.46492463717192567,0.6349809885931559,0.16733466933867736,0.2648691514670896,0.5254140491147915,0.905511811023622,0.6649801228767618,167,920,96,831,998,1016,263,1751,0.65,0.5531052022289233,0.550651310212027,0.5612820128445868,0.25577075707209035,0.7075082070768857,0.5254140491147915,0.16733466933867736,False
class__price_direction__linear,price_direction,2014,0.5079443892750745,0.510776474208259,0.45476191451842685,0.502127659574468,0.8276553106212425,0.6250472947408248,0.5338753387533876,0.19389763779527558,0.28447653429602887,826,197,819,172,998,1016,1645,369,0.35,0.5041176343174305,0.5292855304560166,0.5295315039527875,0.274244956578253,0.7685116583957385,0.502127659574468,0.19389763779527558,False
class__price_direction__linear,price_direction,2014,0.5173783515392254,0.5198250832373408,0.4796961114513166,0.5083440308087291,0.7935871743486974,0.6197183098591549,0.5482456140350878,0.24606299212598426,0.33967391304347827,792,250,766,206,998,1016,1558,456,0.375,0.5041176343174305,0.5292855304560166,0.5295315039527875,0.274244956578253,0.7685116583957385,0.5083440308087291,0.24606299212598426,False
class__price_direction__linear,price_direction,2014,0.5268123138033763,0.5289269483849589,0.49992483273655475,0.5151719487525287,0.7655310621242485,0.6158806932688432,0.559322033898305,0.29232283464566927,0.38396897220426635,764,297,719,234,998,1016,1483,531,0.4,0.5041176343174305,0.5292855304560166,0.5295315039527875,0.274244956578253,0.7685116583957385,0.5151719487525287,0.29232283464566927,False
class__price_direction__linear,price_direction,2014,0.5347567030784508,0.5364459233427484,0.5184148238317441,0.5219899062725306,0.7254509018036072,0.6071278825995807,0.5629984051036683,0.34744094488188976,0.4297017650639075,724,353,663,274,998,1016,1387,627,0.425,0.5041176343174305,0.5292855304560166,0.5295315039527875,0.274244956578253,0.7685116583957385,0.5219899062725306,0.34744094488188976,False
class__price_direction__linear,price_direction,2014,0.5357497517378351,0.536977498303694,0.5274444296943442,0.524551831644583,0.6743486973947895,0.5900920648838229,0.5554035567715458,0.39960629921259844,0.4647967945048655,673,406,610,325,998,1016,1283,731,0.45,0.5041176343174305,0.5292855304560166,0.5295315039527875,0.274244956578253,0.7685116583957385,0.524551831644583,0.39960629921259844,False
class__price_direction__linear,price_direction,2014,0.5312810327706058,0.5320601833588436,0.5280749831208547,0.5228426395939086,0.6192384769539078,0.5669724770642202,0.5432692307692307,0.4448818897637795,0.48917748917748916,618,452,564,380,998,1016,1182,832,0.475,0.5041176343174305,0.5292855304560166,0.5295315039527875,0.274244956578253,0.7685116583957385,0.5228426395939086,0.4448818897637795,True
class__price_direction__linear,price_direction,2014,0.5253227408142999,0.5256221103624572,0.5249287411864099,0.5195530726256983,0.5591182364729459,0.5386100386100386,0.5319148936170213,0.4921259842519685,0.5112474437627812,558,500,516,440,998,1016,1074,940,0.5,0.5041176343174305,0.5292855304560166,0.5295315039527875,0.274244956578253,0.7685116583957385,0.5195530726256983,0.4921259842519685,True
class__price_direction__linear,price_direction,2014,0.5208540218470705,0.5205716551212661,0.5202236953225075,0.5174973488865323,0.48897795591182364,0.502833590932509,0.5238095238095238,0.5521653543307087,0.537613799712506,488,561,455,510,998,1016,943,1071,0.525,0.5041176343174305,0.5292855304560166,0.5295315039527875,0.274244956578253,0.7685116583957385,0.5174973488865323,0.48897795591182364,True
class__price_direction__linear,price_direction,2014,0.5218470705064548,0.5209967178451391,0.5170366017189623,0.5214723926380368,0.4258517034068136,0.4688361831218974,0.5221017514595496,0.6161417322834646,0.5652370203160271,425,626,390,573,998,1016,815,1199,0.55,0.5041176343174305,0.5292855304560166,0.5295315039527875,0.274244956578253,0.7685116583957385,0.5214723926380368,0.4258517034068136,True
class__price_direction__linear,price_direction,2014,0.5203574975173784,0.5189611506477522,0.5076143570846472,0.523121387283237,0.3627254509018036,0.4284023668639053,0.518910741301059,0.6751968503937008,0.5868263473053892,362,686,330,636,998,1016,692,1322,0.575,0.5041176343174305,0.5292855304560166,0.5295315039527875,0.274244956578253,0.7685116583957385,0.518910741301059,0.3627254509018036,False
class__price_direction__linear,price_direction,2014,0.5109235352532274,0.5090426916825778,0.4872214411688453,0.5111492281303602,0.2985971943887776,0.37697659709044906,0.5108315863032844,0.719488188976378,0.5974662852472415,298,731,285,700,998,1016,583,1431,0.6,0.5041176343174305,0.5292855304560166,0.5295315039527875,0.274244956578253,0.7685116583957385,0.5108315863032844,0.2985971943887776,False
class__price_direction__linear,price_direction,2014,0.5069513406156901,0.5046973868997838,0.4721691506284002,0.5050100200400801,0.25250501002004005,0.3366733466933868,0.5075907590759076,0.7568897637795275,0.6076649545634136,252,769,247,746,998,1016,499,1515,0.625,0.5041176343174305,0.5292855304560166,0.5295315039527875,0.274244956578253,0.7685116583957385,0.5050100200400801,0.25250501002004005,False
class__price_direction__linear,price_direction,2014,0.5054617676266137,0.5028393400975179,0.4572950135761199,0.5024038461538461,0.2094188376753507,0.2956152758132956,0.5062578222778473,0.7962598425196851,0.6189747513389442,209,809,207,789,998,1016,416,1598,0.65,0.5041176343174305,0.5292855304560166,0.5295315039527875,0.274244956578253,0.7685116583957385,0.5024038461538461,0.2094188376753507,False
class__price_direction__xgb,price_direction,2014,0.5297914597815293,0.533051338898269,0.4597876660744111,0.514646754738656,0.8977955911823647,0.6542533771449434,0.6263736263736264,0.16830708661417323,0.26532195500387895,896,171,845,102,998,1016,1741,273,0.35,0.5397814755868435,0.5695028003559012,0.5485074479667997,0.25287162016966647,0.6992828187063547,0.514646754738656,0.16830708661417323,False
class__price_direction__xgb,price_direction,2014,0.5327706057596823,0.5355602938159784,0.4840305088298913,0.5174311926605505,0.8476953907815631,0.6426129889859475,0.5989445910290238,0.2234251968503937,0.3254480286738351,846,227,789,152,998,1016,1635,379,0.375,0.5397814755868435,0.5695028003559012,0.5485074479667997,0.25287162016966647,0.6992828187063547,0.5174311926605505,0.2234251968503937,False
class__price_direction__xgb,price_direction,2014,0.5312810327706058,0.5336312388556641,0.49780283987832413,0.517578125,0.7965931863727455,0.6274664561957379,0.5753138075313807,0.2706692913385827,0.36813922356091033,795,275,741,203,998,1016,1536,478,0.4,0.5397814755868435,0.5695028003559012,0.5485074479667997,0.25287162016966647,0.6992828187063547,0.517578125,0.2706692913385827,False
class__price_direction__xgb,price_direction,2014,0.525819265143992,0.5276497877645054,0.5060412909077975,0.5151515151515151,0.7324649298597194,0.6048820852296235,0.5512605042016807,0.3228346456692913,0.40720049658597146,731,328,688,267,998,1016,1419,595,0.425,0.5397814755868435,0.5695028003559012,0.5485074479667997,0.25287162016966647,0.6992828187063547,0.5151515151515151,0.3228346456692913,False
class__price_direction__xgb,price_direction,2014,0.5129096325719961,0.5141621826329825,0.503792255856655,0.5065942591155935,0.654308617234469,0.5710537822474858,0.5241379310344828,0.37401574803149606,0.4365307294658242,653,380,636,345,998,1016,1289,725,0.45,0.5397814755868435,0.5695028003559012,0.5485074479667997,0.25287162016966647,0.6992828187063547,0.5065942591155935,0.37401574803149606,False
class__price_direction__xgb,price_direction,2014,0.5173783515392254,0.517996623167595,0.5153591120828976,0.5113438045375218,0.5871743486973948,0.5466417910447762,0.5253456221198156,0.44881889763779526,0.4840764331210191,586,456,560,412,998,1016,1146,868,0.475,0.5397814755868435,0.5695028003559012,0.5485074479667997,0.25287162016966647,0.6992828187063547,0.5113438045375218,0.44881889763779526,True
class__price_direction__xgb,price_direction,2014,0.5163853028798411,0.5163999258359238,0.5163810106110213,0.5118811881188119,0.5180360721442886,0.5149402390438247,0.5209163346613546,0.514763779527559,0.5178217821782178,517,523,493,481,998,1016,1010,1004,0.5,0.5397814755868435,0.5695028003559012,0.5485074479667997,0.25287162016966647,0.6992828187063547,0.5118811881188119,0.514763779527559,True
class__price_direction__xgb,price_direction,2014,0.5278053624627607,0.5272661464661607,0.5257991079552418,0.5265536723163842,0.46693386773547096,0.4949548592671269,0.5287865367581931,0.5875984251968503,0.5566433566433566,466,597,419,532,998,1016,885,1129,0.525,0.5397814755868435,0.5695028003559012,0.5485074479667997,0.25287162016966647,0.6992828187063547,0.5265536723163842,0.46693386773547096,True
class__price_direction__xgb,price_direction,2014,0.5273088381330685,0.526072814921181,0.517441128828476,0.5315934065934066,0.3877755511022044,0.4484356894553882,0.5248833592534993,0.6643700787401575,0.5864465682015638,387,675,341,611,998,1016,728,1286,0.55,0.5397814755868435,0.5695028003559012,0.5485074479667997,0.25287162016966647,0.6992828187063547,0.5248833592534993,0.3877755511022044,False
class__price_direction__xgb,price_direction,2014,0.528798411122145,0.5267681031354047,0.5020237841206616,0.5446265938069217,0.2995991983967936,0.3865546218487395,0.5228668941979522,0.7539370078740157,0.6174929463925837,299,766,250,699,998,1016,549,1465,0.575,0.5397814755868435,0.5695028003559012,0.5485074479667997,0.25287162016966647,0.6992828187063547,0.5228668941979522,0.2995991983967936,False
class__price_direction__xgb,price_direction,2014,0.5372393247269116,0.534539551544033,0.4891374400153282,0.5829145728643216,0.23246492985971945,0.332378223495702,0.525990099009901,0.8366141732283464,0.6458966565349544,232,850,166,766,998,1016,398,1616,0.6,0.5397814755868435,0.5695028003559012,0.5485074479667997,0.25287162016966647,0.6992828187063547,0.525990099009901,0.23246492985971945,False
class__price_direction__xgb,price_direction,2014,0.5407149950347567,0.5374252441891657,0.46653895329441797,0.6377358490566037,0.16933867735470942,0.2676167854315123,0.5260148656375071,0.905511811023622,0.6654611211573237,169,920,96,829,998,1016,265,1749,0.625,0.5397814755868435,0.5695028003559012,0.5485074479667997,0.25287162016966647,0.6992828187063547,0.5260148656375071,0.16933867735470942,False
class__price_direction__xgb,price_direction,2014,0.5307845084409136,0.5270945434175438,0.431687576424006,0.6514285714285715,0.11422845691382766,0.19437340153452684,0.5193039695486678,0.9399606299212598,0.6690017513134852,114,955,61,884,998,1016,175,1839,0.65,0.5397814755868435,0.5695028003559012,0.5485074479667997,0.25287162016966647,0.6992828187063547,0.5193039695486678,0.11422845691382766,False
class__weather_direction__equal_ensemble,weather_direction,2014,0.5387288977159881,0.5410131286194436,0.507781680960946,0.5226824457593688,0.7965931863727455,0.6312028582770941,0.5882352941176471,0.2854330708661417,0.3843605036447979,795,290,726,203,998,1016,1521,493,0.35,0.5484144195997281,0.5413988833058905,0.5615946459848831,0.26357455364176274,0.728313359903833,0.5226824457593688,0.2854330708661417,False
class__weather_direction__equal_ensemble,weather_direction,2014,0.5496524329692155,0.5515292395815252,0.5298833367176006,0.5318404478656403,0.7615230460921844,0.6262875978574372,0.5931623931623932,0.34153543307086615,0.4334790755777639,760,347,669,238,998,1016,1429,585,0.375,0.5484144195997281,0.5413988833058905,0.5615946459848831,0.26357455364176274,0.728313359903833,0.5318404478656403,0.34153543307086615,False
class__weather_direction__equal_ensemble,weather_direction,2014,0.5531281032770605,0.5546634607798273,0.5403342378211142,0.5362426035502958,0.7264529058116233,0.6170212765957447,0.5876132930513596,0.3828740157480315,0.4636471990464839,725,389,627,273,998,1016,1352,662,0.4,0.5484144195997281,0.5413988833058905,0.5615946459848831,0.26357455364176274,0.728313359903833,0.5362426035502958,0.3828740157480315,False
class__weather_direction__equal_ensemble,weather_direction,2014,0.5615690168818273,0.5627278178404052,0.5546518514623002,0.5453827940015785,0.6923847695390781,0.6101545253863134,0.5890227576974565,0.4330708661417323,0.499149177538287,691,440,576,307,998,1016,1267,747,0.425,0.5484144195997281,0.5413988833058905,0.5615946459848831,0.26357455364176274,0.728313359903833,0.5453827940015785,0.4330708661417323,True
class__weather_direction__equal_ensemble,weather_direction,2014,0.5670307845084409,0.5678482950152273,0.5637747396868293,0.5529411764705883,0.6593186372745491,0.6014625228519196,0.587378640776699,0.4763779527559055,0.5260869565217391,658,484,532,340,998,1016,1190,824,0.45,0.5484144195997281,0.5413988833058905,0.5615946459848831,0.26357455364176274,0.728313359903833,0.5529411764705883,0.4763779527559055,True
class__weather_direction__equal_ensemble,weather_direction,2014,0.5660377358490566,0.5664912502169693,0.5651303001285659,0.555956678700361,0.6172344689378757,0.5849952516619183,0.5783664459161147,0.515748031496063,0.5452653485952134,616,524,492,382,998,1016,1108,906,0.475,0.5484144195997281,0.5413988833058905,0.5615946459848831,0.26357455364176274,0.728313359903833,0.555956678700361,0.515748031496063,True
class__weather_direction__equal_ensemble,weather_direction,2014,0.5580933465739821,0.5581556814416234,0.558091603429828,0.5529411764705883,0.5651302605210421,0.5589692765113974,0.5633802816901409,0.5511811023622047,0.5572139303482587,564,560,456,434,998,1016,1020,994,0.5,0.5484144195997281,0.5413988833058905,0.5615946459848831,0.26357455364176274,0.728313359903833,0.5529411764705883,0.5511811023622047,True
class__weather_direction__equal_ensemble,weather_direction,2014,0.5536246276067527,0.553220614457261,0.5524991998260008,0.5540983606557377,0.5080160320641283,0.5300575013068479,0.5532302092811647,0.5984251968503937,0.5749408983451537,507,608,408,491,998,1016,915,1099,0.525,0.5484144195997281,0.5413988833058905,0.5615946459848831,0.26357455364176274,0.728313359903833,0.5532302092811647,0.5080160320641283,True
class__weather_direction__equal_ensemble,weather_direction,2014,0.5436941410129096,0.5428277815473467,0.5389170017919017,0.5487053020961775,0.44589178356713427,0.4919845218352681,0.5403158769742311,0.639763779527559,0.5858494817485354,445,650,366,553,998,1016,811,1203,0.55,0.5484144195997281,0.5413988833058905,0.5615946459848831,0.26357455364176274,0.728313359903833,0.5403158769742311,0.44589178356713427,True
class__weather_direction__equal_ensemble,weather_direction,2014,0.5372393247269116,0.5360129708235368,0.5277153784219002,0.5452054794520548,0.39879759519038077,0.46064814814814814,0.5327102803738317,0.6732283464566929,0.5947826086956521,398,684,332,600,998,1016,730,1284,0.575,0.5484144195997281,0.5413988833058905,0.5615946459848831,0.26357455364176274,0.728313359903833,0.5327102803738317,0.39879759519038077,False
class__weather_direction__equal_ensemble,weather_direction,2014,0.5312810327706058,0.5297257901630031,0.5158106410743555,0.5411585365853658,0.3557114228456914,0.42926239419588874,0.5265095729013255,0.7037401574803149,0.6023588879528222,355,715,301,643,998,1016,656,1358,0.6,0.5484144195997281,0.5413988833058905,0.5615946459848831,0.26357455364176274,0.728313359903833,0.5265095729013255,0.3557114228456914,False
class__weather_direction__equal_ensemble,weather_direction,2014,0.522343594836147,0.5204769775772017,0.499529873200086,0.5307167235494881,0.31162324649298595,0.3926767676767677,0.5189075630252101,0.7293307086614174,0.6063829787234043,311,741,275,687,998,1016,586,1428,0.625,0.5484144195997281,0.5413988833058905,0.5615946459848831,0.26357455364176274,0.728313359903833,0.5189075630252101,0.31162324649298595,False
class__weather_direction__equal_ensemble,weather_direction,2014,0.5188679245283019,0.5166948069367081,0.4874005665588445,0.528046421663443,0.27354709418837675,0.3603960396039604,0.5156980627922512,0.7598425196850394,0.6144050935137286,273,772,244,725,998,1016,517,1497,0.65,0.5484144195997281,0.5413988833058905,0.5615946459848831,0.26357455364176274,0.728313359903833,0.5156980627922512,0.27354709418837675,False
class__weather_direction__forest,weather_direction,2014,0.5382323733862959,0.5399263093115364,0.5219219298935223,0.5244956772334294,0.7294589178356713,0.6102263202011735,0.5686900958466453,0.35039370078740156,0.4336175395858709,728,356,660,270,998,1016,1388,626,0.35,0.5430017630442745,0.5468810062821594,0.5545007337509664,0.26589618761406,0.7318198993786401,0.5244956772334294,0.35039370078740156,False
class__weather_direction__forest,weather_direction,2014,0.5427010923535254,0.5437785018856611,0.5364974748288753,0.5308246597277823,0.6643286573146293,0.5901201602136181,0.5620915032679739,0.42322834645669294,0.48287478944413254,663,430,586,335,998,1016,1249,765,0.375,0.5430017630442745,0.5468810062821594,0.5545007337509664,0.26589618761406,0.7318198993786401,0.5308246597277823,0.42322834645669294,True
class__weather_direction__forest,weather_direction,2014,0.5451837140019861,0.5458397109178987,0.5430382606352201,0.5355285961871751,0.6192384769539078,0.5743494423791822,0.5581395348837209,0.47244094488188976,0.511727078891258,618,480,536,380,998,1016,1154,860,0.4,0.5430017630442745,0.5468810062821594,0.5545007337509664,0.26589618761406,0.7318198993786401,0.5355285961871751,0.47244094488188976,True
class__weather_direction__forest,weather_direction,2014,0.5422045680238332,0.5424165259653164,0.542041535462588,0.5360531309297912,0.5661322645290581,0.550682261208577,0.5489583333333333,0.5187007874015748,0.5334008097165992,565,527,489,433,998,1016,1054,960,0.425,0.5430017630442745,0.5468810062821594,0.5545007337509664,0.26589618761406,0.7318198993786401,0.5360531309297912,0.5187007874015748,True
class__weather_direction__forest,weather_direction,2014,0.5471698113207547,0.5468762327805217,0.546524064171123,0.5457446808510639,0.5140280561122245,0.5294117647058824,0.5484171322160148,0.5797244094488189,0.5636363636363636,513,589,427,485,998,1016,940,1074,0.45,0.5430017630442745,0.5468810062821594,0.5545007337509664,0.26589618761406,0.7318198993786401,0.5457446808510639,0.5140280561122245,True
class__weather_direction__forest,weather_direction,2014,0.5506454816285998,0.550037082038092,0.548238766446231,0.5535097813578826,0.4819639278557114,0.5152651312265667,0.548471615720524,0.6181102362204725,0.5812124016658954,481,628,388,517,998,1016,869,1145,0.475,0.5430017630442745,0.5468810062821594,0.5545007337509664,0.26589618761406,0.7318198993786401,0.548471615720524,0.4819639278557114,True
class__weather_direction__forest,weather_direction,2014,0.5486593843098312,0.5477312893503542,0.5432588159127396,0.5558343789209536,0.4438877755511022,0.4935933147632312,0.5439605587510271,0.6515748031496063,0.5929243170622481,443,662,354,555,998,1016,797,1217,0.5,0.5430017630442745,0.5468810062821594,0.5545007337509664,0.26589618761406,0.7318198993786401,0.5439605587510271,0.4438877755511022,True
class__weather_direction__forest,weather_direction,2014,0.5456802383316782,0.5444678727533808,0.5365290722810026,0.5566166439290586,0.4088176352705411,0.4714038128249567,0.5394223263075723,0.6801181102362205,0.6016543317370483,408,691,325,590,998,1016,733,1281,0.525,0.5430017630442745,0.5468810062821594,0.5545007337509664,0.26589618761406,0.7318198993786401,0.5394223263075723,0.4088176352705411,True
class__weather_direction__forest,weather_direction,2014,0.5362462760675273,0.5347180581635712,0.5214618609573429,0.5483383685800605,0.3637274549098196,0.43734939759036146,0.5303254437869822,0.7057086614173228,0.6055743243243243,363,717,299,635,998,1016,662,1352,0.55,0.5430017630442745,0.5468810062821594,0.5545007337509664,0.26589618761406,0.7318198993786401,0.5303254437869822,0.3637274549098196,False
class__weather_direction__forest,weather_direction,2014,0.5268123138033763,0.5249771195935178,0.5049755407610568,0.5379426644182125,0.3196392785571142,0.4010056568196103,0.5221674876847291,0.7303149606299213,0.6089454247025031,319,742,274,679,998,1016,593,1421,0.575,0.5430017630442745,0.5468810062821594,0.5545007337509664,0.26589618761406,0.7318198993786401,0.5221674876847291,0.3196392785571142,False
class__weather_direction__forest,weather_direction,2014,0.5163853028798411,0.5142253009956922,0.4851592313224047,0.5230769230769231,0.2725450901803607,0.3583662714097497,0.5140562248995983,0.7559055118110236,0.6119521912350597,272,768,248,726,998,1016,520,1494,0.6,0.5430017630442745,0.5468810062821594,0.5545007337509664,0.26589618761406,0.7318198993786401,0.5140562248995983,0.2725450901803607,False
class__weather_direction__forest,weather_direction,2014,0.5129096325719961,0.5104431303551986,0.47130068710728557,0.5188470066518847,0.23446893787575152,0.32298136645962733,0.5111964171465131,0.7864173228346457,0.6196200077549437,234,799,217,764,998,1016,451,1563,0.625,0.5430017630442745,0.5468810062821594,0.5545007337509664,0.26589618761406,0.7318198993786401,0.5111964171465131,0.23446893787575152,False
class__weather_direction__forest,weather_direction,2014,0.519364448857994,0.516609991636817,0.46723304154678935,0.538860103626943,0.20841683366733466,0.30057803468208094,0.5147420147420148,0.8248031496062992,0.6338880484114977,208,838,178,790,998,1016,386,1628,0.65,0.5430017630442745,0.5468810062821594,0.5545007337509664,0.26589618761406,0.7318198993786401,0.5147420147420148,0.20841683366733466,False
class__weather_direction__linear,weather_direction,2014,0.5456802383316782,0.5477431240433623,0.5212449641754029,0.5282121006118287,0.7785571142284569,0.6294046172539489,0.5930018416206262,0.3169291338582677,0.413085311096857,777,322,694,221,998,1016,1471,543,0.35,0.5528857080393508,0.5409048474427782,0.5559199106875168,0.30471697271276327,0.90547373597883,0.5282121006118287,0.3169291338582677,False
class__weather_direction__linear,weather_direction,2014,0.5476663356504469,0.5495518596247614,0.5276087282835016,0.5303983228511531,0.7605210420841684,0.6249485384932071,0.5900514579759862,0.33858267716535434,0.43026891807379614,759,344,672,239,998,1016,1431,583,0.375,0.5528857080393508,0.5409048474427782,0.5559199106875168,0.30471697271276327,0.90547373597883,0.5303983228511531,0.33858267716535434,False
class__weather_direction__linear,weather_direction,2014,0.551142005958292,0.5528103450996481,0.5358121889532512,0.5340086830680174,0.7394789579158316,0.6201680672268908,0.5886075949367089,0.3661417322834646,0.45145631067961167,738,372,644,260,998,1016,1382,632,0.4,0.5528857080393508,0.5409048474427782,0.5559199106875168,0.30471697271276327,0.90547373597883,0.5340086830680174,0.3661417322834646,False
class__weather_direction__linear,weather_direction,2014,0.5461767626613704,0.5476583087434712,0.5341195883802977,0.5313432835820896,0.7134268537074149,0.6090675791274593,0.5756676557863502,0.38188976377952755,0.4591715976331361,712,388,628,286,998,1016,1340,674,0.425,0.5528857080393508,0.5409048474427782,0.5559199106875168,0.30471697271276327,0.90547373597883,0.5313432835820896,0.38188976377952755,False
class__weather_direction__linear,weather_direction,2014,0.548162859980139,0.5494759203446262,0.5388637278582931,0.5337941628264209,0.6963927855711423,0.6043478260869565,0.574438202247191,0.40255905511811024,0.47337962962962965,695,409,607,303,998,1016,1302,712,0.45,0.5528857080393508,0.5409048474427782,0.5559199106875168,0.30471697271276327,0.90547373597883,0.5337941628264209,0.40255905511811024,True
class__weather_direction__linear,weather_direction,2014,0.5516385302879842,0.5527610338787812,0.5450149819358657,0.5377283558379666,0.6783567134268537,0.5999113867966327,0.5748344370860927,0.4271653543307087,0.4901185770750988,677,434,582,321,998,1016,1259,755,0.475,0.5528857080393508,0.5409048474427782,0.5559199106875168,0.30471697271276327,0.90547373597883,0.5377283558379666,0.4271653543307087,True
class__weather_direction__linear,weather_direction,2014,0.5461767626613704,0.5470014832815236,0.5426843750155271,0.535234899328859,0.6392785571142284,0.582648401826484,0.5620437956204379,0.4547244094488189,0.5027203482045702,638,462,554,360,998,1016,1192,822,0.5,0.5528857080393508,0.5409048474427782,0.5559199106875168,0.30471697271276327,0.90547373597883,0.535234899328859,0.4547244094488189,True
class__weather_direction__linear,weather_direction,2014,0.5516385302879842,0.5521840925946381,0.5502226205641898,0.54207263064659,0.6132264529058116,0.5754583921015515,0.5638418079096045,0.4911417322834646,0.524986849026828,612,499,517,386,998,1016,1129,885,0.525,0.5528857080393508,0.5409048474427782,0.5559199106875168,0.30471697271276327,0.90547373597883,0.54207263064659,0.4911417322834646,True
class__weather_direction__linear,weather_direction,2014,0.5491559086395233,0.5494571820806968,0.5487816914197282,0.5418994413407822,0.5831663326653307,0.5617760617760618,0.5574468085106383,0.515748031496063,0.5357873210633947,582,524,492,416,998,1016,1074,940,0.55,0.5528857080393508,0.5409048474427782,0.5559199106875168,0.30471697271276327,0.90547373597883,0.5418994413407822,0.515748031496063,True
class__weather_direction__linear,weather_direction,2014,0.5461767626613704,0.5462026415034794,0.5461749725110818,0.541501976284585,0.5490981963927856,0.545273631840796,0.5508982035928144,0.5433070866141733,0.5470763131813677,548,552,464,450,998,1016,1012,1002,0.575,0.5528857080393508,0.5409048474427782,0.5559199106875168,0.30471697271276327,0.90547373597883,0.541501976284585,0.5433070866141733,True
class__weather_direction__linear,weather_direction,2014,0.541708043694141,0.54146284695375,0.5412301815585551,0.5394321766561514,0.5140280561122245,0.5264238070805541,0.5437441204139228,0.5688976377952756,0.556036556036556,513,578,438,485,998,1016,951,1063,0.6,0.5528857080393508,0.5409048474427782,0.5559199106875168,0.30471697271276327,0.90547373597883,0.5394321766561514,0.5140280561122245,True
class__weather_direction__linear,weather_direction,2014,0.5407149950347567,0.5403010745901251,0.5395105827658631,0.5399780941949617,0.4939879759519038,0.5159602302459445,0.5413260672116258,0.5866141732283464,0.5630609352857817,493,596,420,505,998,1016,913,1101,0.625,0.5528857080393508,0.5409048474427782,0.5559199106875168,0.30471697271276327,0.90547373597883,0.5399780941949617,0.4939879759519038,True
class__weather_direction__linear,weather_direction,2014,0.5377358490566038,0.5370820380919319,0.5349095520900538,0.5389988358556461,0.46392785571142287,0.49865374259558426,0.5367965367965368,0.610236220472441,0.5711653615845232,463,620,396,535,998,1016,859,1155,0.65,0.5528857080393508,0.5409048474427782,0.5559199106875168,0.30471697271276327,0.90547373597883,0.5367965367965368,0.46392785571142287,True
class__weather_direction__xgb,weather_direction,2014,0.5059582919563058,0.5088079702712511,0.45180518051258006,0.5009096422073984,0.8276553106212425,0.6241027578390631,0.5287671232876713,0.18996062992125984,0.279507603186097,826,193,823,172,998,1016,1649,365,0.35,0.5403931642078725,0.5284123170957001,0.557717797800325,0.2575608178495984,0.7119887331310424,0.5009096422073984,0.18996062992125984,False
class__weather_direction__xgb,weather_direction,2014,0.5307845084409136,0.5331302368516561,0.4974087859650605,0.5172638436482084,0.7955911823647295,0.6269245953414923,0.5741127348643006,0.2706692913385827,0.36789297658862874,794,275,741,204,998,1016,1535,479,0.375,0.5403931642078725,0.5284123170957001,0.557717797800325,0.2575608178495984,0.7119887331310424,0.5172638436482084,0.2706692913385827,False
class__weather_direction__xgb,weather_direction,2014,0.5506454816285998,0.552486863490761,0.5317086530884692,0.5327234342012667,0.7585170340681363,0.6258784621744522,0.5935919055649241,0.3464566929133858,0.437538844002486,757,352,664,241,998,1016,1421,593,0.4,0.5403931642078725,0.5284123170957001,0.557717797800325,0.2575608178495984,0.7119887331310424,0.5327234342012667,0.3464566929133858,False
class__weather_direction__xgb,weather_direction,2014,0.5685203574975174,0.5697152178372493,0.5612645912689908,0.5505882352941176,0.7034068136272545,0.6176858776946766,0.5994587280108254,0.4360236220472441,0.5048433048433049,702,443,573,296,998,1016,1275,739,0.425,0.5403931642078725,0.5284123170957001,0.557717797800325,0.2575608178495984,0.7119887331310424,0.5505882352941176,0.4360236220472441,True
class__weather_direction__xgb,weather_direction,2014,0.5590863952333665,0.5596281144967099,0.5577186167355648,0.5487588652482269,0.6202404809619239,0.5823142050799623,0.572234762979684,0.49901574803149606,0.5331230283911672,619,507,509,379,998,1016,1128,886,0.45,0.5403931642078725,0.5284123170957001,0.557717797800325,0.2575608178495984,0.7119887331310424,0.5487588652482269,0.49901574803149606,True
class__weather_direction__xgb,weather_direction,2014,0.5526315789473685,0.5525736512394869,0.5525732265494183,0.5488418932527693,0.5460921843687375,0.5474635861376193,0.5563173359451518,0.5590551181102362,0.5576828669612175,545,568,448,453,998,1016,993,1021,0.475,0.5403931642078725,0.5284123170957001,0.557717797800325,0.2575608178495984,0.7119887331310424,0.5488418932527693,0.5460921843687375,True
class__weather_direction__xgb,weather_direction,2014,0.5407149950347567,0.5402123143925647,0.5389955177679558,0.5408734602463606,0.48396793587174347,0.5108408249603384,0.5405887600356825,0.5964566929133859,0.5671502105755732,483,606,410,515,998,1016,893,1121,0.5,0.5403931642078725,0.5284123170957001,0.557717797800325,0.2575608178495984,0.7119887331310424,0.5405887600356825,0.48396793587174347,True
class__weather_direction__xgb,weather_direction,2014,0.5491559086395233,0.548179035235826,0.5431984045146798,0.5572519083969466,0.43887775551102204,0.4910313901345291,0.5439739413680782,0.65748031496063,0.5953654188948306,438,668,348,560,998,1016,786,1228,0.525,0.5403931642078725,0.5284123170957001,0.557717797800325,0.2575608178495984,0.7119887331310424,0.5439739413680782,0.43887775551102204,True
class__weather_direction__xgb,weather_direction,2014,0.5436941410129096,0.5422774683224717,0.5311836127818073,0.5574963609898108,0.3837675350701403,0.4545994065281899,0.5365486058779201,0.7007874015748031,0.6077678190354247,383,712,304,615,998,1016,687,1327,0.55,0.5403931642078725,0.5284123170957001,0.557717797800325,0.2575608178495984,0.7119887331310424,0.5365486058779201,0.3837675350701403,False
class__weather_direction__xgb,weather_direction,2014,0.5357497517378351,0.5338620153693213,0.5130322932341618,0.5542168674698795,0.3226452905811623,0.4078530715642812,0.5282623866015352,0.7450787401574803,0.6182115149040425,322,757,259,676,998,1016,581,1433,0.575,0.5403931642078725,0.5284123170957001,0.557717797800325,0.2575608178495984,0.7119887331310424,0.5282623866015352,0.3226452905811623,False
class__weather_direction__xgb,weather_direction,2014,0.5367428003972194,0.5344468464488031,0.5026919647571356,0.5664621676891616,0.2775551102204409,0.3725622057834566,0.5272131147540984,0.7913385826771654,0.6328217237308147,277,804,212,721,998,1016,489,1525,0.6,0.5403931642078725,0.5284123170957001,0.557717797800325,0.2575608178495984,0.7119887331310424,0.5272131147540984,0.2775551102204409,False
class__weather_direction__xgb,weather_direction,2014,0.5253227408142999,0.5225598835466208,0.47347441951535396,0.5546875,0.21342685370741482,0.30824891461649784,0.5184049079754601,0.8316929133858267,0.6386999244142101,213,845,171,785,998,1016,384,1630,0.625,0.5403931642078725,0.5284123170957001,0.557717797800325,0.2575608178495984,0.7119887331310424,0.5184049079754601,0.21342685370741482,False
class__weather_direction__xgb,weather_direction,2014,0.5173783515392254,0.5141710586527386,0.4439201311679561,0.545774647887324,0.15531062124248496,0.24180967238689546,0.5127167630057804,0.8730314960629921,0.6460305899490167,155,887,129,843,998,1016,284,1730,0.65,0.5403931642078725,0.5284123170957001,0.557717797800325,0.2575608178495984,0.7119887331310424,0.5127167630057804,0.15531062124248496,False
