source_dataset,report_date,historical_backcast,publication_date,known_revision_date,known_revision_source,raw_value_available_date,feature_publication_date,expanded_history_publication_date,first_usable_session,release_method,release_source,release_date_estimated,release_date_status,publication_time_et,release_lag_calendar_days
legacy_futures_only,2000-01-04,False,2000-01-07,,,2000-01-07,2000-01-07,2000-01-07,2000-01-10,estimated_three_federal_business_days_friday_floor,https://www.cftc.gov/MarketReports/CommitmentsofTraders/ReleaseSchedule/index.htm,True,estimated,15:30 America/New_York,3
legacy_futures_only,2000-01-11,False,2000-01-14,,,2000-01-14,2000-01-14,2000-01-14,2000-01-18,estimated_three_federal_business_days_friday_floor,https://www.cftc.gov/MarketReports/CommitmentsofTraders/ReleaseSchedule/index.htm,True,estimated,15:30 America/New_York,3
legacy_futures_only,2000-01-18,False,2000-01-21,,,2000-01-21,2000-01-21,2000-01-21,2000-01-24,estimated_three_federal_business_days_friday_floor,https://www.cftc.gov/MarketReports/CommitmentsofTraders/ReleaseSchedule/index.htm,True,estimated,15:30 America/New_York,3
legacy_futures_only,2000-01-25,False,2000-01-28,,,2000-01-28,2000-01-28,2000-01-28,2000-01-31,estimated_three_federal_business_days_friday_floor,https://www.cftc.gov/MarketReports/CommitmentsofTraders/ReleaseSchedule/index.htm,True,estimated,15:30 America/New_York,3
legacy_futures_only,2000-02-01,False,2000-02-04,,,2000-02-04,2000-02-04,2000-02-04,2000-02-07,estimated_three_federal_business_days_friday_floor,https://www.cftc.gov/MarketReports/CommitmentsofTraders/ReleaseSchedule/index.htm,True,estimated,15:30 America/New_York,3
legacy_futures_only,2000-02-08,False,2000-02-11,,,2000-02-11,2000-02-11,2000-02-11,2000-02-14,estimated_three_federal_business_days_friday_floor,https://www.cftc.gov/MarketReports/CommitmentsofTraders/ReleaseSchedule/index.htm,True,estimated,15:30 America/New_York,3
legacy_futures_only,2000-02-15,False,2000-02-18,,,2000-02-18,2000-02-18,2000-02-18,2000-02-22,estimated_three_federal_business_days_friday_floor,https://www.cftc.gov/MarketReports/CommitmentsofTraders/ReleaseSchedule/index.htm,True,estimated,15:30 America/New_York,3
legacy_futures_only,2000-02-22,False,2000-02-25,,,2000-02-25,2000-02-25,2000-02-25,2000-02-28,estimated_three_federal_business_days_friday_floor,https://www.cftc.gov/MarketReports/CommitmentsofTraders/ReleaseSchedule/index.htm,True,estimated,15:30 America/New_York,3
legacy_futures_only,2000-02-29,False,2000-03-03,,,2000-03-03,2000-03-03,2000-03-03,2000-03-06,estimated_three_federal_business_days_friday_floor,https://www.cftc.gov/MarketReports/CommitmentsofTraders/ReleaseSchedule/index.htm,True,estimated,15:30 America/New_York,3
legacy_futures_only,2000-03-07,False,2000-03-10,,,2000-03-10,2000-03-10,2000-03-10,2000-03-13,estimated_three_federal_business_days_friday_floor,https://www.cftc.gov/MarketReports/CommitmentsofTraders/ReleaseSchedule/index.htm,True,estimated,15:30 America/New_York,3
legacy_futures_only,2000-03-14,False,2000-03-17,,,2000-03-17,2000-03-17,2000-03-17,2000-03-20,estimated_three_federal_business_days_friday_floor,https://www.cftc.gov/MarketReports/CommitmentsofTraders/ReleaseSchedule/index.htm,True,estimated,15:30 America/New_York,3
legacy_futures_only,2000-03-21,False,2000-03-24,,,2000-03-24,2000-03-24,2000-03-24,2000-03-27,estimated_three_federal_business_days_friday_floor,https://www.cftc.gov/MarketReports/CommitmentsofTraders/ReleaseSchedule/index.htm,True,estimated,15:30 America/New_York,3
legacy_futures_only,2000-03-28,False,2000-03-31,,,2000-03-31,2000-03-31,2000-03-31,2000-04-03,estimated_three_federal_business_days_friday_floor,https://www.cftc.gov/MarketReports/CommitmentsofTraders/ReleaseSchedule/index.htm,True,estimated,15:30 America/New_York,3
legacy_futures_only,2000-04-04,False,2000-04-07,,,2000-04-07,2000-04-07,2000-04-07,2000-04-10,estimated_three_federal_business_days_friday_floor,https://www.cftc.gov/MarketReports/CommitmentsofTraders/ReleaseSchedule/index.htm,True,estimated,15:30 America/New_York,3
legacy_futures_only,2000-04-11,False,2000-04-14,,,2000-04-14,2000-04-14,2000-04-14,2000-04-17,estimated_three_federal_business_days_friday_floor,https://www.cftc.gov/MarketReports/CommitmentsofTraders/ReleaseSchedule/index.htm,True,estimated,15:30 America/New_York,3
legacy_futures_only,2000-04-18,False,2000-04-21,,,2000-04-21,2000-04-21,2000-04-21,2000-04-24,estimated_three_federal_business_days_friday_floor,https://www.cftc.gov/MarketReports/CommitmentsofTraders/ReleaseSchedule/index.htm,True,estimated,15:30 America/New_York,3
legacy_futures_only,2000-04-25,False,2000-04-28,,,2000-04-28,2000-04-28,2000-04-28,2000-05-01,estimated_three_federal_business_days_friday_floor,https://www.cftc.gov/MarketReports/CommitmentsofTraders/ReleaseSchedule/index.htm,True,estimated,15:30 America/New_York,3
legacy_futures_only,2000-05-02,False,2000-05-05,,,2000-05-05,2000-05-05,2000-05-05,2000-05-08,estimated_three_federal_business_days_friday_floor,https://www.cftc.gov/MarketReports/CommitmentsofTraders/ReleaseSchedule/index.htm,True,estimated,15:30 America/New_York,3
legacy_futures_only,2000-05-09,False,2000-05-12,,,2000-05-12,2000-05-12,2000-05-12,2000-05-15,estimated_three_federal_business_days_friday_floor,https://www.cftc.gov/MarketReports/CommitmentsofTraders/ReleaseSchedule/index.htm,True,estimated,15:30 America/New_York,3
legacy_futures_only,2000-05-16,False,2000-05-19,,,2000-05-19,2000-05-19,2000-05-19,2000-05-22,estimated_three_federal_business_days_friday_floor,https://www.cftc.gov/MarketReports/CommitmentsofTraders/ReleaseSchedule/index.htm,True,estimated,15:30 America/New_York,3
legacy_futures_only,2000-05-23,False,2000-05-26,,,2000-05-26,2000-05-26,2000-05-26,2000-05-30,estimated_three_federal_business_days_friday_floor,https://www.cftc.gov/MarketReports/CommitmentsofTraders/ReleaseSchedule/index.htm,True,estimated,15:30 America/New_York,3
legacy_futures_only,2000-05-30,False,2000-06-02,,,2000-06-02,2000-06-02,2000-06-02,2000-06-05,estimated_three_federal_business_days_friday_floor,https://www.cftc.gov/MarketReports/CommitmentsofTraders/ReleaseSchedule/index.htm,True,estimated,15:30 America/New_York,3
legacy_futures_only,2000-06-06,False,2000-06-09,,,2000-06-09,2000-06-09,2000-06-09,2000-06-12,estimated_three_federal_business_days_friday_floor,https://www.cftc.gov/MarketReports/CommitmentsofTraders/ReleaseSchedule/index.htm,True,estimated,15:30 America/New_York,3
legacy_futures_only,2000-06-13,False,2000-06-16,,,2000-06-16,2000-06-16,2000-06-16,2000-06-19,estimated_three_federal_business_days_friday_floor,https://www.cftc.gov/MarketReports/CommitmentsofTraders/ReleaseSchedule/index.htm,True,estimated,15:30 America/New_York,3
legacy_futures_only,2000-06-20,False,2000-06-23,,,2000-06-23,2000-06-23,2000-06-23,2000-06-26,estimated_three_federal_business_days_friday_floor,https://www.cftc.gov/MarketReports/CommitmentsofTraders/ReleaseSchedule/index.htm,True,estimated,15:30 America/New_York,3
legacy_futures_only,2000-06-27,False,2000-06-30,,,2000-06-30,2000-06-30,2000-06-30,2000-07-05,estimated_three_federal_business_days_friday_floor,https://www.cftc.gov/MarketReports/CommitmentsofTraders/ReleaseSchedule/index.htm,True,estimated,15:30 America/New_York,3
legacy_futures_only,2000-07-05,False,2000-07-10,,,2000-07-10,2000-07-10,2000-07-10,2000-07-11,estimated_three_federal_business_days_friday_floor,https://www.cftc.gov/MarketReports/CommitmentsofTraders/ReleaseSchedule/index.htm,True,estimated,15:30 America/New_York,5
legacy_futures_only,2000-07-11,False,2000-07-14,,,2000-07-14,2000-07-14,2000-07-14,2000-07-17,estimated_three_federal_business_days_friday_floor,https://www.cftc.gov/MarketReports/CommitmentsofTraders/ReleaseSchedule/index.htm,True,estimated,15:30 America/New_York,3
legacy_futures_only,2000-07-18,False,2000-07-21,,,2000-07-21,2000-07-21,2000-07-21,2000-07-24,estimated_three_federal_business_days_friday_floor,https://www.cftc.gov/MarketReports/CommitmentsofTraders/ReleaseSchedule/index.htm,True,estimated,15:30 America/New_York,3
legacy_futures_only,2000-07-25,False,2000-07-28,,,2000-07-28,2000-07-28,2000-07-28,2000-07-31,estimated_three_federal_business_days_friday_floor,https://www.cftc.gov/MarketReports/CommitmentsofTraders/ReleaseSchedule/index.htm,True,estimated,15:30 America/New_York,3
legacy_futures_only,2000-08-01,False,2000-08-04,,,2000-08-04,2000-08-04,2000-08-04,2000-08-07,estimated_three_federal_business_days_friday_floor,https://www.cftc.gov/MarketReports/CommitmentsofTraders/ReleaseSchedule/index.htm,True,estimated,15:30 America/New_York,3
legacy_futures_only,2000-08-08,False,2000-08-11,,,2000-08-11,2000-08-11,2000-08-11,2000-08-14,estimated_three_federal_business_days_friday_floor,https://www.cftc.gov/MarketReports/CommitmentsofTraders/ReleaseSchedule/index.htm,True,estimated,15:30 America/New_York,3
legacy_futures_only,2000-08-15,False,2000-08-18,,,2000-08-18,2000-08-18,2000-08-18,2000-08-21,estimated_three_federal_business_days_friday_floor,https://www.cftc.gov/MarketReports/CommitmentsofTraders/ReleaseSchedule/index.htm,True,estimated,15:30 America/New_York,3
legacy_futures_only,2000-08-22,False,2000-08-25,,,2000-08-25,2000-08-25,2000-08-25,2000-08-28,estimated_three_federal_business_days_friday_floor,https://www.cftc.gov/MarketReports/CommitmentsofTraders/ReleaseSchedule/index.htm,True,estimated,15:30 America/New_York,3
legacy_futures_only,2000-08-29,False,2000-09-01,,,2000-09-01,2000-09-01,2000-09-01,2000-09-05,estimated_three_federal_business_days_friday_floor,https://www.cftc.gov/MarketReports/CommitmentsofTraders/ReleaseSchedule/index.htm,True,estimated,15:30 America/New_York,3
legacy_futures_only,2000-09-05,False,2000-09-08,,,2000-09-08,2000-09-08,2000-09-08,2000-09-11,estimated_three_federal_business_days_friday_floor,https://www.cftc.gov/MarketReports/CommitmentsofTraders/ReleaseSchedule/index.htm,True,estimated,15:30 America/New_York,3
legacy_futures_only,2000-09-12,False,2000-09-15,,,2000-09-15,2000-09-15,2000-09-15,2000-09-18,estimated_three_federal_business_days_friday_floor,https://www.cftc.gov/MarketReports/CommitmentsofTraders/ReleaseSchedule/index.htm,True,estimated,15:30 America/New_York,3
legacy_futures_only,2000-09-19,False,2000-09-22,,,2000-09-22,2000-09-22,2000-09-22,2000-09-25,estimated_three_federal_business_days_friday_floor,https://www.cftc.gov/MarketReports/CommitmentsofTraders/ReleaseSchedule/index.htm,True,estimated,15:30 America/New_York,3
legacy_futures_only,2000-09-26,False,2000-09-29,,,2000-09-29,2000-09-29,2000-09-29,2000-10-02,estimated_three_federal_business_days_friday_floor,https://www.cftc.gov/MarketReports/CommitmentsofTraders/ReleaseSchedule/index.htm,True,estimated,15:30 America/New_York,3
legacy_futures_only,2000-10-03,False,2000-10-06,,,2000-10-06,2000-10-06,2000-10-06,2000-10-09,estimated_three_federal_business_days_friday_floor,https://www.cftc.gov/MarketReports/CommitmentsofTraders/ReleaseSchedule/index.htm,True,estimated,15:30 America/New_York,3
legacy_futures_only,2000-10-10,False,2000-10-13,,,2000-10-13,2000-10-13,2000-10-13,2000-10-16,estimated_three_federal_business_days_friday_floor,https://www.cftc.gov/MarketReports/CommitmentsofTraders/ReleaseSchedule/index.htm,True,estimated,15:30 America/New_York,3
legacy_futures_only,2000-10-17,False,2000-10-20,,,2000-10-20,2000-10-20,2000-10-20,2000-10-23,estimated_three_federal_business_days_friday_floor,https://www.cftc.gov/MarketReports/CommitmentsofTraders/ReleaseSchedule/index.htm,True,estimated,15:30 America/New_York,3
legacy_futures_only,2000-10-24,False,2000-10-27,,,2000-10-27,2000-10-27,2000-10-27,2000-10-30,estimated_three_federal_business_days_friday_floor,https://www.cftc.gov/MarketReports/CommitmentsofTraders/ReleaseSchedule/index.htm,True,estimated,15:30 America/New_York,3
legacy_futures_only,2000-10-31,False,2000-11-03,,,2000-11-03,2000-11-03,2000-11-03,2000-11-06,estimated_three_federal_business_days_friday_floor,https://www.cftc.gov/MarketReports/CommitmentsofTraders/ReleaseSchedule/index.htm,True,estimated,15:30 America/New_York,3
legacy_futures_only,2000-11-07,False,2000-11-13,,,2000-11-13,2000-11-13,2000-11-13,2000-11-14,estimated_three_federal_business_days_friday_floor,https://www.cftc.gov/MarketReports/CommitmentsofTraders/ReleaseSchedule/index.htm,True,estimated,15:30 America/New_York,6
legacy_futures_only,2000-11-14,False,2000-11-17,,,2000-11-17,2000-11-17,2000-11-17,2000-11-20,estimated_three_federal_business_days_friday_floor,https://www.cftc.gov/MarketReports/CommitmentsofTraders/ReleaseSchedule/index.htm,True,estimated,15:30 America/New_York,3
legacy_futures_only,2000-11-21,False,2000-11-27,,,2000-11-27,2000-11-27,2000-11-27,2000-11-28,estimated_three_federal_business_days_friday_floor,https://www.cftc.gov/MarketReports/CommitmentsofTraders/ReleaseSchedule/index.htm,True,estimated,15:30 America/New_York,6
legacy_futures_only,2000-11-28,False,2000-12-01,,,2000-12-01,2000-12-01,2000-12-01,2000-12-04,estimated_three_federal_business_days_friday_floor,https://www.cftc.gov/MarketReports/CommitmentsofTraders/ReleaseSchedule/index.htm,True,estimated,15:30 America/New_York,3
legacy_futures_only,2000-12-05,False,2000-12-08,,,2000-12-08,2000-12-08,2000-12-08,2000-12-11,estimated_three_federal_business_days_friday_floor,https://www.cftc.gov/MarketReports/CommitmentsofTraders/ReleaseSchedule/index.htm,True,estimated,15:30 America/New_York,3
legacy_futures_only,2000-12-12,False,2000-12-15,,,2000-12-15,2000-12-15,2000-12-15,2000-12-18,estimated_three_federal_business_days_friday_floor,https://www.cftc.gov/MarketReports/CommitmentsofTraders/ReleaseSchedule/index.htm,True,estimated,15:30 America/New_York,3
legacy_futures_only,2000-12-19,False,2000-12-22,,,2000-12-22,2000-12-22,2000-12-22,2000-12-26,estimated_three_federal_business_days_friday_floor,https://www.cftc.gov/MarketReports/CommitmentsofTraders/ReleaseSchedule/index.htm,True,estimated,15:30 America/New_York,3
legacy_futures_only,2000-12-26,False,2000-12-29,,,2000-12-29,2000-12-29,2000-12-29,2001-01-02,estimated_three_federal_business_days_friday_floor,https://www.cftc.gov/MarketReports/CommitmentsofTraders/ReleaseSchedule/index.htm,True,estimated,15:30 America/New_York,3
legacy_futures_only,2001-01-02,False,2001-01-05,,,2001-01-05,2001-01-05,2001-01-05,2001-01-08,estimated_three_federal_business_days_friday_floor,https://www.cftc.gov/MarketReports/CommitmentsofTraders/ReleaseSchedule/index.htm,True,estimated,15:30 America/New_York,3
legacy_futures_only,2001-01-09,False,2001-01-12,,,2001-01-12,2001-01-12,2001-01-12,2001-01-16,estimated_three_federal_business_days_friday_floor,https://www.cftc.gov/MarketReports/CommitmentsofTraders/ReleaseSchedule/index.htm,True,estimated,15:30 America/New_York,3
legacy_futures_only,2001-01-16,False,2001-01-19,,,2001-01-19,2001-01-19,2001-01-19,2001-01-22,estimated_three_federal_business_days_friday_floor,https://www.cftc.gov/MarketReports/CommitmentsofTraders/ReleaseSchedule/index.htm,True,estimated,15:30 America/New_York,3
legacy_futures_only,2001-01-23,False,2001-01-26,,,2001-01-26,2001-01-26,2001-01-26,2001-01-29,estimated_three_federal_business_days_friday_floor,https://www.cftc.gov/MarketReports/CommitmentsofTraders/ReleaseSchedule/index.htm,True,estimated,15:30 America/New_York,3
legacy_futures_only,2001-01-30,False,2001-02-02,,,2001-02-02,2001-02-02,2001-02-02,2001-02-05,estimated_three_federal_business_days_friday_floor,https://www.cftc.gov/MarketReports/CommitmentsofTraders/ReleaseSchedule/index.htm,True,estimated,15:30 America/New_York,3
legacy_futures_only,2001-02-06,False,2001-02-09,,,2001-02-09,2001-02-09,2001-02-09,2001-02-12,estimated_three_federal_business_days_friday_floor,https://www.cftc.gov/MarketReports/CommitmentsofTraders/ReleaseSchedule/index.htm,True,estimated,15:30 America/New_York,3
legacy_futures_only,2001-02-13,False,2001-02-16,,,2001-02-16,2001-02-16,2001-02-16,2001-02-20,estimated_three_federal_business_days_friday_floor,https://www.cftc.gov/MarketReports/CommitmentsofTraders/ReleaseSchedule/index.htm,True,estimated,15:30 America/New_York,3
legacy_futures_only,2001-02-20,False,2001-02-23,,,2001-02-23,2001-02-23,2001-02-23,2001-02-26,estimated_three_federal_business_days_friday_floor,https://www.cftc.gov/MarketReports/CommitmentsofTraders/ReleaseSchedule/index.htm,True,estimated,15:30 America/New_York,3
legacy_futures_only,2001-02-27,False,2001-03-02,,,2001-03-02,2001-03-02,2001-03-02,2001-03-05,estimated_three_federal_business_days_friday_floor,https://www.cftc.gov/MarketReports/CommitmentsofTraders/ReleaseSchedule/index.htm,True,estimated,15:30 America/New_York,3
legacy_futures_only,2001-03-06,False,2001-03-09,,,2001-03-09,2001-03-09,2001-03-09,2001-03-12,estimated_three_federal_business_days_friday_floor,https://www.cftc.gov/MarketReports/CommitmentsofTraders/ReleaseSchedule/index.htm,True,estimated,15:30 America/New_York,3
legacy_futures_only,2001-03-13,False,2001-03-16,,,2001-03-16,2001-03-16,2001-03-16,2001-03-19,estimated_three_federal_business_days_friday_floor,https://www.cftc.gov/MarketReports/CommitmentsofTraders/ReleaseSchedule/index.htm,True,estimated,15:30 America/New_York,3
legacy_futures_only,2001-03-20,False,2001-03-23,,,2001-03-23,2001-03-23,2001-03-23,2001-03-26,estimated_three_federal_business_days_friday_floor,https://www.cftc.gov/MarketReports/CommitmentsofTraders/ReleaseSchedule/index.htm,True,estimated,15:30 America/New_York,3
legacy_futures_only,2001-03-27,False,2001-03-30,,,2001-03-30,2001-03-30,2001-03-30,2001-04-02,estimated_three_federal_business_days_friday_floor,https://www.cftc.gov/MarketReports/CommitmentsofTraders/ReleaseSchedule/index.htm,True,estimated,15:30 America/New_York,3
legacy_futures_only,2001-04-03,False,2001-04-06,,,2001-04-06,2001-04-06,2001-04-06,2001-04-09,estimated_three_federal_business_days_friday_floor,https://www.cftc.gov/MarketReports/CommitmentsofTraders/ReleaseSchedule/index.htm,True,estimated,15:30 America/New_York,3
legacy_futures_only,2001-04-10,False,2001-04-13,,,2001-04-13,2001-04-13,2001-04-13,2001-04-16,estimated_three_federal_business_days_friday_floor,https://www.cftc.gov/MarketReports/CommitmentsofTraders/ReleaseSchedule/index.htm,True,estimated,15:30 America/New_York,3
legacy_futures_only,2001-04-17,False,2001-04-20,,,2001-04-20,2001-04-20,2001-04-20,2001-04-23,estimated_three_federal_business_days_friday_floor,https://www.cftc.gov/MarketReports/CommitmentsofTraders/ReleaseSchedule/index.htm,True,estimated,15:30 America/New_York,3
legacy_futures_only,2001-04-24,False,2001-04-27,,,2001-04-27,2001-04-27,2001-04-27,2001-04-30,estimated_three_federal_business_days_friday_floor,https://www.cftc.gov/MarketReports/CommitmentsofTraders/ReleaseSchedule/index.htm,True,estimated,15:30 America/New_York,3
legacy_futures_only,2001-05-01,False,2001-05-04,,,2001-05-04,2001-05-04,2001-05-04,2001-05-07,estimated_three_federal_business_days_friday_floor,https://www.cftc.gov/MarketReports/CommitmentsofTraders/ReleaseSchedule/index.htm,True,estimated,15:30 America/New_York,3
legacy_futures_only,2001-05-08,False,2001-05-11,,,2001-05-11,2001-05-11,2001-05-11,2001-05-14,estimated_three_federal_business_days_friday_floor,https://www.cftc.gov/MarketReports/CommitmentsofTraders/ReleaseSchedule/index.htm,True,estimated,15:30 America/New_York,3
legacy_futures_only,2001-05-15,False,2001-05-18,,,2001-05-18,2001-05-18,2001-05-18,2001-05-21,estimated_three_federal_business_days_friday_floor,https://www.cftc.gov/MarketReports/CommitmentsofTraders/ReleaseSchedule/index.htm,True,estimated,15:30 America/New_York,3
legacy_futures_only,2001-05-22,False,2001-05-25,,,2001-05-25,2001-05-25,2001-05-25,2001-05-29,estimated_three_federal_business_days_friday_floor,https://www.cftc.gov/MarketReports/CommitmentsofTraders/ReleaseSchedule/index.htm,True,estimated,15:30 America/New_York,3
legacy_futures_only,2001-05-29,False,2001-06-01,,,2001-06-01,2001-06-01,2001-06-01,2001-06-04,estimated_three_federal_business_days_friday_floor,https://www.cftc.gov/MarketReports/CommitmentsofTraders/ReleaseSchedule/index.htm,True,estimated,15:30 America/New_York,3
legacy_futures_only,2001-06-05,False,2001-06-08,,,2001-06-08,2001-06-08,2001-06-08,2001-06-11,estimated_three_federal_business_days_friday_floor,https://www.cftc.gov/MarketReports/CommitmentsofTraders/ReleaseSchedule/index.htm,True,estimated,15:30 America/New_York,3
legacy_futures_only,2001-06-12,False,2001-06-15,,,2001-06-15,2001-06-15,2001-06-15,2001-06-18,estimated_three_federal_business_days_friday_floor,https://www.cftc.gov/MarketReports/CommitmentsofTraders/ReleaseSchedule/index.htm,True,estimated,15:30 America/New_York,3
legacy_futures_only,2001-06-19,False,2001-06-22,,,2001-06-22,2001-06-22,2001-06-22,2001-06-25,estimated_three_federal_business_days_friday_floor,https://www.cftc.gov/MarketReports/CommitmentsofTraders/ReleaseSchedule/index.htm,True,estimated,15:30 America/New_York,3
legacy_futures_only,2001-06-26,False,2001-06-29,,,2001-06-29,2001-06-29,2001-06-29,2001-07-02,estimated_three_federal_business_days_friday_floor,https://www.cftc.gov/MarketReports/CommitmentsofTraders/ReleaseSchedule/index.htm,True,estimated,15:30 America/New_York,3
legacy_futures_only,2001-07-03,False,2001-07-09,,,2001-07-09,2001-07-09,2001-07-09,2001-07-10,estimated_three_federal_business_days_friday_floor,https://www.cftc.gov/MarketReports/CommitmentsofTraders/ReleaseSchedule/index.htm,True,estimated,15:30 America/New_York,6
legacy_futures_only,2001-07-10,False,2001-07-13,,,2001-07-13,2001-07-13,2001-07-13,2001-07-16,estimated_three_federal_business_days_friday_floor,https://www.cftc.gov/MarketReports/CommitmentsofTraders/ReleaseSchedule/index.htm,True,estimated,15:30 America/New_York,3
legacy_futures_only,2001-07-17,False,2001-07-20,,,2001-07-20,2001-07-20,2001-07-20,2001-07-23,estimated_three_federal_business_days_friday_floor,https://www.cftc.gov/MarketReports/CommitmentsofTraders/ReleaseSchedule/index.htm,True,estimated,15:30 America/New_York,3
legacy_futures_only,2001-07-24,False,2001-07-27,,,2001-07-27,2001-07-27,2001-07-27,2001-07-30,estimated_three_federal_business_days_friday_floor,https://www.cftc.gov/MarketReports/CommitmentsofTraders/ReleaseSchedule/index.htm,True,estimated,15:30 America/New_York,3
legacy_futures_only,2001-07-31,False,2001-08-03,,,2001-08-03,2001-08-03,2001-08-03,2001-08-06,estimated_three_federal_business_days_friday_floor,https://www.cftc.gov/MarketReports/CommitmentsofTraders/ReleaseSchedule/index.htm,True,estimated,15:30 America/New_York,3
legacy_futures_only,2001-08-07,False,2001-08-10,,,2001-08-10,2001-08-10,2001-08-10,2001-08-13,estimated_three_federal_business_days_friday_floor,https://www.cftc.gov/MarketReports/CommitmentsofTraders/ReleaseSchedule/index.htm,True,estimated,15:30 America/New_York,3
legacy_futures_only,2001-08-14,False,2001-08-17,,,2001-08-17,2001-08-17,2001-08-17,2001-08-20,estimated_three_federal_business_days_friday_floor,https://www.cftc.gov/MarketReports/CommitmentsofTraders/ReleaseSchedule/index.htm,True,estimated,15:30 America/New_York,3
legacy_futures_only,2001-08-21,False,2001-08-24,,,2001-08-24,2001-08-24,2001-08-24,2001-08-27,estimated_three_federal_business_days_friday_floor,https://www.cftc.gov/MarketReports/CommitmentsofTraders/ReleaseSchedule/index.htm,True,estimated,15:30 America/New_York,3
legacy_futures_only,2001-08-28,False,2001-08-31,,,2001-08-31,2001-08-31,2001-08-31,2001-09-04,estimated_three_federal_business_days_friday_floor,https://www.cftc.gov/MarketReports/CommitmentsofTraders/ReleaseSchedule/index.htm,True,estimated,15:30 America/New_York,3
legacy_futures_only,2001-09-04,False,2001-09-07,,,2001-09-07,2001-09-07,2001-09-07,2001-09-10,estimated_three_federal_business_days_friday_floor,https://www.cftc.gov/MarketReports/CommitmentsofTraders/ReleaseSchedule/index.htm,True,estimated,15:30 America/New_York,3
legacy_futures_only,2001-09-18,False,2001-09-21,,,2001-09-21,2001-09-21,2001-09-21,2001-09-24,estimated_three_federal_business_days_friday_floor,https://www.cftc.gov/MarketReports/CommitmentsofTraders/ReleaseSchedule/index.htm,True,estimated,15:30 America/New_York,3
legacy_futures_only,2001-09-25,False,2001-09-28,,,2001-09-28,2001-09-28,2001-09-28,2001-10-01,estimated_three_federal_business_days_friday_floor,https://www.cftc.gov/MarketReports/CommitmentsofTraders/ReleaseSchedule/index.htm,True,estimated,15:30 America/New_York,3
legacy_futures_only,2001-10-02,False,2001-10-05,,,2001-10-05,2001-10-05,2001-10-05,2001-10-08,estimated_three_federal_business_days_friday_floor,https://www.cftc.gov/MarketReports/CommitmentsofTraders/ReleaseSchedule/index.htm,True,estimated,15:30 America/New_York,3
legacy_futures_only,2001-10-09,False,2001-10-12,,,2001-10-12,2001-10-12,2001-10-12,2001-10-15,estimated_three_federal_business_days_friday_floor,https://www.cftc.gov/MarketReports/CommitmentsofTraders/ReleaseSchedule/index.htm,True,estimated,15:30 America/New_York,3
legacy_futures_only,2001-10-16,False,2001-10-19,,,2001-10-19,2001-10-19,2001-10-19,2001-10-22,estimated_three_federal_business_days_friday_floor,https://www.cftc.gov/MarketReports/CommitmentsofTraders/ReleaseSchedule/index.htm,True,estimated,15:30 America/New_York,3
legacy_futures_only,2001-10-23,False,2001-10-26,,,2001-10-26,2001-10-26,2001-10-26,2001-10-29,estimated_three_federal_business_days_friday_floor,https://www.cftc.gov/MarketReports/CommitmentsofTraders/ReleaseSchedule/index.htm,True,estimated,15:30 America/New_York,3
legacy_futures_only,2001-10-30,False,2001-11-02,,,2001-11-02,2001-11-02,2001-11-02,2001-11-05,estimated_three_federal_business_days_friday_floor,https://www.cftc.gov/MarketReports/CommitmentsofTraders/ReleaseSchedule/index.htm,True,estimated,15:30 America/New_York,3
legacy_futures_only,2001-11-06,False,2001-11-09,,,2001-11-09,2001-11-09,2001-11-09,2001-11-13,estimated_three_federal_business_days_friday_floor,https://www.cftc.gov/MarketReports/CommitmentsofTraders/ReleaseSchedule/index.htm,True,estimated,15:30 America/New_York,3
legacy_futures_only,2001-11-13,False,2001-11-16,,,2001-11-16,2001-11-16,2001-11-16,2001-11-19,estimated_three_federal_business_days_friday_floor,https://www.cftc.gov/MarketReports/CommitmentsofTraders/ReleaseSchedule/index.htm,True,estimated,15:30 America/New_York,3
legacy_futures_only,2001-11-20,False,2001-11-26,,,2001-11-26,2001-11-26,2001-11-26,2001-11-27,estimated_three_federal_business_days_friday_floor,https://www.cftc.gov/MarketReports/CommitmentsofTraders/ReleaseSchedule/index.htm,True,estimated,15:30 America/New_York,6
legacy_futures_only,2001-11-27,False,2001-11-30,,,2001-11-30,2001-11-30,2001-11-30,2001-12-03,estimated_three_federal_business_days_friday_floor,https://www.cftc.gov/MarketReports/CommitmentsofTraders/ReleaseSchedule/index.htm,True,estimated,15:30 America/New_York,3
legacy_futures_only,2001-12-04,False,2001-12-07,,,2001-12-07,2001-12-07,2001-12-07,2001-12-10,estimated_three_federal_business_days_friday_floor,https://www.cftc.gov/MarketReports/CommitmentsofTraders/ReleaseSchedule/index.htm,True,estimated,15:30 America/New_York,3
legacy_futures_only,2001-12-11,False,2001-12-14,,,2001-12-14,2001-12-14,2001-12-14,2001-12-17,estimated_three_federal_business_days_friday_floor,https://www.cftc.gov/MarketReports/CommitmentsofTraders/ReleaseSchedule/index.htm,True,estimated,15:30 America/New_York,3
legacy_futures_only,2001-12-18,False,2001-12-21,,,2001-12-21,2001-12-21,2001-12-21,2001-12-27,estimated_three_federal_business_days_friday_floor,https://www.cftc.gov/MarketReports/CommitmentsofTraders/ReleaseSchedule/index.htm,True,estimated,15:30 America/New_York,3
legacy_futures_only,2001-12-21,False,2001-12-28,,,2001-12-28,2001-12-28,2001-12-28,2002-01-02,estimated_three_federal_business_days_friday_floor,https://www.cftc.gov/MarketReports/CommitmentsofTraders/ReleaseSchedule/index.htm,True,estimated,15:30 America/New_York,7
legacy_futures_only,2001-12-28,False,2002-01-04,,,2002-01-04,2002-01-04,2002-01-04,2002-01-07,estimated_three_federal_business_days_friday_floor,https://www.cftc.gov/MarketReports/CommitmentsofTraders/ReleaseSchedule/index.htm,True,estimated,15:30 America/New_York,7
legacy_futures_only,2002-01-08,False,2002-01-11,,,2002-01-11,2002-01-11,2002-01-11,2002-01-14,estimated_three_federal_business_days_friday_floor,https://www.cftc.gov/MarketReports/CommitmentsofTraders/ReleaseSchedule/index.htm,True,estimated,15:30 America/New_York,3
legacy_futures_only,2002-01-15,False,2002-01-18,,,2002-01-18,2002-01-18,2002-01-18,2002-01-22,estimated_three_federal_business_days_friday_floor,https://www.cftc.gov/MarketReports/CommitmentsofTraders/ReleaseSchedule/index.htm,True,estimated,15:30 America/New_York,3
legacy_futures_only,2002-01-22,False,2002-01-25,,,2002-01-25,2002-01-25,2002-01-25,2002-01-28,estimated_three_federal_business_days_friday_floor,https://www.cftc.gov/MarketReports/CommitmentsofTraders/ReleaseSchedule/index.htm,True,estimated,15:30 America/New_York,3
legacy_futures_only,2002-01-29,False,2002-02-01,,,2002-02-01,2002-02-01,2002-02-01,2002-02-04,estimated_three_federal_business_days_friday_floor,https://www.cftc.gov/MarketReports/CommitmentsofTraders/ReleaseSchedule/index.htm,True,estimated,15:30 America/New_York,3
legacy_futures_only,2002-02-05,False,2002-02-08,,,2002-02-08,2002-02-08,2002-02-08,2002-02-11,estimated_three_federal_business_days_friday_floor,https://www.cftc.gov/MarketReports/CommitmentsofTraders/ReleaseSchedule/index.htm,True,estimated,15:30 America/New_York,3
legacy_futures_only,2002-02-12,False,2002-02-15,,,2002-02-15,2002-02-15,2002-02-15,2002-02-19,estimated_three_federal_business_days_friday_floor,https://www.cftc.gov/MarketReports/CommitmentsofTraders/ReleaseSchedule/index.htm,True,estimated,15:30 America/New_York,3
legacy_futures_only,2002-02-19,False,2002-02-22,,,2002-02-22,2002-02-22,2002-02-22,2002-02-25,estimated_three_federal_business_days_friday_floor,https://www.cftc.gov/MarketReports/CommitmentsofTraders/ReleaseSchedule/index.htm,True,estimated,15:30 America/New_York,3
legacy_futures_only,2002-02-26,False,2002-03-01,,,2002-03-01,2002-03-01,2002-03-01,2002-03-04,estimated_three_federal_business_days_friday_floor,https://www.cftc.gov/MarketReports/CommitmentsofTraders/ReleaseSchedule/index.htm,True,estimated,15:30 America/New_York,3
legacy_futures_only,2002-03-05,False,2002-03-08,,,2002-03-08,2002-03-08,2002-03-08,2002-03-11,estimated_three_federal_business_days_friday_floor,https://www.cftc.gov/MarketReports/CommitmentsofTraders/ReleaseSchedule/index.htm,True,estimated,15:30 America/New_York,3
legacy_futures_only,2002-03-12,False,2002-03-15,,,2002-03-15,2002-03-15,2002-03-15,2002-03-18,estimated_three_federal_business_days_friday_floor,https://www.cftc.gov/MarketReports/CommitmentsofTraders/ReleaseSchedule/index.htm,True,estimated,15:30 America/New_York,3
legacy_futures_only,2002-03-19,False,2002-03-22,,,2002-03-22,2002-03-22,2002-03-22,2002-03-25,estimated_three_federal_business_days_friday_floor,https://www.cftc.gov/MarketReports/CommitmentsofTraders/ReleaseSchedule/index.htm,True,estimated,15:30 America/New_York,3
legacy_futures_only,2002-03-26,False,2002-03-29,,,2002-03-29,2002-03-29,2002-03-29,2002-04-01,estimated_three_federal_business_days_friday_floor,https://www.cftc.gov/MarketReports/CommitmentsofTraders/ReleaseSchedule/index.htm,True,estimated,15:30 America/New_York,3
legacy_futures_only,2002-04-02,False,2002-04-05,,,2002-04-05,2002-04-05,2002-04-05,2002-04-08,estimated_three_federal_business_days_friday_floor,https://www.cftc.gov/MarketReports/CommitmentsofTraders/ReleaseSchedule/index.htm,True,estimated,15:30 America/New_York,3
legacy_futures_only,2002-04-09,False,2002-04-12,,,2002-04-12,2002-04-12,2002-04-12,2002-04-15,estimated_three_federal_business_days_friday_floor,https://www.cftc.gov/MarketReports/CommitmentsofTraders/ReleaseSchedule/index.htm,True,estimated,15:30 America/New_York,3
legacy_futures_only,2002-04-16,False,2002-04-19,,,2002-04-19,2002-04-19,2002-04-19,2002-04-22,estimated_three_federal_business_days_friday_floor,https://www.cftc.gov/MarketReports/CommitmentsofTraders/ReleaseSchedule/index.htm,True,estimated,15:30 America/New_York,3
legacy_futures_only,2002-04-23,False,2002-04-26,,,2002-04-26,2002-04-26,2002-04-26,2002-04-29,estimated_three_federal_business_days_friday_floor,https://www.cftc.gov/MarketReports/CommitmentsofTraders/ReleaseSchedule/index.htm,True,estimated,15:30 America/New_York,3
legacy_futures_only,2002-04-30,False,2002-05-03,,,2002-05-03,2002-05-03,2002-05-03,2002-05-06,estimated_three_federal_business_days_friday_floor,https://www.cftc.gov/MarketReports/CommitmentsofTraders/ReleaseSchedule/index.htm,True,estimated,15:30 America/New_York,3
legacy_futures_only,2002-05-07,False,2002-05-10,,,2002-05-10,2002-05-10,2002-05-10,2002-05-13,estimated_three_federal_business_days_friday_floor,https://www.cftc.gov/MarketReports/CommitmentsofTraders/ReleaseSchedule/index.htm,True,estimated,15:30 America/New_York,3
legacy_futures_only,2002-05-14,False,2002-05-17,,,2002-05-17,2002-05-17,2002-05-17,2002-05-20,estimated_three_federal_business_days_friday_floor,https://www.cftc.gov/MarketReports/CommitmentsofTraders/ReleaseSchedule/index.htm,True,estimated,15:30 America/New_York,3
legacy_futures_only,2002-05-21,False,2002-05-24,,,2002-05-24,2002-05-24,2002-05-24,2002-05-28,estimated_three_federal_business_days_friday_floor,https://www.cftc.gov/MarketReports/CommitmentsofTraders/ReleaseSchedule/index.htm,True,estimated,15:30 America/New_York,3
legacy_futures_only,2002-05-28,False,2002-05-31,,,2002-05-31,2002-05-31,2002-05-31,2002-06-03,estimated_three_federal_business_days_friday_floor,https://www.cftc.gov/MarketReports/CommitmentsofTraders/ReleaseSchedule/index.htm,True,estimated,15:30 America/New_York,3
legacy_futures_only,2002-06-04,False,2002-06-07,,,2002-06-07,2002-06-07,2002-06-07,2002-06-10,estimated_three_federal_business_days_friday_floor,https://www.cftc.gov/MarketReports/CommitmentsofTraders/ReleaseSchedule/index.htm,True,estimated,15:30 America/New_York,3
legacy_futures_only,2002-06-11,False,2002-06-14,,,2002-06-14,2002-06-14,2002-06-14,2002-06-17,estimated_three_federal_business_days_friday_floor,https://www.cftc.gov/MarketReports/CommitmentsofTraders/ReleaseSchedule/index.htm,True,estimated,15:30 America/New_York,3
legacy_futures_only,2002-06-18,False,2002-06-21,,,2002-06-21,2002-06-21,2002-06-21,2002-06-24,estimated_three_federal_business_days_friday_floor,https://www.cftc.gov/MarketReports/CommitmentsofTraders/ReleaseSchedule/index.htm,True,estimated,15:30 America/New_York,3
legacy_futures_only,2002-06-25,False,2002-06-28,,,2002-06-28,2002-06-28,2002-06-28,2002-07-01,estimated_three_federal_business_days_friday_floor,https://www.cftc.gov/MarketReports/CommitmentsofTraders/ReleaseSchedule/index.htm,True,estimated,15:30 America/New_York,3
legacy_futures_only,2002-07-02,False,2002-07-08,,,2002-07-08,2002-07-08,2002-07-08,2002-07-09,estimated_three_federal_business_days_friday_floor,https://www.cftc.gov/MarketReports/CommitmentsofTraders/ReleaseSchedule/index.htm,True,estimated,15:30 America/New_York,6
legacy_futures_only,2002-07-09,False,2002-07-12,,,2002-07-12,2002-07-12,2002-07-12,2002-07-15,estimated_three_federal_business_days_friday_floor,https://www.cftc.gov/MarketReports/CommitmentsofTraders/ReleaseSchedule/index.htm,True,estimated,15:30 America/New_York,3
legacy_futures_only,2002-07-16,False,2002-07-19,,,2002-07-19,2002-07-19,2002-07-19,2002-07-22,estimated_three_federal_business_days_friday_floor,https://www.cftc.gov/MarketReports/CommitmentsofTraders/ReleaseSchedule/index.htm,True,estimated,15:30 America/New_York,3
legacy_futures_only,2002-07-23,False,2002-07-26,,,2002-07-26,2002-07-26,2002-07-26,2002-07-29,estimated_three_federal_business_days_friday_floor,https://www.cftc.gov/MarketReports/CommitmentsofTraders/ReleaseSchedule/index.htm,True,estimated,15:30 America/New_York,3
legacy_futures_only,2002-07-30,False,2002-08-02,,,2002-08-02,2002-08-02,2002-08-02,2002-08-05,estimated_three_federal_business_days_friday_floor,https://www.cftc.gov/MarketReports/CommitmentsofTraders/ReleaseSchedule/index.htm,True,estimated,15:30 America/New_York,3
legacy_futures_only,2002-08-06,False,2002-08-09,,,2002-08-09,2002-08-09,2002-08-09,2002-08-12,estimated_three_federal_business_days_friday_floor,https://www.cftc.gov/MarketReports/CommitmentsofTraders/ReleaseSchedule/index.htm,True,estimated,15:30 America/New_York,3
legacy_futures_only,2002-08-13,False,2002-08-16,,,2002-08-16,2002-08-16,2002-08-16,2002-08-19,estimated_three_federal_business_days_friday_floor,https://www.cftc.gov/MarketReports/CommitmentsofTraders/ReleaseSchedule/index.htm,True,estimated,15:30 America/New_York,3
legacy_futures_only,2002-08-20,False,2002-08-23,,,2002-08-23,2002-08-23,2002-08-23,2002-08-26,estimated_three_federal_business_days_friday_floor,https://www.cftc.gov/MarketReports/CommitmentsofTraders/ReleaseSchedule/index.htm,True,estimated,15:30 America/New_York,3
legacy_futures_only,2002-08-27,False,2002-08-30,,,2002-08-30,2002-08-30,2002-08-30,2002-09-03,estimated_three_federal_business_days_friday_floor,https://www.cftc.gov/MarketReports/CommitmentsofTraders/ReleaseSchedule/index.htm,True,estimated,15:30 America/New_York,3
legacy_futures_only,2002-09-03,False,2002-09-06,,,2002-09-06,2002-09-06,2002-09-06,2002-09-09,estimated_three_federal_business_days_friday_floor,https://www.cftc.gov/MarketReports/CommitmentsofTraders/ReleaseSchedule/index.htm,True,estimated,15:30 America/New_York,3
legacy_futures_only,2002-09-10,False,2002-09-13,,,2002-09-13,2002-09-13,2002-09-13,2002-09-16,estimated_three_federal_business_days_friday_floor,https://www.cftc.gov/MarketReports/CommitmentsofTraders/ReleaseSchedule/index.htm,True,estimated,15:30 America/New_York,3
legacy_futures_only,2002-09-17,False,2002-09-20,,,2002-09-20,2002-09-20,2002-09-20,2002-09-23,estimated_three_federal_business_days_friday_floor,https://www.cftc.gov/MarketReports/CommitmentsofTraders/ReleaseSchedule/index.htm,True,estimated,15:30 America/New_York,3
legacy_futures_only,2002-09-24,False,2002-09-27,,,2002-09-27,2002-09-27,2002-09-27,2002-09-30,estimated_three_federal_business_days_friday_floor,https://www.cftc.gov/MarketReports/CommitmentsofTraders/ReleaseSchedule/index.htm,True,estimated,15:30 America/New_York,3
legacy_futures_only,2002-10-01,False,2002-10-04,,,2002-10-04,2002-10-04,2002-10-04,2002-10-07,estimated_three_federal_business_days_friday_floor,https://www.cftc.gov/MarketReports/CommitmentsofTraders/ReleaseSchedule/index.htm,True,estimated,15:30 America/New_York,3
legacy_futures_only,2002-10-08,False,2002-10-11,,,2002-10-11,2002-10-11,2002-10-11,2002-10-14,estimated_three_federal_business_days_friday_floor,https://www.cftc.gov/MarketReports/CommitmentsofTraders/ReleaseSchedule/index.htm,True,estimated,15:30 America/New_York,3
legacy_futures_only,2002-10-15,False,2002-10-18,,,2002-10-18,2002-10-18,2002-10-18,2002-10-21,estimated_three_federal_business_days_friday_floor,https://www.cftc.gov/MarketReports/CommitmentsofTraders/ReleaseSchedule/index.htm,True,estimated,15:30 America/New_York,3
legacy_futures_only,2002-10-22,False,2002-10-25,,,2002-10-25,2002-10-25,2002-10-25,2002-10-28,estimated_three_federal_business_days_friday_floor,https://www.cftc.gov/MarketReports/CommitmentsofTraders/ReleaseSchedule/index.htm,True,estimated,15:30 America/New_York,3
legacy_futures_only,2002-10-29,False,2002-11-01,,,2002-11-01,2002-11-01,2002-11-01,2002-11-04,estimated_three_federal_business_days_friday_floor,https://www.cftc.gov/MarketReports/CommitmentsofTraders/ReleaseSchedule/index.htm,True,estimated,15:30 America/New_York,3
legacy_futures_only,2002-11-05,False,2002-11-08,,,2002-11-08,2002-11-08,2002-11-08,2002-11-11,estimated_three_federal_business_days_friday_floor,https://www.cftc.gov/MarketReports/CommitmentsofTraders/ReleaseSchedule/index.htm,True,estimated,15:30 America/New_York,3
legacy_futures_only,2002-11-12,False,2002-11-15,,,2002-11-15,2002-11-15,2002-11-15,2002-11-18,estimated_three_federal_business_days_friday_floor,https://www.cftc.gov/MarketReports/CommitmentsofTraders/ReleaseSchedule/index.htm,True,estimated,15:30 America/New_York,3
legacy_futures_only,2002-11-19,False,2002-11-22,,,2002-11-22,2002-11-22,2002-11-22,2002-11-25,estimated_three_federal_business_days_friday_floor,https://www.cftc.gov/MarketReports/CommitmentsofTraders/ReleaseSchedule/index.htm,True,estimated,15:30 America/New_York,3
legacy_futures_only,2002-11-26,False,2002-12-02,,,2002-12-02,2002-12-02,2002-12-02,2002-12-03,estimated_three_federal_business_days_friday_floor,https://www.cftc.gov/MarketReports/CommitmentsofTraders/ReleaseSchedule/index.htm,True,estimated,15:30 America/New_York,6
legacy_futures_only,2002-12-03,False,2002-12-06,,,2002-12-06,2002-12-06,2002-12-06,2002-12-09,estimated_three_federal_business_days_friday_floor,https://www.cftc.gov/MarketReports/CommitmentsofTraders/ReleaseSchedule/index.htm,True,estimated,15:30 America/New_York,3
legacy_futures_only,2002-12-10,False,2002-12-13,,,2002-12-13,2002-12-13,2002-12-13,2002-12-16,estimated_three_federal_business_days_friday_floor,https://www.cftc.gov/MarketReports/CommitmentsofTraders/ReleaseSchedule/index.htm,True,estimated,15:30 America/New_York,3
legacy_futures_only,2002-12-17,False,2002-12-20,,,2002-12-20,2002-12-20,2002-12-20,2002-12-23,estimated_three_federal_business_days_friday_floor,https://www.cftc.gov/MarketReports/CommitmentsofTraders/ReleaseSchedule/index.htm,True,estimated,15:30 America/New_York,3
legacy_futures_only,2002-12-23,False,2002-12-27,,,2002-12-27,2002-12-27,2002-12-27,2002-12-30,estimated_three_federal_business_days_friday_floor,https://www.cftc.gov/MarketReports/CommitmentsofTraders/ReleaseSchedule/index.htm,True,estimated,15:30 America/New_York,4
legacy_futures_only,2002-12-31,False,2003-01-06,,,2003-01-06,2003-01-06,2003-01-06,2003-01-07,estimated_three_federal_business_days_friday_floor,https://www.cftc.gov/MarketReports/CommitmentsofTraders/ReleaseSchedule/index.htm,True,estimated,15:30 America/New_York,6
legacy_futures_only,2003-01-07,False,2003-01-10,,,2003-01-10,2003-01-10,2003-01-10,2003-01-13,estimated_three_federal_business_days_friday_floor,https://www.cftc.gov/MarketReports/CommitmentsofTraders/ReleaseSchedule/index.htm,True,estimated,15:30 America/New_York,3
legacy_futures_only,2003-01-14,False,2003-01-17,,,2003-01-17,2003-01-17,2003-01-17,2003-01-21,estimated_three_federal_business_days_friday_floor,https://www.cftc.gov/MarketReports/CommitmentsofTraders/ReleaseSchedule/index.htm,True,estimated,15:30 America/New_York,3
legacy_futures_only,2003-01-21,False,2003-01-24,,,2003-01-24,2003-01-24,2003-01-24,2003-01-27,estimated_three_federal_business_days_friday_floor,https://www.cftc.gov/MarketReports/CommitmentsofTraders/ReleaseSchedule/index.htm,True,estimated,15:30 America/New_York,3
legacy_futures_only,2003-01-28,False,2003-01-31,,,2003-01-31,2003-01-31,2003-01-31,2003-02-03,estimated_three_federal_business_days_friday_floor,https://www.cftc.gov/MarketReports/CommitmentsofTraders/ReleaseSchedule/index.htm,True,estimated,15:30 America/New_York,3
legacy_futures_only,2003-02-04,False,2003-02-07,,,2003-02-07,2003-02-07,2003-02-07,2003-02-10,estimated_three_federal_business_days_friday_floor,https://www.cftc.gov/MarketReports/CommitmentsofTraders/ReleaseSchedule/index.htm,True,estimated,15:30 America/New_York,3
legacy_futures_only,2003-02-11,False,2003-02-14,,,2003-02-14,2003-02-14,2003-02-14,2003-02-19,estimated_three_federal_business_days_friday_floor,https://www.cftc.gov/MarketReports/CommitmentsofTraders/ReleaseSchedule/index.htm,True,estimated,15:30 America/New_York,3
legacy_futures_only,2003-02-14,False,2003-02-21,,,2003-02-21,2003-02-21,2003-02-21,2003-02-24,estimated_three_federal_business_days_friday_floor,https://www.cftc.gov/MarketReports/CommitmentsofTraders/ReleaseSchedule/index.htm,True,estimated,15:30 America/New_York,7
legacy_futures_only,2003-02-25,False,2003-02-28,,,2003-02-28,2003-02-28,2003-02-28,2003-03-03,estimated_three_federal_business_days_friday_floor,https://www.cftc.gov/MarketReports/CommitmentsofTraders/ReleaseSchedule/index.htm,True,estimated,15:30 America/New_York,3
legacy_futures_only,2003-03-04,False,2003-03-07,,,2003-03-07,2003-03-07,2003-03-07,2003-03-10,estimated_three_federal_business_days_friday_floor,https://www.cftc.gov/MarketReports/CommitmentsofTraders/ReleaseSchedule/index.htm,True,estimated,15:30 America/New_York,3
legacy_futures_only,2003-03-11,False,2003-03-14,,,2003-03-14,2003-03-14,2003-03-14,2003-03-17,estimated_three_federal_business_days_friday_floor,https://www.cftc.gov/MarketReports/CommitmentsofTraders/ReleaseSchedule/index.htm,True,estimated,15:30 America/New_York,3
legacy_futures_only,2003-03-18,False,2003-03-21,,,2003-03-21,2003-03-21,2003-03-21,2003-03-24,estimated_three_federal_business_days_friday_floor,https://www.cftc.gov/MarketReports/CommitmentsofTraders/ReleaseSchedule/index.htm,True,estimated,15:30 America/New_York,3
legacy_futures_only,2003-03-25,False,2003-03-28,,,2003-03-28,2003-03-28,2003-03-28,2003-03-31,estimated_three_federal_business_days_friday_floor,https://www.cftc.gov/MarketReports/CommitmentsofTraders/ReleaseSchedule/index.htm,True,estimated,15:30 America/New_York,3
legacy_futures_only,2003-04-01,False,2003-04-04,,,2003-04-04,2003-04-04,2003-04-04,2003-04-07,estimated_three_federal_business_days_friday_floor,https://www.cftc.gov/MarketReports/CommitmentsofTraders/ReleaseSchedule/index.htm,True,estimated,15:30 America/New_York,3
legacy_futures_only,2003-04-08,False,2003-04-11,,,2003-04-11,2003-04-11,2003-04-11,2003-04-14,estimated_three_federal_business_days_friday_floor,https://www.cftc.gov/MarketReports/CommitmentsofTraders/ReleaseSchedule/index.htm,True,estimated,15:30 America/New_York,3
legacy_futures_only,2003-04-15,False,2003-04-18,,,2003-04-18,2003-04-18,2003-04-18,2003-04-21,estimated_three_federal_business_days_friday_floor,https://www.cftc.gov/MarketReports/CommitmentsofTraders/ReleaseSchedule/index.htm,True,estimated,15:30 America/New_York,3
legacy_futures_only,2003-04-22,False,2003-04-25,,,2003-04-25,2003-04-25,2003-04-25,2003-04-28,estimated_three_federal_business_days_friday_floor,https://www.cftc.gov/MarketReports/CommitmentsofTraders/ReleaseSchedule/index.htm,True,estimated,15:30 America/New_York,3
legacy_futures_only,2003-04-29,False,2003-05-02,,,2003-05-02,2003-05-02,2003-05-02,2003-05-05,estimated_three_federal_business_days_friday_floor,https://www.cftc.gov/MarketReports/CommitmentsofTraders/ReleaseSchedule/index.htm,True,estimated,15:30 America/New_York,3
legacy_futures_only,2003-05-06,False,2003-05-09,,,2003-05-09,2003-05-09,2003-05-09,2003-05-12,estimated_three_federal_business_days_friday_floor,https://www.cftc.gov/MarketReports/CommitmentsofTraders/ReleaseSchedule/index.htm,True,estimated,15:30 America/New_York,3
legacy_futures_only,2003-05-13,False,2003-05-16,,,2003-05-16,2003-05-16,2003-05-16,2003-05-19,estimated_three_federal_business_days_friday_floor,https://www.cftc.gov/MarketReports/CommitmentsofTraders/ReleaseSchedule/index.htm,True,estimated,15:30 America/New_York,3
legacy_futures_only,2003-05-20,False,2003-05-23,,,2003-05-23,2003-05-23,2003-05-23,2003-05-27,estimated_three_federal_business_days_friday_floor,https://www.cftc.gov/MarketReports/CommitmentsofTraders/ReleaseSchedule/index.htm,True,estimated,15:30 America/New_York,3
legacy_futures_only,2003-05-27,False,2003-05-30,,,2003-05-30,2003-05-30,2003-05-30,2003-06-02,estimated_three_federal_business_days_friday_floor,https://www.cftc.gov/MarketReports/CommitmentsofTraders/ReleaseSchedule/index.htm,True,estimated,15:30 America/New_York,3
legacy_futures_only,2003-06-03,False,2003-06-06,,,2003-06-06,2003-06-06,2003-06-06,2003-06-09,estimated_three_federal_business_days_friday_floor,https://www.cftc.gov/MarketReports/CommitmentsofTraders/ReleaseSchedule/index.htm,True,estimated,15:30 America/New_York,3
legacy_futures_only,2003-06-10,False,2003-06-13,,,2003-06-13,2003-06-13,2003-06-13,2003-06-16,estimated_three_federal_business_days_friday_floor,https://www.cftc.gov/MarketReports/CommitmentsofTraders/ReleaseSchedule/index.htm,True,estimated,15:30 America/New_York,3
legacy_futures_only,2003-06-17,False,2003-06-20,,,2003-06-20,2003-06-20,2003-06-20,2003-06-23,estimated_three_federal_business_days_friday_floor,https://www.cftc.gov/MarketReports/CommitmentsofTraders/ReleaseSchedule/index.htm,True,estimated,15:30 America/New_York,3
legacy_futures_only,2003-06-24,False,2003-06-27,,,2003-06-27,2003-06-27,2003-06-27,2003-06-30,estimated_three_federal_business_days_friday_floor,https://www.cftc.gov/MarketReports/CommitmentsofTraders/ReleaseSchedule/index.htm,True,estimated,15:30 America/New_York,3
legacy_futures_only,2003-07-01,False,2003-07-07,,,2003-07-07,2003-07-07,2003-07-07,2003-07-08,estimated_three_federal_business_days_friday_floor,https://www.cftc.gov/MarketReports/CommitmentsofTraders/ReleaseSchedule/index.htm,True,estimated,15:30 America/New_York,6
legacy_futures_only,2003-07-08,False,2003-07-11,,,2003-07-11,2003-07-11,2003-07-11,2003-07-14,estimated_three_federal_business_days_friday_floor,https://www.cftc.gov/MarketReports/CommitmentsofTraders/ReleaseSchedule/index.htm,True,estimated,15:30 America/New_York,3
legacy_futures_only,2003-07-15,False,2003-07-18,,,2003-07-18,2003-07-18,2003-07-18,2003-07-21,estimated_three_federal_business_days_friday_floor,https://www.cftc.gov/MarketReports/CommitmentsofTraders/ReleaseSchedule/index.htm,True,estimated,15:30 America/New_York,3
legacy_futures_only,2003-07-22,False,2003-07-25,,,2003-07-25,2003-07-25,2003-07-25,2003-07-28,estimated_three_federal_business_days_friday_floor,https://www.cftc.gov/MarketReports/CommitmentsofTraders/ReleaseSchedule/index.htm,True,estimated,15:30 America/New_York,3
legacy_futures_only,2003-07-29,False,2003-08-01,,,2003-08-01,2003-08-01,2003-08-01,2003-08-04,estimated_three_federal_business_days_friday_floor,https://www.cftc.gov/MarketReports/CommitmentsofTraders/ReleaseSchedule/index.htm,True,estimated,15:30 America/New_York,3
legacy_futures_only,2003-08-05,False,2003-08-08,,,2003-08-08,2003-08-08,2003-08-08,2003-08-11,estimated_three_federal_business_days_friday_floor,https://www.cftc.gov/MarketReports/CommitmentsofTraders/ReleaseSchedule/index.htm,True,estimated,15:30 America/New_York,3
legacy_futures_only,2003-08-12,False,2003-08-15,,,2003-08-15,2003-08-15,2003-08-15,2003-08-18,estimated_three_federal_business_days_friday_floor,https://www.cftc.gov/MarketReports/CommitmentsofTraders/ReleaseSchedule/index.htm,True,estimated,15:30 America/New_York,3
legacy_futures_only,2003-08-19,False,2003-08-22,,,2003-08-22,2003-08-22,2003-08-22,2003-08-25,estimated_three_federal_business_days_friday_floor,https://www.cftc.gov/MarketReports/CommitmentsofTraders/ReleaseSchedule/index.htm,True,estimated,15:30 America/New_York,3
legacy_futures_only,2003-08-26,False,2003-08-29,,,2003-08-29,2003-08-29,2003-08-29,2003-09-02,estimated_three_federal_business_days_friday_floor,https://www.cftc.gov/MarketReports/CommitmentsofTraders/ReleaseSchedule/index.htm,True,estimated,15:30 America/New_York,3
legacy_futures_only,2003-09-02,False,2003-09-05,,,2003-09-05,2003-09-05,2003-09-05,2003-09-08,estimated_three_federal_business_days_friday_floor,https://www.cftc.gov/MarketReports/CommitmentsofTraders/ReleaseSchedule/index.htm,True,estimated,15:30 America/New_York,3
legacy_futures_only,2003-09-09,False,2003-09-12,,,2003-09-12,2003-09-12,2003-09-12,2003-09-15,estimated_three_federal_business_days_friday_floor,https://www.cftc.gov/MarketReports/CommitmentsofTraders/ReleaseSchedule/index.htm,True,estimated,15:30 America/New_York,3
legacy_futures_only,2003-09-16,False,2003-09-19,,,2003-09-19,2003-09-19,2003-09-19,2003-09-22,estimated_three_federal_business_days_friday_floor,https://www.cftc.gov/MarketReports/CommitmentsofTraders/ReleaseSchedule/index.htm,True,estimated,15:30 America/New_York,3
legacy_futures_only,2003-09-23,False,2003-09-26,,,2003-09-26,2003-09-26,2003-09-26,2003-09-29,estimated_three_federal_business_days_friday_floor,https://www.cftc.gov/MarketReports/CommitmentsofTraders/ReleaseSchedule/index.htm,True,estimated,15:30 America/New_York,3
legacy_futures_only,2003-09-30,False,2003-10-03,,,2003-10-03,2003-10-03,2003-10-03,2003-10-06,estimated_three_federal_business_days_friday_floor,https://www.cftc.gov/MarketReports/CommitmentsofTraders/ReleaseSchedule/index.htm,True,estimated,15:30 America/New_York,3
legacy_futures_only,2003-10-07,False,2003-10-10,,,2003-10-10,2003-10-10,2003-10-10,2003-10-13,estimated_three_federal_business_days_friday_floor,https://www.cftc.gov/MarketReports/CommitmentsofTraders/ReleaseSchedule/index.htm,True,estimated,15:30 America/New_York,3
legacy_futures_only,2003-10-14,False,2003-10-17,,,2003-10-17,2003-10-17,2003-10-17,2003-10-20,estimated_three_federal_business_days_friday_floor,https://www.cftc.gov/MarketReports/CommitmentsofTraders/ReleaseSchedule/index.htm,True,estimated,15:30 America/New_York,3
legacy_futures_only,2003-10-21,False,2003-10-24,,,2003-10-24,2003-10-24,2003-10-24,2003-10-27,estimated_three_federal_business_days_friday_floor,https://www.cftc.gov/MarketReports/CommitmentsofTraders/ReleaseSchedule/index.htm,True,estimated,15:30 America/New_York,3
legacy_futures_only,2003-10-28,False,2003-10-31,,,2003-10-31,2003-10-31,2003-10-31,2003-11-03,estimated_three_federal_business_days_friday_floor,https://www.cftc.gov/MarketReports/CommitmentsofTraders/ReleaseSchedule/index.htm,True,estimated,15:30 America/New_York,3
legacy_futures_only,2003-11-04,False,2003-11-07,,,2003-11-07,2003-11-07,2003-11-07,2003-11-10,estimated_three_federal_business_days_friday_floor,https://www.cftc.gov/MarketReports/CommitmentsofTraders/ReleaseSchedule/index.htm,True,estimated,15:30 America/New_York,3
legacy_futures_only,2003-11-11,False,2003-11-14,,,2003-11-14,2003-11-14,2003-11-14,2003-11-17,estimated_three_federal_business_days_friday_floor,https://www.cftc.gov/MarketReports/CommitmentsofTraders/ReleaseSchedule/index.htm,True,estimated,15:30 America/New_York,3
legacy_futures_only,2003-11-18,False,2003-11-21,,,2003-11-21,2003-11-21,2003-11-21,2003-11-24,estimated_three_federal_business_days_friday_floor,https://www.cftc.gov/MarketReports/CommitmentsofTraders/ReleaseSchedule/index.htm,True,estimated,15:30 America/New_York,3
legacy_futures_only,2003-11-25,False,2003-12-01,,,2003-12-01,2003-12-01,2003-12-01,2003-12-02,estimated_three_federal_business_days_friday_floor,https://www.cftc.gov/MarketReports/CommitmentsofTraders/ReleaseSchedule/index.htm,True,estimated,15:30 America/New_York,6
legacy_futures_only,2003-12-02,False,2003-12-05,,,2003-12-05,2003-12-05,2003-12-05,2003-12-08,estimated_three_federal_business_days_friday_floor,https://www.cftc.gov/MarketReports/CommitmentsofTraders/ReleaseSchedule/index.htm,True,estimated,15:30 America/New_York,3
legacy_futures_only,2003-12-09,False,2003-12-12,,,2003-12-12,2003-12-12,2003-12-12,2003-12-15,estimated_three_federal_business_days_friday_floor,https://www.cftc.gov/MarketReports/CommitmentsofTraders/ReleaseSchedule/index.htm,True,estimated,15:30 America/New_York,3
legacy_futures_only,2003-12-16,False,2003-12-19,,,2003-12-19,2003-12-19,2003-12-19,2003-12-22,estimated_three_federal_business_days_friday_floor,https://www.cftc.gov/MarketReports/CommitmentsofTraders/ReleaseSchedule/index.htm,True,estimated,15:30 America/New_York,3
legacy_futures_only,2003-12-22,False,2003-12-26,,,2003-12-26,2003-12-26,2003-12-26,2003-12-29,estimated_three_federal_business_days_friday_floor,https://www.cftc.gov/MarketReports/CommitmentsofTraders/ReleaseSchedule/index.htm,True,estimated,15:30 America/New_York,4
legacy_futures_only,2003-12-30,False,2004-01-05,,,2004-01-05,2004-01-05,2004-01-05,2004-01-06,estimated_three_federal_business_days_friday_floor,https://www.cftc.gov/MarketReports/CommitmentsofTraders/ReleaseSchedule/index.htm,True,estimated,15:30 America/New_York,6
legacy_futures_only,2004-01-06,False,2004-01-09,,,2004-01-09,2004-01-09,2004-01-09,2004-01-12,estimated_three_federal_business_days_friday_floor,https://www.cftc.gov/MarketReports/CommitmentsofTraders/ReleaseSchedule/index.htm,True,estimated,15:30 America/New_York,3
legacy_futures_only,2004-01-13,False,2004-01-16,,,2004-01-16,2004-01-16,2004-01-16,2004-01-20,estimated_three_federal_business_days_friday_floor,https://www.cftc.gov/MarketReports/CommitmentsofTraders/ReleaseSchedule/index.htm,True,estimated,15:30 America/New_York,3
legacy_futures_only,2004-01-20,False,2004-01-23,,,2004-01-23,2004-01-23,2004-01-23,2004-01-26,estimated_three_federal_business_days_friday_floor,https://www.cftc.gov/MarketReports/CommitmentsofTraders/ReleaseSchedule/index.htm,True,estimated,15:30 America/New_York,3
legacy_futures_only,2004-01-27,False,2004-01-30,,,2004-01-30,2004-01-30,2004-01-30,2004-02-02,estimated_three_federal_business_days_friday_floor,https://www.cftc.gov/MarketReports/CommitmentsofTraders/ReleaseSchedule/index.htm,True,estimated,15:30 America/New_York,3
legacy_futures_only,2004-02-03,False,2004-02-06,,,2004-02-06,2004-02-06,2004-02-06,2004-02-09,estimated_three_federal_business_days_friday_floor,https://www.cftc.gov/MarketReports/CommitmentsofTraders/ReleaseSchedule/index.htm,True,estimated,15:30 America/New_York,3
legacy_futures_only,2004-02-10,False,2004-02-13,,,2004-02-13,2004-02-13,2004-02-13,2004-02-17,estimated_three_federal_business_days_friday_floor,https://www.cftc.gov/MarketReports/CommitmentsofTraders/ReleaseSchedule/index.htm,True,estimated,15:30 America/New_York,3
legacy_futures_only,2004-02-17,False,2004-02-20,,,2004-02-20,2004-02-20,2004-02-20,2004-02-23,estimated_three_federal_business_days_friday_floor,https://www.cftc.gov/MarketReports/CommitmentsofTraders/ReleaseSchedule/index.htm,True,estimated,15:30 America/New_York,3
legacy_futures_only,2004-02-24,False,2004-02-27,,,2004-02-27,2004-02-27,2004-02-27,2004-03-01,estimated_three_federal_business_days_friday_floor,https://www.cftc.gov/MarketReports/CommitmentsofTraders/ReleaseSchedule/index.htm,True,estimated,15:30 America/New_York,3
legacy_futures_only,2004-03-02,False,2004-03-05,,,2004-03-05,2004-03-05,2004-03-05,2004-03-08,estimated_three_federal_business_days_friday_floor,https://www.cftc.gov/MarketReports/CommitmentsofTraders/ReleaseSchedule/index.htm,True,estimated,15:30 America/New_York,3
legacy_futures_only,2004-03-09,False,2004-03-12,,,2004-03-12,2004-03-12,2004-03-12,2004-03-15,estimated_three_federal_business_days_friday_floor,https://www.cftc.gov/MarketReports/CommitmentsofTraders/ReleaseSchedule/index.htm,True,estimated,15:30 America/New_York,3
legacy_futures_only,2004-03-16,False,2004-03-19,,,2004-03-19,2004-03-19,2004-03-19,2004-03-22,estimated_three_federal_business_days_friday_floor,https://www.cftc.gov/MarketReports/CommitmentsofTraders/ReleaseSchedule/index.htm,True,estimated,15:30 America/New_York,3
legacy_futures_only,2004-03-23,False,2004-03-26,,,2004-03-26,2004-03-26,2004-03-26,2004-03-29,estimated_three_federal_business_days_friday_floor,https://www.cftc.gov/MarketReports/CommitmentsofTraders/ReleaseSchedule/index.htm,True,estimated,15:30 America/New_York,3
legacy_futures_only,2004-03-30,False,2004-04-02,,,2004-04-02,2004-04-02,2004-04-02,2004-04-05,estimated_three_federal_business_days_friday_floor,https://www.cftc.gov/MarketReports/CommitmentsofTraders/ReleaseSchedule/index.htm,True,estimated,15:30 America/New_York,3
legacy_futures_only,2004-04-06,False,2004-04-09,,,2004-04-09,2004-04-09,2004-04-09,2004-04-12,estimated_three_federal_business_days_friday_floor,https://www.cftc.gov/MarketReports/CommitmentsofTraders/ReleaseSchedule/index.htm,True,estimated,15:30 America/New_York,3
legacy_futures_only,2004-04-12,False,2004-04-16,,,2004-04-16,2004-04-16,2004-04-16,2004-04-19,estimated_three_federal_business_days_friday_floor,https://www.cftc.gov/MarketReports/CommitmentsofTraders/ReleaseSchedule/index.htm,True,estimated,15:30 America/New_York,4
legacy_futures_only,2004-04-20,False,2004-04-23,,,2004-04-23,2004-04-23,2004-04-23,2004-04-26,estimated_three_federal_business_days_friday_floor,https://www.cftc.gov/MarketReports/CommitmentsofTraders/ReleaseSchedule/index.htm,True,estimated,15:30 America/New_York,3
legacy_futures_only,2004-04-27,False,2004-04-30,,,2004-04-30,2004-04-30,2004-04-30,2004-05-03,estimated_three_federal_business_days_friday_floor,https://www.cftc.gov/MarketReports/CommitmentsofTraders/ReleaseSchedule/index.htm,True,estimated,15:30 America/New_York,3
legacy_futures_only,2004-05-04,False,2004-05-07,,,2004-05-07,2004-05-07,2004-05-07,2004-05-10,estimated_three_federal_business_days_friday_floor,https://www.cftc.gov/MarketReports/CommitmentsofTraders/ReleaseSchedule/index.htm,True,estimated,15:30 America/New_York,3
legacy_futures_only,2004-05-11,False,2004-05-14,,,2004-05-14,2004-05-14,2004-05-14,2004-05-17,estimated_three_federal_business_days_friday_floor,https://www.cftc.gov/MarketReports/CommitmentsofTraders/ReleaseSchedule/index.htm,True,estimated,15:30 America/New_York,3
legacy_futures_only,2004-05-18,False,2004-05-21,,,2004-05-21,2004-05-21,2004-05-21,2004-05-24,estimated_three_federal_business_days_friday_floor,https://www.cftc.gov/MarketReports/CommitmentsofTraders/ReleaseSchedule/index.htm,True,estimated,15:30 America/New_York,3
legacy_futures_only,2004-05-25,False,2004-05-28,,,2004-05-28,2004-05-28,2004-05-28,2004-06-01,estimated_three_federal_business_days_friday_floor,https://www.cftc.gov/MarketReports/CommitmentsofTraders/ReleaseSchedule/index.htm,True,estimated,15:30 America/New_York,3
legacy_futures_only,2004-06-01,False,2004-06-04,,,2004-06-04,2004-06-04,2004-06-04,2004-06-07,estimated_three_federal_business_days_friday_floor,https://www.cftc.gov/MarketReports/CommitmentsofTraders/ReleaseSchedule/index.htm,True,estimated,15:30 America/New_York,3
legacy_futures_only,2004-06-08,False,2004-06-14,,,2004-06-14,2004-06-14,2004-06-14,2004-06-15,estimated_three_federal_business_days_friday_floor,https://www.cftc.gov/MarketReports/CommitmentsofTraders/ReleaseSchedule/index.htm,True,estimated,15:30 America/New_York,6
legacy_futures_only,2004-06-15,False,2004-06-18,,,2004-06-18,2004-06-18,2004-06-18,2004-06-21,estimated_three_federal_business_days_friday_floor,https://www.cftc.gov/MarketReports/CommitmentsofTraders/ReleaseSchedule/index.htm,True,estimated,15:30 America/New_York,3
legacy_futures_only,2004-06-22,False,2004-06-25,,,2004-06-25,2004-06-25,2004-06-25,2004-06-28,estimated_three_federal_business_days_friday_floor,https://www.cftc.gov/MarketReports/CommitmentsofTraders/ReleaseSchedule/index.htm,True,estimated,15:30 America/New_York,3
legacy_futures_only,2004-06-29,False,2004-07-02,,,2004-07-02,2004-07-02,2004-07-02,2004-07-06,estimated_three_federal_business_days_friday_floor,https://www.cftc.gov/MarketReports/CommitmentsofTraders/ReleaseSchedule/index.htm,True,estimated,15:30 America/New_York,3
legacy_futures_only,2004-07-06,False,2004-07-09,,,2004-07-09,2004-07-09,2004-07-09,2004-07-12,estimated_three_federal_business_days_friday_floor,https://www.cftc.gov/MarketReports/CommitmentsofTraders/ReleaseSchedule/index.htm,True,estimated,15:30 America/New_York,3
legacy_futures_only,2004-07-13,False,2004-07-16,,,2004-07-16,2004-07-16,2004-07-16,2004-07-19,estimated_three_federal_business_days_friday_floor,https://www.cftc.gov/MarketReports/CommitmentsofTraders/ReleaseSchedule/index.htm,True,estimated,15:30 America/New_York,3
legacy_futures_only,2004-07-20,False,2004-07-23,,,2004-07-23,2004-07-23,2004-07-23,2004-07-26,estimated_three_federal_business_days_friday_floor,https://www.cftc.gov/MarketReports/CommitmentsofTraders/ReleaseSchedule/index.htm,True,estimated,15:30 America/New_York,3
legacy_futures_only,2004-07-27,False,2004-07-30,,,2004-07-30,2004-07-30,2004-07-30,2004-08-02,estimated_three_federal_business_days_friday_floor,https://www.cftc.gov/MarketReports/CommitmentsofTraders/ReleaseSchedule/index.htm,True,estimated,15:30 America/New_York,3
legacy_futures_only,2004-08-03,False,2004-08-06,,,2004-08-06,2004-08-06,2004-08-06,2004-08-09,estimated_three_federal_business_days_friday_floor,https://www.cftc.gov/MarketReports/CommitmentsofTraders/ReleaseSchedule/index.htm,True,estimated,15:30 America/New_York,3
legacy_futures_only,2004-08-10,False,2004-08-13,,,2004-08-13,2004-08-13,2004-08-13,2004-08-16,estimated_three_federal_business_days_friday_floor,https://www.cftc.gov/MarketReports/CommitmentsofTraders/ReleaseSchedule/index.htm,True,estimated,15:30 America/New_York,3
legacy_futures_only,2004-08-17,False,2004-08-20,,,2004-08-20,2004-08-20,2004-08-20,2004-08-23,estimated_three_federal_business_days_friday_floor,https://www.cftc.gov/MarketReports/CommitmentsofTraders/ReleaseSchedule/index.htm,True,estimated,15:30 America/New_York,3
legacy_futures_only,2004-08-24,False,2004-08-27,,,2004-08-27,2004-08-27,2004-08-27,2004-08-30,estimated_three_federal_business_days_friday_floor,https://www.cftc.gov/MarketReports/CommitmentsofTraders/ReleaseSchedule/index.htm,True,estimated,15:30 America/New_York,3
legacy_futures_only,2004-08-31,False,2004-09-03,,,2004-09-03,2004-09-03,2004-09-03,2004-09-07,estimated_three_federal_business_days_friday_floor,https://www.cftc.gov/MarketReports/CommitmentsofTraders/ReleaseSchedule/index.htm,True,estimated,15:30 America/New_York,3
legacy_futures_only,2004-09-07,False,2004-09-10,,,2004-09-10,2004-09-10,2004-09-10,2004-09-13,estimated_three_federal_business_days_friday_floor,https://www.cftc.gov/MarketReports/CommitmentsofTraders/ReleaseSchedule/index.htm,True,estimated,15:30 America/New_York,3
legacy_futures_only,2004-09-14,False,2004-09-17,,,2004-09-17,2004-09-17,2004-09-17,2004-09-20,estimated_three_federal_business_days_friday_floor,https://www.cftc.gov/MarketReports/CommitmentsofTraders/ReleaseSchedule/index.htm,True,estimated,15:30 America/New_York,3
legacy_futures_only,2004-09-21,False,2004-09-24,,,2004-09-24,2004-09-24,2004-09-24,2004-09-27,estimated_three_federal_business_days_friday_floor,https://www.cftc.gov/MarketReports/CommitmentsofTraders/ReleaseSchedule/index.htm,True,estimated,15:30 America/New_York,3
legacy_futures_only,2004-09-28,False,2004-10-01,,,2004-10-01,2004-10-01,2004-10-01,2004-10-04,estimated_three_federal_business_days_friday_floor,https://www.cftc.gov/MarketReports/CommitmentsofTraders/ReleaseSchedule/index.htm,True,estimated,15:30 America/New_York,3
legacy_futures_only,2004-10-05,False,2004-10-08,,,2004-10-08,2004-10-08,2004-10-08,2004-10-11,estimated_three_federal_business_days_friday_floor,https://www.cftc.gov/MarketReports/CommitmentsofTraders/ReleaseSchedule/index.htm,True,estimated,15:30 America/New_York,3
legacy_futures_only,2004-10-12,False,2004-10-15,,,2004-10-15,2004-10-15,2004-10-15,2004-10-18,estimated_three_federal_business_days_friday_floor,https://www.cftc.gov/MarketReports/CommitmentsofTraders/ReleaseSchedule/index.htm,True,estimated,15:30 America/New_York,3
legacy_futures_only,2004-10-19,False,2004-10-22,,,2004-10-22,2004-10-22,2004-10-22,2004-10-25,estimated_three_federal_business_days_friday_floor,https://www.cftc.gov/MarketReports/CommitmentsofTraders/ReleaseSchedule/index.htm,True,estimated,15:30 America/New_York,3
legacy_futures_only,2004-10-26,False,2004-10-29,,,2004-10-29,2004-10-29,2004-10-29,2004-11-01,estimated_three_federal_business_days_friday_floor,https://www.cftc.gov/MarketReports/CommitmentsofTraders/ReleaseSchedule/index.htm,True,estimated,15:30 America/New_York,3
legacy_futures_only,2004-11-02,False,2004-11-05,,,2004-11-05,2004-11-05,2004-11-05,2004-11-08,estimated_three_federal_business_days_friday_floor,https://www.cftc.gov/MarketReports/CommitmentsofTraders/ReleaseSchedule/index.htm,True,estimated,15:30 America/New_York,3
legacy_futures_only,2004-11-09,False,2004-11-15,,,2004-11-15,2004-11-15,2004-11-15,2004-11-16,estimated_three_federal_business_days_friday_floor,https://www.cftc.gov/MarketReports/CommitmentsofTraders/ReleaseSchedule/index.htm,True,estimated,15:30 America/New_York,6
legacy_futures_only,2004-11-16,False,2004-11-19,,,2004-11-19,2004-11-19,2004-11-19,2004-11-22,estimated_three_federal_business_days_friday_floor,https://www.cftc.gov/MarketReports/CommitmentsofTraders/ReleaseSchedule/index.htm,True,estimated,15:30 America/New_York,3
legacy_futures_only,2004-11-23,False,2004-11-29,,,2004-11-29,2004-11-29,2004-11-29,2004-11-30,estimated_three_federal_business_days_friday_floor,https://www.cftc.gov/MarketReports/CommitmentsofTraders/ReleaseSchedule/index.htm,True,estimated,15:30 America/New_York,6
legacy_futures_only,2004-11-30,False,2004-12-03,,,2004-12-03,2004-12-03,2004-12-03,2004-12-06,estimated_three_federal_business_days_friday_floor,https://www.cftc.gov/MarketReports/CommitmentsofTraders/ReleaseSchedule/index.htm,True,estimated,15:30 America/New_York,3
legacy_futures_only,2004-12-07,False,2004-12-10,,,2004-12-10,2004-12-10,2004-12-10,2004-12-13,estimated_three_federal_business_days_friday_floor,https://www.cftc.gov/MarketReports/CommitmentsofTraders/ReleaseSchedule/index.htm,True,estimated,15:30 America/New_York,3
legacy_futures_only,2004-12-14,False,2004-12-17,,,2004-12-17,2004-12-17,2004-12-17,2004-12-20,estimated_three_federal_business_days_friday_floor,https://www.cftc.gov/MarketReports/CommitmentsofTraders/ReleaseSchedule/index.htm,True,estimated,15:30 America/New_York,3
legacy_futures_only,2004-12-21,False,2004-12-27,,,2004-12-27,2004-12-27,2004-12-27,2004-12-28,estimated_three_federal_business_days_friday_floor,https://www.cftc.gov/MarketReports/CommitmentsofTraders/ReleaseSchedule/index.htm,True,estimated,15:30 America/New_York,6
legacy_futures_only,2004-12-28,False,2005-01-03,,,2005-01-03,2005-01-03,2005-01-03,2005-01-04,estimated_three_federal_business_days_friday_floor,https://www.cftc.gov/MarketReports/CommitmentsofTraders/ReleaseSchedule/index.htm,True,estimated,15:30 America/New_York,6
legacy_futures_only,2005-01-04,False,2005-01-07,,,2005-01-07,2005-01-07,2005-01-07,2005-01-10,estimated_three_federal_business_days_friday_floor,https://www.cftc.gov/MarketReports/CommitmentsofTraders/ReleaseSchedule/index.htm,True,estimated,15:30 America/New_York,3
legacy_futures_only,2005-01-11,False,2005-01-14,,,2005-01-14,2005-01-14,2005-01-14,2005-01-18,estimated_three_federal_business_days_friday_floor,https://www.cftc.gov/MarketReports/CommitmentsofTraders/ReleaseSchedule/index.htm,True,estimated,15:30 America/New_York,3
legacy_futures_only,2005-01-18,False,2005-01-21,,,2005-01-21,2005-01-21,2005-01-21,2005-01-24,estimated_three_federal_business_days_friday_floor,https://www.cftc.gov/MarketReports/CommitmentsofTraders/ReleaseSchedule/index.htm,True,estimated,15:30 America/New_York,3
legacy_futures_only,2005-01-25,False,2005-01-28,,,2005-01-28,2005-01-28,2005-01-28,2005-01-31,estimated_three_federal_business_days_friday_floor,https://www.cftc.gov/MarketReports/CommitmentsofTraders/ReleaseSchedule/index.htm,True,estimated,15:30 America/New_York,3
legacy_futures_only,2005-02-01,False,2005-02-04,,,2005-02-04,2005-02-04,2005-02-04,2005-02-07,estimated_three_federal_business_days_friday_floor,https://www.cftc.gov/MarketReports/CommitmentsofTraders/ReleaseSchedule/index.htm,True,estimated,15:30 America/New_York,3
legacy_futures_only,2005-02-08,False,2005-02-11,,,2005-02-11,2005-02-11,2005-02-11,2005-02-14,estimated_three_federal_business_days_friday_floor,https://www.cftc.gov/MarketReports/CommitmentsofTraders/ReleaseSchedule/index.htm,True,estimated,15:30 America/New_York,3
legacy_futures_only,2005-02-15,False,2005-02-18,,,2005-02-18,2005-02-18,2005-02-18,2005-02-22,estimated_three_federal_business_days_friday_floor,https://www.cftc.gov/MarketReports/CommitmentsofTraders/ReleaseSchedule/index.htm,True,estimated,15:30 America/New_York,3
legacy_futures_only,2005-02-22,False,2005-02-25,,,2005-02-25,2005-02-25,2005-02-25,2005-02-28,estimated_three_federal_business_days_friday_floor,https://www.cftc.gov/MarketReports/CommitmentsofTraders/ReleaseSchedule/index.htm,True,estimated,15:30 America/New_York,3
legacy_futures_only,2005-03-01,False,2005-03-04,,,2005-03-04,2005-03-04,2005-03-04,2005-03-07,estimated_three_federal_business_days_friday_floor,https://www.cftc.gov/MarketReports/CommitmentsofTraders/ReleaseSchedule/index.htm,True,estimated,15:30 America/New_York,3
legacy_futures_only,2005-03-08,False,2005-03-11,,,2005-03-11,2005-03-11,2005-03-11,2005-03-14,estimated_three_federal_business_days_friday_floor,https://www.cftc.gov/MarketReports/CommitmentsofTraders/ReleaseSchedule/index.htm,True,estimated,15:30 America/New_York,3
legacy_futures_only,2005-03-15,False,2005-03-18,,,2005-03-18,2005-03-18,2005-03-18,2005-03-21,estimated_three_federal_business_days_friday_floor,https://www.cftc.gov/MarketReports/CommitmentsofTraders/ReleaseSchedule/index.htm,True,estimated,15:30 America/New_York,3
legacy_futures_only,2005-03-22,False,2005-03-25,,,2005-03-25,2005-03-25,2005-03-25,2005-03-28,estimated_three_federal_business_days_friday_floor,https://www.cftc.gov/MarketReports/CommitmentsofTraders/ReleaseSchedule/index.htm,True,estimated,15:30 America/New_York,3
legacy_futures_only,2005-03-29,False,2005-04-01,,,2005-04-01,2005-04-01,2005-04-01,2005-04-04,estimated_three_federal_business_days_friday_floor,https://www.cftc.gov/MarketReports/CommitmentsofTraders/ReleaseSchedule/index.htm,True,estimated,15:30 America/New_York,3
legacy_futures_only,2005-04-05,False,2005-04-08,,,2005-04-08,2005-04-08,2005-04-08,2005-04-11,estimated_three_federal_business_days_friday_floor,https://www.cftc.gov/MarketReports/CommitmentsofTraders/ReleaseSchedule/index.htm,True,estimated,15:30 America/New_York,3
legacy_futures_only,2005-04-12,False,2005-04-15,,,2005-04-15,2005-04-15,2005-04-15,2005-04-18,estimated_three_federal_business_days_friday_floor,https://www.cftc.gov/MarketReports/CommitmentsofTraders/ReleaseSchedule/index.htm,True,estimated,15:30 America/New_York,3
legacy_futures_only,2005-04-19,False,2005-04-22,,,2005-04-22,2005-04-22,2005-04-22,2005-04-25,estimated_three_federal_business_days_friday_floor,https://www.cftc.gov/MarketReports/CommitmentsofTraders/ReleaseSchedule/index.htm,True,estimated,15:30 America/New_York,3
legacy_futures_only,2005-04-26,False,2005-04-29,,,2005-04-29,2005-04-29,2005-04-29,2005-05-02,estimated_three_federal_business_days_friday_floor,https://www.cftc.gov/MarketReports/CommitmentsofTraders/ReleaseSchedule/index.htm,True,estimated,15:30 America/New_York,3
legacy_futures_only,2005-05-03,False,2005-05-06,,,2005-05-06,2005-05-06,2005-05-06,2005-05-09,estimated_three_federal_business_days_friday_floor,https://www.cftc.gov/MarketReports/CommitmentsofTraders/ReleaseSchedule/index.htm,True,estimated,15:30 America/New_York,3
legacy_futures_only,2005-05-10,False,2005-05-13,,,2005-05-13,2005-05-13,2005-05-13,2005-05-16,estimated_three_federal_business_days_friday_floor,https://www.cftc.gov/MarketReports/CommitmentsofTraders/ReleaseSchedule/index.htm,True,estimated,15:30 America/New_York,3
legacy_futures_only,2005-05-17,False,2005-05-20,,,2005-05-20,2005-05-20,2005-05-20,2005-05-23,estimated_three_federal_business_days_friday_floor,https://www.cftc.gov/MarketReports/CommitmentsofTraders/ReleaseSchedule/index.htm,True,estimated,15:30 America/New_York,3
legacy_futures_only,2005-05-24,False,2005-05-27,,,2005-05-27,2005-05-27,2005-05-27,2005-05-31,estimated_three_federal_business_days_friday_floor,https://www.cftc.gov/MarketReports/CommitmentsofTraders/ReleaseSchedule/index.htm,True,estimated,15:30 America/New_York,3
legacy_futures_only,2005-05-31,False,2005-06-03,,,2005-06-03,2005-06-03,2005-06-03,2005-06-06,estimated_three_federal_business_days_friday_floor,https://www.cftc.gov/MarketReports/CommitmentsofTraders/ReleaseSchedule/index.htm,True,estimated,15:30 America/New_York,3
legacy_futures_only,2005-06-07,False,2005-06-10,,,2005-06-10,2005-06-10,2005-06-10,2005-06-13,estimated_three_federal_business_days_friday_floor,https://www.cftc.gov/MarketReports/CommitmentsofTraders/ReleaseSchedule/index.htm,True,estimated,15:30 America/New_York,3
legacy_futures_only,2005-06-14,False,2005-06-17,,,2005-06-17,2005-06-17,2005-06-17,2005-06-20,estimated_three_federal_business_days_friday_floor,https://www.cftc.gov/MarketReports/CommitmentsofTraders/ReleaseSchedule/index.htm,True,estimated,15:30 America/New_York,3
legacy_futures_only,2005-06-21,False,2005-06-24,,,2005-06-24,2005-06-24,2005-06-24,2005-06-27,estimated_three_federal_business_days_friday_floor,https://www.cftc.gov/MarketReports/CommitmentsofTraders/ReleaseSchedule/index.htm,True,estimated,15:30 America/New_York,3
legacy_futures_only,2005-06-28,False,2005-07-01,,,2005-07-01,2005-07-01,2005-07-01,2005-07-05,estimated_three_federal_business_days_friday_floor,https://www.cftc.gov/MarketReports/CommitmentsofTraders/ReleaseSchedule/index.htm,True,estimated,15:30 America/New_York,3
legacy_futures_only,2005-07-05,False,2005-07-08,,,2005-07-08,2005-07-08,2005-07-08,2005-07-11,estimated_three_federal_business_days_friday_floor,https://www.cftc.gov/MarketReports/CommitmentsofTraders/ReleaseSchedule/index.htm,True,estimated,15:30 America/New_York,3
legacy_futures_only,2005-07-12,False,2005-07-15,,,2005-07-15,2005-07-15,2005-07-15,2005-07-18,estimated_three_federal_business_days_friday_floor,https://www.cftc.gov/MarketReports/CommitmentsofTraders/ReleaseSchedule/index.htm,True,estimated,15:30 America/New_York,3
legacy_futures_only,2005-07-19,False,2005-07-22,,,2005-07-22,2005-07-22,2005-07-22,2005-07-25,estimated_three_federal_business_days_friday_floor,https://www.cftc.gov/MarketReports/CommitmentsofTraders/ReleaseSchedule/index.htm,True,estimated,15:30 America/New_York,3
legacy_futures_only,2005-07-26,False,2005-07-29,,,2005-07-29,2005-07-29,2005-07-29,2005-08-01,estimated_three_federal_business_days_friday_floor,https://www.cftc.gov/MarketReports/CommitmentsofTraders/ReleaseSchedule/index.htm,True,estimated,15:30 America/New_York,3
legacy_futures_only,2005-08-02,False,2005-08-05,,,2005-08-05,2005-08-05,2005-08-05,2005-08-08,estimated_three_federal_business_days_friday_floor,https://www.cftc.gov/MarketReports/CommitmentsofTraders/ReleaseSchedule/index.htm,True,estimated,15:30 America/New_York,3
legacy_futures_only,2005-08-09,False,2005-08-12,,,2005-08-12,2005-08-12,2005-08-12,2005-08-15,estimated_three_federal_business_days_friday_floor,https://www.cftc.gov/MarketReports/CommitmentsofTraders/ReleaseSchedule/index.htm,True,estimated,15:30 America/New_York,3
legacy_futures_only,2005-08-16,False,2005-08-19,,,2005-08-19,2005-08-19,2005-08-19,2005-08-22,estimated_three_federal_business_days_friday_floor,https://www.cftc.gov/MarketReports/CommitmentsofTraders/ReleaseSchedule/index.htm,True,estimated,15:30 America/New_York,3
legacy_futures_only,2005-08-23,False,2005-08-26,,,2005-08-26,2005-08-26,2005-08-26,2005-08-29,estimated_three_federal_business_days_friday_floor,https://www.cftc.gov/MarketReports/CommitmentsofTraders/ReleaseSchedule/index.htm,True,estimated,15:30 America/New_York,3
legacy_futures_only,2005-08-30,False,2005-09-02,,,2005-09-02,2005-09-02,2005-09-02,2005-09-06,estimated_three_federal_business_days_friday_floor,https://www.cftc.gov/MarketReports/CommitmentsofTraders/ReleaseSchedule/index.htm,True,estimated,15:30 America/New_York,3
legacy_futures_only,2005-09-06,False,2005-09-09,,,2005-09-09,2005-09-09,2005-09-09,2005-09-12,estimated_three_federal_business_days_friday_floor,https://www.cftc.gov/MarketReports/CommitmentsofTraders/ReleaseSchedule/index.htm,True,estimated,15:30 America/New_York,3
legacy_futures_only,2005-09-13,False,2005-09-16,,,2005-09-16,2005-09-16,2005-09-16,2005-09-19,estimated_three_federal_business_days_friday_floor,https://www.cftc.gov/MarketReports/CommitmentsofTraders/ReleaseSchedule/index.htm,True,estimated,15:30 America/New_York,3
legacy_futures_only,2005-09-20,False,2005-09-23,,,2005-09-23,2005-09-23,2005-09-23,2005-09-26,estimated_three_federal_business_days_friday_floor,https://www.cftc.gov/MarketReports/CommitmentsofTraders/ReleaseSchedule/index.htm,True,estimated,15:30 America/New_York,3
legacy_futures_only,2005-09-27,False,2005-09-30,,,2005-09-30,2005-09-30,2005-09-30,2005-10-03,estimated_three_federal_business_days_friday_floor,https://www.cftc.gov/MarketReports/CommitmentsofTraders/ReleaseSchedule/index.htm,True,estimated,15:30 America/New_York,3
legacy_futures_only,2005-10-04,False,2005-10-07,,,2005-10-07,2005-10-07,2005-10-07,2005-10-10,estimated_three_federal_business_days_friday_floor,https://www.cftc.gov/MarketReports/CommitmentsofTraders/ReleaseSchedule/index.htm,True,estimated,15:30 America/New_York,3
legacy_futures_only,2005-10-11,False,2005-10-14,,,2005-10-14,2005-10-14,2005-10-14,2005-10-17,estimated_three_federal_business_days_friday_floor,https://www.cftc.gov/MarketReports/CommitmentsofTraders/ReleaseSchedule/index.htm,True,estimated,15:30 America/New_York,3
legacy_futures_only,2005-10-18,False,2005-10-21,,,2005-10-21,2005-10-21,2005-10-21,2005-10-24,estimated_three_federal_business_days_friday_floor,https://www.cftc.gov/MarketReports/CommitmentsofTraders/ReleaseSchedule/index.htm,True,estimated,15:30 America/New_York,3
legacy_futures_only,2005-10-25,False,2005-10-28,,,2005-10-28,2005-10-28,2005-10-28,2005-10-31,estimated_three_federal_business_days_friday_floor,https://www.cftc.gov/MarketReports/CommitmentsofTraders/ReleaseSchedule/index.htm,True,estimated,15:30 America/New_York,3
legacy_futures_only,2005-11-01,False,2005-11-04,,,2005-11-04,2005-11-04,2005-11-04,2005-11-07,estimated_three_federal_business_days_friday_floor,https://www.cftc.gov/MarketReports/CommitmentsofTraders/ReleaseSchedule/index.htm,True,estimated,15:30 America/New_York,3
legacy_futures_only,2005-11-08,False,2005-11-14,,,2005-11-14,2005-11-14,2005-11-14,2005-11-15,estimated_three_federal_business_days_friday_floor,https://www.cftc.gov/MarketReports/CommitmentsofTraders/ReleaseSchedule/index.htm,True,estimated,15:30 America/New_York,6
legacy_futures_only,2005-11-15,False,2005-11-18,,,2005-11-18,2005-11-18,2005-11-18,2005-11-21,estimated_three_federal_business_days_friday_floor,https://www.cftc.gov/MarketReports/CommitmentsofTraders/ReleaseSchedule/index.htm,True,estimated,15:30 America/New_York,3
legacy_futures_only,2005-11-22,False,2005-11-28,,,2005-11-28,2005-11-28,2005-11-28,2005-11-29,estimated_three_federal_business_days_friday_floor,https://www.cftc.gov/MarketReports/CommitmentsofTraders/ReleaseSchedule/index.htm,True,estimated,15:30 America/New_York,6
legacy_futures_only,2005-11-29,False,2005-12-02,,,2005-12-02,2005-12-02,2005-12-02,2005-12-05,estimated_three_federal_business_days_friday_floor,https://www.cftc.gov/MarketReports/CommitmentsofTraders/ReleaseSchedule/index.htm,True,estimated,15:30 America/New_York,3
legacy_futures_only,2005-12-06,False,2005-12-09,,,2005-12-09,2005-12-09,2005-12-09,2005-12-12,estimated_three_federal_business_days_friday_floor,https://www.cftc.gov/MarketReports/CommitmentsofTraders/ReleaseSchedule/index.htm,True,estimated,15:30 America/New_York,3
legacy_futures_only,2005-12-13,False,2005-12-16,,,2005-12-16,2005-12-16,2005-12-16,2005-12-19,estimated_three_federal_business_days_friday_floor,https://www.cftc.gov/MarketReports/CommitmentsofTraders/ReleaseSchedule/index.htm,True,estimated,15:30 America/New_York,3
legacy_futures_only,2005-12-20,False,2005-12-23,,,2005-12-23,2005-12-23,2005-12-23,2005-12-27,estimated_three_federal_business_days_friday_floor,https://www.cftc.gov/MarketReports/CommitmentsofTraders/ReleaseSchedule/index.htm,True,estimated,15:30 America/New_York,3
legacy_futures_only,2005-12-27,False,2005-12-30,,,2005-12-30,2005-12-30,2005-12-30,2006-01-03,estimated_three_federal_business_days_friday_floor,https://www.cftc.gov/MarketReports/CommitmentsofTraders/ReleaseSchedule/index.htm,True,estimated,15:30 America/New_York,3
legacy_futures_only,2006-01-03,False,2006-01-06,,,2006-01-06,2006-01-06,2006-01-06,2006-01-09,estimated_three_federal_business_days_friday_floor,https://www.cftc.gov/MarketReports/CommitmentsofTraders/ReleaseSchedule/index.htm,True,estimated,15:30 America/New_York,3
legacy_futures_only,2006-01-10,False,2006-01-13,,,2006-01-13,2006-01-13,2006-01-13,2006-01-17,estimated_three_federal_business_days_friday_floor,https://www.cftc.gov/MarketReports/CommitmentsofTraders/ReleaseSchedule/index.htm,True,estimated,15:30 America/New_York,3
legacy_futures_only,2006-01-17,False,2006-01-20,,,2006-01-20,2006-01-20,2006-01-20,2006-01-23,estimated_three_federal_business_days_friday_floor,https://www.cftc.gov/MarketReports/CommitmentsofTraders/ReleaseSchedule/index.htm,True,estimated,15:30 America/New_York,3
legacy_futures_only,2006-01-24,False,2006-01-27,,,2006-01-27,2006-01-27,2006-01-27,2006-01-30,estimated_three_federal_business_days_friday_floor,https://www.cftc.gov/MarketReports/CommitmentsofTraders/ReleaseSchedule/index.htm,True,estimated,15:30 America/New_York,3
legacy_futures_only,2006-01-31,False,2006-02-03,,,2006-02-03,2006-02-03,2006-02-03,2006-02-06,estimated_three_federal_business_days_friday_floor,https://www.cftc.gov/MarketReports/CommitmentsofTraders/ReleaseSchedule/index.htm,True,estimated,15:30 America/New_York,3
legacy_futures_only,2006-02-07,False,2006-02-10,,,2006-02-10,2006-02-10,2006-02-10,2006-02-13,estimated_three_federal_business_days_friday_floor,https://www.cftc.gov/MarketReports/CommitmentsofTraders/ReleaseSchedule/index.htm,True,estimated,15:30 America/New_York,3
legacy_futures_only,2006-02-14,False,2006-02-17,,,2006-02-17,2006-02-17,2006-02-17,2006-02-21,estimated_three_federal_business_days_friday_floor,https://www.cftc.gov/MarketReports/CommitmentsofTraders/ReleaseSchedule/index.htm,True,estimated,15:30 America/New_York,3
legacy_futures_only,2006-02-21,False,2006-02-24,,,2006-02-24,2006-02-24,2006-02-24,2006-02-27,estimated_three_federal_business_days_friday_floor,https://www.cftc.gov/MarketReports/CommitmentsofTraders/ReleaseSchedule/index.htm,True,estimated,15:30 America/New_York,3
legacy_futures_only,2006-02-28,False,2006-03-03,,,2006-03-03,2006-03-03,2006-03-03,2006-03-06,estimated_three_federal_business_days_friday_floor,https://www.cftc.gov/MarketReports/CommitmentsofTraders/ReleaseSchedule/index.htm,True,estimated,15:30 America/New_York,3
legacy_futures_only,2006-03-07,False,2006-03-10,,,2006-03-10,2006-03-10,2006-03-10,2006-03-13,estimated_three_federal_business_days_friday_floor,https://www.cftc.gov/MarketReports/CommitmentsofTraders/ReleaseSchedule/index.htm,True,estimated,15:30 America/New_York,3
legacy_futures_only,2006-03-14,False,2006-03-17,,,2006-03-17,2006-03-17,2006-03-17,2006-03-20,estimated_three_federal_business_days_friday_floor,https://www.cftc.gov/MarketReports/CommitmentsofTraders/ReleaseSchedule/index.htm,True,estimated,15:30 America/New_York,3
legacy_futures_only,2006-03-21,False,2006-03-24,,,2006-03-24,2006-03-24,2006-03-24,2006-03-27,estimated_three_federal_business_days_friday_floor,https://www.cftc.gov/MarketReports/CommitmentsofTraders/ReleaseSchedule/index.htm,True,estimated,15:30 America/New_York,3
legacy_futures_only,2006-03-28,False,2006-03-31,,,2006-03-31,2006-03-31,2006-03-31,2006-04-03,estimated_three_federal_business_days_friday_floor,https://www.cftc.gov/MarketReports/CommitmentsofTraders/ReleaseSchedule/index.htm,True,estimated,15:30 America/New_York,3
legacy_futures_only,2006-04-04,False,2006-04-07,,,2006-04-07,2006-04-07,2006-04-07,2006-04-10,estimated_three_federal_business_days_friday_floor,https://www.cftc.gov/MarketReports/CommitmentsofTraders/ReleaseSchedule/index.htm,True,estimated,15:30 America/New_York,3
legacy_futures_only,2006-04-11,False,2006-04-14,,,2006-04-14,2006-04-14,2006-04-14,2006-04-17,estimated_three_federal_business_days_friday_floor,https://www.cftc.gov/MarketReports/CommitmentsofTraders/ReleaseSchedule/index.htm,True,estimated,15:30 America/New_York,3
legacy_futures_only,2006-04-18,False,2006-04-21,,,2006-04-21,2006-04-21,2006-04-21,2006-04-24,estimated_three_federal_business_days_friday_floor,https://www.cftc.gov/MarketReports/CommitmentsofTraders/ReleaseSchedule/index.htm,True,estimated,15:30 America/New_York,3
legacy_futures_only,2006-04-25,False,2006-04-28,,,2006-04-28,2006-04-28,2006-04-28,2006-05-01,estimated_three_federal_business_days_friday_floor,https://www.cftc.gov/MarketReports/CommitmentsofTraders/ReleaseSchedule/index.htm,True,estimated,15:30 America/New_York,3
legacy_futures_only,2006-05-02,False,2006-05-05,,,2006-05-05,2006-05-05,2006-05-05,2006-05-08,estimated_three_federal_business_days_friday_floor,https://www.cftc.gov/MarketReports/CommitmentsofTraders/ReleaseSchedule/index.htm,True,estimated,15:30 America/New_York,3
legacy_futures_only,2006-05-09,False,2006-05-12,,,2006-05-12,2006-05-12,2006-05-12,2006-05-15,estimated_three_federal_business_days_friday_floor,https://www.cftc.gov/MarketReports/CommitmentsofTraders/ReleaseSchedule/index.htm,True,estimated,15:30 America/New_York,3
legacy_futures_only,2006-05-16,False,2006-05-19,,,2006-05-19,2006-05-19,2006-05-19,2006-05-22,estimated_three_federal_business_days_friday_floor,https://www.cftc.gov/MarketReports/CommitmentsofTraders/ReleaseSchedule/index.htm,True,estimated,15:30 America/New_York,3
legacy_futures_only,2006-05-23,False,2006-05-26,,,2006-05-26,2006-05-26,2006-05-26,2006-05-30,estimated_three_federal_business_days_friday_floor,https://www.cftc.gov/MarketReports/CommitmentsofTraders/ReleaseSchedule/index.htm,True,estimated,15:30 America/New_York,3
legacy_futures_only,2006-05-30,False,2006-06-02,,,2006-06-02,2006-06-02,2006-06-02,2006-06-05,estimated_three_federal_business_days_friday_floor,https://www.cftc.gov/MarketReports/CommitmentsofTraders/ReleaseSchedule/index.htm,True,estimated,15:30 America/New_York,3
legacy_futures_only,2006-06-06,False,2006-06-09,,,2006-06-09,2006-06-09,2006-06-09,2006-06-12,estimated_three_federal_business_days_friday_floor,https://www.cftc.gov/MarketReports/CommitmentsofTraders/ReleaseSchedule/index.htm,True,estimated,15:30 America/New_York,3
disaggregated_futures_only,2006-06-13,True,2009-10-20,,,2009-10-20,2009-10-20,2009-10-20,2009-10-21,announced_2009_disaggregated_backcast_archive,https://www.cftc.gov/PressRoom/PressReleases/5737-09,False,announced_archive_release,archive time unspecified; next observed session,1225
legacy_futures_only,2006-06-13,False,2006-06-16,,,2006-06-16,2006-06-16,2006-06-16,2006-06-19,estimated_three_federal_business_days_friday_floor,https://www.cftc.gov/MarketReports/CommitmentsofTraders/ReleaseSchedule/index.htm,True,estimated,15:30 America/New_York,3
disaggregated_futures_only,2006-06-20,True,2009-10-20,,,2009-10-20,2009-10-20,2009-10-20,2009-10-21,announced_2009_disaggregated_backcast_archive,https://www.cftc.gov/PressRoom/PressReleases/5737-09,False,announced_archive_release,archive time unspecified; next observed session,1218
legacy_futures_only,2006-06-20,False,2006-06-23,,,2006-06-23,2006-06-23,2006-06-23,2006-06-26,estimated_three_federal_business_days_friday_floor,https://www.cftc.gov/MarketReports/CommitmentsofTraders/ReleaseSchedule/index.htm,True,estimated,15:30 America/New_York,3
disaggregated_futures_only,2006-06-27,True,2009-10-20,,,2009-10-20,2009-10-20,2009-10-20,2009-10-21,announced_2009_disaggregated_backcast_archive,https://www.cftc.gov/PressRoom/PressReleases/5737-09,False,announced_archive_release,archive time unspecified; next observed session,1211
legacy_futures_only,2006-06-27,False,2006-06-30,,,2006-06-30,2006-06-30,2006-06-30,2006-07-03,estimated_three_federal_business_days_friday_floor,https://www.cftc.gov/MarketReports/CommitmentsofTraders/ReleaseSchedule/index.htm,True,estimated,15:30 America/New_York,3
disaggregated_futures_only,2006-07-03,True,2009-10-20,,,2009-10-20,2009-10-20,2009-10-20,2009-10-21,announced_2009_disaggregated_backcast_archive,https://www.cftc.gov/PressRoom/PressReleases/5737-09,False,announced_archive_release,archive time unspecified; next observed session,1205
legacy_futures_only,2006-07-03,False,2006-07-07,,,2006-07-07,2006-07-07,2006-07-07,2006-07-10,estimated_three_federal_business_days_friday_floor,https://www.cftc.gov/MarketReports/CommitmentsofTraders/ReleaseSchedule/index.htm,True,estimated,15:30 America/New_York,4
disaggregated_futures_only,2006-07-11,True,2009-10-20,,,2009-10-20,2009-10-20,2009-10-20,2009-10-21,announced_2009_disaggregated_backcast_archive,https://www.cftc.gov/PressRoom/PressReleases/5737-09,False,announced_archive_release,archive time unspecified; next observed session,1197
legacy_futures_only,2006-07-11,False,2006-07-14,,,2006-07-14,2006-07-14,2006-07-14,2006-07-17,estimated_three_federal_business_days_friday_floor,https://www.cftc.gov/MarketReports/CommitmentsofTraders/ReleaseSchedule/index.htm,True,estimated,15:30 America/New_York,3
disaggregated_futures_only,2006-07-18,True,2009-10-20,,,2009-10-20,2009-10-20,2009-10-20,2009-10-21,announced_2009_disaggregated_backcast_archive,https://www.cftc.gov/PressRoom/PressReleases/5737-09,False,announced_archive_release,archive time unspecified; next observed session,1190
legacy_futures_only,2006-07-18,False,2006-07-21,,,2006-07-21,2006-07-21,2006-07-21,2006-07-24,estimated_three_federal_business_days_friday_floor,https://www.cftc.gov/MarketReports/CommitmentsofTraders/ReleaseSchedule/index.htm,True,estimated,15:30 America/New_York,3
disaggregated_futures_only,2006-07-25,True,2009-10-20,,,2009-10-20,2009-10-20,2009-10-20,2009-10-21,announced_2009_disaggregated_backcast_archive,https://www.cftc.gov/PressRoom/PressReleases/5737-09,False,announced_archive_release,archive time unspecified; next observed session,1183
legacy_futures_only,2006-07-25,False,2006-07-28,,,2006-07-28,2006-07-28,2006-07-28,2006-07-31,estimated_three_federal_business_days_friday_floor,https://www.cftc.gov/MarketReports/CommitmentsofTraders/ReleaseSchedule/index.htm,True,estimated,15:30 America/New_York,3
disaggregated_futures_only,2006-08-01,True,2009-10-20,,,2009-10-20,2009-10-20,2009-10-20,2009-10-21,announced_2009_disaggregated_backcast_archive,https://www.cftc.gov/PressRoom/PressReleases/5737-09,False,announced_archive_release,archive time unspecified; next observed session,1176
legacy_futures_only,2006-08-01,False,2006-08-04,,,2006-08-04,2006-08-04,2006-08-04,2006-08-07,estimated_three_federal_business_days_friday_floor,https://www.cftc.gov/MarketReports/CommitmentsofTraders/ReleaseSchedule/index.htm,True,estimated,15:30 America/New_York,3
disaggregated_futures_only,2006-08-08,True,2009-10-20,,,2009-10-20,2009-10-20,2009-10-20,2009-10-21,announced_2009_disaggregated_backcast_archive,https://www.cftc.gov/PressRoom/PressReleases/5737-09,False,announced_archive_release,archive time unspecified; next observed session,1169
legacy_futures_only,2006-08-08,False,2006-08-11,,,2006-08-11,2006-08-11,2006-08-11,2006-08-14,estimated_three_federal_business_days_friday_floor,https://www.cftc.gov/MarketReports/CommitmentsofTraders/ReleaseSchedule/index.htm,True,estimated,15:30 America/New_York,3
disaggregated_futures_only,2006-08-15,True,2009-10-20,,,2009-10-20,2009-10-20,2009-10-20,2009-10-21,announced_2009_disaggregated_backcast_archive,https://www.cftc.gov/PressRoom/PressReleases/5737-09,False,announced_archive_release,archive time unspecified; next observed session,1162
legacy_futures_only,2006-08-15,False,2006-08-18,,,2006-08-18,2006-08-18,2006-08-18,2006-08-21,estimated_three_federal_business_days_friday_floor,https://www.cftc.gov/MarketReports/CommitmentsofTraders/ReleaseSchedule/index.htm,True,estimated,15:30 America/New_York,3
disaggregated_futures_only,2006-08-22,True,2009-10-20,,,2009-10-20,2009-10-20,2009-10-20,2009-10-21,announced_2009_disaggregated_backcast_archive,https://www.cftc.gov/PressRoom/PressReleases/5737-09,False,announced_archive_release,archive time unspecified; next observed session,1155
legacy_futures_only,2006-08-22,False,2006-08-25,,,2006-08-25,2006-08-25,2006-08-25,2006-08-28,estimated_three_federal_business_days_friday_floor,https://www.cftc.gov/MarketReports/CommitmentsofTraders/ReleaseSchedule/index.htm,True,estimated,15:30 America/New_York,3
disaggregated_futures_only,2006-08-29,True,2009-10-20,,,2009-10-20,2009-10-20,2009-10-20,2009-10-21,announced_2009_disaggregated_backcast_archive,https://www.cftc.gov/PressRoom/PressReleases/5737-09,False,announced_archive_release,archive time unspecified; next observed session,1148
legacy_futures_only,2006-08-29,False,2006-09-01,,,2006-09-01,2006-09-01,2006-09-01,2006-09-05,estimated_three_federal_business_days_friday_floor,https://www.cftc.gov/MarketReports/CommitmentsofTraders/ReleaseSchedule/index.htm,True,estimated,15:30 America/New_York,3
disaggregated_futures_only,2006-09-05,True,2009-10-20,,,2009-10-20,2009-10-20,2009-10-20,2009-10-21,announced_2009_disaggregated_backcast_archive,https://www.cftc.gov/PressRoom/PressReleases/5737-09,False,announced_archive_release,archive time unspecified; next observed session,1141
legacy_futures_only,2006-09-05,False,2006-09-08,,,2006-09-08,2006-09-08,2006-09-08,2006-09-11,estimated_three_federal_business_days_friday_floor,https://www.cftc.gov/MarketReports/CommitmentsofTraders/ReleaseSchedule/index.htm,True,estimated,15:30 America/New_York,3
disaggregated_futures_only,2006-09-12,True,2009-10-20,,,2009-10-20,2009-10-20,2009-10-20,2009-10-21,announced_2009_disaggregated_backcast_archive,https://www.cftc.gov/PressRoom/PressReleases/5737-09,False,announced_archive_release,archive time unspecified; next observed session,1134
legacy_futures_only,2006-09-12,False,2006-09-15,,,2006-09-15,2006-09-15,2006-09-15,2006-09-18,estimated_three_federal_business_days_friday_floor,https://www.cftc.gov/MarketReports/CommitmentsofTraders/ReleaseSchedule/index.htm,True,estimated,15:30 America/New_York,3
disaggregated_futures_only,2006-09-19,True,2009-10-20,,,2009-10-20,2009-10-20,2009-10-20,2009-10-21,announced_2009_disaggregated_backcast_archive,https://www.cftc.gov/PressRoom/PressReleases/5737-09,False,announced_archive_release,archive time unspecified; next observed session,1127
legacy_futures_only,2006-09-19,False,2006-09-22,,,2006-09-22,2006-09-22,2006-09-22,2006-09-25,estimated_three_federal_business_days_friday_floor,https://www.cftc.gov/MarketReports/CommitmentsofTraders/ReleaseSchedule/index.htm,True,estimated,15:30 America/New_York,3
disaggregated_futures_only,2006-09-26,True,2009-10-20,,,2009-10-20,2009-10-20,2009-10-20,2009-10-21,announced_2009_disaggregated_backcast_archive,https://www.cftc.gov/PressRoom/PressReleases/5737-09,False,announced_archive_release,archive time unspecified; next observed session,1120
legacy_futures_only,2006-09-26,False,2006-09-29,,,2006-09-29,2006-09-29,2006-09-29,2006-10-02,estimated_three_federal_business_days_friday_floor,https://www.cftc.gov/MarketReports/CommitmentsofTraders/ReleaseSchedule/index.htm,True,estimated,15:30 America/New_York,3
disaggregated_futures_only,2006-10-03,True,2009-10-20,,,2009-10-20,2009-10-20,2009-10-20,2009-10-21,announced_2009_disaggregated_backcast_archive,https://www.cftc.gov/PressRoom/PressReleases/5737-09,False,announced_archive_release,archive time unspecified; next observed session,1113
legacy_futures_only,2006-10-03,False,2006-10-06,,,2006-10-06,2006-10-06,2006-10-06,2006-10-09,estimated_three_federal_business_days_friday_floor,https://www.cftc.gov/MarketReports/CommitmentsofTraders/ReleaseSchedule/index.htm,True,estimated,15:30 America/New_York,3
disaggregated_futures_only,2006-10-10,True,2009-10-20,,,2009-10-20,2009-10-20,2009-10-20,2009-10-21,announced_2009_disaggregated_backcast_archive,https://www.cftc.gov/PressRoom/PressReleases/5737-09,False,announced_archive_release,archive time unspecified; next observed session,1106
legacy_futures_only,2006-10-10,False,2006-10-13,,,2006-10-13,2006-10-13,2006-10-13,2006-10-16,estimated_three_federal_business_days_friday_floor,https://www.cftc.gov/MarketReports/CommitmentsofTraders/ReleaseSchedule/index.htm,True,estimated,15:30 America/New_York,3
disaggregated_futures_only,2006-10-17,True,2009-10-20,,,2009-10-20,2009-10-20,2009-10-20,2009-10-21,announced_2009_disaggregated_backcast_archive,https://www.cftc.gov/PressRoom/PressReleases/5737-09,False,announced_archive_release,archive time unspecified; next observed session,1099
legacy_futures_only,2006-10-17,False,2006-10-20,,,2006-10-20,2006-10-20,2006-10-20,2006-10-23,estimated_three_federal_business_days_friday_floor,https://www.cftc.gov/MarketReports/CommitmentsofTraders/ReleaseSchedule/index.htm,True,estimated,15:30 America/New_York,3
disaggregated_futures_only,2006-10-24,True,2009-10-20,,,2009-10-20,2009-10-20,2009-10-20,2009-10-21,announced_2009_disaggregated_backcast_archive,https://www.cftc.gov/PressRoom/PressReleases/5737-09,False,announced_archive_release,archive time unspecified; next observed session,1092
legacy_futures_only,2006-10-24,False,2006-10-27,,,2006-10-27,2006-10-27,2006-10-27,2006-10-30,estimated_three_federal_business_days_friday_floor,https://www.cftc.gov/MarketReports/CommitmentsofTraders/ReleaseSchedule/index.htm,True,estimated,15:30 America/New_York,3
disaggregated_futures_only,2006-10-31,True,2009-10-20,,,2009-10-20,2009-10-20,2009-10-20,2009-10-21,announced_2009_disaggregated_backcast_archive,https://www.cftc.gov/PressRoom/PressReleases/5737-09,False,announced_archive_release,archive time unspecified; next observed session,1085
legacy_futures_only,2006-10-31,False,2006-11-03,,,2006-11-03,2006-11-03,2006-11-03,2006-11-06,estimated_three_federal_business_days_friday_floor,https://www.cftc.gov/MarketReports/CommitmentsofTraders/ReleaseSchedule/index.htm,True,estimated,15:30 America/New_York,3
disaggregated_futures_only,2006-11-07,True,2009-10-20,,,2009-10-20,2009-10-20,2009-10-20,2009-10-21,announced_2009_disaggregated_backcast_archive,https://www.cftc.gov/PressRoom/PressReleases/5737-09,False,announced_archive_release,archive time unspecified; next observed session,1078
legacy_futures_only,2006-11-07,False,2006-11-13,,,2006-11-13,2006-11-13,2006-11-13,2006-11-14,estimated_three_federal_business_days_friday_floor,https://www.cftc.gov/MarketReports/CommitmentsofTraders/ReleaseSchedule/index.htm,True,estimated,15:30 America/New_York,6
disaggregated_futures_only,2006-11-14,True,2009-10-20,,,2009-10-20,2009-10-20,2009-10-20,2009-10-21,announced_2009_disaggregated_backcast_archive,https://www.cftc.gov/PressRoom/PressReleases/5737-09,False,announced_archive_release,archive time unspecified; next observed session,1071
legacy_futures_only,2006-11-14,False,2006-11-17,,,2006-11-17,2006-11-17,2006-11-17,2006-11-20,estimated_three_federal_business_days_friday_floor,https://www.cftc.gov/MarketReports/CommitmentsofTraders/ReleaseSchedule/index.htm,True,estimated,15:30 America/New_York,3
disaggregated_futures_only,2006-11-21,True,2009-10-20,,,2009-10-20,2009-10-20,2009-10-20,2009-10-21,announced_2009_disaggregated_backcast_archive,https://www.cftc.gov/PressRoom/PressReleases/5737-09,False,announced_archive_release,archive time unspecified; next observed session,1064
legacy_futures_only,2006-11-21,False,2006-11-27,,,2006-11-27,2006-11-27,2006-11-27,2006-11-28,estimated_three_federal_business_days_friday_floor,https://www.cftc.gov/MarketReports/CommitmentsofTraders/ReleaseSchedule/index.htm,True,estimated,15:30 America/New_York,6
disaggregated_futures_only,2006-11-28,True,2009-10-20,,,2009-10-20,2009-10-20,2009-10-20,2009-10-21,announced_2009_disaggregated_backcast_archive,https://www.cftc.gov/PressRoom/PressReleases/5737-09,False,announced_archive_release,archive time unspecified; next observed session,1057
legacy_futures_only,2006-11-28,False,2006-12-01,,,2006-12-01,2006-12-01,2006-12-01,2006-12-04,estimated_three_federal_business_days_friday_floor,https://www.cftc.gov/MarketReports/CommitmentsofTraders/ReleaseSchedule/index.htm,True,estimated,15:30 America/New_York,3
disaggregated_futures_only,2006-12-05,True,2009-10-20,,,2009-10-20,2009-10-20,2009-10-20,2009-10-21,announced_2009_disaggregated_backcast_archive,https://www.cftc.gov/PressRoom/PressReleases/5737-09,False,announced_archive_release,archive time unspecified; next observed session,1050
legacy_futures_only,2006-12-05,False,2006-12-08,,,2006-12-08,2006-12-08,2006-12-08,2006-12-11,estimated_three_federal_business_days_friday_floor,https://www.cftc.gov/MarketReports/CommitmentsofTraders/ReleaseSchedule/index.htm,True,estimated,15:30 America/New_York,3
disaggregated_futures_only,2006-12-12,True,2009-10-20,,,2009-10-20,2009-10-20,2009-10-20,2009-10-21,announced_2009_disaggregated_backcast_archive,https://www.cftc.gov/PressRoom/PressReleases/5737-09,False,announced_archive_release,archive time unspecified; next observed session,1043
legacy_futures_only,2006-12-12,False,2006-12-15,,,2006-12-15,2006-12-15,2006-12-15,2006-12-18,estimated_three_federal_business_days_friday_floor,https://www.cftc.gov/MarketReports/CommitmentsofTraders/ReleaseSchedule/index.htm,True,estimated,15:30 America/New_York,3
disaggregated_futures_only,2006-12-19,True,2009-10-20,,,2009-10-20,2009-10-20,2009-10-20,2009-10-21,announced_2009_disaggregated_backcast_archive,https://www.cftc.gov/PressRoom/PressReleases/5737-09,False,announced_archive_release,archive time unspecified; next observed session,1036
legacy_futures_only,2006-12-19,False,2006-12-22,,,2006-12-22,2006-12-22,2006-12-22,2006-12-26,estimated_three_federal_business_days_friday_floor,https://www.cftc.gov/MarketReports/CommitmentsofTraders/ReleaseSchedule/index.htm,True,estimated,15:30 America/New_York,3
disaggregated_futures_only,2006-12-26,True,2009-10-20,,,2009-10-20,2009-10-20,2009-10-20,2009-10-21,announced_2009_disaggregated_backcast_archive,https://www.cftc.gov/PressRoom/PressReleases/5737-09,False,announced_archive_release,archive time unspecified; next observed session,1029
legacy_futures_only,2006-12-26,False,2006-12-29,,,2006-12-29,2006-12-29,2006-12-29,2007-01-03,estimated_three_federal_business_days_friday_floor,https://www.cftc.gov/MarketReports/CommitmentsofTraders/ReleaseSchedule/index.htm,True,estimated,15:30 America/New_York,3
disaggregated_futures_only,2007-01-03,True,2009-10-20,,,2009-10-20,2009-10-20,2009-10-20,2009-10-21,announced_2009_disaggregated_backcast_archive,https://www.cftc.gov/PressRoom/PressReleases/5737-09,False,announced_archive_release,archive time unspecified; next observed session,1021
legacy_futures_only,2007-01-03,False,2007-01-08,,,2007-01-08,2007-01-08,2007-01-08,2007-01-09,estimated_three_federal_business_days_friday_floor,https://www.cftc.gov/MarketReports/CommitmentsofTraders/ReleaseSchedule/index.htm,True,estimated,15:30 America/New_York,5
disaggregated_futures_only,2007-01-09,True,2009-10-20,,,2009-10-20,2009-10-20,2009-10-20,2009-10-21,announced_2009_disaggregated_backcast_archive,https://www.cftc.gov/PressRoom/PressReleases/5737-09,False,announced_archive_release,archive time unspecified; next observed session,1015
legacy_futures_only,2007-01-09,False,2007-01-12,,,2007-01-12,2007-01-12,2007-01-12,2007-01-16,estimated_three_federal_business_days_friday_floor,https://www.cftc.gov/MarketReports/CommitmentsofTraders/ReleaseSchedule/index.htm,True,estimated,15:30 America/New_York,3
disaggregated_futures_only,2007-01-16,True,2009-10-20,,,2009-10-20,2009-10-20,2009-10-20,2009-10-21,announced_2009_disaggregated_backcast_archive,https://www.cftc.gov/PressRoom/PressReleases/5737-09,False,announced_archive_release,archive time unspecified; next observed session,1008
legacy_futures_only,2007-01-16,False,2007-01-19,,,2007-01-19,2007-01-19,2007-01-19,2007-01-22,estimated_three_federal_business_days_friday_floor,https://www.cftc.gov/MarketReports/CommitmentsofTraders/ReleaseSchedule/index.htm,True,estimated,15:30 America/New_York,3
disaggregated_futures_only,2007-01-23,True,2009-10-20,,,2009-10-20,2009-10-20,2009-10-20,2009-10-21,announced_2009_disaggregated_backcast_archive,https://www.cftc.gov/PressRoom/PressReleases/5737-09,False,announced_archive_release,archive time unspecified; next observed session,1001
legacy_futures_only,2007-01-23,False,2007-01-26,,,2007-01-26,2007-01-26,2007-01-26,2007-01-29,estimated_three_federal_business_days_friday_floor,https://www.cftc.gov/MarketReports/CommitmentsofTraders/ReleaseSchedule/index.htm,True,estimated,15:30 America/New_York,3
disaggregated_futures_only,2007-01-30,True,2009-10-20,,,2009-10-20,2009-10-20,2009-10-20,2009-10-21,announced_2009_disaggregated_backcast_archive,https://www.cftc.gov/PressRoom/PressReleases/5737-09,False,announced_archive_release,archive time unspecified; next observed session,994
legacy_futures_only,2007-01-30,False,2007-02-02,,,2007-02-02,2007-02-02,2007-02-02,2007-02-05,estimated_three_federal_business_days_friday_floor,https://www.cftc.gov/MarketReports/CommitmentsofTraders/ReleaseSchedule/index.htm,True,estimated,15:30 America/New_York,3
disaggregated_futures_only,2007-02-06,True,2009-10-20,,,2009-10-20,2009-10-20,2009-10-20,2009-10-21,announced_2009_disaggregated_backcast_archive,https://www.cftc.gov/PressRoom/PressReleases/5737-09,False,announced_archive_release,archive time unspecified; next observed session,987
legacy_futures_only,2007-02-06,False,2007-02-09,,,2007-02-09,2007-02-09,2007-02-09,2007-02-12,estimated_three_federal_business_days_friday_floor,https://www.cftc.gov/MarketReports/CommitmentsofTraders/ReleaseSchedule/index.htm,True,estimated,15:30 America/New_York,3
disaggregated_futures_only,2007-02-13,True,2009-10-20,,,2009-10-20,2009-10-20,2009-10-20,2009-10-21,announced_2009_disaggregated_backcast_archive,https://www.cftc.gov/PressRoom/PressReleases/5737-09,False,announced_archive_release,archive time unspecified; next observed session,980
legacy_futures_only,2007-02-13,False,2007-02-16,,,2007-02-16,2007-02-16,2007-02-16,2007-02-20,estimated_three_federal_business_days_friday_floor,https://www.cftc.gov/MarketReports/CommitmentsofTraders/ReleaseSchedule/index.htm,True,estimated,15:30 America/New_York,3
disaggregated_futures_only,2007-02-20,True,2009-10-20,,,2009-10-20,2009-10-20,2009-10-20,2009-10-21,announced_2009_disaggregated_backcast_archive,https://www.cftc.gov/PressRoom/PressReleases/5737-09,False,announced_archive_release,archive time unspecified; next observed session,973
legacy_futures_only,2007-02-20,False,2007-02-23,,,2007-02-23,2007-02-23,2007-02-23,2007-02-26,estimated_three_federal_business_days_friday_floor,https://www.cftc.gov/MarketReports/CommitmentsofTraders/ReleaseSchedule/index.htm,True,estimated,15:30 America/New_York,3
disaggregated_futures_only,2007-02-27,True,2009-10-20,,,2009-10-20,2009-10-20,2009-10-20,2009-10-21,announced_2009_disaggregated_backcast_archive,https://www.cftc.gov/PressRoom/PressReleases/5737-09,False,announced_archive_release,archive time unspecified; next observed session,966
legacy_futures_only,2007-02-27,False,2007-03-02,,,2007-03-02,2007-03-02,2007-03-02,2007-03-05,estimated_three_federal_business_days_friday_floor,https://www.cftc.gov/MarketReports/CommitmentsofTraders/ReleaseSchedule/index.htm,True,estimated,15:30 America/New_York,3
disaggregated_futures_only,2007-03-06,True,2009-10-20,,,2009-10-20,2009-10-20,2009-10-20,2009-10-21,announced_2009_disaggregated_backcast_archive,https://www.cftc.gov/PressRoom/PressReleases/5737-09,False,announced_archive_release,archive time unspecified; next observed session,959
legacy_futures_only,2007-03-06,False,2007-03-09,,,2007-03-09,2007-03-09,2007-03-09,2007-03-12,estimated_three_federal_business_days_friday_floor,https://www.cftc.gov/MarketReports/CommitmentsofTraders/ReleaseSchedule/index.htm,True,estimated,15:30 America/New_York,3
disaggregated_futures_only,2007-03-13,True,2009-10-20,,,2009-10-20,2009-10-20,2009-10-20,2009-10-21,announced_2009_disaggregated_backcast_archive,https://www.cftc.gov/PressRoom/PressReleases/5737-09,False,announced_archive_release,archive time unspecified; next observed session,952
legacy_futures_only,2007-03-13,False,2007-03-16,,,2007-03-16,2007-03-16,2007-03-16,2007-03-19,estimated_three_federal_business_days_friday_floor,https://www.cftc.gov/MarketReports/CommitmentsofTraders/ReleaseSchedule/index.htm,True,estimated,15:30 America/New_York,3
disaggregated_futures_only,2007-03-20,True,2009-10-20,,,2009-10-20,2009-10-20,2009-10-20,2009-10-21,announced_2009_disaggregated_backcast_archive,https://www.cftc.gov/PressRoom/PressReleases/5737-09,False,announced_archive_release,archive time unspecified; next observed session,945
legacy_futures_only,2007-03-20,False,2007-03-23,,,2007-03-23,2007-03-23,2007-03-23,2007-03-26,estimated_three_federal_business_days_friday_floor,https://www.cftc.gov/MarketReports/CommitmentsofTraders/ReleaseSchedule/index.htm,True,estimated,15:30 America/New_York,3
disaggregated_futures_only,2007-03-27,True,2009-10-20,,,2009-10-20,2009-10-20,2009-10-20,2009-10-21,announced_2009_disaggregated_backcast_archive,https://www.cftc.gov/PressRoom/PressReleases/5737-09,False,announced_archive_release,archive time unspecified; next observed session,938
legacy_futures_only,2007-03-27,False,2007-03-30,,,2007-03-30,2007-03-30,2007-03-30,2007-04-02,estimated_three_federal_business_days_friday_floor,https://www.cftc.gov/MarketReports/CommitmentsofTraders/ReleaseSchedule/index.htm,True,estimated,15:30 America/New_York,3
disaggregated_futures_only,2007-04-03,True,2009-10-20,,,2009-10-20,2009-10-20,2009-10-20,2009-10-21,announced_2009_disaggregated_backcast_archive,https://www.cftc.gov/PressRoom/PressReleases/5737-09,False,announced_archive_release,archive time unspecified; next observed session,931
legacy_futures_only,2007-04-03,False,2007-04-06,,,2007-04-06,2007-04-06,2007-04-06,2007-04-09,estimated_three_federal_business_days_friday_floor,https://www.cftc.gov/MarketReports/CommitmentsofTraders/ReleaseSchedule/index.htm,True,estimated,15:30 America/New_York,3
disaggregated_futures_only,2007-04-10,True,2009-10-20,,,2009-10-20,2009-10-20,2009-10-20,2009-10-21,announced_2009_disaggregated_backcast_archive,https://www.cftc.gov/PressRoom/PressReleases/5737-09,False,announced_archive_release,archive time unspecified; next observed session,924
legacy_futures_only,2007-04-10,False,2007-04-13,,,2007-04-13,2007-04-13,2007-04-13,2007-04-16,estimated_three_federal_business_days_friday_floor,https://www.cftc.gov/MarketReports/CommitmentsofTraders/ReleaseSchedule/index.htm,True,estimated,15:30 America/New_York,3
disaggregated_futures_only,2007-04-17,True,2009-10-20,,,2009-10-20,2009-10-20,2009-10-20,2009-10-21,announced_2009_disaggregated_backcast_archive,https://www.cftc.gov/PressRoom/PressReleases/5737-09,False,announced_archive_release,archive time unspecified; next observed session,917
legacy_futures_only,2007-04-17,False,2007-04-20,,,2007-04-20,2007-04-20,2007-04-20,2007-04-23,estimated_three_federal_business_days_friday_floor,https://www.cftc.gov/MarketReports/CommitmentsofTraders/ReleaseSchedule/index.htm,True,estimated,15:30 America/New_York,3
disaggregated_futures_only,2007-04-24,True,2009-10-20,,,2009-10-20,2009-10-20,2009-10-20,2009-10-21,announced_2009_disaggregated_backcast_archive,https://www.cftc.gov/PressRoom/PressReleases/5737-09,False,announced_archive_release,archive time unspecified; next observed session,910
legacy_futures_only,2007-04-24,False,2007-04-27,,,2007-04-27,2007-04-27,2007-04-27,2007-04-30,estimated_three_federal_business_days_friday_floor,https://www.cftc.gov/MarketReports/CommitmentsofTraders/ReleaseSchedule/index.htm,True,estimated,15:30 America/New_York,3
disaggregated_futures_only,2007-05-01,True,2009-10-20,,,2009-10-20,2009-10-20,2009-10-20,2009-10-21,announced_2009_disaggregated_backcast_archive,https://www.cftc.gov/PressRoom/PressReleases/5737-09,False,announced_archive_release,archive time unspecified; next observed session,903
legacy_futures_only,2007-05-01,False,2007-05-04,,,2007-05-04,2007-05-04,2007-05-04,2007-05-07,estimated_three_federal_business_days_friday_floor,https://www.cftc.gov/MarketReports/CommitmentsofTraders/ReleaseSchedule/index.htm,True,estimated,15:30 America/New_York,3
disaggregated_futures_only,2007-05-08,True,2009-10-20,,,2009-10-20,2009-10-20,2009-10-20,2009-10-21,announced_2009_disaggregated_backcast_archive,https://www.cftc.gov/PressRoom/PressReleases/5737-09,False,announced_archive_release,archive time unspecified; next observed session,896
legacy_futures_only,2007-05-08,False,2007-05-11,,,2007-05-11,2007-05-11,2007-05-11,2007-05-14,estimated_three_federal_business_days_friday_floor,https://www.cftc.gov/MarketReports/CommitmentsofTraders/ReleaseSchedule/index.htm,True,estimated,15:30 America/New_York,3
disaggregated_futures_only,2007-05-15,True,2009-10-20,,,2009-10-20,2009-10-20,2009-10-20,2009-10-21,announced_2009_disaggregated_backcast_archive,https://www.cftc.gov/PressRoom/PressReleases/5737-09,False,announced_archive_release,archive time unspecified; next observed session,889
legacy_futures_only,2007-05-15,False,2007-05-18,,,2007-05-18,2007-05-18,2007-05-18,2007-05-21,estimated_three_federal_business_days_friday_floor,https://www.cftc.gov/MarketReports/CommitmentsofTraders/ReleaseSchedule/index.htm,True,estimated,15:30 America/New_York,3
disaggregated_futures_only,2007-05-22,True,2009-10-20,,,2009-10-20,2009-10-20,2009-10-20,2009-10-21,announced_2009_disaggregated_backcast_archive,https://www.cftc.gov/PressRoom/PressReleases/5737-09,False,announced_archive_release,archive time unspecified; next observed session,882
legacy_futures_only,2007-05-22,False,2007-05-25,,,2007-05-25,2007-05-25,2007-05-25,2007-05-29,estimated_three_federal_business_days_friday_floor,https://www.cftc.gov/MarketReports/CommitmentsofTraders/ReleaseSchedule/index.htm,True,estimated,15:30 America/New_York,3
disaggregated_futures_only,2007-05-29,True,2009-10-20,,,2009-10-20,2009-10-20,2009-10-20,2009-10-21,announced_2009_disaggregated_backcast_archive,https://www.cftc.gov/PressRoom/PressReleases/5737-09,False,announced_archive_release,archive time unspecified; next observed session,875
legacy_futures_only,2007-05-29,False,2007-06-01,,,2007-06-01,2007-06-01,2007-06-01,2007-06-04,estimated_three_federal_business_days_friday_floor,https://www.cftc.gov/MarketReports/CommitmentsofTraders/ReleaseSchedule/index.htm,True,estimated,15:30 America/New_York,3
disaggregated_futures_only,2007-06-05,True,2009-10-20,,,2009-10-20,2009-10-20,2009-10-20,2009-10-21,announced_2009_disaggregated_backcast_archive,https://www.cftc.gov/PressRoom/PressReleases/5737-09,False,announced_archive_release,archive time unspecified; next observed session,868
legacy_futures_only,2007-06-05,False,2007-06-08,,,2007-06-08,2007-06-08,2007-06-08,2007-06-11,estimated_three_federal_business_days_friday_floor,https://www.cftc.gov/MarketReports/CommitmentsofTraders/ReleaseSchedule/index.htm,True,estimated,15:30 America/New_York,3
disaggregated_futures_only,2007-06-12,True,2009-10-20,,,2009-10-20,2009-10-20,2009-10-20,2009-10-21,announced_2009_disaggregated_backcast_archive,https://www.cftc.gov/PressRoom/PressReleases/5737-09,False,announced_archive_release,archive time unspecified; next observed session,861
legacy_futures_only,2007-06-12,False,2007-06-15,,,2007-06-15,2007-06-15,2007-06-15,2007-06-18,estimated_three_federal_business_days_friday_floor,https://www.cftc.gov/MarketReports/CommitmentsofTraders/ReleaseSchedule/index.htm,True,estimated,15:30 America/New_York,3
disaggregated_futures_only,2007-06-19,True,2009-10-20,,,2009-10-20,2009-10-20,2009-10-20,2009-10-21,announced_2009_disaggregated_backcast_archive,https://www.cftc.gov/PressRoom/PressReleases/5737-09,False,announced_archive_release,archive time unspecified; next observed session,854
legacy_futures_only,2007-06-19,False,2007-06-22,,,2007-06-22,2007-06-22,2007-06-22,2007-06-25,estimated_three_federal_business_days_friday_floor,https://www.cftc.gov/MarketReports/CommitmentsofTraders/ReleaseSchedule/index.htm,True,estimated,15:30 America/New_York,3
disaggregated_futures_only,2007-06-26,True,2009-10-20,,,2009-10-20,2009-10-20,2009-10-20,2009-10-21,announced_2009_disaggregated_backcast_archive,https://www.cftc.gov/PressRoom/PressReleases/5737-09,False,announced_archive_release,archive time unspecified; next observed session,847
legacy_futures_only,2007-06-26,False,2007-06-29,,,2007-06-29,2007-06-29,2007-06-29,2007-07-02,estimated_three_federal_business_days_friday_floor,https://www.cftc.gov/MarketReports/CommitmentsofTraders/ReleaseSchedule/index.htm,True,estimated,15:30 America/New_York,3
disaggregated_futures_only,2007-07-03,True,2009-10-20,,,2009-10-20,2009-10-20,2009-10-20,2009-10-21,announced_2009_disaggregated_backcast_archive,https://www.cftc.gov/PressRoom/PressReleases/5737-09,False,announced_archive_release,archive time unspecified; next observed session,840
legacy_futures_only,2007-07-03,False,2007-07-09,,,2007-07-09,2007-07-09,2007-07-09,2007-07-10,estimated_three_federal_business_days_friday_floor,https://www.cftc.gov/MarketReports/CommitmentsofTraders/ReleaseSchedule/index.htm,True,estimated,15:30 America/New_York,6
disaggregated_futures_only,2007-07-10,True,2009-10-20,,,2009-10-20,2009-10-20,2009-10-20,2009-10-21,announced_2009_disaggregated_backcast_archive,https://www.cftc.gov/PressRoom/PressReleases/5737-09,False,announced_archive_release,archive time unspecified; next observed session,833
legacy_futures_only,2007-07-10,False,2007-07-13,,,2007-07-13,2007-07-13,2007-07-13,2007-07-16,estimated_three_federal_business_days_friday_floor,https://www.cftc.gov/MarketReports/CommitmentsofTraders/ReleaseSchedule/index.htm,True,estimated,15:30 America/New_York,3
disaggregated_futures_only,2007-07-17,True,2009-10-20,,,2009-10-20,2009-10-20,2009-10-20,2009-10-21,announced_2009_disaggregated_backcast_archive,https://www.cftc.gov/PressRoom/PressReleases/5737-09,False,announced_archive_release,archive time unspecified; next observed session,826
legacy_futures_only,2007-07-17,False,2007-07-20,,,2007-07-20,2007-07-20,2007-07-20,2007-07-23,estimated_three_federal_business_days_friday_floor,https://www.cftc.gov/MarketReports/CommitmentsofTraders/ReleaseSchedule/index.htm,True,estimated,15:30 America/New_York,3
disaggregated_futures_only,2007-07-24,True,2009-10-20,,,2009-10-20,2009-10-20,2009-10-20,2009-10-21,announced_2009_disaggregated_backcast_archive,https://www.cftc.gov/PressRoom/PressReleases/5737-09,False,announced_archive_release,archive time unspecified; next observed session,819
legacy_futures_only,2007-07-24,False,2007-07-27,,,2007-07-27,2007-07-27,2007-07-27,2007-07-30,estimated_three_federal_business_days_friday_floor,https://www.cftc.gov/MarketReports/CommitmentsofTraders/ReleaseSchedule/index.htm,True,estimated,15:30 America/New_York,3
disaggregated_futures_only,2007-07-31,True,2009-10-20,,,2009-10-20,2009-10-20,2009-10-20,2009-10-21,announced_2009_disaggregated_backcast_archive,https://www.cftc.gov/PressRoom/PressReleases/5737-09,False,announced_archive_release,archive time unspecified; next observed session,812
legacy_futures_only,2007-07-31,False,2007-08-03,,,2007-08-03,2007-08-03,2007-08-03,2007-08-06,estimated_three_federal_business_days_friday_floor,https://www.cftc.gov/MarketReports/CommitmentsofTraders/ReleaseSchedule/index.htm,True,estimated,15:30 America/New_York,3
disaggregated_futures_only,2007-08-07,True,2009-10-20,,,2009-10-20,2009-10-20,2009-10-20,2009-10-21,announced_2009_disaggregated_backcast_archive,https://www.cftc.gov/PressRoom/PressReleases/5737-09,False,announced_archive_release,archive time unspecified; next observed session,805
legacy_futures_only,2007-08-07,False,2007-08-10,,,2007-08-10,2007-08-10,2007-08-10,2007-08-13,estimated_three_federal_business_days_friday_floor,https://www.cftc.gov/MarketReports/CommitmentsofTraders/ReleaseSchedule/index.htm,True,estimated,15:30 America/New_York,3
disaggregated_futures_only,2007-08-14,True,2009-10-20,,,2009-10-20,2009-10-20,2009-10-20,2009-10-21,announced_2009_disaggregated_backcast_archive,https://www.cftc.gov/PressRoom/PressReleases/5737-09,False,announced_archive_release,archive time unspecified; next observed session,798
legacy_futures_only,2007-08-14,False,2007-08-17,,,2007-08-17,2007-08-17,2007-08-17,2007-08-20,estimated_three_federal_business_days_friday_floor,https://www.cftc.gov/MarketReports/CommitmentsofTraders/ReleaseSchedule/index.htm,True,estimated,15:30 America/New_York,3
disaggregated_futures_only,2007-08-21,True,2009-10-20,,,2009-10-20,2009-10-20,2009-10-20,2009-10-21,announced_2009_disaggregated_backcast_archive,https://www.cftc.gov/PressRoom/PressReleases/5737-09,False,announced_archive_release,archive time unspecified; next observed session,791
legacy_futures_only,2007-08-21,False,2007-08-24,,,2007-08-24,2007-08-24,2007-08-24,2007-08-27,estimated_three_federal_business_days_friday_floor,https://www.cftc.gov/MarketReports/CommitmentsofTraders/ReleaseSchedule/index.htm,True,estimated,15:30 America/New_York,3
disaggregated_futures_only,2007-08-28,True,2009-10-20,,,2009-10-20,2009-10-20,2009-10-20,2009-10-21,announced_2009_disaggregated_backcast_archive,https://www.cftc.gov/PressRoom/PressReleases/5737-09,False,announced_archive_release,archive time unspecified; next observed session,784
legacy_futures_only,2007-08-28,False,2007-08-31,,,2007-08-31,2007-08-31,2007-08-31,2007-09-04,estimated_three_federal_business_days_friday_floor,https://www.cftc.gov/MarketReports/CommitmentsofTraders/ReleaseSchedule/index.htm,True,estimated,15:30 America/New_York,3
disaggregated_futures_only,2007-09-04,True,2009-10-20,,,2009-10-20,2009-10-20,2009-10-20,2009-10-21,announced_2009_disaggregated_backcast_archive,https://www.cftc.gov/PressRoom/PressReleases/5737-09,False,announced_archive_release,archive time unspecified; next observed session,777
legacy_futures_only,2007-09-04,False,2007-09-07,,,2007-09-07,2007-09-07,2007-09-07,2007-09-10,estimated_three_federal_business_days_friday_floor,https://www.cftc.gov/MarketReports/CommitmentsofTraders/ReleaseSchedule/index.htm,True,estimated,15:30 America/New_York,3
disaggregated_futures_only,2007-09-11,True,2009-10-20,,,2009-10-20,2009-10-20,2009-10-20,2009-10-21,announced_2009_disaggregated_backcast_archive,https://www.cftc.gov/PressRoom/PressReleases/5737-09,False,announced_archive_release,archive time unspecified; next observed session,770
legacy_futures_only,2007-09-11,False,2007-09-14,,,2007-09-14,2007-09-14,2007-09-14,2007-09-17,estimated_three_federal_business_days_friday_floor,https://www.cftc.gov/MarketReports/CommitmentsofTraders/ReleaseSchedule/index.htm,True,estimated,15:30 America/New_York,3
disaggregated_futures_only,2007-09-18,True,2009-10-20,,,2009-10-20,2009-10-20,2009-10-20,2009-10-21,announced_2009_disaggregated_backcast_archive,https://www.cftc.gov/PressRoom/PressReleases/5737-09,False,announced_archive_release,archive time unspecified; next observed session,763
legacy_futures_only,2007-09-18,False,2007-09-21,,,2007-09-21,2007-09-21,2007-09-21,2007-09-24,estimated_three_federal_business_days_friday_floor,https://www.cftc.gov/MarketReports/CommitmentsofTraders/ReleaseSchedule/index.htm,True,estimated,15:30 America/New_York,3
disaggregated_futures_only,2007-09-25,True,2009-10-20,,,2009-10-20,2009-10-20,2009-10-20,2009-10-21,announced_2009_disaggregated_backcast_archive,https://www.cftc.gov/PressRoom/PressReleases/5737-09,False,announced_archive_release,archive time unspecified; next observed session,756
legacy_futures_only,2007-09-25,False,2007-09-28,,,2007-09-28,2007-09-28,2007-09-28,2007-10-01,estimated_three_federal_business_days_friday_floor,https://www.cftc.gov/MarketReports/CommitmentsofTraders/ReleaseSchedule/index.htm,True,estimated,15:30 America/New_York,3
disaggregated_futures_only,2007-10-02,True,2009-10-20,,,2009-10-20,2009-10-20,2009-10-20,2009-10-21,announced_2009_disaggregated_backcast_archive,https://www.cftc.gov/PressRoom/PressReleases/5737-09,False,announced_archive_release,archive time unspecified; next observed session,749
legacy_futures_only,2007-10-02,False,2007-10-05,,,2007-10-05,2007-10-05,2007-10-05,2007-10-08,estimated_three_federal_business_days_friday_floor,https://www.cftc.gov/MarketReports/CommitmentsofTraders/ReleaseSchedule/index.htm,True,estimated,15:30 America/New_York,3
disaggregated_futures_only,2007-10-09,True,2009-10-20,,,2009-10-20,2009-10-20,2009-10-20,2009-10-21,announced_2009_disaggregated_backcast_archive,https://www.cftc.gov/PressRoom/PressReleases/5737-09,False,announced_archive_release,archive time unspecified; next observed session,742
legacy_futures_only,2007-10-09,False,2007-10-12,,,2007-10-12,2007-10-12,2007-10-12,2007-10-15,estimated_three_federal_business_days_friday_floor,https://www.cftc.gov/MarketReports/CommitmentsofTraders/ReleaseSchedule/index.htm,True,estimated,15:30 America/New_York,3
disaggregated_futures_only,2007-10-16,True,2009-10-20,,,2009-10-20,2009-10-20,2009-10-20,2009-10-21,announced_2009_disaggregated_backcast_archive,https://www.cftc.gov/PressRoom/PressReleases/5737-09,False,announced_archive_release,archive time unspecified; next observed session,735
legacy_futures_only,2007-10-16,False,2007-10-19,,,2007-10-19,2007-10-19,2007-10-19,2007-10-22,estimated_three_federal_business_days_friday_floor,https://www.cftc.gov/MarketReports/CommitmentsofTraders/ReleaseSchedule/index.htm,True,estimated,15:30 America/New_York,3
disaggregated_futures_only,2007-10-23,True,2009-10-20,,,2009-10-20,2009-10-20,2009-10-20,2009-10-21,announced_2009_disaggregated_backcast_archive,https://www.cftc.gov/PressRoom/PressReleases/5737-09,False,announced_archive_release,archive time unspecified; next observed session,728
legacy_futures_only,2007-10-23,False,2007-10-26,,,2007-10-26,2007-10-26,2007-10-26,2007-10-29,estimated_three_federal_business_days_friday_floor,https://www.cftc.gov/MarketReports/CommitmentsofTraders/ReleaseSchedule/index.htm,True,estimated,15:30 America/New_York,3
disaggregated_futures_only,2007-10-30,True,2009-10-20,,,2009-10-20,2009-10-20,2009-10-20,2009-10-21,announced_2009_disaggregated_backcast_archive,https://www.cftc.gov/PressRoom/PressReleases/5737-09,False,announced_archive_release,archive time unspecified; next observed session,721
legacy_futures_only,2007-10-30,False,2007-11-02,,,2007-11-02,2007-11-02,2007-11-02,2007-11-05,estimated_three_federal_business_days_friday_floor,https://www.cftc.gov/MarketReports/CommitmentsofTraders/ReleaseSchedule/index.htm,True,estimated,15:30 America/New_York,3
disaggregated_futures_only,2007-11-06,True,2009-10-20,,,2009-10-20,2009-10-20,2009-10-20,2009-10-21,announced_2009_disaggregated_backcast_archive,https://www.cftc.gov/PressRoom/PressReleases/5737-09,False,announced_archive_release,archive time unspecified; next observed session,714
legacy_futures_only,2007-11-06,False,2007-11-09,,,2007-11-09,2007-11-09,2007-11-09,2007-11-12,estimated_three_federal_business_days_friday_floor,https://www.cftc.gov/MarketReports/CommitmentsofTraders/ReleaseSchedule/index.htm,True,estimated,15:30 America/New_York,3
disaggregated_futures_only,2007-11-13,True,2009-10-20,,,2009-10-20,2009-10-20,2009-10-20,2009-10-21,announced_2009_disaggregated_backcast_archive,https://www.cftc.gov/PressRoom/PressReleases/5737-09,False,announced_archive_release,archive time unspecified; next observed session,707
legacy_futures_only,2007-11-13,False,2007-11-16,,,2007-11-16,2007-11-16,2007-11-16,2007-11-19,estimated_three_federal_business_days_friday_floor,https://www.cftc.gov/MarketReports/CommitmentsofTraders/ReleaseSchedule/index.htm,True,estimated,15:30 America/New_York,3
disaggregated_futures_only,2007-11-20,True,2009-10-20,,,2009-10-20,2009-10-20,2009-10-20,2009-10-21,announced_2009_disaggregated_backcast_archive,https://www.cftc.gov/PressRoom/PressReleases/5737-09,False,announced_archive_release,archive time unspecified; next observed session,700
legacy_futures_only,2007-11-20,False,2007-11-26,,,2007-11-26,2007-11-26,2007-11-26,2007-11-27,estimated_three_federal_business_days_friday_floor,https://www.cftc.gov/MarketReports/CommitmentsofTraders/ReleaseSchedule/index.htm,True,estimated,15:30 America/New_York,6
disaggregated_futures_only,2007-11-27,True,2009-10-20,,,2009-10-20,2009-10-20,2009-10-20,2009-10-21,announced_2009_disaggregated_backcast_archive,https://www.cftc.gov/PressRoom/PressReleases/5737-09,False,announced_archive_release,archive time unspecified; next observed session,693
legacy_futures_only,2007-11-27,False,2007-11-30,,,2007-11-30,2007-11-30,2007-11-30,2007-12-03,estimated_three_federal_business_days_friday_floor,https://www.cftc.gov/MarketReports/CommitmentsofTraders/ReleaseSchedule/index.htm,True,estimated,15:30 America/New_York,3
disaggregated_futures_only,2007-12-04,True,2009-10-20,,,2009-10-20,2009-10-20,2009-10-20,2009-10-21,announced_2009_disaggregated_backcast_archive,https://www.cftc.gov/PressRoom/PressReleases/5737-09,False,announced_archive_release,archive time unspecified; next observed session,686
legacy_futures_only,2007-12-04,False,2007-12-07,,,2007-12-07,2007-12-07,2007-12-07,2007-12-10,estimated_three_federal_business_days_friday_floor,https://www.cftc.gov/MarketReports/CommitmentsofTraders/ReleaseSchedule/index.htm,True,estimated,15:30 America/New_York,3
disaggregated_futures_only,2007-12-11,True,2009-10-20,,,2009-10-20,2009-10-20,2009-10-20,2009-10-21,announced_2009_disaggregated_backcast_archive,https://www.cftc.gov/PressRoom/PressReleases/5737-09,False,announced_archive_release,archive time unspecified; next observed session,679
legacy_futures_only,2007-12-11,False,2007-12-14,,,2007-12-14,2007-12-14,2007-12-14,2007-12-17,estimated_three_federal_business_days_friday_floor,https://www.cftc.gov/MarketReports/CommitmentsofTraders/ReleaseSchedule/index.htm,True,estimated,15:30 America/New_York,3
disaggregated_futures_only,2007-12-18,True,2009-10-20,,,2009-10-20,2009-10-20,2009-10-20,2009-10-21,announced_2009_disaggregated_backcast_archive,https://www.cftc.gov/PressRoom/PressReleases/5737-09,False,announced_archive_release,archive time unspecified; next observed session,672
legacy_futures_only,2007-12-18,False,2007-12-21,,,2007-12-21,2007-12-21,2007-12-21,2007-12-26,estimated_three_federal_business_days_friday_floor,https://www.cftc.gov/MarketReports/CommitmentsofTraders/ReleaseSchedule/index.htm,True,estimated,15:30 America/New_York,3
disaggregated_futures_only,2007-12-24,True,2009-10-20,,,2009-10-20,2009-10-20,2009-10-20,2009-10-21,announced_2009_disaggregated_backcast_archive,https://www.cftc.gov/PressRoom/PressReleases/5737-09,False,announced_archive_release,archive time unspecified; next observed session,666
legacy_futures_only,2007-12-24,False,2007-12-28,,,2007-12-28,2007-12-28,2007-12-28,2007-12-31,estimated_three_federal_business_days_friday_floor,https://www.cftc.gov/MarketReports/CommitmentsofTraders/ReleaseSchedule/index.htm,True,estimated,15:30 America/New_York,4
disaggregated_futures_only,2007-12-31,True,2009-10-20,,,2009-10-20,2009-10-20,2009-10-20,2009-10-21,announced_2009_disaggregated_backcast_archive,https://www.cftc.gov/PressRoom/PressReleases/5737-09,False,announced_archive_release,archive time unspecified; next observed session,659
legacy_futures_only,2007-12-31,False,2008-01-04,,,2008-01-04,2008-01-04,2008-01-04,2008-01-07,estimated_three_federal_business_days_friday_floor,https://www.cftc.gov/MarketReports/CommitmentsofTraders/ReleaseSchedule/index.htm,True,estimated,15:30 America/New_York,4
disaggregated_futures_only,2008-01-08,True,2009-10-20,,,2009-10-20,2009-10-20,2009-10-20,2009-10-21,announced_2009_disaggregated_backcast_archive,https://www.cftc.gov/PressRoom/PressReleases/5737-09,False,announced_archive_release,archive time unspecified; next observed session,651
legacy_futures_only,2008-01-08,False,2008-01-11,,,2008-01-11,2008-01-11,2008-01-11,2008-01-14,estimated_three_federal_business_days_friday_floor,https://www.cftc.gov/MarketReports/CommitmentsofTraders/ReleaseSchedule/index.htm,True,estimated,15:30 America/New_York,3
disaggregated_futures_only,2008-01-15,True,2009-10-20,,,2009-10-20,2009-10-20,2009-10-20,2009-10-21,announced_2009_disaggregated_backcast_archive,https://www.cftc.gov/PressRoom/PressReleases/5737-09,False,announced_archive_release,archive time unspecified; next observed session,644
legacy_futures_only,2008-01-15,False,2008-01-18,,,2008-01-18,2008-01-18,2008-01-18,2008-01-22,estimated_three_federal_business_days_friday_floor,https://www.cftc.gov/MarketReports/CommitmentsofTraders/ReleaseSchedule/index.htm,True,estimated,15:30 America/New_York,3
disaggregated_futures_only,2008-01-22,True,2009-10-20,,,2009-10-20,2009-10-20,2009-10-20,2009-10-21,announced_2009_disaggregated_backcast_archive,https://www.cftc.gov/PressRoom/PressReleases/5737-09,False,announced_archive_release,archive time unspecified; next observed session,637
legacy_futures_only,2008-01-22,False,2008-01-25,,,2008-01-25,2008-01-25,2008-01-25,2008-01-28,estimated_three_federal_business_days_friday_floor,https://www.cftc.gov/MarketReports/CommitmentsofTraders/ReleaseSchedule/index.htm,True,estimated,15:30 America/New_York,3
disaggregated_futures_only,2008-01-29,True,2009-10-20,,,2009-10-20,2009-10-20,2009-10-20,2009-10-21,announced_2009_disaggregated_backcast_archive,https://www.cftc.gov/PressRoom/PressReleases/5737-09,False,announced_archive_release,archive time unspecified; next observed session,630
legacy_futures_only,2008-01-29,False,2008-02-01,,,2008-02-01,2008-02-01,2008-02-01,2008-02-04,estimated_three_federal_business_days_friday_floor,https://www.cftc.gov/MarketReports/CommitmentsofTraders/ReleaseSchedule/index.htm,True,estimated,15:30 America/New_York,3
disaggregated_futures_only,2008-02-05,True,2009-10-20,,,2009-10-20,2009-10-20,2009-10-20,2009-10-21,announced_2009_disaggregated_backcast_archive,https://www.cftc.gov/PressRoom/PressReleases/5737-09,False,announced_archive_release,archive time unspecified; next observed session,623
legacy_futures_only,2008-02-05,False,2008-02-08,,,2008-02-08,2008-02-08,2008-02-08,2008-02-11,estimated_three_federal_business_days_friday_floor,https://www.cftc.gov/MarketReports/CommitmentsofTraders/ReleaseSchedule/index.htm,True,estimated,15:30 America/New_York,3
disaggregated_futures_only,2008-02-12,True,2009-10-20,,,2009-10-20,2009-10-20,2009-10-20,2009-10-21,announced_2009_disaggregated_backcast_archive,https://www.cftc.gov/PressRoom/PressReleases/5737-09,False,announced_archive_release,archive time unspecified; next observed session,616
legacy_futures_only,2008-02-12,False,2008-02-15,,,2008-02-15,2008-02-15,2008-02-15,2008-02-19,estimated_three_federal_business_days_friday_floor,https://www.cftc.gov/MarketReports/CommitmentsofTraders/ReleaseSchedule/index.htm,True,estimated,15:30 America/New_York,3
disaggregated_futures_only,2008-02-19,True,2009-10-20,,,2009-10-20,2009-10-20,2009-10-20,2009-10-21,announced_2009_disaggregated_backcast_archive,https://www.cftc.gov/PressRoom/PressReleases/5737-09,False,announced_archive_release,archive time unspecified; next observed session,609
legacy_futures_only,2008-02-19,False,2008-02-22,,,2008-02-22,2008-02-22,2008-02-22,2008-02-25,estimated_three_federal_business_days_friday_floor,https://www.cftc.gov/MarketReports/CommitmentsofTraders/ReleaseSchedule/index.htm,True,estimated,15:30 America/New_York,3
disaggregated_futures_only,2008-02-26,True,2009-10-20,,,2009-10-20,2009-10-20,2009-10-20,2009-10-21,announced_2009_disaggregated_backcast_archive,https://www.cftc.gov/PressRoom/PressReleases/5737-09,False,announced_archive_release,archive time unspecified; next observed session,602
legacy_futures_only,2008-02-26,False,2008-02-29,,,2008-02-29,2008-02-29,2008-02-29,2008-03-03,estimated_three_federal_business_days_friday_floor,https://www.cftc.gov/MarketReports/CommitmentsofTraders/ReleaseSchedule/index.htm,True,estimated,15:30 America/New_York,3
disaggregated_futures_only,2008-03-04,True,2009-10-20,,,2009-10-20,2009-10-20,2009-10-20,2009-10-21,announced_2009_disaggregated_backcast_archive,https://www.cftc.gov/PressRoom/PressReleases/5737-09,False,announced_archive_release,archive time unspecified; next observed session,595
legacy_futures_only,2008-03-04,False,2008-03-07,,,2008-03-07,2008-03-07,2008-03-07,2008-03-10,estimated_three_federal_business_days_friday_floor,https://www.cftc.gov/MarketReports/CommitmentsofTraders/ReleaseSchedule/index.htm,True,estimated,15:30 America/New_York,3
disaggregated_futures_only,2008-03-11,True,2009-10-20,,,2009-10-20,2009-10-20,2009-10-20,2009-10-21,announced_2009_disaggregated_backcast_archive,https://www.cftc.gov/PressRoom/PressReleases/5737-09,False,announced_archive_release,archive time unspecified; next observed session,588
legacy_futures_only,2008-03-11,False,2008-03-14,,,2008-03-14,2008-03-14,2008-03-14,2008-03-17,estimated_three_federal_business_days_friday_floor,https://www.cftc.gov/MarketReports/CommitmentsofTraders/ReleaseSchedule/index.htm,True,estimated,15:30 America/New_York,3
disaggregated_futures_only,2008-03-18,True,2009-10-20,,,2009-10-20,2009-10-20,2009-10-20,2009-10-21,announced_2009_disaggregated_backcast_archive,https://www.cftc.gov/PressRoom/PressReleases/5737-09,False,announced_archive_release,archive time unspecified; next observed session,581
legacy_futures_only,2008-03-18,False,2008-03-21,,,2008-03-21,2008-03-21,2008-03-21,2008-03-24,estimated_three_federal_business_days_friday_floor,https://www.cftc.gov/MarketReports/CommitmentsofTraders/ReleaseSchedule/index.htm,True,estimated,15:30 America/New_York,3
disaggregated_futures_only,2008-03-25,True,2009-10-20,,,2009-10-20,2009-10-20,2009-10-20,2009-10-21,announced_2009_disaggregated_backcast_archive,https://www.cftc.gov/PressRoom/PressReleases/5737-09,False,announced_archive_release,archive time unspecified; next observed session,574
legacy_futures_only,2008-03-25,False,2008-03-28,,,2008-03-28,2008-03-28,2008-03-28,2008-03-31,estimated_three_federal_business_days_friday_floor,https://www.cftc.gov/MarketReports/CommitmentsofTraders/ReleaseSchedule/index.htm,True,estimated,15:30 America/New_York,3
disaggregated_futures_only,2008-04-01,True,2009-10-20,,,2009-10-20,2009-10-20,2009-10-20,2009-10-21,announced_2009_disaggregated_backcast_archive,https://www.cftc.gov/PressRoom/PressReleases/5737-09,False,announced_archive_release,archive time unspecified; next observed session,567
legacy_futures_only,2008-04-01,False,2008-04-04,,,2008-04-04,2008-04-04,2008-04-04,2008-04-07,estimated_three_federal_business_days_friday_floor,https://www.cftc.gov/MarketReports/CommitmentsofTraders/ReleaseSchedule/index.htm,True,estimated,15:30 America/New_York,3
disaggregated_futures_only,2008-04-08,True,2009-10-20,,,2009-10-20,2009-10-20,2009-10-20,2009-10-21,announced_2009_disaggregated_backcast_archive,https://www.cftc.gov/PressRoom/PressReleases/5737-09,False,announced_archive_release,archive time unspecified; next observed session,560
legacy_futures_only,2008-04-08,False,2008-04-11,,,2008-04-11,2008-04-11,2008-04-11,2008-04-14,estimated_three_federal_business_days_friday_floor,https://www.cftc.gov/MarketReports/CommitmentsofTraders/ReleaseSchedule/index.htm,True,estimated,15:30 America/New_York,3
disaggregated_futures_only,2008-04-15,True,2009-10-20,,,2009-10-20,2009-10-20,2009-10-20,2009-10-21,announced_2009_disaggregated_backcast_archive,https://www.cftc.gov/PressRoom/PressReleases/5737-09,False,announced_archive_release,archive time unspecified; next observed session,553
legacy_futures_only,2008-04-15,False,2008-04-18,,,2008-04-18,2008-04-18,2008-04-18,2008-04-21,estimated_three_federal_business_days_friday_floor,https://www.cftc.gov/MarketReports/CommitmentsofTraders/ReleaseSchedule/index.htm,True,estimated,15:30 America/New_York,3
disaggregated_futures_only,2008-04-22,True,2009-10-20,,,2009-10-20,2009-10-20,2009-10-20,2009-10-21,announced_2009_disaggregated_backcast_archive,https://www.cftc.gov/PressRoom/PressReleases/5737-09,False,announced_archive_release,archive time unspecified; next observed session,546
legacy_futures_only,2008-04-22,False,2008-04-25,,,2008-04-25,2008-04-25,2008-04-25,2008-04-28,estimated_three_federal_business_days_friday_floor,https://www.cftc.gov/MarketReports/CommitmentsofTraders/ReleaseSchedule/index.htm,True,estimated,15:30 America/New_York,3
disaggregated_futures_only,2008-04-29,True,2009-10-20,,,2009-10-20,2009-10-20,2009-10-20,2009-10-21,announced_2009_disaggregated_backcast_archive,https://www.cftc.gov/PressRoom/PressReleases/5737-09,False,announced_archive_release,archive time unspecified; next observed session,539
legacy_futures_only,2008-04-29,False,2008-05-02,,,2008-05-02,2008-05-02,2008-05-02,2008-05-05,estimated_three_federal_business_days_friday_floor,https://www.cftc.gov/MarketReports/CommitmentsofTraders/ReleaseSchedule/index.htm,True,estimated,15:30 America/New_York,3
disaggregated_futures_only,2008-05-06,True,2009-10-20,,,2009-10-20,2009-10-20,2009-10-20,2009-10-21,announced_2009_disaggregated_backcast_archive,https://www.cftc.gov/PressRoom/PressReleases/5737-09,False,announced_archive_release,archive time unspecified; next observed session,532
legacy_futures_only,2008-05-06,False,2008-05-09,,,2008-05-09,2008-05-09,2008-05-09,2008-05-12,estimated_three_federal_business_days_friday_floor,https://www.cftc.gov/MarketReports/CommitmentsofTraders/ReleaseSchedule/index.htm,True,estimated,15:30 America/New_York,3
disaggregated_futures_only,2008-05-13,True,2009-10-20,,,2009-10-20,2009-10-20,2009-10-20,2009-10-21,announced_2009_disaggregated_backcast_archive,https://www.cftc.gov/PressRoom/PressReleases/5737-09,False,announced_archive_release,archive time unspecified; next observed session,525
legacy_futures_only,2008-05-13,False,2008-05-16,,,2008-05-16,2008-05-16,2008-05-16,2008-05-19,estimated_three_federal_business_days_friday_floor,https://www.cftc.gov/MarketReports/CommitmentsofTraders/ReleaseSchedule/index.htm,True,estimated,15:30 America/New_York,3
disaggregated_futures_only,2008-05-20,True,2009-10-20,,,2009-10-20,2009-10-20,2009-10-20,2009-10-21,announced_2009_disaggregated_backcast_archive,https://www.cftc.gov/PressRoom/PressReleases/5737-09,False,announced_archive_release,archive time unspecified; next observed session,518
legacy_futures_only,2008-05-20,False,2008-05-23,,,2008-05-23,2008-05-23,2008-05-23,2008-05-27,estimated_three_federal_business_days_friday_floor,https://www.cftc.gov/MarketReports/CommitmentsofTraders/ReleaseSchedule/index.htm,True,estimated,15:30 America/New_York,3
disaggregated_futures_only,2008-05-27,True,2009-10-20,,,2009-10-20,2009-10-20,2009-10-20,2009-10-21,announced_2009_disaggregated_backcast_archive,https://www.cftc.gov/PressRoom/PressReleases/5737-09,False,announced_archive_release,archive time unspecified; next observed session,511
legacy_futures_only,2008-05-27,False,2008-05-30,,,2008-05-30,2008-05-30,2008-05-30,2008-06-02,estimated_three_federal_business_days_friday_floor,https://www.cftc.gov/MarketReports/CommitmentsofTraders/ReleaseSchedule/index.htm,True,estimated,15:30 America/New_York,3
disaggregated_futures_only,2008-06-03,True,2009-10-20,,,2009-10-20,2009-10-20,2009-10-20,2009-10-21,announced_2009_disaggregated_backcast_archive,https://www.cftc.gov/PressRoom/PressReleases/5737-09,False,announced_archive_release,archive time unspecified; next observed session,504
legacy_futures_only,2008-06-03,False,2008-06-06,,,2008-06-06,2008-06-06,2008-06-06,2008-06-09,estimated_three_federal_business_days_friday_floor,https://www.cftc.gov/MarketReports/CommitmentsofTraders/ReleaseSchedule/index.htm,True,estimated,15:30 America/New_York,3
disaggregated_futures_only,2008-06-10,True,2009-10-20,,,2009-10-20,2009-10-20,2009-10-20,2009-10-21,announced_2009_disaggregated_backcast_archive,https://www.cftc.gov/PressRoom/PressReleases/5737-09,False,announced_archive_release,archive time unspecified; next observed session,497
legacy_futures_only,2008-06-10,False,2008-06-13,,,2008-06-13,2008-06-13,2008-06-13,2008-06-16,estimated_three_federal_business_days_friday_floor,https://www.cftc.gov/MarketReports/CommitmentsofTraders/ReleaseSchedule/index.htm,True,estimated,15:30 America/New_York,3
disaggregated_futures_only,2008-06-17,True,2009-10-20,,,2009-10-20,2009-10-20,2009-10-20,2009-10-21,announced_2009_disaggregated_backcast_archive,https://www.cftc.gov/PressRoom/PressReleases/5737-09,False,announced_archive_release,archive time unspecified; next observed session,490
legacy_futures_only,2008-06-17,False,2008-06-20,,,2008-06-20,2008-06-20,2008-06-20,2008-06-23,estimated_three_federal_business_days_friday_floor,https://www.cftc.gov/MarketReports/CommitmentsofTraders/ReleaseSchedule/index.htm,True,estimated,15:30 America/New_York,3
disaggregated_futures_only,2008-06-24,True,2009-10-20,,,2009-10-20,2009-10-20,2009-10-20,2009-10-21,announced_2009_disaggregated_backcast_archive,https://www.cftc.gov/PressRoom/PressReleases/5737-09,False,announced_archive_release,archive time unspecified; next observed session,483
legacy_futures_only,2008-06-24,False,2008-06-27,,,2008-06-27,2008-06-27,2008-06-27,2008-06-30,estimated_three_federal_business_days_friday_floor,https://www.cftc.gov/MarketReports/CommitmentsofTraders/ReleaseSchedule/index.htm,True,estimated,15:30 America/New_York,3
disaggregated_futures_only,2008-07-01,True,2009-10-20,,,2009-10-20,2009-10-20,2009-10-20,2009-10-21,announced_2009_disaggregated_backcast_archive,https://www.cftc.gov/PressRoom/PressReleases/5737-09,False,announced_archive_release,archive time unspecified; next observed session,476
legacy_futures_only,2008-07-01,False,2008-07-07,,,2008-07-07,2008-07-07,2008-07-07,2008-07-08,estimated_three_federal_business_days_friday_floor,https://www.cftc.gov/MarketReports/CommitmentsofTraders/ReleaseSchedule/index.htm,True,estimated,15:30 America/New_York,6
disaggregated_futures_only,2008-07-08,True,2009-10-20,,,2009-10-20,2009-10-20,2009-10-20,2009-10-21,announced_2009_disaggregated_backcast_archive,https://www.cftc.gov/PressRoom/PressReleases/5737-09,False,announced_archive_release,archive time unspecified; next observed session,469
legacy_futures_only,2008-07-08,False,2008-07-11,,,2008-07-11,2008-07-11,2008-07-11,2008-07-14,estimated_three_federal_business_days_friday_floor,https://www.cftc.gov/MarketReports/CommitmentsofTraders/ReleaseSchedule/index.htm,True,estimated,15:30 America/New_York,3
disaggregated_futures_only,2008-07-15,True,2009-10-20,,,2009-10-20,2009-10-20,2009-10-20,2009-10-21,announced_2009_disaggregated_backcast_archive,https://www.cftc.gov/PressRoom/PressReleases/5737-09,False,announced_archive_release,archive time unspecified; next observed session,462
legacy_futures_only,2008-07-15,False,2008-07-18,,,2008-07-18,2008-07-18,2008-07-18,2008-07-21,estimated_three_federal_business_days_friday_floor,https://www.cftc.gov/MarketReports/CommitmentsofTraders/ReleaseSchedule/index.htm,True,estimated,15:30 America/New_York,3
disaggregated_futures_only,2008-07-22,True,2009-10-20,,,2009-10-20,2009-10-20,2009-10-20,2009-10-21,announced_2009_disaggregated_backcast_archive,https://www.cftc.gov/PressRoom/PressReleases/5737-09,False,announced_archive_release,archive time unspecified; next observed session,455
legacy_futures_only,2008-07-22,False,2008-07-25,,,2008-07-25,2008-07-25,2008-07-25,2008-07-28,estimated_three_federal_business_days_friday_floor,https://www.cftc.gov/MarketReports/CommitmentsofTraders/ReleaseSchedule/index.htm,True,estimated,15:30 America/New_York,3
disaggregated_futures_only,2008-07-29,True,2009-10-20,,,2009-10-20,2009-10-20,2009-10-20,2009-10-21,announced_2009_disaggregated_backcast_archive,https://www.cftc.gov/PressRoom/PressReleases/5737-09,False,announced_archive_release,archive time unspecified; next observed session,448
legacy_futures_only,2008-07-29,False,2008-08-01,,,2008-08-01,2008-08-01,2008-08-01,2008-08-04,estimated_three_federal_business_days_friday_floor,https://www.cftc.gov/MarketReports/CommitmentsofTraders/ReleaseSchedule/index.htm,True,estimated,15:30 America/New_York,3
disaggregated_futures_only,2008-08-05,True,2009-10-20,,,2009-10-20,2009-10-20,2009-10-20,2009-10-21,announced_2009_disaggregated_backcast_archive,https://www.cftc.gov/PressRoom/PressReleases/5737-09,False,announced_archive_release,archive time unspecified; next observed session,441
legacy_futures_only,2008-08-05,False,2008-08-08,,,2008-08-08,2008-08-08,2008-08-08,2008-08-11,estimated_three_federal_business_days_friday_floor,https://www.cftc.gov/MarketReports/CommitmentsofTraders/ReleaseSchedule/index.htm,True,estimated,15:30 America/New_York,3
disaggregated_futures_only,2008-08-12,True,2009-10-20,,,2009-10-20,2009-10-20,2009-10-20,2009-10-21,announced_2009_disaggregated_backcast_archive,https://www.cftc.gov/PressRoom/PressReleases/5737-09,False,announced_archive_release,archive time unspecified; next observed session,434
legacy_futures_only,2008-08-12,False,2008-08-15,,,2008-08-15,2008-08-15,2008-08-15,2008-08-18,estimated_three_federal_business_days_friday_floor,https://www.cftc.gov/MarketReports/CommitmentsofTraders/ReleaseSchedule/index.htm,True,estimated,15:30 America/New_York,3
disaggregated_futures_only,2008-08-19,True,2009-10-20,,,2009-10-20,2009-10-20,2009-10-20,2009-10-21,announced_2009_disaggregated_backcast_archive,https://www.cftc.gov/PressRoom/PressReleases/5737-09,False,announced_archive_release,archive time unspecified; next observed session,427
legacy_futures_only,2008-08-19,False,2008-08-22,,,2008-08-22,2008-08-22,2008-08-22,2008-08-25,estimated_three_federal_business_days_friday_floor,https://www.cftc.gov/MarketReports/CommitmentsofTraders/ReleaseSchedule/index.htm,True,estimated,15:30 America/New_York,3
disaggregated_futures_only,2008-08-26,True,2009-10-20,,,2009-10-20,2009-10-20,2009-10-20,2009-10-21,announced_2009_disaggregated_backcast_archive,https://www.cftc.gov/PressRoom/PressReleases/5737-09,False,announced_archive_release,archive time unspecified; next observed session,420
legacy_futures_only,2008-08-26,False,2008-08-29,,,2008-08-29,2008-08-29,2008-08-29,2008-09-02,estimated_three_federal_business_days_friday_floor,https://www.cftc.gov/MarketReports/CommitmentsofTraders/ReleaseSchedule/index.htm,True,estimated,15:30 America/New_York,3
disaggregated_futures_only,2008-09-02,True,2009-10-20,,,2009-10-20,2009-10-20,2009-10-20,2009-10-21,announced_2009_disaggregated_backcast_archive,https://www.cftc.gov/PressRoom/PressReleases/5737-09,False,announced_archive_release,archive time unspecified; next observed session,413
legacy_futures_only,2008-09-02,False,2008-09-05,,,2008-09-05,2008-09-05,2008-09-05,2008-09-08,estimated_three_federal_business_days_friday_floor,https://www.cftc.gov/MarketReports/CommitmentsofTraders/ReleaseSchedule/index.htm,True,estimated,15:30 America/New_York,3
disaggregated_futures_only,2008-09-09,True,2009-10-20,,,2009-10-20,2009-10-20,2009-10-20,2009-10-21,announced_2009_disaggregated_backcast_archive,https://www.cftc.gov/PressRoom/PressReleases/5737-09,False,announced_archive_release,archive time unspecified; next observed session,406
legacy_futures_only,2008-09-09,False,2008-09-12,,,2008-09-12,2008-09-12,2008-09-12,2008-09-15,estimated_three_federal_business_days_friday_floor,https://www.cftc.gov/MarketReports/CommitmentsofTraders/ReleaseSchedule/index.htm,True,estimated,15:30 America/New_York,3
disaggregated_futures_only,2008-09-16,True,2009-10-20,,,2009-10-20,2009-10-20,2009-10-20,2009-10-21,announced_2009_disaggregated_backcast_archive,https://www.cftc.gov/PressRoom/PressReleases/5737-09,False,announced_archive_release,archive time unspecified; next observed session,399
legacy_futures_only,2008-09-16,False,2008-09-19,,,2008-09-19,2008-09-19,2008-09-19,2008-09-22,estimated_three_federal_business_days_friday_floor,https://www.cftc.gov/MarketReports/CommitmentsofTraders/ReleaseSchedule/index.htm,True,estimated,15:30 America/New_York,3
disaggregated_futures_only,2008-09-23,True,2009-10-20,,,2009-10-20,2009-10-20,2009-10-20,2009-10-21,announced_2009_disaggregated_backcast_archive,https://www.cftc.gov/PressRoom/PressReleases/5737-09,False,announced_archive_release,archive time unspecified; next observed session,392
legacy_futures_only,2008-09-23,False,2008-09-26,,,2008-09-26,2008-09-26,2008-09-26,2008-09-29,estimated_three_federal_business_days_friday_floor,https://www.cftc.gov/MarketReports/CommitmentsofTraders/ReleaseSchedule/index.htm,True,estimated,15:30 America/New_York,3
disaggregated_futures_only,2008-09-30,True,2009-10-20,,,2009-10-20,2009-10-20,2009-10-20,2009-10-21,announced_2009_disaggregated_backcast_archive,https://www.cftc.gov/PressRoom/PressReleases/5737-09,False,announced_archive_release,archive time unspecified; next observed session,385
legacy_futures_only,2008-09-30,False,2008-10-03,,,2008-10-03,2008-10-03,2008-10-03,2008-10-06,estimated_three_federal_business_days_friday_floor,https://www.cftc.gov/MarketReports/CommitmentsofTraders/ReleaseSchedule/index.htm,True,estimated,15:30 America/New_York,3
disaggregated_futures_only,2008-10-07,True,2009-10-20,,,2009-10-20,2009-10-20,2009-10-20,2009-10-21,announced_2009_disaggregated_backcast_archive,https://www.cftc.gov/PressRoom/PressReleases/5737-09,False,announced_archive_release,archive time unspecified; next observed session,378
legacy_futures_only,2008-10-07,False,2008-10-10,,,2008-10-10,2008-10-10,2008-10-10,2008-10-13,estimated_three_federal_business_days_friday_floor,https://www.cftc.gov/MarketReports/CommitmentsofTraders/ReleaseSchedule/index.htm,True,estimated,15:30 America/New_York,3
disaggregated_futures_only,2008-10-14,True,2009-10-20,,,2009-10-20,2009-10-20,2009-10-20,2009-10-21,announced_2009_disaggregated_backcast_archive,https://www.cftc.gov/PressRoom/PressReleases/5737-09,False,announced_archive_release,archive time unspecified; next observed session,371
legacy_futures_only,2008-10-14,False,2008-10-17,,,2008-10-17,2008-10-17,2008-10-17,2008-10-20,estimated_three_federal_business_days_friday_floor,https://www.cftc.gov/MarketReports/CommitmentsofTraders/ReleaseSchedule/index.htm,True,estimated,15:30 America/New_York,3
disaggregated_futures_only,2008-10-21,True,2009-10-20,,,2009-10-20,2009-10-20,2009-10-20,2009-10-21,announced_2009_disaggregated_backcast_archive,https://www.cftc.gov/PressRoom/PressReleases/5737-09,False,announced_archive_release,archive time unspecified; next observed session,364
legacy_futures_only,2008-10-21,False,2008-10-24,,,2008-10-24,2008-10-24,2008-10-24,2008-10-27,estimated_three_federal_business_days_friday_floor,https://www.cftc.gov/MarketReports/CommitmentsofTraders/ReleaseSchedule/index.htm,True,estimated,15:30 America/New_York,3
disaggregated_futures_only,2008-10-28,True,2009-10-20,,,2009-10-20,2009-10-20,2009-10-20,2009-10-21,announced_2009_disaggregated_backcast_archive,https://www.cftc.gov/PressRoom/PressReleases/5737-09,False,announced_archive_release,archive time unspecified; next observed session,357
legacy_futures_only,2008-10-28,False,2008-10-31,,,2008-10-31,2008-10-31,2008-10-31,2008-11-03,estimated_three_federal_business_days_friday_floor,https://www.cftc.gov/MarketReports/CommitmentsofTraders/ReleaseSchedule/index.htm,True,estimated,15:30 America/New_York,3
disaggregated_futures_only,2008-11-04,True,2009-10-20,,,2009-10-20,2009-10-20,2009-10-20,2009-10-21,announced_2009_disaggregated_backcast_archive,https://www.cftc.gov/PressRoom/PressReleases/5737-09,False,announced_archive_release,archive time unspecified; next observed session,350
legacy_futures_only,2008-11-04,False,2008-11-07,,,2008-11-07,2008-11-07,2008-11-07,2008-11-10,estimated_three_federal_business_days_friday_floor,https://www.cftc.gov/MarketReports/CommitmentsofTraders/ReleaseSchedule/index.htm,True,estimated,15:30 America/New_York,3
disaggregated_futures_only,2008-11-11,True,2009-10-20,,,2009-10-20,2009-10-20,2009-10-20,2009-10-21,announced_2009_disaggregated_backcast_archive,https://www.cftc.gov/PressRoom/PressReleases/5737-09,False,announced_archive_release,archive time unspecified; next observed session,343
legacy_futures_only,2008-11-11,False,2008-11-14,,,2008-11-14,2008-11-14,2008-11-14,2008-11-17,estimated_three_federal_business_days_friday_floor,https://www.cftc.gov/MarketReports/CommitmentsofTraders/ReleaseSchedule/index.htm,True,estimated,15:30 America/New_York,3
disaggregated_futures_only,2008-11-18,True,2009-10-20,,,2009-10-20,2009-10-20,2009-10-20,2009-10-21,announced_2009_disaggregated_backcast_archive,https://www.cftc.gov/PressRoom/PressReleases/5737-09,False,announced_archive_release,archive time unspecified; next observed session,336
legacy_futures_only,2008-11-18,False,2008-11-21,,,2008-11-21,2008-11-21,2008-11-21,2008-11-24,estimated_three_federal_business_days_friday_floor,https://www.cftc.gov/MarketReports/CommitmentsofTraders/ReleaseSchedule/index.htm,True,estimated,15:30 America/New_York,3
disaggregated_futures_only,2008-11-25,True,2009-10-20,,,2009-10-20,2009-10-20,2009-10-20,2009-10-21,announced_2009_disaggregated_backcast_archive,https://www.cftc.gov/PressRoom/PressReleases/5737-09,False,announced_archive_release,archive time unspecified; next observed session,329
legacy_futures_only,2008-11-25,False,2008-12-01,,,2008-12-01,2008-12-01,2008-12-01,2008-12-02,estimated_three_federal_business_days_friday_floor,https://www.cftc.gov/MarketReports/CommitmentsofTraders/ReleaseSchedule/index.htm,True,estimated,15:30 America/New_York,6
disaggregated_futures_only,2008-12-02,True,2009-10-20,,,2009-10-20,2009-10-20,2009-10-20,2009-10-21,announced_2009_disaggregated_backcast_archive,https://www.cftc.gov/PressRoom/PressReleases/5737-09,False,announced_archive_release,archive time unspecified; next observed session,322
legacy_futures_only,2008-12-02,False,2008-12-05,,,2008-12-05,2008-12-05,2008-12-05,2008-12-08,estimated_three_federal_business_days_friday_floor,https://www.cftc.gov/MarketReports/CommitmentsofTraders/ReleaseSchedule/index.htm,True,estimated,15:30 America/New_York,3
disaggregated_futures_only,2008-12-09,True,2009-10-20,,,2009-10-20,2009-10-20,2009-10-20,2009-10-21,announced_2009_disaggregated_backcast_archive,https://www.cftc.gov/PressRoom/PressReleases/5737-09,False,announced_archive_release,archive time unspecified; next observed session,315
legacy_futures_only,2008-12-09,False,2008-12-12,,,2008-12-12,2008-12-12,2008-12-12,2008-12-15,estimated_three_federal_business_days_friday_floor,https://www.cftc.gov/MarketReports/CommitmentsofTraders/ReleaseSchedule/index.htm,True,estimated,15:30 America/New_York,3
disaggregated_futures_only,2008-12-16,True,2009-10-20,,,2009-10-20,2009-10-20,2009-10-20,2009-10-21,announced_2009_disaggregated_backcast_archive,https://www.cftc.gov/PressRoom/PressReleases/5737-09,False,announced_archive_release,archive time unspecified; next observed session,308
legacy_futures_only,2008-12-16,False,2008-12-19,,,2008-12-19,2008-12-19,2008-12-19,2008-12-22,estimated_three_federal_business_days_friday_floor,https://www.cftc.gov/MarketReports/CommitmentsofTraders/ReleaseSchedule/index.htm,True,estimated,15:30 America/New_York,3
disaggregated_futures_only,2008-12-22,True,2009-10-20,,,2009-10-20,2009-10-20,2009-10-20,2009-10-21,announced_2009_disaggregated_backcast_archive,https://www.cftc.gov/PressRoom/PressReleases/5737-09,False,announced_archive_release,archive time unspecified; next observed session,302
legacy_futures_only,2008-12-22,False,2008-12-29,,,2008-12-29,2008-12-29,2008-12-29,2008-12-30,announced_2008_holiday,https://www.cftc.gov/MarketReports/CommitmentsofTraders/HistoricalSpecialAnnouncements/index.htm,True,announced_schedule,15:30 America/New_York,7
disaggregated_futures_only,2008-12-30,True,2009-10-20,,,2009-10-20,2009-10-20,2009-10-20,2009-10-21,announced_2009_disaggregated_backcast_archive,https://www.cftc.gov/PressRoom/PressReleases/5737-09,False,announced_archive_release,archive time unspecified; next observed session,294
legacy_futures_only,2008-12-30,False,2009-01-05,,,2009-01-05,2009-01-05,2009-01-05,2009-01-06,estimated_three_federal_business_days_friday_floor,https://www.cftc.gov/MarketReports/CommitmentsofTraders/ReleaseSchedule/index.htm,True,estimated,15:30 America/New_York,6
disaggregated_futures_only,2009-01-06,True,2009-10-20,,,2009-10-20,2009-10-20,2009-10-20,2009-10-21,announced_2009_disaggregated_backcast_archive,https://www.cftc.gov/PressRoom/PressReleases/5737-09,False,announced_archive_release,archive time unspecified; next observed session,287
legacy_futures_only,2009-01-06,False,2009-01-09,,,2009-01-09,2009-01-09,2009-01-09,2009-01-12,estimated_three_federal_business_days_friday_floor,https://www.cftc.gov/MarketReports/CommitmentsofTraders/ReleaseSchedule/index.htm,True,estimated,15:30 America/New_York,3
disaggregated_futures_only,2009-01-13,True,2009-10-20,,,2009-10-20,2009-10-20,2009-10-20,2009-10-21,announced_2009_disaggregated_backcast_archive,https://www.cftc.gov/PressRoom/PressReleases/5737-09,False,announced_archive_release,archive time unspecified; next observed session,280
legacy_futures_only,2009-01-13,False,2009-01-16,,,2009-01-16,2009-01-16,2009-01-16,2009-01-20,estimated_three_federal_business_days_friday_floor,https://www.cftc.gov/MarketReports/CommitmentsofTraders/ReleaseSchedule/index.htm,True,estimated,15:30 America/New_York,3
disaggregated_futures_only,2009-01-20,True,2009-10-20,,,2009-10-20,2009-10-20,2009-10-20,2009-10-21,announced_2009_disaggregated_backcast_archive,https://www.cftc.gov/PressRoom/PressReleases/5737-09,False,announced_archive_release,archive time unspecified; next observed session,273
legacy_futures_only,2009-01-20,False,2009-01-23,,,2009-01-23,2009-01-23,2009-01-23,2009-01-26,estimated_three_federal_business_days_friday_floor,https://www.cftc.gov/MarketReports/CommitmentsofTraders/ReleaseSchedule/index.htm,True,estimated,15:30 America/New_York,3
disaggregated_futures_only,2009-01-27,True,2009-10-20,,,2009-10-20,2009-10-20,2009-10-20,2009-10-21,announced_2009_disaggregated_backcast_archive,https://www.cftc.gov/PressRoom/PressReleases/5737-09,False,announced_archive_release,archive time unspecified; next observed session,266
legacy_futures_only,2009-01-27,False,2009-01-30,,,2009-01-30,2009-01-30,2009-01-30,2009-02-02,estimated_three_federal_business_days_friday_floor,https://www.cftc.gov/MarketReports/CommitmentsofTraders/ReleaseSchedule/index.htm,True,estimated,15:30 America/New_York,3
disaggregated_futures_only,2009-02-03,True,2009-10-20,,,2009-10-20,2009-10-20,2009-10-20,2009-10-21,announced_2009_disaggregated_backcast_archive,https://www.cftc.gov/PressRoom/PressReleases/5737-09,False,announced_archive_release,archive time unspecified; next observed session,259
legacy_futures_only,2009-02-03,False,2009-02-06,,,2009-02-06,2009-02-06,2009-02-06,2009-02-09,estimated_three_federal_business_days_friday_floor,https://www.cftc.gov/MarketReports/CommitmentsofTraders/ReleaseSchedule/index.htm,True,estimated,15:30 America/New_York,3
disaggregated_futures_only,2009-02-10,True,2009-10-20,,,2009-10-20,2009-10-20,2009-10-20,2009-10-21,announced_2009_disaggregated_backcast_archive,https://www.cftc.gov/PressRoom/PressReleases/5737-09,False,announced_archive_release,archive time unspecified; next observed session,252
legacy_futures_only,2009-02-10,False,2009-02-13,,,2009-02-13,2009-02-13,2009-02-13,2009-02-17,estimated_three_federal_business_days_friday_floor,https://www.cftc.gov/MarketReports/CommitmentsofTraders/ReleaseSchedule/index.htm,True,estimated,15:30 America/New_York,3
disaggregated_futures_only,2009-02-17,True,2009-10-20,,,2009-10-20,2009-10-20,2009-10-20,2009-10-21,announced_2009_disaggregated_backcast_archive,https://www.cftc.gov/PressRoom/PressReleases/5737-09,False,announced_archive_release,archive time unspecified; next observed session,245
legacy_futures_only,2009-02-17,False,2009-02-20,,,2009-02-20,2009-02-20,2009-02-20,2009-02-23,estimated_three_federal_business_days_friday_floor,https://www.cftc.gov/MarketReports/CommitmentsofTraders/ReleaseSchedule/index.htm,True,estimated,15:30 America/New_York,3
disaggregated_futures_only,2009-02-24,True,2009-10-20,,,2009-10-20,2009-10-20,2009-10-20,2009-10-21,announced_2009_disaggregated_backcast_archive,https://www.cftc.gov/PressRoom/PressReleases/5737-09,False,announced_archive_release,archive time unspecified; next observed session,238
legacy_futures_only,2009-02-24,False,2009-02-27,,,2009-02-27,2009-02-27,2009-02-27,2009-03-02,estimated_three_federal_business_days_friday_floor,https://www.cftc.gov/MarketReports/CommitmentsofTraders/ReleaseSchedule/index.htm,True,estimated,15:30 America/New_York,3
disaggregated_futures_only,2009-03-03,True,2009-10-20,,,2009-10-20,2009-10-20,2009-10-20,2009-10-21,announced_2009_disaggregated_backcast_archive,https://www.cftc.gov/PressRoom/PressReleases/5737-09,False,announced_archive_release,archive time unspecified; next observed session,231
legacy_futures_only,2009-03-03,False,2009-03-06,,,2009-03-06,2009-03-06,2009-03-06,2009-03-09,estimated_three_federal_business_days_friday_floor,https://www.cftc.gov/MarketReports/CommitmentsofTraders/ReleaseSchedule/index.htm,True,estimated,15:30 America/New_York,3
disaggregated_futures_only,2009-03-10,True,2009-10-20,,,2009-10-20,2009-10-20,2009-10-20,2009-10-21,announced_2009_disaggregated_backcast_archive,https://www.cftc.gov/PressRoom/PressReleases/5737-09,False,announced_archive_release,archive time unspecified; next observed session,224
legacy_futures_only,2009-03-10,False,2009-03-13,,,2009-03-13,2009-03-13,2009-03-13,2009-03-16,estimated_three_federal_business_days_friday_floor,https://www.cftc.gov/MarketReports/CommitmentsofTraders/ReleaseSchedule/index.htm,True,estimated,15:30 America/New_York,3
disaggregated_futures_only,2009-03-17,True,2009-10-20,,,2009-10-20,2009-10-20,2009-10-20,2009-10-21,announced_2009_disaggregated_backcast_archive,https://www.cftc.gov/PressRoom/PressReleases/5737-09,False,announced_archive_release,archive time unspecified; next observed session,217
legacy_futures_only,2009-03-17,False,2009-03-20,,,2009-03-20,2009-03-20,2009-03-20,2009-03-23,estimated_three_federal_business_days_friday_floor,https://www.cftc.gov/MarketReports/CommitmentsofTraders/ReleaseSchedule/index.htm,True,estimated,15:30 America/New_York,3
disaggregated_futures_only,2009-03-24,True,2009-10-20,,,2009-10-20,2009-10-20,2009-10-20,2009-10-21,announced_2009_disaggregated_backcast_archive,https://www.cftc.gov/PressRoom/PressReleases/5737-09,False,announced_archive_release,archive time unspecified; next observed session,210
legacy_futures_only,2009-03-24,False,2009-03-27,,,2009-03-27,2009-03-27,2009-03-27,2009-03-30,estimated_three_federal_business_days_friday_floor,https://www.cftc.gov/MarketReports/CommitmentsofTraders/ReleaseSchedule/index.htm,True,estimated,15:30 America/New_York,3
disaggregated_futures_only,2009-03-31,True,2009-10-20,,,2009-10-20,2009-10-20,2009-10-20,2009-10-21,announced_2009_disaggregated_backcast_archive,https://www.cftc.gov/PressRoom/PressReleases/5737-09,False,announced_archive_release,archive time unspecified; next observed session,203
legacy_futures_only,2009-03-31,False,2009-04-03,,,2009-04-03,2009-04-03,2009-04-03,2009-04-06,estimated_three_federal_business_days_friday_floor,https://www.cftc.gov/MarketReports/CommitmentsofTraders/ReleaseSchedule/index.htm,True,estimated,15:30 America/New_York,3
disaggregated_futures_only,2009-04-07,True,2009-10-20,,,2009-10-20,2009-10-20,2009-10-20,2009-10-21,announced_2009_disaggregated_backcast_archive,https://www.cftc.gov/PressRoom/PressReleases/5737-09,False,announced_archive_release,archive time unspecified; next observed session,196
legacy_futures_only,2009-04-07,False,2009-04-10,,,2009-04-10,2009-04-10,2009-04-10,2009-04-13,estimated_three_federal_business_days_friday_floor,https://www.cftc.gov/MarketReports/CommitmentsofTraders/ReleaseSchedule/index.htm,True,estimated,15:30 America/New_York,3
disaggregated_futures_only,2009-04-14,True,2009-10-20,,,2009-10-20,2009-10-20,2009-10-20,2009-10-21,announced_2009_disaggregated_backcast_archive,https://www.cftc.gov/PressRoom/PressReleases/5737-09,False,announced_archive_release,archive time unspecified; next observed session,189
legacy_futures_only,2009-04-14,False,2009-04-17,,,2009-04-17,2009-04-17,2009-04-17,2009-04-20,estimated_three_federal_business_days_friday_floor,https://www.cftc.gov/MarketReports/CommitmentsofTraders/ReleaseSchedule/index.htm,True,estimated,15:30 America/New_York,3
disaggregated_futures_only,2009-04-21,True,2009-10-20,,,2009-10-20,2009-10-20,2009-10-20,2009-10-21,announced_2009_disaggregated_backcast_archive,https://www.cftc.gov/PressRoom/PressReleases/5737-09,False,announced_archive_release,archive time unspecified; next observed session,182
legacy_futures_only,2009-04-21,False,2009-04-24,,,2009-04-24,2009-04-24,2009-04-24,2009-04-27,estimated_three_federal_business_days_friday_floor,https://www.cftc.gov/MarketReports/CommitmentsofTraders/ReleaseSchedule/index.htm,True,estimated,15:30 America/New_York,3
disaggregated_futures_only,2009-04-28,True,2009-10-20,,,2009-10-20,2009-10-20,2009-10-20,2009-10-21,announced_2009_disaggregated_backcast_archive,https://www.cftc.gov/PressRoom/PressReleases/5737-09,False,announced_archive_release,archive time unspecified; next observed session,175
legacy_futures_only,2009-04-28,False,2009-05-01,,,2009-05-01,2009-05-01,2009-05-01,2009-05-04,estimated_three_federal_business_days_friday_floor,https://www.cftc.gov/MarketReports/CommitmentsofTraders/ReleaseSchedule/index.htm,True,estimated,15:30 America/New_York,3
disaggregated_futures_only,2009-05-05,True,2009-10-20,,,2009-10-20,2009-10-20,2009-10-20,2009-10-21,announced_2009_disaggregated_backcast_archive,https://www.cftc.gov/PressRoom/PressReleases/5737-09,False,announced_archive_release,archive time unspecified; next observed session,168
legacy_futures_only,2009-05-05,False,2009-05-08,,,2009-05-08,2009-05-08,2009-05-08,2009-05-11,estimated_three_federal_business_days_friday_floor,https://www.cftc.gov/MarketReports/CommitmentsofTraders/ReleaseSchedule/index.htm,True,estimated,15:30 America/New_York,3
disaggregated_futures_only,2009-05-12,True,2009-10-20,,,2009-10-20,2009-10-20,2009-10-20,2009-10-21,announced_2009_disaggregated_backcast_archive,https://www.cftc.gov/PressRoom/PressReleases/5737-09,False,announced_archive_release,archive time unspecified; next observed session,161
legacy_futures_only,2009-05-12,False,2009-05-15,,,2009-05-15,2009-05-15,2009-05-15,2009-05-18,estimated_three_federal_business_days_friday_floor,https://www.cftc.gov/MarketReports/CommitmentsofTraders/ReleaseSchedule/index.htm,True,estimated,15:30 America/New_York,3
disaggregated_futures_only,2009-05-19,True,2009-10-20,,,2009-10-20,2009-10-20,2009-10-20,2009-10-21,announced_2009_disaggregated_backcast_archive,https://www.cftc.gov/PressRoom/PressReleases/5737-09,False,announced_archive_release,archive time unspecified; next observed session,154
legacy_futures_only,2009-05-19,False,2009-05-22,,,2009-05-22,2009-05-22,2009-05-22,2009-05-26,estimated_three_federal_business_days_friday_floor,https://www.cftc.gov/MarketReports/CommitmentsofTraders/ReleaseSchedule/index.htm,True,estimated,15:30 America/New_York,3
disaggregated_futures_only,2009-05-26,True,2009-10-20,,,2009-10-20,2009-10-20,2009-10-20,2009-10-21,announced_2009_disaggregated_backcast_archive,https://www.cftc.gov/PressRoom/PressReleases/5737-09,False,announced_archive_release,archive time unspecified; next observed session,147
legacy_futures_only,2009-05-26,False,2009-05-29,,,2009-05-29,2009-05-29,2009-05-29,2009-06-01,estimated_three_federal_business_days_friday_floor,https://www.cftc.gov/MarketReports/CommitmentsofTraders/ReleaseSchedule/index.htm,True,estimated,15:30 America/New_York,3
disaggregated_futures_only,2009-06-02,True,2009-10-20,,,2009-10-20,2009-10-20,2009-10-20,2009-10-21,announced_2009_disaggregated_backcast_archive,https://www.cftc.gov/PressRoom/PressReleases/5737-09,False,announced_archive_release,archive time unspecified; next observed session,140
legacy_futures_only,2009-06-02,False,2009-06-05,,,2009-06-05,2009-06-05,2009-06-05,2009-06-08,estimated_three_federal_business_days_friday_floor,https://www.cftc.gov/MarketReports/CommitmentsofTraders/ReleaseSchedule/index.htm,True,estimated,15:30 America/New_York,3
disaggregated_futures_only,2009-06-09,True,2009-10-20,,,2009-10-20,2009-10-20,2009-10-20,2009-10-21,announced_2009_disaggregated_backcast_archive,https://www.cftc.gov/PressRoom/PressReleases/5737-09,False,announced_archive_release,archive time unspecified; next observed session,133
legacy_futures_only,2009-06-09,False,2009-06-12,,,2009-06-12,2009-06-12,2009-06-12,2009-06-15,estimated_three_federal_business_days_friday_floor,https://www.cftc.gov/MarketReports/CommitmentsofTraders/ReleaseSchedule/index.htm,True,estimated,15:30 America/New_York,3
disaggregated_futures_only,2009-06-16,True,2009-10-20,,,2009-10-20,2009-10-20,2009-10-20,2009-10-21,announced_2009_disaggregated_backcast_archive,https://www.cftc.gov/PressRoom/PressReleases/5737-09,False,announced_archive_release,archive time unspecified; next observed session,126
legacy_futures_only,2009-06-16,False,2009-06-19,,,2009-06-19,2009-06-19,2009-06-19,2009-06-22,estimated_three_federal_business_days_friday_floor,https://www.cftc.gov/MarketReports/CommitmentsofTraders/ReleaseSchedule/index.htm,True,estimated,15:30 America/New_York,3
disaggregated_futures_only,2009-06-23,True,2009-10-20,,,2009-10-20,2009-10-20,2009-10-20,2009-10-21,announced_2009_disaggregated_backcast_archive,https://www.cftc.gov/PressRoom/PressReleases/5737-09,False,announced_archive_release,archive time unspecified; next observed session,119
legacy_futures_only,2009-06-23,False,2009-06-26,,,2009-06-26,2009-06-26,2009-06-26,2009-06-29,estimated_three_federal_business_days_friday_floor,https://www.cftc.gov/MarketReports/CommitmentsofTraders/ReleaseSchedule/index.htm,True,estimated,15:30 America/New_York,3
disaggregated_futures_only,2009-06-30,True,2009-10-20,,,2009-10-20,2009-10-20,2009-10-20,2009-10-21,announced_2009_disaggregated_backcast_archive,https://www.cftc.gov/PressRoom/PressReleases/5737-09,False,announced_archive_release,archive time unspecified; next observed session,112
legacy_futures_only,2009-06-30,False,2009-07-06,,,2009-07-06,2009-07-06,2009-07-06,2009-07-07,estimated_three_federal_business_days_friday_floor,https://www.cftc.gov/MarketReports/CommitmentsofTraders/ReleaseSchedule/index.htm,True,estimated,15:30 America/New_York,6
disaggregated_futures_only,2009-07-07,True,2009-10-20,,,2009-10-20,2009-10-20,2009-10-20,2009-10-21,announced_2009_disaggregated_backcast_archive,https://www.cftc.gov/PressRoom/PressReleases/5737-09,False,announced_archive_release,archive time unspecified; next observed session,105
legacy_futures_only,2009-07-07,False,2009-07-10,,,2009-07-10,2009-07-10,2009-07-10,2009-07-13,estimated_three_federal_business_days_friday_floor,https://www.cftc.gov/MarketReports/CommitmentsofTraders/ReleaseSchedule/index.htm,True,estimated,15:30 America/New_York,3
disaggregated_futures_only,2009-07-14,True,2009-10-20,,,2009-10-20,2009-10-20,2009-10-20,2009-10-21,announced_2009_disaggregated_backcast_archive,https://www.cftc.gov/PressRoom/PressReleases/5737-09,False,announced_archive_release,archive time unspecified; next observed session,98
legacy_futures_only,2009-07-14,False,2009-07-17,,,2009-07-17,2009-07-17,2009-07-17,2009-07-20,estimated_three_federal_business_days_friday_floor,https://www.cftc.gov/MarketReports/CommitmentsofTraders/ReleaseSchedule/index.htm,True,estimated,15:30 America/New_York,3
disaggregated_futures_only,2009-07-21,True,2009-10-20,,,2009-10-20,2009-10-20,2009-10-20,2009-10-21,announced_2009_disaggregated_backcast_archive,https://www.cftc.gov/PressRoom/PressReleases/5737-09,False,announced_archive_release,archive time unspecified; next observed session,91
legacy_futures_only,2009-07-21,False,2009-07-24,,,2009-07-24,2009-07-24,2009-07-24,2009-07-27,estimated_three_federal_business_days_friday_floor,https://www.cftc.gov/MarketReports/CommitmentsofTraders/ReleaseSchedule/index.htm,True,estimated,15:30 America/New_York,3
disaggregated_futures_only,2009-07-28,True,2009-10-20,,,2009-10-20,2009-10-20,2009-10-20,2009-10-21,announced_2009_disaggregated_backcast_archive,https://www.cftc.gov/PressRoom/PressReleases/5737-09,False,announced_archive_release,archive time unspecified; next observed session,84
legacy_futures_only,2009-07-28,False,2009-07-31,,,2009-07-31,2009-07-31,2009-07-31,2009-08-03,estimated_three_federal_business_days_friday_floor,https://www.cftc.gov/MarketReports/CommitmentsofTraders/ReleaseSchedule/index.htm,True,estimated,15:30 America/New_York,3
disaggregated_futures_only,2009-08-04,True,2009-10-20,,,2009-10-20,2009-10-20,2009-10-20,2009-10-21,announced_2009_disaggregated_backcast_archive,https://www.cftc.gov/PressRoom/PressReleases/5737-09,False,announced_archive_release,archive time unspecified; next observed session,77
legacy_futures_only,2009-08-04,False,2009-08-07,,,2009-08-07,2009-08-07,2009-08-07,2009-08-10,estimated_three_federal_business_days_friday_floor,https://www.cftc.gov/MarketReports/CommitmentsofTraders/ReleaseSchedule/index.htm,True,estimated,15:30 America/New_York,3
disaggregated_futures_only,2009-08-11,True,2009-10-20,,,2009-10-20,2009-10-20,2009-10-20,2009-10-21,announced_2009_disaggregated_backcast_archive,https://www.cftc.gov/PressRoom/PressReleases/5737-09,False,announced_archive_release,archive time unspecified; next observed session,70
legacy_futures_only,2009-08-11,False,2009-08-14,,,2009-08-14,2009-08-14,2009-08-14,2009-08-17,estimated_three_federal_business_days_friday_floor,https://www.cftc.gov/MarketReports/CommitmentsofTraders/ReleaseSchedule/index.htm,True,estimated,15:30 America/New_York,3
disaggregated_futures_only,2009-08-18,True,2009-10-20,,,2009-10-20,2009-10-20,2009-10-20,2009-10-21,announced_2009_disaggregated_backcast_archive,https://www.cftc.gov/PressRoom/PressReleases/5737-09,False,announced_archive_release,archive time unspecified; next observed session,63
legacy_futures_only,2009-08-18,False,2009-08-21,,,2009-08-21,2009-08-21,2009-08-21,2009-08-24,estimated_three_federal_business_days_friday_floor,https://www.cftc.gov/MarketReports/CommitmentsofTraders/ReleaseSchedule/index.htm,True,estimated,15:30 America/New_York,3
disaggregated_futures_only,2009-08-25,True,2009-10-20,,,2009-10-20,2009-10-20,2009-10-20,2009-10-21,announced_2009_disaggregated_backcast_archive,https://www.cftc.gov/PressRoom/PressReleases/5737-09,False,announced_archive_release,archive time unspecified; next observed session,56
legacy_futures_only,2009-08-25,False,2009-08-28,,,2009-08-28,2009-08-28,2009-08-28,2009-08-31,estimated_three_federal_business_days_friday_floor,https://www.cftc.gov/MarketReports/CommitmentsofTraders/ReleaseSchedule/index.htm,True,estimated,15:30 America/New_York,3
disaggregated_futures_only,2009-09-01,False,2009-09-04,,,2009-09-04,2009-09-04,2009-10-20,2009-09-08,estimated_three_federal_business_days_friday_floor,https://www.cftc.gov/MarketReports/CommitmentsofTraders/ReleaseSchedule/index.htm,True,estimated,15:30 America/New_York,3
legacy_futures_only,2009-09-01,False,2009-09-04,,,2009-09-04,2009-09-04,2009-09-04,2009-09-08,estimated_three_federal_business_days_friday_floor,https://www.cftc.gov/MarketReports/CommitmentsofTraders/ReleaseSchedule/index.htm,True,estimated,15:30 America/New_York,3
disaggregated_futures_only,2009-09-08,False,2009-09-11,,,2009-09-11,2009-09-11,2009-10-20,2009-09-14,estimated_three_federal_business_days_friday_floor,https://www.cftc.gov/MarketReports/CommitmentsofTraders/ReleaseSchedule/index.htm,True,estimated,15:30 America/New_York,3
legacy_futures_only,2009-09-08,False,2009-09-11,,,2009-09-11,2009-09-11,2009-09-11,2009-09-14,estimated_three_federal_business_days_friday_floor,https://www.cftc.gov/MarketReports/CommitmentsofTraders/ReleaseSchedule/index.htm,True,estimated,15:30 America/New_York,3
disaggregated_futures_only,2009-09-15,False,2009-09-18,,,2009-09-18,2009-09-18,2009-10-20,2009-09-21,estimated_three_federal_business_days_friday_floor,https://www.cftc.gov/MarketReports/CommitmentsofTraders/ReleaseSchedule/index.htm,True,estimated,15:30 America/New_York,3
legacy_futures_only,2009-09-15,False,2009-09-18,,,2009-09-18,2009-09-18,2009-09-18,2009-09-21,estimated_three_federal_business_days_friday_floor,https://www.cftc.gov/MarketReports/CommitmentsofTraders/ReleaseSchedule/index.htm,True,estimated,15:30 America/New_York,3
disaggregated_futures_only,2009-09-22,False,2009-09-25,,,2009-09-25,2009-09-25,2009-10-20,2009-09-28,estimated_three_federal_business_days_friday_floor,https://www.cftc.gov/MarketReports/CommitmentsofTraders/ReleaseSchedule/index.htm,True,estimated,15:30 America/New_York,3
legacy_futures_only,2009-09-22,False,2009-09-25,,,2009-09-25,2009-09-25,2009-09-25,2009-09-28,estimated_three_federal_business_days_friday_floor,https://www.cftc.gov/MarketReports/CommitmentsofTraders/ReleaseSchedule/index.htm,True,estimated,15:30 America/New_York,3
disaggregated_futures_only,2009-09-29,False,2009-10-02,,,2009-10-02,2009-10-02,2009-10-20,2009-10-05,estimated_three_federal_business_days_friday_floor,https://www.cftc.gov/MarketReports/CommitmentsofTraders/ReleaseSchedule/index.htm,True,estimated,15:30 America/New_York,3
legacy_futures_only,2009-09-29,False,2009-10-02,,,2009-10-02,2009-10-02,2009-10-02,2009-10-05,estimated_three_federal_business_days_friday_floor,https://www.cftc.gov/MarketReports/CommitmentsofTraders/ReleaseSchedule/index.htm,True,estimated,15:30 America/New_York,3
disaggregated_futures_only,2009-10-06,False,2009-10-09,,,2009-10-09,2009-10-09,2009-10-20,2009-10-12,estimated_three_federal_business_days_friday_floor,https://www.cftc.gov/MarketReports/CommitmentsofTraders/ReleaseSchedule/index.htm,True,estimated,15:30 America/New_York,3
legacy_futures_only,2009-10-06,False,2009-10-09,,,2009-10-09,2009-10-09,2009-10-09,2009-10-12,estimated_three_federal_business_days_friday_floor,https://www.cftc.gov/MarketReports/CommitmentsofTraders/ReleaseSchedule/index.htm,True,estimated,15:30 America/New_York,3
disaggregated_futures_only,2009-10-13,False,2009-10-16,,,2009-10-16,2009-10-16,2009-10-20,2009-10-19,estimated_three_federal_business_days_friday_floor,https://www.cftc.gov/MarketReports/CommitmentsofTraders/ReleaseSchedule/index.htm,True,estimated,15:30 America/New_York,3
legacy_futures_only,2009-10-13,False,2009-10-16,,,2009-10-16,2009-10-16,2009-10-16,2009-10-19,estimated_three_federal_business_days_friday_floor,https://www.cftc.gov/MarketReports/CommitmentsofTraders/ReleaseSchedule/index.htm,True,estimated,15:30 America/New_York,3
disaggregated_futures_only,2009-10-20,False,2009-10-23,,,2009-10-23,2009-10-23,2009-10-23,2009-10-26,estimated_three_federal_business_days_friday_floor,https://www.cftc.gov/MarketReports/CommitmentsofTraders/ReleaseSchedule/index.htm,True,estimated,15:30 America/New_York,3
legacy_futures_only,2009-10-20,False,2009-10-23,,,2009-10-23,2009-10-23,2009-10-23,2009-10-26,estimated_three_federal_business_days_friday_floor,https://www.cftc.gov/MarketReports/CommitmentsofTraders/ReleaseSchedule/index.htm,True,estimated,15:30 America/New_York,3
disaggregated_futures_only,2009-10-27,False,2009-10-30,,,2009-10-30,2009-10-30,2009-10-30,2009-11-02,estimated_three_federal_business_days_friday_floor,https://www.cftc.gov/MarketReports/CommitmentsofTraders/ReleaseSchedule/index.htm,True,estimated,15:30 America/New_York,3
legacy_futures_only,2009-10-27,False,2009-10-30,,,2009-10-30,2009-10-30,2009-10-30,2009-11-02,estimated_three_federal_business_days_friday_floor,https://www.cftc.gov/MarketReports/CommitmentsofTraders/ReleaseSchedule/index.htm,True,estimated,15:30 America/New_York,3
disaggregated_futures_only,2009-11-03,False,2009-11-06,,,2009-11-06,2009-11-06,2009-11-06,2009-11-09,estimated_three_federal_business_days_friday_floor,https://www.cftc.gov/MarketReports/CommitmentsofTraders/ReleaseSchedule/index.htm,True,estimated,15:30 America/New_York,3
legacy_futures_only,2009-11-03,False,2009-11-06,,,2009-11-06,2009-11-06,2009-11-06,2009-11-09,estimated_three_federal_business_days_friday_floor,https://www.cftc.gov/MarketReports/CommitmentsofTraders/ReleaseSchedule/index.htm,True,estimated,15:30 America/New_York,3
disaggregated_futures_only,2009-11-09,False,2009-11-13,,,2009-11-13,2009-11-13,2009-11-13,2009-11-16,estimated_three_federal_business_days_friday_floor,https://www.cftc.gov/MarketReports/CommitmentsofTraders/ReleaseSchedule/index.htm,True,estimated,15:30 America/New_York,4
legacy_futures_only,2009-11-09,False,2009-11-13,,,2009-11-13,2009-11-13,2009-11-13,2009-11-16,estimated_three_federal_business_days_friday_floor,https://www.cftc.gov/MarketReports/CommitmentsofTraders/ReleaseSchedule/index.htm,True,estimated,15:30 America/New_York,4
disaggregated_futures_only,2009-11-17,False,2009-11-20,,,2009-11-20,2009-11-20,2009-11-20,2009-11-23,estimated_three_federal_business_days_friday_floor,https://www.cftc.gov/MarketReports/CommitmentsofTraders/ReleaseSchedule/index.htm,True,estimated,15:30 America/New_York,3
legacy_futures_only,2009-11-17,False,2009-11-20,,,2009-11-20,2009-11-20,2009-11-20,2009-11-23,estimated_three_federal_business_days_friday_floor,https://www.cftc.gov/MarketReports/CommitmentsofTraders/ReleaseSchedule/index.htm,True,estimated,15:30 America/New_York,3
disaggregated_futures_only,2009-11-24,False,2009-11-30,,,2009-11-30,2009-11-30,2009-11-30,2009-12-01,estimated_three_federal_business_days_friday_floor,https://www.cftc.gov/MarketReports/CommitmentsofTraders/ReleaseSchedule/index.htm,True,estimated,15:30 America/New_York,6
legacy_futures_only,2009-11-24,False,2009-11-30,,,2009-11-30,2009-11-30,2009-11-30,2009-12-01,estimated_three_federal_business_days_friday_floor,https://www.cftc.gov/MarketReports/CommitmentsofTraders/ReleaseSchedule/index.htm,True,estimated,15:30 America/New_York,6
disaggregated_futures_only,2009-12-01,False,2009-12-04,,,2009-12-04,2009-12-04,2009-12-04,2009-12-07,estimated_three_federal_business_days_friday_floor,https://www.cftc.gov/MarketReports/CommitmentsofTraders/ReleaseSchedule/index.htm,True,estimated,15:30 America/New_York,3
legacy_futures_only,2009-12-01,False,2009-12-04,,,2009-12-04,2009-12-04,2009-12-04,2009-12-07,estimated_three_federal_business_days_friday_floor,https://www.cftc.gov/MarketReports/CommitmentsofTraders/ReleaseSchedule/index.htm,True,estimated,15:30 America/New_York,3
disaggregated_futures_only,2009-12-08,False,2009-12-11,,,2009-12-11,2009-12-11,2009-12-11,2009-12-14,estimated_three_federal_business_days_friday_floor,https://www.cftc.gov/MarketReports/CommitmentsofTraders/ReleaseSchedule/index.htm,True,estimated,15:30 America/New_York,3
legacy_futures_only,2009-12-08,False,2009-12-11,,,2009-12-11,2009-12-11,2009-12-11,2009-12-14,estimated_three_federal_business_days_friday_floor,https://www.cftc.gov/MarketReports/CommitmentsofTraders/ReleaseSchedule/index.htm,True,estimated,15:30 America/New_York,3
disaggregated_futures_only,2009-12-15,False,2009-12-18,,,2009-12-18,2009-12-18,2009-12-18,2009-12-21,estimated_three_federal_business_days_friday_floor,https://www.cftc.gov/MarketReports/CommitmentsofTraders/ReleaseSchedule/index.htm,True,estimated,15:30 America/New_York,3
legacy_futures_only,2009-12-15,False,2009-12-18,,,2009-12-18,2009-12-18,2009-12-18,2009-12-21,estimated_three_federal_business_days_friday_floor,https://www.cftc.gov/MarketReports/CommitmentsofTraders/ReleaseSchedule/index.htm,True,estimated,15:30 America/New_York,3
disaggregated_futures_only,2009-12-22,False,2009-12-28,,,2009-12-28,2009-12-28,2009-12-28,2009-12-29,estimated_three_federal_business_days_friday_floor,https://www.cftc.gov/MarketReports/CommitmentsofTraders/ReleaseSchedule/index.htm,True,estimated,15:30 America/New_York,6
legacy_futures_only,2009-12-22,False,2009-12-28,,,2009-12-28,2009-12-28,2009-12-28,2009-12-29,estimated_three_federal_business_days_friday_floor,https://www.cftc.gov/MarketReports/CommitmentsofTraders/ReleaseSchedule/index.htm,True,estimated,15:30 America/New_York,6
disaggregated_futures_only,2009-12-29,False,2010-01-04,,,2010-01-04,2010-01-04,2010-01-04,2010-01-05,estimated_three_federal_business_days_friday_floor,https://www.cftc.gov/MarketReports/CommitmentsofTraders/ReleaseSchedule/index.htm,True,estimated,15:30 America/New_York,6
legacy_futures_only,2009-12-29,False,2010-01-04,,,2010-01-04,2010-01-04,2010-01-04,2010-01-05,estimated_three_federal_business_days_friday_floor,https://www.cftc.gov/MarketReports/CommitmentsofTraders/ReleaseSchedule/index.htm,True,estimated,15:30 America/New_York,6
disaggregated_futures_only,2010-01-05,False,2010-01-08,,,2010-01-08,2010-01-08,2010-01-08,2010-01-11,estimated_three_federal_business_days_friday_floor,https://www.cftc.gov/MarketReports/CommitmentsofTraders/ReleaseSchedule/index.htm,True,estimated,15:30 America/New_York,3
legacy_futures_only,2010-01-05,False,2010-01-08,,,2010-01-08,2010-01-08,2010-01-08,2010-01-11,estimated_three_federal_business_days_friday_floor,https://www.cftc.gov/MarketReports/CommitmentsofTraders/ReleaseSchedule/index.htm,True,estimated,15:30 America/New_York,3
disaggregated_futures_only,2010-01-12,False,2010-01-15,,,2010-01-15,2010-01-15,2010-01-15,2010-01-19,estimated_three_federal_business_days_friday_floor,https://www.cftc.gov/MarketReports/CommitmentsofTraders/ReleaseSchedule/index.htm,True,estimated,15:30 America/New_York,3
legacy_futures_only,2010-01-12,False,2010-01-15,,,2010-01-15,2010-01-15,2010-01-15,2010-01-19,estimated_three_federal_business_days_friday_floor,https://www.cftc.gov/MarketReports/CommitmentsofTraders/ReleaseSchedule/index.htm,True,estimated,15:30 America/New_York,3
disaggregated_futures_only,2010-01-19,False,2010-01-22,,,2010-01-22,2010-01-22,2010-01-22,2010-01-25,estimated_three_federal_business_days_friday_floor,https://www.cftc.gov/MarketReports/CommitmentsofTraders/ReleaseSchedule/index.htm,True,estimated,15:30 America/New_York,3
legacy_futures_only,2010-01-19,False,2010-01-22,,,2010-01-22,2010-01-22,2010-01-22,2010-01-25,estimated_three_federal_business_days_friday_floor,https://www.cftc.gov/MarketReports/CommitmentsofTraders/ReleaseSchedule/index.htm,True,estimated,15:30 America/New_York,3
disaggregated_futures_only,2010-01-26,False,2010-01-29,,,2010-01-29,2010-01-29,2010-01-29,2010-02-01,estimated_three_federal_business_days_friday_floor,https://www.cftc.gov/MarketReports/CommitmentsofTraders/ReleaseSchedule/index.htm,True,estimated,15:30 America/New_York,3
legacy_futures_only,2010-01-26,False,2010-01-29,,,2010-01-29,2010-01-29,2010-01-29,2010-02-01,estimated_three_federal_business_days_friday_floor,https://www.cftc.gov/MarketReports/CommitmentsofTraders/ReleaseSchedule/index.htm,True,estimated,15:30 America/New_York,3
disaggregated_futures_only,2010-02-02,False,2010-02-05,,,2010-02-05,2010-02-05,2010-02-05,2010-02-08,estimated_three_federal_business_days_friday_floor,https://www.cftc.gov/MarketReports/CommitmentsofTraders/ReleaseSchedule/index.htm,True,estimated,15:30 America/New_York,3
legacy_futures_only,2010-02-02,False,2010-02-05,,,2010-02-05,2010-02-05,2010-02-05,2010-02-08,estimated_three_federal_business_days_friday_floor,https://www.cftc.gov/MarketReports/CommitmentsofTraders/ReleaseSchedule/index.htm,True,estimated,15:30 America/New_York,3
disaggregated_futures_only,2010-02-09,False,2010-02-12,,,2010-02-12,2010-02-12,2010-02-12,2010-02-16,estimated_three_federal_business_days_friday_floor,https://www.cftc.gov/MarketReports/CommitmentsofTraders/ReleaseSchedule/index.htm,True,estimated,15:30 America/New_York,3
legacy_futures_only,2010-02-09,False,2010-02-12,,,2010-02-12,2010-02-12,2010-02-12,2010-02-16,estimated_three_federal_business_days_friday_floor,https://www.cftc.gov/MarketReports/CommitmentsofTraders/ReleaseSchedule/index.htm,True,estimated,15:30 America/New_York,3
disaggregated_futures_only,2010-02-16,False,2010-02-19,,,2010-02-19,2010-02-19,2010-02-19,2010-02-22,estimated_three_federal_business_days_friday_floor,https://www.cftc.gov/MarketReports/CommitmentsofTraders/ReleaseSchedule/index.htm,True,estimated,15:30 America/New_York,3
legacy_futures_only,2010-02-16,False,2010-02-19,,,2010-02-19,2010-02-19,2010-02-19,2010-02-22,estimated_three_federal_business_days_friday_floor,https://www.cftc.gov/MarketReports/CommitmentsofTraders/ReleaseSchedule/index.htm,True,estimated,15:30 America/New_York,3
disaggregated_futures_only,2010-02-23,False,2010-02-26,,,2010-02-26,2010-02-26,2010-02-26,2010-03-01,estimated_three_federal_business_days_friday_floor,https://www.cftc.gov/MarketReports/CommitmentsofTraders/ReleaseSchedule/index.htm,True,estimated,15:30 America/New_York,3
legacy_futures_only,2010-02-23,False,2010-02-26,,,2010-02-26,2010-02-26,2010-02-26,2010-03-01,estimated_three_federal_business_days_friday_floor,https://www.cftc.gov/MarketReports/CommitmentsofTraders/ReleaseSchedule/index.htm,True,estimated,15:30 America/New_York,3
disaggregated_futures_only,2010-03-02,False,2010-03-05,,,2010-03-05,2010-03-05,2010-03-05,2010-03-08,estimated_three_federal_business_days_friday_floor,https://www.cftc.gov/MarketReports/CommitmentsofTraders/ReleaseSchedule/index.htm,True,estimated,15:30 America/New_York,3
legacy_futures_only,2010-03-02,False,2010-03-05,,,2010-03-05,2010-03-05,2010-03-05,2010-03-08,estimated_three_federal_business_days_friday_floor,https://www.cftc.gov/MarketReports/CommitmentsofTraders/ReleaseSchedule/index.htm,True,estimated,15:30 America/New_York,3
disaggregated_futures_only,2010-03-09,False,2010-03-12,,,2010-03-12,2010-03-12,2010-03-12,2010-03-15,estimated_three_federal_business_days_friday_floor,https://www.cftc.gov/MarketReports/CommitmentsofTraders/ReleaseSchedule/index.htm,True,estimated,15:30 America/New_York,3
legacy_futures_only,2010-03-09,False,2010-03-12,,,2010-03-12,2010-03-12,2010-03-12,2010-03-15,estimated_three_federal_business_days_friday_floor,https://www.cftc.gov/MarketReports/CommitmentsofTraders/ReleaseSchedule/index.htm,True,estimated,15:30 America/New_York,3
disaggregated_futures_only,2010-03-16,False,2010-03-19,,,2010-03-19,2010-03-19,2010-03-19,2010-03-22,estimated_three_federal_business_days_friday_floor,https://www.cftc.gov/MarketReports/CommitmentsofTraders/ReleaseSchedule/index.htm,True,estimated,15:30 America/New_York,3
legacy_futures_only,2010-03-16,False,2010-03-19,,,2010-03-19,2010-03-19,2010-03-19,2010-03-22,estimated_three_federal_business_days_friday_floor,https://www.cftc.gov/MarketReports/CommitmentsofTraders/ReleaseSchedule/index.htm,True,estimated,15:30 America/New_York,3
disaggregated_futures_only,2010-03-23,False,2010-03-26,,,2010-03-26,2010-03-26,2010-03-26,2010-03-29,estimated_three_federal_business_days_friday_floor,https://www.cftc.gov/MarketReports/CommitmentsofTraders/ReleaseSchedule/index.htm,True,estimated,15:30 America/New_York,3
legacy_futures_only,2010-03-23,False,2010-03-26,,,2010-03-26,2010-03-26,2010-03-26,2010-03-29,estimated_three_federal_business_days_friday_floor,https://www.cftc.gov/MarketReports/CommitmentsofTraders/ReleaseSchedule/index.htm,True,estimated,15:30 America/New_York,3
disaggregated_futures_only,2010-03-30,False,2010-04-02,,,2010-04-02,2010-04-02,2010-04-02,2010-04-05,estimated_three_federal_business_days_friday_floor,https://www.cftc.gov/MarketReports/CommitmentsofTraders/ReleaseSchedule/index.htm,True,estimated,15:30 America/New_York,3
legacy_futures_only,2010-03-30,False,2010-04-02,,,2010-04-02,2010-04-02,2010-04-02,2010-04-05,estimated_three_federal_business_days_friday_floor,https://www.cftc.gov/MarketReports/CommitmentsofTraders/ReleaseSchedule/index.htm,True,estimated,15:30 America/New_York,3
disaggregated_futures_only,2010-04-06,False,2010-04-09,,,2010-04-09,2010-04-09,2010-04-09,2010-04-12,estimated_three_federal_business_days_friday_floor,https://www.cftc.gov/MarketReports/CommitmentsofTraders/ReleaseSchedule/index.htm,True,estimated,15:30 America/New_York,3
legacy_futures_only,2010-04-06,False,2010-04-09,,,2010-04-09,2010-04-09,2010-04-09,2010-04-12,estimated_three_federal_business_days_friday_floor,https://www.cftc.gov/MarketReports/CommitmentsofTraders/ReleaseSchedule/index.htm,True,estimated,15:30 America/New_York,3
disaggregated_futures_only,2010-04-13,False,2010-04-16,,,2010-04-16,2010-04-16,2010-04-16,2010-04-19,estimated_three_federal_business_days_friday_floor,https://www.cftc.gov/MarketReports/CommitmentsofTraders/ReleaseSchedule/index.htm,True,estimated,15:30 America/New_York,3
legacy_futures_only,2010-04-13,False,2010-04-16,,,2010-04-16,2010-04-16,2010-04-16,2010-04-19,estimated_three_federal_business_days_friday_floor,https://www.cftc.gov/MarketReports/CommitmentsofTraders/ReleaseSchedule/index.htm,True,estimated,15:30 America/New_York,3
disaggregated_futures_only,2010-04-20,False,2010-04-23,,,2010-04-23,2010-04-23,2010-04-23,2010-04-26,estimated_three_federal_business_days_friday_floor,https://www.cftc.gov/MarketReports/CommitmentsofTraders/ReleaseSchedule/index.htm,True,estimated,15:30 America/New_York,3
legacy_futures_only,2010-04-20,False,2010-04-23,,,2010-04-23,2010-04-23,2010-04-23,2010-04-26,estimated_three_federal_business_days_friday_floor,https://www.cftc.gov/MarketReports/CommitmentsofTraders/ReleaseSchedule/index.htm,True,estimated,15:30 America/New_York,3
disaggregated_futures_only,2010-04-27,False,2010-04-30,,,2010-04-30,2010-04-30,2010-04-30,2010-05-03,estimated_three_federal_business_days_friday_floor,https://www.cftc.gov/MarketReports/CommitmentsofTraders/ReleaseSchedule/index.htm,True,estimated,15:30 America/New_York,3
legacy_futures_only,2010-04-27,False,2010-04-30,,,2010-04-30,2010-04-30,2010-04-30,2010-05-03,estimated_three_federal_business_days_friday_floor,https://www.cftc.gov/MarketReports/CommitmentsofTraders/ReleaseSchedule/index.htm,True,estimated,15:30 America/New_York,3
disaggregated_futures_only,2010-05-04,False,2010-05-07,,,2010-05-07,2010-05-07,2010-05-07,2010-05-10,estimated_three_federal_business_days_friday_floor,https://www.cftc.gov/MarketReports/CommitmentsofTraders/ReleaseSchedule/index.htm,True,estimated,15:30 America/New_York,3
legacy_futures_only,2010-05-04,False,2010-05-07,,,2010-05-07,2010-05-07,2010-05-07,2010-05-10,estimated_three_federal_business_days_friday_floor,https://www.cftc.gov/MarketReports/CommitmentsofTraders/ReleaseSchedule/index.htm,True,estimated,15:30 America/New_York,3
disaggregated_futures_only,2010-05-11,False,2010-05-14,,,2010-05-14,2010-05-14,2010-05-14,2010-05-17,estimated_three_federal_business_days_friday_floor,https://www.cftc.gov/MarketReports/CommitmentsofTraders/ReleaseSchedule/index.htm,True,estimated,15:30 America/New_York,3
legacy_futures_only,2010-05-11,False,2010-05-14,,,2010-05-14,2010-05-14,2010-05-14,2010-05-17,estimated_three_federal_business_days_friday_floor,https://www.cftc.gov/MarketReports/CommitmentsofTraders/ReleaseSchedule/index.htm,True,estimated,15:30 America/New_York,3
disaggregated_futures_only,2010-05-18,False,2010-05-21,2010-05-27,https://www.cftc.gov/MarketReports/CommitmentsofTraders/HistoricalSpecialAnnouncements/index.htm,2010-05-27,2010-05-27,2010-05-27,2010-05-28,estimated_three_federal_business_days_friday_floor,https://www.cftc.gov/MarketReports/CommitmentsofTraders/ReleaseSchedule/index.htm,True,estimated,15:30 America/New_York,3
legacy_futures_only,2010-05-18,False,2010-05-21,2010-05-27,https://www.cftc.gov/MarketReports/CommitmentsofTraders/HistoricalSpecialAnnouncements/index.htm,2010-05-27,2010-05-27,2010-05-27,2010-05-28,estimated_three_federal_business_days_friday_floor,https://www.cftc.gov/MarketReports/CommitmentsofTraders/ReleaseSchedule/index.htm,True,estimated,15:30 America/New_York,3
disaggregated_futures_only,2010-05-25,False,2010-05-28,,,2010-05-28,2010-05-28,2010-05-28,2010-06-01,estimated_three_federal_business_days_friday_floor,https://www.cftc.gov/MarketReports/CommitmentsofTraders/ReleaseSchedule/index.htm,True,estimated,15:30 America/New_York,3
legacy_futures_only,2010-05-25,False,2010-05-28,,,2010-05-28,2010-05-28,2010-05-28,2010-06-01,estimated_three_federal_business_days_friday_floor,https://www.cftc.gov/MarketReports/CommitmentsofTraders/ReleaseSchedule/index.htm,True,estimated,15:30 America/New_York,3
disaggregated_futures_only,2010-06-01,False,2010-06-04,,,2010-06-04,2010-06-04,2010-06-04,2010-06-07,estimated_three_federal_business_days_friday_floor,https://www.cftc.gov/MarketReports/CommitmentsofTraders/ReleaseSchedule/index.htm,True,estimated,15:30 America/New_York,3
legacy_futures_only,2010-06-01,False,2010-06-04,,,2010-06-04,2010-06-04,2010-06-04,2010-06-07,estimated_three_federal_business_days_friday_floor,https://www.cftc.gov/MarketReports/CommitmentsofTraders/ReleaseSchedule/index.htm,True,estimated,15:30 America/New_York,3
disaggregated_futures_only,2010-06-08,False,2010-06-11,,,2010-06-11,2010-06-11,2010-06-11,2010-06-14,estimated_three_federal_business_days_friday_floor,https://www.cftc.gov/MarketReports/CommitmentsofTraders/ReleaseSchedule/index.htm,True,estimated,15:30 America/New_York,3
legacy_futures_only,2010-06-08,False,2010-06-11,,,2010-06-11,2010-06-11,2010-06-11,2010-06-14,estimated_three_federal_business_days_friday_floor,https://www.cftc.gov/MarketReports/CommitmentsofTraders/ReleaseSchedule/index.htm,True,estimated,15:30 America/New_York,3
disaggregated_futures_only,2010-06-15,False,2010-06-18,,,2010-06-18,2010-06-18,2010-06-18,2010-06-21,estimated_three_federal_business_days_friday_floor,https://www.cftc.gov/MarketReports/CommitmentsofTraders/ReleaseSchedule/index.htm,True,estimated,15:30 America/New_York,3
legacy_futures_only,2010-06-15,False,2010-06-18,,,2010-06-18,2010-06-18,2010-06-18,2010-06-21,estimated_three_federal_business_days_friday_floor,https://www.cftc.gov/MarketReports/CommitmentsofTraders/ReleaseSchedule/index.htm,True,estimated,15:30 America/New_York,3
disaggregated_futures_only,2010-06-22,False,2010-06-25,,,2010-06-25,2010-06-25,2010-06-25,2010-06-28,estimated_three_federal_business_days_friday_floor,https://www.cftc.gov/MarketReports/CommitmentsofTraders/ReleaseSchedule/index.htm,True,estimated,15:30 America/New_York,3
legacy_futures_only,2010-06-22,False,2010-06-25,,,2010-06-25,2010-06-25,2010-06-25,2010-06-28,estimated_three_federal_business_days_friday_floor,https://www.cftc.gov/MarketReports/CommitmentsofTraders/ReleaseSchedule/index.htm,True,estimated,15:30 America/New_York,3
disaggregated_futures_only,2010-06-29,False,2010-07-02,,,2010-07-02,2010-07-02,2010-07-02,2010-07-06,estimated_three_federal_business_days_friday_floor,https://www.cftc.gov/MarketReports/CommitmentsofTraders/ReleaseSchedule/index.htm,True,estimated,15:30 America/New_York,3
legacy_futures_only,2010-06-29,False,2010-07-02,,,2010-07-02,2010-07-02,2010-07-02,2010-07-06,estimated_three_federal_business_days_friday_floor,https://www.cftc.gov/MarketReports/CommitmentsofTraders/ReleaseSchedule/index.htm,True,estimated,15:30 America/New_York,3
disaggregated_futures_only,2010-07-06,False,2010-07-09,,,2010-07-09,2010-07-09,2010-07-09,2010-07-12,estimated_three_federal_business_days_friday_floor,https://www.cftc.gov/MarketReports/CommitmentsofTraders/ReleaseSchedule/index.htm,True,estimated,15:30 America/New_York,3
legacy_futures_only,2010-07-06,False,2010-07-09,,,2010-07-09,2010-07-09,2010-07-09,2010-07-12,estimated_three_federal_business_days_friday_floor,https://www.cftc.gov/MarketReports/CommitmentsofTraders/ReleaseSchedule/index.htm,True,estimated,15:30 America/New_York,3
disaggregated_futures_only,2010-07-13,False,2010-07-16,,,2010-07-16,2010-07-16,2010-07-16,2010-07-19,estimated_three_federal_business_days_friday_floor,https://www.cftc.gov/MarketReports/CommitmentsofTraders/ReleaseSchedule/index.htm,True,estimated,15:30 America/New_York,3
legacy_futures_only,2010-07-13,False,2010-07-16,,,2010-07-16,2010-07-16,2010-07-16,2010-07-19,estimated_three_federal_business_days_friday_floor,https://www.cftc.gov/MarketReports/CommitmentsofTraders/ReleaseSchedule/index.htm,True,estimated,15:30 America/New_York,3
disaggregated_futures_only,2010-07-20,False,2010-07-23,,,2010-07-23,2010-07-23,2010-07-23,2010-07-26,estimated_three_federal_business_days_friday_floor,https://www.cftc.gov/MarketReports/CommitmentsofTraders/ReleaseSchedule/index.htm,True,estimated,15:30 America/New_York,3
legacy_futures_only,2010-07-20,False,2010-07-23,,,2010-07-23,2010-07-23,2010-07-23,2010-07-26,estimated_three_federal_business_days_friday_floor,https://www.cftc.gov/MarketReports/CommitmentsofTraders/ReleaseSchedule/index.htm,True,estimated,15:30 America/New_York,3
disaggregated_futures_only,2010-07-27,False,2010-07-30,,,2010-07-30,2010-07-30,2010-07-30,2010-08-02,estimated_three_federal_business_days_friday_floor,https://www.cftc.gov/MarketReports/CommitmentsofTraders/ReleaseSchedule/index.htm,True,estimated,15:30 America/New_York,3
legacy_futures_only,2010-07-27,False,2010-07-30,,,2010-07-30,2010-07-30,2010-07-30,2010-08-02,estimated_three_federal_business_days_friday_floor,https://www.cftc.gov/MarketReports/CommitmentsofTraders/ReleaseSchedule/index.htm,True,estimated,15:30 America/New_York,3
disaggregated_futures_only,2010-08-03,False,2010-08-06,,,2010-08-06,2010-08-06,2010-08-06,2010-08-09,estimated_three_federal_business_days_friday_floor,https://www.cftc.gov/MarketReports/CommitmentsofTraders/ReleaseSchedule/index.htm,True,estimated,15:30 America/New_York,3
legacy_futures_only,2010-08-03,False,2010-08-06,,,2010-08-06,2010-08-06,2010-08-06,2010-08-09,estimated_three_federal_business_days_friday_floor,https://www.cftc.gov/MarketReports/CommitmentsofTraders/ReleaseSchedule/index.htm,True,estimated,15:30 America/New_York,3
disaggregated_futures_only,2010-08-10,False,2010-08-13,,,2010-08-13,2010-08-13,2010-08-13,2010-08-16,estimated_three_federal_business_days_friday_floor,https://www.cftc.gov/MarketReports/CommitmentsofTraders/ReleaseSchedule/index.htm,True,estimated,15:30 America/New_York,3
legacy_futures_only,2010-08-10,False,2010-08-13,,,2010-08-13,2010-08-13,2010-08-13,2010-08-16,estimated_three_federal_business_days_friday_floor,https://www.cftc.gov/MarketReports/CommitmentsofTraders/ReleaseSchedule/index.htm,True,estimated,15:30 America/New_York,3
disaggregated_futures_only,2010-08-17,False,2010-08-20,,,2010-08-20,2010-08-20,2010-08-20,2010-08-23,estimated_three_federal_business_days_friday_floor,https://www.cftc.gov/MarketReports/CommitmentsofTraders/ReleaseSchedule/index.htm,True,estimated,15:30 America/New_York,3
legacy_futures_only,2010-08-17,False,2010-08-20,,,2010-08-20,2010-08-20,2010-08-20,2010-08-23,estimated_three_federal_business_days_friday_floor,https://www.cftc.gov/MarketReports/CommitmentsofTraders/ReleaseSchedule/index.htm,True,estimated,15:30 America/New_York,3
disaggregated_futures_only,2010-08-24,False,2010-08-27,,,2010-08-27,2010-08-27,2010-08-27,2010-08-30,estimated_three_federal_business_days_friday_floor,https://www.cftc.gov/MarketReports/CommitmentsofTraders/ReleaseSchedule/index.htm,True,estimated,15:30 America/New_York,3
legacy_futures_only,2010-08-24,False,2010-08-27,,,2010-08-27,2010-08-27,2010-08-27,2010-08-30,estimated_three_federal_business_days_friday_floor,https://www.cftc.gov/MarketReports/CommitmentsofTraders/ReleaseSchedule/index.htm,True,estimated,15:30 America/New_York,3
disaggregated_futures_only,2010-08-31,False,2010-09-03,,,2010-09-03,2010-09-03,2010-09-03,2010-09-07,estimated_three_federal_business_days_friday_floor,https://www.cftc.gov/MarketReports/CommitmentsofTraders/ReleaseSchedule/index.htm,True,estimated,15:30 America/New_York,3
legacy_futures_only,2010-08-31,False,2010-09-03,,,2010-09-03,2010-09-03,2010-09-03,2010-09-07,estimated_three_federal_business_days_friday_floor,https://www.cftc.gov/MarketReports/CommitmentsofTraders/ReleaseSchedule/index.htm,True,estimated,15:30 America/New_York,3
disaggregated_futures_only,2010-09-07,False,2010-09-10,,,2010-09-10,2010-09-10,2010-09-10,2010-09-13,estimated_three_federal_business_days_friday_floor,https://www.cftc.gov/MarketReports/CommitmentsofTraders/ReleaseSchedule/index.htm,True,estimated,15:30 America/New_York,3
legacy_futures_only,2010-09-07,False,2010-09-10,,,2010-09-10,2010-09-10,2010-09-10,2010-09-13,estimated_three_federal_business_days_friday_floor,https://www.cftc.gov/MarketReports/CommitmentsofTraders/ReleaseSchedule/index.htm,True,estimated,15:30 America/New_York,3
disaggregated_futures_only,2010-09-14,False,2010-09-17,,,2010-09-17,2010-09-17,2010-09-17,2010-09-20,estimated_three_federal_business_days_friday_floor,https://www.cftc.gov/MarketReports/CommitmentsofTraders/ReleaseSchedule/index.htm,True,estimated,15:30 America/New_York,3
legacy_futures_only,2010-09-14,False,2010-09-17,,,2010-09-17,2010-09-17,2010-09-17,2010-09-20,estimated_three_federal_business_days_friday_floor,https://www.cftc.gov/MarketReports/CommitmentsofTraders/ReleaseSchedule/index.htm,True,estimated,15:30 America/New_York,3
disaggregated_futures_only,2010-09-21,False,2010-09-24,,,2010-09-24,2010-09-24,2010-09-24,2010-09-27,estimated_three_federal_business_days_friday_floor,https://www.cftc.gov/MarketReports/CommitmentsofTraders/ReleaseSchedule/index.htm,True,estimated,15:30 America/New_York,3
legacy_futures_only,2010-09-21,False,2010-09-24,,,2010-09-24,2010-09-24,2010-09-24,2010-09-27,estimated_three_federal_business_days_friday_floor,https://www.cftc.gov/MarketReports/CommitmentsofTraders/ReleaseSchedule/index.htm,True,estimated,15:30 America/New_York,3
disaggregated_futures_only,2010-09-28,False,2010-10-01,,,2010-10-01,2010-10-01,2010-10-01,2010-10-04,estimated_three_federal_business_days_friday_floor,https://www.cftc.gov/MarketReports/CommitmentsofTraders/ReleaseSchedule/index.htm,True,estimated,15:30 America/New_York,3
legacy_futures_only,2010-09-28,False,2010-10-01,,,2010-10-01,2010-10-01,2010-10-01,2010-10-04,estimated_three_federal_business_days_friday_floor,https://www.cftc.gov/MarketReports/CommitmentsofTraders/ReleaseSchedule/index.htm,True,estimated,15:30 America/New_York,3
disaggregated_futures_only,2010-10-05,False,2010-10-08,,,2010-10-08,2010-10-08,2010-10-08,2010-10-11,estimated_three_federal_business_days_friday_floor,https://www.cftc.gov/MarketReports/CommitmentsofTraders/ReleaseSchedule/index.htm,True,estimated,15:30 America/New_York,3
legacy_futures_only,2010-10-05,False,2010-10-08,,,2010-10-08,2010-10-08,2010-10-08,2010-10-11,estimated_three_federal_business_days_friday_floor,https://www.cftc.gov/MarketReports/CommitmentsofTraders/ReleaseSchedule/index.htm,True,estimated,15:30 America/New_York,3
disaggregated_futures_only,2010-10-12,False,2010-10-15,,,2010-10-15,2010-10-15,2010-10-15,2010-10-18,estimated_three_federal_business_days_friday_floor,https://www.cftc.gov/MarketReports/CommitmentsofTraders/ReleaseSchedule/index.htm,True,estimated,15:30 America/New_York,3
legacy_futures_only,2010-10-12,False,2010-10-15,,,2010-10-15,2010-10-15,2010-10-15,2010-10-18,estimated_three_federal_business_days_friday_floor,https://www.cftc.gov/MarketReports/CommitmentsofTraders/ReleaseSchedule/index.htm,True,estimated,15:30 America/New_York,3
disaggregated_futures_only,2010-10-19,False,2010-10-22,,,2010-10-22,2010-10-22,2010-10-22,2010-10-25,estimated_three_federal_business_days_friday_floor,https://www.cftc.gov/MarketReports/CommitmentsofTraders/ReleaseSchedule/index.htm,True,estimated,15:30 America/New_York,3
legacy_futures_only,2010-10-19,False,2010-10-22,,,2010-10-22,2010-10-22,2010-10-22,2010-10-25,estimated_three_federal_business_days_friday_floor,https://www.cftc.gov/MarketReports/CommitmentsofTraders/ReleaseSchedule/index.htm,True,estimated,15:30 America/New_York,3
disaggregated_futures_only,2010-10-26,False,2010-10-29,,,2010-10-29,2010-10-29,2010-10-29,2010-11-01,estimated_three_federal_business_days_friday_floor,https://www.cftc.gov/MarketReports/CommitmentsofTraders/ReleaseSchedule/index.htm,True,estimated,15:30 America/New_York,3
legacy_futures_only,2010-10-26,False,2010-10-29,,,2010-10-29,2010-10-29,2010-10-29,2010-11-01,estimated_three_federal_business_days_friday_floor,https://www.cftc.gov/MarketReports/CommitmentsofTraders/ReleaseSchedule/index.htm,True,estimated,15:30 America/New_York,3
disaggregated_futures_only,2010-11-02,False,2010-11-05,,,2010-11-05,2010-11-05,2010-11-05,2010-11-08,estimated_three_federal_business_days_friday_floor,https://www.cftc.gov/MarketReports/CommitmentsofTraders/ReleaseSchedule/index.htm,True,estimated,15:30 America/New_York,3
legacy_futures_only,2010-11-02,False,2010-11-05,,,2010-11-05,2010-11-05,2010-11-05,2010-11-08,estimated_three_federal_business_days_friday_floor,https://www.cftc.gov/MarketReports/CommitmentsofTraders/ReleaseSchedule/index.htm,True,estimated,15:30 America/New_York,3
disaggregated_futures_only,2010-11-09,False,2010-11-15,,,2010-11-15,2010-11-15,2010-11-15,2010-11-16,estimated_three_federal_business_days_friday_floor,https://www.cftc.gov/MarketReports/CommitmentsofTraders/ReleaseSchedule/index.htm,True,estimated,15:30 America/New_York,6
legacy_futures_only,2010-11-09,False,2010-11-15,,,2010-11-15,2010-11-15,2010-11-15,2010-11-16,estimated_three_federal_business_days_friday_floor,https://www.cftc.gov/MarketReports/CommitmentsofTraders/ReleaseSchedule/index.htm,True,estimated,15:30 America/New_York,6
disaggregated_futures_only,2010-11-16,False,2010-11-19,,,2010-11-19,2010-11-19,2010-11-19,2010-11-22,estimated_three_federal_business_days_friday_floor,https://www.cftc.gov/MarketReports/CommitmentsofTraders/ReleaseSchedule/index.htm,True,estimated,15:30 America/New_York,3
legacy_futures_only,2010-11-16,False,2010-11-19,,,2010-11-19,2010-11-19,2010-11-19,2010-11-22,estimated_three_federal_business_days_friday_floor,https://www.cftc.gov/MarketReports/CommitmentsofTraders/ReleaseSchedule/index.htm,True,estimated,15:30 America/New_York,3
disaggregated_futures_only,2010-11-23,False,2010-11-29,,,2010-11-29,2010-11-29,2010-11-29,2010-11-30,estimated_three_federal_business_days_friday_floor,https://www.cftc.gov/MarketReports/CommitmentsofTraders/ReleaseSchedule/index.htm,True,estimated,15:30 America/New_York,6
legacy_futures_only,2010-11-23,False,2010-11-29,,,2010-11-29,2010-11-29,2010-11-29,2010-11-30,estimated_three_federal_business_days_friday_floor,https://www.cftc.gov/MarketReports/CommitmentsofTraders/ReleaseSchedule/index.htm,True,estimated,15:30 America/New_York,6
disaggregated_futures_only,2010-11-30,False,2010-12-03,,,2010-12-03,2010-12-03,2010-12-03,2010-12-06,estimated_three_federal_business_days_friday_floor,https://www.cftc.gov/MarketReports/CommitmentsofTraders/ReleaseSchedule/index.htm,True,estimated,15:30 America/New_York,3
legacy_futures_only,2010-11-30,False,2010-12-03,,,2010-12-03,2010-12-03,2010-12-03,2010-12-06,estimated_three_federal_business_days_friday_floor,https://www.cftc.gov/MarketReports/CommitmentsofTraders/ReleaseSchedule/index.htm,True,estimated,15:30 America/New_York,3
disaggregated_futures_only,2010-12-07,False,2010-12-10,,,2010-12-10,2010-12-10,2010-12-10,2010-12-13,estimated_three_federal_business_days_friday_floor,https://www.cftc.gov/MarketReports/CommitmentsofTraders/ReleaseSchedule/index.htm,True,estimated,15:30 America/New_York,3
legacy_futures_only,2010-12-07,False,2010-12-10,,,2010-12-10,2010-12-10,2010-12-10,2010-12-13,estimated_three_federal_business_days_friday_floor,https://www.cftc.gov/MarketReports/CommitmentsofTraders/ReleaseSchedule/index.htm,True,estimated,15:30 America/New_York,3
disaggregated_futures_only,2010-12-14,False,2010-12-17,,,2010-12-17,2010-12-17,2010-12-17,2010-12-20,estimated_three_federal_business_days_friday_floor,https://www.cftc.gov/MarketReports/CommitmentsofTraders/ReleaseSchedule/index.htm,True,estimated,15:30 America/New_York,3
legacy_futures_only,2010-12-14,False,2010-12-17,,,2010-12-17,2010-12-17,2010-12-17,2010-12-20,estimated_three_federal_business_days_friday_floor,https://www.cftc.gov/MarketReports/CommitmentsofTraders/ReleaseSchedule/index.htm,True,estimated,15:30 America/New_York,3
disaggregated_futures_only,2010-12-21,False,2010-12-27,,,2010-12-27,2010-12-27,2010-12-27,2010-12-28,estimated_three_federal_business_days_friday_floor,https://www.cftc.gov/MarketReports/CommitmentsofTraders/ReleaseSchedule/index.htm,True,estimated,15:30 America/New_York,6
legacy_futures_only,2010-12-21,False,2010-12-27,,,2010-12-27,2010-12-27,2010-12-27,2010-12-28,estimated_three_federal_business_days_friday_floor,https://www.cftc.gov/MarketReports/CommitmentsofTraders/ReleaseSchedule/index.htm,True,estimated,15:30 America/New_York,6
disaggregated_futures_only,2010-12-28,False,2011-01-03,,,2011-01-03,2011-01-03,2011-01-03,2011-01-04,estimated_three_federal_business_days_friday_floor,https://www.cftc.gov/MarketReports/CommitmentsofTraders/ReleaseSchedule/index.htm,True,estimated,15:30 America/New_York,6
legacy_futures_only,2010-12-28,False,2011-01-03,,,2011-01-03,2011-01-03,2011-01-03,2011-01-04,estimated_three_federal_business_days_friday_floor,https://www.cftc.gov/MarketReports/CommitmentsofTraders/ReleaseSchedule/index.htm,True,estimated,15:30 America/New_York,6
disaggregated_futures_only,2011-01-04,False,2011-01-07,,,2011-01-07,2011-01-07,2011-01-07,2011-01-10,estimated_three_federal_business_days_friday_floor,https://www.cftc.gov/MarketReports/CommitmentsofTraders/ReleaseSchedule/index.htm,True,estimated,15:30 America/New_York,3
legacy_futures_only,2011-01-04,False,2011-01-07,,,2011-01-07,2011-01-07,2011-01-07,2011-01-10,estimated_three_federal_business_days_friday_floor,https://www.cftc.gov/MarketReports/CommitmentsofTraders/ReleaseSchedule/index.htm,True,estimated,15:30 America/New_York,3
disaggregated_futures_only,2011-01-11,False,2011-01-14,,,2011-01-14,2011-01-14,2011-01-14,2011-01-18,estimated_three_federal_business_days_friday_floor,https://www.cftc.gov/MarketReports/CommitmentsofTraders/ReleaseSchedule/index.htm,True,estimated,15:30 America/New_York,3
legacy_futures_only,2011-01-11,False,2011-01-14,,,2011-01-14,2011-01-14,2011-01-14,2011-01-18,estimated_three_federal_business_days_friday_floor,https://www.cftc.gov/MarketReports/CommitmentsofTraders/ReleaseSchedule/index.htm,True,estimated,15:30 America/New_York,3
disaggregated_futures_only,2011-01-18,False,2011-01-21,,,2011-01-21,2011-01-21,2011-01-21,2011-01-24,estimated_three_federal_business_days_friday_floor,https://www.cftc.gov/MarketReports/CommitmentsofTraders/ReleaseSchedule/index.htm,True,estimated,15:30 America/New_York,3
legacy_futures_only,2011-01-18,False,2011-01-21,,,2011-01-21,2011-01-21,2011-01-21,2011-01-24,estimated_three_federal_business_days_friday_floor,https://www.cftc.gov/MarketReports/CommitmentsofTraders/ReleaseSchedule/index.htm,True,estimated,15:30 America/New_York,3
disaggregated_futures_only,2011-01-25,False,2011-01-28,,,2011-01-28,2011-01-28,2011-01-28,2011-01-31,estimated_three_federal_business_days_friday_floor,https://www.cftc.gov/MarketReports/CommitmentsofTraders/ReleaseSchedule/index.htm,True,estimated,15:30 America/New_York,3
legacy_futures_only,2011-01-25,False,2011-01-28,,,2011-01-28,2011-01-28,2011-01-28,2011-01-31,estimated_three_federal_business_days_friday_floor,https://www.cftc.gov/MarketReports/CommitmentsofTraders/ReleaseSchedule/index.htm,True,estimated,15:30 America/New_York,3
disaggregated_futures_only,2011-02-01,False,2011-02-04,,,2011-02-04,2011-02-04,2011-02-04,2011-02-07,estimated_three_federal_business_days_friday_floor,https://www.cftc.gov/MarketReports/CommitmentsofTraders/ReleaseSchedule/index.htm,True,estimated,15:30 America/New_York,3
legacy_futures_only,2011-02-01,False,2011-02-04,,,2011-02-04,2011-02-04,2011-02-04,2011-02-07,estimated_three_federal_business_days_friday_floor,https://www.cftc.gov/MarketReports/CommitmentsofTraders/ReleaseSchedule/index.htm,True,estimated,15:30 America/New_York,3
disaggregated_futures_only,2011-02-08,False,2011-02-11,,,2011-02-11,2011-02-11,2011-02-11,2011-02-14,estimated_three_federal_business_days_friday_floor,https://www.cftc.gov/MarketReports/CommitmentsofTraders/ReleaseSchedule/index.htm,True,estimated,15:30 America/New_York,3
legacy_futures_only,2011-02-08,False,2011-02-11,,,2011-02-11,2011-02-11,2011-02-11,2011-02-14,estimated_three_federal_business_days_friday_floor,https://www.cftc.gov/MarketReports/CommitmentsofTraders/ReleaseSchedule/index.htm,True,estimated,15:30 America/New_York,3
disaggregated_futures_only,2011-02-15,False,2011-02-18,,,2011-02-18,2011-02-18,2011-02-18,2011-02-22,estimated_three_federal_business_days_friday_floor,https://www.cftc.gov/MarketReports/CommitmentsofTraders/ReleaseSchedule/index.htm,True,estimated,15:30 America/New_York,3
legacy_futures_only,2011-02-15,False,2011-02-18,,,2011-02-18,2011-02-18,2011-02-18,2011-02-22,estimated_three_federal_business_days_friday_floor,https://www.cftc.gov/MarketReports/CommitmentsofTraders/ReleaseSchedule/index.htm,True,estimated,15:30 America/New_York,3
disaggregated_futures_only,2011-02-22,False,2011-02-25,,,2011-02-25,2011-02-25,2011-02-25,2011-02-28,estimated_three_federal_business_days_friday_floor,https://www.cftc.gov/MarketReports/CommitmentsofTraders/ReleaseSchedule/index.htm,True,estimated,15:30 America/New_York,3
legacy_futures_only,2011-02-22,False,2011-02-25,,,2011-02-25,2011-02-25,2011-02-25,2011-02-28,estimated_three_federal_business_days_friday_floor,https://www.cftc.gov/MarketReports/CommitmentsofTraders/ReleaseSchedule/index.htm,True,estimated,15:30 America/New_York,3
disaggregated_futures_only,2011-03-01,False,2011-03-04,,,2011-03-04,2011-03-04,2011-03-04,2011-03-07,estimated_three_federal_business_days_friday_floor,https://www.cftc.gov/MarketReports/CommitmentsofTraders/ReleaseSchedule/index.htm,True,estimated,15:30 America/New_York,3
legacy_futures_only,2011-03-01,False,2011-03-04,,,2011-03-04,2011-03-04,2011-03-04,2011-03-07,estimated_three_federal_business_days_friday_floor,https://www.cftc.gov/MarketReports/CommitmentsofTraders/ReleaseSchedule/index.htm,True,estimated,15:30 America/New_York,3
disaggregated_futures_only,2011-03-08,False,2011-03-11,,,2011-03-11,2011-03-11,2011-03-11,2011-03-14,estimated_three_federal_business_days_friday_floor,https://www.cftc.gov/MarketReports/CommitmentsofTraders/ReleaseSchedule/index.htm,True,estimated,15:30 America/New_York,3
legacy_futures_only,2011-03-08,False,2011-03-11,,,2011-03-11,2011-03-11,2011-03-11,2011-03-14,estimated_three_federal_business_days_friday_floor,https://www.cftc.gov/MarketReports/CommitmentsofTraders/ReleaseSchedule/index.htm,True,estimated,15:30 America/New_York,3
disaggregated_futures_only,2011-03-15,False,2011-03-18,,,2011-03-18,2011-03-18,2011-03-18,2011-03-21,estimated_three_federal_business_days_friday_floor,https://www.cftc.gov/MarketReports/CommitmentsofTraders/ReleaseSchedule/index.htm,True,estimated,15:30 America/New_York,3
legacy_futures_only,2011-03-15,False,2011-03-18,,,2011-03-18,2011-03-18,2011-03-18,2011-03-21,estimated_three_federal_business_days_friday_floor,https://www.cftc.gov/MarketReports/CommitmentsofTraders/ReleaseSchedule/index.htm,True,estimated,15:30 America/New_York,3
disaggregated_futures_only,2011-03-22,False,2011-03-25,,,2011-03-25,2011-03-25,2011-03-25,2011-03-28,estimated_three_federal_business_days_friday_floor,https://www.cftc.gov/MarketReports/CommitmentsofTraders/ReleaseSchedule/index.htm,True,estimated,15:30 America/New_York,3
legacy_futures_only,2011-03-22,False,2011-03-25,,,2011-03-25,2011-03-25,2011-03-25,2011-03-28,estimated_three_federal_business_days_friday_floor,https://www.cftc.gov/MarketReports/CommitmentsofTraders/ReleaseSchedule/index.htm,True,estimated,15:30 America/New_York,3
disaggregated_futures_only,2011-03-29,False,2011-04-01,,,2011-04-01,2011-04-01,2011-04-01,2011-04-04,estimated_three_federal_business_days_friday_floor,https://www.cftc.gov/MarketReports/CommitmentsofTraders/ReleaseSchedule/index.htm,True,estimated,15:30 America/New_York,3
legacy_futures_only,2011-03-29,False,2011-04-01,,,2011-04-01,2011-04-01,2011-04-01,2011-04-04,estimated_three_federal_business_days_friday_floor,https://www.cftc.gov/MarketReports/CommitmentsofTraders/ReleaseSchedule/index.htm,True,estimated,15:30 America/New_York,3
disaggregated_futures_only,2011-04-05,False,2011-04-08,,,2011-04-08,2011-04-08,2011-04-08,2011-04-11,estimated_three_federal_business_days_friday_floor,https://www.cftc.gov/MarketReports/CommitmentsofTraders/ReleaseSchedule/index.htm,True,estimated,15:30 America/New_York,3
legacy_futures_only,2011-04-05,False,2011-04-08,,,2011-04-08,2011-04-08,2011-04-08,2011-04-11,estimated_three_federal_business_days_friday_floor,https://www.cftc.gov/MarketReports/CommitmentsofTraders/ReleaseSchedule/index.htm,True,estimated,15:30 America/New_York,3
disaggregated_futures_only,2011-04-12,False,2011-04-15,,,2011-04-15,2011-04-15,2011-04-15,2011-04-18,estimated_three_federal_business_days_friday_floor,https://www.cftc.gov/MarketReports/CommitmentsofTraders/ReleaseSchedule/index.htm,True,estimated,15:30 America/New_York,3
legacy_futures_only,2011-04-12,False,2011-04-15,,,2011-04-15,2011-04-15,2011-04-15,2011-04-18,estimated_three_federal_business_days_friday_floor,https://www.cftc.gov/MarketReports/CommitmentsofTraders/ReleaseSchedule/index.htm,True,estimated,15:30 America/New_York,3
disaggregated_futures_only,2011-04-19,False,2011-04-22,,,2011-04-22,2011-04-22,2011-04-22,2011-04-25,estimated_three_federal_business_days_friday_floor,https://www.cftc.gov/MarketReports/CommitmentsofTraders/ReleaseSchedule/index.htm,True,estimated,15:30 America/New_York,3
legacy_futures_only,2011-04-19,False,2011-04-22,,,2011-04-22,2011-04-22,2011-04-22,2011-04-25,estimated_three_federal_business_days_friday_floor,https://www.cftc.gov/MarketReports/CommitmentsofTraders/ReleaseSchedule/index.htm,True,estimated,15:30 America/New_York,3
disaggregated_futures_only,2011-04-26,False,2011-04-29,,,2011-04-29,2011-04-29,2011-04-29,2011-05-02,estimated_three_federal_business_days_friday_floor,https://www.cftc.gov/MarketReports/CommitmentsofTraders/ReleaseSchedule/index.htm,True,estimated,15:30 America/New_York,3
legacy_futures_only,2011-04-26,False,2011-04-29,,,2011-04-29,2011-04-29,2011-04-29,2011-05-02,estimated_three_federal_business_days_friday_floor,https://www.cftc.gov/MarketReports/CommitmentsofTraders/ReleaseSchedule/index.htm,True,estimated,15:30 America/New_York,3
disaggregated_futures_only,2011-05-03,False,2011-05-06,,,2011-05-06,2011-05-06,2011-05-06,2011-05-09,estimated_three_federal_business_days_friday_floor,https://www.cftc.gov/MarketReports/CommitmentsofTraders/ReleaseSchedule/index.htm,True,estimated,15:30 America/New_York,3
legacy_futures_only,2011-05-03,False,2011-05-06,,,2011-05-06,2011-05-06,2011-05-06,2011-05-09,estimated_three_federal_business_days_friday_floor,https://www.cftc.gov/MarketReports/CommitmentsofTraders/ReleaseSchedule/index.htm,True,estimated,15:30 America/New_York,3
disaggregated_futures_only,2011-05-10,False,2011-05-13,,,2011-05-13,2011-05-13,2011-05-13,2011-05-16,estimated_three_federal_business_days_friday_floor,https://www.cftc.gov/MarketReports/CommitmentsofTraders/ReleaseSchedule/index.htm,True,estimated,15:30 America/New_York,3
legacy_futures_only,2011-05-10,False,2011-05-13,,,2011-05-13,2011-05-13,2011-05-13,2011-05-16,estimated_three_federal_business_days_friday_floor,https://www.cftc.gov/MarketReports/CommitmentsofTraders/ReleaseSchedule/index.htm,True,estimated,15:30 America/New_York,3
disaggregated_futures_only,2011-05-17,False,2011-05-20,,,2011-05-20,2011-05-20,2011-05-20,2011-05-23,estimated_three_federal_business_days_friday_floor,https://www.cftc.gov/MarketReports/CommitmentsofTraders/ReleaseSchedule/index.htm,True,estimated,15:30 America/New_York,3
legacy_futures_only,2011-05-17,False,2011-05-20,,,2011-05-20,2011-05-20,2011-05-20,2011-05-23,estimated_three_federal_business_days_friday_floor,https://www.cftc.gov/MarketReports/CommitmentsofTraders/ReleaseSchedule/index.htm,True,estimated,15:30 America/New_York,3
disaggregated_futures_only,2011-05-24,False,2011-05-27,,,2011-05-27,2011-05-27,2011-05-27,2011-05-31,estimated_three_federal_business_days_friday_floor,https://www.cftc.gov/MarketReports/CommitmentsofTraders/ReleaseSchedule/index.htm,True,estimated,15:30 America/New_York,3
legacy_futures_only,2011-05-24,False,2011-05-27,,,2011-05-27,2011-05-27,2011-05-27,2011-05-31,estimated_three_federal_business_days_friday_floor,https://www.cftc.gov/MarketReports/CommitmentsofTraders/ReleaseSchedule/index.htm,True,estimated,15:30 America/New_York,3
disaggregated_futures_only,2011-05-31,False,2011-06-03,,,2011-06-03,2011-06-03,2011-06-03,2011-06-06,estimated_three_federal_business_days_friday_floor,https://www.cftc.gov/MarketReports/CommitmentsofTraders/ReleaseSchedule/index.htm,True,estimated,15:30 America/New_York,3
legacy_futures_only,2011-05-31,False,2011-06-03,,,2011-06-03,2011-06-03,2011-06-03,2011-06-06,estimated_three_federal_business_days_friday_floor,https://www.cftc.gov/MarketReports/CommitmentsofTraders/ReleaseSchedule/index.htm,True,estimated,15:30 America/New_York,3
disaggregated_futures_only,2011-06-07,False,2011-06-10,,,2011-06-10,2011-06-10,2011-06-10,2011-06-13,estimated_three_federal_business_days_friday_floor,https://www.cftc.gov/MarketReports/CommitmentsofTraders/ReleaseSchedule/index.htm,True,estimated,15:30 America/New_York,3
legacy_futures_only,2011-06-07,False,2011-06-10,,,2011-06-10,2011-06-10,2011-06-10,2011-06-13,estimated_three_federal_business_days_friday_floor,https://www.cftc.gov/MarketReports/CommitmentsofTraders/ReleaseSchedule/index.htm,True,estimated,15:30 America/New_York,3
disaggregated_futures_only,2011-06-14,False,2011-06-17,,,2011-06-17,2011-06-17,2011-06-17,2011-06-20,estimated_three_federal_business_days_friday_floor,https://www.cftc.gov/MarketReports/CommitmentsofTraders/ReleaseSchedule/index.htm,True,estimated,15:30 America/New_York,3
legacy_futures_only,2011-06-14,False,2011-06-17,,,2011-06-17,2011-06-17,2011-06-17,2011-06-20,estimated_three_federal_business_days_friday_floor,https://www.cftc.gov/MarketReports/CommitmentsofTraders/ReleaseSchedule/index.htm,True,estimated,15:30 America/New_York,3
disaggregated_futures_only,2011-06-21,False,2011-06-24,,,2011-06-24,2011-06-24,2011-06-24,2011-06-27,estimated_three_federal_business_days_friday_floor,https://www.cftc.gov/MarketReports/CommitmentsofTraders/ReleaseSchedule/index.htm,True,estimated,15:30 America/New_York,3
legacy_futures_only,2011-06-21,False,2011-06-24,,,2011-06-24,2011-06-24,2011-06-24,2011-06-27,estimated_three_federal_business_days_friday_floor,https://www.cftc.gov/MarketReports/CommitmentsofTraders/ReleaseSchedule/index.htm,True,estimated,15:30 America/New_York,3
disaggregated_futures_only,2011-06-28,False,2011-07-01,,,2011-07-01,2011-07-01,2011-07-01,2011-07-05,estimated_three_federal_business_days_friday_floor,https://www.cftc.gov/MarketReports/CommitmentsofTraders/ReleaseSchedule/index.htm,True,estimated,15:30 America/New_York,3
legacy_futures_only,2011-06-28,False,2011-07-01,,,2011-07-01,2011-07-01,2011-07-01,2011-07-05,estimated_three_federal_business_days_friday_floor,https://www.cftc.gov/MarketReports/CommitmentsofTraders/ReleaseSchedule/index.htm,True,estimated,15:30 America/New_York,3
disaggregated_futures_only,2011-07-05,False,2011-07-08,,,2011-07-08,2011-07-08,2011-07-08,2011-07-11,estimated_three_federal_business_days_friday_floor,https://www.cftc.gov/MarketReports/CommitmentsofTraders/ReleaseSchedule/index.htm,True,estimated,15:30 America/New_York,3
legacy_futures_only,2011-07-05,False,2011-07-08,,,2011-07-08,2011-07-08,2011-07-08,2011-07-11,estimated_three_federal_business_days_friday_floor,https://www.cftc.gov/MarketReports/CommitmentsofTraders/ReleaseSchedule/index.htm,True,estimated,15:30 America/New_York,3
disaggregated_futures_only,2011-07-12,False,2011-07-15,,,2011-07-15,2011-07-15,2011-07-15,2011-07-18,estimated_three_federal_business_days_friday_floor,https://www.cftc.gov/MarketReports/CommitmentsofTraders/ReleaseSchedule/index.htm,True,estimated,15:30 America/New_York,3
legacy_futures_only,2011-07-12,False,2011-07-15,,,2011-07-15,2011-07-15,2011-07-15,2011-07-18,estimated_three_federal_business_days_friday_floor,https://www.cftc.gov/MarketReports/CommitmentsofTraders/ReleaseSchedule/index.htm,True,estimated,15:30 America/New_York,3
disaggregated_futures_only,2011-07-19,False,2011-07-22,,,2011-07-22,2011-07-22,2011-07-22,2011-07-25,estimated_three_federal_business_days_friday_floor,https://www.cftc.gov/MarketReports/CommitmentsofTraders/ReleaseSchedule/index.htm,True,estimated,15:30 America/New_York,3
legacy_futures_only,2011-07-19,False,2011-07-22,,,2011-07-22,2011-07-22,2011-07-22,2011-07-25,estimated_three_federal_business_days_friday_floor,https://www.cftc.gov/MarketReports/CommitmentsofTraders/ReleaseSchedule/index.htm,True,estimated,15:30 America/New_York,3
disaggregated_futures_only,2011-07-26,False,2011-07-29,,,2011-07-29,2011-07-29,2011-07-29,2011-08-01,estimated_three_federal_business_days_friday_floor,https://www.cftc.gov/MarketReports/CommitmentsofTraders/ReleaseSchedule/index.htm,True,estimated,15:30 America/New_York,3
legacy_futures_only,2011-07-26,False,2011-07-29,,,2011-07-29,2011-07-29,2011-07-29,2011-08-01,estimated_three_federal_business_days_friday_floor,https://www.cftc.gov/MarketReports/CommitmentsofTraders/ReleaseSchedule/index.htm,True,estimated,15:30 America/New_York,3
disaggregated_futures_only,2011-08-02,False,2011-08-05,,,2011-08-05,2011-08-05,2011-08-05,2011-08-08,estimated_three_federal_business_days_friday_floor,https://www.cftc.gov/MarketReports/CommitmentsofTraders/ReleaseSchedule/index.htm,True,estimated,15:30 America/New_York,3
legacy_futures_only,2011-08-02,False,2011-08-05,,,2011-08-05,2011-08-05,2011-08-05,2011-08-08,estimated_three_federal_business_days_friday_floor,https://www.cftc.gov/MarketReports/CommitmentsofTraders/ReleaseSchedule/index.htm,True,estimated,15:30 America/New_York,3
disaggregated_futures_only,2011-08-09,False,2011-08-12,,,2011-08-12,2011-08-12,2011-08-12,2011-08-15,estimated_three_federal_business_days_friday_floor,https://www.cftc.gov/MarketReports/CommitmentsofTraders/ReleaseSchedule/index.htm,True,estimated,15:30 America/New_York,3
legacy_futures_only,2011-08-09,False,2011-08-12,,,2011-08-12,2011-08-12,2011-08-12,2011-08-15,estimated_three_federal_business_days_friday_floor,https://www.cftc.gov/MarketReports/CommitmentsofTraders/ReleaseSchedule/index.htm,True,estimated,15:30 America/New_York,3
disaggregated_futures_only,2011-08-16,False,2011-08-19,,,2011-08-19,2011-08-19,2011-08-19,2011-08-22,estimated_three_federal_business_days_friday_floor,https://www.cftc.gov/MarketReports/CommitmentsofTraders/ReleaseSchedule/index.htm,True,estimated,15:30 America/New_York,3
legacy_futures_only,2011-08-16,False,2011-08-19,,,2011-08-19,2011-08-19,2011-08-19,2011-08-22,estimated_three_federal_business_days_friday_floor,https://www.cftc.gov/MarketReports/CommitmentsofTraders/ReleaseSchedule/index.htm,True,estimated,15:30 America/New_York,3
disaggregated_futures_only,2011-08-23,False,2011-08-26,,,2011-08-26,2011-08-26,2011-08-26,2011-08-29,estimated_three_federal_business_days_friday_floor,https://www.cftc.gov/MarketReports/CommitmentsofTraders/ReleaseSchedule/index.htm,True,estimated,15:30 America/New_York,3
legacy_futures_only,2011-08-23,False,2011-08-26,,,2011-08-26,2011-08-26,2011-08-26,2011-08-29,estimated_three_federal_business_days_friday_floor,https://www.cftc.gov/MarketReports/CommitmentsofTraders/ReleaseSchedule/index.htm,True,estimated,15:30 America/New_York,3
disaggregated_futures_only,2011-08-30,False,2011-09-02,,,2011-09-02,2011-09-02,2011-09-02,2011-09-06,estimated_three_federal_business_days_friday_floor,https://www.cftc.gov/MarketReports/CommitmentsofTraders/ReleaseSchedule/index.htm,True,estimated,15:30 America/New_York,3
legacy_futures_only,2011-08-30,False,2011-09-02,,,2011-09-02,2011-09-02,2011-09-02,2011-09-06,estimated_three_federal_business_days_friday_floor,https://www.cftc.gov/MarketReports/CommitmentsofTraders/ReleaseSchedule/index.htm,True,estimated,15:30 America/New_York,3
disaggregated_futures_only,2011-09-06,False,2011-09-09,,,2011-09-09,2011-09-09,2011-09-09,2011-09-12,estimated_three_federal_business_days_friday_floor,https://www.cftc.gov/MarketReports/CommitmentsofTraders/ReleaseSchedule/index.htm,True,estimated,15:30 America/New_York,3
legacy_futures_only,2011-09-06,False,2011-09-09,,,2011-09-09,2011-09-09,2011-09-09,2011-09-12,estimated_three_federal_business_days_friday_floor,https://www.cftc.gov/MarketReports/CommitmentsofTraders/ReleaseSchedule/index.htm,True,estimated,15:30 America/New_York,3
disaggregated_futures_only,2011-09-13,False,2011-09-16,,,2011-09-16,2011-09-16,2011-09-16,2011-09-19,estimated_three_federal_business_days_friday_floor,https://www.cftc.gov/MarketReports/CommitmentsofTraders/ReleaseSchedule/index.htm,True,estimated,15:30 America/New_York,3
legacy_futures_only,2011-09-13,False,2011-09-16,,,2011-09-16,2011-09-16,2011-09-16,2011-09-19,estimated_three_federal_business_days_friday_floor,https://www.cftc.gov/MarketReports/CommitmentsofTraders/ReleaseSchedule/index.htm,True,estimated,15:30 America/New_York,3
disaggregated_futures_only,2011-09-20,False,2011-09-23,,,2011-09-23,2011-09-23,2011-09-23,2011-09-26,estimated_three_federal_business_days_friday_floor,https://www.cftc.gov/MarketReports/CommitmentsofTraders/ReleaseSchedule/index.htm,True,estimated,15:30 America/New_York,3
legacy_futures_only,2011-09-20,False,2011-09-23,,,2011-09-23,2011-09-23,2011-09-23,2011-09-26,estimated_three_federal_business_days_friday_floor,https://www.cftc.gov/MarketReports/CommitmentsofTraders/ReleaseSchedule/index.htm,True,estimated,15:30 America/New_York,3
disaggregated_futures_only,2011-09-27,False,2011-09-30,,,2011-09-30,2011-09-30,2011-09-30,2011-10-03,estimated_three_federal_business_days_friday_floor,https://www.cftc.gov/MarketReports/CommitmentsofTraders/ReleaseSchedule/index.htm,True,estimated,15:30 America/New_York,3
legacy_futures_only,2011-09-27,False,2011-09-30,,,2011-09-30,2011-09-30,2011-09-30,2011-10-03,estimated_three_federal_business_days_friday_floor,https://www.cftc.gov/MarketReports/CommitmentsofTraders/ReleaseSchedule/index.htm,True,estimated,15:30 America/New_York,3
disaggregated_futures_only,2011-10-04,False,2011-10-07,,,2011-10-07,2011-10-07,2011-10-07,2011-10-10,estimated_three_federal_business_days_friday_floor,https://www.cftc.gov/MarketReports/CommitmentsofTraders/ReleaseSchedule/index.htm,True,estimated,15:30 America/New_York,3
legacy_futures_only,2011-10-04,False,2011-10-07,,,2011-10-07,2011-10-07,2011-10-07,2011-10-10,estimated_three_federal_business_days_friday_floor,https://www.cftc.gov/MarketReports/CommitmentsofTraders/ReleaseSchedule/index.htm,True,estimated,15:30 America/New_York,3
disaggregated_futures_only,2011-10-11,False,2011-10-14,,,2011-10-14,2011-10-14,2011-10-14,2011-10-17,estimated_three_federal_business_days_friday_floor,https://www.cftc.gov/MarketReports/CommitmentsofTraders/ReleaseSchedule/index.htm,True,estimated,15:30 America/New_York,3
legacy_futures_only,2011-10-11,False,2011-10-14,,,2011-10-14,2011-10-14,2011-10-14,2011-10-17,estimated_three_federal_business_days_friday_floor,https://www.cftc.gov/MarketReports/CommitmentsofTraders/ReleaseSchedule/index.htm,True,estimated,15:30 America/New_York,3
disaggregated_futures_only,2011-10-18,False,2011-10-21,,,2011-10-21,2011-10-21,2011-10-21,2011-10-24,estimated_three_federal_business_days_friday_floor,https://www.cftc.gov/MarketReports/CommitmentsofTraders/ReleaseSchedule/index.htm,True,estimated,15:30 America/New_York,3
legacy_futures_only,2011-10-18,False,2011-10-21,,,2011-10-21,2011-10-21,2011-10-21,2011-10-24,estimated_three_federal_business_days_friday_floor,https://www.cftc.gov/MarketReports/CommitmentsofTraders/ReleaseSchedule/index.htm,True,estimated,15:30 America/New_York,3
disaggregated_futures_only,2011-10-25,False,2011-10-28,,,2011-10-28,2011-10-28,2011-10-28,2011-10-31,estimated_three_federal_business_days_friday_floor,https://www.cftc.gov/MarketReports/CommitmentsofTraders/ReleaseSchedule/index.htm,True,estimated,15:30 America/New_York,3
legacy_futures_only,2011-10-25,False,2011-10-28,,,2011-10-28,2011-10-28,2011-10-28,2011-10-31,estimated_three_federal_business_days_friday_floor,https://www.cftc.gov/MarketReports/CommitmentsofTraders/ReleaseSchedule/index.htm,True,estimated,15:30 America/New_York,3
disaggregated_futures_only,2011-11-01,False,2011-11-04,,,2011-11-04,2011-11-04,2011-11-04,2011-11-07,estimated_three_federal_business_days_friday_floor,https://www.cftc.gov/MarketReports/CommitmentsofTraders/ReleaseSchedule/index.htm,True,estimated,15:30 America/New_York,3
legacy_futures_only,2011-11-01,False,2011-11-04,,,2011-11-04,2011-11-04,2011-11-04,2011-11-07,estimated_three_federal_business_days_friday_floor,https://www.cftc.gov/MarketReports/CommitmentsofTraders/ReleaseSchedule/index.htm,True,estimated,15:30 America/New_York,3
disaggregated_futures_only,2011-11-08,False,2011-11-14,,,2011-11-14,2011-11-14,2011-11-14,2011-11-15,estimated_three_federal_business_days_friday_floor,https://www.cftc.gov/MarketReports/CommitmentsofTraders/ReleaseSchedule/index.htm,True,estimated,15:30 America/New_York,6
legacy_futures_only,2011-11-08,False,2011-11-14,,,2011-11-14,2011-11-14,2011-11-14,2011-11-15,estimated_three_federal_business_days_friday_floor,https://www.cftc.gov/MarketReports/CommitmentsofTraders/ReleaseSchedule/index.htm,True,estimated,15:30 America/New_York,6
disaggregated_futures_only,2011-11-15,False,2011-11-18,,,2011-11-18,2011-11-18,2011-11-18,2011-11-21,estimated_three_federal_business_days_friday_floor,https://www.cftc.gov/MarketReports/CommitmentsofTraders/ReleaseSchedule/index.htm,True,estimated,15:30 America/New_York,3
legacy_futures_only,2011-11-15,False,2011-11-18,,,2011-11-18,2011-11-18,2011-11-18,2011-11-21,estimated_three_federal_business_days_friday_floor,https://www.cftc.gov/MarketReports/CommitmentsofTraders/ReleaseSchedule/index.htm,True,estimated,15:30 America/New_York,3
disaggregated_futures_only,2011-11-22,False,2011-11-28,,,2011-11-28,2011-11-28,2011-11-28,2011-11-29,estimated_three_federal_business_days_friday_floor,https://www.cftc.gov/MarketReports/CommitmentsofTraders/ReleaseSchedule/index.htm,True,estimated,15:30 America/New_York,6
legacy_futures_only,2011-11-22,False,2011-11-28,,,2011-11-28,2011-11-28,2011-11-28,2011-11-29,estimated_three_federal_business_days_friday_floor,https://www.cftc.gov/MarketReports/CommitmentsofTraders/ReleaseSchedule/index.htm,True,estimated,15:30 America/New_York,6
disaggregated_futures_only,2011-11-29,False,2011-12-02,,,2011-12-02,2011-12-02,2011-12-02,2011-12-05,estimated_three_federal_business_days_friday_floor,https://www.cftc.gov/MarketReports/CommitmentsofTraders/ReleaseSchedule/index.htm,True,estimated,15:30 America/New_York,3
legacy_futures_only,2011-11-29,False,2011-12-02,,,2011-12-02,2011-12-02,2011-12-02,2011-12-05,estimated_three_federal_business_days_friday_floor,https://www.cftc.gov/MarketReports/CommitmentsofTraders/ReleaseSchedule/index.htm,True,estimated,15:30 America/New_York,3
disaggregated_futures_only,2011-12-06,False,2011-12-09,,,2011-12-09,2011-12-09,2011-12-09,2011-12-12,estimated_three_federal_business_days_friday_floor,https://www.cftc.gov/MarketReports/CommitmentsofTraders/ReleaseSchedule/index.htm,True,estimated,15:30 America/New_York,3
legacy_futures_only,2011-12-06,False,2011-12-09,,,2011-12-09,2011-12-09,2011-12-09,2011-12-12,estimated_three_federal_business_days_friday_floor,https://www.cftc.gov/MarketReports/CommitmentsofTraders/ReleaseSchedule/index.htm,True,estimated,15:30 America/New_York,3
disaggregated_futures_only,2011-12-13,False,2011-12-16,,,2011-12-16,2011-12-16,2011-12-16,2011-12-19,estimated_three_federal_business_days_friday_floor,https://www.cftc.gov/MarketReports/CommitmentsofTraders/ReleaseSchedule/index.htm,True,estimated,15:30 America/New_York,3
legacy_futures_only,2011-12-13,False,2011-12-16,,,2011-12-16,2011-12-16,2011-12-16,2011-12-19,estimated_three_federal_business_days_friday_floor,https://www.cftc.gov/MarketReports/CommitmentsofTraders/ReleaseSchedule/index.htm,True,estimated,15:30 America/New_York,3
disaggregated_futures_only,2011-12-20,False,2011-12-23,,,2011-12-23,2011-12-23,2011-12-23,2011-12-27,estimated_three_federal_business_days_friday_floor,https://www.cftc.gov/MarketReports/CommitmentsofTraders/ReleaseSchedule/index.htm,True,estimated,15:30 America/New_York,3
legacy_futures_only,2011-12-20,False,2011-12-23,,,2011-12-23,2011-12-23,2011-12-23,2011-12-27,estimated_three_federal_business_days_friday_floor,https://www.cftc.gov/MarketReports/CommitmentsofTraders/ReleaseSchedule/index.htm,True,estimated,15:30 America/New_York,3
disaggregated_futures_only,2011-12-27,False,2011-12-30,,,2011-12-30,2011-12-30,2011-12-30,2012-01-03,estimated_three_federal_business_days_friday_floor,https://www.cftc.gov/MarketReports/CommitmentsofTraders/ReleaseSchedule/index.htm,True,estimated,15:30 America/New_York,3
legacy_futures_only,2011-12-27,False,2011-12-30,,,2011-12-30,2011-12-30,2011-12-30,2012-01-03,estimated_three_federal_business_days_friday_floor,https://www.cftc.gov/MarketReports/CommitmentsofTraders/ReleaseSchedule/index.htm,True,estimated,15:30 America/New_York,3
disaggregated_futures_only,2012-01-03,False,2012-01-06,,,2012-01-06,2012-01-06,2012-01-06,2012-01-09,estimated_three_federal_business_days_friday_floor,https://www.cftc.gov/MarketReports/CommitmentsofTraders/ReleaseSchedule/index.htm,True,estimated,15:30 America/New_York,3
legacy_futures_only,2012-01-03,False,2012-01-06,,,2012-01-06,2012-01-06,2012-01-06,2012-01-09,estimated_three_federal_business_days_friday_floor,https://www.cftc.gov/MarketReports/CommitmentsofTraders/ReleaseSchedule/index.htm,True,estimated,15:30 America/New_York,3
disaggregated_futures_only,2012-01-10,False,2012-01-13,,,2012-01-13,2012-01-13,2012-01-13,2012-01-17,estimated_three_federal_business_days_friday_floor,https://www.cftc.gov/MarketReports/CommitmentsofTraders/ReleaseSchedule/index.htm,True,estimated,15:30 America/New_York,3
legacy_futures_only,2012-01-10,False,2012-01-13,,,2012-01-13,2012-01-13,2012-01-13,2012-01-17,estimated_three_federal_business_days_friday_floor,https://www.cftc.gov/MarketReports/CommitmentsofTraders/ReleaseSchedule/index.htm,True,estimated,15:30 America/New_York,3
disaggregated_futures_only,2012-01-17,False,2012-01-20,,,2012-01-20,2012-01-20,2012-01-20,2012-01-23,estimated_three_federal_business_days_friday_floor,https://www.cftc.gov/MarketReports/CommitmentsofTraders/ReleaseSchedule/index.htm,True,estimated,15:30 America/New_York,3
legacy_futures_only,2012-01-17,False,2012-01-20,,,2012-01-20,2012-01-20,2012-01-20,2012-01-23,estimated_three_federal_business_days_friday_floor,https://www.cftc.gov/MarketReports/CommitmentsofTraders/ReleaseSchedule/index.htm,True,estimated,15:30 America/New_York,3
disaggregated_futures_only,2012-01-24,False,2012-01-27,,,2012-01-27,2012-01-27,2012-01-27,2012-01-30,estimated_three_federal_business_days_friday_floor,https://www.cftc.gov/MarketReports/CommitmentsofTraders/ReleaseSchedule/index.htm,True,estimated,15:30 America/New_York,3
legacy_futures_only,2012-01-24,False,2012-01-27,,,2012-01-27,2012-01-27,2012-01-27,2012-01-30,estimated_three_federal_business_days_friday_floor,https://www.cftc.gov/MarketReports/CommitmentsofTraders/ReleaseSchedule/index.htm,True,estimated,15:30 America/New_York,3
disaggregated_futures_only,2012-01-31,False,2012-02-03,,,2012-02-03,2012-02-03,2012-02-03,2012-02-06,estimated_three_federal_business_days_friday_floor,https://www.cftc.gov/MarketReports/CommitmentsofTraders/ReleaseSchedule/index.htm,True,estimated,15:30 America/New_York,3
legacy_futures_only,2012-01-31,False,2012-02-03,,,2012-02-03,2012-02-03,2012-02-03,2012-02-06,estimated_three_federal_business_days_friday_floor,https://www.cftc.gov/MarketReports/CommitmentsofTraders/ReleaseSchedule/index.htm,True,estimated,15:30 America/New_York,3
disaggregated_futures_only,2012-02-07,False,2012-02-10,,,2012-02-10,2012-02-10,2012-02-10,2012-02-13,estimated_three_federal_business_days_friday_floor,https://www.cftc.gov/MarketReports/CommitmentsofTraders/ReleaseSchedule/index.htm,True,estimated,15:30 America/New_York,3
legacy_futures_only,2012-02-07,False,2012-02-10,,,2012-02-10,2012-02-10,2012-02-10,2012-02-13,estimated_three_federal_business_days_friday_floor,https://www.cftc.gov/MarketReports/CommitmentsofTraders/ReleaseSchedule/index.htm,True,estimated,15:30 America/New_York,3
disaggregated_futures_only,2012-02-14,False,2012-02-17,,,2012-02-17,2012-02-17,2012-02-17,2012-02-21,estimated_three_federal_business_days_friday_floor,https://www.cftc.gov/MarketReports/CommitmentsofTraders/ReleaseSchedule/index.htm,True,estimated,15:30 America/New_York,3
legacy_futures_only,2012-02-14,False,2012-02-17,,,2012-02-17,2012-02-17,2012-02-17,2012-02-21,estimated_three_federal_business_days_friday_floor,https://www.cftc.gov/MarketReports/CommitmentsofTraders/ReleaseSchedule/index.htm,True,estimated,15:30 America/New_York,3
disaggregated_futures_only,2012-02-21,False,2012-02-24,,,2012-02-24,2012-02-24,2012-02-24,2012-02-27,estimated_three_federal_business_days_friday_floor,https://www.cftc.gov/MarketReports/CommitmentsofTraders/ReleaseSchedule/index.htm,True,estimated,15:30 America/New_York,3
legacy_futures_only,2012-02-21,False,2012-02-24,,,2012-02-24,2012-02-24,2012-02-24,2012-02-27,estimated_three_federal_business_days_friday_floor,https://www.cftc.gov/MarketReports/CommitmentsofTraders/ReleaseSchedule/index.htm,True,estimated,15:30 America/New_York,3
disaggregated_futures_only,2012-02-28,False,2012-03-02,,,2012-03-02,2012-03-02,2012-03-02,2012-03-05,estimated_three_federal_business_days_friday_floor,https://www.cftc.gov/MarketReports/CommitmentsofTraders/ReleaseSchedule/index.htm,True,estimated,15:30 America/New_York,3
legacy_futures_only,2012-02-28,False,2012-03-02,,,2012-03-02,2012-03-02,2012-03-02,2012-03-05,estimated_three_federal_business_days_friday_floor,https://www.cftc.gov/MarketReports/CommitmentsofTraders/ReleaseSchedule/index.htm,True,estimated,15:30 America/New_York,3
disaggregated_futures_only,2012-03-06,False,2012-03-09,,,2012-03-09,2012-03-09,2012-03-09,2012-03-12,estimated_three_federal_business_days_friday_floor,https://www.cftc.gov/MarketReports/CommitmentsofTraders/ReleaseSchedule/index.htm,True,estimated,15:30 America/New_York,3
legacy_futures_only,2012-03-06,False,2012-03-09,,,2012-03-09,2012-03-09,2012-03-09,2012-03-12,estimated_three_federal_business_days_friday_floor,https://www.cftc.gov/MarketReports/CommitmentsofTraders/ReleaseSchedule/index.htm,True,estimated,15:30 America/New_York,3
disaggregated_futures_only,2012-03-13,False,2012-03-16,,,2012-03-16,2012-03-16,2012-03-16,2012-03-19,estimated_three_federal_business_days_friday_floor,https://www.cftc.gov/MarketReports/CommitmentsofTraders/ReleaseSchedule/index.htm,True,estimated,15:30 America/New_York,3
legacy_futures_only,2012-03-13,False,2012-03-16,,,2012-03-16,2012-03-16,2012-03-16,2012-03-19,estimated_three_federal_business_days_friday_floor,https://www.cftc.gov/MarketReports/CommitmentsofTraders/ReleaseSchedule/index.htm,True,estimated,15:30 America/New_York,3
disaggregated_futures_only,2012-03-20,False,2012-03-23,,,2012-03-23,2012-03-23,2012-03-23,2012-03-26,estimated_three_federal_business_days_friday_floor,https://www.cftc.gov/MarketReports/CommitmentsofTraders/ReleaseSchedule/index.htm,True,estimated,15:30 America/New_York,3
legacy_futures_only,2012-03-20,False,2012-03-23,,,2012-03-23,2012-03-23,2012-03-23,2012-03-26,estimated_three_federal_business_days_friday_floor,https://www.cftc.gov/MarketReports/CommitmentsofTraders/ReleaseSchedule/index.htm,True,estimated,15:30 America/New_York,3
disaggregated_futures_only,2012-03-27,False,2012-03-30,,,2012-03-30,2012-03-30,2012-03-30,2012-04-02,estimated_three_federal_business_days_friday_floor,https://www.cftc.gov/MarketReports/CommitmentsofTraders/ReleaseSchedule/index.htm,True,estimated,15:30 America/New_York,3
legacy_futures_only,2012-03-27,False,2012-03-30,,,2012-03-30,2012-03-30,2012-03-30,2012-04-02,estimated_three_federal_business_days_friday_floor,https://www.cftc.gov/MarketReports/CommitmentsofTraders/ReleaseSchedule/index.htm,True,estimated,15:30 America/New_York,3
disaggregated_futures_only,2012-04-03,False,2012-04-06,,,2012-04-06,2012-04-06,2012-04-06,2012-04-09,estimated_three_federal_business_days_friday_floor,https://www.cftc.gov/MarketReports/CommitmentsofTraders/ReleaseSchedule/index.htm,True,estimated,15:30 America/New_York,3
legacy_futures_only,2012-04-03,False,2012-04-06,,,2012-04-06,2012-04-06,2012-04-06,2012-04-09,estimated_three_federal_business_days_friday_floor,https://www.cftc.gov/MarketReports/CommitmentsofTraders/ReleaseSchedule/index.htm,True,estimated,15:30 America/New_York,3
disaggregated_futures_only,2012-04-10,False,2012-04-13,,,2012-04-13,2012-04-13,2012-04-13,2012-04-16,estimated_three_federal_business_days_friday_floor,https://www.cftc.gov/MarketReports/CommitmentsofTraders/ReleaseSchedule/index.htm,True,estimated,15:30 America/New_York,3
legacy_futures_only,2012-04-10,False,2012-04-13,,,2012-04-13,2012-04-13,2012-04-13,2012-04-16,estimated_three_federal_business_days_friday_floor,https://www.cftc.gov/MarketReports/CommitmentsofTraders/ReleaseSchedule/index.htm,True,estimated,15:30 America/New_York,3
disaggregated_futures_only,2012-04-17,False,2012-04-20,,,2012-04-20,2012-04-20,2012-04-20,2012-04-23,estimated_three_federal_business_days_friday_floor,https://www.cftc.gov/MarketReports/CommitmentsofTraders/ReleaseSchedule/index.htm,True,estimated,15:30 America/New_York,3
legacy_futures_only,2012-04-17,False,2012-04-20,,,2012-04-20,2012-04-20,2012-04-20,2012-04-23,estimated_three_federal_business_days_friday_floor,https://www.cftc.gov/MarketReports/CommitmentsofTraders/ReleaseSchedule/index.htm,True,estimated,15:30 America/New_York,3
disaggregated_futures_only,2012-04-24,False,2012-04-27,,,2012-04-27,2012-04-27,2012-04-27,2012-04-30,estimated_three_federal_business_days_friday_floor,https://www.cftc.gov/MarketReports/CommitmentsofTraders/ReleaseSchedule/index.htm,True,estimated,15:30 America/New_York,3
legacy_futures_only,2012-04-24,False,2012-04-27,,,2012-04-27,2012-04-27,2012-04-27,2012-04-30,estimated_three_federal_business_days_friday_floor,https://www.cftc.gov/MarketReports/CommitmentsofTraders/ReleaseSchedule/index.htm,True,estimated,15:30 America/New_York,3
disaggregated_futures_only,2012-05-01,False,2012-05-04,,,2012-05-04,2012-05-04,2012-05-04,2012-05-07,estimated_three_federal_business_days_friday_floor,https://www.cftc.gov/MarketReports/CommitmentsofTraders/ReleaseSchedule/index.htm,True,estimated,15:30 America/New_York,3
legacy_futures_only,2012-05-01,False,2012-05-04,,,2012-05-04,2012-05-04,2012-05-04,2012-05-07,estimated_three_federal_business_days_friday_floor,https://www.cftc.gov/MarketReports/CommitmentsofTraders/ReleaseSchedule/index.htm,True,estimated,15:30 America/New_York,3
disaggregated_futures_only,2012-05-08,False,2012-05-11,,,2012-05-11,2012-05-11,2012-05-11,2012-05-14,estimated_three_federal_business_days_friday_floor,https://www.cftc.gov/MarketReports/CommitmentsofTraders/ReleaseSchedule/index.htm,True,estimated,15:30 America/New_York,3
legacy_futures_only,2012-05-08,False,2012-05-11,,,2012-05-11,2012-05-11,2012-05-11,2012-05-14,estimated_three_federal_business_days_friday_floor,https://www.cftc.gov/MarketReports/CommitmentsofTraders/ReleaseSchedule/index.htm,True,estimated,15:30 America/New_York,3
disaggregated_futures_only,2012-05-15,False,2012-05-18,,,2012-05-18,2012-05-18,2012-05-18,2012-05-21,estimated_three_federal_business_days_friday_floor,https://www.cftc.gov/MarketReports/CommitmentsofTraders/ReleaseSchedule/index.htm,True,estimated,15:30 America/New_York,3
legacy_futures_only,2012-05-15,False,2012-05-18,,,2012-05-18,2012-05-18,2012-05-18,2012-05-21,estimated_three_federal_business_days_friday_floor,https://www.cftc.gov/MarketReports/CommitmentsofTraders/ReleaseSchedule/index.htm,True,estimated,15:30 America/New_York,3
disaggregated_futures_only,2012-05-22,False,2012-05-25,,,2012-05-25,2012-05-25,2012-05-25,2012-05-29,estimated_three_federal_business_days_friday_floor,https://www.cftc.gov/MarketReports/CommitmentsofTraders/ReleaseSchedule/index.htm,True,estimated,15:30 America/New_York,3
legacy_futures_only,2012-05-22,False,2012-05-25,,,2012-05-25,2012-05-25,2012-05-25,2012-05-29,estimated_three_federal_business_days_friday_floor,https://www.cftc.gov/MarketReports/CommitmentsofTraders/ReleaseSchedule/index.htm,True,estimated,15:30 America/New_York,3
disaggregated_futures_only,2012-05-29,False,2012-06-01,,,2012-06-01,2012-06-01,2012-06-01,2012-06-04,estimated_three_federal_business_days_friday_floor,https://www.cftc.gov/MarketReports/CommitmentsofTraders/ReleaseSchedule/index.htm,True,estimated,15:30 America/New_York,3
legacy_futures_only,2012-05-29,False,2012-06-01,,,2012-06-01,2012-06-01,2012-06-01,2012-06-04,estimated_three_federal_business_days_friday_floor,https://www.cftc.gov/MarketReports/CommitmentsofTraders/ReleaseSchedule/index.htm,True,estimated,15:30 America/New_York,3
disaggregated_futures_only,2012-06-05,False,2012-06-08,,,2012-06-08,2012-06-08,2012-06-08,2012-06-11,estimated_three_federal_business_days_friday_floor,https://www.cftc.gov/MarketReports/CommitmentsofTraders/ReleaseSchedule/index.htm,True,estimated,15:30 America/New_York,3
legacy_futures_only,2012-06-05,False,2012-06-08,,,2012-06-08,2012-06-08,2012-06-08,2012-06-11,estimated_three_federal_business_days_friday_floor,https://www.cftc.gov/MarketReports/CommitmentsofTraders/ReleaseSchedule/index.htm,True,estimated,15:30 America/New_York,3
disaggregated_futures_only,2012-06-12,False,2012-06-15,,,2012-06-15,2012-06-15,2012-06-15,2012-06-18,estimated_three_federal_business_days_friday_floor,https://www.cftc.gov/MarketReports/CommitmentsofTraders/ReleaseSchedule/index.htm,True,estimated,15:30 America/New_York,3
legacy_futures_only,2012-06-12,False,2012-06-15,,,2012-06-15,2012-06-15,2012-06-15,2012-06-18,estimated_three_federal_business_days_friday_floor,https://www.cftc.gov/MarketReports/CommitmentsofTraders/ReleaseSchedule/index.htm,True,estimated,15:30 America/New_York,3
disaggregated_futures_only,2012-06-19,False,2012-06-22,,,2012-06-22,2012-06-22,2012-06-22,2012-06-25,estimated_three_federal_business_days_friday_floor,https://www.cftc.gov/MarketReports/CommitmentsofTraders/ReleaseSchedule/index.htm,True,estimated,15:30 America/New_York,3
legacy_futures_only,2012-06-19,False,2012-06-22,,,2012-06-22,2012-06-22,2012-06-22,2012-06-25,estimated_three_federal_business_days_friday_floor,https://www.cftc.gov/MarketReports/CommitmentsofTraders/ReleaseSchedule/index.htm,True,estimated,15:30 America/New_York,3
disaggregated_futures_only,2012-06-26,False,2012-06-29,,,2012-06-29,2012-06-29,2012-06-29,2012-07-02,estimated_three_federal_business_days_friday_floor,https://www.cftc.gov/MarketReports/CommitmentsofTraders/ReleaseSchedule/index.htm,True,estimated,15:30 America/New_York,3
legacy_futures_only,2012-06-26,False,2012-06-29,,,2012-06-29,2012-06-29,2012-06-29,2012-07-02,estimated_three_federal_business_days_friday_floor,https://www.cftc.gov/MarketReports/CommitmentsofTraders/ReleaseSchedule/index.htm,True,estimated,15:30 America/New_York,3
disaggregated_futures_only,2012-07-03,False,2012-07-09,,,2012-07-09,2012-07-09,2012-07-09,2012-07-10,estimated_three_federal_business_days_friday_floor,https://www.cftc.gov/MarketReports/CommitmentsofTraders/ReleaseSchedule/index.htm,True,estimated,15:30 America/New_York,6
legacy_futures_only,2012-07-03,False,2012-07-09,,,2012-07-09,2012-07-09,2012-07-09,2012-07-10,estimated_three_federal_business_days_friday_floor,https://www.cftc.gov/MarketReports/CommitmentsofTraders/ReleaseSchedule/index.htm,True,estimated,15:30 America/New_York,6
disaggregated_futures_only,2012-07-10,False,2012-07-13,,,2012-07-13,2012-07-13,2012-07-13,2012-07-16,estimated_three_federal_business_days_friday_floor,https://www.cftc.gov/MarketReports/CommitmentsofTraders/ReleaseSchedule/index.htm,True,estimated,15:30 America/New_York,3
legacy_futures_only,2012-07-10,False,2012-07-13,,,2012-07-13,2012-07-13,2012-07-13,2012-07-16,estimated_three_federal_business_days_friday_floor,https://www.cftc.gov/MarketReports/CommitmentsofTraders/ReleaseSchedule/index.htm,True,estimated,15:30 America/New_York,3
disaggregated_futures_only,2012-07-17,False,2012-07-20,,,2012-07-20,2012-07-20,2012-07-20,2012-07-23,estimated_three_federal_business_days_friday_floor,https://www.cftc.gov/MarketReports/CommitmentsofTraders/ReleaseSchedule/index.htm,True,estimated,15:30 America/New_York,3
legacy_futures_only,2012-07-17,False,2012-07-20,,,2012-07-20,2012-07-20,2012-07-20,2012-07-23,estimated_three_federal_business_days_friday_floor,https://www.cftc.gov/MarketReports/CommitmentsofTraders/ReleaseSchedule/index.htm,True,estimated,15:30 America/New_York,3
disaggregated_futures_only,2012-07-24,False,2012-07-27,,,2012-07-27,2012-07-27,2012-07-27,2012-07-30,estimated_three_federal_business_days_friday_floor,https://www.cftc.gov/MarketReports/CommitmentsofTraders/ReleaseSchedule/index.htm,True,estimated,15:30 America/New_York,3
legacy_futures_only,2012-07-24,False,2012-07-27,,,2012-07-27,2012-07-27,2012-07-27,2012-07-30,estimated_three_federal_business_days_friday_floor,https://www.cftc.gov/MarketReports/CommitmentsofTraders/ReleaseSchedule/index.htm,True,estimated,15:30 America/New_York,3
disaggregated_futures_only,2012-07-31,False,2012-08-03,,,2012-08-03,2012-08-03,2012-08-03,2012-08-06,estimated_three_federal_business_days_friday_floor,https://www.cftc.gov/MarketReports/CommitmentsofTraders/ReleaseSchedule/index.htm,True,estimated,15:30 America/New_York,3
legacy_futures_only,2012-07-31,False,2012-08-03,,,2012-08-03,2012-08-03,2012-08-03,2012-08-06,estimated_three_federal_business_days_friday_floor,https://www.cftc.gov/MarketReports/CommitmentsofTraders/ReleaseSchedule/index.htm,True,estimated,15:30 America/New_York,3
disaggregated_futures_only,2012-08-07,False,2012-08-10,,,2012-08-10,2012-08-10,2012-08-10,2012-08-13,estimated_three_federal_business_days_friday_floor,https://www.cftc.gov/MarketReports/CommitmentsofTraders/ReleaseSchedule/index.htm,True,estimated,15:30 America/New_York,3
legacy_futures_only,2012-08-07,False,2012-08-10,,,2012-08-10,2012-08-10,2012-08-10,2012-08-13,estimated_three_federal_business_days_friday_floor,https://www.cftc.gov/MarketReports/CommitmentsofTraders/ReleaseSchedule/index.htm,True,estimated,15:30 America/New_York,3
disaggregated_futures_only,2012-08-14,False,2012-08-17,,,2012-08-17,2012-08-17,2012-08-17,2012-08-20,estimated_three_federal_business_days_friday_floor,https://www.cftc.gov/MarketReports/CommitmentsofTraders/ReleaseSchedule/index.htm,True,estimated,15:30 America/New_York,3
legacy_futures_only,2012-08-14,False,2012-08-17,,,2012-08-17,2012-08-17,2012-08-17,2012-08-20,estimated_three_federal_business_days_friday_floor,https://www.cftc.gov/MarketReports/CommitmentsofTraders/ReleaseSchedule/index.htm,True,estimated,15:30 America/New_York,3
disaggregated_futures_only,2012-08-21,False,2012-08-24,,,2012-08-24,2012-08-24,2012-08-24,2012-08-27,estimated_three_federal_business_days_friday_floor,https://www.cftc.gov/MarketReports/CommitmentsofTraders/ReleaseSchedule/index.htm,True,estimated,15:30 America/New_York,3
legacy_futures_only,2012-08-21,False,2012-08-24,,,2012-08-24,2012-08-24,2012-08-24,2012-08-27,estimated_three_federal_business_days_friday_floor,https://www.cftc.gov/MarketReports/CommitmentsofTraders/ReleaseSchedule/index.htm,True,estimated,15:30 America/New_York,3
disaggregated_futures_only,2012-08-28,False,2012-08-31,,,2012-08-31,2012-08-31,2012-08-31,2012-09-04,estimated_three_federal_business_days_friday_floor,https://www.cftc.gov/MarketReports/CommitmentsofTraders/ReleaseSchedule/index.htm,True,estimated,15:30 America/New_York,3
legacy_futures_only,2012-08-28,False,2012-08-31,,,2012-08-31,2012-08-31,2012-08-31,2012-09-04,estimated_three_federal_business_days_friday_floor,https://www.cftc.gov/MarketReports/CommitmentsofTraders/ReleaseSchedule/index.htm,True,estimated,15:30 America/New_York,3
disaggregated_futures_only,2012-09-04,False,2012-09-07,,,2012-09-07,2012-09-07,2012-09-07,2012-09-10,estimated_three_federal_business_days_friday_floor,https://www.cftc.gov/MarketReports/CommitmentsofTraders/ReleaseSchedule/index.htm,True,estimated,15:30 America/New_York,3
legacy_futures_only,2012-09-04,False,2012-09-07,,,2012-09-07,2012-09-07,2012-09-07,2012-09-10,estimated_three_federal_business_days_friday_floor,https://www.cftc.gov/MarketReports/CommitmentsofTraders/ReleaseSchedule/index.htm,True,estimated,15:30 America/New_York,3
disaggregated_futures_only,2012-09-11,False,2012-09-14,,,2012-09-14,2012-09-14,2012-09-14,2012-09-17,estimated_three_federal_business_days_friday_floor,https://www.cftc.gov/MarketReports/CommitmentsofTraders/ReleaseSchedule/index.htm,True,estimated,15:30 America/New_York,3
legacy_futures_only,2012-09-11,False,2012-09-14,,,2012-09-14,2012-09-14,2012-09-14,2012-09-17,estimated_three_federal_business_days_friday_floor,https://www.cftc.gov/MarketReports/CommitmentsofTraders/ReleaseSchedule/index.htm,True,estimated,15:30 America/New_York,3
disaggregated_futures_only,2012-09-18,False,2012-09-21,,,2012-09-21,2012-09-21,2012-09-21,2012-09-24,estimated_three_federal_business_days_friday_floor,https://www.cftc.gov/MarketReports/CommitmentsofTraders/ReleaseSchedule/index.htm,True,estimated,15:30 America/New_York,3
legacy_futures_only,2012-09-18,False,2012-09-21,,,2012-09-21,2012-09-21,2012-09-21,2012-09-24,estimated_three_federal_business_days_friday_floor,https://www.cftc.gov/MarketReports/CommitmentsofTraders/ReleaseSchedule/index.htm,True,estimated,15:30 America/New_York,3
disaggregated_futures_only,2012-09-25,False,2012-09-28,,,2012-09-28,2012-09-28,2012-09-28,2012-10-01,estimated_three_federal_business_days_friday_floor,https://www.cftc.gov/MarketReports/CommitmentsofTraders/ReleaseSchedule/index.htm,True,estimated,15:30 America/New_York,3
legacy_futures_only,2012-09-25,False,2012-09-28,,,2012-09-28,2012-09-28,2012-09-28,2012-10-01,estimated_three_federal_business_days_friday_floor,https://www.cftc.gov/MarketReports/CommitmentsofTraders/ReleaseSchedule/index.htm,True,estimated,15:30 America/New_York,3
disaggregated_futures_only,2012-10-02,False,2012-10-05,,,2012-10-05,2012-10-05,2012-10-05,2012-10-08,estimated_three_federal_business_days_friday_floor,https://www.cftc.gov/MarketReports/CommitmentsofTraders/ReleaseSchedule/index.htm,True,estimated,15:30 America/New_York,3
legacy_futures_only,2012-10-02,False,2012-10-05,,,2012-10-05,2012-10-05,2012-10-05,2012-10-08,estimated_three_federal_business_days_friday_floor,https://www.cftc.gov/MarketReports/CommitmentsofTraders/ReleaseSchedule/index.htm,True,estimated,15:30 America/New_York,3
disaggregated_futures_only,2012-10-09,False,2012-10-12,,,2012-10-12,2012-10-12,2012-10-12,2012-10-15,estimated_three_federal_business_days_friday_floor,https://www.cftc.gov/MarketReports/CommitmentsofTraders/ReleaseSchedule/index.htm,True,estimated,15:30 America/New_York,3
legacy_futures_only,2012-10-09,False,2012-10-12,,,2012-10-12,2012-10-12,2012-10-12,2012-10-15,estimated_three_federal_business_days_friday_floor,https://www.cftc.gov/MarketReports/CommitmentsofTraders/ReleaseSchedule/index.htm,True,estimated,15:30 America/New_York,3
disaggregated_futures_only,2012-10-16,False,2012-10-19,,,2012-10-19,2012-10-19,2012-10-19,2012-10-22,estimated_three_federal_business_days_friday_floor,https://www.cftc.gov/MarketReports/CommitmentsofTraders/ReleaseSchedule/index.htm,True,estimated,15:30 America/New_York,3
legacy_futures_only,2012-10-16,False,2012-10-19,,,2012-10-19,2012-10-19,2012-10-19,2012-10-22,estimated_three_federal_business_days_friday_floor,https://www.cftc.gov/MarketReports/CommitmentsofTraders/ReleaseSchedule/index.htm,True,estimated,15:30 America/New_York,3
disaggregated_futures_only,2012-10-23,False,2012-10-26,,,2012-10-26,2012-10-26,2012-10-26,2012-10-31,estimated_three_federal_business_days_friday_floor,https://www.cftc.gov/MarketReports/CommitmentsofTraders/ReleaseSchedule/index.htm,True,estimated,15:30 America/New_York,3
legacy_futures_only,2012-10-23,False,2012-10-26,,,2012-10-26,2012-10-26,2012-10-26,2012-10-31,estimated_three_federal_business_days_friday_floor,https://www.cftc.gov/MarketReports/CommitmentsofTraders/ReleaseSchedule/index.htm,True,estimated,15:30 America/New_York,3
disaggregated_futures_only,2012-10-30,False,2012-11-02,,,2012-11-02,2012-11-02,2012-11-02,2012-11-05,estimated_three_federal_business_days_friday_floor,https://www.cftc.gov/MarketReports/CommitmentsofTraders/ReleaseSchedule/index.htm,True,estimated,15:30 America/New_York,3
legacy_futures_only,2012-10-30,False,2012-11-02,,,2012-11-02,2012-11-02,2012-11-02,2012-11-05,estimated_three_federal_business_days_friday_floor,https://www.cftc.gov/MarketReports/CommitmentsofTraders/ReleaseSchedule/index.htm,True,estimated,15:30 America/New_York,3
disaggregated_futures_only,2012-11-06,False,2012-11-09,,,2012-11-09,2012-11-09,2012-11-09,2012-11-12,estimated_three_federal_business_days_friday_floor,https://www.cftc.gov/MarketReports/CommitmentsofTraders/ReleaseSchedule/index.htm,True,estimated,15:30 America/New_York,3
legacy_futures_only,2012-11-06,False,2012-11-09,,,2012-11-09,2012-11-09,2012-11-09,2012-11-12,estimated_three_federal_business_days_friday_floor,https://www.cftc.gov/MarketReports/CommitmentsofTraders/ReleaseSchedule/index.htm,True,estimated,15:30 America/New_York,3
disaggregated_futures_only,2012-11-13,False,2012-11-16,,,2012-11-16,2012-11-16,2012-11-16,2012-11-19,estimated_three_federal_business_days_friday_floor,https://www.cftc.gov/MarketReports/CommitmentsofTraders/ReleaseSchedule/index.htm,True,estimated,15:30 America/New_York,3
legacy_futures_only,2012-11-13,False,2012-11-16,,,2012-11-16,2012-11-16,2012-11-16,2012-11-19,estimated_three_federal_business_days_friday_floor,https://www.cftc.gov/MarketReports/CommitmentsofTraders/ReleaseSchedule/index.htm,True,estimated,15:30 America/New_York,3
disaggregated_futures_only,2012-11-20,False,2012-11-26,,,2012-11-26,2012-11-26,2012-11-26,2012-11-27,estimated_three_federal_business_days_friday_floor,https://www.cftc.gov/MarketReports/CommitmentsofTraders/ReleaseSchedule/index.htm,True,estimated,15:30 America/New_York,6
legacy_futures_only,2012-11-20,False,2012-11-26,,,2012-11-26,2012-11-26,2012-11-26,2012-11-27,estimated_three_federal_business_days_friday_floor,https://www.cftc.gov/MarketReports/CommitmentsofTraders/ReleaseSchedule/index.htm,True,estimated,15:30 America/New_York,6
disaggregated_futures_only,2012-11-27,False,2012-11-30,2012-12-05,https://www.cftc.gov/MarketReports/CommitmentsofTraders/HistoricalSpecialAnnouncements/index.htm,2012-12-05,2012-12-05,2012-12-05,2012-12-06,estimated_three_federal_business_days_friday_floor,https://www.cftc.gov/MarketReports/CommitmentsofTraders/ReleaseSchedule/index.htm,True,estimated,15:30 America/New_York,3
legacy_futures_only,2012-11-27,False,2012-11-30,2012-12-05,https://www.cftc.gov/MarketReports/CommitmentsofTraders/HistoricalSpecialAnnouncements/index.htm,2012-12-05,2012-12-05,2012-12-05,2012-12-06,estimated_three_federal_business_days_friday_floor,https://www.cftc.gov/MarketReports/CommitmentsofTraders/ReleaseSchedule/index.htm,True,estimated,15:30 America/New_York,3
disaggregated_futures_only,2012-12-04,False,2012-12-07,,,2012-12-07,2012-12-07,2012-12-07,2012-12-10,estimated_three_federal_business_days_friday_floor,https://www.cftc.gov/MarketReports/CommitmentsofTraders/ReleaseSchedule/index.htm,True,estimated,15:30 America/New_York,3
legacy_futures_only,2012-12-04,False,2012-12-07,,,2012-12-07,2012-12-07,2012-12-07,2012-12-10,estimated_three_federal_business_days_friday_floor,https://www.cftc.gov/MarketReports/CommitmentsofTraders/ReleaseSchedule/index.htm,True,estimated,15:30 America/New_York,3
disaggregated_futures_only,2012-12-11,False,2012-12-14,,,2012-12-14,2012-12-14,2012-12-14,2012-12-17,estimated_three_federal_business_days_friday_floor,https://www.cftc.gov/MarketReports/CommitmentsofTraders/ReleaseSchedule/index.htm,True,estimated,15:30 America/New_York,3
legacy_futures_only,2012-12-11,False,2012-12-14,,,2012-12-14,2012-12-14,2012-12-14,2012-12-17,estimated_three_federal_business_days_friday_floor,https://www.cftc.gov/MarketReports/CommitmentsofTraders/ReleaseSchedule/index.htm,True,estimated,15:30 America/New_York,3
disaggregated_futures_only,2012-12-18,False,2012-12-21,,,2012-12-21,2012-12-21,2012-12-21,2012-12-24,estimated_three_federal_business_days_friday_floor,https://www.cftc.gov/MarketReports/CommitmentsofTraders/ReleaseSchedule/index.htm,True,estimated,15:30 America/New_York,3
legacy_futures_only,2012-12-18,False,2012-12-21,,,2012-12-21,2012-12-21,2012-12-21,2012-12-24,estimated_three_federal_business_days_friday_floor,https://www.cftc.gov/MarketReports/CommitmentsofTraders/ReleaseSchedule/index.htm,True,estimated,15:30 America/New_York,3
disaggregated_futures_only,2012-12-24,False,2012-12-28,,,2012-12-28,2012-12-28,2012-12-28,2012-12-31,estimated_three_federal_business_days_friday_floor,https://www.cftc.gov/MarketReports/CommitmentsofTraders/ReleaseSchedule/index.htm,True,estimated,15:30 America/New_York,4
legacy_futures_only,2012-12-24,False,2012-12-28,,,2012-12-28,2012-12-28,2012-12-28,2012-12-31,estimated_three_federal_business_days_friday_floor,https://www.cftc.gov/MarketReports/CommitmentsofTraders/ReleaseSchedule/index.htm,True,estimated,15:30 America/New_York,4
disaggregated_futures_only,2012-12-31,False,2013-01-04,,,2013-01-04,2013-01-04,2013-01-04,2013-01-07,estimated_three_federal_business_days_friday_floor,https://www.cftc.gov/MarketReports/CommitmentsofTraders/ReleaseSchedule/index.htm,True,estimated,15:30 America/New_York,4
legacy_futures_only,2012-12-31,False,2013-01-04,,,2013-01-04,2013-01-04,2013-01-04,2013-01-07,estimated_three_federal_business_days_friday_floor,https://www.cftc.gov/MarketReports/CommitmentsofTraders/ReleaseSchedule/index.htm,True,estimated,15:30 America/New_York,4
disaggregated_futures_only,2013-01-08,False,2013-01-11,,,2013-01-11,2013-01-11,2013-01-11,2013-01-14,estimated_three_federal_business_days_friday_floor,https://www.cftc.gov/MarketReports/CommitmentsofTraders/ReleaseSchedule/index.htm,True,estimated,15:30 America/New_York,3
legacy_futures_only,2013-01-08,False,2013-01-11,,,2013-01-11,2013-01-11,2013-01-11,2013-01-14,estimated_three_federal_business_days_friday_floor,https://www.cftc.gov/MarketReports/CommitmentsofTraders/ReleaseSchedule/index.htm,True,estimated,15:30 America/New_York,3
disaggregated_futures_only,2013-01-15,False,2013-01-18,,,2013-01-18,2013-01-18,2013-01-18,2013-01-22,estimated_three_federal_business_days_friday_floor,https://www.cftc.gov/MarketReports/CommitmentsofTraders/ReleaseSchedule/index.htm,True,estimated,15:30 America/New_York,3
legacy_futures_only,2013-01-15,False,2013-01-18,,,2013-01-18,2013-01-18,2013-01-18,2013-01-22,estimated_three_federal_business_days_friday_floor,https://www.cftc.gov/MarketReports/CommitmentsofTraders/ReleaseSchedule/index.htm,True,estimated,15:30 America/New_York,3
disaggregated_futures_only,2013-01-22,False,2013-01-25,,,2013-01-25,2013-01-25,2013-01-25,2013-01-28,estimated_three_federal_business_days_friday_floor,https://www.cftc.gov/MarketReports/CommitmentsofTraders/ReleaseSchedule/index.htm,True,estimated,15:30 America/New_York,3
legacy_futures_only,2013-01-22,False,2013-01-25,,,2013-01-25,2013-01-25,2013-01-25,2013-01-28,estimated_three_federal_business_days_friday_floor,https://www.cftc.gov/MarketReports/CommitmentsofTraders/ReleaseSchedule/index.htm,True,estimated,15:30 America/New_York,3
disaggregated_futures_only,2013-01-29,False,2013-02-01,,,2013-02-01,2013-02-01,2013-02-01,2013-02-04,estimated_three_federal_business_days_friday_floor,https://www.cftc.gov/MarketReports/CommitmentsofTraders/ReleaseSchedule/index.htm,True,estimated,15:30 America/New_York,3
legacy_futures_only,2013-01-29,False,2013-02-01,,,2013-02-01,2013-02-01,2013-02-01,2013-02-04,estimated_three_federal_business_days_friday_floor,https://www.cftc.gov/MarketReports/CommitmentsofTraders/ReleaseSchedule/index.htm,True,estimated,15:30 America/New_York,3
disaggregated_futures_only,2013-02-05,False,2013-02-08,,,2013-02-08,2013-02-08,2013-02-08,2013-02-11,estimated_three_federal_business_days_friday_floor,https://www.cftc.gov/MarketReports/CommitmentsofTraders/ReleaseSchedule/index.htm,True,estimated,15:30 America/New_York,3
legacy_futures_only,2013-02-05,False,2013-02-08,,,2013-02-08,2013-02-08,2013-02-08,2013-02-11,estimated_three_federal_business_days_friday_floor,https://www.cftc.gov/MarketReports/CommitmentsofTraders/ReleaseSchedule/index.htm,True,estimated,15:30 America/New_York,3
disaggregated_futures_only,2013-02-12,False,2013-02-15,,,2013-02-15,2013-02-15,2013-02-15,2013-02-19,estimated_three_federal_business_days_friday_floor,https://www.cftc.gov/MarketReports/CommitmentsofTraders/ReleaseSchedule/index.htm,True,estimated,15:30 America/New_York,3
legacy_futures_only,2013-02-12,False,2013-02-15,,,2013-02-15,2013-02-15,2013-02-15,2013-02-19,estimated_three_federal_business_days_friday_floor,https://www.cftc.gov/MarketReports/CommitmentsofTraders/ReleaseSchedule/index.htm,True,estimated,15:30 America/New_York,3
disaggregated_futures_only,2013-02-19,False,2013-02-22,,,2013-02-22,2013-02-22,2013-02-22,2013-02-25,estimated_three_federal_business_days_friday_floor,https://www.cftc.gov/MarketReports/CommitmentsofTraders/ReleaseSchedule/index.htm,True,estimated,15:30 America/New_York,3
legacy_futures_only,2013-02-19,False,2013-02-22,,,2013-02-22,2013-02-22,2013-02-22,2013-02-25,estimated_three_federal_business_days_friday_floor,https://www.cftc.gov/MarketReports/CommitmentsofTraders/ReleaseSchedule/index.htm,True,estimated,15:30 America/New_York,3
disaggregated_futures_only,2013-02-26,False,2013-03-01,,,2013-03-01,2013-03-01,2013-03-01,2013-03-04,estimated_three_federal_business_days_friday_floor,https://www.cftc.gov/MarketReports/CommitmentsofTraders/ReleaseSchedule/index.htm,True,estimated,15:30 America/New_York,3
legacy_futures_only,2013-02-26,False,2013-03-01,,,2013-03-01,2013-03-01,2013-03-01,2013-03-04,estimated_three_federal_business_days_friday_floor,https://www.cftc.gov/MarketReports/CommitmentsofTraders/ReleaseSchedule/index.htm,True,estimated,15:30 America/New_York,3
disaggregated_futures_only,2013-03-05,False,2013-03-08,,,2013-03-08,2013-03-08,2013-03-08,2013-03-11,estimated_three_federal_business_days_friday_floor,https://www.cftc.gov/MarketReports/CommitmentsofTraders/ReleaseSchedule/index.htm,True,estimated,15:30 America/New_York,3
legacy_futures_only,2013-03-05,False,2013-03-08,,,2013-03-08,2013-03-08,2013-03-08,2013-03-11,estimated_three_federal_business_days_friday_floor,https://www.cftc.gov/MarketReports/CommitmentsofTraders/ReleaseSchedule/index.htm,True,estimated,15:30 America/New_York,3
disaggregated_futures_only,2013-03-12,False,2013-03-15,,,2013-03-15,2013-03-15,2013-03-15,2013-03-18,estimated_three_federal_business_days_friday_floor,https://www.cftc.gov/MarketReports/CommitmentsofTraders/ReleaseSchedule/index.htm,True,estimated,15:30 America/New_York,3
legacy_futures_only,2013-03-12,False,2013-03-15,,,2013-03-15,2013-03-15,2013-03-15,2013-03-18,estimated_three_federal_business_days_friday_floor,https://www.cftc.gov/MarketReports/CommitmentsofTraders/ReleaseSchedule/index.htm,True,estimated,15:30 America/New_York,3
disaggregated_futures_only,2013-03-19,False,2013-03-22,,,2013-03-22,2013-03-22,2013-03-22,2013-03-25,estimated_three_federal_business_days_friday_floor,https://www.cftc.gov/MarketReports/CommitmentsofTraders/ReleaseSchedule/index.htm,True,estimated,15:30 America/New_York,3
legacy_futures_only,2013-03-19,False,2013-03-22,,,2013-03-22,2013-03-22,2013-03-22,2013-03-25,estimated_three_federal_business_days_friday_floor,https://www.cftc.gov/MarketReports/CommitmentsofTraders/ReleaseSchedule/index.htm,True,estimated,15:30 America/New_York,3
disaggregated_futures_only,2013-03-26,False,2013-03-29,,,2013-03-29,2013-03-29,2013-03-29,2013-04-01,estimated_three_federal_business_days_friday_floor,https://www.cftc.gov/MarketReports/CommitmentsofTraders/ReleaseSchedule/index.htm,True,estimated,15:30 America/New_York,3
legacy_futures_only,2013-03-26,False,2013-03-29,,,2013-03-29,2013-03-29,2013-03-29,2013-04-01,estimated_three_federal_business_days_friday_floor,https://www.cftc.gov/MarketReports/CommitmentsofTraders/ReleaseSchedule/index.htm,True,estimated,15:30 America/New_York,3
disaggregated_futures_only,2013-04-02,False,2013-04-05,,,2013-04-05,2013-04-05,2013-04-05,2013-04-08,estimated_three_federal_business_days_friday_floor,https://www.cftc.gov/MarketReports/CommitmentsofTraders/ReleaseSchedule/index.htm,True,estimated,15:30 America/New_York,3
legacy_futures_only,2013-04-02,False,2013-04-05,,,2013-04-05,2013-04-05,2013-04-05,2013-04-08,estimated_three_federal_business_days_friday_floor,https://www.cftc.gov/MarketReports/CommitmentsofTraders/ReleaseSchedule/index.htm,True,estimated,15:30 America/New_York,3
disaggregated_futures_only,2013-04-09,False,2013-04-12,,,2013-04-12,2013-04-12,2013-04-12,2013-04-15,estimated_three_federal_business_days_friday_floor,https://www.cftc.gov/MarketReports/CommitmentsofTraders/ReleaseSchedule/index.htm,True,estimated,15:30 America/New_York,3
legacy_futures_only,2013-04-09,False,2013-04-12,,,2013-04-12,2013-04-12,2013-04-12,2013-04-15,estimated_three_federal_business_days_friday_floor,https://www.cftc.gov/MarketReports/CommitmentsofTraders/ReleaseSchedule/index.htm,True,estimated,15:30 America/New_York,3
disaggregated_futures_only,2013-04-16,False,2013-04-19,,,2013-04-19,2013-04-19,2013-04-19,2013-04-22,estimated_three_federal_business_days_friday_floor,https://www.cftc.gov/MarketReports/CommitmentsofTraders/ReleaseSchedule/index.htm,True,estimated,15:30 America/New_York,3
legacy_futures_only,2013-04-16,False,2013-04-19,,,2013-04-19,2013-04-19,2013-04-19,2013-04-22,estimated_three_federal_business_days_friday_floor,https://www.cftc.gov/MarketReports/CommitmentsofTraders/ReleaseSchedule/index.htm,True,estimated,15:30 America/New_York,3
disaggregated_futures_only,2013-04-23,False,2013-04-26,,,2013-04-26,2013-04-26,2013-04-26,2013-04-29,estimated_three_federal_business_days_friday_floor,https://www.cftc.gov/MarketReports/CommitmentsofTraders/ReleaseSchedule/index.htm,True,estimated,15:30 America/New_York,3
legacy_futures_only,2013-04-23,False,2013-04-26,,,2013-04-26,2013-04-26,2013-04-26,2013-04-29,estimated_three_federal_business_days_friday_floor,https://www.cftc.gov/MarketReports/CommitmentsofTraders/ReleaseSchedule/index.htm,True,estimated,15:30 America/New_York,3
disaggregated_futures_only,2013-04-30,False,2013-05-03,,,2013-05-03,2013-05-03,2013-05-03,2013-05-06,estimated_three_federal_business_days_friday_floor,https://www.cftc.gov/MarketReports/CommitmentsofTraders/ReleaseSchedule/index.htm,True,estimated,15:30 America/New_York,3
legacy_futures_only,2013-04-30,False,2013-05-03,,,2013-05-03,2013-05-03,2013-05-03,2013-05-06,estimated_three_federal_business_days_friday_floor,https://www.cftc.gov/MarketReports/CommitmentsofTraders/ReleaseSchedule/index.htm,True,estimated,15:30 America/New_York,3
disaggregated_futures_only,2013-05-07,False,2013-05-10,,,2013-05-10,2013-05-10,2013-05-10,2013-05-13,estimated_three_federal_business_days_friday_floor,https://www.cftc.gov/MarketReports/CommitmentsofTraders/ReleaseSchedule/index.htm,True,estimated,15:30 America/New_York,3
legacy_futures_only,2013-05-07,False,2013-05-10,,,2013-05-10,2013-05-10,2013-05-10,2013-05-13,estimated_three_federal_business_days_friday_floor,https://www.cftc.gov/MarketReports/CommitmentsofTraders/ReleaseSchedule/index.htm,True,estimated,15:30 America/New_York,3
disaggregated_futures_only,2013-05-14,False,2013-05-17,,,2013-05-17,2013-05-17,2013-05-17,2013-05-20,estimated_three_federal_business_days_friday_floor,https://www.cftc.gov/MarketReports/CommitmentsofTraders/ReleaseSchedule/index.htm,True,estimated,15:30 America/New_York,3
legacy_futures_only,2013-05-14,False,2013-05-17,,,2013-05-17,2013-05-17,2013-05-17,2013-05-20,estimated_three_federal_business_days_friday_floor,https://www.cftc.gov/MarketReports/CommitmentsofTraders/ReleaseSchedule/index.htm,True,estimated,15:30 America/New_York,3
disaggregated_futures_only,2013-05-21,False,2013-05-24,,,2013-05-24,2013-05-24,2013-05-24,2013-05-28,estimated_three_federal_business_days_friday_floor,https://www.cftc.gov/MarketReports/CommitmentsofTraders/ReleaseSchedule/index.htm,True,estimated,15:30 America/New_York,3
legacy_futures_only,2013-05-21,False,2013-05-24,,,2013-05-24,2013-05-24,2013-05-24,2013-05-28,estimated_three_federal_business_days_friday_floor,https://www.cftc.gov/MarketReports/CommitmentsofTraders/ReleaseSchedule/index.htm,True,estimated,15:30 America/New_York,3
disaggregated_futures_only,2013-05-28,False,2013-05-31,,,2013-05-31,2013-05-31,2013-05-31,2013-06-03,estimated_three_federal_business_days_friday_floor,https://www.cftc.gov/MarketReports/CommitmentsofTraders/ReleaseSchedule/index.htm,True,estimated,15:30 America/New_York,3
legacy_futures_only,2013-05-28,False,2013-05-31,,,2013-05-31,2013-05-31,2013-05-31,2013-06-03,estimated_three_federal_business_days_friday_floor,https://www.cftc.gov/MarketReports/CommitmentsofTraders/ReleaseSchedule/index.htm,True,estimated,15:30 America/New_York,3
disaggregated_futures_only,2013-06-04,False,2013-06-07,,,2013-06-07,2013-06-07,2013-06-07,2013-06-10,estimated_three_federal_business_days_friday_floor,https://www.cftc.gov/MarketReports/CommitmentsofTraders/ReleaseSchedule/index.htm,True,estimated,15:30 America/New_York,3
legacy_futures_only,2013-06-04,False,2013-06-07,,,2013-06-07,2013-06-07,2013-06-07,2013-06-10,estimated_three_federal_business_days_friday_floor,https://www.cftc.gov/MarketReports/CommitmentsofTraders/ReleaseSchedule/index.htm,True,estimated,15:30 America/New_York,3
disaggregated_futures_only,2013-06-11,False,2013-06-14,,,2013-06-14,2013-06-14,2013-06-14,2013-06-17,estimated_three_federal_business_days_friday_floor,https://www.cftc.gov/MarketReports/CommitmentsofTraders/ReleaseSchedule/index.htm,True,estimated,15:30 America/New_York,3
legacy_futures_only,2013-06-11,False,2013-06-14,,,2013-06-14,2013-06-14,2013-06-14,2013-06-17,estimated_three_federal_business_days_friday_floor,https://www.cftc.gov/MarketReports/CommitmentsofTraders/ReleaseSchedule/index.htm,True,estimated,15:30 America/New_York,3
disaggregated_futures_only,2013-06-18,False,2013-06-21,,,2013-06-21,2013-06-21,2013-06-21,2013-06-24,estimated_three_federal_business_days_friday_floor,https://www.cftc.gov/MarketReports/CommitmentsofTraders/ReleaseSchedule/index.htm,True,estimated,15:30 America/New_York,3
legacy_futures_only,2013-06-18,False,2013-06-21,,,2013-06-21,2013-06-21,2013-06-21,2013-06-24,estimated_three_federal_business_days_friday_floor,https://www.cftc.gov/MarketReports/CommitmentsofTraders/ReleaseSchedule/index.htm,True,estimated,15:30 America/New_York,3
disaggregated_futures_only,2013-06-25,False,2013-06-28,,,2013-06-28,2013-06-28,2013-06-28,2013-07-01,estimated_three_federal_business_days_friday_floor,https://www.cftc.gov/MarketReports/CommitmentsofTraders/ReleaseSchedule/index.htm,True,estimated,15:30 America/New_York,3
legacy_futures_only,2013-06-25,False,2013-06-28,,,2013-06-28,2013-06-28,2013-06-28,2013-07-01,estimated_three_federal_business_days_friday_floor,https://www.cftc.gov/MarketReports/CommitmentsofTraders/ReleaseSchedule/index.htm,True,estimated,15:30 America/New_York,3
disaggregated_futures_only,2013-07-02,False,2013-07-08,,,2013-07-08,2013-07-08,2013-07-08,2013-07-09,estimated_three_federal_business_days_friday_floor,https://www.cftc.gov/MarketReports/CommitmentsofTraders/ReleaseSchedule/index.htm,True,estimated,15:30 America/New_York,6
legacy_futures_only,2013-07-02,False,2013-07-08,,,2013-07-08,2013-07-08,2013-07-08,2013-07-09,estimated_three_federal_business_days_friday_floor,https://www.cftc.gov/MarketReports/CommitmentsofTraders/ReleaseSchedule/index.htm,True,estimated,15:30 America/New_York,6
disaggregated_futures_only,2013-07-09,False,2013-07-12,,,2013-07-12,2013-07-12,2013-07-12,2013-07-15,estimated_three_federal_business_days_friday_floor,https://www.cftc.gov/MarketReports/CommitmentsofTraders/ReleaseSchedule/index.htm,True,estimated,15:30 America/New_York,3
legacy_futures_only,2013-07-09,False,2013-07-12,,,2013-07-12,2013-07-12,2013-07-12,2013-07-15,estimated_three_federal_business_days_friday_floor,https://www.cftc.gov/MarketReports/CommitmentsofTraders/ReleaseSchedule/index.htm,True,estimated,15:30 America/New_York,3
disaggregated_futures_only,2013-07-16,False,2013-07-19,,,2013-07-19,2013-07-19,2013-07-19,2013-07-22,estimated_three_federal_business_days_friday_floor,https://www.cftc.gov/MarketReports/CommitmentsofTraders/ReleaseSchedule/index.htm,True,estimated,15:30 America/New_York,3
legacy_futures_only,2013-07-16,False,2013-07-19,,,2013-07-19,2013-07-19,2013-07-19,2013-07-22,estimated_three_federal_business_days_friday_floor,https://www.cftc.gov/MarketReports/CommitmentsofTraders/ReleaseSchedule/index.htm,True,estimated,15:30 America/New_York,3
disaggregated_futures_only,2013-07-23,False,2013-07-26,,,2013-07-26,2013-07-26,2013-07-26,2013-07-29,estimated_three_federal_business_days_friday_floor,https://www.cftc.gov/MarketReports/CommitmentsofTraders/ReleaseSchedule/index.htm,True,estimated,15:30 America/New_York,3
legacy_futures_only,2013-07-23,False,2013-07-26,,,2013-07-26,2013-07-26,2013-07-26,2013-07-29,estimated_three_federal_business_days_friday_floor,https://www.cftc.gov/MarketReports/CommitmentsofTraders/ReleaseSchedule/index.htm,True,estimated,15:30 America/New_York,3
disaggregated_futures_only,2013-07-30,False,2013-08-02,,,2013-08-02,2013-08-02,2013-08-02,2013-08-05,estimated_three_federal_business_days_friday_floor,https://www.cftc.gov/MarketReports/CommitmentsofTraders/ReleaseSchedule/index.htm,True,estimated,15:30 America/New_York,3
legacy_futures_only,2013-07-30,False,2013-08-02,,,2013-08-02,2013-08-02,2013-08-02,2013-08-05,estimated_three_federal_business_days_friday_floor,https://www.cftc.gov/MarketReports/CommitmentsofTraders/ReleaseSchedule/index.htm,True,estimated,15:30 America/New_York,3
disaggregated_futures_only,2013-08-06,False,2013-08-09,,,2013-08-09,2013-08-09,2013-08-09,2013-08-12,estimated_three_federal_business_days_friday_floor,https://www.cftc.gov/MarketReports/CommitmentsofTraders/ReleaseSchedule/index.htm,True,estimated,15:30 America/New_York,3
legacy_futures_only,2013-08-06,False,2013-08-09,,,2013-08-09,2013-08-09,2013-08-09,2013-08-12,estimated_three_federal_business_days_friday_floor,https://www.cftc.gov/MarketReports/CommitmentsofTraders/ReleaseSchedule/index.htm,True,estimated,15:30 America/New_York,3
disaggregated_futures_only,2013-08-13,False,2013-08-16,,,2013-08-16,2013-08-16,2013-08-16,2013-08-19,estimated_three_federal_business_days_friday_floor,https://www.cftc.gov/MarketReports/CommitmentsofTraders/ReleaseSchedule/index.htm,True,estimated,15:30 America/New_York,3
legacy_futures_only,2013-08-13,False,2013-08-16,,,2013-08-16,2013-08-16,2013-08-16,2013-08-19,estimated_three_federal_business_days_friday_floor,https://www.cftc.gov/MarketReports/CommitmentsofTraders/ReleaseSchedule/index.htm,True,estimated,15:30 America/New_York,3
disaggregated_futures_only,2013-08-20,False,2013-08-23,,,2013-08-23,2013-08-23,2013-08-23,2013-08-26,estimated_three_federal_business_days_friday_floor,https://www.cftc.gov/MarketReports/CommitmentsofTraders/ReleaseSchedule/index.htm,True,estimated,15:30 America/New_York,3
legacy_futures_only,2013-08-20,False,2013-08-23,,,2013-08-23,2013-08-23,2013-08-23,2013-08-26,estimated_three_federal_business_days_friday_floor,https://www.cftc.gov/MarketReports/CommitmentsofTraders/ReleaseSchedule/index.htm,True,estimated,15:30 America/New_York,3
disaggregated_futures_only,2013-08-27,False,2013-08-30,,,2013-08-30,2013-08-30,2013-08-30,2013-09-03,estimated_three_federal_business_days_friday_floor,https://www.cftc.gov/MarketReports/CommitmentsofTraders/ReleaseSchedule/index.htm,True,estimated,15:30 America/New_York,3
legacy_futures_only,2013-08-27,False,2013-08-30,,,2013-08-30,2013-08-30,2013-08-30,2013-09-03,estimated_three_federal_business_days_friday_floor,https://www.cftc.gov/MarketReports/CommitmentsofTraders/ReleaseSchedule/index.htm,True,estimated,15:30 America/New_York,3
disaggregated_futures_only,2013-09-03,False,2013-09-06,,,2013-09-06,2013-09-06,2013-09-06,2013-09-09,estimated_three_federal_business_days_friday_floor,https://www.cftc.gov/MarketReports/CommitmentsofTraders/ReleaseSchedule/index.htm,True,estimated,15:30 America/New_York,3
legacy_futures_only,2013-09-03,False,2013-09-06,,,2013-09-06,2013-09-06,2013-09-06,2013-09-09,estimated_three_federal_business_days_friday_floor,https://www.cftc.gov/MarketReports/CommitmentsofTraders/ReleaseSchedule/index.htm,True,estimated,15:30 America/New_York,3
disaggregated_futures_only,2013-09-10,False,2013-09-13,,,2013-09-13,2013-09-13,2013-09-13,2013-09-16,estimated_three_federal_business_days_friday_floor,https://www.cftc.gov/MarketReports/CommitmentsofTraders/ReleaseSchedule/index.htm,True,estimated,15:30 America/New_York,3
legacy_futures_only,2013-09-10,False,2013-09-13,,,2013-09-13,2013-09-13,2013-09-13,2013-09-16,estimated_three_federal_business_days_friday_floor,https://www.cftc.gov/MarketReports/CommitmentsofTraders/ReleaseSchedule/index.htm,True,estimated,15:30 America/New_York,3
disaggregated_futures_only,2013-09-17,False,2013-09-20,,,2013-09-20,2013-09-20,2013-09-20,2013-09-23,estimated_three_federal_business_days_friday_floor,https://www.cftc.gov/MarketReports/CommitmentsofTraders/ReleaseSchedule/index.htm,True,estimated,15:30 America/New_York,3
legacy_futures_only,2013-09-17,False,2013-09-20,,,2013-09-20,2013-09-20,2013-09-20,2013-09-23,estimated_three_federal_business_days_friday_floor,https://www.cftc.gov/MarketReports/CommitmentsofTraders/ReleaseSchedule/index.htm,True,estimated,15:30 America/New_York,3
disaggregated_futures_only,2013-09-24,False,2013-09-27,,,2013-09-27,2013-09-27,2013-09-27,2013-09-30,estimated_three_federal_business_days_friday_floor,https://www.cftc.gov/MarketReports/CommitmentsofTraders/ReleaseSchedule/index.htm,True,estimated,15:30 America/New_York,3
legacy_futures_only,2013-09-24,False,2013-09-27,,,2013-09-27,2013-09-27,2013-09-27,2013-09-30,estimated_three_federal_business_days_friday_floor,https://www.cftc.gov/MarketReports/CommitmentsofTraders/ReleaseSchedule/index.htm,True,estimated,15:30 America/New_York,3
disaggregated_futures_only,2013-10-01,False,2013-10-25,,,2013-10-25,2013-10-25,2013-10-25,2013-10-28,announced_2013_restart,https://www.cftc.gov/PressRoom/PressReleases/6745-13,True,announced_schedule,15:30 America/New_York,24
legacy_futures_only,2013-10-01,False,2013-10-25,,,2013-10-25,2013-10-25,2013-10-25,2013-10-28,announced_2013_restart,https://www.cftc.gov/PressRoom/PressReleases/6745-13,True,announced_schedule,15:30 America/New_York,24
disaggregated_futures_only,2013-10-08,False,2013-11-08,,,2013-11-08,2013-11-08,2013-11-08,2013-11-11,conservative_2013_catchup_bound,https://www.cftc.gov/PressRoom/PressReleases/6745-13,True,conservative_announced_bound,15:30 America/New_York,31
legacy_futures_only,2013-10-08,False,2013-11-08,,,2013-11-08,2013-11-08,2013-11-08,2013-11-11,conservative_2013_catchup_bound,https://www.cftc.gov/PressRoom/PressReleases/6745-13,True,conservative_announced_bound,15:30 America/New_York,31
disaggregated_futures_only,2013-10-15,False,2013-11-08,,,2013-11-08,2013-11-08,2013-11-08,2013-11-11,conservative_2013_catchup_bound,https://www.cftc.gov/PressRoom/PressReleases/6745-13,True,conservative_announced_bound,15:30 America/New_York,24
legacy_futures_only,2013-10-15,False,2013-11-08,,,2013-11-08,2013-11-08,2013-11-08,2013-11-11,conservative_2013_catchup_bound,https://www.cftc.gov/PressRoom/PressReleases/6745-13,True,conservative_announced_bound,15:30 America/New_York,24
disaggregated_futures_only,2013-10-22,False,2013-11-08,,,2013-11-08,2013-11-08,2013-11-08,2013-11-11,conservative_2013_catchup_bound,https://www.cftc.gov/PressRoom/PressReleases/6745-13,True,conservative_announced_bound,15:30 America/New_York,17
legacy_futures_only,2013-10-22,False,2013-11-08,,,2013-11-08,2013-11-08,2013-11-08,2013-11-11,conservative_2013_catchup_bound,https://www.cftc.gov/PressRoom/PressReleases/6745-13,True,conservative_announced_bound,15:30 America/New_York,17
disaggregated_futures_only,2013-10-29,False,2013-11-08,,,2013-11-08,2013-11-08,2013-11-08,2013-11-11,conservative_2013_catchup_bound,https://www.cftc.gov/PressRoom/PressReleases/6745-13,True,conservative_announced_bound,15:30 America/New_York,10
legacy_futures_only,2013-10-29,False,2013-11-08,,,2013-11-08,2013-11-08,2013-11-08,2013-11-11,conservative_2013_catchup_bound,https://www.cftc.gov/PressRoom/PressReleases/6745-13,True,conservative_announced_bound,15:30 America/New_York,10
disaggregated_futures_only,2013-11-05,False,2013-11-08,,,2013-11-08,2013-11-08,2013-11-08,2013-11-11,estimated_three_federal_business_days_friday_floor,https://www.cftc.gov/MarketReports/CommitmentsofTraders/ReleaseSchedule/index.htm,True,estimated,15:30 America/New_York,3
legacy_futures_only,2013-11-05,False,2013-11-08,,,2013-11-08,2013-11-08,2013-11-08,2013-11-11,estimated_three_federal_business_days_friday_floor,https://www.cftc.gov/MarketReports/CommitmentsofTraders/ReleaseSchedule/index.htm,True,estimated,15:30 America/New_York,3
disaggregated_futures_only,2013-11-12,False,2013-11-15,,,2013-11-15,2013-11-15,2013-11-15,2013-11-18,estimated_three_federal_business_days_friday_floor,https://www.cftc.gov/MarketReports/CommitmentsofTraders/ReleaseSchedule/index.htm,True,estimated,15:30 America/New_York,3
legacy_futures_only,2013-11-12,False,2013-11-15,,,2013-11-15,2013-11-15,2013-11-15,2013-11-18,estimated_three_federal_business_days_friday_floor,https://www.cftc.gov/MarketReports/CommitmentsofTraders/ReleaseSchedule/index.htm,True,estimated,15:30 America/New_York,3
disaggregated_futures_only,2013-11-19,False,2013-11-22,,,2013-11-22,2013-11-22,2013-11-22,2013-11-25,estimated_three_federal_business_days_friday_floor,https://www.cftc.gov/MarketReports/CommitmentsofTraders/ReleaseSchedule/index.htm,True,estimated,15:30 America/New_York,3
legacy_futures_only,2013-11-19,False,2013-11-22,,,2013-11-22,2013-11-22,2013-11-22,2013-11-25,estimated_three_federal_business_days_friday_floor,https://www.cftc.gov/MarketReports/CommitmentsofTraders/ReleaseSchedule/index.htm,True,estimated,15:30 America/New_York,3
disaggregated_futures_only,2013-11-26,False,2013-12-02,,,2013-12-02,2013-12-02,2013-12-02,2013-12-03,estimated_three_federal_business_days_friday_floor,https://www.cftc.gov/MarketReports/CommitmentsofTraders/ReleaseSchedule/index.htm,True,estimated,15:30 America/New_York,6
legacy_futures_only,2013-11-26,False,2013-12-02,,,2013-12-02,2013-12-02,2013-12-02,2013-12-03,estimated_three_federal_business_days_friday_floor,https://www.cftc.gov/MarketReports/CommitmentsofTraders/ReleaseSchedule/index.htm,True,estimated,15:30 America/New_York,6
disaggregated_futures_only,2013-12-03,False,2013-12-06,,,2013-12-06,2013-12-06,2013-12-06,2013-12-09,estimated_three_federal_business_days_friday_floor,https://www.cftc.gov/MarketReports/CommitmentsofTraders/ReleaseSchedule/index.htm,True,estimated,15:30 America/New_York,3
legacy_futures_only,2013-12-03,False,2013-12-06,,,2013-12-06,2013-12-06,2013-12-06,2013-12-09,estimated_three_federal_business_days_friday_floor,https://www.cftc.gov/MarketReports/CommitmentsofTraders/ReleaseSchedule/index.htm,True,estimated,15:30 America/New_York,3
disaggregated_futures_only,2013-12-10,False,2013-12-13,,,2013-12-13,2013-12-13,2013-12-13,2013-12-16,estimated_three_federal_business_days_friday_floor,https://www.cftc.gov/MarketReports/CommitmentsofTraders/ReleaseSchedule/index.htm,True,estimated,15:30 America/New_York,3
legacy_futures_only,2013-12-10,False,2013-12-13,,,2013-12-13,2013-12-13,2013-12-13,2013-12-16,estimated_three_federal_business_days_friday_floor,https://www.cftc.gov/MarketReports/CommitmentsofTraders/ReleaseSchedule/index.htm,True,estimated,15:30 America/New_York,3
disaggregated_futures_only,2013-12-17,False,2013-12-20,,,2013-12-20,2013-12-20,2013-12-20,2013-12-23,estimated_three_federal_business_days_friday_floor,https://www.cftc.gov/MarketReports/CommitmentsofTraders/ReleaseSchedule/index.htm,True,estimated,15:30 America/New_York,3
legacy_futures_only,2013-12-17,False,2013-12-20,,,2013-12-20,2013-12-20,2013-12-20,2013-12-23,estimated_three_federal_business_days_friday_floor,https://www.cftc.gov/MarketReports/CommitmentsofTraders/ReleaseSchedule/index.htm,True,estimated,15:30 America/New_York,3
disaggregated_futures_only,2013-12-24,False,2013-12-30,,,2013-12-30,2013-12-30,2013-12-30,2013-12-31,estimated_three_federal_business_days_friday_floor,https://www.cftc.gov/MarketReports/CommitmentsofTraders/ReleaseSchedule/index.htm,True,estimated,15:30 America/New_York,6
legacy_futures_only,2013-12-24,False,2013-12-30,,,2013-12-30,2013-12-30,2013-12-30,2013-12-31,estimated_three_federal_business_days_friday_floor,https://www.cftc.gov/MarketReports/CommitmentsofTraders/ReleaseSchedule/index.htm,True,estimated,15:30 America/New_York,6
disaggregated_futures_only,2013-12-31,False,2014-01-06,,,2014-01-06,2014-01-06,2014-01-06,2014-01-07,estimated_three_federal_business_days_friday_floor,https://www.cftc.gov/MarketReports/CommitmentsofTraders/ReleaseSchedule/index.htm,True,estimated,15:30 America/New_York,6
legacy_futures_only,2013-12-31,False,2014-01-06,,,2014-01-06,2014-01-06,2014-01-06,2014-01-07,estimated_three_federal_business_days_friday_floor,https://www.cftc.gov/MarketReports/CommitmentsofTraders/ReleaseSchedule/index.htm,True,estimated,15:30 America/New_York,6
disaggregated_futures_only,2014-01-07,False,2014-01-10,,,2014-01-10,2014-01-10,2014-01-10,2014-01-13,estimated_three_federal_business_days_friday_floor,https://www.cftc.gov/MarketReports/CommitmentsofTraders/ReleaseSchedule/index.htm,True,estimated,15:30 America/New_York,3
legacy_futures_only,2014-01-07,False,2014-01-10,,,2014-01-10,2014-01-10,2014-01-10,2014-01-13,estimated_three_federal_business_days_friday_floor,https://www.cftc.gov/MarketReports/CommitmentsofTraders/ReleaseSchedule/index.htm,True,estimated,15:30 America/New_York,3
disaggregated_futures_only,2014-01-14,False,2014-01-17,,,2014-01-17,2014-01-17,2014-01-17,2014-01-21,estimated_three_federal_business_days_friday_floor,https://www.cftc.gov/MarketReports/CommitmentsofTraders/ReleaseSchedule/index.htm,True,estimated,15:30 America/New_York,3
legacy_futures_only,2014-01-14,False,2014-01-17,,,2014-01-17,2014-01-17,2014-01-17,2014-01-21,estimated_three_federal_business_days_friday_floor,https://www.cftc.gov/MarketReports/CommitmentsofTraders/ReleaseSchedule/index.htm,True,estimated,15:30 America/New_York,3
disaggregated_futures_only,2014-01-21,False,2014-01-24,,,2014-01-24,2014-01-24,2014-01-24,2014-01-27,estimated_three_federal_business_days_friday_floor,https://www.cftc.gov/MarketReports/CommitmentsofTraders/ReleaseSchedule/index.htm,True,estimated,15:30 America/New_York,3
legacy_futures_only,2014-01-21,False,2014-01-24,,,2014-01-24,2014-01-24,2014-01-24,2014-01-27,estimated_three_federal_business_days_friday_floor,https://www.cftc.gov/MarketReports/CommitmentsofTraders/ReleaseSchedule/index.htm,True,estimated,15:30 America/New_York,3
disaggregated_futures_only,2014-01-28,False,2014-01-31,,,2014-01-31,2014-01-31,2014-01-31,2014-02-03,estimated_three_federal_business_days_friday_floor,https://www.cftc.gov/MarketReports/CommitmentsofTraders/ReleaseSchedule/index.htm,True,estimated,15:30 America/New_York,3
legacy_futures_only,2014-01-28,False,2014-01-31,,,2014-01-31,2014-01-31,2014-01-31,2014-02-03,estimated_three_federal_business_days_friday_floor,https://www.cftc.gov/MarketReports/CommitmentsofTraders/ReleaseSchedule/index.htm,True,estimated,15:30 America/New_York,3
disaggregated_futures_only,2014-02-04,False,2014-02-07,,,2014-02-07,2014-02-07,2014-02-07,2014-02-10,estimated_three_federal_business_days_friday_floor,https://www.cftc.gov/MarketReports/CommitmentsofTraders/ReleaseSchedule/index.htm,True,estimated,15:30 America/New_York,3
legacy_futures_only,2014-02-04,False,2014-02-07,,,2014-02-07,2014-02-07,2014-02-07,2014-02-10,estimated_three_federal_business_days_friday_floor,https://www.cftc.gov/MarketReports/CommitmentsofTraders/ReleaseSchedule/index.htm,True,estimated,15:30 America/New_York,3
disaggregated_futures_only,2014-02-11,False,2014-02-14,,,2014-02-14,2014-02-14,2014-02-14,2014-02-18,estimated_three_federal_business_days_friday_floor,https://www.cftc.gov/MarketReports/CommitmentsofTraders/ReleaseSchedule/index.htm,True,estimated,15:30 America/New_York,3
legacy_futures_only,2014-02-11,False,2014-02-14,,,2014-02-14,2014-02-14,2014-02-14,2014-02-18,estimated_three_federal_business_days_friday_floor,https://www.cftc.gov/MarketReports/CommitmentsofTraders/ReleaseSchedule/index.htm,True,estimated,15:30 America/New_York,3
disaggregated_futures_only,2014-02-18,False,2014-02-21,,,2014-02-21,2014-02-21,2014-02-21,2014-02-24,estimated_three_federal_business_days_friday_floor,https://www.cftc.gov/MarketReports/CommitmentsofTraders/ReleaseSchedule/index.htm,True,estimated,15:30 America/New_York,3
legacy_futures_only,2014-02-18,False,2014-02-21,,,2014-02-21,2014-02-21,2014-02-21,2014-02-24,estimated_three_federal_business_days_friday_floor,https://www.cftc.gov/MarketReports/CommitmentsofTraders/ReleaseSchedule/index.htm,True,estimated,15:30 America/New_York,3
disaggregated_futures_only,2014-02-25,False,2014-02-28,,,2014-02-28,2014-02-28,2014-02-28,2014-03-03,estimated_three_federal_business_days_friday_floor,https://www.cftc.gov/MarketReports/CommitmentsofTraders/ReleaseSchedule/index.htm,True,estimated,15:30 America/New_York,3
legacy_futures_only,2014-02-25,False,2014-02-28,,,2014-02-28,2014-02-28,2014-02-28,2014-03-03,estimated_three_federal_business_days_friday_floor,https://www.cftc.gov/MarketReports/CommitmentsofTraders/ReleaseSchedule/index.htm,True,estimated,15:30 America/New_York,3
disaggregated_futures_only,2014-03-04,False,2014-03-07,,,2014-03-07,2014-03-07,2014-03-07,2014-03-10,estimated_three_federal_business_days_friday_floor,https://www.cftc.gov/MarketReports/CommitmentsofTraders/ReleaseSchedule/index.htm,True,estimated,15:30 America/New_York,3
legacy_futures_only,2014-03-04,False,2014-03-07,,,2014-03-07,2014-03-07,2014-03-07,2014-03-10,estimated_three_federal_business_days_friday_floor,https://www.cftc.gov/MarketReports/CommitmentsofTraders/ReleaseSchedule/index.htm,True,estimated,15:30 America/New_York,3
disaggregated_futures_only,2014-03-11,False,2014-03-14,,,2014-03-14,2014-03-14,2014-03-14,2014-03-17,estimated_three_federal_business_days_friday_floor,https://www.cftc.gov/MarketReports/CommitmentsofTraders/ReleaseSchedule/index.htm,True,estimated,15:30 America/New_York,3
legacy_futures_only,2014-03-11,False,2014-03-14,,,2014-03-14,2014-03-14,2014-03-14,2014-03-17,estimated_three_federal_business_days_friday_floor,https://www.cftc.gov/MarketReports/CommitmentsofTraders/ReleaseSchedule/index.htm,True,estimated,15:30 America/New_York,3
disaggregated_futures_only,2014-03-18,False,2014-03-21,,,2014-03-21,2014-03-21,2014-03-21,2014-03-24,estimated_three_federal_business_days_friday_floor,https://www.cftc.gov/MarketReports/CommitmentsofTraders/ReleaseSchedule/index.htm,True,estimated,15:30 America/New_York,3
legacy_futures_only,2014-03-18,False,2014-03-21,,,2014-03-21,2014-03-21,2014-03-21,2014-03-24,estimated_three_federal_business_days_friday_floor,https://www.cftc.gov/MarketReports/CommitmentsofTraders/ReleaseSchedule/index.htm,True,estimated,15:30 America/New_York,3
disaggregated_futures_only,2014-03-25,False,2014-03-28,,,2014-03-28,2014-03-28,2014-03-28,2014-03-31,estimated_three_federal_business_days_friday_floor,https://www.cftc.gov/MarketReports/CommitmentsofTraders/ReleaseSchedule/index.htm,True,estimated,15:30 America/New_York,3
legacy_futures_only,2014-03-25,False,2014-03-28,,,2014-03-28,2014-03-28,2014-03-28,2014-03-31,estimated_three_federal_business_days_friday_floor,https://www.cftc.gov/MarketReports/CommitmentsofTraders/ReleaseSchedule/index.htm,True,estimated,15:30 America/New_York,3
disaggregated_futures_only,2014-04-01,False,2014-04-04,,,2014-04-04,2014-04-04,2014-04-04,2014-04-07,estimated_three_federal_business_days_friday_floor,https://www.cftc.gov/MarketReports/CommitmentsofTraders/ReleaseSchedule/index.htm,True,estimated,15:30 America/New_York,3
legacy_futures_only,2014-04-01,False,2014-04-04,,,2014-04-04,2014-04-04,2014-04-04,2014-04-07,estimated_three_federal_business_days_friday_floor,https://www.cftc.gov/MarketReports/CommitmentsofTraders/ReleaseSchedule/index.htm,True,estimated,15:30 America/New_York,3
disaggregated_futures_only,2014-04-08,False,2014-04-11,,,2014-04-11,2014-04-11,2014-04-11,2014-04-14,estimated_three_federal_business_days_friday_floor,https://www.cftc.gov/MarketReports/CommitmentsofTraders/ReleaseSchedule/index.htm,True,estimated,15:30 America/New_York,3
legacy_futures_only,2014-04-08,False,2014-04-11,,,2014-04-11,2014-04-11,2014-04-11,2014-04-14,estimated_three_federal_business_days_friday_floor,https://www.cftc.gov/MarketReports/CommitmentsofTraders/ReleaseSchedule/index.htm,True,estimated,15:30 America/New_York,3
disaggregated_futures_only,2014-04-15,False,2014-04-18,,,2014-04-18,2014-04-18,2014-04-18,2014-04-21,estimated_three_federal_business_days_friday_floor,https://www.cftc.gov/MarketReports/CommitmentsofTraders/ReleaseSchedule/index.htm,True,estimated,15:30 America/New_York,3
legacy_futures_only,2014-04-15,False,2014-04-18,,,2014-04-18,2014-04-18,2014-04-18,2014-04-21,estimated_three_federal_business_days_friday_floor,https://www.cftc.gov/MarketReports/CommitmentsofTraders/ReleaseSchedule/index.htm,True,estimated,15:30 America/New_York,3
disaggregated_futures_only,2014-04-22,False,2014-04-25,,,2014-04-25,2014-04-25,2014-04-25,2014-04-28,estimated_three_federal_business_days_friday_floor,https://www.cftc.gov/MarketReports/CommitmentsofTraders/ReleaseSchedule/index.htm,True,estimated,15:30 America/New_York,3
legacy_futures_only,2014-04-22,False,2014-04-25,,,2014-04-25,2014-04-25,2014-04-25,2014-04-28,estimated_three_federal_business_days_friday_floor,https://www.cftc.gov/MarketReports/CommitmentsofTraders/ReleaseSchedule/index.htm,True,estimated,15:30 America/New_York,3
disaggregated_futures_only,2014-04-29,False,2014-05-02,,,2014-05-02,2014-05-02,2014-05-02,2014-05-05,estimated_three_federal_business_days_friday_floor,https://www.cftc.gov/MarketReports/CommitmentsofTraders/ReleaseSchedule/index.htm,True,estimated,15:30 America/New_York,3
legacy_futures_only,2014-04-29,False,2014-05-02,,,2014-05-02,2014-05-02,2014-05-02,2014-05-05,estimated_three_federal_business_days_friday_floor,https://www.cftc.gov/MarketReports/CommitmentsofTraders/ReleaseSchedule/index.htm,True,estimated,15:30 America/New_York,3
disaggregated_futures_only,2014-05-06,False,2014-05-09,,,2014-05-09,2014-05-09,2014-05-09,2014-05-12,estimated_three_federal_business_days_friday_floor,https://www.cftc.gov/MarketReports/CommitmentsofTraders/ReleaseSchedule/index.htm,True,estimated,15:30 America/New_York,3
legacy_futures_only,2014-05-06,False,2014-05-09,,,2014-05-09,2014-05-09,2014-05-09,2014-05-12,estimated_three_federal_business_days_friday_floor,https://www.cftc.gov/MarketReports/CommitmentsofTraders/ReleaseSchedule/index.htm,True,estimated,15:30 America/New_York,3
disaggregated_futures_only,2014-05-13,False,2014-05-16,,,2014-05-16,2014-05-16,2014-05-16,2014-05-19,estimated_three_federal_business_days_friday_floor,https://www.cftc.gov/MarketReports/CommitmentsofTraders/ReleaseSchedule/index.htm,True,estimated,15:30 America/New_York,3
legacy_futures_only,2014-05-13,False,2014-05-16,,,2014-05-16,2014-05-16,2014-05-16,2014-05-19,estimated_three_federal_business_days_friday_floor,https://www.cftc.gov/MarketReports/CommitmentsofTraders/ReleaseSchedule/index.htm,True,estimated,15:30 America/New_York,3
disaggregated_futures_only,2014-05-20,False,2014-05-23,,,2014-05-23,2014-05-23,2014-05-23,2014-05-27,estimated_three_federal_business_days_friday_floor,https://www.cftc.gov/MarketReports/CommitmentsofTraders/ReleaseSchedule/index.htm,True,estimated,15:30 America/New_York,3
legacy_futures_only,2014-05-20,False,2014-05-23,,,2014-05-23,2014-05-23,2014-05-23,2014-05-27,estimated_three_federal_business_days_friday_floor,https://www.cftc.gov/MarketReports/CommitmentsofTraders/ReleaseSchedule/index.htm,True,estimated,15:30 America/New_York,3
disaggregated_futures_only,2014-05-27,False,2014-05-30,,,2014-05-30,2014-05-30,2014-05-30,2014-06-02,estimated_three_federal_business_days_friday_floor,https://www.cftc.gov/MarketReports/CommitmentsofTraders/ReleaseSchedule/index.htm,True,estimated,15:30 America/New_York,3
legacy_futures_only,2014-05-27,False,2014-05-30,,,2014-05-30,2014-05-30,2014-05-30,2014-06-02,estimated_three_federal_business_days_friday_floor,https://www.cftc.gov/MarketReports/CommitmentsofTraders/ReleaseSchedule/index.htm,True,estimated,15:30 America/New_York,3
disaggregated_futures_only,2014-06-03,False,2014-06-06,,,2014-06-06,2014-06-06,2014-06-06,2014-06-09,estimated_three_federal_business_days_friday_floor,https://www.cftc.gov/MarketReports/CommitmentsofTraders/ReleaseSchedule/index.htm,True,estimated,15:30 America/New_York,3
legacy_futures_only,2014-06-03,False,2014-06-06,,,2014-06-06,2014-06-06,2014-06-06,2014-06-09,estimated_three_federal_business_days_friday_floor,https://www.cftc.gov/MarketReports/CommitmentsofTraders/ReleaseSchedule/index.htm,True,estimated,15:30 America/New_York,3
disaggregated_futures_only,2014-06-10,False,2014-06-13,,,2014-06-13,2014-06-13,2014-06-13,2014-06-16,estimated_three_federal_business_days_friday_floor,https://www.cftc.gov/MarketReports/CommitmentsofTraders/ReleaseSchedule/index.htm,True,estimated,15:30 America/New_York,3
legacy_futures_only,2014-06-10,False,2014-06-13,,,2014-06-13,2014-06-13,2014-06-13,2014-06-16,estimated_three_federal_business_days_friday_floor,https://www.cftc.gov/MarketReports/CommitmentsofTraders/ReleaseSchedule/index.htm,True,estimated,15:30 America/New_York,3
disaggregated_futures_only,2014-06-17,False,2014-06-20,,,2014-06-20,2014-06-20,2014-06-20,2014-06-23,estimated_three_federal_business_days_friday_floor,https://www.cftc.gov/MarketReports/CommitmentsofTraders/ReleaseSchedule/index.htm,True,estimated,15:30 America/New_York,3
legacy_futures_only,2014-06-17,False,2014-06-20,,,2014-06-20,2014-06-20,2014-06-20,2014-06-23,estimated_three_federal_business_days_friday_floor,https://www.cftc.gov/MarketReports/CommitmentsofTraders/ReleaseSchedule/index.htm,True,estimated,15:30 America/New_York,3
disaggregated_futures_only,2014-06-24,False,2014-06-27,,,2014-06-27,2014-06-27,2014-06-27,2014-06-30,estimated_three_federal_business_days_friday_floor,https://www.cftc.gov/MarketReports/CommitmentsofTraders/ReleaseSchedule/index.htm,True,estimated,15:30 America/New_York,3
legacy_futures_only,2014-06-24,False,2014-06-27,,,2014-06-27,2014-06-27,2014-06-27,2014-06-30,estimated_three_federal_business_days_friday_floor,https://www.cftc.gov/MarketReports/CommitmentsofTraders/ReleaseSchedule/index.htm,True,estimated,15:30 America/New_York,3
disaggregated_futures_only,2014-07-01,False,2014-07-07,,,2014-07-07,2014-07-07,2014-07-07,2014-07-08,estimated_three_federal_business_days_friday_floor,https://www.cftc.gov/MarketReports/CommitmentsofTraders/ReleaseSchedule/index.htm,True,estimated,15:30 America/New_York,6
legacy_futures_only,2014-07-01,False,2014-07-07,,,2014-07-07,2014-07-07,2014-07-07,2014-07-08,estimated_three_federal_business_days_friday_floor,https://www.cftc.gov/MarketReports/CommitmentsofTraders/ReleaseSchedule/index.htm,True,estimated,15:30 America/New_York,6
disaggregated_futures_only,2014-07-08,False,2014-07-11,,,2014-07-11,2014-07-11,2014-07-11,2014-07-14,estimated_three_federal_business_days_friday_floor,https://www.cftc.gov/MarketReports/CommitmentsofTraders/ReleaseSchedule/index.htm,True,estimated,15:30 America/New_York,3
legacy_futures_only,2014-07-08,False,2014-07-11,,,2014-07-11,2014-07-11,2014-07-11,2014-07-14,estimated_three_federal_business_days_friday_floor,https://www.cftc.gov/MarketReports/CommitmentsofTraders/ReleaseSchedule/index.htm,True,estimated,15:30 America/New_York,3
disaggregated_futures_only,2014-07-15,False,2014-07-18,,,2014-07-18,2014-07-18,2014-07-18,2014-07-21,estimated_three_federal_business_days_friday_floor,https://www.cftc.gov/MarketReports/CommitmentsofTraders/ReleaseSchedule/index.htm,True,estimated,15:30 America/New_York,3
legacy_futures_only,2014-07-15,False,2014-07-18,,,2014-07-18,2014-07-18,2014-07-18,2014-07-21,estimated_three_federal_business_days_friday_floor,https://www.cftc.gov/MarketReports/CommitmentsofTraders/ReleaseSchedule/index.htm,True,estimated,15:30 America/New_York,3
disaggregated_futures_only,2014-07-22,False,2014-07-25,,,2014-07-25,2014-07-25,2014-07-25,2014-07-28,estimated_three_federal_business_days_friday_floor,https://www.cftc.gov/MarketReports/CommitmentsofTraders/ReleaseSchedule/index.htm,True,estimated,15:30 America/New_York,3
legacy_futures_only,2014-07-22,False,2014-07-25,,,2014-07-25,2014-07-25,2014-07-25,2014-07-28,estimated_three_federal_business_days_friday_floor,https://www.cftc.gov/MarketReports/CommitmentsofTraders/ReleaseSchedule/index.htm,True,estimated,15:30 America/New_York,3
disaggregated_futures_only,2014-07-29,False,2014-08-01,,,2014-08-01,2014-08-01,2014-08-01,2014-08-04,estimated_three_federal_business_days_friday_floor,https://www.cftc.gov/MarketReports/CommitmentsofTraders/ReleaseSchedule/index.htm,True,estimated,15:30 America/New_York,3
legacy_futures_only,2014-07-29,False,2014-08-01,,,2014-08-01,2014-08-01,2014-08-01,2014-08-04,estimated_three_federal_business_days_friday_floor,https://www.cftc.gov/MarketReports/CommitmentsofTraders/ReleaseSchedule/index.htm,True,estimated,15:30 America/New_York,3
disaggregated_futures_only,2014-08-05,False,2014-08-08,,,2014-08-08,2014-08-08,2014-08-08,2014-08-11,estimated_three_federal_business_days_friday_floor,https://www.cftc.gov/MarketReports/CommitmentsofTraders/ReleaseSchedule/index.htm,True,estimated,15:30 America/New_York,3
legacy_futures_only,2014-08-05,False,2014-08-08,,,2014-08-08,2014-08-08,2014-08-08,2014-08-11,estimated_three_federal_business_days_friday_floor,https://www.cftc.gov/MarketReports/CommitmentsofTraders/ReleaseSchedule/index.htm,True,estimated,15:30 America/New_York,3
disaggregated_futures_only,2014-08-12,False,2014-08-15,,,2014-08-15,2014-08-15,2014-08-15,2014-08-18,estimated_three_federal_business_days_friday_floor,https://www.cftc.gov/MarketReports/CommitmentsofTraders/ReleaseSchedule/index.htm,True,estimated,15:30 America/New_York,3
legacy_futures_only,2014-08-12,False,2014-08-15,,,2014-08-15,2014-08-15,2014-08-15,2014-08-18,estimated_three_federal_business_days_friday_floor,https://www.cftc.gov/MarketReports/CommitmentsofTraders/ReleaseSchedule/index.htm,True,estimated,15:30 America/New_York,3
disaggregated_futures_only,2014-08-19,False,2014-08-22,,,2014-08-22,2014-08-22,2014-08-22,2014-08-25,estimated_three_federal_business_days_friday_floor,https://www.cftc.gov/MarketReports/CommitmentsofTraders/ReleaseSchedule/index.htm,True,estimated,15:30 America/New_York,3
legacy_futures_only,2014-08-19,False,2014-08-22,,,2014-08-22,2014-08-22,2014-08-22,2014-08-25,estimated_three_federal_business_days_friday_floor,https://www.cftc.gov/MarketReports/CommitmentsofTraders/ReleaseSchedule/index.htm,True,estimated,15:30 America/New_York,3
disaggregated_futures_only,2014-08-26,False,2014-08-29,,,2014-08-29,2014-08-29,2014-08-29,2014-09-02,estimated_three_federal_business_days_friday_floor,https://www.cftc.gov/MarketReports/CommitmentsofTraders/ReleaseSchedule/index.htm,True,estimated,15:30 America/New_York,3
legacy_futures_only,2014-08-26,False,2014-08-29,,,2014-08-29,2014-08-29,2014-08-29,2014-09-02,estimated_three_federal_business_days_friday_floor,https://www.cftc.gov/MarketReports/CommitmentsofTraders/ReleaseSchedule/index.htm,True,estimated,15:30 America/New_York,3
disaggregated_futures_only,2014-09-02,False,2014-09-05,,,2014-09-05,2014-09-05,2014-09-05,2014-09-08,estimated_three_federal_business_days_friday_floor,https://www.cftc.gov/MarketReports/CommitmentsofTraders/ReleaseSchedule/index.htm,True,estimated,15:30 America/New_York,3
legacy_futures_only,2014-09-02,False,2014-09-05,,,2014-09-05,2014-09-05,2014-09-05,2014-09-08,estimated_three_federal_business_days_friday_floor,https://www.cftc.gov/MarketReports/CommitmentsofTraders/ReleaseSchedule/index.htm,True,estimated,15:30 America/New_York,3
disaggregated_futures_only,2014-09-09,False,2014-09-12,,,2014-09-12,2014-09-12,2014-09-12,2014-09-15,estimated_three_federal_business_days_friday_floor,https://www.cftc.gov/MarketReports/CommitmentsofTraders/ReleaseSchedule/index.htm,True,estimated,15:30 America/New_York,3
legacy_futures_only,2014-09-09,False,2014-09-12,,,2014-09-12,2014-09-12,2014-09-12,2014-09-15,estimated_three_federal_business_days_friday_floor,https://www.cftc.gov/MarketReports/CommitmentsofTraders/ReleaseSchedule/index.htm,True,estimated,15:30 America/New_York,3
disaggregated_futures_only,2014-09-16,False,2014-09-19,,,2014-09-19,2014-09-19,2014-09-19,2014-09-22,estimated_three_federal_business_days_friday_floor,https://www.cftc.gov/MarketReports/CommitmentsofTraders/ReleaseSchedule/index.htm,True,estimated,15:30 America/New_York,3
legacy_futures_only,2014-09-16,False,2014-09-19,,,2014-09-19,2014-09-19,2014-09-19,2014-09-22,estimated_three_federal_business_days_friday_floor,https://www.cftc.gov/MarketReports/CommitmentsofTraders/ReleaseSchedule/index.htm,True,estimated,15:30 America/New_York,3
disaggregated_futures_only,2014-09-23,False,2014-09-26,,,2014-09-26,2014-09-26,2014-09-26,2014-09-29,estimated_three_federal_business_days_friday_floor,https://www.cftc.gov/MarketReports/CommitmentsofTraders/ReleaseSchedule/index.htm,True,estimated,15:30 America/New_York,3
legacy_futures_only,2014-09-23,False,2014-09-26,,,2014-09-26,2014-09-26,2014-09-26,2014-09-29,estimated_three_federal_business_days_friday_floor,https://www.cftc.gov/MarketReports/CommitmentsofTraders/ReleaseSchedule/index.htm,True,estimated,15:30 America/New_York,3
disaggregated_futures_only,2014-09-30,False,2014-10-03,,,2014-10-03,2014-10-03,2014-10-03,2014-10-06,estimated_three_federal_business_days_friday_floor,https://www.cftc.gov/MarketReports/CommitmentsofTraders/ReleaseSchedule/index.htm,True,estimated,15:30 America/New_York,3
legacy_futures_only,2014-09-30,False,2014-10-03,,,2014-10-03,2014-10-03,2014-10-03,2014-10-06,estimated_three_federal_business_days_friday_floor,https://www.cftc.gov/MarketReports/CommitmentsofTraders/ReleaseSchedule/index.htm,True,estimated,15:30 America/New_York,3
disaggregated_futures_only,2014-10-07,False,2014-10-10,,,2014-10-10,2014-10-10,2014-10-10,2014-10-13,estimated_three_federal_business_days_friday_floor,https://www.cftc.gov/MarketReports/CommitmentsofTraders/ReleaseSchedule/index.htm,True,estimated,15:30 America/New_York,3
legacy_futures_only,2014-10-07,False,2014-10-10,,,2014-10-10,2014-10-10,2014-10-10,2014-10-13,estimated_three_federal_business_days_friday_floor,https://www.cftc.gov/MarketReports/CommitmentsofTraders/ReleaseSchedule/index.htm,True,estimated,15:30 America/New_York,3
disaggregated_futures_only,2014-10-14,False,2014-10-17,,,2014-10-17,2014-10-17,2014-10-17,2014-10-20,estimated_three_federal_business_days_friday_floor,https://www.cftc.gov/MarketReports/CommitmentsofTraders/ReleaseSchedule/index.htm,True,estimated,15:30 America/New_York,3
legacy_futures_only,2014-10-14,False,2014-10-17,,,2014-10-17,2014-10-17,2014-10-17,2014-10-20,estimated_three_federal_business_days_friday_floor,https://www.cftc.gov/MarketReports/CommitmentsofTraders/ReleaseSchedule/index.htm,True,estimated,15:30 America/New_York,3
disaggregated_futures_only,2014-10-21,False,2014-10-24,,,2014-10-24,2014-10-24,2014-10-24,2014-10-27,estimated_three_federal_business_days_friday_floor,https://www.cftc.gov/MarketReports/CommitmentsofTraders/ReleaseSchedule/index.htm,True,estimated,15:30 America/New_York,3
legacy_futures_only,2014-10-21,False,2014-10-24,,,2014-10-24,2014-10-24,2014-10-24,2014-10-27,estimated_three_federal_business_days_friday_floor,https://www.cftc.gov/MarketReports/CommitmentsofTraders/ReleaseSchedule/index.htm,True,estimated,15:30 America/New_York,3
disaggregated_futures_only,2014-10-28,False,2014-10-31,,,2014-10-31,2014-10-31,2014-10-31,2014-11-03,estimated_three_federal_business_days_friday_floor,https://www.cftc.gov/MarketReports/CommitmentsofTraders/ReleaseSchedule/index.htm,True,estimated,15:30 America/New_York,3
legacy_futures_only,2014-10-28,False,2014-10-31,,,2014-10-31,2014-10-31,2014-10-31,2014-11-03,estimated_three_federal_business_days_friday_floor,https://www.cftc.gov/MarketReports/CommitmentsofTraders/ReleaseSchedule/index.htm,True,estimated,15:30 America/New_York,3
disaggregated_futures_only,2014-11-04,False,2014-11-07,,,2014-11-07,2014-11-07,2014-11-07,2014-11-10,estimated_three_federal_business_days_friday_floor,https://www.cftc.gov/MarketReports/CommitmentsofTraders/ReleaseSchedule/index.htm,True,estimated,15:30 America/New_York,3
legacy_futures_only,2014-11-04,False,2014-11-07,,,2014-11-07,2014-11-07,2014-11-07,2014-11-10,estimated_three_federal_business_days_friday_floor,https://www.cftc.gov/MarketReports/CommitmentsofTraders/ReleaseSchedule/index.htm,True,estimated,15:30 America/New_York,3
disaggregated_futures_only,2014-11-11,False,2014-11-14,,,2014-11-14,2014-11-14,2014-11-14,2014-11-17,estimated_three_federal_business_days_friday_floor,https://www.cftc.gov/MarketReports/CommitmentsofTraders/ReleaseSchedule/index.htm,True,estimated,15:30 America/New_York,3
legacy_futures_only,2014-11-11,False,2014-11-14,,,2014-11-14,2014-11-14,2014-11-14,2014-11-17,estimated_three_federal_business_days_friday_floor,https://www.cftc.gov/MarketReports/CommitmentsofTraders/ReleaseSchedule/index.htm,True,estimated,15:30 America/New_York,3
disaggregated_futures_only,2014-11-18,False,2014-11-21,,,2014-11-21,2014-11-21,2014-11-21,2014-11-24,estimated_three_federal_business_days_friday_floor,https://www.cftc.gov/MarketReports/CommitmentsofTraders/ReleaseSchedule/index.htm,True,estimated,15:30 America/New_York,3
legacy_futures_only,2014-11-18,False,2014-11-21,,,2014-11-21,2014-11-21,2014-11-21,2014-11-24,estimated_three_federal_business_days_friday_floor,https://www.cftc.gov/MarketReports/CommitmentsofTraders/ReleaseSchedule/index.htm,True,estimated,15:30 America/New_York,3
disaggregated_futures_only,2014-11-25,False,2014-12-01,,,2014-12-01,2014-12-01,2014-12-01,2014-12-02,estimated_three_federal_business_days_friday_floor,https://www.cftc.gov/MarketReports/CommitmentsofTraders/ReleaseSchedule/index.htm,True,estimated,15:30 America/New_York,6
legacy_futures_only,2014-11-25,False,2014-12-01,,,2014-12-01,2014-12-01,2014-12-01,2014-12-02,estimated_three_federal_business_days_friday_floor,https://www.cftc.gov/MarketReports/CommitmentsofTraders/ReleaseSchedule/index.htm,True,estimated,15:30 America/New_York,6
disaggregated_futures_only,2014-12-02,False,2014-12-05,,,2014-12-05,2014-12-05,2014-12-05,2014-12-08,estimated_three_federal_business_days_friday_floor,https://www.cftc.gov/MarketReports/CommitmentsofTraders/ReleaseSchedule/index.htm,True,estimated,15:30 America/New_York,3
legacy_futures_only,2014-12-02,False,2014-12-05,,,2014-12-05,2014-12-05,2014-12-05,2014-12-08,estimated_three_federal_business_days_friday_floor,https://www.cftc.gov/MarketReports/CommitmentsofTraders/ReleaseSchedule/index.htm,True,estimated,15:30 America/New_York,3
disaggregated_futures_only,2014-12-09,False,2014-12-12,,,2014-12-12,2014-12-12,2014-12-12,2014-12-15,estimated_three_federal_business_days_friday_floor,https://www.cftc.gov/MarketReports/CommitmentsofTraders/ReleaseSchedule/index.htm,True,estimated,15:30 America/New_York,3
legacy_futures_only,2014-12-09,False,2014-12-12,,,2014-12-12,2014-12-12,2014-12-12,2014-12-15,estimated_three_federal_business_days_friday_floor,https://www.cftc.gov/MarketReports/CommitmentsofTraders/ReleaseSchedule/index.htm,True,estimated,15:30 America/New_York,3
disaggregated_futures_only,2014-12-16,False,2014-12-19,,,2014-12-19,2014-12-19,2014-12-19,2014-12-22,estimated_three_federal_business_days_friday_floor,https://www.cftc.gov/MarketReports/CommitmentsofTraders/ReleaseSchedule/index.htm,True,estimated,15:30 America/New_York,3
legacy_futures_only,2014-12-16,False,2014-12-19,,,2014-12-19,2014-12-19,2014-12-19,2014-12-22,estimated_three_federal_business_days_friday_floor,https://www.cftc.gov/MarketReports/CommitmentsofTraders/ReleaseSchedule/index.htm,True,estimated,15:30 America/New_York,3
disaggregated_futures_only,2014-12-23,False,2014-12-30,,,2014-12-30,2014-12-30,2014-12-30,2014-12-31,announced_2014_holiday,https://www.cftc.gov/MarketReports/CommitmentsofTraders/HistoricalSpecialAnnouncements/index.htm,True,announced_schedule,15:30 America/New_York,7
legacy_futures_only,2014-12-23,False,2014-12-30,,,2014-12-30,2014-12-30,2014-12-30,2014-12-31,announced_2014_holiday,https://www.cftc.gov/MarketReports/CommitmentsofTraders/HistoricalSpecialAnnouncements/index.htm,True,announced_schedule,15:30 America/New_York,7
disaggregated_futures_only,2014-12-30,False,2015-01-05,,,2015-01-05,2015-01-05,2015-01-05,2015-01-06,estimated_three_federal_business_days_friday_floor,https://www.cftc.gov/MarketReports/CommitmentsofTraders/ReleaseSchedule/index.htm,True,estimated,15:30 America/New_York,6
legacy_futures_only,2014-12-30,False,2015-01-05,,,2015-01-05,2015-01-05,2015-01-05,2015-01-06,estimated_three_federal_business_days_friday_floor,https://www.cftc.gov/MarketReports/CommitmentsofTraders/ReleaseSchedule/index.htm,True,estimated,15:30 America/New_York,6
disaggregated_futures_only,2015-01-06,False,2015-01-09,,,2015-01-09,2015-01-09,2015-01-09,2015-01-12,estimated_three_federal_business_days_friday_floor,https://www.cftc.gov/MarketReports/CommitmentsofTraders/ReleaseSchedule/index.htm,True,estimated,15:30 America/New_York,3
legacy_futures_only,2015-01-06,False,2015-01-09,,,2015-01-09,2015-01-09,2015-01-09,2015-01-12,estimated_three_federal_business_days_friday_floor,https://www.cftc.gov/MarketReports/CommitmentsofTraders/ReleaseSchedule/index.htm,True,estimated,15:30 America/New_York,3
disaggregated_futures_only,2015-01-13,False,2015-01-16,,,2015-01-16,2015-01-16,2015-01-16,2015-01-20,estimated_three_federal_business_days_friday_floor,https://www.cftc.gov/MarketReports/CommitmentsofTraders/ReleaseSchedule/index.htm,True,estimated,15:30 America/New_York,3
legacy_futures_only,2015-01-13,False,2015-01-16,,,2015-01-16,2015-01-16,2015-01-16,2015-01-20,estimated_three_federal_business_days_friday_floor,https://www.cftc.gov/MarketReports/CommitmentsofTraders/ReleaseSchedule/index.htm,True,estimated,15:30 America/New_York,3
disaggregated_futures_only,2015-01-20,False,2015-01-23,,,2015-01-23,2015-01-23,2015-01-23,2015-01-26,estimated_three_federal_business_days_friday_floor,https://www.cftc.gov/MarketReports/CommitmentsofTraders/ReleaseSchedule/index.htm,True,estimated,15:30 America/New_York,3
legacy_futures_only,2015-01-20,False,2015-01-23,,,2015-01-23,2015-01-23,2015-01-23,2015-01-26,estimated_three_federal_business_days_friday_floor,https://www.cftc.gov/MarketReports/CommitmentsofTraders/ReleaseSchedule/index.htm,True,estimated,15:30 America/New_York,3
disaggregated_futures_only,2015-01-27,False,2015-01-30,,,2015-01-30,2015-01-30,2015-01-30,2015-02-02,estimated_three_federal_business_days_friday_floor,https://www.cftc.gov/MarketReports/CommitmentsofTraders/ReleaseSchedule/index.htm,True,estimated,15:30 America/New_York,3
legacy_futures_only,2015-01-27,False,2015-01-30,,,2015-01-30,2015-01-30,2015-01-30,2015-02-02,estimated_three_federal_business_days_friday_floor,https://www.cftc.gov/MarketReports/CommitmentsofTraders/ReleaseSchedule/index.htm,True,estimated,15:30 America/New_York,3
disaggregated_futures_only,2015-02-03,False,2015-02-06,,,2015-02-06,2015-02-06,2015-02-06,2015-02-09,estimated_three_federal_business_days_friday_floor,https://www.cftc.gov/MarketReports/CommitmentsofTraders/ReleaseSchedule/index.htm,True,estimated,15:30 America/New_York,3
legacy_futures_only,2015-02-03,False,2015-02-06,,,2015-02-06,2015-02-06,2015-02-06,2015-02-09,estimated_three_federal_business_days_friday_floor,https://www.cftc.gov/MarketReports/CommitmentsofTraders/ReleaseSchedule/index.htm,True,estimated,15:30 America/New_York,3
disaggregated_futures_only,2015-02-10,False,2015-02-13,,,2015-02-13,2015-02-13,2015-02-13,2015-02-17,estimated_three_federal_business_days_friday_floor,https://www.cftc.gov/MarketReports/CommitmentsofTraders/ReleaseSchedule/index.htm,True,estimated,15:30 America/New_York,3
legacy_futures_only,2015-02-10,False,2015-02-13,,,2015-02-13,2015-02-13,2015-02-13,2015-02-17,estimated_three_federal_business_days_friday_floor,https://www.cftc.gov/MarketReports/CommitmentsofTraders/ReleaseSchedule/index.htm,True,estimated,15:30 America/New_York,3
disaggregated_futures_only,2015-02-17,False,2015-02-20,,,2015-02-20,2015-02-20,2015-02-20,2015-02-23,estimated_three_federal_business_days_friday_floor,https://www.cftc.gov/MarketReports/CommitmentsofTraders/ReleaseSchedule/index.htm,True,estimated,15:30 America/New_York,3
legacy_futures_only,2015-02-17,False,2015-02-20,,,2015-02-20,2015-02-20,2015-02-20,2015-02-23,estimated_three_federal_business_days_friday_floor,https://www.cftc.gov/MarketReports/CommitmentsofTraders/ReleaseSchedule/index.htm,True,estimated,15:30 America/New_York,3
disaggregated_futures_only,2015-02-24,False,2015-02-27,,,2015-02-27,2015-02-27,2015-02-27,2015-03-02,estimated_three_federal_business_days_friday_floor,https://www.cftc.gov/MarketReports/CommitmentsofTraders/ReleaseSchedule/index.htm,True,estimated,15:30 America/New_York,3
legacy_futures_only,2015-02-24,False,2015-02-27,,,2015-02-27,2015-02-27,2015-02-27,2015-03-02,estimated_three_federal_business_days_friday_floor,https://www.cftc.gov/MarketReports/CommitmentsofTraders/ReleaseSchedule/index.htm,True,estimated,15:30 America/New_York,3
disaggregated_futures_only,2015-03-03,False,2015-03-06,,,2015-03-06,2015-03-06,2015-03-06,2015-03-09,estimated_three_federal_business_days_friday_floor,https://www.cftc.gov/MarketReports/CommitmentsofTraders/ReleaseSchedule/index.htm,True,estimated,15:30 America/New_York,3
legacy_futures_only,2015-03-03,False,2015-03-06,,,2015-03-06,2015-03-06,2015-03-06,2015-03-09,estimated_three_federal_business_days_friday_floor,https://www.cftc.gov/MarketReports/CommitmentsofTraders/ReleaseSchedule/index.htm,True,estimated,15:30 America/New_York,3
disaggregated_futures_only,2015-03-10,False,2015-03-13,,,2015-03-13,2015-03-13,2015-03-13,2015-03-16,estimated_three_federal_business_days_friday_floor,https://www.cftc.gov/MarketReports/CommitmentsofTraders/ReleaseSchedule/index.htm,True,estimated,15:30 America/New_York,3
legacy_futures_only,2015-03-10,False,2015-03-13,,,2015-03-13,2015-03-13,2015-03-13,2015-03-16,estimated_three_federal_business_days_friday_floor,https://www.cftc.gov/MarketReports/CommitmentsofTraders/ReleaseSchedule/index.htm,True,estimated,15:30 America/New_York,3
disaggregated_futures_only,2015-03-17,False,2015-03-20,,,2015-03-20,2015-03-20,2015-03-20,2015-03-23,estimated_three_federal_business_days_friday_floor,https://www.cftc.gov/MarketReports/CommitmentsofTraders/ReleaseSchedule/index.htm,True,estimated,15:30 America/New_York,3
legacy_futures_only,2015-03-17,False,2015-03-20,,,2015-03-20,2015-03-20,2015-03-20,2015-03-23,estimated_three_federal_business_days_friday_floor,https://www.cftc.gov/MarketReports/CommitmentsofTraders/ReleaseSchedule/index.htm,True,estimated,15:30 America/New_York,3
disaggregated_futures_only,2015-03-24,False,2015-03-27,,,2015-03-27,2015-03-27,2015-03-27,2015-03-30,estimated_three_federal_business_days_friday_floor,https://www.cftc.gov/MarketReports/CommitmentsofTraders/ReleaseSchedule/index.htm,True,estimated,15:30 America/New_York,3
legacy_futures_only,2015-03-24,False,2015-03-27,,,2015-03-27,2015-03-27,2015-03-27,2015-03-30,estimated_three_federal_business_days_friday_floor,https://www.cftc.gov/MarketReports/CommitmentsofTraders/ReleaseSchedule/index.htm,True,estimated,15:30 America/New_York,3
disaggregated_futures_only,2015-03-31,False,2015-04-03,,,2015-04-03,2015-04-03,2015-04-03,2015-04-06,estimated_three_federal_business_days_friday_floor,https://www.cftc.gov/MarketReports/CommitmentsofTraders/ReleaseSchedule/index.htm,True,estimated,15:30 America/New_York,3
legacy_futures_only,2015-03-31,False,2015-04-03,,,2015-04-03,2015-04-03,2015-04-03,2015-04-06,estimated_three_federal_business_days_friday_floor,https://www.cftc.gov/MarketReports/CommitmentsofTraders/ReleaseSchedule/index.htm,True,estimated,15:30 America/New_York,3
disaggregated_futures_only,2015-04-07,False,2015-04-10,,,2015-04-10,2015-04-10,2015-04-10,2015-04-13,estimated_three_federal_business_days_friday_floor,https://www.cftc.gov/MarketReports/CommitmentsofTraders/ReleaseSchedule/index.htm,True,estimated,15:30 America/New_York,3
legacy_futures_only,2015-04-07,False,2015-04-10,,,2015-04-10,2015-04-10,2015-04-10,2015-04-13,estimated_three_federal_business_days_friday_floor,https://www.cftc.gov/MarketReports/CommitmentsofTraders/ReleaseSchedule/index.htm,True,estimated,15:30 America/New_York,3
disaggregated_futures_only,2015-04-14,False,2015-04-17,,,2015-04-17,2015-04-17,2015-04-17,2015-04-20,estimated_three_federal_business_days_friday_floor,https://www.cftc.gov/MarketReports/CommitmentsofTraders/ReleaseSchedule/index.htm,True,estimated,15:30 America/New_York,3
legacy_futures_only,2015-04-14,False,2015-04-17,,,2015-04-17,2015-04-17,2015-04-17,2015-04-20,estimated_three_federal_business_days_friday_floor,https://www.cftc.gov/MarketReports/CommitmentsofTraders/ReleaseSchedule/index.htm,True,estimated,15:30 America/New_York,3
disaggregated_futures_only,2015-04-21,False,2015-04-24,,,2015-04-24,2015-04-24,2015-04-24,2015-04-27,estimated_three_federal_business_days_friday_floor,https://www.cftc.gov/MarketReports/CommitmentsofTraders/ReleaseSchedule/index.htm,True,estimated,15:30 America/New_York,3
legacy_futures_only,2015-04-21,False,2015-04-24,,,2015-04-24,2015-04-24,2015-04-24,2015-04-27,estimated_three_federal_business_days_friday_floor,https://www.cftc.gov/MarketReports/CommitmentsofTraders/ReleaseSchedule/index.htm,True,estimated,15:30 America/New_York,3
disaggregated_futures_only,2015-04-28,False,2015-05-01,,,2015-05-01,2015-05-01,2015-05-01,2015-05-04,estimated_three_federal_business_days_friday_floor,https://www.cftc.gov/MarketReports/CommitmentsofTraders/ReleaseSchedule/index.htm,True,estimated,15:30 America/New_York,3
legacy_futures_only,2015-04-28,False,2015-05-01,,,2015-05-01,2015-05-01,2015-05-01,2015-05-04,estimated_three_federal_business_days_friday_floor,https://www.cftc.gov/MarketReports/CommitmentsofTraders/ReleaseSchedule/index.htm,True,estimated,15:30 America/New_York,3
disaggregated_futures_only,2015-05-05,False,2015-05-08,,,2015-05-08,2015-05-08,2015-05-08,2015-05-11,estimated_three_federal_business_days_friday_floor,https://www.cftc.gov/MarketReports/CommitmentsofTraders/ReleaseSchedule/index.htm,True,estimated,15:30 America/New_York,3
legacy_futures_only,2015-05-05,False,2015-05-08,,,2015-05-08,2015-05-08,2015-05-08,2015-05-11,estimated_three_federal_business_days_friday_floor,https://www.cftc.gov/MarketReports/CommitmentsofTraders/ReleaseSchedule/index.htm,True,estimated,15:30 America/New_York,3
disaggregated_futures_only,2015-05-12,False,2015-05-15,,,2015-05-15,2015-05-15,2015-05-15,2015-05-18,estimated_three_federal_business_days_friday_floor,https://www.cftc.gov/MarketReports/CommitmentsofTraders/ReleaseSchedule/index.htm,True,estimated,15:30 America/New_York,3
legacy_futures_only,2015-05-12,False,2015-05-15,,,2015-05-15,2015-05-15,2015-05-15,2015-05-18,estimated_three_federal_business_days_friday_floor,https://www.cftc.gov/MarketReports/CommitmentsofTraders/ReleaseSchedule/index.htm,True,estimated,15:30 America/New_York,3
disaggregated_futures_only,2015-05-19,False,2015-05-22,,,2015-05-22,2015-05-22,2015-05-22,2015-05-26,estimated_three_federal_business_days_friday_floor,https://www.cftc.gov/MarketReports/CommitmentsofTraders/ReleaseSchedule/index.htm,True,estimated,15:30 America/New_York,3
legacy_futures_only,2015-05-19,False,2015-05-22,,,2015-05-22,2015-05-22,2015-05-22,2015-05-26,estimated_three_federal_business_days_friday_floor,https://www.cftc.gov/MarketReports/CommitmentsofTraders/ReleaseSchedule/index.htm,True,estimated,15:30 America/New_York,3
disaggregated_futures_only,2015-05-26,False,2015-05-29,,,2015-05-29,2015-05-29,2015-05-29,2015-06-01,estimated_three_federal_business_days_friday_floor,https://www.cftc.gov/MarketReports/CommitmentsofTraders/ReleaseSchedule/index.htm,True,estimated,15:30 America/New_York,3
legacy_futures_only,2015-05-26,False,2015-05-29,,,2015-05-29,2015-05-29,2015-05-29,2015-06-01,estimated_three_federal_business_days_friday_floor,https://www.cftc.gov/MarketReports/CommitmentsofTraders/ReleaseSchedule/index.htm,True,estimated,15:30 America/New_York,3
disaggregated_futures_only,2015-06-02,False,2015-06-05,,,2015-06-05,2015-06-05,2015-06-05,2015-06-08,estimated_three_federal_business_days_friday_floor,https://www.cftc.gov/MarketReports/CommitmentsofTraders/ReleaseSchedule/index.htm,True,estimated,15:30 America/New_York,3
legacy_futures_only,2015-06-02,False,2015-06-05,,,2015-06-05,2015-06-05,2015-06-05,2015-06-08,estimated_three_federal_business_days_friday_floor,https://www.cftc.gov/MarketReports/CommitmentsofTraders/ReleaseSchedule/index.htm,True,estimated,15:30 America/New_York,3
disaggregated_futures_only,2015-06-09,False,2015-06-12,,,2015-06-12,2015-06-12,2015-06-12,2015-06-15,estimated_three_federal_business_days_friday_floor,https://www.cftc.gov/MarketReports/CommitmentsofTraders/ReleaseSchedule/index.htm,True,estimated,15:30 America/New_York,3
legacy_futures_only,2015-06-09,False,2015-06-12,,,2015-06-12,2015-06-12,2015-06-12,2015-06-15,estimated_three_federal_business_days_friday_floor,https://www.cftc.gov/MarketReports/CommitmentsofTraders/ReleaseSchedule/index.htm,True,estimated,15:30 America/New_York,3
disaggregated_futures_only,2015-06-16,False,2015-06-19,,,2015-06-19,2015-06-19,2015-06-19,2015-06-22,estimated_three_federal_business_days_friday_floor,https://www.cftc.gov/MarketReports/CommitmentsofTraders/ReleaseSchedule/index.htm,True,estimated,15:30 America/New_York,3
legacy_futures_only,2015-06-16,False,2015-06-19,,,2015-06-19,2015-06-19,2015-06-19,2015-06-22,estimated_three_federal_business_days_friday_floor,https://www.cftc.gov/MarketReports/CommitmentsofTraders/ReleaseSchedule/index.htm,True,estimated,15:30 America/New_York,3
disaggregated_futures_only,2015-06-23,False,2015-06-26,,,2015-06-26,2015-06-26,2015-06-26,2015-06-29,estimated_three_federal_business_days_friday_floor,https://www.cftc.gov/MarketReports/CommitmentsofTraders/ReleaseSchedule/index.htm,True,estimated,15:30 America/New_York,3
legacy_futures_only,2015-06-23,False,2015-06-26,,,2015-06-26,2015-06-26,2015-06-26,2015-06-29,estimated_three_federal_business_days_friday_floor,https://www.cftc.gov/MarketReports/CommitmentsofTraders/ReleaseSchedule/index.htm,True,estimated,15:30 America/New_York,3
disaggregated_futures_only,2015-06-30,False,2015-07-06,,,2015-07-06,2015-07-06,2015-07-06,2015-07-07,estimated_three_federal_business_days_friday_floor,https://www.cftc.gov/MarketReports/CommitmentsofTraders/ReleaseSchedule/index.htm,True,estimated,15:30 America/New_York,6
legacy_futures_only,2015-06-30,False,2015-07-06,,,2015-07-06,2015-07-06,2015-07-06,2015-07-07,estimated_three_federal_business_days_friday_floor,https://www.cftc.gov/MarketReports/CommitmentsofTraders/ReleaseSchedule/index.htm,True,estimated,15:30 America/New_York,6
disaggregated_futures_only,2015-07-07,False,2015-07-10,,,2015-07-10,2015-07-10,2015-07-10,2015-07-13,estimated_three_federal_business_days_friday_floor,https://www.cftc.gov/MarketReports/CommitmentsofTraders/ReleaseSchedule/index.htm,True,estimated,15:30 America/New_York,3
legacy_futures_only,2015-07-07,False,2015-07-10,,,2015-07-10,2015-07-10,2015-07-10,2015-07-13,estimated_three_federal_business_days_friday_floor,https://www.cftc.gov/MarketReports/CommitmentsofTraders/ReleaseSchedule/index.htm,True,estimated,15:30 America/New_York,3
disaggregated_futures_only,2015-07-14,False,2015-07-17,,,2015-07-17,2015-07-17,2015-07-17,2015-07-20,estimated_three_federal_business_days_friday_floor,https://www.cftc.gov/MarketReports/CommitmentsofTraders/ReleaseSchedule/index.htm,True,estimated,15:30 America/New_York,3
legacy_futures_only,2015-07-14,False,2015-07-17,,,2015-07-17,2015-07-17,2015-07-17,2015-07-20,estimated_three_federal_business_days_friday_floor,https://www.cftc.gov/MarketReports/CommitmentsofTraders/ReleaseSchedule/index.htm,True,estimated,15:30 America/New_York,3
disaggregated_futures_only,2015-07-21,False,2015-07-24,,,2015-07-24,2015-07-24,2015-07-24,2015-07-27,estimated_three_federal_business_days_friday_floor,https://www.cftc.gov/MarketReports/CommitmentsofTraders/ReleaseSchedule/index.htm,True,estimated,15:30 America/New_York,3
legacy_futures_only,2015-07-21,False,2015-07-24,,,2015-07-24,2015-07-24,2015-07-24,2015-07-27,estimated_three_federal_business_days_friday_floor,https://www.cftc.gov/MarketReports/CommitmentsofTraders/ReleaseSchedule/index.htm,True,estimated,15:30 America/New_York,3
disaggregated_futures_only,2015-07-28,False,2015-07-31,,,2015-07-31,2015-07-31,2015-07-31,2015-08-03,estimated_three_federal_business_days_friday_floor,https://www.cftc.gov/MarketReports/CommitmentsofTraders/ReleaseSchedule/index.htm,True,estimated,15:30 America/New_York,3
legacy_futures_only,2015-07-28,False,2015-07-31,,,2015-07-31,2015-07-31,2015-07-31,2015-08-03,estimated_three_federal_business_days_friday_floor,https://www.cftc.gov/MarketReports/CommitmentsofTraders/ReleaseSchedule/index.htm,True,estimated,15:30 America/New_York,3
disaggregated_futures_only,2015-08-04,False,2015-08-07,,,2015-08-07,2015-08-07,2015-08-07,2015-08-10,estimated_three_federal_business_days_friday_floor,https://www.cftc.gov/MarketReports/CommitmentsofTraders/ReleaseSchedule/index.htm,True,estimated,15:30 America/New_York,3
legacy_futures_only,2015-08-04,False,2015-08-07,,,2015-08-07,2015-08-07,2015-08-07,2015-08-10,estimated_three_federal_business_days_friday_floor,https://www.cftc.gov/MarketReports/CommitmentsofTraders/ReleaseSchedule/index.htm,True,estimated,15:30 America/New_York,3
disaggregated_futures_only,2015-08-11,False,2015-08-14,,,2015-08-14,2015-08-14,2015-08-14,2015-08-17,estimated_three_federal_business_days_friday_floor,https://www.cftc.gov/MarketReports/CommitmentsofTraders/ReleaseSchedule/index.htm,True,estimated,15:30 America/New_York,3
legacy_futures_only,2015-08-11,False,2015-08-14,,,2015-08-14,2015-08-14,2015-08-14,2015-08-17,estimated_three_federal_business_days_friday_floor,https://www.cftc.gov/MarketReports/CommitmentsofTraders/ReleaseSchedule/index.htm,True,estimated,15:30 America/New_York,3
disaggregated_futures_only,2015-08-18,False,2015-08-21,,,2015-08-21,2015-08-21,2015-08-21,2015-08-24,estimated_three_federal_business_days_friday_floor,https://www.cftc.gov/MarketReports/CommitmentsofTraders/ReleaseSchedule/index.htm,True,estimated,15:30 America/New_York,3
legacy_futures_only,2015-08-18,False,2015-08-21,,,2015-08-21,2015-08-21,2015-08-21,2015-08-24,estimated_three_federal_business_days_friday_floor,https://www.cftc.gov/MarketReports/CommitmentsofTraders/ReleaseSchedule/index.htm,True,estimated,15:30 America/New_York,3
disaggregated_futures_only,2015-08-25,False,2015-08-28,,,2015-08-28,2015-08-28,2015-08-28,2015-08-31,estimated_three_federal_business_days_friday_floor,https://www.cftc.gov/MarketReports/CommitmentsofTraders/ReleaseSchedule/index.htm,True,estimated,15:30 America/New_York,3
legacy_futures_only,2015-08-25,False,2015-08-28,,,2015-08-28,2015-08-28,2015-08-28,2015-08-31,estimated_three_federal_business_days_friday_floor,https://www.cftc.gov/MarketReports/CommitmentsofTraders/ReleaseSchedule/index.htm,True,estimated,15:30 America/New_York,3
disaggregated_futures_only,2015-09-01,False,2015-09-04,,,2015-09-04,2015-09-04,2015-09-04,2015-09-08,estimated_three_federal_business_days_friday_floor,https://www.cftc.gov/MarketReports/CommitmentsofTraders/ReleaseSchedule/index.htm,True,estimated,15:30 America/New_York,3
legacy_futures_only,2015-09-01,False,2015-09-04,,,2015-09-04,2015-09-04,2015-09-04,2015-09-08,estimated_three_federal_business_days_friday_floor,https://www.cftc.gov/MarketReports/CommitmentsofTraders/ReleaseSchedule/index.htm,True,estimated,15:30 America/New_York,3
disaggregated_futures_only,2015-09-08,False,2015-09-11,,,2015-09-11,2015-09-11,2015-09-11,2015-09-14,estimated_three_federal_business_days_friday_floor,https://www.cftc.gov/MarketReports/CommitmentsofTraders/ReleaseSchedule/index.htm,True,estimated,15:30 America/New_York,3
legacy_futures_only,2015-09-08,False,2015-09-11,,,2015-09-11,2015-09-11,2015-09-11,2015-09-14,estimated_three_federal_business_days_friday_floor,https://www.cftc.gov/MarketReports/CommitmentsofTraders/ReleaseSchedule/index.htm,True,estimated,15:30 America/New_York,3
disaggregated_futures_only,2015-09-15,False,2015-09-18,,,2015-09-18,2015-09-18,2015-09-18,2015-09-21,estimated_three_federal_business_days_friday_floor,https://www.cftc.gov/MarketReports/CommitmentsofTraders/ReleaseSchedule/index.htm,True,estimated,15:30 America/New_York,3
legacy_futures_only,2015-09-15,False,2015-09-18,,,2015-09-18,2015-09-18,2015-09-18,2015-09-21,estimated_three_federal_business_days_friday_floor,https://www.cftc.gov/MarketReports/CommitmentsofTraders/ReleaseSchedule/index.htm,True,estimated,15:30 America/New_York,3
disaggregated_futures_only,2015-09-22,False,2015-09-25,,,2015-09-25,2015-09-25,2015-09-25,2015-09-28,estimated_three_federal_business_days_friday_floor,https://www.cftc.gov/MarketReports/CommitmentsofTraders/ReleaseSchedule/index.htm,True,estimated,15:30 America/New_York,3
legacy_futures_only,2015-09-22,False,2015-09-25,,,2015-09-25,2015-09-25,2015-09-25,2015-09-28,estimated_three_federal_business_days_friday_floor,https://www.cftc.gov/MarketReports/CommitmentsofTraders/ReleaseSchedule/index.htm,True,estimated,15:30 America/New_York,3
disaggregated_futures_only,2015-09-29,False,2015-10-02,,,2015-10-02,2015-10-02,2015-10-02,2015-10-05,estimated_three_federal_business_days_friday_floor,https://www.cftc.gov/MarketReports/CommitmentsofTraders/ReleaseSchedule/index.htm,True,estimated,15:30 America/New_York,3
legacy_futures_only,2015-09-29,False,2015-10-02,,,2015-10-02,2015-10-02,2015-10-02,2015-10-05,estimated_three_federal_business_days_friday_floor,https://www.cftc.gov/MarketReports/CommitmentsofTraders/ReleaseSchedule/index.htm,True,estimated,15:30 America/New_York,3
disaggregated_futures_only,2015-10-06,False,2015-10-09,,,2015-10-09,2015-10-09,2015-10-09,2015-10-12,estimated_three_federal_business_days_friday_floor,https://www.cftc.gov/MarketReports/CommitmentsofTraders/ReleaseSchedule/index.htm,True,estimated,15:30 America/New_York,3
legacy_futures_only,2015-10-06,False,2015-10-09,,,2015-10-09,2015-10-09,2015-10-09,2015-10-12,estimated_three_federal_business_days_friday_floor,https://www.cftc.gov/MarketReports/CommitmentsofTraders/ReleaseSchedule/index.htm,True,estimated,15:30 America/New_York,3
disaggregated_futures_only,2015-10-13,False,2015-10-16,,,2015-10-16,2015-10-16,2015-10-16,2015-10-19,estimated_three_federal_business_days_friday_floor,https://www.cftc.gov/MarketReports/CommitmentsofTraders/ReleaseSchedule/index.htm,True,estimated,15:30 America/New_York,3
legacy_futures_only,2015-10-13,False,2015-10-16,,,2015-10-16,2015-10-16,2015-10-16,2015-10-19,estimated_three_federal_business_days_friday_floor,https://www.cftc.gov/MarketReports/CommitmentsofTraders/ReleaseSchedule/index.htm,True,estimated,15:30 America/New_York,3
disaggregated_futures_only,2015-10-20,False,2015-10-23,,,2015-10-23,2015-10-23,2015-10-23,2015-10-26,estimated_three_federal_business_days_friday_floor,https://www.cftc.gov/MarketReports/CommitmentsofTraders/ReleaseSchedule/index.htm,True,estimated,15:30 America/New_York,3
legacy_futures_only,2015-10-20,False,2015-10-23,,,2015-10-23,2015-10-23,2015-10-23,2015-10-26,estimated_three_federal_business_days_friday_floor,https://www.cftc.gov/MarketReports/CommitmentsofTraders/ReleaseSchedule/index.htm,True,estimated,15:30 America/New_York,3
disaggregated_futures_only,2015-10-27,False,2015-10-30,,,2015-10-30,2015-10-30,2015-10-30,2015-11-02,estimated_three_federal_business_days_friday_floor,https://www.cftc.gov/MarketReports/CommitmentsofTraders/ReleaseSchedule/index.htm,True,estimated,15:30 America/New_York,3
legacy_futures_only,2015-10-27,False,2015-10-30,,,2015-10-30,2015-10-30,2015-10-30,2015-11-02,estimated_three_federal_business_days_friday_floor,https://www.cftc.gov/MarketReports/CommitmentsofTraders/ReleaseSchedule/index.htm,True,estimated,15:30 America/New_York,3
disaggregated_futures_only,2015-11-03,False,2015-11-06,,,2015-11-06,2015-11-06,2015-11-06,2015-11-09,estimated_three_federal_business_days_friday_floor,https://www.cftc.gov/MarketReports/CommitmentsofTraders/ReleaseSchedule/index.htm,True,estimated,15:30 America/New_York,3
legacy_futures_only,2015-11-03,False,2015-11-06,,,2015-11-06,2015-11-06,2015-11-06,2015-11-09,estimated_three_federal_business_days_friday_floor,https://www.cftc.gov/MarketReports/CommitmentsofTraders/ReleaseSchedule/index.htm,True,estimated,15:30 America/New_York,3
disaggregated_futures_only,2015-11-10,False,2015-11-16,,,2015-11-16,2015-11-16,2015-11-16,2015-11-17,estimated_three_federal_business_days_friday_floor,https://www.cftc.gov/MarketReports/CommitmentsofTraders/ReleaseSchedule/index.htm,True,estimated,15:30 America/New_York,6
legacy_futures_only,2015-11-10,False,2015-11-16,,,2015-11-16,2015-11-16,2015-11-16,2015-11-17,estimated_three_federal_business_days_friday_floor,https://www.cftc.gov/MarketReports/CommitmentsofTraders/ReleaseSchedule/index.htm,True,estimated,15:30 America/New_York,6
disaggregated_futures_only,2015-11-17,False,2015-11-20,,,2015-11-20,2015-11-20,2015-11-20,2015-11-23,estimated_three_federal_business_days_friday_floor,https://www.cftc.gov/MarketReports/CommitmentsofTraders/ReleaseSchedule/index.htm,True,estimated,15:30 America/New_York,3
legacy_futures_only,2015-11-17,False,2015-11-20,,,2015-11-20,2015-11-20,2015-11-20,2015-11-23,estimated_three_federal_business_days_friday_floor,https://www.cftc.gov/MarketReports/CommitmentsofTraders/ReleaseSchedule/index.htm,True,estimated,15:30 America/New_York,3
disaggregated_futures_only,2015-11-24,False,2015-11-30,,,2015-11-30,2015-11-30,2015-11-30,2015-12-01,estimated_three_federal_business_days_friday_floor,https://www.cftc.gov/MarketReports/CommitmentsofTraders/ReleaseSchedule/index.htm,True,estimated,15:30 America/New_York,6
legacy_futures_only,2015-11-24,False,2015-11-30,,,2015-11-30,2015-11-30,2015-11-30,2015-12-01,estimated_three_federal_business_days_friday_floor,https://www.cftc.gov/MarketReports/CommitmentsofTraders/ReleaseSchedule/index.htm,True,estimated,15:30 America/New_York,6
disaggregated_futures_only,2015-12-01,False,2015-12-04,,,2015-12-04,2015-12-04,2015-12-04,2015-12-07,estimated_three_federal_business_days_friday_floor,https://www.cftc.gov/MarketReports/CommitmentsofTraders/ReleaseSchedule/index.htm,True,estimated,15:30 America/New_York,3
legacy_futures_only,2015-12-01,False,2015-12-04,,,2015-12-04,2015-12-04,2015-12-04,2015-12-07,estimated_three_federal_business_days_friday_floor,https://www.cftc.gov/MarketReports/CommitmentsofTraders/ReleaseSchedule/index.htm,True,estimated,15:30 America/New_York,3
disaggregated_futures_only,2015-12-08,False,2015-12-11,,,2015-12-11,2015-12-11,2015-12-11,2015-12-14,estimated_three_federal_business_days_friday_floor,https://www.cftc.gov/MarketReports/CommitmentsofTraders/ReleaseSchedule/index.htm,True,estimated,15:30 America/New_York,3
legacy_futures_only,2015-12-08,False,2015-12-11,,,2015-12-11,2015-12-11,2015-12-11,2015-12-14,estimated_three_federal_business_days_friday_floor,https://www.cftc.gov/MarketReports/CommitmentsofTraders/ReleaseSchedule/index.htm,True,estimated,15:30 America/New_York,3
disaggregated_futures_only,2015-12-15,False,2015-12-18,,,2015-12-18,2015-12-18,2015-12-18,2015-12-21,estimated_three_federal_business_days_friday_floor,https://www.cftc.gov/MarketReports/CommitmentsofTraders/ReleaseSchedule/index.htm,True,estimated,15:30 America/New_York,3
legacy_futures_only,2015-12-15,False,2015-12-18,,,2015-12-18,2015-12-18,2015-12-18,2015-12-21,estimated_three_federal_business_days_friday_floor,https://www.cftc.gov/MarketReports/CommitmentsofTraders/ReleaseSchedule/index.htm,True,estimated,15:30 America/New_York,3
disaggregated_futures_only,2015-12-22,False,2015-12-28,,,2015-12-28,2015-12-28,2015-12-28,2015-12-29,estimated_three_federal_business_days_friday_floor,https://www.cftc.gov/MarketReports/CommitmentsofTraders/ReleaseSchedule/index.htm,True,estimated,15:30 America/New_York,6
legacy_futures_only,2015-12-22,False,2015-12-28,,,2015-12-28,2015-12-28,2015-12-28,2015-12-29,estimated_three_federal_business_days_friday_floor,https://www.cftc.gov/MarketReports/CommitmentsofTraders/ReleaseSchedule/index.htm,True,estimated,15:30 America/New_York,6
disaggregated_futures_only,2015-12-29,False,2016-01-04,,,2016-01-04,2016-01-04,2016-01-04,2016-01-05,estimated_three_federal_business_days_friday_floor,https://www.cftc.gov/MarketReports/CommitmentsofTraders/ReleaseSchedule/index.htm,True,estimated,15:30 America/New_York,6
legacy_futures_only,2015-12-29,False,2016-01-04,,,2016-01-04,2016-01-04,2016-01-04,2016-01-05,estimated_three_federal_business_days_friday_floor,https://www.cftc.gov/MarketReports/CommitmentsofTraders/ReleaseSchedule/index.htm,True,estimated,15:30 America/New_York,6
disaggregated_futures_only,2016-01-05,False,2016-01-08,,,2016-01-08,2016-01-08,2016-01-08,2016-01-11,estimated_three_federal_business_days_friday_floor,https://www.cftc.gov/MarketReports/CommitmentsofTraders/ReleaseSchedule/index.htm,True,estimated,15:30 America/New_York,3
legacy_futures_only,2016-01-05,False,2016-01-08,,,2016-01-08,2016-01-08,2016-01-08,2016-01-11,estimated_three_federal_business_days_friday_floor,https://www.cftc.gov/MarketReports/CommitmentsofTraders/ReleaseSchedule/index.htm,True,estimated,15:30 America/New_York,3
disaggregated_futures_only,2016-01-12,False,2016-01-15,,,2016-01-15,2016-01-15,2016-01-15,2016-01-19,estimated_three_federal_business_days_friday_floor,https://www.cftc.gov/MarketReports/CommitmentsofTraders/ReleaseSchedule/index.htm,True,estimated,15:30 America/New_York,3
legacy_futures_only,2016-01-12,False,2016-01-15,,,2016-01-15,2016-01-15,2016-01-15,2016-01-19,estimated_three_federal_business_days_friday_floor,https://www.cftc.gov/MarketReports/CommitmentsofTraders/ReleaseSchedule/index.htm,True,estimated,15:30 America/New_York,3
disaggregated_futures_only,2016-01-19,False,2016-01-22,,,2016-01-22,2016-01-22,2016-01-22,2016-01-25,estimated_three_federal_business_days_friday_floor,https://www.cftc.gov/MarketReports/CommitmentsofTraders/ReleaseSchedule/index.htm,True,estimated,15:30 America/New_York,3
legacy_futures_only,2016-01-19,False,2016-01-22,,,2016-01-22,2016-01-22,2016-01-22,2016-01-25,estimated_three_federal_business_days_friday_floor,https://www.cftc.gov/MarketReports/CommitmentsofTraders/ReleaseSchedule/index.htm,True,estimated,15:30 America/New_York,3
disaggregated_futures_only,2016-01-26,False,2016-01-29,,,2016-01-29,2016-01-29,2016-01-29,2016-02-01,estimated_three_federal_business_days_friday_floor,https://www.cftc.gov/MarketReports/CommitmentsofTraders/ReleaseSchedule/index.htm,True,estimated,15:30 America/New_York,3
legacy_futures_only,2016-01-26,False,2016-01-29,,,2016-01-29,2016-01-29,2016-01-29,2016-02-01,estimated_three_federal_business_days_friday_floor,https://www.cftc.gov/MarketReports/CommitmentsofTraders/ReleaseSchedule/index.htm,True,estimated,15:30 America/New_York,3
disaggregated_futures_only,2016-02-02,False,2016-02-05,,,2016-02-05,2016-02-05,2016-02-05,2016-02-08,estimated_three_federal_business_days_friday_floor,https://www.cftc.gov/MarketReports/CommitmentsofTraders/ReleaseSchedule/index.htm,True,estimated,15:30 America/New_York,3
legacy_futures_only,2016-02-02,False,2016-02-05,,,2016-02-05,2016-02-05,2016-02-05,2016-02-08,estimated_three_federal_business_days_friday_floor,https://www.cftc.gov/MarketReports/CommitmentsofTraders/ReleaseSchedule/index.htm,True,estimated,15:30 America/New_York,3
disaggregated_futures_only,2016-02-09,False,2016-02-12,,,2016-02-12,2016-02-12,2016-02-12,2016-02-16,estimated_three_federal_business_days_friday_floor,https://www.cftc.gov/MarketReports/CommitmentsofTraders/ReleaseSchedule/index.htm,True,estimated,15:30 America/New_York,3
legacy_futures_only,2016-02-09,False,2016-02-12,,,2016-02-12,2016-02-12,2016-02-12,2016-02-16,estimated_three_federal_business_days_friday_floor,https://www.cftc.gov/MarketReports/CommitmentsofTraders/ReleaseSchedule/index.htm,True,estimated,15:30 America/New_York,3
disaggregated_futures_only,2016-02-16,False,2016-02-19,,,2016-02-19,2016-02-19,2016-02-19,2016-02-22,estimated_three_federal_business_days_friday_floor,https://www.cftc.gov/MarketReports/CommitmentsofTraders/ReleaseSchedule/index.htm,True,estimated,15:30 America/New_York,3
legacy_futures_only,2016-02-16,False,2016-02-19,,,2016-02-19,2016-02-19,2016-02-19,2016-02-22,estimated_three_federal_business_days_friday_floor,https://www.cftc.gov/MarketReports/CommitmentsofTraders/ReleaseSchedule/index.htm,True,estimated,15:30 America/New_York,3
disaggregated_futures_only,2016-02-23,False,2016-02-26,,,2016-02-26,2016-02-26,2016-02-26,2016-02-29,estimated_three_federal_business_days_friday_floor,https://www.cftc.gov/MarketReports/CommitmentsofTraders/ReleaseSchedule/index.htm,True,estimated,15:30 America/New_York,3
legacy_futures_only,2016-02-23,False,2016-02-26,,,2016-02-26,2016-02-26,2016-02-26,2016-02-29,estimated_three_federal_business_days_friday_floor,https://www.cftc.gov/MarketReports/CommitmentsofTraders/ReleaseSchedule/index.htm,True,estimated,15:30 America/New_York,3
disaggregated_futures_only,2016-03-01,False,2016-03-04,,,2016-03-04,2016-03-04,2016-03-04,2016-03-07,estimated_three_federal_business_days_friday_floor,https://www.cftc.gov/MarketReports/CommitmentsofTraders/ReleaseSchedule/index.htm,True,estimated,15:30 America/New_York,3
legacy_futures_only,2016-03-01,False,2016-03-04,,,2016-03-04,2016-03-04,2016-03-04,2016-03-07,estimated_three_federal_business_days_friday_floor,https://www.cftc.gov/MarketReports/CommitmentsofTraders/ReleaseSchedule/index.htm,True,estimated,15:30 America/New_York,3
disaggregated_futures_only,2016-03-08,False,2016-03-11,,,2016-03-11,2016-03-11,2016-03-11,2016-03-14,estimated_three_federal_business_days_friday_floor,https://www.cftc.gov/MarketReports/CommitmentsofTraders/ReleaseSchedule/index.htm,True,estimated,15:30 America/New_York,3
legacy_futures_only,2016-03-08,False,2016-03-11,,,2016-03-11,2016-03-11,2016-03-11,2016-03-14,estimated_three_federal_business_days_friday_floor,https://www.cftc.gov/MarketReports/CommitmentsofTraders/ReleaseSchedule/index.htm,True,estimated,15:30 America/New_York,3
disaggregated_futures_only,2016-03-15,False,2016-03-18,,,2016-03-18,2016-03-18,2016-03-18,2016-03-21,estimated_three_federal_business_days_friday_floor,https://www.cftc.gov/MarketReports/CommitmentsofTraders/ReleaseSchedule/index.htm,True,estimated,15:30 America/New_York,3
legacy_futures_only,2016-03-15,False,2016-03-18,,,2016-03-18,2016-03-18,2016-03-18,2016-03-21,estimated_three_federal_business_days_friday_floor,https://www.cftc.gov/MarketReports/CommitmentsofTraders/ReleaseSchedule/index.htm,True,estimated,15:30 America/New_York,3
disaggregated_futures_only,2016-03-22,False,2016-03-25,,,2016-03-25,2016-03-25,2016-03-25,2016-03-28,estimated_three_federal_business_days_friday_floor,https://www.cftc.gov/MarketReports/CommitmentsofTraders/ReleaseSchedule/index.htm,True,estimated,15:30 America/New_York,3
legacy_futures_only,2016-03-22,False,2016-03-25,,,2016-03-25,2016-03-25,2016-03-25,2016-03-28,estimated_three_federal_business_days_friday_floor,https://www.cftc.gov/MarketReports/CommitmentsofTraders/ReleaseSchedule/index.htm,True,estimated,15:30 America/New_York,3
disaggregated_futures_only,2016-03-29,False,2016-04-01,,,2016-04-01,2016-04-01,2016-04-01,2016-04-04,estimated_three_federal_business_days_friday_floor,https://www.cftc.gov/MarketReports/CommitmentsofTraders/ReleaseSchedule/index.htm,True,estimated,15:30 America/New_York,3
legacy_futures_only,2016-03-29,False,2016-04-01,,,2016-04-01,2016-04-01,2016-04-01,2016-04-04,estimated_three_federal_business_days_friday_floor,https://www.cftc.gov/MarketReports/CommitmentsofTraders/ReleaseSchedule/index.htm,True,estimated,15:30 America/New_York,3
disaggregated_futures_only,2016-04-05,False,2016-04-08,,,2016-04-08,2016-04-08,2016-04-08,2016-04-11,estimated_three_federal_business_days_friday_floor,https://www.cftc.gov/MarketReports/CommitmentsofTraders/ReleaseSchedule/index.htm,True,estimated,15:30 America/New_York,3
legacy_futures_only,2016-04-05,False,2016-04-08,,,2016-04-08,2016-04-08,2016-04-08,2016-04-11,estimated_three_federal_business_days_friday_floor,https://www.cftc.gov/MarketReports/CommitmentsofTraders/ReleaseSchedule/index.htm,True,estimated,15:30 America/New_York,3
disaggregated_futures_only,2016-04-12,False,2016-04-15,,,2016-04-15,2016-04-15,2016-04-15,2016-04-18,estimated_three_federal_business_days_friday_floor,https://www.cftc.gov/MarketReports/CommitmentsofTraders/ReleaseSchedule/index.htm,True,estimated,15:30 America/New_York,3
legacy_futures_only,2016-04-12,False,2016-04-15,,,2016-04-15,2016-04-15,2016-04-15,2016-04-18,estimated_three_federal_business_days_friday_floor,https://www.cftc.gov/MarketReports/CommitmentsofTraders/ReleaseSchedule/index.htm,True,estimated,15:30 America/New_York,3
disaggregated_futures_only,2016-04-19,False,2016-04-22,,,2016-04-22,2016-04-22,2016-04-22,2016-04-25,estimated_three_federal_business_days_friday_floor,https://www.cftc.gov/MarketReports/CommitmentsofTraders/ReleaseSchedule/index.htm,True,estimated,15:30 America/New_York,3
legacy_futures_only,2016-04-19,False,2016-04-22,,,2016-04-22,2016-04-22,2016-04-22,2016-04-25,estimated_three_federal_business_days_friday_floor,https://www.cftc.gov/MarketReports/CommitmentsofTraders/ReleaseSchedule/index.htm,True,estimated,15:30 America/New_York,3
disaggregated_futures_only,2016-04-26,False,2016-04-29,,,2016-04-29,2016-04-29,2016-04-29,2016-05-02,estimated_three_federal_business_days_friday_floor,https://www.cftc.gov/MarketReports/CommitmentsofTraders/ReleaseSchedule/index.htm,True,estimated,15:30 America/New_York,3
legacy_futures_only,2016-04-26,False,2016-04-29,,,2016-04-29,2016-04-29,2016-04-29,2016-05-02,estimated_three_federal_business_days_friday_floor,https://www.cftc.gov/MarketReports/CommitmentsofTraders/ReleaseSchedule/index.htm,True,estimated,15:30 America/New_York,3
disaggregated_futures_only,2016-05-03,False,2016-05-06,,,2016-05-06,2016-05-06,2016-05-06,2016-05-09,estimated_three_federal_business_days_friday_floor,https://www.cftc.gov/MarketReports/CommitmentsofTraders/ReleaseSchedule/index.htm,True,estimated,15:30 America/New_York,3
legacy_futures_only,2016-05-03,False,2016-05-06,,,2016-05-06,2016-05-06,2016-05-06,2016-05-09,estimated_three_federal_business_days_friday_floor,https://www.cftc.gov/MarketReports/CommitmentsofTraders/ReleaseSchedule/index.htm,True,estimated,15:30 America/New_York,3
disaggregated_futures_only,2016-05-10,False,2016-05-13,,,2016-05-13,2016-05-13,2016-05-13,2016-05-16,estimated_three_federal_business_days_friday_floor,https://www.cftc.gov/MarketReports/CommitmentsofTraders/ReleaseSchedule/index.htm,True,estimated,15:30 America/New_York,3
legacy_futures_only,2016-05-10,False,2016-05-13,,,2016-05-13,2016-05-13,2016-05-13,2016-05-16,estimated_three_federal_business_days_friday_floor,https://www.cftc.gov/MarketReports/CommitmentsofTraders/ReleaseSchedule/index.htm,True,estimated,15:30 America/New_York,3
disaggregated_futures_only,2016-05-17,False,2016-05-20,,,2016-05-20,2016-05-20,2016-05-20,2016-05-23,estimated_three_federal_business_days_friday_floor,https://www.cftc.gov/MarketReports/CommitmentsofTraders/ReleaseSchedule/index.htm,True,estimated,15:30 America/New_York,3
legacy_futures_only,2016-05-17,False,2016-05-20,,,2016-05-20,2016-05-20,2016-05-20,2016-05-23,estimated_three_federal_business_days_friday_floor,https://www.cftc.gov/MarketReports/CommitmentsofTraders/ReleaseSchedule/index.htm,True,estimated,15:30 America/New_York,3
disaggregated_futures_only,2016-05-24,False,2016-05-27,,,2016-05-27,2016-05-27,2016-05-27,2016-05-31,estimated_three_federal_business_days_friday_floor,https://www.cftc.gov/MarketReports/CommitmentsofTraders/ReleaseSchedule/index.htm,True,estimated,15:30 America/New_York,3
legacy_futures_only,2016-05-24,False,2016-05-27,,,2016-05-27,2016-05-27,2016-05-27,2016-05-31,estimated_three_federal_business_days_friday_floor,https://www.cftc.gov/MarketReports/CommitmentsofTraders/ReleaseSchedule/index.htm,True,estimated,15:30 America/New_York,3
disaggregated_futures_only,2016-05-31,False,2016-06-03,,,2016-06-03,2016-06-03,2016-06-03,2016-06-06,estimated_three_federal_business_days_friday_floor,https://www.cftc.gov/MarketReports/CommitmentsofTraders/ReleaseSchedule/index.htm,True,estimated,15:30 America/New_York,3
legacy_futures_only,2016-05-31,False,2016-06-03,,,2016-06-03,2016-06-03,2016-06-03,2016-06-06,estimated_three_federal_business_days_friday_floor,https://www.cftc.gov/MarketReports/CommitmentsofTraders/ReleaseSchedule/index.htm,True,estimated,15:30 America/New_York,3
disaggregated_futures_only,2016-06-07,False,2016-06-10,,,2016-06-10,2016-06-10,2016-06-10,2016-06-13,estimated_three_federal_business_days_friday_floor,https://www.cftc.gov/MarketReports/CommitmentsofTraders/ReleaseSchedule/index.htm,True,estimated,15:30 America/New_York,3
legacy_futures_only,2016-06-07,False,2016-06-10,,,2016-06-10,2016-06-10,2016-06-10,2016-06-13,estimated_three_federal_business_days_friday_floor,https://www.cftc.gov/MarketReports/CommitmentsofTraders/ReleaseSchedule/index.htm,True,estimated,15:30 America/New_York,3
disaggregated_futures_only,2016-06-14,False,2016-06-17,,,2016-06-17,2016-06-17,2016-06-17,2016-06-20,estimated_three_federal_business_days_friday_floor,https://www.cftc.gov/MarketReports/CommitmentsofTraders/ReleaseSchedule/index.htm,True,estimated,15:30 America/New_York,3
legacy_futures_only,2016-06-14,False,2016-06-17,,,2016-06-17,2016-06-17,2016-06-17,2016-06-20,estimated_three_federal_business_days_friday_floor,https://www.cftc.gov/MarketReports/CommitmentsofTraders/ReleaseSchedule/index.htm,True,estimated,15:30 America/New_York,3
disaggregated_futures_only,2016-06-21,False,2016-06-24,,,2016-06-24,2016-06-24,2016-06-24,2016-06-27,estimated_three_federal_business_days_friday_floor,https://www.cftc.gov/MarketReports/CommitmentsofTraders/ReleaseSchedule/index.htm,True,estimated,15:30 America/New_York,3
legacy_futures_only,2016-06-21,False,2016-06-24,,,2016-06-24,2016-06-24,2016-06-24,2016-06-27,estimated_three_federal_business_days_friday_floor,https://www.cftc.gov/MarketReports/CommitmentsofTraders/ReleaseSchedule/index.htm,True,estimated,15:30 America/New_York,3
disaggregated_futures_only,2016-06-28,False,2016-07-01,,,2016-07-01,2016-07-01,2016-07-01,2016-07-05,estimated_three_federal_business_days_friday_floor,https://www.cftc.gov/MarketReports/CommitmentsofTraders/ReleaseSchedule/index.htm,True,estimated,15:30 America/New_York,3
legacy_futures_only,2016-06-28,False,2016-07-01,,,2016-07-01,2016-07-01,2016-07-01,2016-07-05,estimated_three_federal_business_days_friday_floor,https://www.cftc.gov/MarketReports/CommitmentsofTraders/ReleaseSchedule/index.htm,True,estimated,15:30 America/New_York,3
disaggregated_futures_only,2016-07-05,False,2016-07-08,,,2016-07-08,2016-07-08,2016-07-08,2016-07-11,estimated_three_federal_business_days_friday_floor,https://www.cftc.gov/MarketReports/CommitmentsofTraders/ReleaseSchedule/index.htm,True,estimated,15:30 America/New_York,3
legacy_futures_only,2016-07-05,False,2016-07-08,,,2016-07-08,2016-07-08,2016-07-08,2016-07-11,estimated_three_federal_business_days_friday_floor,https://www.cftc.gov/MarketReports/CommitmentsofTraders/ReleaseSchedule/index.htm,True,estimated,15:30 America/New_York,3
disaggregated_futures_only,2016-07-12,False,2016-07-15,,,2016-07-15,2016-07-15,2016-07-15,2016-07-18,estimated_three_federal_business_days_friday_floor,https://www.cftc.gov/MarketReports/CommitmentsofTraders/ReleaseSchedule/index.htm,True,estimated,15:30 America/New_York,3
legacy_futures_only,2016-07-12,False,2016-07-15,,,2016-07-15,2016-07-15,2016-07-15,2016-07-18,estimated_three_federal_business_days_friday_floor,https://www.cftc.gov/MarketReports/CommitmentsofTraders/ReleaseSchedule/index.htm,True,estimated,15:30 America/New_York,3
disaggregated_futures_only,2016-07-19,False,2016-07-22,,,2016-07-22,2016-07-22,2016-07-22,2016-07-25,estimated_three_federal_business_days_friday_floor,https://www.cftc.gov/MarketReports/CommitmentsofTraders/ReleaseSchedule/index.htm,True,estimated,15:30 America/New_York,3
legacy_futures_only,2016-07-19,False,2016-07-22,,,2016-07-22,2016-07-22,2016-07-22,2016-07-25,estimated_three_federal_business_days_friday_floor,https://www.cftc.gov/MarketReports/CommitmentsofTraders/ReleaseSchedule/index.htm,True,estimated,15:30 America/New_York,3
disaggregated_futures_only,2016-07-26,False,2016-07-29,,,2016-07-29,2016-07-29,2016-07-29,2016-08-01,estimated_three_federal_business_days_friday_floor,https://www.cftc.gov/MarketReports/CommitmentsofTraders/ReleaseSchedule/index.htm,True,estimated,15:30 America/New_York,3
legacy_futures_only,2016-07-26,False,2016-07-29,,,2016-07-29,2016-07-29,2016-07-29,2016-08-01,estimated_three_federal_business_days_friday_floor,https://www.cftc.gov/MarketReports/CommitmentsofTraders/ReleaseSchedule/index.htm,True,estimated,15:30 America/New_York,3
disaggregated_futures_only,2016-08-02,False,2016-08-05,,,2016-08-05,2016-08-05,2016-08-05,2016-08-08,estimated_three_federal_business_days_friday_floor,https://www.cftc.gov/MarketReports/CommitmentsofTraders/ReleaseSchedule/index.htm,True,estimated,15:30 America/New_York,3
legacy_futures_only,2016-08-02,False,2016-08-05,,,2016-08-05,2016-08-05,2016-08-05,2016-08-08,estimated_three_federal_business_days_friday_floor,https://www.cftc.gov/MarketReports/CommitmentsofTraders/ReleaseSchedule/index.htm,True,estimated,15:30 America/New_York,3
disaggregated_futures_only,2016-08-09,False,2016-08-12,,,2016-08-12,2016-08-12,2016-08-12,2016-08-15,estimated_three_federal_business_days_friday_floor,https://www.cftc.gov/MarketReports/CommitmentsofTraders/ReleaseSchedule/index.htm,True,estimated,15:30 America/New_York,3
legacy_futures_only,2016-08-09,False,2016-08-12,,,2016-08-12,2016-08-12,2016-08-12,2016-08-15,estimated_three_federal_business_days_friday_floor,https://www.cftc.gov/MarketReports/CommitmentsofTraders/ReleaseSchedule/index.htm,True,estimated,15:30 America/New_York,3
disaggregated_futures_only,2016-08-16,False,2016-08-19,,,2016-08-19,2016-08-19,2016-08-19,2016-08-22,estimated_three_federal_business_days_friday_floor,https://www.cftc.gov/MarketReports/CommitmentsofTraders/ReleaseSchedule/index.htm,True,estimated,15:30 America/New_York,3
legacy_futures_only,2016-08-16,False,2016-08-19,,,2016-08-19,2016-08-19,2016-08-19,2016-08-22,estimated_three_federal_business_days_friday_floor,https://www.cftc.gov/MarketReports/CommitmentsofTraders/ReleaseSchedule/index.htm,True,estimated,15:30 America/New_York,3
disaggregated_futures_only,2016-08-23,False,2016-08-26,,,2016-08-26,2016-08-26,2016-08-26,2016-08-29,estimated_three_federal_business_days_friday_floor,https://www.cftc.gov/MarketReports/CommitmentsofTraders/ReleaseSchedule/index.htm,True,estimated,15:30 America/New_York,3
legacy_futures_only,2016-08-23,False,2016-08-26,,,2016-08-26,2016-08-26,2016-08-26,2016-08-29,estimated_three_federal_business_days_friday_floor,https://www.cftc.gov/MarketReports/CommitmentsofTraders/ReleaseSchedule/index.htm,True,estimated,15:30 America/New_York,3
disaggregated_futures_only,2016-08-30,False,2016-09-02,,,2016-09-02,2016-09-02,2016-09-02,2016-09-06,estimated_three_federal_business_days_friday_floor,https://www.cftc.gov/MarketReports/CommitmentsofTraders/ReleaseSchedule/index.htm,True,estimated,15:30 America/New_York,3
legacy_futures_only,2016-08-30,False,2016-09-02,,,2016-09-02,2016-09-02,2016-09-02,2016-09-06,estimated_three_federal_business_days_friday_floor,https://www.cftc.gov/MarketReports/CommitmentsofTraders/ReleaseSchedule/index.htm,True,estimated,15:30 America/New_York,3
disaggregated_futures_only,2016-09-06,False,2016-09-09,,,2016-09-09,2016-09-09,2016-09-09,2016-09-12,estimated_three_federal_business_days_friday_floor,https://www.cftc.gov/MarketReports/CommitmentsofTraders/ReleaseSchedule/index.htm,True,estimated,15:30 America/New_York,3
legacy_futures_only,2016-09-06,False,2016-09-09,,,2016-09-09,2016-09-09,2016-09-09,2016-09-12,estimated_three_federal_business_days_friday_floor,https://www.cftc.gov/MarketReports/CommitmentsofTraders/ReleaseSchedule/index.htm,True,estimated,15:30 America/New_York,3
disaggregated_futures_only,2016-09-13,False,2016-09-16,,,2016-09-16,2016-09-16,2016-09-16,2016-09-19,estimated_three_federal_business_days_friday_floor,https://www.cftc.gov/MarketReports/CommitmentsofTraders/ReleaseSchedule/index.htm,True,estimated,15:30 America/New_York,3
legacy_futures_only,2016-09-13,False,2016-09-16,,,2016-09-16,2016-09-16,2016-09-16,2016-09-19,estimated_three_federal_business_days_friday_floor,https://www.cftc.gov/MarketReports/CommitmentsofTraders/ReleaseSchedule/index.htm,True,estimated,15:30 America/New_York,3
disaggregated_futures_only,2016-09-20,False,2016-09-23,,,2016-09-23,2016-09-23,2016-09-23,2016-09-26,estimated_three_federal_business_days_friday_floor,https://www.cftc.gov/MarketReports/CommitmentsofTraders/ReleaseSchedule/index.htm,True,estimated,15:30 America/New_York,3
legacy_futures_only,2016-09-20,False,2016-09-23,,,2016-09-23,2016-09-23,2016-09-23,2016-09-26,estimated_three_federal_business_days_friday_floor,https://www.cftc.gov/MarketReports/CommitmentsofTraders/ReleaseSchedule/index.htm,True,estimated,15:30 America/New_York,3
disaggregated_futures_only,2016-09-27,False,2016-09-30,,,2016-09-30,2016-09-30,2016-09-30,2016-10-03,estimated_three_federal_business_days_friday_floor,https://www.cftc.gov/MarketReports/CommitmentsofTraders/ReleaseSchedule/index.htm,True,estimated,15:30 America/New_York,3
legacy_futures_only,2016-09-27,False,2016-09-30,,,2016-09-30,2016-09-30,2016-09-30,2016-10-03,estimated_three_federal_business_days_friday_floor,https://www.cftc.gov/MarketReports/CommitmentsofTraders/ReleaseSchedule/index.htm,True,estimated,15:30 America/New_York,3
disaggregated_futures_only,2016-10-04,False,2016-10-07,,,2016-10-07,2016-10-07,2016-10-07,2016-10-11,estimated_three_federal_business_days_friday_floor,https://www.cftc.gov/MarketReports/CommitmentsofTraders/ReleaseSchedule/index.htm,True,estimated,15:30 America/New_York,3
legacy_futures_only,2016-10-04,False,2016-10-07,,,2016-10-07,2016-10-07,2016-10-07,2016-10-11,estimated_three_federal_business_days_friday_floor,https://www.cftc.gov/MarketReports/CommitmentsofTraders/ReleaseSchedule/index.htm,True,estimated,15:30 America/New_York,3
disaggregated_futures_only,2016-10-11,False,2016-10-14,,,2016-10-14,2016-10-14,2016-10-14,2016-10-17,estimated_three_federal_business_days_friday_floor,https://www.cftc.gov/MarketReports/CommitmentsofTraders/ReleaseSchedule/index.htm,True,estimated,15:30 America/New_York,3
legacy_futures_only,2016-10-11,False,2016-10-14,,,2016-10-14,2016-10-14,2016-10-14,2016-10-17,estimated_three_federal_business_days_friday_floor,https://www.cftc.gov/MarketReports/CommitmentsofTraders/ReleaseSchedule/index.htm,True,estimated,15:30 America/New_York,3
disaggregated_futures_only,2016-10-18,False,2016-10-21,,,2016-10-21,2016-10-21,2016-10-21,2016-10-24,estimated_three_federal_business_days_friday_floor,https://www.cftc.gov/MarketReports/CommitmentsofTraders/ReleaseSchedule/index.htm,True,estimated,15:30 America/New_York,3
legacy_futures_only,2016-10-18,False,2016-10-21,,,2016-10-21,2016-10-21,2016-10-21,2016-10-24,estimated_three_federal_business_days_friday_floor,https://www.cftc.gov/MarketReports/CommitmentsofTraders/ReleaseSchedule/index.htm,True,estimated,15:30 America/New_York,3
disaggregated_futures_only,2016-10-25,False,2016-10-28,,,2016-10-28,2016-10-28,2016-10-28,2016-10-31,estimated_three_federal_business_days_friday_floor,https://www.cftc.gov/MarketReports/CommitmentsofTraders/ReleaseSchedule/index.htm,True,estimated,15:30 America/New_York,3
legacy_futures_only,2016-10-25,False,2016-10-28,,,2016-10-28,2016-10-28,2016-10-28,2016-10-31,estimated_three_federal_business_days_friday_floor,https://www.cftc.gov/MarketReports/CommitmentsofTraders/ReleaseSchedule/index.htm,True,estimated,15:30 America/New_York,3
disaggregated_futures_only,2016-11-01,False,2016-11-04,,,2016-11-04,2016-11-04,2016-11-04,2016-11-07,estimated_three_federal_business_days_friday_floor,https://www.cftc.gov/MarketReports/CommitmentsofTraders/ReleaseSchedule/index.htm,True,estimated,15:30 America/New_York,3
legacy_futures_only,2016-11-01,False,2016-11-04,,,2016-11-04,2016-11-04,2016-11-04,2016-11-07,estimated_three_federal_business_days_friday_floor,https://www.cftc.gov/MarketReports/CommitmentsofTraders/ReleaseSchedule/index.htm,True,estimated,15:30 America/New_York,3
disaggregated_futures_only,2016-11-08,False,2016-11-14,,,2016-11-14,2016-11-14,2016-11-14,2016-11-15,estimated_three_federal_business_days_friday_floor,https://www.cftc.gov/MarketReports/CommitmentsofTraders/ReleaseSchedule/index.htm,True,estimated,15:30 America/New_York,6
legacy_futures_only,2016-11-08,False,2016-11-14,,,2016-11-14,2016-11-14,2016-11-14,2016-11-15,estimated_three_federal_business_days_friday_floor,https://www.cftc.gov/MarketReports/CommitmentsofTraders/ReleaseSchedule/index.htm,True,estimated,15:30 America/New_York,6
disaggregated_futures_only,2016-11-15,False,2016-11-18,,,2016-11-18,2016-11-18,2016-11-18,2016-11-21,estimated_three_federal_business_days_friday_floor,https://www.cftc.gov/MarketReports/CommitmentsofTraders/ReleaseSchedule/index.htm,True,estimated,15:30 America/New_York,3
legacy_futures_only,2016-11-15,False,2016-11-18,,,2016-11-18,2016-11-18,2016-11-18,2016-11-21,estimated_three_federal_business_days_friday_floor,https://www.cftc.gov/MarketReports/CommitmentsofTraders/ReleaseSchedule/index.htm,True,estimated,15:30 America/New_York,3
disaggregated_futures_only,2016-11-22,False,2016-11-28,,,2016-11-28,2016-11-28,2016-11-28,2016-11-29,estimated_three_federal_business_days_friday_floor,https://www.cftc.gov/MarketReports/CommitmentsofTraders/ReleaseSchedule/index.htm,True,estimated,15:30 America/New_York,6
legacy_futures_only,2016-11-22,False,2016-11-28,,,2016-11-28,2016-11-28,2016-11-28,2016-11-29,estimated_three_federal_business_days_friday_floor,https://www.cftc.gov/MarketReports/CommitmentsofTraders/ReleaseSchedule/index.htm,True,estimated,15:30 America/New_York,6
disaggregated_futures_only,2016-11-29,False,2016-12-02,,,2016-12-02,2016-12-02,2016-12-02,2016-12-05,estimated_three_federal_business_days_friday_floor,https://www.cftc.gov/MarketReports/CommitmentsofTraders/ReleaseSchedule/index.htm,True,estimated,15:30 America/New_York,3
legacy_futures_only,2016-11-29,False,2016-12-02,,,2016-12-02,2016-12-02,2016-12-02,2016-12-05,estimated_three_federal_business_days_friday_floor,https://www.cftc.gov/MarketReports/CommitmentsofTraders/ReleaseSchedule/index.htm,True,estimated,15:30 America/New_York,3
disaggregated_futures_only,2016-12-06,False,2016-12-09,,,2016-12-09,2016-12-09,2016-12-09,2016-12-12,estimated_three_federal_business_days_friday_floor,https://www.cftc.gov/MarketReports/CommitmentsofTraders/ReleaseSchedule/index.htm,True,estimated,15:30 America/New_York,3
legacy_futures_only,2016-12-06,False,2016-12-09,,,2016-12-09,2016-12-09,2016-12-09,2016-12-12,estimated_three_federal_business_days_friday_floor,https://www.cftc.gov/MarketReports/CommitmentsofTraders/ReleaseSchedule/index.htm,True,estimated,15:30 America/New_York,3
disaggregated_futures_only,2016-12-13,False,2016-12-16,,,2016-12-16,2016-12-16,2016-12-16,2016-12-19,estimated_three_federal_business_days_friday_floor,https://www.cftc.gov/MarketReports/CommitmentsofTraders/ReleaseSchedule/index.htm,True,estimated,15:30 America/New_York,3
legacy_futures_only,2016-12-13,False,2016-12-16,,,2016-12-16,2016-12-16,2016-12-16,2016-12-19,estimated_three_federal_business_days_friday_floor,https://www.cftc.gov/MarketReports/CommitmentsofTraders/ReleaseSchedule/index.htm,True,estimated,15:30 America/New_York,3
disaggregated_futures_only,2016-12-20,False,2016-12-23,,,2016-12-23,2016-12-23,2016-12-23,2016-12-27,estimated_three_federal_business_days_friday_floor,https://www.cftc.gov/MarketReports/CommitmentsofTraders/ReleaseSchedule/index.htm,True,estimated,15:30 America/New_York,3
legacy_futures_only,2016-12-20,False,2016-12-23,,,2016-12-23,2016-12-23,2016-12-23,2016-12-27,estimated_three_federal_business_days_friday_floor,https://www.cftc.gov/MarketReports/CommitmentsofTraders/ReleaseSchedule/index.htm,True,estimated,15:30 America/New_York,3
disaggregated_futures_only,2016-12-27,False,2016-12-30,,,2016-12-30,2016-12-30,2016-12-30,2017-01-03,estimated_three_federal_business_days_friday_floor,https://www.cftc.gov/MarketReports/CommitmentsofTraders/ReleaseSchedule/index.htm,True,estimated,15:30 America/New_York,3
legacy_futures_only,2016-12-27,False,2016-12-30,,,2016-12-30,2016-12-30,2016-12-30,2017-01-03,estimated_three_federal_business_days_friday_floor,https://www.cftc.gov/MarketReports/CommitmentsofTraders/ReleaseSchedule/index.htm,True,estimated,15:30 America/New_York,3
disaggregated_futures_only,2017-01-03,False,2017-01-06,,,2017-01-06,2017-01-06,2017-01-06,2017-01-09,estimated_three_federal_business_days_friday_floor,https://www.cftc.gov/MarketReports/CommitmentsofTraders/ReleaseSchedule/index.htm,True,estimated,15:30 America/New_York,3
legacy_futures_only,2017-01-03,False,2017-01-06,,,2017-01-06,2017-01-06,2017-01-06,2017-01-09,estimated_three_federal_business_days_friday_floor,https://www.cftc.gov/MarketReports/CommitmentsofTraders/ReleaseSchedule/index.htm,True,estimated,15:30 America/New_York,3
disaggregated_futures_only,2017-01-10,False,2017-01-13,,,2017-01-13,2017-01-13,2017-01-13,2017-01-17,estimated_three_federal_business_days_friday_floor,https://www.cftc.gov/MarketReports/CommitmentsofTraders/ReleaseSchedule/index.htm,True,estimated,15:30 America/New_York,3
legacy_futures_only,2017-01-10,False,2017-01-13,,,2017-01-13,2017-01-13,2017-01-13,2017-01-17,estimated_three_federal_business_days_friday_floor,https://www.cftc.gov/MarketReports/CommitmentsofTraders/ReleaseSchedule/index.htm,True,estimated,15:30 America/New_York,3
disaggregated_futures_only,2017-01-17,False,2017-01-20,,,2017-01-20,2017-01-20,2017-01-20,2017-01-23,estimated_three_federal_business_days_friday_floor,https://www.cftc.gov/MarketReports/CommitmentsofTraders/ReleaseSchedule/index.htm,True,estimated,15:30 America/New_York,3
legacy_futures_only,2017-01-17,False,2017-01-20,,,2017-01-20,2017-01-20,2017-01-20,2017-01-23,estimated_three_federal_business_days_friday_floor,https://www.cftc.gov/MarketReports/CommitmentsofTraders/ReleaseSchedule/index.htm,True,estimated,15:30 America/New_York,3
disaggregated_futures_only,2017-01-24,False,2017-01-27,,,2017-01-27,2017-01-27,2017-01-27,2017-01-30,estimated_three_federal_business_days_friday_floor,https://www.cftc.gov/MarketReports/CommitmentsofTraders/ReleaseSchedule/index.htm,True,estimated,15:30 America/New_York,3
legacy_futures_only,2017-01-24,False,2017-01-27,,,2017-01-27,2017-01-27,2017-01-27,2017-01-30,estimated_three_federal_business_days_friday_floor,https://www.cftc.gov/MarketReports/CommitmentsofTraders/ReleaseSchedule/index.htm,True,estimated,15:30 America/New_York,3
disaggregated_futures_only,2017-01-31,False,2017-02-03,,,2017-02-03,2017-02-03,2017-02-03,2017-02-06,estimated_three_federal_business_days_friday_floor,https://www.cftc.gov/MarketReports/CommitmentsofTraders/ReleaseSchedule/index.htm,True,estimated,15:30 America/New_York,3
legacy_futures_only,2017-01-31,False,2017-02-03,,,2017-02-03,2017-02-03,2017-02-03,2017-02-06,estimated_three_federal_business_days_friday_floor,https://www.cftc.gov/MarketReports/CommitmentsofTraders/ReleaseSchedule/index.htm,True,estimated,15:30 America/New_York,3
disaggregated_futures_only,2017-02-07,False,2017-02-10,,,2017-02-10,2017-02-10,2017-02-10,2017-02-13,estimated_three_federal_business_days_friday_floor,https://www.cftc.gov/MarketReports/CommitmentsofTraders/ReleaseSchedule/index.htm,True,estimated,15:30 America/New_York,3
legacy_futures_only,2017-02-07,False,2017-02-10,,,2017-02-10,2017-02-10,2017-02-10,2017-02-13,estimated_three_federal_business_days_friday_floor,https://www.cftc.gov/MarketReports/CommitmentsofTraders/ReleaseSchedule/index.htm,True,estimated,15:30 America/New_York,3
disaggregated_futures_only,2017-02-14,False,2017-02-17,,,2017-02-17,2017-02-17,2017-02-17,2017-02-21,estimated_three_federal_business_days_friday_floor,https://www.cftc.gov/MarketReports/CommitmentsofTraders/ReleaseSchedule/index.htm,True,estimated,15:30 America/New_York,3
legacy_futures_only,2017-02-14,False,2017-02-17,,,2017-02-17,2017-02-17,2017-02-17,2017-02-21,estimated_three_federal_business_days_friday_floor,https://www.cftc.gov/MarketReports/CommitmentsofTraders/ReleaseSchedule/index.htm,True,estimated,15:30 America/New_York,3
disaggregated_futures_only,2017-02-21,False,2017-02-24,,,2017-02-24,2017-02-24,2017-02-24,2017-02-27,estimated_three_federal_business_days_friday_floor,https://www.cftc.gov/MarketReports/CommitmentsofTraders/ReleaseSchedule/index.htm,True,estimated,15:30 America/New_York,3
legacy_futures_only,2017-02-21,False,2017-02-24,,,2017-02-24,2017-02-24,2017-02-24,2017-02-27,estimated_three_federal_business_days_friday_floor,https://www.cftc.gov/MarketReports/CommitmentsofTraders/ReleaseSchedule/index.htm,True,estimated,15:30 America/New_York,3
disaggregated_futures_only,2017-02-28,False,2017-03-03,,,2017-03-03,2017-03-03,2017-03-03,2017-03-06,estimated_three_federal_business_days_friday_floor,https://www.cftc.gov/MarketReports/CommitmentsofTraders/ReleaseSchedule/index.htm,True,estimated,15:30 America/New_York,3
legacy_futures_only,2017-02-28,False,2017-03-03,,,2017-03-03,2017-03-03,2017-03-03,2017-03-06,estimated_three_federal_business_days_friday_floor,https://www.cftc.gov/MarketReports/CommitmentsofTraders/ReleaseSchedule/index.htm,True,estimated,15:30 America/New_York,3
disaggregated_futures_only,2017-03-07,False,2017-03-10,,,2017-03-10,2017-03-10,2017-03-10,2017-03-13,estimated_three_federal_business_days_friday_floor,https://www.cftc.gov/MarketReports/CommitmentsofTraders/ReleaseSchedule/index.htm,True,estimated,15:30 America/New_York,3
legacy_futures_only,2017-03-07,False,2017-03-10,,,2017-03-10,2017-03-10,2017-03-10,2017-03-13,estimated_three_federal_business_days_friday_floor,https://www.cftc.gov/MarketReports/CommitmentsofTraders/ReleaseSchedule/index.htm,True,estimated,15:30 America/New_York,3
disaggregated_futures_only,2017-03-14,False,2017-03-17,,,2017-03-17,2017-03-17,2017-03-17,2017-03-20,estimated_three_federal_business_days_friday_floor,https://www.cftc.gov/MarketReports/CommitmentsofTraders/ReleaseSchedule/index.htm,True,estimated,15:30 America/New_York,3
legacy_futures_only,2017-03-14,False,2017-03-17,,,2017-03-17,2017-03-17,2017-03-17,2017-03-20,estimated_three_federal_business_days_friday_floor,https://www.cftc.gov/MarketReports/CommitmentsofTraders/ReleaseSchedule/index.htm,True,estimated,15:30 America/New_York,3
disaggregated_futures_only,2017-03-21,False,2017-03-24,,,2017-03-24,2017-03-24,2017-03-24,2017-03-27,estimated_three_federal_business_days_friday_floor,https://www.cftc.gov/MarketReports/CommitmentsofTraders/ReleaseSchedule/index.htm,True,estimated,15:30 America/New_York,3
legacy_futures_only,2017-03-21,False,2017-03-24,,,2017-03-24,2017-03-24,2017-03-24,2017-03-27,estimated_three_federal_business_days_friday_floor,https://www.cftc.gov/MarketReports/CommitmentsofTraders/ReleaseSchedule/index.htm,True,estimated,15:30 America/New_York,3
disaggregated_futures_only,2017-03-28,False,2017-03-31,,,2017-03-31,2017-03-31,2017-03-31,2017-04-03,estimated_three_federal_business_days_friday_floor,https://www.cftc.gov/MarketReports/CommitmentsofTraders/ReleaseSchedule/index.htm,True,estimated,15:30 America/New_York,3
legacy_futures_only,2017-03-28,False,2017-03-31,,,2017-03-31,2017-03-31,2017-03-31,2017-04-03,estimated_three_federal_business_days_friday_floor,https://www.cftc.gov/MarketReports/CommitmentsofTraders/ReleaseSchedule/index.htm,True,estimated,15:30 America/New_York,3
disaggregated_futures_only,2017-04-04,False,2017-04-07,,,2017-04-07,2017-04-07,2017-04-07,2017-04-10,estimated_three_federal_business_days_friday_floor,https://www.cftc.gov/MarketReports/CommitmentsofTraders/ReleaseSchedule/index.htm,True,estimated,15:30 America/New_York,3
legacy_futures_only,2017-04-04,False,2017-04-07,,,2017-04-07,2017-04-07,2017-04-07,2017-04-10,estimated_three_federal_business_days_friday_floor,https://www.cftc.gov/MarketReports/CommitmentsofTraders/ReleaseSchedule/index.htm,True,estimated,15:30 America/New_York,3
disaggregated_futures_only,2017-04-11,False,2017-04-14,,,2017-04-14,2017-04-14,2017-04-14,2017-04-17,estimated_three_federal_business_days_friday_floor,https://www.cftc.gov/MarketReports/CommitmentsofTraders/ReleaseSchedule/index.htm,True,estimated,15:30 America/New_York,3
legacy_futures_only,2017-04-11,False,2017-04-14,,,2017-04-14,2017-04-14,2017-04-14,2017-04-17,estimated_three_federal_business_days_friday_floor,https://www.cftc.gov/MarketReports/CommitmentsofTraders/ReleaseSchedule/index.htm,True,estimated,15:30 America/New_York,3
disaggregated_futures_only,2017-04-18,False,2017-04-21,,,2017-04-21,2017-04-21,2017-04-21,2017-04-24,estimated_three_federal_business_days_friday_floor,https://www.cftc.gov/MarketReports/CommitmentsofTraders/ReleaseSchedule/index.htm,True,estimated,15:30 America/New_York,3
legacy_futures_only,2017-04-18,False,2017-04-21,,,2017-04-21,2017-04-21,2017-04-21,2017-04-24,estimated_three_federal_business_days_friday_floor,https://www.cftc.gov/MarketReports/CommitmentsofTraders/ReleaseSchedule/index.htm,True,estimated,15:30 America/New_York,3
disaggregated_futures_only,2017-04-25,False,2017-04-28,,,2017-04-28,2017-04-28,2017-04-28,2017-05-01,estimated_three_federal_business_days_friday_floor,https://www.cftc.gov/MarketReports/CommitmentsofTraders/ReleaseSchedule/index.htm,True,estimated,15:30 America/New_York,3
legacy_futures_only,2017-04-25,False,2017-04-28,,,2017-04-28,2017-04-28,2017-04-28,2017-05-01,estimated_three_federal_business_days_friday_floor,https://www.cftc.gov/MarketReports/CommitmentsofTraders/ReleaseSchedule/index.htm,True,estimated,15:30 America/New_York,3
disaggregated_futures_only,2017-05-02,False,2017-05-05,,,2017-05-05,2017-05-05,2017-05-05,2017-05-08,estimated_three_federal_business_days_friday_floor,https://www.cftc.gov/MarketReports/CommitmentsofTraders/ReleaseSchedule/index.htm,True,estimated,15:30 America/New_York,3
legacy_futures_only,2017-05-02,False,2017-05-05,,,2017-05-05,2017-05-05,2017-05-05,2017-05-08,estimated_three_federal_business_days_friday_floor,https://www.cftc.gov/MarketReports/CommitmentsofTraders/ReleaseSchedule/index.htm,True,estimated,15:30 America/New_York,3
disaggregated_futures_only,2017-05-09,False,2017-05-12,,,2017-05-12,2017-05-12,2017-05-12,2017-05-15,estimated_three_federal_business_days_friday_floor,https://www.cftc.gov/MarketReports/CommitmentsofTraders/ReleaseSchedule/index.htm,True,estimated,15:30 America/New_York,3
legacy_futures_only,2017-05-09,False,2017-05-12,,,2017-05-12,2017-05-12,2017-05-12,2017-05-15,estimated_three_federal_business_days_friday_floor,https://www.cftc.gov/MarketReports/CommitmentsofTraders/ReleaseSchedule/index.htm,True,estimated,15:30 America/New_York,3
disaggregated_futures_only,2017-05-16,False,2017-05-19,,,2017-05-19,2017-05-19,2017-05-19,2017-05-22,estimated_three_federal_business_days_friday_floor,https://www.cftc.gov/MarketReports/CommitmentsofTraders/ReleaseSchedule/index.htm,True,estimated,15:30 America/New_York,3
legacy_futures_only,2017-05-16,False,2017-05-19,,,2017-05-19,2017-05-19,2017-05-19,2017-05-22,estimated_three_federal_business_days_friday_floor,https://www.cftc.gov/MarketReports/CommitmentsofTraders/ReleaseSchedule/index.htm,True,estimated,15:30 America/New_York,3
disaggregated_futures_only,2017-05-23,False,2017-05-26,,,2017-05-26,2017-05-26,2017-05-26,2017-05-30,estimated_three_federal_business_days_friday_floor,https://www.cftc.gov/MarketReports/CommitmentsofTraders/ReleaseSchedule/index.htm,True,estimated,15:30 America/New_York,3
legacy_futures_only,2017-05-23,False,2017-05-26,,,2017-05-26,2017-05-26,2017-05-26,2017-05-30,estimated_three_federal_business_days_friday_floor,https://www.cftc.gov/MarketReports/CommitmentsofTraders/ReleaseSchedule/index.htm,True,estimated,15:30 America/New_York,3
disaggregated_futures_only,2017-05-30,False,2017-06-02,,,2017-06-02,2017-06-02,2017-06-02,2017-06-05,estimated_three_federal_business_days_friday_floor,https://www.cftc.gov/MarketReports/CommitmentsofTraders/ReleaseSchedule/index.htm,True,estimated,15:30 America/New_York,3
legacy_futures_only,2017-05-30,False,2017-06-02,,,2017-06-02,2017-06-02,2017-06-02,2017-06-05,estimated_three_federal_business_days_friday_floor,https://www.cftc.gov/MarketReports/CommitmentsofTraders/ReleaseSchedule/index.htm,True,estimated,15:30 America/New_York,3
disaggregated_futures_only,2017-06-06,False,2017-06-09,,,2017-06-09,2017-06-09,2017-06-09,2017-06-12,estimated_three_federal_business_days_friday_floor,https://www.cftc.gov/MarketReports/CommitmentsofTraders/ReleaseSchedule/index.htm,True,estimated,15:30 America/New_York,3
legacy_futures_only,2017-06-06,False,2017-06-09,,,2017-06-09,2017-06-09,2017-06-09,2017-06-12,estimated_three_federal_business_days_friday_floor,https://www.cftc.gov/MarketReports/CommitmentsofTraders/ReleaseSchedule/index.htm,True,estimated,15:30 America/New_York,3
disaggregated_futures_only,2017-06-13,False,2017-06-16,,,2017-06-16,2017-06-16,2017-06-16,2017-06-19,estimated_three_federal_business_days_friday_floor,https://www.cftc.gov/MarketReports/CommitmentsofTraders/ReleaseSchedule/index.htm,True,estimated,15:30 America/New_York,3
legacy_futures_only,2017-06-13,False,2017-06-16,,,2017-06-16,2017-06-16,2017-06-16,2017-06-19,estimated_three_federal_business_days_friday_floor,https://www.cftc.gov/MarketReports/CommitmentsofTraders/ReleaseSchedule/index.htm,True,estimated,15:30 America/New_York,3
disaggregated_futures_only,2017-06-20,False,2017-06-23,,,2017-06-23,2017-06-23,2017-06-23,2017-06-26,estimated_three_federal_business_days_friday_floor,https://www.cftc.gov/MarketReports/CommitmentsofTraders/ReleaseSchedule/index.htm,True,estimated,15:30 America/New_York,3
legacy_futures_only,2017-06-20,False,2017-06-23,,,2017-06-23,2017-06-23,2017-06-23,2017-06-26,estimated_three_federal_business_days_friday_floor,https://www.cftc.gov/MarketReports/CommitmentsofTraders/ReleaseSchedule/index.htm,True,estimated,15:30 America/New_York,3
disaggregated_futures_only,2017-06-27,False,2017-06-30,,,2017-06-30,2017-06-30,2017-06-30,2017-07-03,estimated_three_federal_business_days_friday_floor,https://www.cftc.gov/MarketReports/CommitmentsofTraders/ReleaseSchedule/index.htm,True,estimated,15:30 America/New_York,3
legacy_futures_only,2017-06-27,False,2017-06-30,,,2017-06-30,2017-06-30,2017-06-30,2017-07-03,estimated_three_federal_business_days_friday_floor,https://www.cftc.gov/MarketReports/CommitmentsofTraders/ReleaseSchedule/index.htm,True,estimated,15:30 America/New_York,3
disaggregated_futures_only,2017-07-03,False,2017-07-07,,,2017-07-07,2017-07-07,2017-07-07,2017-07-10,estimated_three_federal_business_days_friday_floor,https://www.cftc.gov/MarketReports/CommitmentsofTraders/ReleaseSchedule/index.htm,True,estimated,15:30 America/New_York,4
legacy_futures_only,2017-07-03,False,2017-07-07,,,2017-07-07,2017-07-07,2017-07-07,2017-07-10,estimated_three_federal_business_days_friday_floor,https://www.cftc.gov/MarketReports/CommitmentsofTraders/ReleaseSchedule/index.htm,True,estimated,15:30 America/New_York,4
disaggregated_futures_only,2017-07-11,False,2017-07-14,,,2017-07-14,2017-07-14,2017-07-14,2017-07-17,estimated_three_federal_business_days_friday_floor,https://www.cftc.gov/MarketReports/CommitmentsofTraders/ReleaseSchedule/index.htm,True,estimated,15:30 America/New_York,3
legacy_futures_only,2017-07-11,False,2017-07-14,,,2017-07-14,2017-07-14,2017-07-14,2017-07-17,estimated_three_federal_business_days_friday_floor,https://www.cftc.gov/MarketReports/CommitmentsofTraders/ReleaseSchedule/index.htm,True,estimated,15:30 America/New_York,3
disaggregated_futures_only,2017-07-18,False,2017-07-21,,,2017-07-21,2017-07-21,2017-07-21,2017-07-24,estimated_three_federal_business_days_friday_floor,https://www.cftc.gov/MarketReports/CommitmentsofTraders/ReleaseSchedule/index.htm,True,estimated,15:30 America/New_York,3
legacy_futures_only,2017-07-18,False,2017-07-21,,,2017-07-21,2017-07-21,2017-07-21,2017-07-24,estimated_three_federal_business_days_friday_floor,https://www.cftc.gov/MarketReports/CommitmentsofTraders/ReleaseSchedule/index.htm,True,estimated,15:30 America/New_York,3
disaggregated_futures_only,2017-07-25,False,2017-07-28,,,2017-07-28,2017-07-28,2017-07-28,2017-07-31,estimated_three_federal_business_days_friday_floor,https://www.cftc.gov/MarketReports/CommitmentsofTraders/ReleaseSchedule/index.htm,True,estimated,15:30 America/New_York,3
legacy_futures_only,2017-07-25,False,2017-07-28,,,2017-07-28,2017-07-28,2017-07-28,2017-07-31,estimated_three_federal_business_days_friday_floor,https://www.cftc.gov/MarketReports/CommitmentsofTraders/ReleaseSchedule/index.htm,True,estimated,15:30 America/New_York,3
disaggregated_futures_only,2017-08-01,False,2017-08-04,,,2017-08-04,2017-08-04,2017-08-04,2017-08-07,estimated_three_federal_business_days_friday_floor,https://www.cftc.gov/MarketReports/CommitmentsofTraders/ReleaseSchedule/index.htm,True,estimated,15:30 America/New_York,3
legacy_futures_only,2017-08-01,False,2017-08-04,,,2017-08-04,2017-08-04,2017-08-04,2017-08-07,estimated_three_federal_business_days_friday_floor,https://www.cftc.gov/MarketReports/CommitmentsofTraders/ReleaseSchedule/index.htm,True,estimated,15:30 America/New_York,3
disaggregated_futures_only,2017-08-08,False,2017-08-11,,,2017-08-11,2017-08-11,2017-08-11,2017-08-14,estimated_three_federal_business_days_friday_floor,https://www.cftc.gov/MarketReports/CommitmentsofTraders/ReleaseSchedule/index.htm,True,estimated,15:30 America/New_York,3
legacy_futures_only,2017-08-08,False,2017-08-11,,,2017-08-11,2017-08-11,2017-08-11,2017-08-14,estimated_three_federal_business_days_friday_floor,https://www.cftc.gov/MarketReports/CommitmentsofTraders/ReleaseSchedule/index.htm,True,estimated,15:30 America/New_York,3
disaggregated_futures_only,2017-08-15,False,2017-08-18,,,2017-08-18,2017-08-18,2017-08-18,2017-08-21,estimated_three_federal_business_days_friday_floor,https://www.cftc.gov/MarketReports/CommitmentsofTraders/ReleaseSchedule/index.htm,True,estimated,15:30 America/New_York,3
legacy_futures_only,2017-08-15,False,2017-08-18,,,2017-08-18,2017-08-18,2017-08-18,2017-08-21,estimated_three_federal_business_days_friday_floor,https://www.cftc.gov/MarketReports/CommitmentsofTraders/ReleaseSchedule/index.htm,True,estimated,15:30 America/New_York,3
disaggregated_futures_only,2017-08-22,False,2017-08-25,,,2017-08-25,2017-08-25,2017-08-25,2017-08-28,estimated_three_federal_business_days_friday_floor,https://www.cftc.gov/MarketReports/CommitmentsofTraders/ReleaseSchedule/index.htm,True,estimated,15:30 America/New_York,3
legacy_futures_only,2017-08-22,False,2017-08-25,,,2017-08-25,2017-08-25,2017-08-25,2017-08-28,estimated_three_federal_business_days_friday_floor,https://www.cftc.gov/MarketReports/CommitmentsofTraders/ReleaseSchedule/index.htm,True,estimated,15:30 America/New_York,3
disaggregated_futures_only,2017-08-29,False,2017-09-01,,,2017-09-01,2017-09-01,2017-09-01,2017-09-05,estimated_three_federal_business_days_friday_floor,https://www.cftc.gov/MarketReports/CommitmentsofTraders/ReleaseSchedule/index.htm,True,estimated,15:30 America/New_York,3
legacy_futures_only,2017-08-29,False,2017-09-01,,,2017-09-01,2017-09-01,2017-09-01,2017-09-05,estimated_three_federal_business_days_friday_floor,https://www.cftc.gov/MarketReports/CommitmentsofTraders/ReleaseSchedule/index.htm,True,estimated,15:30 America/New_York,3
disaggregated_futures_only,2017-09-05,False,2017-09-08,,,2017-09-08,2017-09-08,2017-09-08,2017-09-11,estimated_three_federal_business_days_friday_floor,https://www.cftc.gov/MarketReports/CommitmentsofTraders/ReleaseSchedule/index.htm,True,estimated,15:30 America/New_York,3
legacy_futures_only,2017-09-05,False,2017-09-08,,,2017-09-08,2017-09-08,2017-09-08,2017-09-11,estimated_three_federal_business_days_friday_floor,https://www.cftc.gov/MarketReports/CommitmentsofTraders/ReleaseSchedule/index.htm,True,estimated,15:30 America/New_York,3
disaggregated_futures_only,2017-09-12,False,2017-09-15,,,2017-09-15,2017-09-15,2017-09-15,2017-09-18,estimated_three_federal_business_days_friday_floor,https://www.cftc.gov/MarketReports/CommitmentsofTraders/ReleaseSchedule/index.htm,True,estimated,15:30 America/New_York,3
legacy_futures_only,2017-09-12,False,2017-09-15,,,2017-09-15,2017-09-15,2017-09-15,2017-09-18,estimated_three_federal_business_days_friday_floor,https://www.cftc.gov/MarketReports/CommitmentsofTraders/ReleaseSchedule/index.htm,True,estimated,15:30 America/New_York,3
disaggregated_futures_only,2017-09-19,False,2017-09-22,,,2017-09-22,2017-09-22,2017-09-22,2017-09-25,estimated_three_federal_business_days_friday_floor,https://www.cftc.gov/MarketReports/CommitmentsofTraders/ReleaseSchedule/index.htm,True,estimated,15:30 America/New_York,3
legacy_futures_only,2017-09-19,False,2017-09-22,,,2017-09-22,2017-09-22,2017-09-22,2017-09-25,estimated_three_federal_business_days_friday_floor,https://www.cftc.gov/MarketReports/CommitmentsofTraders/ReleaseSchedule/index.htm,True,estimated,15:30 America/New_York,3
disaggregated_futures_only,2017-09-26,False,2017-09-29,,,2017-09-29,2017-09-29,2017-09-29,2017-10-02,estimated_three_federal_business_days_friday_floor,https://www.cftc.gov/MarketReports/CommitmentsofTraders/ReleaseSchedule/index.htm,True,estimated,15:30 America/New_York,3
legacy_futures_only,2017-09-26,False,2017-09-29,,,2017-09-29,2017-09-29,2017-09-29,2017-10-02,estimated_three_federal_business_days_friday_floor,https://www.cftc.gov/MarketReports/CommitmentsofTraders/ReleaseSchedule/index.htm,True,estimated,15:30 America/New_York,3
disaggregated_futures_only,2017-10-03,False,2017-10-06,,,2017-10-06,2017-10-06,2017-10-06,2017-10-09,estimated_three_federal_business_days_friday_floor,https://www.cftc.gov/MarketReports/CommitmentsofTraders/ReleaseSchedule/index.htm,True,estimated,15:30 America/New_York,3
legacy_futures_only,2017-10-03,False,2017-10-06,,,2017-10-06,2017-10-06,2017-10-06,2017-10-09,estimated_three_federal_business_days_friday_floor,https://www.cftc.gov/MarketReports/CommitmentsofTraders/ReleaseSchedule/index.htm,True,estimated,15:30 America/New_York,3
disaggregated_futures_only,2017-10-10,False,2017-10-13,,,2017-10-13,2017-10-13,2017-10-13,2017-10-16,estimated_three_federal_business_days_friday_floor,https://www.cftc.gov/MarketReports/CommitmentsofTraders/ReleaseSchedule/index.htm,True,estimated,15:30 America/New_York,3
legacy_futures_only,2017-10-10,False,2017-10-13,,,2017-10-13,2017-10-13,2017-10-13,2017-10-16,estimated_three_federal_business_days_friday_floor,https://www.cftc.gov/MarketReports/CommitmentsofTraders/ReleaseSchedule/index.htm,True,estimated,15:30 America/New_York,3
disaggregated_futures_only,2017-10-17,False,2017-10-20,,,2017-10-20,2017-10-20,2017-10-20,2017-10-23,estimated_three_federal_business_days_friday_floor,https://www.cftc.gov/MarketReports/CommitmentsofTraders/ReleaseSchedule/index.htm,True,estimated,15:30 America/New_York,3
legacy_futures_only,2017-10-17,False,2017-10-20,,,2017-10-20,2017-10-20,2017-10-20,2017-10-23,estimated_three_federal_business_days_friday_floor,https://www.cftc.gov/MarketReports/CommitmentsofTraders/ReleaseSchedule/index.htm,True,estimated,15:30 America/New_York,3
disaggregated_futures_only,2017-10-24,False,2017-10-27,,,2017-10-27,2017-10-27,2017-10-27,2017-10-30,estimated_three_federal_business_days_friday_floor,https://www.cftc.gov/MarketReports/CommitmentsofTraders/ReleaseSchedule/index.htm,True,estimated,15:30 America/New_York,3
legacy_futures_only,2017-10-24,False,2017-10-27,,,2017-10-27,2017-10-27,2017-10-27,2017-10-30,estimated_three_federal_business_days_friday_floor,https://www.cftc.gov/MarketReports/CommitmentsofTraders/ReleaseSchedule/index.htm,True,estimated,15:30 America/New_York,3
disaggregated_futures_only,2017-10-31,False,2017-11-03,,,2017-11-03,2017-11-03,2017-11-03,2017-11-06,estimated_three_federal_business_days_friday_floor,https://www.cftc.gov/MarketReports/CommitmentsofTraders/ReleaseSchedule/index.htm,True,estimated,15:30 America/New_York,3
legacy_futures_only,2017-10-31,False,2017-11-03,,,2017-11-03,2017-11-03,2017-11-03,2017-11-06,estimated_three_federal_business_days_friday_floor,https://www.cftc.gov/MarketReports/CommitmentsofTraders/ReleaseSchedule/index.htm,True,estimated,15:30 America/New_York,3
disaggregated_futures_only,2017-11-07,False,2017-11-13,,,2017-11-13,2017-11-13,2017-11-13,2017-11-14,estimated_three_federal_business_days_friday_floor,https://www.cftc.gov/MarketReports/CommitmentsofTraders/ReleaseSchedule/index.htm,True,estimated,15:30 America/New_York,6
legacy_futures_only,2017-11-07,False,2017-11-13,,,2017-11-13,2017-11-13,2017-11-13,2017-11-14,estimated_three_federal_business_days_friday_floor,https://www.cftc.gov/MarketReports/CommitmentsofTraders/ReleaseSchedule/index.htm,True,estimated,15:30 America/New_York,6
disaggregated_futures_only,2017-11-14,False,2017-11-17,,,2017-11-17,2017-11-17,2017-11-17,2017-11-20,estimated_three_federal_business_days_friday_floor,https://www.cftc.gov/MarketReports/CommitmentsofTraders/ReleaseSchedule/index.htm,True,estimated,15:30 America/New_York,3
legacy_futures_only,2017-11-14,False,2017-11-17,,,2017-11-17,2017-11-17,2017-11-17,2017-11-20,estimated_three_federal_business_days_friday_floor,https://www.cftc.gov/MarketReports/CommitmentsofTraders/ReleaseSchedule/index.htm,True,estimated,15:30 America/New_York,3
disaggregated_futures_only,2017-11-21,False,2017-11-27,,,2017-11-27,2017-11-27,2017-11-27,2017-11-28,estimated_three_federal_business_days_friday_floor,https://www.cftc.gov/MarketReports/CommitmentsofTraders/ReleaseSchedule/index.htm,True,estimated,15:30 America/New_York,6
legacy_futures_only,2017-11-21,False,2017-11-27,,,2017-11-27,2017-11-27,2017-11-27,2017-11-28,estimated_three_federal_business_days_friday_floor,https://www.cftc.gov/MarketReports/CommitmentsofTraders/ReleaseSchedule/index.htm,True,estimated,15:30 America/New_York,6
disaggregated_futures_only,2017-11-28,False,2017-12-01,,,2017-12-01,2017-12-01,2017-12-01,2017-12-04,estimated_three_federal_business_days_friday_floor,https://www.cftc.gov/MarketReports/CommitmentsofTraders/ReleaseSchedule/index.htm,True,estimated,15:30 America/New_York,3
legacy_futures_only,2017-11-28,False,2017-12-01,,,2017-12-01,2017-12-01,2017-12-01,2017-12-04,estimated_three_federal_business_days_friday_floor,https://www.cftc.gov/MarketReports/CommitmentsofTraders/ReleaseSchedule/index.htm,True,estimated,15:30 America/New_York,3
disaggregated_futures_only,2017-12-05,False,2017-12-08,,,2017-12-08,2017-12-08,2017-12-08,2017-12-11,estimated_three_federal_business_days_friday_floor,https://www.cftc.gov/MarketReports/CommitmentsofTraders/ReleaseSchedule/index.htm,True,estimated,15:30 America/New_York,3
legacy_futures_only,2017-12-05,False,2017-12-08,,,2017-12-08,2017-12-08,2017-12-08,2017-12-11,estimated_three_federal_business_days_friday_floor,https://www.cftc.gov/MarketReports/CommitmentsofTraders/ReleaseSchedule/index.htm,True,estimated,15:30 America/New_York,3
disaggregated_futures_only,2017-12-12,False,2017-12-15,,,2017-12-15,2017-12-15,2017-12-15,2017-12-18,estimated_three_federal_business_days_friday_floor,https://www.cftc.gov/MarketReports/CommitmentsofTraders/ReleaseSchedule/index.htm,True,estimated,15:30 America/New_York,3
legacy_futures_only,2017-12-12,False,2017-12-15,,,2017-12-15,2017-12-15,2017-12-15,2017-12-18,estimated_three_federal_business_days_friday_floor,https://www.cftc.gov/MarketReports/CommitmentsofTraders/ReleaseSchedule/index.htm,True,estimated,15:30 America/New_York,3
disaggregated_futures_only,2017-12-19,False,2017-12-22,,,2017-12-22,2017-12-22,2017-12-22,2017-12-26,estimated_three_federal_business_days_friday_floor,https://www.cftc.gov/MarketReports/CommitmentsofTraders/ReleaseSchedule/index.htm,True,estimated,15:30 America/New_York,3
legacy_futures_only,2017-12-19,False,2017-12-22,,,2017-12-22,2017-12-22,2017-12-22,2017-12-26,estimated_three_federal_business_days_friday_floor,https://www.cftc.gov/MarketReports/CommitmentsofTraders/ReleaseSchedule/index.htm,True,estimated,15:30 America/New_York,3
disaggregated_futures_only,2017-12-26,False,2017-12-29,,,2017-12-29,2017-12-29,2017-12-29,2018-01-02,estimated_three_federal_business_days_friday_floor,https://www.cftc.gov/MarketReports/CommitmentsofTraders/ReleaseSchedule/index.htm,True,estimated,15:30 America/New_York,3
legacy_futures_only,2017-12-26,False,2017-12-29,,,2017-12-29,2017-12-29,2017-12-29,2018-01-02,estimated_three_federal_business_days_friday_floor,https://www.cftc.gov/MarketReports/CommitmentsofTraders/ReleaseSchedule/index.htm,True,estimated,15:30 America/New_York,3
disaggregated_futures_only,2018-01-02,False,2018-01-05,,,2018-01-05,2018-01-05,2018-01-05,2018-01-08,estimated_three_federal_business_days_friday_floor,https://www.cftc.gov/MarketReports/CommitmentsofTraders/ReleaseSchedule/index.htm,True,estimated,15:30 America/New_York,3
legacy_futures_only,2018-01-02,False,2018-01-05,,,2018-01-05,2018-01-05,2018-01-05,2018-01-08,estimated_three_federal_business_days_friday_floor,https://www.cftc.gov/MarketReports/CommitmentsofTraders/ReleaseSchedule/index.htm,True,estimated,15:30 America/New_York,3
disaggregated_futures_only,2018-01-09,False,2018-01-12,,,2018-01-12,2018-01-12,2018-01-12,2018-01-16,estimated_three_federal_business_days_friday_floor,https://www.cftc.gov/MarketReports/CommitmentsofTraders/ReleaseSchedule/index.htm,True,estimated,15:30 America/New_York,3
legacy_futures_only,2018-01-09,False,2018-01-12,,,2018-01-12,2018-01-12,2018-01-12,2018-01-16,estimated_three_federal_business_days_friday_floor,https://www.cftc.gov/MarketReports/CommitmentsofTraders/ReleaseSchedule/index.htm,True,estimated,15:30 America/New_York,3
disaggregated_futures_only,2018-01-16,False,2018-01-19,,,2018-01-19,2018-01-19,2018-01-19,2018-01-22,estimated_three_federal_business_days_friday_floor,https://www.cftc.gov/MarketReports/CommitmentsofTraders/ReleaseSchedule/index.htm,True,estimated,15:30 America/New_York,3
legacy_futures_only,2018-01-16,False,2018-01-19,,,2018-01-19,2018-01-19,2018-01-19,2018-01-22,estimated_three_federal_business_days_friday_floor,https://www.cftc.gov/MarketReports/CommitmentsofTraders/ReleaseSchedule/index.htm,True,estimated,15:30 America/New_York,3
disaggregated_futures_only,2018-01-23,False,2018-01-26,,,2018-01-26,2018-01-26,2018-01-26,2018-01-29,estimated_three_federal_business_days_friday_floor,https://www.cftc.gov/MarketReports/CommitmentsofTraders/ReleaseSchedule/index.htm,True,estimated,15:30 America/New_York,3
legacy_futures_only,2018-01-23,False,2018-01-26,,,2018-01-26,2018-01-26,2018-01-26,2018-01-29,estimated_three_federal_business_days_friday_floor,https://www.cftc.gov/MarketReports/CommitmentsofTraders/ReleaseSchedule/index.htm,True,estimated,15:30 America/New_York,3
disaggregated_futures_only,2018-01-30,False,2018-02-02,,,2018-02-02,2018-02-02,2018-02-02,2018-02-05,estimated_three_federal_business_days_friday_floor,https://www.cftc.gov/MarketReports/CommitmentsofTraders/ReleaseSchedule/index.htm,True,estimated,15:30 America/New_York,3
legacy_futures_only,2018-01-30,False,2018-02-02,,,2018-02-02,2018-02-02,2018-02-02,2018-02-05,estimated_three_federal_business_days_friday_floor,https://www.cftc.gov/MarketReports/CommitmentsofTraders/ReleaseSchedule/index.htm,True,estimated,15:30 America/New_York,3
disaggregated_futures_only,2018-02-06,False,2018-02-09,,,2018-02-09,2018-02-09,2018-02-09,2018-02-12,estimated_three_federal_business_days_friday_floor,https://www.cftc.gov/MarketReports/CommitmentsofTraders/ReleaseSchedule/index.htm,True,estimated,15:30 America/New_York,3
legacy_futures_only,2018-02-06,False,2018-02-09,,,2018-02-09,2018-02-09,2018-02-09,2018-02-12,estimated_three_federal_business_days_friday_floor,https://www.cftc.gov/MarketReports/CommitmentsofTraders/ReleaseSchedule/index.htm,True,estimated,15:30 America/New_York,3
disaggregated_futures_only,2018-02-13,False,2018-02-16,,,2018-02-16,2018-02-16,2018-02-16,2018-02-20,estimated_three_federal_business_days_friday_floor,https://www.cftc.gov/MarketReports/CommitmentsofTraders/ReleaseSchedule/index.htm,True,estimated,15:30 America/New_York,3
legacy_futures_only,2018-02-13,False,2018-02-16,,,2018-02-16,2018-02-16,2018-02-16,2018-02-20,estimated_three_federal_business_days_friday_floor,https://www.cftc.gov/MarketReports/CommitmentsofTraders/ReleaseSchedule/index.htm,True,estimated,15:30 America/New_York,3
disaggregated_futures_only,2018-02-20,False,2018-02-23,,,2018-02-23,2018-02-23,2018-02-23,2018-02-26,estimated_three_federal_business_days_friday_floor,https://www.cftc.gov/MarketReports/CommitmentsofTraders/ReleaseSchedule/index.htm,True,estimated,15:30 America/New_York,3
legacy_futures_only,2018-02-20,False,2018-02-23,,,2018-02-23,2018-02-23,2018-02-23,2018-02-26,estimated_three_federal_business_days_friday_floor,https://www.cftc.gov/MarketReports/CommitmentsofTraders/ReleaseSchedule/index.htm,True,estimated,15:30 America/New_York,3
disaggregated_futures_only,2018-02-27,False,2018-03-02,,,2018-03-02,2018-03-02,2018-03-02,2018-03-05,estimated_three_federal_business_days_friday_floor,https://www.cftc.gov/MarketReports/CommitmentsofTraders/ReleaseSchedule/index.htm,True,estimated,15:30 America/New_York,3
legacy_futures_only,2018-02-27,False,2018-03-02,,,2018-03-02,2018-03-02,2018-03-02,2018-03-05,estimated_three_federal_business_days_friday_floor,https://www.cftc.gov/MarketReports/CommitmentsofTraders/ReleaseSchedule/index.htm,True,estimated,15:30 America/New_York,3
disaggregated_futures_only,2018-03-06,False,2018-03-09,,,2018-03-09,2018-03-09,2018-03-09,2018-03-12,estimated_three_federal_business_days_friday_floor,https://www.cftc.gov/MarketReports/CommitmentsofTraders/ReleaseSchedule/index.htm,True,estimated,15:30 America/New_York,3
legacy_futures_only,2018-03-06,False,2018-03-09,,,2018-03-09,2018-03-09,2018-03-09,2018-03-12,estimated_three_federal_business_days_friday_floor,https://www.cftc.gov/MarketReports/CommitmentsofTraders/ReleaseSchedule/index.htm,True,estimated,15:30 America/New_York,3
disaggregated_futures_only,2018-03-13,False,2018-03-16,,,2018-03-16,2018-03-16,2018-03-16,2018-03-19,estimated_three_federal_business_days_friday_floor,https://www.cftc.gov/MarketReports/CommitmentsofTraders/ReleaseSchedule/index.htm,True,estimated,15:30 America/New_York,3
legacy_futures_only,2018-03-13,False,2018-03-16,,,2018-03-16,2018-03-16,2018-03-16,2018-03-19,estimated_three_federal_business_days_friday_floor,https://www.cftc.gov/MarketReports/CommitmentsofTraders/ReleaseSchedule/index.htm,True,estimated,15:30 America/New_York,3
disaggregated_futures_only,2018-03-20,False,2018-03-23,,,2018-03-23,2018-03-23,2018-03-23,2018-03-26,estimated_three_federal_business_days_friday_floor,https://www.cftc.gov/MarketReports/CommitmentsofTraders/ReleaseSchedule/index.htm,True,estimated,15:30 America/New_York,3
legacy_futures_only,2018-03-20,False,2018-03-23,,,2018-03-23,2018-03-23,2018-03-23,2018-03-26,estimated_three_federal_business_days_friday_floor,https://www.cftc.gov/MarketReports/CommitmentsofTraders/ReleaseSchedule/index.htm,True,estimated,15:30 America/New_York,3
disaggregated_futures_only,2018-03-27,False,2018-03-30,,,2018-03-30,2018-03-30,2018-03-30,2018-04-02,estimated_three_federal_business_days_friday_floor,https://www.cftc.gov/MarketReports/CommitmentsofTraders/ReleaseSchedule/index.htm,True,estimated,15:30 America/New_York,3
legacy_futures_only,2018-03-27,False,2018-03-30,,,2018-03-30,2018-03-30,2018-03-30,2018-04-02,estimated_three_federal_business_days_friday_floor,https://www.cftc.gov/MarketReports/CommitmentsofTraders/ReleaseSchedule/index.htm,True,estimated,15:30 America/New_York,3
disaggregated_futures_only,2018-04-03,False,2018-04-06,,,2018-04-06,2018-04-06,2018-04-06,2018-04-09,estimated_three_federal_business_days_friday_floor,https://www.cftc.gov/MarketReports/CommitmentsofTraders/ReleaseSchedule/index.htm,True,estimated,15:30 America/New_York,3
legacy_futures_only,2018-04-03,False,2018-04-06,,,2018-04-06,2018-04-06,2018-04-06,2018-04-09,estimated_three_federal_business_days_friday_floor,https://www.cftc.gov/MarketReports/CommitmentsofTraders/ReleaseSchedule/index.htm,True,estimated,15:30 America/New_York,3
disaggregated_futures_only,2018-04-10,False,2018-04-13,,,2018-04-13,2018-04-13,2018-04-13,2018-04-16,estimated_three_federal_business_days_friday_floor,https://www.cftc.gov/MarketReports/CommitmentsofTraders/ReleaseSchedule/index.htm,True,estimated,15:30 America/New_York,3
legacy_futures_only,2018-04-10,False,2018-04-13,,,2018-04-13,2018-04-13,2018-04-13,2018-04-16,estimated_three_federal_business_days_friday_floor,https://www.cftc.gov/MarketReports/CommitmentsofTraders/ReleaseSchedule/index.htm,True,estimated,15:30 America/New_York,3
disaggregated_futures_only,2018-04-17,False,2018-04-20,,,2018-04-20,2018-04-20,2018-04-20,2018-04-23,estimated_three_federal_business_days_friday_floor,https://www.cftc.gov/MarketReports/CommitmentsofTraders/ReleaseSchedule/index.htm,True,estimated,15:30 America/New_York,3
legacy_futures_only,2018-04-17,False,2018-04-20,,,2018-04-20,2018-04-20,2018-04-20,2018-04-23,estimated_three_federal_business_days_friday_floor,https://www.cftc.gov/MarketReports/CommitmentsofTraders/ReleaseSchedule/index.htm,True,estimated,15:30 America/New_York,3
disaggregated_futures_only,2018-04-24,False,2018-04-27,,,2018-04-27,2018-04-27,2018-04-27,2018-04-30,estimated_three_federal_business_days_friday_floor,https://www.cftc.gov/MarketReports/CommitmentsofTraders/ReleaseSchedule/index.htm,True,estimated,15:30 America/New_York,3
legacy_futures_only,2018-04-24,False,2018-04-27,,,2018-04-27,2018-04-27,2018-04-27,2018-04-30,estimated_three_federal_business_days_friday_floor,https://www.cftc.gov/MarketReports/CommitmentsofTraders/ReleaseSchedule/index.htm,True,estimated,15:30 America/New_York,3
disaggregated_futures_only,2018-05-01,False,2018-05-04,,,2018-05-04,2018-05-04,2018-05-04,2018-05-07,estimated_three_federal_business_days_friday_floor,https://www.cftc.gov/MarketReports/CommitmentsofTraders/ReleaseSchedule/index.htm,True,estimated,15:30 America/New_York,3
legacy_futures_only,2018-05-01,False,2018-05-04,,,2018-05-04,2018-05-04,2018-05-04,2018-05-07,estimated_three_federal_business_days_friday_floor,https://www.cftc.gov/MarketReports/CommitmentsofTraders/ReleaseSchedule/index.htm,True,estimated,15:30 America/New_York,3
disaggregated_futures_only,2018-05-08,False,2018-05-11,,,2018-05-11,2018-05-11,2018-05-11,2018-05-14,estimated_three_federal_business_days_friday_floor,https://www.cftc.gov/MarketReports/CommitmentsofTraders/ReleaseSchedule/index.htm,True,estimated,15:30 America/New_York,3
legacy_futures_only,2018-05-08,False,2018-05-11,,,2018-05-11,2018-05-11,2018-05-11,2018-05-14,estimated_three_federal_business_days_friday_floor,https://www.cftc.gov/MarketReports/CommitmentsofTraders/ReleaseSchedule/index.htm,True,estimated,15:30 America/New_York,3
disaggregated_futures_only,2018-05-15,False,2018-05-18,,,2018-05-18,2018-05-18,2018-05-18,2018-05-21,estimated_three_federal_business_days_friday_floor,https://www.cftc.gov/MarketReports/CommitmentsofTraders/ReleaseSchedule/index.htm,True,estimated,15:30 America/New_York,3
legacy_futures_only,2018-05-15,False,2018-05-18,,,2018-05-18,2018-05-18,2018-05-18,2018-05-21,estimated_three_federal_business_days_friday_floor,https://www.cftc.gov/MarketReports/CommitmentsofTraders/ReleaseSchedule/index.htm,True,estimated,15:30 America/New_York,3
disaggregated_futures_only,2018-05-22,False,2018-05-25,,,2018-05-25,2018-05-25,2018-05-25,2018-05-29,estimated_three_federal_business_days_friday_floor,https://www.cftc.gov/MarketReports/CommitmentsofTraders/ReleaseSchedule/index.htm,True,estimated,15:30 America/New_York,3
legacy_futures_only,2018-05-22,False,2018-05-25,,,2018-05-25,2018-05-25,2018-05-25,2018-05-29,estimated_three_federal_business_days_friday_floor,https://www.cftc.gov/MarketReports/CommitmentsofTraders/ReleaseSchedule/index.htm,True,estimated,15:30 America/New_York,3
disaggregated_futures_only,2018-05-29,False,2018-06-01,,,2018-06-01,2018-06-01,2018-06-01,2018-06-04,estimated_three_federal_business_days_friday_floor,https://www.cftc.gov/MarketReports/CommitmentsofTraders/ReleaseSchedule/index.htm,True,estimated,15:30 America/New_York,3
legacy_futures_only,2018-05-29,False,2018-06-01,,,2018-06-01,2018-06-01,2018-06-01,2018-06-04,estimated_three_federal_business_days_friday_floor,https://www.cftc.gov/MarketReports/CommitmentsofTraders/ReleaseSchedule/index.htm,True,estimated,15:30 America/New_York,3
disaggregated_futures_only,2018-06-05,False,2018-06-08,,,2018-06-08,2018-06-08,2018-06-08,2018-06-11,estimated_three_federal_business_days_friday_floor,https://www.cftc.gov/MarketReports/CommitmentsofTraders/ReleaseSchedule/index.htm,True,estimated,15:30 America/New_York,3
legacy_futures_only,2018-06-05,False,2018-06-08,,,2018-06-08,2018-06-08,2018-06-08,2018-06-11,estimated_three_federal_business_days_friday_floor,https://www.cftc.gov/MarketReports/CommitmentsofTraders/ReleaseSchedule/index.htm,True,estimated,15:30 America/New_York,3
disaggregated_futures_only,2018-06-12,False,2018-06-15,,,2018-06-15,2018-06-15,2018-06-15,2018-06-18,estimated_three_federal_business_days_friday_floor,https://www.cftc.gov/MarketReports/CommitmentsofTraders/ReleaseSchedule/index.htm,True,estimated,15:30 America/New_York,3
legacy_futures_only,2018-06-12,False,2018-06-15,,,2018-06-15,2018-06-15,2018-06-15,2018-06-18,estimated_three_federal_business_days_friday_floor,https://www.cftc.gov/MarketReports/CommitmentsofTraders/ReleaseSchedule/index.htm,True,estimated,15:30 America/New_York,3
disaggregated_futures_only,2018-06-19,False,2018-06-22,,,2018-06-22,2018-06-22,2018-06-22,2018-06-25,estimated_three_federal_business_days_friday_floor,https://www.cftc.gov/MarketReports/CommitmentsofTraders/ReleaseSchedule/index.htm,True,estimated,15:30 America/New_York,3
legacy_futures_only,2018-06-19,False,2018-06-22,,,2018-06-22,2018-06-22,2018-06-22,2018-06-25,estimated_three_federal_business_days_friday_floor,https://www.cftc.gov/MarketReports/CommitmentsofTraders/ReleaseSchedule/index.htm,True,estimated,15:30 America/New_York,3
disaggregated_futures_only,2018-06-26,False,2018-06-29,,,2018-06-29,2018-06-29,2018-06-29,2018-07-02,estimated_three_federal_business_days_friday_floor,https://www.cftc.gov/MarketReports/CommitmentsofTraders/ReleaseSchedule/index.htm,True,estimated,15:30 America/New_York,3
legacy_futures_only,2018-06-26,False,2018-06-29,,,2018-06-29,2018-06-29,2018-06-29,2018-07-02,estimated_three_federal_business_days_friday_floor,https://www.cftc.gov/MarketReports/CommitmentsofTraders/ReleaseSchedule/index.htm,True,estimated,15:30 America/New_York,3
disaggregated_futures_only,2018-07-03,False,2018-07-09,,,2018-07-09,2018-07-09,2018-07-09,2018-07-10,estimated_three_federal_business_days_friday_floor,https://www.cftc.gov/MarketReports/CommitmentsofTraders/ReleaseSchedule/index.htm,True,estimated,15:30 America/New_York,6
legacy_futures_only,2018-07-03,False,2018-07-09,,,2018-07-09,2018-07-09,2018-07-09,2018-07-10,estimated_three_federal_business_days_friday_floor,https://www.cftc.gov/MarketReports/CommitmentsofTraders/ReleaseSchedule/index.htm,True,estimated,15:30 America/New_York,6
disaggregated_futures_only,2018-07-10,False,2018-07-13,,,2018-07-13,2018-07-13,2018-07-13,2018-07-16,estimated_three_federal_business_days_friday_floor,https://www.cftc.gov/MarketReports/CommitmentsofTraders/ReleaseSchedule/index.htm,True,estimated,15:30 America/New_York,3
legacy_futures_only,2018-07-10,False,2018-07-13,,,2018-07-13,2018-07-13,2018-07-13,2018-07-16,estimated_three_federal_business_days_friday_floor,https://www.cftc.gov/MarketReports/CommitmentsofTraders/ReleaseSchedule/index.htm,True,estimated,15:30 America/New_York,3
disaggregated_futures_only,2018-07-17,False,2018-07-20,,,2018-07-20,2018-07-20,2018-07-20,2018-07-23,estimated_three_federal_business_days_friday_floor,https://www.cftc.gov/MarketReports/CommitmentsofTraders/ReleaseSchedule/index.htm,True,estimated,15:30 America/New_York,3
legacy_futures_only,2018-07-17,False,2018-07-20,,,2018-07-20,2018-07-20,2018-07-20,2018-07-23,estimated_three_federal_business_days_friday_floor,https://www.cftc.gov/MarketReports/CommitmentsofTraders/ReleaseSchedule/index.htm,True,estimated,15:30 America/New_York,3
disaggregated_futures_only,2018-07-24,False,2018-07-27,,,2018-07-27,2018-07-27,2018-07-27,2018-07-30,estimated_three_federal_business_days_friday_floor,https://www.cftc.gov/MarketReports/CommitmentsofTraders/ReleaseSchedule/index.htm,True,estimated,15:30 America/New_York,3
legacy_futures_only,2018-07-24,False,2018-07-27,,,2018-07-27,2018-07-27,2018-07-27,2018-07-30,estimated_three_federal_business_days_friday_floor,https://www.cftc.gov/MarketReports/CommitmentsofTraders/ReleaseSchedule/index.htm,True,estimated,15:30 America/New_York,3
disaggregated_futures_only,2018-07-31,False,2018-08-03,,,2018-08-03,2018-08-03,2018-08-03,2018-08-06,estimated_three_federal_business_days_friday_floor,https://www.cftc.gov/MarketReports/CommitmentsofTraders/ReleaseSchedule/index.htm,True,estimated,15:30 America/New_York,3
legacy_futures_only,2018-07-31,False,2018-08-03,,,2018-08-03,2018-08-03,2018-08-03,2018-08-06,estimated_three_federal_business_days_friday_floor,https://www.cftc.gov/MarketReports/CommitmentsofTraders/ReleaseSchedule/index.htm,True,estimated,15:30 America/New_York,3
disaggregated_futures_only,2018-08-07,False,2018-08-10,,,2018-08-10,2018-08-10,2018-08-10,2018-08-13,estimated_three_federal_business_days_friday_floor,https://www.cftc.gov/MarketReports/CommitmentsofTraders/ReleaseSchedule/index.htm,True,estimated,15:30 America/New_York,3
legacy_futures_only,2018-08-07,False,2018-08-10,,,2018-08-10,2018-08-10,2018-08-10,2018-08-13,estimated_three_federal_business_days_friday_floor,https://www.cftc.gov/MarketReports/CommitmentsofTraders/ReleaseSchedule/index.htm,True,estimated,15:30 America/New_York,3
disaggregated_futures_only,2018-08-14,False,2018-08-17,,,2018-08-17,2018-08-17,2018-08-17,2018-08-20,estimated_three_federal_business_days_friday_floor,https://www.cftc.gov/MarketReports/CommitmentsofTraders/ReleaseSchedule/index.htm,True,estimated,15:30 America/New_York,3
legacy_futures_only,2018-08-14,False,2018-08-17,,,2018-08-17,2018-08-17,2018-08-17,2018-08-20,estimated_three_federal_business_days_friday_floor,https://www.cftc.gov/MarketReports/CommitmentsofTraders/ReleaseSchedule/index.htm,True,estimated,15:30 America/New_York,3
disaggregated_futures_only,2018-08-21,False,2018-08-24,,,2018-08-24,2018-08-24,2018-08-24,2018-08-27,estimated_three_federal_business_days_friday_floor,https://www.cftc.gov/MarketReports/CommitmentsofTraders/ReleaseSchedule/index.htm,True,estimated,15:30 America/New_York,3
legacy_futures_only,2018-08-21,False,2018-08-24,,,2018-08-24,2018-08-24,2018-08-24,2018-08-27,estimated_three_federal_business_days_friday_floor,https://www.cftc.gov/MarketReports/CommitmentsofTraders/ReleaseSchedule/index.htm,True,estimated,15:30 America/New_York,3
disaggregated_futures_only,2018-08-28,False,2018-08-31,,,2018-08-31,2018-08-31,2018-08-31,2018-09-04,estimated_three_federal_business_days_friday_floor,https://www.cftc.gov/MarketReports/CommitmentsofTraders/ReleaseSchedule/index.htm,True,estimated,15:30 America/New_York,3
legacy_futures_only,2018-08-28,False,2018-08-31,,,2018-08-31,2018-08-31,2018-08-31,2018-09-04,estimated_three_federal_business_days_friday_floor,https://www.cftc.gov/MarketReports/CommitmentsofTraders/ReleaseSchedule/index.htm,True,estimated,15:30 America/New_York,3
disaggregated_futures_only,2018-09-04,False,2018-09-07,,,2018-09-07,2018-09-07,2018-09-07,2018-09-10,estimated_three_federal_business_days_friday_floor,https://www.cftc.gov/MarketReports/CommitmentsofTraders/ReleaseSchedule/index.htm,True,estimated,15:30 America/New_York,3
legacy_futures_only,2018-09-04,False,2018-09-07,,,2018-09-07,2018-09-07,2018-09-07,2018-09-10,estimated_three_federal_business_days_friday_floor,https://www.cftc.gov/MarketReports/CommitmentsofTraders/ReleaseSchedule/index.htm,True,estimated,15:30 America/New_York,3
disaggregated_futures_only,2018-09-11,False,2018-09-14,,,2018-09-14,2018-09-14,2018-09-14,2018-09-17,estimated_three_federal_business_days_friday_floor,https://www.cftc.gov/MarketReports/CommitmentsofTraders/ReleaseSchedule/index.htm,True,estimated,15:30 America/New_York,3
legacy_futures_only,2018-09-11,False,2018-09-14,,,2018-09-14,2018-09-14,2018-09-14,2018-09-17,estimated_three_federal_business_days_friday_floor,https://www.cftc.gov/MarketReports/CommitmentsofTraders/ReleaseSchedule/index.htm,True,estimated,15:30 America/New_York,3
disaggregated_futures_only,2018-09-18,False,2018-09-21,,,2018-09-21,2018-09-21,2018-09-21,2018-09-24,estimated_three_federal_business_days_friday_floor,https://www.cftc.gov/MarketReports/CommitmentsofTraders/ReleaseSchedule/index.htm,True,estimated,15:30 America/New_York,3
legacy_futures_only,2018-09-18,False,2018-09-21,2018-09-26,https://www.cftc.gov/MarketReports/CommitmentsofTraders/HistoricalSpecialAnnouncements/index.htm,2018-09-26,2018-09-26,2018-09-26,2018-09-27,estimated_three_federal_business_days_friday_floor,https://www.cftc.gov/MarketReports/CommitmentsofTraders/ReleaseSchedule/index.htm,True,estimated,15:30 America/New_York,3
disaggregated_futures_only,2018-09-25,False,2018-09-28,,,2018-09-28,2018-09-28,2018-09-28,2018-10-01,estimated_three_federal_business_days_friday_floor,https://www.cftc.gov/MarketReports/CommitmentsofTraders/ReleaseSchedule/index.htm,True,estimated,15:30 America/New_York,3
legacy_futures_only,2018-09-25,False,2018-09-28,,,2018-09-28,2018-09-28,2018-09-28,2018-10-01,estimated_three_federal_business_days_friday_floor,https://www.cftc.gov/MarketReports/CommitmentsofTraders/ReleaseSchedule/index.htm,True,estimated,15:30 America/New_York,3
disaggregated_futures_only,2018-10-02,False,2018-10-05,,,2018-10-05,2018-10-05,2018-10-05,2018-10-08,estimated_three_federal_business_days_friday_floor,https://www.cftc.gov/MarketReports/CommitmentsofTraders/ReleaseSchedule/index.htm,True,estimated,15:30 America/New_York,3
legacy_futures_only,2018-10-02,False,2018-10-05,,,2018-10-05,2018-10-05,2018-10-05,2018-10-08,estimated_three_federal_business_days_friday_floor,https://www.cftc.gov/MarketReports/CommitmentsofTraders/ReleaseSchedule/index.htm,True,estimated,15:30 America/New_York,3
disaggregated_futures_only,2018-10-09,False,2018-10-12,,,2018-10-12,2018-10-12,2018-10-12,2018-10-15,estimated_three_federal_business_days_friday_floor,https://www.cftc.gov/MarketReports/CommitmentsofTraders/ReleaseSchedule/index.htm,True,estimated,15:30 America/New_York,3
legacy_futures_only,2018-10-09,False,2018-10-12,,,2018-10-12,2018-10-12,2018-10-12,2018-10-15,estimated_three_federal_business_days_friday_floor,https://www.cftc.gov/MarketReports/CommitmentsofTraders/ReleaseSchedule/index.htm,True,estimated,15:30 America/New_York,3
disaggregated_futures_only,2018-10-16,False,2018-10-19,,,2018-10-19,2018-10-19,2018-10-19,2018-10-22,estimated_three_federal_business_days_friday_floor,https://www.cftc.gov/MarketReports/CommitmentsofTraders/ReleaseSchedule/index.htm,True,estimated,15:30 America/New_York,3
legacy_futures_only,2018-10-16,False,2018-10-19,,,2018-10-19,2018-10-19,2018-10-19,2018-10-22,estimated_three_federal_business_days_friday_floor,https://www.cftc.gov/MarketReports/CommitmentsofTraders/ReleaseSchedule/index.htm,True,estimated,15:30 America/New_York,3
disaggregated_futures_only,2018-10-23,False,2018-10-26,,,2018-10-26,2018-10-26,2018-10-26,2018-10-29,estimated_three_federal_business_days_friday_floor,https://www.cftc.gov/MarketReports/CommitmentsofTraders/ReleaseSchedule/index.htm,True,estimated,15:30 America/New_York,3
legacy_futures_only,2018-10-23,False,2018-10-26,,,2018-10-26,2018-10-26,2018-10-26,2018-10-29,estimated_three_federal_business_days_friday_floor,https://www.cftc.gov/MarketReports/CommitmentsofTraders/ReleaseSchedule/index.htm,True,estimated,15:30 America/New_York,3
disaggregated_futures_only,2018-10-30,False,2018-11-02,,,2018-11-02,2018-11-02,2018-11-02,2018-11-05,estimated_three_federal_business_days_friday_floor,https://www.cftc.gov/MarketReports/CommitmentsofTraders/ReleaseSchedule/index.htm,True,estimated,15:30 America/New_York,3
legacy_futures_only,2018-10-30,False,2018-11-02,,,2018-11-02,2018-11-02,2018-11-02,2018-11-05,estimated_three_federal_business_days_friday_floor,https://www.cftc.gov/MarketReports/CommitmentsofTraders/ReleaseSchedule/index.htm,True,estimated,15:30 America/New_York,3
disaggregated_futures_only,2018-11-06,False,2018-11-09,,,2018-11-09,2018-11-09,2018-11-09,2018-11-12,estimated_three_federal_business_days_friday_floor,https://www.cftc.gov/MarketReports/CommitmentsofTraders/ReleaseSchedule/index.htm,True,estimated,15:30 America/New_York,3
legacy_futures_only,2018-11-06,False,2018-11-09,,,2018-11-09,2018-11-09,2018-11-09,2018-11-12,estimated_three_federal_business_days_friday_floor,https://www.cftc.gov/MarketReports/CommitmentsofTraders/ReleaseSchedule/index.htm,True,estimated,15:30 America/New_York,3
disaggregated_futures_only,2018-11-13,False,2018-11-16,,,2018-11-16,2018-11-16,2018-11-16,2018-11-19,estimated_three_federal_business_days_friday_floor,https://www.cftc.gov/MarketReports/CommitmentsofTraders/ReleaseSchedule/index.htm,True,estimated,15:30 America/New_York,3
legacy_futures_only,2018-11-13,False,2018-11-16,,,2018-11-16,2018-11-16,2018-11-16,2018-11-19,estimated_three_federal_business_days_friday_floor,https://www.cftc.gov/MarketReports/CommitmentsofTraders/ReleaseSchedule/index.htm,True,estimated,15:30 America/New_York,3
disaggregated_futures_only,2018-11-20,False,2018-11-26,,,2018-11-26,2018-11-26,2018-11-26,2018-11-27,estimated_three_federal_business_days_friday_floor,https://www.cftc.gov/MarketReports/CommitmentsofTraders/ReleaseSchedule/index.htm,True,estimated,15:30 America/New_York,6
legacy_futures_only,2018-11-20,False,2018-11-26,,,2018-11-26,2018-11-26,2018-11-26,2018-11-27,estimated_three_federal_business_days_friday_floor,https://www.cftc.gov/MarketReports/CommitmentsofTraders/ReleaseSchedule/index.htm,True,estimated,15:30 America/New_York,6
disaggregated_futures_only,2018-11-27,False,2018-11-30,,,2018-11-30,2018-11-30,2018-11-30,2018-12-03,estimated_three_federal_business_days_friday_floor,https://www.cftc.gov/MarketReports/CommitmentsofTraders/ReleaseSchedule/index.htm,True,estimated,15:30 America/New_York,3
legacy_futures_only,2018-11-27,False,2018-11-30,,,2018-11-30,2018-11-30,2018-11-30,2018-12-03,estimated_three_federal_business_days_friday_floor,https://www.cftc.gov/MarketReports/CommitmentsofTraders/ReleaseSchedule/index.htm,True,estimated,15:30 America/New_York,3
disaggregated_futures_only,2018-12-04,False,2018-12-10,,,2018-12-10,2018-12-10,2018-12-10,2018-12-11,estimated_three_federal_business_days_friday_floor,https://www.cftc.gov/MarketReports/CommitmentsofTraders/ReleaseSchedule/index.htm,True,estimated,15:30 America/New_York,6
legacy_futures_only,2018-12-04,False,2018-12-10,,,2018-12-10,2018-12-10,2018-12-10,2018-12-11,estimated_three_federal_business_days_friday_floor,https://www.cftc.gov/MarketReports/CommitmentsofTraders/ReleaseSchedule/index.htm,True,estimated,15:30 America/New_York,6
disaggregated_futures_only,2018-12-11,False,2018-12-14,,,2018-12-14,2018-12-14,2018-12-14,2018-12-17,estimated_three_federal_business_days_friday_floor,https://www.cftc.gov/MarketReports/CommitmentsofTraders/ReleaseSchedule/index.htm,True,estimated,15:30 America/New_York,3
legacy_futures_only,2018-12-11,False,2018-12-14,,,2018-12-14,2018-12-14,2018-12-14,2018-12-17,estimated_three_federal_business_days_friday_floor,https://www.cftc.gov/MarketReports/CommitmentsofTraders/ReleaseSchedule/index.htm,True,estimated,15:30 America/New_York,3
disaggregated_futures_only,2018-12-18,False,2018-12-21,,,2018-12-21,2018-12-21,2018-12-21,2018-12-24,estimated_three_federal_business_days_friday_floor,https://www.cftc.gov/MarketReports/CommitmentsofTraders/ReleaseSchedule/index.htm,True,estimated,15:30 America/New_York,3
legacy_futures_only,2018-12-18,False,2018-12-21,,,2018-12-21,2018-12-21,2018-12-21,2018-12-24,estimated_three_federal_business_days_friday_floor,https://www.cftc.gov/MarketReports/CommitmentsofTraders/ReleaseSchedule/index.htm,True,estimated,15:30 America/New_York,3
disaggregated_futures_only,2018-12-24,False,2019-02-01,,,2019-02-01,2019-02-01,2019-02-01,2019-02-04,announced_2019_catchup_schedule,https://www.cftc.gov/PressRoom/PressReleases/7864-19,True,announced_schedule,15:30 America/New_York,39
legacy_futures_only,2018-12-24,False,2019-02-01,,,2019-02-01,2019-02-01,2019-02-01,2019-02-04,announced_2019_catchup_schedule,https://www.cftc.gov/PressRoom/PressReleases/7864-19,True,announced_schedule,15:30 America/New_York,39
disaggregated_futures_only,2018-12-31,False,2019-02-05,,,2019-02-05,2019-02-05,2019-02-05,2019-02-06,announced_2019_catchup_schedule,https://www.cftc.gov/PressRoom/PressReleases/7864-19,True,announced_schedule,15:30 America/New_York,36
legacy_futures_only,2018-12-31,False,2019-02-05,,,2019-02-05,2019-02-05,2019-02-05,2019-02-06,announced_2019_catchup_schedule,https://www.cftc.gov/PressRoom/PressReleases/7864-19,True,announced_schedule,15:30 America/New_York,36
disaggregated_futures_only,2019-01-08,False,2019-02-08,,,2019-02-08,2019-02-08,2019-02-08,2019-02-11,announced_2019_catchup_schedule,https://www.cftc.gov/PressRoom/PressReleases/7864-19,True,announced_schedule,15:30 America/New_York,31
legacy_futures_only,2019-01-08,False,2019-02-08,,,2019-02-08,2019-02-08,2019-02-08,2019-02-11,announced_2019_catchup_schedule,https://www.cftc.gov/PressRoom/PressReleases/7864-19,True,announced_schedule,15:30 America/New_York,31
disaggregated_futures_only,2019-01-15,False,2019-02-12,,,2019-02-12,2019-02-12,2019-02-12,2019-02-13,announced_2019_catchup_schedule,https://www.cftc.gov/PressRoom/PressReleases/7864-19,True,announced_schedule,15:30 America/New_York,28
legacy_futures_only,2019-01-15,False,2019-02-12,,,2019-02-12,2019-02-12,2019-02-12,2019-02-13,announced_2019_catchup_schedule,https://www.cftc.gov/PressRoom/PressReleases/7864-19,True,announced_schedule,15:30 America/New_York,28
disaggregated_futures_only,2019-01-22,False,2019-02-15,,,2019-02-15,2019-02-15,2019-02-15,2019-02-19,announced_2019_catchup_schedule,https://www.cftc.gov/PressRoom/PressReleases/7864-19,True,announced_schedule,15:30 America/New_York,24
legacy_futures_only,2019-01-22,False,2019-02-15,,,2019-02-15,2019-02-15,2019-02-15,2019-02-19,announced_2019_catchup_schedule,https://www.cftc.gov/PressRoom/PressReleases/7864-19,True,announced_schedule,15:30 America/New_York,24
disaggregated_futures_only,2019-01-29,False,2019-02-19,,,2019-02-19,2019-02-19,2019-02-19,2019-02-20,announced_2019_catchup_schedule,https://www.cftc.gov/PressRoom/PressReleases/7864-19,True,announced_schedule,15:30 America/New_York,21
legacy_futures_only,2019-01-29,False,2019-02-19,,,2019-02-19,2019-02-19,2019-02-19,2019-02-20,announced_2019_catchup_schedule,https://www.cftc.gov/PressRoom/PressReleases/7864-19,True,announced_schedule,15:30 America/New_York,21
disaggregated_futures_only,2019-02-05,False,2019-02-22,,,2019-02-22,2019-02-22,2019-02-22,2019-02-25,announced_2019_catchup_schedule,https://www.cftc.gov/PressRoom/PressReleases/7864-19,True,announced_schedule,15:30 America/New_York,17
legacy_futures_only,2019-02-05,False,2019-02-22,,,2019-02-22,2019-02-22,2019-02-22,2019-02-25,announced_2019_catchup_schedule,https://www.cftc.gov/PressRoom/PressReleases/7864-19,True,announced_schedule,15:30 America/New_York,17
disaggregated_futures_only,2019-02-12,False,2019-02-26,,,2019-02-26,2019-02-26,2019-02-26,2019-02-27,announced_2019_catchup_schedule,https://www.cftc.gov/PressRoom/PressReleases/7864-19,True,announced_schedule,15:30 America/New_York,14
legacy_futures_only,2019-02-12,False,2019-02-26,,,2019-02-26,2019-02-26,2019-02-26,2019-02-27,announced_2019_catchup_schedule,https://www.cftc.gov/PressRoom/PressReleases/7864-19,True,announced_schedule,15:30 America/New_York,14
disaggregated_futures_only,2019-02-19,False,2019-03-01,,,2019-03-01,2019-03-01,2019-03-01,2019-03-04,announced_2019_catchup_schedule,https://www.cftc.gov/PressRoom/PressReleases/7864-19,True,announced_schedule,15:30 America/New_York,10
legacy_futures_only,2019-02-19,False,2019-03-01,,,2019-03-01,2019-03-01,2019-03-01,2019-03-04,announced_2019_catchup_schedule,https://www.cftc.gov/PressRoom/PressReleases/7864-19,True,announced_schedule,15:30 America/New_York,10
disaggregated_futures_only,2019-02-26,False,2019-03-05,,,2019-03-05,2019-03-05,2019-03-05,2019-03-06,announced_2019_catchup_schedule,https://www.cftc.gov/PressRoom/PressReleases/7864-19,True,announced_schedule,15:30 America/New_York,7
legacy_futures_only,2019-02-26,False,2019-03-05,,,2019-03-05,2019-03-05,2019-03-05,2019-03-06,announced_2019_catchup_schedule,https://www.cftc.gov/PressRoom/PressReleases/7864-19,True,announced_schedule,15:30 America/New_York,7
disaggregated_futures_only,2019-03-05,False,2019-03-08,,,2019-03-08,2019-03-08,2019-03-08,2019-03-11,estimated_three_federal_business_days_friday_floor,https://www.cftc.gov/MarketReports/CommitmentsofTraders/ReleaseSchedule/index.htm,True,estimated,15:30 America/New_York,3
legacy_futures_only,2019-03-05,False,2019-03-08,,,2019-03-08,2019-03-08,2019-03-08,2019-03-11,estimated_three_federal_business_days_friday_floor,https://www.cftc.gov/MarketReports/CommitmentsofTraders/ReleaseSchedule/index.htm,True,estimated,15:30 America/New_York,3
disaggregated_futures_only,2019-03-12,False,2019-03-15,,,2019-03-15,2019-03-15,2019-03-15,2019-03-18,estimated_three_federal_business_days_friday_floor,https://www.cftc.gov/MarketReports/CommitmentsofTraders/ReleaseSchedule/index.htm,True,estimated,15:30 America/New_York,3
legacy_futures_only,2019-03-12,False,2019-03-15,,,2019-03-15,2019-03-15,2019-03-15,2019-03-18,estimated_three_federal_business_days_friday_floor,https://www.cftc.gov/MarketReports/CommitmentsofTraders/ReleaseSchedule/index.htm,True,estimated,15:30 America/New_York,3
disaggregated_futures_only,2019-03-19,False,2019-03-22,,,2019-03-22,2019-03-22,2019-03-22,2019-03-25,estimated_three_federal_business_days_friday_floor,https://www.cftc.gov/MarketReports/CommitmentsofTraders/ReleaseSchedule/index.htm,True,estimated,15:30 America/New_York,3
legacy_futures_only,2019-03-19,False,2019-03-22,,,2019-03-22,2019-03-22,2019-03-22,2019-03-25,estimated_three_federal_business_days_friday_floor,https://www.cftc.gov/MarketReports/CommitmentsofTraders/ReleaseSchedule/index.htm,True,estimated,15:30 America/New_York,3
disaggregated_futures_only,2019-03-26,False,2019-03-29,2019-04-03,https://www.cftc.gov/MarketReports/CommitmentsofTraders/HistoricalSpecialAnnouncements/index.htm,2019-04-03,2019-04-03,2019-04-03,2019-04-04,estimated_three_federal_business_days_friday_floor,https://www.cftc.gov/MarketReports/CommitmentsofTraders/ReleaseSchedule/index.htm,True,estimated,15:30 America/New_York,3
legacy_futures_only,2019-03-26,False,2019-03-29,2019-04-03,https://www.cftc.gov/MarketReports/CommitmentsofTraders/HistoricalSpecialAnnouncements/index.htm,2019-04-03,2019-04-03,2019-04-03,2019-04-04,estimated_three_federal_business_days_friday_floor,https://www.cftc.gov/MarketReports/CommitmentsofTraders/ReleaseSchedule/index.htm,True,estimated,15:30 America/New_York,3
disaggregated_futures_only,2019-04-02,False,2019-04-05,,,2019-04-05,2019-04-05,2019-04-05,2019-04-08,estimated_three_federal_business_days_friday_floor,https://www.cftc.gov/MarketReports/CommitmentsofTraders/ReleaseSchedule/index.htm,True,estimated,15:30 America/New_York,3
legacy_futures_only,2019-04-02,False,2019-04-05,,,2019-04-05,2019-04-05,2019-04-05,2019-04-08,estimated_three_federal_business_days_friday_floor,https://www.cftc.gov/MarketReports/CommitmentsofTraders/ReleaseSchedule/index.htm,True,estimated,15:30 America/New_York,3
disaggregated_futures_only,2019-04-09,False,2019-04-12,,,2019-04-12,2019-04-12,2019-04-12,2019-04-15,estimated_three_federal_business_days_friday_floor,https://www.cftc.gov/MarketReports/CommitmentsofTraders/ReleaseSchedule/index.htm,True,estimated,15:30 America/New_York,3
legacy_futures_only,2019-04-09,False,2019-04-12,,,2019-04-12,2019-04-12,2019-04-12,2019-04-15,estimated_three_federal_business_days_friday_floor,https://www.cftc.gov/MarketReports/CommitmentsofTraders/ReleaseSchedule/index.htm,True,estimated,15:30 America/New_York,3
disaggregated_futures_only,2019-04-16,False,2019-04-19,,,2019-04-19,2019-04-19,2019-04-19,2019-04-22,estimated_three_federal_business_days_friday_floor,https://www.cftc.gov/MarketReports/CommitmentsofTraders/ReleaseSchedule/index.htm,True,estimated,15:30 America/New_York,3
legacy_futures_only,2019-04-16,False,2019-04-19,,,2019-04-19,2019-04-19,2019-04-19,2019-04-22,estimated_three_federal_business_days_friday_floor,https://www.cftc.gov/MarketReports/CommitmentsofTraders/ReleaseSchedule/index.htm,True,estimated,15:30 America/New_York,3
disaggregated_futures_only,2019-04-23,False,2019-04-26,,,2019-04-26,2019-04-26,2019-04-26,2019-04-29,estimated_three_federal_business_days_friday_floor,https://www.cftc.gov/MarketReports/CommitmentsofTraders/ReleaseSchedule/index.htm,True,estimated,15:30 America/New_York,3
legacy_futures_only,2019-04-23,False,2019-04-26,,,2019-04-26,2019-04-26,2019-04-26,2019-04-29,estimated_three_federal_business_days_friday_floor,https://www.cftc.gov/MarketReports/CommitmentsofTraders/ReleaseSchedule/index.htm,True,estimated,15:30 America/New_York,3
disaggregated_futures_only,2019-04-30,False,2019-05-03,,,2019-05-03,2019-05-03,2019-05-03,2019-05-06,estimated_three_federal_business_days_friday_floor,https://www.cftc.gov/MarketReports/CommitmentsofTraders/ReleaseSchedule/index.htm,True,estimated,15:30 America/New_York,3
legacy_futures_only,2019-04-30,False,2019-05-03,,,2019-05-03,2019-05-03,2019-05-03,2019-05-06,estimated_three_federal_business_days_friday_floor,https://www.cftc.gov/MarketReports/CommitmentsofTraders/ReleaseSchedule/index.htm,True,estimated,15:30 America/New_York,3
disaggregated_futures_only,2019-05-07,False,2019-05-10,,,2019-05-10,2019-05-10,2019-05-10,2019-05-13,estimated_three_federal_business_days_friday_floor,https://www.cftc.gov/MarketReports/CommitmentsofTraders/ReleaseSchedule/index.htm,True,estimated,15:30 America/New_York,3
legacy_futures_only,2019-05-07,False,2019-05-10,,,2019-05-10,2019-05-10,2019-05-10,2019-05-13,estimated_three_federal_business_days_friday_floor,https://www.cftc.gov/MarketReports/CommitmentsofTraders/ReleaseSchedule/index.htm,True,estimated,15:30 America/New_York,3
disaggregated_futures_only,2019-05-14,False,2019-05-17,,,2019-05-17,2019-05-17,2019-05-17,2019-05-20,estimated_three_federal_business_days_friday_floor,https://www.cftc.gov/MarketReports/CommitmentsofTraders/ReleaseSchedule/index.htm,True,estimated,15:30 America/New_York,3
legacy_futures_only,2019-05-14,False,2019-05-17,,,2019-05-17,2019-05-17,2019-05-17,2019-05-20,estimated_three_federal_business_days_friday_floor,https://www.cftc.gov/MarketReports/CommitmentsofTraders/ReleaseSchedule/index.htm,True,estimated,15:30 America/New_York,3
disaggregated_futures_only,2019-05-21,False,2019-05-24,,,2019-05-24,2019-05-24,2019-05-24,2019-05-28,estimated_three_federal_business_days_friday_floor,https://www.cftc.gov/MarketReports/CommitmentsofTraders/ReleaseSchedule/index.htm,True,estimated,15:30 America/New_York,3
legacy_futures_only,2019-05-21,False,2019-05-24,,,2019-05-24,2019-05-24,2019-05-24,2019-05-28,estimated_three_federal_business_days_friday_floor,https://www.cftc.gov/MarketReports/CommitmentsofTraders/ReleaseSchedule/index.htm,True,estimated,15:30 America/New_York,3
disaggregated_futures_only,2019-05-28,False,2019-05-31,,,2019-05-31,2019-05-31,2019-05-31,2019-06-03,estimated_three_federal_business_days_friday_floor,https://www.cftc.gov/MarketReports/CommitmentsofTraders/ReleaseSchedule/index.htm,True,estimated,15:30 America/New_York,3
legacy_futures_only,2019-05-28,False,2019-05-31,,,2019-05-31,2019-05-31,2019-05-31,2019-06-03,estimated_three_federal_business_days_friday_floor,https://www.cftc.gov/MarketReports/CommitmentsofTraders/ReleaseSchedule/index.htm,True,estimated,15:30 America/New_York,3
disaggregated_futures_only,2019-06-04,False,2019-06-07,,,2019-06-07,2019-06-07,2019-06-07,2019-06-10,estimated_three_federal_business_days_friday_floor,https://www.cftc.gov/MarketReports/CommitmentsofTraders/ReleaseSchedule/index.htm,True,estimated,15:30 America/New_York,3
legacy_futures_only,2019-06-04,False,2019-06-07,,,2019-06-07,2019-06-07,2019-06-07,2019-06-10,estimated_three_federal_business_days_friday_floor,https://www.cftc.gov/MarketReports/CommitmentsofTraders/ReleaseSchedule/index.htm,True,estimated,15:30 America/New_York,3
disaggregated_futures_only,2019-06-11,False,2019-06-14,,,2019-06-14,2019-06-14,2019-06-14,2019-06-17,estimated_three_federal_business_days_friday_floor,https://www.cftc.gov/MarketReports/CommitmentsofTraders/ReleaseSchedule/index.htm,True,estimated,15:30 America/New_York,3
legacy_futures_only,2019-06-11,False,2019-06-14,,,2019-06-14,2019-06-14,2019-06-14,2019-06-17,estimated_three_federal_business_days_friday_floor,https://www.cftc.gov/MarketReports/CommitmentsofTraders/ReleaseSchedule/index.htm,True,estimated,15:30 America/New_York,3
disaggregated_futures_only,2019-06-18,False,2019-06-21,,,2019-06-21,2019-06-21,2019-06-21,2019-06-24,estimated_three_federal_business_days_friday_floor,https://www.cftc.gov/MarketReports/CommitmentsofTraders/ReleaseSchedule/index.htm,True,estimated,15:30 America/New_York,3
legacy_futures_only,2019-06-18,False,2019-06-21,,,2019-06-21,2019-06-21,2019-06-21,2019-06-24,estimated_three_federal_business_days_friday_floor,https://www.cftc.gov/MarketReports/CommitmentsofTraders/ReleaseSchedule/index.htm,True,estimated,15:30 America/New_York,3
disaggregated_futures_only,2019-06-25,False,2019-06-28,,,2019-06-28,2019-06-28,2019-06-28,2019-07-01,estimated_three_federal_business_days_friday_floor,https://www.cftc.gov/MarketReports/CommitmentsofTraders/ReleaseSchedule/index.htm,True,estimated,15:30 America/New_York,3
legacy_futures_only,2019-06-25,False,2019-06-28,,,2019-06-28,2019-06-28,2019-06-28,2019-07-01,estimated_three_federal_business_days_friday_floor,https://www.cftc.gov/MarketReports/CommitmentsofTraders/ReleaseSchedule/index.htm,True,estimated,15:30 America/New_York,3
disaggregated_futures_only,2019-07-02,False,2019-07-08,,,2019-07-08,2019-07-08,2019-07-08,2019-07-09,estimated_three_federal_business_days_friday_floor,https://www.cftc.gov/MarketReports/CommitmentsofTraders/ReleaseSchedule/index.htm,True,estimated,15:30 America/New_York,6
legacy_futures_only,2019-07-02,False,2019-07-08,,,2019-07-08,2019-07-08,2019-07-08,2019-07-09,estimated_three_federal_business_days_friday_floor,https://www.cftc.gov/MarketReports/CommitmentsofTraders/ReleaseSchedule/index.htm,True,estimated,15:30 America/New_York,6
disaggregated_futures_only,2019-07-09,False,2019-07-12,,,2019-07-12,2019-07-12,2019-07-12,2019-07-15,estimated_three_federal_business_days_friday_floor,https://www.cftc.gov/MarketReports/CommitmentsofTraders/ReleaseSchedule/index.htm,True,estimated,15:30 America/New_York,3
legacy_futures_only,2019-07-09,False,2019-07-12,,,2019-07-12,2019-07-12,2019-07-12,2019-07-15,estimated_three_federal_business_days_friday_floor,https://www.cftc.gov/MarketReports/CommitmentsofTraders/ReleaseSchedule/index.htm,True,estimated,15:30 America/New_York,3
disaggregated_futures_only,2019-07-16,False,2019-07-19,,,2019-07-19,2019-07-19,2019-07-19,2019-07-22,estimated_three_federal_business_days_friday_floor,https://www.cftc.gov/MarketReports/CommitmentsofTraders/ReleaseSchedule/index.htm,True,estimated,15:30 America/New_York,3
legacy_futures_only,2019-07-16,False,2019-07-19,,,2019-07-19,2019-07-19,2019-07-19,2019-07-22,estimated_three_federal_business_days_friday_floor,https://www.cftc.gov/MarketReports/CommitmentsofTraders/ReleaseSchedule/index.htm,True,estimated,15:30 America/New_York,3
disaggregated_futures_only,2019-07-23,False,2019-07-26,,,2019-07-26,2019-07-26,2019-07-26,2019-07-29,estimated_three_federal_business_days_friday_floor,https://www.cftc.gov/MarketReports/CommitmentsofTraders/ReleaseSchedule/index.htm,True,estimated,15:30 America/New_York,3
legacy_futures_only,2019-07-23,False,2019-07-26,,,2019-07-26,2019-07-26,2019-07-26,2019-07-29,estimated_three_federal_business_days_friday_floor,https://www.cftc.gov/MarketReports/CommitmentsofTraders/ReleaseSchedule/index.htm,True,estimated,15:30 America/New_York,3
disaggregated_futures_only,2019-07-30,False,2019-08-02,,,2019-08-02,2019-08-02,2019-08-02,2019-08-05,estimated_three_federal_business_days_friday_floor,https://www.cftc.gov/MarketReports/CommitmentsofTraders/ReleaseSchedule/index.htm,True,estimated,15:30 America/New_York,3
legacy_futures_only,2019-07-30,False,2019-08-02,,,2019-08-02,2019-08-02,2019-08-02,2019-08-05,estimated_three_federal_business_days_friday_floor,https://www.cftc.gov/MarketReports/CommitmentsofTraders/ReleaseSchedule/index.htm,True,estimated,15:30 America/New_York,3
disaggregated_futures_only,2019-08-06,False,2019-08-09,,,2019-08-09,2019-08-09,2019-08-09,2019-08-12,estimated_three_federal_business_days_friday_floor,https://www.cftc.gov/MarketReports/CommitmentsofTraders/ReleaseSchedule/index.htm,True,estimated,15:30 America/New_York,3
legacy_futures_only,2019-08-06,False,2019-08-09,,,2019-08-09,2019-08-09,2019-08-09,2019-08-12,estimated_three_federal_business_days_friday_floor,https://www.cftc.gov/MarketReports/CommitmentsofTraders/ReleaseSchedule/index.htm,True,estimated,15:30 America/New_York,3
disaggregated_futures_only,2019-08-13,False,2019-08-16,,,2019-08-16,2019-08-16,2019-08-16,2019-08-19,estimated_three_federal_business_days_friday_floor,https://www.cftc.gov/MarketReports/CommitmentsofTraders/ReleaseSchedule/index.htm,True,estimated,15:30 America/New_York,3
legacy_futures_only,2019-08-13,False,2019-08-16,,,2019-08-16,2019-08-16,2019-08-16,2019-08-19,estimated_three_federal_business_days_friday_floor,https://www.cftc.gov/MarketReports/CommitmentsofTraders/ReleaseSchedule/index.htm,True,estimated,15:30 America/New_York,3
disaggregated_futures_only,2019-08-20,False,2019-08-23,,,2019-08-23,2019-08-23,2019-08-23,2019-08-26,estimated_three_federal_business_days_friday_floor,https://www.cftc.gov/MarketReports/CommitmentsofTraders/ReleaseSchedule/index.htm,True,estimated,15:30 America/New_York,3
legacy_futures_only,2019-08-20,False,2019-08-23,,,2019-08-23,2019-08-23,2019-08-23,2019-08-26,estimated_three_federal_business_days_friday_floor,https://www.cftc.gov/MarketReports/CommitmentsofTraders/ReleaseSchedule/index.htm,True,estimated,15:30 America/New_York,3
disaggregated_futures_only,2019-08-27,False,2019-08-30,,,2019-08-30,2019-08-30,2019-08-30,2019-09-03,estimated_three_federal_business_days_friday_floor,https://www.cftc.gov/MarketReports/CommitmentsofTraders/ReleaseSchedule/index.htm,True,estimated,15:30 America/New_York,3
legacy_futures_only,2019-08-27,False,2019-08-30,,,2019-08-30,2019-08-30,2019-08-30,2019-09-03,estimated_three_federal_business_days_friday_floor,https://www.cftc.gov/MarketReports/CommitmentsofTraders/ReleaseSchedule/index.htm,True,estimated,15:30 America/New_York,3
disaggregated_futures_only,2019-09-03,False,2019-09-06,,,2019-09-06,2019-09-06,2019-09-06,2019-09-09,estimated_three_federal_business_days_friday_floor,https://www.cftc.gov/MarketReports/CommitmentsofTraders/ReleaseSchedule/index.htm,True,estimated,15:30 America/New_York,3
legacy_futures_only,2019-09-03,False,2019-09-06,,,2019-09-06,2019-09-06,2019-09-06,2019-09-09,estimated_three_federal_business_days_friday_floor,https://www.cftc.gov/MarketReports/CommitmentsofTraders/ReleaseSchedule/index.htm,True,estimated,15:30 America/New_York,3
disaggregated_futures_only,2019-09-10,False,2019-09-13,,,2019-09-13,2019-09-13,2019-09-13,2019-09-16,estimated_three_federal_business_days_friday_floor,https://www.cftc.gov/MarketReports/CommitmentsofTraders/ReleaseSchedule/index.htm,True,estimated,15:30 America/New_York,3
legacy_futures_only,2019-09-10,False,2019-09-13,,,2019-09-13,2019-09-13,2019-09-13,2019-09-16,estimated_three_federal_business_days_friday_floor,https://www.cftc.gov/MarketReports/CommitmentsofTraders/ReleaseSchedule/index.htm,True,estimated,15:30 America/New_York,3
disaggregated_futures_only,2019-09-17,False,2019-09-20,,,2019-09-20,2019-09-20,2019-09-20,2019-09-23,estimated_three_federal_business_days_friday_floor,https://www.cftc.gov/MarketReports/CommitmentsofTraders/ReleaseSchedule/index.htm,True,estimated,15:30 America/New_York,3
legacy_futures_only,2019-09-17,False,2019-09-20,,,2019-09-20,2019-09-20,2019-09-20,2019-09-23,estimated_three_federal_business_days_friday_floor,https://www.cftc.gov/MarketReports/CommitmentsofTraders/ReleaseSchedule/index.htm,True,estimated,15:30 America/New_York,3
disaggregated_futures_only,2019-09-24,False,2019-09-27,,,2019-09-27,2019-09-27,2019-09-27,2019-09-30,estimated_three_federal_business_days_friday_floor,https://www.cftc.gov/MarketReports/CommitmentsofTraders/ReleaseSchedule/index.htm,True,estimated,15:30 America/New_York,3
legacy_futures_only,2019-09-24,False,2019-09-27,,,2019-09-27,2019-09-27,2019-09-27,2019-09-30,estimated_three_federal_business_days_friday_floor,https://www.cftc.gov/MarketReports/CommitmentsofTraders/ReleaseSchedule/index.htm,True,estimated,15:30 America/New_York,3
disaggregated_futures_only,2019-10-01,False,2019-10-04,,,2019-10-04,2019-10-04,2019-10-04,2019-10-07,estimated_three_federal_business_days_friday_floor,https://www.cftc.gov/MarketReports/CommitmentsofTraders/ReleaseSchedule/index.htm,True,estimated,15:30 America/New_York,3
legacy_futures_only,2019-10-01,False,2019-10-04,,,2019-10-04,2019-10-04,2019-10-04,2019-10-07,estimated_three_federal_business_days_friday_floor,https://www.cftc.gov/MarketReports/CommitmentsofTraders/ReleaseSchedule/index.htm,True,estimated,15:30 America/New_York,3
disaggregated_futures_only,2019-10-08,False,2019-10-11,,,2019-10-11,2019-10-11,2019-10-11,2019-10-14,estimated_three_federal_business_days_friday_floor,https://www.cftc.gov/MarketReports/CommitmentsofTraders/ReleaseSchedule/index.htm,True,estimated,15:30 America/New_York,3
legacy_futures_only,2019-10-08,False,2019-10-11,,,2019-10-11,2019-10-11,2019-10-11,2019-10-14,estimated_three_federal_business_days_friday_floor,https://www.cftc.gov/MarketReports/CommitmentsofTraders/ReleaseSchedule/index.htm,True,estimated,15:30 America/New_York,3
disaggregated_futures_only,2019-10-15,False,2019-10-18,,,2019-10-18,2019-10-18,2019-10-18,2019-10-21,estimated_three_federal_business_days_friday_floor,https://www.cftc.gov/MarketReports/CommitmentsofTraders/ReleaseSchedule/index.htm,True,estimated,15:30 America/New_York,3
legacy_futures_only,2019-10-15,False,2019-10-18,,,2019-10-18,2019-10-18,2019-10-18,2019-10-21,estimated_three_federal_business_days_friday_floor,https://www.cftc.gov/MarketReports/CommitmentsofTraders/ReleaseSchedule/index.htm,True,estimated,15:30 America/New_York,3
disaggregated_futures_only,2019-10-22,False,2019-10-25,,,2019-10-25,2019-10-25,2019-10-25,2019-10-28,estimated_three_federal_business_days_friday_floor,https://www.cftc.gov/MarketReports/CommitmentsofTraders/ReleaseSchedule/index.htm,True,estimated,15:30 America/New_York,3
legacy_futures_only,2019-10-22,False,2019-10-25,,,2019-10-25,2019-10-25,2019-10-25,2019-10-28,estimated_three_federal_business_days_friday_floor,https://www.cftc.gov/MarketReports/CommitmentsofTraders/ReleaseSchedule/index.htm,True,estimated,15:30 America/New_York,3
disaggregated_futures_only,2019-10-29,False,2019-11-01,,,2019-11-01,2019-11-01,2019-11-01,2019-11-04,estimated_three_federal_business_days_friday_floor,https://www.cftc.gov/MarketReports/CommitmentsofTraders/ReleaseSchedule/index.htm,True,estimated,15:30 America/New_York,3
legacy_futures_only,2019-10-29,False,2019-11-01,,,2019-11-01,2019-11-01,2019-11-01,2019-11-04,estimated_three_federal_business_days_friday_floor,https://www.cftc.gov/MarketReports/CommitmentsofTraders/ReleaseSchedule/index.htm,True,estimated,15:30 America/New_York,3
disaggregated_futures_only,2019-11-05,False,2019-11-08,,,2019-11-08,2019-11-08,2019-11-08,2019-11-11,estimated_three_federal_business_days_friday_floor,https://www.cftc.gov/MarketReports/CommitmentsofTraders/ReleaseSchedule/index.htm,True,estimated,15:30 America/New_York,3
legacy_futures_only,2019-11-05,False,2019-11-08,,,2019-11-08,2019-11-08,2019-11-08,2019-11-11,estimated_three_federal_business_days_friday_floor,https://www.cftc.gov/MarketReports/CommitmentsofTraders/ReleaseSchedule/index.htm,True,estimated,15:30 America/New_York,3
disaggregated_futures_only,2019-11-12,False,2019-11-15,,,2019-11-15,2019-11-15,2019-11-15,2019-11-18,estimated_three_federal_business_days_friday_floor,https://www.cftc.gov/MarketReports/CommitmentsofTraders/ReleaseSchedule/index.htm,True,estimated,15:30 America/New_York,3
legacy_futures_only,2019-11-12,False,2019-11-15,,,2019-11-15,2019-11-15,2019-11-15,2019-11-18,estimated_three_federal_business_days_friday_floor,https://www.cftc.gov/MarketReports/CommitmentsofTraders/ReleaseSchedule/index.htm,True,estimated,15:30 America/New_York,3
disaggregated_futures_only,2019-11-19,False,2019-11-22,,,2019-11-22,2019-11-22,2019-11-22,2019-11-25,estimated_three_federal_business_days_friday_floor,https://www.cftc.gov/MarketReports/CommitmentsofTraders/ReleaseSchedule/index.htm,True,estimated,15:30 America/New_York,3
legacy_futures_only,2019-11-19,False,2019-11-22,,,2019-11-22,2019-11-22,2019-11-22,2019-11-25,estimated_three_federal_business_days_friday_floor,https://www.cftc.gov/MarketReports/CommitmentsofTraders/ReleaseSchedule/index.htm,True,estimated,15:30 America/New_York,3
disaggregated_futures_only,2019-11-26,False,2019-12-02,,,2019-12-02,2019-12-02,2019-12-02,2019-12-03,estimated_three_federal_business_days_friday_floor,https://www.cftc.gov/MarketReports/CommitmentsofTraders/ReleaseSchedule/index.htm,True,estimated,15:30 America/New_York,6
legacy_futures_only,2019-11-26,False,2019-12-02,,,2019-12-02,2019-12-02,2019-12-02,2019-12-03,estimated_three_federal_business_days_friday_floor,https://www.cftc.gov/MarketReports/CommitmentsofTraders/ReleaseSchedule/index.htm,True,estimated,15:30 America/New_York,6
disaggregated_futures_only,2019-12-03,False,2019-12-06,,,2019-12-06,2019-12-06,2019-12-06,2019-12-09,estimated_three_federal_business_days_friday_floor,https://www.cftc.gov/MarketReports/CommitmentsofTraders/ReleaseSchedule/index.htm,True,estimated,15:30 America/New_York,3
legacy_futures_only,2019-12-03,False,2019-12-06,,,2019-12-06,2019-12-06,2019-12-06,2019-12-09,estimated_three_federal_business_days_friday_floor,https://www.cftc.gov/MarketReports/CommitmentsofTraders/ReleaseSchedule/index.htm,True,estimated,15:30 America/New_York,3
disaggregated_futures_only,2019-12-10,False,2019-12-13,,,2019-12-13,2019-12-13,2019-12-13,2019-12-16,estimated_three_federal_business_days_friday_floor,https://www.cftc.gov/MarketReports/CommitmentsofTraders/ReleaseSchedule/index.htm,True,estimated,15:30 America/New_York,3
legacy_futures_only,2019-12-10,False,2019-12-13,,,2019-12-13,2019-12-13,2019-12-13,2019-12-16,estimated_three_federal_business_days_friday_floor,https://www.cftc.gov/MarketReports/CommitmentsofTraders/ReleaseSchedule/index.htm,True,estimated,15:30 America/New_York,3
disaggregated_futures_only,2019-12-17,False,2019-12-20,,,2019-12-20,2019-12-20,2019-12-20,2019-12-23,estimated_three_federal_business_days_friday_floor,https://www.cftc.gov/MarketReports/CommitmentsofTraders/ReleaseSchedule/index.htm,True,estimated,15:30 America/New_York,3
legacy_futures_only,2019-12-17,False,2019-12-20,,,2019-12-20,2019-12-20,2019-12-20,2019-12-23,estimated_three_federal_business_days_friday_floor,https://www.cftc.gov/MarketReports/CommitmentsofTraders/ReleaseSchedule/index.htm,True,estimated,15:30 America/New_York,3
disaggregated_futures_only,2019-12-24,False,2019-12-30,,,2019-12-30,2019-12-30,2019-12-30,2019-12-31,estimated_three_federal_business_days_friday_floor,https://www.cftc.gov/MarketReports/CommitmentsofTraders/ReleaseSchedule/index.htm,True,estimated,15:30 America/New_York,6
legacy_futures_only,2019-12-24,False,2019-12-30,,,2019-12-30,2019-12-30,2019-12-30,2019-12-31,estimated_three_federal_business_days_friday_floor,https://www.cftc.gov/MarketReports/CommitmentsofTraders/ReleaseSchedule/index.htm,True,estimated,15:30 America/New_York,6
disaggregated_futures_only,2019-12-31,False,2020-01-06,,,2020-01-06,2020-01-06,2020-01-06,2020-01-07,estimated_three_federal_business_days_friday_floor,https://www.cftc.gov/MarketReports/CommitmentsofTraders/ReleaseSchedule/index.htm,True,estimated,15:30 America/New_York,6
legacy_futures_only,2019-12-31,False,2020-01-06,,,2020-01-06,2020-01-06,2020-01-06,2020-01-07,estimated_three_federal_business_days_friday_floor,https://www.cftc.gov/MarketReports/CommitmentsofTraders/ReleaseSchedule/index.htm,True,estimated,15:30 America/New_York,6
disaggregated_futures_only,2020-01-07,False,2020-01-10,,,2020-01-10,2020-01-10,2020-01-10,2020-01-13,estimated_three_federal_business_days_friday_floor,https://www.cftc.gov/MarketReports/CommitmentsofTraders/ReleaseSchedule/index.htm,True,estimated,15:30 America/New_York,3
legacy_futures_only,2020-01-07,False,2020-01-10,,,2020-01-10,2020-01-10,2020-01-10,2020-01-13,estimated_three_federal_business_days_friday_floor,https://www.cftc.gov/MarketReports/CommitmentsofTraders/ReleaseSchedule/index.htm,True,estimated,15:30 America/New_York,3
disaggregated_futures_only,2020-01-14,False,2020-01-17,,,2020-01-17,2020-01-17,2020-01-17,2020-01-21,estimated_three_federal_business_days_friday_floor,https://www.cftc.gov/MarketReports/CommitmentsofTraders/ReleaseSchedule/index.htm,True,estimated,15:30 America/New_York,3
legacy_futures_only,2020-01-14,False,2020-01-17,,,2020-01-17,2020-01-17,2020-01-17,2020-01-21,estimated_three_federal_business_days_friday_floor,https://www.cftc.gov/MarketReports/CommitmentsofTraders/ReleaseSchedule/index.htm,True,estimated,15:30 America/New_York,3
disaggregated_futures_only,2020-01-21,False,2020-01-24,,,2020-01-24,2020-01-24,2020-01-24,2020-01-27,estimated_three_federal_business_days_friday_floor,https://www.cftc.gov/MarketReports/CommitmentsofTraders/ReleaseSchedule/index.htm,True,estimated,15:30 America/New_York,3
legacy_futures_only,2020-01-21,False,2020-01-24,,,2020-01-24,2020-01-24,2020-01-24,2020-01-27,estimated_three_federal_business_days_friday_floor,https://www.cftc.gov/MarketReports/CommitmentsofTraders/ReleaseSchedule/index.htm,True,estimated,15:30 America/New_York,3
disaggregated_futures_only,2020-01-28,False,2020-01-31,,,2020-01-31,2020-01-31,2020-01-31,2020-02-03,estimated_three_federal_business_days_friday_floor,https://www.cftc.gov/MarketReports/CommitmentsofTraders/ReleaseSchedule/index.htm,True,estimated,15:30 America/New_York,3
legacy_futures_only,2020-01-28,False,2020-01-31,,,2020-01-31,2020-01-31,2020-01-31,2020-02-03,estimated_three_federal_business_days_friday_floor,https://www.cftc.gov/MarketReports/CommitmentsofTraders/ReleaseSchedule/index.htm,True,estimated,15:30 America/New_York,3
disaggregated_futures_only,2020-02-04,False,2020-02-07,,,2020-02-07,2020-02-07,2020-02-07,2020-02-10,estimated_three_federal_business_days_friday_floor,https://www.cftc.gov/MarketReports/CommitmentsofTraders/ReleaseSchedule/index.htm,True,estimated,15:30 America/New_York,3
legacy_futures_only,2020-02-04,False,2020-02-07,,,2020-02-07,2020-02-07,2020-02-07,2020-02-10,estimated_three_federal_business_days_friday_floor,https://www.cftc.gov/MarketReports/CommitmentsofTraders/ReleaseSchedule/index.htm,True,estimated,15:30 America/New_York,3
disaggregated_futures_only,2020-02-11,False,2020-02-14,,,2020-02-14,2020-02-14,2020-02-14,2020-02-18,estimated_three_federal_business_days_friday_floor,https://www.cftc.gov/MarketReports/CommitmentsofTraders/ReleaseSchedule/index.htm,True,estimated,15:30 America/New_York,3
legacy_futures_only,2020-02-11,False,2020-02-14,,,2020-02-14,2020-02-14,2020-02-14,2020-02-18,estimated_three_federal_business_days_friday_floor,https://www.cftc.gov/MarketReports/CommitmentsofTraders/ReleaseSchedule/index.htm,True,estimated,15:30 America/New_York,3
disaggregated_futures_only,2020-02-18,False,2020-02-21,,,2020-02-21,2020-02-21,2020-02-21,2020-02-24,estimated_three_federal_business_days_friday_floor,https://www.cftc.gov/MarketReports/CommitmentsofTraders/ReleaseSchedule/index.htm,True,estimated,15:30 America/New_York,3
legacy_futures_only,2020-02-18,False,2020-02-21,,,2020-02-21,2020-02-21,2020-02-21,2020-02-24,estimated_three_federal_business_days_friday_floor,https://www.cftc.gov/MarketReports/CommitmentsofTraders/ReleaseSchedule/index.htm,True,estimated,15:30 America/New_York,3
disaggregated_futures_only,2020-02-25,False,2020-02-28,,,2020-02-28,2020-02-28,2020-02-28,2020-03-02,estimated_three_federal_business_days_friday_floor,https://www.cftc.gov/MarketReports/CommitmentsofTraders/ReleaseSchedule/index.htm,True,estimated,15:30 America/New_York,3
legacy_futures_only,2020-02-25,False,2020-02-28,,,2020-02-28,2020-02-28,2020-02-28,2020-03-02,estimated_three_federal_business_days_friday_floor,https://www.cftc.gov/MarketReports/CommitmentsofTraders/ReleaseSchedule/index.htm,True,estimated,15:30 America/New_York,3
disaggregated_futures_only,2020-03-03,False,2020-03-06,,,2020-03-06,2020-03-06,2020-03-06,2020-03-09,estimated_three_federal_business_days_friday_floor,https://www.cftc.gov/MarketReports/CommitmentsofTraders/ReleaseSchedule/index.htm,True,estimated,15:30 America/New_York,3
legacy_futures_only,2020-03-03,False,2020-03-06,,,2020-03-06,2020-03-06,2020-03-06,2020-03-09,estimated_three_federal_business_days_friday_floor,https://www.cftc.gov/MarketReports/CommitmentsofTraders/ReleaseSchedule/index.htm,True,estimated,15:30 America/New_York,3
disaggregated_futures_only,2020-03-10,False,2020-03-13,,,2020-03-13,2020-03-13,2020-03-13,2020-03-16,estimated_three_federal_business_days_friday_floor,https://www.cftc.gov/MarketReports/CommitmentsofTraders/ReleaseSchedule/index.htm,True,estimated,15:30 America/New_York,3
legacy_futures_only,2020-03-10,False,2020-03-13,,,2020-03-13,2020-03-13,2020-03-13,2020-03-16,estimated_three_federal_business_days_friday_floor,https://www.cftc.gov/MarketReports/CommitmentsofTraders/ReleaseSchedule/index.htm,True,estimated,15:30 America/New_York,3
disaggregated_futures_only,2020-03-17,False,2020-03-20,,,2020-03-20,2020-03-20,2020-03-20,2020-03-23,estimated_three_federal_business_days_friday_floor,https://www.cftc.gov/MarketReports/CommitmentsofTraders/ReleaseSchedule/index.htm,True,estimated,15:30 America/New_York,3
legacy_futures_only,2020-03-17,False,2020-03-20,,,2020-03-20,2020-03-20,2020-03-20,2020-03-23,estimated_three_federal_business_days_friday_floor,https://www.cftc.gov/MarketReports/CommitmentsofTraders/ReleaseSchedule/index.htm,True,estimated,15:30 America/New_York,3
disaggregated_futures_only,2020-03-24,False,2020-03-27,,,2020-03-27,2020-03-27,2020-03-27,2020-03-30,estimated_three_federal_business_days_friday_floor,https://www.cftc.gov/MarketReports/CommitmentsofTraders/ReleaseSchedule/index.htm,True,estimated,15:30 America/New_York,3
legacy_futures_only,2020-03-24,False,2020-03-27,,,2020-03-27,2020-03-27,2020-03-27,2020-03-30,estimated_three_federal_business_days_friday_floor,https://www.cftc.gov/MarketReports/CommitmentsofTraders/ReleaseSchedule/index.htm,True,estimated,15:30 America/New_York,3
disaggregated_futures_only,2020-03-31,False,2020-04-03,,,2020-04-03,2020-04-03,2020-04-03,2020-04-06,estimated_three_federal_business_days_friday_floor,https://www.cftc.gov/MarketReports/CommitmentsofTraders/ReleaseSchedule/index.htm,True,estimated,15:30 America/New_York,3
legacy_futures_only,2020-03-31,False,2020-04-03,,,2020-04-03,2020-04-03,2020-04-03,2020-04-06,estimated_three_federal_business_days_friday_floor,https://www.cftc.gov/MarketReports/CommitmentsofTraders/ReleaseSchedule/index.htm,True,estimated,15:30 America/New_York,3
disaggregated_futures_only,2020-04-07,False,2020-04-10,,,2020-04-10,2020-04-10,2020-04-10,2020-04-13,estimated_three_federal_business_days_friday_floor,https://www.cftc.gov/MarketReports/CommitmentsofTraders/ReleaseSchedule/index.htm,True,estimated,15:30 America/New_York,3
legacy_futures_only,2020-04-07,False,2020-04-10,,,2020-04-10,2020-04-10,2020-04-10,2020-04-13,estimated_three_federal_business_days_friday_floor,https://www.cftc.gov/MarketReports/CommitmentsofTraders/ReleaseSchedule/index.htm,True,estimated,15:30 America/New_York,3
disaggregated_futures_only,2020-04-14,False,2020-04-17,,,2020-04-17,2020-04-17,2020-04-17,2020-04-20,estimated_three_federal_business_days_friday_floor,https://www.cftc.gov/MarketReports/CommitmentsofTraders/ReleaseSchedule/index.htm,True,estimated,15:30 America/New_York,3
legacy_futures_only,2020-04-14,False,2020-04-17,,,2020-04-17,2020-04-17,2020-04-17,2020-04-20,estimated_three_federal_business_days_friday_floor,https://www.cftc.gov/MarketReports/CommitmentsofTraders/ReleaseSchedule/index.htm,True,estimated,15:30 America/New_York,3
disaggregated_futures_only,2020-04-21,False,2020-04-24,,,2020-04-24,2020-04-24,2020-04-24,2020-04-27,estimated_three_federal_business_days_friday_floor,https://www.cftc.gov/MarketReports/CommitmentsofTraders/ReleaseSchedule/index.htm,True,estimated,15:30 America/New_York,3
legacy_futures_only,2020-04-21,False,2020-04-24,,,2020-04-24,2020-04-24,2020-04-24,2020-04-27,estimated_three_federal_business_days_friday_floor,https://www.cftc.gov/MarketReports/CommitmentsofTraders/ReleaseSchedule/index.htm,True,estimated,15:30 America/New_York,3
disaggregated_futures_only,2020-04-28,False,2020-05-01,,,2020-05-01,2020-05-01,2020-05-01,2020-05-04,estimated_three_federal_business_days_friday_floor,https://www.cftc.gov/MarketReports/CommitmentsofTraders/ReleaseSchedule/index.htm,True,estimated,15:30 America/New_York,3
legacy_futures_only,2020-04-28,False,2020-05-01,,,2020-05-01,2020-05-01,2020-05-01,2020-05-04,estimated_three_federal_business_days_friday_floor,https://www.cftc.gov/MarketReports/CommitmentsofTraders/ReleaseSchedule/index.htm,True,estimated,15:30 America/New_York,3
disaggregated_futures_only,2020-05-05,False,2020-05-08,,,2020-05-08,2020-05-08,2020-05-08,2020-05-11,estimated_three_federal_business_days_friday_floor,https://www.cftc.gov/MarketReports/CommitmentsofTraders/ReleaseSchedule/index.htm,True,estimated,15:30 America/New_York,3
legacy_futures_only,2020-05-05,False,2020-05-08,,,2020-05-08,2020-05-08,2020-05-08,2020-05-11,estimated_three_federal_business_days_friday_floor,https://www.cftc.gov/MarketReports/CommitmentsofTraders/ReleaseSchedule/index.htm,True,estimated,15:30 America/New_York,3
disaggregated_futures_only,2020-05-12,False,2020-05-15,,,2020-05-15,2020-05-15,2020-05-15,2020-05-18,estimated_three_federal_business_days_friday_floor,https://www.cftc.gov/MarketReports/CommitmentsofTraders/ReleaseSchedule/index.htm,True,estimated,15:30 America/New_York,3
legacy_futures_only,2020-05-12,False,2020-05-15,,,2020-05-15,2020-05-15,2020-05-15,2020-05-18,estimated_three_federal_business_days_friday_floor,https://www.cftc.gov/MarketReports/CommitmentsofTraders/ReleaseSchedule/index.htm,True,estimated,15:30 America/New_York,3
disaggregated_futures_only,2020-05-19,False,2020-05-22,,,2020-05-22,2020-05-22,2020-05-22,2020-05-26,estimated_three_federal_business_days_friday_floor,https://www.cftc.gov/MarketReports/CommitmentsofTraders/ReleaseSchedule/index.htm,True,estimated,15:30 America/New_York,3
legacy_futures_only,2020-05-19,False,2020-05-22,,,2020-05-22,2020-05-22,2020-05-22,2020-05-26,estimated_three_federal_business_days_friday_floor,https://www.cftc.gov/MarketReports/CommitmentsofTraders/ReleaseSchedule/index.htm,True,estimated,15:30 America/New_York,3
disaggregated_futures_only,2020-05-26,False,2020-05-29,,,2020-05-29,2020-05-29,2020-05-29,2020-06-01,estimated_three_federal_business_days_friday_floor,https://www.cftc.gov/MarketReports/CommitmentsofTraders/ReleaseSchedule/index.htm,True,estimated,15:30 America/New_York,3
legacy_futures_only,2020-05-26,False,2020-05-29,,,2020-05-29,2020-05-29,2020-05-29,2020-06-01,estimated_three_federal_business_days_friday_floor,https://www.cftc.gov/MarketReports/CommitmentsofTraders/ReleaseSchedule/index.htm,True,estimated,15:30 America/New_York,3
disaggregated_futures_only,2020-06-02,False,2020-06-05,,,2020-06-05,2020-06-05,2020-06-05,2020-06-08,estimated_three_federal_business_days_friday_floor,https://www.cftc.gov/MarketReports/CommitmentsofTraders/ReleaseSchedule/index.htm,True,estimated,15:30 America/New_York,3
legacy_futures_only,2020-06-02,False,2020-06-05,,,2020-06-05,2020-06-05,2020-06-05,2020-06-08,estimated_three_federal_business_days_friday_floor,https://www.cftc.gov/MarketReports/CommitmentsofTraders/ReleaseSchedule/index.htm,True,estimated,15:30 America/New_York,3
disaggregated_futures_only,2020-06-09,False,2020-06-12,,,2020-06-12,2020-06-12,2020-06-12,2020-06-15,estimated_three_federal_business_days_friday_floor,https://www.cftc.gov/MarketReports/CommitmentsofTraders/ReleaseSchedule/index.htm,True,estimated,15:30 America/New_York,3
legacy_futures_only,2020-06-09,False,2020-06-12,,,2020-06-12,2020-06-12,2020-06-12,2020-06-15,estimated_three_federal_business_days_friday_floor,https://www.cftc.gov/MarketReports/CommitmentsofTraders/ReleaseSchedule/index.htm,True,estimated,15:30 America/New_York,3
disaggregated_futures_only,2020-06-16,False,2020-06-19,,,2020-06-19,2020-06-19,2020-06-19,2020-06-22,estimated_three_federal_business_days_friday_floor,https://www.cftc.gov/MarketReports/CommitmentsofTraders/ReleaseSchedule/index.htm,True,estimated,15:30 America/New_York,3
legacy_futures_only,2020-06-16,False,2020-06-19,,,2020-06-19,2020-06-19,2020-06-19,2020-06-22,estimated_three_federal_business_days_friday_floor,https://www.cftc.gov/MarketReports/CommitmentsofTraders/ReleaseSchedule/index.htm,True,estimated,15:30 America/New_York,3
disaggregated_futures_only,2020-06-23,False,2020-06-26,,,2020-06-26,2020-06-26,2020-06-26,2020-06-29,estimated_three_federal_business_days_friday_floor,https://www.cftc.gov/MarketReports/CommitmentsofTraders/ReleaseSchedule/index.htm,True,estimated,15:30 America/New_York,3
legacy_futures_only,2020-06-23,False,2020-06-26,,,2020-06-26,2020-06-26,2020-06-26,2020-06-29,estimated_three_federal_business_days_friday_floor,https://www.cftc.gov/MarketReports/CommitmentsofTraders/ReleaseSchedule/index.htm,True,estimated,15:30 America/New_York,3
disaggregated_futures_only,2020-06-30,False,2020-07-06,,,2020-07-06,2020-07-06,2020-07-06,2020-07-07,estimated_three_federal_business_days_friday_floor,https://www.cftc.gov/MarketReports/CommitmentsofTraders/ReleaseSchedule/index.htm,True,estimated,15:30 America/New_York,6
legacy_futures_only,2020-06-30,False,2020-07-06,,,2020-07-06,2020-07-06,2020-07-06,2020-07-07,estimated_three_federal_business_days_friday_floor,https://www.cftc.gov/MarketReports/CommitmentsofTraders/ReleaseSchedule/index.htm,True,estimated,15:30 America/New_York,6
disaggregated_futures_only,2020-07-07,False,2020-07-10,,,2020-07-10,2020-07-10,2020-07-10,2020-07-13,estimated_three_federal_business_days_friday_floor,https://www.cftc.gov/MarketReports/CommitmentsofTraders/ReleaseSchedule/index.htm,True,estimated,15:30 America/New_York,3
legacy_futures_only,2020-07-07,False,2020-07-10,,,2020-07-10,2020-07-10,2020-07-10,2020-07-13,estimated_three_federal_business_days_friday_floor,https://www.cftc.gov/MarketReports/CommitmentsofTraders/ReleaseSchedule/index.htm,True,estimated,15:30 America/New_York,3
disaggregated_futures_only,2020-07-14,False,2020-07-17,,,2020-07-17,2020-07-17,2020-07-17,2020-07-20,estimated_three_federal_business_days_friday_floor,https://www.cftc.gov/MarketReports/CommitmentsofTraders/ReleaseSchedule/index.htm,True,estimated,15:30 America/New_York,3
legacy_futures_only,2020-07-14,False,2020-07-17,,,2020-07-17,2020-07-17,2020-07-17,2020-07-20,estimated_three_federal_business_days_friday_floor,https://www.cftc.gov/MarketReports/CommitmentsofTraders/ReleaseSchedule/index.htm,True,estimated,15:30 America/New_York,3
disaggregated_futures_only,2020-07-21,False,2020-07-24,,,2020-07-24,2020-07-24,2020-07-24,2020-07-27,estimated_three_federal_business_days_friday_floor,https://www.cftc.gov/MarketReports/CommitmentsofTraders/ReleaseSchedule/index.htm,True,estimated,15:30 America/New_York,3
legacy_futures_only,2020-07-21,False,2020-07-24,,,2020-07-24,2020-07-24,2020-07-24,2020-07-27,estimated_three_federal_business_days_friday_floor,https://www.cftc.gov/MarketReports/CommitmentsofTraders/ReleaseSchedule/index.htm,True,estimated,15:30 America/New_York,3
disaggregated_futures_only,2020-07-28,False,2020-07-31,,,2020-07-31,2020-07-31,2020-07-31,2020-08-03,estimated_three_federal_business_days_friday_floor,https://www.cftc.gov/MarketReports/CommitmentsofTraders/ReleaseSchedule/index.htm,True,estimated,15:30 America/New_York,3
legacy_futures_only,2020-07-28,False,2020-07-31,,,2020-07-31,2020-07-31,2020-07-31,2020-08-03,estimated_three_federal_business_days_friday_floor,https://www.cftc.gov/MarketReports/CommitmentsofTraders/ReleaseSchedule/index.htm,True,estimated,15:30 America/New_York,3
disaggregated_futures_only,2020-08-04,False,2020-08-07,,,2020-08-07,2020-08-07,2020-08-07,2020-08-10,estimated_three_federal_business_days_friday_floor,https://www.cftc.gov/MarketReports/CommitmentsofTraders/ReleaseSchedule/index.htm,True,estimated,15:30 America/New_York,3
legacy_futures_only,2020-08-04,False,2020-08-07,,,2020-08-07,2020-08-07,2020-08-07,2020-08-10,estimated_three_federal_business_days_friday_floor,https://www.cftc.gov/MarketReports/CommitmentsofTraders/ReleaseSchedule/index.htm,True,estimated,15:30 America/New_York,3
disaggregated_futures_only,2020-08-11,False,2020-08-14,,,2020-08-14,2020-08-14,2020-08-14,2020-08-17,estimated_three_federal_business_days_friday_floor,https://www.cftc.gov/MarketReports/CommitmentsofTraders/ReleaseSchedule/index.htm,True,estimated,15:30 America/New_York,3
legacy_futures_only,2020-08-11,False,2020-08-14,,,2020-08-14,2020-08-14,2020-08-14,2020-08-17,estimated_three_federal_business_days_friday_floor,https://www.cftc.gov/MarketReports/CommitmentsofTraders/ReleaseSchedule/index.htm,True,estimated,15:30 America/New_York,3
disaggregated_futures_only,2020-08-18,False,2020-08-21,,,2020-08-21,2020-08-21,2020-08-21,2020-08-24,estimated_three_federal_business_days_friday_floor,https://www.cftc.gov/MarketReports/CommitmentsofTraders/ReleaseSchedule/index.htm,True,estimated,15:30 America/New_York,3
legacy_futures_only,2020-08-18,False,2020-08-21,,,2020-08-21,2020-08-21,2020-08-21,2020-08-24,estimated_three_federal_business_days_friday_floor,https://www.cftc.gov/MarketReports/CommitmentsofTraders/ReleaseSchedule/index.htm,True,estimated,15:30 America/New_York,3
disaggregated_futures_only,2020-08-25,False,2020-08-28,,,2020-08-28,2020-08-28,2020-08-28,2020-08-31,estimated_three_federal_business_days_friday_floor,https://www.cftc.gov/MarketReports/CommitmentsofTraders/ReleaseSchedule/index.htm,True,estimated,15:30 America/New_York,3
legacy_futures_only,2020-08-25,False,2020-08-28,,,2020-08-28,2020-08-28,2020-08-28,2020-08-31,estimated_three_federal_business_days_friday_floor,https://www.cftc.gov/MarketReports/CommitmentsofTraders/ReleaseSchedule/index.htm,True,estimated,15:30 America/New_York,3
disaggregated_futures_only,2020-09-01,False,2020-09-04,,,2020-09-04,2020-09-04,2020-09-04,2020-09-08,estimated_three_federal_business_days_friday_floor,https://www.cftc.gov/MarketReports/CommitmentsofTraders/ReleaseSchedule/index.htm,True,estimated,15:30 America/New_York,3
legacy_futures_only,2020-09-01,False,2020-09-04,,,2020-09-04,2020-09-04,2020-09-04,2020-09-08,estimated_three_federal_business_days_friday_floor,https://www.cftc.gov/MarketReports/CommitmentsofTraders/ReleaseSchedule/index.htm,True,estimated,15:30 America/New_York,3
disaggregated_futures_only,2020-09-08,False,2020-09-11,,,2020-09-11,2020-09-11,2020-09-11,2020-09-14,estimated_three_federal_business_days_friday_floor,https://www.cftc.gov/MarketReports/CommitmentsofTraders/ReleaseSchedule/index.htm,True,estimated,15:30 America/New_York,3
legacy_futures_only,2020-09-08,False,2020-09-11,,,2020-09-11,2020-09-11,2020-09-11,2020-09-14,estimated_three_federal_business_days_friday_floor,https://www.cftc.gov/MarketReports/CommitmentsofTraders/ReleaseSchedule/index.htm,True,estimated,15:30 America/New_York,3
disaggregated_futures_only,2020-09-15,False,2020-09-18,,,2020-09-18,2020-09-18,2020-09-18,2020-09-21,estimated_three_federal_business_days_friday_floor,https://www.cftc.gov/MarketReports/CommitmentsofTraders/ReleaseSchedule/index.htm,True,estimated,15:30 America/New_York,3
legacy_futures_only,2020-09-15,False,2020-09-18,,,2020-09-18,2020-09-18,2020-09-18,2020-09-21,estimated_three_federal_business_days_friday_floor,https://www.cftc.gov/MarketReports/CommitmentsofTraders/ReleaseSchedule/index.htm,True,estimated,15:30 America/New_York,3
disaggregated_futures_only,2020-09-22,False,2020-09-25,,,2020-09-25,2020-09-25,2020-09-25,2020-09-28,estimated_three_federal_business_days_friday_floor,https://www.cftc.gov/MarketReports/CommitmentsofTraders/ReleaseSchedule/index.htm,True,estimated,15:30 America/New_York,3
legacy_futures_only,2020-09-22,False,2020-09-25,,,2020-09-25,2020-09-25,2020-09-25,2020-09-28,estimated_three_federal_business_days_friday_floor,https://www.cftc.gov/MarketReports/CommitmentsofTraders/ReleaseSchedule/index.htm,True,estimated,15:30 America/New_York,3
disaggregated_futures_only,2020-09-29,False,2020-10-02,,,2020-10-02,2020-10-02,2020-10-02,2020-10-05,estimated_three_federal_business_days_friday_floor,https://www.cftc.gov/MarketReports/CommitmentsofTraders/ReleaseSchedule/index.htm,True,estimated,15:30 America/New_York,3
legacy_futures_only,2020-09-29,False,2020-10-02,,,2020-10-02,2020-10-02,2020-10-02,2020-10-05,estimated_three_federal_business_days_friday_floor,https://www.cftc.gov/MarketReports/CommitmentsofTraders/ReleaseSchedule/index.htm,True,estimated,15:30 America/New_York,3
disaggregated_futures_only,2020-10-06,False,2020-10-09,,,2020-10-09,2020-10-09,2020-10-09,2020-10-12,estimated_three_federal_business_days_friday_floor,https://www.cftc.gov/MarketReports/CommitmentsofTraders/ReleaseSchedule/index.htm,True,estimated,15:30 America/New_York,3
legacy_futures_only,2020-10-06,False,2020-10-09,,,2020-10-09,2020-10-09,2020-10-09,2020-10-12,estimated_three_federal_business_days_friday_floor,https://www.cftc.gov/MarketReports/CommitmentsofTraders/ReleaseSchedule/index.htm,True,estimated,15:30 America/New_York,3
disaggregated_futures_only,2020-10-13,False,2020-10-16,,,2020-10-16,2020-10-16,2020-10-16,2020-10-19,estimated_three_federal_business_days_friday_floor,https://www.cftc.gov/MarketReports/CommitmentsofTraders/ReleaseSchedule/index.htm,True,estimated,15:30 America/New_York,3
legacy_futures_only,2020-10-13,False,2020-10-16,,,2020-10-16,2020-10-16,2020-10-16,2020-10-19,estimated_three_federal_business_days_friday_floor,https://www.cftc.gov/MarketReports/CommitmentsofTraders/ReleaseSchedule/index.htm,True,estimated,15:30 America/New_York,3
disaggregated_futures_only,2020-10-20,False,2020-10-23,,,2020-10-23,2020-10-23,2020-10-23,2020-10-26,estimated_three_federal_business_days_friday_floor,https://www.cftc.gov/MarketReports/CommitmentsofTraders/ReleaseSchedule/index.htm,True,estimated,15:30 America/New_York,3
legacy_futures_only,2020-10-20,False,2020-10-23,,,2020-10-23,2020-10-23,2020-10-23,2020-10-26,estimated_three_federal_business_days_friday_floor,https://www.cftc.gov/MarketReports/CommitmentsofTraders/ReleaseSchedule/index.htm,True,estimated,15:30 America/New_York,3
disaggregated_futures_only,2020-10-27,False,2020-10-30,,,2020-10-30,2020-10-30,2020-10-30,2020-11-02,estimated_three_federal_business_days_friday_floor,https://www.cftc.gov/MarketReports/CommitmentsofTraders/ReleaseSchedule/index.htm,True,estimated,15:30 America/New_York,3
legacy_futures_only,2020-10-27,False,2020-10-30,,,2020-10-30,2020-10-30,2020-10-30,2020-11-02,estimated_three_federal_business_days_friday_floor,https://www.cftc.gov/MarketReports/CommitmentsofTraders/ReleaseSchedule/index.htm,True,estimated,15:30 America/New_York,3
disaggregated_futures_only,2020-11-03,False,2020-11-06,,,2020-11-06,2020-11-06,2020-11-06,2020-11-09,estimated_three_federal_business_days_friday_floor,https://www.cftc.gov/MarketReports/CommitmentsofTraders/ReleaseSchedule/index.htm,True,estimated,15:30 America/New_York,3
legacy_futures_only,2020-11-03,False,2020-11-06,,,2020-11-06,2020-11-06,2020-11-06,2020-11-09,estimated_three_federal_business_days_friday_floor,https://www.cftc.gov/MarketReports/CommitmentsofTraders/ReleaseSchedule/index.htm,True,estimated,15:30 America/New_York,3
disaggregated_futures_only,2020-11-10,False,2020-11-16,,,2020-11-16,2020-11-16,2020-11-16,2020-11-17,estimated_three_federal_business_days_friday_floor,https://www.cftc.gov/MarketReports/CommitmentsofTraders/ReleaseSchedule/index.htm,True,estimated,15:30 America/New_York,6
legacy_futures_only,2020-11-10,False,2020-11-16,,,2020-11-16,2020-11-16,2020-11-16,2020-11-17,estimated_three_federal_business_days_friday_floor,https://www.cftc.gov/MarketReports/CommitmentsofTraders/ReleaseSchedule/index.htm,True,estimated,15:30 America/New_York,6
disaggregated_futures_only,2020-11-17,False,2020-11-20,,,2020-11-20,2020-11-20,2020-11-20,2020-11-23,estimated_three_federal_business_days_friday_floor,https://www.cftc.gov/MarketReports/CommitmentsofTraders/ReleaseSchedule/index.htm,True,estimated,15:30 America/New_York,3
legacy_futures_only,2020-11-17,False,2020-11-20,,,2020-11-20,2020-11-20,2020-11-20,2020-11-23,estimated_three_federal_business_days_friday_floor,https://www.cftc.gov/MarketReports/CommitmentsofTraders/ReleaseSchedule/index.htm,True,estimated,15:30 America/New_York,3
disaggregated_futures_only,2020-11-24,False,2020-11-30,,,2020-11-30,2020-11-30,2020-11-30,2020-12-01,estimated_three_federal_business_days_friday_floor,https://www.cftc.gov/MarketReports/CommitmentsofTraders/ReleaseSchedule/index.htm,True,estimated,15:30 America/New_York,6
legacy_futures_only,2020-11-24,False,2020-11-30,,,2020-11-30,2020-11-30,2020-11-30,2020-12-01,estimated_three_federal_business_days_friday_floor,https://www.cftc.gov/MarketReports/CommitmentsofTraders/ReleaseSchedule/index.htm,True,estimated,15:30 America/New_York,6
disaggregated_futures_only,2020-12-01,False,2020-12-04,,,2020-12-04,2020-12-04,2020-12-04,2020-12-07,estimated_three_federal_business_days_friday_floor,https://www.cftc.gov/MarketReports/CommitmentsofTraders/ReleaseSchedule/index.htm,True,estimated,15:30 America/New_York,3
legacy_futures_only,2020-12-01,False,2020-12-04,,,2020-12-04,2020-12-04,2020-12-04,2020-12-07,estimated_three_federal_business_days_friday_floor,https://www.cftc.gov/MarketReports/CommitmentsofTraders/ReleaseSchedule/index.htm,True,estimated,15:30 America/New_York,3
disaggregated_futures_only,2020-12-08,False,2020-12-11,,,2020-12-11,2020-12-11,2020-12-11,2020-12-14,estimated_three_federal_business_days_friday_floor,https://www.cftc.gov/MarketReports/CommitmentsofTraders/ReleaseSchedule/index.htm,True,estimated,15:30 America/New_York,3
legacy_futures_only,2020-12-08,False,2020-12-11,,,2020-12-11,2020-12-11,2020-12-11,2020-12-14,estimated_three_federal_business_days_friday_floor,https://www.cftc.gov/MarketReports/CommitmentsofTraders/ReleaseSchedule/index.htm,True,estimated,15:30 America/New_York,3
disaggregated_futures_only,2020-12-15,False,2020-12-18,,,2020-12-18,2020-12-18,2020-12-18,2020-12-21,estimated_three_federal_business_days_friday_floor,https://www.cftc.gov/MarketReports/CommitmentsofTraders/ReleaseSchedule/index.htm,True,estimated,15:30 America/New_York,3
legacy_futures_only,2020-12-15,False,2020-12-18,,,2020-12-18,2020-12-18,2020-12-18,2020-12-21,estimated_three_federal_business_days_friday_floor,https://www.cftc.gov/MarketReports/CommitmentsofTraders/ReleaseSchedule/index.htm,True,estimated,15:30 America/New_York,3
disaggregated_futures_only,2020-12-21,False,2020-12-28,,,2020-12-28,2020-12-28,2020-12-28,2020-12-29,confirmed_2020_holiday,https://www.cftc.gov/MarketReports/CommitmentsofTraders/HistoricalSpecialAnnouncements/index.htm,False,confirmed,15:30 America/New_York,7
legacy_futures_only,2020-12-21,False,2020-12-28,,,2020-12-28,2020-12-28,2020-12-28,2020-12-29,confirmed_2020_holiday,https://www.cftc.gov/MarketReports/CommitmentsofTraders/HistoricalSpecialAnnouncements/index.htm,False,confirmed,15:30 America/New_York,7
disaggregated_futures_only,2020-12-29,False,2021-01-04,,,2021-01-04,2021-01-04,2021-01-04,2021-01-05,estimated_three_federal_business_days_friday_floor,https://www.cftc.gov/MarketReports/CommitmentsofTraders/ReleaseSchedule/index.htm,True,estimated,15:30 America/New_York,6
legacy_futures_only,2020-12-29,False,2021-01-04,,,2021-01-04,2021-01-04,2021-01-04,2021-01-05,estimated_three_federal_business_days_friday_floor,https://www.cftc.gov/MarketReports/CommitmentsofTraders/ReleaseSchedule/index.htm,True,estimated,15:30 America/New_York,6
disaggregated_futures_only,2021-01-05,False,2021-01-08,,,2021-01-08,2021-01-08,2021-01-08,2021-01-11,estimated_three_federal_business_days_friday_floor,https://www.cftc.gov/MarketReports/CommitmentsofTraders/ReleaseSchedule/index.htm,True,estimated,15:30 America/New_York,3
legacy_futures_only,2021-01-05,False,2021-01-08,,,2021-01-08,2021-01-08,2021-01-08,2021-01-11,estimated_three_federal_business_days_friday_floor,https://www.cftc.gov/MarketReports/CommitmentsofTraders/ReleaseSchedule/index.htm,True,estimated,15:30 America/New_York,3
disaggregated_futures_only,2021-01-12,False,2021-01-15,,,2021-01-15,2021-01-15,2021-01-15,2021-01-19,estimated_three_federal_business_days_friday_floor,https://www.cftc.gov/MarketReports/CommitmentsofTraders/ReleaseSchedule/index.htm,True,estimated,15:30 America/New_York,3
legacy_futures_only,2021-01-12,False,2021-01-15,,,2021-01-15,2021-01-15,2021-01-15,2021-01-19,estimated_three_federal_business_days_friday_floor,https://www.cftc.gov/MarketReports/CommitmentsofTraders/ReleaseSchedule/index.htm,True,estimated,15:30 America/New_York,3
disaggregated_futures_only,2021-01-19,False,2021-01-22,,,2021-01-22,2021-01-22,2021-01-22,2021-01-25,estimated_three_federal_business_days_friday_floor,https://www.cftc.gov/MarketReports/CommitmentsofTraders/ReleaseSchedule/index.htm,True,estimated,15:30 America/New_York,3
legacy_futures_only,2021-01-19,False,2021-01-22,,,2021-01-22,2021-01-22,2021-01-22,2021-01-25,estimated_three_federal_business_days_friday_floor,https://www.cftc.gov/MarketReports/CommitmentsofTraders/ReleaseSchedule/index.htm,True,estimated,15:30 America/New_York,3
disaggregated_futures_only,2021-01-26,False,2021-01-29,,,2021-01-29,2021-01-29,2021-01-29,2021-02-01,estimated_three_federal_business_days_friday_floor,https://www.cftc.gov/MarketReports/CommitmentsofTraders/ReleaseSchedule/index.htm,True,estimated,15:30 America/New_York,3
legacy_futures_only,2021-01-26,False,2021-01-29,,,2021-01-29,2021-01-29,2021-01-29,2021-02-01,estimated_three_federal_business_days_friday_floor,https://www.cftc.gov/MarketReports/CommitmentsofTraders/ReleaseSchedule/index.htm,True,estimated,15:30 America/New_York,3
disaggregated_futures_only,2021-02-02,False,2021-02-05,,,2021-02-05,2021-02-05,2021-02-05,2021-02-08,estimated_three_federal_business_days_friday_floor,https://www.cftc.gov/MarketReports/CommitmentsofTraders/ReleaseSchedule/index.htm,True,estimated,15:30 America/New_York,3
legacy_futures_only,2021-02-02,False,2021-02-05,,,2021-02-05,2021-02-05,2021-02-05,2021-02-08,estimated_three_federal_business_days_friday_floor,https://www.cftc.gov/MarketReports/CommitmentsofTraders/ReleaseSchedule/index.htm,True,estimated,15:30 America/New_York,3
disaggregated_futures_only,2021-02-09,False,2021-02-12,,,2021-02-12,2021-02-12,2021-02-12,2021-02-16,estimated_three_federal_business_days_friday_floor,https://www.cftc.gov/MarketReports/CommitmentsofTraders/ReleaseSchedule/index.htm,True,estimated,15:30 America/New_York,3
legacy_futures_only,2021-02-09,False,2021-02-12,,,2021-02-12,2021-02-12,2021-02-12,2021-02-16,estimated_three_federal_business_days_friday_floor,https://www.cftc.gov/MarketReports/CommitmentsofTraders/ReleaseSchedule/index.htm,True,estimated,15:30 America/New_York,3
disaggregated_futures_only,2021-02-16,False,2021-02-19,,,2021-02-19,2021-02-19,2021-02-19,2021-02-22,estimated_three_federal_business_days_friday_floor,https://www.cftc.gov/MarketReports/CommitmentsofTraders/ReleaseSchedule/index.htm,True,estimated,15:30 America/New_York,3
legacy_futures_only,2021-02-16,False,2021-02-19,,,2021-02-19,2021-02-19,2021-02-19,2021-02-22,estimated_three_federal_business_days_friday_floor,https://www.cftc.gov/MarketReports/CommitmentsofTraders/ReleaseSchedule/index.htm,True,estimated,15:30 America/New_York,3
disaggregated_futures_only,2021-02-23,False,2021-02-26,,,2021-02-26,2021-02-26,2021-02-26,2021-03-01,estimated_three_federal_business_days_friday_floor,https://www.cftc.gov/MarketReports/CommitmentsofTraders/ReleaseSchedule/index.htm,True,estimated,15:30 America/New_York,3
legacy_futures_only,2021-02-23,False,2021-02-26,,,2021-02-26,2021-02-26,2021-02-26,2021-03-01,estimated_three_federal_business_days_friday_floor,https://www.cftc.gov/MarketReports/CommitmentsofTraders/ReleaseSchedule/index.htm,True,estimated,15:30 America/New_York,3
disaggregated_futures_only,2021-03-02,False,2021-03-05,,,2021-03-05,2021-03-05,2021-03-05,2021-03-08,estimated_three_federal_business_days_friday_floor,https://www.cftc.gov/MarketReports/CommitmentsofTraders/ReleaseSchedule/index.htm,True,estimated,15:30 America/New_York,3
legacy_futures_only,2021-03-02,False,2021-03-05,,,2021-03-05,2021-03-05,2021-03-05,2021-03-08,estimated_three_federal_business_days_friday_floor,https://www.cftc.gov/MarketReports/CommitmentsofTraders/ReleaseSchedule/index.htm,True,estimated,15:30 America/New_York,3
disaggregated_futures_only,2021-03-09,False,2021-03-12,,,2021-03-12,2021-03-12,2021-03-12,2021-03-15,estimated_three_federal_business_days_friday_floor,https://www.cftc.gov/MarketReports/CommitmentsofTraders/ReleaseSchedule/index.htm,True,estimated,15:30 America/New_York,3
legacy_futures_only,2021-03-09,False,2021-03-12,,,2021-03-12,2021-03-12,2021-03-12,2021-03-15,estimated_three_federal_business_days_friday_floor,https://www.cftc.gov/MarketReports/CommitmentsofTraders/ReleaseSchedule/index.htm,True,estimated,15:30 America/New_York,3
disaggregated_futures_only,2021-03-16,False,2021-03-19,,,2021-03-19,2021-03-19,2021-03-19,2021-03-22,estimated_three_federal_business_days_friday_floor,https://www.cftc.gov/MarketReports/CommitmentsofTraders/ReleaseSchedule/index.htm,True,estimated,15:30 America/New_York,3
legacy_futures_only,2021-03-16,False,2021-03-19,,,2021-03-19,2021-03-19,2021-03-19,2021-03-22,estimated_three_federal_business_days_friday_floor,https://www.cftc.gov/MarketReports/CommitmentsofTraders/ReleaseSchedule/index.htm,True,estimated,15:30 America/New_York,3
disaggregated_futures_only,2021-03-23,False,2021-03-26,,,2021-03-26,2021-03-26,2021-03-26,2021-03-29,estimated_three_federal_business_days_friday_floor,https://www.cftc.gov/MarketReports/CommitmentsofTraders/ReleaseSchedule/index.htm,True,estimated,15:30 America/New_York,3
legacy_futures_only,2021-03-23,False,2021-03-26,,,2021-03-26,2021-03-26,2021-03-26,2021-03-29,estimated_three_federal_business_days_friday_floor,https://www.cftc.gov/MarketReports/CommitmentsofTraders/ReleaseSchedule/index.htm,True,estimated,15:30 America/New_York,3
disaggregated_futures_only,2021-03-30,False,2021-04-02,,,2021-04-02,2021-04-02,2021-04-02,2021-04-05,estimated_three_federal_business_days_friday_floor,https://www.cftc.gov/MarketReports/CommitmentsofTraders/ReleaseSchedule/index.htm,True,estimated,15:30 America/New_York,3
legacy_futures_only,2021-03-30,False,2021-04-02,,,2021-04-02,2021-04-02,2021-04-02,2021-04-05,estimated_three_federal_business_days_friday_floor,https://www.cftc.gov/MarketReports/CommitmentsofTraders/ReleaseSchedule/index.htm,True,estimated,15:30 America/New_York,3
disaggregated_futures_only,2021-04-06,False,2021-04-09,,,2021-04-09,2021-04-09,2021-04-09,2021-04-12,estimated_three_federal_business_days_friday_floor,https://www.cftc.gov/MarketReports/CommitmentsofTraders/ReleaseSchedule/index.htm,True,estimated,15:30 America/New_York,3
legacy_futures_only,2021-04-06,False,2021-04-09,,,2021-04-09,2021-04-09,2021-04-09,2021-04-12,estimated_three_federal_business_days_friday_floor,https://www.cftc.gov/MarketReports/CommitmentsofTraders/ReleaseSchedule/index.htm,True,estimated,15:30 America/New_York,3
disaggregated_futures_only,2021-04-13,False,2021-04-16,,,2021-04-16,2021-04-16,2021-04-16,2021-04-19,estimated_three_federal_business_days_friday_floor,https://www.cftc.gov/MarketReports/CommitmentsofTraders/ReleaseSchedule/index.htm,True,estimated,15:30 America/New_York,3
legacy_futures_only,2021-04-13,False,2021-04-16,,,2021-04-16,2021-04-16,2021-04-16,2021-04-19,estimated_three_federal_business_days_friday_floor,https://www.cftc.gov/MarketReports/CommitmentsofTraders/ReleaseSchedule/index.htm,True,estimated,15:30 America/New_York,3
disaggregated_futures_only,2021-04-20,False,2021-04-23,,,2021-04-23,2021-04-23,2021-04-23,2021-04-26,estimated_three_federal_business_days_friday_floor,https://www.cftc.gov/MarketReports/CommitmentsofTraders/ReleaseSchedule/index.htm,True,estimated,15:30 America/New_York,3
legacy_futures_only,2021-04-20,False,2021-04-23,,,2021-04-23,2021-04-23,2021-04-23,2021-04-26,estimated_three_federal_business_days_friday_floor,https://www.cftc.gov/MarketReports/CommitmentsofTraders/ReleaseSchedule/index.htm,True,estimated,15:30 America/New_York,3
disaggregated_futures_only,2021-04-27,False,2021-04-30,,,2021-04-30,2021-04-30,2021-04-30,2021-05-03,estimated_three_federal_business_days_friday_floor,https://www.cftc.gov/MarketReports/CommitmentsofTraders/ReleaseSchedule/index.htm,True,estimated,15:30 America/New_York,3
legacy_futures_only,2021-04-27,False,2021-04-30,,,2021-04-30,2021-04-30,2021-04-30,2021-05-03,estimated_three_federal_business_days_friday_floor,https://www.cftc.gov/MarketReports/CommitmentsofTraders/ReleaseSchedule/index.htm,True,estimated,15:30 America/New_York,3
disaggregated_futures_only,2021-05-04,False,2021-05-07,,,2021-05-07,2021-05-07,2021-05-07,2021-05-10,estimated_three_federal_business_days_friday_floor,https://www.cftc.gov/MarketReports/CommitmentsofTraders/ReleaseSchedule/index.htm,True,estimated,15:30 America/New_York,3
legacy_futures_only,2021-05-04,False,2021-05-07,,,2021-05-07,2021-05-07,2021-05-07,2021-05-10,estimated_three_federal_business_days_friday_floor,https://www.cftc.gov/MarketReports/CommitmentsofTraders/ReleaseSchedule/index.htm,True,estimated,15:30 America/New_York,3
disaggregated_futures_only,2021-05-11,False,2021-05-14,,,2021-05-14,2021-05-14,2021-05-14,2021-05-17,estimated_three_federal_business_days_friday_floor,https://www.cftc.gov/MarketReports/CommitmentsofTraders/ReleaseSchedule/index.htm,True,estimated,15:30 America/New_York,3
legacy_futures_only,2021-05-11,False,2021-05-14,,,2021-05-14,2021-05-14,2021-05-14,2021-05-17,estimated_three_federal_business_days_friday_floor,https://www.cftc.gov/MarketReports/CommitmentsofTraders/ReleaseSchedule/index.htm,True,estimated,15:30 America/New_York,3
disaggregated_futures_only,2021-05-18,False,2021-05-21,,,2021-05-21,2021-05-21,2021-05-21,2021-05-24,estimated_three_federal_business_days_friday_floor,https://www.cftc.gov/MarketReports/CommitmentsofTraders/ReleaseSchedule/index.htm,True,estimated,15:30 America/New_York,3
legacy_futures_only,2021-05-18,False,2021-05-21,,,2021-05-21,2021-05-21,2021-05-21,2021-05-24,estimated_three_federal_business_days_friday_floor,https://www.cftc.gov/MarketReports/CommitmentsofTraders/ReleaseSchedule/index.htm,True,estimated,15:30 America/New_York,3
disaggregated_futures_only,2021-05-25,False,2021-05-28,,,2021-05-28,2021-05-28,2021-05-28,2021-06-01,estimated_three_federal_business_days_friday_floor,https://www.cftc.gov/MarketReports/CommitmentsofTraders/ReleaseSchedule/index.htm,True,estimated,15:30 America/New_York,3
legacy_futures_only,2021-05-25,False,2021-05-28,,,2021-05-28,2021-05-28,2021-05-28,2021-06-01,estimated_three_federal_business_days_friday_floor,https://www.cftc.gov/MarketReports/CommitmentsofTraders/ReleaseSchedule/index.htm,True,estimated,15:30 America/New_York,3
disaggregated_futures_only,2021-06-01,False,2021-06-04,,,2021-06-04,2021-06-04,2021-06-04,2021-06-07,estimated_three_federal_business_days_friday_floor,https://www.cftc.gov/MarketReports/CommitmentsofTraders/ReleaseSchedule/index.htm,True,estimated,15:30 America/New_York,3
legacy_futures_only,2021-06-01,False,2021-06-04,,,2021-06-04,2021-06-04,2021-06-04,2021-06-07,estimated_three_federal_business_days_friday_floor,https://www.cftc.gov/MarketReports/CommitmentsofTraders/ReleaseSchedule/index.htm,True,estimated,15:30 America/New_York,3
disaggregated_futures_only,2021-06-08,False,2021-06-11,,,2021-06-11,2021-06-11,2021-06-11,2021-06-14,estimated_three_federal_business_days_friday_floor,https://www.cftc.gov/MarketReports/CommitmentsofTraders/ReleaseSchedule/index.htm,True,estimated,15:30 America/New_York,3
legacy_futures_only,2021-06-08,False,2021-06-11,,,2021-06-11,2021-06-11,2021-06-11,2021-06-14,estimated_three_federal_business_days_friday_floor,https://www.cftc.gov/MarketReports/CommitmentsofTraders/ReleaseSchedule/index.htm,True,estimated,15:30 America/New_York,3
disaggregated_futures_only,2021-06-15,False,2021-06-21,,,2021-06-21,2021-06-21,2021-06-21,2021-06-22,announced_2021_juneteenth,https://www.cftc.gov/MarketReports/CommitmentsofTraders/HistoricalSpecialAnnouncements/index.htm,True,announced_schedule,15:30 America/New_York,6
legacy_futures_only,2021-06-15,False,2021-06-21,,,2021-06-21,2021-06-21,2021-06-21,2021-06-22,announced_2021_juneteenth,https://www.cftc.gov/MarketReports/CommitmentsofTraders/HistoricalSpecialAnnouncements/index.htm,True,announced_schedule,15:30 America/New_York,6
disaggregated_futures_only,2021-06-22,False,2021-06-25,,,2021-06-25,2021-06-25,2021-06-25,2021-06-28,estimated_three_federal_business_days_friday_floor,https://www.cftc.gov/MarketReports/CommitmentsofTraders/ReleaseSchedule/index.htm,True,estimated,15:30 America/New_York,3
legacy_futures_only,2021-06-22,False,2021-06-25,,,2021-06-25,2021-06-25,2021-06-25,2021-06-28,estimated_three_federal_business_days_friday_floor,https://www.cftc.gov/MarketReports/CommitmentsofTraders/ReleaseSchedule/index.htm,True,estimated,15:30 America/New_York,3
disaggregated_futures_only,2021-06-29,False,2021-07-02,,,2021-07-02,2021-07-02,2021-07-02,2021-07-06,estimated_three_federal_business_days_friday_floor,https://www.cftc.gov/MarketReports/CommitmentsofTraders/ReleaseSchedule/index.htm,True,estimated,15:30 America/New_York,3
legacy_futures_only,2021-06-29,False,2021-07-02,,,2021-07-02,2021-07-02,2021-07-02,2021-07-06,estimated_three_federal_business_days_friday_floor,https://www.cftc.gov/MarketReports/CommitmentsofTraders/ReleaseSchedule/index.htm,True,estimated,15:30 America/New_York,3
disaggregated_futures_only,2021-07-06,False,2021-07-09,,,2021-07-09,2021-07-09,2021-07-09,2021-07-12,estimated_three_federal_business_days_friday_floor,https://www.cftc.gov/MarketReports/CommitmentsofTraders/ReleaseSchedule/index.htm,True,estimated,15:30 America/New_York,3
legacy_futures_only,2021-07-06,False,2021-07-09,,,2021-07-09,2021-07-09,2021-07-09,2021-07-12,estimated_three_federal_business_days_friday_floor,https://www.cftc.gov/MarketReports/CommitmentsofTraders/ReleaseSchedule/index.htm,True,estimated,15:30 America/New_York,3
disaggregated_futures_only,2021-07-13,False,2021-07-16,,,2021-07-16,2021-07-16,2021-07-16,2021-07-19,estimated_three_federal_business_days_friday_floor,https://www.cftc.gov/MarketReports/CommitmentsofTraders/ReleaseSchedule/index.htm,True,estimated,15:30 America/New_York,3
legacy_futures_only,2021-07-13,False,2021-07-16,,,2021-07-16,2021-07-16,2021-07-16,2021-07-19,estimated_three_federal_business_days_friday_floor,https://www.cftc.gov/MarketReports/CommitmentsofTraders/ReleaseSchedule/index.htm,True,estimated,15:30 America/New_York,3
disaggregated_futures_only,2021-07-20,False,2021-07-23,,,2021-07-23,2021-07-23,2021-07-23,2021-07-26,estimated_three_federal_business_days_friday_floor,https://www.cftc.gov/MarketReports/CommitmentsofTraders/ReleaseSchedule/index.htm,True,estimated,15:30 America/New_York,3
legacy_futures_only,2021-07-20,False,2021-07-23,,,2021-07-23,2021-07-23,2021-07-23,2021-07-26,estimated_three_federal_business_days_friday_floor,https://www.cftc.gov/MarketReports/CommitmentsofTraders/ReleaseSchedule/index.htm,True,estimated,15:30 America/New_York,3
disaggregated_futures_only,2021-07-27,False,2021-07-30,,,2021-07-30,2021-07-30,2021-07-30,2021-08-02,estimated_three_federal_business_days_friday_floor,https://www.cftc.gov/MarketReports/CommitmentsofTraders/ReleaseSchedule/index.htm,True,estimated,15:30 America/New_York,3
legacy_futures_only,2021-07-27,False,2021-07-30,,,2021-07-30,2021-07-30,2021-07-30,2021-08-02,estimated_three_federal_business_days_friday_floor,https://www.cftc.gov/MarketReports/CommitmentsofTraders/ReleaseSchedule/index.htm,True,estimated,15:30 America/New_York,3
disaggregated_futures_only,2021-08-03,False,2021-08-06,,,2021-08-06,2021-08-06,2021-08-06,2021-08-09,estimated_three_federal_business_days_friday_floor,https://www.cftc.gov/MarketReports/CommitmentsofTraders/ReleaseSchedule/index.htm,True,estimated,15:30 America/New_York,3
legacy_futures_only,2021-08-03,False,2021-08-06,,,2021-08-06,2021-08-06,2021-08-06,2021-08-09,estimated_three_federal_business_days_friday_floor,https://www.cftc.gov/MarketReports/CommitmentsofTraders/ReleaseSchedule/index.htm,True,estimated,15:30 America/New_York,3
disaggregated_futures_only,2021-08-10,False,2021-08-13,,,2021-08-13,2021-08-13,2021-08-13,2021-08-16,estimated_three_federal_business_days_friday_floor,https://www.cftc.gov/MarketReports/CommitmentsofTraders/ReleaseSchedule/index.htm,True,estimated,15:30 America/New_York,3
legacy_futures_only,2021-08-10,False,2021-08-13,,,2021-08-13,2021-08-13,2021-08-13,2021-08-16,estimated_three_federal_business_days_friday_floor,https://www.cftc.gov/MarketReports/CommitmentsofTraders/ReleaseSchedule/index.htm,True,estimated,15:30 America/New_York,3
disaggregated_futures_only,2021-08-17,False,2021-08-20,,,2021-08-20,2021-08-20,2021-08-20,2021-08-23,estimated_three_federal_business_days_friday_floor,https://www.cftc.gov/MarketReports/CommitmentsofTraders/ReleaseSchedule/index.htm,True,estimated,15:30 America/New_York,3
legacy_futures_only,2021-08-17,False,2021-08-20,,,2021-08-20,2021-08-20,2021-08-20,2021-08-23,estimated_three_federal_business_days_friday_floor,https://www.cftc.gov/MarketReports/CommitmentsofTraders/ReleaseSchedule/index.htm,True,estimated,15:30 America/New_York,3
disaggregated_futures_only,2021-08-24,False,2021-08-27,,,2021-08-27,2021-08-27,2021-08-27,2021-08-30,estimated_three_federal_business_days_friday_floor,https://www.cftc.gov/MarketReports/CommitmentsofTraders/ReleaseSchedule/index.htm,True,estimated,15:30 America/New_York,3
legacy_futures_only,2021-08-24,False,2021-08-27,,,2021-08-27,2021-08-27,2021-08-27,2021-08-30,estimated_three_federal_business_days_friday_floor,https://www.cftc.gov/MarketReports/CommitmentsofTraders/ReleaseSchedule/index.htm,True,estimated,15:30 America/New_York,3
disaggregated_futures_only,2021-08-31,False,2021-09-03,,,2021-09-03,2021-09-03,2021-09-03,2021-09-07,estimated_three_federal_business_days_friday_floor,https://www.cftc.gov/MarketReports/CommitmentsofTraders/ReleaseSchedule/index.htm,True,estimated,15:30 America/New_York,3
legacy_futures_only,2021-08-31,False,2021-09-03,,,2021-09-03,2021-09-03,2021-09-03,2021-09-07,estimated_three_federal_business_days_friday_floor,https://www.cftc.gov/MarketReports/CommitmentsofTraders/ReleaseSchedule/index.htm,True,estimated,15:30 America/New_York,3
disaggregated_futures_only,2021-09-07,False,2021-09-10,,,2021-09-10,2021-09-10,2021-09-10,2021-09-13,estimated_three_federal_business_days_friday_floor,https://www.cftc.gov/MarketReports/CommitmentsofTraders/ReleaseSchedule/index.htm,True,estimated,15:30 America/New_York,3
legacy_futures_only,2021-09-07,False,2021-09-10,,,2021-09-10,2021-09-10,2021-09-10,2021-09-13,estimated_three_federal_business_days_friday_floor,https://www.cftc.gov/MarketReports/CommitmentsofTraders/ReleaseSchedule/index.htm,True,estimated,15:30 America/New_York,3
disaggregated_futures_only,2021-09-14,False,2021-09-17,,,2021-09-17,2021-09-17,2021-09-17,2021-09-20,estimated_three_federal_business_days_friday_floor,https://www.cftc.gov/MarketReports/CommitmentsofTraders/ReleaseSchedule/index.htm,True,estimated,15:30 America/New_York,3
legacy_futures_only,2021-09-14,False,2021-09-17,,,2021-09-17,2021-09-17,2021-09-17,2021-09-20,estimated_three_federal_business_days_friday_floor,https://www.cftc.gov/MarketReports/CommitmentsofTraders/ReleaseSchedule/index.htm,True,estimated,15:30 America/New_York,3
disaggregated_futures_only,2021-09-21,False,2021-09-24,,,2021-09-24,2021-09-24,2021-09-24,2021-09-27,estimated_three_federal_business_days_friday_floor,https://www.cftc.gov/MarketReports/CommitmentsofTraders/ReleaseSchedule/index.htm,True,estimated,15:30 America/New_York,3
legacy_futures_only,2021-09-21,False,2021-09-24,,,2021-09-24,2021-09-24,2021-09-24,2021-09-27,estimated_three_federal_business_days_friday_floor,https://www.cftc.gov/MarketReports/CommitmentsofTraders/ReleaseSchedule/index.htm,True,estimated,15:30 America/New_York,3
disaggregated_futures_only,2021-09-28,False,2021-10-01,,,2021-10-01,2021-10-01,2021-10-01,2021-10-04,estimated_three_federal_business_days_friday_floor,https://www.cftc.gov/MarketReports/CommitmentsofTraders/ReleaseSchedule/index.htm,True,estimated,15:30 America/New_York,3
legacy_futures_only,2021-09-28,False,2021-10-01,,,2021-10-01,2021-10-01,2021-10-01,2021-10-04,estimated_three_federal_business_days_friday_floor,https://www.cftc.gov/MarketReports/CommitmentsofTraders/ReleaseSchedule/index.htm,True,estimated,15:30 America/New_York,3
disaggregated_futures_only,2021-10-05,False,2021-10-08,,,2021-10-08,2021-10-08,2021-10-08,2021-10-11,estimated_three_federal_business_days_friday_floor,https://www.cftc.gov/MarketReports/CommitmentsofTraders/ReleaseSchedule/index.htm,True,estimated,15:30 America/New_York,3
legacy_futures_only,2021-10-05,False,2021-10-08,,,2021-10-08,2021-10-08,2021-10-08,2021-10-11,estimated_three_federal_business_days_friday_floor,https://www.cftc.gov/MarketReports/CommitmentsofTraders/ReleaseSchedule/index.htm,True,estimated,15:30 America/New_York,3
disaggregated_futures_only,2021-10-12,False,2021-10-15,,,2021-10-15,2021-10-15,2021-10-15,2021-10-18,estimated_three_federal_business_days_friday_floor,https://www.cftc.gov/MarketReports/CommitmentsofTraders/ReleaseSchedule/index.htm,True,estimated,15:30 America/New_York,3
legacy_futures_only,2021-10-12,False,2021-10-15,,,2021-10-15,2021-10-15,2021-10-15,2021-10-18,estimated_three_federal_business_days_friday_floor,https://www.cftc.gov/MarketReports/CommitmentsofTraders/ReleaseSchedule/index.htm,True,estimated,15:30 America/New_York,3
disaggregated_futures_only,2021-10-19,False,2021-10-22,,,2021-10-22,2021-10-22,2021-10-22,2021-10-25,estimated_three_federal_business_days_friday_floor,https://www.cftc.gov/MarketReports/CommitmentsofTraders/ReleaseSchedule/index.htm,True,estimated,15:30 America/New_York,3
legacy_futures_only,2021-10-19,False,2021-10-22,,,2021-10-22,2021-10-22,2021-10-22,2021-10-25,estimated_three_federal_business_days_friday_floor,https://www.cftc.gov/MarketReports/CommitmentsofTraders/ReleaseSchedule/index.htm,True,estimated,15:30 America/New_York,3
disaggregated_futures_only,2021-10-26,False,2021-10-29,,,2021-10-29,2021-10-29,2021-10-29,2021-11-01,estimated_three_federal_business_days_friday_floor,https://www.cftc.gov/MarketReports/CommitmentsofTraders/ReleaseSchedule/index.htm,True,estimated,15:30 America/New_York,3
legacy_futures_only,2021-10-26,False,2021-10-29,,,2021-10-29,2021-10-29,2021-10-29,2021-11-01,estimated_three_federal_business_days_friday_floor,https://www.cftc.gov/MarketReports/CommitmentsofTraders/ReleaseSchedule/index.htm,True,estimated,15:30 America/New_York,3
disaggregated_futures_only,2021-11-02,False,2021-11-05,,,2021-11-05,2021-11-05,2021-11-05,2021-11-08,estimated_three_federal_business_days_friday_floor,https://www.cftc.gov/MarketReports/CommitmentsofTraders/ReleaseSchedule/index.htm,True,estimated,15:30 America/New_York,3
legacy_futures_only,2021-11-02,False,2021-11-05,,,2021-11-05,2021-11-05,2021-11-05,2021-11-08,estimated_three_federal_business_days_friday_floor,https://www.cftc.gov/MarketReports/CommitmentsofTraders/ReleaseSchedule/index.htm,True,estimated,15:30 America/New_York,3
disaggregated_futures_only,2021-11-09,False,2021-11-15,,,2021-11-15,2021-11-15,2021-11-15,2021-11-16,estimated_three_federal_business_days_friday_floor,https://www.cftc.gov/MarketReports/CommitmentsofTraders/ReleaseSchedule/index.htm,True,estimated,15:30 America/New_York,6
legacy_futures_only,2021-11-09,False,2021-11-15,,,2021-11-15,2021-11-15,2021-11-15,2021-11-16,estimated_three_federal_business_days_friday_floor,https://www.cftc.gov/MarketReports/CommitmentsofTraders/ReleaseSchedule/index.htm,True,estimated,15:30 America/New_York,6
disaggregated_futures_only,2021-11-16,False,2021-11-19,,,2021-11-19,2021-11-19,2021-11-19,2021-11-22,estimated_three_federal_business_days_friday_floor,https://www.cftc.gov/MarketReports/CommitmentsofTraders/ReleaseSchedule/index.htm,True,estimated,15:30 America/New_York,3
legacy_futures_only,2021-11-16,False,2021-11-19,,,2021-11-19,2021-11-19,2021-11-19,2021-11-22,estimated_three_federal_business_days_friday_floor,https://www.cftc.gov/MarketReports/CommitmentsofTraders/ReleaseSchedule/index.htm,True,estimated,15:30 America/New_York,3
disaggregated_futures_only,2021-11-23,False,2021-11-29,,,2021-11-29,2021-11-29,2021-11-29,2021-11-30,estimated_three_federal_business_days_friday_floor,https://www.cftc.gov/MarketReports/CommitmentsofTraders/ReleaseSchedule/index.htm,True,estimated,15:30 America/New_York,6
legacy_futures_only,2021-11-23,False,2021-11-29,,,2021-11-29,2021-11-29,2021-11-29,2021-11-30,estimated_three_federal_business_days_friday_floor,https://www.cftc.gov/MarketReports/CommitmentsofTraders/ReleaseSchedule/index.htm,True,estimated,15:30 America/New_York,6
disaggregated_futures_only,2021-11-30,False,2021-12-03,,,2021-12-03,2021-12-03,2021-12-03,2021-12-06,estimated_three_federal_business_days_friday_floor,https://www.cftc.gov/MarketReports/CommitmentsofTraders/ReleaseSchedule/index.htm,True,estimated,15:30 America/New_York,3
legacy_futures_only,2021-11-30,False,2021-12-03,,,2021-12-03,2021-12-03,2021-12-03,2021-12-06,estimated_three_federal_business_days_friday_floor,https://www.cftc.gov/MarketReports/CommitmentsofTraders/ReleaseSchedule/index.htm,True,estimated,15:30 America/New_York,3
disaggregated_futures_only,2021-12-07,False,2021-12-10,,,2021-12-10,2021-12-10,2021-12-10,2021-12-13,estimated_three_federal_business_days_friday_floor,https://www.cftc.gov/MarketReports/CommitmentsofTraders/ReleaseSchedule/index.htm,True,estimated,15:30 America/New_York,3
legacy_futures_only,2021-12-07,False,2021-12-10,,,2021-12-10,2021-12-10,2021-12-10,2021-12-13,estimated_three_federal_business_days_friday_floor,https://www.cftc.gov/MarketReports/CommitmentsofTraders/ReleaseSchedule/index.htm,True,estimated,15:30 America/New_York,3
disaggregated_futures_only,2021-12-14,False,2021-12-17,,,2021-12-17,2021-12-17,2021-12-17,2021-12-20,estimated_three_federal_business_days_friday_floor,https://www.cftc.gov/MarketReports/CommitmentsofTraders/ReleaseSchedule/index.htm,True,estimated,15:30 America/New_York,3
legacy_futures_only,2021-12-14,False,2021-12-17,,,2021-12-17,2021-12-17,2021-12-17,2021-12-20,estimated_three_federal_business_days_friday_floor,https://www.cftc.gov/MarketReports/CommitmentsofTraders/ReleaseSchedule/index.htm,True,estimated,15:30 America/New_York,3
disaggregated_futures_only,2021-12-21,False,2021-12-27,,,2021-12-27,2021-12-27,2021-12-27,2021-12-28,estimated_three_federal_business_days_friday_floor,https://www.cftc.gov/MarketReports/CommitmentsofTraders/ReleaseSchedule/index.htm,True,estimated,15:30 America/New_York,6
legacy_futures_only,2021-12-21,False,2021-12-27,,,2021-12-27,2021-12-27,2021-12-27,2021-12-28,estimated_three_federal_business_days_friday_floor,https://www.cftc.gov/MarketReports/CommitmentsofTraders/ReleaseSchedule/index.htm,True,estimated,15:30 America/New_York,6
disaggregated_futures_only,2021-12-28,False,2022-01-03,,,2022-01-03,2022-01-03,2022-01-03,2022-01-04,estimated_three_federal_business_days_friday_floor,https://www.cftc.gov/MarketReports/CommitmentsofTraders/ReleaseSchedule/index.htm,True,estimated,15:30 America/New_York,6
legacy_futures_only,2021-12-28,False,2022-01-03,,,2022-01-03,2022-01-03,2022-01-03,2022-01-04,estimated_three_federal_business_days_friday_floor,https://www.cftc.gov/MarketReports/CommitmentsofTraders/ReleaseSchedule/index.htm,True,estimated,15:30 America/New_York,6
disaggregated_futures_only,2022-01-04,False,2022-01-07,,,2022-01-07,2022-01-07,2022-01-07,2022-01-10,estimated_three_federal_business_days_friday_floor,https://www.cftc.gov/MarketReports/CommitmentsofTraders/ReleaseSchedule/index.htm,True,estimated,15:30 America/New_York,3
legacy_futures_only,2022-01-04,False,2022-01-07,,,2022-01-07,2022-01-07,2022-01-07,2022-01-10,estimated_three_federal_business_days_friday_floor,https://www.cftc.gov/MarketReports/CommitmentsofTraders/ReleaseSchedule/index.htm,True,estimated,15:30 America/New_York,3
disaggregated_futures_only,2022-01-11,False,2022-01-14,,,2022-01-14,2022-01-14,2022-01-14,2022-01-18,estimated_three_federal_business_days_friday_floor,https://www.cftc.gov/MarketReports/CommitmentsofTraders/ReleaseSchedule/index.htm,True,estimated,15:30 America/New_York,3
legacy_futures_only,2022-01-11,False,2022-01-14,,,2022-01-14,2022-01-14,2022-01-14,2022-01-18,estimated_three_federal_business_days_friday_floor,https://www.cftc.gov/MarketReports/CommitmentsofTraders/ReleaseSchedule/index.htm,True,estimated,15:30 America/New_York,3
disaggregated_futures_only,2022-01-18,False,2022-01-21,,,2022-01-21,2022-01-21,2022-01-21,2022-01-24,estimated_three_federal_business_days_friday_floor,https://www.cftc.gov/MarketReports/CommitmentsofTraders/ReleaseSchedule/index.htm,True,estimated,15:30 America/New_York,3
legacy_futures_only,2022-01-18,False,2022-01-21,,,2022-01-21,2022-01-21,2022-01-21,2022-01-24,estimated_three_federal_business_days_friday_floor,https://www.cftc.gov/MarketReports/CommitmentsofTraders/ReleaseSchedule/index.htm,True,estimated,15:30 America/New_York,3
disaggregated_futures_only,2022-01-25,False,2022-01-28,,,2022-01-28,2022-01-28,2022-01-28,2022-01-31,estimated_three_federal_business_days_friday_floor,https://www.cftc.gov/MarketReports/CommitmentsofTraders/ReleaseSchedule/index.htm,True,estimated,15:30 America/New_York,3
legacy_futures_only,2022-01-25,False,2022-01-28,,,2022-01-28,2022-01-28,2022-01-28,2022-01-31,estimated_three_federal_business_days_friday_floor,https://www.cftc.gov/MarketReports/CommitmentsofTraders/ReleaseSchedule/index.htm,True,estimated,15:30 America/New_York,3
disaggregated_futures_only,2022-02-01,False,2022-02-04,,,2022-02-04,2022-02-04,2022-02-04,2022-02-07,estimated_three_federal_business_days_friday_floor,https://www.cftc.gov/MarketReports/CommitmentsofTraders/ReleaseSchedule/index.htm,True,estimated,15:30 America/New_York,3
legacy_futures_only,2022-02-01,False,2022-02-04,,,2022-02-04,2022-02-04,2022-02-04,2022-02-07,estimated_three_federal_business_days_friday_floor,https://www.cftc.gov/MarketReports/CommitmentsofTraders/ReleaseSchedule/index.htm,True,estimated,15:30 America/New_York,3
disaggregated_futures_only,2022-02-08,False,2022-02-11,,,2022-02-11,2022-02-11,2022-02-11,2022-02-14,estimated_three_federal_business_days_friday_floor,https://www.cftc.gov/MarketReports/CommitmentsofTraders/ReleaseSchedule/index.htm,True,estimated,15:30 America/New_York,3
legacy_futures_only,2022-02-08,False,2022-02-11,,,2022-02-11,2022-02-11,2022-02-11,2022-02-14,estimated_three_federal_business_days_friday_floor,https://www.cftc.gov/MarketReports/CommitmentsofTraders/ReleaseSchedule/index.htm,True,estimated,15:30 America/New_York,3
disaggregated_futures_only,2022-02-15,False,2022-02-18,,,2022-02-18,2022-02-18,2022-02-18,2022-02-22,estimated_three_federal_business_days_friday_floor,https://www.cftc.gov/MarketReports/CommitmentsofTraders/ReleaseSchedule/index.htm,True,estimated,15:30 America/New_York,3
legacy_futures_only,2022-02-15,False,2022-02-18,,,2022-02-18,2022-02-18,2022-02-18,2022-02-22,estimated_three_federal_business_days_friday_floor,https://www.cftc.gov/MarketReports/CommitmentsofTraders/ReleaseSchedule/index.htm,True,estimated,15:30 America/New_York,3
disaggregated_futures_only,2022-02-22,False,2022-02-25,,,2022-02-25,2022-02-25,2022-02-25,2022-02-28,estimated_three_federal_business_days_friday_floor,https://www.cftc.gov/MarketReports/CommitmentsofTraders/ReleaseSchedule/index.htm,True,estimated,15:30 America/New_York,3
legacy_futures_only,2022-02-22,False,2022-02-25,,,2022-02-25,2022-02-25,2022-02-25,2022-02-28,estimated_three_federal_business_days_friday_floor,https://www.cftc.gov/MarketReports/CommitmentsofTraders/ReleaseSchedule/index.htm,True,estimated,15:30 America/New_York,3
disaggregated_futures_only,2022-03-01,False,2022-03-04,,,2022-03-04,2022-03-04,2022-03-04,2022-03-07,estimated_three_federal_business_days_friday_floor,https://www.cftc.gov/MarketReports/CommitmentsofTraders/ReleaseSchedule/index.htm,True,estimated,15:30 America/New_York,3
legacy_futures_only,2022-03-01,False,2022-03-04,,,2022-03-04,2022-03-04,2022-03-04,2022-03-07,estimated_three_federal_business_days_friday_floor,https://www.cftc.gov/MarketReports/CommitmentsofTraders/ReleaseSchedule/index.htm,True,estimated,15:30 America/New_York,3
disaggregated_futures_only,2022-03-08,False,2022-03-11,,,2022-03-11,2022-03-11,2022-03-11,2022-03-14,estimated_three_federal_business_days_friday_floor,https://www.cftc.gov/MarketReports/CommitmentsofTraders/ReleaseSchedule/index.htm,True,estimated,15:30 America/New_York,3
legacy_futures_only,2022-03-08,False,2022-03-11,,,2022-03-11,2022-03-11,2022-03-11,2022-03-14,estimated_three_federal_business_days_friday_floor,https://www.cftc.gov/MarketReports/CommitmentsofTraders/ReleaseSchedule/index.htm,True,estimated,15:30 America/New_York,3
disaggregated_futures_only,2022-03-15,False,2022-03-18,,,2022-03-18,2022-03-18,2022-03-18,2022-03-21,estimated_three_federal_business_days_friday_floor,https://www.cftc.gov/MarketReports/CommitmentsofTraders/ReleaseSchedule/index.htm,True,estimated,15:30 America/New_York,3
legacy_futures_only,2022-03-15,False,2022-03-18,,,2022-03-18,2022-03-18,2022-03-18,2022-03-21,estimated_three_federal_business_days_friday_floor,https://www.cftc.gov/MarketReports/CommitmentsofTraders/ReleaseSchedule/index.htm,True,estimated,15:30 America/New_York,3
disaggregated_futures_only,2022-03-22,False,2022-03-25,,,2022-03-25,2022-03-25,2022-03-25,2022-03-28,estimated_three_federal_business_days_friday_floor,https://www.cftc.gov/MarketReports/CommitmentsofTraders/ReleaseSchedule/index.htm,True,estimated,15:30 America/New_York,3
legacy_futures_only,2022-03-22,False,2022-03-25,,,2022-03-25,2022-03-25,2022-03-25,2022-03-28,estimated_three_federal_business_days_friday_floor,https://www.cftc.gov/MarketReports/CommitmentsofTraders/ReleaseSchedule/index.htm,True,estimated,15:30 America/New_York,3
disaggregated_futures_only,2022-03-29,False,2022-04-01,,,2022-04-01,2022-04-01,2022-04-01,2022-04-04,estimated_three_federal_business_days_friday_floor,https://www.cftc.gov/MarketReports/CommitmentsofTraders/ReleaseSchedule/index.htm,True,estimated,15:30 America/New_York,3
legacy_futures_only,2022-03-29,False,2022-04-01,,,2022-04-01,2022-04-01,2022-04-01,2022-04-04,estimated_three_federal_business_days_friday_floor,https://www.cftc.gov/MarketReports/CommitmentsofTraders/ReleaseSchedule/index.htm,True,estimated,15:30 America/New_York,3
disaggregated_futures_only,2022-04-05,False,2022-04-08,,,2022-04-08,2022-04-08,2022-04-08,2022-04-11,estimated_three_federal_business_days_friday_floor,https://www.cftc.gov/MarketReports/CommitmentsofTraders/ReleaseSchedule/index.htm,True,estimated,15:30 America/New_York,3
legacy_futures_only,2022-04-05,False,2022-04-08,,,2022-04-08,2022-04-08,2022-04-08,2022-04-11,estimated_three_federal_business_days_friday_floor,https://www.cftc.gov/MarketReports/CommitmentsofTraders/ReleaseSchedule/index.htm,True,estimated,15:30 America/New_York,3
disaggregated_futures_only,2022-04-12,False,2022-04-15,,,2022-04-15,2022-04-15,2022-04-15,2022-04-18,estimated_three_federal_business_days_friday_floor,https://www.cftc.gov/MarketReports/CommitmentsofTraders/ReleaseSchedule/index.htm,True,estimated,15:30 America/New_York,3
legacy_futures_only,2022-04-12,False,2022-04-15,,,2022-04-15,2022-04-15,2022-04-15,2022-04-18,estimated_three_federal_business_days_friday_floor,https://www.cftc.gov/MarketReports/CommitmentsofTraders/ReleaseSchedule/index.htm,True,estimated,15:30 America/New_York,3
disaggregated_futures_only,2022-04-19,False,2022-04-22,,,2022-04-22,2022-04-22,2022-04-22,2022-04-25,estimated_three_federal_business_days_friday_floor,https://www.cftc.gov/MarketReports/CommitmentsofTraders/ReleaseSchedule/index.htm,True,estimated,15:30 America/New_York,3
legacy_futures_only,2022-04-19,False,2022-04-22,,,2022-04-22,2022-04-22,2022-04-22,2022-04-25,estimated_three_federal_business_days_friday_floor,https://www.cftc.gov/MarketReports/CommitmentsofTraders/ReleaseSchedule/index.htm,True,estimated,15:30 America/New_York,3
disaggregated_futures_only,2022-04-26,False,2022-04-29,,,2022-04-29,2022-04-29,2022-04-29,2022-05-02,estimated_three_federal_business_days_friday_floor,https://www.cftc.gov/MarketReports/CommitmentsofTraders/ReleaseSchedule/index.htm,True,estimated,15:30 America/New_York,3
legacy_futures_only,2022-04-26,False,2022-04-29,,,2022-04-29,2022-04-29,2022-04-29,2022-05-02,estimated_three_federal_business_days_friday_floor,https://www.cftc.gov/MarketReports/CommitmentsofTraders/ReleaseSchedule/index.htm,True,estimated,15:30 America/New_York,3
disaggregated_futures_only,2022-05-03,False,2022-05-06,,,2022-05-06,2022-05-06,2022-05-06,2022-05-09,estimated_three_federal_business_days_friday_floor,https://www.cftc.gov/MarketReports/CommitmentsofTraders/ReleaseSchedule/index.htm,True,estimated,15:30 America/New_York,3
legacy_futures_only,2022-05-03,False,2022-05-06,,,2022-05-06,2022-05-06,2022-05-06,2022-05-09,estimated_three_federal_business_days_friday_floor,https://www.cftc.gov/MarketReports/CommitmentsofTraders/ReleaseSchedule/index.htm,True,estimated,15:30 America/New_York,3
disaggregated_futures_only,2022-05-10,False,2022-05-13,,,2022-05-13,2022-05-13,2022-05-13,2022-05-16,estimated_three_federal_business_days_friday_floor,https://www.cftc.gov/MarketReports/CommitmentsofTraders/ReleaseSchedule/index.htm,True,estimated,15:30 America/New_York,3
legacy_futures_only,2022-05-10,False,2022-05-13,,,2022-05-13,2022-05-13,2022-05-13,2022-05-16,estimated_three_federal_business_days_friday_floor,https://www.cftc.gov/MarketReports/CommitmentsofTraders/ReleaseSchedule/index.htm,True,estimated,15:30 America/New_York,3
disaggregated_futures_only,2022-05-17,False,2022-05-20,,,2022-05-20,2022-05-20,2022-05-20,2022-05-23,estimated_three_federal_business_days_friday_floor,https://www.cftc.gov/MarketReports/CommitmentsofTraders/ReleaseSchedule/index.htm,True,estimated,15:30 America/New_York,3
legacy_futures_only,2022-05-17,False,2022-05-20,,,2022-05-20,2022-05-20,2022-05-20,2022-05-23,estimated_three_federal_business_days_friday_floor,https://www.cftc.gov/MarketReports/CommitmentsofTraders/ReleaseSchedule/index.htm,True,estimated,15:30 America/New_York,3
disaggregated_futures_only,2022-05-24,False,2022-05-27,,,2022-05-27,2022-05-27,2022-05-27,2022-05-31,estimated_three_federal_business_days_friday_floor,https://www.cftc.gov/MarketReports/CommitmentsofTraders/ReleaseSchedule/index.htm,True,estimated,15:30 America/New_York,3
legacy_futures_only,2022-05-24,False,2022-05-27,,,2022-05-27,2022-05-27,2022-05-27,2022-05-31,estimated_three_federal_business_days_friday_floor,https://www.cftc.gov/MarketReports/CommitmentsofTraders/ReleaseSchedule/index.htm,True,estimated,15:30 America/New_York,3
disaggregated_futures_only,2022-05-31,False,2022-06-03,,,2022-06-03,2022-06-03,2022-06-03,2022-06-06,estimated_three_federal_business_days_friday_floor,https://www.cftc.gov/MarketReports/CommitmentsofTraders/ReleaseSchedule/index.htm,True,estimated,15:30 America/New_York,3
legacy_futures_only,2022-05-31,False,2022-06-03,,,2022-06-03,2022-06-03,2022-06-03,2022-06-06,estimated_three_federal_business_days_friday_floor,https://www.cftc.gov/MarketReports/CommitmentsofTraders/ReleaseSchedule/index.htm,True,estimated,15:30 America/New_York,3
disaggregated_futures_only,2022-06-07,False,2022-06-10,,,2022-06-10,2022-06-10,2022-06-10,2022-06-13,estimated_three_federal_business_days_friday_floor,https://www.cftc.gov/MarketReports/CommitmentsofTraders/ReleaseSchedule/index.htm,True,estimated,15:30 America/New_York,3
legacy_futures_only,2022-06-07,False,2022-06-10,,,2022-06-10,2022-06-10,2022-06-10,2022-06-13,estimated_three_federal_business_days_friday_floor,https://www.cftc.gov/MarketReports/CommitmentsofTraders/ReleaseSchedule/index.htm,True,estimated,15:30 America/New_York,3
disaggregated_futures_only,2022-06-14,False,2022-06-17,,,2022-06-17,2022-06-17,2022-06-17,2022-06-21,estimated_three_federal_business_days_friday_floor,https://www.cftc.gov/MarketReports/CommitmentsofTraders/ReleaseSchedule/index.htm,True,estimated,15:30 America/New_York,3
legacy_futures_only,2022-06-14,False,2022-06-17,,,2022-06-17,2022-06-17,2022-06-17,2022-06-21,estimated_three_federal_business_days_friday_floor,https://www.cftc.gov/MarketReports/CommitmentsofTraders/ReleaseSchedule/index.htm,True,estimated,15:30 America/New_York,3
disaggregated_futures_only,2022-06-21,False,2022-06-24,,,2022-06-24,2022-06-24,2022-06-24,2022-06-27,estimated_three_federal_business_days_friday_floor,https://www.cftc.gov/MarketReports/CommitmentsofTraders/ReleaseSchedule/index.htm,True,estimated,15:30 America/New_York,3
legacy_futures_only,2022-06-21,False,2022-06-24,,,2022-06-24,2022-06-24,2022-06-24,2022-06-27,estimated_three_federal_business_days_friday_floor,https://www.cftc.gov/MarketReports/CommitmentsofTraders/ReleaseSchedule/index.htm,True,estimated,15:30 America/New_York,3
disaggregated_futures_only,2022-06-28,False,2022-07-01,,,2022-07-01,2022-07-01,2022-07-01,2022-07-05,estimated_three_federal_business_days_friday_floor,https://www.cftc.gov/MarketReports/CommitmentsofTraders/ReleaseSchedule/index.htm,True,estimated,15:30 America/New_York,3
legacy_futures_only,2022-06-28,False,2022-07-01,,,2022-07-01,2022-07-01,2022-07-01,2022-07-05,estimated_three_federal_business_days_friday_floor,https://www.cftc.gov/MarketReports/CommitmentsofTraders/ReleaseSchedule/index.htm,True,estimated,15:30 America/New_York,3
disaggregated_futures_only,2022-07-05,False,2022-07-08,,,2022-07-08,2022-07-08,2022-07-08,2022-07-11,estimated_three_federal_business_days_friday_floor,https://www.cftc.gov/MarketReports/CommitmentsofTraders/ReleaseSchedule/index.htm,True,estimated,15:30 America/New_York,3
legacy_futures_only,2022-07-05,False,2022-07-08,,,2022-07-08,2022-07-08,2022-07-08,2022-07-11,estimated_three_federal_business_days_friday_floor,https://www.cftc.gov/MarketReports/CommitmentsofTraders/ReleaseSchedule/index.htm,True,estimated,15:30 America/New_York,3
disaggregated_futures_only,2022-07-12,False,2022-07-15,,,2022-07-15,2022-07-15,2022-07-15,2022-07-18,estimated_three_federal_business_days_friday_floor,https://www.cftc.gov/MarketReports/CommitmentsofTraders/ReleaseSchedule/index.htm,True,estimated,15:30 America/New_York,3
legacy_futures_only,2022-07-12,False,2022-07-15,,,2022-07-15,2022-07-15,2022-07-15,2022-07-18,estimated_three_federal_business_days_friday_floor,https://www.cftc.gov/MarketReports/CommitmentsofTraders/ReleaseSchedule/index.htm,True,estimated,15:30 America/New_York,3
disaggregated_futures_only,2022-07-19,False,2022-07-22,,,2022-07-22,2022-07-22,2022-07-22,2022-07-25,estimated_three_federal_business_days_friday_floor,https://www.cftc.gov/MarketReports/CommitmentsofTraders/ReleaseSchedule/index.htm,True,estimated,15:30 America/New_York,3
legacy_futures_only,2022-07-19,False,2022-07-22,,,2022-07-22,2022-07-22,2022-07-22,2022-07-25,estimated_three_federal_business_days_friday_floor,https://www.cftc.gov/MarketReports/CommitmentsofTraders/ReleaseSchedule/index.htm,True,estimated,15:30 America/New_York,3
disaggregated_futures_only,2022-07-26,False,2022-07-29,,,2022-07-29,2022-07-29,2022-07-29,2022-08-01,estimated_three_federal_business_days_friday_floor,https://www.cftc.gov/MarketReports/CommitmentsofTraders/ReleaseSchedule/index.htm,True,estimated,15:30 America/New_York,3
legacy_futures_only,2022-07-26,False,2022-07-29,,,2022-07-29,2022-07-29,2022-07-29,2022-08-01,estimated_three_federal_business_days_friday_floor,https://www.cftc.gov/MarketReports/CommitmentsofTraders/ReleaseSchedule/index.htm,True,estimated,15:30 America/New_York,3
disaggregated_futures_only,2022-08-02,False,2022-08-05,,,2022-08-05,2022-08-05,2022-08-05,2022-08-08,estimated_three_federal_business_days_friday_floor,https://www.cftc.gov/MarketReports/CommitmentsofTraders/ReleaseSchedule/index.htm,True,estimated,15:30 America/New_York,3
legacy_futures_only,2022-08-02,False,2022-08-05,,,2022-08-05,2022-08-05,2022-08-05,2022-08-08,estimated_three_federal_business_days_friday_floor,https://www.cftc.gov/MarketReports/CommitmentsofTraders/ReleaseSchedule/index.htm,True,estimated,15:30 America/New_York,3
disaggregated_futures_only,2022-08-09,False,2022-08-12,,,2022-08-12,2022-08-12,2022-08-12,2022-08-15,estimated_three_federal_business_days_friday_floor,https://www.cftc.gov/MarketReports/CommitmentsofTraders/ReleaseSchedule/index.htm,True,estimated,15:30 America/New_York,3
legacy_futures_only,2022-08-09,False,2022-08-12,,,2022-08-12,2022-08-12,2022-08-12,2022-08-15,estimated_three_federal_business_days_friday_floor,https://www.cftc.gov/MarketReports/CommitmentsofTraders/ReleaseSchedule/index.htm,True,estimated,15:30 America/New_York,3
disaggregated_futures_only,2022-08-16,False,2022-08-19,,,2022-08-19,2022-08-19,2022-08-19,2022-08-22,estimated_three_federal_business_days_friday_floor,https://www.cftc.gov/MarketReports/CommitmentsofTraders/ReleaseSchedule/index.htm,True,estimated,15:30 America/New_York,3
legacy_futures_only,2022-08-16,False,2022-08-19,,,2022-08-19,2022-08-19,2022-08-19,2022-08-22,estimated_three_federal_business_days_friday_floor,https://www.cftc.gov/MarketReports/CommitmentsofTraders/ReleaseSchedule/index.htm,True,estimated,15:30 America/New_York,3
disaggregated_futures_only,2022-08-23,False,2022-08-26,,,2022-08-26,2022-08-26,2022-08-26,2022-08-29,estimated_three_federal_business_days_friday_floor,https://www.cftc.gov/MarketReports/CommitmentsofTraders/ReleaseSchedule/index.htm,True,estimated,15:30 America/New_York,3
legacy_futures_only,2022-08-23,False,2022-08-26,,,2022-08-26,2022-08-26,2022-08-26,2022-08-29,estimated_three_federal_business_days_friday_floor,https://www.cftc.gov/MarketReports/CommitmentsofTraders/ReleaseSchedule/index.htm,True,estimated,15:30 America/New_York,3
disaggregated_futures_only,2022-08-30,False,2022-09-02,,,2022-09-02,2022-09-02,2022-09-02,2022-09-06,estimated_three_federal_business_days_friday_floor,https://www.cftc.gov/MarketReports/CommitmentsofTraders/ReleaseSchedule/index.htm,True,estimated,15:30 America/New_York,3
legacy_futures_only,2022-08-30,False,2022-09-02,,,2022-09-02,2022-09-02,2022-09-02,2022-09-06,estimated_three_federal_business_days_friday_floor,https://www.cftc.gov/MarketReports/CommitmentsofTraders/ReleaseSchedule/index.htm,True,estimated,15:30 America/New_York,3
disaggregated_futures_only,2022-09-06,False,2022-09-09,,,2022-09-09,2022-09-09,2022-09-09,2022-09-12,estimated_three_federal_business_days_friday_floor,https://www.cftc.gov/MarketReports/CommitmentsofTraders/ReleaseSchedule/index.htm,True,estimated,15:30 America/New_York,3
legacy_futures_only,2022-09-06,False,2022-09-09,,,2022-09-09,2022-09-09,2022-09-09,2022-09-12,estimated_three_federal_business_days_friday_floor,https://www.cftc.gov/MarketReports/CommitmentsofTraders/ReleaseSchedule/index.htm,True,estimated,15:30 America/New_York,3
disaggregated_futures_only,2022-09-13,False,2022-09-16,,,2022-09-16,2022-09-16,2022-09-16,2022-09-19,estimated_three_federal_business_days_friday_floor,https://www.cftc.gov/MarketReports/CommitmentsofTraders/ReleaseSchedule/index.htm,True,estimated,15:30 America/New_York,3
legacy_futures_only,2022-09-13,False,2022-09-16,,,2022-09-16,2022-09-16,2022-09-16,2022-09-19,estimated_three_federal_business_days_friday_floor,https://www.cftc.gov/MarketReports/CommitmentsofTraders/ReleaseSchedule/index.htm,True,estimated,15:30 America/New_York,3
disaggregated_futures_only,2022-09-20,False,2022-09-23,,,2022-09-23,2022-09-23,2022-09-23,2022-09-26,estimated_three_federal_business_days_friday_floor,https://www.cftc.gov/MarketReports/CommitmentsofTraders/ReleaseSchedule/index.htm,True,estimated,15:30 America/New_York,3
legacy_futures_only,2022-09-20,False,2022-09-23,,,2022-09-23,2022-09-23,2022-09-23,2022-09-26,estimated_three_federal_business_days_friday_floor,https://www.cftc.gov/MarketReports/CommitmentsofTraders/ReleaseSchedule/index.htm,True,estimated,15:30 America/New_York,3
disaggregated_futures_only,2022-09-27,False,2022-09-30,,,2022-09-30,2022-09-30,2022-09-30,2022-10-03,estimated_three_federal_business_days_friday_floor,https://www.cftc.gov/MarketReports/CommitmentsofTraders/ReleaseSchedule/index.htm,True,estimated,15:30 America/New_York,3
legacy_futures_only,2022-09-27,False,2022-09-30,,,2022-09-30,2022-09-30,2022-09-30,2022-10-03,estimated_three_federal_business_days_friday_floor,https://www.cftc.gov/MarketReports/CommitmentsofTraders/ReleaseSchedule/index.htm,True,estimated,15:30 America/New_York,3
disaggregated_futures_only,2022-10-04,False,2022-10-07,,,2022-10-07,2022-10-07,2022-10-07,2022-10-10,estimated_three_federal_business_days_friday_floor,https://www.cftc.gov/MarketReports/CommitmentsofTraders/ReleaseSchedule/index.htm,True,estimated,15:30 America/New_York,3
legacy_futures_only,2022-10-04,False,2022-10-07,,,2022-10-07,2022-10-07,2022-10-07,2022-10-10,estimated_three_federal_business_days_friday_floor,https://www.cftc.gov/MarketReports/CommitmentsofTraders/ReleaseSchedule/index.htm,True,estimated,15:30 America/New_York,3
disaggregated_futures_only,2022-10-11,False,2022-10-14,,,2022-10-14,2022-10-14,2022-10-14,2022-10-17,estimated_three_federal_business_days_friday_floor,https://www.cftc.gov/MarketReports/CommitmentsofTraders/ReleaseSchedule/index.htm,True,estimated,15:30 America/New_York,3
legacy_futures_only,2022-10-11,False,2022-10-14,,,2022-10-14,2022-10-14,2022-10-14,2022-10-17,estimated_three_federal_business_days_friday_floor,https://www.cftc.gov/MarketReports/CommitmentsofTraders/ReleaseSchedule/index.htm,True,estimated,15:30 America/New_York,3
disaggregated_futures_only,2022-10-18,False,2022-10-21,,,2022-10-21,2022-10-21,2022-10-21,2022-10-24,estimated_three_federal_business_days_friday_floor,https://www.cftc.gov/MarketReports/CommitmentsofTraders/ReleaseSchedule/index.htm,True,estimated,15:30 America/New_York,3
legacy_futures_only,2022-10-18,False,2022-10-21,,,2022-10-21,2022-10-21,2022-10-21,2022-10-24,estimated_three_federal_business_days_friday_floor,https://www.cftc.gov/MarketReports/CommitmentsofTraders/ReleaseSchedule/index.htm,True,estimated,15:30 America/New_York,3
disaggregated_futures_only,2022-10-25,False,2022-10-28,,,2022-10-28,2022-10-28,2022-10-28,2022-10-31,estimated_three_federal_business_days_friday_floor,https://www.cftc.gov/MarketReports/CommitmentsofTraders/ReleaseSchedule/index.htm,True,estimated,15:30 America/New_York,3
legacy_futures_only,2022-10-25,False,2022-10-28,,,2022-10-28,2022-10-28,2022-10-28,2022-10-31,estimated_three_federal_business_days_friday_floor,https://www.cftc.gov/MarketReports/CommitmentsofTraders/ReleaseSchedule/index.htm,True,estimated,15:30 America/New_York,3
disaggregated_futures_only,2022-11-01,False,2022-11-04,,,2022-11-04,2022-11-04,2022-11-04,2022-11-07,estimated_three_federal_business_days_friday_floor,https://www.cftc.gov/MarketReports/CommitmentsofTraders/ReleaseSchedule/index.htm,True,estimated,15:30 America/New_York,3
legacy_futures_only,2022-11-01,False,2022-11-04,,,2022-11-04,2022-11-04,2022-11-04,2022-11-07,estimated_three_federal_business_days_friday_floor,https://www.cftc.gov/MarketReports/CommitmentsofTraders/ReleaseSchedule/index.htm,True,estimated,15:30 America/New_York,3
disaggregated_futures_only,2022-11-08,False,2022-11-14,,,2022-11-14,2022-11-14,2022-11-14,2022-11-15,estimated_three_federal_business_days_friday_floor,https://www.cftc.gov/MarketReports/CommitmentsofTraders/ReleaseSchedule/index.htm,True,estimated,15:30 America/New_York,6
legacy_futures_only,2022-11-08,False,2022-11-14,,,2022-11-14,2022-11-14,2022-11-14,2022-11-15,estimated_three_federal_business_days_friday_floor,https://www.cftc.gov/MarketReports/CommitmentsofTraders/ReleaseSchedule/index.htm,True,estimated,15:30 America/New_York,6
disaggregated_futures_only,2022-11-15,False,2022-11-18,,,2022-11-18,2022-11-18,2022-11-18,2022-11-21,estimated_three_federal_business_days_friday_floor,https://www.cftc.gov/MarketReports/CommitmentsofTraders/ReleaseSchedule/index.htm,True,estimated,15:30 America/New_York,3
legacy_futures_only,2022-11-15,False,2022-11-18,,,2022-11-18,2022-11-18,2022-11-18,2022-11-21,estimated_three_federal_business_days_friday_floor,https://www.cftc.gov/MarketReports/CommitmentsofTraders/ReleaseSchedule/index.htm,True,estimated,15:30 America/New_York,3
disaggregated_futures_only,2022-11-22,False,2022-11-28,,,2022-11-28,2022-11-28,2022-11-28,2022-11-29,estimated_three_federal_business_days_friday_floor,https://www.cftc.gov/MarketReports/CommitmentsofTraders/ReleaseSchedule/index.htm,True,estimated,15:30 America/New_York,6
legacy_futures_only,2022-11-22,False,2022-11-28,,,2022-11-28,2022-11-28,2022-11-28,2022-11-29,estimated_three_federal_business_days_friday_floor,https://www.cftc.gov/MarketReports/CommitmentsofTraders/ReleaseSchedule/index.htm,True,estimated,15:30 America/New_York,6
disaggregated_futures_only,2022-11-29,False,2022-12-02,,,2022-12-02,2022-12-02,2022-12-02,2022-12-05,estimated_three_federal_business_days_friday_floor,https://www.cftc.gov/MarketReports/CommitmentsofTraders/ReleaseSchedule/index.htm,True,estimated,15:30 America/New_York,3
legacy_futures_only,2022-11-29,False,2022-12-02,,,2022-12-02,2022-12-02,2022-12-02,2022-12-05,estimated_three_federal_business_days_friday_floor,https://www.cftc.gov/MarketReports/CommitmentsofTraders/ReleaseSchedule/index.htm,True,estimated,15:30 America/New_York,3
disaggregated_futures_only,2022-12-06,False,2022-12-09,,,2022-12-09,2022-12-09,2022-12-09,2022-12-12,estimated_three_federal_business_days_friday_floor,https://www.cftc.gov/MarketReports/CommitmentsofTraders/ReleaseSchedule/index.htm,True,estimated,15:30 America/New_York,3
legacy_futures_only,2022-12-06,False,2022-12-09,,,2022-12-09,2022-12-09,2022-12-09,2022-12-12,estimated_three_federal_business_days_friday_floor,https://www.cftc.gov/MarketReports/CommitmentsofTraders/ReleaseSchedule/index.htm,True,estimated,15:30 America/New_York,3
disaggregated_futures_only,2022-12-13,False,2022-12-16,,,2022-12-16,2022-12-16,2022-12-16,2022-12-19,estimated_three_federal_business_days_friday_floor,https://www.cftc.gov/MarketReports/CommitmentsofTraders/ReleaseSchedule/index.htm,True,estimated,15:30 America/New_York,3
legacy_futures_only,2022-12-13,False,2022-12-16,,,2022-12-16,2022-12-16,2022-12-16,2022-12-19,estimated_three_federal_business_days_friday_floor,https://www.cftc.gov/MarketReports/CommitmentsofTraders/ReleaseSchedule/index.htm,True,estimated,15:30 America/New_York,3
disaggregated_futures_only,2022-12-20,False,2022-12-23,,,2022-12-23,2022-12-23,2022-12-23,2022-12-27,estimated_three_federal_business_days_friday_floor,https://www.cftc.gov/MarketReports/CommitmentsofTraders/ReleaseSchedule/index.htm,True,estimated,15:30 America/New_York,3
legacy_futures_only,2022-12-20,False,2022-12-23,,,2022-12-23,2022-12-23,2022-12-23,2022-12-27,estimated_three_federal_business_days_friday_floor,https://www.cftc.gov/MarketReports/CommitmentsofTraders/ReleaseSchedule/index.htm,True,estimated,15:30 America/New_York,3
disaggregated_futures_only,2022-12-27,False,2022-12-30,,,2022-12-30,2022-12-30,2022-12-30,2023-01-03,estimated_three_federal_business_days_friday_floor,https://www.cftc.gov/MarketReports/CommitmentsofTraders/ReleaseSchedule/index.htm,True,estimated,15:30 America/New_York,3
legacy_futures_only,2022-12-27,False,2022-12-30,,,2022-12-30,2022-12-30,2022-12-30,2023-01-03,estimated_three_federal_business_days_friday_floor,https://www.cftc.gov/MarketReports/CommitmentsofTraders/ReleaseSchedule/index.htm,True,estimated,15:30 America/New_York,3
disaggregated_futures_only,2023-01-03,False,2023-01-06,,,2023-01-06,2023-01-06,2023-01-06,2023-01-09,estimated_three_federal_business_days_friday_floor,https://www.cftc.gov/MarketReports/CommitmentsofTraders/ReleaseSchedule/index.htm,True,estimated,15:30 America/New_York,3
legacy_futures_only,2023-01-03,False,2023-01-06,,,2023-01-06,2023-01-06,2023-01-06,2023-01-09,estimated_three_federal_business_days_friday_floor,https://www.cftc.gov/MarketReports/CommitmentsofTraders/ReleaseSchedule/index.htm,True,estimated,15:30 America/New_York,3
disaggregated_futures_only,2023-01-10,False,2023-01-13,,,2023-01-13,2023-01-13,2023-01-13,2023-01-17,estimated_three_federal_business_days_friday_floor,https://www.cftc.gov/MarketReports/CommitmentsofTraders/ReleaseSchedule/index.htm,True,estimated,15:30 America/New_York,3
legacy_futures_only,2023-01-10,False,2023-01-13,,,2023-01-13,2023-01-13,2023-01-13,2023-01-17,estimated_three_federal_business_days_friday_floor,https://www.cftc.gov/MarketReports/CommitmentsofTraders/ReleaseSchedule/index.htm,True,estimated,15:30 America/New_York,3
disaggregated_futures_only,2023-01-17,False,2023-01-20,,,2023-01-20,2023-01-20,2023-01-20,2023-01-23,estimated_three_federal_business_days_friday_floor,https://www.cftc.gov/MarketReports/CommitmentsofTraders/ReleaseSchedule/index.htm,True,estimated,15:30 America/New_York,3
legacy_futures_only,2023-01-17,False,2023-01-20,,,2023-01-20,2023-01-20,2023-01-20,2023-01-23,estimated_three_federal_business_days_friday_floor,https://www.cftc.gov/MarketReports/CommitmentsofTraders/ReleaseSchedule/index.htm,True,estimated,15:30 America/New_York,3
disaggregated_futures_only,2023-01-24,False,2023-01-27,,,2023-01-27,2023-01-27,2023-01-27,2023-01-30,estimated_three_federal_business_days_friday_floor,https://www.cftc.gov/MarketReports/CommitmentsofTraders/ReleaseSchedule/index.htm,True,estimated,15:30 America/New_York,3
legacy_futures_only,2023-01-24,False,2023-01-27,,,2023-01-27,2023-01-27,2023-01-27,2023-01-30,estimated_three_federal_business_days_friday_floor,https://www.cftc.gov/MarketReports/CommitmentsofTraders/ReleaseSchedule/index.htm,True,estimated,15:30 America/New_York,3
disaggregated_futures_only,2023-01-31,False,2023-02-24,,,2023-02-24,2023-02-24,2023-02-24,2023-02-27,confirmed_2023_ion,https://www.cftc.gov/MarketReports/CommitmentsofTraders/HistoricalSpecialAnnouncements/index.htm,False,confirmed,15:30 America/New_York,24
legacy_futures_only,2023-01-31,False,2023-02-24,,,2023-02-24,2023-02-24,2023-02-24,2023-02-27,confirmed_2023_ion,https://www.cftc.gov/MarketReports/CommitmentsofTraders/HistoricalSpecialAnnouncements/index.htm,False,confirmed,15:30 America/New_York,24
disaggregated_futures_only,2023-02-07,False,2023-03-03,,,2023-03-03,2023-03-03,2023-03-03,2023-03-06,confirmed_2023_ion,https://www.cftc.gov/MarketReports/CommitmentsofTraders/HistoricalSpecialAnnouncements/index.htm,False,confirmed,15:30 America/New_York,24
legacy_futures_only,2023-02-07,False,2023-03-03,,,2023-03-03,2023-03-03,2023-03-03,2023-03-06,confirmed_2023_ion,https://www.cftc.gov/MarketReports/CommitmentsofTraders/HistoricalSpecialAnnouncements/index.htm,False,confirmed,15:30 America/New_York,24
disaggregated_futures_only,2023-02-14,False,2023-03-08,,,2023-03-08,2023-03-08,2023-03-08,2023-03-09,confirmed_2023_ion,https://www.cftc.gov/MarketReports/CommitmentsofTraders/HistoricalSpecialAnnouncements/index.htm,False,confirmed,15:30 America/New_York,22
legacy_futures_only,2023-02-14,False,2023-03-08,,,2023-03-08,2023-03-08,2023-03-08,2023-03-09,confirmed_2023_ion,https://www.cftc.gov/MarketReports/CommitmentsofTraders/HistoricalSpecialAnnouncements/index.htm,False,confirmed,15:30 America/New_York,22
disaggregated_futures_only,2023-02-21,False,2023-03-10,,,2023-03-10,2023-03-10,2023-03-10,2023-03-13,confirmed_2023_ion,https://www.cftc.gov/MarketReports/CommitmentsofTraders/HistoricalSpecialAnnouncements/index.htm,False,confirmed,15:30 America/New_York,17
legacy_futures_only,2023-02-21,False,2023-03-10,,,2023-03-10,2023-03-10,2023-03-10,2023-03-13,confirmed_2023_ion,https://www.cftc.gov/MarketReports/CommitmentsofTraders/HistoricalSpecialAnnouncements/index.htm,False,confirmed,15:30 America/New_York,17
disaggregated_futures_only,2023-02-28,False,2023-03-14,,,2023-03-14,2023-03-14,2023-03-14,2023-03-15,confirmed_2023_ion,https://www.cftc.gov/MarketReports/CommitmentsofTraders/HistoricalSpecialAnnouncements/index.htm,False,confirmed,15:30 America/New_York,14
legacy_futures_only,2023-02-28,False,2023-03-14,,,2023-03-14,2023-03-14,2023-03-14,2023-03-15,confirmed_2023_ion,https://www.cftc.gov/MarketReports/CommitmentsofTraders/HistoricalSpecialAnnouncements/index.htm,False,confirmed,15:30 America/New_York,14
disaggregated_futures_only,2023-03-07,False,2023-03-16,,,2023-03-16,2023-03-16,2023-03-16,2023-03-17,confirmed_2023_ion,https://www.cftc.gov/MarketReports/CommitmentsofTraders/HistoricalSpecialAnnouncements/index.htm,False,confirmed,15:30 America/New_York,9
legacy_futures_only,2023-03-07,False,2023-03-16,,,2023-03-16,2023-03-16,2023-03-16,2023-03-17,confirmed_2023_ion,https://www.cftc.gov/MarketReports/CommitmentsofTraders/HistoricalSpecialAnnouncements/index.htm,False,confirmed,15:30 America/New_York,9
disaggregated_futures_only,2023-03-14,False,2023-03-21,,,2023-03-21,2023-03-21,2023-03-21,2023-03-22,confirmed_2023_ion,https://www.cftc.gov/MarketReports/CommitmentsofTraders/HistoricalSpecialAnnouncements/index.htm,False,confirmed,15:30 America/New_York,7
legacy_futures_only,2023-03-14,False,2023-03-21,,,2023-03-21,2023-03-21,2023-03-21,2023-03-22,confirmed_2023_ion,https://www.cftc.gov/MarketReports/CommitmentsofTraders/HistoricalSpecialAnnouncements/index.htm,False,confirmed,15:30 America/New_York,7
disaggregated_futures_only,2023-03-21,False,2023-03-24,,,2023-03-24,2023-03-24,2023-03-24,2023-03-27,estimated_three_federal_business_days_friday_floor,https://www.cftc.gov/MarketReports/CommitmentsofTraders/ReleaseSchedule/index.htm,True,estimated,15:30 America/New_York,3
legacy_futures_only,2023-03-21,False,2023-03-24,,,2023-03-24,2023-03-24,2023-03-24,2023-03-27,estimated_three_federal_business_days_friday_floor,https://www.cftc.gov/MarketReports/CommitmentsofTraders/ReleaseSchedule/index.htm,True,estimated,15:30 America/New_York,3
disaggregated_futures_only,2023-03-28,False,2023-03-31,,,2023-03-31,2023-03-31,2023-03-31,2023-04-03,estimated_three_federal_business_days_friday_floor,https://www.cftc.gov/MarketReports/CommitmentsofTraders/ReleaseSchedule/index.htm,True,estimated,15:30 America/New_York,3
legacy_futures_only,2023-03-28,False,2023-03-31,,,2023-03-31,2023-03-31,2023-03-31,2023-04-03,estimated_three_federal_business_days_friday_floor,https://www.cftc.gov/MarketReports/CommitmentsofTraders/ReleaseSchedule/index.htm,True,estimated,15:30 America/New_York,3
disaggregated_futures_only,2023-04-04,False,2023-04-07,,,2023-04-07,2023-04-07,2023-04-07,2023-04-10,estimated_three_federal_business_days_friday_floor,https://www.cftc.gov/MarketReports/CommitmentsofTraders/ReleaseSchedule/index.htm,True,estimated,15:30 America/New_York,3
legacy_futures_only,2023-04-04,False,2023-04-07,,,2023-04-07,2023-04-07,2023-04-07,2023-04-10,estimated_three_federal_business_days_friday_floor,https://www.cftc.gov/MarketReports/CommitmentsofTraders/ReleaseSchedule/index.htm,True,estimated,15:30 America/New_York,3
disaggregated_futures_only,2023-04-11,False,2023-04-14,,,2023-04-14,2023-04-14,2023-04-14,2023-04-17,estimated_three_federal_business_days_friday_floor,https://www.cftc.gov/MarketReports/CommitmentsofTraders/ReleaseSchedule/index.htm,True,estimated,15:30 America/New_York,3
legacy_futures_only,2023-04-11,False,2023-04-14,,,2023-04-14,2023-04-14,2023-04-14,2023-04-17,estimated_three_federal_business_days_friday_floor,https://www.cftc.gov/MarketReports/CommitmentsofTraders/ReleaseSchedule/index.htm,True,estimated,15:30 America/New_York,3
disaggregated_futures_only,2023-04-18,False,2023-04-21,,,2023-04-21,2023-04-21,2023-04-21,2023-04-24,estimated_three_federal_business_days_friday_floor,https://www.cftc.gov/MarketReports/CommitmentsofTraders/ReleaseSchedule/index.htm,True,estimated,15:30 America/New_York,3
legacy_futures_only,2023-04-18,False,2023-04-21,,,2023-04-21,2023-04-21,2023-04-21,2023-04-24,estimated_three_federal_business_days_friday_floor,https://www.cftc.gov/MarketReports/CommitmentsofTraders/ReleaseSchedule/index.htm,True,estimated,15:30 America/New_York,3
disaggregated_futures_only,2023-04-25,False,2023-04-28,,,2023-04-28,2023-04-28,2023-04-28,2023-05-01,estimated_three_federal_business_days_friday_floor,https://www.cftc.gov/MarketReports/CommitmentsofTraders/ReleaseSchedule/index.htm,True,estimated,15:30 America/New_York,3
legacy_futures_only,2023-04-25,False,2023-04-28,,,2023-04-28,2023-04-28,2023-04-28,2023-05-01,estimated_three_federal_business_days_friday_floor,https://www.cftc.gov/MarketReports/CommitmentsofTraders/ReleaseSchedule/index.htm,True,estimated,15:30 America/New_York,3
disaggregated_futures_only,2023-05-02,False,2023-05-05,,,2023-05-05,2023-05-05,2023-05-05,2023-05-08,estimated_three_federal_business_days_friday_floor,https://www.cftc.gov/MarketReports/CommitmentsofTraders/ReleaseSchedule/index.htm,True,estimated,15:30 America/New_York,3
legacy_futures_only,2023-05-02,False,2023-05-05,,,2023-05-05,2023-05-05,2023-05-05,2023-05-08,estimated_three_federal_business_days_friday_floor,https://www.cftc.gov/MarketReports/CommitmentsofTraders/ReleaseSchedule/index.htm,True,estimated,15:30 America/New_York,3
disaggregated_futures_only,2023-05-09,False,2023-05-12,,,2023-05-12,2023-05-12,2023-05-12,2023-05-15,estimated_three_federal_business_days_friday_floor,https://www.cftc.gov/MarketReports/CommitmentsofTraders/ReleaseSchedule/index.htm,True,estimated,15:30 America/New_York,3
legacy_futures_only,2023-05-09,False,2023-05-12,,,2023-05-12,2023-05-12,2023-05-12,2023-05-15,estimated_three_federal_business_days_friday_floor,https://www.cftc.gov/MarketReports/CommitmentsofTraders/ReleaseSchedule/index.htm,True,estimated,15:30 America/New_York,3
disaggregated_futures_only,2023-05-16,False,2023-05-19,,,2023-05-19,2023-05-19,2023-05-19,2023-05-22,estimated_three_federal_business_days_friday_floor,https://www.cftc.gov/MarketReports/CommitmentsofTraders/ReleaseSchedule/index.htm,True,estimated,15:30 America/New_York,3
legacy_futures_only,2023-05-16,False,2023-05-19,,,2023-05-19,2023-05-19,2023-05-19,2023-05-22,estimated_three_federal_business_days_friday_floor,https://www.cftc.gov/MarketReports/CommitmentsofTraders/ReleaseSchedule/index.htm,True,estimated,15:30 America/New_York,3
disaggregated_futures_only,2023-05-23,False,2023-05-26,,,2023-05-26,2023-05-26,2023-05-26,2023-05-30,estimated_three_federal_business_days_friday_floor,https://www.cftc.gov/MarketReports/CommitmentsofTraders/ReleaseSchedule/index.htm,True,estimated,15:30 America/New_York,3
legacy_futures_only,2023-05-23,False,2023-05-26,,,2023-05-26,2023-05-26,2023-05-26,2023-05-30,estimated_three_federal_business_days_friday_floor,https://www.cftc.gov/MarketReports/CommitmentsofTraders/ReleaseSchedule/index.htm,True,estimated,15:30 America/New_York,3
disaggregated_futures_only,2023-05-30,False,2023-06-02,,,2023-06-02,2023-06-02,2023-06-02,2023-06-05,estimated_three_federal_business_days_friday_floor,https://www.cftc.gov/MarketReports/CommitmentsofTraders/ReleaseSchedule/index.htm,True,estimated,15:30 America/New_York,3
legacy_futures_only,2023-05-30,False,2023-06-02,,,2023-06-02,2023-06-02,2023-06-02,2023-06-05,estimated_three_federal_business_days_friday_floor,https://www.cftc.gov/MarketReports/CommitmentsofTraders/ReleaseSchedule/index.htm,True,estimated,15:30 America/New_York,3
disaggregated_futures_only,2023-06-06,False,2023-06-09,,,2023-06-09,2023-06-09,2023-06-09,2023-06-12,estimated_three_federal_business_days_friday_floor,https://www.cftc.gov/MarketReports/CommitmentsofTraders/ReleaseSchedule/index.htm,True,estimated,15:30 America/New_York,3
legacy_futures_only,2023-06-06,False,2023-06-09,,,2023-06-09,2023-06-09,2023-06-09,2023-06-12,estimated_three_federal_business_days_friday_floor,https://www.cftc.gov/MarketReports/CommitmentsofTraders/ReleaseSchedule/index.htm,True,estimated,15:30 America/New_York,3
disaggregated_futures_only,2023-06-13,False,2023-06-16,,,2023-06-16,2023-06-16,2023-06-16,2023-06-20,estimated_three_federal_business_days_friday_floor,https://www.cftc.gov/MarketReports/CommitmentsofTraders/ReleaseSchedule/index.htm,True,estimated,15:30 America/New_York,3
legacy_futures_only,2023-06-13,False,2023-06-16,,,2023-06-16,2023-06-16,2023-06-16,2023-06-20,estimated_three_federal_business_days_friday_floor,https://www.cftc.gov/MarketReports/CommitmentsofTraders/ReleaseSchedule/index.htm,True,estimated,15:30 America/New_York,3
disaggregated_futures_only,2023-06-20,False,2023-06-23,,,2023-06-23,2023-06-23,2023-06-23,2023-06-26,estimated_three_federal_business_days_friday_floor,https://www.cftc.gov/MarketReports/CommitmentsofTraders/ReleaseSchedule/index.htm,True,estimated,15:30 America/New_York,3
legacy_futures_only,2023-06-20,False,2023-06-23,,,2023-06-23,2023-06-23,2023-06-23,2023-06-26,estimated_three_federal_business_days_friday_floor,https://www.cftc.gov/MarketReports/CommitmentsofTraders/ReleaseSchedule/index.htm,True,estimated,15:30 America/New_York,3
disaggregated_futures_only,2023-06-27,False,2023-06-30,,,2023-06-30,2023-06-30,2023-06-30,2023-07-03,estimated_three_federal_business_days_friday_floor,https://www.cftc.gov/MarketReports/CommitmentsofTraders/ReleaseSchedule/index.htm,True,estimated,15:30 America/New_York,3
legacy_futures_only,2023-06-27,False,2023-06-30,,,2023-06-30,2023-06-30,2023-06-30,2023-07-03,estimated_three_federal_business_days_friday_floor,https://www.cftc.gov/MarketReports/CommitmentsofTraders/ReleaseSchedule/index.htm,True,estimated,15:30 America/New_York,3
disaggregated_futures_only,2023-07-03,False,2023-07-07,,,2023-07-07,2023-07-07,2023-07-07,2023-07-10,estimated_three_federal_business_days_friday_floor,https://www.cftc.gov/MarketReports/CommitmentsofTraders/ReleaseSchedule/index.htm,True,estimated,15:30 America/New_York,4
legacy_futures_only,2023-07-03,False,2023-07-07,,,2023-07-07,2023-07-07,2023-07-07,2023-07-10,estimated_three_federal_business_days_friday_floor,https://www.cftc.gov/MarketReports/CommitmentsofTraders/ReleaseSchedule/index.htm,True,estimated,15:30 America/New_York,4
disaggregated_futures_only,2023-07-11,False,2023-07-14,,,2023-07-14,2023-07-14,2023-07-14,2023-07-17,estimated_three_federal_business_days_friday_floor,https://www.cftc.gov/MarketReports/CommitmentsofTraders/ReleaseSchedule/index.htm,True,estimated,15:30 America/New_York,3
legacy_futures_only,2023-07-11,False,2023-07-14,,,2023-07-14,2023-07-14,2023-07-14,2023-07-17,estimated_three_federal_business_days_friday_floor,https://www.cftc.gov/MarketReports/CommitmentsofTraders/ReleaseSchedule/index.htm,True,estimated,15:30 America/New_York,3
disaggregated_futures_only,2023-07-18,False,2023-07-21,,,2023-07-21,2023-07-21,2023-07-21,2023-07-24,estimated_three_federal_business_days_friday_floor,https://www.cftc.gov/MarketReports/CommitmentsofTraders/ReleaseSchedule/index.htm,True,estimated,15:30 America/New_York,3
legacy_futures_only,2023-07-18,False,2023-07-21,,,2023-07-21,2023-07-21,2023-07-21,2023-07-24,estimated_three_federal_business_days_friday_floor,https://www.cftc.gov/MarketReports/CommitmentsofTraders/ReleaseSchedule/index.htm,True,estimated,15:30 America/New_York,3
disaggregated_futures_only,2023-07-25,False,2023-07-28,,,2023-07-28,2023-07-28,2023-07-28,2023-07-31,estimated_three_federal_business_days_friday_floor,https://www.cftc.gov/MarketReports/CommitmentsofTraders/ReleaseSchedule/index.htm,True,estimated,15:30 America/New_York,3
legacy_futures_only,2023-07-25,False,2023-07-28,,,2023-07-28,2023-07-28,2023-07-28,2023-07-31,estimated_three_federal_business_days_friday_floor,https://www.cftc.gov/MarketReports/CommitmentsofTraders/ReleaseSchedule/index.htm,True,estimated,15:30 America/New_York,3
disaggregated_futures_only,2023-08-01,False,2023-08-04,,,2023-08-04,2023-08-04,2023-08-04,2023-08-07,estimated_three_federal_business_days_friday_floor,https://www.cftc.gov/MarketReports/CommitmentsofTraders/ReleaseSchedule/index.htm,True,estimated,15:30 America/New_York,3
legacy_futures_only,2023-08-01,False,2023-08-04,,,2023-08-04,2023-08-04,2023-08-04,2023-08-07,estimated_three_federal_business_days_friday_floor,https://www.cftc.gov/MarketReports/CommitmentsofTraders/ReleaseSchedule/index.htm,True,estimated,15:30 America/New_York,3
disaggregated_futures_only,2023-08-08,False,2023-08-11,,,2023-08-11,2023-08-11,2023-08-11,2023-08-14,estimated_three_federal_business_days_friday_floor,https://www.cftc.gov/MarketReports/CommitmentsofTraders/ReleaseSchedule/index.htm,True,estimated,15:30 America/New_York,3
legacy_futures_only,2023-08-08,False,2023-08-11,,,2023-08-11,2023-08-11,2023-08-11,2023-08-14,estimated_three_federal_business_days_friday_floor,https://www.cftc.gov/MarketReports/CommitmentsofTraders/ReleaseSchedule/index.htm,True,estimated,15:30 America/New_York,3
disaggregated_futures_only,2023-08-15,False,2023-08-18,,,2023-08-18,2023-08-18,2023-08-18,2023-08-21,estimated_three_federal_business_days_friday_floor,https://www.cftc.gov/MarketReports/CommitmentsofTraders/ReleaseSchedule/index.htm,True,estimated,15:30 America/New_York,3
legacy_futures_only,2023-08-15,False,2023-08-18,,,2023-08-18,2023-08-18,2023-08-18,2023-08-21,estimated_three_federal_business_days_friday_floor,https://www.cftc.gov/MarketReports/CommitmentsofTraders/ReleaseSchedule/index.htm,True,estimated,15:30 America/New_York,3
disaggregated_futures_only,2023-08-22,False,2023-08-25,,,2023-08-25,2023-08-25,2023-08-25,2023-08-28,estimated_three_federal_business_days_friday_floor,https://www.cftc.gov/MarketReports/CommitmentsofTraders/ReleaseSchedule/index.htm,True,estimated,15:30 America/New_York,3
legacy_futures_only,2023-08-22,False,2023-08-25,,,2023-08-25,2023-08-25,2023-08-25,2023-08-28,estimated_three_federal_business_days_friday_floor,https://www.cftc.gov/MarketReports/CommitmentsofTraders/ReleaseSchedule/index.htm,True,estimated,15:30 America/New_York,3
disaggregated_futures_only,2023-08-29,False,2023-09-01,,,2023-09-01,2023-09-01,2023-09-01,2023-09-05,estimated_three_federal_business_days_friday_floor,https://www.cftc.gov/MarketReports/CommitmentsofTraders/ReleaseSchedule/index.htm,True,estimated,15:30 America/New_York,3
legacy_futures_only,2023-08-29,False,2023-09-01,,,2023-09-01,2023-09-01,2023-09-01,2023-09-05,estimated_three_federal_business_days_friday_floor,https://www.cftc.gov/MarketReports/CommitmentsofTraders/ReleaseSchedule/index.htm,True,estimated,15:30 America/New_York,3
disaggregated_futures_only,2023-09-05,False,2023-09-08,,,2023-09-08,2023-09-08,2023-09-08,2023-09-11,estimated_three_federal_business_days_friday_floor,https://www.cftc.gov/MarketReports/CommitmentsofTraders/ReleaseSchedule/index.htm,True,estimated,15:30 America/New_York,3
legacy_futures_only,2023-09-05,False,2023-09-08,,,2023-09-08,2023-09-08,2023-09-08,2023-09-11,estimated_three_federal_business_days_friday_floor,https://www.cftc.gov/MarketReports/CommitmentsofTraders/ReleaseSchedule/index.htm,True,estimated,15:30 America/New_York,3
disaggregated_futures_only,2023-09-12,False,2023-09-15,,,2023-09-15,2023-09-15,2023-09-15,2023-09-18,estimated_three_federal_business_days_friday_floor,https://www.cftc.gov/MarketReports/CommitmentsofTraders/ReleaseSchedule/index.htm,True,estimated,15:30 America/New_York,3
legacy_futures_only,2023-09-12,False,2023-09-15,,,2023-09-15,2023-09-15,2023-09-15,2023-09-18,estimated_three_federal_business_days_friday_floor,https://www.cftc.gov/MarketReports/CommitmentsofTraders/ReleaseSchedule/index.htm,True,estimated,15:30 America/New_York,3
disaggregated_futures_only,2023-09-19,False,2023-09-22,,,2023-09-22,2023-09-22,2023-09-22,2023-09-25,estimated_three_federal_business_days_friday_floor,https://www.cftc.gov/MarketReports/CommitmentsofTraders/ReleaseSchedule/index.htm,True,estimated,15:30 America/New_York,3
legacy_futures_only,2023-09-19,False,2023-09-22,,,2023-09-22,2023-09-22,2023-09-22,2023-09-25,estimated_three_federal_business_days_friday_floor,https://www.cftc.gov/MarketReports/CommitmentsofTraders/ReleaseSchedule/index.htm,True,estimated,15:30 America/New_York,3
disaggregated_futures_only,2023-09-26,False,2023-09-29,,,2023-09-29,2023-09-29,2023-09-29,2023-10-02,estimated_three_federal_business_days_friday_floor,https://www.cftc.gov/MarketReports/CommitmentsofTraders/ReleaseSchedule/index.htm,True,estimated,15:30 America/New_York,3
legacy_futures_only,2023-09-26,False,2023-09-29,,,2023-09-29,2023-09-29,2023-09-29,2023-10-02,estimated_three_federal_business_days_friday_floor,https://www.cftc.gov/MarketReports/CommitmentsofTraders/ReleaseSchedule/index.htm,True,estimated,15:30 America/New_York,3
disaggregated_futures_only,2023-10-03,False,2023-10-06,,,2023-10-06,2023-10-06,2023-10-06,2023-10-09,estimated_three_federal_business_days_friday_floor,https://www.cftc.gov/MarketReports/CommitmentsofTraders/ReleaseSchedule/index.htm,True,estimated,15:30 America/New_York,3
legacy_futures_only,2023-10-03,False,2023-10-06,,,2023-10-06,2023-10-06,2023-10-06,2023-10-09,estimated_three_federal_business_days_friday_floor,https://www.cftc.gov/MarketReports/CommitmentsofTraders/ReleaseSchedule/index.htm,True,estimated,15:30 America/New_York,3
disaggregated_futures_only,2023-10-10,False,2023-10-13,,,2023-10-13,2023-10-13,2023-10-13,2023-10-16,estimated_three_federal_business_days_friday_floor,https://www.cftc.gov/MarketReports/CommitmentsofTraders/ReleaseSchedule/index.htm,True,estimated,15:30 America/New_York,3
legacy_futures_only,2023-10-10,False,2023-10-13,,,2023-10-13,2023-10-13,2023-10-13,2023-10-16,estimated_three_federal_business_days_friday_floor,https://www.cftc.gov/MarketReports/CommitmentsofTraders/ReleaseSchedule/index.htm,True,estimated,15:30 America/New_York,3
disaggregated_futures_only,2023-10-17,False,2023-10-20,,,2023-10-20,2023-10-20,2023-10-20,2023-10-23,estimated_three_federal_business_days_friday_floor,https://www.cftc.gov/MarketReports/CommitmentsofTraders/ReleaseSchedule/index.htm,True,estimated,15:30 America/New_York,3
legacy_futures_only,2023-10-17,False,2023-10-20,,,2023-10-20,2023-10-20,2023-10-20,2023-10-23,estimated_three_federal_business_days_friday_floor,https://www.cftc.gov/MarketReports/CommitmentsofTraders/ReleaseSchedule/index.htm,True,estimated,15:30 America/New_York,3
disaggregated_futures_only,2023-10-24,False,2023-10-27,,,2023-10-27,2023-10-27,2023-10-27,2023-10-30,estimated_three_federal_business_days_friday_floor,https://www.cftc.gov/MarketReports/CommitmentsofTraders/ReleaseSchedule/index.htm,True,estimated,15:30 America/New_York,3
legacy_futures_only,2023-10-24,False,2023-10-27,,,2023-10-27,2023-10-27,2023-10-27,2023-10-30,estimated_three_federal_business_days_friday_floor,https://www.cftc.gov/MarketReports/CommitmentsofTraders/ReleaseSchedule/index.htm,True,estimated,15:30 America/New_York,3
disaggregated_futures_only,2023-10-31,False,2023-11-03,,,2023-11-03,2023-11-03,2023-11-03,2023-11-06,estimated_three_federal_business_days_friday_floor,https://www.cftc.gov/MarketReports/CommitmentsofTraders/ReleaseSchedule/index.htm,True,estimated,15:30 America/New_York,3
legacy_futures_only,2023-10-31,False,2023-11-03,,,2023-11-03,2023-11-03,2023-11-03,2023-11-06,estimated_three_federal_business_days_friday_floor,https://www.cftc.gov/MarketReports/CommitmentsofTraders/ReleaseSchedule/index.htm,True,estimated,15:30 America/New_York,3
disaggregated_futures_only,2023-11-07,False,2023-11-13,,,2023-11-13,2023-11-13,2023-11-13,2023-11-14,estimated_three_federal_business_days_friday_floor,https://www.cftc.gov/MarketReports/CommitmentsofTraders/ReleaseSchedule/index.htm,True,estimated,15:30 America/New_York,6
legacy_futures_only,2023-11-07,False,2023-11-13,,,2023-11-13,2023-11-13,2023-11-13,2023-11-14,estimated_three_federal_business_days_friday_floor,https://www.cftc.gov/MarketReports/CommitmentsofTraders/ReleaseSchedule/index.htm,True,estimated,15:30 America/New_York,6
disaggregated_futures_only,2023-11-14,False,2023-11-17,,,2023-11-17,2023-11-17,2023-11-17,2023-11-20,estimated_three_federal_business_days_friday_floor,https://www.cftc.gov/MarketReports/CommitmentsofTraders/ReleaseSchedule/index.htm,True,estimated,15:30 America/New_York,3
legacy_futures_only,2023-11-14,False,2023-11-17,,,2023-11-17,2023-11-17,2023-11-17,2023-11-20,estimated_three_federal_business_days_friday_floor,https://www.cftc.gov/MarketReports/CommitmentsofTraders/ReleaseSchedule/index.htm,True,estimated,15:30 America/New_York,3
disaggregated_futures_only,2023-11-21,False,2023-11-27,,,2023-11-27,2023-11-27,2023-11-27,2023-11-28,estimated_three_federal_business_days_friday_floor,https://www.cftc.gov/MarketReports/CommitmentsofTraders/ReleaseSchedule/index.htm,True,estimated,15:30 America/New_York,6
legacy_futures_only,2023-11-21,False,2023-11-27,,,2023-11-27,2023-11-27,2023-11-27,2023-11-28,estimated_three_federal_business_days_friday_floor,https://www.cftc.gov/MarketReports/CommitmentsofTraders/ReleaseSchedule/index.htm,True,estimated,15:30 America/New_York,6
disaggregated_futures_only,2023-11-28,False,2023-12-01,,,2023-12-01,2023-12-01,2023-12-01,2023-12-04,estimated_three_federal_business_days_friday_floor,https://www.cftc.gov/MarketReports/CommitmentsofTraders/ReleaseSchedule/index.htm,True,estimated,15:30 America/New_York,3
legacy_futures_only,2023-11-28,False,2023-12-01,,,2023-12-01,2023-12-01,2023-12-01,2023-12-04,estimated_three_federal_business_days_friday_floor,https://www.cftc.gov/MarketReports/CommitmentsofTraders/ReleaseSchedule/index.htm,True,estimated,15:30 America/New_York,3
disaggregated_futures_only,2023-12-05,False,2023-12-08,,,2023-12-08,2023-12-08,2023-12-08,2023-12-11,estimated_three_federal_business_days_friday_floor,https://www.cftc.gov/MarketReports/CommitmentsofTraders/ReleaseSchedule/index.htm,True,estimated,15:30 America/New_York,3
legacy_futures_only,2023-12-05,False,2023-12-08,,,2023-12-08,2023-12-08,2023-12-08,2023-12-11,estimated_three_federal_business_days_friday_floor,https://www.cftc.gov/MarketReports/CommitmentsofTraders/ReleaseSchedule/index.htm,True,estimated,15:30 America/New_York,3
disaggregated_futures_only,2023-12-12,False,2023-12-15,,,2023-12-15,2023-12-15,2023-12-15,2023-12-18,estimated_three_federal_business_days_friday_floor,https://www.cftc.gov/MarketReports/CommitmentsofTraders/ReleaseSchedule/index.htm,True,estimated,15:30 America/New_York,3
legacy_futures_only,2023-12-12,False,2023-12-15,,,2023-12-15,2023-12-15,2023-12-15,2023-12-18,estimated_three_federal_business_days_friday_floor,https://www.cftc.gov/MarketReports/CommitmentsofTraders/ReleaseSchedule/index.htm,True,estimated,15:30 America/New_York,3
disaggregated_futures_only,2023-12-19,False,2023-12-22,,,2023-12-22,2023-12-22,2023-12-22,2023-12-26,estimated_three_federal_business_days_friday_floor,https://www.cftc.gov/MarketReports/CommitmentsofTraders/ReleaseSchedule/index.htm,True,estimated,15:30 America/New_York,3
legacy_futures_only,2023-12-19,False,2023-12-22,,,2023-12-22,2023-12-22,2023-12-22,2023-12-26,estimated_three_federal_business_days_friday_floor,https://www.cftc.gov/MarketReports/CommitmentsofTraders/ReleaseSchedule/index.htm,True,estimated,15:30 America/New_York,3
disaggregated_futures_only,2023-12-26,False,2023-12-29,,,2023-12-29,2023-12-29,2023-12-29,2024-01-02,estimated_three_federal_business_days_friday_floor,https://www.cftc.gov/MarketReports/CommitmentsofTraders/ReleaseSchedule/index.htm,True,estimated,15:30 America/New_York,3
legacy_futures_only,2023-12-26,False,2023-12-29,,,2023-12-29,2023-12-29,2023-12-29,2024-01-02,estimated_three_federal_business_days_friday_floor,https://www.cftc.gov/MarketReports/CommitmentsofTraders/ReleaseSchedule/index.htm,True,estimated,15:30 America/New_York,3
disaggregated_futures_only,2024-01-02,False,2024-01-05,,,2024-01-05,2024-01-05,2024-01-05,2024-01-08,estimated_three_federal_business_days_friday_floor,https://www.cftc.gov/MarketReports/CommitmentsofTraders/ReleaseSchedule/index.htm,True,estimated,15:30 America/New_York,3
legacy_futures_only,2024-01-02,False,2024-01-05,,,2024-01-05,2024-01-05,2024-01-05,2024-01-08,estimated_three_federal_business_days_friday_floor,https://www.cftc.gov/MarketReports/CommitmentsofTraders/ReleaseSchedule/index.htm,True,estimated,15:30 America/New_York,3
disaggregated_futures_only,2024-01-09,False,2024-01-12,,,2024-01-12,2024-01-12,2024-01-12,2024-01-16,estimated_three_federal_business_days_friday_floor,https://www.cftc.gov/MarketReports/CommitmentsofTraders/ReleaseSchedule/index.htm,True,estimated,15:30 America/New_York,3
legacy_futures_only,2024-01-09,False,2024-01-12,,,2024-01-12,2024-01-12,2024-01-12,2024-01-16,estimated_three_federal_business_days_friday_floor,https://www.cftc.gov/MarketReports/CommitmentsofTraders/ReleaseSchedule/index.htm,True,estimated,15:30 America/New_York,3
disaggregated_futures_only,2024-01-16,False,2024-01-19,,,2024-01-19,2024-01-19,2024-01-19,2024-01-22,estimated_three_federal_business_days_friday_floor,https://www.cftc.gov/MarketReports/CommitmentsofTraders/ReleaseSchedule/index.htm,True,estimated,15:30 America/New_York,3
legacy_futures_only,2024-01-16,False,2024-01-19,,,2024-01-19,2024-01-19,2024-01-19,2024-01-22,estimated_three_federal_business_days_friday_floor,https://www.cftc.gov/MarketReports/CommitmentsofTraders/ReleaseSchedule/index.htm,True,estimated,15:30 America/New_York,3
disaggregated_futures_only,2024-01-23,False,2024-01-26,,,2024-01-26,2024-01-26,2024-01-26,2024-01-29,estimated_three_federal_business_days_friday_floor,https://www.cftc.gov/MarketReports/CommitmentsofTraders/ReleaseSchedule/index.htm,True,estimated,15:30 America/New_York,3
legacy_futures_only,2024-01-23,False,2024-01-26,,,2024-01-26,2024-01-26,2024-01-26,2024-01-29,estimated_three_federal_business_days_friday_floor,https://www.cftc.gov/MarketReports/CommitmentsofTraders/ReleaseSchedule/index.htm,True,estimated,15:30 America/New_York,3
disaggregated_futures_only,2024-01-30,False,2024-02-02,,,2024-02-02,2024-02-02,2024-02-02,2024-02-05,estimated_three_federal_business_days_friday_floor,https://www.cftc.gov/MarketReports/CommitmentsofTraders/ReleaseSchedule/index.htm,True,estimated,15:30 America/New_York,3
legacy_futures_only,2024-01-30,False,2024-02-02,,,2024-02-02,2024-02-02,2024-02-02,2024-02-05,estimated_three_federal_business_days_friday_floor,https://www.cftc.gov/MarketReports/CommitmentsofTraders/ReleaseSchedule/index.htm,True,estimated,15:30 America/New_York,3
disaggregated_futures_only,2024-02-06,False,2024-02-09,,,2024-02-09,2024-02-09,2024-02-09,2024-02-12,estimated_three_federal_business_days_friday_floor,https://www.cftc.gov/MarketReports/CommitmentsofTraders/ReleaseSchedule/index.htm,True,estimated,15:30 America/New_York,3
legacy_futures_only,2024-02-06,False,2024-02-09,,,2024-02-09,2024-02-09,2024-02-09,2024-02-12,estimated_three_federal_business_days_friday_floor,https://www.cftc.gov/MarketReports/CommitmentsofTraders/ReleaseSchedule/index.htm,True,estimated,15:30 America/New_York,3
disaggregated_futures_only,2024-02-13,False,2024-02-16,,,2024-02-16,2024-02-16,2024-02-16,2024-02-20,estimated_three_federal_business_days_friday_floor,https://www.cftc.gov/MarketReports/CommitmentsofTraders/ReleaseSchedule/index.htm,True,estimated,15:30 America/New_York,3
legacy_futures_only,2024-02-13,False,2024-02-16,,,2024-02-16,2024-02-16,2024-02-16,2024-02-20,estimated_three_federal_business_days_friday_floor,https://www.cftc.gov/MarketReports/CommitmentsofTraders/ReleaseSchedule/index.htm,True,estimated,15:30 America/New_York,3
disaggregated_futures_only,2024-02-20,False,2024-02-23,,,2024-02-23,2024-02-23,2024-02-23,2024-02-26,estimated_three_federal_business_days_friday_floor,https://www.cftc.gov/MarketReports/CommitmentsofTraders/ReleaseSchedule/index.htm,True,estimated,15:30 America/New_York,3
legacy_futures_only,2024-02-20,False,2024-02-23,,,2024-02-23,2024-02-23,2024-02-23,2024-02-26,estimated_three_federal_business_days_friday_floor,https://www.cftc.gov/MarketReports/CommitmentsofTraders/ReleaseSchedule/index.htm,True,estimated,15:30 America/New_York,3
disaggregated_futures_only,2024-02-27,False,2024-03-01,,,2024-03-01,2024-03-01,2024-03-01,2024-03-04,estimated_three_federal_business_days_friday_floor,https://www.cftc.gov/MarketReports/CommitmentsofTraders/ReleaseSchedule/index.htm,True,estimated,15:30 America/New_York,3
legacy_futures_only,2024-02-27,False,2024-03-01,,,2024-03-01,2024-03-01,2024-03-01,2024-03-04,estimated_three_federal_business_days_friday_floor,https://www.cftc.gov/MarketReports/CommitmentsofTraders/ReleaseSchedule/index.htm,True,estimated,15:30 America/New_York,3
disaggregated_futures_only,2024-03-05,False,2024-03-08,,,2024-03-08,2024-03-08,2024-03-08,2024-03-11,estimated_three_federal_business_days_friday_floor,https://www.cftc.gov/MarketReports/CommitmentsofTraders/ReleaseSchedule/index.htm,True,estimated,15:30 America/New_York,3
legacy_futures_only,2024-03-05,False,2024-03-08,,,2024-03-08,2024-03-08,2024-03-08,2024-03-11,estimated_three_federal_business_days_friday_floor,https://www.cftc.gov/MarketReports/CommitmentsofTraders/ReleaseSchedule/index.htm,True,estimated,15:30 America/New_York,3
disaggregated_futures_only,2024-03-12,False,2024-03-15,,,2024-03-15,2024-03-15,2024-03-15,2024-03-18,estimated_three_federal_business_days_friday_floor,https://www.cftc.gov/MarketReports/CommitmentsofTraders/ReleaseSchedule/index.htm,True,estimated,15:30 America/New_York,3
legacy_futures_only,2024-03-12,False,2024-03-15,,,2024-03-15,2024-03-15,2024-03-15,2024-03-18,estimated_three_federal_business_days_friday_floor,https://www.cftc.gov/MarketReports/CommitmentsofTraders/ReleaseSchedule/index.htm,True,estimated,15:30 America/New_York,3
disaggregated_futures_only,2024-03-19,False,2024-03-22,,,2024-03-22,2024-03-22,2024-03-22,2024-03-25,estimated_three_federal_business_days_friday_floor,https://www.cftc.gov/MarketReports/CommitmentsofTraders/ReleaseSchedule/index.htm,True,estimated,15:30 America/New_York,3
legacy_futures_only,2024-03-19,False,2024-03-22,,,2024-03-22,2024-03-22,2024-03-22,2024-03-25,estimated_three_federal_business_days_friday_floor,https://www.cftc.gov/MarketReports/CommitmentsofTraders/ReleaseSchedule/index.htm,True,estimated,15:30 America/New_York,3
disaggregated_futures_only,2024-03-26,False,2024-03-29,,,2024-03-29,2024-03-29,2024-03-29,2024-04-01,estimated_three_federal_business_days_friday_floor,https://www.cftc.gov/MarketReports/CommitmentsofTraders/ReleaseSchedule/index.htm,True,estimated,15:30 America/New_York,3
legacy_futures_only,2024-03-26,False,2024-03-29,,,2024-03-29,2024-03-29,2024-03-29,2024-04-01,estimated_three_federal_business_days_friday_floor,https://www.cftc.gov/MarketReports/CommitmentsofTraders/ReleaseSchedule/index.htm,True,estimated,15:30 America/New_York,3
disaggregated_futures_only,2024-04-02,False,2024-04-05,,,2024-04-05,2024-04-05,2024-04-05,2024-04-08,estimated_three_federal_business_days_friday_floor,https://www.cftc.gov/MarketReports/CommitmentsofTraders/ReleaseSchedule/index.htm,True,estimated,15:30 America/New_York,3
legacy_futures_only,2024-04-02,False,2024-04-05,,,2024-04-05,2024-04-05,2024-04-05,2024-04-08,estimated_three_federal_business_days_friday_floor,https://www.cftc.gov/MarketReports/CommitmentsofTraders/ReleaseSchedule/index.htm,True,estimated,15:30 America/New_York,3
disaggregated_futures_only,2024-04-09,False,2024-04-12,,,2024-04-12,2024-04-12,2024-04-12,2024-04-15,estimated_three_federal_business_days_friday_floor,https://www.cftc.gov/MarketReports/CommitmentsofTraders/ReleaseSchedule/index.htm,True,estimated,15:30 America/New_York,3
legacy_futures_only,2024-04-09,False,2024-04-12,,,2024-04-12,2024-04-12,2024-04-12,2024-04-15,estimated_three_federal_business_days_friday_floor,https://www.cftc.gov/MarketReports/CommitmentsofTraders/ReleaseSchedule/index.htm,True,estimated,15:30 America/New_York,3
disaggregated_futures_only,2024-04-16,False,2024-04-19,,,2024-04-19,2024-04-19,2024-04-19,2024-04-22,estimated_three_federal_business_days_friday_floor,https://www.cftc.gov/MarketReports/CommitmentsofTraders/ReleaseSchedule/index.htm,True,estimated,15:30 America/New_York,3
legacy_futures_only,2024-04-16,False,2024-04-19,,,2024-04-19,2024-04-19,2024-04-19,2024-04-22,estimated_three_federal_business_days_friday_floor,https://www.cftc.gov/MarketReports/CommitmentsofTraders/ReleaseSchedule/index.htm,True,estimated,15:30 America/New_York,3
disaggregated_futures_only,2024-04-23,False,2024-04-26,,,2024-04-26,2024-04-26,2024-04-26,2024-04-29,estimated_three_federal_business_days_friday_floor,https://www.cftc.gov/MarketReports/CommitmentsofTraders/ReleaseSchedule/index.htm,True,estimated,15:30 America/New_York,3
legacy_futures_only,2024-04-23,False,2024-04-26,,,2024-04-26,2024-04-26,2024-04-26,2024-04-29,estimated_three_federal_business_days_friday_floor,https://www.cftc.gov/MarketReports/CommitmentsofTraders/ReleaseSchedule/index.htm,True,estimated,15:30 America/New_York,3
disaggregated_futures_only,2024-04-30,False,2024-05-03,,,2024-05-03,2024-05-03,2024-05-03,2024-05-06,estimated_three_federal_business_days_friday_floor,https://www.cftc.gov/MarketReports/CommitmentsofTraders/ReleaseSchedule/index.htm,True,estimated,15:30 America/New_York,3
legacy_futures_only,2024-04-30,False,2024-05-03,,,2024-05-03,2024-05-03,2024-05-03,2024-05-06,estimated_three_federal_business_days_friday_floor,https://www.cftc.gov/MarketReports/CommitmentsofTraders/ReleaseSchedule/index.htm,True,estimated,15:30 America/New_York,3
disaggregated_futures_only,2024-05-07,False,2024-05-10,,,2024-05-10,2024-05-10,2024-05-10,2024-05-13,estimated_three_federal_business_days_friday_floor,https://www.cftc.gov/MarketReports/CommitmentsofTraders/ReleaseSchedule/index.htm,True,estimated,15:30 America/New_York,3
legacy_futures_only,2024-05-07,False,2024-05-10,,,2024-05-10,2024-05-10,2024-05-10,2024-05-13,estimated_three_federal_business_days_friday_floor,https://www.cftc.gov/MarketReports/CommitmentsofTraders/ReleaseSchedule/index.htm,True,estimated,15:30 America/New_York,3
disaggregated_futures_only,2024-05-14,False,2024-05-17,,,2024-05-17,2024-05-17,2024-05-17,2024-05-20,estimated_three_federal_business_days_friday_floor,https://www.cftc.gov/MarketReports/CommitmentsofTraders/ReleaseSchedule/index.htm,True,estimated,15:30 America/New_York,3
legacy_futures_only,2024-05-14,False,2024-05-17,,,2024-05-17,2024-05-17,2024-05-17,2024-05-20,estimated_three_federal_business_days_friday_floor,https://www.cftc.gov/MarketReports/CommitmentsofTraders/ReleaseSchedule/index.htm,True,estimated,15:30 America/New_York,3
disaggregated_futures_only,2024-05-21,False,2024-05-24,,,2024-05-24,2024-05-24,2024-05-24,2024-05-28,estimated_three_federal_business_days_friday_floor,https://www.cftc.gov/MarketReports/CommitmentsofTraders/ReleaseSchedule/index.htm,True,estimated,15:30 America/New_York,3
legacy_futures_only,2024-05-21,False,2024-05-24,,,2024-05-24,2024-05-24,2024-05-24,2024-05-28,estimated_three_federal_business_days_friday_floor,https://www.cftc.gov/MarketReports/CommitmentsofTraders/ReleaseSchedule/index.htm,True,estimated,15:30 America/New_York,3
disaggregated_futures_only,2024-05-28,False,2024-05-31,,,2024-05-31,2024-05-31,2024-05-31,2024-06-03,estimated_three_federal_business_days_friday_floor,https://www.cftc.gov/MarketReports/CommitmentsofTraders/ReleaseSchedule/index.htm,True,estimated,15:30 America/New_York,3
legacy_futures_only,2024-05-28,False,2024-05-31,,,2024-05-31,2024-05-31,2024-05-31,2024-06-03,estimated_three_federal_business_days_friday_floor,https://www.cftc.gov/MarketReports/CommitmentsofTraders/ReleaseSchedule/index.htm,True,estimated,15:30 America/New_York,3
disaggregated_futures_only,2024-06-04,False,2024-06-07,,,2024-06-07,2024-06-07,2024-06-07,2024-06-10,estimated_three_federal_business_days_friday_floor,https://www.cftc.gov/MarketReports/CommitmentsofTraders/ReleaseSchedule/index.htm,True,estimated,15:30 America/New_York,3
legacy_futures_only,2024-06-04,False,2024-06-07,,,2024-06-07,2024-06-07,2024-06-07,2024-06-10,estimated_three_federal_business_days_friday_floor,https://www.cftc.gov/MarketReports/CommitmentsofTraders/ReleaseSchedule/index.htm,True,estimated,15:30 America/New_York,3
disaggregated_futures_only,2024-06-11,False,2024-06-14,,,2024-06-14,2024-06-14,2024-06-14,2024-06-17,estimated_three_federal_business_days_friday_floor,https://www.cftc.gov/MarketReports/CommitmentsofTraders/ReleaseSchedule/index.htm,True,estimated,15:30 America/New_York,3
legacy_futures_only,2024-06-11,False,2024-06-14,,,2024-06-14,2024-06-14,2024-06-14,2024-06-17,estimated_three_federal_business_days_friday_floor,https://www.cftc.gov/MarketReports/CommitmentsofTraders/ReleaseSchedule/index.htm,True,estimated,15:30 America/New_York,3
disaggregated_futures_only,2024-06-18,False,2024-06-24,,,2024-06-24,2024-06-24,2024-06-24,2024-06-25,estimated_three_federal_business_days_friday_floor,https://www.cftc.gov/MarketReports/CommitmentsofTraders/ReleaseSchedule/index.htm,True,estimated,15:30 America/New_York,6
legacy_futures_only,2024-06-18,False,2024-06-24,,,2024-06-24,2024-06-24,2024-06-24,2024-06-25,estimated_three_federal_business_days_friday_floor,https://www.cftc.gov/MarketReports/CommitmentsofTraders/ReleaseSchedule/index.htm,True,estimated,15:30 America/New_York,6
disaggregated_futures_only,2024-06-25,False,2024-06-28,,,2024-06-28,2024-06-28,2024-06-28,2024-07-01,estimated_three_federal_business_days_friday_floor,https://www.cftc.gov/MarketReports/CommitmentsofTraders/ReleaseSchedule/index.htm,True,estimated,15:30 America/New_York,3
legacy_futures_only,2024-06-25,False,2024-06-28,,,2024-06-28,2024-06-28,2024-06-28,2024-07-01,estimated_three_federal_business_days_friday_floor,https://www.cftc.gov/MarketReports/CommitmentsofTraders/ReleaseSchedule/index.htm,True,estimated,15:30 America/New_York,3
disaggregated_futures_only,2024-07-02,False,2024-07-08,,,2024-07-08,2024-07-08,2024-07-08,2024-07-09,estimated_three_federal_business_days_friday_floor,https://www.cftc.gov/MarketReports/CommitmentsofTraders/ReleaseSchedule/index.htm,True,estimated,15:30 America/New_York,6
legacy_futures_only,2024-07-02,False,2024-07-08,,,2024-07-08,2024-07-08,2024-07-08,2024-07-09,estimated_three_federal_business_days_friday_floor,https://www.cftc.gov/MarketReports/CommitmentsofTraders/ReleaseSchedule/index.htm,True,estimated,15:30 America/New_York,6
disaggregated_futures_only,2024-07-09,False,2024-07-12,,,2024-07-12,2024-07-12,2024-07-12,2024-07-15,estimated_three_federal_business_days_friday_floor,https://www.cftc.gov/MarketReports/CommitmentsofTraders/ReleaseSchedule/index.htm,True,estimated,15:30 America/New_York,3
legacy_futures_only,2024-07-09,False,2024-07-12,,,2024-07-12,2024-07-12,2024-07-12,2024-07-15,estimated_three_federal_business_days_friday_floor,https://www.cftc.gov/MarketReports/CommitmentsofTraders/ReleaseSchedule/index.htm,True,estimated,15:30 America/New_York,3
disaggregated_futures_only,2024-07-16,False,2024-07-19,,,2024-07-19,2024-07-19,2024-07-19,2024-07-22,estimated_three_federal_business_days_friday_floor,https://www.cftc.gov/MarketReports/CommitmentsofTraders/ReleaseSchedule/index.htm,True,estimated,15:30 America/New_York,3
legacy_futures_only,2024-07-16,False,2024-07-19,,,2024-07-19,2024-07-19,2024-07-19,2024-07-22,estimated_three_federal_business_days_friday_floor,https://www.cftc.gov/MarketReports/CommitmentsofTraders/ReleaseSchedule/index.htm,True,estimated,15:30 America/New_York,3
disaggregated_futures_only,2024-07-23,False,2024-07-26,,,2024-07-26,2024-07-26,2024-07-26,2024-07-29,estimated_three_federal_business_days_friday_floor,https://www.cftc.gov/MarketReports/CommitmentsofTraders/ReleaseSchedule/index.htm,True,estimated,15:30 America/New_York,3
legacy_futures_only,2024-07-23,False,2024-07-26,,,2024-07-26,2024-07-26,2024-07-26,2024-07-29,estimated_three_federal_business_days_friday_floor,https://www.cftc.gov/MarketReports/CommitmentsofTraders/ReleaseSchedule/index.htm,True,estimated,15:30 America/New_York,3
disaggregated_futures_only,2024-07-30,False,2024-08-02,,,2024-08-02,2024-08-02,2024-08-02,2024-08-05,estimated_three_federal_business_days_friday_floor,https://www.cftc.gov/MarketReports/CommitmentsofTraders/ReleaseSchedule/index.htm,True,estimated,15:30 America/New_York,3
legacy_futures_only,2024-07-30,False,2024-08-02,,,2024-08-02,2024-08-02,2024-08-02,2024-08-05,estimated_three_federal_business_days_friday_floor,https://www.cftc.gov/MarketReports/CommitmentsofTraders/ReleaseSchedule/index.htm,True,estimated,15:30 America/New_York,3
disaggregated_futures_only,2024-08-06,False,2024-08-09,,,2024-08-09,2024-08-09,2024-08-09,2024-08-12,estimated_three_federal_business_days_friday_floor,https://www.cftc.gov/MarketReports/CommitmentsofTraders/ReleaseSchedule/index.htm,True,estimated,15:30 America/New_York,3
legacy_futures_only,2024-08-06,False,2024-08-09,,,2024-08-09,2024-08-09,2024-08-09,2024-08-12,estimated_three_federal_business_days_friday_floor,https://www.cftc.gov/MarketReports/CommitmentsofTraders/ReleaseSchedule/index.htm,True,estimated,15:30 America/New_York,3
disaggregated_futures_only,2024-08-13,False,2024-08-16,,,2024-08-16,2024-08-16,2024-08-16,2024-08-19,estimated_three_federal_business_days_friday_floor,https://www.cftc.gov/MarketReports/CommitmentsofTraders/ReleaseSchedule/index.htm,True,estimated,15:30 America/New_York,3
legacy_futures_only,2024-08-13,False,2024-08-16,,,2024-08-16,2024-08-16,2024-08-16,2024-08-19,estimated_three_federal_business_days_friday_floor,https://www.cftc.gov/MarketReports/CommitmentsofTraders/ReleaseSchedule/index.htm,True,estimated,15:30 America/New_York,3
disaggregated_futures_only,2024-08-20,False,2024-08-23,,,2024-08-23,2024-08-23,2024-08-23,2024-08-26,estimated_three_federal_business_days_friday_floor,https://www.cftc.gov/MarketReports/CommitmentsofTraders/ReleaseSchedule/index.htm,True,estimated,15:30 America/New_York,3
legacy_futures_only,2024-08-20,False,2024-08-23,,,2024-08-23,2024-08-23,2024-08-23,2024-08-26,estimated_three_federal_business_days_friday_floor,https://www.cftc.gov/MarketReports/CommitmentsofTraders/ReleaseSchedule/index.htm,True,estimated,15:30 America/New_York,3
disaggregated_futures_only,2024-08-27,False,2024-08-30,,,2024-08-30,2024-08-30,2024-08-30,2024-09-03,estimated_three_federal_business_days_friday_floor,https://www.cftc.gov/MarketReports/CommitmentsofTraders/ReleaseSchedule/index.htm,True,estimated,15:30 America/New_York,3
legacy_futures_only,2024-08-27,False,2024-08-30,,,2024-08-30,2024-08-30,2024-08-30,2024-09-03,estimated_three_federal_business_days_friday_floor,https://www.cftc.gov/MarketReports/CommitmentsofTraders/ReleaseSchedule/index.htm,True,estimated,15:30 America/New_York,3
disaggregated_futures_only,2024-09-03,False,2024-09-06,,,2024-09-06,2024-09-06,2024-09-06,2024-09-09,estimated_three_federal_business_days_friday_floor,https://www.cftc.gov/MarketReports/CommitmentsofTraders/ReleaseSchedule/index.htm,True,estimated,15:30 America/New_York,3
legacy_futures_only,2024-09-03,False,2024-09-06,,,2024-09-06,2024-09-06,2024-09-06,2024-09-09,estimated_three_federal_business_days_friday_floor,https://www.cftc.gov/MarketReports/CommitmentsofTraders/ReleaseSchedule/index.htm,True,estimated,15:30 America/New_York,3
disaggregated_futures_only,2024-09-10,False,2024-09-13,,,2024-09-13,2024-09-13,2024-09-13,2024-09-16,estimated_three_federal_business_days_friday_floor,https://www.cftc.gov/MarketReports/CommitmentsofTraders/ReleaseSchedule/index.htm,True,estimated,15:30 America/New_York,3
legacy_futures_only,2024-09-10,False,2024-09-13,,,2024-09-13,2024-09-13,2024-09-13,2024-09-16,estimated_three_federal_business_days_friday_floor,https://www.cftc.gov/MarketReports/CommitmentsofTraders/ReleaseSchedule/index.htm,True,estimated,15:30 America/New_York,3
disaggregated_futures_only,2024-09-17,False,2024-09-20,,,2024-09-20,2024-09-20,2024-09-20,2024-09-23,estimated_three_federal_business_days_friday_floor,https://www.cftc.gov/MarketReports/CommitmentsofTraders/ReleaseSchedule/index.htm,True,estimated,15:30 America/New_York,3
legacy_futures_only,2024-09-17,False,2024-09-20,,,2024-09-20,2024-09-20,2024-09-20,2024-09-23,estimated_three_federal_business_days_friday_floor,https://www.cftc.gov/MarketReports/CommitmentsofTraders/ReleaseSchedule/index.htm,True,estimated,15:30 America/New_York,3
disaggregated_futures_only,2024-09-24,False,2024-09-27,,,2024-09-27,2024-09-27,2024-09-27,2024-09-30,estimated_three_federal_business_days_friday_floor,https://www.cftc.gov/MarketReports/CommitmentsofTraders/ReleaseSchedule/index.htm,True,estimated,15:30 America/New_York,3
legacy_futures_only,2024-09-24,False,2024-09-27,,,2024-09-27,2024-09-27,2024-09-27,2024-09-30,estimated_three_federal_business_days_friday_floor,https://www.cftc.gov/MarketReports/CommitmentsofTraders/ReleaseSchedule/index.htm,True,estimated,15:30 America/New_York,3
disaggregated_futures_only,2024-10-01,False,2024-10-04,,,2024-10-04,2024-10-04,2024-10-04,2024-10-07,estimated_three_federal_business_days_friday_floor,https://www.cftc.gov/MarketReports/CommitmentsofTraders/ReleaseSchedule/index.htm,True,estimated,15:30 America/New_York,3
legacy_futures_only,2024-10-01,False,2024-10-04,,,2024-10-04,2024-10-04,2024-10-04,2024-10-07,estimated_three_federal_business_days_friday_floor,https://www.cftc.gov/MarketReports/CommitmentsofTraders/ReleaseSchedule/index.htm,True,estimated,15:30 America/New_York,3
disaggregated_futures_only,2024-10-08,False,2024-10-11,,,2024-10-11,2024-10-11,2024-10-11,2024-10-14,estimated_three_federal_business_days_friday_floor,https://www.cftc.gov/MarketReports/CommitmentsofTraders/ReleaseSchedule/index.htm,True,estimated,15:30 America/New_York,3
legacy_futures_only,2024-10-08,False,2024-10-11,,,2024-10-11,2024-10-11,2024-10-11,2024-10-14,estimated_three_federal_business_days_friday_floor,https://www.cftc.gov/MarketReports/CommitmentsofTraders/ReleaseSchedule/index.htm,True,estimated,15:30 America/New_York,3
disaggregated_futures_only,2024-10-15,False,2024-10-18,,,2024-10-18,2024-10-18,2024-10-18,2024-10-21,estimated_three_federal_business_days_friday_floor,https://www.cftc.gov/MarketReports/CommitmentsofTraders/ReleaseSchedule/index.htm,True,estimated,15:30 America/New_York,3
legacy_futures_only,2024-10-15,False,2024-10-18,,,2024-10-18,2024-10-18,2024-10-18,2024-10-21,estimated_three_federal_business_days_friday_floor,https://www.cftc.gov/MarketReports/CommitmentsofTraders/ReleaseSchedule/index.htm,True,estimated,15:30 America/New_York,3
disaggregated_futures_only,2024-10-22,False,2024-10-25,,,2024-10-25,2024-10-25,2024-10-25,2024-10-28,estimated_three_federal_business_days_friday_floor,https://www.cftc.gov/MarketReports/CommitmentsofTraders/ReleaseSchedule/index.htm,True,estimated,15:30 America/New_York,3
legacy_futures_only,2024-10-22,False,2024-10-25,,,2024-10-25,2024-10-25,2024-10-25,2024-10-28,estimated_three_federal_business_days_friday_floor,https://www.cftc.gov/MarketReports/CommitmentsofTraders/ReleaseSchedule/index.htm,True,estimated,15:30 America/New_York,3
disaggregated_futures_only,2024-10-29,False,2024-11-01,,,2024-11-01,2024-11-01,2024-11-01,2024-11-04,estimated_three_federal_business_days_friday_floor,https://www.cftc.gov/MarketReports/CommitmentsofTraders/ReleaseSchedule/index.htm,True,estimated,15:30 America/New_York,3
legacy_futures_only,2024-10-29,False,2024-11-01,,,2024-11-01,2024-11-01,2024-11-01,2024-11-04,estimated_three_federal_business_days_friday_floor,https://www.cftc.gov/MarketReports/CommitmentsofTraders/ReleaseSchedule/index.htm,True,estimated,15:30 America/New_York,3
disaggregated_futures_only,2024-11-05,False,2024-11-08,,,2024-11-08,2024-11-08,2024-11-08,2024-11-11,estimated_three_federal_business_days_friday_floor,https://www.cftc.gov/MarketReports/CommitmentsofTraders/ReleaseSchedule/index.htm,True,estimated,15:30 America/New_York,3
legacy_futures_only,2024-11-05,False,2024-11-08,,,2024-11-08,2024-11-08,2024-11-08,2024-11-11,estimated_three_federal_business_days_friday_floor,https://www.cftc.gov/MarketReports/CommitmentsofTraders/ReleaseSchedule/index.htm,True,estimated,15:30 America/New_York,3
disaggregated_futures_only,2024-11-12,False,2024-11-15,,,2024-11-15,2024-11-15,2024-11-15,2024-11-18,estimated_three_federal_business_days_friday_floor,https://www.cftc.gov/MarketReports/CommitmentsofTraders/ReleaseSchedule/index.htm,True,estimated,15:30 America/New_York,3
legacy_futures_only,2024-11-12,False,2024-11-15,,,2024-11-15,2024-11-15,2024-11-15,2024-11-18,estimated_three_federal_business_days_friday_floor,https://www.cftc.gov/MarketReports/CommitmentsofTraders/ReleaseSchedule/index.htm,True,estimated,15:30 America/New_York,3
disaggregated_futures_only,2024-11-19,False,2024-11-22,,,2024-11-22,2024-11-22,2024-11-22,2024-11-25,estimated_three_federal_business_days_friday_floor,https://www.cftc.gov/MarketReports/CommitmentsofTraders/ReleaseSchedule/index.htm,True,estimated,15:30 America/New_York,3
legacy_futures_only,2024-11-19,False,2024-11-22,,,2024-11-22,2024-11-22,2024-11-22,2024-11-25,estimated_three_federal_business_days_friday_floor,https://www.cftc.gov/MarketReports/CommitmentsofTraders/ReleaseSchedule/index.htm,True,estimated,15:30 America/New_York,3
disaggregated_futures_only,2024-11-26,False,2024-12-02,,,2024-12-02,2024-12-02,2024-12-02,2024-12-03,estimated_three_federal_business_days_friday_floor,https://www.cftc.gov/MarketReports/CommitmentsofTraders/ReleaseSchedule/index.htm,True,estimated,15:30 America/New_York,6
legacy_futures_only,2024-11-26,False,2024-12-02,,,2024-12-02,2024-12-02,2024-12-02,2024-12-03,estimated_three_federal_business_days_friday_floor,https://www.cftc.gov/MarketReports/CommitmentsofTraders/ReleaseSchedule/index.htm,True,estimated,15:30 America/New_York,6
disaggregated_futures_only,2024-12-03,False,2024-12-06,,,2024-12-06,2024-12-06,2024-12-06,2024-12-09,estimated_three_federal_business_days_friday_floor,https://www.cftc.gov/MarketReports/CommitmentsofTraders/ReleaseSchedule/index.htm,True,estimated,15:30 America/New_York,3
legacy_futures_only,2024-12-03,False,2024-12-06,,,2024-12-06,2024-12-06,2024-12-06,2024-12-09,estimated_three_federal_business_days_friday_floor,https://www.cftc.gov/MarketReports/CommitmentsofTraders/ReleaseSchedule/index.htm,True,estimated,15:30 America/New_York,3
disaggregated_futures_only,2024-12-10,False,2024-12-13,,,2024-12-13,2024-12-13,2024-12-13,2024-12-16,estimated_three_federal_business_days_friday_floor,https://www.cftc.gov/MarketReports/CommitmentsofTraders/ReleaseSchedule/index.htm,True,estimated,15:30 America/New_York,3
legacy_futures_only,2024-12-10,False,2024-12-13,,,2024-12-13,2024-12-13,2024-12-13,2024-12-16,estimated_three_federal_business_days_friday_floor,https://www.cftc.gov/MarketReports/CommitmentsofTraders/ReleaseSchedule/index.htm,True,estimated,15:30 America/New_York,3
disaggregated_futures_only,2024-12-17,False,2024-12-20,,,2024-12-20,2024-12-20,2024-12-20,2024-12-23,estimated_three_federal_business_days_friday_floor,https://www.cftc.gov/MarketReports/CommitmentsofTraders/ReleaseSchedule/index.htm,True,estimated,15:30 America/New_York,3
legacy_futures_only,2024-12-17,False,2024-12-20,,,2024-12-20,2024-12-20,2024-12-20,2024-12-23,estimated_three_federal_business_days_friday_floor,https://www.cftc.gov/MarketReports/CommitmentsofTraders/ReleaseSchedule/index.htm,True,estimated,15:30 America/New_York,3
disaggregated_futures_only,2024-12-24,False,2024-12-30,,,2024-12-30,2024-12-30,2024-12-30,2024-12-31,estimated_three_federal_business_days_friday_floor,https://www.cftc.gov/MarketReports/CommitmentsofTraders/ReleaseSchedule/index.htm,True,estimated,15:30 America/New_York,6
legacy_futures_only,2024-12-24,False,2024-12-30,,,2024-12-30,2024-12-30,2024-12-30,2024-12-31,estimated_three_federal_business_days_friday_floor,https://www.cftc.gov/MarketReports/CommitmentsofTraders/ReleaseSchedule/index.htm,True,estimated,15:30 America/New_York,6
disaggregated_futures_only,2024-12-31,False,2025-01-06,,,2025-01-06,2025-01-06,2025-01-06,2025-01-07,estimated_three_federal_business_days_friday_floor,https://www.cftc.gov/MarketReports/CommitmentsofTraders/ReleaseSchedule/index.htm,True,estimated,15:30 America/New_York,6
legacy_futures_only,2024-12-31,False,2025-01-06,,,2025-01-06,2025-01-06,2025-01-06,2025-01-07,estimated_three_federal_business_days_friday_floor,https://www.cftc.gov/MarketReports/CommitmentsofTraders/ReleaseSchedule/index.htm,True,estimated,15:30 America/New_York,6
disaggregated_futures_only,2025-01-07,False,2025-01-13,,,2025-01-13,2025-01-13,2025-01-13,2025-01-14,announced_mourning_delay,https://www.cftc.gov/MarketReports/CommitmentsofTraders/HistoricalSpecialAnnouncements/index.htm,True,announced_schedule,15:30 America/New_York,6
legacy_futures_only,2025-01-07,False,2025-01-13,,,2025-01-13,2025-01-13,2025-01-13,2025-01-14,announced_mourning_delay,https://www.cftc.gov/MarketReports/CommitmentsofTraders/HistoricalSpecialAnnouncements/index.htm,True,announced_schedule,15:30 America/New_York,6
disaggregated_futures_only,2025-01-14,False,2025-01-17,,,2025-01-17,2025-01-17,2025-01-17,2025-01-21,estimated_three_federal_business_days_friday_floor,https://www.cftc.gov/MarketReports/CommitmentsofTraders/ReleaseSchedule/index.htm,True,estimated,15:30 America/New_York,3
legacy_futures_only,2025-01-14,False,2025-01-17,,,2025-01-17,2025-01-17,2025-01-17,2025-01-21,estimated_three_federal_business_days_friday_floor,https://www.cftc.gov/MarketReports/CommitmentsofTraders/ReleaseSchedule/index.htm,True,estimated,15:30 America/New_York,3
disaggregated_futures_only,2025-01-21,False,2025-01-24,,,2025-01-24,2025-01-24,2025-01-24,2025-01-27,estimated_three_federal_business_days_friday_floor,https://www.cftc.gov/MarketReports/CommitmentsofTraders/ReleaseSchedule/index.htm,True,estimated,15:30 America/New_York,3
legacy_futures_only,2025-01-21,False,2025-01-24,,,2025-01-24,2025-01-24,2025-01-24,2025-01-27,estimated_three_federal_business_days_friday_floor,https://www.cftc.gov/MarketReports/CommitmentsofTraders/ReleaseSchedule/index.htm,True,estimated,15:30 America/New_York,3
disaggregated_futures_only,2025-01-28,False,2025-01-31,,,2025-01-31,2025-01-31,2025-01-31,2025-02-03,estimated_three_federal_business_days_friday_floor,https://www.cftc.gov/MarketReports/CommitmentsofTraders/ReleaseSchedule/index.htm,True,estimated,15:30 America/New_York,3
legacy_futures_only,2025-01-28,False,2025-01-31,,,2025-01-31,2025-01-31,2025-01-31,2025-02-03,estimated_three_federal_business_days_friday_floor,https://www.cftc.gov/MarketReports/CommitmentsofTraders/ReleaseSchedule/index.htm,True,estimated,15:30 America/New_York,3
disaggregated_futures_only,2025-02-04,False,2025-02-07,,,2025-02-07,2025-02-07,2025-02-07,2025-02-10,estimated_three_federal_business_days_friday_floor,https://www.cftc.gov/MarketReports/CommitmentsofTraders/ReleaseSchedule/index.htm,True,estimated,15:30 America/New_York,3
legacy_futures_only,2025-02-04,False,2025-02-07,,,2025-02-07,2025-02-07,2025-02-07,2025-02-10,estimated_three_federal_business_days_friday_floor,https://www.cftc.gov/MarketReports/CommitmentsofTraders/ReleaseSchedule/index.htm,True,estimated,15:30 America/New_York,3
disaggregated_futures_only,2025-02-11,False,2025-02-14,,,2025-02-14,2025-02-14,2025-02-14,2025-02-18,estimated_three_federal_business_days_friday_floor,https://www.cftc.gov/MarketReports/CommitmentsofTraders/ReleaseSchedule/index.htm,True,estimated,15:30 America/New_York,3
legacy_futures_only,2025-02-11,False,2025-02-14,,,2025-02-14,2025-02-14,2025-02-14,2025-02-18,estimated_three_federal_business_days_friday_floor,https://www.cftc.gov/MarketReports/CommitmentsofTraders/ReleaseSchedule/index.htm,True,estimated,15:30 America/New_York,3
disaggregated_futures_only,2025-02-18,False,2025-02-21,,,2025-02-21,2025-02-21,2025-02-21,2025-02-24,estimated_three_federal_business_days_friday_floor,https://www.cftc.gov/MarketReports/CommitmentsofTraders/ReleaseSchedule/index.htm,True,estimated,15:30 America/New_York,3
legacy_futures_only,2025-02-18,False,2025-02-21,,,2025-02-21,2025-02-21,2025-02-21,2025-02-24,estimated_three_federal_business_days_friday_floor,https://www.cftc.gov/MarketReports/CommitmentsofTraders/ReleaseSchedule/index.htm,True,estimated,15:30 America/New_York,3
disaggregated_futures_only,2025-02-25,False,2025-02-28,,,2025-02-28,2025-02-28,2025-02-28,2025-03-03,estimated_three_federal_business_days_friday_floor,https://www.cftc.gov/MarketReports/CommitmentsofTraders/ReleaseSchedule/index.htm,True,estimated,15:30 America/New_York,3
legacy_futures_only,2025-02-25,False,2025-02-28,,,2025-02-28,2025-02-28,2025-02-28,2025-03-03,estimated_three_federal_business_days_friday_floor,https://www.cftc.gov/MarketReports/CommitmentsofTraders/ReleaseSchedule/index.htm,True,estimated,15:30 America/New_York,3
disaggregated_futures_only,2025-03-04,False,2025-03-07,,,2025-03-07,2025-03-07,2025-03-07,2025-03-10,estimated_three_federal_business_days_friday_floor,https://www.cftc.gov/MarketReports/CommitmentsofTraders/ReleaseSchedule/index.htm,True,estimated,15:30 America/New_York,3
legacy_futures_only,2025-03-04,False,2025-03-07,,,2025-03-07,2025-03-07,2025-03-07,2025-03-10,estimated_three_federal_business_days_friday_floor,https://www.cftc.gov/MarketReports/CommitmentsofTraders/ReleaseSchedule/index.htm,True,estimated,15:30 America/New_York,3
disaggregated_futures_only,2025-03-11,False,2025-03-14,,,2025-03-14,2025-03-14,2025-03-14,2025-03-17,estimated_three_federal_business_days_friday_floor,https://www.cftc.gov/MarketReports/CommitmentsofTraders/ReleaseSchedule/index.htm,True,estimated,15:30 America/New_York,3
legacy_futures_only,2025-03-11,False,2025-03-14,,,2025-03-14,2025-03-14,2025-03-14,2025-03-17,estimated_three_federal_business_days_friday_floor,https://www.cftc.gov/MarketReports/CommitmentsofTraders/ReleaseSchedule/index.htm,True,estimated,15:30 America/New_York,3
disaggregated_futures_only,2025-03-18,False,2025-03-21,,,2025-03-21,2025-03-21,2025-03-21,2025-03-24,estimated_three_federal_business_days_friday_floor,https://www.cftc.gov/MarketReports/CommitmentsofTraders/ReleaseSchedule/index.htm,True,estimated,15:30 America/New_York,3
legacy_futures_only,2025-03-18,False,2025-03-21,,,2025-03-21,2025-03-21,2025-03-21,2025-03-24,estimated_three_federal_business_days_friday_floor,https://www.cftc.gov/MarketReports/CommitmentsofTraders/ReleaseSchedule/index.htm,True,estimated,15:30 America/New_York,3
disaggregated_futures_only,2025-03-25,False,2025-03-28,,,2025-03-28,2025-03-28,2025-03-28,2025-03-31,estimated_three_federal_business_days_friday_floor,https://www.cftc.gov/MarketReports/CommitmentsofTraders/ReleaseSchedule/index.htm,True,estimated,15:30 America/New_York,3
legacy_futures_only,2025-03-25,False,2025-03-28,,,2025-03-28,2025-03-28,2025-03-28,2025-03-31,estimated_three_federal_business_days_friday_floor,https://www.cftc.gov/MarketReports/CommitmentsofTraders/ReleaseSchedule/index.htm,True,estimated,15:30 America/New_York,3
disaggregated_futures_only,2025-04-01,False,2025-04-04,,,2025-04-04,2025-04-04,2025-04-04,2025-04-07,estimated_three_federal_business_days_friday_floor,https://www.cftc.gov/MarketReports/CommitmentsofTraders/ReleaseSchedule/index.htm,True,estimated,15:30 America/New_York,3
legacy_futures_only,2025-04-01,False,2025-04-04,,,2025-04-04,2025-04-04,2025-04-04,2025-04-07,estimated_three_federal_business_days_friday_floor,https://www.cftc.gov/MarketReports/CommitmentsofTraders/ReleaseSchedule/index.htm,True,estimated,15:30 America/New_York,3
disaggregated_futures_only,2025-04-08,False,2025-04-11,,,2025-04-11,2025-04-11,2025-04-11,2025-04-14,estimated_three_federal_business_days_friday_floor,https://www.cftc.gov/MarketReports/CommitmentsofTraders/ReleaseSchedule/index.htm,True,estimated,15:30 America/New_York,3
legacy_futures_only,2025-04-08,False,2025-04-11,,,2025-04-11,2025-04-11,2025-04-11,2025-04-14,estimated_three_federal_business_days_friday_floor,https://www.cftc.gov/MarketReports/CommitmentsofTraders/ReleaseSchedule/index.htm,True,estimated,15:30 America/New_York,3
disaggregated_futures_only,2025-04-15,False,2025-04-18,,,2025-04-18,2025-04-18,2025-04-18,2025-04-21,estimated_three_federal_business_days_friday_floor,https://www.cftc.gov/MarketReports/CommitmentsofTraders/ReleaseSchedule/index.htm,True,estimated,15:30 America/New_York,3
legacy_futures_only,2025-04-15,False,2025-04-18,,,2025-04-18,2025-04-18,2025-04-18,2025-04-21,estimated_three_federal_business_days_friday_floor,https://www.cftc.gov/MarketReports/CommitmentsofTraders/ReleaseSchedule/index.htm,True,estimated,15:30 America/New_York,3
disaggregated_futures_only,2025-04-22,False,2025-04-25,,,2025-04-25,2025-04-25,2025-04-25,2025-04-28,estimated_three_federal_business_days_friday_floor,https://www.cftc.gov/MarketReports/CommitmentsofTraders/ReleaseSchedule/index.htm,True,estimated,15:30 America/New_York,3
legacy_futures_only,2025-04-22,False,2025-04-25,,,2025-04-25,2025-04-25,2025-04-25,2025-04-28,estimated_three_federal_business_days_friday_floor,https://www.cftc.gov/MarketReports/CommitmentsofTraders/ReleaseSchedule/index.htm,True,estimated,15:30 America/New_York,3
disaggregated_futures_only,2025-04-29,False,2025-05-02,,,2025-05-02,2025-05-02,2025-05-02,2025-05-05,estimated_three_federal_business_days_friday_floor,https://www.cftc.gov/MarketReports/CommitmentsofTraders/ReleaseSchedule/index.htm,True,estimated,15:30 America/New_York,3
legacy_futures_only,2025-04-29,False,2025-05-02,,,2025-05-02,2025-05-02,2025-05-02,2025-05-05,estimated_three_federal_business_days_friday_floor,https://www.cftc.gov/MarketReports/CommitmentsofTraders/ReleaseSchedule/index.htm,True,estimated,15:30 America/New_York,3
disaggregated_futures_only,2025-05-06,False,2025-05-09,,,2025-05-09,2025-05-09,2025-05-09,2025-05-12,estimated_three_federal_business_days_friday_floor,https://www.cftc.gov/MarketReports/CommitmentsofTraders/ReleaseSchedule/index.htm,True,estimated,15:30 America/New_York,3
legacy_futures_only,2025-05-06,False,2025-05-09,,,2025-05-09,2025-05-09,2025-05-09,2025-05-12,estimated_three_federal_business_days_friday_floor,https://www.cftc.gov/MarketReports/CommitmentsofTraders/ReleaseSchedule/index.htm,True,estimated,15:30 America/New_York,3
disaggregated_futures_only,2025-05-13,False,2025-05-16,,,2025-05-16,2025-05-16,2025-05-16,2025-05-19,estimated_three_federal_business_days_friday_floor,https://www.cftc.gov/MarketReports/CommitmentsofTraders/ReleaseSchedule/index.htm,True,estimated,15:30 America/New_York,3
legacy_futures_only,2025-05-13,False,2025-05-16,,,2025-05-16,2025-05-16,2025-05-16,2025-05-19,estimated_three_federal_business_days_friday_floor,https://www.cftc.gov/MarketReports/CommitmentsofTraders/ReleaseSchedule/index.htm,True,estimated,15:30 America/New_York,3
disaggregated_futures_only,2025-05-20,False,2025-05-23,,,2025-05-23,2025-05-23,2025-05-23,2025-05-27,estimated_three_federal_business_days_friday_floor,https://www.cftc.gov/MarketReports/CommitmentsofTraders/ReleaseSchedule/index.htm,True,estimated,15:30 America/New_York,3
legacy_futures_only,2025-05-20,False,2025-05-23,,,2025-05-23,2025-05-23,2025-05-23,2025-05-27,estimated_three_federal_business_days_friday_floor,https://www.cftc.gov/MarketReports/CommitmentsofTraders/ReleaseSchedule/index.htm,True,estimated,15:30 America/New_York,3
disaggregated_futures_only,2025-05-27,False,2025-05-30,,,2025-05-30,2025-05-30,2025-05-30,2025-06-02,estimated_three_federal_business_days_friday_floor,https://www.cftc.gov/MarketReports/CommitmentsofTraders/ReleaseSchedule/index.htm,True,estimated,15:30 America/New_York,3
legacy_futures_only,2025-05-27,False,2025-05-30,,,2025-05-30,2025-05-30,2025-05-30,2025-06-02,estimated_three_federal_business_days_friday_floor,https://www.cftc.gov/MarketReports/CommitmentsofTraders/ReleaseSchedule/index.htm,True,estimated,15:30 America/New_York,3
disaggregated_futures_only,2025-06-03,False,2025-06-06,,,2025-06-06,2025-06-06,2025-06-06,2025-06-09,estimated_three_federal_business_days_friday_floor,https://www.cftc.gov/MarketReports/CommitmentsofTraders/ReleaseSchedule/index.htm,True,estimated,15:30 America/New_York,3
legacy_futures_only,2025-06-03,False,2025-06-06,,,2025-06-06,2025-06-06,2025-06-06,2025-06-09,estimated_three_federal_business_days_friday_floor,https://www.cftc.gov/MarketReports/CommitmentsofTraders/ReleaseSchedule/index.htm,True,estimated,15:30 America/New_York,3
disaggregated_futures_only,2025-06-10,False,2025-06-13,,,2025-06-13,2025-06-13,2025-06-13,2025-06-16,estimated_three_federal_business_days_friday_floor,https://www.cftc.gov/MarketReports/CommitmentsofTraders/ReleaseSchedule/index.htm,True,estimated,15:30 America/New_York,3
legacy_futures_only,2025-06-10,False,2025-06-13,,,2025-06-13,2025-06-13,2025-06-13,2025-06-16,estimated_three_federal_business_days_friday_floor,https://www.cftc.gov/MarketReports/CommitmentsofTraders/ReleaseSchedule/index.htm,True,estimated,15:30 America/New_York,3
disaggregated_futures_only,2025-06-17,False,2025-06-23,,,2025-06-23,2025-06-23,2025-06-23,2025-06-24,estimated_three_federal_business_days_friday_floor,https://www.cftc.gov/MarketReports/CommitmentsofTraders/ReleaseSchedule/index.htm,True,estimated,15:30 America/New_York,6
legacy_futures_only,2025-06-17,False,2025-06-23,,,2025-06-23,2025-06-23,2025-06-23,2025-06-24,estimated_three_federal_business_days_friday_floor,https://www.cftc.gov/MarketReports/CommitmentsofTraders/ReleaseSchedule/index.htm,True,estimated,15:30 America/New_York,6
disaggregated_futures_only,2025-06-24,False,2025-06-27,,,2025-06-27,2025-06-27,2025-06-27,2025-06-30,estimated_three_federal_business_days_friday_floor,https://www.cftc.gov/MarketReports/CommitmentsofTraders/ReleaseSchedule/index.htm,True,estimated,15:30 America/New_York,3
legacy_futures_only,2025-06-24,False,2025-06-27,,,2025-06-27,2025-06-27,2025-06-27,2025-06-30,estimated_three_federal_business_days_friday_floor,https://www.cftc.gov/MarketReports/CommitmentsofTraders/ReleaseSchedule/index.htm,True,estimated,15:30 America/New_York,3
disaggregated_futures_only,2025-07-01,False,2025-07-07,,,2025-07-07,2025-07-07,2025-07-07,2025-07-08,estimated_three_federal_business_days_friday_floor,https://www.cftc.gov/MarketReports/CommitmentsofTraders/ReleaseSchedule/index.htm,True,estimated,15:30 America/New_York,6
legacy_futures_only,2025-07-01,False,2025-07-07,,,2025-07-07,2025-07-07,2025-07-07,2025-07-08,estimated_three_federal_business_days_friday_floor,https://www.cftc.gov/MarketReports/CommitmentsofTraders/ReleaseSchedule/index.htm,True,estimated,15:30 America/New_York,6
disaggregated_futures_only,2025-07-08,False,2025-07-11,,,2025-07-11,2025-07-11,2025-07-11,2025-07-14,estimated_three_federal_business_days_friday_floor,https://www.cftc.gov/MarketReports/CommitmentsofTraders/ReleaseSchedule/index.htm,True,estimated,15:30 America/New_York,3
legacy_futures_only,2025-07-08,False,2025-07-11,,,2025-07-11,2025-07-11,2025-07-11,2025-07-14,estimated_three_federal_business_days_friday_floor,https://www.cftc.gov/MarketReports/CommitmentsofTraders/ReleaseSchedule/index.htm,True,estimated,15:30 America/New_York,3
disaggregated_futures_only,2025-07-15,False,2025-07-18,,,2025-07-18,2025-07-18,2025-07-18,2025-07-21,estimated_three_federal_business_days_friday_floor,https://www.cftc.gov/MarketReports/CommitmentsofTraders/ReleaseSchedule/index.htm,True,estimated,15:30 America/New_York,3
legacy_futures_only,2025-07-15,False,2025-07-18,,,2025-07-18,2025-07-18,2025-07-18,2025-07-21,estimated_three_federal_business_days_friday_floor,https://www.cftc.gov/MarketReports/CommitmentsofTraders/ReleaseSchedule/index.htm,True,estimated,15:30 America/New_York,3
disaggregated_futures_only,2025-07-22,False,2025-07-25,,,2025-07-25,2025-07-25,2025-07-25,2025-07-28,estimated_three_federal_business_days_friday_floor,https://www.cftc.gov/MarketReports/CommitmentsofTraders/ReleaseSchedule/index.htm,True,estimated,15:30 America/New_York,3
legacy_futures_only,2025-07-22,False,2025-07-25,,,2025-07-25,2025-07-25,2025-07-25,2025-07-28,estimated_three_federal_business_days_friday_floor,https://www.cftc.gov/MarketReports/CommitmentsofTraders/ReleaseSchedule/index.htm,True,estimated,15:30 America/New_York,3
disaggregated_futures_only,2025-07-29,False,2025-08-01,,,2025-08-01,2025-08-01,2025-08-01,2025-08-04,estimated_three_federal_business_days_friday_floor,https://www.cftc.gov/MarketReports/CommitmentsofTraders/ReleaseSchedule/index.htm,True,estimated,15:30 America/New_York,3
legacy_futures_only,2025-07-29,False,2025-08-01,,,2025-08-01,2025-08-01,2025-08-01,2025-08-04,estimated_three_federal_business_days_friday_floor,https://www.cftc.gov/MarketReports/CommitmentsofTraders/ReleaseSchedule/index.htm,True,estimated,15:30 America/New_York,3
disaggregated_futures_only,2025-08-05,False,2025-08-08,,,2025-08-08,2025-08-08,2025-08-08,2025-08-11,estimated_three_federal_business_days_friday_floor,https://www.cftc.gov/MarketReports/CommitmentsofTraders/ReleaseSchedule/index.htm,True,estimated,15:30 America/New_York,3
legacy_futures_only,2025-08-05,False,2025-08-08,,,2025-08-08,2025-08-08,2025-08-08,2025-08-11,estimated_three_federal_business_days_friday_floor,https://www.cftc.gov/MarketReports/CommitmentsofTraders/ReleaseSchedule/index.htm,True,estimated,15:30 America/New_York,3
disaggregated_futures_only,2025-08-12,False,2025-08-15,,,2025-08-15,2025-08-15,2025-08-15,2025-08-18,estimated_three_federal_business_days_friday_floor,https://www.cftc.gov/MarketReports/CommitmentsofTraders/ReleaseSchedule/index.htm,True,estimated,15:30 America/New_York,3
legacy_futures_only,2025-08-12,False,2025-08-15,,,2025-08-15,2025-08-15,2025-08-15,2025-08-18,estimated_three_federal_business_days_friday_floor,https://www.cftc.gov/MarketReports/CommitmentsofTraders/ReleaseSchedule/index.htm,True,estimated,15:30 America/New_York,3
disaggregated_futures_only,2025-08-19,False,2025-08-22,,,2025-08-22,2025-08-22,2025-08-22,2025-08-25,estimated_three_federal_business_days_friday_floor,https://www.cftc.gov/MarketReports/CommitmentsofTraders/ReleaseSchedule/index.htm,True,estimated,15:30 America/New_York,3
legacy_futures_only,2025-08-19,False,2025-08-22,,,2025-08-22,2025-08-22,2025-08-22,2025-08-25,estimated_three_federal_business_days_friday_floor,https://www.cftc.gov/MarketReports/CommitmentsofTraders/ReleaseSchedule/index.htm,True,estimated,15:30 America/New_York,3
disaggregated_futures_only,2025-08-26,False,2025-08-29,,,2025-08-29,2025-08-29,2025-08-29,2025-09-02,estimated_three_federal_business_days_friday_floor,https://www.cftc.gov/MarketReports/CommitmentsofTraders/ReleaseSchedule/index.htm,True,estimated,15:30 America/New_York,3
legacy_futures_only,2025-08-26,False,2025-08-29,,,2025-08-29,2025-08-29,2025-08-29,2025-09-02,estimated_three_federal_business_days_friday_floor,https://www.cftc.gov/MarketReports/CommitmentsofTraders/ReleaseSchedule/index.htm,True,estimated,15:30 America/New_York,3
disaggregated_futures_only,2025-09-02,False,2025-09-05,,,2025-09-05,2025-09-05,2025-09-05,2025-09-08,estimated_three_federal_business_days_friday_floor,https://www.cftc.gov/MarketReports/CommitmentsofTraders/ReleaseSchedule/index.htm,True,estimated,15:30 America/New_York,3
legacy_futures_only,2025-09-02,False,2025-09-05,,,2025-09-05,2025-09-05,2025-09-05,2025-09-08,estimated_three_federal_business_days_friday_floor,https://www.cftc.gov/MarketReports/CommitmentsofTraders/ReleaseSchedule/index.htm,True,estimated,15:30 America/New_York,3
disaggregated_futures_only,2025-09-09,False,2025-09-12,,,2025-09-12,2025-09-12,2025-09-12,2025-09-15,estimated_three_federal_business_days_friday_floor,https://www.cftc.gov/MarketReports/CommitmentsofTraders/ReleaseSchedule/index.htm,True,estimated,15:30 America/New_York,3
legacy_futures_only,2025-09-09,False,2025-09-12,,,2025-09-12,2025-09-12,2025-09-12,2025-09-15,estimated_three_federal_business_days_friday_floor,https://www.cftc.gov/MarketReports/CommitmentsofTraders/ReleaseSchedule/index.htm,True,estimated,15:30 America/New_York,3
disaggregated_futures_only,2025-09-16,False,2025-09-19,,,2025-09-19,2025-09-19,2025-09-19,2025-09-22,estimated_three_federal_business_days_friday_floor,https://www.cftc.gov/MarketReports/CommitmentsofTraders/ReleaseSchedule/index.htm,True,estimated,15:30 America/New_York,3
legacy_futures_only,2025-09-16,False,2025-09-19,,,2025-09-19,2025-09-19,2025-09-19,2025-09-22,estimated_three_federal_business_days_friday_floor,https://www.cftc.gov/MarketReports/CommitmentsofTraders/ReleaseSchedule/index.htm,True,estimated,15:30 America/New_York,3
disaggregated_futures_only,2025-09-23,False,2025-09-26,,,2025-09-26,2025-09-26,2025-09-26,2025-09-29,estimated_three_federal_business_days_friday_floor,https://www.cftc.gov/MarketReports/CommitmentsofTraders/ReleaseSchedule/index.htm,True,estimated,15:30 America/New_York,3
legacy_futures_only,2025-09-23,False,2025-09-26,,,2025-09-26,2025-09-26,2025-09-26,2025-09-29,estimated_three_federal_business_days_friday_floor,https://www.cftc.gov/MarketReports/CommitmentsofTraders/ReleaseSchedule/index.htm,True,estimated,15:30 America/New_York,3
disaggregated_futures_only,2025-09-30,False,2025-11-19,,,2025-11-19,2025-11-19,2025-11-19,2025-11-20,announced_2025_revised_schedule,https://www.cftc.gov/PressRoom/PressReleases/9147-25,True,announced_schedule,15:30 America/New_York,50
legacy_futures_only,2025-09-30,False,2025-11-19,,,2025-11-19,2025-11-19,2025-11-19,2025-11-20,announced_2025_revised_schedule,https://www.cftc.gov/PressRoom/PressReleases/9147-25,True,announced_schedule,15:30 America/New_York,50
disaggregated_futures_only,2025-10-07,False,2025-11-21,,,2025-11-21,2025-11-21,2025-11-21,2025-11-24,announced_2025_revised_schedule,https://www.cftc.gov/PressRoom/PressReleases/9147-25,True,announced_schedule,15:30 America/New_York,45
legacy_futures_only,2025-10-07,False,2025-11-21,,,2025-11-21,2025-11-21,2025-11-21,2025-11-24,announced_2025_revised_schedule,https://www.cftc.gov/PressRoom/PressReleases/9147-25,True,announced_schedule,15:30 America/New_York,45
disaggregated_futures_only,2025-10-14,False,2025-11-25,,,2025-11-25,2025-11-25,2025-11-25,2025-11-26,announced_2025_revised_schedule,https://www.cftc.gov/PressRoom/PressReleases/9147-25,True,announced_schedule,15:30 America/New_York,42
legacy_futures_only,2025-10-14,False,2025-11-25,,,2025-11-25,2025-11-25,2025-11-25,2025-11-26,announced_2025_revised_schedule,https://www.cftc.gov/PressRoom/PressReleases/9147-25,True,announced_schedule,15:30 America/New_York,42
disaggregated_futures_only,2025-10-21,False,2025-12-02,,,2025-12-02,2025-12-02,2025-12-02,2025-12-03,announced_2025_revised_schedule,https://www.cftc.gov/PressRoom/PressReleases/9147-25,True,announced_schedule,15:30 America/New_York,42
legacy_futures_only,2025-10-21,False,2025-12-02,,,2025-12-02,2025-12-02,2025-12-02,2025-12-03,announced_2025_revised_schedule,https://www.cftc.gov/PressRoom/PressReleases/9147-25,True,announced_schedule,15:30 America/New_York,42
disaggregated_futures_only,2025-10-28,False,2025-12-05,,,2025-12-05,2025-12-05,2025-12-05,2025-12-08,announced_2025_revised_schedule,https://www.cftc.gov/PressRoom/PressReleases/9147-25,True,announced_schedule,15:30 America/New_York,38
legacy_futures_only,2025-10-28,False,2025-12-05,,,2025-12-05,2025-12-05,2025-12-05,2025-12-08,announced_2025_revised_schedule,https://www.cftc.gov/PressRoom/PressReleases/9147-25,True,announced_schedule,15:30 America/New_York,38
disaggregated_futures_only,2025-11-04,False,2025-12-09,,,2025-12-09,2025-12-09,2025-12-09,2025-12-10,announced_2025_revised_schedule,https://www.cftc.gov/PressRoom/PressReleases/9147-25,True,announced_schedule,15:30 America/New_York,35
legacy_futures_only,2025-11-04,False,2025-12-09,,,2025-12-09,2025-12-09,2025-12-09,2025-12-10,announced_2025_revised_schedule,https://www.cftc.gov/PressRoom/PressReleases/9147-25,True,announced_schedule,15:30 America/New_York,35
disaggregated_futures_only,2025-11-10,False,2025-12-10,,,2025-12-10,2025-12-10,2025-12-10,2025-12-11,announced_2025_revised_schedule,https://www.cftc.gov/PressRoom/PressReleases/9147-25,True,announced_schedule,15:30 America/New_York,30
legacy_futures_only,2025-11-10,False,2025-12-10,,,2025-12-10,2025-12-10,2025-12-10,2025-12-11,announced_2025_revised_schedule,https://www.cftc.gov/PressRoom/PressReleases/9147-25,True,announced_schedule,15:30 America/New_York,30
disaggregated_futures_only,2025-11-18,False,2025-12-12,,,2025-12-12,2025-12-12,2025-12-12,2025-12-15,announced_2025_revised_schedule,https://www.cftc.gov/PressRoom/PressReleases/9147-25,True,announced_schedule,15:30 America/New_York,24
legacy_futures_only,2025-11-18,False,2025-12-12,,,2025-12-12,2025-12-12,2025-12-12,2025-12-15,announced_2025_revised_schedule,https://www.cftc.gov/PressRoom/PressReleases/9147-25,True,announced_schedule,15:30 America/New_York,24
disaggregated_futures_only,2025-11-25,False,2025-12-15,,,2025-12-15,2025-12-15,2025-12-15,2025-12-16,announced_2025_revised_schedule,https://www.cftc.gov/PressRoom/PressReleases/9147-25,True,announced_schedule,15:30 America/New_York,20
legacy_futures_only,2025-11-25,False,2025-12-15,,,2025-12-15,2025-12-15,2025-12-15,2025-12-16,announced_2025_revised_schedule,https://www.cftc.gov/PressRoom/PressReleases/9147-25,True,announced_schedule,15:30 America/New_York,20
disaggregated_futures_only,2025-12-02,False,2025-12-17,,,2025-12-17,2025-12-17,2025-12-17,2025-12-18,announced_2025_revised_schedule,https://www.cftc.gov/PressRoom/PressReleases/9147-25,True,announced_schedule,15:30 America/New_York,15
legacy_futures_only,2025-12-02,False,2025-12-17,,,2025-12-17,2025-12-17,2025-12-17,2025-12-18,announced_2025_revised_schedule,https://www.cftc.gov/PressRoom/PressReleases/9147-25,True,announced_schedule,15:30 America/New_York,15
disaggregated_futures_only,2025-12-09,False,2025-12-19,,,2025-12-19,2025-12-19,2025-12-19,2025-12-22,announced_2025_revised_schedule,https://www.cftc.gov/PressRoom/PressReleases/9147-25,True,announced_schedule,15:30 America/New_York,10
legacy_futures_only,2025-12-09,False,2025-12-19,,,2025-12-19,2025-12-19,2025-12-19,2025-12-22,announced_2025_revised_schedule,https://www.cftc.gov/PressRoom/PressReleases/9147-25,True,announced_schedule,15:30 America/New_York,10
disaggregated_futures_only,2025-12-16,False,2025-12-23,,,2025-12-23,2025-12-23,2025-12-23,2025-12-24,announced_2025_revised_schedule,https://www.cftc.gov/PressRoom/PressReleases/9147-25,True,announced_schedule,15:30 America/New_York,7
legacy_futures_only,2025-12-16,False,2025-12-23,,,2025-12-23,2025-12-23,2025-12-23,2025-12-24,announced_2025_revised_schedule,https://www.cftc.gov/PressRoom/PressReleases/9147-25,True,announced_schedule,15:30 America/New_York,7
disaggregated_futures_only,2025-12-23,False,2025-12-29,,,2025-12-29,2025-12-29,2025-12-29,2025-12-30,announced_2025_revised_schedule,https://www.cftc.gov/PressRoom/PressReleases/9147-25,True,announced_schedule,15:30 America/New_York,6
legacy_futures_only,2025-12-23,False,2025-12-29,,,2025-12-29,2025-12-29,2025-12-29,2025-12-30,announced_2025_revised_schedule,https://www.cftc.gov/PressRoom/PressReleases/9147-25,True,announced_schedule,15:30 America/New_York,6
disaggregated_futures_only,2025-12-30,False,2026-01-05,,,2026-01-05,2026-01-05,2026-01-05,2026-01-06,announced_2026_calendar,https://www.cftc.gov/MarketReports/CommitmentsofTraders/ReleaseSchedule/index.htm,True,announced_schedule,15:30 America/New_York,6
legacy_futures_only,2025-12-30,False,2026-01-05,,,2026-01-05,2026-01-05,2026-01-05,2026-01-06,announced_2026_calendar,https://www.cftc.gov/MarketReports/CommitmentsofTraders/ReleaseSchedule/index.htm,True,announced_schedule,15:30 America/New_York,6
disaggregated_futures_only,2026-01-06,False,2026-01-09,,,2026-01-09,2026-01-09,2026-01-09,2026-01-12,estimated_three_federal_business_days_friday_floor,https://www.cftc.gov/MarketReports/CommitmentsofTraders/ReleaseSchedule/index.htm,True,estimated,15:30 America/New_York,3
legacy_futures_only,2026-01-06,False,2026-01-09,,,2026-01-09,2026-01-09,2026-01-09,2026-01-12,estimated_three_federal_business_days_friday_floor,https://www.cftc.gov/MarketReports/CommitmentsofTraders/ReleaseSchedule/index.htm,True,estimated,15:30 America/New_York,3
disaggregated_futures_only,2026-01-13,False,2026-01-16,,,2026-01-16,2026-01-16,2026-01-16,2026-01-20,estimated_three_federal_business_days_friday_floor,https://www.cftc.gov/MarketReports/CommitmentsofTraders/ReleaseSchedule/index.htm,True,estimated,15:30 America/New_York,3
legacy_futures_only,2026-01-13,False,2026-01-16,,,2026-01-16,2026-01-16,2026-01-16,2026-01-20,estimated_three_federal_business_days_friday_floor,https://www.cftc.gov/MarketReports/CommitmentsofTraders/ReleaseSchedule/index.htm,True,estimated,15:30 America/New_York,3
disaggregated_futures_only,2026-01-20,False,2026-01-23,,,2026-01-23,2026-01-23,2026-01-23,2026-01-26,estimated_three_federal_business_days_friday_floor,https://www.cftc.gov/MarketReports/CommitmentsofTraders/ReleaseSchedule/index.htm,True,estimated,15:30 America/New_York,3
legacy_futures_only,2026-01-20,False,2026-01-23,,,2026-01-23,2026-01-23,2026-01-23,2026-01-26,estimated_three_federal_business_days_friday_floor,https://www.cftc.gov/MarketReports/CommitmentsofTraders/ReleaseSchedule/index.htm,True,estimated,15:30 America/New_York,3
disaggregated_futures_only,2026-01-27,False,2026-01-30,,,2026-01-30,2026-01-30,2026-01-30,2026-02-02,estimated_three_federal_business_days_friday_floor,https://www.cftc.gov/MarketReports/CommitmentsofTraders/ReleaseSchedule/index.htm,True,estimated,15:30 America/New_York,3
legacy_futures_only,2026-01-27,False,2026-01-30,,,2026-01-30,2026-01-30,2026-01-30,2026-02-02,estimated_three_federal_business_days_friday_floor,https://www.cftc.gov/MarketReports/CommitmentsofTraders/ReleaseSchedule/index.htm,True,estimated,15:30 America/New_York,3
disaggregated_futures_only,2026-02-03,False,2026-02-06,,,2026-02-06,2026-02-06,2026-02-06,2026-02-09,estimated_three_federal_business_days_friday_floor,https://www.cftc.gov/MarketReports/CommitmentsofTraders/ReleaseSchedule/index.htm,True,estimated,15:30 America/New_York,3
legacy_futures_only,2026-02-03,False,2026-02-06,,,2026-02-06,2026-02-06,2026-02-06,2026-02-09,estimated_three_federal_business_days_friday_floor,https://www.cftc.gov/MarketReports/CommitmentsofTraders/ReleaseSchedule/index.htm,True,estimated,15:30 America/New_York,3
disaggregated_futures_only,2026-02-10,False,2026-02-13,,,2026-02-13,2026-02-13,2026-02-13,2026-02-17,estimated_three_federal_business_days_friday_floor,https://www.cftc.gov/MarketReports/CommitmentsofTraders/ReleaseSchedule/index.htm,True,estimated,15:30 America/New_York,3
legacy_futures_only,2026-02-10,False,2026-02-13,,,2026-02-13,2026-02-13,2026-02-13,2026-02-17,estimated_three_federal_business_days_friday_floor,https://www.cftc.gov/MarketReports/CommitmentsofTraders/ReleaseSchedule/index.htm,True,estimated,15:30 America/New_York,3
disaggregated_futures_only,2026-02-17,False,2026-02-20,,,2026-02-20,2026-02-20,2026-02-20,2026-02-23,estimated_three_federal_business_days_friday_floor,https://www.cftc.gov/MarketReports/CommitmentsofTraders/ReleaseSchedule/index.htm,True,estimated,15:30 America/New_York,3
legacy_futures_only,2026-02-17,False,2026-02-20,,,2026-02-20,2026-02-20,2026-02-20,2026-02-23,estimated_three_federal_business_days_friday_floor,https://www.cftc.gov/MarketReports/CommitmentsofTraders/ReleaseSchedule/index.htm,True,estimated,15:30 America/New_York,3
disaggregated_futures_only,2026-02-24,False,2026-02-27,,,2026-02-27,2026-02-27,2026-02-27,2026-03-02,estimated_three_federal_business_days_friday_floor,https://www.cftc.gov/MarketReports/CommitmentsofTraders/ReleaseSchedule/index.htm,True,estimated,15:30 America/New_York,3
legacy_futures_only,2026-02-24,False,2026-02-27,,,2026-02-27,2026-02-27,2026-02-27,2026-03-02,estimated_three_federal_business_days_friday_floor,https://www.cftc.gov/MarketReports/CommitmentsofTraders/ReleaseSchedule/index.htm,True,estimated,15:30 America/New_York,3
disaggregated_futures_only,2026-03-03,False,2026-03-06,,,2026-03-06,2026-03-06,2026-03-06,2026-03-09,estimated_three_federal_business_days_friday_floor,https://www.cftc.gov/MarketReports/CommitmentsofTraders/ReleaseSchedule/index.htm,True,estimated,15:30 America/New_York,3
legacy_futures_only,2026-03-03,False,2026-03-06,,,2026-03-06,2026-03-06,2026-03-06,2026-03-09,estimated_three_federal_business_days_friday_floor,https://www.cftc.gov/MarketReports/CommitmentsofTraders/ReleaseSchedule/index.htm,True,estimated,15:30 America/New_York,3
disaggregated_futures_only,2026-03-10,False,2026-03-13,,,2026-03-13,2026-03-13,2026-03-13,2026-03-16,estimated_three_federal_business_days_friday_floor,https://www.cftc.gov/MarketReports/CommitmentsofTraders/ReleaseSchedule/index.htm,True,estimated,15:30 America/New_York,3
legacy_futures_only,2026-03-10,False,2026-03-13,,,2026-03-13,2026-03-13,2026-03-13,2026-03-16,estimated_three_federal_business_days_friday_floor,https://www.cftc.gov/MarketReports/CommitmentsofTraders/ReleaseSchedule/index.htm,True,estimated,15:30 America/New_York,3
disaggregated_futures_only,2026-03-17,False,2026-03-20,,,2026-03-20,2026-03-20,2026-03-20,2026-03-23,estimated_three_federal_business_days_friday_floor,https://www.cftc.gov/MarketReports/CommitmentsofTraders/ReleaseSchedule/index.htm,True,estimated,15:30 America/New_York,3
legacy_futures_only,2026-03-17,False,2026-03-20,,,2026-03-20,2026-03-20,2026-03-20,2026-03-23,estimated_three_federal_business_days_friday_floor,https://www.cftc.gov/MarketReports/CommitmentsofTraders/ReleaseSchedule/index.htm,True,estimated,15:30 America/New_York,3
disaggregated_futures_only,2026-03-24,False,2026-03-27,,,2026-03-27,2026-03-27,2026-03-27,2026-03-30,estimated_three_federal_business_days_friday_floor,https://www.cftc.gov/MarketReports/CommitmentsofTraders/ReleaseSchedule/index.htm,True,estimated,15:30 America/New_York,3
legacy_futures_only,2026-03-24,False,2026-03-27,,,2026-03-27,2026-03-27,2026-03-27,2026-03-30,estimated_three_federal_business_days_friday_floor,https://www.cftc.gov/MarketReports/CommitmentsofTraders/ReleaseSchedule/index.htm,True,estimated,15:30 America/New_York,3
disaggregated_futures_only,2026-03-31,False,2026-04-03,,,2026-04-03,2026-04-03,2026-04-03,2026-04-06,estimated_three_federal_business_days_friday_floor,https://www.cftc.gov/MarketReports/CommitmentsofTraders/ReleaseSchedule/index.htm,True,estimated,15:30 America/New_York,3
legacy_futures_only,2026-03-31,False,2026-04-03,,,2026-04-03,2026-04-03,2026-04-03,2026-04-06,estimated_three_federal_business_days_friday_floor,https://www.cftc.gov/MarketReports/CommitmentsofTraders/ReleaseSchedule/index.htm,True,estimated,15:30 America/New_York,3
disaggregated_futures_only,2026-04-07,False,2026-04-10,,,2026-04-10,2026-04-10,2026-04-10,2026-04-13,estimated_three_federal_business_days_friday_floor,https://www.cftc.gov/MarketReports/CommitmentsofTraders/ReleaseSchedule/index.htm,True,estimated,15:30 America/New_York,3
legacy_futures_only,2026-04-07,False,2026-04-10,,,2026-04-10,2026-04-10,2026-04-10,2026-04-13,estimated_three_federal_business_days_friday_floor,https://www.cftc.gov/MarketReports/CommitmentsofTraders/ReleaseSchedule/index.htm,True,estimated,15:30 America/New_York,3
disaggregated_futures_only,2026-04-14,False,2026-04-17,,,2026-04-17,2026-04-17,2026-04-17,2026-04-20,estimated_three_federal_business_days_friday_floor,https://www.cftc.gov/MarketReports/CommitmentsofTraders/ReleaseSchedule/index.htm,True,estimated,15:30 America/New_York,3
legacy_futures_only,2026-04-14,False,2026-04-17,,,2026-04-17,2026-04-17,2026-04-17,2026-04-20,estimated_three_federal_business_days_friday_floor,https://www.cftc.gov/MarketReports/CommitmentsofTraders/ReleaseSchedule/index.htm,True,estimated,15:30 America/New_York,3
disaggregated_futures_only,2026-04-21,False,2026-04-24,,,2026-04-24,2026-04-24,2026-04-24,2026-04-27,estimated_three_federal_business_days_friday_floor,https://www.cftc.gov/MarketReports/CommitmentsofTraders/ReleaseSchedule/index.htm,True,estimated,15:30 America/New_York,3
legacy_futures_only,2026-04-21,False,2026-04-24,,,2026-04-24,2026-04-24,2026-04-24,2026-04-27,estimated_three_federal_business_days_friday_floor,https://www.cftc.gov/MarketReports/CommitmentsofTraders/ReleaseSchedule/index.htm,True,estimated,15:30 America/New_York,3
disaggregated_futures_only,2026-04-28,False,2026-05-01,,,2026-05-01,2026-05-01,2026-05-01,2026-05-04,estimated_three_federal_business_days_friday_floor,https://www.cftc.gov/MarketReports/CommitmentsofTraders/ReleaseSchedule/index.htm,True,estimated,15:30 America/New_York,3
legacy_futures_only,2026-04-28,False,2026-05-01,,,2026-05-01,2026-05-01,2026-05-01,2026-05-04,estimated_three_federal_business_days_friday_floor,https://www.cftc.gov/MarketReports/CommitmentsofTraders/ReleaseSchedule/index.htm,True,estimated,15:30 America/New_York,3
disaggregated_futures_only,2026-05-05,False,2026-05-08,,,2026-05-08,2026-05-08,2026-05-08,2026-05-11,estimated_three_federal_business_days_friday_floor,https://www.cftc.gov/MarketReports/CommitmentsofTraders/ReleaseSchedule/index.htm,True,estimated,15:30 America/New_York,3
legacy_futures_only,2026-05-05,False,2026-05-08,,,2026-05-08,2026-05-08,2026-05-08,2026-05-11,estimated_three_federal_business_days_friday_floor,https://www.cftc.gov/MarketReports/CommitmentsofTraders/ReleaseSchedule/index.htm,True,estimated,15:30 America/New_York,3
disaggregated_futures_only,2026-05-12,False,2026-05-15,,,2026-05-15,2026-05-15,2026-05-15,2026-05-18,estimated_three_federal_business_days_friday_floor,https://www.cftc.gov/MarketReports/CommitmentsofTraders/ReleaseSchedule/index.htm,True,estimated,15:30 America/New_York,3
legacy_futures_only,2026-05-12,False,2026-05-15,,,2026-05-15,2026-05-15,2026-05-15,2026-05-18,estimated_three_federal_business_days_friday_floor,https://www.cftc.gov/MarketReports/CommitmentsofTraders/ReleaseSchedule/index.htm,True,estimated,15:30 America/New_York,3
disaggregated_futures_only,2026-05-19,False,2026-05-22,,,2026-05-22,2026-05-22,2026-05-22,2026-05-26,estimated_three_federal_business_days_friday_floor,https://www.cftc.gov/MarketReports/CommitmentsofTraders/ReleaseSchedule/index.htm,True,estimated,15:30 America/New_York,3
legacy_futures_only,2026-05-19,False,2026-05-22,,,2026-05-22,2026-05-22,2026-05-22,2026-05-26,estimated_three_federal_business_days_friday_floor,https://www.cftc.gov/MarketReports/CommitmentsofTraders/ReleaseSchedule/index.htm,True,estimated,15:30 America/New_York,3
disaggregated_futures_only,2026-05-26,False,2026-05-29,,,2026-05-29,2026-05-29,2026-05-29,2026-06-01,estimated_three_federal_business_days_friday_floor,https://www.cftc.gov/MarketReports/CommitmentsofTraders/ReleaseSchedule/index.htm,True,estimated,15:30 America/New_York,3
legacy_futures_only,2026-05-26,False,2026-05-29,,,2026-05-29,2026-05-29,2026-05-29,2026-06-01,estimated_three_federal_business_days_friday_floor,https://www.cftc.gov/MarketReports/CommitmentsofTraders/ReleaseSchedule/index.htm,True,estimated,15:30 America/New_York,3
disaggregated_futures_only,2026-06-02,False,2026-06-05,,,2026-06-05,2026-06-05,2026-06-05,2026-06-08,estimated_three_federal_business_days_friday_floor,https://www.cftc.gov/MarketReports/CommitmentsofTraders/ReleaseSchedule/index.htm,True,estimated,15:30 America/New_York,3
legacy_futures_only,2026-06-02,False,2026-06-05,,,2026-06-05,2026-06-05,2026-06-05,2026-06-08,estimated_three_federal_business_days_friday_floor,https://www.cftc.gov/MarketReports/CommitmentsofTraders/ReleaseSchedule/index.htm,True,estimated,15:30 America/New_York,3
disaggregated_futures_only,2026-06-09,False,2026-06-12,,,2026-06-12,2026-06-12,2026-06-12,2026-06-15,estimated_three_federal_business_days_friday_floor,https://www.cftc.gov/MarketReports/CommitmentsofTraders/ReleaseSchedule/index.htm,True,estimated,15:30 America/New_York,3
legacy_futures_only,2026-06-09,False,2026-06-12,,,2026-06-12,2026-06-12,2026-06-12,2026-06-15,estimated_three_federal_business_days_friday_floor,https://www.cftc.gov/MarketReports/CommitmentsofTraders/ReleaseSchedule/index.htm,True,estimated,15:30 America/New_York,3
disaggregated_futures_only,2026-06-16,False,2026-06-22,,,2026-06-22,2026-06-22,2026-06-22,2026-06-23,announced_2026_calendar,https://www.cftc.gov/MarketReports/CommitmentsofTraders/ReleaseSchedule/index.htm,True,announced_schedule,15:30 America/New_York,6
legacy_futures_only,2026-06-16,False,2026-06-22,,,2026-06-22,2026-06-22,2026-06-22,2026-06-23,announced_2026_calendar,https://www.cftc.gov/MarketReports/CommitmentsofTraders/ReleaseSchedule/index.htm,True,announced_schedule,15:30 America/New_York,6
disaggregated_futures_only,2026-06-23,False,2026-06-26,,,2026-06-26,2026-06-26,2026-06-26,2026-06-29,estimated_three_federal_business_days_friday_floor,https://www.cftc.gov/MarketReports/CommitmentsofTraders/ReleaseSchedule/index.htm,True,estimated,15:30 America/New_York,3
legacy_futures_only,2026-06-23,False,2026-06-26,,,2026-06-26,2026-06-26,2026-06-26,2026-06-29,estimated_three_federal_business_days_friday_floor,https://www.cftc.gov/MarketReports/CommitmentsofTraders/ReleaseSchedule/index.htm,True,estimated,15:30 America/New_York,3
disaggregated_futures_only,2026-06-30,False,2026-07-06,,,2026-07-06,2026-07-06,2026-07-06,2026-07-07,announced_2026_calendar,https://www.cftc.gov/MarketReports/CommitmentsofTraders/ReleaseSchedule/index.htm,True,announced_schedule,15:30 America/New_York,6
legacy_futures_only,2026-06-30,False,2026-07-06,,,2026-07-06,2026-07-06,2026-07-06,2026-07-07,announced_2026_calendar,https://www.cftc.gov/MarketReports/CommitmentsofTraders/ReleaseSchedule/index.htm,True,announced_schedule,15:30 America/New_York,6
disaggregated_futures_only,2026-07-07,False,2026-07-10,,,2026-07-10,2026-07-10,2026-07-10,2026-07-13,estimated_three_federal_business_days_friday_floor,https://www.cftc.gov/MarketReports/CommitmentsofTraders/ReleaseSchedule/index.htm,True,estimated,15:30 America/New_York,3
legacy_futures_only,2026-07-07,False,2026-07-10,,,2026-07-10,2026-07-10,2026-07-10,2026-07-13,estimated_three_federal_business_days_friday_floor,https://www.cftc.gov/MarketReports/CommitmentsofTraders/ReleaseSchedule/index.htm,True,estimated,15:30 America/New_York,3
disaggregated_futures_only,2026-07-14,False,2026-07-17,,,2026-07-17,2026-07-17,2026-07-17,2026-07-20,estimated_three_federal_business_days_friday_floor,https://www.cftc.gov/MarketReports/CommitmentsofTraders/ReleaseSchedule/index.htm,True,estimated,15:30 America/New_York,3
legacy_futures_only,2026-07-14,False,2026-07-17,,,2026-07-17,2026-07-17,2026-07-17,2026-07-20,estimated_three_federal_business_days_friday_floor,https://www.cftc.gov/MarketReports/CommitmentsofTraders/ReleaseSchedule/index.htm,True,estimated,15:30 America/New_York,3
disaggregated_futures_only,2026-07-21,False,2026-07-24,,,2026-07-24,2026-07-24,2026-07-24,2026-07-27,estimated_three_federal_business_days_friday_floor,https://www.cftc.gov/MarketReports/CommitmentsofTraders/ReleaseSchedule/index.htm,True,estimated,15:30 America/New_York,3
legacy_futures_only,2026-07-21,False,2026-07-24,,,2026-07-24,2026-07-24,2026-07-24,2026-07-27,estimated_three_federal_business_days_friday_floor,https://www.cftc.gov/MarketReports/CommitmentsofTraders/ReleaseSchedule/index.htm,True,estimated,15:30 America/New_York,3
disaggregated_futures_only,2026-07-28,False,2026-07-31,,,2026-07-31,2026-07-31,2026-07-31,2026-08-03,estimated_three_federal_business_days_friday_floor,https://www.cftc.gov/MarketReports/CommitmentsofTraders/ReleaseSchedule/index.htm,True,estimated,15:30 America/New_York,3
legacy_futures_only,2026-07-28,False,2026-07-31,,,2026-07-31,2026-07-31,2026-07-31,2026-08-03,estimated_three_federal_business_days_friday_floor,https://www.cftc.gov/MarketReports/CommitmentsofTraders/ReleaseSchedule/index.htm,True,estimated,15:30 America/New_York,3
disaggregated_futures_only,2026-08-04,False,2026-08-07,,,2026-08-07,2026-08-07,2026-08-07,2026-08-10,estimated_three_federal_business_days_friday_floor,https://www.cftc.gov/MarketReports/CommitmentsofTraders/ReleaseSchedule/index.htm,True,estimated,15:30 America/New_York,3
legacy_futures_only,2026-08-04,False,2026-08-07,,,2026-08-07,2026-08-07,2026-08-07,2026-08-10,estimated_three_federal_business_days_friday_floor,https://www.cftc.gov/MarketReports/CommitmentsofTraders/ReleaseSchedule/index.htm,True,estimated,15:30 America/New_York,3
disaggregated_futures_only,2026-08-11,False,2026-08-14,,,2026-08-14,2026-08-14,2026-08-14,2026-08-17,estimated_three_federal_business_days_friday_floor,https://www.cftc.gov/MarketReports/CommitmentsofTraders/ReleaseSchedule/index.htm,True,estimated,15:30 America/New_York,3
legacy_futures_only,2026-08-11,False,2026-08-14,,,2026-08-14,2026-08-14,2026-08-14,2026-08-17,estimated_three_federal_business_days_friday_floor,https://www.cftc.gov/MarketReports/CommitmentsofTraders/ReleaseSchedule/index.htm,True,estimated,15:30 America/New_York,3
disaggregated_futures_only,2026-08-18,False,2026-08-21,,,2026-08-21,2026-08-21,2026-08-21,2026-08-24,estimated_three_federal_business_days_friday_floor,https://www.cftc.gov/MarketReports/CommitmentsofTraders/ReleaseSchedule/index.htm,True,estimated,15:30 America/New_York,3
legacy_futures_only,2026-08-18,False,2026-08-21,,,2026-08-21,2026-08-21,2026-08-21,2026-08-24,estimated_three_federal_business_days_friday_floor,https://www.cftc.gov/MarketReports/CommitmentsofTraders/ReleaseSchedule/index.htm,True,estimated,15:30 America/New_York,3
disaggregated_futures_only,2026-08-25,False,2026-08-28,,,2026-08-28,2026-08-28,2026-08-28,2026-08-31,estimated_three_federal_business_days_friday_floor,https://www.cftc.gov/MarketReports/CommitmentsofTraders/ReleaseSchedule/index.htm,True,estimated,15:30 America/New_York,3
legacy_futures_only,2026-08-25,False,2026-08-28,,,2026-08-28,2026-08-28,2026-08-28,2026-08-31,estimated_three_federal_business_days_friday_floor,https://www.cftc.gov/MarketReports/CommitmentsofTraders/ReleaseSchedule/index.htm,True,estimated,15:30 America/New_York,3
disaggregated_futures_only,2026-09-01,False,2026-09-04,,,2026-09-04,2026-09-04,2026-09-04,2026-09-08,estimated_three_federal_business_days_friday_floor,https://www.cftc.gov/MarketReports/CommitmentsofTraders/ReleaseSchedule/index.htm,True,estimated,15:30 America/New_York,3
legacy_futures_only,2026-09-01,False,2026-09-04,,,2026-09-04,2026-09-04,2026-09-04,2026-09-08,estimated_three_federal_business_days_friday_floor,https://www.cftc.gov/MarketReports/CommitmentsofTraders/ReleaseSchedule/index.htm,True,estimated,15:30 America/New_York,3
