Date,Close,target_close_5d,target_return_5d,target_direction_5d,predicted_return_5d,predicted_direction_probability,predicted_direction,predicted_close_5d,absolute_return_error,absolute_price_error,news_daily_event_count_log_5d,news_daily_bull_minus_bear_share_5d,daily_latest_source_date,period_id,weekly_available_date,weekly_latest_source_date,news_weekly_event_count_log,news_weekly_bull_minus_bear_share,news_weekly_direction_concentration,news_weekly_explicit_coffee_share,news_weekly_mean_event_intensity,news_weekly_text_disruption,news_weekly_text_support,news_weekly_text_coffee,target_available_date,calibrated_base_predicted_return_5d,news_only_predicted_return_5d,final_news_predicted_return_5d,fold
2024-09-04,245.5500030517578,249.4499969482422,0.015882687224656,True,-0.0079210740092393,0.0608706227952429,False,243.6049833046159,0.0238037612,5.845013643626288,4.673570506281837,0.5519645177658693,2024-08-26,2024-08-19,2024-09-03,2024-08-23,6.327936783729195,0.4293381037567084,0.4293381037567084,0.05366726296958855,0.4879469334424338,0.0,0.0,0.0,2024-09-11,-0.005912956250417182,-0.004099523615650245,-0.00925498425388155,1
2024-09-05,246.6000061035156,252.0,0.0218977849263217,True,-0.0043791306826578,0.0840395201113334,False,245.5201124504441,0.0262769156,6.479887549555912,4.667287267035161,0.37750215217447136,2024-08-27,2024-08-19,2024-09-03,2024-08-23,6.327936783729195,0.4293381037567084,0.4293381037567084,0.05366726296958855,0.4879469334424338,0.0,0.0,0.0,2024-09-12,-0.0026394085191736626,-0.012954484380989423,-0.015662654992753343,1
2024-09-06,240.0500030517578,262.04998779296875,0.0916475086920429,True,-0.0036596449759897,0.0026135713449847,False,239.1715052641031,0.0953071537,22.878482528865646,4.664948059082523,0.195933524723491,2024-08-28,2024-08-19,2024-09-03,2024-08-23,6.327936783729195,0.4293381037567084,0.4293381037567084,0.05366726296958855,0.4879469334424338,0.0,0.0,0.0,2024-09-13,-0.0019744428250447615,-0.021978132665477393,-0.024189280965320255,1
2024-09-09,249.4499969482422,259.04998779296875,0.0384846300347658,True,-0.0075344012548594,0.0012392883883969,False,247.57054057821068,0.0460190313,11.479447214758068,4.6192963286863264,0.08566441239252302,2024-08-29,2024-08-19,2024-09-03,2024-08-23,6.327936783729195,0.4293381037567084,0.4293381037567084,0.05366726296958855,0.4879469334424338,0.0,0.0,0.0,2024-09-16,-0.005555584152356066,-0.029480284958307422,-0.03417701784895863,1
2024-09-10,248.0,265.0,0.0685483870967742,True,-0.0065739695773444,0.0012918818670285,False,246.36965554481856,0.0751223567,18.630344455181415,4.616418581195907,-0.11825715623492794,2024-08-30,2024-08-26,2024-09-10,2024-08-30,6.342121418721152,-0.12874779541446207,0.12874779541446207,0.03527336860670194,0.5077690302734922,0.0,0.0,0.0,2024-09-17,-0.004667930497553496,0.005792435096273158,-0.0013851573587921532,1
2024-09-11,249.4499969482422,263.1499938964844,0.0549208142547492,True,-0.0072044104955811,0.0020309384614068,False,247.65285677210557,0.0621252248,15.49713712437881,4.658098835111309,-0.0351648464633372,2024-09-03,2024-08-26,2024-09-10,2024-08-30,6.342121418721152,-0.12874779541446207,0.12874779541446207,0.03527336860670194,0.5077690302734922,0.0,0.0,0.0,2024-09-18,-0.005250598893766566,0.011778401814682087,0.004012069834952171,1
2024-09-12,252.0,261.6499938964844,0.0382936265733506,True,-0.0080423676417108,0.0016443043671318,False,249.97332335428888,0.0463359942,11.676670542195495,4.581216495329241,-0.08411517928463777,2024-09-04,2024-08-26,2024-09-10,2024-08-30,6.342121418721152,-0.12874779541446207,0.12874779541446207,0.03527336860670194,0.5077690302734922,0.0,0.0,0.0,2024-09-19,-0.006025058692150654,0.005859907201928359,-0.002189236895499077,1
2024-09-13,262.04998779296875,250.75,-0.0431214971164061,False,-0.0041643315118104,0.1046482821890579,False,260.95872477113295,-0.0389571656,-10.20872477113295,4.571576074965666,0.024218154048695574,2024-09-05,2024-08-26,2024-09-10,2024-08-30,6.342121418721152,-0.12874779541446207,0.12874779541446207,0.03527336860670194,0.5077690302734922,0.0,0.0,0.0,2024-09-20,-0.0024408860490021415,0.010739385786445118,0.005388789240295189,1
2024-09-16,259.04998779296875,263.6499938964844,0.0177572141296216,True,-0.001584512357979,0.1163863525837743,False,258.6395198859765,0.0193417265,5.010474010507892,4.5470556105472,0.12784687826565508,2024-09-06,2024-09-02,2024-09-16,2024-09-06,6.2422232654551655,0.2475633528265107,0.2475633528265107,0.07017543859649122,0.4884677070997159,0.0,0.0,1.791759469228055,2024-09-23,-5.65562166571984e-05,-0.015726892019453008,-0.01775350093975499,1
2024-09-17,265.0,267.79998779296875,0.0105659916715801,True,-0.0017963740763746,0.160178738420839,False,264.52396086976074,0.0123623657,3.2760269232080077,4.790442000340888,0.36395235493908307,2024-09-09,2024-09-02,2024-09-16,2024-09-06,6.2422232654551655,0.2475633528265107,0.2475633528265107,0.07017543859649122,0.4884677070997159,0.0,0.0,1.791759469228055,2024-09-24,-0.00025236382385023567,0.0069941836112933226,0.003901268626508258,1
2024-09-18,263.1499938964844,269.1000061035156,0.0226107252328944,True,-5.89121650185746e-05,0.2311804355696164,False,263.13449116061935,0.0226696374,5.965514942896277,4.5520531546488225,0.5131991346494389,2024-09-10,2024-09-02,2024-09-16,2024-09-06,6.2422232654551655,0.2475633528265107,0.2475633528265107,0.07017543859649122,0.4884677070997159,0.0,0.0,1.791759469228055,2024-09-25,0.0013534395370778977,0.003425957015682614,0.002437180975471635,1
2024-09-19,261.6499938964844,273.8999938964844,0.0468182697716645,True,0.0004761459349132,0.1410885917290599,False,261.77457747744825,0.0463421238,12.125416419036128,4.618003811923315,0.6131269845772888,2024-09-11,2024-09-02,2024-09-16,2024-09-06,6.2422232654551655,0.2475633528265107,0.2475633528265107,0.07017543859649122,0.4884677070997159,0.0,0.0,1.791759469228055,2024-09-26,0.0018479528783756603,0.011348195885404528,0.010477689384320883,1
2024-09-20,250.75,269.1499938964844,0.0733798360777044,True,0.0017559157030301,0.1719277967267147,False,251.19029586253484,0.0716239204,17.959698033949536,4.620457830441678,0.5899788364291407,2024-09-12,2024-09-02,2024-09-16,2024-09-06,6.2422232654551655,0.2475633528265107,0.2475633528265107,0.07017543859649122,0.4884677070997159,0.0,0.0,1.791759469228055,2024-09-27,0.0030307463436162526,0.010323588009521456,0.010320458304736048,1
2024-09-23,263.6499938964844,270.25,0.0250332116681442,True,-9.023261374426187e-05,0.1821756520863816,False,263.62620406842143,0.0251234443,6.62379593157857,4.639783197579493,0.43048864035070933,2024-09-13,2024-09-09,2024-09-23,2024-09-13,6.342121418721152,0.5520282186948854,0.5520282186948854,0.04056437389770723,0.5051561322278134,0.0,0.0,1.0986122886681098,2024-09-30,0.0013244924381511463,-0.019109562302806752,-0.01822734536175392,1
2024-09-24,267.79998779296875,264.1499938964844,-0.0136295521391364,False,-0.0012923038398938,0.2046619319349885,False,267.45390884042035,-0.0123372483,-3.303914943935979,4.620892761800755,0.3057296928102616,2024-09-16,2024-09-09,2024-09-23,2024-09-13,6.342121418721152,0.5520282186948854,0.5520282186948854,0.04056437389770723,0.5051561322278134,0.0,0.0,1.0986122886681098,2024-10-01,0.00021350980169184677,-0.0260999429161067,-0.025973384838961982,1
2024-09-25,269.1000061035156,256.5,-0.0468227640941365,False,-0.0017095571024217,0.1700099071574789,False,268.6399642768196,-0.045113207,-12.139964276819626,4.538709819225609,-0.00654136946080075,2024-09-17,2024-09-09,2024-09-23,2024-09-13,6.342121418721152,0.5520282186948854,0.5520282186948854,0.04056437389770723,0.5051561322278134,0.0,0.0,1.0986122886681098,2024-10-02,-0.0001721255247266757,-0.04519225344335052,-0.04504736092088501,1
2024-09-26,273.8999938964844,252.0500030517578,-0.0797736083666521,False,-0.0025022392876774,0.1783762820031472,False,273.21463057086197,-0.0772713691,-21.16462751910416,4.509743629649918,0.01211891762053897,2024-09-18,2024-09-09,2024-09-23,2024-09-13,6.342121418721152,0.5520282186948854,0.5520282186948854,0.04056437389770723,0.5051561322278134,0.0,0.0,1.0986122886681098,2024-10-03,-0.0009047411342613994,-0.04560001091815415,-0.04588762107813283,1
2024-09-27,269.1499938964844,257.3500061035156,-0.043841679585945,False,-0.0029160216248268,0.231069633628499,False,268.3651466939602,-0.040925658,-11.01514059044456,4.5305716815004375,0.08915595465757602,2024-09-19,2024-09-09,2024-09-23,2024-09-13,6.342121418721152,0.5520282186948854,0.5520282186948854,0.04056437389770723,0.5051561322278134,0.0,0.0,1.0986122886681098,2024-10-04,-0.0012871685494147038,-0.04086464595948381,-0.041513143210150635,1
2024-09-30,270.25,244.6499938964844,-0.0947271271175415,False,-0.0032578610165063,0.2032541477381089,False,269.3695630602891,-0.0914692661,-24.71956916380472,4.493051958721479,0.11079036325972658,2024-09-20,2024-09-16,2024-09-30,2024-09-20,6.214608098422191,0.18036072144288579,0.18036072144288579,0.06613226452905811,0.5151756584643792,0.0,0.0,1.0986122886681098,2024-10-07,-0.0016031045940950459,-0.004496725366104961,-0.00901329309446841,1
2024-10-01,264.1499938964844,248.1999969482422,-0.0603823483505083,False,-0.0030330071657472,0.2117869600394835,False,263.34882507216423,-0.0573493412,-15.148828123922044,4.507603829577964,0.11408493285698736,2024-09-23,2024-09-16,2024-09-30,2024-09-20,6.214608098422191,0.18036072144288579,0.18036072144288579,0.06613226452905811,0.5151756584643792,0.0,0.0,1.0986122886681098,2024-10-08,-0.001395289351121003,-0.003669711361671745,-0.008087499854892733,1
2024-10-02,256.5,250.0500030517578,-0.025146186932718,False,-0.0048386195239747,0.2042799495470684,False,255.2588940921005,-0.0203075674,-5.208891040342678,4.569197178302621,0.3917272092797516,2024-09-24,2024-09-16,2024-09-30,2024-09-20,6.214608098422191,0.18036072144288579,0.18036072144288579,0.06613226452905811,0.5151756584643792,0.0,0.0,1.0986122886681098,2024-10-09,-0.0030640789656870993,0.012780775990877924,0.006898193678764786,1
2024-10-03,252.0500030517578,254.75,0.0107121480482099,True,-0.0053808724938465,0.2874542660156743,False,250.69375412326264,0.0160930205,4.056245876737336,4.574325664425289,0.23821843734992706,2024-09-25,2024-09-16,2024-09-30,2024-09-20,6.214608098422191,0.18036072144288579,0.18036072144288579,0.06613226452905811,0.5151756584643792,0.0,0.0,1.0986122886681098,2024-10-10,-0.003565241975824,0.005476504472399887,-0.0008017516480031905,1
2024-10-04,257.3500061035156,252.0500030517578,-0.0205945324501991,False,-0.0042374553764828,0.1703032507587029,False,256.2594969365144,-0.0163570771,-4.209493884756569,4.52748698692513,0.06425912592582687,2024-09-26,2024-09-16,2024-09-30,2024-09-20,6.214608098422191,0.18036072144288579,0.18036072144288579,0.06613226452905811,0.5151756584643792,0.0,0.0,1.0986122886681098,2024-10-11,-0.002508468852911407,-0.00520769084732027,-0.010528439262049284,1
2024-10-07,244.6499938964844,262.04998779296875,0.071121987862573,True,-0.0035546601503098,0.1885855600397211,False,243.780346312407,0.074676648,18.269641480561745,4.52748698692513,0.019097835603246228,2024-09-27,2024-09-23,2024-10-07,2024-09-27,6.255750041753367,0.09807692307692308,0.09807692307692308,0.06153846153846154,0.5073261612357935,0.0,0.0,1.791759469228055,2024-10-14,-0.0018774133679836493,-0.0024718381469933637,-0.0073851846710922785,1
2024-10-08,248.1999969482422,256.70001220703125,0.0342466372413436,True,-0.0033919595230862,0.2366213011218596,False,247.3581126049636,0.0376385968,9.341899602067627,4.511039367277735,0.0018392305403286291,2024-09-30,2024-09-23,2024-10-07,2024-09-27,6.255750041753367,0.09807692307692308,0.09807692307692308,0.06153846153846154,0.5073261612357935,0.0,0.0,1.791759469228055,2024-10-15,-0.0017270416031045753,-0.0040712783326057305,-0.008810873581970241,1
2024-10-09,250.0500030517578,258.0,0.0317936286791271,True,-0.0023962913139784,0.175259522404371,False,249.4508104013846,0.03418992,8.549189598615413,4.520452869449333,-0.18471777456460617,2024-10-01,2024-09-23,2024-10-07,2024-09-27,6.255750041753367,0.09807692307692308,0.09807692307692308,0.06153846153846154,0.5073261612357935,0.0,0.0,1.791759469228055,2024-10-16,-0.0008068215130383944,-0.012802642637411472,-0.01690081156216681,1
2024-10-10,254.75,255.1499938964844,0.0015701428713814,True,-0.0029961466243281,0.1630419162562887,False,253.9867316474524,0.0045662895,1.1632622490319875,4.5350935502539915,-0.15614634599317762,2024-10-02,2024-09-23,2024-10-07,2024-09-27,6.255750041753367,0.09807692307692308,0.09807692307692308,0.06153846153846154,0.5073261612357935,0.0,0.0,1.791759469228055,2024-10-17,-0.001361221967594751,-0.010730239083259381,-0.0152946559128711,1
2024-10-11,252.0500030517578,257.29998779296875,0.0208291397645128,True,-0.0027544573197185,0.0005196994728578,False,251.3557420759168,0.0235835971,5.944245717051928,4.514637780429908,-0.10482592345796633,2024-10-03,2024-09-23,2024-10-07,2024-09-27,6.255750041753367,0.09807692307692308,0.09807692307692308,0.06153846153846154,0.5073261612357935,0.0,0.0,1.791759469228055,2024-10-18,-0.001137847000289956,-0.009145036256215633,-0.013464319861665514,1
2024-10-14,262.04998779296875,251.6999969482422,-0.0394962462387272,False,-0.0032482468397986,0.0004115224688465,False,261.19878474825094,-0.0362479994,-9.498787800008756,4.5721741949202634,-0.025813097962435822,2024-10-04,2024-09-30,2024-10-14,2024-10-04,6.267200548541362,0.009505703422053232,0.009505703422053232,0.07224334600760456,0.4683444452740354,0.0,0.0,0.6931471805599453,2024-10-21,-0.0015942189447643324,-0.004415834567695386,-0.008736194837408645,1
2024-10-15,256.70001220703125,249.8500061035156,-0.0266848686317593,False,-0.0024376546583848,0.0002591885072515,False,256.07426622646733,-0.024247214,-6.224260122951733,4.594669791605602,0.033717429989144766,2024-10-07,2024-09-30,2024-10-14,2024-10-04,6.267200548541362,0.009505703422053232,0.009505703422053232,0.07224334600760456,0.4683444452740354,0.0,0.0,0.6931471805599453,2024-10-22,-0.0008450504935028844,-0.00046397296941941193,-0.004312663242255743,1
2024-10-16,258.0,252.3500061035156,-0.0218992011491643,False,-0.0023698085402558,0.0003674590683975,False,257.388589396614,-0.0195293926,-5.038583293098412,4.594669791605602,0.15232208115193546,2024-10-08,2024-09-30,2024-10-14,2024-10-04,6.267200548541362,0.009505703422053232,0.009505703422053232,0.07224334600760456,0.4683444452740354,0.0,0.0,0.6931471805599453,2024-10-23,-0.0007823455076810966,0.005360622497902879,0.0015618185818378175,1
2024-10-17,255.1499938964844,245.4499969482422,-0.0380168417804374,False,-0.0023562644571698,0.0003287267435833,False,254.54879303461905,-0.0356605773,-9.098796086376836,4.640705307199919,0.29041731924717357,2024-10-09,2024-09-30,2024-10-14,2024-10-04,6.267200548541362,0.009505703422053232,0.009505703422053232,0.07224334600760456,0.4683444452740354,0.0,0.0,0.6931471805599453,2024-10-24,-0.0007698277459977838,0.014246841546156302,0.010285765732548385,1
2024-10-18,257.29998779296875,248.3999938964844,-0.0345899507140495,False,-0.0024101899547268,0.1187405048609341,False,256.6798459470388,-0.0321797608,-8.27985205055441,4.666640871861626,0.2814275932197763,2024-10-10,2024-09-30,2024-10-14,2024-10-04,6.267200548541362,0.009505703422053232,0.009505703422053232,0.07224334600760456,0.4683444452740354,0.0,0.0,0.6931471805599453,2024-10-25,-0.000819666965292766,0.014990972753429694,0.010893806536599493,1
2024-10-21,251.6999969482422,252.3500061035156,0.002582475817062,True,-0.0016082751670357,0.151729140266629,False,251.29519409360736,0.004190751,1.0548120099082323,4.680439446159016,0.3080689902686459,2024-10-11,2024-10-07,2024-10-21,2024-10-11,6.3784261836515865,0.3520408163265306,0.3520408163265306,0.04591836734693878,0.5301328538979312,0.0,0.0,0.6931471805599453,2024-10-28,-7.851836638775615e-05,0.0029883564439678947,0.0005319297217738048,1
2024-10-22,249.8500061035156,248.1000061035156,-0.0070042023504092,False,-0.0008715221864999,0.1877018009597071,False,249.63225627989925,-0.0061326802,-1.5322501763836556,4.69677505236187,0.2619016842588202,2024-10-14,2024-10-07,2024-10-21,2024-10-11,6.3784261836515865,0.3520408163265306,0.3520408163265306,0.04591836734693878,0.5301328538979312,0.0,0.0,0.6931471805599453,2024-10-29,0.0006024061503372498,0.0014678718081780492,-0.0005470316639288168,1
2024-10-23,252.3500061035156,249.6000061035156,-0.0108975626450824,False,-0.0021510458710175,0.1035681946938728,False,251.80718966483536,-0.0087465168,-2.2071835613197663,4.736281247453367,0.15554509511153342,2024-10-15,2024-10-07,2024-10-21,2024-10-11,6.3784261836515865,0.3520408163265306,0.3520408163265306,0.04591836734693878,0.5301328538979312,0.0,0.0,0.6931471805599453,2024-10-30,-0.0005801598786250319,-0.0019492550660281378,-0.004994997764477677,1
2024-10-24,245.4499969482422,245.8999938964844,0.0018333548740565,True,-0.002445244711122,0.0802911749107873,False,244.84981164135957,0.0042785996,1.050182255124838,4.701677414627039,0.010601274886814305,2024-10-16,2024-10-07,2024-10-21,2024-10-11,6.3784261836515865,0.3520408163265306,0.3520408163265306,0.04591836734693878,0.5301328538979312,0.0,0.0,0.6931471805599453,2024-10-31,-0.0008520653996227576,-0.010649218886939546,-0.013768873458686675,1
2024-10-25,248.3999938964844,242.9499969482422,-0.0219404069329944,False,-0.001435662459899,0.0782071431636482,False,248.04337535020807,-0.0205047445,-5.093378401965879,4.736331758881846,0.031731805511912715,2024-10-17,2024-10-07,2024-10-21,2024-10-11,6.3784261836515865,0.3520408163265306,0.3520408163265306,0.04591836734693878,0.5301328538979312,0.0,0.0,0.6931471805599453,2024-11-01,8.101437700498183e-05,-0.008027334235383201,-0.01058633442061893,1
2024-10-28,252.3500061035156,245.9499969482422,-0.0253616366177066,False,-5.749656711059547e-05,0.1132828242896873,False,252.3354968444543,-0.0253041401,-6.38549989621211,4.683191125735245,-0.03796416276303771,2024-10-18,2024-10-14,2024-10-28,2024-10-18,6.403574197934815,0.03150912106135987,0.03150912106135987,0.04311774461028192,0.4852526480782427,0.0,0.0,0.0,2024-11-04,0.001354747866120105,0.004183153135029536,0.00197330146558988,1
2024-10-29,248.1000061035156,250.1499938964844,0.008262747853837,True,0.0001700583070427,0.0906067783831028,False,248.14219757053087,0.0080926895,2.007796325953535,4.655473893078016,-0.14599494624541914,2024-10-21,2024-10-14,2024-10-28,2024-10-18,6.403574197934815,0.03150912106135987,0.03150912106135987,0.04311774461028192,0.4852526480782427,0.0,0.0,0.0,2024-11-05,0.0015650594587499269,-0.0023892240369078432,-0.004340483343118614,1
2024-10-30,249.6000061035156,248.75,-0.0034054730878615,False,-0.0001623021810574,0.1148092490703578,False,249.55949547813304,-0.0032431709,-0.8094954781330443,4.637728269956279,-0.11182827957875249,2024-10-22,2024-10-14,2024-10-28,2024-10-18,6.403574197934815,0.03150912106135987,0.03150912106135987,0.04311774461028192,0.4852526480782427,0.0,0.0,0.0,2024-11-06,0.0012578840407781351,-0.0015225399037502372,-0.003633043828703882,1
2024-10-31,245.8999938964844,260.3999938964844,0.0589670612440274,True,-0.0003725935273901,0.1101851669648384,False,245.8083731503733,0.0593396548,14.591620746111062,4.6309479596211425,-0.09479143609821944,2024-10-23,2024-10-14,2024-10-28,2024-10-18,6.403574197934815,0.03150912106135987,0.03150912106135987,0.04311774461028192,0.4852526480782427,0.0,0.0,0.0,2024-11-07,0.0010635278085591511,-0.000995824945898927,-0.0032241708130389102,1
2024-11-01,242.9499969482422,253.3500061035156,0.0428072001889714,True,-0.0004010653004347,0.1515749134672286,False,242.8525581347255,0.0432082655,10.497447968790055,4.598978219432763,-0.040209267722947625,2024-10-24,2024-10-14,2024-10-28,2024-10-18,6.403574197934815,0.03150912106135987,0.03150912106135987,0.04311774461028192,0.4852526480782427,0.0,0.0,0.0,2024-11-08,0.0010372135230212775,0.00022321384063299842,-0.0019012337723532456,1
2024-11-04,245.9499969482422,256.20001220703125,0.0416751997803279,True,-0.0018884681346901,0.1575172008751377,False,245.4855282162783,0.0435636679,10.71448399075294,4.615654541220573,-0.023595595226922183,2024-10-25,2024-10-21,2024-11-04,2024-10-25,6.313548046277095,-0.10526315789473684,0.10526315789473684,0.09437386569872959,0.4616714054267767,0.0,0.0,1.3862943611198906,2024-11-11,-0.0003374793290581296,-0.004698015238856259,-0.007471022313348832,1
2024-11-05,250.1499938964844,263.54998779296875,0.0535678361920306,True,-0.0022479460575038,0.1017761644067687,False,249.5876702039202,0.0558157822,13.962317589048553,4.630411775232419,-0.003621451723366914,2024-10-28,2024-10-21,2024-11-04,2024-10-25,6.313548046277095,-0.10526315789473684,0.10526315789473684,0.09437386569872959,0.4616714054267767,0.0,0.0,1.3862943611198906,2024-11-12,-0.0006697173210744155,-0.0030424905528984056,-0.006117635409075272,1
2024-11-06,248.75,271.6499938964844,0.0920602769707914,True,-0.0023363642008659,0.2059734702918237,False,248.1688294050346,0.0943966412,23.48116449144976,4.603999830829806,0.008878548276633083,2024-10-29,2024-10-21,2024-11-04,2024-10-25,6.313548046277095,-0.10526315789473684,0.10526315789473684,0.09437386569872959,0.4616714054267767,0.0,0.0,1.3862943611198906,2024-11-13,-0.0007514354588073302,-0.0036360116234606227,-0.006670738849825301,1
2024-11-07,260.3999938964844,278.95001220703125,0.0712366311265007,True,-0.0022505647402564,0.1339977932658071,False,259.8139468518579,0.0734871959,19.136065355173344,4.589708038033377,0.09178552502081913,2024-10-30,2024-10-21,2024-11-04,2024-10-25,6.313548046277095,-0.10526315789473684,0.10526315789473684,0.09437386569872959,0.4616714054267767,0.0,0.0,1.3862943611198906,2024-11-14,-0.0006721375695632283,-0.0002178359377726642,-0.003136904033915726,1
2024-11-08,253.3500061035156,281.79998779296875,0.1122951687549154,True,0.001177062583546,0.0002976554616212,False,253.6482149162412,0.1111181062,28.151772876727534,4.594971499696852,0.06354939415310931,2024-10-31,2024-10-21,2024-11-04,2024-10-25,6.313548046277095,-0.10526315789473684,0.10526315789473684,0.09437386569872959,0.4616714054267767,0.0,0.0,1.3862943611198906,2024-11-15,0.002495756610214936,-0.0013638812120186114,-0.0019538901244222696,1
2024-11-11,256.20001220703125,280.75,0.0958235231196253,True,-0.0001572542586419,0.0001562495514268,False,256.1597236640476,0.0959807774,24.59027633595241,4.563250493661525,0.15818688879060394,2024-11-01,2024-10-28,2024-11-11,2024-11-01,6.295266001439646,0.03512014787430684,0.03512014787430684,0.12384473197781885,0.4753026691593385,0.0,0.0,0.0,2024-11-18,0.0012625494499750413,0.003937804635719937,0.0016499837097176725,1
2024-11-12,263.54998779296875,279.75,0.0614684612308051,True,0.0003226304012969,0.0001947738311514,False,263.6350170312922,0.0611458308,16.114982968707807,4.573843600777507,0.2618629408847484,2024-11-04,2024-10-28,2024-11-11,2024-11-01,6.295266001439646,0.03512014787430684,0.03512014787430684,0.12384473197781885,0.4753026691593385,0.0,0.0,0.0,2024-11-19,0.0017060701940851404,0.009513516679836395,0.007517264525569316,1
2024-11-13,271.6499938964844,295.29998779296875,0.0870605353501186,True,-0.0007286328497279,0.0001536222779525,False,271.452060787303,0.0877891682,23.847927005665724,4.623582925925272,0.31001108903289654,2024-11-05,2024-10-28,2024-11-11,2024-11-01,6.295266001439646,0.03512014787430684,0.03512014787430684,0.12384473197781885,0.4753026691593385,0.0,0.0,0.0,2024-11-20,0.000734467852369147,0.0141518088610158,0.011246594109427122,1
2024-11-14,278.95001220703125,298.6499938964844,0.0706219065329603,True,-0.0008164627240868,0.0001704333622791,False,278.72225992018065,0.0714383693,19.927733976303728,4.665727132188403,0.32975856378037127,2024-11-06,2024-10-28,2024-11-11,2024-11-01,6.295266001439646,0.03512014787430684,0.03512014787430684,0.12384473197781885,0.4753026691593385,0.0,0.0,0.0,2024-11-21,0.0006532934067518942,0.017048161877261263,0.013922643399415922,1
2024-11-15,281.79998779296875,305.25,0.0832150930547923,True,-0.0038887767649717,0.1589706711466322,False,280.7041305480701,0.0871038698,24.54586945192989,4.640867588852887,0.3835291843616752,2024-11-07,2024-10-28,2024-11-11,2024-11-01,6.295266001439646,0.03512014787430684,0.03512014787430684,0.12384473197781885,0.4753026691593385,0.0,0.0,0.0,2024-11-22,-0.002186211839627422,0.018552379510345194,0.013416823628763432,1
2024-11-18,280.75,308.3500061035156,0.0983081250347841,True,-0.0039062870051168,0.2562357443361407,False,279.65330992331343,0.102214412,28.696696180202196,4.67523764023822,0.3025133113458022,2024-11-08,2024-11-04,2024-11-18,2024-11-08,6.398594934535208,0.3016666666666667,0.3016666666666667,0.028333333333333332,0.4979879855974949,0.0,0.0,0.0,2024-11-25,-0.002202395217399262,-0.0009846202095408368,-0.004213597137902888,1
2024-11-19,279.75,312.1499938964844,0.1158176725522228,True,-0.0038757591746088,0.2077979682237266,False,278.6657563709032,0.1196934317,33.48423752558119,4.678387311631847,0.2781089679351312,2024-11-11,2024-11-04,2024-11-18,2024-11-08,6.398594934535208,0.3016666666666667,0.3016666666666667,0.028333333333333332,0.4979879855974949,0.0,0.0,0.0,2024-11-26,-0.0021741806749617076,-0.002039118130479144,-0.005259865836078919,1
2024-11-20,295.29998779296875,326.1499938964844,0.1044700554648996,True,-0.0080323829652371,0.2268409841033464,False,292.92802520138576,0.1125024384,33.22196869509861,4.640079669252072,0.2595488347682565,2024-11-12,2024-11-04,2024-11-18,2024-11-08,6.398594934535208,0.3016666666666667,0.3016666666666667,0.028333333333333332,0.4979879855974949,0.0,0.0,0.0,2024-11-27,-0.006015830618179965,-0.004701778054872211,-0.01062674179538758,1
2024-11-21,298.6499938964844,321.6499938964844,0.0770132277584176,True,-0.0154174180724831,0.3151751898263449,False,294.0455820832378,0.0924306458,27.6044118132466,4.645991429700381,0.23774253649136995,2024-11-13,2024-11-04,2024-11-18,2024-11-08,6.398594934535208,0.3016666666666667,0.3016666666666667,0.028333333333333332,0.4979879855974949,0.0,0.0,0.0,2024-11-29,-0.012841254599147952,-0.005502422393403601,-0.016513602016216652,1
2024-11-22,305.25,299.20001220703125,-0.0198197798295454,False,-0.0199178111845604,0.1902456843850413,False,299.1700881359129,9.80314e-05,0.0299240711183301,4.68343373811801,0.17380297503937067,2024-11-14,2024-11-04,2024-11-18,2024-11-08,6.398594934535208,0.3016666666666667,0.3016666666666667,0.028333333333333332,0.4979879855974949,0.0,0.0,0.0,2024-12-02,-0.01700062427375068,-0.00693082517304478,-0.021171946675489835,1
2024-11-25,308.3500061035156,297.70001220703125,-0.0345386531074336,False,-0.0207589136098762,0.2178374576764457,False,301.94899496520793,-0.0137797395,-4.24898275817668,4.683433738118009,0.323136308372704,2024-11-15,2024-11-11,2024-11-25,2024-11-15,6.401917196727186,0.2691029900332226,0.2691029900332226,0.06312292358803986,0.4994561808548025,0.0,0.0,0.0,2024-12-03,-0.017777991013492783,0.0034676207213326965,-0.011729635228679541,1
2024-11-26,312.1499938964844,305.95001220703125,-0.0198621874441207,False,-0.0226051364467581,0.2004700209940826,False,305.0938006925996,0.002742949,0.8562115144316635,4.731163285688044,0.3584304260197628,2024-11-18,2024-11-11,2024-11-25,2024-11-15,6.401917196727186,0.2691029900332226,0.2691029900332226,0.06312292358803986,0.4994561808548025,0.0,0.0,0.0,2024-12-04,-0.019484313792202456,0.007382785648293956,-0.009261148691689078,1
2024-11-27,326.1499938964844,315.75,-0.0318871503636611,False,-0.0247147621653855,0.2045372304380157,False,318.0892743670908,-0.0071723882,-2.339274367090809,4.812256307309677,0.41938967472008154,2024-11-19,2024-11-11,2024-11-25,2024-11-15,6.401917196727186,0.2691029900332226,0.2691029900332226,0.06312292358803986,0.4994561808548025,0.0,0.0,0.0,2024-12-05,-0.02143407973937558,0.014083515979802003,-0.0043141307731798684,1
2024-11-29,321.6499938964844,332.5,0.0337323373524063,True,-0.0158305392463264,0.2236987469904008,False,316.5581010445254,0.0495628766,15.941898955474583,4.7807778725593915,0.40552895801960825,2024-11-20,2024-11-11,2024-11-25,2024-11-15,6.401917196727186,0.2691029900332226,0.2691029900332226,0.06312292358803986,0.4994561808548025,0.0,0.0,0.0,2024-12-06,-0.0132230709515481,0.011963829630757655,-0.00022333820874235587,1
2024-12-02,299.20001220703125,332.29998779296875,0.1106282561346756,True,-0.0122225130831095,0.3800357695554739,False,295.5430361433643,0.1228507692,36.756951649604446,4.757525911336219,0.5598499456739292,2024-11-21,2024-11-11,2024-11-25,2024-11-15,6.401917196727186,0.2691029900332226,0.2691029900332226,0.06312292358803986,0.4994561808548025,0.0,0.0,0.0,2024-12-09,-0.009888447900911838,0.01847949738693072,0.008858956282231073,1
2024-12-03,297.70001220703125,335.6499938964844,0.1274772594334372,True,-0.0086943763121661,0.3555648614734685,False,295.11169627276684,0.1361716357,40.53829762371754,4.762721008616872,0.579555573379557,2024-11-22,2024-11-18,2024-12-03,2024-11-22,6.543911845564792,0.48703170028818443,0.48703170028818443,0.02881844380403458,0.5098408807488952,0.0,0.0,0.0,2024-12-10,-0.006627660514687449,0.0029949707680208344,-0.00213236410996231,1
2024-12-04,305.95001220703125,321.70001220703125,0.0514789977826255,True,-0.0099444079661818,0.317605596542752,False,302.9075204683862,0.0614234057,18.792491738645023,4.697873074979755,0.5171624109863945,2024-11-25,2024-11-18,2024-12-03,2024-11-22,6.543911845564792,0.48703170028818443,0.48703170028818443,0.02881844380403458,0.5098408807488952,0.0,0.0,0.0,2024-12-11,-0.007782969312057481,-0.0030335550030016144,-0.008772470048422574,1
2024-12-05,315.75,322.6000061035156,0.0216943977941903,True,-0.0134624431375379,0.2761484470311088,False,311.4992335793224,0.0351568409,11.100772524193246,4.629687757585637,0.39749234028725866,2024-11-26,2024-11-18,2024-12-03,2024-11-22,6.543911845564792,0.48703170028818443,0.48703170028818443,0.02881844380403458,0.5098408807488952,0.0,0.0,0.0,2024-12-12,-0.011034420561206279,-0.012027475779319991,-0.019921784192439968,1
2024-12-06,332.5,320.8500061035156,-0.0350375756285243,False,-0.0170987675359159,0.2543598851919764,False,326.81465979430794,-0.0179388081,-5.964653690792318,4.625089853940698,0.3513530569877319,2024-11-27,2024-11-18,2024-12-03,2024-11-22,6.543911845564792,0.48703170028818443,0.48703170028818443,0.02881844380403458,0.5098408807488952,0.0,0.0,0.0,2024-12-13,-0.014395197509567158,-0.014503532464744817,-0.024874631092332452,1
2024-12-09,332.29998779296875,328.75,-0.0106830813222312,False,-0.018876497887429,0.1590200219396204,False,326.02732777540206,0.0081934166,2.722672224597943,4.801094764718649,0.1487498823845573,2024-11-29,2024-11-25,2024-12-09,2024-11-29,6.380122536899765,-0.013582342954159592,0.013582342954159592,0.04584040747028863,0.4782954155356361,0.0,0.0,1.791759469228055,2024-12-16,-0.016038217914576044,0.017783881242397617,0.002300384965743514,1
2024-12-10,335.6499938964844,325.45001220703125,-0.0303887438550016,False,-0.0167806705214778,0.1710095358053872,False,330.01756193837144,-0.0136080733,-4.567549731340193,5.059547847012972,0.08453070933146199,2024-12-02,2024-11-25,2024-12-09,2024-11-29,6.380122536899765,-0.013582342954159592,0.013582342954159592,0.04584040747028863,0.4782954155356361,0.0,0.0,1.791759469228055,2024-12-17,-0.014101204731050799,0.02644496752919378,0.011411307668469811,1
2024-12-11,321.70001220703125,333.1499938964844,0.0355921083462205,True,-0.0123942364820934,0.2950053160083108,False,317.71278617944495,0.0479863448,15.437207717039428,4.904056989608984,0.13633197141309789,2024-12-03,2024-11-25,2024-12-09,2024-11-29,6.380122536899765,-0.013582342954159592,0.013582342954159592,0.04584040747028863,0.4782954155356361,0.0,0.0,1.791759469228055,2024-12-18,-0.010047158724692218,0.02188083034350799,0.010448630651820652,1
2024-12-12,322.6000061035156,323.75,0.0035647671256253,True,-0.0100811789643613,0.3441626796744574,False,319.347817708082,0.0136459461,4.402182291917995,4.933093391577883,0.1921214450973084,2024-12-04,2024-11-25,2024-12-09,2024-11-29,6.380122536899765,-0.013582342954159592,0.013582342954159592,0.04584040747028863,0.4782954155356361,0.0,0.0,1.791759469228055,2024-12-19,-0.007909376300963916,0.02594797567911271,0.015992472529640835,1
2024-12-13,320.8500061035156,325.0,0.0129343737495377,True,-0.003446136824039,0.2487913187036,False,319.74431308248916,0.0163805106,5.255686917510843,4.91098501669792,0.2754960581004044,2024-12-05,2024-11-25,2024-12-09,2024-11-29,6.380122536899765,-0.013582342954159592,0.013582342954159592,0.04584040747028863,0.4782954155356361,0.0,0.0,1.791759469228055,2024-12-20,-0.0017771135450489733,0.029031791767919646,0.023711812183951745,1
2024-12-16,328.75,327.25,-0.0045627376425855,False,-0.0051850110088681,0.370108709050059,False,327.0454276308346,0.0006222734,0.2045723691654188,4.781245933100097,0.26063891524326155,2024-12-06,2024-12-02,2024-12-16,2024-12-06,6.504288173536645,0.3238380809595202,0.3238380809595202,0.01199400299850075,0.5081531204405068,0.0,0.0,0.0,2024-12-23,-0.0033842221624980065,0.0030805184626319713,-0.0010037596479281988,1
2024-12-17,325.45001220703125,328.6000061035156,0.0096788870128556,True,-0.0041693564238741,0.397983231180655,False,324.09309510798596,0.0138482434,4.506910995529665,4.7711354772675305,0.18463697112356683,2024-12-09,2024-12-02,2024-12-16,2024-12-06,6.504288173536645,0.3238380809595202,0.3238380809595202,0.01199400299850075,0.5081531204405068,0.0,0.0,0.0,2024-12-24,-0.002445530191488096,-0.0011140727837870399,-0.0044656551318937,1
2024-12-18,333.1499938964844,324.6499938964844,-0.0255140331854278,False,-0.0083929876758746,0.2513152115576516,False,330.3538701034934,-0.0171210455,-5.703876207009046,4.72323948314075,0.08570506191128377,2024-12-10,2024-12-02,2024-12-16,2024-12-06,6.504288173536645,0.3238380809595202,0.3238380809595202,0.01199400299850075,0.5081531204405068,0.0,0.0,0.0,2024-12-26,-0.0063491100141330435,-0.008162056181152243,-0.014229528866076034,1
2024-12-19,323.75,322.6499938964844,-0.0033977022502412,False,-0.00107256744939,0.3358560600310266,False,323.40275628826,-0.0023251348,-0.7527623917756046,4.65773876981306,0.177603796088499,2024-12-11,2024-12-02,2024-12-16,2024-12-06,6.504288173536645,0.3238380809595202,0.3238380809595202,0.01199400299850075,0.5081531204405068,0.0,0.0,0.0,2024-12-27,0.0004165953669540111,-0.006643250594831082,-0.007439664993318804,1
2024-12-20,325.0,321.0,-0.0123076923076923,False,-0.001542091897569,0.5836500514416431,True,324.49882013329005,-0.0107656004,-3.498820133290053,4.635798986361775,0.2806997713206972,2024-12-12,2024-12-02,2024-12-16,2024-12-06,6.504288173536645,0.3238380809595202,0.3238380809595202,0.01199400299850075,0.5081531204405068,0.0,0.0,0.0,2024-12-30,-1.7350224598740825e-05,-0.002583224596533843,-0.0036149734038182593,1
2024-12-23,327.25,319.75,-0.0229182582123758,False,-0.0020305999528249,0.4506826314020268,False,326.58548616543806,-0.0208876583,-6.835486165438056,4.57237979483016,0.35775604837697417,2024-12-13,2024-12-09,2024-12-23,2024-12-13,6.340359303727752,0.2597173144876325,0.2597173144876325,0.09540636042402827,0.5066165103370575,0.0,0.0,1.791759469228055,2024-12-31,-0.00046884091446264525,0.0006915890820819704,-0.0018140912396273127,1
2024-12-24,328.6000061035156,326.8500061035156,-0.0053256237598751,False,-0.0012103785187414,0.3505713741966084,False,328.20227571486964,-0.0041152452,-1.3522696113540178,4.520203018970749,0.26544061996974044,2024-12-16,2024-12-09,2024-12-23,2024-12-13,6.340359303727752,0.2597173144876325,0.2597173144876325,0.09540636042402827,0.5066165103370575,0.0,0.0,1.791759469228055,2025-01-02,0.0002892271196898951,-0.006227153726813548,-0.00797423437341554,1
2024-12-26,324.6499938964844,318.6499938964844,-0.0184814418998976,False,-0.0007317516802977,0.4087647045705065,False,324.41243071794196,-0.0177496902,-5.762436821457584,4.550696737699603,0.367481436296271,2024-12-17,2024-12-09,2024-12-23,2024-12-13,6.340359303727752,0.2597173144876325,0.2597173144876325,0.09540636042402827,0.5066165103370575,0.0,0.0,1.791759469228055,2025-01-03,0.0007315853554473917,0.00017798360168791395,-0.0013542966943761027,1
2024-12-27,322.6499938964844,318.6000061035156,-0.0125522636590165,False,-0.005229011704977,0.0006465455911075,False,320.96285330178887,-0.007323252,-2.3628471982732435,4.565160870015528,0.19205329035434993,2024-12-18,2024-12-09,2024-12-23,2024-12-13,6.340359303727752,0.2597173144876325,0.2597173144876325,0.09540636042402827,0.5066165103370575,0.0,0.0,1.791759469228055,2025-01-06,-0.003424888645736021,-0.007775966837550965,-0.012451619827467343,1
2024-12-30,321.0,320.5,-0.0015576323987538,False,-0.0032982186166885,0.0006318051156988,False,319.941271824043,0.0017405862,0.5587281759570146,4.597229400030564,0.007641525648467561,2024-12-19,2024-12-09,2024-12-23,2024-12-13,6.340359303727752,0.2597173144876325,0.2597173144876325,0.09540636042402827,0.5066165103370575,0.0,0.0,1.791759469228055,2025-01-07,-0.001640404041978189,-0.015366334627839475,-0.01884575300283346,1
2024-12-31,319.75,316.45001220703125,-0.0103205247629983,False,-0.004004603570352,0.0004565556071561,False,318.46952800837994,-0.0063159212,-2.019515801348689,4.64005899771169,-0.08474576186077117,2024-12-20,2024-12-16,2024-12-31,2024-12-20,6.315358001522335,-0.1358695652173913,0.1358695652173913,0.0036231884057971015,0.4523691418169712,0.0,0.0,0.6931471805599453,2025-01-08,-0.002293261710562486,-0.007625474905488009,-0.011270514971913581,1
2025-01-02,326.8500061035156,318.5,-0.0255469051478955,False,-0.0041245672148119,0.0002387182334608,False,325.50189128418,-0.0214223379,-7.001891284179976,4.64760706330826,-0.08673654941273162,2024-12-23,2024-12-16,2024-12-31,2024-12-20,6.315358001522335,-0.1358695652173913,0.1358695652173913,0.0036231884057971015,0.4523691418169712,0.0,0.0,0.6931471805599453,2025-01-09,-0.0024041349459432548,-0.007378191137302899,-0.011134305581408719,1
2025-01-03,318.6499938964844,323.8500061035156,0.0163188837490468,True,-0.0013420832591328,0.2462556460162805,False,318.2223390741531,0.017660967,5.627667029362499,4.583916317084553,-0.18817374400887993,2024-12-24,2024-12-16,2024-12-31,2024-12-20,6.315358001522335,-0.1358695652173913,0.1358695652173913,0.0036231884057971015,0.4523691418169712,0.0,0.0,0.6931471805599453,2025-01-10,0.00016750248596505198,-0.01527124401914959,-0.01687983230454045,1
2025-01-06,318.6000061035156,325.95001220703125,0.0230696985646872,True,-0.0007769696038847,0.3724529530166279,False,318.3524635829757,0.0238466682,7.597548624055548,4.660303239224147,-0.16624433224417406,2024-12-26,2024-12-16,2024-12-31,2024-12-20,6.315358001522335,-0.1358695652173913,0.1358695652173913,0.0036231884057971015,0.4523691418169712,0.0,0.0,0.6931471805599453,2025-01-13,0.0006897938818066689,-0.010702376226893587,-0.01221408924470485,1
2025-01-07,320.5,321.95001220703125,0.0045242190546996,True,-0.0011989047726091,0.3472365626775761,False,320.1157510203788,0.0057231238,1.8342611866524408,4.644911030996921,-0.2288118998117416,2024-12-27,2024-12-23,2025-01-07,2024-12-27,6.186208623900494,-0.24742268041237114,0.24742268041237114,0.01443298969072165,0.5074261380518836,0.0,0.0,0.6931471805599453,2025-01-14,0.0002998314270311153,0.00010664592405872997,-0.0036966834659739353,1
2025-01-08,316.45001220703125,330.45001220703125,0.0442407946277492,True,-0.0010020143362564,0.3890909080310791,False,316.1329247580913,0.045242809,14.317087448939958,4.857270694106,-0.17486761978316728,2024-12-30,2024-12-23,2025-01-07,2024-12-27,6.186208623900494,-0.24742268041237114,0.24742268041237114,0.01443298969072165,0.5074261380518836,0.0,0.0,0.6931471805599453,2025-01-15,0.000481802221535045,0.012463559915684989,0.007987250617884677,1
2025-01-09,318.5,327.1499938964844,0.02715853656667,True,-0.0010154089708448,0.2389592813100374,False,318.17659224278594,0.0281739455,8.973401653698431,4.668378372337829,0.08416292098455476,2024-12-31,2024-12-23,2025-01-07,2024-12-27,6.186208623900494,-0.24742268041237114,0.24742268041237114,0.01443298969072165,0.5074261380518836,0.0,0.0,0.6931471805599453,2025-01-16,0.0004694225836852175,0.01654941007965162,0.012791325229120827,1
2025-01-10,323.8500061035156,328.3500061035156,0.0138953216464094,True,-0.0038168849970378,0.0003845451978936,False,322.6139078739285,0.0177122066,5.736098229587128,4.7984958855660595,0.050504033352191245,2025-01-02,2024-12-23,2025-01-07,2024-12-27,6.186208623900494,-0.24742268041237114,0.24742268041237114,0.01443298969072165,0.5074261380518836,0.0,0.0,0.6931471805599453,2025-01-17,-0.002119767768642738,0.020844597709066517,0.014668911327911439,1
2025-01-13,325.95001220703125,327.79998779296875,0.0056756420207233,True,-0.0038995603370882,0.0004620698462105,False,324.6789504675553,0.0095752024,3.121037325413454,4.6598664494540705,-0.041444353744582954,2025-01-03,2024-12-30,2025-01-13,2025-01-03,6.257667587882639,0.015355086372360844,0.015355086372360844,0.007677543186180422,0.4668539375710568,0.0,0.0,0.0,2025-01-21,-0.0021961782718319537,-0.0007237757394729896,-0.0056278503876814896,1
2025-01-14,321.95001220703125,341.8500061035156,0.0618108188910009,True,-0.0035551258060486,0.0004308999299657,False,320.8054394103763,0.0653659447,21.044566693139306,4.89332821344494,0.07195654715631794,2025-01-06,2024-12-30,2025-01-13,2025-01-03,6.257667587882639,0.015355086372360844,0.015355086372360844,0.007677543186180422,0.4668539375710568,0.0,0.0,0.0,2025-01-22,-0.001877843738022562,0.015517668471376672,0.009963018656364737,1
2025-01-15,330.45001220703125,343.95001220703125,0.0408533802430064,True,-0.0038198415617784,0.0004734379404044,False,329.18774551631265,0.0446732218,14.762266690718604,4.712142624477218,0.13691470615213383,2025-01-07,2024-12-30,2025-01-13,2025-01-03,6.257667587882639,0.015355086372360844,0.015355086372360844,0.007677543186180422,0.4668539375710568,0.0,0.0,0.0,2025-01-23,-0.0021225002956502233,0.010425056439134689,0.005381434060357973,1
2025-01-16,327.1499938964844,347.54998779296875,0.062356699608985,True,-0.0027434228706308,0.0007169644426989,False,326.252483121102,0.0651001225,21.29750467186676,4.732499163339207,-0.024714419044304086,2025-01-08,2024-12-30,2025-01-13,2025-01-03,6.257667587882639,0.015355086372360844,0.015355086372360844,0.007677543186180422,0.4668539375710568,0.0,0.0,0.0,2025-01-24,-0.0011276487016595189,0.0034181304387276524,-0.0009697096493830391,1
2025-01-17,328.3500061035156,349.20001220703125,0.0634993321636865,True,9.949638278532554e-05,0.3960428378947874,False,328.3826757414105,0.0633998358,20.81733646562077,4.630816547867084,0.0707101848367712,2025-01-09,2024-12-30,2025-01-13,2025-01-03,6.257667587882639,0.015355086372360844,0.015355086372360844,0.007677543186180422,0.4668539375710568,0.0,0.0,0.0,2025-01-27,0.001499844460720062,0.003456080454868754,0.0014076191979944773,1
2025-01-21,327.79998779296875,357.5,0.0906040674589321,True,-0.0013271657909018,0.2920404783435469,False,327.36494286291185,0.0919312332,30.13505713708815,4.670950686959515,0.18267962456512435,2025-01-10,2025-01-06,2025-01-21,2025-01-10,6.375024819828097,0.19965870307167236,0.19965870307167236,0.013651877133105802,0.4912051332122006,0.0,0.0,0.0,2025-01-28,0.0001812895626573884,0.0006746303425630429,-0.001368641722589215,1
2025-01-22,341.8500061035156,366.5499877929687,0.0722538576815869,True,-0.0017213657514746,0.2664770792942754,False,341.26155721086764,0.0739752234,25.288430582101057,4.700233656625658,0.20950816173538814,2025-01-13,2025-01-06,2025-01-21,2025-01-10,6.375024819828097,0.19965870307167236,0.19965870307167236,0.013651877133105802,0.4912051332122006,0.0,0.0,0.0,2025-01-29,-0.00018303935726207135,0.0033307948865061794,0.0009064040786800488,1
2025-01-23,343.95001220703125,373.3999938964844,0.0856228540318426,True,-0.0029261209253803,0.1975184160428146,False,342.94357287902744,0.088548975,30.456421017456933,4.714169640753255,0.297614957851893,2025-01-14,2025-01-06,2025-01-21,2025-01-10,6.375024819828097,0.19965870307167236,0.19965870307167236,0.013651877133105802,0.4912051332122006,0.0,0.0,0.0,2025-01-30,-0.0012965025616689212,0.00829472641629033,0.00499375708543136,1
2025-01-24,347.54998779296875,377.8500061035156,0.0871817562214856,True,-0.0035196805498468,0.3403012125753752,False,346.3267228608343,0.0907014368,31.523283242681316,4.754889431801503,0.4329939497718621,2025-01-15,2025-01-06,2025-01-21,2025-01-10,6.375024819828097,0.19965870307167236,0.19965870307167236,0.013651877133105802,0.4912051332122006,0.0,0.0,0.0,2025-01-31,-0.0018450843945424,0.01680455097637707,0.012945275158997996,1
2025-01-27,349.20001220703125,380.8999938964844,0.0907788676440797,True,-0.0023630722183446,0.2655056490418877,False,348.3748273595392,0.0931419399,32.525166536945164,4.796115872899038,0.4887292794023862,2025-01-16,2025-01-06,2025-01-21,2025-01-10,6.375024819828097,0.19965870307167236,0.19965870307167236,0.013651877133105802,0.4912051332122006,0.0,0.0,0.0,2025-02-03,-0.0007761196397673329,0.021426289146897953,0.018204397977560693,1
2025-01-28,357.5,383.3500061035156,0.0723077093804633,True,-0.0039125477039696,0.2643027247954044,False,356.1012641958308,0.0762202571,27.248741907684803,4.8443482842624155,0.5507205979048279,2025-01-17,2025-01-13,2025-01-28,2025-01-17,6.541029999189903,0.5086705202312138,0.5086705202312138,0.13005780346820808,0.4758312494365486,0.0,0.0,0.0,2025-02-04,-0.0022081815032417755,-0.0075718332341193975,-0.008816512127644947,1
2025-01-29,366.5499877929687,397.75,0.0851180282255346,True,-0.0055577006186993,0.2151883283507876,False,364.5128126990275,0.0906757288,33.237187300972494,4.908754594755699,0.5681628940678974,2025-01-21,2025-01-13,2025-01-28,2025-01-17,6.541029999189903,0.5086705202312138,0.5086705202312138,0.13005780346820808,0.4758312494365486,0.0,0.0,0.0,2025-02-05,-0.003728670707895387,-0.0037710028100122798,-0.0063885878909189335,1
2025-01-30,373.3999938964844,403.9500122070313,0.0818157975626967,True,-0.0058278727420894,0.2497477231866443,False,371.2238662501587,0.0876436703,32.726145956872585,4.884234130337233,0.5105506034458982,2025-01-22,2025-01-13,2025-01-28,2025-01-17,6.541029999189903,0.5086705202312138,0.5086705202312138,0.13005780346820808,0.4758312494365486,0.0,0.0,0.0,2025-02-06,-0.003978370169468224,-0.007721225249626908,-0.010432203891943886,1
2025-01-31,377.8500061035156,404.3500061035156,0.0701336497867888,True,-0.006006552564233,0.3134602658118877,False,375.5804301804591,0.0761402024,28.76957592305655,4.827863899909035,0.4641997445182563,2025-01-23,2025-01-13,2025-01-28,2025-01-17,6.541029999189903,0.5086705202312138,0.5086705202312138,0.13005780346820808,0.4758312494365486,0.0,0.0,0.0,2025-02-07,-0.004143510283938015,-0.01257437698007187,-0.015194294521889478,1
2025-02-03,380.8999938964844,429.0499877929687,0.1264111175322566,True,-0.0067271051144326,0.3207405558659505,False,378.337639599456,0.1331382226,50.712348193512696,4.776758907745585,0.5094650402786015,2025-01-24,2025-01-20,2025-02-03,2025-01-24,6.459904454377535,0.4952978056426332,0.4952978056426332,0.09561128526645768,0.5067524884647633,0.0,0.0,0.6931471805599453,2025-02-10,-0.004809461980072066,-0.0031466635403982614,-0.0074131981881110556,1
2025-02-04,383.3500061035156,413.4500122070313,0.0785183399615958,True,-0.0084337319889457,0.3408236102016344,False,380.1169348940779,0.086952072,33.333077312953435,4.966443309756975,0.5266717167636286,2025-01-27,2025-01-20,2025-02-03,2025-01-24,6.459904454377535,0.4952978056426332,0.4952978056426332,0.09561128526645768,0.5067524884647633,0.0,0.0,0.6931471805599453,2025-02-11,-0.006386766871207518,0.006369521072751768,0.00021037762773201208,1
2025-02-05,397.75,431.7999877929687,0.0856065060791166,True,-0.0103656659437784,0.3387480711552185,False,393.6270563708621,0.095972172,38.172931422106615,4.6886642811929855,0.6365675500969619,2025-01-28,2025-01-20,2025-02-03,2025-01-24,6.459904454377535,0.4952978056426332,0.4952978056426332,0.09561128526645768,0.5067524884647633,0.0,0.0,0.6931471805599453,2025-02-12,-0.008172305890788269,-0.0009318753774473962,-0.007353524884017408,1
2025-02-06,403.9500122070313,438.8999938964844,0.0865205610429356,True,-0.0115249855076422,0.269128930610762,False,399.29449417053337,0.0980455466,39.605499725951006,4.663196396717664,0.5610730446024563,2025-01-29,2025-01-20,2025-02-03,2025-01-24,6.459904454377535,0.4952978056426332,0.4952978056426332,0.09561128526645768,0.5067524884647633,0.0,0.0,0.6931471805599453,2025-02-13,-0.009243776430588066,-0.005803591563773048,-0.012925116680487724,1
2025-02-07,404.3500061035156,419.75,0.0380858010733946,True,-0.0166224035870175,0.0004435580740626,False,397.62873711165,0.0547082047,22.121262888349975,4.6410880218377,0.5086581839213419,2025-01-30,2025-01-20,2025-02-03,2025-01-24,6.459904454377535,0.4952978056426332,0.4952978056426332,0.09561128526645768,0.5067524884647633,0.0,0.0,0.6931471805599453,2025-02-14,-0.013954930689807622,-0.00938830613693447,-0.01992175355213507,1
2025-02-10,429.0499877929687,419.0,-0.0234238155900337,False,-0.0140550296954528,0.0006228866256218,False,423.01967747370486,-0.0093687859,-4.01967747370486,4.6020759053234235,0.37564536340852134,2025-01-31,2025-01-27,2025-02-10,2025-01-31,6.342121418721152,0.43915343915343913,0.43915343915343913,0.054673721340388004,0.5179382666144259,0.0,0.0,0.6931471805599453,2025-02-18,-0.011582103062975716,-0.00909267851687545,-0.01896381151498133,1
2025-02-11,413.4500122070313,417.8999938964844,0.0107630464580197,True,-0.0150471077119618,0.0006647318223062,False,407.22878533984016,0.0258101542,10.671208556644215,4.631432529381333,0.34857426099495314,2025-02-03,2025-01-27,2025-02-10,2025-01-31,6.342121418721152,0.43915343915343913,0.43915343915343913,0.054673721340388004,0.5179382666144259,0.0,0.0,0.6931471805599453,2025-02-19,-0.01249900501219297,-0.0090801223787469,-0.019744082885635676,1
2025-02-12,431.7999877929687,395.75,-0.0834876998890821,False,-0.0170258117085169,0.0002835585038442,False,424.4482425050657,-0.0664618882,-28.698242505065707,4.641586994456017,0.23857426099495313,2025-02-04,2025-01-27,2025-02-10,2025-01-31,6.342121418721152,0.43915343915343913,0.43915343915343913,0.054673721340388004,0.5179382666144259,0.0,0.0,0.6931471805599453,2025-02-20,-0.014327770009677294,-0.014017950967194917,-0.026080314495837763,1
2025-02-13,438.8999938964844,400.0,-0.0886306549041762,False,-0.0175167078676379,0.0002880132574873,False,431.21191092029153,-0.071113947,-31.21191092029153,4.631458247892267,0.33752162941600583,2025-02-05,2025-01-27,2025-02-10,2025-01-31,6.342121418721152,0.43915343915343913,0.43915343915343913,0.054673721340388004,0.5179382666144259,0.0,0.0,0.6931471805599453,2025-02-21,-0.014781467841572776,-0.009621734069870496,-0.021979224815208004,1
2025-02-14,419.75,393.7999877929687,-0.0618225424825046,False,-0.0161102449086073,0.0001220636252238,False,412.987724699612,-0.0457122976,-19.18773690664335,4.631458247892267,0.295416366258111,2025-02-06,2025-01-27,2025-02-10,2025-01-31,6.342121418721152,0.43915343915343913,0.43915343915343913,0.054673721340388004,0.5179382666144259,0.0,0.0,0.6931471805599453,2025-02-24,-0.013481581535075511,-0.011689495515442088,-0.02308393511895201,1
2025-02-18,419.0,380.5,-0.0918854415274462,False,-0.0177246300261214,0.0001068097782808,False,411.5733800190551,-0.0741608115,-31.073380019055097,4.667922559251058,0.43259169093343564,2025-02-07,2025-02-03,2025-02-18,2025-02-07,6.432940092739179,0.4057971014492754,0.4057971014492754,0.03864734299516908,0.4850955284675704,0.0,0.0,1.6094379124341003,2025-02-25,-0.014973634414389127,-0.009966317044027142,-0.021178661701550985,1
2025-02-19,417.8999938964844,379.4500122070313,-0.0920076148624622,False,-0.0160545307460965,0.0001091117001065,False,411.1908055956797,-0.0759530841,-31.7407933886484,4.644792118912183,0.3989668226510331,2025-02-10,2025-02-03,2025-02-18,2025-02-07,6.432940092739179,0.4057971014492754,0.4057971014492754,0.03864734299516908,0.4850955284675704,0.0,0.0,1.6094379124341003,2025-02-26,-0.01343008918935766,-0.01267498999396146,-0.02265512615249139,1
2025-02-20,395.75,378.75,-0.0429564118761844,False,-0.0098466758643753,0.000224684543506,False,391.85317802667345,-0.033109736,-13.103178026673447,4.689024396934227,0.39056682265103315,2025-02-11,2025-02-03,2025-02-18,2025-02-07,6.432940092739179,0.4057971014492754,0.4057971014492754,0.03864734299516908,0.4850955284675704,0.0,0.0,1.6094379124341003,2025-02-27,-0.007692642993808027,-0.01106548723602887,-0.0169584672532406,1
2025-02-21,400.0,379.0499877929687,-0.0523750305175783,False,-0.0046853304790087,0.4135628086421558,False,398.1258678083965,-0.0476897,-19.0758800154278,4.715730675459131,0.25472290250584256,2025-02-12,2025-02-03,2025-02-18,2025-02-07,6.432940092739179,0.4057971014492754,0.4057971014492754,0.03864734299516908,0.4850955284675704,0.0,0.0,1.6094379124341003,2025-02-28,-0.0029224056075599246,-0.016515848875447853,-0.01897595847142968,1
2025-02-24,393.7999877929687,392.7000122070313,-0.0027932341798742,False,-0.0025092485823852,0.4105733976755502,False,392.8118457318559,-0.0002839856,-0.1118335248245898,4.7208591615817985,0.25681467038708417,2025-02-13,2025-02-03,2025-02-18,2025-02-07,6.432940092739179,0.4057971014492754,0.4057971014492754,0.03864734299516908,0.4850955284675704,0.0,0.0,1.6094379124341003,2025-03-03,-0.0009112192900851061,-0.01617868146205401,-0.017166394396464807,1
2025-02-25,380.5,403.75,0.0611038107752957,True,-0.0018089111698756,0.4435859559082444,False,379.8117092998623,0.0629127219,23.938290700137713,4.723406966737284,0.11931883289124667,2025-02-14,2025-02-10,2025-02-25,2025-02-14,6.444131256700441,0.15764331210191082,0.15764331210191082,0.06369426751592357,0.4843814451159176,0.0,0.0,1.791759469228055,2025-03-04,-0.0002639509019603183,-0.0002232054071092046,-0.00254196075054863,1
2025-02-26,379.4500122070313,415.5,0.0950058944082983,True,-0.001747649000117,0.3962665633971683,False,378.7868667726033,0.0967535434,36.713133227396725,4.783229120392365,0.08410515767757146,2025-02-18,2025-02-10,2025-02-25,2025-02-14,6.444131256700441,0.15764331210191082,0.15764331210191082,0.06369426751592357,0.4843814451159176,0.0,0.0,1.791759469228055,2025-03-05,-0.00020733095682475477,0.0007821665354730638,-0.0017236270506628556,1
2025-02-27,378.75,393.0,0.0376237623762376,True,-0.0018325698859967,0.3106332401037883,False,378.0559141556787,0.0394563323,14.94408584432125,4.737006776199688,0.0065455617179755125,2025-02-19,2025-02-10,2025-02-25,2025-02-14,6.444131256700441,0.15764331210191082,0.15764331210191082,0.06369426751592357,0.4843814451159176,0.0,0.0,1.791759469228055,2025-03-06,-0.0002858168465397059,-0.005139728050947569,-0.007529751203005671,1
2025-02-28,379.0499877929687,390.2000122070313,0.0294157097299594,True,-0.001138167363115,0.2423112225657887,False,378.6185654678736,0.0305538771,11.581446739157684,4.77041759313232,0.027034346451822178,2025-02-20,2025-02-10,2025-02-25,2025-02-14,6.444131256700441,0.15764331210191082,0.15764331210191082,0.06369426751592357,0.4843814451159176,0.0,0.0,1.791759469228055,2025-03-07,0.0003559663763282625,-0.002606205350075943,-0.004646934260044559,1
2025-03-03,392.7000122070313,389.3500061035156,-0.0085307002785361,False,0.0023606819388501,0.2645530389591578,False,393.6270520332347,-0.0108913822,-4.2770459297190655,4.819552126007169,0.032521525939001664,2025-02-21,2025-02-17,2025-03-03,2025-02-21,6.483107351457199,0.03828483920367534,0.03828483920367534,0.05972434915773354,0.4597808240484467,0.0,0.0,0.6931471805599453,2025-03-10,0.003589685591555033,0.005338137867808106,0.0055599057508639235,1
2025-03-04,403.75,399.4500122070313,-0.0106501245646283,False,0.0118689997902279,0.1814797489311233,False,408.5421086653045,-0.0225191244,-9.092096458273204,5.078947893136251,0.12867537209284782,2025-02-24,2025-02-17,2025-03-03,2025-02-21,6.483107351457199,0.03828483920367534,0.03828483920367534,0.05972434915773354,0.4597808240484467,0.0,0.0,0.6931471805599453,2025-03-11,0.012377497665431773,0.021918129986126255,0.027672584231870172,1
2025-03-05,415.5,392.2000122070313,-0.0560769862646659,False,0.0101790805776537,0.1628636914967759,False,419.72940798001514,-0.0662560668,-27.529395772983833,4.913612178499358,0.2785999573115507,2025-02-25,2025-02-17,2025-03-03,2025-02-21,6.483107351457199,0.03828483920367534,0.03828483920367534,0.05972434915773354,0.4597808240484467,0.0,0.0,0.6931471805599453,2025-03-12,0.01081563439032219,0.02172271901461602,0.02695310150605063,1
2025-03-06,393.0,390.6000061035156,-0.0061068546984335,False,0.0093010844134557,0.2798026458615045,False,396.6553261744881,-0.0154079391,-6.055320070972471,4.919523938947665,0.3392654356240878,2025-02-26,2025-02-17,2025-03-03,2025-02-21,6.483107351457199,0.03828483920367534,0.03828483920367534,0.05972434915773354,0.4597808240484467,0.0,0.0,0.6931471805599453,2025-03-13,0.010004169585173864,0.024972208725595385,0.029579840899152134,1
2025-03-07,390.2000122070313,382.1000061035156,-0.0207586003334566,False,0.0069005130122968,0.2312797929709972,False,392.8925924686643,-0.0276591133,-10.79258636514868,4.8695355900538795,0.423173202614379,2025-02-27,2025-02-17,2025-03-03,2025-02-21,6.483107351457199,0.03828483920367534,0.03828483920367534,0.05972434915773354,0.4597808240484467,0.0,0.0,0.6931471805599453,2025-03-14,0.0077855047621157554,0.02680771083425032,0.029962487413222664,1
2025-03-10,389.3500061035156,389.3500061035156,0.0,False,0.0070323251386854,0.2563859738924905,False,392.08804193918473,-0.0070323251,-2.738035835669109,4.8350417379836905,0.459077964519141,2025-02-28,2025-02-24,2025-03-10,2025-02-28,6.56244409369372,0.4724186704384724,0.4724186704384724,0.0014144271570014145,0.4977064510898074,0.0,0.0,0.6931471805599453,2025-03-17,0.007907328644517125,-0.002005391362843102,0.0039038074648793295,1
2025-03-11,399.4500122070313,387.1499938964844,-0.0307923843651604,False,0.0070654457852944,0.241066224367026,False,402.27230461221535,-0.0378578302,-15.122310715730976,4.822180164537144,0.45278166822284466,2025-03-03,2025-02-24,2025-03-10,2025-02-28,6.56244409369372,0.4724186704384724,0.4724186704384724,0.0014144271570014145,0.4977064510898074,0.0,0.0,0.6931471805599453,2025-03-18,0.007937939528872763,-0.002902548415604674,0.003078205695860065,1
2025-03-12,392.2000122070313,394.6000061035156,0.0061193111213302,True,0.0047596294305042,0.2226024369128781,False,394.066738927776,0.0013596817,0.5332671757396383,4.712516918000847,0.2784204085674674,2025-03-04,2025-02-24,2025-03-10,2025-02-28,6.56244409369372,0.4724186704384724,0.4724186704384724,0.0014144271570014145,0.4977064510898074,0.0,0.0,0.6931471805599453,2025-03-19,0.005806849559070003,-0.01647842675845347,-0.011665432714056321,1
2025-03-13,390.6000061035156,392.1499938964844,0.0039682226542463,True,0.0086752362698841,0.3147575403121935,False,393.9885534434818,-0.0047070136,-1.8385595469974303,4.731048684097387,0.2405002405002405,2025-03-05,2025-02-24,2025-03-10,2025-02-28,6.56244409369372,0.4724186704384724,0.4724186704384724,0.0014144271570014145,0.4977064510898074,0.0,0.0,0.6931471805599453,2025-03-20,0.009425745939850008,-0.017493505341305456,-0.010067754325546185,1
2025-03-14,382.1000061035156,391.3999938964844,0.0243391458895954,True,0.0064957209602937,0.0007529982878612,False,384.5820211220906,0.0178434249,6.817972774393752,4.795858627421919,0.16282006032006033,2025-03-06,2025-02-24,2025-03-10,2025-02-28,6.56244409369372,0.4724186704384724,0.4724186704384724,0.0014144271570014145,0.4977064510898074,0.0,0.0,0.6931471805599453,2025-03-21,0.007411386380967325,-0.01834562485958344,-0.012663373382038512,1
2025-03-17,389.3500061035156,393.3999938964844,0.0104019204558378,True,-0.0035409180091233,0.0005656577024902,False,387.97134965505137,0.0139428385,5.428644241433005,4.811686091533663,0.17344277094277094,2025-03-07,2025-03-03,2025-03-17,2025-03-07,6.511745329644728,0.22767857142857142,0.22767857142857142,0.013392857142857142,0.4837533959916875,0.0,0.0,1.791759469228055,2025-03-24,-0.0018647125563230295,0.0005013516882780484,-0.002294800261664251,1
2025-03-18,387.1499938964844,398.5499877929687,0.0294459358806871,True,-0.0049174793680607,0.0008154728039475,False,385.2461917891536,0.0343634152,13.303796003815137,4.835324682679206,0.17732678653731285,2025-03-10,2025-03-03,2025-03-17,2025-03-07,6.511745329644728,0.22767857142857142,0.22767857142857142,0.013392857142857142,0.4837533959916875,0.0,0.0,1.791759469228055,2025-03-25,-0.003136963097332168,0.0017727006146684601,-0.0020571975997298827,1
2025-03-19,394.6000061035156,392.0,-0.0065889662019761,False,-0.0058280815962971,0.0009840225883668,False,392.300245070045,-0.0007608846,-0.3002450700449799,4.896755517852125,0.31338739259791887,2025-03-11,2025-03-03,2025-03-17,2025-03-07,6.511745329644728,0.22767857142857142,0.22767857142857142,0.013392857142857142,0.4837533959916875,0.0,0.0,1.791759469228055,2025-03-26,-0.003978563197462954,0.011262777286035374,0.006578283787372068,1
2025-03-20,392.1499938964844,378.7999877929687,-0.0340431118482681,False,-0.0052972145014844,0.0008576029293532,False,390.07269126205887,-0.0287458973,-11.272703469090176,4.90199599233093,0.31964515657307413,2025-03-12,2025-03-03,2025-03-17,2025-03-07,6.511745329644728,0.22767857142857142,0.22767857142857142,0.013392857142857142,0.4837533959916875,0.0,0.0,1.791759469228055,2025-03-27,-0.003487923282144715,0.011809653396747086,0.007469315436932309,1
2025-03-21,391.3999938964844,379.9500122070313,-0.0292539138170792,False,-0.0045382296976878,0.001467403862594,False,389.62373082050846,-0.0247156841,-9.67371861347715,4.907282643744561,0.3805270911392193,2025-03-13,2025-03-03,2025-03-17,2025-03-07,6.511745329644728,0.22767857142857142,0.22767857142857142,0.013392857142857142,0.4837533959916875,0.0,0.0,1.791759469228055,2025-03-28,-0.002786451588944404,0.015041197082265246,0.011202785521500192,1
2025-03-24,393.3999938964844,379.75,-0.0346974939203382,False,-0.0048160391550535,0.0017539302038789,False,391.5053641222811,-0.0298814548,-11.755364122281094,4.907282643744561,0.3563512669633951,2025-03-14,2025-03-10,2025-03-24,2025-03-14,6.61338421837956,0.3736559139784946,0.3736559139784946,0.012096774193548387,0.5078580631878518,0.0,0.0,0.0,2025-03-31,-0.0030432096550750687,0.009074425366729132,0.005697734391387146,1
2025-03-25,398.5499877929687,389.0499877929687,-0.0238364077053613,False,-0.0068493101299873,0.0013261883705481,False,395.820195324272,-0.0169870976,-6.770207531303299,4.957472656381173,0.38745067468987243,2025-03-17,2025-03-10,2025-03-24,2025-03-14,6.61338421837956,0.3736559139784946,0.3736559139784946,0.012096774193548387,0.5078580631878518,0.0,0.0,0.0,2025-04-01,-0.00492240674359028,0.012896067848054466,0.007934962936945648,1
2025-03-26,392.0,388.8500061035156,-0.0080356987155213,False,-0.0072355231672493,0.0011499142554073,False,389.16367491843823,-0.0008001755,-0.3136688149226074,4.968720600045747,0.34025907364000363,2025-03-18,2025-03-10,2025-03-24,2025-03-14,6.61338421837956,0.3736559139784946,0.3736559139784946,0.012096774193548387,0.5078580631878518,0.0,0.0,0.0,2025-04-02,-0.005279353960226272,0.011092704876681955,0.0058226005146027,1
2025-03-27,378.7999877929687,385.25,0.0170274878956873,True,-0.0061402853657372,0.0006160658659463,False,376.4740477713821,0.0231677733,8.775952228617882,4.99905751751216,0.4937827595582386,2025-03-19,2025-03-10,2025-03-24,2025-03-14,6.61338421837956,0.3736559139784946,0.3736559139784946,0.012096774193548387,0.5078580631878518,0.0,0.0,0.0,2025-04-03,-0.004267109299673661,0.020018963694200774,0.01538845966321682,1
2025-03-28,379.9500122070313,365.7000122070313,-0.0375049336548917,False,-0.0018364171520786,0.0848862798804278,False,379.2522654876818,-0.0356685165,-13.552253280650518,4.978949271667785,0.40531401488101154,2025-03-20,2025-03-10,2025-03-24,2025-03-14,6.61338421837956,0.3736559139784946,0.3736559139784946,0.012096774193548387,0.5078580631878518,0.0,0.0,0.0,2025-04-04,-0.0002893725807772856,0.014755100180139626,0.013149394377408802,1
2025-03-31,379.75,344.79998779296875,-0.0920342651929723,False,-0.0021500844101232,0.0772091407845456,False,378.93350544525566,-0.0898841808,-34.13351765228691,4.989533751958653,0.38612903319602987,2025-03-21,2025-03-17,2025-03-31,2025-03-21,6.747586526829315,0.46533490011750883,0.46533490011750883,0.036427732079905996,0.5013585816062246,0.0,0.0,1.0986122886681098,2025-04-07,-0.0005792712737437526,0.0028404895263451162,0.002560624196678288,1
2025-04-01,389.0499877929687,342.8999938964844,-0.1186222730870327,False,-0.0025230278467989,0.0728997752535285,False,388.06840383997024,-0.1160992452,-45.16840994348587,4.9243707635292076,0.3507043175188247,2025-03-24,2025-03-17,2025-03-31,2025-03-21,6.747586526829315,0.46533490011750883,0.46533490011750883,0.036427732079905996,0.5013585816062246,0.0,0.0,1.0986122886681098,2025-04-08,-0.0009239544119096577,-0.0018780360992991852,-0.0021661963612899867,1
2025-04-02,388.8500061035156,341.70001220703125,-0.1212549650415398,False,-0.002342326561884,0.1727075169002517,False,387.9391924056306,-0.1189126385,-46.23918019859934,4.880910508391212,0.32377827150986993,2025-03-25,2025-03-17,2025-03-31,2025-03-21,6.747586526829315,0.46533490011750883,0.46533490011750883,0.036427732079905996,0.5013585816062246,0.0,0.0,1.0986122886681098,2025-04-09,-0.0007569460137722209,-0.005187085437439867,-0.005186458259280361,1
2025-04-03,385.25,342.8500061035156,-0.1100583877910041,False,-0.0011817988560746,0.1236843527569518,False,384.7947119906973,-0.1088765889,-41.94470588718161,4.822879656071779,0.1592111073307654,2025-03-26,2025-03-17,2025-03-31,2025-03-21,6.747586526829315,0.46533490011750883,0.46533490011750883,0.036427732079905996,0.5013585816062246,0.0,0.0,1.0986122886681098,2025-04-10,0.00031564111936642405,-0.01592167439990793,-0.014908878035268242,1
2025-04-04,365.7000122070313,357.70001220703125,-0.0218758537953536,False,0.0001125133694272,0.2497899225420893,False,365.7411583476043,-0.0219883672,-8.041146140573062,4.754814494884338,0.3642383715946303,2025-03-27,2025-03-17,2025-03-31,2025-03-21,6.747586526829315,0.46533490011750883,0.46533490011750883,0.036427732079905996,0.5013585816062246,0.0,0.0,1.0986122886681098,2025-04-11,0.0015118750674125365,-0.008964432411714901,-0.0067989880807605065,1
2025-04-07,344.79998779296875,360.3999938964844,0.0452436387929411,True,0.0044327969678867,0.3409424656443239,False,346.32841613338485,0.0408108418,14.071577763099526,4.711214064521579,0.3792275490838078,2025-03-28,2025-03-24,2025-04-07,2025-03-28,6.453624998892692,0.35962145110410093,0.35962145110410093,0.014195583596214511,0.5251817090607102,0.0,0.0,0.0,2025-04-14,0.005504783272896287,0.007028289318958545,0.009246966827563487,1
2025-04-08,342.8999938964844,369.3999938964844,0.0772820077914608,True,0.003314997905845,0.2698859687416455,False,344.03670665816554,0.0739670099,25.363287238318833,4.666231684847389,0.30796513773629003,2025-03-31,2025-03-24,2025-04-07,2025-03-28,6.453624998892692,0.35962145110410093,0.35962145110410093,0.014195583596214511,0.5251817090607102,0.0,0.0,0.0,2025-04-15,0.004471686962158763,0.0014723286452144198,0.0030941043956064372,1
2025-04-09,341.70001220703125,376.0499877929687,0.1005267028352496,True,0.0024897244984517,0.3157529366420404,False,342.5507510985443,0.0980369783,33.49923669442438,4.6458057858321125,0.29048858189656285,2025-04-01,2025-03-24,2025-04-07,2025-03-28,6.453624998892692,0.35962145110410093,0.35962145110410093,0.014195583596214511,0.5251817090607102,0.0,0.0,0.0,2025-04-16,0.0037089497748770675,-0.0003196768345648561,0.0008136698548848707,1
2025-04-10,342.8500061035156,375.5,0.095231131151348,True,0.0026171076882495,0.3070109594998941,False,343.74728149040556,0.0926140235,31.752718509594445,4.629301581094512,0.3358798862443889,2025-04-02,2025-03-24,2025-04-07,2025-03-28,6.453624998892692,0.35962145110410093,0.35962145110410093,0.014195583596214511,0.5251817090607102,0.0,0.0,0.0,2025-04-17,0.003826680329409574,0.001154991613026317,0.0024398734663471154,1
2025-04-11,357.70001220703125,366.7999877929687,0.0254402439904601,True,0.002345939905983,0.347836872928729,False,358.5391549400384,0.0230943041,8.26083285293032,4.666215836400106,0.13407415772633163,2025-04-03,2025-03-24,2025-04-07,2025-03-28,6.453624998892692,0.35962145110410093,0.35962145110410093,0.014195583596214511,0.5251817090607102,0.0,0.0,0.0,2025-04-21,0.0035760606563721795,-0.007068066120663012,-0.006115544510110255,1
2025-04-14,360.3999938964844,377.6499938964844,0.0478634858272351,True,0.0018913109935975,0.4815900841900989,False,361.08162236703333,0.0459721748,16.568371529451042,4.678642192621507,0.08504026478999968,2025-04-04,2025-03-31,2025-04-14,2025-04-04,6.363028103540465,0.07426597582037997,0.07426597582037997,0.04835924006908463,0.482358221065497,0.0,0.0,0.6931471805599453,2025-04-22,0.0031558818710346838,0.004337977732611487,0.0037248721835732436,1
2025-04-15,369.3999938964844,392.3999938964844,0.0622631304277856,True,0.0012617393571509,0.3932460913151266,False,369.86608040731494,0.0610013911,22.533913489169436,4.7644001487564225,0.17797282741042358,2025-04-07,2025-03-31,2025-04-14,2025-04-04,6.363028103540465,0.07426597582037997,0.07426597582037997,0.04835924006908463,0.482358221065497,0.0,0.0,0.6931471805599453,2025-04-23,0.0025740168855962683,0.012822147652274008,0.011453157542733539,1
2025-04-16,376.0499877929687,408.0,0.0849621413220764,True,0.0015636854320336,0.417506283285054,False,376.63801168059706,0.0833984559,31.36198831940294,4.847632228201404,0.3090908398327838,2025-04-08,2025-03-31,2025-04-14,2025-04-04,6.363028103540465,0.07426597582037997,0.07426597582037997,0.04835924006908463,0.482358221065497,0.0,0.0,0.6931471805599453,2025-04-24,0.0028530825840709347,0.023066112419166257,0.021590585367689683,1
2025-04-17,375.5,408.25,0.0872170439414115,True,0.0013250561197049,0.3698605638648371,False,375.9975585729492,0.0858919878,32.252441427050826,4.911518382354676,0.38500662209913095,2025-04-09,2025-03-31,2025-04-14,2025-04-04,6.363028103540465,0.07426597582037997,0.07426597582037997,0.04835924006908463,0.482358221065497,0.0,0.0,0.6931471805599453,2025-04-25,0.002632535733950733,0.029714758550092178,0.02783426046893182,1
2025-04-21,366.7999877929687,421.5499877929687,0.1492639090023697,True,-7.315529193454669e-05,0.3810417120377425,False,366.77315443278013,0.1493370643,54.77683336018856,5.026310115013642,0.5538832868356682,2025-04-10,2025-03-31,2025-04-14,2025-04-04,6.363028103540465,0.07426597582037997,0.07426597582037997,0.04835924006908463,0.482358221065497,0.0,0.0,0.6931471805599453,2025-04-28,0.001340275702566013,0.043255734172562656,0.03998386925620323,1
2025-04-22,377.6499938964844,412.6499938964844,0.0926784074292708,True,-0.0012521746633393,0.3747043612569996,False,377.17711014251694,0.0939305821,35.47288375396744,5.122109953444505,0.6234229897514945,2025-04-11,2025-04-07,2025-04-22,2025-04-11,6.806829360392176,0.5980066445182725,0.5980066445182725,0.01107419712070875,0.5383582693565945,0.0,0.0,0.0,2025-04-29,0.00025059813505980046,0.020170311074937795,0.02006393149768942,1
2025-04-23,392.3999938964844,413.6000061035156,0.0540265355167763,True,-0.0014637533385387,0.3945304219350785,False,391.82561709537583,0.0554902889,21.774389008139792,5.083443359619103,0.5721746376573863,2025-04-14,2025-04-07,2025-04-22,2025-04-11,6.806829360392176,0.5980066445182725,0.5980066445182725,0.01107419712070875,0.5383582693565945,0.0,0.0,0.0,2025-04-30,5.505212307801641e-05,0.015885945479181974,0.015780447947365096,1
2025-04-24,408.0,395.7000122070313,-0.030147028904335,False,-0.001817816893818,0.279999341434227,False,407.2583307073222,-0.028329212,-11.558318500290907,4.977459503102789,0.4363906655319508,2025-04-15,2025-04-07,2025-04-22,2025-04-11,6.806829360392176,0.5980066445182725,0.5980066445182725,0.01107419712070875,0.5383582693565945,0.0,0.0,0.0,2025-05-01,-0.0002721817825020638,0.0043727705853623886,0.0044246744387615635,1
2025-04-25,408.25,395.3999938964844,-0.0314758263405159,False,-0.0023527850085643,0.1438148831999036,False,407.2894755202536,-0.0291230413,-11.8894816237692,4.939741269141279,0.3673692932034919,2025-04-16,2025-04-07,2025-04-22,2025-04-11,6.806829360392176,0.5980066445182725,0.5980066445182725,0.01107419712070875,0.5383582693565945,0.0,0.0,0.0,2025-05-02,-0.0007666119573647382,-0.0007410631631841551,-0.0009141082324066502,1
2025-04-28,421.5499877929687,398.9500122070313,-0.0536116148508505,False,-0.0024028010185023,0.1851344449741469,False,420.5370870529501,-0.0512088138,-21.587074845918774,4.848256299733504,0.22526030523463128,2025-04-17,2025-04-14,2025-04-28,2025-04-17,6.349138991379798,0.2171628721541156,0.2171628721541156,0.008756567425569177,0.4693854296293667,0.0,0.0,0.0,2025-05-05,-0.0008128379358070346,0.0030285331003220527,0.0002956591341147035,1
2025-04-29,412.6499938964844,401.1000061035156,-0.0279897927149034,False,-0.002159442761952,0.2079667408669011,False,411.7588998539451,-0.02583035,-10.658893750429456,5.048119113270671,0.23222399545191003,2025-04-21,2025-04-14,2025-04-28,2025-04-17,6.349138991379798,0.2171628721541156,0.2171628721541156,0.008756567425569177,0.4693854296293667,0.0,0.0,0.0,2025-05-06,-0.0005879204836753277,0.012506984345319409,0.009179289331042893,1
2025-04-30,413.6000061035156,396.2000122070313,-0.0420696171172915,False,-0.0016035157672692,0.1503327624063588,False,412.936791972386,-0.0404661014,-16.736779765354697,4.921696855275956,0.28454419993663177,2025-04-22,2025-04-14,2025-04-28,2025-04-17,6.349138991379798,0.2171628721541156,0.2171628721541156,0.008756567425569177,0.4693854296293667,0.0,0.0,0.0,2025-05-07,-7.411961664188088e-05,0.009297165360015493,0.006834004302360218,1
2025-05-01,395.7000122070313,397.7999877929687,0.0053069889339267,True,-0.0015267153291938,0.1228915977508568,False,395.09589093263264,0.0068337043,2.704096860336051,5.029094145236887,0.4121518802687542,2025-04-23,2025-04-14,2025-04-28,2025-04-17,6.349138991379798,0.2171628721541156,0.2171628721541156,0.008756567425569177,0.4693854296293667,0.0,0.0,0.0,2025-05-08,-3.138836702952768e-06,0.020473421281524535,0.01765715136049888,1
2025-05-02,395.3999938964844,397.1499938964844,0.0044258978933069,True,-0.0009390568096394,0.1127215014224993,False,395.0286908396845,0.0053649547,2.1213030567998885,5.009275964708041,0.449445113351461,2025-04-24,2025-04-14,2025-04-28,2025-04-17,6.349138991379798,0.2171628721541156,0.2171628721541156,0.008756567425569177,0.4693854296293667,0.0,0.0,0.0,2025-05-09,0.0005399890555465017,0.021398904738899736,0.019062129683987235,1
2025-05-05,398.9500122070313,382.4500122070313,-0.0413585649708853,False,-0.0011623334586951,0.1311987610302916,False,398.48629925949626,-0.0401962315,-16.036287052464957,5.007265897537341,0.4945698299047489,2025-04-25,2025-04-21,2025-05-05,2025-04-25,6.744059186311348,0.4634433962264151,0.4634433962264151,0.014150943396226415,0.5016509726894713,0.0,0.0,0.6931471805599453,2025-05-12,0.0003336314996616719,0.009891036796763179,0.010221839322786216,1
2025-05-06,401.1000061035156,384.8500061035156,-0.0405135870175135,False,-0.0033926895485171,0.0946040042887665,False,399.739198304898,-0.0371208975,-14.8891922013824,4.940739205474531,0.5006367932444397,2025-04-28,2025-04-21,2025-05-05,2025-04-25,6.744059186311348,0.4634433962264151,0.4634433962264151,0.014150943396226415,0.5016509726894713,0.0,0.0,0.6931471805599453,2025-05-13,0.0035953303301039232,0.003990945339992377,0.0033600952367541384,2
2025-05-07,396.2000122070313,373.9500122070313,-0.0561585040748898,False,-0.0030881157272777,0.2382373640150728,False,394.97650071818714,-0.0530703883,-21.026488511155833,4.86484128113355,0.4071242876185154,2025-04-29,2025-04-21,2025-05-05,2025-04-25,6.744059186311348,0.4634433962264151,0.4634433962264151,0.014150943396226415,0.5016509726894713,0.0,0.0,0.6931471805599453,2025-05-14,0.0038053165381894127,-0.004225777679023572,-0.00456970329022541,2
2025-05-08,397.7999877929687,384.9500122070313,-0.0323026042741485,False,-0.0035708080968626,0.2516836181843943,False,396.3795203756257,-0.0287317962,-11.429508168594396,4.794709906810917,0.24628182039306937,2025-04-30,2025-04-21,2025-05-05,2025-04-25,6.744059186311348,0.4634433962264151,0.4634433962264151,0.014150943396226415,0.5016509726894713,0.0,0.0,0.6931471805599453,2025-05-15,0.0034725277911182616,-0.016391676418211657,-0.016839635231432785,2
2025-05-09,397.1499938964844,376.25,-0.0526249382290859,False,-0.0034434295249354,0.2498993403157794,False,395.7824358816733,-0.0491815087,-19.53243588167328,4.788360167148001,0.22600722085073527,2025-05-01,2025-04-21,2025-05-05,2025-04-25,6.744059186311348,0.4634433962264151,0.4634433962264151,0.014150943396226415,0.5016509726894713,0.0,0.0,0.6931471805599453,2025-05-16,0.003560348022028105,-0.017844133281376268,-0.018232126889233424,2
2025-05-12,382.4500122070313,376.1499938964844,-0.0164727888860324,False,-0.0009170126521022,0.2868301154527056,False,382.0993007070408,-0.0155557762,-5.949306810556436,4.750680046573934,0.1808825042974473,2025-05-02,2025-04-28,2025-05-12,2025-05-02,6.455198563340122,0.231496062992126,0.231496062992126,0.012598425196850394,0.4969396497868347,0.0,0.0,0.0,2025-05-19,0.005302167778600195,0.00987777491508146,0.009487943939593728,2
2025-05-13,384.8500061035156,369.2999877929687,-0.0404053996724228,False,-0.0009028199881735,0.2880675430345676,False,384.5025558255566,-0.0395025797,-15.202568032587976,4.80706372012094,0.1913061386341251,2025-05-05,2025-04-28,2025-05-12,2025-05-02,6.455198563340122,0.231496062992126,0.231496062992126,0.012598425196850394,0.4969396497868347,0.0,0.0,0.0,2025-05-20,0.005311952807624987,0.012353964666623763,0.011818253477060864,2
2025-05-14,373.9500122070313,370.2999877929687,-0.0097607281586123,False,0.0003317721457336,0.2334736421787657,False,374.0740784049784,-0.0100925003,-3.774090612009672,4.867937518368299,0.24833803877282135,2025-05-06,2025-04-28,2025-05-12,2025-05-02,6.455198563340122,0.231496062992126,0.231496062992126,0.012598425196850394,0.4969396497868347,0.0,0.0,0.0,2025-05-21,0.006163133384065769,0.017840072935812266,0.017692630723632488,2
2025-05-15,384.9500122070313,360.75,-0.0628653368999406,False,-0.0002515145573965,0.1931665863552893,False,384.8531916750912,-0.0626138223,-24.10319167509124,4.946345935923503,0.37334319234940355,2025-05-07,2025-04-28,2025-05-12,2025-05-02,6.455198563340122,0.231496062992126,0.231496062992126,0.012598425196850394,0.4969396497868347,0.0,0.0,0.0,2025-05-22,0.0057609906046287174,0.028073520104324578,0.027532233164931873,2
2025-05-16,376.25,361.0,-0.040531561461794,False,0.0007553625663471,0.3225925734834322,False,376.53420516558816,-0.041286924,-15.534205165588162,4.9870657269717515,0.31920698611623693,2025-05-08,2025-04-28,2025-05-12,2025-05-02,6.455198563340122,0.231496062992126,0.231496062992126,0.012598425196850394,0.4969396497868347,0.0,0.0,0.0,2025-05-23,0.006455174721840664,0.02607300695774432,0.025813729388593824,2
2025-05-19,376.1499938964844,361.7000122070313,-0.0384154776656188,False,-0.0001211803787566,0.2485688778973559,False,376.1044118977547,-0.0382942973,-14.40439969072338,5.034600057347175,0.3183439871949856,2025-05-09,2025-05-05,2025-05-19,2025-05-09,6.744059186311348,0.3632075471698113,0.3632075471698113,0.015330188679245283,0.4728646948791344,0.0,0.0,0.0,2025-05-27,0.005850848557111828,0.004689717688930124,0.005052302847500459,2
2025-05-20,369.2999877929687,351.95001220703125,-0.0469807098820266,False,0.000970222532329,0.2093433689548414,False,369.6582909623143,-0.0479509324,-17.70827875528306,5.001346824139044,0.26926914105641103,2025-05-12,2025-05-05,2025-05-19,2025-05-09,6.744059186311348,0.3632075471698113,0.3632075471698113,0.015330188679245283,0.4728646948791344,0.0,0.0,0.0,2025-05-28,0.006603308364260487,0.0005917791469440313,0.001482745102069063,2
2025-05-21,370.2999877929687,348.3999938964844,-0.0591412223019797,False,0.0008439469524708,0.2564887714661096,False,370.61250133916656,-0.0599851693,-22.21250744268218,4.932628883261028,0.19631098809825806,2025-05-13,2025-05-05,2025-05-19,2025-05-09,6.744059186311348,0.3632075471698113,0.3632075471698113,0.015330188679245283,0.4728646948791344,0.0,0.0,0.0,2025-05-29,0.006516248583218512,-0.006128267256685287,-0.0051415876433870975,2
2025-05-22,360.75,342.45001220703125,-0.0507276168897262,False,0.0020124242839352,0.2332751064403691,False,361.47598206042966,-0.0527400412,-19.025969853398408,4.843961806828314,0.07682915281095166,2025-05-14,2025-05-05,2025-05-19,2025-05-09,6.744059186311348,0.3632075471698113,0.3632075471698113,0.015330188679245283,0.4728646948791344,0.0,0.0,0.0,2025-05-30,0.007321846789491139,-0.016356348460895665,-0.014694869510958716,2
2025-05-23,361.0,344.45001220703125,-0.0458448415317693,False,-0.004580096381508,0.0196563022576027,False,359.34658520627556,-0.0412647452,-14.896572999244311,4.760219739856677,0.028850200407220493,2025-05-15,2025-05-05,2025-05-19,2025-05-09,6.744059186311348,0.3632075471698113,0.3632075471698113,0.015330188679245283,0.4728646948791344,0.0,0.0,0.0,2025-06-02,0.002776681316541546,-0.022030764154925376,-0.022967099115945265,2
2025-05-27,361.7000122070313,340.8500061035156,-0.0576444716611772,False,-0.0044787074584012,0.0198337808481417,False,360.0800636646558,-0.0531657642,-19.2300575611402,4.715109681587721,0.00017390393551791755,2025-05-16,2025-05-12,2025-05-27,2025-05-16,6.464588303689961,0.062402496099843996,0.062402496099843996,0.0171606864274571,0.4608191301183708,0.0,0.0,1.3862943611198906,2025-06-03,0.0028465831729073752,-0.0047871460379415465,-0.006784206617424913,2
2025-05-28,351.95001220703125,346.1499938964844,-0.0164796650358831,False,-0.004274135768422,0.016817889807165,False,350.44573007116065,-0.0122055293,-4.2957361746762786,4.628479974216406,-0.010295763383464473,2025-05-19,2025-05-12,2025-05-27,2025-05-16,6.464588303689961,0.062402496099843996,0.062402496099843996,0.0171606864274571,0.4608191301183708,0.0,0.0,1.3862943611198906,2025-06-04,0.0029876236381895425,-0.008250912250922563,-0.009924258415895833,2
2025-05-29,348.3999938964844,359.75,0.0325775152191532,True,-0.0035576697982132,0.0154830580258629,False,347.1605017605012,0.036135185,12.589498239498823,4.605173210965215,0.10435070126300017,2025-05-20,2025-05-12,2025-05-27,2025-05-16,6.464588303689961,0.062402496099843996,0.062402496099843996,0.0171606864274571,0.4608191301183708,0.0,0.0,1.3862943611198906,2025-06-05,0.0034815858956620325,-0.001965564205118949,-0.003200832712695347,2
2025-05-30,342.45001220703125,358.04998779296875,0.0455540225722239,True,0.0041065475022694,0.2403996447909789,False,343.8562994493122,0.0414474751,14.19368834365656,4.546933808053369,0.03784614199248345,2025-05-21,2025-05-12,2025-05-27,2025-05-16,6.464588303689961,0.062402496099843996,0.062402496099843996,0.0171606864274571,0.4608191301183708,0.0,0.0,1.3862943611198906,2025-06-06,0.008765624826921805,-0.007947926093648382,-0.005799293180524767,2
2025-06-02,344.45001220703125,361.5499877929687,0.0496442879370824,True,0.0037536444339499,0.2461944074595733,False,345.74295507812616,0.0458906435,15.807032714842537,4.6180019522384885,0.09771355657687916,2025-05-22,2025-05-12,2025-05-27,2025-05-16,6.464588303689961,0.062402496099843996,0.062402496099843996,0.0171606864274571,0.4608191301183708,0.0,0.0,1.3862943611198906,2025-06-09,0.008522318370586876,-0.0019556899238260808,-0.00012094400194862312,2
2025-06-03,340.8500061035156,355.04998779296875,0.0416605000298595,True,0.0042647451292847,0.256277935606942,False,342.30364450686227,0.0373957549,12.74634328610648,4.559660707688188,0.032899482206627265,2025-05-23,2025-05-19,2025-06-03,2025-05-23,6.244166900663736,0.09727626459143969,0.09727626459143969,0.07782101167315175,0.5082931733135139,0.0,0.0,2.0794415416798357,2025-06-10,0.008874693031437498,-0.0015579450612313271,-0.00028482206448523454,2
2025-06-04,346.1499938964844,350.6499938964844,0.0130001446752754,True,0.0036595014896343,0.1565804759919222,False,347.41673031478547,0.0093406432,3.233263581698907,4.63792682712284,-0.01710051779337274,2025-05-27,2025-05-19,2025-06-03,2025-05-23,6.244166900663736,0.09727626459143969,0.09727626459143969,0.07782101167315175,0.5082931733135139,0.0,0.0,2.0794415416798357,2025-06-11,0.008457412201650914,-0.002081888750561506,-0.0013153095452817657,2
2025-06-05,359.75,347.79998779296875,-0.033217546093207,False,-0.0001561873725364,0.1091474208642207,False,359.69381159272996,-0.0330613587,-11.893823799761208,4.640161487242464,-0.14636507346242278,2025-05-28,2025-05-19,2025-06-03,2025-05-23,6.244166900663736,0.09727626459143969,0.09727626459143969,0.07782101167315175,0.5082931733135139,0.0,0.0,2.0794415416798357,2025-06-12,0.0058267132396036475,-0.009951473107689821,-0.010890830261604454,2
2025-06-06,358.04998779296875,349.70001220703125,-0.0233206978651416,False,-0.000687078708902,0.1522317036083953,False,357.80397926963354,-0.0226336192,-8.103967062602294,4.651123134541463,-0.04219518929253861,2025-05-29,2025-05-19,2025-06-03,2025-05-23,6.244166900663736,0.09727626459143969,0.09727626459143969,0.07782101167315175,0.5082931733135139,0.0,0.0,2.0794415416798357,2025-06-13,0.005460694065088891,-0.0031941242681887364,-0.0043282747564863415,2
2025-06-09,361.5499877929687,343.95001220703125,-0.048679231586686,False,-0.0007808900430177,0.149047086285787,False,361.267657007448,-0.0478983415,-17.31764480041676,4.548333984321017,-0.081727983542314,2025-05-30,2025-05-26,2025-06-09,2025-05-30,6.2285110035911835,-0.05533596837944664,0.05533596837944664,0.04743083003952569,0.4813789402014564,0.0,0.0,1.3862943611198906,2025-06-16,0.005396016522395841,-0.00025918388345175583,-0.00102241459060498,2
2025-06-10,355.04998779296875,335.8500061035156,-0.0540768408662746,False,0.0007280169736531,0.114653593050182,False,355.3084702105774,-0.0548048578,-19.458464107061783,4.81482421014083,0.04595871955422518,2025-06-02,2025-05-26,2025-06-09,2025-05-30,6.2285110035911835,-0.05533596837944664,0.05533596837944664,0.04743083003952569,0.4813789402014564,0.0,0.0,1.3862943611198906,2025-06-17,0.006436321501644993,0.01626257772067609,0.01546964925945506,2
2025-06-11,350.6499938964844,324.8999938964844,-0.0734350504725851,False,0.002692255742879,0.1703843122695711,False,351.5940333562927,-0.0761273062,-26.694039459808323,4.602095471974758,0.17363729098279662,2025-06-03,2025-05-26,2025-06-09,2025-05-30,6.2285110035911835,-0.05533596837944664,0.05533596837944664,0.04743083003952569,0.4813789402014564,0.0,0.0,1.3862943611198906,2025-06-18,0.0077905516493504716,0.017181464953091287,0.017896220449534816,2
2025-06-12,347.79998779296875,319.04998779296875,-0.0826624525850003,False,0.0028063212214937,0.1589233755632657,False,348.7760262795474,-0.0854687738,-29.72603848657866,4.617075733609381,0.2504397254397254,2025-06-04,2025-05-26,2025-06-09,2025-05-30,6.2285110035911835,-0.05533596837944664,0.05533596837944664,0.04743083003952569,0.4813789402014564,0.0,0.0,1.3862943611198906,2025-06-20,0.00786919326480609,0.022388126414069304,0.023154931799220915,2
2025-06-13,349.70001220703125,330.29998779296875,-0.0554761902684097,False,-0.0049625288133156,0.2540454202261177,False,347.964615820437,-0.0505136615,-17.664628027468268,4.668520306602796,0.22341269841269842,2025-06-05,2025-05-26,2025-06-09,2025-05-30,6.2285110035911835,-0.05533596837944664,0.05533596837944664,0.04743083003952569,0.4813789402014564,0.0,0.0,1.3862943611198906,2025-06-23,0.002513016055103766,0.02240244623451682,0.01970444250448572,2
2025-06-16,343.95001220703125,315.3500061035156,-0.0831516356693734,False,-0.0055602743239409,0.1679763783251387,False,342.03755578543735,-0.0775913613,-26.687549681921723,4.761738252587715,0.3208195819581958,2025-06-06,2025-06-02,2025-06-16,2025-06-06,6.436150368369428,0.3130016051364366,0.3130016051364366,0.004815409309791332,0.4960696708554963,0.0,0.0,0.0,2025-06-24,0.0021009047558937406,0.010277269327139248,0.008321596635194432,2
2025-06-17,335.8500061035156,308.6499938964844,-0.0809885714238982,False,-0.0043095809357687,0.2664349656236807,False,334.4026333199341,-0.0766789905,-25.75263942344975,4.75035662613334,0.24173461463793436,2025-06-09,2025-06-02,2025-06-16,2025-06-06,6.436150368369428,0.3130016051364366,0.3130016051364366,0.004815409309791332,0.4960696708554963,0.0,0.0,0.0,2025-06-25,0.002963186225099338,0.005047527383132453,0.003608871223809645,2
2025-06-18,324.8999938964844,309.5,-0.0473991818583749,False,-0.0042117928267039,0.4152520784573441,False,323.531582432795,-0.043187389,-14.031582432795004,4.70156109848993,0.13015128130460105,2025-06-10,2025-06-02,2025-06-16,2025-06-06,6.436150368369428,0.3130016051364366,0.3130016051364366,0.004815409309791332,0.4960696708554963,0.0,0.0,0.0,2025-06-26,0.0030306055263866526,-0.00339711507798187,-0.004723512405714613,2
2025-06-20,319.04998779296875,309.8999938964844,-0.0286788724230316,False,-0.0044563314135836,0.2486593875090702,False,317.6281953098635,-0.024222541,-7.728201413379111,4.707652939986871,0.11645178635510609,2025-06-11,2025-06-02,2025-06-16,2025-06-06,6.436150368369428,0.3130016051364366,0.3130016051364366,0.004815409309791332,0.4960696708554963,0.0,0.0,0.0,2025-06-27,0.002862010174427331,-0.0040405088779782265,-0.0054961259867055195,2
2025-06-23,330.29998779296875,306.75,-0.0712987849328344,False,-0.0042874422098618,0.3083935703181251,False,328.8838456833883,-0.0670113427,-22.1338456833883,4.694882645589564,0.12311845302177275,2025-06-12,2025-06-02,2025-06-16,2025-06-06,6.436150368369428,0.3130016051364366,0.3130016051364366,0.004815409309791332,0.4960696708554963,0.0,0.0,0.0,2025-06-30,0.0029784496088206196,-0.0040466663453821924,-0.005390685297077465,2
2025-06-24,315.3500061035156,298.8500061035156,-0.0523228149061261,False,-0.0036836605924358,0.1615136074097402,False,314.1883637132077,-0.0486391543,-15.338357609692082,4.604765536911838,-0.03693724004753418,2025-06-13,2025-06-09,2025-06-24,2025-06-13,6.309918278226516,-0.04189435336976321,0.04189435336976321,0.056466302367941715,0.5112770200317299,0.0,0.0,1.0986122886681098,2025-07-01,0.0033947224580073306,0.013107777299066797,0.010530963638146335,2
2025-06-25,308.6499938964844,297.95001220703125,-0.0346670400163419,False,-0.0039903587861729,0.1370296753551719,False,307.4183696814873,-0.0306766812,-9.46835747445607,4.325696697583877,0.1865921717171717,2025-06-16,2025-06-09,2025-06-24,2025-06-13,6.309918278226516,-0.04189435336976321,0.04189435336976321,0.056466302367941715,0.5112770200317299,0.0,0.0,1.0986122886681098,2025-07-02,0.003183271616738537,0.017756085867782406,0.015963840031234654,2
2025-06-26,309.5,292.6499938964844,-0.0544426691551392,False,-0.0036904254354572,0.1415669814923899,False,308.35781332772603,-0.0507522437,-15.70781943124166,4.249798773242896,0.39192550505050505,2025-06-17,2025-06-09,2025-06-24,2025-06-13,6.309918278226516,-0.04189435336976321,0.04189435336976321,0.056466302367941715,0.5112770200317299,0.0,0.0,1.0986122886681098,2025-07-03,0.0033900584861381237,0.027901204760109096,0.02657109177770912,2
2025-06-27,309.8999938964844,292.6499938964844,-0.0556631182308509,False,-0.0021122678787145,0.5950646903485933,True,309.245402093763,-0.0535508504,-16.59540819727863,4.009004212377708,0.5397485632183908,2025-06-18,2025-06-09,2025-06-24,2025-06-13,6.309918278226516,-0.04189435336976321,0.04189435336976321,0.056466302367941715,0.5112770200317299,0.0,0.0,1.0986122886681098,2025-07-04,0.004478107747080287,0.029144055123649194,0.029248042348961386,2
2025-06-30,306.75,280.04998779296875,-0.0870416045868989,False,-0.0029763711362102,0.5373397332188992,True,305.8369981539675,-0.0840652335,-25.78701036099875,3.7936297519713675,0.7330818965517242,2025-06-20,2025-06-16,2025-06-30,2025-06-20,5.10594547390058,0.9878048780487805,0.9878048780487805,0.0,0.5373010697553542,0.0,0.0,0.0,2025-07-07,0.003882358034588685,-0.03987165906122003,-0.03669655597000922,2
2025-07-01,298.8500061035156,287.3999938964844,-0.0383135752825288,False,-0.0032386444194677,0.6683569406236893,True,297.88213719899056,-0.0350749309,-10.482143302506188,3.8248989660495063,0.9808735632183909,2025-06-23,2025-06-16,2025-06-30,2025-06-20,5.10594547390058,0.9878048780487805,0.9878048780487805,0.0,0.5373010697553542,0.0,0.0,0.0,2025-07-08,0.003701535625068187,-0.023628653528899205,-0.020505874925048333,2
2025-07-02,297.95001220703125,285.8500061035156,-0.0406108595662949,False,-0.0020158209881354,0.7056361176781306,True,297.3493983190091,-0.0385950386,-11.499392215493458,3.601506680582245,0.9808735632183909,2025-06-24,2025-06-16,2025-06-30,2025-06-20,5.10594547390058,0.9878048780487805,0.9878048780487805,0.0,0.5373010697553542,0.0,0.0,0.0,2025-07-09,0.00454460235502764,-0.03090184264319577,-0.026632545535610553,2
2025-07-03,292.6499938964844,289.8999938964844,-0.0093968906794945,False,-0.0026001019206887,0.6510979193614415,True,291.8890740852646,-0.0067967888,-1.9890801887802352,3.5223275491638426,0.945579445571332,2025-06-25,2025-06-16,2025-06-30,2025-06-20,5.10594547390058,0.9878048780487805,0.9878048780487805,0.0,0.5373010697553542,0.0,0.0,0.0,2025-07-10,0.0041417741113386215,-0.03564831039364244,-0.03142645227391194,2
2025-07-04,292.6499938964844,288.6000061035156,-0.013839015470478,False,0.0050379985328111,0.700828669770798,True,294.12436413636203,-0.018877014,-5.524358032846408,3.52888551372844,0.9593725490196079,2025-06-26,2025-06-16,2025-06-30,2025-06-20,5.10594547390058,0.9878048780487805,0.9878048780487805,0.0,0.5373010697553542,0.0,0.0,0.0,2025-07-11,0.009407806972205507,-0.03458731362356943,-0.027126744352242615,2
2025-07-07,280.04998779296875,305.70001220703125,0.0915908785292456,True,0.0048486373113117,0.719091246774014,True,281.4078486128141,0.0867422412,24.29216359421713,3.3966058172793674,0.8527058823529412,2025-06-27,2025-06-23,2025-07-07,2025-06-27,5.147494476813453,0.9064327485380117,0.9064327485380117,0.0,0.5202814159737088,0.0,0.0,0.0,2025-07-14,0.009277253253900738,-0.04169673885752875,-0.034055609813733095,2
2025-07-08,287.3999938964844,301.6000061035156,0.0494085334328358,True,0.004736353792402,0.6688821363558932,True,288.76122194751235,0.0446721796,12.838784156003271,3.385792373025312,0.8580392156862745,2025-06-30,2025-06-23,2025-07-07,2025-06-27,5.147494476813453,0.9064327485380117,0.9064327485380117,0.0,0.5202814159737088,0.0,0.0,0.0,2025-07-15,0.009199840197616396,-0.04172110870826298,-0.03409425780643357,2
2025-07-09,285.8500061035156,314.54998779296875,0.1004022427029787,True,0.0049908746895162,0.6620818784994018,True,287.2766476639757,0.095411368,27.273340128993027,3.4879574977785106,0.8580392156862745,2025-07-01,2025-06-23,2025-07-07,2025-06-27,5.147494476813453,0.9064327485380117,0.9064327485380117,0.0,0.5202814159737088,0.0,0.0,0.0,2025-07-16,0.00937531778083757,-0.03839482431280379,-0.030946177389974492,2
2025-07-10,289.8999938964844,312.5,0.0779579392181204,True,0.0050421658210743,0.6325544952573477,True,291.3617177372389,0.0729157734,21.138282262761095,3.637700904121462,0.6303196347031964,2025-07-02,2025-06-23,2025-07-07,2025-06-27,5.147494476813453,0.9064327485380117,0.9064327485380117,0.0,0.5202814159737088,0.0,0.0,0.0,2025-07-17,0.009410680078819948,-0.047511155098380026,-0.040595577009447804,2
2025-07-11,288.6000061035156,308.8999938964844,0.0703395265545749,True,0.0047597643784225,0.4546814073765132,False,289.97367413217967,0.0655797622,18.926319764304708,3.811716481865266,0.3673059360730594,2025-07-03,2025-06-23,2025-07-07,2025-06-27,5.147494476813453,0.9064327485380117,0.9064327485380117,0.0,0.5202814159737088,0.0,0.0,0.0,2025-07-18,0.009215980456051934,-0.0580057939508624,-0.0518542067806042,2
2025-07-14,305.70001220703125,297.25,-0.0276415174014078,False,0.0047445436600742,0.3614634554007387,False,307.1504192618328,-0.0323860611,-9.90041926183278,4.085825682695616,0.22881131241714545,2025-07-04,2025-06-30,2025-07-14,2025-07-04,5.733341276897746,0.12987012987012986,0.12987012987012986,0.006493506493506494,0.4909399192352908,0.0,0.0,0.0,2025-07-21,0.009205486642377173,0.008656428328056822,0.011662718594341545,2
2025-07-15,301.6000061035156,296.3500061035156,-0.0174071614514427,False,0.0051396137304098,0.6291412834709778,True,303.15011363597694,-0.0225467752,-6.800107532461311,4.3331782081254016,0.14541050270054623,2025-07-07,2025-06-30,2025-07-14,2025-07-04,5.733341276897746,0.12987012987012986,0.12987012987012986,0.006493506493506494,0.4909399192352908,0.0,0.0,0.0,2025-07-22,0.009477864831875713,0.0115853570693522,0.014016680829857672,2
2025-07-16,314.54998779296875,301.3500061035156,-0.0419646549092893,False,0.0041991487374087,0.3889709466240345,False,315.87082997706153,-0.0461638036,-14.520823873545908,4.550666005739399,0.027228684518728053,2025-07-08,2025-06-30,2025-07-14,2025-07-04,5.733341276897746,0.12987012987012986,0.12987012987012986,0.006493506493506494,0.4909399192352908,0.0,0.0,0.0,2025-07-23,0.008829468075667896,0.011404919400439016,0.012756315160517633,2
2025-07-17,312.5,304.8500061035156,-0.0244799804687499,False,0.0039453766894644,0.4049893273369677,False,313.7329302154576,-0.0284253572,-8.882924111941975,4.578383238396628,0.12595666886315077,2025-07-09,2025-06-30,2025-07-14,2025-07-04,5.733341276897746,0.12987012987012986,0.12987012987012986,0.006493506493506494,0.4909399192352908,0.0,0.0,0.0,2025-07-24,0.008654506781065932,0.018373431271750784,0.019597700076271075,2
2025-07-18,308.8999938964844,297.54998779296875,-0.0367433031006116,False,-0.0042448725669895,0.8473543926013639,True,307.58875278644996,-0.0324984305,-10.038764993481209,4.588911985093713,0.2175417960647163,2025-07-10,2025-06-30,2025-07-14,2025-07-04,5.733341276897746,0.12987012987012986,0.12987012987012986,0.006493506493506494,0.4909399192352908,0.0,0.0,0.0,2025-07-25,0.0030077989397970383,0.024343446564546293,0.022108710882874787,2
2025-07-21,297.25,301.70001220703125,0.0149706045652859,True,-0.0036282675366326,0.8595028776557226,True,296.171497474736,0.0185988721,5.528514732295264,4.636690366750182,0.31839928891894254,2025-07-11,2025-07-07,2025-07-21,2025-07-11,6.3561076606958915,0.39652173913043476,0.39652173913043476,0.006956521739130435,0.5224894414254583,0.0,0.0,0.0,2025-07-28,0.003432912797856792,0.004882079868835275,0.003974142858495612,2
2025-07-22,296.3500061035156,296.5,0.000506137652759,True,-0.004233053586881,0.7396438944504252,True,295.0955406472069,0.0047391912,1.4044593527930829,4.621620479301825,0.26904900693248496,2025-07-14,2025-07-07,2025-07-21,2025-07-11,6.3561076606958915,0.39652173913043476,0.39652173913043476,0.006956521739130435,0.5224894414254583,0.0,0.0,0.0,2025-07-29,0.0030159474497586706,0.001359229848168106,0.0002070387513197951,2
2025-07-23,301.3500061035156,293.3999938964844,-0.0263813241944994,False,-0.0045765719075825,0.7521684134236779,True,299.97085613123244,-0.0218047523,-6.570862234748063,4.640886701089512,0.18104525810399386,2025-07-15,2025-07-07,2025-07-21,2025-07-11,6.3561076606958915,0.39652173913043476,0.39652173913043476,0.006956521739130435,0.5224894414254583,0.0,0.0,0.0,2025-07-30,0.002779111239481411,-0.0034206741988685955,-0.004825181308486974,2
2025-07-24,304.8500061035156,295.79998779296875,-0.0296867906490178,False,-0.0046266364966604,0.6816095371714014,True,303.43957593926996,-0.0250601542,-7.639588146301207,4.63851980956011,0.12364422540175632,2025-07-16,2025-07-07,2025-07-21,2025-07-11,6.3561076606958915,0.39652173913043476,0.39652173913043476,0.006956521739130435,0.5224894414254583,0.0,0.0,0.0,2025-07-31,0.002744594572300212,-0.007024599464959352,-0.008477797661521992,2
2025-07-25,297.54998779296875,284.20001220703125,-0.0448663287972515,False,-0.0047405982097847,0.8046394701860731,True,296.1394228535159,-0.0401257306,-11.939410646484646,4.625269932451871,0.039517241274772186,2025-07-17,2025-07-07,2025-07-21,2025-07-11,6.3561076606958915,0.39652173913043476,0.39652173913043476,0.006956521739130435,0.5224894414254583,0.0,0.0,0.0,2025-08-01,0.0026660244972080117,-0.01262496199877244,-0.014139360505247188,2
2025-07-28,301.70001220703125,288.54998779296875,-0.0435864232084908,False,-0.0051780705974945,0.8282754310490104,True,300.1377882445583,-0.0384083526,-11.587800451589544,4.5867955539223795,-0.05925588433379645,2025-07-18,2025-07-14,2025-07-28,2025-07-18,6.304448802421981,0.056776556776556776,0.056776556776556776,0.10256410256410256,0.4989374142157369,0.0,0.0,0.0,2025-08-04,0.002364412338081966,0.011837382279018824,0.008785942414525145,2
2025-07-29,296.5,298.70001220703125,0.0074199399899872,True,-0.0053426132033122,0.8344284685220551,True,294.91591518521795,0.0127625532,3.784097021813295,4.587663234242099,-0.07433087958726142,2025-07-21,2025-07-14,2025-07-28,2025-07-18,6.304448802421981,0.056776556776556776,0.056776556776556776,0.10256410256410256,0.4989374142157369,0.0,0.0,0.0,2025-08-05,0.0022509696340322115,0.010939386427884772,0.00780658644379637,2
2025-07-30,293.3999938964844,293.3999938964844,0.0,False,-0.0046552493897091,0.8049067191417092,True,292.0341437539571,0.0046552494,1.3658501425272789,4.552013587960835,-0.011355189120162024,2025-07-22,2025-07-14,2025-07-28,2025-07-18,6.304448802421981,0.056776556776556776,0.056776556776556776,0.10256410256410256,0.4989374142157369,0.0,0.0,0.0,2025-08-06,0.0027248676210829257,0.01364809316472017,0.010944965897636154,2
2025-07-31,295.79998779296875,297.79998779296875,0.0067613254987684,True,-0.0045131225998351,0.7989900597142302,True,294.46500618302935,0.0112744481,3.3349816099394047,4.5037811765974585,-0.08197613443990252,2025-07-23,2025-07-14,2025-07-28,2025-07-18,6.304448802421981,0.056776556776556776,0.056776556776556776,0.10256410256410256,0.4989374142157369,0.0,0.0,0.0,2025-08-07,0.0028228559036988046,0.007738617010577278,0.005189315526703659,2
2025-08-01,284.20001220703125,309.3500061035156,0.0884939930198291,True,-0.0040146638408337,0.5739262756189724,True,283.0590446944592,0.0925086569,26.290961409056425,4.556464666687887,-0.013654621437538459,2025-07-24,2025-07-14,2025-07-28,2025-07-18,6.304448802421981,0.056776556776556776,0.056776556776556776,0.10256410256410256,0.4989374142157369,0.0,0.0,0.0,2025-08-08,0.003166514673397959,0.01365172812906874,0.011207234660811008,2
2025-08-04,288.54998779296875,320.70001220703125,0.1114192541124963,True,-0.0044404976909398,0.5555866787240789,True,287.2686822384533,0.1158597518,33.43132996857793,4.6271926747366035,0.06383090378992226,2025-07-25,2025-07-21,2025-08-04,2025-07-25,6.335054251498059,0.13321492007104796,0.13321492007104796,0.056838365896980464,0.4848385452649326,0.0,0.0,1.0986122886681098,2025-08-11,0.002872926619459668,-0.0005986887215828317,-0.0026153191905688824,2
2025-08-05,298.70001220703125,315.1499938964844,0.0550719150223921,True,-0.0057771146357496,0.5984985416544252,True,296.9743879948114,0.0608490297,18.175605901672952,4.639775439818717,-0.008751172518862127,2025-07-28,2025-07-21,2025-08-04,2025-07-25,6.335054251498059,0.13321492007104796,0.13321492007104796,0.056838365896980464,0.4848385452649326,0.0,0.0,1.0986122886681098,2025-08-12,0.0019514057784323978,-0.004648645799253096,-0.007312130573329258,2
2025-08-06,293.3999938964844,319.6000061035156,0.0892979303069616,True,-0.0058394119958763,0.7799227569021361,True,291.6867104525352,0.0951373423,27.913295650980444,4.669206968685975,0.017437427428603068,2025-07-29,2025-07-21,2025-08-04,2025-07-25,6.335054251498059,0.13321492007104796,0.13321492007104796,0.056838365896980464,0.4848385452649326,0.0,0.0,1.0986122886681098,2025-08-13,0.001908455316132293,-0.0020813226934412437,-0.004838303835501199,2
2025-08-07,297.79998779296875,326.5,0.0963734499108963,True,-0.0060079900909729,0.6328288600350717,True,296.0108084172167,0.10238144,30.489191582783292,4.694773642987952,0.20433971433089,2025-07-30,2025-07-21,2025-08-04,2025-07-25,6.335054251498059,0.13321492007104796,0.13321492007104796,0.056838365896980464,0.4848385452649326,0.0,0.0,1.0986122886681098,2025-08-14,0.0017922303733202,0.010234822950088793,0.007445260304489485,2
2025-08-08,309.3500061035156,341.6499938964844,0.1044124362556515,True,-0.0007692180874635,0.3428100164701521,False,309.11204848346387,0.1051816543,32.53794541302051,4.636534240076107,0.12014518545551003,2025-07-31,2025-07-21,2025-08-04,2025-07-25,6.335054251498059,0.13321492007104796,0.13321492007104796,0.056838365896980464,0.4848385452649326,0.0,0.0,1.0986122886681098,2025-08-15,0.00540406366734676,0.0031655447222449008,0.0027177145129801614,2
2025-08-11,320.70001220703125,343.6000061035156,0.0714062769717047,True,-0.0019764169096411,0.3779463430909957,False,320.06617527998316,0.0733826939,23.53383082353247,4.5804112590303685,0.28287944044782953,2025-08-01,2025-07-28,2025-08-11,2025-08-01,6.317164686747284,0.16817359855334538,0.16817359855334538,0.10488245931283906,0.4851595001763628,0.0,0.0,0.0,2025-08-18,0.004571769210643959,0.017660382806039474,0.01685658862734289,2
2025-08-12,315.1499938964844,356.20001220703125,0.1302554945440688,True,-0.0013656411838303,0.3846745634015766,False,314.7196120857355,0.1316211357,41.48040012129576,4.568692426177159,0.4409499413754733,2025-08-04,2025-07-28,2025-08-11,2025-08-01,6.317164686747284,0.16817359855334538,0.16817359855334538,0.10488245931283906,0.4851595001763628,0.0,0.0,0.0,2025-08-19,0.00499286409703888,0.026991092098854034,0.02657367304669527,2
2025-08-13,319.6000061035156,360.25,0.1271902162708913,True,0.0001076701241864,0.3776027629600614,False,319.6344174758628,0.1270825461,40.61558252413721,4.588709117888555,0.557971217971218,2025-08-05,2025-07-28,2025-08-11,2025-08-01,6.317164686747284,0.16817359855334538,0.16817359855334538,0.10488245931283906,0.4851595001763628,0.0,0.0,0.0,2025-08-20,0.0060086278735872415,0.03483287634520307,0.03505539565259537,2
2025-08-14,326.5,375.25,0.1493108728943337,True,0.0001378120463599,0.4454855003678361,False,326.5449956331365,0.1491730608,48.70500436686348,4.606555344634144,0.5744877344877345,2025-08-06,2025-07-28,2025-08-11,2025-08-01,6.317164686747284,0.16817359855334538,0.16817359855334538,0.10488245931283906,0.4851595001763628,0.0,0.0,0.0,2025-08-21,0.006029409002825024,0.036428728866817896,0.03662382171441039,2
2025-08-15,341.6499938964844,390.6499938964844,0.1434216328856319,True,0.002304020291034,0.7846675465232967,True,342.43716241485356,0.1411176126,48.212831481630815,4.617516991933142,0.6161865761865762,2025-08-07,2025-07-28,2025-08-11,2025-08-01,6.317164686747284,0.16817359855334538,0.16817359855334538,0.10488245931283906,0.4851595001763628,0.0,0.0,0.0,2025-08-22,0.007522885537911403,0.03934769933074975,0.04045819142374206,2
2025-08-18,343.6000061035156,389.9500122070313,0.1348952423753797,True,0.0003876902504989,0.7953077521758013,True,343.7332164759533,0.1345075521,46.21679573107798,4.701407261949724,0.44895026109979386,2025-08-08,2025-08-04,2025-08-18,2025-08-08,6.393590753950631,0.52428810720268,0.52428810720268,0.038525963149078725,0.5104760290000102,0.0,0.0,0.0,2025-08-25,0.0062016857151072574,-0.00097574724169615,0.0003511026044968552,2
2025-08-19,356.20001220703125,384.0499877929687,0.0781863409082379,True,-0.0067638681439481,0.7703073201922244,True,353.79072229159016,0.0849502091,30.259265501378536,4.717945605118746,0.3877819473418386,2025-08-11,2025-08-04,2025-08-18,2025-08-08,6.393590753950631,0.52428810720268,0.52428810720268,0.038525963149078725,0.5104760290000102,0.0,0.0,0.0,2025-08-26,0.0012710957417441486,-0.004195628555626791,-0.005993384847412283,2
2025-08-20,360.25,393.7999877929687,0.0931297371074773,True,-0.004391449656913,0.6631743051402549,True,358.66798026109706,0.0975211868,35.132007531871636,4.670921656646561,0.3829038985613508,2025-08-12,2025-08-04,2025-08-18,2025-08-08,6.393590753950631,0.52428810720268,0.52428810720268,0.038525963149078725,0.5104760290000102,0.0,0.0,0.0,2025-08-27,0.002906742430146957,-0.006026350326683076,-0.006686020307748375,2
2025-08-21,375.25,387.75,0.0333111259160558,True,-0.0170693778046954,0.789415782610206,True,368.844715978788,0.0503805037,18.90528402121197,4.647669695423389,0.33290389856135083,2025-08-13,2025-08-04,2025-08-18,2025-08-08,6.393590753950631,0.52428810720268,0.52428810720268,0.038525963149078725,0.5104760290000102,0.0,0.0,0.0,2025-08-28,-0.0058339630162367265,-0.009855511998811385,-0.015872277967947036,2
2025-08-22,390.6499938964844,396.8500061035156,0.0158710157529764,True,-0.0182370438322579,0.74235814219721,True,383.52569283472286,0.0341080596,13.324313268792764,4.612799017994433,0.4948916928072096,2025-08-14,2025-08-04,2025-08-18,2025-08-08,6.393590753950631,0.52428810720268,0.52428810720268,0.038525963149078725,0.5104760290000102,0.0,0.0,0.0,2025-08-29,-0.006639001874928947,-0.0010378903292997625,-0.007357515092257382,2
2025-08-25,389.9500122070313,382.2000122070313,-0.0198743422423215,False,-0.0171719458635136,0.6361988511184029,True,383.25381170793565,-0.0027023964,-1.053799500904347,4.5289087479778525,0.4449851507511348,2025-08-15,2025-08-11,2025-08-25,2025-08-15,6.2878585601617845,0.43202979515828677,0.43202979515828677,0.035381750465549346,0.5111085782109095,0.0,0.0,0.0,2025-09-02,-0.0059046778191514295,0.004047781548423741,-0.0020783650925188047,2
2025-08-26,384.0499877929687,385.25,0.0031246250362548,True,-0.0167774875691393,0.7603224673880203,True,377.60659389684406,0.0199021126,7.6434061031559395,4.517477065209862,0.4486599032180603,2025-08-18,2025-08-11,2025-08-25,2025-08-15,6.2878585601617845,0.43202979515828677,0.43202979515828677,0.035381750465549346,0.5111085782109095,0.0,0.0,0.0,2025-09-03,-0.0056327214141443736,0.0039013757442802194,-0.0020227525617738046,2
2025-08-27,393.7999877929687,385.75,-0.0204418182897475,False,-0.0177719574494189,0.6282674939082384,True,386.80139116633035,-0.0026698608,-1.0513911663303477,4.526890567381459,0.255863533393897,2025-08-19,2025-08-11,2025-08-25,2025-08-15,6.2878585601617845,0.43202979515828677,0.43202979515828677,0.035381750465549346,0.5111085782109095,0.0,0.0,0.0,2025-09-04,-0.006318351447498436,-0.0076380352795900955,-0.014125870335662798,2
2025-08-28,387.75,385.6000061035156,-0.0055447940592763,False,-0.014868425927349,0.709761242135181,True,381.9847678466704,0.0093236319,3.6152382568452026,4.581668317445349,0.28948926438804906,2025-08-20,2025-08-11,2025-08-25,2025-08-15,6.2878585601617845,0.43202979515828677,0.43202979515828677,0.035381750465549346,0.5111085782109095,0.0,0.0,0.0,2025-09-05,-0.004316532736044206,-0.0037885357384726415,-0.009174990510903782,2
2025-08-29,396.8500061035156,397.7999877929687,0.0023938054046679,True,-0.0123476655977679,0.4794053996642411,False,391.9498349356773,0.014741471,5.850152857291448,4.696741146426061,0.23651047915119933,2025-08-21,2025-08-11,2025-08-25,2025-08-15,6.2878585601617845,0.43202979515828677,0.43202979515828677,0.035381750465549346,0.5111085782109095,0.0,0.0,0.0,2025-09-08,-0.0025786128421180464,-0.0032971534417359193,-0.007965453871091106,2
2025-09-02,382.2000122070313,393.0,0.0282574239875181,True,-0.011500476334644,0.4772311802534512,False,377.8045300115437,0.0397579003,15.195469988456296,4.7303685307864605,0.20831770806686198,2025-08-22,2025-08-18,2025-09-02,2025-08-22,6.418364935936212,0.2696078431372549,0.2696078431372549,0.0392156862745098,0.5056913089648801,0.0,0.0,0.0,2025-09-09,-0.001994524360152631,0.01005018041683679,0.005140439339091666,2
2025-09-03,385.25,401.0,0.0408825438027256,True,-0.0106816820738644,0.5536058060193358,True,381.13488198104375,0.0515642259,19.865118018956252,4.731207106438468,0.26428338547706653,2025-08-25,2025-08-18,2025-09-02,2025-08-22,6.418364935936212,0.2696078431372549,0.2696078431372549,0.0392156862745098,0.5056913089648801,0.0,0.0,0.0,2025-09-10,-0.0014300126062414984,0.013516155041804812,0.00898552413271784,2
2025-09-04,385.75,400.0499877929687,0.0370706099623296,True,-0.0110880955970896,0.6003239015856418,True,381.4727671234226,0.0481587056,18.577220669546023,4.701523105414813,0.20520104732496094,2025-08-26,2025-08-18,2025-09-02,2025-08-22,6.418364935936212,0.2696078431372549,0.2696078431372549,0.0392156862745098,0.5056913089648801,0.0,0.0,0.0,2025-09-11,-0.0017102114569156794,0.00891953774693784,0.004264239226451307,2
2025-09-05,385.6000061035156,410.6499938964844,0.0649636602605343,True,-0.0209475254714609,0.0042193442256157,False,377.52264015386675,0.0859111857,33.12735374261763,4.684120830016887,0.0943722511967093,2025-08-27,2025-08-18,2025-09-02,2025-08-22,6.418364935936212,0.2696078431372549,0.2696078431372549,0.0392156862745098,0.5056913089648801,0.0,0.0,0.0,2025-09-12,-0.008507723747299608,0.0015433550837501853,-0.007322637608133298,2
2025-09-08,397.7999877929687,432.3500061035156,0.0868527384885897,True,-0.0254700763922546,0.0048147245835407,False,387.6679917150438,0.1123228149,44.68201438847183,4.6217649052107195,0.002747292905084345,2025-08-28,2025-08-18,2025-09-02,2025-08-22,6.418364935936212,0.2696078431372549,0.2696078431372549,0.0392156862745098,0.5056913089648801,0.0,0.0,0.0,2025-09-15,-0.011625763619756497,-0.006116492872019347,-0.016785665745193842,2
2025-09-09,393.0,422.25,0.0744274809160305,True,-0.0230891332554735,0.0070428544164425,False,383.92597063059895,0.0975166142,38.324029369401046,4.599099168149318,-0.019330206280848583,2025-08-29,2025-08-25,2025-09-09,2025-08-29,6.318968113746434,0.18592057761732853,0.18592057761732853,0.021660649819494584,0.4994033206244087,0.0,0.0,0.0,2025-09-16,-0.009984239673524582,-0.00025719468295482516,-0.010137804820362719,2
2025-09-10,401.0,388.5499877929687,-0.0310474119876092,False,-0.0279063546541045,0.0062324779314716,False,389.8095517837041,-0.0031410573,-1.259563990735387,4.6452285107127915,-0.13346466006236118,2025-09-02,2025-08-25,2025-09-09,2025-08-29,6.318968113746434,0.18592057761732853,0.18592057761732853,0.021660649819494584,0.4994033206244087,0.0,0.0,0.0,2025-09-17,-0.01330543796591395,-0.00576802768108217,-0.017894691532763053,2
2025-09-11,400.0499877929687,385.8500061035156,-0.0354955183670741,False,-0.0277489913548997,0.0049182209210501,False,388.9490041401739,-0.007746527,-3.0989980366582586,4.674912511736446,0.04422232925253509,2025-09-03,2025-08-25,2025-09-09,2025-08-29,6.318968113746434,0.18592057761732853,0.18592057761732853,0.021660649819494584,0.4994033206244087,0.0,0.0,0.0,2025-09-18,-0.013196944982645158,0.006115958453134772,-0.005921653794915302,2
2025-09-12,410.6499938964844,366.5,-0.1075124669491985,False,-0.0278830221606837,0.021857277896234,False,399.199831016384,-0.0796294448,-32.699831016383996,4.642942771548066,0.09815212111336144,2025-09-04,2025-08-25,2025-09-09,2025-08-29,6.318968113746434,0.18592057761732853,0.18592057761732853,0.021660649819494584,0.4994033206244087,0.0,0.0,0.0,2025-09-19,-0.013289351547853868,0.008388672473501717,-0.0035843347311270398,2
2025-09-15,432.3500061035156,367.3500061035156,-0.1503411566610163,False,-0.0253880211967461,0.0163234323355904,False,421.37349498414625,-0.1249531355,-54.02348888063062,4.657066284990857,0.19095757024064963,2025-09-05,2025-09-01,2025-09-15,2025-09-05,6.306275286948016,0.2449725776965265,0.2449725776965265,0.02376599634369287,0.48473550594905,0.0,0.0,0.0,2025-09-22,-0.011569191261408599,0.005049008997400973,-0.005404192910654282,2
2025-09-16,422.25,350.1499938964844,-0.170751938670256,False,-0.0225106918219112,0.0140247018683295,False,412.7448603781979,-0.1482412468,-62.59486648171355,4.887180690510621,0.3552956371210894,2025-09-08,2025-09-01,2025-09-15,2025-09-05,6.306275286948016,0.2449725776965265,0.2449725776965265,0.02376599634369287,0.48473550594905,0.0,0.0,0.0,2025-09-23,-0.009585437429986363,0.022638401609161547,0.012861296643599298,2
2025-09-17,388.5499877929687,367.75,-0.0535323341820603,False,-0.0021817089739215,0.0218164623451065,False,387.7022847977837,-0.0513506252,-19.952284797783648,4.656534015880955,0.49712542435513196,2025-09-09,2025-09-01,2025-09-15,2025-09-05,6.306275286948016,0.2449725776965265,0.2449725776965265,0.02376599634369287,0.48473550594905,0.0,0.0,0.0,2025-09-24,0.004430232088533914,0.023843404405601322,0.02344419209162826,2
2025-09-18,385.8500061035156,371.3500061035156,-0.0375793696271445,False,-0.000808158349907,0.0187847113688004,False,385.5381781992714,-0.0367712113,-14.18817209575576,4.601283340555322,0.2715798071816078,2025-09-10,2025-09-01,2025-09-15,2025-09-05,6.306275286948016,0.2449725776965265,0.2449725776965265,0.02376599634369287,0.48473550594905,0.0,0.0,0.0,2025-09-25,0.005377216586336679,0.00818646565013482,0.008392700061694791,2
2025-09-19,366.5,378.0499877929687,0.0315142913859991,True,5.804015013015342e-05,0.3056446015104243,False,366.5212717150227,0.0314562512,11.528716077945944,4.614191044782837,0.2615900706095928,2025-09-11,2025-09-01,2025-09-15,2025-09-05,6.306275286948016,0.2449725776965265,0.2449725776965265,0.02376599634369287,0.48473550594905,0.0,0.0,0.0,2025-09-26,0.0059744108485749025,0.00799291910199219,0.008525481943447533,2
2025-09-22,367.3500061035156,372.2000122070313,0.0132026841511716,True,0.0014476018329477,0.4398669100410636,False,367.8817826456845,0.0117550823,4.318229561346868,4.565544982806648,0.16054206520053257,2025-09-12,2025-09-08,2025-09-22,2025-09-12,6.297109319933935,0.2915129151291513,0.2915129151291513,0.00922509225092251,0.5306293946196057,0.0,0.0,0.0,2025-09-29,0.00693243405453651,0.006453903305071449,0.007202640194130848,2
2025-09-23,350.1499938964844,374.8500061035156,0.0705412327219214,True,0.003610892851658,0.2720842884152247,False,351.4143480064533,0.0669303399,23.435658097062344,4.533586494059863,-0.004172497578791146,2025-09-15,2025-09-08,2025-09-22,2025-09-12,6.297109319933935,0.2915129151291513,0.2915129151291513,0.00922509225092251,0.5306293946196057,0.0,0.0,0.0,2025-09-30,0.008423899329378086,-0.004707076830760515,-0.003046215584261402,2
2025-09-24,367.75,383.8999938964844,0.0439156870060757,True,0.0010380620118865,0.2681110277188734,False,368.1317473048713,0.042877625,15.768246591613092,4.438318604520898,-0.2611057330886958,2025-09-16,2025-09-08,2025-09-22,2025-09-12,6.297109319933935,0.2915129151291513,0.2915129151291513,0.00922509225092251,0.5306293946196057,0.0,0.0,0.0,2025-10-01,0.006650079800534307,-0.023595427433546357,-0.02291414446714042,2
2025-09-25,371.3500061035156,378.1000061035156,0.0181769217424447,True,0.0013945182308568,0.2492505721432114,False,371.86786045705577,0.0167824035,6.2321456464598555,4.167030324926857,0.04350965152668886,2025-09-17,2025-09-08,2025-09-22,2025-09-12,6.297109319933935,0.2915129151291513,0.2915129151291513,0.00922509225092251,0.5306293946196057,0.0,0.0,0.0,2025-10-02,0.006895835950768999,-0.013711673352927022,-0.011937486407635575,2
2025-09-26,378.0499877929687,390.75,0.0335934733953389,True,0.0013056578996464,0.3753736074304775,False,378.5435917459918,0.0322878155,12.20640825400818,4.112799770826742,-0.08767178307246726,2025-09-18,2025-09-08,2025-09-22,2025-09-12,6.297109319933935,0.2915129151291513,0.2915129151291513,0.00922509225092251,0.5306293946196057,0.0,0.0,0.0,2025-10-03,0.0068345718410560835,-0.023537425753945143,-0.02172675217220359,2
2025-09-29,372.2000122070313,381.3500061035156,0.0245835400225478,True,0.0003366002314973,0.3059720170446152,False,372.3252948173035,0.0242469398,9.024711286212153,4.106916993785484,-0.06405324474804659,2025-09-19,2025-09-15,2025-09-29,2025-09-19,5.996452088619021,-0.2793017456359102,0.2793017456359102,0.029925187032418952,0.4472407274708422,0.0,0.0,0.0,2025-10-06,0.006166462072715716,-0.00793447479261034,-0.006283237869224482,2
2025-09-30,374.8500061035156,375.3999938964844,0.0014672209790944,True,0.0002763376254495,0.2959856295399402,False,374.9535912641021,0.0011908834,0.4464026323823304,4.093612857317171,0.0927637341870651,2025-09-22,2025-09-15,2025-09-29,2025-09-19,5.996452088619021,-0.2793017456359102,0.2793017456359102,0.029925187032418952,0.4472407274708422,0.0,0.0,0.0,2025-10-07,0.0061249144568312226,0.0012676007530622,0.0030234836848932996,2
2025-10-01,383.8999938964844,385.1000061035156,0.0031258458611875,True,-8.082181669466171e-06,0.2890553472238005,False,383.8968911469908,0.003133928,1.2031149565248145,4.156995199470515,0.2208671824629272,2025-09-23,2025-09-15,2025-09-29,2025-09-19,5.996452088619021,-0.2793017456359102,0.2793017456359102,0.029925187032418952,0.4472407274708422,0.0,0.0,0.0,2025-10-08,0.005928823287346325,0.011202197135403474,0.0127353299139468,2
2025-10-02,378.1000061035156,377.25,-0.0022480986241584,False,-0.0010547638647285,0.4313710101526511,False,377.701199879824,-0.0011933348,-0.4511998798240029,4.474120652218591,0.06720864587756133,2025-09-24,2025-09-15,2025-09-29,2025-09-19,5.996452088619021,-0.2793017456359102,0.2793017456359102,0.029925187032418952,0.4472407274708422,0.0,0.0,0.0,2025-10-09,0.005207196205925737,0.012085975661143472,0.012193587277129984,2
2025-10-03,390.75,373.0499877929687,-0.0452975360384678,False,-0.0037656024487407,0.006319631798416,False,389.2785908431546,-0.0415319336,-16.228603050185882,4.515443502091191,0.2921636008325163,2025-09-25,2025-09-15,2025-09-29,2025-09-19,5.996452088619021,-0.2793017456359102,0.2793017456359102,0.029925187032418952,0.4472407274708422,0.0,0.0,0.0,2025-10-10,0.003338228240549858,0.02725316155405277,0.026225204062180683,2
2025-10-06,381.3500061035156,385.2000122070313,0.0100957284434148,True,-0.004076440962996,0.0042691523896849,False,379.7954553173964,0.0141721694,5.4045568896348755,4.543266062583735,0.3365017188548448,2025-09-26,2025-09-22,2025-10-06,2025-09-26,6.2166061010848646,0.354,0.354,0.084,0.5138764357800046,0.0,0.0,0.6931471805599453,2025-10-13,0.003123922885382472,0.0028568604271900703,0.0016563905271507447,2
2025-10-07,375.3999938964844,399.6499938964844,0.0645977634370629,True,-0.0044982345888215,0.0061224486837567,False,373.7113566592958,0.069095998,25.938637237188573,4.5525700657107135,0.2472858208096996,2025-09-29,2025-09-22,2025-10-06,2025-09-26,6.2166061010848646,0.354,0.354,0.084,0.5138764357800046,0.0,0.0,0.6931471805599453,2025-10-14,0.0028331203347190382,-0.0023218702850428645,-0.003780736236311471,2
2025-10-08,385.1000061035156,394.8999938964844,0.025447903499473,True,-0.0038576967531787,0.0105240137548453,False,383.61440706032096,0.0293056003,11.285586836163418,4.523379283186097,0.16880755994013436,2025-09-30,2025-09-22,2025-10-06,2025-09-26,6.2166061010848646,0.354,0.354,0.084,0.5138764357800046,0.0,0.0,0.6931471805599453,2025-10-15,0.003274734491492529,-0.008094163809627162,-0.009245251571800797,2
2025-10-09,377.25,393.7999877929687,0.0438700802994531,True,-0.0015492815654578,0.0039238653919912,False,376.665533529431,0.0454193619,17.13445426353769,4.5160164885615535,0.0693015395634749,2025-10-01,2025-09-22,2025-10-06,2025-09-26,6.2166061010848646,0.354,0.354,0.084,0.5138764357800046,0.0,0.0,0.6931471805599453,2025-10-16,0.004866254570217399,-0.014447781924476915,-0.014655319513128786,2
2025-10-10,373.0499877929687,397.4500122070313,0.0654068495174535,True,-0.0019650412700586,0.0048028240435878,False,372.3169291711606,0.0673718908,25.133083035870698,4.471387778298712,-0.0557099125666213,2025-10-02,2025-09-22,2025-10-06,2025-09-26,6.2166061010848646,0.354,0.354,0.084,0.5138764357800046,0.0,0.0,0.6931471805599453,2025-10-17,0.004579612062701157,-0.0235818189398774,-0.02391518393560953,2
2025-10-13,385.2000122070313,406.0499877929687,0.0541276607611613,True,-0.0028472309971343,0.0040474792404799,False,384.1032587921789,0.0569748918,21.946729000789787,4.421495606372395,-0.25223087599213423,2025-10-03,2025-09-29,2025-10-13,2025-10-03,6.139884552226255,-0.18142548596112312,0.18142548596112312,0.03023758099352052,0.4471867680296703,0.0,0.0,0.0,2025-10-20,0.0039713927651700304,-0.011195823444481109,-0.011947643990397033,2
2025-10-14,399.6499938964844,413.5499877929687,0.0347804181377884,True,-0.0033370041910447,0.003547335209372,False,398.3163601919008,0.0381174223,15.233627601067894,4.42844419606117,-0.3158518573796131,2025-10-06,2025-09-29,2025-10-13,2025-10-03,6.139884552226255,-0.18142548596112312,0.18142548596112312,0.03023758099352052,0.4471867680296703,0.0,0.0,0.0,2025-10-21,0.0036337221952154135,-0.014878625309828138,-0.015895978112158034,2
2025-10-15,394.8999938964844,420.8500061035156,0.0657128706206908,True,-0.0040062834096258,0.0039292790986236,False,393.31791260247553,0.069719154,27.532093501040094,4.471926771382215,-0.20260615464958276,2025-10-07,2025-09-29,2025-10-13,2025-10-03,6.139884552226255,-0.18142548596112312,0.18142548596112312,0.03023758099352052,0.4471867680296703,0.0,0.0,0.0,2025-10-22,0.0031722925008038317,-0.0065048213805708,-0.007861638044135949,2
2025-10-16,393.7999877929687,410.1499938964844,0.0415185541146114,True,-0.0030650227800809,0.0041263126096628,False,392.5929818595876,0.0445835769,17.557012036896765,4.49098880734308,-0.05518872412433906,2025-10-08,2025-09-29,2025-10-13,2025-10-03,6.139884552226255,-0.18142548596112312,0.18142548596112312,0.03023758099352052,0.4471867680296703,0.0,0.0,0.0,2025-10-23,0.0038212378028458483,0.0031734976001071107,0.0022510060048098156,2
2025-10-17,397.4500122070313,403.0,0.0139639894892686,True,-0.0076623052724373,0.00114173506306,False,394.40462888296713,0.0216262948,8.595371117032869,4.558283254667322,-0.044569977953213866,2025-10-09,2025-09-29,2025-10-13,2025-10-03,6.139884552226255,-0.18142548596112312,0.18142548596112312,0.03023758099352052,0.4471867680296703,0.0,0.0,0.0,2025-10-24,0.0006516747913586163,0.00601690766119138,0.002956533709369732,2
2025-10-20,406.0499877929687,390.1000061035156,-0.0392808328258968,False,-0.0080821435451649,0.0010933618941759,False,402.7682335051134,-0.0311986893,-12.668227401597846,4.615819669157679,0.18812686821713584,2025-10-10,2025-10-06,2025-10-20,2025-10-10,6.29156913955832,0.07235621521335807,0.07235621521335807,0.022263450834879406,0.4664980496197103,0.0,0.0,0.0,2025-10-27,0.00036222034468135454,0.017053523181806265,0.01363091818146469,2
2025-10-21,413.5499877929687,387.8999938964844,-0.0620239261361681,False,-0.0154119025774822,0.0009920055874713,False,407.1763956701845,-0.0466120236,-19.276401773700115,4.608871079468903,0.30555495620359946,2025-10-13,2025-10-06,2025-10-20,2025-10-10,6.29156913955832,0.07235621521335807,0.07235621521335807,0.022263450834879406,0.4664980496197103,0.0,0.0,0.0,2025-10-28,-0.004691228763693846,0.024042369355877998,0.017591103283368353,2
2025-10-22,420.8500061035156,390.7000122070313,-0.0716407115580946,False,-0.0111011672726161,0.000924248067107,False,416.17807978907894,-0.0605395443,-25.47806758204763,4.556627979616181,0.24184812040374043,2025-10-14,2025-10-06,2025-10-20,2025-10-10,6.29156913955832,0.07235621521335807,0.07235621521335807,0.022263450834879406,0.4664980496197103,0.0,0.0,0.0,2025-10-29,-0.0017192236286314375,0.01842713383302854,0.013918186591428513,2
2025-10-23,410.1499938964844,392.0,-0.0442520886665309,False,-0.0092072359252966,0.0006362804170658,False,406.3736461379205,-0.0350448527,-14.373646137920502,4.507981917639991,0.12700701154640437,2025-10-15,2025-10-06,2025-10-20,2025-10-10,6.29156913955832,0.07235621521335807,0.07235621521335807,0.022263450834879406,0.4664980496197103,0.0,0.0,0.0,2025-10-30,-0.0004134664221206877,0.009787191720831478,0.0061521553158868335,2
2025-10-24,403.0,392.0499877929687,-0.0271712461712935,False,-0.0016941915586411,0.1262989493795256,False,402.3172408018676,-0.0254770546,-10.267253008898932,4.459749506276614,0.169008865114523,2025-10-16,2025-10-06,2025-10-20,2025-10-10,6.29156913955832,0.07235621521335807,0.07235621521335807,0.022263450834879406,0.4664980496197103,0.0,0.0,0.0,2025-10-31,0.004766347428302081,0.0107975443185078,0.010518379873692169,2
2025-10-27,390.1000061035156,406.6499938964844,0.0424249872700004,True,0.0002233282063764,0.2951684491755593,False,390.1871264381861,0.0422016591,16.462867458298263,4.415120796013772,0.1013375771900705,2025-10-17,2025-10-13,2025-10-27,2025-10-17,6.131226489483141,0.1437908496732026,0.1437908496732026,0.017429193899782137,0.4978743057892028,0.0,0.0,0.0,2025-11-03,0.006088367498006336,0.007292836708830893,0.00762422312540629,2
2025-10-28,387.8999938964844,405.25,0.0447280391248103,True,-0.0002282608870086,0.1728054290743165,False,387.8114514998069,0.0449563,17.43854850019312,4.413090321720968,0.05878128407540177,2025-10-20,2025-10-13,2025-10-27,2025-10-17,6.131226489483141,0.1437908496732026,0.1437908496732026,0.017429193899782137,0.4978743057892028,0.0,0.0,0.0,2025-11-04,0.005777022678721476,0.004611962722212516,0.004731724656941806,2
2025-10-29,390.7000122070313,413.6000061035156,0.0586127288994033,True,0.0007334158945192,0.2650683029472237,False,390.9865578059728,0.057879313,22.61344829754279,4.465333421573691,0.04574393382874921,2025-10-21,2025-10-13,2025-10-27,2025-10-17,6.131226489483141,0.1437908496732026,0.1437908496732026,0.017429193899782137,0.4978743057892028,0.0,0.0,0.0,2025-11-05,0.006440043748408725,0.005511841937247292,0.005886443155072635,2
2025-10-30,392.0,396.75,0.0121173469387754,True,0.0008666184989656,0.2527754541791533,False,392.33971445159455,0.0112507284,4.410285548405454,4.529287498974347,0.05569387125052642,2025-10-22,2025-10-13,2025-10-27,2025-10-17,6.131226489483141,0.1437908496732026,0.1437908496732026,0.017429193899782137,0.4978743057892028,0.0,0.0,0.0,2025-11-06,0.006531879316222761,0.008205403191283309,0.00846323802686899,2
2025-10-31,392.0499877929687,407.7999877929687,0.0401734485152367,True,0.0010503035167641,0.3008334911049871,False,392.461759273895,0.039123145,15.33822851907371,4.546689774372274,-0.049874926149256905,2025-10-23,2025-10-13,2025-10-27,2025-10-17,6.131226489483141,0.1437908496732026,0.1437908496732026,0.017429193899782137,0.4978743057892028,0.0,0.0,0.0,2025-11-07,0.006658519617128021,0.0022855720428198584,0.0025101529489478195,2
2025-11-03,406.6499938964844,414.75,0.0199188644413887,True,-0.0011457030624114,0.2755711943080849,False,406.1840937531476,0.0210645675,8.565906246852421,4.588802728193743,-0.13754281381714456,2025-10-24,2025-10-20,2025-11-03,2025-10-24,6.263398262591624,-0.0916030534351145,0.0916030534351145,0.04580152671755725,0.47179679808172,0.0,0.0,0.0,2025-11-10,0.005144498836827955,0.005939404570463192,0.005036122318355877,2
2025-11-04,405.25,422.7000122070313,0.043059869727406,True,-0.0012587560988019,0.2445590123900845,False,404.7398890909605,0.0443186258,17.960123116070804,4.578329131090281,-0.15980199607632684,2025-10-27,2025-10-20,2025-11-03,2025-10-24,6.263398262591624,-0.0916030534351145,0.0916030534351145,0.04580152671755725,0.47179679808172,0.0,0.0,0.0,2025-11-11,0.005066555242307622,0.00423074570259988,0.003295545791560854,2
2025-11-05,413.6000061035156,403.6499938964844,-0.0240570891204023,False,-0.0012283181552716,0.1767577847709688,False,413.0919737069982,-0.022828771,-9.441979810513828,4.537683482767627,-0.19282525189028032,2025-10-28,2025-10-20,2025-11-03,2025-10-24,6.263398262591624,-0.0916030534351145,0.0916030534351145,0.04580152671755725,0.47179679808172,0.0,0.0,0.0,2025-11-12,0.005087540461319023,0.0008783756541124411,5.0512161848258706e-05,2
2025-11-06,396.75,401.7000122070313,0.0124764012779616,True,0.001637259875856,0.2895304724285891,False,397.3995828557459,0.0108391414,4.300429351285402,4.48224132825073,-0.07796160190526384,2025-10-29,2025-10-20,2025-11-03,2025-10-24,6.263398262591624,-0.0916030534351145,0.0916030534351145,0.04580152671755725,0.47179679808172,0.0,0.0,0.0,2025-11-13,0.007063192414205003,0.006130806479329497,0.006745396019542692,2
2025-11-07,407.7999877929687,399.7999877929687,-0.0196174601262161,False,0.0026888628704901,0.1864727489683114,False,408.8965060387315,-0.022306323,-9.096518245762866,4.48224132825073,0.17274262344684885,2025-10-30,2025-10-20,2025-11-03,2025-10-24,6.263398262591624,-0.0916030534351145,0.0916030534351145,0.04580152671755725,0.47179679808172,0.0,0.0,0.0,2025-11-14,0.007788212458133827,0.02153470625739769,0.022745242401562782,2
2025-11-10,414.75,402.5499877929687,-0.0294153398602322,False,0.0010103861676286,0.135760615335081,False,415.169057663024,-0.030425726,-12.61906987005534,4.433778634766344,0.27404569196303213,2025-10-31,2025-10-27,2025-11-10,2025-10-31,6.129050210060545,0.19213973799126638,0.19213973799126638,0.015283842794759825,0.5239174495452945,0.0,0.0,0.0,2025-11-17,0.006630998890797443,0.019873895102527742,0.020406547692824562,2
2025-11-11,422.7000122070313,415.3500061035156,-0.017388232531954,False,0.0008981012146197,0.2177424849028201,False,423.07963960141416,-0.0182863337,-7.729633497898533,4.468261840327254,0.33628156419890437,2025-11-03,2025-10-27,2025-11-10,2025-10-31,6.129050210060545,0.19213973799126638,0.19213973799126638,0.015283842794759825,0.5239174495452945,0.0,0.0,0.0,2025-11-18,0.006553584845783825,0.02482052562132438,0.025245626597162472,2
2025-11-12,403.6499938964844,404.5,0.0021057998671334,True,0.0011118678189236,0.2122627440111206,False,404.09879933480664,0.000993932,0.4012006651933575,4.489615435412395,0.4070507949681351,2025-11-04,2025-10-27,2025-11-10,2025-10-31,6.129050210060545,0.19213973799126638,0.19213973799126638,0.015283842794759825,0.5239174495452945,0.0,0.0,0.0,2025-11-19,0.006700964677938882,0.029863994342357866,0.030362106257138997,2
2025-11-13,401.7000122070313,406.5,0.0119491850811666,True,-0.0037122094696034,0.001328650634154,False,400.2088176177765,0.0156613946,6.2911823822234965,4.497779834316446,0.3082308482608645,2025-11-05,2025-10-27,2025-11-10,2025-10-31,6.129050210060545,0.19213973799126638,0.19213973799126638,0.015283842794759825,0.5239174495452945,0.0,0.0,0.0,2025-11-20,0.003375039642074143,0.024058063514887023,0.02242273725564593,2
2025-11-14,399.7999877929687,400.0,0.0005002806731821,True,-0.0017143557542027,0.0018873704336624,False,399.1145883833656,0.0022146364,0.8854116166343715,4.497779834316447,0.17865338347213208,2025-11-06,2025-10-27,2025-11-10,2025-10-31,6.129050210060545,0.19213973799126638,0.19213973799126638,0.015283842794759825,0.5239174495452945,0.0,0.0,0.0,2025-11-21,0.004752445370180853,0.016096497337458545,0.015234147723750879,2
2025-11-17,402.5499877929687,407.4500122070313,0.0121724619616252,True,0.0002608736584455,0.0018953398021252,False,402.6550024809914,0.0119115883,4.7950097260398366,4.487860446088572,0.02155897985426889,2025-11-07,2025-11-03,2025-11-17,2025-11-07,6.218600119691729,0.10578842315369262,0.10578842315369262,0.003992015968063872,0.4785103744462441,0.0,0.0,0.0,2025-11-24,0.00611425293713818,0.0026547811255984736,0.0029991128137688136,2
2025-11-18,415.3500061035156,414.2000122070313,-0.0027687345120628,False,5.09187254529322e-05,0.0010773803764836,False,415.3711551964433,-0.0028196532,-1.171142989411976,4.510105573110617,-0.06564722857145175,2025-11-10,2025-11-03,2025-11-17,2025-11-07,6.218600119691729,0.10578842315369262,0.10578842315369262,0.003992015968063872,0.4785103744462441,0.0,0.0,0.0,2025-11-25,0.005969501034073935,-0.0019791330569763257,-0.0018381850830346035,2
2025-11-19,404.5,411.5,0.0173053152039555,True,0.0009738737506961,0.0019797432270794,False,404.8939319321566,0.0163314415,6.60606806784341,4.474146951022497,-0.20103184395606713,2025-11-11,2025-11-03,2025-11-17,2025-11-07,6.218600119691729,0.10578842315369262,0.10578842315369262,0.003992015968063872,0.4785103744462441,0.0,0.0,0.0,2025-11-26,0.006605825670234715,-0.011468243305297703,-0.010914151341025035,2
2025-11-20,406.5,413.0,0.015990159901599,True,0.0017814352684812,0.0027258592650126,False,407.22415343663766,0.0142087246,5.775846563362336,4.451587852193429,-0.18825543117965435,2025-11-12,2025-11-03,2025-11-17,2025-11-07,6.218600119691729,0.10578842315369262,0.10578842315369262,0.003992015968063872,0.4785103744462441,0.0,0.0,0.0,2025-11-28,0.007162593091102988,-0.011417705718915584,-0.010449281927920499,2
2025-11-21,400.0,411.5,0.02875,True,0.0002827841154043,0.0041355979882189,False,400.1131136461617,0.0284672159,11.386886353838293,4.437193152268411,-0.24395325448311148,2025-11-13,2025-11-03,2025-11-17,2025-11-07,6.218600119691729,0.10578842315369262,0.10578842315369262,0.003992015968063872,0.4785103744462441,0.0,0.0,0.0,2025-12-01,0.006129358942491747,-0.015308581979717205,-0.014970280879488665,2
2025-11-24,407.4500122070313,405.5499877929687,-0.0046632086320743,False,-0.0025166006941951,0.0017938541516322,False,406.42462322346125,-0.0021466079,-0.8746354304925603,4.477018887290479,0.04983013551203182,2025-11-14,2025-11-10,2025-11-24,2025-11-14,6.244166900663736,-0.027237354085603113,0.027237354085603113,0.04669260700389105,0.5032266566784742,0.0,0.0,1.0986122886681098,2025-12-02,0.0041993434252426435,0.012868186273084507,0.011268825359657798,2
2025-11-25,414.2000122070313,403.75,-0.0252293865259666,False,-0.0021923562529437,0.0023931158931954,False,413.2919382202998,-0.0230370303,-9.541938220299867,4.43778241577324,0.08885452575593425,2025-11-17,2025-11-10,2025-11-24,2025-11-14,6.244166900663736,-0.027237354085603113,0.027237354085603113,0.04669260700389105,0.5032266566784742,0.0,0.0,1.0986122886681098,2025-12-03,0.004422891399372903,0.013988485144499654,0.012660198325856837,2
2025-11-26,411.5,411.9500122070313,0.0010935898105257,True,-0.0034378922828299,0.001701480038623,False,410.0853073256155,0.0045314821,1.8647048814158325,4.428478412646262,0.10959894262938338,2025-11-18,2025-11-10,2025-11-24,2025-11-14,6.244166900663736,-0.027237354085603113,0.027237354085603113,0.04669260700389105,0.5032266566784742,0.0,0.0,1.0986122886681098,2025-12-04,0.003564165633365329,0.014960155396768964,0.01314045788265454,2
2025-11-28,413.0,406.25,-0.0163438256658595,False,-0.0002834150217201,0.5610680125257776,True,412.8829495960296,-0.0160604106,-6.632949596029562,4.473703248536731,0.26250146179696277,2025-11-19,2025-11-10,2025-11-24,2025-11-14,6.244166900663736,-0.027237354085603113,0.027237354085603113,0.04669260700389105,0.5032266566784742,0.0,0.0,1.0986122886681098,2025-12-05,0.0057389970612827385,0.025827298513739293,0.025313226629577277,2
2025-12-01,411.5,396.0499877929687,-0.0375455946707929,False,-0.0007424110848162,0.3558747222867126,False,411.1944978385981,-0.0368031836,-15.144510045629431,4.458191601667556,0.39111547073884056,2025-11-20,2025-11-10,2025-11-24,2025-11-14,6.244166900663736,-0.027237354085603113,0.027237354085603113,0.04669260700389105,0.5032266566784742,0.0,0.0,1.0986122886681098,2025-12-08,0.005422545560548013,0.033224640510322326,0.032635079001625135,2
2025-12-02,405.5499877929687,394.2000122070313,-0.0279866253916187,False,0.006344521574819,0.4803200769286002,False,408.1230084401888,-0.034331147,-13.922996233157448,4.396916760574769,0.2787644414864029,2025-11-21,2025-11-17,2025-12-02,2025-11-21,6.133398042996649,0.21956521739130436,0.21956521739130436,0.05434782608695652,0.4881476887813128,0.0,0.0,0.0,2025-12-09,0.010308579790601846,0.008069116547660262,0.01149692981485807,2
2025-12-03,403.75,400.7999877929687,-0.0073065317821209,False,0.0035346288761843,0.5269813434769303,True,405.1771064087594,-0.0108411607,-4.377118615790778,4.363774460129102,0.35478783329926833,2025-11-24,2025-11-17,2025-12-02,2025-11-21,6.133398042996649,0.21956521739130436,0.21956521739130436,0.05434782608695652,0.4881476887813128,0.0,0.0,0.0,2025-12-10,0.00837131968560542,0.011661140931940851,0.01403174875707747,2
2025-12-04,411.9500122070313,405.4500122070313,-0.0157786134418982,False,0.0005560199264138,0.4630156874064789,False,412.1790646225048,-0.0163346334,-6.729052415473518,4.373078463256081,0.3340434164258192,2025-11-25,2025-11-17,2025-12-02,2025-11-21,6.133398042996649,0.21956521739130436,0.21956521739130436,0.05434782608695652,0.4881476887813128,0.0,0.0,0.0,2025-12-11,0.006317739387119488,0.010689470679671563,0.011754718393686785,2
2025-12-05,406.25,397.2000122070313,-0.022276893028846,False,0.0017363779288491,0.2839585660082488,False,406.95540353359496,-0.024013271,-9.755391326563654,4.302422592268562,0.0974418376971113,2025-11-26,2025-11-17,2025-12-02,2025-11-21,6.133398042996649,0.21956521739130436,0.21956521739130436,0.05434782608695652,0.4881476887813128,0.0,0.0,0.0,2025-12-12,0.007131528635670597,-0.006148335426141981,-0.004523176367335457,2
2025-12-08,396.0499877929687,387.7000122070313,-0.0210831355720234,False,0.001551627487961,0.4789712213069351,False,396.6645098406349,-0.0226347631,-8.964497633603571,4.431132640152677,-0.09838273845533371,2025-11-28,2025-11-24,2025-12-08,2025-11-28,6.021023349349527,-0.0535279805352798,0.0535279805352798,0.0170316301703163,0.4887144532833825,0.0,0.0,0.6931471805599453,2025-12-15,0.007004153786557347,0.004080817280070673,0.004404631614517977,2
2025-12-09,394.2000122070313,379.2999877929687,-0.0377981328073556,False,0.0009131940634394,0.5459032523132341,True,394.55999331798654,-0.0387113269,-15.260005525017846,4.671171056449883,-0.2173717494443447,2025-12-01,2025-11-24,2025-12-08,2025-11-28,6.021023349349527,-0.0535279805352798,0.0535279805352798,0.0170316301703163,0.4887144532833825,0.0,0.0,0.6931471805599453,2025-12-16,0.006563990500741168,0.0045849849851630695,0.003893633175478144,2
2025-12-10,400.7999877929687,351.8999938964844,-0.1220059765115146,False,0.0011400414075821,0.496543554830074,False,401.2569163752111,-0.1231460179,-49.356922478726744,4.482610684965385,-0.3843042321663011,2025-12-02,2025-11-24,2025-12-08,2025-11-28,6.021023349349527,-0.0535279805352798,0.0535279805352798,0.0170316301703163,0.4887144532833825,0.0,0.0,0.6931471805599453,2025-12-17,0.006720388753936237,-0.011810901984422969,-0.011976020372424505,2
2025-12-11,405.4500122070313,345.45001220703125,-0.1479837173352033,False,-0.0003228846077161,0.511983786092346,True,405.3190986388913,-0.1476608327,-59.86908643186007,4.500012960363311,-0.30504096022697286,2025-12-03,2025-11-24,2025-12-08,2025-11-28,6.021023349349527,-0.0535279805352798,0.0535279805352798,0.0170316301703163,0.4887144532833825,0.0,0.0,0.6931471805599453,2025-12-18,0.0057117850419953365,-0.0063741847226079715,-0.007163370242659805,2
2025-12-12,397.2000122070313,340.6499938964844,-0.1423716429320539,False,-0.0004703861657424,0.0115592569031607,False,397.0131748162564,-0.1419012568,-56.36318091977199,4.560910798516944,-0.2699034656831055,2025-12-04,2025-11-24,2025-12-08,2025-11-28,6.021023349349527,-0.0535279805352798,0.0535279805352798,0.0170316301703163,0.4887144532833825,0.0,0.0,0.6931471805599453,2025-12-19,0.005610091164528767,-0.0022325412523591173,-0.0032343897495787704,2
2025-12-15,387.7000122070313,347.3500061035156,-0.1040753284319445,False,9.016888581381503e-05,0.006748536872533,False,387.73497068516207,-0.1041654973,-40.38496458164644,4.4153841271907215,-0.3617838075634474,2025-12-05,2025-12-01,2025-12-15,2025-12-05,6.104793232414985,-0.33557046979865773,0.33557046979865773,0.035794183445190156,0.4491287453263672,0.0,0.0,2.1972245773362196,2025-12-22,0.0059965617719515045,-0.03421912711369615,-0.0334464830585538,2
2025-12-16,379.2999877929687,346.95001220703125,-0.0852886280702831,False,-0.0007173817811641,0.0081625455664229,False,379.02788489213026,-0.0845712463,-32.07787268509901,4.4389407343219975,-0.2814125240246511,2025-12-08,2025-12-01,2025-12-15,2025-12-05,6.104793232414985,-0.33557046979865773,0.33557046979865773,0.035794183445190156,0.4491287453263672,0.0,0.0,2.1972245773362196,2025-12-23,0.005439801832093406,-0.028513958558712967,-0.028103212496953186,2
2025-12-17,351.8999938964844,345.1499938964844,-0.0191815860104436,False,0.0005697857504445,0.0090591838721238,False,352.10050149858813,-0.0197513718,-6.950507602103755,4.466763294814541,-0.21418764364187606,2025-12-09,2025-12-01,2025-12-15,2025-12-05,6.104793232414985,-0.33557046979865773,0.33557046979865773,0.035794183445190156,0.4491287453263672,0.0,0.0,2.1972245773362196,2025-12-24,0.006327230134477931,-0.023477647576925633,-0.02255755176510264,2
2025-12-18,345.45001220703125,350.25,0.0138948838423895,True,0.0010504052933118,0.007320612719145,False,345.81287472842814,0.0128444785,4.437125271571858,4.490319901945818,-0.2288355309658197,2025-12-10,2025-12-01,2025-12-15,2025-12-05,6.104793232414985,-0.33557046979865773,0.33557046979865773,0.035794183445190156,0.4491287453263672,0.0,0.0,2.1972245773362196,2025-12-26,0.006658589786229347,-0.023610696478824415,-0.022560901848084465,2
2025-12-19,340.6499938964844,352.1499938964844,0.033758990770728,True,0.0031291416122335,0.5233077885534658,True,341.715935967593,0.0306298492,10.434057928891376,4.442541520289348,-0.28555255832392507,2025-12-11,2025-12-01,2025-12-15,2025-12-05,6.104793232414985,-0.33557046979865773,0.33557046979865773,0.035794183445190156,0.4491287453263672,0.0,0.0,2.1972245773362196,2025-12-29,0.008091759437657973,-0.028651098588653206,-0.026616756825830066,2
2025-12-22,347.3500061035156,350.20001220703125,0.0082049979946345,True,0.0025263584772584,0.4520024122205187,False,348.22753673601096,0.0056786395,1.9724754710202888,4.465707883394373,-0.2339652567366235,2025-12-12,2025-12-08,2025-12-22,2025-12-12,6.171700597410915,-0.14225941422594143,0.14225941422594143,0.02301255230125523,0.449185580794963,0.0,0.0,0.6931471805599453,2025-12-30,0.0076761749849422745,-0.01426036253268637,-0.012849168206394073,2
2025-12-23,346.95001220703125,348.75,0.0051880320785078,True,0.0027405984299571,0.3793317437215873,False,347.90086286575945,0.0024474336,0.84913713424055,4.4626543889682155,-0.3378534769469955,2025-12-15,2025-12-08,2025-12-22,2025-12-12,6.171700597410915,-0.14225941422594143,0.14225941422594143,0.02301255230125523,0.449185580794963,0.0,0.0,0.6931471805599453,2025-12-31,0.00782388116370888,-0.020742932185870464,-0.019293641595940155,2
2025-12-24,345.1499938964844,357.29998779296875,0.035202068988384,True,0.0027465259694557,0.4727237349972834,False,346.0979573180786,0.032455543,11.202030474890137,4.465235069935397,-0.37390952616093953,2025-12-16,2025-12-08,2025-12-22,2025-12-12,6.171700597410915,-0.14225941422594143,0.14225941422594143,0.02301255230125523,0.449185580794963,0.0,0.0,0.6931471805599453,2026-01-02,0.007827967862747958,-0.02287428515251604,-0.02145108656282177,2
2025-12-26,350.25,359.3500061035156,0.025981459253435,True,0.00034717343919,0.0045514023248251,False,350.3715974970763,0.0256342858,8.978408606439302,4.43316653992036,-0.4192036438079983,2025-12-17,2025-12-08,2025-12-22,2025-12-12,6.171700597410915,-0.14225941422594143,0.14225941422594143,0.02301255230125523,0.449185580794963,0.0,0.0,0.6931471805599453,2026-01-05,0.006173751693936791,-0.026701354725697398,-0.026235673872133883,2
2025-12-29,352.1499938964844,373.8500061035156,0.061621503856706,True,0.0004436626645365,0.0033689392013969,False,352.306229701093,0.0611778412,21.543776402422623,4.413149848208964,-0.4785354410430214,2025-12-18,2025-12-08,2025-12-22,2025-12-12,6.171700597410915,-0.14225941422594143,0.14225941422594143,0.02301255230125523,0.449185580794963,0.0,0.0,0.6931471805599453,2026-01-06,0.0062402754892819335,-0.030998551891101175,-0.03047087989570246,2
2025-12-30,350.20001220703125,375.4500122070313,0.0721016536831893,True,0.0006688263075407,0.0038844415262357,False,350.4342351880964,0.0714328274,25.015777018934894,4.396880720318174,-0.45253653573377123,2025-12-19,2025-12-15,2025-12-30,2025-12-19,6.118097198041348,-0.44150110375275936,0.44150110375275936,0.026490066225165563,0.453999964997582,0.0,0.0,0.0,2026-01-07,0.006395512926960475,-0.021831904604465723,-0.020783861979487592,2
2025-12-31,348.75,372.3500061035156,0.0676702683971774,True,0.0008381575260933,0.0033813434664531,False,349.0423074372251,0.0668321109,23.30769866629055,4.395852440418091,-0.3255347730074211,2025-12-22,2025-12-15,2025-12-30,2025-12-19,6.118097198041348,-0.44150110375275936,0.44150110375275936,0.026490066225165563,0.453999964997582,0.0,0.0,0.0,2026-01-08,0.0065122571052672745,-0.014062074715728411,-0.012863824708214188,2
2026-01-02,357.29998779296875,357.6499938964844,0.0009795861054393,True,0.0026217774221066,0.3479193516049161,False,358.2367488338833,-0.0016421913,-0.5867549373989505,4.340018163861315,-0.38303589257750625,2025-12-23,2025-12-15,2025-12-30,2025-12-19,6.118097198041348,-0.44150110375275936,0.44150110375275936,0.026490066225165563,0.453999964997582,0.0,0.0,0.0,2026-01-09,0.006938187517484023,-0.01371907118808504,-0.010460782973659773,3
2026-01-05,359.3500061035156,356.04998779296875,-0.0091832983289174,False,0.0026734097049591,0.4363681859086485,False,360.3106958973099,-0.011856708,-4.260708104341177,4.305285465051147,-0.22054879247430703,2025-12-24,2025-12-15,2025-12-30,2025-12-19,6.118097198041348,-0.44150110375275936,0.44150110375275936,0.026490066225165563,0.453999964997582,0.0,0.0,0.0,2026-01-12,0.006981462736971708,-0.005625057581079903,-0.0023487589453956544,3
2026-01-06,373.8500061035156,360.25,-0.0363782422936483,False,0.0005720826395966,0.4177981152516528,False,374.0638792018205,-0.0369503249,-13.813879201820498,4.425553391312512,-0.029460026870978373,2025-12-26,2025-12-22,2026-01-06,2025-12-26,6.021023349349527,0.11678832116788321,0.11678832116788321,0.014598540145985401,0.5200300508013967,0.0,0.0,0.0,2026-01-13,0.005220250856630183,0.01111733097396885,0.011126670265986903,3
2026-01-07,375.4500122070313,356.0,-0.051804532093892,False,0.001067102604264,0.4010810007697126,False,375.8506558928284,-0.0528716347,-19.8506558928284,4.631234997311484,0.07710010769588453,2025-12-29,2025-12-22,2026-01-06,2025-12-26,6.021023349349527,0.11678832116788321,0.11678832116788321,0.014598540145985401,0.5200300508013967,0.0,0.0,0.0,2026-01-14,0.005635148212281987,0.0170165736764325,0.01666393694024746,3
2026-01-08,372.3500061035156,358.1000061035156,-0.0382704438469605,False,0.0010462252400467,0.3949004576386551,False,372.7395680780327,-0.0393166691,-14.63956197451705,4.3897519676081025,0.11244234931028323,2025-12-30,2025-12-22,2026-01-06,2025-12-26,6.021023349349527,0.11678832116788321,0.11678832116788321,0.014598540145985401,0.5200300508013967,0.0,0.0,0.0,2026-01-15,0.005617650002462192,0.018171801672590512,0.01854273982872144,3
2026-01-09,357.6499938964844,355.29998779296875,-0.0065706868268416,False,0.0030311326392897,0.3411787147365004,False,358.7340784664258,-0.0096018195,-3.4340906734570353,4.3931133912713785,0.19239559302740772,2025-12-31,2025-12-22,2026-01-06,2025-12-26,6.021023349349527,0.11678832116788321,0.11678832116788321,0.014598540145985401,0.5200300508013967,0.0,0.0,0.0,2026-01-16,0.0072812855928225655,0.022207453102304608,0.024022331466342417,3
2026-01-12,356.04998779296875,346.5,-0.0268220421861712,False,0.0033867248078922,0.3691542570453891,False,357.2558311194769,-0.030208767,-10.755831119476907,4.5368494877844,0.04910091565601312,2026-01-02,2025-12-29,2026-01-12,2026-01-02,5.988961416889864,-0.002512562814070352,0.002512562814070352,0.01256281407035176,0.4858426267619625,0.0,0.0,0.0,2026-01-20,0.007579322562993648,0.01696953791946797,0.018714782857754818,3
2026-01-13,360.25,347.5,-0.0353920888272033,False,0.0027263890011641,0.3103583915360081,False,361.2321816376694,-0.0381184778,-13.732181637669385,4.670612503764484,-0.07476719931082337,2026-01-05,2025-12-29,2026-01-12,2026-01-02,5.988961416889864,-0.002512562814070352,0.002512562814070352,0.01256281407035176,0.4858426267619625,0.0,0.0,0.0,2026-01-21,0.007025866945829259,0.011076860780352318,0.011991646466709143,3
2026-01-14,356.0,347.70001220703125,-0.0233145724521594,False,0.0013893608180457,0.2619289993918443,False,356.49461245122427,-0.0247039333,-8.79460024419302,4.496244709903818,-0.17950177606835566,2026-01-06,2025-12-29,2026-01-12,2026-01-02,5.988961416889864,-0.002512562814070352,0.002512562814070352,0.01256281407035176,0.4858426267619625,0.0,0.0,0.0,2026-01-22,0.005905246572506581,0.005350588582158858,0.005881622205647804,3
2026-01-15,358.1000061035156,350.8999938964844,-0.020106149355803,False,-5.313490993652101e-05,0.2118106802835236,False,358.08097849194303,-0.0200530144,-7.1809845954586535,4.528057648829757,-0.3337830015200446,2026-01-07,2025-12-29,2026-01-12,2026-01-02,5.988961416889864,-0.002512562814070352,0.002512562814070352,0.01256281407035176,0.4858426267619625,0.0,0.0,0.0,2026-01-23,0.004696229349371011,-0.002337679806565177,-0.002886845167638555,3
2026-01-16,355.29998779296875,356.25,0.002673831240278,True,-0.0020623094403189,0.001706767567003,False,354.56724927399813,0.0047361407,1.6827507260018706,4.5805305017232545,-0.3536377230696814,2026-01-08,2025-12-29,2026-01-12,2026-01-02,5.988961416889864,-0.002512562814070352,0.002512562814070352,0.01256281407035176,0.4858426267619625,0.0,0.0,0.0,2026-01-26,0.0030122544408868754,-0.0032019174927844516,-0.0054400665131469576,3
2026-01-20,346.5,367.25,0.0598845598845598,True,-0.001768841080575,0.0023859166812628,False,345.88709656558075,0.061653401,21.362903434419252,4.436794405210232,-0.2559570807860061,2026-01-09,2026-01-05,2026-01-20,2026-01-09,6.156978985585555,-0.3057324840764331,0.3057324840764331,0.08492569002123142,0.42989676395909,0.0,0.0,1.0986122886681098,2026-01-27,0.0032582227959349905,-0.018554158423261365,-0.019161567430153806,3
2026-01-21,347.5,351.0,0.0100719424460431,True,-0.0015782083471909,0.0045104432334086,False,346.9515725993511,0.0116501508,4.0484274006489045,4.427724841214541,-0.24514294237734657,2026-01-12,2026-01-05,2026-01-20,2026-01-09,6.156978985585555,-0.3057324840764331,0.3057324840764331,0.08492569002123142,0.42989676395909,0.0,0.0,1.0986122886681098,2026-01-28,0.0034180002243764484,-0.01803295693829434,-0.018474354017398255,3
2026-01-22,347.70001220703125,345.5,-0.0063273285297479,False,-0.0008145204580659,0.0042885045079862,False,347.4168034338188,-0.0055128081,-1.9168034338188136,4.436236764098301,-0.22807583384379232,2026-01-13,2026-01-05,2026-01-20,2026-01-09,6.156978985585555,-0.3057324840764331,0.3057324840764331,0.08492569002123142,0.42989676395909,0.0,0.0,1.0986122886681098,2026-01-29,0.004058079631990162,-0.017151324399465224,-0.017049008378763705,3
2026-01-23,350.8999938964844,332.25,-0.053149028842634,False,0.0003545907086908,0.327672427830461,False,351.02441977399974,-0.0535036196,-18.77441977399974,4.417762100072097,-0.2556755402298946,2026-01-14,2026-01-05,2026-01-20,2026-01-09,6.156978985585555,-0.3057324840764331,0.3057324840764331,0.08492569002123142,0.42989676395909,0.0,0.0,1.0986122886681098,2026-01-30,0.005037961588622475,-0.018589223923212748,-0.01751066413445248,3
2026-01-26,356.25,333.25,-0.0645614035087719,False,-0.0006785194831277,0.3131752330468145,False,356.0082774341357,-0.063882884,-22.75827743413572,4.384351283139464,-0.26622499077934514,2026-01-15,2026-01-05,2026-01-20,2026-01-09,6.156978985585555,-0.3057324840764331,0.3057324840764331,0.08492569002123142,0.42989676395909,0.0,0.0,1.0986122886681098,2026-02-02,0.004172067852456864,-0.019207011099826053,-0.018804507651322737,3
2026-01-27,367.25,317.1000061035156,-0.1365554632988002,False,-0.0019309985017589,0.3034594204694086,False,366.540840800229,-0.1346244648,-49.44083469671335,4.421961729440052,-0.23693437293037486,2026-01-16,2026-01-12,2026-01-27,2026-01-16,6.131226489483141,-0.25925925925925924,0.25925925925925924,0.04139433551198257,0.4265068173028428,0.0,0.0,1.6094379124341003,2026-02-03,0.003122311741733934,-0.024432613422064143,-0.02522904163908017,3
2026-01-28,351.0,308.6499938964844,-0.1206552880442041,False,-0.0001469724017002,0.2353822835645285,False,350.9484126870032,-0.1205083156,-42.29841879051884,4.475067995372891,-0.1534612254675901,2026-01-20,2026-01-12,2026-01-27,2026-01-16,6.131226489483141,-0.25925925925925924,0.25925925925925924,0.04139433551198257,0.4265068173028428,0.0,0.0,1.6094379124341003,2026-02-04,0.00461758014333362,-0.02009096356455169,-0.01975836340307898,3
2026-01-29,345.5,308.3999938964844,-0.1073806254805083,False,0.0005763393410167,0.2882847237036819,False,345.6991252423213,-0.1079569648,-37.29913134583694,4.477826659799357,-0.13605120981813784,2026-01-21,2026-01-12,2026-01-27,2026-01-16,6.131226489483141,-0.25925925925925924,0.25925925925925924,0.04139433551198257,0.4265068173028428,0.0,0.0,1.6094379124341003,2026-02-05,0.005223818579730372,-0.019206946472922516,-0.018343518921098444,3
2026-01-30,332.25,296.54998779296875,-0.1074492466727803,False,0.0009108492179801,0.1967006752442896,False,332.5526296526739,-0.1083600959,-36.002641859705136,4.510491671020017,-7.671072888464359e-05,2026-01-22,2026-01-12,2026-01-27,2026-01-16,6.131226489483141,-0.25925925925925924,0.25925925925925924,0.04139433551198257,0.4265068173028428,0.0,0.0,1.6094379124341003,2026-02-06,0.0055041855816648794,-0.012273885961963635,-0.01136876711356579,3
2026-02-02,333.25,299.8500061035156,-0.1002250379489403,False,0.0007693687067704,0.2766964382747932,False,333.50639212153123,-0.1009944067,-33.65638601801561,4.543902487952651,0.0208623502101763,2026-01-23,2026-01-19,2026-02-02,2026-01-23,6.161207321695077,-0.004228329809725159,0.004228329809725159,0.008456659619450317,0.4774630906816977,0.0,0.0,0.0,2026-02-09,0.005385604728028784,0.0128792824010966,0.013408407011300492,3
2026-02-03,317.1000061035156,294.20001220703125,-0.0722169456187546,False,0.0007345194815414,0.2083183228877397,False,317.33292223559556,-0.0729514651,-23.13291002856431,4.743608253974876,-0.055880230880230884,2026-01-26,2026-01-19,2026-02-02,2026-01-23,6.161207321695077,-0.004228329809725159,0.004228329809725159,0.008456659619450317,0.4774630906816977,0.0,0.0,0.0,2026-02-10,0.005356396105294263,0.00953077226669246,0.00946021001941054,3
2026-02-04,308.6499938964844,294.79998779296875,-0.0448728539685656,False,0.0009271662848208,0.2256311206634806,False,308.93616376463535,-0.0458000203,-14.136175971666605,4.495022244459051,-0.13762626262626262,2026-01-27,2026-01-19,2026-02-02,2026-01-23,6.161207321695077,-0.004228329809725159,0.004228329809725159,0.008456659619450317,0.4774630906816977,0.0,0.0,0.0,2026-02-11,0.0055178616116584355,0.004770311383915213,0.005704524013172745,3
2026-02-05,308.3999938964844,299.6499938964844,-0.0283722444006823,False,0.0001977955218528,0.2564015015728503,False,308.4609940342165,-0.0285700399,-8.811000137732151,4.4557992686737915,-0.2201592193117617,2026-01-28,2026-01-19,2026-02-02,2026-01-23,6.161207321695077,-0.004228329809725159,0.004228329809725159,0.008456659619450317,0.4774630906816977,0.0,0.0,0.0,2026-02-12,0.004906544851841514,0.0005119382224068247,0.0010796071103560904,3
2026-02-06,296.54998779296875,300.04998779296875,0.0118023946857939,True,0.001869975237806,0.2877702537262712,False,297.10452892691325,0.0099324194,2.945458866055503,4.429483997116048,-0.34952429867684104,2026-01-29,2026-01-19,2026-02-02,2026-01-23,6.161207321695077,-0.004228329809725159,0.004228329809725159,0.008456659619450317,0.4774630906816977,0.0,0.0,0.0,2026-02-13,0.006308070026264963,-0.006071800066013998,-0.004035122411411423,3
2026-02-09,299.8500061035156,284.6000061035156,-0.0508587616794489,False,0.0032384837491578,0.348841191449578,False,300.82106547546675,-0.0540972454,-16.221059371951128,4.373649720559273,-0.42690898295807705,2026-01-30,2026-01-26,2026-02-09,2026-01-30,6.091309882077698,-0.3219954648526077,0.3219954648526077,0.04308390022675737,0.4261846100774633,0.0,0.0,1.0986122886681098,2026-02-17,0.007455075405994129,-0.029768701531448494,-0.026179446579627966,3
2026-02-10,294.20001220703125,287.54998779296875,-0.0226037530188232,False,0.002929400812953,0.3730326382131893,False,295.0618419619613,-0.0255331538,-7.511854168992556,4.375743980532733,-0.4382610979751135,2026-02-02,2026-01-26,2026-02-09,2026-01-30,6.091309882077698,-0.3219954648526077,0.3219954648526077,0.04308390022675737,0.4261846100774633,0.0,0.0,1.0986122886681098,2026-02-18,0.0071960198081161145,-0.030335047386128914,-0.02697985800715015,3
2026-02-11,294.79998779296875,287.3999938964844,-0.025101744243223,False,0.002799801831798,0.3621617880566918,False,295.62536933880557,-0.0279015461,-8.225375442321194,4.361553633338277,-0.35368398354725283,2026-02-03,2026-01-26,2026-02-09,2026-01-30,6.091309882077698,-0.3219954648526077,0.3219954648526077,0.04308390022675737,0.4261846100774633,0.0,0.0,1.0986122886681098,2026-02-19,0.007087397371822044,-0.02611192324451572,-0.022879523492122023,3
2026-02-12,299.6499938964844,288.29998779296875,-0.0378775449180771,False,0.0031829919056756,0.2684115557937734,False,300.60377740159265,-0.0410605368,-12.303789608623902,4.416574291387261,-0.21965530036602726,2026-02-04,2026-01-26,2026-02-09,2026-01-30,6.091309882077698,-0.3219954648526077,0.3219954648526077,0.04308390022675737,0.4261846100774633,0.0,0.0,1.0986122886681098,2026-02-20,0.007408565324049297,-0.01921902165049885,-0.015977205328658373,3
2026-02-13,300.04998779296875,281.1499938964844,-0.0629894839706681,False,-0.0005484552841437,0.0196085991755113,False,299.8854237916564,-0.0624410287,-18.735429895172047,4.393407928282236,-0.22878228449301147,2026-02-05,2026-01-26,2026-02-09,2026-01-30,6.091309882077698,-0.3219954648526077,0.3219954648526077,0.04308390022675737,0.4261846100774633,0.0,0.0,1.0986122886681098,2026-02-23,0.00428108020766498,-0.019738657071869056,-0.019272425159522114,3
2026-02-17,284.6000061035156,288.25,0.0128249958475292,True,-0.000675707066746,0.0184728047776247,False,284.4076998681955,0.0135007029,3.8423001318045062,4.4096770561730265,-0.0760729248871001,2026-02-06,2026-02-02,2026-02-17,2026-02-06,6.1224928095143865,-0.07912087912087912,0.07912087912087912,0.1956043956043956,0.4723770788339518,0.0,0.0,1.0986122886681098,2026-02-24,0.0041744250586365035,0.005357833107415454,0.004015622883936881,3
2026-02-18,287.54998779296875,288.29998779296875,0.0026082421555864,True,-0.0006616793514504,0.0313593654099329,False,287.3597219035363,0.0032699215,0.9402658894324532,4.406527384779398,-0.031826517401303066,2026-02-09,2026-02-02,2026-02-17,2026-02-06,6.1224928095143865,-0.07912087912087912,0.07912087912087912,0.1956043956043956,0.4723770788339518,0.0,0.0,1.0986122886681098,2026-02-25,0.004186182285409955,0.007578213869507475,0.006220813713077793,3
2026-02-19,287.3999938964844,286.0,-0.0048712384349897,False,0.0002652374150442,0.0326799061096132,False,287.4762231279492,-0.0051364759,-1.476223127949197,4.417959067547388,-0.06663837361320132,2026-02-10,2026-02-02,2026-02-17,2026-02-06,6.1224928095143865,-0.07912087912087912,0.07912087912087912,0.1956043956043956,0.4723770788339518,0.0,0.0,1.0986122886681098,2026-02-26,0.004963070780374646,0.005854446632085281,0.005198585599276204,3
2026-02-20,288.29998779296875,284.6000061035156,-0.0128337906559681,False,-6.734207281123781e-05,0.0615655184158156,False,288.2805730741993,-0.0127664486,-3.680566970683685,4.359576985835128,-0.21305747175643738,2026-02-11,2026-02-02,2026-02-17,2026-02-06,6.1224928095143865,-0.07912087912087912,0.07912087912087912,0.1956043956043956,0.4723770788339518,0.0,0.0,1.0986122886681098,2026-02-27,0.004684321719924197,-0.0016712126669087383,-0.0022769826564212657,3
2026-02-23,281.1499938964844,288.3500061035156,0.0256091494338861,True,-0.0014073195314005,0.0566653309203274,False,280.75432601882073,0.027016469,7.595680084694891,4.388897680673503,-0.14234318604215165,2026-02-12,2026-02-02,2026-02-17,2026-02-06,6.1224928095143865,-0.07912087912087912,0.07912087912087912,0.1956043956043956,0.4723770788339518,0.0,0.0,1.0986122886681098,2026-03-02,0.0035612294329792635,0.0019662751280217893,0.00018391373518642125,3
2026-02-24,288.25,286.95001220703125,-0.0045099316321552,False,-0.0008848499816703,0.1001318668449806,False,287.99494199278354,-0.0036250817,-1.044929785752288,4.369209666110852,-0.09372163215743988,2026-02-13,2026-02-09,2026-02-24,2026-02-13,6.0867747269123065,-0.04328018223234624,0.04328018223234624,0.05922551252847381,0.4546708257993354,0.0,0.0,1.6094379124341003,2026-03-03,0.003999133457188259,-0.009597426697796372,-0.010406359355847947,3
2026-02-25,288.29998779296875,290.70001220703125,0.0083247468459346,True,-0.0012106153675444,0.0859733173520058,False,287.9509673972837,0.0095353622,2.749044809747545,4.444940436242353,-0.016924726935002753,2026-02-17,2026-02-09,2026-02-24,2026-02-13,6.0867747269123065,-0.04328018223234624,0.04328018223234624,0.05922551252847381,0.4546708257993354,0.0,0.0,1.6094379124341003,2026-03-04,0.003726095586376591,-0.005533494448106251,-0.006895157714839327,3
2026-02-26,286.0,293.0,0.0244755244755243,True,-0.0014195203619097,0.0530245378145229,False,285.5940171764938,0.0258950448,7.405982823506179,4.470951061891993,0.012322360528047152,2026-02-18,2026-02-09,2026-02-24,2026-02-13,6.0867747269123065,-0.04328018223234624,0.04328018223234624,0.05922551252847381,0.4546708257993354,0.0,0.0,1.6094379124341003,2026-03-05,0.00355100339630128,-0.003993123201036748,-0.005621234223347357,3
2026-02-27,284.6000061035156,297.6000061035156,0.0456781437849709,True,0.0021768581413892,0.5331430561093086,True,285.2195399438415,0.0435012856,12.380466159674144,4.513535461340528,0.1628012877311123,2026-02-19,2026-02-09,2026-02-24,2026-02-13,6.0867747269123065,-0.04328018223234624,0.04328018223234624,0.05922551252847381,0.4546708257993354,0.0,0.0,1.6094379124341003,2026-03-06,0.006565281682924036,0.0036961387511009,0.004563581601109529,3
2026-03-02,288.3500061035156,301.75,0.0464712800861668,True,0.0029091009654505,0.5478412813767226,True,289.18884538465903,0.0435621791,12.561154615340968,4.546946278273161,0.17942466435448892,2026-02-20,2026-02-16,2026-03-02,2026-02-20,6.226536669287466,0.2613861386138614,0.2613861386138614,0.08712871287128712,0.510312663951865,0.0,0.0,1.9459101490553132,2026-03-09,0.007179005639698522,-0.005305534268065011,-0.0035494535255346828,3
2026-03-03,286.95001220703125,300.54998779296875,0.0473949294559543,True,0.0030464336147878,0.598192596762955,True,287.8241863699825,0.0443484958,12.725801422986253,4.766668736006783,0.15078659519314627,2026-02-23,2026-02-16,2026-03-02,2026-02-20,6.226536669287466,0.2613861386138614,0.2613861386138614,0.08712871287128712,0.510312663951865,0.0,0.0,1.9459101490553132,2026-03-10,0.007294109993303706,-0.006179402507539156,-0.004993957647060525,3
2026-03-04,290.70001220703125,292.0,0.0044719220446503,True,0.0030113682407563,0.5846681128138632,True,291.57541699137903,0.0014605538,0.4245830086209707,4.480519511268637,0.25389149029804137,2026-02-24,2026-02-16,2026-03-02,2026-02-20,6.226536669287466,0.2613861386138614,0.2613861386138614,0.08712871287128712,0.510312663951865,0.0,0.0,1.9459101490553132,2026-03-11,0.007264720207034407,-0.0017267891438473943,0.0002584166486437568,3
2026-03-05,293.0,296.5,0.0119453924914676,True,0.0038867089107982,0.6229774748124082,True,294.13880571086383,0.0080586836,2.361194289136165,4.411264263925071,0.10821247795236236,2026-02-25,2026-02-16,2026-03-02,2026-02-20,6.226536669287466,0.2613861386138614,0.2613861386138614,0.08712871287128712,0.510312663951865,0.0,0.0,1.9459101490553132,2026-03-12,0.007998380574730644,-0.009243307093469239,-0.006249265135300771,3
2026-03-06,297.6000061035156,290.3500061035156,-0.0243615586401506,False,0.0030586621668849,0.5415204054552454,True,298.5102639830492,-0.0274202208,-8.16025787953356,4.3849489923673275,0.1681331128729973,2026-02-26,2026-02-16,2026-03-02,2026-02-20,6.226536669287466,0.2613861386138614,0.2613861386138614,0.08712871287128712,0.510312663951865,0.0,0.0,1.9459101490553132,2026-03-13,0.007304359264627431,-0.006293413040061087,-0.003898266599229922,3
2026-03-09,301.75,297.75,-0.0132560066280033,False,0.0034142746449338,0.5021604268593892,True,302.7802573741088,-0.0166702813,-5.030257374108828,4.360428527948861,0.1856273833084442,2026-02-27,2026-02-23,2026-03-09,2026-02-27,6.056784013228625,0.2136150234741784,0.2136150234741784,0.1056338028169014,0.4851270112132537,0.0,0.0,1.0986122886681098,2026-03-16,0.007602413257012176,0.0017983082822749384,0.004596696950961773,3
2026-03-10,300.54998779296875,302.04998779296875,0.0049908503108415,True,0.0039770711495424,0.4111309172668957,False,301.74529647841547,0.0010137792,0.3046913145532812,4.361574662890658,0.06695752748491085,2026-03-02,2026-02-23,2026-03-09,2026-02-27,6.056784013228625,0.2136150234741784,0.2136150234741784,0.1056338028169014,0.4851270112132537,0.0,0.0,1.0986122886681098,2026-03-17,0.008074117022918013,-0.004175694743832468,-0.0008536712308700664,3
2026-03-11,292.0,299.70001220703125,0.0263699048186001,True,0.0041369264393324,0.3759283971307363,False,293.2079825202851,0.0222329784,6.49202968674615,4.339151203266517,-0.15755175633471782,2026-03-03,2026-02-23,2026-03-09,2026-02-27,6.056784013228625,0.2136150234741784,0.2136150234741784,0.1056338028169014,0.4851270112132537,0.0,0.0,1.0986122886681098,2026-03-18,0.008208098562562351,-0.015541430263958104,-0.011843273901042181,3
2026-03-12,296.5,306.20001220703125,0.0327150496021289,True,0.0038615898920696,0.403748542469898,False,297.64496140299866,0.0288534597,8.55505080403259,4.35568954643554,0.09513641570829294,2026-03-04,2026-02-23,2026-03-09,2026-02-27,6.056784013228625,0.2136150234741784,0.2136150234741784,0.1056338028169014,0.4851270112132537,0.0,0.0,1.0986122886681098,2026-03-19,0.007977327253267,-0.002771654338058133,0.0004577878697174919,3
2026-03-13,290.3500061035156,309.75,0.0668158894047616,True,0.0030820084516095,0.4571623800660749,False,291.24486727625157,0.063733881,18.50513272374843,4.328983267910635,0.08486224543412267,2026-03-05,2026-02-23,2026-03-09,2026-02-27,6.056784013228625,0.2136150234741784,0.2136150234741784,0.1056338028169014,0.4851270112132537,0.0,0.0,1.0986122886681098,2026-03-20,0.007323926782077033,-0.003358228803020096,-0.0006323016339059868,3
2026-03-16,297.75,307.0,0.0310663308144416,True,0.0019816707480933,0.3876374289051908,False,298.3400424652448,0.0290846601,8.659957534755222,4.31078891226949,-0.018932820979539557,2026-03-06,2026-03-02,2026-03-16,2026-03-06,6.021023349349527,-0.11435523114355231,0.11435523114355231,0.09002433090024331,0.4707833012853255,0.0,0.0,1.6094379124341003,2026-03-23,0.006401686799656147,-0.0012694946547683978,-0.0004608609949158255,3
2026-03-17,302.04998779296875,317.8500061035156,0.0523092830626978,True,0.0008233573413329,0.3338943621867868,False,302.2986828678676,0.0514859257,15.551323235648,4.336492682429685,0.11582858619566072,2026-03-09,2026-03-02,2026-03-16,2026-03-06,6.021023349349527,-0.11435523114355231,0.11435523114355231,0.09002433090024331,0.4707833012853255,0.0,0.0,1.6094379124341003,2026-03-24,0.005430854906433778,0.00558445477386493,0.005315043964269767,3
2026-03-18,299.70001220703125,316.1000061035156,0.054721365460457,True,0.0009082584726499,0.2758956084451832,False,299.97221728237156,0.053813107,16.127788821144065,4.376318417451753,0.15468239872601527,2026-03-10,2026-03-02,2026-03-16,2026-03-06,6.021023349349527,-0.11435523114355231,0.11435523114355231,0.09002433090024331,0.4707833012853255,0.0,0.0,1.6094379124341003,2026-03-25,0.005502014167452547,0.007644428082707528,0.007281742322724936,3
2026-03-19,306.20001220703125,307.6499938964844,0.004735407026936,True,-0.000618685876506,0.3618093964257926,False,306.01057058409276,0.0053540929,1.6394233123916138,4.411189094880708,0.18397620866498648,2026-03-11,2026-03-02,2026-03-16,2026-03-06,6.021023349349527,-0.11435523114355231,0.11435523114355231,0.09002433090024331,0.4707833012853255,0.0,0.0,1.6094379124341003,2026-03-26,0.004222216951358629,0.009210077760783072,0.007543660005872914,3
2026-03-20,309.75,301.70001220703125,-0.0259886611556698,False,-0.0012239521971632,0.2856134595436694,False,309.3708808069287,-0.024764709,-7.67086859989746,4.444049705138963,0.14873145342023122,2026-03-12,2026-03-02,2026-03-16,2026-03-06,6.021023349349527,-0.11435523114355231,0.11435523114355231,0.09002433090024331,0.4707833012853255,0.0,0.0,1.6094379124341003,2026-03-27,0.0037149174203700208,0.007519953855714079,0.005314249926659508,3
2026-03-23,307.0,292.54998779296875,-0.0470684436711115,False,-0.0006924552771365,0.2393044505389737,False,306.7874162299191,-0.0463759884,-14.237428436950324,4.413219569173512,0.36029566522790013,2026-03-13,2026-03-09,2026-03-23,2026-03-13,6.135564891081739,0.3492407809110629,0.3492407809110629,0.1822125813449024,0.4988263627695342,0.0,0.0,1.3862943611198906,2026-03-30,0.004160387668836302,0.0041430637954446735,0.003791772692990276,3
2026-03-24,317.8500061035156,298.3500061035156,-0.061349692073466,False,-0.0016572197888421,0.2780287240924312,False,317.3232587835173,-0.0596924723,-18.97325268000168,4.410181536074717,0.358213303145538,2026-03-16,2026-03-09,2026-03-23,2026-03-13,6.135564891081739,0.3492407809110629,0.3492407809110629,0.1822125813449024,0.4988263627695342,0.0,0.0,1.3862943611198906,2026-03-31,0.0033517773635887115,0.0040303219539839855,0.00295178843782212,3
2026-03-25,316.1000061035156,297.79998779296875,-0.0578931286213073,False,-0.0008938081523488,0.3116780120075775,False,315.81747334110275,-0.0569993205,-18.017485548134005,4.39277926067679,0.4423303128963506,2026-03-17,2026-03-09,2026-03-23,2026-03-13,6.135564891081739,0.3492407809110629,0.3492407809110629,0.1822125813449024,0.4988263627695342,0.0,0.0,1.3862943611198906,2026-04-01,0.003991625232083672,0.008221961504105944,0.0077148976321409725,3
2026-03-26,307.6499938964844,295.3999938964844,-0.0398179757615135,False,0.0007673236750992,0.3589925141092646,False,307.88606102044525,-0.0405852994,-12.48606712396088,4.334351976116558,0.4027725733386111,2026-03-18,2026-03-09,2026-03-23,2026-03-13,6.135564891081739,0.3492407809110629,0.3492407809110629,0.1822125813449024,0.4988263627695342,0.0,0.0,1.3862943611198906,2026-04-02,0.005383890699720502,0.006078402851368233,0.0070610857951911,3
2026-03-27,301.70001220703125,298.04998779296875,-0.0120981911381488,False,-0.0005712469493047,0.0681393841067343,False,301.5276669954528,-0.0115269442,-3.477679202484069,4.3050312812781835,0.40821213377817156,2026-03-19,2026-03-09,2026-03-23,2026-03-13,6.135564891081739,0.3492407809110629,0.3492407809110629,0.1822125813449024,0.4988263627695342,0.0,0.0,1.3862943611198906,2026-04-06,0.004261977540538102,0.006276507052308522,0.00632327716147576,3
2026-03-30,292.54998779296875,286.1000061035156,-0.0220474515760965,False,0.0005672035881016,0.0577569893037768,False,292.71592319574404,-0.0226146552,-6.615917092228415,4.3012928546757525,0.1447868797868798,2026-03-20,2026-03-16,2026-03-30,2026-03-20,6.049733455231958,0.21513002364066194,0.21513002364066194,0.10401891252955082,0.5275217016823072,0.0,0.0,0.0,2026-04-07,0.005216161515375584,0.017760080088760826,0.018172091983997496,3
2026-03-31,298.3500061035156,294.04998779296875,-0.0144126637257548,False,-0.000263316698017,0.0529449200151082,False,298.2714455650551,-0.014149347,-4.221457772086353,4.269268685313001,0.023186632644463967,2026-03-23,2026-03-16,2026-03-30,2026-03-20,6.049733455231958,0.21513002364066194,0.21513002364066194,0.10401891252955082,0.5275217016823072,0.0,0.0,0.0,2026-04-08,0.004520067024000255,0.011552656483775767,0.011529526049800842,3
2026-04-01,297.79998779296875,293.70001220703125,-0.013767547864333,False,-0.0006163446478293,0.0762095555655165,False,297.6164403643689,-0.0131512032,-3.9164281573376343,4.272276260785909,-0.1600767706189393,2026-03-24,2026-03-16,2026-03-30,2026-03-20,6.049733455231958,0.21513002364066194,0.21513002364066194,0.10401891252955082,0.5275217016823072,0.0,0.0,0.0,2026-04-09,0.004224179235016404,0.0023301280598529385,0.0021760595645944764,3
2026-04-02,295.3999938964844,300.1000061035156,0.0159106713071843,True,0.0001974203311428,0.0939577211588473,False,295.458311861099,0.015713251,4.641694242416634,4.3111074636741,-0.34976469463522153,2026-03-25,2026-03-16,2026-03-30,2026-03-20,6.049733455231958,0.21513002364066194,0.21513002364066194,0.10401891252955082,0.5275217016823072,0.0,0.0,0.0,2026-04-10,0.004906230388497497,-0.007123287234626308,-0.006623778371114868,3
2026-04-06,298.04998779296875,300.8500061035156,0.0093944587325123,True,0.0009003596850121,0.4245189973765857,False,298.3183399860959,0.008494099,2.531666117419718,4.331124155385497,-0.4987278282757745,2026-03-26,2026-03-16,2026-03-30,2026-03-20,6.049733455231958,0.21513002364066194,0.21513002364066194,0.10401891252955082,0.5275217016823072,0.0,0.0,0.0,2026-04-13,0.005495393856479877,-0.014574225230499446,-0.01347921490632588,3
2026-04-07,286.1000061035156,302.6499938964844,0.0578468627749022,True,0.0047734007890443,0.5509338896889392,True,287.4656760983957,0.053073462,15.18431779808867,4.365692717953378,-0.4242861409308613,2026-03-27,2026-03-23,2026-04-07,2026-03-27,6.049733455231958,-0.39243498817966904,0.39243498817966904,0.05200945626477541,0.4514102375231558,0.0,0.0,1.6094379124341003,2026-04-14,0.008741554874396353,-0.028592540202334673,-0.024799398095676002,3
2026-04-08,294.04998779296875,304.25,0.0346880211884679,True,0.0020478269220245,0.5686769795556261,True,294.65215127439217,0.0326401943,9.597848725607832,4.3946319932510045,-0.3454583296858814,2026-03-30,2026-03-23,2026-04-07,2026-03-27,6.049733455231958,-0.39243498817966904,0.39243498817966904,0.05200945626477541,0.4514102375231558,0.0,0.0,1.6094379124341003,2026-04-15,0.006457135112013686,-0.02454739057808451,-0.02299699677084288,3
2026-04-09,293.70001220703125,296.45001220703125,0.0093632954909839,True,0.0017576678201007,0.5129817332352881,True,294.2162392672507,0.0076056277,2.233772939780522,4.382320414651118,-0.3801601869683839,2026-03-31,2026-03-23,2026-04-07,2026-03-27,6.049733455231958,-0.39243498817966904,0.39243498817966904,0.05200945626477541,0.4514102375231558,0.0,0.0,1.6094379124341003,2026-04-16,0.006213940387155723,-0.026327052738802075,-0.024931433543132965,3
2026-04-10,300.1000061035156,289.29998779296875,-0.0359880642815499,False,-0.001080393183365,0.5148483151284114,True,299.77578010259356,-0.0349076711,-10.475792309624808,4.332477256326321,-0.46110163358147227,2026-04-01,2026-03-23,2026-04-07,2026-03-27,6.049733455231958,-0.39243498817966904,0.39243498817966904,0.05200945626477541,0.4514102375231558,0.0,0.0,1.6094379124341003,2026-04-17,0.003835240355718443,-0.030532746821577642,-0.031085537450140935,3
2026-04-13,300.8500061035156,292.20001220703125,-0.0287518488316337,False,-0.0013542636527615,0.4589822648452106,False,300.44257587531655,-0.0273975852,-8.2425636682853,4.305316948094509,-0.5143871771895966,2026-04-02,2026-03-30,2026-04-13,2026-04-02,5.8888779583328805,-0.2916666666666667,0.2916666666666667,0.008333333333333333,0.4583597061285873,0.0,0.0,0.0,2026-04-20,0.003605697828842639,-0.018690302643480438,-0.019067976931765825,3
2026-04-14,302.6499938964844,289.0,-0.0451015832538,False,-0.0010538750649903,0.4075503694872275,False,302.33103861449734,-0.0440477082,-13.331038614497343,4.5711441375504975,-0.3969106561606051,2026-04-06,2026-03-30,2026-04-13,2026-04-02,5.8888779583328805,-0.2916666666666667,0.2916666666666667,0.008333333333333333,0.4583597061285873,0.0,0.0,0.0,2026-04-21,0.0038574663222972197,-0.012085615915281806,-0.013174492599844474,3
2026-04-15,304.25,302.3999938964844,-0.0060805459441762,False,-0.0008033984733323,0.46796894384302,False,304.00556601448864,-0.0052771475,-1.605572118004261,4.32367643791655,-0.3803386864636354,2026-04-07,2026-03-30,2026-04-13,2026-04-02,5.8888779583328805,-0.2916666666666667,0.2916666666666667,0.008333333333333333,0.4583597061285873,0.0,0.0,0.0,2026-04-22,0.0040674014419876045,-0.011891263385622155,-0.012014532539614068,3
2026-04-16,296.45001220703125,316.3500061035156,0.0671276541644627,True,-0.0006227832948022,0.508091987327886,True,296.26538809168477,0.0677504375,20.084618011830855,4.307138094747527,-0.2191615500742749,2026-04-08,2026-03-30,2026-04-13,2026-04-02,5.8888779583328805,-0.2916666666666667,0.2916666666666667,0.008333333333333333,0.4583597061285873,0.0,0.0,0.0,2026-04-23,0.004218782730241436,-0.0038161503851650317,-0.0038794836538513598,3
2026-04-17,289.29998779296875,309.79998779296875,0.0708607012270956,True,-0.0010092908651498,0.0250613215569236,False,289.00799995800134,0.0718699921,20.791987834967415,4.318150050184133,0.0005587296460048075,2026-04-09,2026-03-30,2026-04-13,2026-04-02,5.8888779583328805,-0.2916666666666667,0.2916666666666667,0.008333333333333333,0.4583597061285873,0.0,0.0,0.0,2026-04-24,0.0038948342426599943,0.007278853415419484,0.006706064430868187,3
2026-04-20,292.20001220703125,304.1000061035156,0.0407255078690855,True,-0.0005012300012424,0.0339932302223307,False,292.05355279454966,0.0412267379,12.046453308965964,4.366382461547511,0.07946372159447501,2026-04-10,2026-04-06,2026-04-20,2026-04-10,6.161207321695077,0.09302325581395349,0.09302325581395349,0.016913319238900635,0.5062401353787299,0.0,0.0,0.0,2026-04-27,0.004320661732440092,0.01484238796284337,0.014769191236602025,3
2026-04-21,289.0,306.3999938964844,0.0602075913373161,True,-0.0001201455425497,0.030914452362323,False,288.96527793820314,0.0603277369,17.43471595828123,4.3254999586258815,0.05737413019944648,2026-04-13,2026-04-06,2026-04-20,2026-04-10,6.161207321695077,0.09302325581395349,0.09302325581395349,0.016913319238900635,0.5062401353787299,0.0,0.0,0.0,2026-04-28,0.004640064878731038,0.013624033079337985,0.013990599603413166,3
2026-04-22,302.3999938964844,305.25,0.0094246235484092,True,-0.0012373165832327,0.0386587363134728,False,302.0258293692668,0.0106619401,3.2241706307332265,4.332518222588135,-0.021094769322084615,2026-04-14,2026-04-06,2026-04-20,2026-04-10,6.161207321695077,0.09302325581395349,0.09302325581395349,0.016913319238900635,0.5062401353787299,0.0,0.0,0.0,2026-04-29,0.0037037161581262423,0.009689999877527077,0.009242714822340932,3
2026-04-23,316.3500061035156,300.8999938964844,-0.0488383496410482,False,-0.002849686225115,0.0257941117774308,False,315.44850784880737,-0.0459886634,-14.548513952322992,4.352206237150785,-0.17715157801047227,2026-04-15,2026-04-06,2026-04-20,2026-04-10,6.161207321695077,0.09302325581395349,0.09302325581395349,0.016913319238900635,0.5062401353787299,0.0,0.0,0.0,2026-04-30,0.0023523203589695613,0.001880928848796557,0.00026341140454027266,3
2026-04-24,309.79998779296875,302.0,-0.02517749548196,False,-0.0033006597762195,0.0189065359311464,False,308.7774434345872,-0.0218768357,-6.777443434587212,4.3820133529828835,-0.2040833961922904,2026-04-16,2026-04-06,2026-04-20,2026-04-10,6.161207321695077,0.09302325581395349,0.09302325581395349,0.016913319238900635,0.5062401353787299,0.0,0.0,0.0,2026-05-01,0.0019743401820531067,0.0006015964707169223,-0.0014341239926183892,3
2026-04-27,304.1000061035156,302.20001220703125,-0.0062479245588624,False,-0.0028116362490485,0.0222898960110408,False,303.2449875030191,-0.0034362883,-1.0449752959878538,4.344402906682295,-0.14809560061639418,2026-04-17,2026-04-13,2026-04-27,2026-04-17,6.075346031088684,-0.08986175115207373,0.08986175115207373,0.02304147465437788,0.4678519436765017,0.0,0.0,0.6931471805599453,2026-05-04,0.0023842116675619578,-0.003491857734046343,-0.005398221933566781,3
2026-04-28,306.3999938964844,305.8500061035156,-0.0017949993600671,False,-0.0033078063641408,0.0198168350638266,False,305.38648204670085,0.001512807,0.4635240568147765,4.31080456043447,-0.0974900505353363,2026-04-20,2026-04-13,2026-04-27,2026-04-17,6.075346031088684,-0.08986175115207373,0.08986175115207373,0.02304147465437788,0.4678519436765017,0.0,0.0,0.6931471805599453,2026-05-05,0.0019683503217603556,-0.0010299753891252943,-0.003250419220534829,3
2026-04-29,305.25,299.45001220703125,-0.0190007790105446,False,-0.0032787746817433,0.0190775721021995,False,304.2491540283978,-0.0157220043,-4.799141821366561,4.327342903603491,-0.07151381963550606,2026-04-21,2026-04-13,2026-04-27,2026-04-17,6.075346031088684,-0.08986175115207373,0.08986175115207373,0.02304147465437788,0.4678519436765017,0.0,0.0,0.6931471805599453,2026-05-06,0.001992683013604287,0.0003211453967519088,-0.0019507943621071902,3
2026-04-30,300.8999938964844,291.04998779296875,-0.0327351488976906,False,-0.0021818605392714,0.0206748976254537,False,300.24347207353463,-0.0305532884,-9.193484280565883,4.342387587851009,0.07535826253069375,2026-04-22,2026-04-13,2026-04-27,2026-04-17,6.075346031088684,-0.08986175115207373,0.08986175115207373,0.02304147465437788,0.4678519436765017,0.0,0.0,0.6931471805599453,2026-05-07,0.002912053563425324,0.007757485284860339,0.006158119118724671,3
2026-05-01,302.0,289.70001220703125,-0.0407284364005587,False,0.0014860761091434,0.641743698853919,True,302.4487949849613,-0.0422145125,-12.748782777930046,4.3125804720189125,-0.05043719201476079,2026-04-23,2026-04-13,2026-04-27,2026-04-17,6.075346031088684,-0.08986175115207373,0.08986175115207373,0.02304147465437788,0.4678519436765017,0.0,0.0,0.6931471805599453,2026-05-08,0.0059863077849659435,0.0013445009329290931,0.002750254429118725,3
2026-05-04,302.20001220703125,298.6000061035156,-0.0119126603510834,False,0.0018610738626254,0.5638981678532801,True,302.76242875103486,-0.0137737342,-4.162422647519236,4.298288679222483,-0.19217833733088127,2026-04-24,2026-04-20,2026-05-04,2026-04-24,5.996452088619021,-0.04488778054862843,0.04488778054862843,0.08977556109725686,0.4595981533281245,0.0,0.0,1.0986122886681098,2026-05-11,0.006300609403890719,-0.00750654385945351,-0.0061898166355179324,3
2026-05-05,305.8500061035156,294.79998779296875,-0.03612888046439,False,0.0014857989302603,0.456674667512406,False,306.30443771540433,-0.0376146794,-11.504449922435583,4.3101264535005495,-0.2464497653957063,2026-04-27,2026-04-20,2026-05-04,2026-04-24,5.996452088619021,-0.04488778054862843,0.04488778054862843,0.08977556109725686,0.4595981533281245,0.0,0.0,1.0986122886681098,2026-05-12,0.005986075469516367,-0.010209368136457678,-0.009173508660299116,3
2026-05-06,299.45001220703125,296.25,-0.0106862984691376,False,0.001765424421431,0.6125360851977212,True,299.9786685715794,-0.0124517229,-3.728668571579419,4.31637696220137,-0.29907073313764176,2026-04-28,2026-04-20,2026-05-04,2026-04-24,5.996452088619021,-0.04488778054862843,0.04488778054862843,0.08977556109725686,0.4595981533281245,0.0,0.0,1.0986122886681098,2026-05-13,0.006220441525716769,-0.012843521662775855,-0.011570719644043962,3
2026-05-07,291.04998779296875,294.45001220703125,0.0116819259806359,True,0.0014850757389355,0.6170116758610731,True,291.48221906865757,0.0101968502,2.967793138373679,4.259804404998204,-0.3324040664709751,2026-04-29,2026-04-20,2026-05-04,2026-04-24,5.996452088619021,-0.04488778054862843,0.04488778054862843,0.08977556109725686,0.4595981533281245,0.0,0.0,1.0986122886681098,2026-05-14,0.005985469332007365,-0.014668780567254777,-0.01340353905736613,3
2026-05-08,289.70001220703125,284.6000061035156,-0.0176044386904303,False,0.0012411291139547,0.632833127329351,True,290.0595673264944,-0.0188455678,-5.4595612229787776,4.276908839685836,-0.28785861192552054,2026-04-30,2026-04-20,2026-05-04,2026-04-24,5.996452088619021,-0.04488778054862843,0.04488778054862843,0.08977556109725686,0.4595981533281245,0.0,0.0,1.0986122886681098,2026-05-15,0.005781007256032873,-0.012380930837421485,-0.01139305900947655,3
2026-05-11,298.6000061035156,276.20001220703125,-0.0750167228352934,False,0.0009418616354949,0.5589667105329079,True,298.8812459936231,-0.0759585845,-22.68123378659186,4.284182368520011,-0.23077456389807632,2026-05-01,2026-04-27,2026-05-11,2026-05-01,6.0014148779611505,-0.16129032258064516,0.16129032258064516,0.01488833746898263,0.4805924452816332,0.0,0.0,1.0986122886681098,2026-05-18,0.005530178412131638,-0.009049474041520466,-0.008527047731670739,3
2026-05-12,294.79998779296875,270.1499938964844,-0.0836159936132544,False,0.0012798571588942,0.4903971635885403,False,295.17728966778753,-0.0848958508,-25.02729577130316,4.306971220389855,-0.1776668825918371,2026-05-04,2026-04-27,2026-05-11,2026-05-01,6.0014148779611505,-0.16129032258064516,0.16129032258064516,0.01488833746898263,0.4805924452816332,0.0,0.0,1.0986122886681098,2026-05-19,0.005813466883081974,-0.006315667815178891,-0.005650132319968434,3
2026-05-13,296.25,268.29998779296875,-0.0943460327663502,False,0.0007668176464686,0.3559904615144899,False,296.4771697277663,-0.0951128504,-28.177181934797545,4.310024714816012,-0.21045534413029862,2026-05-05,2026-04-27,2026-05-11,2026-05-01,6.0014148779611505,-0.16129032258064516,0.16129032258064516,0.01488833746898263,0.4805924452816332,0.0,0.0,1.0986122886681098,2026-05-20,0.005383466575532175,-0.007959202407875118,-0.007669511516954974,3
2026-05-14,294.45001220703125,273.3999938964844,-0.0714892764064358,False,0.0009999665502034,0.4824368866458925,False,294.7444523699453,-0.072489243,-21.34445847346092,4.3515525877716605,-0.32399409296316517,2026-05-06,2026-04-27,2026-05-11,2026-05-01,6.0014148779611505,-0.16129032258064516,0.16129032258064516,0.01488833746898263,0.4805924452816332,0.0,0.0,1.0986122886681098,2026-05-21,0.005578878620575004,-0.013570283391504626,-0.013141970331889437,3
2026-05-15,284.6000061035156,272.3500061035156,-0.0430428662589149,False,0.0015487952739688,0.7211117146761971,True,285.04079324794026,-0.0445916615,-12.690787144424633,4.37907686334687,-0.22761728136896223,2026-05-07,2026-04-27,2026-05-11,2026-05-01,6.0014148779611505,-0.16129032258064516,0.16129032258064516,0.01488833746898263,0.4805924452816332,0.0,0.0,1.0986122886681098,2026-05-22,0.006038875393329441,-0.008644915786867258,-0.007962306322592809,3
2026-05-18,276.20001220703125,274.0,-0.0079652864221533,False,0.0034236679873317,0.9172016792773606,True,277.14562934692515,-0.0113889544,-3.1456293469251477,4.423705573609713,-0.0511218926996605,2026-05-08,2026-05-04,2026-05-18,2026-05-08,6.133398042996649,0.05217391304347826,0.05217391304347826,0.07608695652173914,0.5173445782884459,0.0,0.0,1.9459101490553132,2026-05-26,0.007610286218104239,-0.0003830626494051052,0.0007062454327080442,3
2026-05-19,270.1499938964844,269.8500061035156,-0.0011104490088705,False,0.0061765682185973,0.95850627457904,True,271.81859376303964,-0.0072870172,-1.9685876595240188,4.42164369967794,-0.1359371847958804,2026-05-11,2026-05-04,2026-05-18,2026-05-08,6.133398042996649,0.05217391304347826,0.05217391304347826,0.07608695652173914,0.5173445782884459,0.0,0.0,1.9459101490553132,2026-05-27,0.009917609372419346,-0.004660235199413869,-0.001387903561752453,3
2026-05-20,268.29998779296875,274.25,0.02217671441574,True,0.0066182182717506,0.9669072466732566,True,270.0756556744907,0.0155584961,4.17434432550931,4.4091396282816735,-0.12948069047053362,2026-05-12,2026-05-04,2026-05-18,2026-05-08,6.133398042996649,0.05217391304347826,0.05217391304347826,0.07608695652173914,0.5173445782884459,0.0,0.0,1.9459101490553132,2026-05-28,0.010287775127854885,-0.004367399095801174,-0.0007224155399566789,3
2026-05-21,273.3999938964844,265.6000061035156,-0.0285295829081912,False,0.0060046608458232,0.9446214915042528,True,275.04166813508294,-0.0345342438,-9.44166203156732,4.4027898886187575,-0.03169250415775715,2026-05-13,2026-05-04,2026-05-18,2026-05-08,6.133398042996649,0.05217391304347826,0.05217391304347826,0.07608695652173914,0.5173445782884459,0.0,0.0,1.9459101490553132,2026-05-29,0.009773526467745097,0.0005414060426145199,0.0036574147895293493,3
2026-05-22,272.3500061035156,260.6000061035156,-0.0431430135365373,False,0.0027666677970798,0.809596855009726,True,273.1035080949367,-0.0459096813,-12.503501991421103,4.39102178861417,-0.038069315751960056,2026-05-14,2026-05-04,2026-05-18,2026-05-08,6.133398042996649,0.05217391304347826,0.05217391304347826,0.07608695652173914,0.5173445782884459,0.0,0.0,1.9459101490553132,2026-06-01,0.007059626323444444,0.00018977955603568814,0.0008694822981805995,3
2026-05-26,274.0,259.20001220703125,-0.054014553988937,False,0.0024503857100357,0.6208820097181765,True,274.67140568454977,-0.0564649397,-15.471393477518518,4.346393078351328,-0.2545647044212618,2026-05-15,2026-05-11,2026-05-26,2026-05-15,6.075346031088684,-0.2073732718894009,0.2073732718894009,0.020737327188940093,0.4592879336460438,0.0,0.0,0.0,2026-06-02,0.006794536810049162,-0.005204307931475342,-0.0024533631296608455,3
2026-05-27,269.8500061035156,253.1000061035156,-0.0620715198115454,False,0.0029056841930258,0.5699226268466332,True,270.6341050007385,-0.064977204,-17.53409889722289,4.325666100413257,-0.20898426126133884,2026-05-18,2026-05-11,2026-05-26,2026-05-15,6.075346031088684,-0.2073732718894009,0.2073732718894009,0.020737327188940093,0.4592879336460438,0.0,0.0,0.0,2026-06-03,0.007176141896930441,-0.002962217544801385,0.0001662012179583748,3
2026-05-28,274.25,247.1499938964844,-0.0988149721185619,False,0.0019455372472581,0.4878933646386798,False,274.7835635900605,-0.1007605094,-27.633569693576103,4.3441407644394605,-0.14673811494374647,2026-05-19,2026-05-11,2026-05-26,2026-05-15,6.075346031088684,-0.2073732718894009,0.2073732718894009,0.020737327188940093,0.4592879336460438,0.0,0.0,0.0,2026-06-04,0.006371401770734052,0.0002206970293767976,0.002504699913816249,3
2026-05-29,265.6000061035156,246.5,-0.0719126719299529,False,0.006016896555095,0.8177620782820579,True,267.1980938652731,-0.0779295685,-20.69809386527311,4.3504905041023765,-0.06357392030414201,2026-05-20,2026-05-11,2026-05-26,2026-05-15,6.075346031088684,-0.2073732718894009,0.2073732718894009,0.020737327188940093,0.4592879336460438,0.0,0.0,0.0,2026-06-05,0.009783781737802345,0.004425804569942263,0.009738967301071705,3
2026-06-01,260.6000061035156,245.8999938964844,-0.0564083340857332,False,0.006214547468886,0.8482579695937571,True,262.2195172118379,-0.0626228816,-16.319523315353507,4.353498079575284,-0.103573920304142,2026-05-21,2026-05-11,2026-05-26,2026-05-15,6.075346031088684,-0.2073732718894009,0.2073732718894009,0.020737327188940093,0.4592879336460438,0.0,0.0,0.0,2026-06-08,0.00994944140271939,0.002418932223956994,0.007906342696865158,3
2026-06-02,259.20001220703125,244.3999938964844,-0.0570988333855694,False,0.0060115561323305,0.863954725326517,True,260.7582076299146,-0.0631103895,-16.358213733430176,4.380204358100189,0.10312160639138468,2026-05-22,2026-05-18,2026-06-02,2026-05-22,6.07073772800249,0.09722222222222222,0.09722222222222222,0.027777777777777776,0.5286687054728024,0.0,0.0,0.0,2026-06-09,0.009779305701599357,0.02129098821377659,0.025309897245265355,3
2026-06-03,253.1000061035156,248.3999938964844,-0.0185697830647579,False,0.0066187028950818,0.8662363871536293,True,254.77519984665815,-0.025188486,-6.375205950173779,4.452685481829732,0.12237550058085936,2026-05-26,2026-05-18,2026-06-02,2026-05-22,6.07073772800249,0.09722222222222222,0.09722222222222222,0.027777777777777776,0.5286687054728024,0.0,0.0,0.0,2026-06-10,0.010288181311348388,0.02244828009175339,0.02668576476833843,3
2026-06-04,247.1499938964844,253.9499969482422,0.0275136687019539,True,0.006979928939498,0.8753332295535833,True,248.87508329127925,0.0205337398,5.074913656962934,4.461319916202774,0.0837827500478103,2026-05-27,2026-05-18,2026-06-02,2026-05-22,6.07073772800249,0.09722222222222222,0.09722222222222222,0.027777777777777776,0.5286687054728024,0.0,0.0,0.0,2026-06-11,0.010590940273245086,0.020526845152587587,0.02504476151441551,3
2026-06-05,246.5,257.20001220703125,0.0434077574321754,True,0.0068948473198677,0.8618301132157318,True,248.1995798643474,0.0365129101,9.000432342683837,4.441631901640124,-0.12006019063723564,2026-05-28,2026-05-18,2026-06-02,2026-05-22,6.07073772800249,0.09722222222222222,0.09722222222222222,0.027777777777777776,0.5286687054728024,0.0,0.0,0.0,2026-06-12,0.010519629737269227,0.010209076005394377,0.014890113615297029,3
2026-06-08,245.8999938964844,262.95001220703125,0.0693372050986074,True,0.005179330979042,0.802054650881851,True,247.1735913526187,0.0641578741,15.77642085441255,4.409303631328841,-0.24863161920866422,2026-05-29,2026-05-25,2026-06-08,2026-05-29,6.07073772800249,-0.125,0.125,0.04861111111111111,0.4779047851380924,0.0,0.0,0.6931471805599453,2026-06-15,0.009081782288299627,-0.005281094013963314,-0.0015343721817261124,3
2026-06-09,244.3999938964844,277.25,0.134410830294166,True,0.0050825953872068,0.7459944330453506,True,245.64218017809608,0.1293282349,31.607819821903917,4.596277054818259,-0.4667974040411157,2026-06-01,2026-05-25,2026-06-08,2026-05-29,6.07073772800249,-0.125,0.125,0.04861111111111111,0.4779047851380924,0.0,0.0,0.6931471805599453,2026-06-16,0.009000704060925901,-0.015785520733108353,-0.012530451619657339,3
2026-06-10,248.3999938964844,277.8500061035156,0.1185588282232563,True,0.0051312272821634,0.6836419500442111,True,249.67459072205529,0.1134276009,28.17541538146034,4.335886412281031,-0.6179812438780755,2026-06-02,2026-05-25,2026-06-08,2026-05-29,6.07073772800249,-0.125,0.125,0.04861111111111111,0.4779047851380924,0.0,0.0,0.6931471805599453,2026-06-17,0.009041464527286863,-0.024073855453459872,-0.019830291890109597,3
2026-06-11,253.9499969482422,275.1000061035156,0.0832841480978006,True,0.0049444602331061,0.6986263175584672,True,255.2056426093502,0.0783396879,19.894363494165415,4.288420775019797,-0.706552672449504,2026-06-03,2026-05-25,2026-06-08,2026-05-29,6.07073772800249,-0.125,0.125,0.04861111111111111,0.4779047851380924,0.0,0.0,0.6931471805599453,2026-06-18,0.0088849270938344,-0.028657692167150844,-0.02433413834916271,3
2026-06-12,257.20001220703125,277.0,0.0769828415755706,True,0.0067929513194199,0.7767141068818246,True,258.9471593693078,0.0701898903,18.052840630692177,4.304959118188821,-0.5468469565468441,2026-06-04,2026-05-25,2026-06-08,2026-05-29,6.07073772800249,-0.125,0.125,0.04861111111111111,0.4779047851380924,0.0,0.0,0.6931471805599453,2026-06-22,0.0104342263512347,-0.020571104058289668,-0.015014767261527612,3
2026-06-15,262.95001220703125,287.95001220703125,0.0950751049226668,True,0.0064285115058715,0.7572653766276503,True,264.6403893859732,0.0886465934,23.30962282105804,4.304959118188821,-0.4254183851182728,2026-06-05,2026-06-01,2026-06-15,2026-06-05,5.998936561946683,-0.5248756218905473,0.5248756218905473,0.01990049751243781,0.4325697827511338,0.0,0.0,0.0,2026-06-23,0.010128773792291828,-0.020510969036580305,-0.014080856800913937,3
2026-06-16,277.25,291.54998779296875,0.051577954167606,True,0.0034792163959913,0.7534467999224709,True,278.2146127457886,0.0480987378,13.33537504718015,4.338747115808445,-0.21642918758740856,2026-06-08,2026-06-01,2026-06-15,2026-06-05,5.998936561946683,-0.5248756218905473,0.5248756218905473,0.01990049751243781,0.4325697827511338,0.0,0.0,0.0,2026-06-24,0.007656843709737973,-0.009897518269360518,-0.0060026108605622745,3
2026-06-17,277.8500061035156,288.79998779296875,0.0394096866975544,True,0.002227377183815,0.6973204160461112,True,278.46888286763345,0.0371823095,10.331104925335296,4.350178798576435,-0.012855506696090502,2026-06-09,2026-06-01,2026-06-15,2026-06-05,5.998936561946683,-0.5248756218905473,0.5248756218905473,0.01990049751243781,0.4325697827511338,0.0,0.0,0.0,2026-06-25,0.006607623848106422,0.00038532616450819446,0.0031200850548417144,3
2026-06-18,275.1000061035156,286.75,0.042348213878631,True,0.0022817695434101,0.6881132566024973,True,275.72772091883456,0.0400664443,11.022279081165436,4.397644435837668,0.1728587790181952,2026-06-10,2026-06-01,2026-06-15,2026-06-05,5.998936561946683,-0.5248756218905473,0.5248756218905473,0.01990049751243781,0.4325697827511338,0.0,0.0,0.0,2026-06-26,0.006653212405688804,0.009861894947967999,0.012336393086813313,3
2026-06-22,277.0,291.1000061035156,0.0509025491101646,True,0.0015819205597294,0.7664075053583312,True,277.43819199504503,0.0493206286,13.661814108470594,4.391192263394023,0.14017060697518446,2026-06-11,2026-06-01,2026-06-15,2026-06-05,5.998936561946683,-0.5248756218905473,0.5248756218905473,0.01990049751243781,0.4325697827511338,0.0,0.0,0.0,2026-06-29,0.006066639108832345,0.008198815867162128,0.010184613310397881,3
2026-06-23,287.95001220703125,311.20001220703125,0.0807431811577199,True,0.0021042370186807,0.8243132420664482,True,288.55592728224684,0.0786389441,22.64408492478441,4.414358626499047,0.23620235300693046,2026-06-12,2026-06-08,2026-06-23,2026-06-12,6.124683390894205,0.23684210526315788,0.23684210526315788,0.07456140350877193,0.4761924136244168,0.0,0.0,1.0986122886681098,2026-06-30,0.006504414821126923,-0.0007877138877299952,0.0014799753563971897,3
2026-06-24,291.54998779296875,324.29998779296875,0.1123306512475519,True,0.0011014118432869,0.7803171789909709,True,291.8711044024341,0.1112292394,32.42888339053462,4.413319663123628,0.2060703722041382,2026-06-15,2026-06-08,2026-06-23,2026-06-12,6.124683390894205,0.23684210526315788,0.23684210526315788,0.07456140350877193,0.4761924136244168,0.0,0.0,1.0986122886681098,2026-07-01,0.005663904249535133,-0.0023080403615336155,-0.0007803017600647331,3
2026-06-25,288.79998779296875,315.6499938964844,0.0929709391911868,True,0.0009846843708494,0.8521128924485256,True,289.08436462725,0.0919862548,26.565629269234364,4.389763055992351,0.11592952713371563,2026-06-16,2026-06-08,2026-06-23,2026-06-12,6.124683390894205,0.23684210526315788,0.23684210526315788,0.07456140350877193,0.4761924136244168,0.0,0.0,1.0986122886681098,2026-07-02,0.005566069973944295,-0.0069090587789188045,-0.005322500317784411,3
2026-06-26,286.75,363.9500122070313,0.2692241053427422,True,-0.0028868740642094,0.4852195627575612,False,285.922188862088,0.2721109794,78.02782334494333,4.327475824300373,0.05884269239982207,2026-06-17,2026-06-08,2026-06-23,2026-06-12,6.124683390894205,0.23684210526315788,0.23684210526315788,0.07456140350877193,0.4761924136244168,0.0,0.0,1.0986122886681098,2026-07-06,0.0023211516441621937,-0.009945481670428562,-0.011078344102720713,3
2026-06-29,291.1000061035156,331.6000061035156,0.1391274446954087,True,-0.0030515214983656,0.5488862601135882,True,290.2117081767164,0.1421789662,41.388297926799225,4.306767688512204,0.05365750721463689,2026-06-18,2026-06-15,2026-06-29,2026-06-18,5.886104031450156,0.002785515320334262,0.002785515320334262,0.0807799442896936,0.4487926296297302,0.0,0.0,0.0,2026-07-07,0.0021831536038363656,0.012277562540677616,0.010068209512879503,3
2026-06-30,311.20001220703125,324.25,0.0419344064301867,True,-0.0103003848611805,0.3767803903739303,False,307.99453231249475,0.0522347913,16.255467687505245,4.576057379026743,-0.03114974902119077,2026-06-22,2026-06-15,2026-06-29,2026-06-18,5.886104031450156,0.002785515320334262,0.002785515320334262,0.0807799442896936,0.4487926296297302,0.0,0.0,0.0,2026-07-08,-0.003892428100699301,0.008702910959371885,0.00015617361135747583,3
2026-07-01,324.29998779296875,356.95001220703125,0.1006784632841433,True,-0.0184780611292872,0.2500234707814349,False,318.3075527943032,0.1191565244,38.64245941272805,4.346733077455849,-0.08914276821839845,2026-06-23,2026-06-15,2026-06-29,2026-06-18,5.886104031450156,0.002785515320334262,0.002785515320334262,0.0807799442896936,0.4487926296297302,0.0,0.0,0.0,2026-07-09,-0.010746487535036757,0.005188642094393936,-0.008842011733224204,3
2026-07-02,315.6499938964844,343.0,0.0866466232610949,True,-0.0173384346684611,0.2396133710685128,False,310.17711709921,0.1039850579,32.82288290078998,4.346733077455848,-0.04787292694855718,2026-06-24,2026-06-15,2026-06-29,2026-06-18,5.886104031450156,0.002785515320334262,0.002785515320334262,0.0807799442896936,0.4487926296297302,0.0,0.0,0.0,2026-07-10,-0.009791317968602675,0.007267253758021215,-0.0059244617329050845,3
2026-07-06,363.9500122070313,341.3999938964844,-0.0619591085429596,False,-0.0248541987684361,0.1469323175858583,False,354.904326261863,-0.0371049098,-13.504332365378616,4.3579509707860575,-0.12390778533635675,2026-06-25,2026-06-15,2026-06-29,2026-06-18,5.886104031450156,0.002785515320334262,0.002785515320334262,0.0807799442896936,0.4487926296297302,0.0,0.0,0.0,2026-07-13,-0.016090600570017616,0.0034666807961284637,-0.015452828916469796,3
2026-07-07,331.6000061035156,337.20001220703125,0.0168878347419796,True,-0.0118789586261245,0.3254101296275047,False,327.6609433505893,0.0287667934,9.53906885644193,4.350542716449987,-0.2015431129716844,2026-06-26,2026-06-22,2026-07-07,2026-06-26,6.163314804034641,-0.10337552742616034,0.10337552742616034,0.004219409282700422,0.4505041652962583,0.0,0.0,0.0,2026-07-14,-0.005215498133271891,-0.005029205373039066,-0.0127496656911342,3
2026-07-08,324.25,334.45001220703125,0.0314572465906901,True,-0.0120089651485567,0.4277625367921648,False,320.3560930505805,0.0434662117,14.093919156450738,4.286953570431666,-0.13483822877081306,2026-06-29,2026-06-22,2026-07-07,2026-06-26,6.163314804034641,-0.10337552742616034,0.10337552742616034,0.004219409282700422,0.4505041652962583,0.0,0.0,0.0,2026-07-15,-0.005324462147300795,-0.0018340587152042382,-0.009505938359242306,3
2026-07-09,356.95001220703125,321.29998779296875,-0.0998739969040412,False,-0.0267825061780211,0.3785792449214195,False,347.3899962998517,-0.0730914907,-26.090008506882953,4.314477846006875,-0.007446924422986956,2026-06-30,2026-06-22,2026-07-07,2026-06-26,6.163314804034641,-0.10337552742616034,0.10337552742616034,0.004219409282700422,0.4505041652962583,0.0,0.0,0.0,2026-07-16,-0.017706797293836916,0.004653395982466739,-0.014519812091368005,3
2026-07-10,343.0,328.45001220703125,-0.0424197894838739,False,-0.0266414632480172,0.3227906571687902,False,333.8619781059301,-0.0157783262,-5.41196589889887,4.30812810634396,-0.025765946020697074,2026-07-01,2026-06-22,2026-07-07,2026-06-26,6.163314804034641,-0.10337552742616034,0.10337552742616034,0.004219409282700422,0.4505041652962583,0.0,0.0,0.0,2026-07-17,-0.017588583195681667,0.0037143037418755423,-0.015315839754514641,3
2026-07-13,341.3999938964844,334.3999938964844,-0.0205038082165943,False,-0.024340934331496,0.3734044563763669,False,333.08999906427687,0.0038371261,1.309994832207508,4.3288362421321285,0.06497479472004368,2026-07-02,2026-06-29,2026-07-13,2026-07-02,5.910796644040527,0.2554347826086957,0.2554347826086957,0.10054347826086957,0.5591364286971284,0.0,0.0,0.0,2026-07-20,-0.015660411743634337,0.017826506932928823,-0.0017921168731286682,3
2026-07-14,337.20001220703125,331.95001220703125,-0.0155693944541634,False,-0.0250837633541129,0.3341946654095544,False,328.7417668978261,0.0095143689,3.2082453092051537,4.656672218458696,0.22362864087388984,2026-07-06,2026-06-29,2026-07-13,2026-07-02,5.910796644040527,0.2554347826086957,0.2554347826086957,0.10054347826086957,0.5591364286971284,0.0,0.0,0.0,2026-07-21,-0.016283008445147667,0.026665592001656902,0.005306368389542038,3
2026-07-15,334.45001220703125,316.6499938964844,-0.0532217600863124,False,-0.0226136653528085,0.2481875350412939,False,326.88687155373873,-0.0306080947,-10.236877657254354,4.519156991356597,0.20228032626714826,2026-07-07,2026-06-29,2026-07-13,2026-07-02,5.910796644040527,0.2554347826086957,0.2554347826086957,0.10054347826086957,0.5591364286971284,0.0,0.0,0.0,2026-07-22,-0.014212713907369612,0.025234537473379986,0.006221206774940811,3
2026-07-16,321.29998779296875,309.3999938964844,-0.0370370194478568,False,-0.0044331659583687,0.4073333149181536,False,319.8756116246607,-0.0326038535,-10.475617728176305,4.60025001297823,0.23553004756034784,2026-07-08,2026-06-29,2026-07-13,2026-07-02,5.910796644040527,0.2554347826086957,0.2554347826086957,0.10054347826086957,0.5591364286971284,0.0,0.0,0.0,2026-07-23,0.001025138425011392,0.027119031308582318,0.021739228620820568,3
2026-07-17,328.45001220703125,313.79998779296875,-0.0446035130753114,False,-0.0158371152418977,0.5930130517838061,True,323.2483115125058,-0.0287663978,-9.44832371953703,4.656166985422063,0.3360360180116735,2026-07-09,2026-06-29,2026-07-13,2026-07-02,5.910796644040527,0.2554347826086957,0.2554347826086957,0.10054347826086957,0.5591364286971284,0.0,0.0,0.0,2026-07-24,-0.008532998093588432,0.032325835094302216,0.017955893061980255,3
2026-07-20,334.3999938964844,324.54998779296875,-0.0294557604165649,False,-0.0271611684313106,0.3521071926445207,False,325.3172993388327,-0.002294592,-0.7673115458639472,4.662619157865707,0.34947687822672724,2026-07-10,2026-07-06,2026-07-20,2026-07-10,6.411818267709897,0.3569078947368421,0.3569078947368421,0.03125,0.5167893923908045,0.0,0.0,0.6931471805599453,2026-07-27,-0.01802417028642021,0.005376480165725317,-0.014532946921244244,3
2026-07-21,331.95001220703125,339.3999938964844,0.0224430830410895,True,-0.0248597804511145,0.4857672116318667,False,323.69780778281967,0.0473028635,15.702186113664707,4.628340660613354,0.3638327734232337,2026-07-13,2026-07-06,2026-07-20,2026-07-10,6.411818267709897,0.3569078947368421,0.3569078947368421,0.03125,0.5167893923908045,0.0,0.0,0.6931471805599453,2026-07-28,-0.016095278816449378,0.006010839483635058,-0.012039309806504661,3
2026-07-22,316.6499938964844,325.79998779296875,0.0288962389794822,True,-0.0145959561671876,0.45996750301704,False,312.02818446523105,0.0434921951,13.7718033277377,4.58647061477698,0.261616793398265,2026-07-14,2026-07-06,2026-07-20,2026-07-10,6.411818267709897,0.3569078947368421,0.3569078947368421,0.03125,0.5167893923908045,0.0,0.0,0.6931471805599453,2026-07-29,-0.007492729710905215,0.0007542548559437692,-0.009221907123565694,3
2026-07-23,309.3999938964844,323.04998779296875,0.0441176282021882,True,-0.0150677485759762,0.5934891985391506,True,304.73803257904353,0.0591853768,18.311955213925216,4.4936094931507595,0.045847562629034236,2026-07-15,2026-07-06,2026-07-20,2026-07-10,6.411818267709897,0.3569078947368421,0.3569078947368421,0.03125,0.5167893923908045,0.0,0.0,0.6931471805599453,2026-07-30,-0.007888159060819423,-0.010353531918005286,-0.020220140069873778,3
2026-07-24,313.79998779296875,332.1000061035156,0.0583174602371889,True,-0.0138817332993744,0.6910489825059726,True,309.4439000530798,0.0721991935,22.656106050435824,4.427773132479052,-0.20174715852890532,2026-07-16,2026-07-06,2026-07-20,2026-07-10,6.411818267709897,0.3569078947368421,0.3569078947368421,0.03125,0.5167893923908045,0.0,0.0,0.6931471805599453,2026-07-31,-0.00689410904840154,-0.022994326806210778,-0.031542325524357026,3
2026-07-27,324.54998779296875,319.5,-0.0155599691354484,False,-0.0150954746482848,0.7097231756431165,True,319.65075168013885,-0.0004644945,-0.1507516801388533,4.41465367598189,-0.32265928311177516,2026-07-17,2026-07-13,2026-07-27,2026-07-17,6.180016653652572,-0.07261410788381743,0.07261410788381743,0.06016597510373444,0.4992420234607506,0.0,0.0,0.6931471805599453,2026-08-03,-0.007911397465135455,-0.004313412002050851,-0.016206010460005395,3
2026-07-28,339.3999938964844,324.1000061035156,-0.0450795169950273,False,-0.0172024173824871,0.7217219395320317,True,333.56149354186346,-0.0278770996,-9.461487438347833,4.418954917026083,-0.38327586206896547,2026-07-20,2026-07-13,2026-07-27,2026-07-17,6.180016653652572,-0.07261410788381743,0.07261410788381743,0.06016597510373444,0.4992420234607506,0.0,0.0,0.6931471805599453,2026-08-04,-0.009677316077160852,-0.007355319044974144,-0.020825374415953307,3
2026-07-29,325.79998779296875,326.8999938964844,0.0033763233417143,True,-0.0136446001214397,0.6865673621126005,True,321.35457723996376,0.0170209235,5.545416656520615,4.483887132164656,-0.3284980842911877,2026-07-21,2026-07-13,2026-07-27,2026-07-17,6.180016653652572,-0.07261410788381743,0.07261410788381743,0.06016597510373444,0.4992420234607506,0.0,0.0,0.6931471805599453,2026-08-05,-0.0066953576131366585,-0.004428351109563216,-0.01542571691223355,3
2026-07-30,323.04998779296875,321.6499938964844,-0.0043336757448868,False,-0.0118943709234434,0.5734095971803077,True,319.2075114113453,0.0075606952,2.4424824851390667,4.486894707637565,-0.23003654582964925,2026-07-22,2026-07-13,2026-07-27,2026-07-17,6.180016653652572,-0.07261410788381743,0.07261410788381743,0.06016597510373444,0.4992420234607506,0.0,0.0,0.6931471805599453,2026-08-06,-0.005228415837321318,0.0005385801733075414,-0.009208421292015625,3
2026-07-31,332.1000061035156,335.54998779296875,0.0103883818911396,True,-0.0112127648505379,0.4845230693593876,False,328.3762468282147,0.0216011467,7.173740964754074,4.472853855902915,-0.07997268886924054,2026-07-23,2026-07-13,2026-07-27,2026-07-17,6.180016653652572,-0.07261410788381743,0.07261410788381743,0.06016597510373444,0.4992420234607506,0.0,0.0,0.6931471805599453,2026-08-07,-0.004657132702438643,0.008060419950761281,-0.0012420157159568884,3
2026-08-03,319.5,332.29998779296875,0.040062559602406,True,-0.0034982318439285,0.4631549531264111,False,318.3823149258648,0.0435607914,13.917672867103931,4.462416705268801,0.04416524216524223,2026-07-24,2026-07-20,2026-08-03,2026-07-24,6.234410725718371,0.05304518664047151,0.05304518664047151,0.005893909626719057,0.4722318543207328,0.0,0.0,0.6931471805599453,2026-08-10,0.0018087466014018705,0.0023865075134808077,0.00022935337312383723,3
2026-08-04,324.1000061035156,335.75,0.0359456762637746,True,-0.0030256023260655,0.4906451355516832,False,323.119408371171,0.0389712786,12.630591628828997,4.413486753961766,0.11535761991499702,2026-07-27,2026-07-20,2026-08-03,2026-07-24,6.234410725718371,0.05304518664047151,0.05304518664047151,0.005893909626719057,0.4722318543207328,0.0,0.0,0.6931471805599453,2026-08-11,0.002204877568152068,0.005845603230187291,0.004148108973978905,3
2026-08-05,326.8999938964844,340.1000061035156,0.0403793589889485,True,-0.0028126684332871,0.6531973385708918,True,325.98053260281,0.0431920274,14.119473500705624,4.3693524815280025,0.08585761991499702,2026-07-28,2026-07-20,2026-08-03,2026-07-24,6.234410725718371,0.05304518664047151,0.05304518664047151,0.005893909626719057,0.4722318543207328,0.0,0.0,0.6931471805599453,2026-08-12,0.0023833465499066963,0.004245599160118685,0.00287550258681896,3
2026-08-06,321.6499938964844,333.1000061035156,0.0355977379894376,True,-0.0035629312607549,0.67629778783153,True,320.50397707820895,0.0391606693,12.596029025306676,4.350588730484471,-0.044142380085002986,2026-07-29,2026-07-20,2026-08-03,2026-07-24,6.234410725718371,0.05304518664047151,0.05304518664047151,0.005893909626719057,0.4722318543207328,0.0,0.0,0.6931471805599453,2026-08-13,0.0017545192593359333,-0.002350578375293625,-0.004129737185645176,3
2026-08-07,335.54998779296875,338.1000061035156,0.0075995184125001,True,0.0034567950872677,0.8379329268490787,True,336.7099153423042,0.0041427233,1.390090761211411,4.361210695547261,-0.02445427092320961,2026-07-30,2026-07-20,2026-08-03,2026-07-24,6.234410725718371,0.05304518664047151,0.05304518664047151,0.005893909626719057,0.4722318543207328,0.0,0.0,0.6931471805599453,2026-08-14,0.007638051454144959,-0.0013314758885253509,0.0022137035120329412,3
2026-08-10,332.29998779296875,345.1000061035156,0.0385194666890016,True,0.0032281896255671,0.7490606241448221,True,333.37271516613805,0.0352912771,11.727290937377576,4.368228959509515,-0.1437525165372447,2026-07-31,2026-07-27,2026-08-10,2026-07-31,6.082218910376446,0.020594965675057208,0.020594965675057208,0.07093821510297482,0.4498789525530718,0.0,0.0,0.0,2026-08-17,0.00744644746174666,9.131145974304502e-05,0.0034326397809514853,3
2026-08-11,335.75,363.3999938964844,0.0823529229977195,True,0.0043930678553273,0.8471925713124561,True,337.22497253242614,0.0779598551,26.17502136405824,4.346430902767834,-0.2202086007702182,2026-08-03,2026-07-27,2026-08-10,2026-07-31,6.082218910376446,0.020594965675057208,0.020594965675057208,0.07093821510297482,0.4498789525530718,0.0,0.0,0.0,2026-08-18,0.00842278161325627,-0.0038159051624314768,0.0005486949812006318,3
2026-08-12,340.1000061035156,359.5,0.0570420274869962,True,0.0031491359034383,0.7689948450684195,True,341.1710272434958,0.0538928916,18.328972756504182,4.289715844668008,-0.17937526743688484,2026-08-04,2026-07-27,2026-08-10,2026-07-31,6.082218910376446,0.020594965675057208,0.020594965675057208,0.07093821510297482,0.4498789525530718,0.0,0.0,0.0,2026-08-19,0.0073801891638864735,-0.0019060277855148253,0.001653510019865738,3
2026-08-13,333.1000061035156,363.6000061035156,0.0915640931886434,True,0.0042075527017497,0.8003189740738134,True,334.5015419341493,0.0873565405,29.09846416936631,4.2761513254002566,0.09348187542025803,2026-08-05,2026-07-27,2026-08-10,2026-07-31,6.082218910376446,0.020594965675057208,0.020594965675057208,0.07093821510297482,0.4498789525530718,0.0,0.0,0.0,2026-08-20,0.008267293446825648,0.011801695278553879,0.01599299190532086,3
2026-08-14,338.1000061035156,358.75,0.0610765853998891,True,0.0056203647745555,0.8697036361999032,True,340.00025146809685,0.0554562206,18.74974853190315,4.2655293603374655,0.1923122847769832,2026-08-06,2026-07-27,2026-08-10,2026-07-31,6.082218910376446,0.020594965675057208,0.020594965675057208,0.07093821510297482,0.4498789525530718,0.0,0.0,0.0,2026-08-21,0.00945143153191059,0.016751939107843436,0.02197834430048641,3
2026-08-17,345.1000061035156,377.75,0.0946102385367408,True,0.0050570593408684,0.9091224352337296,True,346.8451973129152,0.0895531792,30.904802687084786,4.2655293603374655,0.18178596898750946,2026-08-07,2026-08-03,2026-08-17,2026-08-07,5.971261839790462,0.14066496163682865,0.14066496163682865,0.010230179028132993,0.482126203414362,0.0,0.0,0.0,2026-08-24,0.008979301210827274,0.01175186096269202,0.016377193673038325,3
2026-08-18,363.3999938964844,371.3999938964844,0.0220143096707889,True,0.0013386061921641,0.8870438475496703,True,363.8864433785466,0.0206757035,7.5135505179378015,4.261859532603827,0.2875805455668156,2026-08-10,2026-08-03,2026-08-17,2026-08-07,5.971261839790462,0.14066496163682865,0.14066496163682865,0.010230179028132993,0.482126203414362,0.0,0.0,0.0,2026-08-25,0.00586270695477718,0.01707085304534263,0.01877514866827311,3
2026-08-19,359.5,357.6000061035156,-0.0052851012419593,False,0.0016926506761822,0.8974004406615242,True,360.1085079180875,-0.0069777519,-2.5085018145719005,4.251773361878449,0.4391594929352367,2026-08-11,2026-08-03,2026-08-17,2026-08-07,5.971261839790462,0.14066496163682865,0.14066496163682865,0.010230179028132993,0.482126203414362,0.0,0.0,0.0,2026-08-26,0.006159446744455992,0.024679235061546952,0.026563510729072176,3
2026-08-20,363.6000061035156,341.8999938964844,-0.0596810006676769,False,-0.0033249084623319,0.8909657201962068,True,362.3910693663181,-0.0563560922,-20.49107546983373,4.251773361878449,0.3677309215066652,2026-08-12,2026-08-03,2026-08-17,2026-08-07,5.971261839790462,0.14066496163682865,0.14066496163682865,0.010230179028132993,0.482126203414362,0.0,0.0,0.0,2026-08-27,0.001954016323493533,0.02108163795142281,0.01918263001719312,3
2026-08-21,358.75,345.8500061035156,-0.035958171140026,False,-0.0092550369013681,0.9495102155588204,True,355.4297555116342,-0.0267031342,-9.579749408118571,4.255377062978985,0.3105592043349481,2026-08-13,2026-08-03,2026-08-17,2026-08-07,5.971261839790462,0.14066496163682865,0.14066496163682865,0.010230179028132993,0.482126203414362,0.0,0.0,0.0,2026-08-28,-0.003016277368973601,0.018211431186426916,0.011807450581876013,3
2026-08-24,377.75,343.8999938964844,-0.0896095462700612,False,-0.0145700826771869,0.9602617707691714,True,372.24615126869264,-0.0750394636,-28.346157372208268,4.251898714436611,0.5725266228813141,2026-08-14,2026-08-10,2026-08-24,2026-08-14,5.955837369464831,0.5766233766233766,0.5766233766233766,0.06753246753246753,0.5335910586564594,0.0,0.0,1.6094379124341003,2026-08-31,-0.007471044034873971,-0.0015551802115519276,-0.01194052592848883,3
2026-08-25,371.3999938964844,342.25,-0.0784867915334672,False,-0.0102733333235164,0.9423179152774092,True,367.58447796283383,-0.0682134582,-25.33447796283383,4.25556854217025,0.4728296072776176,2026-08-17,2026-08-10,2026-08-24,2026-08-14,5.955837369464831,0.5766233766233766,0.5766233766233766,0.06753246753246753,0.5335910586564594,0.0,0.0,1.6094379124341003,2026-09-01,-0.0038697550526522583,-0.006567060345777308,-0.01359359397474195,3
2026-08-26,357.6000061035156,328.3999938964844,-0.0816555137266374,False,-0.0062399340653625,0.9419662989676932,True,355.3686056436564,-0.0754155797,-26.96861174717202,4.262348852505386,0.25706986894874456,2026-08-18,2026-08-10,2026-08-24,2026-08-14,5.955837369464831,0.5766233766233766,0.5766233766233766,0.06753246753246753,0.5335910586564594,0.0,0.0,1.6094379124341003,2026-09-02,-0.0004891910230370514,-0.017416548996545683,-0.021201480822142432,3
2026-08-27,341.8999938964844,324.3500061035156,-0.0513307636919183,False,-0.0053017939246785,0.9417744271896256,True,340.08731058599636,-0.0460289698,-15.737304482480738,4.262348852505386,0.16064129752017314,2026-08-19,2026-08-10,2026-08-24,2026-08-14,5.955837369464831,0.5766233766233766,0.5766233766233766,0.06753246753246753,0.5335910586564594,0.0,0.0,1.6094379124341003,2026-09-03,0.00029710426075443136,-0.02227330509521327,-0.025261672752457,3
2026-08-28,345.8500061035156,324.25,-0.0624548380000623,False,0.0086501720444727,0.5559819546909943,True,348.84166815789297,-0.07110501,-24.59166815789297,4.258745151404851,-0.08218698530810971,2026-08-20,2026-08-10,2026-08-24,2026-08-14,5.955837369464831,0.5766233766233766,0.5766233766233766,0.06753246753246753,0.5335910586564594,0.0,0.0,1.6094379124341003,2026-09-04,0.011990842291369284,-0.034513006192738754,-0.026611334172818205,3
2026-08-31,343.8999938964844,318.45001220703125,-0.0740040190204647,False,0.0094915501619094,0.5742402153257279,True,347.1641379392332,-0.0834955692,-28.71412573220198,4.244193280548365,-0.3797144578355822,2026-08-21,2026-08-17,2026-08-31,2026-08-21,5.955837369464831,-0.24155844155844156,0.24155844155844156,0.04935064935064935,0.4540288543010751,0.0,0.0,0.6931471805599453,2026-09-08,0.012696037194492693,-0.017213013776423123,-0.009378655309093565,3
2026-09-01,342.25,319.20001220703125,-0.0673483938435902,False,0.006699328777406,0.5994483902250203,True,344.5428452740672,-0.0740477226,-25.34283306703594,4.252503081130939,-0.43187534786553516,2026-08-24,2026-08-17,2026-08-31,2026-08-21,5.955837369464831,-0.24155844155844156,0.24155844155844156,0.04935064935064935,0.4540288543010751,0.0,0.0,0.6931471805599453,2026-09-09,0.010355757303754837,-0.019818666490627312,-0.014106020579491186,3
