Date,Close,target_close_5d,target_return_5d,target_direction_5d,predicted_return_5d,predicted_close_5d,predicted_direction_5d,return_error,price_error
2022-09-07,226.8999938964844,217.6000061035156,-0.04098716634259414,False,0.0036301293977308593,227.72367023467297,True,-0.044617295740325,-10.12366413115737
2022-09-08,225.8500061035156,219.1499938964844,-0.029665760575451672,False,0.004150915132834683,226.7874903116015,True,-0.03381667570828636,-7.637496415117084
2022-09-09,231.5,218.0500030517578,-0.058099338869296746,False,0.004328983626166869,232.50215970945763,True,-0.062428322495463616,-14.452156657699817
2022-09-12,227.75,224.0500030517578,-0.01624587024475166,False,0.00509754740785955,228.91096642214004,True,-0.021343417652611208,-4.860963370382223
2022-09-13,223.9499969482422,228.1000061035156,0.018530963214223872,True,0.005264371921064706,225.12895302389904,True,0.013266591293159167,2.971053079616553
2022-09-14,217.6000061035156,221.3000030517578,0.01700366196902614,True,0.007918742088643403,219.32312443033655,True,0.009084919880382738,1.976878621421264
2022-09-15,219.1499938964844,223.5500030517578,0.020077614774435038,True,0.007868742442436046,220.87442875471726,True,0.012208872331998992,2.675574297040555
2022-09-16,218.0500030517578,220.4499969482422,0.011006621705548447,True,0.007452273947293679,219.67497140870776,True,0.0035543477582547682,0.7750255395344254
2022-09-19,224.0500030517578,223.8000030517578,-0.0011158223458815897,False,0.006895568832615866,225.594955269749,True,-0.008011391178497456,-1.794952217991181
2022-09-20,228.1000061035156,224.3500061035156,-0.016440157385608223,False,0.005635395958636486,229.38543995607628,True,-0.022075553344244707,-5.035433852560686
2022-09-21,221.3000030517578,228.6999969482422,0.03343874285782844,True,0.0055661369188046185,222.5317891688758,True,0.027872605939023822,6.168207779366384
2022-09-22,223.5500030517578,225.6999969482422,0.009617507793039826,True,0.006612981579378922,225.0283351040092,True,0.0030045262136609036,0.6716618442330002
2022-09-23,220.4499969482422,221.5500030517578,0.004989821359688618,True,0.0059556541541837095,221.76292088835675,True,-0.0009658327944950919,-0.21291783659893326
2022-09-26,223.8000030517578,215.75,-0.03596962887393751,False,0.005355226977616315,224.9985028656912,True,-0.04132485585155382,-9.248502865691194
2022-09-27,224.3500061035156,219.3000030517578,-0.022509484797730295,False,0.006682569178557851,225.84924053951224,True,-0.029192053976288147,-6.549237487754425
2022-09-28,228.6999969482422,224.6499938964844,-0.017708802386535938,False,0.0060262240196615946,230.0781943631482,True,-0.023735026406197533,-5.42820046666381
2022-09-29,225.6999969482422,217.6999969482422,-0.035445281826187,False,0.006454959915684946,227.1568813815133,True,-0.04190024174187195,-9.456884433271114
2022-09-30,221.5500030517578,218.1000061035156,-0.015572091630421836,False,0.005909446821610033,222.85924101311974,True,-0.021481538452031868,-4.759234909604146
2022-10-03,215.75,217.4499969482422,0.007879476005757446,True,0.005735333592726848,216.98739822263082,True,0.0021441424130305984,0.4625987256113717
2022-10-04,219.3000030517578,217.8500061035156,-0.0066119330965079826,False,0.006988519839648577,220.83258547392003,True,-0.01360045293615656,-2.982579370404437
2022-10-05,224.6499938964844,209.75,-0.06632536969197567,False,0.007220415641452967,226.27206022626692,True,-0.07354578533342863,-16.522060226266916
2022-10-06,217.6999969482422,202.1499938964844,-0.07142858644805017,False,0.007407753273512369,219.31266481327916,True,-0.07883633972156254,-17.162670916794752
2022-10-07,218.1000061035156,196.6999969482422,-0.09812016761300058,False,0.006781225420814643,219.57899140918457,True,-0.10490139303381522,-22.87899446094238
2022-10-10,217.4499969482422,195.5500030517578,-0.10071278088680335,False,0.006191180697026592,218.7962691719166,True,-0.10690396158382995,-23.246266120158793
2022-10-11,217.8500061035156,195.1000061035156,-0.10442965050544872,False,0.006074171375595848,219.17326437476297,True,-0.11050382188104457,-24.07325827124737
2022-10-12,209.75,192.3000030517578,-0.0831942643539556,False,0.005904464312859522,210.9884613896223,True,-0.08909872866681513,-18.68845833786449
2022-10-13,202.1499938964844,191.0500030517578,-0.054909676872959,False,0.006722339535625334,203.50891479258115,True,-0.06163201640858434,-12.45891174082334
2022-10-14,196.6999969482422,190.8999938964844,-0.02948654367942849,False,0.007156480981752515,198.10767673551308,True,-0.036643024661181,-7.207682839028678
2022-10-17,195.5500030517578,190.3999938964844,-0.02633602186091666,False,0.006667281178645798,196.85378990658896,True,-0.033003303039562455,-6.453796010104554
2022-10-18,195.1000061035156,185.8000030517578,-0.04766787678532114,False,0.0075348359657445175,196.57005264642135,True,-0.055202712751065655,-10.770049594663533
2022-10-19,192.3000030517578,179.75,-0.06526262533849236,False,0.00959999351969393,194.14608183489182,True,-0.07486261885818629,-14.396081834891817
2022-10-20,191.0500030517578,178.85000610351562,-0.06385761189931549,False,0.009453677723153586,192.85612820961663,True,-0.07331128962246908,-14.006122106101003
2022-10-21,190.8999938964844,169.8000030517578,-0.11052902838838263,False,0.00852869993677751,192.52812266236018,True,-0.11905772832516015,-22.728119610602363
2022-10-24,190.3999938964844,177.6999969482422,-0.06670166678233658,False,0.007932013261753577,191.9102491731091,True,-0.07463368004409016,-14.210252224866906
2022-10-25,185.8000030517578,174.60000610351562,-0.060279853413792606,False,0.006376718975850795,186.9847974569311,True,-0.0666565723896434,-12.384791353415466
2022-10-26,179.75,182.1499938964844,0.013351843652207984,True,0.0064858120344330325,180.91582471318935,True,0.006866031617774952,1.2341691832950517
2022-10-27,178.85000610351562,172.1999969482422,-0.03718204600688979,False,0.00677597401996848,180.06188909834424,True,-0.04395802002685827,-7.861892150102051
2022-10-28,169.8000030517578,175.75,0.035041206368108924,True,0.00727699592491409,171.03563698201586,True,0.027764210443194833,4.714363017984141
2022-10-31,177.6999969482422,170.5500030517578,-0.04023631974831665,False,0.005383630567368859,178.65666808363412,True,-0.04561995031568551,-8.106665031876304
2022-11-01,174.60000610351562,166.4499969482422,-0.04667817222435555,False,0.005638602273153737,175.58450609482358,True,-0.05231677449750929,-9.134509146581394
2022-11-02,182.1499938964844,165.14999389648438,-0.09332967647345136,False,0.004980559136086871,183.05720271272372,True,-0.09831023560953824,-17.907208816239347
2022-11-03,172.1999969482422,171.0,-0.00696862351631089,False,0.0062343964694689365,173.27356000125886,True,-0.013203019985779826,-2.2735600012588577
2022-11-04,175.75,170.10000610351562,-0.03214790268269918,False,0.00587415791912587,176.78238325428637,True,-0.03802206060182505,-6.682377150770748
2022-11-07,170.5500030517578,166.1999969482422,-0.025505752129453274,False,0.006011581224222831,171.5752782478949,True,-0.031517333353676104,-5.375281299652698
2022-11-08,166.4499969482422,156.75,-0.05827574122009993,False,0.005325443362118423,167.33641697961482,True,-0.06360118458221835,-10.586416979614825
2022-11-09,165.14999389648438,155.4499969482422,-0.05873446749457423,False,0.004716201271188121,165.92887450763567,True,-0.06345066876576234,-10.478877559393482
2022-11-10,171.0,152.6999969482422,-0.10701756170618604,False,0.0036900243767407524,171.6309941684227,True,-0.11070758608292679,-18.9309972201805
2022-11-11,170.10000610351562,151.3000030517578,-0.11052323560950916,False,0.004229448975057745,170.81943539998747,True,-0.1147526845845669,-19.519432348229657
2022-11-14,166.1999969482422,157.5,-0.05234655299633684,False,0.003980683180566999,166.86158648070435,True,-0.056327236176903835,-9.361586480704347
2022-11-15,156.75,161.8000030517578,0.03221692537006571,True,0.0033454438201357206,157.27439831880628,True,0.028871481549929988,4.525604732951535
2022-11-16,155.4499969482422,160.10000610351562,0.02991321483796283,True,0.002604806797665842,155.8549141569901,True,0.02730840804029699,4.24509194652552
2022-11-17,152.6999969482422,163.5500030517578,0.07105439633501276,True,0.00361783699254873,153.25244064596362,True,0.06743655934246404,10.297562405794196
2022-11-18,151.3000030517578,160.64999389648438,0.06179769105178434,True,0.0041325861834275515,151.92526335392205,True,0.05766510486835679,8.724730542562327
2022-11-21,157.5,166.6999969482422,0.058412679036458304,True,0.0046258969370464,158.2285787675848,True,0.0537867820994119,8.471418180657395
2022-11-22,161.8000030517578,167.6999969482422,0.03646473291225494,True,0.005131097116097196,162.6302145808012,True,0.03133363579615774,5.069782367440979
2022-11-23,160.10000610351562,163.35000610351562,0.020299811843221605,True,0.00553218545693777,160.98570902893712,True,0.014767626386283834,2.364297074578502
2022-11-25,163.5500030517578,160.14999389648438,-0.020788805208383,False,0.006112135845131132,164.54964288788176,True,-0.026900941053514132,-4.399648991397385
2022-11-28,160.64999389648438,160.14999389648438,-0.0031123561717790738,False,0.006663934277668497,161.72055489751838,True,-0.009776290449447571,-1.570561001034008
2022-11-29,166.6999969482422,161.0500030517578,-0.03389318536243657,False,0.005430004622776475,167.60517870228796,True,-0.039323189985213045,-6.5551756505301455
2022-11-30,167.6999969482422,157.6999969482422,-0.05963029327356717,False,0.005461442482446058,168.61588083588137,True,-0.06509173575601322,-10.915883887639183
2022-12-01,163.35000610351562,156.89999389648438,-0.03948584001242006,False,0.005176090220047435,164.19552047255274,True,-0.04466193023246749,-7.295526576068369
2022-12-02,160.14999389648438,157.75,-0.014985913131134176,False,0.004073789545659415,160.80241126735731,True,-0.01905970267679359,-3.0524112673573143
2022-12-05,160.14999389648438,166.35000610351562,0.03871378359863531,True,0.0043086829670994295,160.84002944736724,True,0.03440510063153588,5.509976656148382
2022-12-06,161.0500030517578,167.14999389648438,0.037876378324352755,True,0.0047800299115249335,161.81982688359642,True,0.033096348412827825,5.330167012887955
2022-12-07,157.6999969482422,168.3000030517578,0.0672162733585504,True,0.00413303003438892,158.35177577205232,True,0.06308324332416149,9.948227279705492
2022-12-08,156.89999389648438,171.5,0.09305294245676055,True,0.0038234405457727135,157.49989169477968,True,0.08922950191098783,14.000108305220323
2022-12-09,157.75,164.14999389648438,0.0405704842883321,True,0.003828841825415785,158.35399979795935,True,0.036741642462916314,5.7959940985250284
2022-12-12,166.35000610351562,164.0500030517578,-0.013826287750939859,False,0.003257392697052255,166.8918733985518,True,-0.017083680447992113,-2.8418703467939963
2022-12-13,167.14999389648438,167.8000030517578,0.0038887776189568957,True,0.002905778759507618,167.63569479840064,True,0.0009829988594492775,0.16430825335717714
2022-12-14,168.3000030517578,169.35000610351562,0.006238877199752135,True,0.003283374664536515,168.85259501781937,True,0.00295550253521562,0.4974110856962568
2022-12-15,171.5,168.89999389648438,-0.015160385443239832,False,0.002667146273230024,171.95741558585894,True,-0.017827531716469856,-3.0574216893745643
2022-12-16,164.14999389648438,172.0,0.047822152880894864,True,0.0034697181501077558,164.7195481096471,True,0.04435243473078711,7.280451890352907
2022-12-19,164.0500030517578,166.9499969482422,0.01767749980211475,True,0.004315942299052267,164.75803339908853,True,0.013361557503062482,2.1919635491536553
2022-12-20,167.8000030517578,173.5500030517578,0.0342669838821541,True,0.0031384581226403863,168.32663633431468,True,0.031128525759513713,5.2233667174431275
2022-12-21,169.35000610351562,170.0500030517578,0.0041334332625551085,True,0.0020174061214323106,169.69165384249348,True,0.002116027141122798,0.35834920926433256
2022-12-22,168.89999389648438,167.3000030517578,-0.009473007119865096,False,0.0018703768783055077,169.2159005398143,True,-0.011343383998170604,-1.915897488056487
2022-12-23,172.0,166.3000030517578,-0.03313951714094299,False,0.001230160015115874,172.21158752259993,True,-0.03436967715605886,-5.911584470842115
2022-12-27,166.9499969482422,161.3000030517578,-0.03384243186441016,False,0.002199444799944851,167.31719425088082,True,-0.03604187666435501,-6.017191199123005
2022-12-28,173.5500030517578,160.5500030517578,-0.07490636572402143,False,0.001247953294749801,173.7665853498701,True,-0.07615431901877123,-13.216582298112286
2022-12-29,170.0500030517578,158.3000030517578,-0.06909732307634053,False,0.00021469018649651378,170.08651111862673,True,-0.06931201326283705,-11.786508066868919
2022-12-30,167.3000030517578,158.0500030517578,-0.055289897377576946,False,0.0005103402069909925,167.38538296994486,True,-0.05580023758456794,-9.335379918187044
2023-01-03,166.3000030517578,150.89999389648438,-0.09260378155543669,False,0.0005558687983838756,166.39244403462544,True,-0.09315965035382057,-15.492450138141066
2023-01-04,161.3000030517578,143.89999389648438,-0.10787358230669186,False,0.0027714748074525826,161.7470419466578,True,-0.11064505711414445,-17.847048050173413
2023-01-05,160.5500030517578,149.39999389648438,-0.06944882555797227,False,0.00356737008813266,161.12274433029427,True,-0.07301619564610493,-11.722750433809892
2023-01-06,158.3000030517578,151.6999969482422,-0.04169302575033862,False,0.005580043734106752,159.18332399189583,True,-0.047273069484445374,-7.483327043653645
2023-01-09,158.0500030517578,151.10000610351562,-0.04397340597308452,False,0.00561920552833703,158.93811850265993,True,-0.04959261150142155,-7.838112399144308
2023-01-10,150.89999389648438,155.0,0.0271703530109364,True,0.009683975874352513,152.36130579681787,True,0.017486377136583887,2.6386942031821263
2023-01-11,143.89999389648438,154.60000610351562,0.07435728047861057,True,0.009391693244015726,145.25145849697589,True,0.06496558723459483,9.34854760653974
2023-01-12,149.39999389648438,154.8000030517578,0.03614464107016602,True,0.008782732972707263,150.7121341490013,True,0.027361908097458754,4.087868902756526
2023-01-13,151.6999969482422,158.5500030517578,0.0451549521510719,True,0.007989462002497569,152.91199830963916,True,0.037165490148574336,5.638004742118653
2023-01-17,151.10000610351562,159.85000610351562,0.057908667415973225,True,0.008170592030116695,152.3345826091356,True,0.049738075385856534,7.51542349438003
2023-01-18,155.0,162.4499969482422,0.04806449644027211,True,0.005439859310183346,155.84317819307844,True,0.042624637130088766,6.606818755163744
2023-01-19,154.60000610351562,167.14999389648438,0.08117714940169951,True,0.005885175058145021,155.5098542034251,True,0.07529197434355449,11.640139693059268
2023-01-20,154.8000030517578,169.89999389648438,0.09754515857262502,True,0.005909311485996534,155.71476448782386,True,0.09163584708662849,14.185229408660518
2023-01-23,158.5500030517578,170.39999389648438,0.0747397705243702,True,0.005661120839191475,159.44757377808799,True,0.06907864968517873,10.95242011839639
2023-01-24,159.85000610351562,181.75,0.13700339731174216,True,0.0016612657177956084,160.11555943864482,True,0.13534213159394656,21.634440561355177
2023-01-25,162.4499969482422,175.89999389648438,0.0827946888329425,True,0.002863205007615692,162.91512459299153,True,0.0799314838253268,12.984869303492843
2023-01-26,167.14999389648438,177.89999389648438,0.06431349322487834,True,0.0025480608923220366,167.57590225908388,True,0.061765432332556304,10.3240916374005
2023-01-27,169.89999389648438,172.8000030517578,0.01706891853710335,True,0.002020267064029994,170.24323725833233,True,0.015048651473073356,2.556765793425484
2023-01-30,170.39999389648438,175.6999969482422,0.03110330540843509,True,0.0029043292512592428,170.89489158317232,True,0.028198976157175846,4.805105365069863
2023-01-31,181.75,177.0500030517578,-0.025859680595555323,False,0.0015550069665980987,182.0326225161792,True,-0.02741468756215342,-4.98261946442139
2023-02-01,175.89999389648438,175.60000610351562,-0.001705445158487584,False,0.0017676399327830699,176.21092174987209,True,-0.003473085091270654,-0.6109156463564602
2023-02-02,177.89999389648438,173.64999389648438,-0.023889826564429062,False,0.000907661306071923,178.06146683729463,True,-0.024797487870500984,-4.411472940810256
2023-02-03,172.8000030517578,174.75,0.011284704362291675,True,0.0007415948154748422,172.928150638135,True,0.010543109546816833,1.8218493618649916
2023-02-06,175.6999969482422,177.0500030517578,0.007683586379989116,True,-0.00015266475790644155,175.67317375074393,False,0.007836251137895557,1.3768293010138848
2023-02-07,177.0500030517578,183.5500030517578,0.03671279236352132,True,-0.0006072149776868891,176.94249563810527,False,0.03732000734120821,6.607507413652542
2023-02-08,175.60000610351562,176.85000610351562,0.0071184507776334005,True,-0.0012602274257737056,175.37871015985795,False,0.008378678203407106,1.4712959436576796
2023-02-09,173.64999389648438,180.6999969482422,0.04059892484626548,True,-0.0035457707079148996,173.0342708346966,False,0.04414469555418038,7.665726113545588
2023-02-10,174.75,188.6999969482422,0.07982830871669355,True,-0.0020519542206852317,174.39142099993524,False,0.08188026293737878,14.308575948306952
2023-02-13,177.0500030517578,194.4499969482422,0.09827728662279522,True,-0.0017522394410456347,176.73976905337327,False,0.10002952606384086,17.710227894868922
2023-02-14,183.5500030517578,199.5,0.08689728511605943,True,-0.003572546245264092,182.89426217753706,False,0.09046983136132353,16.60573782246294
2023-02-15,176.85000610351562,193.6499938964844,0.09499568681459492,True,-0.0012075248531689116,176.63645532586256,False,0.09620321166776383,17.013538570621847
2023-02-16,180.6999969482422,191.1999969482422,0.05810736124698179,True,-0.0019992421636163596,180.3387338953779,False,0.060106603410598154,10.861263052864274
2023-02-17,188.6999969482422,190.6999969482422,0.010598834299655913,True,-0.004364020595154899,187.87650627525437,False,0.014962854894810812,2.823490672987816
2023-02-21,194.4499969482422,190.3999938964844,-0.020827992364719883,False,-0.005793994759444091,193.32335468495015,False,-0.015033997605275792,-2.923360788465743
2023-02-22,199.5,185.3000030517578,-0.0711779295651237,False,-0.009430055812847732,197.61870386533687,False,-0.061747873752275965,-12.318700813579056
2023-02-23,193.6499938964844,183.9499969482422,-0.05009035504244508,False,-0.0038268693420883027,192.90892067174636,False,-0.04626348570035677,-8.95892372350417
2023-02-24,191.1999969482422,180.8000030517578,-0.05439327438535291,False,-0.0027298078977344865,190.67805768652607,False,-0.05166346648761842,-9.878054634768262
2023-02-27,190.6999969482422,182.4499969482422,-0.043261668232952966,False,-0.00187946161125179,190.34158362471214,False,-0.041382206621701174,-7.891586676469956
2023-02-28,190.3999938964844,184.5500030517578,-0.030724742816468198,False,-0.0012631251499393146,190.15949487564546,False,-0.029461617666528883,-5.609491823887652
2023-03-01,185.3000030517578,179.5500030517578,-0.031030760417170233,False,-0.00175025040488528,184.97568164639122,False,-0.029280510012284953,-5.4256785946334105
2023-03-02,183.9499969482422,178.0,-0.03234573007313679,False,-0.0016214769235340773,183.65172627310645,False,-0.030724253149602716,-5.651726273106448
2023-03-03,180.8000030517578,182.25,0.008019894489863955,True,-0.001577167025798923,180.51485124868023,False,0.009597061515662877,1.7351487513197696
2023-03-06,182.4499969482422,183.1999969482422,0.0041107153332140545,True,-0.0018472352445112682,182.11296888351842,False,0.0059579505777253225,1.0870280647237678
2023-03-07,184.5500030517578,180.8999938964844,-0.01977788726586882,False,-0.001624455537105676,184.25020977742753,False,-0.018153431728763145,-3.350215880943125
2023-03-08,179.5500030517578,178.0500030517578,-0.008354218738540475,False,-0.0015872822625837442,179.2650065166669,False,-0.006766936475956731,-1.2150034649090742
2023-03-09,178.0,185.5,0.042134831460674205,True,-0.0022334556478861086,177.60244489467627,False,0.04436828710856031,7.8975551053237325
2023-03-10,182.25,183.0,0.004115226337448652,True,-0.001963564619100417,181.89214034816894,False,0.006078790956549069,1.1078596518310633
2023-03-13,183.1999969482422,184.8999938964844,0.009279459479044183,True,-0.0027229092271847874,182.7011599861316,False,0.01200236870622897,2.1988339103528176
2023-03-14,180.8999938964844,186.6999969482422,0.03206193061054874,True,-0.003357617686352873,180.29260087751643,False,0.03541954829690161,6.407396070725753
2023-03-15,178.0500030517578,178.0,-0.0002808371294623635,False,-0.002266556680530489,177.64644262787237,False,0.0019857195510681255,0.35355737212762506
2023-03-16,185.5,174.3000030517578,-0.06037734203904144,False,-0.002695526457424007,184.99997984214784,False,-0.05768181558161743,-10.699976790390025
2023-03-17,183.0,179.25,-0.020491803278688492,False,-0.002809406312309434,182.4858786448474,False,-0.017682396966379056,-3.2358786448473893
2023-03-20,184.8999938964844,176.89999389648438,-0.04326663203936498,False,-0.002545101623719786,184.42940462179268,False,-0.0407215304156452,-7.52941072530831
2023-03-21,186.6999969482422,173.75,-0.06936259860696325,False,-0.0030410463637853347,186.132233601404,False,-0.06632155224317791,-12.38223360140401
2023-03-22,178.0,169.6999969482422,-0.04662923062785285,False,-0.0025922879739811973,177.53857274063137,False,-0.04403694265387165,-7.838575792389179
2023-03-23,174.3000030517578,169.8000030517578,-0.025817555486007282,False,-0.0019748500959136587,173.9557866740133,False,-0.023842705390093623,-4.155783622255484
2023-03-24,179.25,170.5,-0.04881450488145045,False,-0.002258147868562329,178.8452269945602,False,-0.04655635701288812,-8.345226994560193
2023-03-27,176.89999389648438,176.25,-0.0036743579361835366,False,-0.0022099470849731954,176.50905427064106,False,-0.0014644108512103411,-0.2590542706410588
2023-03-28,173.75,174.85000610351562,0.0063309703799461214,True,-0.0016326590828257262,173.46632548435903,False,0.007963629462771848,1.3836806191565927
2023-03-29,169.6999969482422,180.1499938964844,0.061579240637402055,True,-0.0015464391850287073,169.43756622326217,False,0.06312567982243077,10.712427673222237
2023-03-30,169.8000030517578,183.6000061035156,0.08127210131763851,True,-0.0013255665675495631,169.5749218445426,False,0.08259766788518808,14.02508425897301
2023-03-31,170.5,182.6000061035156,0.07096777773322938,True,-0.0013080223845335667,170.27698218343704,False,0.07227580011776294,12.323023920078555
2023-04-03,176.25,190.5,0.08085106382978724,True,-0.00110287340236953,176.0556185628324,False,0.08195393723215677,14.444381437167607
2023-04-04,174.85000610351562,190.25,0.08807545529833827,True,0.0007014527589942148,174.97265512270707,True,0.08737400253934405,15.277344877292933
2023-04-05,180.1499938964844,196.1000061035156,0.08853740076281214,True,0.000519023159241124,180.24349591545382,True,0.08801837760357101,15.856510188061776
2023-04-06,183.6000061035156,193.3999938964844,0.05337683805654936,True,0.00020516231368235215,183.63767390555986,True,0.053171675742867006,9.762319990924539
2023-04-10,182.6000061035156,201.0,0.10076666638254927,True,0.00039657536102388627,182.67242076685903,True,0.10037009102152539,18.327579233140966
2023-04-11,190.5,205.25,0.07742782152230965,True,-0.0021714196156995837,190.08634456320922,False,0.07959924113800923,15.163655436790776
2023-04-12,190.25,202.5500030517578,0.0646517900223802,True,-0.00195861010324978,189.87737442785672,False,0.06661040012562998,12.67262862390109
2023-04-13,196.1000061035156,195.8999938964844,-0.0010199500296068642,False,-0.0023037557284562304,195.64823959110433,False,0.0012838056988493662,0.25175430538007504
2023-04-14,193.3999938964844,194.1999969482422,0.0041365205636252345,True,-0.0015205034121552696,193.105928545854,False,0.005657023975780504,1.0940684023881886
2023-04-17,201.0,196.75,-0.021144278606965217,False,-0.0020092477097564065,200.59614121033897,False,-0.01913503089720881,-3.8461412103389705
2023-04-18,205.25,192.4499969482422,-0.06236298685387487,False,-0.0021699216422876,204.80462358292047,False,-0.060193065211587266,-12.354626634678283
2023-04-19,202.5500030517578,195.8500061035156,-0.033078236718318665,False,-0.002159723740639626,202.1125510015003,False,-0.03091851297767904,-6.2625448979846965
2023-04-20,195.8999938964844,192.1000061035156,-0.019397590154988764,False,-0.002437087104223565,195.42256854764182,False,-0.0169605030507652,-3.32256244412622
2023-04-21,194.1999969482422,189.8500061035156,-0.022399541262021483,False,-0.0024846803627614177,193.71747202937658,False,-0.019914860899260065,-3.8674659258609836
2023-04-24,196.75,189.25,-0.03811944091486663,False,-0.0033861616243449394,196.08377270041015,False,-0.03473327929052169,-6.833772700410151
2023-04-25,192.4499969482422,190.6499938964844,-0.009353094727467703,False,-0.003118322444862468,191.84987580324477,False,-0.006234772282605236,-1.1998819067603677
2023-04-26,195.8500061035156,189.1999969482422,-0.033954602747158336,False,-0.0036343193708711337,195.13822463254837,False,-0.030320283376287203,-5.9382276843061845
2023-04-27,192.1000061035156,186.3999938964844,-0.029672108411905374,False,-0.004403839445484083,191.2540285191592,False,-0.02526826896642129,-4.854034622674789
2023-04-28,189.8500061035156,191.0,0.006057381403808737,True,-0.0031693013894022004,189.24831421539372,False,0.009226682793210938,1.7516857846062805
2023-05-01,189.25,186.8999938964844,-0.01241746950338496,False,-0.002956255626964332,188.690528622597,False,-0.009461213876420627,-1.7905347261125826
2023-05-02,190.6499938964844,188.0,-0.013899784848266261,False,0.0008682198876426142,190.81552001276427,True,-0.014768004735908875,-2.815520012764267
2023-05-03,189.1999969482422,187.4499969482422,-0.009249471607965853,False,0.0013154042714846295,189.4488714323928,True,-0.010564875879450483,-1.9988744841506048
2023-05-04,186.3999938964844,185.8000030517578,-0.003218835109296103,False,0.001675159475011901,186.71224361240226,True,-0.004893994584308004,-0.9122405606444488
2023-05-05,191.0,186.0,-0.02617801047120416,False,0.0015929961384872028,191.30426226245106,True,-0.027771006609691364,-5.304262262451061
2023-05-08,186.8999938964844,193.0500030517578,0.032905347009693386,True,0.002760990209111874,187.41602294971568,True,0.03014435680058151,5.6339801020421305
2023-05-09,188.0,190.3500061035156,0.01250003246550846,True,0.004145928469570078,188.77943455227918,True,0.008354103995938382,1.5705715512364122
2023-05-10,187.4499969482422,189.8500061035156,0.01280346329339288,True,0.004532413843489946,188.29959790937255,True,0.008271049449902933,1.5504081941430456
2023-05-11,185.8000030517578,190.4499969482422,0.02502687739563192,True,0.004228728323242765,186.58570078712137,True,0.020798149072389152,3.8642961611208193
2023-05-12,186.0,192.0,0.032258064516129004,True,0.004815828100755681,186.89574402674057,True,0.02744223641537332,5.104255973259427
2023-05-15,193.0500030517578,189.1999969482422,-0.01994305124400031,False,0.005080742954163494,194.03084049456427,True,-0.025023794198163803,-4.830843546322086
2023-05-16,190.3500061035156,187.4499969482422,-0.015235140857817075,False,0.00034911731923382104,190.4164605873626,True,-0.015584258177050897,-2.9664636391204056
2023-05-17,189.8500061035156,188.0,-0.009744566995203985,False,-0.0005451056963785305,189.74651778373106,False,-0.009199461298825455,-1.7465177837310648
2023-05-18,190.4499969482422,182.6999969482422,-0.040693095952667235,False,-0.0007261934860633558,190.3116934010376,False,-0.03996690246660388,-7.6116964527954
2023-05-19,192.0,181.6000061035156,-0.054166634877522934,False,-0.0018160043352503479,191.65132716763193,False,-0.05235063054227258,-10.051321064116337
2023-05-22,189.1999969482422,177.10000610351562,-0.0639534410142546,False,-0.0012178148989369566,188.9695863730798,False,-0.06273562611531765,-11.869580269564182
2023-05-23,187.4499969482422,178.64999389648438,-0.046945869271940444,False,-0.0020960341538320618,187.05709535250296,False,-0.04484983511810838,-8.40710145601858
2023-05-24,188.0,183.0500030517578,-0.026329771001288194,False,-0.0020299013976433113,187.61837853724305,False,-0.024299869603644882,-4.568375485485234
2023-05-25,182.6999969482422,180.3000030517578,-0.013136255810470954,False,-0.0015625184570691438,182.4145248309041,False,-0.01157373735340181,-2.114521779146287
2023-05-26,181.6000061035156,183.1000061035156,0.008259911616660176,True,-0.0007954384452467677,181.4555544770038,False,0.009055350061906943,1.6444516265117954
2023-05-30,177.10000610351562,182.6000061035156,0.031055899550817667,True,0.003522997479966745,177.72392897872038,True,0.02753290207085092,4.876077124795216
2023-05-31,178.64999389648438,185.3999938964844,0.03778337660571762,True,0.002685191751426991,179.1297033864877,True,0.03509818485429063,6.270290509996698
2023-06-01,183.0500030517578,194.8500061035156,0.06446327700099141,True,0.0020765768969743512,183.43012045908617,True,0.06238670010401706,11.419885644429428
2023-06-02,180.3000030517578,190.6499938964844,0.05740427437350326,True,0.00245725306906061,180.74304578760837,True,0.05494702130444265,9.906948108876037
2023-06-05,183.1000061035156,185.5500030517578,0.013380649189367544,True,0.002714893195550182,183.5971030641912,True,0.010665755993817362,1.9528999875666102
2023-06-06,182.6000061035156,182.75,0.000821434235874996,True,-0.0011475399112156337,182.3904653087236,False,0.0019689741470906297,0.35953469127639437
2023-06-07,185.3999938964844,184.3999938964844,-0.005393743435387233,False,-0.0005220474264735178,185.30320630680254,False,-0.004871696008913715,-0.9032124103181332
2023-06-08,194.8500061035156,187.0,-0.04028743062674178,False,-0.0018552828039926268,194.4885042378339,False,-0.03843214782274915,-7.488504237833894
2023-06-09,190.6499938964844,184.8999938964844,-0.030159979984693996,False,-0.0015004234171729336,190.36393818115823,False,-0.028659556567521064,-5.463944284673829
2023-06-12,185.5500030517578,177.4499969482422,-0.0436540337930158,False,-0.0012185129561661874,185.32390796902257,False,-0.042435520836849615,-7.873911020780383
2023-06-13,182.75,172.0,-0.05882352941176472,False,-0.0012163722833867022,182.52770796521108,False,-0.057607157128378016,-10.527707965211079
2023-06-14,184.3999938964844,171.6999969482422,-0.06887200308353336,False,-0.001012269837398876,184.21333134464646,False,-0.06785973324613448,-12.513334396404275
2023-06-15,187.0,168.0500030517578,-0.10133688207616143,False,-0.0004163578183225604,186.92214108797367,False,-0.10092052425783887,-18.87213803621586
2023-06-16,184.8999938964844,167.9499969482422,-0.09167116012849419,False,0.00026792278195663657,184.94953281723292,True,-0.09193908291045083,-16.999535868990733
2023-06-20,177.4499969482422,169.4499969482422,-0.04508312278153159,False,0.0034249580583680644,178.05775574524745,True,-0.04850808083989966,-8.60775879700526
2023-06-21,172.0,165.64999389648438,-0.03691864013671875,False,0.005424465380294939,172.9330080454107,True,-0.04234310551701369,-7.283014148926327
2023-06-22,171.6999969482422,163.60000610351562,-0.04717525328301697,False,0.004317782661695354,172.44136021807844,True,-0.05149303594471233,-8.841354114562819
2023-06-23,168.0500030517578,161.0,-0.041951817457488993,False,0.0063387518404177425,169.11523031788434,True,-0.04829056929790673,-8.11523031788434
2023-06-26,167.9499969482422,162.5,-0.0324501163874491,False,0.0056300943230987,168.89557127262492,True,-0.038080210710547804,-6.39557127262492
2023-06-27,169.4499969482422,161.0500030517578,-0.049572110048784035,False,0.0054163822665633365,170.36780290678186,True,-0.05498849231534737,-9.317799855024049
2023-06-28,165.64999389648438,162.35000610351562,-0.019921448322122726,False,0.006312808796896701,166.69571063515997,True,-0.026234257119019427,-4.345704531644344
2023-06-29,163.60000610351562,162.8000030517578,-0.0048899940214649495,False,0.00672627445090567,164.7004246447377,True,-0.01161626847237062,-1.9004215929798818
2023-06-30,161.0,161.75,0.004658385093167627,True,0.007869870472710287,162.26704914610636,True,-0.0032114853795426595,-0.5170491461063591
2023-07-03,162.5,159.3000030517578,-0.019692288912259603,False,0.007134929309133628,163.6594260127342,True,-0.02682721822139323,-4.359422960976389
2023-07-05,161.0500030517578,158.75,-0.014281297784382141,False,0.0064406171406494565,162.0872644619146,True,-0.020721914925031597,-3.3372644619146
2023-07-06,162.35000610351562,159.35000610351562,-0.0184785949320333,False,0.0057440479511062315,163.2825523234366,True,-0.02422264288313953,-3.9325462199209653
2023-07-07,162.8000030517578,161.9499969482422,-0.005221167614139377,False,0.006761136705868795,163.9007161281066,True,-0.011982304320008172,-1.9507191798644214
2023-07-10,161.75,154.75,-0.043276661514683123,False,0.006640423088049711,162.82408843449204,True,-0.049917084602732836,-8.07408843449204
2023-07-11,159.3000030517578,155.25,-0.02542374748380849,False,0.005541512361597499,160.18276598787162,True,-0.03096525984540599,-4.932765987871619
2023-07-12,158.75,152.4499969482422,-0.039685058593750044,False,0.005895546075525509,159.68591793948966,True,-0.045580604669275555,-7.235920991247468
2023-07-13,159.35000610351562,158.0500030517578,-0.00815816129252811,False,0.00580819190632837,160.27554151923945,True,-0.01396635319885648,-2.225538467481641
2023-07-14,161.9499969482422,161.85000610351562,-0.0006174180093286852,False,0.005627588137610618,162.8613848299542,True,-0.006245006146939304,-1.0113787264385792
2023-07-17,154.75,163.0,0.05331179321486279,True,0.005806318604841125,155.64852780409916,True,0.047505474610021664,7.35147219590084
2023-07-18,155.25,161.85000610351562,0.04251211660879628,True,0.005227704286557312,156.06160109048804,True,0.03728441232223897,5.788405013027585
2023-07-19,152.4499969482422,163.14999389648438,0.0701869279267675,True,0.005217463569296579,153.245399253459,True,0.06496946435747093,9.904594643025376
2023-07-20,158.0500030517578,161.4499969482422,0.02151214065697271,True,0.0036245404510751645,158.62286168111146,True,0.017887600205897546,2.8271352671307284
2023-07-21,161.85000610351562,157.89999389648438,-0.024405388063469813,False,0.0024030281550788146,162.23893622508206,True,-0.02680841621854863,-4.338942328597682
2023-07-24,163.0,164.64999389648438,0.010122661941621924,True,0.002493471110608305,163.40643579102917,True,0.007629190831013619,1.2435581054552074
2023-07-25,161.85000610351562,164.5500030517578,0.01668209358308781,True,0.0043211664431745435,162.54938691871774,True,0.012360927139913266,2.0006161330400687
2023-07-26,163.14999389648438,166.9499969482422,0.02329146916284186,True,0.002763057157619049,163.60078665488558,True,0.02052841200522281,3.349210293356606
2023-07-27,161.4499969482422,164.75,0.0204397839215551,True,0.00386638408867459,162.07422464755942,True,0.01657339983288051,2.6757753524405814
2023-07-28,157.89999389648438,161.35000610351562,0.021849349844136112,True,0.004825608084342515,158.6619573835489,True,0.017023741759793598,2.68804871996673
2023-07-31,164.64999389648438,163.9499969482422,-0.004251424076470167,False,0.003026178024575059,165.14825408976034,True,-0.007277602101045226,-1.1982571415181553
2023-08-01,164.5500030517578,161.35000610351562,-0.01944695769610927,False,0.0036752954936161825,165.15477293644847,True,-0.02312225318972545,-3.8047668329328417
2023-08-02,166.9499969482422,160.75,-0.03713684972491682,False,0.0041287980739265024,167.63929977408412,True,-0.04126564779884332,-6.889299774084122
2023-08-03,164.75,159.89999389648438,-0.02943858029448032,False,0.00474899667585192,165.5323972023466,True,-0.03418757697033224,-5.632403305862226
2023-08-04,161.35000610351562,157.8000030517578,-0.02200187739367221,False,0.006393076898196991,162.38152910005996,True,-0.0283949542918692,-4.581526048302152
2023-08-07,163.9499969482422,151.10000610351562,-0.07837749974940966,False,0.005603278493303277,164.86865444011943,True,-0.08398077824271294,-13.768648336603803
2023-08-08,161.35000610351562,149.25,-0.07499228785744672,False,0.006911981002601089,162.4652542804727,True,-0.0819042688600478,-13.215254280472692
2023-08-09,160.75,148.89999389648438,-0.07371698975748442,False,0.006669094136436174,161.82205688243212,True,-0.08038608389392059,-12.922062985947747
2023-08-10,159.89999389648438,147.0,-0.0806753870474538,False,0.006640967134677366,160.96188450078606,True,-0.08731635418213117,-13.961884500786056
2023-08-11,157.8000030517578,147.4499969482422,-0.06558939102251382,False,0.007906394996353622,159.04763220631082,True,-0.07349578601886744,-11.597635258068635
2023-08-14,151.10000610351562,147.5500030517578,-0.023494393834278093,False,0.00953536795056549,152.54080025904534,True,-0.033029761784843584,-4.990797207287528
2023-08-15,149.25,146.60000610351562,-0.01775540299152012,False,0.009409403318121679,150.65435344522967,True,-0.027164806309641798,-4.054347341714049
2023-08-16,148.89999389648438,152.9499969482422,0.027199484336939417,True,0.00921394072108329,150.27194961361627,True,0.017985543615856126,2.6780473346259157
2023-08-17,147.0,153.0,0.04081632653061229,True,0.008818389949485094,148.29630332257432,True,0.03199793658112719,4.7036966774256825
2023-08-18,147.4499969482422,151.75,0.029162449242146726,True,0.009481065484049903,148.84798002493142,True,0.019681383758096825,2.9020199750685833
2023-08-21,147.5500030517578,151.8000030517578,0.028803794727873866,True,0.008918958036387453,148.8659953372453,True,0.019884836691486413,2.934007714512518
2023-08-22,146.60000610351562,151.35000610351562,0.03240109005620351,True,0.008625028591604043,147.8644353476878,True,0.023776061464599464,3.485570755827837
2023-08-23,152.9499969482422,153.35000610351562,0.0026152936466470322,True,0.008148726941991095,154.1963447091518,True,-0.0055334332953440625,-0.8463386056361628
2023-08-24,153.0,152.6999969482422,-0.001960804259855009,False,0.00798575525978299,154.2218205547468,True,-0.009946559519637998,-1.5218236065046256
2023-08-25,151.75,150.9499969482422,-0.005271848775998733,False,0.00811138014910403,152.98090193762653,True,-0.013383228925102764,-2.0309049893843394
2023-08-28,151.8000030517578,151.39999389648438,-0.002635106371750573,False,0.007945226179906662,153.00608841011456,True,-0.010580332551657235,-1.6060945136301825
2023-08-29,151.35000610351562,151.75,0.0026428403062686012,True,0.006746539442137299,152.37109488926072,True,-0.004103699135868698,-0.6210948892607178
2023-08-30,153.35000610351562,147.39999389648438,-0.03880020847873211,False,0.005839909792175329,154.24555630578968,True,-0.04464011827090744,-6.845562409305302
2023-08-31,152.6999969482422,146.25,-0.042239666517009944,False,0.005678986635098929,153.5671781900909,True,-0.04791865315210887,-7.317178190090914
2023-09-01,150.9499969482422,151.5500030517578,0.00397486661573998,True,0.005796027444010223,151.82490727322747,True,-0.0018211608282702428,-0.27490422146965443
2023-09-05,151.39999389648438,150.6999969482422,-0.004623493900011599,False,0.005403631775453173,152.21810371430684,True,-0.010027125675464772,-1.5181067660646477
2023-09-06,151.75,151.0500030517578,-0.004612829971941901,False,0.005449827575938083,152.5770113346486,True,-0.010062657547879984,-1.5270082828907903
2023-09-07,147.39999389648438,153.10000610351562,0.03867036935587831,True,0.006640955472352845,148.378870692576,True,0.03202941388352547,4.721135410939638
2023-09-08,146.25,158.25,0.08205128205128198,True,0.006402213407340698,147.1863237108236,True,0.07564906864394129,11.063676289176414
2023-09-11,151.5500030517578,158.6999969482422,0.04717910757179267,True,0.005943710992422238,152.45077247079817,True,0.04123539657937043,6.249224477444017
2023-09-12,150.6999969482422,167.5,0.11147978362287403,True,0.005665023935179429,151.55371603798545,True,0.1058147596876946,15.946283962014547
2023-09-13,151.0500030517578,158.1999969482422,0.0473352780670544,True,0.005120030787259177,151.8233837177984,True,0.04221524727979522,6.37661323044378
2023-09-14,153.10000610351562,154.85000610351562,0.011430437166780827,True,0.004643532551455161,153.81093096548528,True,0.006786904615325666,1.0390751380303413
2023-09-15,158.25,151.14999389648438,-0.04486575736818721,False,0.0035606102515247343,158.81346657230378,True,-0.048426367619711946,-7.663472675819406
2023-09-18,158.6999969482422,148.8000030517578,-0.062381815292114506,False,0.002775126952017178,159.1404095870583,True,-0.06515694224413168,-10.340406535300474
2023-09-19,167.5,150.85000610351562,-0.09940294863572763,False,-0.0021962099355162614,167.13213483580103,False,-0.09720673870021136,-16.2821287322854
2023-09-20,158.1999969482422,149.25,-0.05657393881727024,False,0.0020425349471168788,158.52312597064275,True,-0.05861647376438712,-9.273125970642752
2023-09-21,154.85000610351562,147.1999969482422,-0.04940270489985954,False,0.002460607575389024,155.23103120158297,True,-0.051863312475248564,-8.031034253340778
2023-09-22,151.14999389648438,146.14999389648438,-0.033079723466110544,False,0.0029262885976675795,151.59230240016117,True,-0.036006012063778126,-5.442308503676799
2023-09-25,148.8000030517578,149.10000610351562,0.0020161495000337037,True,0.001085631632474412,148.96154504198307,True,0.0009305178675592918,0.13846106153255278
2023-09-26,150.85000610351562,148.75,-0.013921153586659907,False,0.009217301244631859,152.2404360525263,True,-0.023138454831291767,-3.4904360525262916
2023-09-27,149.25,146.35000610351562,-0.019430444867566954,False,0.008794926587234842,150.56264279314482,True,-0.028225371454801796,-4.212636689629193
2023-09-28,147.1999969482422,145.39999389648438,-0.012228281855132916,False,0.008179276541803525,148.4039864302345,True,-0.02040755839693644,-3.003992533750136
2023-09-29,146.14999389648438,146.0500030517578,-0.0006841659179088744,False,0.005538273942263862,146.9594125993433,True,-0.006222439860172737,-0.9094095475854829
2023-10-02,149.10000610351562,146.0500030517578,-0.02045608938231891,False,0.006349326472920741,150.0466907193813,True,-0.02680541585523965,-3.9966876676234904
2023-10-03,148.75,147.5,-0.008403361344537785,False,0.005430290014710305,149.55775563968817,True,-0.01383365135924809,-2.0577556396881675
2023-10-04,146.35000610351562,147.6999969482422,0.00922439896429994,True,0.004946928485154832,147.0739891175117,True,0.004277470479145108,0.6260078307304866
2023-10-05,145.39999389648438,149.3000030517578,0.02682262255148382,True,0.00495959253491829,146.12111862079055,True,0.021863030016565532,3.1788844309672584
2023-10-06,146.0500030517578,154.89999389648438,0.060595622456716125,True,0.005893010797860665,146.91067729676942,True,0.05470261165885546,7.989316599714954
2023-10-09,146.0500030517578,154.14999389648438,0.055460394902258514,True,0.006004312130600042,146.92693285675563,True,0.04945608277165847,7.223061039728748
2023-10-10,147.5,157.0500030517578,0.06474578340174797,True,0.006628974150714161,148.47777368723035,True,0.05811680925103381,8.572229364527459
2023-10-11,147.6999969482422,158.0500030517578,0.0700745180593505,True,0.006480463212995873,148.65716134502486,True,0.06359405484635462,9.392841706732952
2023-10-12,149.3000030517578,163.9499969482422,0.09812453849318192,True,0.009209860994998008,150.6750353264173,True,0.08891467749818391,13.2749616218249
2023-10-13,154.89999389648438,165.25,0.06681734352057012,True,0.009855171984755513,156.4265599767718,True,0.05696217153581461,8.823440023228187
2023-10-16,154.14999389648438,165.85000610351562,0.07590017950236261,True,0.011084075773590473,155.8586041093315,True,0.06481610372877214,9.991401994184116
2023-10-17,157.0500030517578,168.14999389648438,0.07067806831604084,True,0.013358838758514525,159.14800871955046,True,0.057319229557526316,9.001985176933914
2023-10-18,158.0500030517578,162.3000030517578,0.02689022409324604,True,0.014081122635564543,160.27552452728096,True,0.012809101457681497,2.024478524476848
2023-10-19,163.9499969482422,161.1999969482422,-0.016773406838599403,False,0.018380757461518064,166.96352207796446,True,-0.03515416430011747,-5.763525129722268
2023-10-20,165.25,160.9499969482422,-0.026021198497777953,False,0.018995837974958685,168.38906222536193,True,-0.04501703647273664,-7.439065277119738
2023-10-23,165.85000610351562,159.10000610351562,-0.040699425695450264,False,0.0207957757241869,169.29898563429938,True,-0.061495201419637165,-10.19897953078376
2023-10-24,168.14999389648438,167.3000030517578,-0.005054956143797584,False,0.022745084566002195,171.97457972743265,True,-0.02780004070979978,-4.674576675674842
2023-10-25,162.3000030517578,159.8000030517578,-0.015403573339445642,False,0.02333811531892329,166.08777923924134,True,-0.03874168865836893,-6.28777618748353
2023-10-26,161.1999969482422,165.35000610351562,0.025744474155330987,True,0.02402404586305422,165.07267306805096,True,0.0017204282922767683,0.2773330354646646
2023-10-27,160.9499969482422,170.89999389648438,0.06182042334205118,True,0.02476877198334438,164.93653072337318,True,0.0370516513587068,5.963463173111194
2023-10-30,159.10000610351562,173.6999969482422,0.09176612372489368,True,0.02477797047834152,163.04218135785248,True,0.06698815324655216,10.657815590389703
2023-10-31,167.3000030517578,170.75,0.020621619159055582,True,0.02561396879227139,171.58522010887245,True,-0.00499234963321581,-0.8352201088724485
2023-11-01,159.8000030517578,174.35000610351562,0.09105133150119649,True,0.02485450768555678,163.77175345575975,True,0.06619682381563971,10.578252647755875
2023-11-02,165.35000610351562,178.8000030517578,0.08134258513315062,True,0.01774760280960084,168.2845723364059,True,0.06359498232354979,10.515430715351926
2023-11-03,170.89999389648438,174.5,0.021064986729585122,True,0.010173033174734017,172.63856520395515,True,0.010891953554851105,1.861434796044847
2023-11-06,173.6999969482422,178.64999389648438,0.028497392257969656,True,-0.0018573330451020578,173.3773782039761,False,0.030354725303071713,5.272615692508282
2023-11-07,170.75,176.4499969482422,0.033382119755444695,True,0.0026012396925427436,171.19416167750168,True,0.03078088006290195,5.255835270740505
2023-11-08,174.35000610351562,180.8000030517578,0.036994532391428026,True,-0.0015707724002450608,174.07614192594568,False,0.03856530479167308,6.723861125812135
2023-11-09,178.8000030517578,176.10000610351562,-0.015100653815204979,False,-0.006780632980908272,177.58762585407857,False,-0.008320020834296706,-1.487619750562942
2023-11-10,174.5,170.9499969482422,-0.020343857030130752,False,0.0012259193780086411,174.71392293146252,True,-0.021569776408139393,-3.7639259832203322
2023-11-13,178.64999389648438,177.89999389648438,-0.004198152956190859,False,0.0016250160869578484,178.94030301050105,True,-0.005823169043148708,-1.0403091140166794
2023-11-14,176.4499969482422,176.5500030517578,0.0005667673859182099,True,0.007827090076322556,177.83108696832295,True,-0.007260322690404346,-1.2810839165651373
2023-11-15,180.8000030517578,178.64999389648438,-0.011891643357206938,False,0.016345043167491947,183.75518690632146,True,-0.028236686524698885,-5.10519300983708
2023-11-16,176.10000610351562,178.64999389648438,0.014480339037977075,True,0.01832099658511632,179.3263337139771,True,-0.0038406575471392444,-0.6763398174927318
2023-11-17,170.9499969482422,178.64999389648438,0.04504239301375068,True,0.022131297189554235,174.73334213525712,True,0.022911095824196447,3.916651761227257
2023-11-20,177.89999389648438,179.6999969482422,0.01011806134633808,True,0.02171434518916722,181.7629757731034,True,-0.011596283842829139,-2.0629788248612044
2023-11-21,176.5500030517578,183.6499938964844,0.04021518392523138,True,0.021484980894876732,180.34317649431526,True,0.018730203030354647,3.3068174021691448
2023-11-22,178.64999389648438,182.1000061035156,0.019311571927790094,True,0.021068109806687805,182.41381158485962,True,-0.0017565378788977105,-0.3138054813440192
2023-11-23,178.64999389648438,195.0,0.0915197686096163,True,0.017433608324023107,181.76450791716482,True,0.0740861602855932,13.23549208283518
2023-11-24,178.64999389648438,193.8999938964844,0.08536244344254706,True,0.01928052102980231,182.0944588607796,True,0.06608192241274476,11.805535035704793
2023-11-27,179.6999969482422,188.8999938964844,0.05119642239555544,True,0.01268758519961817,181.97995596989415,True,0.03850883719593727,6.920037926590254
2023-11-28,183.6499938964844,193.8500061035156,0.055540498480933786,True,0.011939567638704136,185.84269542045908,True,0.04360093084222965,8.007310683056517
2023-11-29,182.1000061035156,185.25,0.017298153711723607,True,0.00836842162572219,183.6238957326364,True,0.008929732086001417,1.626104267363587
2023-11-30,195.0,185.5,-0.04871794871794877,False,0.006896751711393095,196.34486658372165,True,-0.055614700429341864,-10.844866583721654
2023-12-01,193.8999938964844,185.1499938964844,-0.04512635521108521,False,0.013098155821922091,196.4397262304103,True,-0.058224511033007305,-11.289732333925883
2023-12-04,188.8999938964844,194.0,0.026998445041297225,True,0.015707059582596435,191.86705735576857,True,0.01129138545870079,2.1329426442314343
2023-12-05,193.8500061035156,191.1499938964844,-0.013928357606496022,False,0.015344964573011639,196.82462757965214,True,-0.029273322179507663,-5.674633683167741
2023-12-06,185.25,194.6499938964844,0.050742207268471784,True,0.012867783842288108,187.63375695678388,True,0.037874423426183676,7.016236939700519
2023-12-07,185.5,200.1000061035156,0.07870623236396557,True,0.015471074626563913,188.3698843432276,True,0.06323515773740165,11.730121760288
2023-12-08,185.1499938964844,201.8000030517578,0.08992713855870971,True,0.015863938635899914,188.08720203809546,True,0.0740631999228098,13.712801013662357
2023-12-11,194.0,209.5500030517578,0.08015465490596818,True,0.012068581944742604,196.34130489728005,True,0.06808607296122558,13.208698154477759
2023-12-12,191.1499938964844,202.3999938964844,0.058854304782726574,True,0.009545878015299799,192.97468842084552,True,0.04930842676742678,9.42530547563888
2023-12-13,194.6499938964844,190.6000061035156,-0.02080651384516663,False,0.00924038466019075,196.44863471419168,True,-0.03004689850535738,-5.848628610676087
2023-12-14,200.1000061035156,193.6000061035156,-0.032483757130109314,False,0.016508342561730234,203.40332555087676,True,-0.04899209969183955,-9.803319447361162
2023-12-15,201.8000030517578,192.8000030517578,-0.044598611813160716,False,0.01706252391580663,205.2432204300383,True,-0.06166113572896735,-12.44321737828048
2023-12-18,209.5500030517578,194.3500061035156,-0.07253637187725492,False,0.020146845337468765,213.77177455370767,True,-0.0926832172147237,-19.421768450192076
2023-12-19,202.3999938964844,197.75,-0.02297427883749148,False,0.022796004772218048,207.01390512324556,True,-0.04577028360970953,-9.263905123245564
2023-12-20,190.6000061035156,198.0,0.03882473063755021,True,0.017612024087760757,193.9568580021381,True,0.02121270654978945,4.043141997861909
2023-12-21,193.6000061035156,188.3000030517578,-0.027376047957994087,False,0.016466405516653706,196.78790231204272,True,-0.0438424534746478,-8.487899260284905
2023-12-22,192.8000030517578,190.1499938964844,-0.013744860546304083,False,0.013467785960513035,195.39659222604513,True,-0.027212646506817116,-5.246598329560726
2023-12-26,194.3500061035156,186.25,-0.041677416254884636,False,0.010554748601317212,196.40132155860266,True,-0.05223216485620185,-10.15132155860266
2023-12-27,197.75,185.5500030517578,-0.061694042721831543,False,0.0043814134231011746,198.6164245044183,True,-0.06607545614493272,-13.066421452660478
2023-12-28,198.0,182.8000030517578,-0.07676766135475854,False,0.002240914697613665,198.4437011101275,True,-0.07900857605237221,-15.643698058369694
2023-12-29,188.3000030517578,181.3999938964844,-0.036643701770821546,False,0.0013888817000179351,188.5615294801097,True,-0.03803258347083948,-7.1615355836252945
2024-01-02,190.1499938964844,184.1000061035156,-0.03181692341395681,False,-0.00028226342037814147,190.09632150882229,False,-0.03153465999357867,-5.996315405306689
2024-01-03,186.25,181.1499938964844,-0.02738258310612396,False,-0.000594978317326609,186.13918528839793,False,-0.02678760478879735,-4.989191391913522
2024-01-04,185.5500030517578,184.0500030517578,-0.008084074240524708,False,-0.000594978317326609,185.43960482316214,False,-0.007489095923198099,-1.3896017714043296
2024-01-05,182.8000030517578,180.0,-0.015317303090881418,False,-0.0008886784467313834,182.6375526289833,False,-0.014428624644150035,-2.6375526289832862
2024-01-08,181.3999938964844,185.25,0.021223849134816453,True,-0.0008379851680657193,181.24798339211193,False,0.022061834302882173,4.002016607888066
2024-01-09,184.1000061035156,179.1999969482422,-0.026616018429234778,False,-0.0011345419257325535,183.89113692806353,False,-0.025481476503502225,-4.691139979821344
2024-01-10,181.1499938964844,179.9499969482422,-0.006624327842527755,False,-0.0005153791165276985,181.05663297267105,False,-0.006108948726000056,-1.106636024428866
2024-01-11,184.0500030517578,185.1499938964844,0.005976586940980688,True,-0.00045692194702883887,183.96590656601273,False,0.006433508888009527,1.1840873304716695
2024-01-12,180.0,192.25,0.06805555555555554,True,-0.0003713701070793854,179.9331533807257,False,0.06842692566263492,12.316846619274287
2024-01-16,185.25,192.9499969482422,0.04156543561804149,True,1.8144646831948132e-05,185.2533612958256,True,0.041547290971209544,7.696635652416575
2024-01-17,179.1999969482422,189.4499969482422,0.057198661688373065,True,0.0012511987146108826,179.4242117540821,True,0.055947462973762185,10.025785194160079
2024-01-18,179.9499969482422,186.9499969482422,0.038899695019241065,True,0.0010721662324665255,180.14293325850252,True,0.03782752878677454,6.807063689739664
2024-01-19,185.1499938964844,193.8500061035156,0.04698899537579937,True,0.0009109728136167077,185.3186605073654,True,0.046078022562182665,8.531345596150203
2024-01-22,192.25,189.25,-0.015604681404421283,False,-0.00012952702577288501,192.22509842929517,False,-0.015475154378648399,-2.9750984292951728
2024-01-23,192.9499969482422,194.0,0.005441840209199134,True,-0.0008162968321382153,192.79249247697226,False,0.006258137041337349,1.2075075230277434
2024-01-24,189.4499969482422,194.0500030517578,0.02428084548754228,True,-0.0008026913475372253,189.29792707490088,False,0.025083536835079506,4.752075976856929
2024-01-25,186.9499969482422,194.1999969482422,0.038780423205929226,True,-0.0005091135713281692,186.85481816763607,False,0.0392895367772574,7.345178780606119
2024-01-26,193.8500061035156,191.9499969482422,-0.009801439749549501,False,-0.0005091135713281692,193.75131443460623,False,-0.009292326178221332,-1.8013174863640415
2024-01-29,189.25,189.5,0.0013210039630118242,True,-0.0004714163971009985,189.16078444684862,False,0.0017924203601128227,0.3392155531513765
2024-01-30,194.0,188.1999969482422,-0.02989692294720525,False,-0.0004161102692357786,193.91927460776824,False,-0.02948081267796947,-5.719277659526057
2024-01-31,194.0500030517578,190.6999969482422,-0.01726362303958373,False,-0.0006420463304588516,193.92541395937292,False,-0.01662157670912488,-3.2254170111307303
2024-02-01,194.1999969482422,188.8000030517578,-0.027806354177871473,False,-0.00047111449412530823,194.10850651492078,False,-0.027335239683746165,-5.308503463162964
2024-02-02,191.9499969482422,196.3000030517578,0.022662183759703636,True,-0.0009361005112473613,191.77031245796502,False,0.023598284270951,4.529690593792793
2024-02-05,189.5,195.6000061035156,0.03219000582330134,True,-0.0008418082162096776,189.34047734302825,False,0.03303181403951101,6.259528760487342
2024-02-06,188.1999969482422,193.0,0.02550479877572953,True,-0.001076125479601961,187.99747013626515,False,0.02658092425533149,5.00252986373485
2024-02-07,190.6999969482422,187.0500030517578,-0.019139978788122458,False,-0.0012120092778705647,190.46886678265102,False,-0.017927969510251895,-3.4188637308932073
2024-02-08,188.8000030517578,189.3000030517578,0.002648305041938581,True,-0.0011641005553814593,188.58022086334924,False,0.0038124055973200403,0.7197821884085727
2024-02-09,196.3000030517578,190.8500061035156,-0.027763611123354015,False,-0.0012334295701277034,196.05788082337762,False,-0.026530181553226312,-5.207874719862019
2024-02-12,195.6000061035156,191.6000061035156,-0.020449897112391313,False,-0.0010931033534237263,195.38619508091415,False,-0.019356793758967587,-3.7861889773985524
2024-02-13,193.0,198.3500061035156,0.027720238878319092,True,-0.0009053544722268393,192.8252665868602,False,0.02862559335054593,5.524739516655387
2024-02-14,187.0500030517578,193.8500061035156,0.03635393178729962,True,-0.00030222565385431156,186.99347174228205,False,0.036656157441153935,6.8565343612335425
2024-02-15,189.3000030517578,191.0,0.008980438039281946,True,-0.00017492313985334516,189.26689010084976,False,0.00915536117913529,1.7331098991502358
2024-02-16,190.8500061035156,190.1000061035156,-0.003929787665781892,False,0.0009145256395277959,191.0245433274013,True,-0.0048443133053096875,-0.924537223885693
2024-02-20,191.6000061035156,194.0500030517578,0.01278704003233977,True,0.0019432453360200216,191.97233192175764,True,0.010843794696319747,2.0776711300001693
2024-02-21,198.3500061035156,193.3500061035156,-0.025207964941481142,False,0.0007998551709211765,198.50865738154974,True,-0.026007820112402318,-5.158651278034142
2024-02-22,193.8500061035156,195.8500061035156,0.010317255285161142,True,0.0009180958354646083,194.02797898682402,True,0.009399159449696534,1.8220271166915722
2024-02-23,191.0,193.8000030517578,0.014659701841663875,True,0.0007473434175121921,191.14274259274484,True,0.013912358424151682,2.6572604590129743
2024-02-26,190.1000061035156,197.3999938964844,0.03840077621561844,True,0.0017210924828450942,190.42718579500914,True,0.03667968373277335,6.972808101475266
2024-02-27,194.0500030517578,195.0,0.004895629648554056,True,0.001092885567877779,194.2620774995397,True,0.0038027440806762776,0.7379225004602858
2024-02-28,193.3500061035156,194.4499969482422,0.005689117196808757,True,0.0018207976745582854,193.70205734500473,True,0.003868319522250472,0.7479396032374552
2024-02-29,195.8500061035156,198.3500061035156,0.012764870676994722,True,0.0015898216901404027,196.1613726912331,True,0.011175048986854319,2.188633412282485
2024-03-01,193.8000030517578,191.3999938964844,-0.01238394797461606,False,0.002349072006522488,194.25525321379067,True,-0.014733019981138549,-2.8552593173062633
2024-03-04,197.3999938964844,194.3500061035156,-0.015450799834209716,False,0.001318324143484742,197.66023107436186,True,-0.016769123977694457,-3.3102249708462637
2024-03-05,195.0,195.3999938964844,0.0020512507512020495,True,9.254554627361294e-05,195.01804638152336,True,0.0019587052049284365,0.3819475149610412
2024-03-06,194.4499969482422,191.6499938964844,-0.0143996045034811,False,-0.0005404898984087711,194.34489868914605,False,-0.01385911460507233,-2.694904792661646
2024-03-07,198.3500061035156,191.3500061035156,-0.035291150918073666,False,-0.0010320415693822133,198.14530065192955,False,-0.034259109348691454,-6.795294548413949
2024-03-08,191.3999938964844,182.8500061035156,-0.0446707840418894,False,-0.0006111127389814458,191.2830269219733,False,-0.04405967130290796,-8.433020818457692
2024-03-11,194.3500061035156,181.8500061035156,-0.06431695192920239,False,-0.0007611951938328146,194.20206781294823,False,-0.06355575673536958,-12.352061709432633
2024-03-12,195.3999938964844,183.0500030517578,-0.06320363986945232,False,-0.0006186989550183089,195.27910012445005,False,-0.062584940914434,-12.229097072692241
2024-03-13,191.6499938964844,182.3999938964844,-0.04826506806463138,False,-0.0005795754922717448,191.53891825692799,False,-0.047685492572359635,-9.138924360443582
2024-03-14,191.3500061035156,185.6999969482422,-0.02952709158638278,False,-0.0007830697641680183,191.20016569936257,False,-0.028744021822214763,-5.500168751120384
2024-03-15,182.8500061035156,184.8500061035156,0.010937926897676808,True,0.0008708259636198371,183.0092366362786,True,0.010067100934056971,1.8407694672370098
2024-03-18,181.8500061035156,185.6499938964844,0.020896275311674817,True,0.003654540153617899,182.51458425275655,True,0.017241735158056916,3.1354096437278542
2024-03-19,183.0500030517578,188.0500030517578,0.027314940817489308,True,0.00768463911169221,184.45667626460474,True,0.019630301705797097,3.5933267871530745
2024-03-20,182.3999938964844,190.6499938964844,0.045230264671401565,True,0.008058734921848889,183.869907097043,True,0.03717152974955268,6.780086799441392
2024-03-21,185.6999969482422,188.8500061035156,0.016962892875821423,True,0.007534521657366202,187.09915759702153,True,0.00942837121845522,1.7508485064940658
2024-03-22,184.8500061035156,191.8000030517578,0.03759803472416556,True,0.00680972971075878,186.10878468211266,True,0.030788305013406785,5.691218369645156
2024-03-25,185.6499938964844,197.75,0.06517644223711838,True,0.00730954253595766,187.00701042367106,True,0.05786689970116072,10.742989576328938
2024-03-26,188.0500030517578,203.6000061035156,0.08269078861688661,True,0.00635620632075125,189.24528766977267,True,0.07633458229613536,14.354718433742931
2024-03-27,190.6499938964844,206.75,0.08444797597138809,True,0.006100194527497934,191.81299594591925,True,0.07834778144389015,14.937004054080745
2024-03-28,188.8500061035156,212.5,0.12523162897607198,True,0.006024283475591059,189.98769207465028,True,0.11920734550048093,22.512307925349717
2024-04-01,191.8000030517578,211.1000061035156,0.1006256660306184,True,0.005959955834053273,192.94312259891757,True,0.09466571019656513,18.156883504598028
2024-04-02,197.75,213.5500030517578,0.07989887763215076,True,0.00475013539870771,198.68933927509443,True,0.07514874223344305,14.860663776663387
2024-04-03,203.6000061035156,214.6499938964844,0.054273022896427214,True,0.002003845858297063,204.0079891324954,True,0.05226917703813015,10.642004763989007
2024-04-04,206.75,220.3500061035156,0.06577995696984562,True,0.00023571774722227907,206.7987346442382,True,0.06554423922262334,13.551271459277388
2024-04-05,212.5,224.6499938964844,0.05717644186580895,True,-7.900562515067295e-05,212.4832113046555,False,0.05725544749095962,12.166782591828905
2024-04-08,211.1000061035156,231.5500030517578,0.09687350240157877,True,-0.0005189066810849161,210.9904648999714,False,0.09739240908266368,20.5595381517864
2024-04-09,213.5500030517578,236.75,0.10863964699929896,True,0.00037063416065347517,213.62915197789647,True,0.10826901283864548,23.12084802210353
2024-04-10,214.6499938964844,247.9499969482422,0.1551362869724413,True,0.000819736156364104,214.8259502574447,True,0.1543165508160772,33.124046690797485
2024-04-11,220.3500061035156,239.8500061035156,0.08849557276998365,True,-0.0025132172067555995,219.79621867666754,False,0.09100878997673925,20.05378742684806
2024-04-12,224.6499938964844,241.3999938964844,0.07456042935713669,True,-0.0042115130699387614,223.7038775110277,False,0.07877194242707546,17.69611638545669
2024-04-15,231.5500030517578,231.6499938964844,0.0004318326210699386,True,-0.014883766527614039,228.10366686686714,False,0.015315599148683978,3.5463270296172595
2024-04-16,236.75,224.5,-0.05174234424498414,False,-0.01754586945421532,232.5960154067145,False,-0.034196474790768816,-8.096015406714514
2024-04-17,247.9499969482422,228.4499969482422,-0.07864488905023248,False,-0.019300081231094782,243.1645418658914,False,-0.0593448078191377,-14.71454491764922
2024-04-18,239.8500061035156,231.9499969482422,-0.03293728978211441,False,-0.017014853840778152,235.76899330595452,False,-0.015922435941336258,-3.8189963577123365
2024-04-19,241.3999938964844,230.6000061035156,-0.04473897293303164,False,-0.017415487665412267,237.1958952803496,False,-0.027323485267619373,-6.5958891768339925
2024-04-22,231.6499938964844,233.5500030517578,0.008202068661061324,True,-0.01233050279483167,228.79363299932106,False,0.020532571455892993,4.7563700524367505
2024-04-23,224.5,220.6499938964844,-0.017149247677129553,False,-0.007110439919311818,222.9037062381145,False,-0.010038807757817736,-2.2537123416300915
2024-04-24,228.4499969482422,219.0500030517578,-0.041146833101573854,False,-0.007144374927297016,226.81786451790407,False,-0.034002458174276835,-7.7678614661462575
2024-04-25,231.9499969482422,208.6499938964844,-0.10045269824666991,False,-0.007751415021073135,230.1520562577597,False,-0.09270128322559677,-21.502062361275307
2024-04-26,230.6000061035156,205.8999938964844,-0.10711193214775305,False,-0.007911624978761524,228.77558533512448,False,-0.09920030716899153,-22.875591438640072
2024-04-29,233.5500030517578,200.6999969482422,-0.14065513026876575,False,-0.007805565058040916,231.72701330863168,False,-0.13284956521072483,-31.027016360389496
2024-04-30,220.6499938964844,199.0,-0.09811916834514511,False,-0.0005065173155194294,220.53823085390658,False,-0.09761265102962569,-21.538230853906583
2024-05-01,219.0500030517578,200.25,-0.08582516681050079,False,0.0010984896877838152,219.2906272212192,True,-0.0869236564982846,-19.04062722121921
2024-05-02,208.6499938964844,203.6999969482422,-0.023723925679566604,False,0.0020502500401128037,209.0777785548402,True,-0.02577417571967941,-5.377781606598006
2024-05-03,205.8999938964844,204.3999938964844,-0.007285090065394129,False,0.001859252001283631,206.28281387220073,True,-0.00914434206667776,-1.8828199757163304
2024-05-06,200.6999969482422,200.3999938964844,-0.001494783539210287,False,0.0022266635733663906,201.14688832062157,True,-0.0037214471125766777,-0.7468944241371673
2024-05-07,199.0,202.8500061035156,0.019346764339274403,True,0.004793058164761623,199.9538185747876,True,0.014553706174512779,2.8961875287280066
2024-05-08,200.25,201.25,0.004993757802746579,True,0.004566029786794466,201.1643474648056,True,0.0004277280159521134,0.08565253519441285
2024-05-09,203.6999969482422,199.5500030517578,-0.020373068034649222,False,0.004384914076538354,204.59320393225136,True,-0.024757982111187578,-5.0432008804935435
2024-05-10,204.3999938964844,208.1499938964844,0.018346380195584322,True,0.005739272457951552,205.57310115185996,True,0.01260710773763277,2.5768927446244447
2024-05-13,200.3999938964844,209.3000030517578,0.04441122468232539,True,0.005660118417351526,201.53428159277502,True,0.03875110626497386,7.765721458982796
2024-05-14,202.8500061035156,217.1999969482422,0.07074188027090167,True,0.005672837948081613,204.00074131590821,True,0.06506904232282006,13.199255632333973
2024-05-15,201.25,220.4499969482422,0.09540371154406047,True,0.005883276416810996,202.43400937888322,True,0.08952043512724947,18.01598756935897
2024-05-16,199.5500030517578,215.6499938964844,0.08068148633678884,True,0.005524153263717833,200.65234785239107,True,0.07515733307307101,14.99764604409333
2024-05-17,208.1499938964844,218.25,0.04852273072147417,True,0.005986575751102658,209.39609960253725,True,0.04253615497037151,8.853900397462752
2024-05-20,209.3000030517578,230.9499969482422,0.10344000755284521,True,0.005545092218007476,210.46059086990908,True,0.09789491533483774,20.489406078333104
2024-05-21,217.1999969482422,229.4499969482422,0.05639963246831492,True,0.0015685145535213989,217.5406783044803,True,0.05483111791479352,11.909318643761878
2024-05-22,220.4499969482422,233.0,0.056929023476939955,True,0.0016174867598652048,220.8065718995183,True,0.05531153671707475,12.193428100481697
2024-05-23,215.6499938964844,222.3500061035156,0.031068919066361333,True,0.0019698582637964293,216.07479381904903,True,0.029099060802564903,6.275212284466562
2024-05-24,218.25,226.5500030517578,0.038029796342532896,True,0.0021802379981896098,218.7258369431049,True,0.03584955834434329,7.824166108652918
2024-05-28,230.9499969482422,233.8999938964844,0.012773314514930911,True,0.001019329010997942,231.1854109802214,True,0.01175398550393297,2.714582916262998
2024-05-29,229.4499969482422,231.9499969482422,0.010895620105690895,True,0.0012532058368984907,229.73754502369408,True,0.009642414268792405,2.2124519245481054
2024-05-30,233.0,234.1999969482422,0.005150201494601658,True,0.001709278760011376,233.39826195108267,True,0.0034409227345902826,0.8017349971595138
2024-05-31,222.3500061035156,224.8000030517578,0.011018650240565364,True,0.0026681606395733623,222.9432716380099,True,0.008350489600992002,1.856731413747923
2024-06-03,226.5500030517578,221.3999938964844,-0.02273232878349085,False,0.0020833107662889525,227.02197711221834,True,-0.024815639549779805,-5.621983215733934
2024-06-04,233.8999938964844,220.5500030517578,-0.05707563571222152,False,-0.0009819275688555938,233.6703210441223,False,-0.05609370814336592,-13.120317992364477
2024-06-05,231.9499969482422,224.3500061035156,-0.03276564321931197,False,-0.000504925030203011,231.8328795890275,False,-0.03226071818910896,-7.482873485511902
2024-06-06,234.1999969482422,226.0500030517578,-0.034799291215556694,False,-0.0007765232012729539,234.01813521687382,False,-0.03402276801428374,-7.968132165116003
2024-06-07,224.8000030517578,224.1499938964844,-0.0028914997617849325,False,0.002543138541759097,225.3717006037063,True,-0.00543463830354403,-1.2217067072218981
2024-06-10,221.3999938964844,227.1499938964844,0.025971093760230213,True,0.002238321238954843,221.89555820512734,True,0.02373277252127537,5.25443569135706
2024-06-11,220.5500030517578,226.3000030517578,0.026071185311435263,True,0.0021303157804396337,221.01984420363496,True,0.02394086953099563,5.280158848122852
2024-06-12,224.3500061035156,230.25,0.02629816686415487,True,0.0023183187309605254,224.8701209249565,True,0.023979848133194346,5.379879075043505
2024-06-13,226.0500030517578,226.5500030517578,0.002211899992257571,True,0.0016514085163088406,226.42330395190913,True,0.0005604914759487305,0.126699099848679
2024-06-14,224.1499938964844,238.0,0.0617890095054463,True,0.0015862343895663945,224.50554832522408,True,0.06020277511587991,13.494451674775917
2024-06-17,227.1499938964844,231.1999969482422,0.017829641913190697,True,0.0030365614969175255,227.8397488219755,True,0.014793080416273172,3.360248126266697
2024-06-18,226.3000030517578,226.3500061035156,0.00022095912984299027,True,0.0017146574206944915,226.68803003129372,True,-0.0014936982908515012,-0.3380239277781243
2024-06-20,230.25,228.25,-0.008686210640608039,False,0.0013310025603924921,230.55646333953038,True,-0.010017213201000531,-2.3064633395303815
2024-06-21,226.5500030517578,228.9499969482422,0.010593660843765562,True,0.0007859896949431244,226.72806901954584,True,0.009807671148822437,2.2219279286963456
2024-06-24,238.0,226.6999969482422,-0.04747900441915043,False,0.0017167850430801364,238.40859484025307,True,-0.04919578946223056,-11.708597892010886
2024-06-25,231.1999969482422,229.1000061035156,-0.009083005503657926,False,0.002081037561882741,231.68113282619865,True,-0.011164043065540667,-2.5811267226830523
2024-06-26,226.3500061035156,225.9499969482422,-0.0017672151291679983,False,0.00259175327453644,226.93664947302574,True,-0.004358968403704438,-0.9866525247835511
2024-06-27,228.25,230.3000030517578,0.008981393435959717,True,0.002664081955895757,228.85807670643322,True,0.00631731148006396,1.441926345324589
2024-06-28,228.9499969482422,236.1999969482422,0.03166630310826779,True,0.0033708451560417784,229.72175193643093,True,0.028295457952226013,6.478245011811254
2024-07-01,226.6999969482422,252.0,0.11160125007647914,True,0.0030503736810488123,227.39151665242693,True,0.10855087639543033,24.60848334757307
2024-07-02,229.1000061035156,245.6999969482422,0.07245740027272674,True,0.004787314230472074,230.1967798229362,True,0.06767008604225466,15.50321712530598
2024-07-03,225.9499969482422,246.75,0.09205577929935727,True,0.005073361586060516,227.09632298312988,True,0.08698241771329675,19.65367701687012
2024-07-05,230.3000030517578,250.4499969482422,0.08749454463513762,True,0.006203183361691359,231.72859619888595,True,0.08129136127344626,18.721400749356235
2024-07-08,236.1999969482422,244.1499938964844,0.03365790453411521,True,0.006131593587824709,237.64827933497426,True,0.027526310946290503,6.501714561510141
2024-07-09,252.0,245.3999938964844,-0.026190500410776196,False,0.0023330981151630484,252.58794072502107,True,-0.028523598525939244,-7.187946828536667
2024-07-10,245.6999969482422,247.3500061035156,0.006715544060918344,True,0.005330318435018368,247.00965617145937,True,0.0013852256258999754,0.34034993205622754
2024-07-11,246.75,243.3999938964844,-0.013576519163183809,False,0.004492561563591224,247.8585395658161,True,-0.018069080726775034,-4.4585456693316985
2024-07-12,250.4499969482422,238.1999969482422,-0.04891195907074253,False,0.003026358103894847,251.20794832612697,True,-0.05193831717463737,-13.00795137788478
2024-07-15,244.1499938964844,243.0500030517578,-0.004505389605674037,False,0.004800801427243624,245.32210953564416,True,-0.00930619103291766,-2.272106483886347
2024-07-16,245.3999938964844,239.1000061035156,-0.0256723225332528,False,0.010232224270589995,247.91098167003463,True,-0.03590454680384279,-8.810975566519033
2024-07-17,247.3500061035156,231.1499938964844,-0.06549428666782209,False,0.009600218956814848,249.72462032107887,True,-0.07509450562463693,-18.57462642459447
2024-07-18,243.3999938964844,234.6999969482422,-0.03574362023995048,False,0.009849140767562242,245.79727469919467,True,-0.04559276100751272,-11.097277750952486
2024-07-19,238.1999969482422,230.25,-0.03337530247731124,False,0.008279966274080239,240.17228488945963,True,-0.04165526875139148,-9.922284889459632
2024-07-22,243.0500030517578,230.3999938964844,-0.0520469409439982,False,0.007165262365525317,244.79152009156542,True,-0.059212203309523516,-14.391526195081013
2024-07-23,239.1000061035156,230.8000030517578,-0.034713520869440684,False,0.010120175552387813,241.51974013986018,True,-0.044833696421828495,-10.719737088102363
2024-07-24,231.1499938964844,229.1999969482422,-0.008436067487483823,False,0.009123027458497562,233.25878163783355,True,-0.017559094945981384,-4.058784689591363
2024-07-25,234.6999969482422,227.25,-0.03174263760167462,False,0.007867533972826345,236.5465071476547,True,-0.03961017157450096,-9.296507147654694
2024-07-26,230.25,230.5,0.0010857763300760048,True,0.008739379044387659,232.26224202497028,True,-0.007653602714311654,-1.762242024970277
2024-07-29,230.3999938964844,225.6999969482422,-0.020399292850475814,False,0.00871002172281607,232.40678284825944,True,-0.029109314573291883,-6.706785900017252
2024-07-30,230.8000030517578,235.9499969482422,0.02231366476771446,True,0.006773328924016815,232.36328738809146,True,0.015540335843697644,3.586709560150723
2024-07-31,229.1999969482422,246.3000030517578,0.07460735746596514,True,0.005091177524544347,230.3668948213307,True,0.0695161799414208,15.93310823042711
2024-08-01,227.25,245.3000030517578,0.07942795622335663,True,0.005316176412447928,228.45810108972879,True,0.0741117798109087,16.841901962029027
2024-08-02,230.5,234.0500030517578,0.015401314758168416,True,0.005698626927439832,231.81353350677492,True,0.009702687830728585,2.2364695449828957
2024-08-05,225.6999969482422,240.8500061035156,0.06712454302224757,True,0.006057853682669825,227.06725450593368,True,0.06106668933957775,13.782751597581921
2024-08-06,235.9499969482422,232.6999969482422,-0.01377410486134878,False,0.0060155564547121195,237.3693674753735,True,-0.0197896613160609,-4.669370527131321
2024-08-07,246.3000030517578,237.0,-0.03775884261683704,False,0.005297569130873769,247.60479434485893,True,-0.04305641174771081,-10.60479434485893
2024-08-08,245.3000030517578,239.8999938964844,-0.022013897627771395,False,0.006345142093083126,246.85646642655493,True,-0.02835903972085452,-6.956472530070528
2024-08-09,234.0500030517578,245.4499969482422,0.04870751441077048,True,0.007073019526296476,235.70544329347265,True,0.041634494884474,9.744553654769533
2024-08-12,240.8500061035156,245.8999938964844,0.02096735588538179,True,0.006827760551343118,242.49447227397994,True,0.01413959533403867,3.405521622504466
2024-08-13,232.6999969482422,249.4499969482422,0.07198109247816453,True,0.00678375865897422,234.27857756748313,True,0.06519733381919031,15.171419380759062
2024-08-14,237.0,249.4499969482422,0.05253163269300498,True,0.007051813842989956,238.67127988078863,True,0.04547981885001502,10.778717067453556
2024-08-15,239.8999938964844,246.8000030517578,0.028762023054701435,True,0.007344314302145953,241.66189485274307,True,0.021417708752555484,5.138108199014738
2024-08-16,245.4499969482422,251.1999969482422,0.023426360038670158,True,0.006705447399926979,247.09584899209088,True,0.016720912638743177,4.104147956151309
2024-08-19,245.8999938964844,253.6499938964844,0.03151687756146293,True,0.006767864933907951,247.5642118424246,True,0.02474901262755498,6.085782054059791
2024-08-20,249.4499969482422,259.3999938964844,0.039887741310763225,True,0.006385685063373495,251.04290606781313,True,0.03350205624738973,8.35708782867124
2024-08-21,249.4499969482422,260.45001220703125,0.04409707513875594,True,0.00603565297435614,250.95559056427598,True,0.0380614221643998,9.49442164275527
2024-08-22,246.8000030517578,251.8000030517578,0.020259319036359358,True,0.006767830468996214,248.47030363215987,True,0.013491488567363144,3.3296994195979437
2024-08-23,251.1999969482422,248.1999969482422,-0.011942675304323802,False,0.005773443110973755,252.65028584009963,True,-0.017716118415297556,-4.45028889185744
2024-08-26,253.6499938964844,246.75,-0.027202815148895,False,0.005794285319366023,255.11971433237608,True,-0.03299710046826102,-8.369714332376077
2024-08-27,259.3999938964844,245.5500030517578,-0.05339241006402451,False,0.0049133639511794,260.6745204754315,True,-0.05830577401520391,-15.124517423673694
2024-08-28,260.45001220703125,246.6000061035156,-0.05317721426139277,False,0.0038429961249163143,261.45092059467726,True,-0.057020210386309084,-14.85091449116166
2024-08-29,251.8000030517578,240.0500030517578,-0.04666401849719104,False,0.004860072274040375,253.02376926519295,True,-0.051524090771231414,-12.973766213435141
2024-08-30,248.1999969482422,249.4499969482422,0.005036261141698084,True,0.005083267786335185,249.4616639972977,True,-4.700664463710112e-05,-0.011667049055517964
2024-09-03,246.75,248.0,0.005065856129685908,True,0.00553198466595106,248.1150172163234,True,-0.00046612853626515176,-0.11501721632339468
2024-09-04,245.5500030517578,249.4499969482422,0.015882687224656022,True,0.007479187771173515,247.38651763179413,True,0.008403499453482507,2.0634793164480527
2024-09-05,246.6000061035156,252.0,0.021897784926321773,True,0.008943128540131634,248.80538165609656,True,0.012954656386190139,3.194618343903443
2024-09-06,240.0500030517578,262.04998779296875,0.09164750869204297,True,0.009891814284279772,242.4245331008866,True,0.0817556944077632,19.625454692082144
2024-09-09,249.4499969482422,259.04998779296875,0.038484630034765877,True,0.009967422824998781,251.93637054151998,True,0.028517207209767095,7.1136172514487725
2024-09-10,248.0,265.0,0.06854838709677424,True,0.010047991341383192,250.491901852663,True,0.05850039575539105,14.508098147336995
2024-09-11,249.4499969482422,263.1499938964844,0.05492081425474926,True,0.004773371948677438,250.64071456627258,True,0.05014744230607182,12.509279330211797
2024-09-12,252.0,261.6499938964844,0.03829362657335067,True,0.004319515332972507,253.08851786390906,True,0.03397411124037816,8.561476032575314
2024-09-13,262.04998779296875,250.75,-0.043121497116406116,False,0.002455009779392726,262.6933230756902,True,-0.04557650689579884,-11.943323075690216
2024-09-16,259.04998779296875,263.6499938964844,0.017757214129621612,True,0.0042222143627153146,260.14375237208947,True,0.013534999766906298,3.506241524394909
2024-09-17,265.0,267.79998779296875,0.010565991671580122,True,0.0017761747442363422,265.47068630722265,True,0.008789816927343779,2.3293014857461003
2024-09-18,263.1499938964844,269.1000061035156,0.022610725232894424,True,0.0027616090012790953,263.87671128831545,True,0.019849116231615328,5.223294815200177
2024-09-19,261.6499938964844,273.8999938964844,0.04681826977166459,True,0.0033168591627188025,262.51785007616525,True,0.04350141060894579,11.38214382031913
2024-09-20,250.75,269.1499938964844,0.07337983607770449,True,0.004593049639202284,251.90170719703,True,0.0687867864385022,17.248286699454383
2024-09-23,263.6499938964844,270.25,0.025033211668144206,True,0.004587384422625744,264.8594577715105,True,0.020445827245518463,5.390542228489494
2024-09-24,267.79998779296875,264.1499938964844,-0.013629552139136414,False,0.003968675737978586,268.8627991071537,True,-0.017598227877115,-4.71280521066933
2024-09-25,269.1000061035156,256.5,-0.04682276409413655,False,0.004533345148525129,270.3199293106531,True,-0.05135610924266168,-13.819929310653094
2024-09-26,273.8999938964844,252.0500030517578,-0.07977360836665215,False,0.0034107581056439886,274.83420052080265,True,-0.08318436647229614,-22.78419746904484
2024-09-27,269.1499938964844,257.3500061035156,-0.04384167958594509,False,0.002620232019573735,269.85522932856003,True,-0.046461911605518824,-12.505223225044404
2024-09-30,270.25,244.6499938964844,-0.0947271271175415,False,0.00158123239890765,270.6773280558048,True,-0.09630835951644914,-26.027334159320418
2024-10-01,264.1499938964844,248.1999969482422,-0.060382348350508375,False,0.0035160095631102005,265.0787478011199,True,-0.06389835791361857,-16.878750852877715
2024-10-02,256.5,250.0500030517578,-0.025146186932718084,False,0.003839611042864719,257.4848602324948,True,-0.028985797975582803,-7.434857180736969
2024-10-03,252.0500030517578,254.75,0.010712148048209968,True,0.003687723873943712,252.97949386543937,True,0.007024424174266256,1.7705061345606339
2024-10-04,257.3500061035156,252.0500030517578,-0.020594532450199154,False,0.003988460627028658,258.3764364702251,True,-0.024582993077227812,-6.326433418467275
2024-10-07,244.6499938964844,262.04998779296875,0.07112198786257307,True,0.004500874233013658,245.75113275012006,True,0.06662111362955941,16.298855042848686
2024-10-08,248.1999969482422,256.70001220703125,0.03424663724134369,True,0.009590159495323802,250.58027450571473,True,0.024656477746019888,6.119737701316524
2024-10-09,250.0500030517578,258.0,0.03179362867912716,True,0.00751114400089421,251.92816463210357,True,0.024282484678232952,6.071835367896426
2024-10-10,254.75,255.1499938964844,0.0015701428713814636,True,0.006918000319041954,256.5123605812759,True,-0.00534785744766049,-1.3623666847915104
2024-10-11,252.0500030517578,257.29998779296875,0.02082913976451284,True,0.007496802258657884,253.93957208393095,True,0.013332337505854955,3.3604157090377953
2024-10-14,262.04998779296875,251.6999969482422,-0.03949624623872727,False,0.005707522384926153,263.54564396426673,True,-0.045203768623653426,-11.845647016024543
2024-10-15,256.70001220703125,249.8500061035156,-0.02668486863175934,False,0.004789187812754697,257.92939677702714,True,-0.03147405644451404,-8.07939067351154
2024-10-16,258.0,252.3500061035156,-0.021899201149164327,False,0.004888053358583464,259.26111776651453,True,-0.02678725450774779,-6.911111662998934
2024-10-17,255.1499938964844,245.4499969482422,-0.038016841780437405,False,0.005854222936854123,256.6436988430914,True,-0.043871064717291526,-11.193701894849198
2024-10-18,257.29998779296875,248.3999938964844,-0.03458995071404958,False,0.0055583601322457986,258.7301537871445,True,-0.040148310846295374,-10.330159890660099
2024-10-21,251.6999969482422,252.3500061035156,0.0025824758170620576,True,0.006554417346462798,253.3497437743444,True,-0.00397194152940074,-0.9997376708288073
2024-10-22,249.8500061035156,248.1000061035156,-0.007004202350409217,False,0.007424800683499175,251.70509259960525,True,-0.014429003033908393,-3.6050864960896547
2024-10-23,252.3500061035156,249.6000061035156,-0.01089756264508246,False,0.007701903277791651,254.293581442675,True,-0.01859946592287411,-4.693575339159395
2024-10-24,245.4499969482422,245.8999938964844,0.0018333548740565586,True,0.007304095081973241,247.24278706382216,True,-0.005470740207916682,-1.34279316733776
2024-10-25,248.3999938964844,242.9499969482422,-0.021940406932994483,False,0.007013678493640341,250.14219159149656,True,-0.028954085426634822,-7.192194643254368
2024-10-28,252.3500061035156,245.9499969482422,-0.02536163661770663,False,0.006267414263825762,253.93158813124526,True,-0.031629050881532395,-7.981591183003076
2024-10-29,248.1000061035156,250.1499938964844,0.008262747853837071,True,0.005746251344669385,249.52565109720038,True,0.0025164965091676863,0.6243427992840225
2024-10-30,249.6000061035156,248.75,-0.0034054730878615436,False,0.004749278603062829,250.78542607182735,True,-0.008154751690924372,-2.035426071827345
2024-10-31,245.8999938964844,260.3999938964844,0.0589670612440274,True,0.004145901515665258,246.91947105388192,True,0.054821159728362136,13.480522842602454
2024-11-01,242.9499969482422,253.3500061035156,0.04280720018897144,True,0.004889340804311768,244.13786228172864,True,0.03791785938465967,9.212143821786952
2024-11-04,245.9499969482422,256.20001220703125,0.041675199780327965,True,0.004118255543036908,246.9628818864842,True,0.03755694423729106,9.237130320547038
2024-11-05,250.1499938964844,263.54998779296875,0.05356783619203065,True,0.004961097647119322,251.39101244263117,True,0.04860673854491133,12.158975350337585
2024-11-06,248.75,271.6499938964844,0.09206027697079144,True,0.004647398448804583,249.90604036414015,True,0.08741287852198686,21.74395353234422
2024-11-07,260.3999938964844,278.95001220703125,0.0712366311265007,True,0.004164500841649608,261.4844298902318,True,0.06707213028485108,17.46558231679944
2024-11-08,253.3500061035156,281.79998779296875,0.11229516875491541,True,0.0033963601735894663,254.21047397422424,True,0.10889880858132595,27.589513818744507
2024-11-11,256.20001220703125,280.75,0.09582352311962539,True,0.0030746297349173997,256.9877323826492,True,0.09274889338470799,23.7622676173508
2024-11-12,263.54998779296875,279.75,0.06146846123080518,True,0.0019300014600105414,264.05863965419496,True,0.05953845977079464,15.691360345805037
2024-11-13,271.6499938964844,295.29998779296875,0.0870605353501186,True,0.0015637378915666575,272.0747832851842,True,0.08549679745855193,23.225204507784554
2024-11-14,278.95001220703125,298.6499938964844,0.0706219065329603,True,0.001695686713471061,279.4230240364533,True,0.06892621981948924,19.22696986003109
2024-11-15,281.79998779296875,305.25,0.08321509305479236,True,0.0015434974525139907,282.23494535624565,True,0.08167159560227837,23.015054643754354
2024-11-18,280.75,308.3500061035156,0.09830812503478414,True,0.001455671190299078,281.15867968667646,True,0.09685245384448507,27.19132641683916
2024-11-19,279.75,312.1499938964844,0.11581767255222286,True,0.0021352581316328623,280.34733846232433,True,0.11368241442059,31.802655434160044
2024-11-20,295.29998779296875,326.1499938964844,0.10447005546489962,True,0.0005775250795679639,295.4705309419153,True,0.10389253038533167,30.67946295456909
2024-11-21,298.6499938964844,321.6499938964844,0.07701322775841768,True,-0.00421155016080708,297.3922144666646,False,0.08122477791922476,24.257779429819777
2024-11-22,305.25,299.20001220703125,-0.019819779829545414,False,-0.006469251387196275,303.27526101405834,False,-0.01335052844234914,-4.075248807027094
2024-11-25,308.3500061035156,297.70001220703125,-0.03453865310743365,False,-0.006454195075192308,306.3598550126868,False,-0.02808445803224134,-8.659842805655558
2024-11-26,312.1499938964844,305.95001220703125,-0.019862187444120716,False,-0.007978936381361294,309.65936895374205,False,-0.011883251062759422,-3.709356746710796
2024-11-27,326.1499938964844,315.75,-0.03188715036366119,False,-0.00964514296387233,323.0042305776867,False,-0.022242007399788856,-7.254230577686712
2024-11-29,321.6499938964844,332.5,0.03373233735240633,True,-0.0072298955876457655,319.3244980248459,False,0.04096223294005209,13.175501975154077
2024-12-02,299.20001220703125,332.29998779296875,0.11062825613467564,True,-0.0012684256583331982,298.82049923457424,False,0.11189668179300884,33.47948855839451
2024-12-03,297.70001220703125,335.6499938964844,0.12747725943343724,True,0.0003774970359614745,297.8123930792451,True,0.12709976239747575,37.83760081723926
2024-12-04,305.95001220703125,321.70001220703125,0.051478997782625546,True,-4.8495667840950384e-05,305.9351749568633,False,0.0515274934504665,15.764837250167943
2024-12-05,315.75,322.6000061035156,0.021694397794190357,True,-0.004002454456459026,314.48622500537306,False,0.025696852250649382,8.113781098142567
2024-12-06,332.5,320.8500061035156,-0.03503757562852439,False,-0.008018812951717717,329.83374469355385,False,-0.027018762676806668,-8.983738590038229
2024-12-09,332.29998779296875,328.75,-0.01068308132223128,False,-0.008019691926526351,329.6350442636807,False,-0.0026633893957049293,-0.8850442636806974
2024-12-10,335.6499938964844,325.45001220703125,-0.030388743855001676,False,-0.008592706771866881,332.76585192095297,False,-0.021796037083134795,-7.315839713921719
2024-12-11,321.70001220703125,333.1499938964844,0.03559210834622051,True,-0.0038007982639506285,320.47729535912185,False,0.039392906610171134,12.672698537362521
2024-12-12,322.6000061035156,323.75,0.0035647671256253677,True,-0.0020642606805730914,321.9340755953635,False,0.005629027806198459,1.8159244046365188
2024-12-13,320.8500061035156,325.0,0.012934373749537764,True,0.0013913070660514877,321.29640698415005,True,0.011543066683486276,3.703593015849947
2024-12-16,328.75,327.25,-0.004562737642585524,False,0.0005517891495833251,328.9314006829255,True,-0.005114526792168849,-1.6814006829255277
2024-12-17,325.45001220703125,328.6000061035156,0.009678887012855686,True,0.0033935850046935704,326.55445448823434,True,0.0062853020081621155,2.0455516152812834
2024-12-18,333.1499938964844,324.6499938964844,-0.025514033185427887,False,0.0002179440708695169,333.22260196236437,True,-0.025731977256297403,-8.57260806587999
2024-12-19,323.75,322.6499938964844,-0.0033977022502412746,False,0.006130248299701225,325.73466788702825,True,-0.0095279505499425,-3.0846739905438767
2024-12-20,325.0,321.0,-0.012307692307692353,False,0.0062222301145180335,327.02222478721836,True,-0.018529922422210385,-6.022224787218363
2024-12-23,327.25,319.75,-0.02291825821237581,False,0.0060498944696809704,329.22982796520307,True,-0.02896815268205678,-9.479827965203071
2024-12-24,328.6000061035156,326.8500061035156,-0.005325623759875109,False,0.0058260847462207,330.5144575866833,True,-0.011151708506095809,-3.6644514831676815
2024-12-26,324.6499938964844,318.6499938964844,-0.018481441899897644,False,0.005600666795822125,326.46825033756426,True,-0.024082108695719768,-7.818256441079882
2024-12-27,322.6499938964844,318.6000061035156,-0.012552263659016516,False,0.0045765718020345765,324.1266247604776,True,-0.01712883546105109,-5.526618656962
2024-12-30,321.0,320.5,-0.0015576323987538387,False,0.005655314305592444,322.81535589209517,True,-0.007212946704346283,-2.3153558920951696
2024-12-31,319.75,316.45001220703125,-0.010320524762998384,False,0.0061971443431137006,321.7315369037106,True,-0.016517669106112083,-5.281524696679355
2025-01-02,326.8500061035156,318.5,-0.025546905147895593,False,0.005649387855441656,328.6965085585478,True,-0.03119629300333725,-10.196508558547805
2025-01-03,318.6499938964844,323.8500061035156,0.016318883749046886,True,0.005680869588145306,320.46020295607366,True,0.010638014160901581,3.3898031474419668
2025-01-06,318.6000061035156,325.95001220703125,0.023069698564687213,True,0.005874631519628357,320.4716637415251,True,0.017195067045058857,5.478348465506144
2025-01-07,320.5,321.95001220703125,0.004524219054699685,True,0.0053222454986820615,322.2057796823276,True,-0.0007980264439823763,-0.25576747529635213
2025-01-08,316.45001220703125,330.45001220703125,0.044240794627749214,True,0.005710281314481986,318.25703079870465,True,0.03853051331326723,12.192981408326602
2025-01-09,318.5,327.1499938964844,0.02715853656667,True,0.005148885043208837,320.139919886262,True,0.02200965152346116,7.010074010222354
2025-01-10,323.8500061035156,328.3500061035156,0.013895321646409498,True,0.005356703146039637,325.58477445005525,True,0.008538618500369861,2.7652316534603756
2025-01-13,325.95001220703125,327.79998779296875,0.005675642020723348,True,0.007630073837204744,328.4370348674087,True,-0.001954431816481396,-0.6370470744399768
2025-01-14,321.95001220703125,341.8500061035156,0.06181081889100093,True,0.00709722247531128,324.23496306959373,True,0.05471359641568965,17.615043033921893
2025-01-15,330.45001220703125,343.95001220703125,0.04085338024300644,True,0.007379744740343214,332.88864894656245,True,0.03347363550266323,11.061363260468795
2025-01-16,327.1499938964844,347.54998779296875,0.062356699608985044,True,0.007941100617985865,329.74792491518986,True,0.05441559899099918,17.802062877778894
2025-01-17,328.3500061035156,349.20001220703125,0.06349933216368653,True,0.00820819633125973,331.0451674189836,True,0.0552911358324268,18.154844788047626
2025-01-21,327.79998779296875,357.5,0.09060406745893212,True,0.008926301958589702,330.7260294660308,True,0.08167776550034242,26.77397053396919
2025-01-22,341.8500061035156,366.5499877929687,0.07225385768158699,True,0.007710395618579181,344.4858048927874,True,0.0645434620630078,22.064182900181265
2025-01-23,343.95001220703125,373.3999938964844,0.08562285403184267,True,0.006004391740081207,346.01522281932796,True,0.07961846229176146,27.384771077156415
2025-01-24,347.54998779296875,377.8500061035156,0.0871817562214856,True,0.005205474622691052,349.3591504345416,True,0.08197628159879455,28.490855668974007
2025-01-27,349.20001220703125,380.8999938964844,0.09077886764407972,True,0.005423694905828693,351.0939665343538,True,0.08535517273825102,29.80602736213058
2025-01-28,357.5,383.3500061035156,0.07230770938046338,True,0.004566044261482379,359.1323608234799,True,0.067741665118981,24.217645280035697
2025-01-29,366.5499877929687,397.75,0.0851180282255346,True,0.002146962339950132,367.3369568124694,True,0.08297106588558448,30.413043187530604
2025-01-30,373.3999938964844,403.9500122070313,0.08181579756269675,True,-0.0014285737085678535,372.86656448242445,False,0.0832443712712646,31.083447724606856
2025-01-31,377.8500061035156,404.3500061035156,0.07013364978678882,True,0.00019787478077127056,377.9247730906378,True,0.06993577500601755,26.42523301287781
2025-02-03,380.8999938964844,429.0499877929687,0.12641111753225664,True,-0.0024581876006193847,379.9636702544121,False,0.12886930513287603,49.086317538556614
2025-02-04,383.3500061035156,413.4500122070313,0.07851833996159585,True,-0.002892011539061916,382.24135346236477,False,0.08141035150065777,31.208658744666536
2025-02-05,397.75,431.7999877929687,0.08560650607911668,True,-0.005158929424619473,395.6980358213576,False,0.09076543550373616,36.10195197161107
2025-02-06,403.9500122070313,438.8999938964844,0.0865205610429356,True,-0.006051154783861669,401.5056481582238,False,0.09257171582679727,37.3943457382606
2025-02-07,404.3500061035156,419.75,0.038085801073394654,True,-0.005841454287980509,401.9880140265173,False,0.043927255361375164,17.761985973482695
2025-02-10,429.0499877929687,419.0,-0.023423815590033703,False,-0.006060466205628124,426.4497448414242,False,-0.017363349384405577,-7.449744841424206
2025-02-11,413.4500122070313,417.8999938964844,0.010763046458019732,True,-0.0016609291703967182,412.76330102125576,False,0.01242397562841645,5.1366928752286185
2025-02-12,431.7999877929687,395.75,-0.08348769988908211,False,-0.0002642655990193626,431.685877910538,False,-0.08322343429006275,-35.93587791053801
2025-02-13,438.8999938964844,400.0,-0.08863065490417621,False,0.00013674926970152975,438.9600131501217,True,-0.08876740417387774,-38.96001315012171
2025-02-14,419.75,393.7999877929687,-0.06182254248250463,False,0.00014214826315559875,419.80966673345955,True,-0.061964690745660224,-26.009678940490858
2025-02-18,419.0,380.5,-0.09188544152744627,False,-0.0011214613331295797,418.5301077014187,False,-0.09076398019431668,-38.03010770141867
2025-02-19,417.8999938964844,379.4500122070313,-0.09200761486246223,False,-0.0006818752510930976,417.6150382332144,False,-0.09132573961136912,-38.165026026183114
2025-02-20,395.75,378.75,-0.042956411876184486,False,0.001409332295796397,396.3077432560614,True,-0.044365744171980886,-17.55774325606143
2025-02-21,400.0,379.0499877929687,-0.0523750305175783,False,0.0012409364083985977,400.4963745633594,True,-0.0536159669259769,-21.44638677039069
2025-02-24,393.7999877929687,392.7000122070313,-0.0027932341798742044,False,0.001676136026723804,394.46005013983194,True,-0.004469370206598008,-1.7600379328006284
2025-02-25,380.5,403.75,0.0611038107752957,True,0.0009148547004832836,380.84810221353393,True,0.060188956074812415,22.901897786466066
2025-02-26,379.4500122070313,415.5,0.09500589440829832,True,-6.04853277442479e-06,379.44771709119624,False,0.09501194294107275,36.05228290880376
2025-02-27,378.75,393.0,0.03762376237623766,True,-7.96523697049056e-05,378.71983166497427,False,0.03770341474594256,14.280168335025735
2025-02-28,379.0499877929687,390.2000122070313,0.02941570972995944,True,0.0005170923031159822,379.2459916241526,True,0.028898617426843458,10.954020582878684
2025-03-03,392.7000122070313,389.3500061035156,-0.008530700278536196,False,-8.835199431430869e-05,392.66531637778553,False,-0.008442348284221888,-3.3153102742699048
2025-03-04,403.75,399.4500122070313,-0.010650124564628327,False,-0.00035304003363249376,403.6074600864209,False,-0.010297084530995834,-4.157447879389565
2025-03-05,415.5,392.2000122070313,-0.05607698626466595,False,-0.00023503659273077943,415.40234229572036,False,-0.05584194967193517,-23.202330088689052
2025-03-06,393.0,390.6000061035156,-0.006106854698433528,False,-0.0002727800619955611,392.8927974356357,False,-0.005834074636437967,-2.292791332120089
2025-03-07,390.2000122070313,382.1000061035156,-0.020758600333456667,False,0.00024934088878058116,390.2973050248772,True,-0.021007941222237248,-8.19729892136155
2025-03-10,389.3500061035156,389.3500061035156,0.0,False,0.00020981552206510748,389.4316977783123,True,-0.00020981552206510748,-0.08169167479667294
2025-03-11,399.4500122070313,387.1499938964844,-0.030792384365160408,False,-0.00011642184270542886,399.4035075005415,False,-0.03067596252245498,-12.253513604057105
2025-03-12,392.2000122070313,394.6000061035156,0.00611931112133024,True,-5.1479145528300713e-05,392.1798220855267,False,0.00617079026685854,2.420184017988902
2025-03-13,390.6000061035156,392.1499938964844,0.003968222654246345,True,0.00015809393996734587,390.66175759743174,True,0.003810128714278999,1.4882362990526303
2025-03-14,382.1000061035156,391.3999938964844,0.024339145889595404,True,0.0011795150795215596,382.5506988226,True,0.023159630810073845,8.849295073884377
2025-03-17,389.3500061035156,393.3999938964844,0.010401920455837876,True,0.0015404640169199074,389.9497857779056,True,0.008861456438917968,3.4502081185787574
2025-03-18,387.1499938964844,398.5499877929687,0.029445935880687113,True,0.001715322554651385,387.81408101304817,True,0.027730613326035727,10.735906779920526
2025-03-19,394.6000061035156,392.0,-0.006588966201976132,False,0.0007047419228439339,394.87809727057123,True,-0.007293708124820066,-2.8780972705712315
2025-03-20,392.1499938964844,378.7999877929687,-0.03404311184826814,False,0.00027491133620738016,392.2578003753001,True,-0.034318023184475514,-13.457812582331428
2025-03-21,391.3999938964844,379.9500122070313,-0.029253913817079202,False,0.0005842805169403503,391.62868128724864,True,-0.029838194334019554,-11.678669080217333
2025-03-24,393.3999938964844,379.75,-0.034697493920338274,False,0.0005568108724409285,393.61904329030415,True,-0.035254304792779204,-13.869043290304148
2025-03-25,398.5499877929687,389.0499877929687,-0.02383640770536133,False,0.00018199190907665822,398.6225206661096,True,-0.024018399614437986,-9.572532873140915
2025-03-26,392.0,388.8500061035156,-0.008035698715521344,False,0.00030887277703795874,392.12107812859887,True,-0.008344571492559303,-3.2710720250832424
2025-03-27,378.7999877929687,385.25,0.01702748789568731,True,0.0005778196081506769,379.01886585348274,True,0.016449668287536634,6.231134146517263
2025-03-28,379.9500122070313,365.7000122070313,-0.037504933654891714,False,0.00020535997135224051,380.02803873065346,True,-0.03771029362624396,-14.328026523622157
2025-03-31,379.75,344.79998779296875,-0.09203426519297231,False,0.0004359391210286885,379.91554788121067,True,-0.09247020431400099,-35.11556008824192
2025-04-01,389.0499877929687,342.8999938964844,-0.11862227308703277,False,0.0016627090993143277,389.69686474776023,True,-0.1202849821863471,-46.796870851275855
2025-04-02,388.8500061035156,341.70001220703125,-0.12125496504153987,False,0.001154316193215939,389.298861962293,True,-0.12240928123475582,-47.59884975526177
2025-04-03,385.25,342.8500061035156,-0.11005838779100419,False,0.0013593378221525947,385.7736848959843,True,-0.11141772561315678,-42.92367879246865
2025-04-04,365.7000122070313,357.70001220703125,-0.021875853795353617,False,0.0016164586310633783,366.29115114814334,True,-0.023492312426416997,-8.591138941112092
2025-04-07,344.79998779296875,360.3999938964844,0.04524363879294113,True,0.004523340457088975,346.3596355273565,True,0.040720298335852154,14.040358369127887
2025-04-08,342.8999938964844,369.3999938964844,0.07728200779146088,True,0.00529889429520999,344.71698471797,True,0.07198311349625089,24.683009178514396
2025-04-09,341.70001220703125,376.0499877929687,0.10052670283524967,True,0.006110937273721943,343.7881195480585,True,0.09441576556152773,32.261868244910204
2025-04-10,342.8500061035156,375.5,0.09523113115134807,True,0.0060851515509307615,344.9363003498931,True,0.08914597960041731,30.563699650106912
2025-04-11,357.70001220703125,366.7999877929687,0.025440243990460187,True,0.0037592258808109564,359.04468735048636,True,0.02168101810964923,7.755300442482337
2025-04-14,360.3999938964844,377.6499938964844,0.0478634858272351,True,0.004356704513920975,361.9701501767103,True,0.04350678131331412,15.679843719774055
2025-04-15,369.3999938964844,392.3999938964844,0.06226313042778564,True,0.003324789546725787,370.628171134752,True,0.058938340881059856,21.77182276173238
2025-04-16,376.0499877929687,408.0,0.08496214132207647,True,0.003210865581599587,377.2574337557341,True,0.08175127574047689,30.742566244265902
2025-04-17,375.5,408.25,0.0872170439414115,True,0.004036276728610385,377.0156219115932,True,0.08318076721280111,31.2343780884068
2025-04-21,366.7999877929687,421.5499877929687,0.14926390900236974,True,0.005012102108414184,368.63842678515215,True,0.14425180689395556,52.911561007816545
2025-04-22,377.6499938964844,412.6499938964844,0.0926784074292708,True,0.001225007893248513,378.11261811989283,True,0.09145339953602229,34.537375776591546
2025-04-23,392.3999938964844,413.6000061035156,0.054026535516776386,True,0.0010239524437663972,392.80179282916856,True,0.053002583073009986,20.798213274347063
2025-04-24,408.0,395.7000122070313,-0.03014702890433507,False,0.00046187095120141567,408.1884433480902,True,-0.030608899855536487,-12.488431141058868
2025-04-25,408.25,395.3999938964844,-0.03147582634051593,False,0.00020817741782851518,408.33498843082845,True,-0.031684003758344445,-12.93499453434407
2025-04-28,421.5499877929687,398.9500122070313,-0.05361161485085053,False,-0.0011629404162371044,421.0597502747,False,-0.05244867443461343,-22.109738067668673
2025-04-29,412.6499938964844,401.1000061035156,-0.027989792714903428,False,-0.0003479401057701132,412.506416413962,False,-0.027641852609133315,-11.406410310446347
2025-04-30,413.6000061035156,396.2000122070313,-0.04206961711729151,False,-0.0001390290821396347,413.54250367429415,False,-0.04193058803515188,-17.342491467262846
2025-05-01,395.7000122070313,397.7999877929687,0.005306988933926782,True,-9.30497603679766e-05,395.66319241571784,False,0.005400038694294758,2.1367953772508486
2025-05-02,395.3999938964844,397.1499938964844,0.00442589789330694,True,-6.271663055610459e-05,395.37519574114526,False,0.004488614523863045,1.7747981553391128
2025-05-05,398.9500122070313,382.4500122070313,-0.0413585649708853,False,-0.0006060804002063573,398.70821642397055,False,-0.04075248457067895,-16.258204216939248
2025-05-06,401.1000061035156,384.8500061035156,-0.04051358701751351,False,-0.0013303010370234796,400.566422349446,False,-0.03918328598049003,-15.716416245930361
2025-05-07,396.2000122070313,373.9500122070313,-0.05615850407488987,False,-0.00021461681017935022,396.1149810242184,False,-0.05594388726471052,-22.164968817187116
2025-05-08,397.7999877929687,384.9500122070313,-0.03230260427414855,False,-0.0009201086920567909,397.43396856650025,False,-0.03138249558209176,-12.483956359468948
2025-05-09,397.1499938964844,376.25,-0.05262493822908598,False,-9.588943157720407e-05,397.11191140931874,False,-0.052529048797508776,-20.861911409318736
2025-05-12,382.4500122070313,376.1499938964844,-0.01647278888603243,False,0.0016931585779736062,383.09756072584577,True,-0.018165947464006037,-6.947566829361392
2025-05-13,384.8500061035156,369.2999877929687,-0.04040539967242285,False,0.005819502360655578,387.08964162253335,True,-0.04622490203307843,-17.789653829564656
2025-05-14,373.9500122070313,370.2999877929687,-0.009760728158612397,False,0.005658087871426135,376.06585423561955,True,-0.015418816030038533,-5.765866442650861
2025-05-15,384.9500122070313,360.75,-0.06286533689994067,False,0.005347969954926713,387.0087133064632,True,-0.06821330685486739,-26.25871330646322
2025-05-16,376.25,361.0,-0.04053156146179404,False,0.005412100974104488,378.2863029915068,True,-0.04594366243589853,-17.286302991506773
2025-05-19,376.1499938964844,361.7000122070313,-0.038415477665618813,False,0.006228253633013593,378.4927514625282,True,-0.04464373129863241,-16.792739255496883
2025-05-20,369.2999877929687,351.95001220703125,-0.04698070988202663,False,0.006502884134924779,371.70150282461555,True,-0.05348359401695141,-19.751490617584295
2025-05-21,370.2999877929687,348.3999938964844,-0.05914122230197971,False,0.006549609417678818,372.7253080803839,True,-0.06569083171965853,-24.325314183899536
2025-05-22,360.75,342.45001220703125,-0.05072761688972627,False,0.007590545094119944,363.4882891427038,True,-0.05831816198384621,-21.03827693567257
2025-05-23,361.0,344.45001220703125,-0.045844841531769376,False,0.007404437744704121,363.67300202583823,True,-0.05324927927647349,-19.22298981880698
2025-05-27,361.7000122070313,340.8500061035156,-0.057644471661177255,False,0.00745899186603235,364.3979296560274,True,-0.06510346352720961,-23.547923552511747
2025-05-28,351.95001220703125,346.1499938964844,-0.016479665035883162,False,0.008075362593310556,354.7921361703231,True,-0.024555027629193718,-8.642142273838715
2025-05-29,348.3999938964844,359.75,0.0325775152191532,True,0.007723702821767135,351.0909319124463,True,0.02485381239738606,8.659068087553692
2025-05-30,342.45001220703125,358.04998779296875,0.04555402257222396,True,0.007888499371036264,345.1514289129378,True,0.0376655232011877,12.898558880030976
2025-06-02,344.45001220703125,361.5499877929687,0.04964428793708242,True,0.007459850629292608,347.0195578473537,True,0.04218443730778981,14.53042994561497
2025-06-03,340.8500061035156,355.04998779296875,0.04166050002985955,True,0.007620376552661676,343.44741149800143,True,0.03404012347719787,11.60257629496732
2025-06-04,346.1499938964844,350.6499938964844,0.013000144675275438,True,0.007285199693275642,348.6717657258464,True,0.005714944981999796,1.9782281706379763
2025-06-05,359.75,347.79998779296875,-0.03321754609320704,False,0.005222599204340129,361.62883006376137,True,-0.03844014529754717,-13.82884227079262
2025-06-06,358.04998779296875,349.70001220703125,-0.023320697865141682,False,0.004877457797422082,359.7963614977964,True,-0.028198155662563763,-10.096349290765147
2025-06-09,361.5499877929687,343.95001220703125,-0.04867923158668608,False,0.00399243178559641,362.9934514563153,True,-0.05267166337228249,-19.043439249284063
2025-06-10,355.04998779296875,335.8500061035156,-0.05407684086627462,False,0.0018293626773942073,355.69950298924647,True,-0.05590620354366883,-19.849496885730844
2025-06-11,350.6499938964844,324.8999938964844,-0.07343505047258514,False,0.00251122315764727,351.53055428138606,True,-0.0759462736302324,-26.630560384901685
2025-06-12,347.79998779296875,319.04998779296875,-0.08266245258500038,False,0.002779583818295705,348.76672701104155,True,-0.08544203640329609,-29.716739218072803
2025-06-13,349.70001220703125,330.29998779296875,-0.055476190268409775,False,0.0034387662599929627,350.90254881012794,True,-0.058914956528402736,-20.60256101715919
2025-06-16,343.95001220703125,315.3500061035156,-0.08315163566937345,False,0.005052136383033328,345.68769457764716,True,-0.08820377205240677,-30.33768847413154
2025-06-17,335.8500061035156,308.6499938964844,-0.08098857142389826,False,0.008230539860314611,338.6142329658375,True,-0.08921911128421287,-29.96423906935314
2025-06-18,324.8999938964844,309.5,-0.047399181858374995,False,0.00989752234659472,328.1156988464833,True,-0.05729670420496971,-18.615698846483326
2025-06-20,319.04998779296875,309.8999938964844,-0.028678872423031687,False,0.010020427014354523,322.2470049095789,True,-0.03869929943738621,-12.347011013094516
2025-06-23,330.29998779296875,306.75,-0.07129878493283448,False,0.007505821963652801,332.7791606959395,True,-0.07880460689648729,-26.02916069593948
2025-06-24,315.3500061035156,298.8500061035156,-0.052322814906126114,False,0.009951534996074075,318.48822272526695,True,-0.06227434990220019,-19.638216621751326
2025-06-25,308.6499938964844,297.95001220703125,-0.03466704001634191,False,0.009595411065543636,311.61161746329867,True,-0.04426245108188555,-13.661605256267421
2025-06-26,309.5,292.6499938964844,-0.05444266915513929,False,0.010617672129551729,312.78616952409624,True,-0.06506034128469101,-20.136175627611863
2025-06-27,309.8999938964844,292.6499938964844,-0.055663118230850905,False,0.008971571816473924,312.68028394765156,True,-0.06463469004732483,-20.030290051167185
2025-06-30,306.75,280.04998779296875,-0.08704160458689891,False,0.009268286164259839,309.5930467808867,True,-0.09630989075115876,-29.54305898791796
2025-07-01,298.8500061035156,287.3999938964844,-0.03831357528252888,False,0.007907219157659826,301.2130785970441,True,-0.0462207944401887,-13.813084700559727
2025-07-02,297.95001220703125,285.8500061035156,-0.040610859566294955,False,0.007753158204332553,300.2600657886552,True,-0.04836401777062751,-14.410059685139572
2025-07-03,292.6499938964844,289.8999938964844,-0.009396890679494563,False,0.009072238014130473,295.30498429594707,True,-0.018469128693625034,-5.40499039946269
2025-07-04,292.6499938964844,288.6000061035156,-0.013839015470478055,False,0.009606826356047232,295.46143157094616,True,-0.023445841826525288,-6.861425467430536
2025-07-07,280.04998779296875,305.70001220703125,0.09159087852924563,True,0.011178866042858301,283.18062909181043,True,0.08041201248638734,22.51938311522082
2025-07-08,287.3999938964844,301.6000061035156,0.0494085334328358,True,0.011627332620469935,290.74168922063984,True,0.03778120081236586,10.858316882875783
2025-07-09,285.8500061035156,314.54998779296875,0.1004022427029787,True,0.01258034317078996,289.4460972756703,True,0.08782189953218875,25.103890517298453
2025-07-10,289.8999938964844,312.5,0.07795793921812044,True,0.013542268428946014,293.8258974313803,True,0.06441567078917443,18.674102568619674
2025-07-11,288.6000061035156,308.8999938964844,0.07033952655457498,True,0.013094334974088745,292.37903125695914,True,0.057245191580486236,16.520962639525237
2025-07-14,305.70001220703125,297.25,-0.027641517401407856,False,0.012337231917018686,309.47150415466484,True,-0.03997874931842654,-12.221504154664842
2025-07-15,301.6000061035156,296.3500061035156,-0.01740716145144272,False,0.0122451963856756,305.2931574081741,True,-0.029652357837118323,-8.9431513046585
2025-07-16,314.54998779296875,301.3500061035156,-0.041964654909289356,False,0.010395299740333389,317.81982919939486,True,-0.052359954649622745,-16.469823095879235
2025-07-17,312.5,304.8500061035156,-0.024479980468749996,False,0.010676431618224283,315.83638488069505,True,-0.03515641208697428,-10.986378777179425
2025-07-18,308.8999938964844,297.54998779296875,-0.03674330310061169,False,0.009467161315506083,311.8243999690613,True,-0.04621046441611777,-14.27441217609254
2025-07-21,297.25,301.70001220703125,0.014970604565285983,True,0.012041547062786005,300.82934986441313,True,0.002929057502499978,0.8706623426181181
2025-07-22,296.3500061035156,296.5,0.0005061376527590866,True,0.01224801136267634,299.9797043456007,True,-0.011741873709917253,-3.4797043456006804
2025-07-23,301.3500061035156,293.3999938964844,-0.026381324194499456,False,0.010093129064566261,304.3915706087262,True,-0.03647445325906572,-10.991576712241852
2025-07-24,304.8500061035156,295.79998779296875,-0.029686790649017802,False,0.0074814560679686785,307.130728031499,True,-0.03716824671698648,-11.330740238530268
2025-07-25,297.54998779296875,284.20001220703125,-0.0448663287972515,False,0.006413075768360375,299.45819840955977,True,-0.05127940456561187,-15.25818620252852
2025-07-28,301.70001220703125,288.54998779296875,-0.04358642320849082,False,0.004254745847471499,302.9836690811512,True,-0.04784116905596232,-14.43368128818247
2025-07-29,296.5,298.70001220703125,0.007419939989987245,True,0.005754754698113159,298.20628476799055,True,0.0016651852918740861,0.49372743904069694
2025-07-30,293.3999938964844,293.3999938964844,0.0,False,0.006696715449287886,295.3648101684319,True,-0.006696715449287886,-1.9648162719475408
2025-07-31,295.79998779296875,297.79998779296875,0.0067613254987684,True,0.006397718496448437,297.6924328461211,True,0.00036360700231996296,0.10755494684764244
2025-08-01,284.20001220703125,309.3500061035156,0.08849399301982919,True,0.007054061394485649,286.2047765414532,True,0.08143993162534353,23.14522956206241
2025-08-04,288.54998779296875,320.70001220703125,0.11141925411249631,True,0.006396976671291685,290.39583533338185,True,0.10502227744120463,30.304176873649396
2025-08-05,298.70001220703125,315.1499938964844,0.05507191502239217,True,0.0030484490762775138,299.61058398332784,True,0.05202346594611466,15.539409913156533
2025-08-06,293.3999938964844,319.6000061035156,0.08929793030696165,True,0.0033825916876573845,294.3924462769973,True,0.08591533861930427,25.20755982651832
2025-08-07,297.79998779296875,326.5,0.09637344991089636,True,0.002786344017643637,298.62976100741,True,0.09358710589325273,27.870238992589975
2025-08-08,309.3500061035156,341.6499938964844,0.10441243625565155,True,0.000527052482357864,309.51304979214996,True,0.10388538377329369,32.13694410433442
2025-08-11,320.70001220703125,343.6000061035156,0.07140627697170476,True,-0.0007141253328083278,320.4709922040823,False,0.0721204023045131,23.129013899433346
2025-08-12,315.1499938964844,356.20001220703125,0.13025549454406882,True,0.0021391897979835812,315.82415954826234,True,0.12811630474608524,40.375852658768906
2025-08-13,319.6000061035156,360.25,0.12719021627089133,True,0.0027339325193918877,320.4737709533998,True,0.12445628375149945,39.77622904660018
2025-08-14,326.5,375.25,0.14931087289433376,True,0.0020537378077708696,327.1705453942372,True,0.14725713508656288,48.079454605762805
2025-08-15,341.6499938964844,390.6499938964844,0.14342163288563192,True,0.0006192040284533528,341.86154494902615,True,0.14280242885717856,48.78844894745822
2025-08-18,343.6000061035156,389.9500122070313,0.13489524237537975,True,-0.0005199288787677189,343.42135853759765,False,0.13541517125414748,46.52865366943365
2025-08-19,356.20001220703125,384.0499877929687,0.07818634090823795,True,-0.011584747985373994,352.07352483322563,False,0.08977108889361195,31.97646295974306
2025-08-20,360.25,393.7999877929687,0.0931297371074773,True,-0.008826059848929374,357.0704119394232,False,0.10195579695640666,36.7295758535455
2025-08-21,375.25,387.75,0.033311125916055895,True,-0.019401266388567727,367.96967478768994,False,0.05271239230462362,19.78032521231006
2025-08-22,390.6499938964844,396.8500061035156,0.015871015752976447,True,-0.030459775406944892,378.75088281967305,False,0.046330791159921336,18.099123283842573
2025-08-25,389.9500122070313,382.2000122070313,-0.01987434224232154,False,-0.030478154803385272,378.06505536940347,False,0.01060381256106373,4.13495683762784
2025-08-26,384.0499877929687,385.25,0.00312462503625488,True,-0.02679295038889335,373.7601555231766,False,0.02991757542514823,11.489844476823407
2025-08-27,393.7999877929687,385.75,-0.02044181828974756,False,-0.029264730689797888,382.2755372045618,False,0.008822912400050328,3.474462795438228
2025-08-28,387.75,385.6000061035156,-0.005544794059276326,False,-0.02893181246092043,376.5316897182781,False,0.023387018401644106,9.068316385237551
2025-08-29,396.8500061035156,397.7999877929687,0.002393805404667937,True,-0.030023214925346063,384.9352930771449,False,0.032417020330014,12.864694715823816
2025-09-02,382.2000122070313,393.0,0.028257423987518182,True,-0.02318033602844733,373.3404874939956,False,0.05143776001596551,19.659512506004376
2025-09-03,385.25,401.0,0.0408825438027256,True,-0.02470697872447522,375.7316364463959,False,0.06558952252720082,25.268363553604104
2025-09-04,385.75,400.0499877929687,0.03707060996232969,True,-0.0250519206044295,376.08622162684134,False,0.06212253056675919,23.963766166127357
2025-09-05,385.6000061035156,410.6499938964844,0.06496366026053435,True,-0.02362287544480923,376.4910251878146,False,0.08858653570534358,34.15896870866976
2025-09-08,397.7999877929687,432.3500061035156,0.08685273848858976,True,-0.030553053547393523,385.6459834647776,False,0.11740579203598328,46.704022638738024
2025-09-09,393.0,422.25,0.07442748091603058,True,-0.026400986688951727,382.624412231242,False,0.1008284676049823,39.62558776875801
2025-09-10,401.0,388.5499877929687,-0.031047411987609297,False,-0.0318329497493114,388.23498715052614,False,0.0007855377617021,0.31500064244255555
2025-09-11,400.0499877929687,385.8500061035156,-0.0354955183670741,False,-0.03153589538235436,387.4340532302175,False,-0.003959622984719739,-1.5840471267018756
2025-09-12,410.6499938964844,366.5,-0.10751246694919858,False,-0.03349897047476565,396.89364187548335,False,-0.07401349647443292,-30.393641875483354
2025-09-15,432.3500061035156,367.3500061035156,-0.15034115666101633,False,-0.03306398691974231,418.05479115695846,False,-0.11727716974127403,-50.70478505344283
2025-09-16,422.25,350.1499938964844,-0.17075193867025606,False,-0.02995893937743953,409.59983784787613,False,-0.14079299929281652,-59.449843951391756
2025-09-17,388.5499877929687,367.75,-0.05353233418206038,False,-0.0007183481302176304,388.2708736357415,False,-0.05281398605184275,-20.52087363574151
2025-09-18,385.8500061035156,371.3500061035156,-0.03757936962714459,False,0.0014089434257824277,386.3936469329533,True,-0.038988313052927014,-15.043640829437663
2025-09-19,366.5,378.0499877929687,0.03151429138599915,True,0.0029018984457424607,367.5635457803646,True,0.02861239294025669,10.486442012604073
2025-09-22,367.3500061035156,372.2000122070313,0.01320268415117165,True,0.003613559596203219,368.6774472432363,True,0.009589124554968432,3.5225649637949914
2025-09-23,350.1499938964844,374.8500061035156,0.07054123272192148,True,0.007482252674307685,352.76990462472514,True,0.06305898004761379,22.080101478790482
2025-09-24,367.75,383.8999938964844,0.04391568700607573,True,0.005836278292513645,369.8962913420719,True,0.038079408713562087,14.003702554412484
2025-09-25,371.3500061035156,378.1000061035156,0.018176921742444785,True,0.006240447615493761,373.6673963636179,True,0.011936474126951025,4.432609739897714
2025-09-26,378.0499877929687,390.75,0.03359347339533891,True,0.005821497037338588,380.2508046768714,True,0.027771976358000324,10.499195323128617
2025-09-29,372.2000122070313,381.3500061035156,0.024583540022547812,True,0.006439570716992762,374.5968205065041,True,0.01814396930555505,6.753185597011509
2025-09-30,374.8500061035156,375.3999938964844,0.0014672209790944635,True,0.004283317314397715,376.4556076249609,True,-0.002816096335303252,-1.055613728476544
2025-10-01,383.8999938964844,385.1000061035156,0.0031258458611875817,True,0.004288415797165901,385.54631669484195,True,-0.0011625699359783196,-0.44631059132632345
2025-10-02,378.1000061035156,377.25,-0.0022480986241584233,False,0.004448949318199574,379.7821538678811,True,-0.0066970479423579974,-2.5321538678811066
2025-10-03,390.75,373.0499877929687,-0.04529753603846787,False,0.004280254750710419,392.4225095438401,True,-0.04957779078917829,-19.372521750871385
2025-10-06,381.3500061035156,385.2000122070313,0.010095728443414886,True,0.0022173093346231805,382.19557703180755,True,0.007878419108791706,3.0044351752237617
2025-10-07,375.3999938964844,399.6499938964844,0.06459776343706292,True,0.0018302903281306724,376.0870848744934,True,0.06276747310893224,23.562909021990947
2025-10-08,385.1000061035156,394.8999938964844,0.025447903499473012,True,0.0021641479739374983,385.9334195014879,True,0.023283755525535514,8.966574394996485
2025-10-09,377.25,393.7999877929687,0.04387008029945316,True,0.004384963899013619,378.9042276309029,True,0.03948511640043954,14.895760162065812
2025-10-10,373.0499877929687,397.4500122070313,0.06540684951745357,True,0.005806993959469068,375.2162868186625,True,0.0595998555579845,22.233725388368782
2025-10-13,385.2000122070313,406.0499877929687,0.05412766076116138,True,0.0047841458726388866,387.04286525557205,True,0.04934351488852249,19.00712253739664
2025-10-14,399.6499938964844,413.5499877929687,0.03478041813778843,True,0.004300454699873176,401.3686705910408,True,0.03047996343791525,12.181317201927868
2025-10-15,394.8999938964844,420.8500061035156,0.06571287062069087,True,0.004239563179866778,396.5741973703376,True,0.06147330744082409,24.275808733178053
2025-10-16,393.7999877929687,410.1499938964844,0.04151855411461147,True,0.0034276496140133337,395.1497961691257,True,0.03809090450059814,15.000197727358682
2025-10-17,397.4500122070313,403.0,0.013963989489268691,True,0.0020541085337799987,398.2664176688567,True,0.011909880955488693,4.733582331143282
2025-10-20,406.0499877929687,390.1000061035156,-0.039280832825896894,False,3.797882840206952e-05,406.0654090957778,True,-0.039318811654298964,-15.96540299226217
2025-10-21,413.5499877929687,387.8999938964844,-0.06202392613616814,False,-0.008270160979640832,410.1298628207923,False,-0.05375376515652731,-22.229868924307937
2025-10-22,420.8500061035156,390.7000122070313,-0.0716407115580946,False,-0.004461041138748139,418.97257691304543,False,-0.06717967041934646,-28.272564706014123
2025-10-23,410.1499938964844,392.0,-0.044252088666530964,False,-0.0013335219678724186,409.6030498695007,False,-0.042918566698658546,-17.603049869500694
2025-10-24,403.0,392.0499877929687,-0.027171246171293517,False,0.0013821599121933892,403.557010444614,True,-0.028553406083486905,-11.507022651645286
2025-10-27,390.1000061035156,406.6499938964844,0.042424987270000436,True,0.0014940112389304717,390.68281989694117,True,0.04093097603106997,15.967173999543206
2025-10-28,387.8999938964844,405.25,0.04472803912481038,True,0.0028150200510107188,388.99194015708986,True,0.041913019073799664,16.258059842910143
2025-10-29,390.7000122070313,413.6000061035156,0.05861272889940339,True,0.0030110450672312366,391.87642755155446,True,0.05560168383217215,21.723578551961168
2025-10-30,392.0,396.75,0.01211734693877542,True,0.004404597702872892,393.7266022995261,True,0.007712749235902527,3.023397700473879
2025-10-31,392.0499877929687,407.7999877929687,0.04017344851523674,True,0.005001719404278318,394.0109118243599,True,0.03517172911095842,13.789075968608813
2025-11-03,406.6499938964844,414.75,0.019918864441388795,True,0.004972646519730889,408.6721205733823,True,0.014946217921657906,6.077879426617699
2025-11-04,405.25,422.7000122070313,0.04305986972740605,True,0.00661304944070076,407.929938285844,True,0.03644682028670529,14.770073921187304
2025-11-05,413.6000061035156,403.6499938964844,-0.024057089120402386,False,0.004082318511776528,415.28845306490285,True,-0.028139407632178915,-11.638459168418478
2025-11-06,396.75,401.7000122070313,0.01247640127796168,True,0.007281188267243503,399.63881144502886,True,0.005195213010718177,2.061200762002443
2025-11-07,407.7999877929687,399.7999877929687,-0.019617460126216124,False,0.006453751196871039,410.43182745227153,True,-0.026071211323087165,-10.631839659302841
2025-11-10,414.75,402.5499877929687,-0.02941533986023226,False,0.007192185025733629,417.73295873942305,True,-0.036607524885965886,-15.182970946454361
2025-11-11,422.7000122070313,415.3500061035156,-0.017388232531954095,False,0.006730130741280587,425.54483855352555,True,-0.02411836327323468,-10.194832450009926
2025-11-12,403.6499938964844,404.5,0.00210579986713344,True,0.007401906944571237,406.6377735894829,True,-0.005296107077437797,-2.13777358948289
2025-11-13,401.7000122070313,406.5,0.011949185081166602,True,0.005935080358483181,404.08413405948374,True,0.006014104722683421,2.4158659405162553
2025-11-14,399.7999877929687,400.0,0.0005002806731821963,True,0.005060373227965546,401.82312494773714,True,-0.004560092554783349,-1.823124947737142
2025-11-17,402.5499877929687,407.4500122070313,0.012172461961625247,True,0.0033585659746223004,403.90197848505477,True,0.008813895987002947,3.5480337219765374
2025-11-18,415.3500061035156,414.2000122070313,-0.0027687345120628315,False,0.005055995722959198,417.4500139579061,True,-0.00782473023502203,-3.2500017508747874
2025-11-19,404.5,411.5,0.017305315203955507,True,0.006863190196253187,407.27616043438445,True,0.01044212500770232,4.223839565615549
2025-11-20,406.5,413.0,0.01599015990159902,True,0.007231458152664993,409.4395877390583,True,0.008758701748934028,3.560412260941689
2025-11-21,400.0,411.5,0.028750000000000053,True,0.007711204604539015,403.08448184181566,True,0.021038795395461038,8.41551815818434
2025-11-24,407.4500122070313,405.5499877929687,-0.004663208632074367,False,0.006485355433509501,410.0924703575817,True,-0.011148564065583868,-4.54248256461301
2025-11-25,414.2000122070313,403.75,-0.025229386525966624,False,0.004820290682050036,416.1965766663779,True,-0.03004967720801666,-12.446576666377894
2025-11-26,411.5,411.9500122070313,0.0010935898105257635,True,0.005261502044223217,413.66510809119785,True,-0.004167912233697453,-1.7150958841665442
2025-11-28,413.0,406.25,-0.016343825665859568,False,0.006056571874262247,415.5013641840703,True,-0.022400397540121814,-9.251364184070326
2025-12-01,411.5,396.0499877929687,-0.03754559467079299,False,0.00530237846740784,413.6819287393383,True,-0.04284797313820083,-17.631940946369582
2025-12-02,405.5499877929687,394.2000122070313,-0.02798662539161878,False,0.0032114490543122412,406.85239091774275,True,-0.03119807444593102,-12.652378710711446
2025-12-03,403.75,400.7999877929687,-0.007306531782120929,False,0.0030305112563544026,404.9735689197531,True,-0.010337043038475331,-4.173581126784427
2025-12-04,411.9500122070313,405.4500122070313,-0.015778613441898237,False,0.0029643506504373734,413.17117649366486,True,-0.018742964092335612,-7.721164286633552
2025-12-05,406.25,397.2000122070313,-0.022276893028846056,False,0.002072695730874715,407.09203264066787,True,-0.02434958875972077,-9.89202043363656
2025-12-08,396.0499877929687,387.7000122070313,-0.02108313557202346,False,0.0010958144535123664,396.4839850939056,True,-0.022178950025535826,-8.783972886874267
2025-12-09,394.2000122070313,379.2999877929687,-0.03779813280735567,False,0.0019100482168148143,394.9529532374157,True,-0.03970818102417048,-15.652965444447034
2025-12-10,400.7999877929687,351.8999938964844,-0.12200597651151468,False,0.0017252792465967304,401.49147969394414,True,-0.1237312557581114,-49.59148579745977
2025-12-11,405.4500122070313,345.45001220703125,-0.14798371733520332,False,0.0014794288292005408,406.04984664389013,True,-0.14946314616440387,-60.599834436858885
2025-12-12,397.2000122070313,340.6499938964844,-0.14237164293205395,False,0.000739262898547646,397.49364743935865,True,-0.1431109058306016,-56.84365354287428
2025-12-15,387.7000122070313,347.3500061035156,-0.10407532843194456,False,0.0009115297197126362,388.053412290491,True,-0.10498685815165719,-40.70340618697537
2025-12-16,379.2999877929687,346.95001220703125,-0.08528862807028315,False,0.004844369642378736,381.1374571391876,True,-0.09013299771266188,-34.187444932156325
2025-12-17,351.8999938964844,345.1499938964844,-0.01918158601044362,False,0.005262410566507226,353.7518361427191,True,-0.024443996576950844,-8.601842246234753
2025-12-18,345.45001220703125,350.25,0.013894883842389572,True,0.006269250611111299,347.61572490716856,True,0.007625633231278272,2.6342750928314445
2025-12-19,340.6499938964844,352.1499938964844,0.03375899077072808,True,0.005957779606934949,342.6795114832234,True,0.02780121116379313,9.470482413260982
2025-12-22,347.3500061035156,350.20001220703125,0.008204997994634589,True,0.004609591144627088,348.95114761573655,True,0.003595406850007501,1.248864591294705
2025-12-23,346.95001220703125,348.75,0.0051880320785078204,True,0.0050389841761301095,348.6982878284506,True,0.000149047902377711,0.05171217154941132
2025-12-24,345.1499938964844,357.29998779296875,0.03520206898838407,True,0.00548962283047221,347.04473718291587,True,0.02971244615791186,10.255250610052883
2025-12-26,350.25,359.3500061035156,0.02598145925343509,True,0.0059160598859386284,352.32209997505004,True,0.02006539936749646,7.027906128465588
2025-12-29,352.1499938964844,373.8500061035156,0.06162150385670606,True,0.005478661803288313,354.07930461707326,True,0.05614284205341775,19.770701486442363
2025-12-30,350.20001220703125,375.4500122070313,0.07210165368318933,True,0.0023851610274423624,351.0352956279573,True,0.06971649265574696,24.414716579074025
2025-12-31,348.75,372.3500061035156,0.06767026839717749,True,0.0014837815211219117,349.26746880549126,True,0.06618648687605558,23.082537298024363
2026-01-02,357.29998779296875,357.6499938964844,0.0009795861054393562,True,0.00037408398604726884,357.433647996617,True,0.0006055021193920873,0.2163458998673491
2026-01-05,359.3500061035156,356.04998779296875,-0.0091832983289174,False,0.0011318157489709209,359.7567240998163,True,-0.010315114077888321,-3.7067363068475743
2026-01-06,373.8500061035156,360.25,-0.03637824229364839,False,-0.0012982387253769408,373.3646595481096,False,-0.03508000356827145,-13.114659548109614
2026-01-07,375.4500122070313,356.0,-0.05180453209389202,False,-0.0011201612574060378,375.0294476492644,False,-0.050684370836485984,-19.029447649264398
2026-01-08,372.3500061035156,358.1000061035156,-0.038270443846960545,False,-0.0005607052053448869,372.1412275168832,False,-0.037709738641615656,-14.041221413367566
2026-01-09,357.6499938964844,355.29998779296875,-0.0065706868268416985,False,0.0015412933949943367,358.2012374697968,True,-0.008111980221836035,-2.9012496768280585
2026-01-12,356.04998779296875,346.5,-0.026822042186171235,False,0.002370969479939341,356.8941714473587,True,-0.029193011666110578,-10.394171447358701
2026-01-13,360.25,347.5,-0.03539208882720335,False,0.004054248317776881,361.71054295647906,True,-0.039446337144980234,-14.21054295647906
2026-01-14,356.0,347.70001220703125,-0.0233145724521594,False,0.004672828061254362,357.6635267898066,True,-0.027987400513413762,-9.96351458277536
2026-01-15,358.1000061035156,350.8999938964844,-0.020106149355803016,False,0.001267060925899137,358.5537406288136,True,-0.02137321028170215,-7.653746732329239
2026-01-16,355.29998779296875,356.25,0.0026738312402780906,True,0.0006487245773895973,355.5304796273963,True,0.0020251066628884933,0.7195203726037107
2026-01-20,346.5,367.25,0.059884559884559874,True,0.0035363212817970963,347.7253353241427,True,0.05634823860276278,19.52466467585731
2026-01-21,347.5,351.0,0.010071942446043147,True,0.0031419054708085445,348.591812151106,True,0.006930036975234603,2.408187848893988
2026-01-22,347.70001220703125,345.5,-0.006327328529747933,False,0.003226963728409445,348.8220275347909,True,-0.009554292258157378,-3.322027534790891
2026-01-23,350.8999938964844,332.25,-0.05314902884263406,False,0.002427797562668491,351.75190804640664,True,-0.05557682640530255,-19.50190804640664
2026-01-26,356.25,333.25,-0.06456140350877193,False,0.00048628235133122994,356.42323808766173,True,-0.06504768586010316,-23.17323808766173
2026-01-27,367.25,317.1000061035156,-0.1365554632988002,False,-0.002343581418727104,366.38931972397245,False,-0.1342118818800731,-49.289313620456824
2026-01-28,351.0,308.6499938964844,-0.12065528804420411,False,8.22674261597986e-05,351.0288758665821,True,-0.12073755547036391,-42.37888197009772
2026-01-29,345.5,308.3999938964844,-0.10738062548050831,False,0.0008276221548351032,345.7859434544955,True,-0.10820824763534341,-37.385949558011134
2026-01-30,332.25,296.54998779296875,-0.10744924667278033,False,0.0010808258021727446,332.6091043727719,True,-0.10853007247495307,-36.059116579803174
2026-02-02,333.25,299.8500061035156,-0.10022503794894033,False,0.0009633792856892232,333.5710461469559,True,-0.10118841723462955,-33.72104004344027
2026-02-03,317.1000061035156,294.20001220703125,-0.07221694561875469,False,0.003917526617425464,318.3422538178119,True,-0.07613447223618015,-24.142241610780673
2026-02-04,308.6499938964844,294.79998779296875,-0.04487285396856566,False,0.0024838108521132115,309.41662210082916,True,-0.04735666482067887,-14.616634307860409
2026-02-05,308.3999938964844,299.6499938964844,-0.02837224440068231,False,0.0028276610551355597,309.27204454862954,True,-0.03119990545581787,-9.622050652145163
2026-02-06,296.54998779296875,300.04998779296875,0.011802394685793915,True,0.003068210741584768,297.45986565093193,True,0.008734183944209148,2.590122142036819
2026-02-09,299.8500061035156,284.6000061035156,-0.050858761679448916,False,0.0046773464845775575,301.2525084754644,True,-0.055536108164026474,-16.6525023719488
2026-02-10,294.20001220703125,287.54998779296875,-0.022603753018823225,False,0.004256436297193689,295.4522558176241,True,-0.026860189316016914,-7.9022680246553705
2026-02-11,294.79998779296875,287.3999938964844,-0.02510174424322309,False,0.004603014906255783,296.1569565311438,True,-0.02970475914947887,-8.75696263465943
2026-02-12,299.6499938964844,288.29998779296875,-0.037877544918077155,False,0.0050621941762127925,301.16688035048935,True,-0.04293973909428995,-12.8668925575206
2026-02-13,300.04998779296875,281.1499938964844,-0.06298948397066817,False,0.004747461519845353,301.4744635640459,True,-0.06773694549051353,-20.324469667561516
2026-02-17,284.6000061035156,288.25,0.012824995847529275,True,0.0057501561715262725,286.2365005850282,True,0.007074839676003002,2.013499414971818
2026-02-18,287.54998779296875,288.29998779296875,0.0026082421555864155,True,0.005784344694420638,289.2132760392397,True,-0.003176102538834222,-0.9132882462709517
2026-02-19,287.3999938964844,286.0,-0.004871238434989711,False,0.006683442401325928,289.320815201833,True,-0.01155468083631564,-3.3208152018329997
2026-02-20,288.29998779296875,284.6000061035156,-0.012833790655968125,False,0.007127041061758199,290.35471364407357,True,-0.019960831717726325,-5.754707540557945
2026-02-23,281.1499938964844,288.3500061035156,0.025609149433886147,True,0.007653628162524083,283.301811407664,True,0.017955521271362063,5.048194695851635
2026-02-24,288.25,286.95001220703125,-0.004509931632155295,False,0.006658224303629744,290.1692331555213,True,-0.011168155935785039,-3.219220948490033
2026-02-25,288.29998779296875,290.70001220703125,0.00832474684593465,True,0.006553391680276308,290.1893305343949,True,0.0017713551656583417,0.5106816726363377
2026-02-26,286.0,293.0,0.02447552447552437,True,0.006136019995839553,287.7549017188101,True,0.018339504479684816,5.2450982811898825
2026-02-27,284.6000061035156,297.6000061035156,0.045678143784970926,True,0.006195614271069742,286.3632779628771,True,0.03948252951390119,11.236728140638547
2026-03-02,288.3500061035156,301.75,0.046471280086166855,True,0.005979191238686127,290.07410593368485,True,0.04049208884748073,11.675894066315152
2026-03-03,286.95001220703125,300.54998779296875,0.04739492945595436,True,0.0069501992986713695,288.9443719806263,True,0.04044473015728299,11.605615812342478
2026-03-04,290.70001220703125,292.0,0.0044719220446503005,True,0.006732274931505353,292.65708461180094,True,-0.0022603528868550523,-0.6570846118009399
2026-03-05,293.0,296.5,0.011945392491467643,True,0.0059229507317153755,294.7354245643926,True,0.006022441759752268,1.7645754356074121
2026-03-06,297.6000061035156,290.3500061035156,-0.02436155864015066,False,0.005696708367255566,299.29534654838085,True,-0.030058267007406228,-8.945340444865224
2026-03-09,301.75,297.75,-0.013256006628003303,False,0.003518698277418804,302.81176720521114,True,-0.016774704905422107,-5.06176720521114
2026-03-10,300.54998779296875,302.04998779296875,0.004990850310841566,True,0.0019937967034488967,301.14922336785196,True,0.002997053607392669,0.9007644251167903
2026-03-11,292.0,299.70001220703125,0.02636990481860013,True,0.0017493209557954055,292.5108017190923,True,0.024620583862804725,7.189210487938965
2026-03-12,296.5,306.20001220703125,0.0327150496021289,True,0.0020674576135380693,297.113001182414,True,0.03064759198859083,9.087011024617254
2026-03-13,290.3500061035156,309.75,0.06681588940476169,True,0.0027285351363652223,291.1422362970129,True,0.06408735426839646,18.607763702987086
2026-03-16,297.75,307.0,0.031066330814441656,True,0.001054508386700261,298.06397987213995,True,0.030011822427741395,8.936020127860047
2026-03-17,302.04998779296875,317.8500061035156,0.05230928306269789,True,-0.0007768288182160735,301.81534665790934,False,0.05308611188091396,16.03465944560628
2026-03-18,299.70001220703125,316.1000061035156,0.05472136546045703,True,-0.0006180810648090532,299.514773304363,False,0.05533944652526608,16.585232799152607
2026-03-19,306.20001220703125,307.6499938964844,0.004735407026936089,True,-0.0020391359955091864,305.5756287403145,False,0.006774543022445276,2.074365156169847
2026-03-20,309.75,301.70001220703125,-0.02598866115566989,False,-0.002171214834072756,309.077466205146,False,-0.023817446321597133,-7.377453998114731
2026-03-23,307.0,292.54998779296875,-0.047068443671111515,False,-0.0016549026608137958,306.49194488313015,False,-0.04541354101029772,-13.941957090161395
2026-03-24,317.8500061035156,298.3500061035156,-0.06134969207346608,False,-0.002595791786654013,317.0249336682842,False,-0.058753900286812065,-18.674927564768552
2026-03-25,316.1000061035156,297.79998779296875,-0.057893128621307355,False,-0.002093117665787895,315.4383715965847,False,-0.05580001095551946,-17.638383803615966
2026-03-26,307.6499938964844,295.3999938964844,-0.03981797576151358,False,-0.001293792508877077,307.251958639025,False,-0.038524183252636506,-11.851964742540645
2026-03-27,301.70001220703125,298.04998779296875,-0.012098191138148806,False,-0.0013583498936630516,301.2901980275317,False,-0.010739841244485755,-3.2402102345629373
2026-03-30,292.54998779296875,286.1000061035156,-0.022047451576096555,False,0.0001983247875880639,292.6080077071567,True,-0.02224577636368462,-6.508001603641048
2026-03-31,298.3500061035156,294.04998779296875,-0.014412663725754893,False,-0.0011484430657171623,298.00736810784935,False,-0.013264220660037731,-3.957380314880595
2026-04-01,297.79998779296875,293.70001220703125,-0.013767547864333096,False,-0.0007889410394134636,297.565041161062,False,-0.012978606824919633,-3.8650289540307767
2026-04-02,295.3999938964844,300.1000061035156,0.015910671307184376,True,-0.0006598583256509042,295.2050717511146,False,0.01657052963283528,4.894934352401037
2026-04-06,298.04998779296875,300.8500061035156,0.009394458732512323,True,-0.0013741429275762652,297.64042451017883,False,0.010768601660088589,3.209581593336793
2026-04-07,286.1000061035156,302.6499938964844,0.05784686277490225,True,0.00591065701415731,287.7910451113418,True,0.051936205760744945,14.858948785142559
2026-04-08,294.04998779296875,304.25,0.03468802118846792,True,0.0035698645976757486,295.09970643433786,True,0.031118156590792173,9.150293565662139
2026-04-09,293.70001220703125,296.45001220703125,0.009363295490983914,True,0.0033415430540294556,294.68142344279005,True,0.006021752436954459,1.7685887642412013
2026-04-10,300.1000061035156,289.29998779296875,-0.03598806428154999,False,0.0026181979101164805,300.8857273123218,True,-0.03860626219166647,-11.58573951935307
2026-04-13,300.8500061035156,292.20001220703125,-0.02875184883163373,False,0.0029817219356960733,301.74705716606877,True,-0.031733570767329806,-9.547044959037521
2026-04-14,302.6499938964844,289.0,-0.04510158325380009,False,0.0001900222872075194,302.70750414054794,True,-0.04529160554100761,-13.70750414054794
2026-04-15,304.25,302.3999938964844,-0.0060805459441762855,False,-0.0015369023994233674,303.78239744497546,False,-0.004543643544752918,-1.3824035484910837
2026-04-16,296.45001220703125,316.3500061035156,0.06712765416446276,True,-0.0011707856826006701,296.1029327771325,False,0.06829843984706342,20.247073326383145
2026-04-17,289.29998779296875,309.79998779296875,0.07086070122709565,True,-0.0010558311386789677,288.9945358574375,False,0.07191653236577461,20.805451935531266
2026-04-20,292.20001220703125,304.1000061035156,0.040725507869085575,True,-0.0014457123241140817,291.77757504827724,False,0.04217122019319966,12.322431055238383
2026-04-21,289.0,306.3999938964844,0.060207591337316124,True,0.003561167696567534,290.029177464308,True,0.05664642364074859,16.370816432176355
2026-04-22,302.3999938964844,305.25,0.009424623548409228,True,0.003132140941059217,303.3471532979436,True,0.006292482607350011,1.9028467020564221
2026-04-23,316.3500061035156,300.8999938964844,-0.04883834964104827,False,0.0027217128430432093,317.21101997802435,True,-0.05156006248409148,-16.31102608153998
2026-04-24,309.79998779296875,302.0,-0.02517749548196002,False,0.0026405531145990723,310.6180311156382,True,-0.027818048596559095,-8.618031115638189
2026-04-27,304.1000061035156,302.20001220703125,-0.006247924558862472,False,0.0027895301180540155,304.9483022294418,True,-0.009037454676916488,-2.748290022410572
2026-04-28,306.3999938964844,305.8500061035156,-0.0017949993600671066,False,-0.0034036649642655496,305.35711097220775,False,0.001608665604198443,0.49289513130787554
2026-04-29,305.25,299.45001220703125,-0.019000779010544644,False,-0.003613801725385043,304.1468870233262,False,-0.0153869772851596,-4.696874816294951
2026-04-30,300.8999938964844,291.04998779296875,-0.03273514889769069,False,-0.0030856581087433275,299.9715193903969,False,-0.029649490788947363,-8.921531597428157
2026-05-01,302.0,289.70001220703125,-0.04072843640055879,False,-0.0031452908645866343,301.05012215889485,False,-0.037583145535972154,-11.350109951863601
2026-05-04,302.20001220703125,298.6000061035156,-0.011912660351083404,False,-0.0032684466273761492,301.21228759634016,False,-0.008644213723707255,-2.612281492824536
2026-05-05,305.8500061035156,294.79998779296875,-0.03612888046439,False,-0.0034299043909649927,304.8009698246045,False,-0.03269897607342501,-10.000982031635772
2026-05-06,299.45001220703125,296.25,-0.0106862984691376,False,-0.0020083873904962113,298.8486005784307,False,-0.008677911078641388,-2.5986005784307054
2026-05-07,291.04998779296875,294.45001220703125,0.011681925980635999,True,-0.0017890553049507583,290.52928326830187,False,0.013470981285586757,3.9207289387293827
2026-05-08,289.70001220703125,284.6000061035156,-0.01760443869043038,False,-0.0015892615519206542,289.2396031160397,False,-0.016015177138509726,-4.639597012524064
2026-05-11,298.6000061035156,276.20001220703125,-0.07501672283529348,False,-0.0018902266088996669,298.0355844265612,False,-0.07312649622639382,-21.835572219529922
2026-05-12,294.79998779296875,270.1499938964844,-0.08361599361325445,False,0.0052128099748295536,296.3367241099156,True,-0.088828803588084,-26.186730213431247
2026-05-13,296.25,268.29998779296875,-0.09434603276635023,False,0.005999033890570169,298.0272137900814,True,-0.1003450666569204,-29.72722599711267
2026-05-14,294.45001220703125,273.3999938964844,-0.07148927640643588,False,0.005906067474453036,296.1890538469795,True,-0.07739534388088891,-22.78905995049513
2026-05-15,284.6000061035156,272.3500061035156,-0.04304286625891496,False,0.006469901652318761,286.4413401532547,True,-0.04951276791123372,-14.091334049739089
2026-05-18,276.20001220703125,274.0,-0.007965286422153328,False,0.007418473062374735,278.24899455741667,True,-0.015383759484528064,-4.248994557416665
2026-05-19,270.1499938964844,269.8500061035156,-0.0011104490088705843,False,0.0073618712295818916,272.13880336422267,True,-0.008472320238452475,-2.2887972607070424
2026-05-20,268.29998779296875,274.25,0.022176714415740095,True,0.008522468995089374,270.5865661203172,True,0.013654245420650721,3.6634338796828274
2026-05-21,273.3999938964844,265.6000061035156,-0.028529582908191298,False,0.00788606031265807,275.5560427378324,True,-0.036415643220849364,-9.956036634316774
2026-05-22,272.3500061035156,260.6000061035156,-0.04314301353653738,False,0.007701969167223336,274.44763745321796,True,-0.05084498270376071,-13.84763134970234
2026-05-26,274.0,259.20001220703125,-0.054014553988937064,False,0.000928170573092117,274.25431873702723,True,-0.05494272456202918,-15.054306529995984
2026-05-27,269.8500061035156,253.1000061035156,-0.06207151981154546,False,0.0016093356280943796,270.2842853325795,True,-0.06368085543963985,-17.18427922906389
2026-05-28,274.25,247.1499938964844,-0.09881497211856194,False,0.0005935510656406102,274.4127813797519,True,-0.09940852318420255,-27.262787483267488
2026-05-29,265.6000061035156,246.5,-0.07191267192995299,False,0.0025959536657084482,266.28949141297227,True,-0.07450862559566143,-19.789491412972268
2026-06-01,260.6000061035156,245.8999938964844,-0.0564083340857332,False,0.0024966696147146086,261.2506382203487,True,-0.05890500370044781,-15.350644323864316
2026-06-02,259.20001220703125,244.3999938964844,-0.057098833385569425,False,0.007337532179670574,261.1019006375713,True,-0.06443636556524,-16.7019067410869
2026-06-03,253.1000061035156,248.3999938964844,-0.018569783064757983,False,0.007653739009508504,255.03716749353694,True,-0.026223522074266488,-6.637173597052538
2026-06-04,247.1499938964844,253.9499969482422,0.02751366870195393,True,0.007330125471439209,248.9616343620111,True,0.020183543230514724,4.988362586231091
2026-06-05,246.5,257.20001220703125,0.0434077574321754,True,0.00683968552669308,248.18598248232982,True,0.03656807190548232,9.01402972470143
2026-06-08,245.8999938964844,262.95001220703125,0.06933720509860741,True,0.006790913719553654,247.5698795386742,True,0.06254629137905376,15.38013266835705
2026-06-09,244.3999938964844,277.25,0.134410830294166,True,0.00788505225932724,246.32710062053744,True,0.12652577803483878,30.922899379462564
2026-06-10,248.3999938964844,277.8500061035156,0.11855882822325636,True,0.006253491531667572,249.95336115478236,True,0.11230533669158879,27.896644948733268
2026-06-11,253.9499969482422,275.1000061035156,0.0832841480978006,True,0.004502521735040097,255.093412329115,True,0.07878162636276051,20.006593774400613
2026-06-12,257.20001220703125,277.0,0.07698284157557067,True,0.00453261581731073,258.36580105057334,True,0.07245022575825993,18.63419894942666
2026-06-15,262.95001220703125,287.95001220703125,0.0950751049226668,True,0.002631168163192883,263.6418779076616,True,0.09244393675947392,24.30813429936967
2026-06-16,277.25,291.54998779296875,0.05157795416760602,True,-0.00416956620892748,276.09398776857483,False,0.0557475203765335,15.456000024393916
2026-06-17,277.8500061035156,288.79998779296875,0.0394096866975544,True,-0.004147151833392468,276.69771994129536,False,0.04355683853094687,12.102267851673389
2026-06-18,275.1000061035156,286.75,0.04234821387863108,True,-0.0032584746533149468,274.20359970650054,False,0.04560668853194603,12.54640029349946
2026-06-22,277.0,291.1000061035156,0.050902549110164674,True,-0.0022472499437217177,276.3775117655891,False,0.05314979905388639,14.722494337926548
2026-06-23,287.95001220703125,311.20001220703125,0.08074318115771995,True,-0.002117774844714746,287.3401989146439,False,0.08286095600243469,23.859813292387344
2026-06-24,291.54998779296875,324.29998779296875,0.11233065124755193,True,-0.002064210098920769,290.94816736382626,False,0.1143948613464727,33.35182042914249
2026-06-25,288.79998779296875,315.6499938964844,0.09297093919118682,True,-0.0018320929874819296,288.2708793605484,False,0.09480303217866874,27.37911453593597
2026-06-26,286.75,363.9500122070313,0.2692241053427422,True,-0.0018416168842997518,286.22191635842705,False,0.27106572222704195,77.72809584860426
2026-06-29,291.1000061035156,331.6000061035156,0.13912744469540872,True,-0.0022008058674179492,290.4593515020776,False,0.14132825056282666,41.14065460143803
2026-06-30,311.20001220703125,324.25,0.041934406430186755,True,-0.009451640633493298,308.2586615265117,False,0.05138604706368005,15.991338473488327
2026-07-01,324.29998779296875,356.95001220703125,0.10067846328414332,True,-0.017519654642988176,318.61836400611065,False,0.11819811792713149,38.3316482009206
2026-07-02,315.6499938964844,343.0,0.08664662326109496,True,-0.016762067790056363,310.3590473008606,False,0.10340869105115132,32.640952699139405
2026-07-06,363.9500122070313,341.3999938964844,-0.06195910854295961,False,-0.031414306540363944,352.5167749581904,False,-0.030544802002595663,-11.116781061706035
2026-07-07,331.6000061035156,337.20001220703125,0.016887834741979635,True,-0.020925491771295195,324.6611129044351,False,0.037813326513274834,12.538899302596178
2026-07-08,324.25,334.45001220703125,0.03145724659069016,True,-0.0199913650878605,317.76779987026123,False,0.05144861167855066,16.68221233677002
2026-07-09,356.95001220703125,321.29998779296875,-0.0998739969040412,False,-0.034926399307461595,344.4830335478852,False,-0.0649475975965796,-23.183045754916463
2026-07-10,343.0,328.45001220703125,-0.042419789483873926,False,-0.03096367373527903,332.37945990879933,False,-0.011456115748594897,-3.9294477017680833
2026-07-13,341.3999938964844,334.3999938964844,-0.020503808216594366,False,-0.029324874284390928,331.38848199477815,False,0.008821066067796562,3.0115119017062284
2026-07-14,337.20001220703125,331.95001220703125,-0.015569394454163499,False,-0.028395140307650706,327.62517054867106,False,0.012825745853487207,4.324841658360185
2026-07-15,334.45001220703125,316.6499938964844,-0.05322176008631241,False,-0.026971187731207092,325.4294981410909,False,-0.026250572355105316,-8.779504244606528
2026-07-16,321.29998779296875,309.3999938964844,-0.03703701944785687,False,-0.013052518217657506,317.1062138489679,False,-0.02398450123019936,-7.706219952483536
2026-07-17,328.45001220703125,313.79998779296875,-0.04460351307531141,False,-0.016427091804197987,323.0545337034164,False,-0.02817642127111342,-9.254545910447632
2026-07-20,334.3999938964844,324.54998779296875,-0.029455760416564947,False,-0.0212058653330578,327.3087526585402,False,-0.008249895083507146,-2.758764865571436
2026-07-21,331.95001220703125,339.3999938964844,0.02244308304108955,True,-0.019235749968766726,325.5647047700877,False,0.04167883300985628,13.835289126396674
2026-07-22,316.6499938964844,325.79998779296875,0.028896238979482236,True,-0.01354978149580726,312.3594556685383,False,0.042446020475289496,13.440532124430433
2026-07-23,309.3999938964844,323.04998779296875,0.04411762820218823,True,-0.012320310817345609,305.58808980479483,False,0.05643793901953384,17.461897988173916
2026-07-24,313.79998779296875,332.1000061035156,0.05831746023718898,True,-0.012954479771809045,309.7348721987108,False,0.07127194000899803,22.36513390480485
2026-07-27,324.54998779296875,319.5,-0.015559969135448437,False,-0.013167671520617048,320.2764201616907,False,-0.0023922976148313888,-0.7764201616906803
2026-07-28,339.3999938964844,324.1000061035156,-0.045079516995027324,False,-0.015164010235832075,334.25332891499676,False,-0.02991550675919525,-10.153322811481132
2026-07-29,325.79998779296875,326.8999938964844,0.003376323341714338,True,-0.011819825043792214,321.94908893798623,False,0.015196148385506552,4.950904958498143
2026-07-30,323.04998779296875,321.6499938964844,-0.004333675744886856,False,-0.009893284826876916,319.8539622504138,False,0.005559609081990061,1.7960316460705599
2026-07-31,332.1000061035156,335.54998779296875,0.010388381891139664,True,-0.009905684115831577,328.8103283481885,False,0.020294066006971243,6.739659444780273
2026-08-03,319.5,332.29998779296875,0.04006255960240601,True,0.0015365786381744445,319.99093687489676,True,0.038525980964231564,12.30905091807199
2026-08-04,324.1000061035156,335.75,0.03594567626377465,True,0.0032174998243486687,325.1427978162251,True,0.03272817643942598,10.607202183774916
2026-08-05,326.8999938964844,340.1000061035156,0.04037935898894851,True,0.002578713224337421,327.742975233781,True,0.03780064576461109,12.357030869734615
2026-08-06,321.6499938964844,333.1000061035156,0.03559773798943766,True,0.004414643729172044,323.06996402502773,True,0.031183094260265616,10.030042078487895
2026-08-07,335.54998779296875,338.1000061035156,0.0075995184125001725,True,0.003953962738118417,336.87673994147826,True,0.0036455556743817553,1.223266162037362
2026-08-10,332.29998779296875,345.1000061035156,0.038519466689001636,True,0.0051569313404500935,334.01363601444945,True,0.03336253534855154,11.086370089066179
2026-08-11,335.75,363.3999938964844,0.08235292299771957,True,0.005452929883197832,337.5808212082837,True,0.07689999311452174,25.819172688200695
2026-08-12,340.1000061035156,359.5,0.05704202748699627,True,0.005703007725972061,342.0395990659271,True,0.05133901976102421,17.46040093407288
2026-08-13,333.1000061035156,363.6000061035156,0.09156409318864345,True,0.005504807019817596,334.93365735541556,True,0.08605928616882585,28.666348748100063
2026-08-14,338.1000061035156,358.75,0.06107658539988914,True,0.005914075509040787,340.099555069219,True,0.05516250989084835,18.65044493078102
2026-08-17,345.1000061035156,377.75,0.09461023853674089,True,0.005935571988665068,347.1483720330318,True,0.08867466654807582,30.60162796696818
2026-08-18,363.3999938964844,371.3999938964844,0.02201430967078899,True,-0.0023002111919168833,362.5640971633811,False,0.02431452086270587,8.835896733103255
2026-08-19,359.5,357.6000061035156,-0.005285101241959356,False,-0.0019765386948343952,358.78943433920705,False,-0.0033085625471249605,-1.1894282356914232
2026-08-20,363.6000061035156,341.8999938964844,-0.0596810006676769,False,-0.008361469849798455,360.55977561509457,False,-0.05131953081787844,-18.65978171861019
2026-08-21,358.75,345.8500061035156,-0.035958171140026085,False,-0.0005473479377773913,358.55363892732237,False,-0.03541082320224869,-12.703632823806743
2026-08-24,377.75,343.8999938964844,-0.08960954627006124,False,-0.011004068259724595,373.59321321488903,False,-0.07860547801033664,-29.69321931840466
2026-08-25,371.3999938964844,342.25,-0.07848679153346727,False,-0.0015585240593504314,370.8211580703541,False,-0.07692826747411684,-28.5711580703541
2026-08-26,357.6000061035156,328.3999938964844,-0.08165551372663749,False,0.003446126994238299,358.83234113768873,True,-0.08510164072087578,-30.432347241204354
2026-08-27,341.8999938964844,324.3500061035156,-0.05133076369191836,False,0.005132655163002686,343.65484866538776,True,-0.056463418854921045,-19.304842561872135
2026-08-28,345.8500061035156,324.25,-0.06245483800006235,False,0.004714886967781099,347.48064979010013,True,-0.06716972496784344,-23.23064979010013
2026-08-31,343.8999938964844,318.45001220703125,-0.07400401902046472,False,0.004393489299215659,345.4109148396689,True,-0.07839750831968037,-26.96090263263767
2026-09-01,342.25,319.20001220703125,-0.06734839384359026,False,0.0052456102030199485,344.0453100919836,True,-0.0725940040466102,-24.845297884952345
