model,task,group,rows,accuracy,balanced_accuracy,macro_f1,up_precision,up_recall,up_f1,down_precision,down_recall,down_f1,tp,tn,fp,fn,support_up,support_down,predicted_up,predicted_down,threshold,pr_auc_up,pr_auc_down,roc_auc,brier,log_loss,excluded_neutral_rows,score_type,offset
class__basic__linear,class,basic,56,0.5714285714285714,0.578544061302682,0.5573122529644269,0.6470588235294118,0.3793103448275862,0.4782608695652174,0.5384615384615384,0.7777777777777778,0.6363636363636364,11,21,6,18,29,27,17,39,0.5750000000000002,0.649337470165813,0.5909929602784666,0.611749680715198,0.2874320130372832,0.9178974149361289,0,probability_up,0
class__basic__xgb,class,basic,56,0.5357142857142857,0.5236270753512132,0.46783625730994155,0.5319148936170213,0.8620689655172413,0.6578947368421053,0.5555555555555556,0.18518518518518517,0.2777777777777778,25,5,22,4,29,27,47,9,0.4,0.48457174944531156,0.5018736532222932,0.4495530012771392,0.26540652025769157,0.7252946082797832,0,probability_up,0
class__basic__forest,class,basic,56,0.44642857142857145,0.44252873563218387,0.43764172335600904,0.47058823529411764,0.5517241379310345,0.5079365079365079,0.4090909090909091,0.3333333333333333,0.3673469387755102,16,9,18,13,29,27,34,22,0.45000000000000007,0.46587207048790746,0.46643217917705915,0.4201787994891444,0.28850344670172107,0.7766976168385907,0,probability_up,0
class__basic__equal_ensemble,class,basic,56,0.5892857142857143,0.590676883780332,0.5891547049441785,0.6153846153846154,0.5517241379310345,0.5818181818181818,0.5666666666666667,0.6296296296296297,0.5964912280701754,16,17,10,13,29,27,26,30,0.4750000000000001,0.5441361997407097,0.5343189773807837,0.5376756066411239,0.2647122656987092,0.7268445399200428,0,probability_up,0
class__direction_core__linear,class,direction_core,56,0.5714285714285714,0.5810983397190294,0.5428571428571428,0.6923076923076923,0.3103448275862069,0.42857142857142855,0.5348837209302325,0.8518518518518519,0.6571428571428571,9,23,4,20,29,27,13,43,0.6500000000000002,0.6415351736080686,0.5987265323571658,0.6245210727969349,0.2857783541520352,0.9144607374724948,0,probability_up,0
class__direction_core__xgb,class,direction_core,56,0.5,0.4878671775223499,0.4269005847953216,0.5106382978723404,0.8275862068965517,0.631578947368421,0.4444444444444444,0.14814814814814814,0.2222222222222222,24,4,23,5,29,27,47,9,0.4,0.49640409946189346,0.5147401318744047,0.46360153256704983,0.2660919573102441,0.7268565164500617,0,probability_up,0
class__direction_core__forest,class,direction_core,56,0.5714285714285714,0.5606641123882503,0.5220483641536273,0.5555555555555556,0.8620689655172413,0.6756756756756757,0.6363636363636364,0.25925925925925924,0.3684210526315789,25,7,20,4,29,27,45,11,0.4,0.48394174683775326,0.5042540277834883,0.45466155810983405,0.2717934620177477,0.7395872865796641,0,probability_up,0
class__direction_core__equal_ensemble,class,direction_core,56,0.5892857142857143,0.5919540229885057,0.5881036136872402,0.625,0.5172413793103449,0.5660377358490566,0.5625,0.6666666666666666,0.6101694915254238,15,18,9,14,29,27,24,32,0.4750000000000001,0.5625982245706187,0.5535051878430585,0.5632183908045978,0.2588362034269382,0.7145056130287407,0,probability_up,0
class__engineered_direction__linear,class,engineered_direction,56,0.5357142857142857,0.545338441890166,0.5047619047619047,0.6153846153846154,0.27586206896551724,0.38095238095238093,0.5116279069767442,0.8148148148148148,0.6285714285714286,8,22,5,21,29,27,13,43,0.6500000000000002,0.6110638743685493,0.6132287608176868,0.6270753512132823,0.28975113071242126,0.8930224463210019,0,probability_up,0
class__engineered_direction__xgb,class,engineered_direction,56,0.5535714285714286,0.5434227330779055,0.5082543027748507,0.5454545454545454,0.8275862068965517,0.6575342465753424,0.5833333333333334,0.25925925925925924,0.358974358974359,24,7,20,5,29,27,44,12,0.4,0.4893644664944447,0.5479548074825421,0.4840357598978289,0.2689834061873532,0.734897389801178,0,probability_up,0
class__engineered_direction__forest,class,engineered_direction,56,0.5357142857142857,0.5300127713920817,0.5204216073781291,0.5405405405405406,0.6896551724137931,0.6060606060606061,0.5263157894736842,0.37037037037037035,0.43478260869565216,20,10,17,9,29,27,37,19,0.45000000000000007,0.49459607989230037,0.5372363439433204,0.4929757343550447,0.27007948023846856,0.7401934096610053,0,probability_up,0
class__engineered_direction__equal_ensemble,class,engineered_direction,56,0.5535714285714286,0.5600255427841634,0.5417348608837971,0.6111111111111112,0.3793103448275862,0.46808510638297873,0.5263157894736842,0.7407407407407407,0.6153846153846154,11,20,7,18,29,27,18,38,0.5250000000000001,0.5491406760406317,0.6016205928372274,0.5810983397190294,0.25910241020673,0.7171180865180472,0,probability_up,0
reg__basic__linear,reg,basic,56,0.5,0.5031928480204342,0.49743589743589745,0.5217391304347826,0.41379310344827586,0.46153846153846156,0.48484848484848486,0.5925925925925926,0.5333333333333333,12,16,11,17,29,27,23,33,0.5,0.6114800281715055,0.5894529651039254,0.5849297573435505,,,0,uncalibrated_return_rank_score,0
reg__basic__xgb,reg,basic,56,0.5535714285714286,0.5459770114942528,0.5281429052915403,0.55,0.7586206896551724,0.6376811594202898,0.5625,0.3333333333333333,0.4186046511627907,22,9,18,7,29,27,40,16,0.5,0.5456946198571884,0.560480835767245,0.524904214559387,,,0,uncalibrated_return_rank_score,0
reg__basic__forest,reg,basic,56,0.5,0.4968071519795657,0.4941935483870967,0.5151515151515151,0.5862068965517241,0.5483870967741935,0.4782608695652174,0.4074074074074074,0.44,17,11,16,12,29,27,33,23,0.5,0.5356957264336998,0.520393093748807,0.4623243933588761,,,0,uncalibrated_return_rank_score,0
reg__basic__equal_ensemble,reg,basic,56,0.4642857142857143,0.46487867177522346,0.4642857142857143,0.48148148148148145,0.4482758620689655,0.4642857142857143,0.4482758620689655,0.48148148148148145,0.4642857142857143,13,13,14,16,29,27,27,29,0.5,0.5845319857831318,0.5610896473139612,0.5504469987228608,,,0,uncalibrated_return_rank_score,0
reg__direction_core__linear,reg,direction_core,56,0.5,0.5031928480204342,0.49743589743589745,0.5217391304347826,0.41379310344827586,0.46153846153846156,0.48484848484848486,0.5925925925925926,0.5333333333333333,12,16,11,17,29,27,23,33,0.5,0.5955192295194084,0.5822969417890158,0.574712643678161,,,0,uncalibrated_return_rank_score,0
reg__direction_core__xgb,reg,direction_core,56,0.5357142857142857,0.5312899106002554,0.5260416666666666,0.5428571428571428,0.6551724137931034,0.59375,0.5238095238095238,0.4074074074074074,0.4583333333333333,19,11,16,10,29,27,35,21,0.5,0.5530650787743854,0.569198762420533,0.5453384418901661,,,0,uncalibrated_return_rank_score,0
reg__direction_core__forest,reg,direction_core,56,0.4642857142857143,0.4610472541507024,0.45806451612903226,0.48484848484848486,0.5517241379310345,0.5161290322580645,0.43478260869565216,0.37037037037037035,0.4,16,10,17,13,29,27,33,23,0.5,0.5460530713018223,0.5473484162893748,0.4750957854406131,,,0,uncalibrated_return_rank_score,0
reg__direction_core__equal_ensemble,reg,direction_core,56,0.48214285714285715,0.483397190293742,0.4819776714513556,0.5,0.4482758620689655,0.4727272727272727,0.4666666666666667,0.5185185185185185,0.49122807017543857,13,14,13,16,29,27,26,30,0.5,0.5848589703310988,0.558462372792992,0.5478927203065134,,,0,uncalibrated_return_rank_score,0
reg__engineered_direction__linear,reg,engineered_direction,56,0.5714285714285714,0.5747126436781609,0.5692307692307692,0.6086956521739131,0.4827586206896552,0.5384615384615384,0.5454545454545454,0.6666666666666666,0.6,14,18,9,15,29,27,23,33,0.5,0.581240426996655,0.6555396003789173,0.6002554278416348,,,0,uncalibrated_return_rank_score,0
reg__engineered_direction__xgb,reg,engineered_direction,56,0.5357142857142857,0.5312899106002554,0.5260416666666666,0.5428571428571428,0.6551724137931034,0.59375,0.5238095238095238,0.4074074074074074,0.4583333333333333,19,11,16,10,29,27,35,21,0.5,0.5438980365636779,0.5920717311158396,0.5236270753512133,,,0,uncalibrated_return_rank_score,0
reg__engineered_direction__forest,reg,engineered_direction,56,0.4642857142857143,0.45721583652618136,0.4385026737967914,0.48717948717948717,0.6551724137931034,0.5588235294117647,0.4117647058823529,0.25925925925925924,0.3181818181818182,19,7,20,10,29,27,39,17,0.5,0.513290749693325,0.537023128558927,0.45977011494252873,,,0,uncalibrated_return_rank_score,0
reg__engineered_direction__equal_ensemble,reg,engineered_direction,56,0.5357142857142857,0.5338441890166028,0.5333333333333333,0.5483870967741935,0.5862068965517241,0.5666666666666667,0.52,0.48148148148148145,0.5,17,13,14,12,29,27,31,25,0.5,0.5782392190450512,0.6226173744918515,0.5683269476372925,,,0,uncalibrated_return_rank_score,0
selected_direction,class,engineered_direction,56,0.5535714285714286,0.5434227330779055,0.5082543027748507,0.5454545454545454,0.8275862068965517,0.6575342465753424,0.5833333333333334,0.25925925925925924,0.358974358974359,24,7,20,5,29,27,44,12,0.4,0.4893644664944447,0.5479548074825421,0.4840357598978289,0.2689834061873532,0.734897389801178,0,probability_up,0
selected_return,reg,basic,56,0.5535714285714286,0.5459770114942528,0.5281429052915403,0.55,0.7586206896551724,0.6376811594202898,0.5625,0.3333333333333333,0.4186046511627907,22,9,18,7,29,27,40,16,0.5,0.5456946198571884,0.560480835767245,0.524904214559387,,,0,uncalibrated_return_rank_score,0
baseline_monthly_return,reg,previous,56,0.5535714285714286,0.5472541507024266,0.5356550580431177,0.5526315789473685,0.7241379310344828,0.6268656716417911,0.5555555555555556,0.37037037037037035,0.4444444444444444,21,10,17,8,29,27,38,18,0.5,0.6543785377285246,0.6274463691156331,0.6028097062579821,,,0,uncalibrated_return_rank_score,0
baseline_paper_return,reg,previous,56,0.44642857142857145,0.4450830140485313,0.4448353054045411,0.4666666666666667,0.4827586206896552,0.4745762711864407,0.4230769230769231,0.4074074074074074,0.41509433962264153,14,11,16,15,29,27,30,26,0.5,0.49777575016077885,0.49378815548986305,0.4482758620689655,,,0,uncalibrated_return_rank_score,0
baseline_mean_return,reg,previous,56,0.5178571428571429,0.5,0.3411764705882353,0.5178571428571429,1.0,0.6823529411764706,0.0,0.0,0.0,29,0,27,0,29,27,56,0,0.5,0.4542295137184092,0.4298666604383859,0.3933588761174968,,,0,uncalibrated_return_rank_score,0
baseline_zero_return,reg,previous,56,0.5178571428571429,0.5,0.3411764705882353,0.5178571428571429,1.0,0.6823529411764706,0.0,0.0,0.0,29,0,27,0,29,27,56,0,0.5,0.5178571428571429,0.48214285714285715,0.5,,,0,uncalibrated_return_rank_score,0
baseline_majority,baseline,previous,56,0.48214285714285715,0.5,0.3253012048192771,0.0,0.0,0.0,0.48214285714285715,1.0,0.6506024096385542,0,27,0,29,29,27,0,56,0.5,0.45118435841548876,0.42582625639798194,0.38569604086845466,0.25152430413297033,0.6961980089334089,0,probability_up,0
always_up,baseline,previous,56,0.5178571428571429,0.5,0.3411764705882353,0.5178571428571429,1.0,0.6823529411764706,0.0,0.0,0.0,29,0,27,0,29,27,56,0,0.5,0.5178571428571429,0.48214285714285715,0.5,0.48214285714285715,17.37819002689577,0,probability_up,0
always_down,baseline,previous,56,0.48214285714285715,0.5,0.3253012048192771,0.0,0.0,0.0,0.48214285714285715,1.0,0.6506024096385542,0,27,0,29,29,27,0,56,0.5,0.5178571428571429,0.48214285714285715,0.5,0.5178571428571429,18.66546336222138,0,probability_up,0
class__basic__linear,class,basic,56,0.5357142857142857,0.5427841634738186,0.5204216073781291,0.5882352941176471,0.3448275862068966,0.43478260869565216,0.5128205128205128,0.7407407407407407,0.6060606060606061,10,20,7,19,29,27,17,39,0.5750000000000002,0.6451864272241654,0.5986977589252033,0.6168582375478927,0.2862513927128471,0.913666767594554,0,probability_up,1
class__basic__xgb,class,basic,56,0.5357142857142857,0.5236270753512132,0.46783625730994155,0.5319148936170213,0.8620689655172413,0.6578947368421053,0.5555555555555556,0.18518518518518517,0.2777777777777778,25,5,22,4,29,27,47,9,0.4,0.4938838322339564,0.5095426121797888,0.46743295019157094,0.26362991266038777,0.7217457317325445,0,probability_up,1
class__basic__forest,class,basic,56,0.5,0.4955300127713921,0.48958333333333337,0.5142857142857142,0.6206896551724138,0.5625,0.47619047619047616,0.37037037037037035,0.4166666666666667,18,10,17,11,29,27,35,21,0.45000000000000007,0.4786490822095614,0.4946475751043923,0.454661558109834,0.28165861684054533,0.7626703881711535,0,probability_up,1
class__basic__equal_ensemble,class,basic,56,0.5714285714285714,0.5734355044699873,0.5708812260536398,0.6,0.5172413793103449,0.5555555555555556,0.5483870967741935,0.6296296296296297,0.5862068965517241,15,17,10,14,29,27,25,31,0.4750000000000001,0.554688433372133,0.5536865224027716,0.5555555555555556,0.2619629359914248,0.7208527581978695,0,probability_up,1
class__direction_core__linear,class,direction_core,56,0.5535714285714286,0.5638569604086845,0.5190656131913431,0.6666666666666666,0.27586206896551724,0.3902439024390244,0.5227272727272727,0.8518518518518519,0.647887323943662,8,23,4,21,29,27,12,44,0.6500000000000002,0.6408447626106981,0.6073520735307486,0.6309067688378034,0.2863887370552222,0.9141160476220137,0,probability_up,1
class__direction_core__xgb,class,direction_core,56,0.5,0.4878671775223499,0.4269005847953216,0.5106382978723404,0.8275862068965517,0.631578947368421,0.4444444444444444,0.14814814814814814,0.2222222222222222,24,4,23,5,29,27,47,9,0.4,0.5104258605211032,0.5258084822794538,0.48659003831417624,0.26323651222575467,0.7211007265049656,0,probability_up,1
class__direction_core__forest,class,direction_core,56,0.5535714285714286,0.5434227330779055,0.5082543027748507,0.5454545454545454,0.8275862068965517,0.6575342465753424,0.5833333333333334,0.25925925925925924,0.358974358974359,24,7,20,5,29,27,44,12,0.4,0.5160144061261072,0.5035621192798561,0.47126436781609193,0.2695203966495145,0.7346840900111309,0,probability_up,1
class__direction_core__equal_ensemble,class,direction_core,56,0.5892857142857143,0.5919540229885057,0.5881036136872402,0.625,0.5172413793103449,0.5660377358490566,0.5625,0.6666666666666666,0.6101694915254238,15,18,9,14,29,27,24,32,0.4750000000000001,0.5721658288562215,0.5619928105532743,0.5734355044699873,0.2575351911388988,0.7115024741075509,0,probability_up,1
class__engineered_direction__linear,class,engineered_direction,56,0.5357142857142857,0.545338441890166,0.5047619047619047,0.6153846153846154,0.27586206896551724,0.38095238095238093,0.5116279069767442,0.8148148148148148,0.6285714285714286,8,22,5,21,29,27,13,43,0.6500000000000002,0.6202760056760547,0.627710480978473,0.6398467432950192,0.28766767462387566,0.8860548806166283,0,probability_up,1
class__engineered_direction__xgb,class,engineered_direction,56,0.5535714285714286,0.5434227330779055,0.5082543027748507,0.5454545454545454,0.8275862068965517,0.6575342465753424,0.5833333333333334,0.25925925925925924,0.358974358974359,24,7,20,5,29,27,44,12,0.4,0.4977257730634299,0.5529939727702586,0.4968071519795658,0.26704635221942896,0.7309887695075817,0,probability_up,1
class__engineered_direction__forest,class,engineered_direction,56,0.5535714285714286,0.5485312899106003,0.5417348608837971,0.5555555555555556,0.6896551724137931,0.6153846153846154,0.55,0.4074074074074074,0.46808510638297873,20,11,16,9,29,27,36,20,0.45000000000000007,0.49805633682112577,0.5469526760917172,0.4993614303959132,0.269247406115304,0.738439895357497,0,probability_up,1
class__engineered_direction__equal_ensemble,class,engineered_direction,56,0.5714285714285714,0.5772669220945083,0.5625,0.631578947368421,0.41379310344827586,0.5,0.5405405405405406,0.7407407407407407,0.625,12,20,7,17,29,27,19,37,0.5250000000000001,0.5488127273034286,0.6053565583717055,0.582375478927203,0.25785377647030444,0.7142686117724898,0,probability_up,1
reg__basic__linear,reg,basic,56,0.5,0.5031928480204342,0.49743589743589745,0.5217391304347826,0.41379310344827586,0.46153846153846156,0.48484848484848486,0.5925925925925926,0.5333333333333333,12,16,11,17,29,27,23,33,0.5,0.6047559191447874,0.5948480011237371,0.5823754789272031,,,0,uncalibrated_return_rank_score,1
reg__basic__xgb,reg,basic,56,0.5714285714285714,0.5644955300127714,0.5508021390374331,0.5641025641025641,0.7586206896551724,0.6470588235294118,0.5882352941176471,0.37037037037037035,0.45454545454545453,22,10,17,7,29,27,39,17,0.5,0.5507665694539309,0.5749450074217103,0.5376756066411239,,,0,uncalibrated_return_rank_score,1
reg__basic__forest,reg,basic,56,0.5178571428571429,0.5153256704980842,0.5139826422372227,0.53125,0.5862068965517241,0.5573770491803278,0.5,0.4444444444444444,0.47058823529411764,17,12,15,12,29,27,32,24,0.5,0.5470132213624731,0.5428648842573522,0.48786717752235,,,0,uncalibrated_return_rank_score,1
reg__basic__equal_ensemble,reg,basic,56,0.48214285714285715,0.483397190293742,0.4819776714513556,0.5,0.4482758620689655,0.4727272727272727,0.4666666666666667,0.5185185185185185,0.49122807017543857,13,14,13,16,29,27,26,30,0.5,0.5899348556766055,0.5749623300895835,0.5619412515964239,,,0,uncalibrated_return_rank_score,1
reg__direction_core__linear,reg,direction_core,56,0.5,0.5031928480204342,0.49743589743589745,0.5217391304347826,0.41379310344827586,0.46153846153846156,0.48484848484848486,0.5925925925925926,0.5333333333333333,12,16,11,17,29,27,23,33,0.5,0.5962300406314771,0.5943522118668609,0.5836526181353767,,,0,uncalibrated_return_rank_score,1
reg__direction_core__xgb,reg,direction_core,56,0.5178571428571429,0.5127713920817369,0.5050736497545009,0.5277777777777778,0.6551724137931034,0.5846153846153846,0.5,0.37037037037037035,0.425531914893617,19,10,17,10,29,27,36,20,0.5,0.5556470142956556,0.577852233612155,0.5491698595146871,,,0,uncalibrated_return_rank_score,1
reg__direction_core__forest,reg,direction_core,56,0.48214285714285715,0.47956577266922096,0.47798135647701706,0.5,0.5517241379310345,0.5245901639344263,0.4583333333333333,0.4074074074074074,0.43137254901960786,16,11,16,13,29,27,32,24,0.5,0.5559272216285573,0.560406556801567,0.4955300127713921,,,0,uncalibrated_return_rank_score,1
reg__direction_core__equal_ensemble,reg,direction_core,56,0.4642857142857143,0.46487867177522346,0.4642857142857143,0.48148148148148145,0.4482758620689655,0.4642857142857143,0.4482758620689655,0.48148148148148145,0.4642857142857143,13,13,14,16,29,27,27,29,0.5,0.5917469498897912,0.572599081464354,0.5593869731800766,,,0,uncalibrated_return_rank_score,1
reg__engineered_direction__linear,reg,engineered_direction,56,0.6071428571428571,0.6104725415070242,0.6051282051282051,0.6521739130434783,0.5172413793103449,0.5769230769230769,0.5757575757575758,0.7037037037037037,0.6333333333333333,15,19,8,14,29,27,23,33,0.5,0.5925065265435931,0.6695067630446182,0.6130268199233717,,,0,uncalibrated_return_rank_score,1
reg__engineered_direction__xgb,reg,engineered_direction,56,0.5178571428571429,0.5127713920817369,0.5050736497545009,0.5277777777777778,0.6551724137931034,0.5846153846153846,0.5,0.37037037037037035,0.425531914893617,19,10,17,10,29,27,36,20,0.5,0.544626441006,0.5897199053719181,0.5236270753512133,,,0,uncalibrated_return_rank_score,1
reg__engineered_direction__forest,reg,engineered_direction,56,0.48214285714285715,0.47573435504469985,0.46135986733001655,0.5,0.6551724137931034,0.5671641791044776,0.4444444444444444,0.2962962962962963,0.35555555555555557,19,8,19,10,29,27,38,18,0.5,0.5193781248686309,0.5486321274145803,0.4763729246487867,,,0,uncalibrated_return_rank_score,1
reg__engineered_direction__equal_ensemble,reg,engineered_direction,56,0.5357142857142857,0.5338441890166028,0.5333333333333333,0.5483870967741935,0.5862068965517241,0.5666666666666667,0.52,0.48148148148148145,0.5,17,13,14,12,29,27,31,25,0.5,0.5794469744653347,0.6331896098391616,0.5747126436781609,,,0,uncalibrated_return_rank_score,1
selected_direction,class,engineered_direction,56,0.5535714285714286,0.5434227330779055,0.5082543027748507,0.5454545454545454,0.8275862068965517,0.6575342465753424,0.5833333333333334,0.25925925925925924,0.358974358974359,24,7,20,5,29,27,44,12,0.4,0.4977257730634299,0.5529939727702586,0.4968071519795658,0.26704635221942896,0.7309887695075817,0,probability_up,1
selected_return,reg,basic,56,0.5714285714285714,0.5644955300127714,0.5508021390374331,0.5641025641025641,0.7586206896551724,0.6470588235294118,0.5882352941176471,0.37037037037037035,0.45454545454545453,22,10,17,7,29,27,39,17,0.5,0.5507665694539309,0.5749450074217103,0.5376756066411239,,,0,uncalibrated_return_rank_score,1
baseline_monthly_return,reg,previous,56,0.5535714285714286,0.5472541507024266,0.5356550580431177,0.5526315789473685,0.7241379310344828,0.6268656716417911,0.5555555555555556,0.37037037037037035,0.4444444444444444,21,10,17,8,29,27,38,18,0.5,0.6638991534055465,0.6360611515402961,0.6155810983397191,,,0,uncalibrated_return_rank_score,1
baseline_paper_return,reg,previous,56,0.44642857142857145,0.4450830140485313,0.4448353054045411,0.4666666666666667,0.4827586206896552,0.4745762711864407,0.4230769230769231,0.4074074074074074,0.41509433962264153,14,11,16,15,29,27,30,26,0.5,0.5022170483146451,0.5004199390576975,0.454661558109834,,,0,uncalibrated_return_rank_score,1
baseline_mean_return,reg,previous,56,0.5178571428571429,0.5,0.3411764705882353,0.5178571428571429,1.0,0.6823529411764706,0.0,0.0,0.0,29,0,27,0,29,27,56,0,0.5,0.4542295137184092,0.4298666604383859,0.3933588761174968,,,0,uncalibrated_return_rank_score,1
baseline_zero_return,reg,previous,56,0.5178571428571429,0.5,0.3411764705882353,0.5178571428571429,1.0,0.6823529411764706,0.0,0.0,0.0,29,0,27,0,29,27,56,0,0.5,0.5178571428571429,0.48214285714285715,0.5,,,0,uncalibrated_return_rank_score,1
baseline_majority,baseline,previous,56,0.48214285714285715,0.5,0.3253012048192771,0.0,0.0,0.0,0.48214285714285715,1.0,0.6506024096385542,0,27,0,29,29,27,0,56,0.5,0.45118435841548876,0.42582625639798194,0.38569604086845466,0.25152430413297033,0.6961980089334089,0,probability_up,1
always_up,baseline,previous,56,0.5178571428571429,0.5,0.3411764705882353,0.5178571428571429,1.0,0.6823529411764706,0.0,0.0,0.0,29,0,27,0,29,27,56,0,0.5,0.5178571428571429,0.48214285714285715,0.5,0.48214285714285715,17.37819002689577,0,probability_up,1
always_down,baseline,previous,56,0.48214285714285715,0.5,0.3253012048192771,0.0,0.0,0.0,0.48214285714285715,1.0,0.6506024096385542,0,27,0,29,29,27,0,56,0.5,0.5178571428571429,0.48214285714285715,0.5,0.5178571428571429,18.66546336222138,0,probability_up,1
class__basic__linear,class,basic,56,0.5357142857142857,0.5427841634738186,0.5204216073781291,0.5882352941176471,0.3448275862068966,0.43478260869565216,0.5128205128205128,0.7407407407407407,0.6060606060606061,10,20,7,19,29,27,17,39,0.5750000000000002,0.6451864272241654,0.5986977589252033,0.6168582375478927,0.2863373382616112,0.9138386031410572,0,probability_up,2
class__basic__xgb,class,basic,56,0.5357142857142857,0.5236270753512132,0.46783625730994155,0.5319148936170213,0.8620689655172413,0.6578947368421053,0.5555555555555556,0.18518518518518517,0.2777777777777778,25,5,22,4,29,27,47,9,0.4,0.4938838322339564,0.5095426121797888,0.46743295019157094,0.26362991266038777,0.7217457317325445,0,probability_up,2
class__basic__forest,class,basic,56,0.5,0.4955300127713921,0.48958333333333337,0.5142857142857142,0.6206896551724138,0.5625,0.47619047619047616,0.37037037037037035,0.4166666666666667,18,10,17,11,29,27,35,21,0.45000000000000007,0.4786490822095614,0.4946475751043923,0.454661558109834,0.28184722711398175,0.763094262187998,0,probability_up,2
class__basic__equal_ensemble,class,basic,56,0.5714285714285714,0.5734355044699873,0.5708812260536398,0.6,0.5172413793103449,0.5555555555555556,0.5483870967741935,0.6296296296296297,0.5862068965517241,15,17,10,14,29,27,25,31,0.4750000000000001,0.554688433372133,0.5536865224027716,0.5555555555555556,0.2620116920056556,0.7209567835175229,0,probability_up,2
class__direction_core__linear,class,direction_core,56,0.5535714285714286,0.5638569604086845,0.5190656131913431,0.6666666666666666,0.27586206896551724,0.3902439024390244,0.5227272727272727,0.8518518518518519,0.647887323943662,8,23,4,21,29,27,12,44,0.6500000000000002,0.641781794094956,0.6079792604324453,0.632183908045977,0.28593868422180335,0.91320530496213,0,probability_up,2
class__direction_core__xgb,class,direction_core,56,0.5,0.4878671775223499,0.4269005847953216,0.5106382978723404,0.8275862068965517,0.631578947368421,0.4444444444444444,0.14814814814814814,0.2222222222222222,24,4,23,5,29,27,47,9,0.4,0.5104258605211032,0.5258084822794538,0.48659003831417624,0.26328357219865567,0.7212059391828415,0,probability_up,2
class__direction_core__forest,class,direction_core,56,0.5535714285714286,0.5434227330779055,0.5082543027748507,0.5454545454545454,0.8275862068965517,0.6575342465753424,0.5833333333333334,0.25925925925925924,0.358974358974359,24,7,20,5,29,27,44,12,0.4,0.5160144061261072,0.5035621192798561,0.47126436781609193,0.2695535460449231,0.7347624996710914,0,probability_up,2
class__direction_core__equal_ensemble,class,direction_core,56,0.5892857142857143,0.5919540229885057,0.5881036136872402,0.625,0.5172413793103449,0.5660377358490566,0.5625,0.6666666666666666,0.6101694915254238,15,18,9,14,29,27,24,32,0.4750000000000001,0.5721658288562215,0.5619928105532743,0.5734355044699873,0.2574384546081634,0.7112993550390474,0,probability_up,2
class__engineered_direction__linear,class,engineered_direction,56,0.5357142857142857,0.545338441890166,0.5047619047619047,0.6153846153846154,0.27586206896551724,0.38095238095238093,0.5116279069767442,0.8148148148148148,0.6285714285714286,8,22,5,21,29,27,13,43,0.6500000000000002,0.6193118100735074,0.6248056153285094,0.6372924648786719,0.28752520337450665,0.8860995431191271,0,probability_up,2
class__engineered_direction__xgb,class,engineered_direction,56,0.5535714285714286,0.5434227330779055,0.5082543027748507,0.5454545454545454,0.8275862068965517,0.6575342465753424,0.5833333333333334,0.25925925925925924,0.358974358974359,24,7,20,5,29,27,44,12,0.4,0.4971695995372898,0.552310212086498,0.4955300127713921,0.26716776778065215,0.7312316707046078,0,probability_up,2
class__engineered_direction__forest,class,engineered_direction,56,0.5535714285714286,0.5485312899106003,0.5417348608837971,0.5555555555555556,0.6896551724137931,0.6153846153846154,0.55,0.4074074074074074,0.46808510638297873,20,11,16,9,29,27,36,20,0.45000000000000007,0.49805633682112577,0.5469526760917172,0.4993614303959132,0.2692265362956129,0.7383977405740344,0,probability_up,2
class__engineered_direction__equal_ensemble,class,engineered_direction,56,0.5714285714285714,0.5772669220945083,0.5625,0.631578947368421,0.41379310344827586,0.5,0.5405405405405406,0.7407407407407407,0.625,12,20,7,17,29,27,19,37,0.5250000000000001,0.5495986591238431,0.6060335794788342,0.5836526181353767,0.2578895129782691,0.7144007720273672,0,probability_up,2
reg__basic__linear,reg,basic,56,0.5,0.5031928480204342,0.49743589743589745,0.5217391304347826,0.41379310344827586,0.46153846153846156,0.48484848484848486,0.5925925925925926,0.5333333333333333,12,16,11,17,29,27,23,33,0.5,0.6047559191447874,0.5948480011237371,0.5823754789272031,,,0,uncalibrated_return_rank_score,2
reg__basic__xgb,reg,basic,56,0.5714285714285714,0.5644955300127714,0.5508021390374331,0.5641025641025641,0.7586206896551724,0.6470588235294118,0.5882352941176471,0.37037037037037035,0.45454545454545453,22,10,17,7,29,27,39,17,0.5,0.5507665694539309,0.5749450074217103,0.5376756066411239,,,0,uncalibrated_return_rank_score,2
reg__basic__forest,reg,basic,56,0.5178571428571429,0.5153256704980842,0.5139826422372227,0.53125,0.5862068965517241,0.5573770491803278,0.5,0.4444444444444444,0.47058823529411764,17,12,15,12,29,27,32,24,0.5,0.5470132213624731,0.5428648842573522,0.48786717752235,,,0,uncalibrated_return_rank_score,2
reg__basic__equal_ensemble,reg,basic,56,0.4642857142857143,0.46487867177522346,0.4642857142857143,0.48148148148148145,0.4482758620689655,0.4642857142857143,0.4482758620689655,0.48148148148148145,0.4642857142857143,13,13,14,16,29,27,27,29,0.5,0.5893403253555591,0.5743693726000744,0.5606641123882503,,,0,uncalibrated_return_rank_score,2
reg__direction_core__linear,reg,direction_core,56,0.5,0.5031928480204342,0.49743589743589745,0.5217391304347826,0.41379310344827586,0.46153846153846156,0.48484848484848486,0.5925925925925926,0.5333333333333333,12,16,11,17,29,27,23,33,0.5,0.5962300406314771,0.5943522118668609,0.5836526181353767,,,0,uncalibrated_return_rank_score,2
reg__direction_core__xgb,reg,direction_core,56,0.5178571428571429,0.5127713920817369,0.5050736497545009,0.5277777777777778,0.6551724137931034,0.5846153846153846,0.5,0.37037037037037035,0.425531914893617,19,10,17,10,29,27,36,20,0.5,0.5556470142956556,0.577852233612155,0.5491698595146871,,,0,uncalibrated_return_rank_score,2
reg__direction_core__forest,reg,direction_core,56,0.48214285714285715,0.47956577266922096,0.47798135647701706,0.5,0.5517241379310345,0.5245901639344263,0.4583333333333333,0.4074074074074074,0.43137254901960786,16,11,16,13,29,27,32,24,0.5,0.5538040299776297,0.5589150033900792,0.491698595146871,,,0,uncalibrated_return_rank_score,2
reg__direction_core__equal_ensemble,reg,direction_core,56,0.4642857142857143,0.46487867177522346,0.4642857142857143,0.48148148148148145,0.4482758620689655,0.4642857142857143,0.4482758620689655,0.48148148148148145,0.4642857142857143,13,13,14,16,29,27,27,29,0.5,0.5917469498897912,0.572599081464354,0.5593869731800766,,,0,uncalibrated_return_rank_score,2
reg__engineered_direction__linear,reg,engineered_direction,56,0.5892857142857143,0.5919540229885057,0.5881036136872402,0.625,0.5172413793103449,0.5660377358490566,0.5625,0.6666666666666666,0.6101694915254238,15,18,9,14,29,27,24,32,0.5,0.591776732710351,0.6688256221335922,0.611749680715198,,,0,uncalibrated_return_rank_score,2
reg__engineered_direction__xgb,reg,engineered_direction,56,0.5178571428571429,0.5127713920817369,0.5050736497545009,0.5277777777777778,0.6551724137931034,0.5846153846153846,0.5,0.37037037037037035,0.425531914893617,19,10,17,10,29,27,36,20,0.5,0.544626441006,0.5897199053719181,0.5236270753512133,,,0,uncalibrated_return_rank_score,2
reg__engineered_direction__forest,reg,engineered_direction,56,0.48214285714285715,0.47573435504469985,0.46135986733001655,0.5,0.6551724137931034,0.5671641791044776,0.4444444444444444,0.2962962962962963,0.35555555555555557,19,8,19,10,29,27,38,18,0.5,0.5183639260856696,0.5481810352968216,0.47509578544061304,,,0,uncalibrated_return_rank_score,2
reg__engineered_direction__equal_ensemble,reg,engineered_direction,56,0.5178571428571429,0.5153256704980842,0.5139826422372227,0.53125,0.5862068965517241,0.5573770491803278,0.5,0.4444444444444444,0.47058823529411764,17,12,15,12,29,27,32,24,0.5,0.5788592001706638,0.6323871407033592,0.5734355044699873,,,0,uncalibrated_return_rank_score,2
selected_direction,class,engineered_direction,56,0.5535714285714286,0.5434227330779055,0.5082543027748507,0.5454545454545454,0.8275862068965517,0.6575342465753424,0.5833333333333334,0.25925925925925924,0.358974358974359,24,7,20,5,29,27,44,12,0.4,0.4971695995372898,0.552310212086498,0.4955300127713921,0.26716776778065215,0.7312316707046078,0,probability_up,2
selected_return,reg,basic,56,0.5714285714285714,0.5644955300127714,0.5508021390374331,0.5641025641025641,0.7586206896551724,0.6470588235294118,0.5882352941176471,0.37037037037037035,0.45454545454545453,22,10,17,7,29,27,39,17,0.5,0.5507665694539309,0.5749450074217103,0.5376756066411239,,,0,uncalibrated_return_rank_score,2
baseline_monthly_return,reg,previous,56,0.5535714285714286,0.5472541507024266,0.5356550580431177,0.5526315789473685,0.7241379310344828,0.6268656716417911,0.5555555555555556,0.37037037037037035,0.4444444444444444,21,10,17,8,29,27,38,18,0.5,0.6607244665920756,0.6333460087872027,0.6104725415070242,,,0,uncalibrated_return_rank_score,2
baseline_paper_return,reg,previous,56,0.44642857142857145,0.4450830140485313,0.4448353054045411,0.4666666666666667,0.4827586206896552,0.4745762711864407,0.4230769230769231,0.4074074074074074,0.41509433962264153,14,11,16,15,29,27,30,26,0.5,0.5064144155417977,0.5021467070751537,0.4597701149425288,,,0,uncalibrated_return_rank_score,2
baseline_mean_return,reg,previous,56,0.5178571428571429,0.5,0.3411764705882353,0.5178571428571429,1.0,0.6823529411764706,0.0,0.0,0.0,29,0,27,0,29,27,56,0,0.5,0.4542295137184092,0.4298666604383859,0.3933588761174968,,,0,uncalibrated_return_rank_score,2
baseline_zero_return,reg,previous,56,0.5178571428571429,0.5,0.3411764705882353,0.5178571428571429,1.0,0.6823529411764706,0.0,0.0,0.0,29,0,27,0,29,27,56,0,0.5,0.5178571428571429,0.48214285714285715,0.5,,,0,uncalibrated_return_rank_score,2
baseline_majority,baseline,previous,56,0.48214285714285715,0.5,0.3253012048192771,0.0,0.0,0.0,0.48214285714285715,1.0,0.6506024096385542,0,27,0,29,29,27,0,56,0.5,0.45118435841548876,0.42582625639798194,0.38569604086845466,0.25152430413297033,0.6961980089334089,0,probability_up,2
always_up,baseline,previous,56,0.5178571428571429,0.5,0.3411764705882353,0.5178571428571429,1.0,0.6823529411764706,0.0,0.0,0.0,29,0,27,0,29,27,56,0,0.5,0.5178571428571429,0.48214285714285715,0.5,0.48214285714285715,17.37819002689577,0,probability_up,2
always_down,baseline,previous,56,0.48214285714285715,0.5,0.3253012048192771,0.0,0.0,0.0,0.48214285714285715,1.0,0.6506024096385542,0,27,0,29,29,27,0,56,0.5,0.5178571428571429,0.48214285714285715,0.5,0.5178571428571429,18.66546336222138,0,probability_up,2
class__basic__linear,class,basic,56,0.5535714285714286,0.5613026819923372,0.5356550580431177,0.625,0.3448275862068966,0.4444444444444444,0.525,0.7777777777777778,0.6268656716417911,10,21,6,19,29,27,16,40,0.5750000000000002,0.6541154534336593,0.6000036957866957,0.6283524904214559,0.28025778324308137,0.9025335075889849,0,probability_up,3
class__basic__xgb,class,basic,56,0.5357142857142857,0.5236270753512132,0.46783625730994155,0.5319148936170213,0.8620689655172413,0.6578947368421053,0.5555555555555556,0.18518518518518517,0.2777777777777778,25,5,22,4,29,27,47,9,0.4,0.507665239763905,0.5064436432544366,0.4814814814814815,0.2621177344123124,0.7187084943718853,0,probability_up,3
class__basic__forest,class,basic,56,0.5,0.4955300127713921,0.48958333333333337,0.5142857142857142,0.6206896551724138,0.5625,0.47619047619047616,0.37037037037037035,0.4166666666666667,18,10,17,11,29,27,35,21,0.45000000000000007,0.47662676624604866,0.4844279311103818,0.4482758620689655,0.2825242890810614,0.7646277242105016,0,probability_up,3
class__basic__equal_ensemble,class,basic,56,0.5892857142857143,0.590676883780332,0.5891547049441785,0.6153846153846154,0.5517241379310345,0.5818181818181818,0.5666666666666667,0.6296296296296297,0.5964912280701754,16,17,10,13,29,27,26,30,0.4750000000000001,0.5551127781001162,0.5433286106776657,0.5555555555555556,0.2599330818564412,0.7168420366465064,0,probability_up,3
class__direction_core__linear,class,direction_core,56,0.5714285714285714,0.5810983397190294,0.5428571428571428,0.6923076923076923,0.3103448275862069,0.42857142857142855,0.5348837209302325,0.8518518518518519,0.6571428571428571,9,23,4,20,29,27,13,43,0.6500000000000002,0.6495014774305733,0.6067573653598641,0.6385696040868455,0.2809739391260561,0.9032428316387426,0,probability_up,3
class__direction_core__xgb,class,direction_core,56,0.5,0.4878671775223499,0.4269005847953216,0.5106382978723404,0.8275862068965517,0.631578947368421,0.4444444444444444,0.14814814814814814,0.2222222222222222,24,4,23,5,29,27,47,9,0.4,0.5242492904901204,0.5103916993891995,0.49936143039591324,0.2614819291046582,0.7176185689388374,0,probability_up,3
class__direction_core__forest,class,direction_core,56,0.5357142857142857,0.524904214559387,0.4822190611664296,0.5333333333333333,0.8275862068965517,0.6486486486486487,0.5454545454545454,0.2222222222222222,0.3157894736842105,24,6,21,5,29,27,45,11,0.4,0.5207932001189556,0.49842544411379996,0.47765006385696046,0.2682441718493414,0.732197994128194,0,probability_up,3
class__direction_core__equal_ensemble,class,direction_core,56,0.5892857142857143,0.5919540229885057,0.5881036136872402,0.625,0.5172413793103449,0.5660377358490566,0.5625,0.6666666666666666,0.6101694915254238,15,18,9,14,29,27,24,32,0.4750000000000001,0.5791139660437563,0.5640710750777875,0.5810983397190294,0.2548431514201828,0.7060354056430224,0,probability_up,3
class__engineered_direction__linear,class,engineered_direction,56,0.5357142857142857,0.545338441890166,0.5047619047619047,0.6153846153846154,0.27586206896551724,0.38095238095238093,0.5116279069767442,0.8148148148148148,0.6285714285714286,8,22,5,21,29,27,13,43,0.6500000000000002,0.6207450182072409,0.6288644757928992,0.6385696040868455,0.2879515471234491,0.8884839870670049,0,probability_up,3
class__engineered_direction__xgb,class,engineered_direction,56,0.5535714285714286,0.5434227330779055,0.5082543027748507,0.5454545454545454,0.8275862068965517,0.6575342465753424,0.5833333333333334,0.25925925925925924,0.358974358974359,24,7,20,5,29,27,44,12,0.4,0.5073884371344529,0.5467885219300312,0.5044699872286079,0.265492490874245,0.7277624432607774,0,probability_up,3
class__engineered_direction__forest,class,engineered_direction,56,0.5535714285714286,0.5485312899106003,0.5417348608837971,0.5555555555555556,0.6896551724137931,0.6153846153846154,0.55,0.4074074074074074,0.46808510638297873,20,11,16,9,29,27,36,20,0.45000000000000007,0.5011746310328654,0.525684699600518,0.4993614303959132,0.2692993852669502,0.7387796969765412,0,probability_up,3
class__engineered_direction__equal_ensemble,class,engineered_direction,56,0.5714285714285714,0.5772669220945083,0.5625,0.631578947368421,0.41379310344827586,0.5,0.5405405405405406,0.7407407407407407,0.625,12,20,7,17,29,27,19,37,0.5250000000000001,0.5497124548183148,0.6040935912576264,0.5849297573435505,0.25701202023808384,0.7127904677593592,0,probability_up,3
reg__basic__linear,reg,basic,56,0.5178571428571429,0.5217113665389528,0.5139826422372227,0.5454545454545454,0.41379310344827586,0.47058823529411764,0.5,0.6296296296296297,0.5573770491803278,12,17,10,17,29,27,22,34,0.5,0.6064614143398416,0.5914892154906735,0.5874840357598978,,,0,uncalibrated_return_rank_score,3
reg__basic__xgb,reg,basic,56,0.5714285714285714,0.5644955300127714,0.5508021390374331,0.5641025641025641,0.7586206896551724,0.6470588235294118,0.5882352941176471,0.37037037037037035,0.45454545454545453,22,10,17,7,29,27,39,17,0.5,0.5522911289671611,0.5616334081841852,0.5376756066411239,,,0,uncalibrated_return_rank_score,3
reg__basic__forest,reg,basic,56,0.5357142857142857,0.5325670498084292,0.5303225806451612,0.5454545454545454,0.6206896551724138,0.5806451612903226,0.5217391304347826,0.4444444444444444,0.48,18,12,15,11,29,27,33,23,0.5,0.5470256055150471,0.513118578682704,0.4840357598978289,,,0,uncalibrated_return_rank_score,3
reg__basic__equal_ensemble,reg,basic,56,0.5,0.5006385696040868,0.5,0.5185185185185185,0.4827586206896552,0.5,0.4827586206896552,0.5185185185185185,0.5,14,14,13,15,29,27,27,29,0.5,0.591008313200717,0.5776082630136842,0.5670498084291188,,,0,uncalibrated_return_rank_score,3
reg__direction_core__linear,reg,direction_core,56,0.5357142857142857,0.5389527458492975,0.5333333333333333,0.5652173913043478,0.4482758620689655,0.5,0.5151515151515151,0.6296296296296297,0.5666666666666667,13,17,10,16,29,27,23,33,0.5,0.6037709720653677,0.5998389721253299,0.5925925925925926,,,0,uncalibrated_return_rank_score,3
reg__direction_core__xgb,reg,direction_core,56,0.5357142857142857,0.5312899106002554,0.5260416666666666,0.5428571428571428,0.6551724137931034,0.59375,0.5238095238095238,0.4074074074074074,0.4583333333333333,19,11,16,10,29,27,35,21,0.5,0.556621186640234,0.5551392720157118,0.545338441890166,,,0,uncalibrated_return_rank_score,3
reg__direction_core__forest,reg,direction_core,56,0.5,0.4968071519795657,0.4941935483870967,0.5151515151515151,0.5862068965517241,0.5483870967741935,0.4782608695652174,0.4074074074074074,0.44,17,11,16,12,29,27,33,23,0.5,0.5591875706065996,0.5450188016936658,0.5006385696040869,,,0,uncalibrated_return_rank_score,3
reg__direction_core__equal_ensemble,reg,direction_core,56,0.48214285714285715,0.4821200510855683,0.4819776714513556,0.5,0.4827586206896552,0.49122807017543857,0.4642857142857143,0.48148148148148145,0.4727272727272727,14,13,14,15,29,27,28,28,0.5,0.5909332530967311,0.5746951030438779,0.5644955300127714,,,0,uncalibrated_return_rank_score,3
reg__engineered_direction__linear,reg,engineered_direction,56,0.5714285714285714,0.5747126436781609,0.5692307692307692,0.6086956521739131,0.4827586206896552,0.5384615384615384,0.5454545454545454,0.6666666666666666,0.6,14,18,9,15,29,27,23,33,0.5,0.5853576222618577,0.6492818621113751,0.6028097062579821,,,0,uncalibrated_return_rank_score,3
reg__engineered_direction__xgb,reg,engineered_direction,56,0.5357142857142857,0.5312899106002554,0.5260416666666666,0.5428571428571428,0.6551724137931034,0.59375,0.5238095238095238,0.4074074074074074,0.4583333333333333,19,11,16,10,29,27,35,21,0.5,0.5482747196101538,0.5700029678024834,0.5261813537675607,,,0,uncalibrated_return_rank_score,3
reg__engineered_direction__forest,reg,engineered_direction,56,0.48214285714285715,0.47573435504469985,0.46135986733001655,0.5,0.6551724137931034,0.5671641791044776,0.4444444444444444,0.2962962962962963,0.35555555555555557,19,8,19,10,29,27,38,18,0.5,0.518689234012785,0.525906524234778,0.47381864623243936,,,0,uncalibrated_return_rank_score,3
reg__engineered_direction__equal_ensemble,reg,engineered_direction,56,0.5535714285714286,0.5510855683269477,0.5499839279974285,0.5625,0.6206896551724138,0.5901639344262295,0.5416666666666666,0.48148148148148145,0.5098039215686274,18,13,14,11,29,27,32,24,0.5,0.580282679574684,0.6210150309535525,0.574712643678161,,,0,uncalibrated_return_rank_score,3
selected_direction,class,engineered_direction,56,0.5535714285714286,0.5434227330779055,0.5082543027748507,0.5454545454545454,0.8275862068965517,0.6575342465753424,0.5833333333333334,0.25925925925925924,0.358974358974359,24,7,20,5,29,27,44,12,0.4,0.5073884371344529,0.5467885219300312,0.5044699872286079,0.265492490874245,0.7277624432607774,0,probability_up,3
selected_return,reg,basic,56,0.5714285714285714,0.5644955300127714,0.5508021390374331,0.5641025641025641,0.7586206896551724,0.6470588235294118,0.5882352941176471,0.37037037037037035,0.45454545454545453,22,10,17,7,29,27,39,17,0.5,0.5522911289671611,0.5616334081841852,0.5376756066411239,,,0,uncalibrated_return_rank_score,3
baseline_monthly_return,reg,previous,56,0.5357142857142857,0.5300127713920817,0.5204216073781291,0.5405405405405406,0.6896551724137931,0.6060606060606061,0.5263157894736842,0.37037037037037035,0.43478260869565216,20,10,17,9,29,27,37,19,0.5,0.6359334429009798,0.6226767374942063,0.5836526181353767,,,0,uncalibrated_return_rank_score,3
baseline_paper_return,reg,previous,56,0.42857142857142855,0.42656449553001274,0.4256410256410257,0.45161290322580644,0.4827586206896552,0.4666666666666667,0.4,0.37037037037037035,0.38461538461538464,14,10,17,15,29,27,31,25,0.5,0.5024840257675762,0.5149826844108705,0.4521072796934867,,,0,uncalibrated_return_rank_score,3
baseline_mean_return,reg,previous,56,0.5178571428571429,0.5,0.3411764705882353,0.5178571428571429,1.0,0.6823529411764706,0.0,0.0,0.0,29,0,27,0,29,27,56,0,0.5,0.4542295137184092,0.4298666604383859,0.3933588761174968,,,0,uncalibrated_return_rank_score,3
baseline_zero_return,reg,previous,56,0.5178571428571429,0.5,0.3411764705882353,0.5178571428571429,1.0,0.6823529411764706,0.0,0.0,0.0,29,0,27,0,29,27,56,0,0.5,0.5178571428571429,0.48214285714285715,0.5,,,0,uncalibrated_return_rank_score,3
baseline_majority,baseline,previous,56,0.48214285714285715,0.5,0.3253012048192771,0.0,0.0,0.0,0.48214285714285715,1.0,0.6506024096385542,0,27,0,29,29,27,0,56,0.5,0.45118435841548876,0.42582625639798194,0.38569604086845466,0.25152430413297033,0.6961980089334089,0,probability_up,3
always_up,baseline,previous,56,0.5178571428571429,0.5,0.3411764705882353,0.5178571428571429,1.0,0.6823529411764706,0.0,0.0,0.0,29,0,27,0,29,27,56,0,0.5,0.5178571428571429,0.48214285714285715,0.5,0.48214285714285715,17.37819002689577,0,probability_up,3
always_down,baseline,previous,56,0.48214285714285715,0.5,0.3253012048192771,0.0,0.0,0.0,0.48214285714285715,1.0,0.6506024096385542,0,27,0,29,29,27,0,56,0.5,0.5178571428571429,0.48214285714285715,0.5,0.5178571428571429,18.66546336222138,0,probability_up,3
class__basic__linear,class,basic,56,0.5535714285714286,0.5613026819923372,0.5356550580431177,0.625,0.3448275862068966,0.4444444444444444,0.525,0.7777777777777778,0.6268656716417911,10,21,6,19,29,27,16,40,0.5750000000000002,0.652111098468285,0.5988203972177762,0.6257982120051087,0.2822282415359622,0.9065106655397602,0,probability_up,4
class__basic__xgb,class,basic,56,0.5357142857142857,0.5236270753512132,0.46783625730994155,0.5319148936170213,0.8620689655172413,0.6578947368421053,0.5555555555555556,0.18518518518518517,0.2777777777777778,25,5,22,4,29,27,47,9,0.4,0.507665239763905,0.5064436432544366,0.4814814814814815,0.2621177344123124,0.7187084943718853,0,probability_up,4
class__basic__forest,class,basic,56,0.5,0.4955300127713921,0.48958333333333337,0.5142857142857142,0.6206896551724138,0.5625,0.47619047619047616,0.37037037037037035,0.4166666666666667,18,10,17,11,29,27,35,21,0.45000000000000007,0.47662676624604866,0.4844279311103818,0.4482758620689655,0.28249825155782887,0.7645690688392186,0,probability_up,4
class__basic__equal_ensemble,class,basic,56,0.5892857142857143,0.590676883780332,0.5891547049441785,0.6153846153846154,0.5517241379310345,0.5818181818181818,0.5666666666666667,0.6296296296296297,0.5964912280701754,16,17,10,13,29,27,26,30,0.4750000000000001,0.5539944183610668,0.5412282419106302,0.5530012771392082,0.26065559547587663,0.7183424053955092,0,probability_up,4
class__direction_core__linear,class,direction_core,56,0.5714285714285714,0.5810983397190294,0.5428571428571428,0.6923076923076923,0.3103448275862069,0.42857142857142855,0.5348837209302325,0.8518518518518519,0.6571428571428571,9,23,4,20,29,27,13,43,0.6500000000000002,0.6484565453511584,0.6061694758830858,0.6372924648786717,0.2827820747023059,0.9069403902178116,0,probability_up,4
class__direction_core__xgb,class,direction_core,56,0.5,0.4878671775223499,0.4269005847953216,0.5106382978723404,0.8275862068965517,0.631578947368421,0.4444444444444444,0.14814814814814814,0.2222222222222222,24,4,23,5,29,27,47,9,0.4,0.5242492904901204,0.5103916993891995,0.49936143039591324,0.2614819291046582,0.7176185689388374,0,probability_up,4
class__direction_core__forest,class,direction_core,56,0.5357142857142857,0.524904214559387,0.4822190611664296,0.5333333333333333,0.8275862068965517,0.6486486486486487,0.5454545454545454,0.2222222222222222,0.3157894736842105,24,6,21,5,29,27,45,11,0.4,0.5207932001189556,0.49842544411379996,0.47765006385696046,0.2684023726175846,0.7325371366376913,0,probability_up,4
class__direction_core__equal_ensemble,class,direction_core,56,0.5892857142857143,0.5919540229885057,0.5881036136872402,0.625,0.5172413793103449,0.5660377358490566,0.5625,0.6666666666666666,0.6101694915254238,15,18,9,14,29,27,24,32,0.4750000000000001,0.5770033252876858,0.5614681567341285,0.5772669220945084,0.2555160928362817,0.7074247814404738,0,probability_up,4
class__engineered_direction__linear,class,engineered_direction,56,0.5357142857142857,0.545338441890166,0.5047619047619047,0.6153846153846154,0.27586206896551724,0.38095238095238093,0.5116279069767442,0.8148148148148148,0.6285714285714286,8,22,5,21,29,27,13,43,0.6500000000000002,0.6172556914420522,0.6260130799284331,0.6334610472541508,0.29024358470196926,0.8933154871281006,0,probability_up,4
class__engineered_direction__xgb,class,engineered_direction,56,0.5535714285714286,0.5434227330779055,0.5082543027748507,0.5454545454545454,0.8275862068965517,0.6575342465753424,0.5833333333333334,0.25925925925925924,0.358974358974359,24,7,20,5,29,27,44,12,0.4,0.5073884371344529,0.5467885219300312,0.5044699872286079,0.2653494479581039,0.7274761231041952,0,probability_up,4
class__engineered_direction__forest,class,engineered_direction,56,0.5535714285714286,0.5485312899106003,0.5417348608837971,0.5555555555555556,0.6896551724137931,0.6153846153846154,0.55,0.4074074074074074,0.46808510638297873,20,11,16,9,29,27,36,20,0.45000000000000007,0.5015910894703134,0.5276487848979368,0.5006385696040868,0.2692458183377285,0.7386672492513969,0,probability_up,4
class__engineered_direction__equal_ensemble,class,engineered_direction,56,0.5714285714285714,0.5772669220945083,0.5625,0.631578947368421,0.41379310344827586,0.5,0.5405405405405406,0.7407407407407407,0.625,12,20,7,17,29,27,19,37,0.5250000000000001,0.5476885318319522,0.6017889234856924,0.5810983397190294,0.2576677308511341,0.7141339224089717,0,probability_up,4
reg__basic__linear,reg,basic,56,0.5178571428571429,0.5217113665389528,0.5139826422372227,0.5454545454545454,0.41379310344827586,0.47058823529411764,0.5,0.6296296296296297,0.5573770491803278,12,17,10,17,29,27,22,34,0.5,0.604079381671965,0.5905107016751892,0.5849297573435505,,,0,uncalibrated_return_rank_score,4
reg__basic__xgb,reg,basic,56,0.5714285714285714,0.5644955300127714,0.5508021390374331,0.5641025641025641,0.7586206896551724,0.6470588235294118,0.5882352941176471,0.37037037037037035,0.45454545454545453,22,10,17,7,29,27,39,17,0.5,0.551927057609175,0.556695136579247,0.5363984674329502,,,0,uncalibrated_return_rank_score,4
reg__basic__forest,reg,basic,56,0.5357142857142857,0.5325670498084292,0.5303225806451612,0.5454545454545454,0.6206896551724138,0.5806451612903226,0.5217391304347826,0.4444444444444444,0.48,18,12,15,11,29,27,33,23,0.5,0.5470256055150471,0.513118578682704,0.4840357598978289,,,0,uncalibrated_return_rank_score,4
reg__basic__equal_ensemble,reg,basic,56,0.5,0.5006385696040868,0.5,0.5185185185185185,0.4827586206896552,0.5,0.4827586206896552,0.5185185185185185,0.5,14,14,13,15,29,27,27,29,0.5,0.5891070082141125,0.5766072620126832,0.5644955300127714,,,0,uncalibrated_return_rank_score,4
reg__direction_core__linear,reg,direction_core,56,0.5357142857142857,0.5389527458492975,0.5333333333333333,0.5652173913043478,0.4482758620689655,0.5,0.5151515151515151,0.6296296296296297,0.5666666666666667,13,17,10,16,29,27,23,33,0.5,0.6023341904561723,0.599365792790362,0.5913154533844189,,,0,uncalibrated_return_rank_score,4
reg__direction_core__xgb,reg,direction_core,56,0.5357142857142857,0.5312899106002554,0.5260416666666666,0.5428571428571428,0.6551724137931034,0.59375,0.5238095238095238,0.4074074074074074,0.4583333333333333,19,11,16,10,29,27,35,21,0.5,0.556621186640234,0.5551392720157118,0.545338441890166,,,0,uncalibrated_return_rank_score,4
reg__direction_core__forest,reg,direction_core,56,0.5,0.4968071519795657,0.4941935483870967,0.5151515151515151,0.5862068965517241,0.5483870967741935,0.4782608695652174,0.4074074074074074,0.44,17,11,16,12,29,27,33,23,0.5,0.5591875706065996,0.5450188016936658,0.5006385696040869,,,0,uncalibrated_return_rank_score,4
reg__direction_core__equal_ensemble,reg,direction_core,56,0.48214285714285715,0.4821200510855683,0.4819776714513556,0.5,0.4827586206896552,0.49122807017543857,0.4642857142857143,0.48148148148148145,0.4727272727272727,14,13,14,15,29,27,28,28,0.5,0.5887980977641807,0.5737454354275436,0.561941251596424,,,0,uncalibrated_return_rank_score,4
reg__engineered_direction__linear,reg,engineered_direction,56,0.5714285714285714,0.5747126436781609,0.5692307692307692,0.6086956521739131,0.4827586206896552,0.5384615384615384,0.5454545454545454,0.6666666666666666,0.6,14,18,9,15,29,27,23,33,0.5,0.5831632648950866,0.6481100553840128,0.6002554278416348,,,0,uncalibrated_return_rank_score,4
reg__engineered_direction__xgb,reg,engineered_direction,56,0.5357142857142857,0.5312899106002554,0.5260416666666666,0.5428571428571428,0.6551724137931034,0.59375,0.5238095238095238,0.4074074074074074,0.4583333333333333,19,11,16,10,29,27,35,21,0.5,0.5482747196101538,0.5700029678024834,0.5261813537675607,,,0,uncalibrated_return_rank_score,4
reg__engineered_direction__forest,reg,engineered_direction,56,0.48214285714285715,0.47573435504469985,0.46135986733001655,0.5,0.6551724137931034,0.5671641791044776,0.4444444444444444,0.2962962962962963,0.35555555555555557,19,8,19,10,29,27,38,18,0.5,0.518689234012785,0.525906524234778,0.47381864623243936,,,0,uncalibrated_return_rank_score,4
reg__engineered_direction__equal_ensemble,reg,engineered_direction,56,0.5535714285714286,0.5510855683269477,0.5499839279974285,0.5625,0.6206896551724138,0.5901639344262295,0.5416666666666666,0.48148148148148145,0.5098039215686274,18,13,14,11,29,27,32,24,0.5,0.5793967588986585,0.6204548068639166,0.5734355044699873,,,0,uncalibrated_return_rank_score,4
selected_direction,class,engineered_direction,56,0.5535714285714286,0.5434227330779055,0.5082543027748507,0.5454545454545454,0.8275862068965517,0.6575342465753424,0.5833333333333334,0.25925925925925924,0.358974358974359,24,7,20,5,29,27,44,12,0.4,0.5073884371344529,0.5467885219300312,0.5044699872286079,0.2653494479581039,0.7274761231041952,0,probability_up,4
selected_return,reg,basic,56,0.5714285714285714,0.5644955300127714,0.5508021390374331,0.5641025641025641,0.7586206896551724,0.6470588235294118,0.5882352941176471,0.37037037037037035,0.45454545454545453,22,10,17,7,29,27,39,17,0.5,0.551927057609175,0.556695136579247,0.5363984674329502,,,0,uncalibrated_return_rank_score,4
baseline_monthly_return,reg,previous,56,0.5357142857142857,0.5300127713920817,0.5204216073781291,0.5405405405405406,0.6896551724137931,0.6060606060606061,0.5263157894736842,0.37037037037037035,0.43478260869565216,20,10,17,9,29,27,37,19,0.5,0.6390005248919619,0.6253080805431429,0.5887611749680715,,,0,uncalibrated_return_rank_score,4
baseline_paper_return,reg,previous,56,0.42857142857142855,0.42656449553001274,0.4256410256410257,0.45161290322580644,0.4827586206896552,0.4666666666666667,0.4,0.37037037037037035,0.38461538461538464,14,10,17,15,29,27,31,25,0.5,0.5024840257675762,0.5149826844108705,0.4521072796934867,,,0,uncalibrated_return_rank_score,4
baseline_mean_return,reg,previous,56,0.5178571428571429,0.5,0.3411764705882353,0.5178571428571429,1.0,0.6823529411764706,0.0,0.0,0.0,29,0,27,0,29,27,56,0,0.5,0.4542295137184092,0.4298666604383859,0.3933588761174968,,,0,uncalibrated_return_rank_score,4
baseline_zero_return,reg,previous,56,0.5178571428571429,0.5,0.3411764705882353,0.5178571428571429,1.0,0.6823529411764706,0.0,0.0,0.0,29,0,27,0,29,27,56,0,0.5,0.5178571428571429,0.48214285714285715,0.5,,,0,uncalibrated_return_rank_score,4
baseline_majority,baseline,previous,56,0.48214285714285715,0.5,0.3253012048192771,0.0,0.0,0.0,0.48214285714285715,1.0,0.6506024096385542,0,27,0,29,29,27,0,56,0.5,0.45118435841548876,0.42582625639798194,0.38569604086845466,0.25152430413297033,0.6961980089334089,0,probability_up,4
always_up,baseline,previous,56,0.5178571428571429,0.5,0.3411764705882353,0.5178571428571429,1.0,0.6823529411764706,0.0,0.0,0.0,29,0,27,0,29,27,56,0,0.5,0.5178571428571429,0.48214285714285715,0.5,0.48214285714285715,17.37819002689577,0,probability_up,4
always_down,baseline,previous,56,0.48214285714285715,0.5,0.3253012048192771,0.0,0.0,0.0,0.48214285714285715,1.0,0.6506024096385542,0,27,0,29,29,27,0,56,0.5,0.5178571428571429,0.48214285714285715,0.5,0.5178571428571429,18.66546336222138,0,probability_up,4
class__basic__linear,class,basic,56,0.5714285714285714,0.5871794871794872,0.5573122529644269,0.6875,0.36666666666666664,0.4782608695652174,0.525,0.8076923076923077,0.6363636363636364,11,21,5,19,30,26,16,40,0.5750000000000002,0.6778361768589476,0.581362210205981,0.6435897435897436,0.28158357444721976,0.9115011016925136,0,probability_up,5
class__basic__xgb,class,basic,56,0.5178571428571429,0.49615384615384617,0.45513513513513515,0.5333333333333333,0.8,0.64,0.45454545454545453,0.19230769230769232,0.2702702702702703,24,5,21,6,30,26,45,11,0.4,0.5260197060646005,0.474277493096135,0.4756410256410256,0.2653064411902314,0.7255462112269707,0,probability_up,5
class__basic__forest,class,basic,56,0.5,0.4897435897435897,0.4835309617918314,0.5277777777777778,0.6333333333333333,0.5757575757575758,0.45,0.34615384615384615,0.391304347826087,19,9,17,11,30,26,36,20,0.45000000000000007,0.5085193626822175,0.47720590023298065,0.46794871794871795,0.28051933543513385,0.7604870717691216,0,probability_up,5
class__basic__equal_ensemble,class,basic,56,0.5892857142857143,0.5961538461538461,0.5881036136872402,0.6521739130434783,0.5,0.5660377358490566,0.5454545454545454,0.6923076923076923,0.6101694915254238,15,18,8,15,30,26,23,33,0.4750000000000001,0.5917796538042783,0.5375182062579329,0.5743589743589744,0.2602795607193245,0.7184432397897014,0,probability_up,5
class__direction_core__linear,class,direction_core,56,0.5357142857142857,0.5564102564102564,0.5047619047619047,0.6666666666666666,0.26666666666666666,0.38095238095238093,0.5,0.8461538461538461,0.6285714285714286,8,22,4,22,30,26,12,44,0.6500000000000002,0.6841823751756435,0.5778167260544428,0.6487179487179489,0.2853255198688169,0.9207348968379131,0,probability_up,5
class__direction_core__xgb,class,direction_core,56,0.4642857142857143,0.44102564102564107,0.38596491228070173,0.5,0.7666666666666667,0.6052631578947368,0.3,0.11538461538461539,0.16666666666666666,23,3,23,7,30,26,46,10,0.4,0.5382216347795832,0.47453367150405,0.48461538461538467,0.26473897517659833,0.7244856798298834,0,probability_up,5
class__direction_core__forest,class,direction_core,56,0.5178571428571429,0.49615384615384617,0.45513513513513515,0.5333333333333333,0.8,0.64,0.45454545454545453,0.19230769230769232,0.2702702702702703,24,5,21,6,30,26,45,11,0.4,0.5357978686363662,0.4539894779150704,0.4602564102564103,0.26938225660873477,0.734564924465222,0,probability_up,5
class__direction_core__equal_ensemble,class,direction_core,56,0.6071428571428571,0.6153846153846154,0.6051282051282051,0.6818181818181818,0.5,0.5769230769230769,0.5588235294117647,0.7307692307692307,0.6333333333333333,15,19,7,15,30,26,22,34,0.4750000000000001,0.6044312190199164,0.5467907723406016,0.5884615384615385,0.2573547246509257,0.7123959883008811,0,probability_up,5
class__engineered_direction__linear,class,engineered_direction,56,0.5178571428571429,0.5371794871794872,0.4903943377148635,0.6153846153846154,0.26666666666666666,0.37209302325581395,0.4883720930232558,0.8076923076923077,0.6086956521739131,8,21,5,22,30,26,13,43,0.6500000000000002,0.6402336059440612,0.5974488265990862,0.6333333333333333,0.2968747656124831,0.9058129720273469,0,probability_up,5
class__engineered_direction__xgb,class,engineered_direction,56,0.5178571428571429,0.49615384615384617,0.45513513513513515,0.5333333333333333,0.8,0.64,0.45454545454545453,0.19230769230769232,0.2702702702702703,24,5,21,6,30,26,45,11,0.4,0.5353532197267836,0.5070486100825995,0.5025641025641026,0.266264591907401,0.7292682271743259,0,probability_up,5
class__engineered_direction__forest,class,engineered_direction,56,0.5535714285714286,0.5448717948717948,0.5417348608837971,0.5714285714285714,0.6666666666666666,0.6153846153846154,0.5238095238095238,0.4230769230769231,0.46808510638297873,20,11,15,10,30,26,35,21,0.45000000000000007,0.5214128847703325,0.502669757985321,0.49102564102564106,0.26991133305874765,0.7395694301705936,0,probability_up,5
class__engineered_direction__equal_ensemble,class,engineered_direction,56,0.5178571428571429,0.532051282051282,0.5050736497545009,0.5882352941176471,0.3333333333333333,0.425531914893617,0.48717948717948717,0.7307692307692307,0.5846153846153846,10,19,7,20,30,26,17,39,0.5250000000000001,0.5849153890674645,0.5699065850401945,0.5871794871794872,0.260585406902261,0.7199877076683542,0,probability_up,5
reg__basic__linear,reg,basic,56,0.5357142857142857,0.5435897435897437,0.5333333333333333,0.5909090909090909,0.43333333333333335,0.5,0.5,0.6538461538461539,0.5666666666666667,13,17,9,17,30,26,22,34,0.5,0.628545924324076,0.5864950316411623,0.6038461538461538,,,0,uncalibrated_return_rank_score,5
reg__basic__xgb,reg,basic,56,0.5535714285714286,0.5397435897435897,0.5281429052915403,0.5641025641025641,0.7333333333333333,0.6376811594202898,0.5294117647058824,0.34615384615384615,0.4186046511627907,22,9,17,8,30,26,39,17,0.5,0.5589267230468065,0.5395237580349567,0.5230769230769231,,,0,uncalibrated_return_rank_score,5
reg__basic__forest,reg,basic,56,0.5535714285714286,0.55,0.5499839279974285,0.5806451612903226,0.6,0.5901639344262295,0.52,0.5,0.5098039215686274,18,13,13,12,30,26,31,25,0.5,0.5656502449564256,0.5338091106206608,0.5025641025641026,,,0,uncalibrated_return_rank_score,5
reg__basic__equal_ensemble,reg,basic,56,0.5357142857142857,0.5384615384615384,0.5357142857142857,0.5769230769230769,0.5,0.5357142857142857,0.5,0.5769230769230769,0.5357142857142857,15,15,11,15,30,26,26,30,0.5,0.6186829973990908,0.5814566222001949,0.5923076923076923,,,0,uncalibrated_return_rank_score,5
reg__direction_core__linear,reg,direction_core,56,0.5357142857142857,0.5435897435897437,0.5333333333333333,0.5909090909090909,0.43333333333333335,0.5,0.5,0.6538461538461539,0.5666666666666667,13,17,9,17,30,26,22,34,0.5,0.6411476463721181,0.5873999921330946,0.6064102564102564,,,0,uncalibrated_return_rank_score,5
reg__direction_core__xgb,reg,direction_core,56,0.5178571428571429,0.5064102564102564,0.49850746268656715,0.5405405405405406,0.6666666666666666,0.5970149253731343,0.47368421052631576,0.34615384615384615,0.4,20,9,17,10,30,26,37,19,0.5,0.567152063864741,0.5484802887171536,0.5358974358974359,,,0,uncalibrated_return_rank_score,5
reg__direction_core__forest,reg,direction_core,56,0.5,0.4948717948717949,0.4941935483870967,0.53125,0.5666666666666667,0.5483870967741935,0.4583333333333333,0.4230769230769231,0.44,17,11,15,13,30,26,32,24,0.5,0.5732156619149846,0.5488642686447347,0.5064102564102564,,,0,uncalibrated_return_rank_score,5
reg__direction_core__equal_ensemble,reg,direction_core,56,0.5357142857142857,0.5384615384615384,0.5357142857142857,0.5769230769230769,0.5,0.5357142857142857,0.5,0.5769230769230769,0.5357142857142857,15,15,11,15,30,26,26,30,0.5,0.6213930468815746,0.6021076045429409,0.582051282051282,,,0,uncalibrated_return_rank_score,5
reg__engineered_direction__linear,reg,engineered_direction,56,0.5892857142857143,0.5961538461538461,0.5881036136872402,0.6521739130434783,0.5,0.5660377358490566,0.5454545454545454,0.6923076923076923,0.6101694915254238,15,18,8,15,30,26,23,33,0.5,0.609887275325879,0.6362213409402804,0.6102564102564103,,,0,uncalibrated_return_rank_score,5
reg__engineered_direction__xgb,reg,engineered_direction,56,0.5,0.48717948717948717,0.47593582887700536,0.5263157894736842,0.6666666666666666,0.5882352941176471,0.4444444444444444,0.3076923076923077,0.36363636363636365,20,8,18,10,30,26,38,18,0.5,0.5437191471208018,0.5501032896402536,0.4935897435897436,,,0,uncalibrated_return_rank_score,5
reg__engineered_direction__forest,reg,engineered_direction,56,0.48214285714285715,0.4705128205128205,0.46135986733001655,0.5135135135135135,0.6333333333333333,0.5671641791044776,0.42105263157894735,0.3076923076923077,0.35555555555555557,19,8,18,11,30,26,37,19,0.5,0.5419185500997364,0.5246462411575126,0.4807692307692308,,,0,uncalibrated_return_rank_score,5
reg__engineered_direction__equal_ensemble,reg,engineered_direction,56,0.5178571428571429,0.5192307692307692,0.5177033492822967,0.5555555555555556,0.5,0.5263157894736842,0.4827586206896552,0.5384615384615384,0.509090909090909,15,14,12,15,30,26,27,29,0.5,0.5968226947875732,0.6008568992471185,0.5717948717948718,,,0,uncalibrated_return_rank_score,5
selected_direction,class,engineered_direction,56,0.5178571428571429,0.49615384615384617,0.45513513513513515,0.5333333333333333,0.8,0.64,0.45454545454545453,0.19230769230769232,0.2702702702702703,24,5,21,6,30,26,45,11,0.4,0.5353532197267836,0.5070486100825995,0.5025641025641026,0.266264591907401,0.7292682271743259,0,probability_up,5
selected_return,reg,basic,56,0.5535714285714286,0.5397435897435897,0.5281429052915403,0.5641025641025641,0.7333333333333333,0.6376811594202898,0.5294117647058824,0.34615384615384615,0.4186046511627907,22,9,17,8,30,26,39,17,0.5,0.5589267230468065,0.5395237580349567,0.5230769230769231,,,0,uncalibrated_return_rank_score,5
baseline_monthly_return,reg,previous,56,0.5714285714285714,0.558974358974359,0.5508021390374331,0.5789473684210527,0.7333333333333333,0.6470588235294118,0.5555555555555556,0.38461538461538464,0.45454545454545453,22,10,16,8,30,26,38,18,0.5,0.6526157479196133,0.6197684737770472,0.5948717948717949,,,0,uncalibrated_return_rank_score,5
baseline_paper_return,reg,previous,56,0.42857142857142855,0.42820512820512824,0.4278416347381865,0.4642857142857143,0.43333333333333335,0.4482758620689655,0.39285714285714285,0.4230769230769231,0.4074074074074074,13,11,15,17,30,26,28,28,0.5,0.4991170407306126,0.46379777112568277,0.42179487179487185,,,0,uncalibrated_return_rank_score,5
baseline_mean_return,reg,previous,56,0.5357142857142857,0.5,0.3488372093023256,0.5357142857142857,1.0,0.6976744186046512,0.0,0.0,0.0,30,0,26,0,30,26,56,0,0.5,0.4685282270871142,0.41632497147188546,0.3935897435897436,,,0,uncalibrated_return_rank_score,5
baseline_zero_return,reg,previous,56,0.5357142857142857,0.5,0.3488372093023256,0.5357142857142857,1.0,0.6976744186046512,0.0,0.0,0.0,30,0,26,0,30,26,56,0,0.5,0.5357142857142857,0.4642857142857143,0.5,,,0,uncalibrated_return_rank_score,5
baseline_majority,baseline,previous,56,0.4642857142857143,0.5,0.3170731707317073,0.0,0.0,0.0,0.4642857142857143,1.0,0.6341463414634146,0,26,0,30,30,26,0,56,0.5,0.4672532825194867,0.41376086890778285,0.38974358974358975,0.25209787403202205,0.6973455434730227,0,probability_up,5
always_up,baseline,previous,56,0.5357142857142857,0.5,0.3488372093023256,0.5357142857142857,1.0,0.6976744186046512,0.0,0.0,0.0,30,0,26,0,30,26,56,0,0.5,0.5357142857142857,0.4642857142857143,0.5,0.4642857142857143,16.734553359232965,0,probability_up,5
always_down,baseline,previous,56,0.4642857142857143,0.5,0.3170731707317073,0.0,0.0,0.0,0.4642857142857143,1.0,0.6341463414634146,0,26,0,30,30,26,0,56,0.5,0.5357142857142857,0.4642857142857143,0.5,0.5357142857142857,19.30910002988419,0,probability_up,5
class__basic__linear,class,basic,56,0.6607142857142857,0.6448717948717949,0.6344898660254208,0.7333333333333333,0.4230769230769231,0.5365853658536586,0.6341463414634146,0.8666666666666667,0.7323943661971831,11,26,4,15,26,30,15,41,0.5750000000000002,0.6482565263200326,0.6099705083960634,0.6230769230769231,0.2637456798695688,0.88868750478043,0,probability_up,6
class__basic__xgb,class,basic,56,0.5535714285714286,0.5756410256410256,0.5190656131913431,0.5111111111111111,0.8846153846153846,0.647887323943662,0.7272727272727273,0.26666666666666666,0.3902439024390244,23,8,22,3,26,30,45,11,0.4,0.5916966890035682,0.6091138248276915,0.5807692307692307,0.2490756806689395,0.6917153526449418,0,probability_up,6
class__basic__forest,class,basic,56,0.44642857142857145,0.45512820512820507,0.44198007071681134,0.42857142857142855,0.5769230769230769,0.4918032786885246,0.47619047619047616,0.3333333333333333,0.39215686274509803,15,10,20,11,26,30,35,21,0.45000000000000007,0.5455704539709679,0.5595044687168917,0.5346153846153846,0.25941690227089237,0.7142398446041535,0,probability_up,6
class__basic__equal_ensemble,class,basic,56,0.6071428571428571,0.6051282051282051,0.6051282051282051,0.5769230769230769,0.5769230769230769,0.5769230769230769,0.6333333333333333,0.6333333333333333,0.6333333333333333,15,19,11,11,26,30,26,30,0.4750000000000001,0.6094785938515002,0.5972733810964215,0.5923076923076923,0.24257848906002696,0.6808724620857822,0,probability_up,6
class__direction_core__linear,class,direction_core,56,0.6785714285714286,0.6564102564102564,0.631578947368421,0.9,0.34615384615384615,0.5,0.6304347826086957,0.9666666666666667,0.7631578947368421,9,29,1,17,26,30,10,46,0.6500000000000002,0.6597259004145187,0.626215935390046,0.6525641025641026,0.24836986483177187,0.85785828704483,0,probability_up,6
class__direction_core__xgb,class,direction_core,56,0.5178571428571429,0.5371794871794872,0.4903943377148635,0.4883720930232558,0.8076923076923077,0.6086956521739131,0.6153846153846154,0.26666666666666666,0.37209302325581395,21,8,22,5,26,30,43,13,0.4,0.5456899031700164,0.598586050496001,0.5653846153846154,0.25056180010657564,0.6950234018177301,0,probability_up,6
class__direction_core__forest,class,direction_core,56,0.4642857142857143,0.48717948717948717,0.4166666666666667,0.45652173913043476,0.8076923076923077,0.5833333333333334,0.5,0.16666666666666666,0.25,21,5,25,5,26,30,46,10,0.4,0.5491424941212338,0.5572405943111516,0.5448717948717949,0.25340557851540113,0.7013535818579703,0,probability_up,6
class__direction_core__equal_ensemble,class,direction_core,56,0.6428571428571429,0.6384615384615384,0.6387096774193548,0.625,0.5769230769230769,0.6,0.65625,0.7,0.6774193548387096,15,21,9,11,26,30,24,32,0.4750000000000001,0.6377328278645136,0.6041155516368224,0.6192307692307694,0.2352425304811807,0.6666639969349123,0,probability_up,6
class__engineered_direction__linear,class,engineered_direction,56,0.625,0.6064102564102565,0.5869336143308745,0.6923076923076923,0.34615384615384615,0.46153846153846156,0.6046511627906976,0.8666666666666667,0.7123287671232876,9,26,4,17,26,30,13,43,0.6500000000000002,0.6502371982349371,0.6360203878803734,0.65,0.26128162567398705,0.8329761524648985,0,probability_up,6
class__engineered_direction__xgb,class,engineered_direction,56,0.5714285714285714,0.5897435897435898,0.5508021390374331,0.5238095238095238,0.8461538461538461,0.6470588235294118,0.7142857142857143,0.3333333333333333,0.45454545454545453,22,10,20,4,26,30,42,14,0.4,0.6090183444416801,0.6602034845318915,0.6448717948717949,0.2346282110137224,0.6622644007944941,0,probability_up,6
class__engineered_direction__forest,class,engineered_direction,56,0.6071428571428571,0.6128205128205129,0.6066411238825031,0.5625,0.6923076923076923,0.6206896551724138,0.6666666666666666,0.5333333333333333,0.5925925925925926,18,16,14,8,26,30,32,24,0.45000000000000007,0.543017107173954,0.615500994637452,0.5833333333333334,0.25000098500008483,0.695546745243459,0,probability_up,6
class__engineered_direction__equal_ensemble,class,engineered_direction,56,0.6607142857142857,0.65,0.6470978441127695,0.6842105263157895,0.5,0.5777777777777777,0.6486486486486487,0.8,0.7164179104477612,13,24,6,13,26,30,19,37,0.5250000000000001,0.6330342101557687,0.6264259198415165,0.6423076923076922,0.23166939192853686,0.6594559821627067,0,probability_up,6
reg__basic__linear,reg,basic,56,0.5892857142857143,0.5807692307692307,0.5783960720130933,0.5714285714285714,0.46153846153846156,0.5106382978723404,0.6,0.7,0.6461538461538462,12,21,9,14,26,30,21,35,0.5,0.6066055018550588,0.6257354470337421,0.6141025641025641,,,0,uncalibrated_return_rank_score,6
reg__basic__xgb,reg,basic,56,0.5,0.5102564102564102,0.4941935483870967,0.4722222222222222,0.6538461538461539,0.5483870967741935,0.55,0.36666666666666664,0.44,17,11,19,9,26,30,36,20,0.5,0.4930168870652249,0.5524099095926869,0.5025641025641026,,,0,uncalibrated_return_rank_score,6
reg__basic__forest,reg,basic,56,0.5714285714285714,0.5769230769230769,0.5708812260536398,0.53125,0.6538461538461539,0.5862068965517241,0.625,0.5,0.5555555555555556,17,15,15,9,26,30,32,24,0.5,0.5274677875166343,0.5620745859343254,0.5282051282051283,,,0,uncalibrated_return_rank_score,6
reg__basic__equal_ensemble,reg,basic,56,0.5892857142857143,0.5884615384615384,0.5881036136872402,0.5555555555555556,0.5769230769230769,0.5660377358490566,0.6206896551724138,0.6,0.6101694915254238,15,18,12,11,26,30,27,29,0.5,0.5876063714351358,0.5825682714487226,0.5717948717948718,,,0,uncalibrated_return_rank_score,6
reg__direction_core__linear,reg,direction_core,56,0.6428571428571429,0.6307692307692307,0.625668449197861,0.6666666666666666,0.46153846153846156,0.5454545454545454,0.631578947368421,0.8,0.7058823529411765,12,24,6,14,26,30,18,38,0.5,0.6104652405350177,0.6222021740324399,0.6102564102564103,,,0,uncalibrated_return_rank_score,6
reg__direction_core__xgb,reg,direction_core,56,0.48214285714285715,0.48846153846153845,0.48065238247521586,0.45454545454545453,0.5769230769230769,0.5084745762711864,0.5217391304347826,0.4,0.4528301886792453,15,12,18,11,26,30,33,23,0.5,0.5198675664725476,0.5876478464526278,0.5256410256410257,,,0,uncalibrated_return_rank_score,6
reg__direction_core__forest,reg,direction_core,56,0.5535714285714286,0.5602564102564103,0.5522865366165655,0.5151515151515151,0.6538461538461539,0.576271186440678,0.6086956521739131,0.4666666666666667,0.5283018867924528,17,14,16,9,26,30,33,23,0.5,0.5371997394017272,0.571774219498286,0.5294871794871795,,,0,uncalibrated_return_rank_score,6
reg__direction_core__equal_ensemble,reg,direction_core,56,0.5714285714285714,0.5717948717948718,0.5708812260536398,0.5357142857142857,0.5769230769230769,0.5555555555555556,0.6071428571428571,0.5666666666666667,0.5862068965517241,15,17,13,11,26,30,28,28,0.5,0.6082344966922053,0.5995850256054216,0.5858974358974358,,,0,uncalibrated_return_rank_score,6
reg__engineered_direction__linear,reg,engineered_direction,56,0.5892857142857143,0.5833333333333333,0.5827664399092971,0.5652173913043478,0.5,0.5306122448979592,0.6060606060606061,0.6666666666666666,0.6349206349206349,13,20,10,13,26,30,23,33,0.5,0.5966722039273815,0.6642018128507094,0.608974358974359,,,0,uncalibrated_return_rank_score,6
reg__engineered_direction__xgb,reg,engineered_direction,56,0.5535714285714286,0.5628205128205128,0.5499839279974285,0.5142857142857142,0.6923076923076923,0.5901639344262295,0.6190476190476191,0.43333333333333335,0.5098039215686274,18,13,17,8,26,30,35,21,0.5,0.5344877295927665,0.6259172521054569,0.5410256410256411,,,0,uncalibrated_return_rank_score,6
reg__engineered_direction__forest,reg,engineered_direction,56,0.5178571428571429,0.5294871794871795,0.5102040816326531,0.4864864864864865,0.6923076923076923,0.5714285714285714,0.5789473684210527,0.36666666666666664,0.4489795918367347,18,11,19,8,26,30,37,19,0.5,0.5696705255069302,0.6026874460825702,0.5628205128205129,,,0,uncalibrated_return_rank_score,6
reg__engineered_direction__equal_ensemble,reg,engineered_direction,56,0.5535714285714286,0.5551282051282052,0.5534290271132376,0.5172413793103449,0.5769230769230769,0.5454545454545454,0.5925925925925926,0.5333333333333333,0.5614035087719298,15,16,14,11,26,30,29,27,0.5,0.5939451324061247,0.6305798437698188,0.5884615384615385,,,0,uncalibrated_return_rank_score,6
selected_direction,class,engineered_direction,56,0.5714285714285714,0.5897435897435898,0.5508021390374331,0.5238095238095238,0.8461538461538461,0.6470588235294118,0.7142857142857143,0.3333333333333333,0.45454545454545453,22,10,20,4,26,30,42,14,0.4,0.6090183444416801,0.6602034845318915,0.6448717948717949,0.2346282110137224,0.6622644007944941,0,probability_up,6
selected_return,reg,basic,56,0.5,0.5102564102564102,0.4941935483870967,0.4722222222222222,0.6538461538461539,0.5483870967741935,0.55,0.36666666666666664,0.44,17,11,19,9,26,30,36,20,0.5,0.4930168870652249,0.5524099095926869,0.5025641025641026,,,0,uncalibrated_return_rank_score,6
baseline_monthly_return,reg,previous,56,0.5357142857142857,0.5487179487179487,0.5260416666666666,0.5,0.7307692307692307,0.59375,0.6111111111111112,0.36666666666666664,0.4583333333333333,19,11,19,7,26,30,38,18,0.5,0.6314571740616531,0.6959737429202845,0.6294871794871795,,,0,uncalibrated_return_rank_score,6
baseline_paper_return,reg,previous,56,0.5,0.5,0.4993614303959132,0.4642857142857143,0.5,0.48148148148148145,0.5357142857142857,0.5,0.5172413793103449,13,15,15,13,26,30,28,28,0.5,0.4902656615859364,0.5724271162142419,0.47948717948717956,,,0,uncalibrated_return_rank_score,6
baseline_mean_return,reg,previous,56,0.4642857142857143,0.5,0.3170731707317073,0.4642857142857143,1.0,0.6341463414634146,0.0,0.0,0.0,26,0,30,0,26,30,56,0,0.5,0.43508866013932024,0.5153100622676412,0.4570512820512821,,,0,uncalibrated_return_rank_score,6
baseline_zero_return,reg,previous,56,0.4642857142857143,0.5,0.3170731707317073,0.4642857142857143,1.0,0.6341463414634146,0.0,0.0,0.0,26,0,30,0,26,30,56,0,0.5,0.4642857142857143,0.5357142857142857,0.5,,,0,uncalibrated_return_rank_score,6
baseline_majority,baseline,previous,56,0.5357142857142857,0.5,0.3488372093023256,0.0,0.0,0.0,0.5357142857142857,1.0,0.6976744186046512,0,30,0,26,26,30,0,56,0.5,0.4287694328564837,0.4974396918972709,0.4378205128205128,0.2495297467031217,0.692207035962994,0,probability_up,6
always_up,baseline,previous,56,0.4642857142857143,0.5,0.3170731707317073,0.4642857142857143,1.0,0.6341463414634146,0.0,0.0,0.0,26,0,30,0,26,30,56,0,0.5,0.4642857142857143,0.5357142857142857,0.5,0.5357142857142857,19.30910002988419,0,probability_up,6
always_down,baseline,previous,56,0.5357142857142857,0.5,0.3488372093023256,0.0,0.0,0.0,0.5357142857142857,1.0,0.6976744186046512,0,30,0,26,26,30,0,56,0.5,0.4642857142857143,0.5357142857142857,0.5,0.4642857142857143,16.734553359232965,0,probability_up,6
class__basic__linear,class,basic,56,0.6607142857142857,0.6448717948717949,0.6344898660254208,0.7333333333333333,0.4230769230769231,0.5365853658536586,0.6341463414634146,0.8666666666666667,0.7323943661971831,11,26,4,15,26,30,15,41,0.5750000000000002,0.6464250244885308,0.6075035925958141,0.6192307692307693,0.26529813176833933,0.8926966144940524,0,probability_up,7
class__basic__xgb,class,basic,56,0.5535714285714286,0.5756410256410256,0.5190656131913431,0.5111111111111111,0.8846153846153846,0.647887323943662,0.7272727272727273,0.26666666666666666,0.3902439024390244,23,8,22,3,26,30,45,11,0.4,0.5916966890035682,0.6091138248276915,0.5807692307692307,0.2490756806689395,0.6917153526449418,0,probability_up,7
class__basic__forest,class,basic,56,0.44642857142857145,0.45512820512820507,0.44198007071681134,0.42857142857142855,0.5769230769230769,0.4918032786885246,0.47619047619047616,0.3333333333333333,0.39215686274509803,15,10,20,11,26,30,35,21,0.45000000000000007,0.5455704539709679,0.5595044687168917,0.5346153846153846,0.25948491633051424,0.7143981217922857,0,probability_up,7
class__basic__equal_ensemble,class,basic,56,0.6071428571428571,0.6051282051282051,0.6051282051282051,0.5769230769230769,0.5769230769230769,0.5769230769230769,0.6333333333333333,0.6333333333333333,0.6333333333333333,15,19,11,11,26,30,26,30,0.4750000000000001,0.6078436242798655,0.5907265945496349,0.5871794871794871,0.2431262007173086,0.6821550631056498,0,probability_up,7
class__direction_core__linear,class,direction_core,56,0.6785714285714286,0.6564102564102564,0.631578947368421,0.9,0.34615384615384615,0.5,0.6304347826086957,0.9666666666666667,0.7631578947368421,9,29,1,17,26,30,10,46,0.6500000000000002,0.6573218587730483,0.6228456945198051,0.6474358974358975,0.24938552055786456,0.8608204527038011,0,probability_up,7
class__direction_core__xgb,class,direction_core,56,0.5178571428571429,0.5371794871794872,0.4903943377148635,0.4883720930232558,0.8076923076923077,0.6086956521739131,0.6153846153846154,0.26666666666666666,0.37209302325581395,21,8,22,5,26,30,43,13,0.4,0.5456899031700164,0.598586050496001,0.5653846153846154,0.25061618411621467,0.6951396590655774,0,probability_up,7
class__direction_core__forest,class,direction_core,56,0.4642857142857143,0.48717948717948717,0.4166666666666667,0.45652173913043476,0.8076923076923077,0.5833333333333334,0.5,0.16666666666666666,0.25,21,5,25,5,26,30,46,10,0.4,0.548795586127267,0.5548596419301992,0.5435897435897435,0.25361066158943224,0.7017974157327271,0,probability_up,7
class__direction_core__equal_ensemble,class,direction_core,56,0.6428571428571429,0.6384615384615384,0.6387096774193548,0.625,0.5769230769230769,0.6,0.65625,0.7,0.6774193548387096,15,21,9,11,26,30,24,32,0.4750000000000001,0.6365761946426629,0.5989303664516372,0.6153846153846154,0.23567135027224917,0.6676626165216831,0,probability_up,7
class__engineered_direction__linear,class,engineered_direction,56,0.625,0.6064102564102565,0.5869336143308745,0.6923076923076923,0.34615384615384615,0.46153846153846156,0.6046511627906976,0.8666666666666667,0.7123287671232876,9,26,4,17,26,30,13,43,0.6500000000000002,0.6489717969695358,0.6340660620130041,0.6474358974358975,0.26200767024583715,0.8349672958714339,0,probability_up,7
class__engineered_direction__xgb,class,engineered_direction,56,0.5714285714285714,0.5897435897435898,0.5508021390374331,0.5238095238095238,0.8461538461538461,0.6470588235294118,0.7142857142857143,0.3333333333333333,0.45454545454545453,22,10,20,4,26,30,42,14,0.4,0.6090183444416801,0.6602034845318915,0.6448717948717949,0.23469700521341186,0.6624176714796374,0,probability_up,7
class__engineered_direction__forest,class,engineered_direction,56,0.6071428571428571,0.6128205128205129,0.6066411238825031,0.5625,0.6923076923076923,0.6206896551724138,0.6666666666666666,0.5333333333333333,0.5925925925925926,18,16,14,8,26,30,32,24,0.45000000000000007,0.5421566885149749,0.6122939239303813,0.5807692307692308,0.2505650488185523,0.6967233161938603,0,probability_up,7
class__engineered_direction__equal_ensemble,class,engineered_direction,56,0.6607142857142857,0.65,0.6470978441127695,0.6842105263157895,0.5,0.5777777777777777,0.6486486486486487,0.8,0.7164179104477612,13,24,6,13,26,30,19,37,0.5250000000000001,0.632642093407269,0.6242036976192943,0.641025641025641,0.23202086867790753,0.6602816522264309,0,probability_up,7
reg__basic__linear,reg,basic,56,0.5892857142857143,0.5807692307692307,0.5783960720130933,0.5714285714285714,0.46153846153846156,0.5106382978723404,0.6,0.7,0.6461538461538462,12,21,9,14,26,30,21,35,0.5,0.6047199236651328,0.6245158986083114,0.6115384615384616,,,0,uncalibrated_return_rank_score,7
reg__basic__xgb,reg,basic,56,0.5,0.5102564102564102,0.4941935483870967,0.4722222222222222,0.6538461538461539,0.5483870967741935,0.55,0.36666666666666664,0.44,17,11,19,9,26,30,36,20,0.5,0.49151083500893145,0.5435067756895529,0.49743589743589745,,,0,uncalibrated_return_rank_score,7
reg__basic__forest,reg,basic,56,0.5535714285714286,0.5602564102564103,0.5522865366165655,0.5151515151515151,0.6538461538461539,0.576271186440678,0.6086956521739131,0.4666666666666667,0.5283018867924528,17,14,16,9,26,30,33,23,0.5,0.5230293382824185,0.5577995538144658,0.5205128205128204,,,0,uncalibrated_return_rank_score,7
reg__basic__equal_ensemble,reg,basic,56,0.5892857142857143,0.5884615384615384,0.5881036136872402,0.5555555555555556,0.5769230769230769,0.5660377358490566,0.6206896551724138,0.6,0.6101694915254238,15,18,12,11,26,30,27,29,0.5,0.5849773421668385,0.5793843822097258,0.5666666666666667,,,0,uncalibrated_return_rank_score,7
reg__direction_core__linear,reg,direction_core,56,0.6428571428571429,0.6307692307692307,0.625668449197861,0.6666666666666666,0.46153846153846156,0.5454545454545454,0.631578947368421,0.8,0.7058823529411765,12,24,6,14,26,30,18,38,0.5,0.6081466849076386,0.6210043887787252,0.6076923076923078,,,0,uncalibrated_return_rank_score,7
reg__direction_core__xgb,reg,direction_core,56,0.48214285714285715,0.48846153846153845,0.48065238247521586,0.45454545454545453,0.5769230769230769,0.5084745762711864,0.5217391304347826,0.4,0.4528301886792453,15,12,18,11,26,30,33,23,0.5,0.5190860014449141,0.5843145131192944,0.5230769230769231,,,0,uncalibrated_return_rank_score,7
reg__direction_core__forest,reg,direction_core,56,0.5357142857142857,0.5435897435897437,0.5333333333333333,0.5,0.6538461538461539,0.5666666666666667,0.5909090909090909,0.43333333333333335,0.5,17,13,17,9,26,30,34,22,0.5,0.5332938844113337,0.5683954925003685,0.5230769230769231,,,0,uncalibrated_return_rank_score,7
reg__direction_core__equal_ensemble,reg,direction_core,56,0.5714285714285714,0.5717948717948718,0.5708812260536398,0.5357142857142857,0.5769230769230769,0.5555555555555556,0.6071428571428571,0.5666666666666667,0.5862068965517241,15,17,13,11,26,30,28,28,0.5,0.6048121710816183,0.596894969191939,0.5807692307692307,,,0,uncalibrated_return_rank_score,7
reg__engineered_direction__linear,reg,engineered_direction,56,0.5714285714285714,0.5641025641025641,0.5625,0.5454545454545454,0.46153846153846156,0.5,0.5882352941176471,0.6666666666666666,0.625,12,20,10,14,26,30,22,34,0.5,0.5956840616348913,0.6636135775565917,0.6076923076923078,,,0,uncalibrated_return_rank_score,7
reg__engineered_direction__xgb,reg,engineered_direction,56,0.5535714285714286,0.5628205128205128,0.5499839279974285,0.5142857142857142,0.6923076923076923,0.5901639344262295,0.6190476190476191,0.43333333333333335,0.5098039215686274,18,13,17,8,26,30,35,21,0.5,0.5337894344459952,0.6125839187721236,0.5384615384615385,,,0,uncalibrated_return_rank_score,7
reg__engineered_direction__forest,reg,engineered_direction,56,0.5178571428571429,0.5294871794871795,0.5102040816326531,0.4864864864864865,0.6923076923076923,0.5714285714285714,0.5789473684210527,0.36666666666666664,0.4489795918367347,18,11,19,8,26,30,37,19,0.5,0.5674062864779853,0.6016704675655917,0.5602564102564103,,,0,uncalibrated_return_rank_score,7
reg__engineered_direction__equal_ensemble,reg,engineered_direction,56,0.5535714285714286,0.5551282051282052,0.5534290271132376,0.5172413793103449,0.5769230769230769,0.5454545454545454,0.5925925925925926,0.5333333333333333,0.5614035087719298,15,16,14,11,26,30,29,27,0.5,0.5931167300392608,0.6299414029096038,0.5871794871794872,,,0,uncalibrated_return_rank_score,7
selected_direction,class,engineered_direction,56,0.5714285714285714,0.5897435897435898,0.5508021390374331,0.5238095238095238,0.8461538461538461,0.6470588235294118,0.7142857142857143,0.3333333333333333,0.45454545454545453,22,10,20,4,26,30,42,14,0.4,0.6090183444416801,0.6602034845318915,0.6448717948717949,0.23469700521341186,0.6624176714796374,0,probability_up,7
selected_return,reg,basic,56,0.5,0.5102564102564102,0.4941935483870967,0.4722222222222222,0.6538461538461539,0.5483870967741935,0.55,0.36666666666666664,0.44,17,11,19,9,26,30,36,20,0.5,0.49151083500893145,0.5435067756895529,0.49743589743589745,,,0,uncalibrated_return_rank_score,7
baseline_monthly_return,reg,previous,56,0.5357142857142857,0.5487179487179487,0.5260416666666666,0.5,0.7307692307692307,0.59375,0.6111111111111112,0.36666666666666664,0.4583333333333333,19,11,19,7,26,30,38,18,0.5,0.6307567234531757,0.6975590071703454,0.632051282051282,,,0,uncalibrated_return_rank_score,7
baseline_paper_return,reg,previous,56,0.5,0.5,0.4993614303959132,0.4642857142857143,0.5,0.48148148148148145,0.5357142857142857,0.5,0.5172413793103449,13,15,15,13,26,30,28,28,0.5,0.4918682256885005,0.5727814246042646,0.48076923076923084,,,0,uncalibrated_return_rank_score,7
baseline_mean_return,reg,previous,56,0.4642857142857143,0.5,0.3170731707317073,0.4642857142857143,1.0,0.6341463414634146,0.0,0.0,0.0,26,0,30,0,26,30,56,0,0.5,0.43508866013932024,0.5153100622676412,0.4570512820512821,,,0,uncalibrated_return_rank_score,7
baseline_zero_return,reg,previous,56,0.4642857142857143,0.5,0.3170731707317073,0.4642857142857143,1.0,0.6341463414634146,0.0,0.0,0.0,26,0,30,0,26,30,56,0,0.5,0.4642857142857143,0.5357142857142857,0.5,,,0,uncalibrated_return_rank_score,7
baseline_majority,baseline,previous,56,0.5357142857142857,0.5,0.3488372093023256,0.0,0.0,0.0,0.5357142857142857,1.0,0.6976744186046512,0,30,0,26,26,30,0,56,0.5,0.4287694328564837,0.4974396918972709,0.4378205128205128,0.2495297467031217,0.692207035962994,0,probability_up,7
always_up,baseline,previous,56,0.4642857142857143,0.5,0.3170731707317073,0.4642857142857143,1.0,0.6341463414634146,0.0,0.0,0.0,26,0,30,0,26,30,56,0,0.5,0.4642857142857143,0.5357142857142857,0.5,0.5357142857142857,19.30910002988419,0,probability_up,7
always_down,baseline,previous,56,0.5357142857142857,0.5,0.3488372093023256,0.0,0.0,0.0,0.5357142857142857,1.0,0.6976744186046512,0,30,0,26,26,30,0,56,0.5,0.4642857142857143,0.5357142857142857,0.5,0.4642857142857143,16.734553359232965,0,probability_up,7
class__basic__linear,class,basic,55,0.5454545454545454,0.5766666666666667,0.5034308414590105,0.7777777777777778,0.23333333333333334,0.358974358974359,0.5,0.92,0.647887323943662,7,23,2,23,30,25,9,46,0.5750000000000002,0.6589835768472216,0.47274669032164085,0.532,0.3294613157569808,1.0663441494247141,0,probability_up,8
class__basic__xgb,class,basic,55,0.5636363636363636,0.5333333333333333,0.4891640866873065,0.5652173913043478,0.8666666666666667,0.6842105263157895,0.5555555555555556,0.2,0.29411764705882354,26,5,20,4,30,25,46,9,0.4,0.5899677334774585,0.522875300299012,0.5453333333333334,0.2521873493952846,0.6979425006219102,0,probability_up,8
class__basic__forest,class,basic,55,0.4727272727272727,0.45999999999999996,0.45470085470085475,0.5142857142857142,0.6,0.5538461538461539,0.4,0.32,0.35555555555555557,18,8,17,12,30,25,35,20,0.45000000000000007,0.5319304479510447,0.47875652226292736,0.45866666666666667,0.2714895381382387,0.7382434818737781,0,probability_up,8
class__basic__equal_ensemble,class,basic,55,0.4909090909090909,0.4966666666666667,0.4907407407407407,0.5416666666666666,0.43333333333333335,0.48148148148148145,0.45161290322580644,0.56,0.5,13,14,11,17,30,25,24,31,0.4750000000000001,0.6324105007059978,0.4474190484088788,0.5093333333333333,0.2677321787757959,0.7322598832578955,0,probability_up,8
class__direction_core__linear,class,direction_core,55,0.5272727272727272,0.5633333333333334,0.46321321321321324,0.8333333333333334,0.16666666666666666,0.2777777777777778,0.4897959183673469,0.96,0.6486486486486487,5,24,1,25,30,25,6,49,0.6500000000000002,0.6380121454506703,0.4750326880924188,0.52,0.33726904127268226,1.082783741402452,0,probability_up,8
class__direction_core__xgb,class,direction_core,55,0.5272727272727272,0.4966666666666667,0.4465944272445821,0.5434782608695652,0.8333333333333334,0.6578947368421053,0.4444444444444444,0.16,0.23529411764705882,25,4,21,5,30,25,46,9,0.4,0.5850843982528364,0.5190635631004505,0.556,0.25207438445563457,0.6980429459778504,0,probability_up,8
class__direction_core__forest,class,direction_core,55,0.4727272727272727,0.44666666666666666,0.4094779711218067,0.5116279069767442,0.7333333333333333,0.6027397260273972,0.3333333333333333,0.16,0.21621621621621623,22,4,21,8,30,25,43,12,0.4,0.5528435617883872,0.4714939619314366,0.4813333333333333,0.263093194286093,0.7206941758682514,0,probability_up,8
class__direction_core__equal_ensemble,class,direction_core,55,0.5272727272727272,0.5433333333333333,0.519489247311828,0.6111111111111112,0.36666666666666664,0.4583333333333333,0.4864864864864865,0.72,0.5806451612903226,11,18,7,19,30,25,18,37,0.4750000000000001,0.6368875574836047,0.4621823491060736,0.528,0.26750850313782915,0.7320544087548295,0,probability_up,8
class__engineered_direction__linear,class,engineered_direction,55,0.4909090909090909,0.5166666666666667,0.4607843137254902,0.5833333333333334,0.23333333333333334,0.3333333333333333,0.46511627906976744,0.8,0.5882352941176471,7,20,5,23,30,25,12,43,0.6500000000000002,0.6173035071173169,0.5222719187171266,0.5173333333333333,0.35872983801950165,1.1550081382050674,0,probability_up,8
class__engineered_direction__xgb,class,engineered_direction,55,0.5454545454545454,0.5166666666666667,0.47619047619047616,0.5555555555555556,0.8333333333333334,0.6666666666666666,0.5,0.2,0.2857142857142857,25,5,20,5,30,25,45,10,0.4,0.5977484007455386,0.5346000040540752,0.56,0.2517956813687732,0.698200599174461,0,probability_up,8
class__engineered_direction__forest,class,engineered_direction,55,0.4727272727272727,0.4666666666666667,0.46637671462027436,0.5161290322580645,0.5333333333333333,0.5245901639344263,0.4166666666666667,0.4,0.40816326530612246,16,10,15,14,30,25,31,24,0.45000000000000007,0.5497697966974919,0.4861654573529348,0.47866666666666663,0.27211987749079675,0.7397737554035048,0,probability_up,8
class__engineered_direction__equal_ensemble,class,engineered_direction,55,0.5272727272727272,0.5466666666666666,0.514266304347826,0.625,0.3333333333333333,0.43478260869565216,0.48717948717948717,0.76,0.59375,10,19,6,20,30,25,16,39,0.5250000000000001,0.6055054557659656,0.47149211343911474,0.5173333333333333,0.2749711983324405,0.7494630651470329,0,probability_up,8
reg__basic__linear,reg,basic,55,0.4909090909090909,0.4966666666666667,0.4907407407407407,0.5416666666666666,0.43333333333333335,0.48148148148148145,0.45161290322580644,0.56,0.5,13,14,11,17,30,25,24,31,0.5,0.6771337674844251,0.577997208181571,0.5933333333333333,,,0,uncalibrated_return_rank_score,8
reg__basic__xgb,reg,basic,55,0.5818181818181818,0.5733333333333333,0.5727794663964876,0.6060606060606061,0.6666666666666666,0.6349206349206349,0.5454545454545454,0.48,0.5106382978723404,20,12,13,10,30,25,33,22,0.5,0.5772480153797325,0.5409283827268211,0.5506666666666666,,,0,uncalibrated_return_rank_score,8
reg__basic__forest,reg,basic,55,0.4909090909090909,0.48,0.47690217391304346,0.5294117647058824,0.6,0.5625,0.42857142857142855,0.36,0.391304347826087,18,9,16,12,30,25,34,21,0.5,0.546279467437986,0.5115150099383529,0.4986666666666666,,,0,uncalibrated_return_rank_score,8
reg__basic__equal_ensemble,reg,basic,55,0.5272727272727272,0.5266666666666666,0.5258620689655172,0.5714285714285714,0.5333333333333333,0.5517241379310345,0.48148148148148145,0.52,0.5,16,13,12,14,30,25,28,27,0.5,0.6326864128892152,0.5545674879907974,0.5573333333333332,,,0,uncalibrated_return_rank_score,8
reg__direction_core__linear,reg,direction_core,55,0.5272727272727272,0.5333333333333333,0.5271164021164021,0.5833333333333334,0.4666666666666667,0.5185185185185185,0.4838709677419355,0.6,0.5357142857142857,14,15,10,16,30,25,24,31,0.5,0.6702417974184481,0.6186059826896642,0.5960000000000001,,,0,uncalibrated_return_rank_score,8
reg__direction_core__xgb,reg,direction_core,55,0.5272727272727272,0.5233333333333333,0.5233333333333333,0.5666666666666667,0.5666666666666667,0.5666666666666667,0.48,0.48,0.48,17,12,13,13,30,25,30,25,0.5,0.5950206481487388,0.5384963924578564,0.56,,,0,uncalibrated_return_rank_score,8
reg__direction_core__forest,reg,direction_core,55,0.5272727272727272,0.5166666666666666,0.514266304347826,0.5588235294117647,0.6333333333333333,0.59375,0.47619047619047616,0.4,0.43478260869565216,19,10,15,11,30,25,34,21,0.5,0.5729067670759507,0.5323674749747379,0.5253333333333333,,,0,uncalibrated_return_rank_score,8
reg__direction_core__equal_ensemble,reg,direction_core,55,0.509090909090909,0.51,0.5084409136047666,0.5555555555555556,0.5,0.5263157894736842,0.4642857142857143,0.52,0.49056603773584906,15,13,12,15,30,25,27,28,0.5,0.6202615804211038,0.5800872091019343,0.5586666666666666,,,0,uncalibrated_return_rank_score,8
reg__engineered_direction__linear,reg,engineered_direction,55,0.5272727272727272,0.5333333333333333,0.5271164021164021,0.5833333333333334,0.4666666666666667,0.5185185185185185,0.4838709677419355,0.6,0.5357142857142857,14,15,10,16,30,25,24,31,0.5,0.6085746753782919,0.56603875707774,0.5453333333333333,,,0,uncalibrated_return_rank_score,8
reg__engineered_direction__xgb,reg,engineered_direction,55,0.6,0.59,0.5889945652173914,0.6176470588235294,0.7,0.65625,0.5714285714285714,0.48,0.5217391304347826,21,12,13,9,30,25,34,21,0.5,0.5920163167478751,0.5329140325514944,0.5773333333333333,,,0,uncalibrated_return_rank_score,8
reg__engineered_direction__forest,reg,engineered_direction,55,0.4909090909090909,0.4766666666666667,0.4696969696969697,0.5277777777777778,0.6333333333333333,0.5757575757575758,0.42105263157894735,0.32,0.36363636363636365,19,8,17,11,30,25,36,19,0.5,0.5466611532816359,0.5150313683770958,0.5,,,0,uncalibrated_return_rank_score,8
reg__engineered_direction__equal_ensemble,reg,engineered_direction,55,0.5272727272727272,0.53,0.5271164021164021,0.5769230769230769,0.5,0.5357142857142857,0.4827586206896552,0.56,0.5185185185185185,15,14,11,15,30,25,26,29,0.5,0.586352465462768,0.5452725380830735,0.5346666666666667,,,0,uncalibrated_return_rank_score,8
selected_direction,class,engineered_direction,55,0.5454545454545454,0.5166666666666667,0.47619047619047616,0.5555555555555556,0.8333333333333334,0.6666666666666666,0.5,0.2,0.2857142857142857,25,5,20,5,30,25,45,10,0.4,0.5977484007455386,0.5346000040540752,0.56,0.2517956813687732,0.698200599174461,0,probability_up,8
selected_return,reg,basic,55,0.5818181818181818,0.5733333333333333,0.5727794663964876,0.6060606060606061,0.6666666666666666,0.6349206349206349,0.5454545454545454,0.48,0.5106382978723404,20,12,13,10,30,25,33,22,0.5,0.5772480153797325,0.5409283827268211,0.5506666666666666,,,0,uncalibrated_return_rank_score,8
baseline_monthly_return,reg,previous,55,0.4909090909090909,0.48,0.47690217391304346,0.5294117647058824,0.6,0.5625,0.42857142857142855,0.36,0.391304347826087,18,9,16,12,30,25,34,21,0.5,0.633597109381199,0.5904961472675073,0.5466666666666666,,,0,uncalibrated_return_rank_score,8
baseline_paper_return,reg,previous,55,0.4909090909090909,0.4966666666666667,0.4907407407407407,0.5416666666666666,0.43333333333333335,0.48148148148148145,0.45161290322580644,0.56,0.5,13,14,11,17,30,25,24,31,0.5,0.570908223443483,0.5298789456042009,0.504,,,0,uncalibrated_return_rank_score,8
baseline_mean_return,reg,previous,55,0.5454545454545454,0.5,0.35294117647058826,0.5454545454545454,1.0,0.7058823529411765,0.0,0.0,0.0,30,0,25,0,30,25,55,0,0.5,0.46883153096664204,0.40096629414742946,0.38,,,0,uncalibrated_return_rank_score,8
baseline_zero_return,reg,previous,55,0.5454545454545454,0.5,0.35294117647058826,0.5454545454545454,1.0,0.7058823529411765,0.0,0.0,0.0,30,0,25,0,30,25,55,0,0.5,0.5454545454545454,0.45454545454545453,0.5,,,0,uncalibrated_return_rank_score,8
baseline_majority,baseline,previous,55,0.45454545454545453,0.5,0.3125,0.0,0.0,0.0,0.45454545454545453,1.0,0.625,0,25,0,30,30,25,0,55,0.5,0.4640488090093029,0.39094668412781947,0.372,0.2524655041583956,0.698081047411024,0,probability_up,8
always_up,baseline,previous,55,0.5454545454545454,0.5,0.35294117647058826,0.5454545454545454,1.0,0.7058823529411765,0.0,0.0,0.0,30,0,25,0,30,25,55,0,0.5,0.5454545454545454,0.45454545454545453,0.5,0.45454545454545453,16.38347881323507,0,probability_up,8
always_down,baseline,previous,55,0.45454545454545453,0.5,0.3125,0.0,0.0,0.0,0.45454545454545453,1.0,0.625,0,25,0,30,30,25,0,55,0.5,0.5454545454545454,0.45454545454545453,0.5,0.5454545454545454,19.660174575882085,0,probability_up,8
class__basic__linear,class,basic,55,0.5454545454545454,0.5766666666666667,0.5034308414590105,0.7777777777777778,0.23333333333333334,0.358974358974359,0.5,0.92,0.647887323943662,7,23,2,23,30,25,9,46,0.5750000000000002,0.6577174434008881,0.47132039809534865,0.5293333333333333,0.33025458538633423,1.0684213248339434,0,probability_up,9
class__basic__xgb,class,basic,55,0.5636363636363636,0.5333333333333333,0.4891640866873065,0.5652173913043478,0.8666666666666667,0.6842105263157895,0.5555555555555556,0.2,0.29411764705882354,26,5,20,4,30,25,46,9,0.4,0.5899677334774585,0.522875300299012,0.5453333333333334,0.2521873493952846,0.6979425006219102,0,probability_up,9
class__basic__forest,class,basic,55,0.4727272727272727,0.45999999999999996,0.45470085470085475,0.5142857142857142,0.6,0.5538461538461539,0.4,0.32,0.35555555555555557,18,8,17,12,30,25,35,20,0.45000000000000007,0.5319304479510447,0.47875652226292736,0.45866666666666667,0.2716173302419242,0.7385393769414407,0,probability_up,9
class__basic__equal_ensemble,class,basic,55,0.4909090909090909,0.4966666666666667,0.4907407407407407,0.5416666666666666,0.43333333333333335,0.48148148148148145,0.45161290322580644,0.56,0.5,13,14,11,17,30,25,24,31,0.4750000000000001,0.6320250551309131,0.44564127063110104,0.508,0.26802286631243055,0.7329455001521892,0,probability_up,9
class__direction_core__linear,class,direction_core,55,0.5272727272727272,0.5633333333333334,0.46321321321321324,0.8333333333333334,0.16666666666666666,0.2777777777777778,0.4897959183673469,0.96,0.6486486486486487,5,24,1,25,30,25,6,49,0.6500000000000002,0.6369772870628707,0.4733097443694751,0.5173333333333334,0.3384920451230016,1.0868524306404397,0,probability_up,9
class__direction_core__xgb,class,direction_core,55,0.5272727272727272,0.4966666666666667,0.4465944272445821,0.5434782608695652,0.8333333333333334,0.6578947368421053,0.4444444444444444,0.16,0.23529411764705882,25,4,21,5,30,25,46,9,0.4,0.5850843982528364,0.5190635631004505,0.556,0.25207438445563457,0.6980429459778504,0,probability_up,9
class__direction_core__forest,class,direction_core,55,0.4727272727272727,0.44666666666666666,0.4094779711218067,0.5116279069767442,0.7333333333333333,0.6027397260273972,0.3333333333333333,0.16,0.21621621621621623,22,4,21,8,30,25,43,12,0.4,0.5528435617883872,0.4714939619314366,0.4813333333333333,0.263093194286093,0.7206941758682514,0,probability_up,9
class__direction_core__equal_ensemble,class,direction_core,55,0.5272727272727272,0.5433333333333333,0.519489247311828,0.6111111111111112,0.36666666666666664,0.4583333333333333,0.4864864864864865,0.72,0.5806451612903226,11,18,7,19,30,25,18,37,0.4750000000000001,0.6353773131967646,0.4545387704624949,0.5226666666666666,0.2678608280807398,0.73290019869992,0,probability_up,9
class__engineered_direction__linear,class,engineered_direction,55,0.4909090909090909,0.5166666666666667,0.4607843137254902,0.5833333333333334,0.23333333333333334,0.3333333333333333,0.46511627906976744,0.8,0.5882352941176471,7,20,5,23,30,25,12,43,0.6500000000000002,0.6166583458269943,0.5214719187171266,0.516,0.3606231366960194,1.1607954630422395,0,probability_up,9
class__engineered_direction__xgb,class,engineered_direction,55,0.5454545454545454,0.5166666666666667,0.47619047619047616,0.5555555555555556,0.8333333333333334,0.6666666666666666,0.5,0.2,0.2857142857142857,25,5,20,5,30,25,45,10,0.4,0.5977484007455386,0.5346000040540752,0.56,0.2517956813687732,0.698200599174461,0,probability_up,9
class__engineered_direction__forest,class,engineered_direction,55,0.4727272727272727,0.4666666666666667,0.46637671462027436,0.5161290322580645,0.5333333333333333,0.5245901639344263,0.4166666666666667,0.4,0.40816326530612246,16,10,15,14,30,25,31,24,0.45000000000000007,0.5497697966974919,0.4861654573529348,0.47866666666666663,0.271991127849687,0.7395027476882543,0,probability_up,9
class__engineered_direction__equal_ensemble,class,engineered_direction,55,0.5272727272727272,0.5466666666666666,0.514266304347826,0.625,0.3333333333333333,0.43478260869565216,0.48717948717948717,0.76,0.59375,10,19,6,20,30,25,16,39,0.5250000000000001,0.6040809543414641,0.4686940398237036,0.5133333333333334,0.27544386205767096,0.7505023286567215,0,probability_up,9
reg__basic__linear,reg,basic,55,0.4909090909090909,0.4966666666666667,0.4907407407407407,0.5416666666666666,0.43333333333333335,0.48148148148148145,0.45161290322580644,0.56,0.5,13,14,11,17,30,25,24,31,0.5,0.6771337674844251,0.577997208181571,0.5933333333333333,,,0,uncalibrated_return_rank_score,9
reg__basic__xgb,reg,basic,55,0.5818181818181818,0.5733333333333333,0.5727794663964876,0.6060606060606061,0.6666666666666666,0.6349206349206349,0.5454545454545454,0.48,0.5106382978723404,20,12,13,10,30,25,33,22,0.5,0.5772480153797325,0.5409283827268211,0.5506666666666666,,,0,uncalibrated_return_rank_score,9
reg__basic__forest,reg,basic,55,0.4909090909090909,0.48,0.47690217391304346,0.5294117647058824,0.6,0.5625,0.42857142857142855,0.36,0.391304347826087,18,9,16,12,30,25,34,21,0.5,0.546279467437986,0.5115150099383529,0.4986666666666666,,,0,uncalibrated_return_rank_score,9
reg__basic__equal_ensemble,reg,basic,55,0.5272727272727272,0.5266666666666666,0.5258620689655172,0.5714285714285714,0.5333333333333333,0.5517241379310345,0.48148148148148145,0.52,0.5,16,13,12,14,30,25,28,27,0.5,0.6326864128892152,0.5545674879907974,0.5573333333333332,,,0,uncalibrated_return_rank_score,9
reg__direction_core__linear,reg,direction_core,55,0.5272727272727272,0.5333333333333333,0.5271164021164021,0.5833333333333334,0.4666666666666667,0.5185185185185185,0.4838709677419355,0.6,0.5357142857142857,14,15,10,16,30,25,24,31,0.5,0.6702417974184481,0.6186059826896642,0.5960000000000001,,,0,uncalibrated_return_rank_score,9
reg__direction_core__xgb,reg,direction_core,55,0.5272727272727272,0.5233333333333333,0.5233333333333333,0.5666666666666667,0.5666666666666667,0.5666666666666667,0.48,0.48,0.48,17,12,13,13,30,25,30,25,0.5,0.5950206481487388,0.5384963924578564,0.56,,,0,uncalibrated_return_rank_score,9
reg__direction_core__forest,reg,direction_core,55,0.5272727272727272,0.5166666666666666,0.514266304347826,0.5588235294117647,0.6333333333333333,0.59375,0.47619047619047616,0.4,0.43478260869565216,19,10,15,11,30,25,34,21,0.5,0.5729067670759507,0.5323674749747379,0.5253333333333333,,,0,uncalibrated_return_rank_score,9
reg__direction_core__equal_ensemble,reg,direction_core,55,0.509090909090909,0.51,0.5084409136047666,0.5555555555555556,0.5,0.5263157894736842,0.4642857142857143,0.52,0.49056603773584906,15,13,12,15,30,25,27,28,0.5,0.6210393581988816,0.5806920478116118,0.56,,,0,uncalibrated_return_rank_score,9
reg__engineered_direction__linear,reg,engineered_direction,55,0.5272727272727272,0.5333333333333333,0.5271164021164021,0.5833333333333334,0.4666666666666667,0.5185185185185185,0.4838709677419355,0.6,0.5357142857142857,14,15,10,16,30,25,24,31,0.5,0.6085746753782919,0.56603875707774,0.5453333333333333,,,0,uncalibrated_return_rank_score,9
reg__engineered_direction__xgb,reg,engineered_direction,55,0.6,0.59,0.5889945652173914,0.6176470588235294,0.7,0.65625,0.5714285714285714,0.48,0.5217391304347826,21,12,13,9,30,25,34,21,0.5,0.5920163167478751,0.5329140325514944,0.5773333333333333,,,0,uncalibrated_return_rank_score,9
reg__engineered_direction__forest,reg,engineered_direction,55,0.4909090909090909,0.4766666666666667,0.4696969696969697,0.5277777777777778,0.6333333333333333,0.5757575757575758,0.42105263157894735,0.32,0.36363636363636365,19,8,17,11,30,25,36,19,0.5,0.5466611532816359,0.5150313683770958,0.5,,,0,uncalibrated_return_rank_score,9
reg__engineered_direction__equal_ensemble,reg,engineered_direction,55,0.5272727272727272,0.53,0.5271164021164021,0.5769230769230769,0.5,0.5357142857142857,0.4827586206896552,0.56,0.5185185185185185,15,14,11,15,30,25,26,29,0.5,0.5855070548347487,0.5446664774770129,0.5333333333333334,,,0,uncalibrated_return_rank_score,9
selected_direction,class,engineered_direction,55,0.5454545454545454,0.5166666666666667,0.47619047619047616,0.5555555555555556,0.8333333333333334,0.6666666666666666,0.5,0.2,0.2857142857142857,25,5,20,5,30,25,45,10,0.4,0.5977484007455386,0.5346000040540752,0.56,0.2517956813687732,0.698200599174461,0,probability_up,9
selected_return,reg,basic,55,0.5818181818181818,0.5733333333333333,0.5727794663964876,0.6060606060606061,0.6666666666666666,0.6349206349206349,0.5454545454545454,0.48,0.5106382978723404,20,12,13,10,30,25,33,22,0.5,0.5772480153797325,0.5409283827268211,0.5506666666666666,,,0,uncalibrated_return_rank_score,9
baseline_monthly_return,reg,previous,55,0.4909090909090909,0.48,0.47690217391304346,0.5294117647058824,0.6,0.5625,0.42857142857142855,0.36,0.391304347826087,18,9,16,12,30,25,34,21,0.5,0.633597109381199,0.5904961472675073,0.5466666666666666,,,0,uncalibrated_return_rank_score,9
baseline_paper_return,reg,previous,55,0.4909090909090909,0.4966666666666667,0.4907407407407407,0.5416666666666666,0.43333333333333335,0.48148148148148145,0.45161290322580644,0.56,0.5,13,14,11,17,30,25,24,31,0.5,0.570908223443483,0.5298789456042009,0.504,,,0,uncalibrated_return_rank_score,9
baseline_mean_return,reg,previous,55,0.5454545454545454,0.5,0.35294117647058826,0.5454545454545454,1.0,0.7058823529411765,0.0,0.0,0.0,30,0,25,0,30,25,55,0,0.5,0.46883153096664204,0.40096629414742946,0.38,,,0,uncalibrated_return_rank_score,9
baseline_zero_return,reg,previous,55,0.5454545454545454,0.5,0.35294117647058826,0.5454545454545454,1.0,0.7058823529411765,0.0,0.0,0.0,30,0,25,0,30,25,55,0,0.5,0.5454545454545454,0.45454545454545453,0.5,,,0,uncalibrated_return_rank_score,9
baseline_majority,baseline,previous,55,0.45454545454545453,0.5,0.3125,0.0,0.0,0.0,0.45454545454545453,1.0,0.625,0,25,0,30,30,25,0,55,0.5,0.4640488090093029,0.39094668412781947,0.372,0.2524655041583956,0.698081047411024,0,probability_up,9
always_up,baseline,previous,55,0.5454545454545454,0.5,0.35294117647058826,0.5454545454545454,1.0,0.7058823529411765,0.0,0.0,0.0,30,0,25,0,30,25,55,0,0.5,0.5454545454545454,0.45454545454545453,0.5,0.45454545454545453,16.38347881323507,0,probability_up,9
always_down,baseline,previous,55,0.45454545454545453,0.5,0.3125,0.0,0.0,0.0,0.45454545454545453,1.0,0.625,0,25,0,30,30,25,0,55,0.5,0.5454545454545454,0.45454545454545453,0.5,0.5454545454545454,19.660174575882085,0,probability_up,9
class__basic__linear,class,basic,55,0.5636363636363636,0.5575396825396826,0.5045045045045045,0.6666666666666666,0.2222222222222222,0.3333333333333333,0.5434782608695652,0.8928571428571429,0.6756756756756757,6,25,3,21,27,28,9,46,0.5750000000000002,0.5964112836435895,0.5584007665283848,0.5529100529100529,0.3057478374520676,0.9466081262031262,0,probability_up,10
class__basic__xgb,class,basic,55,0.4909090909090909,0.49801587301587297,0.4040247678018576,0.4897959183673469,0.8888888888888888,0.631578947368421,0.5,0.10714285714285714,0.17647058823529413,24,3,25,3,27,28,49,6,0.4,0.47851252162890684,0.5469527345266167,0.5026455026455026,0.2569573577406694,0.7077031541465957,0,probability_up,10
class__basic__forest,class,basic,55,0.4909090909090909,0.49404761904761907,0.47690217391304346,0.4864864864864865,0.6666666666666666,0.5625,0.5,0.32142857142857145,0.391304347826087,18,9,19,9,27,28,37,18,0.45000000000000007,0.5205697858439902,0.5414857153010918,0.4947089947089947,0.26322640793555513,0.7206329585637156,0,probability_up,10
class__basic__equal_ensemble,class,basic,55,0.5454545454545454,0.5443121693121693,0.5430375540046527,0.5416666666666666,0.48148148148148145,0.5098039215686274,0.5483870967741935,0.6071428571428571,0.576271186440678,13,17,11,14,27,28,24,31,0.4750000000000001,0.5707633845027407,0.5425353389727573,0.5277777777777777,0.25837006106025096,0.7117864770280689,0,probability_up,10
class__direction_core__linear,class,direction_core,55,0.5636363636363636,0.5562169312169312,0.47115384615384615,0.8,0.14814814814814814,0.25,0.54,0.9642857142857143,0.6923076923076923,4,27,1,23,27,28,5,50,0.6500000000000002,0.5672247007064486,0.5754497711820474,0.5357142857142857,0.3131177949496777,0.9663965878073487,0,probability_up,10
class__direction_core__xgb,class,direction_core,55,0.509090909090909,0.5158730158730158,0.4342857142857143,0.5,0.8888888888888888,0.64,0.5714285714285714,0.14285714285714285,0.22857142857142856,24,4,24,3,27,28,48,7,0.4,0.5062157637379266,0.5782870880844038,0.5476190476190476,0.2535198199816791,0.7010762611420904,0,probability_up,10
class__direction_core__forest,class,direction_core,55,0.4909090909090909,0.4966931216931217,0.4371345029239766,0.4888888888888889,0.8148148148148148,0.6111111111111112,0.5,0.17857142857142858,0.2631578947368421,22,5,23,5,27,28,45,10,0.4,0.4654033946377686,0.5697941704326677,0.48412698412698413,0.2621743249665321,0.7185092074647611,0,probability_up,10
class__direction_core__equal_ensemble,class,direction_core,55,0.5636363636363636,0.5608465608465608,0.5516304347826086,0.5789473684210527,0.4074074074074074,0.4782608695652174,0.5555555555555556,0.7142857142857143,0.625,11,20,8,16,27,28,19,36,0.4750000000000001,0.551112386723541,0.5809074700802968,0.537037037037037,0.25935943818883134,0.7139231498776706,0,probability_up,10
class__engineered_direction__linear,class,engineered_direction,55,0.509090909090909,0.5033068783068783,0.45020362828582006,0.5,0.18518518518518517,0.2702702702702703,0.5111111111111111,0.8214285714285714,0.6301369863013698,5,23,5,22,27,28,10,45,0.6500000000000002,0.5729020091642683,0.5954045052015164,0.5291005291005291,0.33832358684859093,1.062060030967698,0,probability_up,10
class__engineered_direction__xgb,class,engineered_direction,55,0.5818181818181818,0.5886243386243386,0.5180952380952382,0.5416666666666666,0.9629629629629629,0.6933333333333334,0.8571428571428571,0.21428571428571427,0.34285714285714286,26,6,22,1,27,28,48,7,0.4,0.5001826280246364,0.5989389050587883,0.5357142857142857,0.25501978207749565,0.7056202493999946,0,probability_up,10
class__engineered_direction__forest,class,engineered_direction,55,0.4727272727272727,0.4742063492063492,0.46992356264539714,0.46875,0.5555555555555556,0.5084745762711864,0.4782608695652174,0.39285714285714285,0.43137254901960786,15,11,17,12,27,28,32,23,0.45000000000000007,0.4886311813163074,0.591335371942268,0.5052910052910053,0.2619105836828054,0.7179650430057811,0,probability_up,10
class__engineered_direction__equal_ensemble,class,engineered_direction,55,0.5272727272727272,0.5238095238095238,0.5075757575757576,0.5294117647058824,0.3333333333333333,0.4090909090909091,0.5263157894736842,0.7142857142857143,0.6060606060606061,9,20,8,18,27,28,17,38,0.5250000000000001,0.5420767731101963,0.593353011958343,0.5251322751322751,0.2636796369900128,0.7221337562338964,0,probability_up,10
reg__basic__linear,reg,basic,55,0.5272727272727272,0.5257936507936507,0.5233333333333333,0.5217391304347826,0.4444444444444444,0.48,0.53125,0.6071428571428571,0.5666666666666667,12,17,11,15,27,28,23,32,0.5,0.610540138534003,0.6754344092016574,0.6111111111111112,,,0,uncalibrated_return_rank_score,10
reg__basic__xgb,reg,basic,55,0.5818181818181818,0.5833333333333333,0.5795945496842805,0.5625,0.6666666666666666,0.6101694915254238,0.6086956521739131,0.5,0.5490196078431373,18,14,14,9,27,28,32,23,0.5,0.523255938149916,0.6061801385291947,0.5648148148148149,,,0,uncalibrated_return_rank_score,10
reg__basic__forest,reg,basic,55,0.4727272727272727,0.4755291005291006,0.4613306315433975,0.4722222222222222,0.6296296296296297,0.5396825396825397,0.47368421052631576,0.32142857142857145,0.3829787234042553,17,9,19,10,27,28,36,19,0.5,0.4596075614196429,0.5408761977743843,0.4563492063492064,,,0,uncalibrated_return_rank_score,10
reg__basic__equal_ensemble,reg,basic,55,0.5454545454545454,0.5449735449735449,0.5448526977821913,0.5384615384615384,0.5185185185185185,0.5283018867924528,0.5517241379310345,0.5714285714285714,0.5614035087719298,14,16,12,13,27,28,26,29,0.5,0.5459620583406193,0.6197732391998574,0.5568783068783069,,,0,uncalibrated_return_rank_score,10
reg__direction_core__linear,reg,direction_core,55,0.5636363636363636,0.5621693121693122,0.56,0.5652173913043478,0.48148148148148145,0.52,0.5625,0.6428571428571429,0.6,13,18,10,14,27,28,23,32,0.5,0.5674878586184268,0.6811683056602843,0.6005291005291005,,,0,uncalibrated_return_rank_score,10
reg__direction_core__xgb,reg,direction_core,55,0.5818181818181818,0.5826719576719577,0.581264481959616,0.5666666666666667,0.6296296296296297,0.5964912280701754,0.6,0.5357142857142857,0.5660377358490566,17,15,13,10,27,28,30,25,0.5,0.5335798080386078,0.6155996723348417,0.5687830687830688,,,0,uncalibrated_return_rank_score,10
reg__direction_core__forest,reg,direction_core,55,0.509090909090909,0.5119047619047619,0.4984802431610942,0.5,0.6666666666666666,0.5714285714285714,0.5263157894736842,0.35714285714285715,0.425531914893617,18,10,18,9,27,28,36,19,0.5,0.48648919986940303,0.5541993679140471,0.48412698412698413,,,0,uncalibrated_return_rank_score,10
reg__direction_core__equal_ensemble,reg,direction_core,55,0.5454545454545454,0.5449735449735449,0.5448526977821913,0.5384615384615384,0.5185185185185185,0.5283018867924528,0.5517241379310345,0.5714285714285714,0.5614035087719298,14,16,12,13,27,28,26,29,0.5,0.521430854032157,0.6443822390163463,0.5621693121693122,,,0,uncalibrated_return_rank_score,10
reg__engineered_direction__linear,reg,engineered_direction,55,0.5818181818181818,0.580026455026455,0.5767815322850451,0.5909090909090909,0.48148148148148145,0.5306122448979592,0.5757575757575758,0.6785714285714286,0.6229508196721312,13,19,9,14,27,28,22,33,0.5,0.5830794112400057,0.6446685876388484,0.582010582010582,,,0,uncalibrated_return_rank_score,10
reg__engineered_direction__xgb,reg,engineered_direction,55,0.5818181818181818,0.5846560846560847,0.5727794663964876,0.5555555555555556,0.7407407407407407,0.6349206349206349,0.631578947368421,0.42857142857142855,0.5106382978723404,20,12,16,7,27,28,36,19,0.5,0.5202047923292317,0.6033015121293744,0.5648148148148148,,,0,uncalibrated_return_rank_score,10
reg__engineered_direction__forest,reg,engineered_direction,55,0.45454545454545453,0.457010582010582,0.44556451612903225,0.45714285714285713,0.5925925925925926,0.5161290322580645,0.45,0.32142857142857145,0.375,16,9,19,11,27,28,35,20,0.5,0.4669113983012802,0.5344371884414209,0.45634920634920634,,,0,uncalibrated_return_rank_score,10
reg__engineered_direction__equal_ensemble,reg,engineered_direction,55,0.5636363636363636,0.5628306878306878,0.5623342175066313,0.56,0.5185185185185185,0.5384615384615384,0.5666666666666667,0.6071428571428571,0.5862068965517241,14,17,11,13,27,28,25,30,0.5,0.5209313309558095,0.6160401196336781,0.5383597883597884,,,0,uncalibrated_return_rank_score,10
selected_direction,class,engineered_direction,55,0.5818181818181818,0.5886243386243386,0.5180952380952382,0.5416666666666666,0.9629629629629629,0.6933333333333334,0.8571428571428571,0.21428571428571427,0.34285714285714286,26,6,22,1,27,28,48,7,0.4,0.5001826280246364,0.5989389050587883,0.5357142857142857,0.25501978207749565,0.7056202493999946,0,probability_up,10
selected_return,reg,basic,55,0.5818181818181818,0.5833333333333333,0.5795945496842805,0.5625,0.6666666666666666,0.6101694915254238,0.6086956521739131,0.5,0.5490196078431373,18,14,14,9,27,28,32,23,0.5,0.523255938149916,0.6061801385291947,0.5648148148148149,,,0,uncalibrated_return_rank_score,10
baseline_monthly_return,reg,previous,55,0.5818181818181818,0.5833333333333333,0.5795945496842805,0.5625,0.6666666666666666,0.6101694915254238,0.6086956521739131,0.5,0.5490196078431373,18,14,14,9,27,28,32,23,0.5,0.6521990610641599,0.6718331532896613,0.6164021164021164,,,0,uncalibrated_return_rank_score,10
baseline_paper_return,reg,previous,55,0.509090909090909,0.5072751322751322,0.5031783205085313,0.5,0.4074074074074074,0.4489795918367347,0.5151515151515151,0.6071428571428571,0.5573770491803278,11,17,11,16,27,28,22,33,0.5,0.5480419120906199,0.5689468048350841,0.5317460317460316,,,0,uncalibrated_return_rank_score,10
baseline_mean_return,reg,previous,55,0.4909090909090909,0.5,0.32926829268292684,0.4909090909090909,1.0,0.6585365853658537,0.0,0.0,0.0,27,0,28,0,27,28,55,0,0.5,0.43911154199905844,0.4805955210221012,0.42857142857142855,,,0,uncalibrated_return_rank_score,10
baseline_zero_return,reg,previous,55,0.4909090909090909,0.5,0.32926829268292684,0.4909090909090909,1.0,0.6585365853658537,0.0,0.0,0.0,27,0,28,0,27,28,55,0,0.5,0.4909090909090909,0.509090909090909,0.5,,,0,uncalibrated_return_rank_score,10
baseline_majority,baseline,previous,55,0.509090909090909,0.5,0.3373493975903614,0.0,0.0,0.0,0.509090909090909,1.0,0.6746987951807228,0,28,0,27,27,28,0,55,0.5,0.4435917174022843,0.4788903478883566,0.44047619047619047,0.25035147338795377,0.6938508525711979,0,probability_up,10
always_up,baseline,previous,55,0.4909090909090909,0.5,0.32926829268292684,0.4909090909090909,1.0,0.6585365853658537,0.0,0.0,0.0,27,0,28,0,27,28,55,0,0.5,0.4909090909090909,0.509090909090909,0.5,0.509090909090909,18.349496270823277,0,probability_up,10
always_down,baseline,previous,55,0.509090909090909,0.5,0.3373493975903614,0.0,0.0,0.0,0.509090909090909,1.0,0.6746987951807228,0,28,0,27,27,28,0,55,0.5,0.4909090909090909,0.509090909090909,0.5,0.4909090909090909,17.694157118293873,0,probability_up,10
class__basic__linear,class,basic,55,0.5636363636363636,0.5575396825396826,0.5045045045045045,0.6666666666666666,0.2222222222222222,0.3333333333333333,0.5434782608695652,0.8928571428571429,0.6756756756756757,6,25,3,21,27,28,9,46,0.5750000000000002,0.5949361242736935,0.55684705115888,0.5502645502645502,0.3073553609578562,0.9513495008666645,0,probability_up,11
class__basic__xgb,class,basic,55,0.4909090909090909,0.49801587301587297,0.4040247678018576,0.4897959183673469,0.8888888888888888,0.631578947368421,0.5,0.10714285714285714,0.17647058823529413,24,3,25,3,27,28,49,6,0.4,0.47851252162890684,0.5469527345266167,0.5026455026455026,0.2569777580255921,0.7077478155156403,0,probability_up,11
class__basic__forest,class,basic,55,0.4909090909090909,0.49404761904761907,0.47690217391304346,0.4864864864864865,0.6666666666666666,0.5625,0.5,0.32142857142857145,0.391304347826087,18,9,19,9,27,28,37,18,0.45000000000000007,0.5205697858439902,0.5414857153010918,0.4947089947089947,0.2635226895581895,0.7212829613598052,0,probability_up,11
class__basic__equal_ensemble,class,basic,55,0.5454545454545454,0.5443121693121693,0.5430375540046527,0.5416666666666666,0.48148148148148145,0.5098039215686274,0.5483870967741935,0.6071428571428571,0.576271186440678,13,17,11,14,27,28,24,31,0.4750000000000001,0.5694142338692312,0.5356436592239348,0.5238095238095238,0.2589581481212315,0.7131464729717696,0,probability_up,11
class__direction_core__linear,class,direction_core,55,0.5636363636363636,0.5562169312169312,0.47115384615384615,0.8,0.14814814814814814,0.25,0.54,0.9642857142857143,0.6923076923076923,4,27,1,23,27,28,5,50,0.6500000000000002,0.5667730295230701,0.5742592949915712,0.5343915343915344,0.3141709763890875,0.9700405023587124,0,probability_up,11
class__direction_core__xgb,class,direction_core,55,0.509090909090909,0.5158730158730158,0.4342857142857143,0.5,0.8888888888888888,0.64,0.5714285714285714,0.14285714285714285,0.22857142857142856,24,4,24,3,27,28,48,7,0.4,0.5062157637379266,0.5782870880844038,0.5476190476190476,0.2535198199816791,0.7010762611420904,0,probability_up,11
class__direction_core__forest,class,direction_core,55,0.4909090909090909,0.4966931216931217,0.4371345029239766,0.4888888888888889,0.8148148148148148,0.6111111111111112,0.5,0.17857142857142858,0.2631578947368421,22,5,23,5,27,28,45,10,0.4,0.4654033946377686,0.5697941704326677,0.48412698412698413,0.2624652509348734,0.7191289081506533,0,probability_up,11
class__direction_core__equal_ensemble,class,direction_core,55,0.5636363636363636,0.5608465608465608,0.5516304347826086,0.5789473684210527,0.4074074074074074,0.4782608695652174,0.5555555555555556,0.7142857142857143,0.625,11,20,8,16,27,28,19,36,0.4750000000000001,0.5500958881700966,0.5767938588238284,0.5343915343915344,0.2597652039725509,0.7148588356656059,0,probability_up,11
class__engineered_direction__linear,class,engineered_direction,55,0.509090909090909,0.5033068783068783,0.45020362828582006,0.5,0.18518518518518517,0.2702702702702703,0.5111111111111111,0.8214285714285714,0.6301369863013698,5,23,5,22,27,28,10,45,0.6500000000000002,0.5710664201193769,0.5935958210838622,0.5264550264550265,0.34008560681720496,1.0689564144340806,0,probability_up,11
class__engineered_direction__xgb,class,engineered_direction,55,0.5818181818181818,0.5886243386243386,0.5180952380952382,0.5416666666666666,0.9629629629629629,0.6933333333333334,0.8571428571428571,0.21428571428571427,0.34285714285714286,26,6,22,1,27,28,48,7,0.4,0.4993007938094689,0.5957664822435084,0.533068783068783,0.25553612254166175,0.7066713815315123,0,probability_up,11
class__engineered_direction__forest,class,engineered_direction,55,0.4727272727272727,0.4742063492063492,0.46992356264539714,0.46875,0.5555555555555556,0.5084745762711864,0.4782608695652174,0.39285714285714285,0.43137254901960786,15,11,17,12,27,28,32,23,0.45000000000000007,0.4869470064056265,0.5823427597458743,0.5,0.2631668948855068,0.7205867242347813,0,probability_up,11
class__engineered_direction__equal_ensemble,class,engineered_direction,55,0.5272727272727272,0.5238095238095238,0.5075757575757576,0.5294117647058824,0.3333333333333333,0.4090909090909091,0.5263157894736842,0.7142857142857143,0.6060606060606061,9,20,8,18,27,28,17,38,0.5250000000000001,0.5411147721481955,0.5927827838671065,0.5238095238095237,0.2649047619269329,0.7249043766991742,0,probability_up,11
reg__basic__linear,reg,basic,55,0.5272727272727272,0.5257936507936507,0.5233333333333333,0.5217391304347826,0.4444444444444444,0.48,0.53125,0.6071428571428571,0.5666666666666667,12,17,11,15,27,28,23,32,0.5,0.6089969286574599,0.6742079307070338,0.6084656084656084,,,0,uncalibrated_return_rank_score,11
reg__basic__xgb,reg,basic,55,0.5818181818181818,0.5833333333333333,0.5795945496842805,0.5625,0.6666666666666666,0.6101694915254238,0.6086956521739131,0.5,0.5490196078431373,18,14,14,9,27,28,32,23,0.5,0.5212137957568964,0.6051053392401098,0.5621693121693122,,,0,uncalibrated_return_rank_score,11
reg__basic__forest,reg,basic,55,0.4727272727272727,0.4755291005291006,0.4613306315433975,0.4722222222222222,0.6296296296296297,0.5396825396825397,0.47368421052631576,0.32142857142857145,0.3829787234042553,17,9,19,10,27,28,36,19,0.5,0.45815410344444574,0.5398867110706119,0.4537037037037037,,,0,uncalibrated_return_rank_score,11
reg__basic__equal_ensemble,reg,basic,55,0.5454545454545454,0.5449735449735449,0.5448526977821913,0.5384615384615384,0.5185185185185185,0.5283018867924528,0.5517241379310345,0.5714285714285714,0.5614035087719298,14,16,12,13,27,28,26,29,0.5,0.5441983899102842,0.6187228190317902,0.5542328042328043,,,0,uncalibrated_return_rank_score,11
reg__direction_core__linear,reg,direction_core,55,0.5636363636363636,0.5621693121693122,0.56,0.5652173913043478,0.48148148148148145,0.52,0.5625,0.6428571428571429,0.6,13,18,10,14,27,28,23,32,0.5,0.5654781131304204,0.6799966248667548,0.5978835978835979,,,0,uncalibrated_return_rank_score,11
reg__direction_core__xgb,reg,direction_core,55,0.5818181818181818,0.5826719576719577,0.581264481959616,0.5666666666666667,0.6296296296296297,0.5964912280701754,0.6,0.5357142857142857,0.5660377358490566,17,15,13,10,27,28,30,25,0.5,0.5335798080386078,0.6155996723348417,0.5687830687830688,,,0,uncalibrated_return_rank_score,11
reg__direction_core__forest,reg,direction_core,55,0.509090909090909,0.5119047619047619,0.4984802431610942,0.5,0.6666666666666666,0.5714285714285714,0.5263157894736842,0.35714285714285715,0.425531914893617,18,10,18,9,27,28,36,19,0.5,0.47965796907876396,0.5507198947294245,0.47354497354497355,,,0,uncalibrated_return_rank_score,11
reg__direction_core__equal_ensemble,reg,direction_core,55,0.5454545454545454,0.5449735449735449,0.5448526977821913,0.5384615384615384,0.5185185185185185,0.5283018867924528,0.5517241379310345,0.5714285714285714,0.5614035087719298,14,16,12,13,27,28,26,29,0.5,0.5175103774594617,0.6423679852716635,0.5568783068783069,,,0,uncalibrated_return_rank_score,11
reg__engineered_direction__linear,reg,engineered_direction,55,0.5636363636363636,0.5621693121693122,0.56,0.5652173913043478,0.48148148148148145,0.52,0.5625,0.6428571428571429,0.6,13,18,10,14,27,28,23,32,0.5,0.5813986739270844,0.6433560968305593,0.5793650793650793,,,0,uncalibrated_return_rank_score,11
reg__engineered_direction__xgb,reg,engineered_direction,55,0.5818181818181818,0.5846560846560847,0.5727794663964876,0.5555555555555556,0.7407407407407407,0.6349206349206349,0.631578947368421,0.42857142857142855,0.5106382978723404,20,12,16,7,27,28,36,19,0.5,0.5202047923292317,0.6033015121293744,0.5648148148148148,,,0,uncalibrated_return_rank_score,11
reg__engineered_direction__forest,reg,engineered_direction,55,0.45454545454545453,0.457010582010582,0.44556451612903225,0.45714285714285713,0.5925925925925926,0.5161290322580645,0.45,0.32142857142857145,0.375,16,9,19,11,27,28,35,20,0.5,0.46320769459757655,0.5331918235909997,0.4523809523809524,,,0,uncalibrated_return_rank_score,11
reg__engineered_direction__equal_ensemble,reg,engineered_direction,55,0.5636363636363636,0.5628306878306878,0.5623342175066313,0.56,0.5185185185185185,0.5384615384615384,0.5666666666666667,0.6071428571428571,0.5862068965517241,14,17,11,13,27,28,25,30,0.5,0.5178708475031691,0.6145900659279853,0.5343915343915343,,,0,uncalibrated_return_rank_score,11
selected_direction,class,engineered_direction,55,0.5818181818181818,0.5886243386243386,0.5180952380952382,0.5416666666666666,0.9629629629629629,0.6933333333333334,0.8571428571428571,0.21428571428571427,0.34285714285714286,26,6,22,1,27,28,48,7,0.4,0.4993007938094689,0.5957664822435084,0.533068783068783,0.25553612254166175,0.7066713815315123,0,probability_up,11
selected_return,reg,basic,55,0.5818181818181818,0.5833333333333333,0.5795945496842805,0.5625,0.6666666666666666,0.6101694915254238,0.6086956521739131,0.5,0.5490196078431373,18,14,14,9,27,28,32,23,0.5,0.5212137957568964,0.6051053392401098,0.5621693121693122,,,0,uncalibrated_return_rank_score,11
baseline_monthly_return,reg,previous,55,0.5818181818181818,0.5833333333333333,0.5795945496842805,0.5625,0.6666666666666666,0.6101694915254238,0.6086956521739131,0.5,0.5490196078431373,18,14,14,9,27,28,32,23,0.5,0.6558261616769845,0.6733534235599317,0.6203703703703703,,,0,uncalibrated_return_rank_score,11
baseline_paper_return,reg,previous,55,0.4909090909090909,0.4887566137566137,0.4825268817204301,0.47619047619047616,0.37037037037037035,0.4166666666666667,0.5,0.6071428571428571,0.5483870967741935,10,17,11,17,27,28,21,34,0.5,0.5348033169892796,0.564011274526949,0.5185185185185185,,,0,uncalibrated_return_rank_score,11
baseline_mean_return,reg,previous,55,0.4909090909090909,0.5,0.32926829268292684,0.4909090909090909,1.0,0.6585365853658537,0.0,0.0,0.0,27,0,28,0,27,28,55,0,0.5,0.43911154199905844,0.4805955210221012,0.42857142857142855,,,0,uncalibrated_return_rank_score,11
baseline_zero_return,reg,previous,55,0.4909090909090909,0.5,0.32926829268292684,0.4909090909090909,1.0,0.6585365853658537,0.0,0.0,0.0,27,0,28,0,27,28,55,0,0.5,0.4909090909090909,0.509090909090909,0.5,,,0,uncalibrated_return_rank_score,11
baseline_majority,baseline,previous,55,0.509090909090909,0.5,0.3373493975903614,0.0,0.0,0.0,0.509090909090909,1.0,0.6746987951807228,0,28,0,27,27,28,0,55,0.5,0.4435917174022843,0.4788903478883566,0.44047619047619047,0.25035147338795377,0.6938508525711979,0,probability_up,11
always_up,baseline,previous,55,0.4909090909090909,0.5,0.32926829268292684,0.4909090909090909,1.0,0.6585365853658537,0.0,0.0,0.0,27,0,28,0,27,28,55,0,0.5,0.4909090909090909,0.509090909090909,0.5,0.509090909090909,18.349496270823277,0,probability_up,11
always_down,baseline,previous,55,0.509090909090909,0.5,0.3373493975903614,0.0,0.0,0.0,0.509090909090909,1.0,0.6746987951807228,0,28,0,27,27,28,0,55,0.5,0.4909090909090909,0.509090909090909,0.5,0.4909090909090909,17.694157118293873,0,probability_up,11
class__basic__linear,class,basic,55,0.5454545454545454,0.5396825396825397,0.4909292854498334,0.6,0.2222222222222222,0.32432432432432434,0.5333333333333333,0.8571428571428571,0.6575342465753424,6,24,4,21,27,28,10,45,0.5750000000000002,0.5784380629305086,0.552344946244189,0.5396825396825397,0.3134761267049517,0.9726156866570548,0,probability_up,12
class__basic__xgb,class,basic,55,0.4727272727272727,0.4801587301587301,0.3722943722943723,0.48,0.8888888888888888,0.6233766233766234,0.4,0.07142857142857142,0.12121212121212122,24,2,26,3,27,28,50,5,0.4,0.4524797785707565,0.5106139846257732,0.45105820105820105,0.2637661336631717,0.7214355418496404,0,probability_up,12
class__basic__forest,class,basic,55,0.4727272727272727,0.4755291005291006,0.4613306315433975,0.4722222222222222,0.6296296296296297,0.5396825396825397,0.47368421052631576,0.32142857142857145,0.3829787234042553,17,9,19,10,27,28,36,19,0.45000000000000007,0.5098495476873595,0.5487435046397472,0.47354497354497355,0.26632154342896747,0.7268197577536061,0,probability_up,12
class__basic__equal_ensemble,class,basic,55,0.5272727272727272,0.5257936507936507,0.5233333333333333,0.5217391304347826,0.4444444444444444,0.48,0.53125,0.6071428571428571,0.5666666666666667,12,17,11,15,27,28,23,32,0.4750000000000001,0.5296731740558938,0.5259135655482439,0.4973544973544973,0.26444725736763697,0.7243790997845057,0,probability_up,12
class__direction_core__linear,class,direction_core,55,0.5272727272727272,0.5198412698412699,0.4270833333333333,0.6,0.1111111111111111,0.1875,0.52,0.9285714285714286,0.6666666666666666,3,26,2,24,27,28,5,50,0.6500000000000002,0.5609765642731999,0.5774336689386749,0.5357142857142857,0.31713688163251197,0.9874144655180094,0,probability_up,12
class__direction_core__xgb,class,direction_core,55,0.4909090909090909,0.49801587301587297,0.4040247678018576,0.4897959183673469,0.8888888888888888,0.631578947368421,0.5,0.10714285714285714,0.17647058823529413,24,3,25,3,27,28,49,6,0.4,0.4801050843534701,0.5442630628448833,0.5,0.2601767439079248,0.7145338151464922,0,probability_up,12
class__direction_core__forest,class,direction_core,55,0.4909090909090909,0.4966931216931217,0.4371345029239766,0.4888888888888889,0.8148148148148148,0.6111111111111112,0.5,0.17857142857142858,0.2631578947368421,22,5,23,5,27,28,45,10,0.4,0.4329707583339425,0.5296752276707283,0.4272486772486772,0.2722354966270566,0.7390727488285654,0,probability_up,12
class__direction_core__equal_ensemble,class,direction_core,55,0.509090909090909,0.5066137566137566,0.4984802431610942,0.5,0.37037037037037035,0.425531914893617,0.5142857142857142,0.6428571428571429,0.5714285714285714,10,18,10,17,27,28,20,35,0.4750000000000001,0.5198674068091886,0.5646182765359099,0.5026455026455026,0.2660818842175776,0.7277516588770111,0,probability_up,12
class__engineered_direction__linear,class,engineered_direction,55,0.509090909090909,0.5033068783068783,0.45020362828582006,0.5,0.18518518518518517,0.2702702702702703,0.5111111111111111,0.8214285714285714,0.6301369863013698,5,23,5,22,27,28,10,45,0.6500000000000002,0.6045455135029798,0.5999701471519295,0.5595238095238094,0.32795442177163725,1.0289749029023818,0,probability_up,12
class__engineered_direction__xgb,class,engineered_direction,55,0.5818181818181818,0.5886243386243386,0.5180952380952382,0.5416666666666666,0.9629629629629629,0.6933333333333334,0.8571428571428571,0.21428571428571427,0.34285714285714286,26,6,22,1,27,28,48,7,0.4,0.475557634293,0.5763745463497563,0.4933862433862434,0.2613607157954251,0.7183270330070217,0,probability_up,12
class__engineered_direction__forest,class,engineered_direction,55,0.41818181818181815,0.4193121693121693,0.41644562334217505,0.41935483870967744,0.48148148148148145,0.4482758620689655,0.4166666666666667,0.35714285714285715,0.38461538461538464,13,10,18,14,27,28,31,24,0.45000000000000007,0.46685244053784497,0.576769103493225,0.46296296296296297,0.2686512303576128,0.7315264150355119,0,probability_up,12
class__engineered_direction__equal_ensemble,class,engineered_direction,55,0.5272727272727272,0.5238095238095238,0.5075757575757576,0.5294117647058824,0.3333333333333333,0.4090909090909091,0.5263157894736842,0.7142857142857143,0.6060606060606061,9,20,8,18,27,28,17,38,0.5250000000000001,0.5463303212008521,0.5968446907854659,0.5198412698412699,0.2656716701239974,0.7264049175693962,0,probability_up,12
reg__basic__linear,reg,basic,55,0.5272727272727272,0.5257936507936507,0.5233333333333333,0.5217391304347826,0.4444444444444444,0.48,0.53125,0.6071428571428571,0.5666666666666667,12,17,11,15,27,28,23,32,0.5,0.6097888722271967,0.6638002909659868,0.6018518518518519,,,0,uncalibrated_return_rank_score,12
reg__basic__xgb,reg,basic,55,0.5454545454545454,0.5476190476190476,0.5399799263967882,0.5294117647058824,0.6666666666666666,0.5901639344262295,0.5714285714285714,0.42857142857142855,0.4897959183673469,18,12,16,9,27,28,34,21,0.5,0.5008983147197134,0.5890843763919253,0.5304232804232805,,,0,uncalibrated_return_rank_score,12
reg__basic__forest,reg,basic,55,0.4727272727272727,0.4755291005291006,0.4613306315433975,0.4722222222222222,0.6296296296296297,0.5396825396825397,0.47368421052631576,0.32142857142857145,0.3829787234042553,17,9,19,10,27,28,36,19,0.5,0.44859172928278557,0.5389177679616048,0.43386243386243384,,,0,uncalibrated_return_rank_score,12
reg__basic__equal_ensemble,reg,basic,55,0.5272727272727272,0.5264550264550264,0.5258620689655172,0.52,0.48148148148148145,0.5,0.5333333333333333,0.5714285714285714,0.5517241379310345,13,16,12,14,27,28,25,30,0.5,0.53951573844642,0.6242718132251901,0.5489417989417988,,,0,uncalibrated_return_rank_score,12
reg__direction_core__linear,reg,direction_core,55,0.5454545454545454,0.5436507936507937,0.5399799263967882,0.5454545454545454,0.4444444444444444,0.4897959183673469,0.5454545454545454,0.6428571428571429,0.5901639344262295,12,18,10,15,27,28,22,33,0.5,0.5687005793751688,0.6875236103589658,0.6044973544973544,,,0,uncalibrated_return_rank_score,12
reg__direction_core__xgb,reg,direction_core,55,0.5454545454545454,0.546957671957672,0.5430375540046527,0.53125,0.6296296296296297,0.576271186440678,0.5652173913043478,0.4642857142857143,0.5098039215686274,17,13,15,10,27,28,32,23,0.5,0.5182933894442234,0.6059176108530682,0.544973544973545,,,0,uncalibrated_return_rank_score,12
reg__direction_core__forest,reg,direction_core,55,0.509090909090909,0.5119047619047619,0.4984802431610942,0.5,0.6666666666666666,0.5714285714285714,0.5263157894736842,0.35714285714285715,0.425531914893617,18,10,18,9,27,28,36,19,0.5,0.47433986050502835,0.5597755256143236,0.4642857142857143,,,0,uncalibrated_return_rank_score,12
reg__direction_core__equal_ensemble,reg,direction_core,55,0.5454545454545454,0.5449735449735449,0.5448526977821913,0.5384615384615384,0.5185185185185185,0.5283018867924528,0.5517241379310345,0.5714285714285714,0.5614035087719298,14,16,12,13,27,28,26,29,0.5,0.5091963618061538,0.6356418239497899,0.5462962962962963,,,0,uncalibrated_return_rank_score,12
reg__engineered_direction__linear,reg,engineered_direction,55,0.5636363636363636,0.5621693121693122,0.56,0.5652173913043478,0.48148148148148145,0.52,0.5625,0.6428571428571429,0.6,13,18,10,14,27,28,23,32,0.5,0.5853063893174091,0.6581246465355443,0.5952380952380952,,,0,uncalibrated_return_rank_score,12
reg__engineered_direction__xgb,reg,engineered_direction,55,0.5818181818181818,0.5846560846560847,0.5727794663964876,0.5555555555555556,0.7407407407407407,0.6349206349206349,0.631578947368421,0.42857142857142855,0.5106382978723404,20,12,16,7,27,28,36,19,0.5,0.5126093749519294,0.6001994019060085,0.5555555555555556,,,0,uncalibrated_return_rank_score,12
reg__engineered_direction__forest,reg,engineered_direction,55,0.41818181818181815,0.4212962962962963,0.40217391304347827,0.43243243243243246,0.5925925925925926,0.5,0.3888888888888889,0.25,0.30434782608695654,16,7,21,11,27,28,37,18,0.5,0.4554263752890056,0.5347638934438863,0.4431216931216931,,,0,uncalibrated_return_rank_score,12
reg__engineered_direction__equal_ensemble,reg,engineered_direction,55,0.5636363636363636,0.5628306878306878,0.5623342175066313,0.56,0.5185185185185185,0.5384615384615384,0.5666666666666667,0.6071428571428571,0.5862068965517241,14,17,11,13,27,28,25,30,0.5,0.5218336965349692,0.6216778557068049,0.541005291005291,,,0,uncalibrated_return_rank_score,12
selected_direction,class,engineered_direction,55,0.5818181818181818,0.5886243386243386,0.5180952380952382,0.5416666666666666,0.9629629629629629,0.6933333333333334,0.8571428571428571,0.21428571428571427,0.34285714285714286,26,6,22,1,27,28,48,7,0.4,0.475557634293,0.5763745463497563,0.4933862433862434,0.2613607157954251,0.7183270330070217,0,probability_up,12
selected_return,reg,basic,55,0.5454545454545454,0.5476190476190476,0.5399799263967882,0.5294117647058824,0.6666666666666666,0.5901639344262295,0.5714285714285714,0.42857142857142855,0.4897959183673469,18,12,16,9,27,28,34,21,0.5,0.5008983147197134,0.5890843763919253,0.5304232804232805,,,0,uncalibrated_return_rank_score,12
baseline_monthly_return,reg,previous,55,0.5454545454545454,0.546957671957672,0.5430375540046527,0.53125,0.6296296296296297,0.576271186440678,0.5652173913043478,0.4642857142857143,0.5098039215686274,17,13,15,10,27,28,32,23,0.5,0.6465970159851082,0.6772021594507037,0.6071428571428572,,,0,uncalibrated_return_rank_score,12
baseline_paper_return,reg,previous,55,0.5454545454545454,0.5443121693121693,0.5430375540046527,0.5416666666666666,0.48148148148148145,0.5098039215686274,0.5483870967741935,0.6071428571428571,0.576271186440678,13,17,11,14,27,28,24,31,0.5,0.566039024274241,0.5928222359559684,0.5661375661375662,,,0,uncalibrated_return_rank_score,12
baseline_mean_return,reg,previous,55,0.4909090909090909,0.5,0.32926829268292684,0.4909090909090909,1.0,0.6585365853658537,0.0,0.0,0.0,27,0,28,0,27,28,55,0,0.5,0.43911154199905844,0.4805955210221012,0.42857142857142855,,,0,uncalibrated_return_rank_score,12
baseline_zero_return,reg,previous,55,0.4909090909090909,0.5,0.32926829268292684,0.4909090909090909,1.0,0.6585365853658537,0.0,0.0,0.0,27,0,28,0,27,28,55,0,0.5,0.4909090909090909,0.509090909090909,0.5,,,0,uncalibrated_return_rank_score,12
baseline_majority,baseline,previous,55,0.509090909090909,0.5,0.3373493975903614,0.0,0.0,0.0,0.509090909090909,1.0,0.6746987951807228,0,28,0,27,27,28,0,55,0.5,0.4435917174022843,0.4788903478883566,0.44047619047619047,0.25035147338795377,0.6938508525711979,0,probability_up,12
always_up,baseline,previous,55,0.4909090909090909,0.5,0.32926829268292684,0.4909090909090909,1.0,0.6585365853658537,0.0,0.0,0.0,27,0,28,0,27,28,55,0,0.5,0.4909090909090909,0.509090909090909,0.5,0.509090909090909,18.349496270823277,0,probability_up,12
always_down,baseline,previous,55,0.509090909090909,0.5,0.3373493975903614,0.0,0.0,0.0,0.509090909090909,1.0,0.6746987951807228,0,28,0,27,27,28,0,55,0.5,0.4909090909090909,0.509090909090909,0.5,0.4909090909090909,17.694157118293873,0,probability_up,12
class__basic__linear,class,basic,55,0.5454545454545454,0.5396825396825397,0.4909292854498334,0.6,0.2222222222222222,0.32432432432432434,0.5333333333333333,0.8571428571428571,0.6575342465753424,6,24,4,21,27,28,10,45,0.5750000000000002,0.5784380629305086,0.552344946244189,0.5396825396825397,0.31222247760503063,0.9681828079511904,0,probability_up,13
class__basic__xgb,class,basic,55,0.4727272727272727,0.4801587301587301,0.3722943722943723,0.48,0.8888888888888888,0.6233766233766234,0.4,0.07142857142857142,0.12121212121212122,24,2,26,3,27,28,50,5,0.4,0.4524797785707565,0.5106139846257732,0.45105820105820105,0.263745733378249,0.7213908804805955,0,probability_up,13
class__basic__forest,class,basic,55,0.4727272727272727,0.4755291005291006,0.4613306315433975,0.4722222222222222,0.6296296296296297,0.5396825396825397,0.47368421052631576,0.32142857142857145,0.3829787234042553,17,9,19,10,27,28,36,19,0.45000000000000007,0.5098495476873595,0.5487435046397472,0.47354497354497355,0.2661504823524264,0.7264260168384334,0,probability_up,13
class__basic__equal_ensemble,class,basic,55,0.5272727272727272,0.5257936507936507,0.5233333333333333,0.5217391304347826,0.4444444444444444,0.48,0.53125,0.6071428571428571,0.5666666666666667,12,17,11,15,27,28,23,32,0.4750000000000001,0.5307630573026398,0.534587034935999,0.5013227513227513,0.26401693671789933,0.7233142365605629,0,probability_up,13
class__direction_core__linear,class,direction_core,55,0.5272727272727272,0.5198412698412699,0.4270833333333333,0.6,0.1111111111111111,0.1875,0.52,0.9285714285714286,0.6666666666666666,3,26,2,24,27,28,5,50,0.6500000000000002,0.5619030692647453,0.5796745652972183,0.5383597883597884,0.3160696862965436,0.9824856456131678,0,probability_up,13
class__direction_core__xgb,class,direction_core,55,0.4909090909090909,0.49801587301587297,0.4040247678018576,0.4897959183673469,0.8888888888888888,0.631578947368421,0.5,0.10714285714285714,0.17647058823529413,24,3,25,3,27,28,49,6,0.4,0.4801050843534701,0.5442630628448833,0.5,0.2600831062325984,0.7143300406220258,0,probability_up,13
class__direction_core__forest,class,direction_core,55,0.4909090909090909,0.4966931216931217,0.4371345029239766,0.4888888888888889,0.8148148148148148,0.6111111111111112,0.5,0.17857142857142858,0.2631578947368421,22,5,23,5,27,28,45,10,0.4,0.43368300904619317,0.5505085610040615,0.4298941798941799,0.2717706501538713,0.7380581205596939,0,probability_up,13
class__direction_core__equal_ensemble,class,direction_core,55,0.509090909090909,0.5066137566137566,0.4984802431610942,0.5,0.37037037037037035,0.425531914893617,0.5142857142857142,0.6428571428571429,0.5714285714285714,10,18,10,17,27,28,20,35,0.4750000000000001,0.5198674068091886,0.5646182765359099,0.5026455026455026,0.26558072840552255,0.7265061149745131,0,probability_up,13
class__engineered_direction__linear,class,engineered_direction,55,0.509090909090909,0.5033068783068783,0.45020362828582006,0.5,0.18518518518518517,0.2702702702702703,0.5111111111111111,0.8214285714285714,0.6301369863013698,5,23,5,22,27,28,10,45,0.6500000000000002,0.6055208478116474,0.6021961472010721,0.5621693121693121,0.3274781844810918,1.026222611380494,0,probability_up,13
class__engineered_direction__xgb,class,engineered_direction,55,0.5636363636363636,0.5701058201058201,0.5045045045045045,0.5319148936170213,0.9259259259259259,0.6756756756756757,0.75,0.21428571428571427,0.3333333333333333,25,6,22,2,27,28,47,8,0.4,0.47514821126452944,0.5725480157375115,0.49206349206349204,0.2622375764839927,0.7201668945072981,0,probability_up,13
class__engineered_direction__forest,class,engineered_direction,55,0.41818181818181815,0.4193121693121693,0.41644562334217505,0.41935483870967744,0.48148148148148145,0.4482758620689655,0.4166666666666667,0.35714285714285715,0.38461538461538464,13,10,18,14,27,28,31,24,0.45000000000000007,0.46604896627185805,0.5695412123367625,0.46031746031746035,0.26967725222379935,0.7337591574246185,0,probability_up,13
class__engineered_direction__equal_ensemble,class,engineered_direction,55,0.5272727272727272,0.5238095238095238,0.5075757575757576,0.5294117647058824,0.3333333333333333,0.4090909090909091,0.5263157894736842,0.7142857142857143,0.6060606060606061,9,20,8,18,27,28,17,38,0.5250000000000001,0.5459208981723813,0.5930181601732211,0.5185185185185185,0.26627376594505386,0.7278910806370444,0,probability_up,13
reg__basic__linear,reg,basic,55,0.5272727272727272,0.5257936507936507,0.5233333333333333,0.5217391304347826,0.4444444444444444,0.48,0.53125,0.6071428571428571,0.5666666666666667,12,17,11,15,27,28,23,32,0.5,0.6113320821037398,0.6650267694606105,0.6044973544973544,,,0,uncalibrated_return_rank_score,13
reg__basic__xgb,reg,basic,55,0.5454545454545454,0.5476190476190476,0.5399799263967882,0.5294117647058824,0.6666666666666666,0.5901639344262295,0.5714285714285714,0.42857142857142855,0.4897959183673469,18,12,16,9,27,28,34,21,0.5,0.5038377621036052,0.5906120453068123,0.5343915343915344,,,0,uncalibrated_return_rank_score,13
reg__basic__forest,reg,basic,55,0.4727272727272727,0.4755291005291006,0.4613306315433975,0.4722222222222222,0.6296296296296297,0.5396825396825397,0.47368421052631576,0.32142857142857145,0.3829787234042553,17,9,19,10,27,28,36,19,0.5,0.45159600741640127,0.5424966577909329,0.44047619047619047,,,0,uncalibrated_return_rank_score,13
reg__basic__equal_ensemble,reg,basic,55,0.5454545454545454,0.5449735449735449,0.5448526977821913,0.5384615384615384,0.5185185185185185,0.5283018867924528,0.5517241379310345,0.5714285714285714,0.5614035087719298,14,16,12,13,27,28,26,29,0.5,0.53951573844642,0.6242718132251901,0.5489417989417988,,,0,uncalibrated_return_rank_score,13
reg__direction_core__linear,reg,direction_core,55,0.5636363636363636,0.5621693121693122,0.56,0.5652173913043478,0.48148148148148145,0.52,0.5625,0.6428571428571429,0.6,13,18,10,14,27,28,23,32,0.5,0.570524372865629,0.6887371639622253,0.6071428571428571,,,0,uncalibrated_return_rank_score,13
reg__direction_core__xgb,reg,direction_core,55,0.5454545454545454,0.546957671957672,0.5430375540046527,0.53125,0.6296296296296297,0.576271186440678,0.5652173913043478,0.4642857142857143,0.5098039215686274,17,13,15,10,27,28,32,23,0.5,0.5182933894442234,0.6059176108530682,0.544973544973545,,,0,uncalibrated_return_rank_score,13
reg__direction_core__forest,reg,direction_core,55,0.509090909090909,0.5119047619047619,0.4984802431610942,0.5,0.6666666666666666,0.5714285714285714,0.5263157894736842,0.35714285714285715,0.425531914893617,18,10,18,9,27,28,36,19,0.5,0.4763998689280739,0.5619101876135177,0.46825396825396826,,,0,uncalibrated_return_rank_score,13
reg__direction_core__equal_ensemble,reg,direction_core,55,0.5454545454545454,0.5449735449735449,0.5448526977821913,0.5384615384615384,0.5185185185185185,0.5283018867924528,0.5517241379310345,0.5714285714285714,0.5614035087719298,14,16,12,13,27,28,26,29,0.5,0.5108806651571238,0.6367940792067314,0.548941798941799,,,0,uncalibrated_return_rank_score,13
reg__engineered_direction__linear,reg,engineered_direction,55,0.5636363636363636,0.5621693121693122,0.56,0.5652173913043478,0.48148148148148145,0.52,0.5625,0.6428571428571429,0.6,13,18,10,14,27,28,23,32,0.5,0.5861705868482734,0.6587726880101986,0.5965608465608465,,,0,uncalibrated_return_rank_score,13
reg__engineered_direction__xgb,reg,engineered_direction,55,0.5818181818181818,0.5846560846560847,0.5727794663964876,0.5555555555555556,0.7407407407407407,0.6349206349206349,0.631578947368421,0.42857142857142855,0.5106382978723404,20,12,16,7,27,28,36,19,0.5,0.5126093749519294,0.6001994019060085,0.5555555555555556,,,0,uncalibrated_return_rank_score,13
reg__engineered_direction__forest,reg,engineered_direction,55,0.41818181818181815,0.4212962962962963,0.40217391304347827,0.43243243243243246,0.5925925925925926,0.5,0.3888888888888889,0.25,0.30434782608695654,16,7,21,11,27,28,37,18,0.5,0.45950598909084156,0.5364627343368288,0.4484126984126984,,,0,uncalibrated_return_rank_score,13
reg__engineered_direction__equal_ensemble,reg,engineered_direction,55,0.5636363636363636,0.5628306878306878,0.5623342175066313,0.56,0.5185185185185185,0.5384615384615384,0.5666666666666667,0.6071428571428571,0.5862068965517241,14,17,11,13,27,28,25,30,0.5,0.5218336965349692,0.6216778557068049,0.541005291005291,,,0,uncalibrated_return_rank_score,13
selected_direction,class,engineered_direction,55,0.5636363636363636,0.5701058201058201,0.5045045045045045,0.5319148936170213,0.9259259259259259,0.6756756756756757,0.75,0.21428571428571427,0.3333333333333333,25,6,22,2,27,28,47,8,0.4,0.47514821126452944,0.5725480157375115,0.49206349206349204,0.2622375764839927,0.7201668945072981,0,probability_up,13
selected_return,reg,basic,55,0.5454545454545454,0.5476190476190476,0.5399799263967882,0.5294117647058824,0.6666666666666666,0.5901639344262295,0.5714285714285714,0.42857142857142855,0.4897959183673469,18,12,16,9,27,28,34,21,0.5,0.5038377621036052,0.5906120453068123,0.5343915343915344,,,0,uncalibrated_return_rank_score,13
baseline_monthly_return,reg,previous,55,0.5454545454545454,0.546957671957672,0.5430375540046527,0.53125,0.6296296296296297,0.576271186440678,0.5652173913043478,0.4642857142857143,0.5098039215686274,17,13,15,10,27,28,32,23,0.5,0.6465970159851082,0.6772021594507037,0.6071428571428572,,,0,uncalibrated_return_rank_score,13
baseline_paper_return,reg,previous,55,0.5454545454545454,0.5443121693121693,0.5430375540046527,0.5416666666666666,0.48148148148148145,0.5098039215686274,0.5483870967741935,0.6071428571428571,0.576271186440678,13,17,11,14,27,28,24,31,0.5,0.5710539167891335,0.5941683893299152,0.5701058201058201,,,0,uncalibrated_return_rank_score,13
baseline_mean_return,reg,previous,55,0.4909090909090909,0.5,0.32926829268292684,0.4909090909090909,1.0,0.6585365853658537,0.0,0.0,0.0,27,0,28,0,27,28,55,0,0.5,0.43911154199905844,0.4805955210221012,0.42857142857142855,,,0,uncalibrated_return_rank_score,13
baseline_zero_return,reg,previous,55,0.4909090909090909,0.5,0.32926829268292684,0.4909090909090909,1.0,0.6585365853658537,0.0,0.0,0.0,27,0,28,0,27,28,55,0,0.5,0.4909090909090909,0.509090909090909,0.5,,,0,uncalibrated_return_rank_score,13
baseline_majority,baseline,previous,55,0.509090909090909,0.5,0.3373493975903614,0.0,0.0,0.0,0.509090909090909,1.0,0.6746987951807228,0,28,0,27,27,28,0,55,0.5,0.4435917174022843,0.4788903478883566,0.44047619047619047,0.25035147338795377,0.6938508525711979,0,probability_up,13
always_up,baseline,previous,55,0.4909090909090909,0.5,0.32926829268292684,0.4909090909090909,1.0,0.6585365853658537,0.0,0.0,0.0,27,0,28,0,27,28,55,0,0.5,0.4909090909090909,0.509090909090909,0.5,0.509090909090909,18.349496270823277,0,probability_up,13
always_down,baseline,previous,55,0.509090909090909,0.5,0.3373493975903614,0.0,0.0,0.0,0.509090909090909,1.0,0.6746987951807228,0,28,0,27,27,28,0,55,0.5,0.4909090909090909,0.509090909090909,0.5,0.4909090909090909,17.694157118293873,0,probability_up,13
class__basic__linear,class,basic,55,0.5454545454545454,0.5396825396825397,0.4909292854498334,0.6,0.2222222222222222,0.32432432432432434,0.5333333333333333,0.8571428571428571,0.6575342465753424,6,24,4,21,27,28,10,45,0.5750000000000002,0.5821887732811448,0.5568790457940842,0.5476190476190476,0.30783675429083585,0.956869948977977,0,probability_up,14
class__basic__xgb,class,basic,55,0.4727272727272727,0.4801587301587301,0.3722943722943723,0.48,0.8888888888888888,0.6233766233766234,0.4,0.07142857142857142,0.12121212121212122,24,2,26,3,27,28,50,5,0.4,0.4524797785707565,0.5106139846257732,0.45105820105820105,0.26330398859277443,0.7204354131343162,0,probability_up,14
class__basic__forest,class,basic,55,0.4727272727272727,0.4755291005291006,0.4613306315433975,0.4722222222222222,0.6296296296296297,0.5396825396825397,0.47368421052631576,0.32142857142857145,0.3829787234042553,17,9,19,10,27,28,36,19,0.45000000000000007,0.5091372969751087,0.5279101713064139,0.47089947089947093,0.2667717197181223,0.7278695591815505,0,probability_up,14
class__basic__equal_ensemble,class,basic,55,0.5272727272727272,0.5257936507936507,0.5233333333333333,0.5217391304347826,0.4444444444444444,0.48,0.53125,0.6071428571428571,0.5666666666666667,12,17,11,15,27,28,23,32,0.4750000000000001,0.5324509253734329,0.5411576468637538,0.5066137566137566,0.2626877846422489,0.7202289257730019,0,probability_up,14
class__direction_core__linear,class,direction_core,55,0.5272727272727272,0.5198412698412699,0.4270833333333333,0.6,0.1111111111111111,0.1875,0.52,0.9285714285714286,0.6666666666666666,3,26,2,24,27,28,5,50,0.6500000000000002,0.5655146991018654,0.5851940340236174,0.5462962962962963,0.31053145418942846,0.9653253153616843,0,probability_up,14
class__direction_core__xgb,class,direction_core,55,0.4909090909090909,0.49801587301587297,0.4040247678018576,0.4897959183673469,0.8888888888888888,0.631578947368421,0.5,0.10714285714285714,0.17647058823529413,24,3,25,3,27,28,49,6,0.4,0.4801050843534701,0.5442630628448833,0.5,0.26003780056888265,0.7142318057447927,0,probability_up,14
class__direction_core__forest,class,direction_core,55,0.4909090909090909,0.4966931216931217,0.4371345029239766,0.4888888888888889,0.8148148148148148,0.6111111111111112,0.5,0.17857142857142858,0.2631578947368421,22,5,23,5,27,28,45,10,0.4,0.43368300904619317,0.5505085610040615,0.4298941798941799,0.2718026541208171,0.738125145953101,0,probability_up,14
class__direction_core__equal_ensemble,class,direction_core,55,0.509090909090909,0.5066137566137566,0.4984802431610942,0.5,0.37037037037037035,0.425531914893617,0.5142857142857142,0.6428571428571429,0.5714285714285714,10,18,10,17,27,28,20,35,0.4750000000000001,0.5229078626987351,0.5753975498151831,0.5105820105820106,0.2639220289975954,0.7226960420308464,0,probability_up,14
class__engineered_direction__linear,class,engineered_direction,55,0.509090909090909,0.5033068783068783,0.45020362828582006,0.5,0.18518518518518517,0.2702702702702703,0.5111111111111111,0.8214285714285714,0.6301369863013698,5,23,5,22,27,28,10,45,0.6500000000000002,0.6047822174433874,0.6015393327511541,0.5608465608465608,0.32671521327613745,1.0228738494487057,0,probability_up,14
class__engineered_direction__xgb,class,engineered_direction,55,0.5818181818181818,0.5886243386243386,0.5180952380952382,0.5416666666666666,0.9629629629629629,0.6933333333333334,0.8571428571428571,0.21428571428571427,0.34285714285714286,26,6,22,1,27,28,48,7,0.4,0.475557634293,0.5763745463497563,0.4933862433862434,0.2614002983215742,0.7184321536188865,0,probability_up,14
class__engineered_direction__forest,class,engineered_direction,55,0.43636363636363634,0.43716931216931215,0.43561734524991724,0.43333333333333335,0.48148148148148145,0.45614035087719296,0.44,0.39285714285714285,0.41509433962264153,13,11,17,14,27,28,30,25,0.45000000000000007,0.46743156590669405,0.5751434077603864,0.46428571428571425,0.26823255296046955,0.7307133128250581,0,probability_up,14
class__engineered_direction__equal_ensemble,class,engineered_direction,55,0.5272727272727272,0.5238095238095238,0.5075757575757576,0.5294117647058824,0.3333333333333333,0.4090909090909091,0.5263157894736842,0.7142857142857143,0.6060606060606061,9,20,8,18,27,28,17,38,0.5250000000000001,0.5471327903366545,0.5974567299559729,0.5211640211640212,0.26523476805416246,0.7254322814371864,0,probability_up,14
reg__basic__linear,reg,basic,55,0.5454545454545454,0.5443121693121693,0.5430375540046527,0.5416666666666666,0.48148148148148145,0.5098039215686274,0.5483870967741935,0.6071428571428571,0.576271186440678,13,17,11,14,27,28,24,31,0.5,0.6180193249020938,0.6686099076924108,0.6124338624338624,,,0,uncalibrated_return_rank_score,14
reg__basic__xgb,reg,basic,55,0.5272727272727272,0.5291005291005291,0.5233333333333333,0.5151515151515151,0.6296296296296297,0.5666666666666667,0.5454545454545454,0.42857142857142855,0.48,17,12,16,10,27,28,33,22,0.5,0.4958863930929036,0.5651052148898553,0.5158730158730158,,,0,uncalibrated_return_rank_score,14
reg__basic__forest,reg,basic,55,0.4727272727272727,0.4755291005291006,0.4613306315433975,0.4722222222222222,0.6296296296296297,0.5396825396825397,0.47368421052631576,0.32142857142857145,0.3829787234042553,17,9,19,10,27,28,36,19,0.5,0.45159600741640127,0.5424966577909329,0.44047619047619047,,,0,uncalibrated_return_rank_score,14
reg__basic__equal_ensemble,reg,basic,55,0.5454545454545454,0.5449735449735449,0.5448526977821913,0.5384615384615384,0.5185185185185185,0.5283018867924528,0.5517241379310345,0.5714285714285714,0.5614035087719298,14,16,12,13,27,28,26,29,0.5,0.5404903973158157,0.6247544387078156,0.5502645502645502,,,0,uncalibrated_return_rank_score,14
reg__direction_core__linear,reg,direction_core,55,0.5636363636363636,0.5621693121693122,0.56,0.5652173913043478,0.48148148148148145,0.52,0.5625,0.6428571428571429,0.6,13,18,10,14,27,28,23,32,0.5,0.5801074325647878,0.6918413028358674,0.6150793650793651,,,0,uncalibrated_return_rank_score,14
reg__direction_core__xgb,reg,direction_core,55,0.5272727272727272,0.5284391534391535,0.5258620689655172,0.5161290322580645,0.5925925925925926,0.5517241379310345,0.5416666666666666,0.4642857142857143,0.5,16,13,15,11,27,28,31,24,0.5,0.5160762796215839,0.595977556834896,0.537037037037037,,,0,uncalibrated_return_rank_score,14
reg__direction_core__forest,reg,direction_core,55,0.509090909090909,0.5119047619047619,0.4984802431610942,0.5,0.6666666666666666,0.5714285714285714,0.5263157894736842,0.35714285714285715,0.425531914893617,18,10,18,9,27,28,36,19,0.5,0.47805562058382556,0.5626466696622922,0.47089947089947093,,,0,uncalibrated_return_rank_score,14
reg__direction_core__equal_ensemble,reg,direction_core,55,0.5454545454545454,0.5449735449735449,0.5448526977821913,0.5384615384615384,0.5185185185185185,0.5283018867924528,0.5517241379310345,0.5714285714285714,0.5614035087719298,14,16,12,13,27,28,26,29,0.5,0.5143153821238325,0.6382416035201094,0.5529100529100529,,,0,uncalibrated_return_rank_score,14
reg__engineered_direction__linear,reg,engineered_direction,55,0.6,0.5985449735449735,0.5966666666666667,0.6086956521739131,0.5185185185185185,0.56,0.59375,0.6785714285714286,0.6333333333333333,14,19,9,13,27,28,23,32,0.5,0.5881346721456919,0.6600518928739623,0.5992063492063492,,,0,uncalibrated_return_rank_score,14
reg__engineered_direction__xgb,reg,engineered_direction,55,0.5636363636363636,0.5661375661375662,0.5564516129032258,0.5428571428571428,0.7037037037037037,0.6129032258064516,0.6,0.42857142857142855,0.5,19,12,16,8,27,28,35,20,0.5,0.5042024271847723,0.5775538715038595,0.5357142857142857,,,0,uncalibrated_return_rank_score,14
reg__engineered_direction__forest,reg,engineered_direction,55,0.41818181818181815,0.4212962962962963,0.40217391304347827,0.43243243243243246,0.5925925925925926,0.5,0.3888888888888889,0.25,0.30434782608695654,16,7,21,11,27,28,37,18,0.5,0.460930490515343,0.5368780167288554,0.44973544973544977,,,0,uncalibrated_return_rank_score,14
reg__engineered_direction__equal_ensemble,reg,engineered_direction,55,0.5636363636363636,0.5628306878306878,0.5623342175066313,0.56,0.5185185185185185,0.5384615384615384,0.5666666666666667,0.6071428571428571,0.5862068965517241,14,17,11,13,27,28,25,30,0.5,0.5246866895840407,0.6232102500410569,0.544973544973545,,,0,uncalibrated_return_rank_score,14
selected_direction,class,engineered_direction,55,0.5818181818181818,0.5886243386243386,0.5180952380952382,0.5416666666666666,0.9629629629629629,0.6933333333333334,0.8571428571428571,0.21428571428571427,0.34285714285714286,26,6,22,1,27,28,48,7,0.4,0.475557634293,0.5763745463497563,0.4933862433862434,0.2614002983215742,0.7184321536188865,0,probability_up,14
selected_return,reg,basic,55,0.5272727272727272,0.5291005291005291,0.5233333333333333,0.5151515151515151,0.6296296296296297,0.5666666666666667,0.5454545454545454,0.42857142857142855,0.48,17,12,16,10,27,28,33,22,0.5,0.4958863930929036,0.5651052148898553,0.5158730158730158,,,0,uncalibrated_return_rank_score,14
baseline_monthly_return,reg,previous,55,0.5454545454545454,0.546957671957672,0.5430375540046527,0.53125,0.6296296296296297,0.576271186440678,0.5652173913043478,0.4642857142857143,0.5098039215686274,17,13,15,10,27,28,32,23,0.5,0.6434072233216315,0.675501974872368,0.6031746031746033,,,0,uncalibrated_return_rank_score,14
baseline_paper_return,reg,previous,55,0.5454545454545454,0.5443121693121693,0.5430375540046527,0.5416666666666666,0.48148148148148145,0.5098039215686274,0.5483870967741935,0.6071428571428571,0.576271186440678,13,17,11,14,27,28,24,31,0.5,0.5616363440504504,0.5932190613527938,0.5621693121693122,,,0,uncalibrated_return_rank_score,14
baseline_mean_return,reg,previous,55,0.4909090909090909,0.5,0.32926829268292684,0.4909090909090909,1.0,0.6585365853658537,0.0,0.0,0.0,27,0,28,0,27,28,55,0,0.5,0.43911154199905844,0.4805955210221012,0.42857142857142855,,,0,uncalibrated_return_rank_score,14
baseline_zero_return,reg,previous,55,0.4909090909090909,0.5,0.32926829268292684,0.4909090909090909,1.0,0.6585365853658537,0.0,0.0,0.0,27,0,28,0,27,28,55,0,0.5,0.4909090909090909,0.509090909090909,0.5,,,0,uncalibrated_return_rank_score,14
baseline_majority,baseline,previous,55,0.509090909090909,0.5,0.3373493975903614,0.0,0.0,0.0,0.509090909090909,1.0,0.6746987951807228,0,28,0,27,27,28,0,55,0.5,0.4435917174022843,0.4788903478883566,0.44047619047619047,0.25035147338795377,0.6938508525711979,0,probability_up,14
always_up,baseline,previous,55,0.4909090909090909,0.5,0.32926829268292684,0.4909090909090909,1.0,0.6585365853658537,0.0,0.0,0.0,27,0,28,0,27,28,55,0,0.5,0.4909090909090909,0.509090909090909,0.5,0.509090909090909,18.349496270823277,0,probability_up,14
always_down,baseline,previous,55,0.509090909090909,0.5,0.3373493975903614,0.0,0.0,0.0,0.509090909090909,1.0,0.6746987951807228,0,28,0,27,27,28,0,55,0.5,0.4909090909090909,0.509090909090909,0.5,0.4909090909090909,17.694157118293873,0,probability_up,14
class__basic__linear,class,basic,55,0.5272727272727272,0.5833333333333334,0.514266304347826,0.7692307692307693,0.30303030303030304,0.43478260869565216,0.4523809523809524,0.8636363636363636,0.59375,10,19,3,23,33,22,13,42,0.5750000000000002,0.7009628978194119,0.5450782495203483,0.6143250688705234,0.30765630643110653,0.8926103177051868,0,probability_up,15
class__basic__xgb,class,basic,55,0.5454545454545454,0.4696969696969697,0.41464452958705833,0.5833333333333334,0.8484848484848485,0.691358024691358,0.2857142857142857,0.09090909090909091,0.13793103448275862,28,2,20,5,33,22,48,7,0.4,0.5303718638983246,0.4187989339269844,0.40909090909090906,0.2704405563286261,0.7351855199492185,0,probability_up,15
class__basic__forest,class,basic,55,0.509090909090909,0.4772727272727273,0.47507953340402975,0.5833333333333334,0.6363636363636364,0.6086956521739131,0.3684210526315789,0.3181818181818182,0.34146341463414637,21,7,15,12,33,22,36,19,0.45000000000000007,0.5732770460440334,0.4643754415352614,0.45592286501377405,0.2731312748636945,0.7413738784994578,0,probability_up,15
class__basic__equal_ensemble,class,basic,55,0.5454545454545454,0.553030303030303,0.5430375540046527,0.6538461538461539,0.5151515151515151,0.576271186440678,0.4482758620689655,0.5909090909090909,0.5098039215686274,17,13,9,16,33,22,26,29,0.4750000000000001,0.6195086199278892,0.5003043506536637,0.5454545454545454,0.2682733584503113,0.7330534838626721,0,probability_up,15
class__direction_core__linear,class,direction_core,55,0.4727272727272727,0.5454545454545454,0.43619653587840224,0.75,0.18181818181818182,0.2926829268292683,0.425531914893617,0.9090909090909091,0.5797101449275363,6,20,2,27,33,22,8,47,0.6500000000000002,0.6592316911082331,0.5330428497272228,0.5909090909090909,0.3273869391391386,0.9506292509151553,0,probability_up,15
class__direction_core__xgb,class,direction_core,55,0.509090909090909,0.4393939393939394,0.39363005308289095,0.5652173913043478,0.7878787878787878,0.6582278481012658,0.2222222222222222,0.09090909090909091,0.12903225806451613,26,2,20,7,33,22,46,9,0.4,0.534733648319958,0.4015458846637578,0.40909090909090906,0.27362882610825806,0.7421582598512311,0,probability_up,15
class__direction_core__forest,class,direction_core,55,0.5636363636363636,0.5075757575757576,0.4891640866873065,0.6046511627906976,0.7878787878787878,0.6842105263157895,0.4166666666666667,0.22727272727272727,0.29411764705882354,26,5,17,7,33,22,43,12,0.4,0.5736417819762848,0.467101945533523,0.46143250688705234,0.27076475575675013,0.7360550600840492,0,probability_up,15
class__direction_core__equal_ensemble,class,direction_core,55,0.509090909090909,0.5227272727272727,0.5084409136047666,0.625,0.45454545454545453,0.5263157894736842,0.41935483870967744,0.5909090909090909,0.49056603773584906,15,13,9,18,33,22,24,31,0.4750000000000001,0.6019166692099862,0.4720421800232632,0.5261707988980716,0.2748947906031473,0.7471158002733022,0,probability_up,15
class__engineered_direction__linear,class,engineered_direction,55,0.4727272727272727,0.5303030303030303,0.45470085470085475,0.6666666666666666,0.24242424242424243,0.35555555555555557,0.4186046511627907,0.8181818181818182,0.5538461538461539,8,18,4,25,33,22,12,43,0.6500000000000002,0.6300215661963872,0.5118902207320813,0.5647382920110193,0.3514324300349773,1.0660365252783768,0,probability_up,15
class__engineered_direction__xgb,class,engineered_direction,55,0.5636363636363636,0.5,0.47115384615384615,0.6,0.8181818181818182,0.6923076923076923,0.4,0.18181818181818182,0.25,27,4,18,6,33,22,45,10,0.4,0.5958730412594058,0.4523144054435811,0.4944903581267217,0.2640926581875054,0.7245608022102725,0,probability_up,15
class__engineered_direction__forest,class,engineered_direction,55,0.5636363636363636,0.553030303030303,0.5516304347826086,0.6451612903225806,0.6060606060606061,0.625,0.4583333333333333,0.5,0.4782608695652174,20,11,11,13,33,22,31,24,0.45000000000000007,0.5592571846064632,0.4805237398920782,0.48484848484848486,0.27019995302530075,0.7367822644421471,0,probability_up,15
class__engineered_direction__equal_ensemble,class,engineered_direction,55,0.4909090909090909,0.5303030303030303,0.4866666666666667,0.6470588235294118,0.3333333333333333,0.44,0.42105263157894735,0.7272727272727273,0.5333333333333333,11,16,6,22,33,22,17,38,0.5250000000000001,0.6048031446564853,0.46551401178888796,0.5289256198347108,0.27851620548268086,0.757034506832841,0,probability_up,15
reg__basic__linear,reg,basic,55,0.5818181818181818,0.6060606060606061,0.5818181818181818,0.7272727272727273,0.48484848484848486,0.5818181818181818,0.48484848484848486,0.7272727272727273,0.5818181818181818,16,16,6,17,33,22,22,33,0.5,0.7540548191024103,0.5721920639638061,0.6446280991735537,,,0,uncalibrated_return_rank_score,15
reg__basic__xgb,reg,basic,55,0.6,0.5757575757575758,0.5763305322128851,0.6571428571428571,0.696969696969697,0.6764705882352942,0.5,0.45454545454545453,0.47619047619047616,23,10,12,10,33,22,35,20,0.5,0.6181924613069005,0.5256437707835003,0.5619834710743802,,,0,uncalibrated_return_rank_score,15
reg__basic__forest,reg,basic,55,0.5454545454545454,0.5227272727272727,0.5227351614022909,0.6176470588235294,0.6363636363636364,0.6268656716417911,0.42857142857142855,0.4090909090909091,0.4186046511627907,21,9,13,12,33,22,34,21,0.5,0.5682344421892879,0.4236030066874853,0.48071625344352614,,,0,uncalibrated_return_rank_score,15
reg__basic__equal_ensemble,reg,basic,55,0.5272727272727272,0.5378787878787878,0.5258620689655172,0.64,0.48484848484848486,0.5517241379310345,0.43333333333333335,0.5909090909090909,0.5,16,13,9,17,33,22,25,30,0.5,0.6792861864259719,0.53997427802302,0.5977961432506886,,,0,uncalibrated_return_rank_score,15
reg__direction_core__linear,reg,direction_core,55,0.5636363636363636,0.5909090909090909,0.5634920634920635,0.7142857142857143,0.45454545454545453,0.5555555555555556,0.47058823529411764,0.7272727272727273,0.5714285714285714,15,16,6,18,33,22,21,34,0.5,0.7439007875126443,0.5419799469980214,0.6253443526170799,,,0,uncalibrated_return_rank_score,15
reg__direction_core__xgb,reg,direction_core,55,0.6,0.5757575757575758,0.5763305322128851,0.6571428571428571,0.696969696969697,0.6764705882352942,0.5,0.45454545454545453,0.47619047619047616,23,10,12,10,33,22,35,20,0.5,0.6367911846820987,0.5066874411369197,0.5619834710743802,,,0,uncalibrated_return_rank_score,15
reg__direction_core__forest,reg,direction_core,55,0.5272727272727272,0.5,0.4992997198879552,0.6,0.6363636363636364,0.6176470588235294,0.4,0.36363636363636365,0.38095238095238093,21,8,14,12,33,22,35,20,0.5,0.583230709563536,0.42455171096950495,0.48622589531680444,,,0,uncalibrated_return_rank_score,15
reg__direction_core__equal_ensemble,reg,direction_core,55,0.5454545454545454,0.5454545454545454,0.5399799263967882,0.6428571428571429,0.5454545454545454,0.5901639344262295,0.4444444444444444,0.5454545454545454,0.4897959183673469,18,12,10,15,33,22,28,27,0.5,0.697351978185145,0.5333232818276052,0.5964187327823691,,,0,uncalibrated_return_rank_score,15
reg__engineered_direction__linear,reg,engineered_direction,55,0.5818181818181818,0.6060606060606061,0.5818181818181818,0.7272727272727273,0.48484848484848486,0.5818181818181818,0.48484848484848486,0.7272727272727273,0.5818181818181818,16,16,6,17,33,22,22,33,0.5,0.7176900787792142,0.537433069426372,0.6336088154269973,,,0,uncalibrated_return_rank_score,15
reg__engineered_direction__xgb,reg,engineered_direction,55,0.6363636363636364,0.5984848484848485,0.597953216374269,0.6666666666666666,0.7878787878787878,0.7222222222222222,0.5625,0.4090909090909091,0.47368421052631576,26,9,13,7,33,22,39,16,0.5,0.6454806033186163,0.5402141046227169,0.6088154269972452,,,0,uncalibrated_return_rank_score,15
reg__engineered_direction__forest,reg,engineered_direction,55,0.5636363636363636,0.5227272727272727,0.5175438596491228,0.6153846153846154,0.7272727272727273,0.6666666666666666,0.4375,0.3181818181818182,0.3684210526315789,24,7,15,9,33,22,39,16,0.5,0.5872799304543447,0.4506285707246734,0.5151515151515152,,,0,uncalibrated_return_rank_score,15
reg__engineered_direction__equal_ensemble,reg,engineered_direction,55,0.6363636363636364,0.6363636363636364,0.6303763440860215,0.7241379310344828,0.6363636363636364,0.6774193548387096,0.5384615384615384,0.6363636363636364,0.5833333333333334,21,14,8,12,33,22,29,26,0.5,0.6631491744783455,0.5274575011965174,0.615702479338843,,,0,uncalibrated_return_rank_score,15
selected_direction,class,engineered_direction,55,0.5636363636363636,0.5,0.47115384615384615,0.6,0.8181818181818182,0.6923076923076923,0.4,0.18181818181818182,0.25,27,4,18,6,33,22,45,10,0.4,0.5958730412594058,0.4523144054435811,0.4944903581267217,0.2640926581875054,0.7245608022102725,0,probability_up,15
selected_return,reg,basic,55,0.6,0.5757575757575758,0.5763305322128851,0.6571428571428571,0.696969696969697,0.6764705882352942,0.5,0.45454545454545453,0.47619047619047616,23,10,12,10,33,22,35,20,0.5,0.6181924613069005,0.5256437707835003,0.5619834710743802,,,0,uncalibrated_return_rank_score,15
baseline_monthly_return,reg,previous,55,0.6181818181818182,0.5833333333333334,0.5828819068255688,0.6578947368421053,0.7575757575757576,0.704225352112676,0.5294117647058824,0.4090909090909091,0.46153846153846156,25,9,13,8,33,22,38,17,0.5,0.6206602578855284,0.5873241058684706,0.5633608815426998,,,0,uncalibrated_return_rank_score,15
baseline_paper_return,reg,previous,55,0.509090909090909,0.5227272727272727,0.5084409136047666,0.625,0.45454545454545453,0.5263157894736842,0.41935483870967744,0.5909090909090909,0.49056603773584906,15,13,9,18,33,22,24,31,0.5,0.6353939177249549,0.5299198781192995,0.5619834710743802,,,0,uncalibrated_return_rank_score,15
baseline_mean_return,reg,previous,55,0.6,0.5,0.375,0.6,1.0,0.75,0.0,0.0,0.0,33,0,22,0,33,22,55,0,0.5,0.5448696837078508,0.3651570249857193,0.4228650137741046,,,0,uncalibrated_return_rank_score,15
baseline_zero_return,reg,previous,55,0.6,0.5,0.375,0.6,1.0,0.75,0.0,0.0,0.0,33,0,22,0,33,22,55,0,0.5,0.6,0.4,0.5,,,0,uncalibrated_return_rank_score,15
baseline_majority,baseline,previous,55,0.4,0.5,0.2857142857142857,0.0,0.0,0.0,0.4,1.0,0.5714285714285714,0,22,0,33,33,22,0,55,0.5,0.538765053365903,0.35846011313302967,0.41460055096418735,0.25390103347231124,0.7009530113069146,0,probability_up,15
always_up,baseline,previous,55,0.6,0.5,0.375,0.6,1.0,0.75,0.0,0.0,0.0,33,0,22,0,33,22,55,0,0.5,0.6,0.4,0.5,0.4,14.41746135564686,0,probability_up,15
always_down,baseline,previous,55,0.4,0.5,0.2857142857142857,0.0,0.0,0.0,0.4,1.0,0.5714285714285714,0,22,0,33,33,22,0,55,0.5,0.6,0.4,0.5,0.6,21.626192033470303,0,probability_up,15
class__basic__linear,class,basic,55,0.5272727272727272,0.5833333333333334,0.514266304347826,0.7692307692307693,0.30303030303030304,0.43478260869565216,0.4523809523809524,0.8636363636363636,0.59375,10,19,3,23,33,22,13,42,0.5750000000000002,0.7009628978194119,0.5450782495203483,0.6143250688705234,0.3081777130853784,0.893905013340539,0,probability_up,16
class__basic__xgb,class,basic,55,0.5454545454545454,0.4696969696969697,0.41464452958705833,0.5833333333333334,0.8484848484848485,0.691358024691358,0.2857142857142857,0.09090909090909091,0.13793103448275862,28,2,20,5,33,22,48,7,0.4,0.5303718638983246,0.4187989339269844,0.40909090909090906,0.2704405563286261,0.7351855199492185,0,probability_up,16
class__basic__forest,class,basic,55,0.509090909090909,0.4772727272727273,0.47507953340402975,0.5833333333333334,0.6363636363636364,0.6086956521739131,0.3684210526315789,0.3181818181818182,0.34146341463414637,21,7,15,12,33,22,36,19,0.45000000000000007,0.5732770460440334,0.4643754415352614,0.45592286501377405,0.2731312748636945,0.7413738784994578,0,probability_up,16
class__basic__equal_ensemble,class,basic,55,0.5636363636363636,0.5757575757575757,0.5623342175066313,0.68,0.5151515151515151,0.5862068965517241,0.4666666666666667,0.6363636363636364,0.5384615384615384,17,14,8,16,33,22,25,30,0.4750000000000001,0.6195086199278892,0.5003043506536637,0.5454545454545454,0.2684388398690613,0.7334438635438838,0,probability_up,16
class__direction_core__linear,class,direction_core,55,0.4727272727272727,0.5454545454545454,0.43619653587840224,0.75,0.18181818181818182,0.2926829268292683,0.425531914893617,0.9090909090909091,0.5797101449275363,6,20,2,27,33,22,8,47,0.6500000000000002,0.6607901028833632,0.5330627084427337,0.5922865013774105,0.3281681331176359,0.9535110464833989,0,probability_up,16
class__direction_core__xgb,class,direction_core,55,0.509090909090909,0.4393939393939394,0.39363005308289095,0.5652173913043478,0.7878787878787878,0.6582278481012658,0.2222222222222222,0.09090909090909091,0.12903225806451613,26,2,20,7,33,22,46,9,0.4,0.5352875746803359,0.4021752552931284,0.41046831955922863,0.2735363245177057,0.7419890027710292,0,probability_up,16
class__direction_core__forest,class,direction_core,55,0.5636363636363636,0.5075757575757576,0.4891640866873065,0.6046511627906976,0.7878787878787878,0.6842105263157895,0.4166666666666667,0.22727272727272727,0.29411764705882354,26,5,17,7,33,22,43,12,0.4,0.5736417819762848,0.467101945533523,0.46143250688705234,0.2709445093798189,0.736450298692655,0,probability_up,16
class__direction_core__equal_ensemble,class,direction_core,55,0.509090909090909,0.5227272727272727,0.5084409136047666,0.625,0.45454545454545453,0.5263157894736842,0.41935483870967744,0.5909090909090909,0.49056603773584906,15,13,9,18,33,22,24,31,0.4750000000000001,0.6031563386314738,0.47071567385485985,0.5261707988980716,0.2751075412819825,0.7477054732751937,0,probability_up,16
class__engineered_direction__linear,class,engineered_direction,55,0.4727272727272727,0.5303030303030303,0.45470085470085475,0.6666666666666666,0.24242424242424243,0.35555555555555557,0.4186046511627907,0.8181818181818182,0.5538461538461539,8,18,4,25,33,22,12,43,0.6500000000000002,0.6313792993723022,0.5139289907855572,0.5674931129476584,0.3504610250708503,1.0636196737993115,0,probability_up,16
class__engineered_direction__xgb,class,engineered_direction,55,0.5636363636363636,0.5,0.47115384615384615,0.6,0.8181818181818182,0.6923076923076923,0.4,0.18181818181818182,0.25,27,4,18,6,33,22,45,10,0.4,0.5955046514792514,0.44776895089812646,0.49311294765840213,0.26430385466248635,0.7250115345836636,0,probability_up,16
class__engineered_direction__forest,class,engineered_direction,55,0.5636363636363636,0.553030303030303,0.5516304347826086,0.6451612903225806,0.6060606060606061,0.625,0.4583333333333333,0.5,0.4782608695652174,20,11,11,13,33,22,31,24,0.45000000000000007,0.5585233505392958,0.47984453404045857,0.48347107438016523,0.2703452923303754,0.7370913541305162,0,probability_up,16
class__engineered_direction__equal_ensemble,class,engineered_direction,55,0.4909090909090909,0.5303030303030303,0.4866666666666667,0.6470588235294118,0.3333333333333333,0.44,0.42105263157894735,0.7272727272727273,0.5333333333333333,11,16,6,22,33,22,17,38,0.5250000000000001,0.6057600824555283,0.46602588730076344,0.5303030303030304,0.2782756190190377,0.7565820358751411,0,probability_up,16
reg__basic__linear,reg,basic,55,0.5818181818181818,0.6060606060606061,0.5818181818181818,0.7272727272727273,0.48484848484848486,0.5818181818181818,0.48484848484848486,0.7272727272727273,0.5818181818181818,16,16,6,17,33,22,22,33,0.5,0.7556421206897119,0.572693594953142,0.6460055096418732,,,0,uncalibrated_return_rank_score,16
reg__basic__xgb,reg,basic,55,0.6,0.5757575757575758,0.5763305322128851,0.6571428571428571,0.696969696969697,0.6764705882352942,0.5,0.45454545454545453,0.47619047619047616,23,10,12,10,33,22,35,20,0.5,0.6181924613069005,0.5256437707835003,0.5619834710743802,,,0,uncalibrated_return_rank_score,16
reg__basic__forest,reg,basic,55,0.5454545454545454,0.5227272727272727,0.5227351614022909,0.6176470588235294,0.6363636363636364,0.6268656716417911,0.42857142857142855,0.4090909090909091,0.4186046511627907,21,9,13,12,33,22,34,21,0.5,0.5682344421892879,0.4236030066874853,0.48071625344352614,,,0,uncalibrated_return_rank_score,16
reg__basic__equal_ensemble,reg,basic,55,0.5272727272727272,0.5378787878787878,0.5258620689655172,0.64,0.48484848484848486,0.5517241379310345,0.43333333333333335,0.5909090909090909,0.5,16,13,9,17,33,22,25,30,0.5,0.6786144443749196,0.5392527773015193,0.5964187327823691,,,0,uncalibrated_return_rank_score,16
reg__direction_core__linear,reg,direction_core,55,0.5636363636363636,0.5909090909090909,0.5634920634920635,0.7142857142857143,0.45454545454545453,0.5555555555555556,0.47058823529411764,0.7272727272727273,0.5714285714285714,15,16,6,18,33,22,21,34,0.5,0.7424577860696429,0.5415048123765455,0.6239669421487604,,,0,uncalibrated_return_rank_score,16
reg__direction_core__xgb,reg,direction_core,55,0.6,0.5757575757575758,0.5763305322128851,0.6571428571428571,0.696969696969697,0.6764705882352942,0.5,0.45454545454545453,0.47619047619047616,23,10,12,10,33,22,35,20,0.5,0.6367911846820987,0.5066874411369197,0.5619834710743802,,,0,uncalibrated_return_rank_score,16
reg__direction_core__forest,reg,direction_core,55,0.5272727272727272,0.5,0.4992997198879552,0.6,0.6363636363636364,0.6176470588235294,0.4,0.36363636363636365,0.38095238095238093,21,8,14,12,33,22,35,20,0.5,0.5824072576531275,0.42394909388961516,0.4848484848484848,,,0,uncalibrated_return_rank_score,16
reg__direction_core__equal_ensemble,reg,direction_core,55,0.5454545454545454,0.5454545454545454,0.5399799263967882,0.6428571428571429,0.5454545454545454,0.5901639344262295,0.4444444444444444,0.5454545454545454,0.4897959183673469,18,12,10,15,33,22,28,27,0.5,0.6930161295805218,0.531115853823968,0.5909090909090908,,,0,uncalibrated_return_rank_score,16
reg__engineered_direction__linear,reg,engineered_direction,55,0.5818181818181818,0.6060606060606061,0.5818181818181818,0.7272727272727273,0.48484848484848486,0.5818181818181818,0.48484848484848486,0.7272727272727273,0.5818181818181818,16,16,6,17,33,22,22,33,0.5,0.7208916212828161,0.5392514928955132,0.637741046831956,,,0,uncalibrated_return_rank_score,16
reg__engineered_direction__xgb,reg,engineered_direction,55,0.6363636363636364,0.5984848484848485,0.597953216374269,0.6666666666666666,0.7878787878787878,0.7222222222222222,0.5625,0.4090909090909091,0.47368421052631576,26,9,13,7,33,22,39,16,0.5,0.643824829898137,0.5351165705778144,0.606060606060606,,,0,uncalibrated_return_rank_score,16
reg__engineered_direction__forest,reg,engineered_direction,55,0.5636363636363636,0.5227272727272727,0.5175438596491228,0.6153846153846154,0.7272727272727273,0.6666666666666666,0.4375,0.3181818181818182,0.3684210526315789,24,7,15,9,33,22,39,16,0.5,0.5861144292888435,0.4502258726475567,0.5137741046831956,,,0,uncalibrated_return_rank_score,16
reg__engineered_direction__equal_ensemble,reg,engineered_direction,55,0.6363636363636364,0.6363636363636364,0.6303763440860215,0.7241379310344828,0.6363636363636364,0.6774193548387096,0.5384615384615384,0.6363636363636364,0.5833333333333334,21,14,8,12,33,22,29,26,0.5,0.6631491744783455,0.5274575011965174,0.615702479338843,,,0,uncalibrated_return_rank_score,16
selected_direction,class,engineered_direction,55,0.5636363636363636,0.5,0.47115384615384615,0.6,0.8181818181818182,0.6923076923076923,0.4,0.18181818181818182,0.25,27,4,18,6,33,22,45,10,0.4,0.5955046514792514,0.44776895089812646,0.49311294765840213,0.26430385466248635,0.7250115345836636,0,probability_up,16
selected_return,reg,basic,55,0.6,0.5757575757575758,0.5763305322128851,0.6571428571428571,0.696969696969697,0.6764705882352942,0.5,0.45454545454545453,0.47619047619047616,23,10,12,10,33,22,35,20,0.5,0.6181924613069005,0.5256437707835003,0.5619834710743802,,,0,uncalibrated_return_rank_score,16
baseline_monthly_return,reg,previous,55,0.6181818181818182,0.5833333333333334,0.5828819068255688,0.6578947368421053,0.7575757575757576,0.704225352112676,0.5294117647058824,0.4090909090909091,0.46153846153846156,25,9,13,8,33,22,38,17,0.5,0.6201613665329785,0.5856195604139252,0.5619834710743802,,,0,uncalibrated_return_rank_score,16
baseline_paper_return,reg,previous,55,0.509090909090909,0.5227272727272727,0.5084409136047666,0.625,0.45454545454545453,0.5263157894736842,0.41935483870967744,0.5909090909090909,0.49056603773584906,15,13,9,18,33,22,24,31,0.5,0.6343045931062185,0.529429140786457,0.5606060606060607,,,0,uncalibrated_return_rank_score,16
baseline_mean_return,reg,previous,55,0.6,0.5,0.375,0.6,1.0,0.75,0.0,0.0,0.0,33,0,22,0,33,22,55,0,0.5,0.5448696837078508,0.3651570249857193,0.4228650137741046,,,0,uncalibrated_return_rank_score,16
baseline_zero_return,reg,previous,55,0.6,0.5,0.375,0.6,1.0,0.75,0.0,0.0,0.0,33,0,22,0,33,22,55,0,0.5,0.6,0.4,0.5,,,0,uncalibrated_return_rank_score,16
baseline_majority,baseline,previous,55,0.4,0.5,0.2857142857142857,0.0,0.0,0.0,0.4,1.0,0.5714285714285714,0,22,0,33,33,22,0,55,0.5,0.538765053365903,0.35846011313302967,0.41460055096418735,0.25390103347231124,0.7009530113069146,0,probability_up,16
always_up,baseline,previous,55,0.6,0.5,0.375,0.6,1.0,0.75,0.0,0.0,0.0,33,0,22,0,33,22,55,0,0.5,0.6,0.4,0.5,0.4,14.41746135564686,0,probability_up,16
always_down,baseline,previous,55,0.4,0.5,0.2857142857142857,0.0,0.0,0.0,0.4,1.0,0.5714285714285714,0,22,0,33,33,22,0,55,0.5,0.6,0.4,0.5,0.6,21.626192033470303,0,probability_up,16
class__basic__linear,class,basic,55,0.4727272727272727,0.5227272727272727,0.4613306315433975,0.6428571428571429,0.2727272727272727,0.3829787234042553,0.4146341463414634,0.7727272727272727,0.5396825396825397,9,17,5,24,33,22,14,41,0.5750000000000002,0.6445442332823756,0.5401708460639973,0.559228650137741,0.33564562096662726,0.9576030469458179,0,probability_up,17
class__basic__xgb,class,basic,55,0.5636363636363636,0.49242424242424243,0.44999999999999996,0.5957446808510638,0.8484848484848485,0.7,0.375,0.13636363636363635,0.2,28,3,19,5,33,22,47,8,0.4,0.5202510547344088,0.4189978796918057,0.3953168044077135,0.2731168128488098,0.7407171015044917,0,probability_up,17
class__basic__forest,class,basic,55,0.4727272727272727,0.4393939393939394,0.43619653587840224,0.5555555555555556,0.6060606060606061,0.5797101449275363,0.3157894736842105,0.2727272727272727,0.2926829268292683,20,6,16,13,33,22,36,19,0.45000000000000007,0.5652795375338885,0.4419399184389831,0.4366391184573003,0.27626138247566523,0.7477116189411296,0,probability_up,17
class__basic__equal_ensemble,class,basic,55,0.4909090909090909,0.5,0.4893899204244032,0.6,0.45454545454545453,0.5172413793103449,0.4,0.5454545454545454,0.46153846153846156,15,12,10,18,33,22,25,30,0.4750000000000001,0.5826643532394852,0.485828653781623,0.49449035812672176,0.27875975740873826,0.754194352990553,0,probability_up,17
class__direction_core__linear,class,direction_core,55,0.4,0.4696969696969697,0.3584305408271474,0.5,0.12121212121212122,0.1951219512195122,0.3829787234042553,0.8181818181818182,0.5217391304347826,4,18,4,29,33,22,8,47,0.6500000000000002,0.6289171418679523,0.5336259014951045,0.546831955922865,0.35062029600959943,1.0021568463506678,0,probability_up,17
class__direction_core__xgb,class,direction_core,55,0.5272727272727272,0.4621212121212121,0.4270833333333333,0.5777777777777777,0.7878787878787878,0.6666666666666666,0.3,0.13636363636363635,0.1875,26,3,19,7,33,22,45,10,0.4,0.5286158168110998,0.3877645733668301,0.40082644628099173,0.27586343071297637,0.7467264953470524,0,probability_up,17
class__direction_core__forest,class,direction_core,55,0.5636363636363636,0.5075757575757576,0.4891640866873065,0.6046511627906976,0.7878787878787878,0.6842105263157895,0.4166666666666667,0.22727272727272727,0.29411764705882354,26,5,17,7,33,22,43,12,0.4,0.5553862505205852,0.44356908983142446,0.45041322314049587,0.2727787061137556,0.7403590475914593,0,probability_up,17
class__direction_core__equal_ensemble,class,direction_core,55,0.45454545454545453,0.46969696969696967,0.45436507936507936,0.5652173913043478,0.3939393939393939,0.4642857142857143,0.375,0.5454545454545454,0.4444444444444444,13,12,10,20,33,22,23,32,0.4750000000000001,0.5719508226498806,0.47232004230192387,0.49035812672176304,0.28371968161304284,0.7651235950403061,0,probability_up,17
class__engineered_direction__linear,class,engineered_direction,55,0.45454545454545453,0.5227272727272727,0.4222689075630252,0.6666666666666666,0.18181818181818182,0.2857142857142857,0.41304347826086957,0.8636363636363636,0.5588235294117647,6,19,3,27,33,22,9,46,0.6500000000000002,0.6163589448191222,0.5069610313513999,0.5440771349862259,0.3641575758548038,1.094073457156781,0,probability_up,17
class__engineered_direction__xgb,class,engineered_direction,55,0.5636363636363636,0.5,0.47115384615384615,0.6,0.8181818181818182,0.6923076923076923,0.4,0.18181818181818182,0.25,27,4,18,6,33,22,45,10,0.4,0.5978241325904039,0.4261842606127365,0.4986225895316804,0.2629849284424958,0.7226981110769374,0,probability_up,17
class__engineered_direction__forest,class,engineered_direction,55,0.5272727272727272,0.5075757575757576,0.5075757575757576,0.6060606060606061,0.6060606060606061,0.6060606060606061,0.4090909090909091,0.4090909090909091,0.4090909090909091,20,9,13,13,33,22,33,22,0.45000000000000007,0.5436629108842697,0.45405422369726517,0.4435261707988981,0.2766545324029633,0.7499394943873879,0,probability_up,17
class__engineered_direction__equal_ensemble,class,engineered_direction,55,0.45454545454545453,0.49242424242424243,0.45,0.5882352941176471,0.30303030303030304,0.4,0.39473684210526316,0.6818181818181818,0.5,10,15,7,23,33,22,17,38,0.5250000000000001,0.5892543164352164,0.4639332030004858,0.5082644628099173,0.284034951831259,0.7683279709690126,0,probability_up,17
reg__basic__linear,reg,basic,55,0.4727272727272727,0.5,0.47202912942734193,0.6,0.36363636363636365,0.4528301886792453,0.4,0.6363636363636364,0.49122807017543857,12,14,8,21,33,22,20,35,0.5,0.7228143495250998,0.565355724003209,0.5991735537190083,,,0,uncalibrated_return_rank_score,17
reg__basic__xgb,reg,basic,55,0.5636363636363636,0.5378787878787878,0.5378151260504201,0.6285714285714286,0.6666666666666666,0.6470588235294118,0.45,0.4090909090909091,0.42857142857142855,22,9,13,11,33,22,35,20,0.5,0.5963294698041818,0.47067077294828824,0.5192837465564739,,,0,uncalibrated_return_rank_score,17
reg__basic__forest,reg,basic,55,0.5454545454545454,0.5227272727272727,0.5227351614022909,0.6176470588235294,0.6363636363636364,0.6268656716417911,0.42857142857142855,0.4090909090909091,0.4186046511627907,21,9,13,12,33,22,34,21,0.5,0.5624143524770692,0.4432474377028871,0.4724517906336088,,,0,uncalibrated_return_rank_score,17
reg__basic__equal_ensemble,reg,basic,55,0.4727272727272727,0.4772727272727273,0.46992356264539714,0.5769230769230769,0.45454545454545453,0.5084745762711864,0.3793103448275862,0.5,0.43137254901960786,15,11,11,18,33,22,26,29,0.5,0.6521344659923007,0.5305954201337622,0.5537190082644627,,,0,uncalibrated_return_rank_score,17
reg__direction_core__linear,reg,direction_core,55,0.4727272727272727,0.5,0.47202912942734193,0.6,0.36363636363636365,0.4528301886792453,0.4,0.6363636363636364,0.49122807017543857,12,14,8,21,33,22,20,35,0.5,0.7118535623793913,0.5307662628199825,0.5840220385674931,,,0,uncalibrated_return_rank_score,17
reg__direction_core__xgb,reg,direction_core,55,0.5636363636363636,0.5378787878787878,0.5378151260504201,0.6285714285714286,0.6666666666666666,0.6470588235294118,0.45,0.4090909090909091,0.42857142857142855,22,9,13,11,33,22,35,20,0.5,0.6133748456843673,0.440057596633423,0.5137741046831956,,,0,uncalibrated_return_rank_score,17
reg__direction_core__forest,reg,direction_core,55,0.5272727272727272,0.5,0.4992997198879552,0.6,0.6363636363636364,0.6176470588235294,0.4,0.36363636363636365,0.38095238095238093,21,8,14,12,33,22,35,20,0.5,0.5799393507966716,0.44417929240277115,0.47796143250688705,,,0,uncalibrated_return_rank_score,17
reg__direction_core__equal_ensemble,reg,direction_core,55,0.4727272727272727,0.4772727272727273,0.46992356264539714,0.5769230769230769,0.45454545454545453,0.5084745762711864,0.3793103448275862,0.5,0.43137254901960786,15,11,11,18,33,22,26,29,0.5,0.6692107823130559,0.5170569285273756,0.5523415977961433,,,0,uncalibrated_return_rank_score,17
reg__engineered_direction__linear,reg,engineered_direction,55,0.5454545454545454,0.5606060606060606,0.5448526977821913,0.6666666666666666,0.48484848484848486,0.5614035087719298,0.45161290322580644,0.6363636363636364,0.5283018867924528,16,14,8,17,33,22,24,31,0.5,0.6901494765232913,0.5107852698125476,0.5909090909090909,,,0,uncalibrated_return_rank_score,17
reg__engineered_direction__xgb,reg,engineered_direction,55,0.6363636363636364,0.5984848484848485,0.597953216374269,0.6666666666666666,0.7878787878787878,0.7222222222222222,0.5625,0.4090909090909091,0.47368421052631576,26,9,13,7,33,22,39,16,0.5,0.6117110571727171,0.49513817500453067,0.5633608815426998,,,0,uncalibrated_return_rank_score,17
reg__engineered_direction__forest,reg,engineered_direction,55,0.5454545454545454,0.5,0.4909292854498334,0.6,0.7272727272727273,0.6575342465753424,0.4,0.2727272727272727,0.32432432432432434,24,6,16,9,33,22,40,15,0.5,0.566973763273094,0.4308574465283574,0.47796143250688705,,,0,uncalibrated_return_rank_score,17
reg__engineered_direction__equal_ensemble,reg,engineered_direction,55,0.6181818181818182,0.606060606060606,0.6051282051282052,0.6875,0.6666666666666666,0.676923076923077,0.5217391304347826,0.5454545454545454,0.5333333333333333,22,12,10,11,33,22,32,23,0.5,0.6242572099662325,0.501318103829632,0.5647382920110193,,,0,uncalibrated_return_rank_score,17
selected_direction,class,engineered_direction,55,0.5636363636363636,0.5,0.47115384615384615,0.6,0.8181818181818182,0.6923076923076923,0.4,0.18181818181818182,0.25,27,4,18,6,33,22,45,10,0.4,0.5978241325904039,0.4261842606127365,0.4986225895316804,0.2629849284424958,0.7226981110769374,0,probability_up,17
selected_return,reg,basic,55,0.5636363636363636,0.5378787878787878,0.5378151260504201,0.6285714285714286,0.6666666666666666,0.6470588235294118,0.45,0.4090909090909091,0.42857142857142855,22,9,13,11,33,22,35,20,0.5,0.5963294698041818,0.47067077294828824,0.5192837465564739,,,0,uncalibrated_return_rank_score,17
baseline_monthly_return,reg,previous,55,0.5818181818181818,0.5454545454545454,0.5431563741422896,0.631578947368421,0.7272727272727273,0.676056338028169,0.47058823529411764,0.36363636363636365,0.41025641025641024,24,8,14,9,33,22,38,17,0.5,0.613959803127869,0.5503542753802864,0.5358126721763086,,,0,uncalibrated_return_rank_score,17
baseline_paper_return,reg,previous,55,0.4909090909090909,0.5,0.4893899204244032,0.6,0.45454545454545453,0.5172413793103449,0.4,0.5454545454545454,0.46153846153846156,15,12,10,18,33,22,25,30,0.5,0.6189225157549266,0.4955121351884976,0.5261707988980717,,,0,uncalibrated_return_rank_score,17
baseline_mean_return,reg,previous,55,0.6,0.5,0.375,0.6,1.0,0.75,0.0,0.0,0.0,33,0,22,0,33,22,55,0,0.5,0.5465084623864778,0.3672614020900964,0.42699724517906334,,,0,uncalibrated_return_rank_score,17
baseline_zero_return,reg,previous,55,0.6,0.5,0.375,0.6,1.0,0.75,0.0,0.0,0.0,33,0,22,0,33,22,55,0,0.5,0.6,0.4,0.5,,,0,uncalibrated_return_rank_score,17
baseline_majority,baseline,previous,55,0.4,0.5,0.2857142857142857,0.0,0.0,0.0,0.4,1.0,0.5714285714285714,0,22,0,33,33,22,0,55,0.5,0.5371416767425263,0.3561797847657448,0.4104683195592287,0.2539251409014344,0.7010012849369984,0,probability_up,17
always_up,baseline,previous,55,0.6,0.5,0.375,0.6,1.0,0.75,0.0,0.0,0.0,33,0,22,0,33,22,55,0,0.5,0.6,0.4,0.5,0.4,14.41746135564686,0,probability_up,17
always_down,baseline,previous,55,0.4,0.5,0.2857142857142857,0.0,0.0,0.0,0.4,1.0,0.5714285714285714,0,22,0,33,33,22,0,55,0.5,0.6,0.4,0.5,0.6,21.626192033470303,0,probability_up,17
class__basic__linear,class,basic,55,0.4909090909090909,0.5319293478260869,0.47690217391304346,0.6428571428571429,0.28125,0.391304347826087,0.43902439024390244,0.782608695652174,0.5625,9,18,5,23,32,23,14,41,0.5750000000000002,0.6332637509481345,0.5484705926702838,0.5597826086956521,0.3294834419146828,0.9447371053575228,0,probability_up,18
class__basic__xgb,class,basic,55,0.5818181818181818,0.5244565217391304,0.48346263781135157,0.5957446808510638,0.875,0.7088607594936709,0.5,0.17391304347826086,0.25806451612903225,28,4,19,4,32,23,47,8,0.4,0.5163232179756726,0.4612383544468064,0.4279891304347826,0.26861804462111954,0.7315285395924621,0,probability_up,18
class__basic__forest,class,basic,55,0.4909090909090909,0.46467391304347827,0.4607843137254902,0.5555555555555556,0.625,0.5882352941176471,0.3684210526315789,0.30434782608695654,0.3333333333333333,20,7,16,12,32,23,36,19,0.45000000000000007,0.5638473008596003,0.5237384255214315,0.4728260869565218,0.2688258577349793,0.7319168468642677,0,probability_up,18
class__basic__equal_ensemble,class,basic,55,0.509090909090909,0.5169836956521738,0.5084409136047666,0.6,0.46875,0.5263157894736842,0.43333333333333335,0.5652173913043478,0.49056603773584906,15,13,10,17,32,23,25,30,0.4750000000000001,0.577426060351908,0.5100683060866971,0.5149456521739131,0.272726098035339,0.7416479384621474,0,probability_up,18
class__direction_core__linear,class,direction_core,55,0.41818181818181815,0.47554347826086957,0.37142857142857144,0.5,0.125,0.2,0.40425531914893614,0.8260869565217391,0.5428571428571428,4,19,4,28,32,23,8,47,0.6500000000000002,0.6226061732636281,0.5504606960004103,0.5597826086956522,0.34033309429657865,0.978824317978194,0,probability_up,18
class__direction_core__xgb,class,direction_core,55,0.5454545454545454,0.49320652173913043,0.4588744588744589,0.5777777777777777,0.8125,0.6753246753246753,0.4,0.17391304347826086,0.24242424242424243,26,4,19,6,32,23,45,10,0.4,0.5253361100374956,0.4398352513568005,0.4347826086956522,0.2708338961675218,0.736398384500326,0,probability_up,18
class__direction_core__forest,class,direction_core,55,0.5818181818181818,0.5366847826086957,0.5180952380952382,0.6046511627906976,0.8125,0.6933333333333334,0.5,0.2608695652173913,0.34285714285714286,26,6,17,6,32,23,43,12,0.4,0.5529325979148806,0.498629935044856,0.4836956521739131,0.2676513471958178,0.7298186572943174,0,probability_up,18
class__direction_core__equal_ensemble,class,direction_core,55,0.4727272727272727,0.4857336956521739,0.4727272727272727,0.5652173913043478,0.40625,0.4727272727272727,0.40625,0.5652173913043478,0.4727272727272727,13,13,10,19,32,23,23,32,0.4750000000000001,0.5664498991794983,0.4981634257116404,0.5108695652173914,0.2768826720506013,0.7507432817873585,0,probability_up,18
class__engineered_direction__linear,class,engineered_direction,55,0.4727272727272727,0.5285326086956521,0.43619653587840224,0.6666666666666666,0.1875,0.2926829268292683,0.43478260869565216,0.8695652173913043,0.5797101449275363,6,20,3,26,32,23,9,46,0.6500000000000002,0.610600847483198,0.5281119437450025,0.5597826086956522,0.3509923040277619,1.0606669608986015,0,probability_up,18
class__engineered_direction__xgb,class,engineered_direction,55,0.5818181818181818,0.5305706521739131,0.5021645021645021,0.6,0.84375,0.7012987012987013,0.5,0.21739130434782608,0.30303030303030304,27,5,18,5,32,23,45,10,0.4,0.5959742482791716,0.4685960946451047,0.5285326086956521,0.2582859658970413,0.7130821408384649,0,probability_up,18
class__engineered_direction__forest,class,engineered_direction,55,0.5454545454545454,0.529891304347826,0.5299145299145299,0.6060606060606061,0.625,0.6153846153846154,0.45454545454545453,0.43478260869565216,0.4444444444444444,20,10,13,12,32,23,33,22,0.45000000000000007,0.5400867926694323,0.49577885954200474,0.4741847826086957,0.2706096446842615,0.7373701090351705,0,probability_up,18
class__engineered_direction__equal_ensemble,class,engineered_direction,55,0.4727272727272727,0.5040760869565217,0.46637671462027436,0.5882352941176471,0.3125,0.40816326530612246,0.42105263157894735,0.6956521739130435,0.5245901639344263,10,16,7,22,32,23,17,38,0.5250000000000001,0.5863185818055552,0.5016167449464065,0.5353260869565217,0.27599916491958426,0.7510609258486082,0,probability_up,18
reg__basic__linear,reg,basic,55,0.45454545454545453,0.47622282608695654,0.45291777188328913,0.55,0.34375,0.4230769230769231,0.4,0.6086956521739131,0.4827586206896552,11,14,9,21,32,23,20,35,0.5,0.7049557852814489,0.5661950130909624,0.5842391304347827,,,0,uncalibrated_return_rank_score,18
reg__basic__xgb,reg,basic,55,0.5818181818181818,0.561141304347826,0.5609163484901076,0.6285714285714286,0.6875,0.6567164179104478,0.5,0.43478260869565216,0.46511627906976744,22,10,13,10,32,23,35,20,0.5,0.5944336942923101,0.5160645879475503,0.5489130434782609,,,0,uncalibrated_return_rank_score,18
reg__basic__forest,reg,basic,55,0.5272727272727272,0.5081521739130435,0.5075757575757576,0.5882352941176471,0.625,0.6060606060606061,0.42857142857142855,0.391304347826087,0.4090909090909091,20,9,14,12,32,23,34,21,0.5,0.545656903769428,0.4513844430950519,0.46739130434782605,,,0,uncalibrated_return_rank_score,18
reg__basic__equal_ensemble,reg,basic,55,0.4727272727272727,0.4796195652173913,0.47202912942734193,0.56,0.4375,0.49122807017543857,0.4,0.5217391304347826,0.4528301886792453,14,12,11,18,32,23,25,30,0.5,0.6390629106843083,0.5369002032994029,0.5502717391304348,,,0,uncalibrated_return_rank_score,18
reg__direction_core__linear,reg,direction_core,55,0.45454545454545453,0.47622282608695654,0.45291777188328913,0.55,0.34375,0.4230769230769231,0.4,0.6086956521739131,0.4827586206896552,11,14,9,21,32,23,20,35,0.5,0.6938000096477401,0.532991723182547,0.5692934782608696,,,0,uncalibrated_return_rank_score,18
reg__direction_core__xgb,reg,direction_core,55,0.5818181818181818,0.561141304347826,0.5609163484901076,0.6285714285714286,0.6875,0.6567164179104478,0.5,0.43478260869565216,0.46511627906976744,22,10,13,10,32,23,35,20,0.5,0.6112396740901184,0.47898862331043274,0.5407608695652174,,,0,uncalibrated_return_rank_score,18
reg__direction_core__forest,reg,direction_core,55,0.509090909090909,0.48641304347826086,0.4845539743144741,0.5714285714285714,0.625,0.5970149253731343,0.4,0.34782608695652173,0.37209302325581395,20,8,15,12,32,23,35,20,0.5,0.5594670574108018,0.4497311771442537,0.46603260869565216,,,0,uncalibrated_return_rank_score,18
reg__direction_core__equal_ensemble,reg,direction_core,55,0.45454545454545453,0.4578804347826087,0.45291777188328913,0.5384615384615384,0.4375,0.4827586206896552,0.3793103448275862,0.4782608695652174,0.4230769230769231,14,11,12,18,32,23,26,29,0.5,0.6524035257195026,0.5206058676667832,0.5407608695652174,,,0,uncalibrated_return_rank_score,18
reg__engineered_direction__linear,reg,engineered_direction,55,0.5454545454545454,0.5604619565217391,0.5454545454545454,0.6521739130434783,0.46875,0.5454545454545454,0.46875,0.6521739130434783,0.5454545454545454,15,15,8,17,32,23,23,32,0.5,0.6764089587089136,0.5170825191087816,0.5842391304347827,,,0,uncalibrated_return_rank_score,18
reg__engineered_direction__xgb,reg,engineered_direction,55,0.6545454545454545,0.623641304347826,0.6226074395088479,0.6666666666666666,0.8125,0.7323943661971831,0.625,0.43478260869565216,0.5128205128205128,26,10,13,6,32,23,39,16,0.5,0.6102942232496733,0.5453619109303229,0.592391304347826,,,0,uncalibrated_return_rank_score,18
reg__engineered_direction__forest,reg,engineered_direction,55,0.5272727272727272,0.4898097826086957,0.4773391812865497,0.575,0.71875,0.6388888888888888,0.4,0.2608695652173913,0.3157894736842105,23,6,17,9,32,23,40,15,0.5,0.5394929538811923,0.4340916566779655,0.4565217391304348,,,0,uncalibrated_return_rank_score,18
reg__engineered_direction__equal_ensemble,reg,engineered_direction,55,0.6,0.5889945652173914,0.5889945652173914,0.65625,0.65625,0.65625,0.5217391304347826,0.5217391304347826,0.5217391304347826,21,12,11,11,32,23,32,23,0.5,0.6090908767549309,0.5080983515048151,0.5597826086956521,,,0,uncalibrated_return_rank_score,18
selected_direction,class,engineered_direction,55,0.5818181818181818,0.5305706521739131,0.5021645021645021,0.6,0.84375,0.7012987012987013,0.5,0.21739130434782608,0.30303030303030304,27,5,18,5,32,23,45,10,0.4,0.5959742482791716,0.4685960946451047,0.5285326086956521,0.2582859658970413,0.7130821408384649,0,probability_up,18
selected_return,reg,basic,55,0.5818181818181818,0.561141304347826,0.5609163484901076,0.6285714285714286,0.6875,0.6567164179104478,0.5,0.43478260869565216,0.46511627906976744,22,10,13,10,32,23,35,20,0.5,0.5944336942923101,0.5160645879475503,0.5489130434782609,,,0,uncalibrated_return_rank_score,18
baseline_monthly_return,reg,previous,55,0.5636363636363636,0.5332880434782609,0.5285714285714286,0.6052631578947368,0.71875,0.6571428571428571,0.47058823529411764,0.34782608695652173,0.4,23,8,15,9,32,23,38,17,0.5,0.5978385568924659,0.5537359811806741,0.5285326086956521,,,0,uncalibrated_return_rank_score,18
baseline_paper_return,reg,previous,55,0.4727272727272727,0.4796195652173913,0.47202912942734193,0.56,0.4375,0.49122807017543857,0.4,0.5217391304347826,0.4528301886792453,14,12,11,18,32,23,25,30,0.5,0.5995069886943034,0.4992444950969013,0.5135869565217391,,,0,uncalibrated_return_rank_score,18
baseline_mean_return,reg,previous,55,0.5818181818181818,0.5,0.367816091954023,0.5818181818181818,1.0,0.735632183908046,0.0,0.0,0.0,32,0,23,0,32,23,55,0,0.5,0.5274970108109095,0.3776260229644608,0.4184782608695652,,,0,uncalibrated_return_rank_score,18
baseline_zero_return,reg,previous,55,0.5818181818181818,0.5,0.367816091954023,0.5818181818181818,1.0,0.735632183908046,0.0,0.0,0.0,32,0,23,0,32,23,55,0,0.5,0.5818181818181818,0.41818181818181815,0.5,,,0,uncalibrated_return_rank_score,18
baseline_majority,baseline,previous,55,0.41818181818181815,0.5,0.2948717948717949,0.0,0.0,0.0,0.41818181818181815,1.0,0.5897435897435898,0,23,0,32,32,23,0,55,0.5,0.5279416740367519,0.37774904613318616,0.42391304347826086,0.2532615708947987,0.6996735552094551,0,probability_up,18
always_up,baseline,previous,55,0.5818181818181818,0.5,0.367816091954023,0.5818181818181818,1.0,0.735632183908046,0.0,0.0,0.0,32,0,23,0,32,23,55,0,0.5,0.5818181818181818,0.41818181818181815,0.5,0.41818181818181815,15.072800508176263,0,probability_up,18
always_down,baseline,previous,55,0.41818181818181815,0.5,0.2948717948717949,0.0,0.0,0.0,0.41818181818181815,1.0,0.5897435897435898,0,23,0,32,32,23,0,55,0.5,0.5818181818181818,0.41818181818181815,0.5,0.5818181818181818,20.970852880940893,0,probability_up,18
class__basic__linear,class,basic,55,0.4727272727272727,0.4933333333333333,0.45470085470085475,0.5333333333333333,0.26666666666666666,0.35555555555555557,0.45,0.72,0.5538461538461539,8,18,7,22,30,25,15,40,0.5750000000000002,0.5786108517351762,0.549120965866123,0.5186666666666666,0.334056715831766,0.9534784036842286,0,probability_up,19
class__basic__xgb,class,basic,55,0.5454545454545454,0.5133333333333333,0.4588744588744589,0.5531914893617021,0.8666666666666667,0.6753246753246753,0.5,0.16,0.24242424242424243,26,4,21,4,30,25,47,8,0.4,0.46565662795873836,0.4846762447589483,0.39466666666666667,0.2733062140287095,0.7409397047650068,0,probability_up,19
class__basic__forest,class,basic,55,0.4727272727272727,0.45999999999999996,0.45470085470085475,0.5142857142857142,0.6,0.5538461538461539,0.4,0.32,0.35555555555555557,18,8,17,12,30,25,35,20,0.45000000000000007,0.5233549758988358,0.5256550769627891,0.44666666666666666,0.2723524028633676,0.7391916566543266,0,probability_up,19
class__basic__equal_ensemble,class,basic,55,0.509090909090909,0.5133333333333334,0.509090909090909,0.56,0.4666666666666667,0.509090909090909,0.4666666666666667,0.56,0.509090909090909,14,14,11,16,30,25,25,30,0.4750000000000001,0.5226720595863126,0.5106259984561262,0.47866666666666663,0.27672399206796916,0.7500929284371096,0,probability_up,19
class__direction_core__linear,class,direction_core,55,0.45454545454545453,0.48666666666666664,0.3969298245614035,0.5,0.13333333333333333,0.21052631578947367,0.44680851063829785,0.84,0.5833333333333334,4,21,4,26,30,25,8,47,0.6500000000000002,0.564766282626354,0.5496623891597932,0.516,0.34300179650611656,0.9845368729751076,0,probability_up,19
class__direction_core__xgb,class,direction_core,55,0.509090909090909,0.48000000000000004,0.4342857142857143,0.5333333333333333,0.8,0.64,0.4,0.16,0.22857142857142856,24,4,21,6,30,25,45,10,0.4,0.47888255207014613,0.4502401967305079,0.40399999999999997,0.27528791372891825,0.7453048373029031,0,probability_up,19
class__direction_core__forest,class,direction_core,55,0.5454545454545454,0.52,0.4909292854498334,0.5581395348837209,0.8,0.6575342465753424,0.5,0.24,0.32432432432432434,24,6,19,6,30,25,43,12,0.4,0.5079646920525496,0.5084147961386137,0.45866666666666667,0.27040438845382736,0.7353489186826411,0,probability_up,19
class__direction_core__equal_ensemble,class,direction_core,55,0.4727272727272727,0.48000000000000004,0.47202912942734193,0.5217391304347826,0.4,0.4528301886792453,0.4375,0.56,0.49122807017543857,12,14,11,18,30,25,23,32,0.4750000000000001,0.5127954366385552,0.5056764466503391,0.48133333333333334,0.28011871183107095,0.7576688817551646,0,probability_up,19
class__engineered_direction__linear,class,engineered_direction,55,0.4909090909090909,0.52,0.44999999999999996,0.6,0.2,0.3,0.4666666666666667,0.84,0.6,6,21,4,24,30,25,10,45,0.6500000000000002,0.552969756560402,0.5404782620309044,0.5293333333333333,0.352407325825943,1.0597148758621593,0,probability_up,19
class__engineered_direction__xgb,class,engineered_direction,55,0.5454545454545454,0.5166666666666667,0.47619047619047616,0.5555555555555556,0.8333333333333334,0.6666666666666666,0.5,0.2,0.2857142857142857,25,5,20,5,30,25,45,10,0.4,0.5196826124247129,0.4784328352192126,0.4706666666666666,0.268609860032612,0.7341899243242933,0,probability_up,19
class__engineered_direction__forest,class,engineered_direction,55,0.5272727272727272,0.5166666666666666,0.514266304347826,0.5588235294117647,0.6333333333333333,0.59375,0.47619047619047616,0.4,0.43478260869565216,19,10,15,11,30,25,34,21,0.45000000000000007,0.5090285921769667,0.5098614774095216,0.472,0.27001803705490734,0.7362613778884164,0,probability_up,19
class__engineered_direction__equal_ensemble,class,engineered_direction,55,0.45454545454545453,0.47,0.44556451612903225,0.5,0.3,0.375,0.43243243243243246,0.64,0.5161290322580645,9,16,9,21,30,25,18,37,0.5250000000000001,0.5279314731666196,0.5057166679572694,0.49866666666666665,0.2794978017313573,0.758448166948641,0,probability_up,19
reg__basic__linear,reg,basic,55,0.45454545454545453,0.4666666666666667,0.45,0.5,0.3333333333333333,0.4,0.42857142857142855,0.6,0.5,10,15,10,20,30,25,20,35,0.5,0.6682797175621747,0.5797090493736697,0.5666666666666667,,,0,uncalibrated_return_rank_score,19
reg__basic__xgb,reg,basic,55,0.5818181818181818,0.57,0.5675213675213675,0.6,0.7,0.6461538461538462,0.55,0.44,0.4888888888888889,21,11,14,9,30,25,35,20,0.5,0.572213703344627,0.5474386798610754,0.56,,,0,uncalibrated_return_rank_score,19
reg__basic__forest,reg,basic,55,0.4909090909090909,0.48,0.47690217391304346,0.5294117647058824,0.6,0.5625,0.42857142857142855,0.36,0.391304347826087,18,9,16,12,30,25,34,21,0.5,0.50118098057135,0.4654415232717059,0.44533333333333336,,,0,uncalibrated_return_rank_score,19
reg__basic__equal_ensemble,reg,basic,55,0.45454545454545453,0.45666666666666667,0.45436507936507936,0.5,0.43333333333333335,0.4642857142857143,0.41379310344827586,0.48,0.4444444444444444,13,12,13,17,30,25,26,29,0.5,0.6036898307442443,0.5501252973784764,0.5346666666666666,,,0,uncalibrated_return_rank_score,19
reg__direction_core__linear,reg,direction_core,55,0.45454545454545453,0.4666666666666667,0.45,0.5,0.3333333333333333,0.4,0.42857142857142855,0.6,0.5,10,15,10,20,30,25,20,35,0.5,0.6537033440929604,0.5522179058910613,0.552,,,0,uncalibrated_return_rank_score,19
reg__direction_core__xgb,reg,direction_core,55,0.5818181818181818,0.57,0.5675213675213675,0.6,0.7,0.6461538461538462,0.55,0.44,0.4888888888888889,21,11,14,9,30,25,35,20,0.5,0.5974515314756572,0.5286990355334523,0.5666666666666667,,,0,uncalibrated_return_rank_score,19
reg__direction_core__forest,reg,direction_core,55,0.4727272727272727,0.45999999999999996,0.45470085470085475,0.5142857142857142,0.6,0.5538461538461539,0.4,0.32,0.35555555555555557,18,8,17,12,30,25,35,20,0.5,0.5075206030893067,0.46453158462782984,0.4426666666666667,,,0,uncalibrated_return_rank_score,19
reg__direction_core__equal_ensemble,reg,direction_core,55,0.45454545454545453,0.45666666666666667,0.45436507936507936,0.5,0.43333333333333335,0.4642857142857143,0.41379310344827586,0.48,0.4444444444444444,13,12,13,17,30,25,26,29,0.5,0.6164641521343807,0.5388347773045621,0.528,,,0,uncalibrated_return_rank_score,19
reg__engineered_direction__linear,reg,engineered_direction,55,0.509090909090909,0.5133333333333334,0.509090909090909,0.56,0.4666666666666667,0.509090909090909,0.4666666666666667,0.56,0.509090909090909,14,14,11,16,30,25,25,30,0.5,0.6286056236538404,0.5367860380160857,0.5586666666666668,,,0,uncalibrated_return_rank_score,19
reg__engineered_direction__xgb,reg,engineered_direction,55,0.6181818181818182,0.6000000000000001,0.591728525980912,0.6153846153846154,0.8,0.6956521739130435,0.625,0.4,0.4878048780487805,24,10,15,6,30,25,39,16,0.5,0.5936361894078185,0.574740569181752,0.6080000000000001,,,0,uncalibrated_return_rank_score,19
reg__engineered_direction__forest,reg,engineered_direction,55,0.4909090909090909,0.47,0.44999999999999996,0.525,0.7,0.6,0.4,0.24,0.3,21,6,19,9,30,25,40,15,0.5,0.5064269981902584,0.46461870222533713,0.464,,,0,uncalibrated_return_rank_score,19
reg__engineered_direction__equal_ensemble,reg,engineered_direction,55,0.5818181818181818,0.5733333333333333,0.5727794663964876,0.6060606060606061,0.6666666666666666,0.6349206349206349,0.5454545454545454,0.48,0.5106382978723404,20,12,13,10,30,25,33,22,0.5,0.5683924572532985,0.5294343323556264,0.5466666666666666,,,0,uncalibrated_return_rank_score,19
selected_direction,class,engineered_direction,55,0.5454545454545454,0.5166666666666667,0.47619047619047616,0.5555555555555556,0.8333333333333334,0.6666666666666666,0.5,0.2,0.2857142857142857,25,5,20,5,30,25,45,10,0.4,0.5196826124247129,0.4784328352192126,0.4706666666666666,0.268609860032612,0.7341899243242933,0,probability_up,19
selected_return,reg,basic,55,0.5818181818181818,0.57,0.5675213675213675,0.6,0.7,0.6461538461538462,0.55,0.44,0.4888888888888889,21,11,14,9,30,25,35,20,0.5,0.572213703344627,0.5474386798610754,0.56,,,0,uncalibrated_return_rank_score,19
baseline_monthly_return,reg,previous,55,0.5636363636363636,0.5466666666666666,0.5378151260504201,0.5789473684210527,0.7333333333333333,0.6470588235294118,0.5294117647058824,0.36,0.42857142857142855,22,9,16,8,30,25,38,17,0.5,0.5898223128627227,0.5968557051071965,0.5626666666666666,,,0,uncalibrated_return_rank_score,19
baseline_paper_return,reg,previous,55,0.509090909090909,0.5133333333333334,0.509090909090909,0.56,0.4666666666666667,0.509090909090909,0.4666666666666667,0.56,0.509090909090909,14,14,11,16,30,25,25,30,0.5,0.6013701062362848,0.5791957714881996,0.5720000000000001,,,0,uncalibrated_return_rank_score,19
baseline_mean_return,reg,previous,55,0.5454545454545454,0.5,0.35294117647058826,0.5454545454545454,1.0,0.7058823529411765,0.0,0.0,0.0,30,0,25,0,30,25,55,0,0.5,0.49908679663060646,0.40661745382305925,0.41666666666666663,,,0,uncalibrated_return_rank_score,19
baseline_zero_return,reg,previous,55,0.5454545454545454,0.5,0.35294117647058826,0.5454545454545454,1.0,0.7058823529411765,0.0,0.0,0.0,30,0,25,0,30,25,55,0,0.5,0.5454545454545454,0.45454545454545453,0.5,,,0,uncalibrated_return_rank_score,19
baseline_majority,baseline,previous,55,0.45454545454545453,0.5,0.3125,0.0,0.0,0.0,0.45454545454545453,1.0,0.625,0,25,0,30,30,25,0,55,0.5,0.5058886936181696,0.4156866654572578,0.43799999999999994,0.25199000079879796,0.6971293708285771,0,probability_up,19
always_up,baseline,previous,55,0.5454545454545454,0.5,0.35294117647058826,0.5454545454545454,1.0,0.7058823529411765,0.0,0.0,0.0,30,0,25,0,30,25,55,0,0.5,0.5454545454545454,0.45454545454545453,0.5,0.45454545454545453,16.38347881323507,0,probability_up,19
always_down,baseline,previous,55,0.45454545454545453,0.5,0.3125,0.0,0.0,0.0,0.45454545454545453,1.0,0.625,0,25,0,30,30,25,0,55,0.5,0.5454545454545454,0.45454545454545453,0.5,0.5454545454545454,19.660174575882085,0,probability_up,19
class__basic__linear,class,basic,55,0.5454545454545454,0.548941798941799,0.5299145299145299,0.5882352941176471,0.35714285714285715,0.4444444444444444,0.5263157894736842,0.7407407407407407,0.6153846153846154,10,20,7,18,28,27,17,38,0.5750000000000002,0.6346167267748427,0.5916390504209812,0.6005291005291005,0.2925853529648842,0.9314199725755972,0,probability_up,20
class__basic__xgb,class,basic,55,0.5272727272727272,0.5211640211640212,0.46321321321321324,0.5217391304347826,0.8571428571428571,0.6486486486486487,0.5555555555555556,0.18518518518518517,0.2777777777777778,24,5,22,4,28,27,46,9,0.4,0.48070906954634396,0.5121769974754116,0.4563492063492064,0.2647630955417353,0.7240260724897487,0,probability_up,20
class__basic__forest,class,basic,55,0.45454545454545453,0.45238095238095233,0.44556451612903225,0.47058823529411764,0.5714285714285714,0.5161290322580645,0.42857142857142855,0.3333333333333333,0.375,16,9,18,12,28,27,34,21,0.45000000000000007,0.4633293039253562,0.48318783661842496,0.43253968253968256,0.28626034249520615,0.7721540847231512,0,probability_up,20
class__basic__equal_ensemble,class,basic,55,0.5818181818181818,0.5826719576719577,0.581264481959616,0.6,0.5357142857142857,0.5660377358490566,0.5666666666666667,0.6296296296296297,0.5964912280701754,15,17,10,13,28,27,25,30,0.4750000000000001,0.5342756857009251,0.5360306546817657,0.5304232804232805,0.26550686499206644,0.7285277216889222,0,probability_up,20
class__direction_core__linear,class,direction_core,55,0.5636363636363636,0.5687830687830688,0.5285714285714286,0.6666666666666666,0.2857142857142857,0.4,0.5348837209302325,0.8518518518518519,0.6571428571428571,8,23,4,20,28,27,12,43,0.6500000000000002,0.6289009710377439,0.5996385884743048,0.6150793650793651,0.2904055159140896,0.9267996453053143,0,probability_up,20
class__direction_core__xgb,class,direction_core,55,0.4909090909090909,0.48478835978835977,0.4219219219219219,0.5,0.8214285714285714,0.6216216216216216,0.4444444444444444,0.14814814814814814,0.2222222222222222,23,4,23,5,28,27,46,9,0.4,0.49202263832373044,0.5235864156010887,0.46825396825396826,0.26537895007836204,0.7254505219718075,0,probability_up,20
class__direction_core__forest,class,direction_core,55,0.5636363636363636,0.5582010582010581,0.5175438596491228,0.5454545454545454,0.8571428571428571,0.6666666666666666,0.6363636363636364,0.25925925925925924,0.3684210526315789,24,7,20,4,28,27,44,11,0.4,0.4800677147243192,0.5142643674536476,0.46164021164021163,0.2704069687832379,0.7368332839031898,0,probability_up,20
class__direction_core__equal_ensemble,class,direction_core,55,0.5818181818181818,0.5833333333333333,0.5795945496842805,0.6086956521739131,0.5,0.5490196078431373,0.5625,0.6666666666666666,0.6101694915254238,14,18,9,14,28,27,23,32,0.4750000000000001,0.5530641711920078,0.5555867704884463,0.5568783068783069,0.2596750870345511,0.7162850480206086,0,probability_up,20
class__engineered_direction__linear,class,engineered_direction,55,0.5454545454545454,0.5502645502645502,0.5139625309296572,0.6153846153846154,0.2857142857142857,0.3902439024390244,0.5238095238095238,0.8148148148148148,0.6376811594202898,8,22,5,20,28,27,13,42,0.6500000000000002,0.5995294904923809,0.6139678551430381,0.6190476190476191,0.2929615521377396,0.9020912584055574,0,probability_up,20
class__engineered_direction__xgb,class,engineered_direction,55,0.5454545454545454,0.5403439153439153,0.5034308414590105,0.5348837209302325,0.8214285714285714,0.647887323943662,0.5833333333333334,0.25925925925925924,0.358974358974359,23,7,20,5,28,27,43,12,0.4,0.48371315739972676,0.5549722993736141,0.48677248677248675,0.26895714091840245,0.7349304144825385,0,probability_up,20
class__engineered_direction__forest,class,engineered_direction,55,0.5454545454545454,0.5423280423280423,0.5299145299145299,0.5405405405405406,0.7142857142857143,0.6153846153846154,0.5555555555555556,0.37037037037037035,0.4444444444444444,20,10,17,8,28,27,37,18,0.45000000000000007,0.48966868307484906,0.545610809345715,0.4973544973544974,0.2695474190844126,0.7392715128764795,0,probability_up,20
class__engineered_direction__equal_ensemble,class,engineered_direction,55,0.5636363636363636,0.5667989417989417,0.5516304347826086,0.6111111111111112,0.39285714285714285,0.4782608695652174,0.5405405405405406,0.7407407407407407,0.625,11,20,7,17,28,27,18,37,0.5250000000000001,0.5378207150143952,0.5956845489392004,0.5727513227513228,0.25986143114720966,0.7188096375350247,0,probability_up,20
reg__basic__linear,reg,basic,55,0.4909090909090909,0.4927248677248677,0.4866666666666667,0.5,0.39285714285714285,0.44,0.48484848484848486,0.5925925925925926,0.5333333333333333,11,16,11,17,28,27,22,33,0.5,0.5918519556577386,0.5896122288183033,0.5714285714285714,,,0,uncalibrated_return_rank_score,20
reg__basic__xgb,reg,basic,55,0.5636363636363636,0.5595238095238095,0.5378151260504201,0.55,0.7857142857142857,0.6470588235294118,0.6,0.3333333333333333,0.42857142857142855,22,9,18,6,28,27,40,15,0.5,0.5444624703808449,0.5767030123749735,0.5357142857142858,,,0,uncalibrated_return_rank_score,20
reg__basic__forest,reg,basic,55,0.4909090909090909,0.4894179894179894,0.4866666666666667,0.5,0.5714285714285714,0.5333333333333333,0.4782608695652174,0.4074074074074074,0.44,16,11,16,12,28,27,32,23,0.5,0.5224457539613591,0.5220478898706519,0.44973544973544977,,,0,uncalibrated_return_rank_score,20
reg__basic__equal_ensemble,reg,basic,55,0.45454545454545453,0.455026455026455,0.45436507936507936,0.46153846153846156,0.42857142857142855,0.4444444444444444,0.4482758620689655,0.48148148148148145,0.4642857142857143,12,13,14,16,28,27,26,29,0.5,0.5749766736284992,0.5638070854396184,0.5436507936507936,,,0,uncalibrated_return_rank_score,20
reg__direction_core__linear,reg,direction_core,55,0.4909090909090909,0.4927248677248677,0.4866666666666667,0.5,0.39285714285714285,0.44,0.48484848484848486,0.5925925925925926,0.5333333333333333,11,16,11,17,28,27,22,33,0.5,0.5795596606531225,0.5833332153784196,0.5634920634920636,,,0,uncalibrated_return_rank_score,20
reg__direction_core__xgb,reg,direction_core,55,0.5454545454545454,0.542989417989418,0.535629854778791,0.5428571428571428,0.6785714285714286,0.6031746031746031,0.55,0.4074074074074074,0.46808510638297873,19,11,16,9,28,27,35,20,0.5,0.5525028940958764,0.5910573157045146,0.5582010582010581,,,0,uncalibrated_return_rank_score,20
reg__direction_core__forest,reg,direction_core,55,0.45454545454545453,0.453042328042328,0.45,0.46875,0.5357142857142857,0.5,0.43478260869565216,0.37037037037037035,0.4,15,10,17,13,28,27,32,23,0.5,0.529988930060206,0.5476609371747381,0.458994708994709,,,0,uncalibrated_return_rank_score,20
reg__direction_core__equal_ensemble,reg,direction_core,55,0.4727272727272727,0.4735449735449735,0.47202912942734193,0.48,0.42857142857142855,0.4528301886792453,0.4666666666666667,0.5185185185185185,0.49122807017543857,12,14,13,16,28,27,25,30,0.5,0.5709367426177651,0.5591753740974137,0.5357142857142857,,,0,uncalibrated_return_rank_score,20
reg__engineered_direction__linear,reg,engineered_direction,55,0.5636363636363636,0.5654761904761905,0.56,0.5909090909090909,0.4642857142857143,0.52,0.5454545454545454,0.6666666666666666,0.6,13,18,9,15,28,27,22,33,0.5,0.5680715742036823,0.6573950652821712,0.5925925925925927,,,0,uncalibrated_return_rank_score,20
reg__engineered_direction__xgb,reg,engineered_direction,55,0.5454545454545454,0.542989417989418,0.535629854778791,0.5428571428571428,0.6785714285714286,0.6031746031746031,0.55,0.4074074074074074,0.46808510638297873,19,11,16,9,28,27,35,20,0.5,0.5421699682781834,0.6063999694209412,0.533068783068783,,,0,uncalibrated_return_rank_score,20
reg__engineered_direction__forest,reg,engineered_direction,55,0.45454545454545453,0.45105820105820105,0.43181818181818177,0.47368421052631576,0.6428571428571429,0.5454545454545454,0.4117647058823529,0.25925925925925924,0.3181818181818182,18,7,20,10,28,27,38,17,0.5,0.49875284505178624,0.5387564496981654,0.4470899470899471,,,0,uncalibrated_return_rank_score,20
reg__engineered_direction__equal_ensemble,reg,engineered_direction,55,0.5272727272727272,0.5264550264550264,0.5258620689655172,0.5333333333333333,0.5714285714285714,0.5517241379310345,0.52,0.48148148148148145,0.5,16,13,14,12,28,27,30,25,0.5,0.5644462977424138,0.6222065743147087,0.5555555555555556,,,0,uncalibrated_return_rank_score,20
selected_direction,class,engineered_direction,55,0.5454545454545454,0.5403439153439153,0.5034308414590105,0.5348837209302325,0.8214285714285714,0.647887323943662,0.5833333333333334,0.25925925925925924,0.358974358974359,23,7,20,5,28,27,43,12,0.4,0.48371315739972676,0.5549722993736141,0.48677248677248675,0.26895714091840245,0.7349304144825385,0,probability_up,20
selected_return,reg,basic,55,0.5636363636363636,0.5595238095238095,0.5378151260504201,0.55,0.7857142857142857,0.6470588235294118,0.6,0.3333333333333333,0.42857142857142855,22,9,18,6,28,27,40,15,0.5,0.5444624703808449,0.5767030123749735,0.5357142857142858,,,0,uncalibrated_return_rank_score,20
baseline_monthly_return,reg,previous,55,0.5454545454545454,0.5423280423280423,0.5299145299145299,0.5405405405405406,0.7142857142857143,0.6153846153846154,0.5555555555555556,0.37037037037037035,0.4444444444444444,20,10,17,8,28,27,37,18,0.5,0.6416771942683468,0.6277735808487559,0.5912698412698413,,,0,uncalibrated_return_rank_score,20
baseline_paper_return,reg,previous,55,0.43636363636363634,0.4358465608465608,0.43561734524991724,0.4482758620689655,0.4642857142857143,0.45614035087719296,0.4230769230769231,0.4074074074074074,0.41509433962264153,13,11,16,15,28,27,29,26,0.5,0.49108073716240735,0.5109041908372502,0.4484126984126984,,,0,uncalibrated_return_rank_score,20
baseline_mean_return,reg,previous,55,0.509090909090909,0.5,0.3373493975903614,0.509090909090909,1.0,0.6746987951807228,0.0,0.0,0.0,28,0,27,0,28,27,55,0,0.5,0.4448498204846352,0.43476916187820797,0.38822751322751325,,,0,uncalibrated_return_rank_score,20
baseline_zero_return,reg,previous,55,0.509090909090909,0.5,0.3373493975903614,0.509090909090909,1.0,0.6746987951807228,0.0,0.0,0.0,28,0,27,0,28,27,55,0,0.5,0.509090909090909,0.4909090909090909,0.5,,,0,uncalibrated_return_rank_score,20
baseline_majority,baseline,previous,55,0.4909090909090909,0.5,0.32926829268292684,0.0,0.0,0.0,0.4909090909090909,1.0,0.6585365853658537,0,27,0,28,28,27,0,55,0.5,0.44618635875299384,0.43520737445340757,0.39087301587301587,0.2512141792793885,0.6955774966630764,0,probability_up,20
always_up,baseline,previous,55,0.509090909090909,0.5,0.3373493975903614,0.509090909090909,1.0,0.6746987951807228,0.0,0.0,0.0,28,0,27,0,28,27,55,0,0.5,0.509090909090909,0.4909090909090909,0.5,0.4909090909090909,17.694157118293873,0,probability_up,20
always_down,baseline,previous,55,0.4909090909090909,0.5,0.32926829268292684,0.0,0.0,0.0,0.4909090909090909,1.0,0.6585365853658537,0,27,0,28,28,27,0,55,0.5,0.509090909090909,0.4909090909090909,0.5,0.509090909090909,18.349496270823277,0,probability_up,20
class__basic__linear,class,basic,55,0.5636363636363636,0.5674603174603174,0.5454545454545454,0.625,0.35714285714285715,0.45454545454545453,0.5384615384615384,0.7777777777777778,0.6363636363636364,10,21,6,18,28,27,16,39,0.5750000000000002,0.6356505613613088,0.5921673565048429,0.6018518518518519,0.2913033231994316,0.9287904439710931,0,probability_up,21
class__basic__xgb,class,basic,55,0.5272727272727272,0.5211640211640212,0.46321321321321324,0.5217391304347826,0.8571428571428571,0.6486486486486487,0.5555555555555556,0.18518518518518517,0.2777777777777778,24,5,22,4,28,27,46,9,0.4,0.48070906954634396,0.5121769974754116,0.4563492063492064,0.2647630955417353,0.7240260724897487,0,probability_up,21
class__basic__forest,class,basic,55,0.45454545454545453,0.45238095238095233,0.44556451612903225,0.47058823529411764,0.5714285714285714,0.5161290322580645,0.42857142857142855,0.3333333333333333,0.375,16,9,18,12,28,27,34,21,0.45000000000000007,0.4633293039253562,0.48318783661842496,0.43253968253968256,0.28626034249520615,0.7721540847231512,0,probability_up,21
class__basic__equal_ensemble,class,basic,55,0.5818181818181818,0.5826719576719577,0.581264481959616,0.6,0.5357142857142857,0.5660377358490566,0.5666666666666667,0.6296296296296297,0.5964912280701754,15,17,10,13,28,27,25,30,0.4750000000000001,0.535418870247471,0.5378710043482022,0.533068783068783,0.2652001324277931,0.7278980491288821,0,probability_up,21
class__direction_core__linear,class,direction_core,55,0.5636363636363636,0.5687830687830688,0.5285714285714286,0.6666666666666666,0.2857142857142857,0.4,0.5348837209302325,0.8518518518518519,0.6571428571428571,8,23,4,20,28,27,12,43,0.6500000000000002,0.6299059184712628,0.6002299361244761,0.6164021164021165,0.2894597654774919,0.9248955390513149,0,probability_up,21
class__direction_core__xgb,class,direction_core,55,0.4909090909090909,0.48478835978835977,0.4219219219219219,0.5,0.8214285714285714,0.6216216216216216,0.4444444444444444,0.14814814814814814,0.2222222222222222,23,4,23,5,28,27,46,9,0.4,0.49202263832373044,0.5235864156010887,0.46825396825396826,0.26541030430914664,0.7255139848411544,0,probability_up,21
class__direction_core__forest,class,direction_core,55,0.5636363636363636,0.5582010582010581,0.5175438596491228,0.5454545454545454,0.8571428571428571,0.6666666666666666,0.6363636363636364,0.25925925925925924,0.3684210526315789,24,7,20,4,28,27,44,11,0.4,0.4800677147243192,0.5142643674536476,0.46164021164021163,0.2703499783334537,0.7367073987619431,0,probability_up,21
class__direction_core__equal_ensemble,class,direction_core,55,0.5818181818181818,0.5833333333333333,0.5795945496842805,0.6086956521739131,0.5,0.5490196078431373,0.5625,0.6666666666666666,0.6101694915254238,14,18,9,14,28,27,23,32,0.4750000000000001,0.5536004217282584,0.5566588952447815,0.5582010582010583,0.259398421123367,0.7156976081683856,0,probability_up,21
class__engineered_direction__linear,class,engineered_direction,55,0.5454545454545454,0.5502645502645502,0.5139625309296572,0.6153846153846154,0.2857142857142857,0.3902439024390244,0.5238095238095238,0.8148148148148148,0.6376811594202898,8,22,5,20,28,27,13,42,0.6500000000000002,0.6001597425932212,0.6150901895987059,0.6203703703703703,0.2927291338924233,0.9012889434458093,0,probability_up,21
class__engineered_direction__xgb,class,engineered_direction,55,0.5454545454545454,0.5403439153439153,0.5034308414590105,0.5348837209302325,0.8214285714285714,0.647887323943662,0.5833333333333334,0.25925925925925924,0.358974358974359,23,7,20,5,28,27,43,12,0.4,0.48371315739972676,0.5549722993736141,0.48677248677248675,0.268945472135365,0.7348898705274268,0,probability_up,21
class__engineered_direction__forest,class,engineered_direction,55,0.5454545454545454,0.5423280423280423,0.5299145299145299,0.5405405405405406,0.7142857142857143,0.6153846153846154,0.5555555555555556,0.37037037037037035,0.4444444444444444,20,10,17,8,28,27,37,18,0.45000000000000007,0.48966868307484906,0.545610809345715,0.4973544973544974,0.26944052648951117,0.7390331198450584,0,probability_up,21
class__engineered_direction__equal_ensemble,class,engineered_direction,55,0.5636363636363636,0.5667989417989417,0.5516304347826086,0.6111111111111112,0.39285714285714285,0.4782608695652174,0.5405405405405406,0.7407407407407407,0.625,11,20,7,17,28,27,18,37,0.5250000000000001,0.5385778750212552,0.6041501574048089,0.5753968253968255,0.2596936705966308,0.7184060916380891,0,probability_up,21
reg__basic__linear,reg,basic,55,0.4909090909090909,0.4927248677248677,0.4866666666666667,0.5,0.39285714285714285,0.44,0.48484848484848486,0.5925925925925926,0.5333333333333333,11,16,11,17,28,27,22,33,0.5,0.5930006607538121,0.5901390714504091,0.5727513227513228,,,0,uncalibrated_return_rank_score,21
reg__basic__xgb,reg,basic,55,0.5636363636363636,0.5595238095238095,0.5378151260504201,0.55,0.7857142857142857,0.6470588235294118,0.6,0.3333333333333333,0.42857142857142855,22,9,18,6,28,27,40,15,0.5,0.5444624703808449,0.5767030123749735,0.5357142857142858,,,0,uncalibrated_return_rank_score,21
reg__basic__forest,reg,basic,55,0.4909090909090909,0.4894179894179894,0.4866666666666667,0.5,0.5714285714285714,0.5333333333333333,0.4782608695652174,0.4074074074074074,0.44,16,11,16,12,28,27,32,23,0.5,0.5231005158661209,0.5225705899901262,0.45105820105820105,,,0,uncalibrated_return_rank_score,21
reg__basic__equal_ensemble,reg,basic,55,0.45454545454545453,0.455026455026455,0.45436507936507936,0.46153846153846156,0.42857142857142855,0.4444444444444444,0.4482758620689655,0.48148148148148145,0.4642857142857143,12,13,14,16,28,27,26,29,0.5,0.5749766736284992,0.5638070854396184,0.5436507936507936,,,0,uncalibrated_return_rank_score,21
reg__direction_core__linear,reg,direction_core,55,0.4909090909090909,0.4927248677248677,0.4866666666666667,0.5,0.39285714285714285,0.44,0.48484848484848486,0.5925925925925926,0.5333333333333333,11,16,11,17,28,27,22,33,0.5,0.5795596606531225,0.5833332153784196,0.5634920634920636,,,0,uncalibrated_return_rank_score,21
reg__direction_core__xgb,reg,direction_core,55,0.5454545454545454,0.542989417989418,0.535629854778791,0.5428571428571428,0.6785714285714286,0.6031746031746031,0.55,0.4074074074074074,0.46808510638297873,19,11,16,9,28,27,35,20,0.5,0.5525028940958764,0.5910573157045146,0.5582010582010581,,,0,uncalibrated_return_rank_score,21
reg__direction_core__forest,reg,direction_core,55,0.45454545454545453,0.453042328042328,0.45,0.46875,0.5357142857142857,0.5,0.43478260869565216,0.37037037037037035,0.4,15,10,17,13,28,27,32,23,0.5,0.5321021765445705,0.5491490324128332,0.46296296296296297,,,0,uncalibrated_return_rank_score,21
reg__direction_core__equal_ensemble,reg,direction_core,55,0.4727272727272727,0.4735449735449735,0.47202912942734193,0.48,0.42857142857142855,0.4528301886792453,0.4666666666666667,0.5185185185185185,0.49122807017543857,12,14,13,16,28,27,25,30,0.5,0.5724895376488208,0.5602646987161501,0.5383597883597884,,,0,uncalibrated_return_rank_score,21
reg__engineered_direction__linear,reg,engineered_direction,55,0.5636363636363636,0.5654761904761905,0.56,0.5909090909090909,0.4642857142857143,0.52,0.5454545454545454,0.6666666666666666,0.6,13,18,9,15,28,27,22,33,0.5,0.5706225946118456,0.6577729942315287,0.593915343915344,,,0,uncalibrated_return_rank_score,21
reg__engineered_direction__xgb,reg,engineered_direction,55,0.5454545454545454,0.542989417989418,0.535629854778791,0.5428571428571428,0.6785714285714286,0.6031746031746031,0.55,0.4074074074074074,0.46808510638297873,19,11,16,9,28,27,35,20,0.5,0.5421699682781834,0.6063999694209412,0.533068783068783,,,0,uncalibrated_return_rank_score,21
reg__engineered_direction__forest,reg,engineered_direction,55,0.45454545454545453,0.45105820105820105,0.43181818181818177,0.47368421052631576,0.6428571428571429,0.5454545454545454,0.4117647058823529,0.25925925925925924,0.3181818181818182,18,7,20,10,28,27,38,17,0.5,0.49980326521985347,0.5392075418159241,0.44841269841269843,,,0,uncalibrated_return_rank_score,21
reg__engineered_direction__equal_ensemble,reg,engineered_direction,55,0.5272727272727272,0.5264550264550264,0.5258620689655172,0.5333333333333333,0.5714285714285714,0.5517241379310345,0.52,0.48148148148148145,0.5,16,13,14,12,28,27,30,25,0.5,0.5672382653989135,0.6248653275708336,0.5608465608465609,,,0,uncalibrated_return_rank_score,21
selected_direction,class,engineered_direction,55,0.5454545454545454,0.5403439153439153,0.5034308414590105,0.5348837209302325,0.8214285714285714,0.647887323943662,0.5833333333333334,0.25925925925925924,0.358974358974359,23,7,20,5,28,27,43,12,0.4,0.48371315739972676,0.5549722993736141,0.48677248677248675,0.268945472135365,0.7348898705274268,0,probability_up,21
selected_return,reg,basic,55,0.5636363636363636,0.5595238095238095,0.5378151260504201,0.55,0.7857142857142857,0.6470588235294118,0.6,0.3333333333333333,0.42857142857142855,22,9,18,6,28,27,40,15,0.5,0.5444624703808449,0.5767030123749735,0.5357142857142858,,,0,uncalibrated_return_rank_score,21
baseline_monthly_return,reg,previous,55,0.5454545454545454,0.5423280423280423,0.5299145299145299,0.5405405405405406,0.7142857142857143,0.6153846153846154,0.5555555555555556,0.37037037037037035,0.4444444444444444,20,10,17,8,28,27,37,18,0.5,0.6447363844515971,0.629451729585728,0.5952380952380952,,,0,uncalibrated_return_rank_score,21
baseline_paper_return,reg,previous,55,0.43636363636363634,0.4358465608465608,0.43561734524991724,0.4482758620689655,0.4642857142857143,0.45614035087719296,0.4230769230769231,0.4074074074074074,0.41509433962264153,13,11,16,15,28,27,29,26,0.5,0.48822316934882964,0.49759417773675646,0.4417989417989418,,,0,uncalibrated_return_rank_score,21
baseline_mean_return,reg,previous,55,0.509090909090909,0.5,0.3373493975903614,0.509090909090909,1.0,0.6746987951807228,0.0,0.0,0.0,28,0,27,0,28,27,55,0,0.5,0.4448498204846352,0.43476916187820797,0.38822751322751325,,,0,uncalibrated_return_rank_score,21
baseline_zero_return,reg,previous,55,0.509090909090909,0.5,0.3373493975903614,0.509090909090909,1.0,0.6746987951807228,0.0,0.0,0.0,28,0,27,0,28,27,55,0,0.5,0.509090909090909,0.4909090909090909,0.5,,,0,uncalibrated_return_rank_score,21
baseline_majority,baseline,previous,55,0.4909090909090909,0.5,0.32926829268292684,0.0,0.0,0.0,0.4909090909090909,1.0,0.6585365853658537,0,27,0,28,28,27,0,55,0.5,0.44618635875299384,0.43520737445340757,0.39087301587301587,0.2512141792793885,0.6955774966630764,0,probability_up,21
always_up,baseline,previous,55,0.509090909090909,0.5,0.3373493975903614,0.509090909090909,1.0,0.6746987951807228,0.0,0.0,0.0,28,0,27,0,28,27,55,0,0.5,0.509090909090909,0.4909090909090909,0.5,0.4909090909090909,17.694157118293873,0,probability_up,21
always_down,baseline,previous,55,0.4909090909090909,0.5,0.32926829268292684,0.0,0.0,0.0,0.4909090909090909,1.0,0.6585365853658537,0,27,0,28,28,27,0,55,0.5,0.509090909090909,0.4909090909090909,0.5,0.509090909090909,18.349496270823277,0,probability_up,21
class__basic__linear,class,basic,55,0.5454545454545454,0.548941798941799,0.5299145299145299,0.5882352941176471,0.35714285714285715,0.4444444444444444,0.5263157894736842,0.7407407407407407,0.6153846153846154,10,20,7,18,28,27,17,38,0.5750000000000002,0.6391448912344115,0.6022506429989708,0.6137566137566137,0.28701451966940605,0.9178842452386062,0,probability_up,22
class__basic__xgb,class,basic,55,0.5272727272727272,0.5211640211640212,0.46321321321321324,0.5217391304347826,0.8571428571428571,0.6486486486486487,0.5555555555555556,0.18518518518518517,0.2777777777777778,24,5,22,4,28,27,46,9,0.4,0.4912045491820105,0.522839975976024,0.47751322751322756,0.26224408889155437,0.7189667577609152,0,probability_up,22
class__basic__forest,class,basic,55,0.509090909090909,0.5066137566137566,0.4984802431610942,0.5142857142857142,0.6428571428571429,0.5714285714285714,0.5,0.37037037037037035,0.425531914893617,18,10,17,10,28,27,35,20,0.45000000000000007,0.4761984918359487,0.5128447386746142,0.466931216931217,0.27881443441262244,0.7568214448235081,0,probability_up,22
class__basic__equal_ensemble,class,basic,55,0.5818181818181818,0.5826719576719577,0.581264481959616,0.6,0.5357142857142857,0.5660377358490566,0.5666666666666667,0.6296296296296297,0.5964912280701754,15,17,10,13,28,27,25,30,0.4750000000000001,0.5502031616317795,0.5609373948343008,0.5582010582010583,0.2606158906361551,0.7181994786831417,0,probability_up,22
class__direction_core__linear,class,direction_core,55,0.5636363636363636,0.5687830687830688,0.5285714285714286,0.6666666666666666,0.2857142857142857,0.4,0.5348837209302325,0.8518518518518519,0.6571428571428571,8,23,4,20,28,27,12,43,0.6500000000000002,0.6336947045706002,0.6102745901418267,0.626984126984127,0.28732506064161933,0.9186832549945053,0,probability_up,22
class__direction_core__xgb,class,direction_core,55,0.4909090909090909,0.48478835978835977,0.4219219219219219,0.5,0.8214285714285714,0.6216216216216216,0.4444444444444444,0.14814814814814814,0.2222222222222222,23,4,23,5,28,27,46,9,0.4,0.5070281914401741,0.536342056671841,0.49338624338624343,0.26221766958815884,0.7190751650058789,0,probability_up,22
class__direction_core__forest,class,direction_core,55,0.5636363636363636,0.5582010582010581,0.5175438596491228,0.5454545454545454,0.8571428571428571,0.6666666666666666,0.6363636363636364,0.25925925925925924,0.3684210526315789,24,7,20,4,28,27,44,11,0.4,0.5148988807722611,0.5265276905922598,0.4841269841269842,0.26740145759410205,0.7303853697699259,0,probability_up,22
class__direction_core__equal_ensemble,class,direction_core,55,0.6,0.6011904761904762,0.5988063660477454,0.625,0.5357142857142857,0.5769230769230769,0.5806451612903226,0.6666666666666666,0.6206896551724138,15,18,9,13,28,27,24,31,0.4750000000000001,0.5654709916946378,0.5663998703806672,0.5714285714285715,0.25657651016126665,0.7096350071247634,0,probability_up,22
class__engineered_direction__linear,class,engineered_direction,55,0.5454545454545454,0.5502645502645502,0.5139625309296572,0.6153846153846154,0.2857142857142857,0.3902439024390244,0.5238095238095238,0.8148148148148148,0.6376811594202898,8,22,5,20,28,27,13,42,0.6500000000000002,0.6125200021497379,0.6305836076052123,0.6362433862433863,0.28697341029293644,0.8867847323720209,0,probability_up,22
class__engineered_direction__xgb,class,engineered_direction,55,0.5454545454545454,0.5403439153439153,0.5034308414590105,0.5348837209302325,0.8214285714285714,0.647887323943662,0.5833333333333334,0.25925925925925924,0.358974358974359,23,7,20,5,28,27,43,12,0.4,0.491797045194102,0.5595935947235862,0.4986772486772487,0.2672664255688241,0.7314970719322628,0,probability_up,22
class__engineered_direction__forest,class,engineered_direction,55,0.5636363636363636,0.5608465608465608,0.5516304347826086,0.5555555555555556,0.7142857142857143,0.625,0.5789473684210527,0.4074074074074074,0.4782608695652174,20,11,16,8,28,27,36,19,0.45000000000000007,0.4942372988889651,0.5584865860866571,0.5066137566137566,0.26748604989238833,0.7349738485834167,0,probability_up,22
class__engineered_direction__equal_ensemble,class,engineered_direction,55,0.5818181818181818,0.5846560846560847,0.5727794663964876,0.631578947368421,0.42857142857142855,0.5106382978723404,0.5555555555555556,0.7407407407407407,0.6349206349206349,12,20,7,16,28,27,19,36,0.5250000000000001,0.5420759807970943,0.6103365582381304,0.582010582010582,0.2568345534032154,0.7123169179116408,0,probability_up,22
reg__basic__linear,reg,basic,55,0.4909090909090909,0.4927248677248677,0.4866666666666667,0.5,0.39285714285714285,0.44,0.48484848484848486,0.5925925925925926,0.5333333333333333,11,16,11,17,28,27,22,33,0.5,0.5960079904001134,0.5977102793808206,0.5767195767195767,,,0,uncalibrated_return_rank_score,22
reg__basic__xgb,reg,basic,55,0.5818181818181818,0.578042328042328,0.5609163484901076,0.5641025641025641,0.7857142857142857,0.6567164179104478,0.625,0.37037037037037035,0.46511627906976744,22,10,17,6,28,27,39,16,0.5,0.5497155610346139,0.5935887355969,0.548941798941799,,,0,uncalibrated_return_rank_score,22
reg__basic__forest,reg,basic,55,0.509090909090909,0.5079365079365079,0.5064805583250249,0.5161290322580645,0.5714285714285714,0.5423728813559322,0.5,0.4444444444444444,0.47058823529411764,16,12,15,12,28,27,31,24,0.5,0.5361750747291636,0.5454519477856155,0.47883597883597884,,,0,uncalibrated_return_rank_score,22
reg__basic__equal_ensemble,reg,basic,55,0.4727272727272727,0.4735449735449735,0.47202912942734193,0.48,0.42857142857142855,0.4528301886792453,0.4666666666666667,0.5185185185185185,0.49122807017543857,12,14,13,16,28,27,25,30,0.5,0.5817732529577567,0.5781475214815707,0.5568783068783069,,,0,uncalibrated_return_rank_score,22
reg__direction_core__linear,reg,direction_core,55,0.4909090909090909,0.4927248677248677,0.4866666666666667,0.5,0.39285714285714285,0.44,0.48484848484848486,0.5925925925925926,0.5333333333333333,11,16,11,17,28,27,22,33,0.5,0.5843593676088179,0.5962498662253538,0.5753968253968255,,,0,uncalibrated_return_rank_score,22
reg__direction_core__xgb,reg,direction_core,55,0.5272727272727272,0.5244708994708995,0.514266304347826,0.5277777777777778,0.6785714285714286,0.59375,0.5263157894736842,0.37037037037037035,0.43478260869565216,19,10,17,9,28,27,36,19,0.5,0.5547684853203945,0.5969049082375323,0.5608465608465609,,,0,uncalibrated_return_rank_score,22
reg__direction_core__forest,reg,direction_core,55,0.4727272727272727,0.4715608465608465,0.46992356264539714,0.4838709677419355,0.5357142857142857,0.5084745762711864,0.4583333333333333,0.4074074074074074,0.43137254901960786,15,11,16,13,28,27,31,24,0.5,0.542301230292369,0.5622225849211873,0.4841269841269842,,,0,uncalibrated_return_rank_score,22
reg__direction_core__equal_ensemble,reg,direction_core,55,0.45454545454545453,0.455026455026455,0.45436507936507936,0.46153846153846156,0.42857142857142855,0.4444444444444444,0.4482758620689655,0.48148148148148145,0.4642857142857143,12,13,14,16,28,27,26,29,0.5,0.583620391195185,0.5758373774696568,0.5542328042328043,,,0,uncalibrated_return_rank_score,22
reg__engineered_direction__linear,reg,engineered_direction,55,0.6,0.6018518518518519,0.5966666666666667,0.6363636363636364,0.5,0.56,0.5757575757575758,0.7037037037037037,0.6333333333333333,14,19,8,14,28,27,22,33,0.5,0.5823772100758922,0.6717702046804213,0.6071428571428572,,,0,uncalibrated_return_rank_score,22
reg__engineered_direction__xgb,reg,engineered_direction,55,0.5272727272727272,0.5244708994708995,0.514266304347826,0.5277777777777778,0.6785714285714286,0.59375,0.5263157894736842,0.37037037037037035,0.43478260869565216,19,10,17,9,28,27,36,19,0.5,0.5437638690855665,0.610193922086038,0.5357142857142857,,,0,uncalibrated_return_rank_score,22
reg__engineered_direction__forest,reg,engineered_direction,55,0.4727272727272727,0.4695767195767196,0.45470085470085475,0.4864864864864865,0.6428571428571429,0.5538461538461539,0.4444444444444444,0.2962962962962963,0.35555555555555557,18,8,19,10,28,27,37,18,0.5,0.5060887189098945,0.5508165406715773,0.4656084656084656,,,0,uncalibrated_return_rank_score,22
reg__engineered_direction__equal_ensemble,reg,engineered_direction,55,0.5272727272727272,0.5264550264550264,0.5258620689655172,0.5333333333333333,0.5714285714285714,0.5517241379310345,0.52,0.48148148148148145,0.5,16,13,14,12,28,27,30,25,0.5,0.5719754589228855,0.6369642695618094,0.5714285714285714,,,0,uncalibrated_return_rank_score,22
selected_direction,class,engineered_direction,55,0.5454545454545454,0.5403439153439153,0.5034308414590105,0.5348837209302325,0.8214285714285714,0.647887323943662,0.5833333333333334,0.25925925925925924,0.358974358974359,23,7,20,5,28,27,43,12,0.4,0.491797045194102,0.5595935947235862,0.4986772486772487,0.2672664255688241,0.7314970719322628,0,probability_up,22
selected_return,reg,basic,55,0.5818181818181818,0.578042328042328,0.5609163484901076,0.5641025641025641,0.7857142857142857,0.6567164179104478,0.625,0.37037037037037035,0.46511627906976744,22,10,17,6,28,27,39,16,0.5,0.5497155610346139,0.5935887355969,0.548941798941799,,,0,uncalibrated_return_rank_score,22
baseline_monthly_return,reg,previous,55,0.5454545454545454,0.5423280423280423,0.5299145299145299,0.5405405405405406,0.7142857142857143,0.6153846153846154,0.5555555555555556,0.37037037037037035,0.4444444444444444,20,10,17,8,28,27,37,18,0.5,0.6603978345007682,0.6410932513924379,0.6150793650793651,,,0,uncalibrated_return_rank_score,22
baseline_paper_return,reg,previous,55,0.43636363636363634,0.4358465608465608,0.43561734524991724,0.4482758620689655,0.4642857142857143,0.45614035087719296,0.4230769230769231,0.4074074074074074,0.41509433962264153,13,11,16,15,28,27,29,26,0.5,0.48829132509847023,0.5025462207999805,0.44312169312169314,,,0,uncalibrated_return_rank_score,22
baseline_mean_return,reg,previous,55,0.509090909090909,0.5,0.3373493975903614,0.509090909090909,1.0,0.6746987951807228,0.0,0.0,0.0,28,0,27,0,28,27,55,0,0.5,0.4448498204846352,0.43476916187820797,0.38822751322751325,,,0,uncalibrated_return_rank_score,22
baseline_zero_return,reg,previous,55,0.509090909090909,0.5,0.3373493975903614,0.509090909090909,1.0,0.6746987951807228,0.0,0.0,0.0,28,0,27,0,28,27,55,0,0.5,0.509090909090909,0.4909090909090909,0.5,,,0,uncalibrated_return_rank_score,22
baseline_majority,baseline,previous,55,0.4909090909090909,0.5,0.32926829268292684,0.0,0.0,0.0,0.4909090909090909,1.0,0.6585365853658537,0,27,0,28,28,27,0,55,0.5,0.44618635875299384,0.43520737445340757,0.39087301587301587,0.2512141792793885,0.6955774966630764,0,probability_up,22
always_up,baseline,previous,55,0.509090909090909,0.5,0.3373493975903614,0.509090909090909,1.0,0.6746987951807228,0.0,0.0,0.0,28,0,27,0,28,27,55,0,0.5,0.509090909090909,0.4909090909090909,0.5,0.4909090909090909,17.694157118293873,0,probability_up,22
always_down,baseline,previous,55,0.4909090909090909,0.5,0.32926829268292684,0.0,0.0,0.0,0.4909090909090909,1.0,0.6585365853658537,0,27,0,28,28,27,0,55,0.5,0.509090909090909,0.4909090909090909,0.5,0.509090909090909,18.349496270823277,0,probability_up,22
class__basic__linear,class,basic,55,0.5454545454545454,0.548941798941799,0.5299145299145299,0.5882352941176471,0.35714285714285715,0.4444444444444444,0.5263157894736842,0.7407407407407407,0.6153846153846154,10,20,7,18,28,27,17,38,0.5750000000000002,0.6391448912344115,0.6022506429989708,0.6137566137566137,0.28732480266527355,0.9185050351221107,0,probability_up,23
class__basic__xgb,class,basic,55,0.5272727272727272,0.5211640211640212,0.46321321321321324,0.5217391304347826,0.8571428571428571,0.6486486486486487,0.5555555555555556,0.18518518518518517,0.2777777777777778,24,5,22,4,28,27,46,9,0.4,0.4912045491820105,0.522839975976024,0.47751322751322756,0.26224408889155437,0.7189667577609152,0,probability_up,23
class__basic__forest,class,basic,55,0.509090909090909,0.5066137566137566,0.4984802431610942,0.5142857142857142,0.6428571428571429,0.5714285714285714,0.5,0.37037037037037035,0.425531914893617,18,10,17,10,28,27,35,20,0.45000000000000007,0.4761984918359487,0.5128447386746142,0.466931216931217,0.27881443441262244,0.7568214448235081,0,probability_up,23
class__basic__equal_ensemble,class,basic,55,0.5818181818181818,0.5826719576719577,0.581264481959616,0.6,0.5357142857142857,0.5660377358490566,0.5666666666666667,0.6296296296296297,0.5964912280701754,15,17,10,13,28,27,25,30,0.4750000000000001,0.5502031616317795,0.5609373948343008,0.5582010582010583,0.2606979765259328,0.718371940455066,0,probability_up,23
class__direction_core__linear,class,direction_core,55,0.5636363636363636,0.5687830687830688,0.5285714285714286,0.6666666666666666,0.2857142857142857,0.4,0.5348837209302325,0.8518518518518519,0.6571428571428571,8,23,4,20,28,27,12,43,0.6500000000000002,0.6346828468630903,0.6109017770435234,0.6283068783068784,0.28689752652188844,0.9178174210832978,0,probability_up,23
class__direction_core__xgb,class,direction_core,55,0.4909090909090909,0.48478835978835977,0.4219219219219219,0.5,0.8214285714285714,0.6216216216216216,0.4444444444444444,0.14814814814814814,0.2222222222222222,23,4,23,5,28,27,46,9,0.4,0.5070281914401741,0.536342056671841,0.49338624338624343,0.2622655851969308,0.7191822906415343,0,probability_up,23
class__direction_core__forest,class,direction_core,55,0.5636363636363636,0.5582010582010581,0.5175438596491228,0.5454545454545454,0.8571428571428571,0.6666666666666666,0.6363636363636364,0.25925925925925924,0.3684210526315789,24,7,20,4,28,27,44,11,0.4,0.5148988807722611,0.5265276905922598,0.4841269841269842,0.2674940433896368,0.7305900691633657,0,probability_up,23
class__direction_core__equal_ensemble,class,direction_core,55,0.6,0.6011904761904762,0.5988063660477454,0.625,0.5357142857142857,0.5769230769230769,0.5806451612903226,0.6666666666666666,0.6206896551724138,15,18,9,13,28,27,24,31,0.4750000000000001,0.5654709916946378,0.5663998703806672,0.5714285714285715,0.25650737727352146,0.7094876737678105,0,probability_up,23
class__engineered_direction__linear,class,engineered_direction,55,0.5454545454545454,0.5502645502645502,0.5139625309296572,0.6153846153846154,0.2857142857142857,0.3902439024390244,0.5238095238095238,0.8148148148148148,0.6376811594202898,8,22,5,20,28,27,13,42,0.6500000000000002,0.6115154680659355,0.6276787419552485,0.6335978835978836,0.28721476120771894,0.8876149746104635,0,probability_up,23
class__engineered_direction__xgb,class,engineered_direction,55,0.5454545454545454,0.5403439153439153,0.5034308414590105,0.5348837209302325,0.8214285714285714,0.647887323943662,0.5833333333333334,0.25925925925925924,0.358974358974359,23,7,20,5,28,27,43,12,0.4,0.491797045194102,0.5595935947235862,0.4986772486772487,0.2672664255688241,0.7314970719322628,0,probability_up,23
class__engineered_direction__forest,class,engineered_direction,55,0.5636363636363636,0.5608465608465608,0.5516304347826086,0.5555555555555556,0.7142857142857143,0.625,0.5789473684210527,0.4074074074074074,0.4782608695652174,20,11,16,8,28,27,36,19,0.45000000000000007,0.4942372988889651,0.5584865860866571,0.5066137566137566,0.2674975881027892,0.7349994876760149,0,probability_up,23
class__engineered_direction__equal_ensemble,class,engineered_direction,55,0.5818181818181818,0.5846560846560847,0.5727794663964876,0.631578947368421,0.42857142857142855,0.5106382978723404,0.5555555555555556,0.7407407407407407,0.6349206349206349,12,20,7,16,28,27,19,36,0.5250000000000001,0.5420759807970943,0.6103365582381304,0.582010582010582,0.25696381995858125,0.7126397760522768,0,probability_up,23
reg__basic__linear,reg,basic,55,0.4909090909090909,0.4927248677248677,0.4866666666666667,0.5,0.39285714285714285,0.44,0.48484848484848486,0.5925925925925926,0.5333333333333333,11,16,11,17,28,27,22,33,0.5,0.5960079904001134,0.5977102793808206,0.5767195767195767,,,0,uncalibrated_return_rank_score,23
reg__basic__xgb,reg,basic,55,0.5818181818181818,0.578042328042328,0.5609163484901076,0.5641025641025641,0.7857142857142857,0.6567164179104478,0.625,0.37037037037037035,0.46511627906976744,22,10,17,6,28,27,39,16,0.5,0.5497155610346139,0.5935887355969,0.548941798941799,,,0,uncalibrated_return_rank_score,23
reg__basic__forest,reg,basic,55,0.509090909090909,0.5079365079365079,0.5064805583250249,0.5161290322580645,0.5714285714285714,0.5423728813559322,0.5,0.4444444444444444,0.47058823529411764,16,12,15,12,28,27,31,24,0.5,0.5361750747291636,0.5454519477856155,0.47883597883597884,,,0,uncalibrated_return_rank_score,23
reg__basic__equal_ensemble,reg,basic,55,0.45454545454545453,0.455026455026455,0.45436507936507936,0.46153846153846156,0.42857142857142855,0.4444444444444444,0.4482758620689655,0.48148148148148145,0.4642857142857143,12,13,14,16,28,27,26,29,0.5,0.5811591184150506,0.5775545639920615,0.5555555555555556,,,0,uncalibrated_return_rank_score,23
reg__direction_core__linear,reg,direction_core,55,0.4909090909090909,0.4927248677248677,0.4866666666666667,0.5,0.39285714285714285,0.44,0.48484848484848486,0.5925925925925926,0.5333333333333333,11,16,11,17,28,27,22,33,0.5,0.5843593676088179,0.5962498662253538,0.5753968253968255,,,0,uncalibrated_return_rank_score,23
reg__direction_core__xgb,reg,direction_core,55,0.5272727272727272,0.5244708994708995,0.514266304347826,0.5277777777777778,0.6785714285714286,0.59375,0.5263157894736842,0.37037037037037035,0.43478260869565216,19,10,17,9,28,27,36,19,0.5,0.5547684853203945,0.5969049082375323,0.5608465608465609,,,0,uncalibrated_return_rank_score,23
reg__direction_core__forest,reg,direction_core,55,0.4727272727272727,0.4715608465608465,0.46992356264539714,0.4838709677419355,0.5357142857142857,0.5084745762711864,0.4583333333333333,0.4074074074074074,0.43137254901960786,15,11,16,13,28,27,31,24,0.5,0.5401184105241456,0.5607310315096992,0.4801587301587302,,,0,uncalibrated_return_rank_score,23
reg__direction_core__equal_ensemble,reg,direction_core,55,0.45454545454545453,0.455026455026455,0.45436507936507936,0.46153846153846156,0.42857142857142855,0.4444444444444444,0.4482758620689655,0.48148148148148145,0.4642857142857143,12,13,14,16,28,27,26,29,0.5,0.583620391195185,0.5758373774696568,0.5542328042328043,,,0,uncalibrated_return_rank_score,23
reg__engineered_direction__linear,reg,engineered_direction,55,0.5818181818181818,0.5833333333333333,0.5795945496842805,0.6086956521739131,0.5,0.5490196078431373,0.5625,0.6666666666666666,0.6101694915254238,14,18,9,14,28,27,23,32,0.5,0.5816140843127664,0.6710890637693951,0.6058201058201058,,,0,uncalibrated_return_rank_score,23
reg__engineered_direction__xgb,reg,engineered_direction,55,0.5272727272727272,0.5244708994708995,0.514266304347826,0.5277777777777778,0.6785714285714286,0.59375,0.5263157894736842,0.37037037037037035,0.43478260869565216,19,10,17,9,28,27,36,19,0.5,0.5437638690855665,0.610193922086038,0.5357142857142857,,,0,uncalibrated_return_rank_score,23
reg__engineered_direction__forest,reg,engineered_direction,55,0.4727272727272727,0.4695767195767196,0.45470085470085475,0.4864864864864865,0.6428571428571429,0.5538461538461539,0.4444444444444444,0.2962962962962963,0.35555555555555557,18,8,19,10,28,27,37,18,0.5,0.5050382987418273,0.5503654485538185,0.46428571428571425,,,0,uncalibrated_return_rank_score,23
reg__engineered_direction__equal_ensemble,reg,engineered_direction,55,0.509090909090909,0.5079365079365079,0.5064805583250249,0.5161290322580645,0.5714285714285714,0.5423728813559322,0.5,0.4444444444444444,0.47058823529411764,16,12,15,12,28,27,31,24,0.5,0.5713634197523786,0.636161800426007,0.5701058201058202,,,0,uncalibrated_return_rank_score,23
selected_direction,class,engineered_direction,55,0.5454545454545454,0.5403439153439153,0.5034308414590105,0.5348837209302325,0.8214285714285714,0.647887323943662,0.5833333333333334,0.25925925925925924,0.358974358974359,23,7,20,5,28,27,43,12,0.4,0.491797045194102,0.5595935947235862,0.4986772486772487,0.2672664255688241,0.7314970719322628,0,probability_up,23
selected_return,reg,basic,55,0.5818181818181818,0.578042328042328,0.5609163484901076,0.5641025641025641,0.7857142857142857,0.6567164179104478,0.625,0.37037037037037035,0.46511627906976744,22,10,17,6,28,27,39,16,0.5,0.5497155610346139,0.5935887355969,0.548941798941799,,,0,uncalibrated_return_rank_score,23
baseline_monthly_return,reg,previous,55,0.5454545454545454,0.5423280423280423,0.5299145299145299,0.5405405405405406,0.7142857142857143,0.6153846153846154,0.5555555555555556,0.37037037037037035,0.4444444444444444,20,10,17,8,28,27,37,18,0.5,0.6586714797076433,0.6396970714761432,0.6124338624338624,,,0,uncalibrated_return_rank_score,23
baseline_paper_return,reg,previous,55,0.43636363636363634,0.4358465608465608,0.43561734524991724,0.4482758620689655,0.4642857142857143,0.45614035087719296,0.4230769230769231,0.4074074074074074,0.41509433962264153,13,11,16,15,28,27,29,26,0.5,0.4909900142232429,0.503896108699576,0.44708994708994715,,,0,uncalibrated_return_rank_score,23
baseline_mean_return,reg,previous,55,0.509090909090909,0.5,0.3373493975903614,0.509090909090909,1.0,0.6746987951807228,0.0,0.0,0.0,28,0,27,0,28,27,55,0,0.5,0.4448498204846352,0.43476916187820797,0.38822751322751325,,,0,uncalibrated_return_rank_score,23
baseline_zero_return,reg,previous,55,0.509090909090909,0.5,0.3373493975903614,0.509090909090909,1.0,0.6746987951807228,0.0,0.0,0.0,28,0,27,0,28,27,55,0,0.5,0.509090909090909,0.4909090909090909,0.5,,,0,uncalibrated_return_rank_score,23
baseline_majority,baseline,previous,55,0.4909090909090909,0.5,0.32926829268292684,0.0,0.0,0.0,0.4909090909090909,1.0,0.6585365853658537,0,27,0,28,28,27,0,55,0.5,0.44618635875299384,0.43520737445340757,0.39087301587301587,0.2512141792793885,0.6955774966630764,0,probability_up,23
always_up,baseline,previous,55,0.509090909090909,0.5,0.3373493975903614,0.509090909090909,1.0,0.6746987951807228,0.0,0.0,0.0,28,0,27,0,28,27,55,0,0.5,0.509090909090909,0.4909090909090909,0.5,0.4909090909090909,17.694157118293873,0,probability_up,23
always_down,baseline,previous,55,0.4909090909090909,0.5,0.32926829268292684,0.0,0.0,0.0,0.4909090909090909,1.0,0.6585365853658537,0,27,0,28,28,27,0,55,0.5,0.509090909090909,0.4909090909090909,0.5,0.509090909090909,18.349496270823277,0,probability_up,23
class__basic__linear,class,basic,55,0.5636363636363636,0.5674603174603174,0.5454545454545454,0.625,0.35714285714285715,0.45454545454545453,0.5384615384615384,0.7777777777777778,0.6363636363636364,10,21,6,18,28,27,16,39,0.5750000000000002,0.647382579106209,0.6030567547992347,0.6243386243386243,0.2810958951436615,0.9069166699766054,0,probability_up,24
class__basic__xgb,class,basic,55,0.5272727272727272,0.5211640211640212,0.46321321321321324,0.5217391304347826,0.8571428571428571,0.6486486486486487,0.5555555555555556,0.18518518518518517,0.2777777777777778,24,5,22,4,28,27,46,9,0.4,0.5054767006520409,0.5199914149503175,0.4920634920634921,0.260704416493514,0.7158742979027896,0,probability_up,24
class__basic__forest,class,basic,55,0.509090909090909,0.5066137566137566,0.4984802431610942,0.5142857142857142,0.6428571428571429,0.5714285714285714,0.5,0.37037037037037035,0.425531914893617,18,10,17,10,28,27,35,20,0.45000000000000007,0.4744678418676449,0.5046752752228927,0.46164021164021163,0.2795475275540216,0.7584814955511071,0,probability_up,24
class__basic__equal_ensemble,class,basic,55,0.6,0.6005291005291005,0.5998677248677249,0.6153846153846154,0.5714285714285714,0.5925925925925926,0.5862068965517241,0.6296296296296297,0.6071428571428571,16,17,10,12,28,27,26,29,0.4750000000000001,0.5506488732751521,0.5507221677976473,0.5582010582010583,0.2585786755073702,0.7141764386604318,0,probability_up,24
class__direction_core__linear,class,direction_core,55,0.5818181818181818,0.5866402116402116,0.5528455284552846,0.6923076923076923,0.32142857142857145,0.43902439024390244,0.5476190476190477,0.8518518518518519,0.6666666666666666,9,23,4,19,28,27,13,42,0.6500000000000002,0.6427056716098853,0.6098054796791592,0.6349206349206349,0.2811012018761663,0.9061903069702889,0,probability_up,24
class__direction_core__xgb,class,direction_core,55,0.4909090909090909,0.48478835978835977,0.4219219219219219,0.5,0.8214285714285714,0.6216216216216216,0.4444444444444444,0.14814814814814814,0.2222222222222222,23,4,23,5,28,27,46,9,0.4,0.5213439006293592,0.5213792585273362,0.5066137566137566,0.2604140787108243,0.7154948863848019,0,probability_up,24
class__direction_core__forest,class,direction_core,55,0.5454545454545454,0.5396825396825397,0.4909292854498334,0.5333333333333333,0.8571428571428571,0.6575342465753424,0.6,0.2222222222222222,0.32432432432432434,24,6,21,4,28,27,45,10,0.4,0.5198478660258296,0.5211141360123748,0.49074074074074076,0.2659979475754281,0.7276323510095084,0,probability_up,24
class__direction_core__equal_ensemble,class,direction_core,55,0.6,0.6011904761904762,0.5988063660477454,0.625,0.5357142857142857,0.5769230769230769,0.5806451612903226,0.6666666666666666,0.6206896551724138,15,18,9,13,28,27,24,31,0.4750000000000001,0.5726717455477981,0.5685395765125316,0.5793650793650794,0.2535332110056072,0.7034536599104191,0,probability_up,24
class__engineered_direction__linear,class,engineered_direction,55,0.5454545454545454,0.5502645502645502,0.5139625309296572,0.6153846153846154,0.2857142857142857,0.3902439024390244,0.5238095238095238,0.8148148148148148,0.6376811594202898,8,22,5,20,28,27,13,42,0.6500000000000002,0.6129858990550173,0.6317896298358078,0.6349206349206349,0.28761338707996353,0.8899710332192408,0,probability_up,24
class__engineered_direction__xgb,class,engineered_direction,55,0.5454545454545454,0.5403439153439153,0.5034308414590105,0.5348837209302325,0.8214285714285714,0.647887323943662,0.5833333333333334,0.25925925925925924,0.358974358974359,23,7,20,5,28,27,43,12,0.4,0.5023792215122399,0.5542334689698389,0.5079365079365079,0.26544080602039505,0.7277247875095275,0,probability_up,24
class__engineered_direction__forest,class,engineered_direction,55,0.5636363636363636,0.5608465608465608,0.5516304347826086,0.5555555555555556,0.7142857142857143,0.625,0.5789473684210527,0.4074074074074074,0.4782608695652174,20,11,16,8,28,27,36,19,0.45000000000000007,0.4983421198318263,0.5409653289931033,0.5092592592592593,0.267432034618118,0.7350955807354959,0,probability_up,24
class__engineered_direction__equal_ensemble,class,engineered_direction,55,0.5818181818181818,0.5846560846560847,0.5727794663964876,0.631578947368421,0.42857142857142855,0.5106382978723404,0.5555555555555556,0.7407407407407407,0.6349206349206349,12,20,7,16,28,27,19,36,0.5250000000000001,0.5430077333161716,0.6091381598560102,0.5846560846560847,0.255972270691562,0.710801300224036,0,probability_up,24
reg__basic__linear,reg,basic,55,0.509090909090909,0.5112433862433863,0.5031783205085313,0.5238095238095238,0.39285714285714285,0.4489795918367347,0.5,0.6296296296296297,0.5573770491803278,11,17,10,17,28,27,21,34,0.5,0.5964549751416856,0.5938840755248217,0.5806878306878307,,,0,uncalibrated_return_rank_score,24
reg__basic__xgb,reg,basic,55,0.5818181818181818,0.578042328042328,0.5609163484901076,0.5641025641025641,0.7857142857142857,0.6567164179104478,0.625,0.37037037037037035,0.46511627906976744,22,10,17,6,28,27,39,16,0.5,0.5520948892299394,0.5867975978862493,0.5515873015873016,,,0,uncalibrated_return_rank_score,24
reg__basic__forest,reg,basic,55,0.5272727272727272,0.5257936507936507,0.5233333333333333,0.53125,0.6071428571428571,0.5666666666666667,0.5217391304347826,0.4444444444444444,0.48,17,12,15,11,28,27,32,23,0.5,0.5361828388947075,0.5157056422109676,0.4748677248677249,,,0,uncalibrated_return_rank_score,24
reg__basic__equal_ensemble,reg,basic,55,0.4909090909090909,0.4914021164021164,0.4907407407407407,0.5,0.4642857142857143,0.48148148148148145,0.4827586206896552,0.5185185185185185,0.5,13,14,13,15,28,27,26,29,0.5,0.5828994259823554,0.58077737232272,0.5621693121693122,,,0,uncalibrated_return_rank_score,24
reg__direction_core__linear,reg,direction_core,55,0.5272727272727272,0.5291005291005291,0.5233333333333333,0.5454545454545454,0.42857142857142855,0.48,0.5151515151515151,0.6296296296296297,0.5666666666666667,12,17,10,16,28,27,22,33,0.5,0.5922428555674735,0.6017548994592341,0.5846560846560847,,,0,uncalibrated_return_rank_score,24
reg__direction_core__xgb,reg,direction_core,55,0.5454545454545454,0.542989417989418,0.535629854778791,0.5428571428571428,0.6785714285714286,0.6031746031746031,0.55,0.4074074074074074,0.46808510638297873,19,11,16,9,28,27,35,20,0.5,0.5569566657263934,0.5831912043109405,0.5608465608465608,,,0,uncalibrated_return_rank_score,24
reg__direction_core__forest,reg,direction_core,55,0.4909090909090909,0.4894179894179894,0.4866666666666667,0.5,0.5714285714285714,0.5333333333333333,0.4782608695652174,0.4074074074074074,0.44,16,11,16,12,28,27,32,23,0.5,0.5456701845542777,0.5468348298132859,0.4894179894179894,,,0,uncalibrated_return_rank_score,24
reg__direction_core__equal_ensemble,reg,direction_core,55,0.4727272727272727,0.4728835978835979,0.4727272727272727,0.48148148148148145,0.4642857142857143,0.4727272727272727,0.4642857142857143,0.48148148148148145,0.4727272727272727,13,13,14,15,28,27,27,28,0.5,0.581625477067918,0.5774448630445514,0.5582010582010583,,,0,uncalibrated_return_rank_score,24
reg__engineered_direction__linear,reg,engineered_direction,55,0.5636363636363636,0.5654761904761905,0.56,0.5909090909090909,0.4642857142857143,0.52,0.5454545454545454,0.6666666666666666,0.6,13,18,9,15,28,27,22,33,0.5,0.5748828606889145,0.6515292216642268,0.5965608465608466,,,0,uncalibrated_return_rank_score,24
reg__engineered_direction__xgb,reg,engineered_direction,55,0.5454545454545454,0.542989417989418,0.535629854778791,0.5428571428571428,0.6785714285714286,0.6031746031746031,0.55,0.4074074074074074,0.46808510638297873,19,11,16,9,28,27,35,20,0.5,0.5479343071745785,0.5930343699656588,0.5396825396825397,,,0,uncalibrated_return_rank_score,24
reg__engineered_direction__forest,reg,engineered_direction,55,0.4727272727272727,0.4695767195767196,0.45470085470085475,0.4864864864864865,0.6428571428571429,0.5538461538461539,0.4444444444444444,0.2962962962962963,0.35555555555555557,18,8,19,10,28,27,37,18,0.5,0.5054233271355438,0.5280909374917753,0.462962962962963,,,0,uncalibrated_return_rank_score,24
reg__engineered_direction__equal_ensemble,reg,engineered_direction,55,0.5454545454545454,0.5443121693121693,0.5430375540046527,0.5483870967741935,0.6071428571428571,0.576271186440678,0.5416666666666666,0.48148148148148145,0.5098039215686274,17,13,14,11,28,27,31,24,0.5,0.5728497449892396,0.6247896906762003,0.5714285714285714,,,0,uncalibrated_return_rank_score,24
selected_direction,class,engineered_direction,55,0.5454545454545454,0.5403439153439153,0.5034308414590105,0.5348837209302325,0.8214285714285714,0.647887323943662,0.5833333333333334,0.25925925925925924,0.358974358974359,23,7,20,5,28,27,43,12,0.4,0.5023792215122399,0.5542334689698389,0.5079365079365079,0.26544080602039505,0.7277247875095275,0,probability_up,24
selected_return,reg,basic,55,0.5818181818181818,0.578042328042328,0.5609163484901076,0.5641025641025641,0.7857142857142857,0.6567164179104478,0.625,0.37037037037037035,0.46511627906976744,22,10,17,6,28,27,39,16,0.5,0.5520948892299394,0.5867975978862493,0.5515873015873016,,,0,uncalibrated_return_rank_score,24
baseline_monthly_return,reg,previous,55,0.5272727272727272,0.5244708994708995,0.514266304347826,0.5277777777777778,0.6785714285714286,0.59375,0.5263157894736842,0.37037037037037035,0.43478260869565216,19,10,17,9,28,27,36,19,0.5,0.6336930477173411,0.6291911999833402,0.5859788359788359,,,0,uncalibrated_return_rank_score,24
baseline_paper_return,reg,previous,55,0.41818181818181815,0.4173280423280423,0.41644562334217505,0.43333333333333335,0.4642857142857143,0.4482758620689655,0.4,0.37037037037037035,0.38461538461538464,13,10,17,15,28,27,30,25,0.5,0.486941232208512,0.5167320860352927,0.4391534391534392,,,0,uncalibrated_return_rank_score,24
baseline_mean_return,reg,previous,55,0.509090909090909,0.5,0.3373493975903614,0.509090909090909,1.0,0.6746987951807228,0.0,0.0,0.0,28,0,27,0,28,27,55,0,0.5,0.4448498204846352,0.43476916187820797,0.38822751322751325,,,0,uncalibrated_return_rank_score,24
baseline_zero_return,reg,previous,55,0.509090909090909,0.5,0.3373493975903614,0.509090909090909,1.0,0.6746987951807228,0.0,0.0,0.0,28,0,27,0,28,27,55,0,0.5,0.509090909090909,0.4909090909090909,0.5,,,0,uncalibrated_return_rank_score,24
baseline_majority,baseline,previous,55,0.4909090909090909,0.5,0.32926829268292684,0.0,0.0,0.0,0.4909090909090909,1.0,0.6585365853658537,0,27,0,28,28,27,0,55,0.5,0.44618635875299384,0.43520737445340757,0.39087301587301587,0.2512141792793885,0.6955774966630764,0,probability_up,24
always_up,baseline,previous,55,0.509090909090909,0.5,0.3373493975903614,0.509090909090909,1.0,0.6746987951807228,0.0,0.0,0.0,28,0,27,0,28,27,55,0,0.5,0.509090909090909,0.4909090909090909,0.5,0.4909090909090909,17.694157118293873,0,probability_up,24
always_down,baseline,previous,55,0.4909090909090909,0.5,0.32926829268292684,0.0,0.0,0.0,0.4909090909090909,1.0,0.6585365853658537,0,27,0,28,28,27,0,55,0.5,0.509090909090909,0.4909090909090909,0.5,0.509090909090909,18.349496270823277,0,probability_up,24
class__basic__linear,class,basic,55,0.5818181818181818,0.5935013262599469,0.5675213675213675,0.6875,0.3793103448275862,0.4888888888888889,0.5384615384615384,0.8076923076923077,0.6461538461538462,11,21,5,18,29,26,16,39,0.5750000000000002,0.6750843075364779,0.5860848785716948,0.6445623342175066,0.27869043368775065,0.9086676417292221,0,probability_up,25
class__basic__xgb,class,basic,55,0.5272727272727272,0.5099469496021221,0.46321321321321324,0.5333333333333333,0.8275862068965517,0.6486486486486487,0.5,0.19230769230769232,0.2777777777777778,24,5,21,5,29,26,45,10,0.4,0.5253495391890851,0.4966989637753727,0.4907161803713528,0.26226815575217255,0.7192521651800158,0,probability_up,25
class__basic__forest,class,basic,55,0.509090909090909,0.5006631299734747,0.49230769230769234,0.5277777777777778,0.6551724137931034,0.5846153846153846,0.47368421052631576,0.34615384615384615,0.4,19,9,17,10,29,26,36,19,0.45000000000000007,0.5072457356900684,0.5001618359702563,0.48275862068965514,0.2771942683926164,0.7535531440248927,0,probability_up,25
class__basic__equal_ensemble,class,basic,55,0.6,0.6047745358090186,0.5988063660477454,0.6521739130434783,0.5172413793103449,0.5769230769230769,0.5625,0.6923076923076923,0.6206896551724138,15,18,8,14,29,26,23,32,0.4750000000000001,0.5910275062226052,0.5522258130356561,0.5848806366047744,0.2570102232063227,0.711723189184168,0,probability_up,25
class__direction_core__linear,class,direction_core,55,0.5454545454545454,0.5610079575596817,0.5139625309296572,0.6666666666666666,0.27586206896551724,0.3902439024390244,0.5116279069767442,0.8461538461538461,0.6376811594202898,8,22,4,21,29,26,12,43,0.6500000000000002,0.6676766206324853,0.5801962935574112,0.6445623342175066,0.2813050993019753,0.9152285013635229,0,probability_up,25
class__direction_core__xgb,class,direction_core,55,0.4727272727272727,0.45424403183023876,0.3923809523809524,0.5,0.7931034482758621,0.6133333333333333,0.3333333333333333,0.11538461538461539,0.17142857142857143,23,3,23,6,29,26,46,9,0.4,0.5372695663457401,0.4901349765505143,0.49734748010610075,0.26194925643118316,0.7187378801889523,0,probability_up,25
class__direction_core__forest,class,direction_core,55,0.5272727272727272,0.5099469496021221,0.46321321321321324,0.5333333333333333,0.8275862068965517,0.6486486486486487,0.5,0.19230769230769232,0.2777777777777778,24,5,21,5,29,26,45,10,0.4,0.5347478700980399,0.4711560866324105,0.47214854111405835,0.2672206703085286,0.7301980932538614,0,probability_up,25
class__direction_core__equal_ensemble,class,direction_core,55,0.6181818181818182,0.6240053050397878,0.6161515453639083,0.6818181818181818,0.5172413793103449,0.5882352941176471,0.5757575757575758,0.7307692307692307,0.6440677966101694,15,19,7,14,29,26,22,33,0.4750000000000001,0.6037730382201165,0.5582762530184574,0.5981432360742704,0.254183784577888,0.705932428189512,0,probability_up,25
class__engineered_direction__linear,class,engineered_direction,55,0.5272727272727272,0.5417771883289124,0.4992997198879552,0.6153846153846154,0.27586206896551724,0.38095238095238093,0.5,0.8076923076923077,0.6176470588235294,8,21,5,21,29,26,13,42,0.6500000000000002,0.6355134570861847,0.6001082578272239,0.6326259946949602,0.29326365722040126,0.9003013244892331,0,probability_up,25
class__engineered_direction__xgb,class,engineered_direction,55,0.509090909090909,0.4927055702917772,0.45020362828582006,0.5227272727272727,0.7931034482758621,0.6301369863013698,0.45454545454545453,0.19230769230769232,0.2702702702702703,23,5,21,6,29,26,44,11,0.4,0.5317166342964419,0.5158460032598566,0.5079575596816976,0.2658300640500282,0.7285002023881196,0,probability_up,25
class__engineered_direction__forest,class,engineered_direction,55,0.5636363636363636,0.5563660477453581,0.5516304347826086,0.5714285714285714,0.6896551724137931,0.625,0.55,0.4230769230769231,0.4782608695652174,20,11,15,9,29,26,35,20,0.45000000000000007,0.517950087150036,0.5091825946641574,0.4973474801061008,0.26872368025880017,0.7373403078752184,0,probability_up,25
class__engineered_direction__equal_ensemble,class,engineered_direction,55,0.5272727272727272,0.5377984084880636,0.514266304347826,0.5882352941176471,0.3448275862068966,0.43478260869565216,0.5,0.7307692307692307,0.59375,10,19,7,19,29,26,17,38,0.5250000000000001,0.5789698534676998,0.5773918671213126,0.5901856763925729,0.258552733431844,0.7160635404254085,0,probability_up,25
reg__basic__linear,reg,basic,55,0.5272727272727272,0.5338196286472149,0.5233333333333333,0.5714285714285714,0.41379310344827586,0.48,0.5,0.6538461538461539,0.5666666666666667,12,17,9,17,29,26,21,34,0.5,0.6170827697604514,0.5869040286675747,0.5954907161803713,,,0,uncalibrated_return_rank_score,25
reg__basic__xgb,reg,basic,55,0.5636363636363636,0.5523872679045092,0.5378151260504201,0.5641025641025641,0.7586206896551724,0.6470588235294118,0.5625,0.34615384615384615,0.42857142857142855,22,9,17,7,29,26,39,16,0.5,0.5575148814322091,0.5530857473227209,0.53315649867374,,,0,uncalibrated_return_rank_score,25
reg__basic__forest,reg,basic,55,0.5272727272727272,0.5238726790450928,0.5233333333333333,0.5483870967741935,0.5862068965517241,0.5666666666666667,0.5,0.46153846153846156,0.48,17,12,14,12,29,26,31,24,0.5,0.5489287435414203,0.517984348862084,0.4774535809018568,,,0,uncalibrated_return_rank_score,25
reg__basic__equal_ensemble,reg,basic,55,0.5272727272727272,0.5298408488063661,0.5271164021164021,0.56,0.4827586206896552,0.5185185185185185,0.5,0.5769230769230769,0.5357142857142857,14,15,11,15,29,26,25,30,0.5,0.6049089263216954,0.5733103478723278,0.5782493368700266,,,0,uncalibrated_return_rank_score,25
reg__direction_core__linear,reg,direction_core,55,0.5272727272727272,0.5338196286472149,0.5233333333333333,0.5714285714285714,0.41379310344827586,0.48,0.5,0.6538461538461539,0.5666666666666667,12,17,9,17,29,26,21,34,0.5,0.6137044903692903,0.5867277723411188,0.5941644562334217,,,0,uncalibrated_return_rank_score,25
reg__direction_core__xgb,reg,direction_core,55,0.5272727272727272,0.5179045092838197,0.5075757575757576,0.5405405405405406,0.6896551724137931,0.6060606060606061,0.5,0.34615384615384615,0.4090909090909091,20,9,17,9,29,26,37,18,0.5,0.5664179433620922,0.5678384407541968,0.5477453580901858,,,0,uncalibrated_return_rank_score,25
reg__direction_core__forest,reg,direction_core,55,0.4727272727272727,0.46816976127320953,0.46637671462027436,0.5,0.5517241379310345,0.5245901639344263,0.43478260869565216,0.38461538461538464,0.40816326530612246,16,10,16,13,29,26,32,23,0.5,0.5564842049385068,0.5451689745118424,0.48673740053050396,,,0,uncalibrated_return_rank_score,25
reg__direction_core__equal_ensemble,reg,direction_core,55,0.5272727272727272,0.5298408488063661,0.5271164021164021,0.56,0.4827586206896552,0.5185185185185185,0.5,0.5769230769230769,0.5357142857142857,14,15,11,15,29,26,25,30,0.5,0.6040615444737725,0.6001491816539181,0.5716180371352785,,,0,uncalibrated_return_rank_score,25
reg__engineered_direction__linear,reg,engineered_direction,55,0.5818181818181818,0.5875331564986738,0.5795945496842805,0.6363636363636364,0.4827586206896552,0.5490196078431373,0.5454545454545454,0.6923076923076923,0.6101694915254238,14,18,8,15,29,26,22,33,0.5,0.5981260015493353,0.6367939323626952,0.603448275862069,,,0,uncalibrated_return_rank_score,25
reg__engineered_direction__xgb,reg,engineered_direction,55,0.509090909090909,0.49867374005305043,0.4845539743144741,0.5263157894736842,0.6896551724137931,0.5970149253731343,0.47058823529411764,0.3076923076923077,0.37209302325581395,20,8,18,9,29,26,38,17,0.5,0.5418439903401717,0.5542988895268591,0.5026525198938993,,,0,uncalibrated_return_rank_score,25
reg__engineered_direction__forest,reg,engineered_direction,55,0.4727272727272727,0.46419098143236076,0.45470085470085475,0.5,0.6206896551724138,0.5538461538461539,0.42105263157894735,0.3076923076923077,0.35555555555555557,18,8,18,11,29,26,36,19,0.5,0.516700161462406,0.5227932325734295,0.45888594164456237,,,0,uncalibrated_return_rank_score,25
reg__engineered_direction__equal_ensemble,reg,engineered_direction,55,0.509090909090909,0.5106100795755968,0.509090909090909,0.5384615384615384,0.4827586206896552,0.509090909090909,0.4827586206896552,0.5384615384615384,0.509090909090909,14,14,12,15,29,26,26,29,0.5,0.5858558907487452,0.6016022631211211,0.5649867374005305,,,0,uncalibrated_return_rank_score,25
selected_direction,class,engineered_direction,55,0.509090909090909,0.4927055702917772,0.45020362828582006,0.5227272727272727,0.7931034482758621,0.6301369863013698,0.45454545454545453,0.19230769230769232,0.2702702702702703,23,5,21,6,29,26,44,11,0.4,0.5317166342964419,0.5158460032598566,0.5079575596816976,0.2658300640500282,0.7285002023881196,0,probability_up,25
selected_return,reg,basic,55,0.5636363636363636,0.5523872679045092,0.5378151260504201,0.5641025641025641,0.7586206896551724,0.6470588235294118,0.5625,0.34615384615384615,0.42857142857142855,22,9,17,7,29,26,39,16,0.5,0.5575148814322091,0.5530857473227209,0.53315649867374,,,0,uncalibrated_return_rank_score,25
baseline_monthly_return,reg,previous,55,0.5636363636363636,0.5543766578249337,0.5454545454545454,0.5675675675675675,0.7241379310344828,0.6363636363636364,0.5555555555555556,0.38461538461538464,0.45454545454545453,21,10,16,8,29,26,37,18,0.5,0.648246640047852,0.6245678045687854,0.5941644562334218,,,0,uncalibrated_return_rank_score,25
baseline_paper_return,reg,previous,55,0.41818181818181815,0.41843501326259946,0.41798941798941797,0.4444444444444444,0.41379310344827586,0.42857142857142855,0.39285714285714285,0.4230769230769231,0.4074074074074074,12,11,15,17,29,26,27,28,0.5,0.4852909458148919,0.4658852664307177,0.4098143236074271,,,0,uncalibrated_return_rank_score,25
baseline_mean_return,reg,previous,55,0.5272727272727272,0.5,0.34523809523809523,0.5272727272727272,1.0,0.6904761904761905,0.0,0.0,0.0,29,0,26,0,29,26,55,0,0.5,0.4596746444716667,0.42116461274688033,0.3892572944297082,,,0,uncalibrated_return_rank_score,25
baseline_zero_return,reg,previous,55,0.5272727272727272,0.5,0.34523809523809523,0.5272727272727272,1.0,0.6904761904761905,0.0,0.0,0.0,29,0,26,0,29,26,55,0,0.5,0.5272727272727272,0.4727272727272727,0.5,,,0,uncalibrated_return_rank_score,25
baseline_majority,baseline,previous,55,0.4727272727272727,0.5,0.32098765432098764,0.0,0.0,0.0,0.4727272727272727,1.0,0.6419753086419753,0,26,0,29,29,26,0,55,0.5,0.4622873677486081,0.4227050526122683,0.3945623342175066,0.2517981777220593,0.6967458954670469,0,probability_up,25
always_up,baseline,previous,55,0.5272727272727272,0.5,0.34523809523809523,0.5272727272727272,1.0,0.6904761904761905,0.0,0.0,0.0,29,0,26,0,29,26,55,0,0.5,0.5272727272727272,0.4727272727272727,0.5,0.4727272727272727,17.03881796576447,0,probability_up,25
always_down,baseline,previous,55,0.4727272727272727,0.5,0.32098765432098764,0.0,0.0,0.0,0.4727272727272727,1.0,0.6419753086419753,0,26,0,29,29,26,0,55,0.5,0.5272727272727272,0.4727272727272727,0.5,0.5272727272727272,19.004835423352684,0,probability_up,25
class__basic__linear,class,basic,55,0.5818181818181818,0.5935013262599469,0.5675213675213675,0.6875,0.3793103448275862,0.4888888888888889,0.5384615384615384,0.8076923076923077,0.6461538461538462,11,21,5,18,29,26,16,39,0.5750000000000002,0.6762992418142926,0.5883636067085465,0.6472148541114058,0.2781396058297336,0.9069955835926505,0,probability_up,26
class__basic__xgb,class,basic,55,0.5272727272727272,0.5099469496021221,0.46321321321321324,0.5333333333333333,0.8275862068965517,0.6486486486486487,0.5,0.19230769230769232,0.2777777777777778,24,5,21,5,29,26,45,10,0.4,0.5253495391890851,0.4966989637753727,0.4907161803713528,0.26226815575217255,0.7192521651800158,0,probability_up,26
class__basic__forest,class,basic,55,0.509090909090909,0.5006631299734747,0.49230769230769234,0.5277777777777778,0.6551724137931034,0.5846153846153846,0.47368421052631576,0.34615384615384615,0.4,19,9,17,10,29,26,36,19,0.45000000000000007,0.5072457356900684,0.5001618359702563,0.48275862068965514,0.2771591516208052,0.7534745166587787,0,probability_up,26
class__basic__equal_ensemble,class,basic,55,0.6,0.6047745358090186,0.5988063660477454,0.6521739130434783,0.5172413793103449,0.5769230769230769,0.5625,0.6923076923076923,0.6206896551724138,15,18,8,14,29,26,23,32,0.4750000000000001,0.5910275062226052,0.5522258130356561,0.5848806366047744,0.25671942165068423,0.7110515922666999,0,probability_up,26
class__direction_core__linear,class,direction_core,55,0.5454545454545454,0.5610079575596817,0.5139625309296572,0.6666666666666666,0.27586206896551724,0.3902439024390244,0.5116279069767442,0.8461538461538461,0.6376811594202898,8,22,4,21,29,26,12,43,0.6500000000000002,0.6806424159606278,0.5825180861549658,0.6485411140583555,0.28091234857005754,0.913892311963752,0,probability_up,26
class__direction_core__xgb,class,direction_core,55,0.4727272727272727,0.45424403183023876,0.3923809523809524,0.5,0.7931034482758621,0.6133333333333333,0.3333333333333333,0.11538461538461539,0.17142857142857143,23,3,23,6,29,26,46,9,0.4,0.5379722240666535,0.4965452329607707,0.5,0.26185262302841955,0.7185309576697941,0,probability_up,26
class__direction_core__forest,class,direction_core,55,0.5272727272727272,0.5099469496021221,0.46321321321321324,0.5333333333333333,0.8275862068965517,0.6486486486486487,0.5,0.19230769230769232,0.2777777777777778,24,5,21,5,29,26,45,10,0.4,0.5347478700980399,0.4711560866324105,0.47214854111405835,0.26706032429732895,0.7298359828668947,0,probability_up,26
class__direction_core__equal_ensemble,class,direction_core,55,0.6181818181818182,0.6240053050397878,0.6161515453639083,0.6818181818181818,0.5172413793103449,0.5882352941176471,0.5757575757575758,0.7307692307692307,0.6440677966101694,15,19,7,14,29,26,22,33,0.4750000000000001,0.6045554361368044,0.5631214078636121,0.6007957559681697,0.25389172589970216,0.7052355331032524,0,probability_up,26
class__engineered_direction__linear,class,engineered_direction,55,0.5272727272727272,0.5417771883289124,0.4992997198879552,0.6153846153846154,0.27586206896551724,0.38095238095238093,0.5,0.8076923076923077,0.6176470588235294,8,21,5,21,29,26,13,42,0.6500000000000002,0.6359465738611306,0.6025558102747763,0.6339522546419099,0.29323206777107913,0.900077637690627,0,probability_up,26
class__engineered_direction__xgb,class,engineered_direction,55,0.509090909090909,0.4927055702917772,0.45020362828582006,0.5227272727272727,0.7931034482758621,0.6301369863013698,0.45454545454545453,0.19230769230769232,0.2702702702702703,23,5,21,6,29,26,44,11,0.4,0.5317166342964419,0.5158460032598566,0.5079575596816976,0.26566346319177186,0.728125820415576,0,probability_up,26
class__engineered_direction__forest,class,engineered_direction,55,0.5636363636363636,0.5563660477453581,0.5516304347826086,0.5714285714285714,0.6896551724137931,0.625,0.55,0.4230769230769231,0.4782608695652174,20,11,15,9,29,26,35,20,0.45000000000000007,0.5190934109505759,0.5177296032111659,0.5013262599469496,0.26800747174868256,0.7357994602492562,0,probability_up,26
class__engineered_direction__equal_ensemble,class,engineered_direction,55,0.5272727272727272,0.5377984084880636,0.514266304347826,0.5882352941176471,0.3448275862068966,0.43478260869565216,0.5,0.7307692307692307,0.59375,10,19,7,19,29,26,17,38,0.5250000000000001,0.581432907654892,0.5777529346252374,0.5915119363395225,0.25830178082312366,0.7154170354732972,0,probability_up,26
reg__basic__linear,reg,basic,55,0.5272727272727272,0.5338196286472149,0.5233333333333333,0.5714285714285714,0.41379310344827586,0.48,0.5,0.6538461538461539,0.5666666666666667,12,17,9,17,29,26,21,34,0.5,0.6228930466518624,0.5904998672387828,0.6021220159151194,,,0,uncalibrated_return_rank_score,26
reg__basic__xgb,reg,basic,55,0.5636363636363636,0.5523872679045092,0.5378151260504201,0.5641025641025641,0.7586206896551724,0.6470588235294118,0.5625,0.34615384615384615,0.42857142857142855,22,9,17,7,29,26,39,16,0.5,0.5579089701021598,0.5576645019014754,0.5344827586206896,,,0,uncalibrated_return_rank_score,26
reg__basic__forest,reg,basic,55,0.5454545454545454,0.5431034482758621,0.5430375540046527,0.5666666666666667,0.5862068965517241,0.576271186440678,0.52,0.5,0.5098039215686274,17,13,13,12,29,26,30,25,0.5,0.5556150768171296,0.536382595345979,0.4946949602122016,,,0,uncalibrated_return_rank_score,26
reg__basic__equal_ensemble,reg,basic,55,0.5272727272727272,0.5298408488063661,0.5271164021164021,0.56,0.4827586206896552,0.5185185185185185,0.5,0.5769230769230769,0.5357142857142857,14,15,11,15,29,26,25,30,0.5,0.6135943198225989,0.5857160782923371,0.5915119363395225,,,0,uncalibrated_return_rank_score,26
reg__direction_core__linear,reg,direction_core,55,0.5272727272727272,0.5338196286472149,0.5233333333333333,0.5714285714285714,0.41379310344827586,0.48,0.5,0.6538461538461539,0.5666666666666667,12,17,9,17,29,26,21,34,0.5,0.6338687667301068,0.590390551609215,0.6021220159151194,,,0,uncalibrated_return_rank_score,26
reg__direction_core__xgb,reg,direction_core,55,0.5272727272727272,0.5179045092838197,0.5075757575757576,0.5405405405405406,0.6896551724137931,0.6060606060606061,0.5,0.34615384615384615,0.4090909090909091,20,9,17,9,29,26,37,18,0.5,0.5664179433620922,0.5678384407541968,0.5477453580901858,,,0,uncalibrated_return_rank_score,26
reg__direction_core__forest,reg,direction_core,55,0.4909090909090909,0.4874005305039788,0.4866666666666667,0.5161290322580645,0.5517241379310345,0.5333333333333333,0.4583333333333333,0.4230769230769231,0.44,16,11,15,13,29,26,31,24,0.5,0.5604030486006627,0.5506743723668145,0.4960212201591512,,,0,uncalibrated_return_rank_score,26
reg__direction_core__equal_ensemble,reg,direction_core,55,0.5272727272727272,0.5298408488063661,0.5271164021164021,0.56,0.4827586206896552,0.5185185185185185,0.5,0.5769230769230769,0.5357142857142857,14,15,11,15,29,26,25,30,0.5,0.6163417443606493,0.6063518346961937,0.5809018567639257,,,0,uncalibrated_return_rank_score,26
reg__engineered_direction__linear,reg,engineered_direction,55,0.5818181818181818,0.5875331564986738,0.5795945496842805,0.6363636363636364,0.4827586206896552,0.5490196078431373,0.5454545454545454,0.6923076923076923,0.6101694915254238,14,18,8,15,29,26,22,33,0.5,0.6026489944570832,0.639775594663243,0.6074270557029178,,,0,uncalibrated_return_rank_score,26
reg__engineered_direction__xgb,reg,engineered_direction,55,0.509090909090909,0.49867374005305043,0.4845539743144741,0.5263157894736842,0.6896551724137931,0.5970149253731343,0.47058823529411764,0.3076923076923077,0.37209302325581395,20,8,18,9,29,26,38,17,0.5,0.5425709064006253,0.5696835049114746,0.5053050397877985,,,0,uncalibrated_return_rank_score,26
reg__engineered_direction__forest,reg,engineered_direction,55,0.4727272727272727,0.46419098143236076,0.45470085470085475,0.5,0.6206896551724138,0.5538461538461539,0.42105263157894735,0.3076923076923077,0.35555555555555557,18,8,18,11,29,26,36,19,0.5,0.5296463138889149,0.5268350195258762,0.4708222811671088,,,0,uncalibrated_return_rank_score,26
reg__engineered_direction__equal_ensemble,reg,engineered_direction,55,0.509090909090909,0.5106100795755968,0.509090909090909,0.5384615384615384,0.4827586206896552,0.509090909090909,0.4827586206896552,0.5384615384615384,0.509090909090909,14,14,12,15,29,26,26,29,0.5,0.5908528413899791,0.6053548881719719,0.5702917771883289,,,0,uncalibrated_return_rank_score,26
selected_direction,class,engineered_direction,55,0.509090909090909,0.4927055702917772,0.45020362828582006,0.5227272727272727,0.7931034482758621,0.6301369863013698,0.45454545454545453,0.19230769230769232,0.2702702702702703,23,5,21,6,29,26,44,11,0.4,0.5317166342964419,0.5158460032598566,0.5079575596816976,0.26566346319177186,0.728125820415576,0,probability_up,26
selected_return,reg,basic,55,0.5636363636363636,0.5523872679045092,0.5378151260504201,0.5641025641025641,0.7586206896551724,0.6470588235294118,0.5625,0.34615384615384615,0.42857142857142855,22,9,17,7,29,26,39,16,0.5,0.5579089701021598,0.5576645019014754,0.5344827586206896,,,0,uncalibrated_return_rank_score,26
baseline_monthly_return,reg,previous,55,0.5636363636363636,0.5543766578249337,0.5454545454545454,0.5675675675675675,0.7241379310344828,0.6363636363636364,0.5555555555555556,0.38461538461538464,0.45454545454545453,21,10,16,8,29,26,37,18,0.5,0.6457108838389326,0.6225817320141072,0.590185676392573,,,0,uncalibrated_return_rank_score,26
baseline_paper_return,reg,previous,55,0.41818181818181815,0.41843501326259946,0.41798941798941797,0.4444444444444444,0.41379310344827586,0.42857142857142855,0.39285714285714285,0.4230769230769231,0.4074074074074074,12,11,15,17,29,26,27,28,0.5,0.4852909458148919,0.4658852664307177,0.4098143236074271,,,0,uncalibrated_return_rank_score,26
baseline_mean_return,reg,previous,55,0.5272727272727272,0.5,0.34523809523809523,0.5272727272727272,1.0,0.6904761904761905,0.0,0.0,0.0,29,0,26,0,29,26,55,0,0.5,0.4596746444716667,0.42116461274688033,0.3892572944297082,,,0,uncalibrated_return_rank_score,26
baseline_zero_return,reg,previous,55,0.5272727272727272,0.5,0.34523809523809523,0.5272727272727272,1.0,0.6904761904761905,0.0,0.0,0.0,29,0,26,0,29,26,55,0,0.5,0.5272727272727272,0.4727272727272727,0.5,,,0,uncalibrated_return_rank_score,26
baseline_majority,baseline,previous,55,0.4727272727272727,0.5,0.32098765432098764,0.0,0.0,0.0,0.4727272727272727,1.0,0.6419753086419753,0,26,0,29,29,26,0,55,0.5,0.4622873677486081,0.4227050526122683,0.3945623342175066,0.2517981777220593,0.6967458954670469,0,probability_up,26
always_up,baseline,previous,55,0.5272727272727272,0.5,0.34523809523809523,0.5272727272727272,1.0,0.6904761904761905,0.0,0.0,0.0,29,0,26,0,29,26,55,0,0.5,0.5272727272727272,0.4727272727272727,0.5,0.4727272727272727,17.03881796576447,0,probability_up,26
always_down,baseline,previous,55,0.4727272727272727,0.5,0.32098765432098764,0.0,0.0,0.0,0.4727272727272727,1.0,0.6419753086419753,0,26,0,29,29,26,0,55,0.5,0.5272727272727272,0.4727272727272727,0.5,0.5272727272727272,19.004835423352684,0,probability_up,26
class__basic__linear,class,basic,55,0.6727272727272727,0.6533333333333333,0.6464285714285715,0.7333333333333333,0.44,0.55,0.65,0.8666666666666667,0.7428571428571429,11,26,4,14,25,30,15,40,0.5750000000000002,0.6480091120087493,0.6179163770842322,0.6266666666666667,0.25959724635594933,0.8828722737098077,0,probability_up,27
class__basic__xgb,class,basic,55,0.5636363636363636,0.5933333333333334,0.5285714285714286,0.5111111111111111,0.92,0.6571428571428571,0.8,0.26666666666666666,0.4,23,8,22,2,25,30,45,10,0.4,0.5961060596448366,0.6416393561976086,0.6013333333333334,0.24574229049412985,0.6848062000783133,0,probability_up,27
class__basic__forest,class,basic,55,0.45454545454545453,0.4666666666666667,0.45,0.42857142857142855,0.6,0.5,0.5,0.3333333333333333,0.4,15,10,20,10,25,30,35,20,0.45000000000000007,0.5484841812207156,0.5870153051541381,0.5546666666666668,0.2555754195084966,0.706160566740207,0,probability_up,27
class__basic__equal_ensemble,class,basic,55,0.6181818181818182,0.6166666666666667,0.6161515453639083,0.5769230769230769,0.6,0.5882352941176471,0.6551724137931034,0.6333333333333333,0.6440677966101694,15,19,11,10,25,30,26,29,0.4750000000000001,0.6121991849562678,0.612389054507822,0.6053333333333334,0.23854032449385093,0.6724396908270691,0,probability_up,27
class__direction_core__linear,class,direction_core,55,0.6909090909090909,0.6633333333333333,0.6438095238095238,0.9,0.36,0.5142857142857142,0.6444444444444445,0.9666666666666667,0.7733333333333333,9,29,1,16,25,30,10,45,0.6500000000000002,0.6606250868998796,0.6355396513339473,0.6586666666666666,0.24226505660472877,0.8471804471699881,0,probability_up,27
class__direction_core__xgb,class,direction_core,55,0.5272727272727272,0.5533333333333333,0.4992997198879552,0.4883720930232558,0.84,0.6176470588235294,0.6666666666666666,0.26666666666666666,0.38095238095238093,21,8,22,4,25,30,43,12,0.4,0.5482590023779428,0.6293482797443148,0.5853333333333334,0.24722769782051104,0.6881127638552551,0,probability_up,27
class__direction_core__forest,class,direction_core,55,0.4727272727272727,0.5033333333333333,0.42397977609245213,0.45652173913043476,0.84,0.5915492957746479,0.5555555555555556,0.16666666666666666,0.2564102564102564,21,5,25,4,25,30,46,9,0.4,0.5514898746544453,0.5796701927673948,0.5626666666666666,0.25071052961464013,0.695843162680311,0,probability_up,27
class__direction_core__equal_ensemble,class,direction_core,55,0.6545454545454545,0.6499999999999999,0.6503847440615591,0.625,0.6,0.6122448979591837,0.6774193548387096,0.7,0.6885245901639344,15,21,9,10,25,30,24,31,0.4750000000000001,0.6424541066531715,0.6230667006570201,0.636,0.2309735886643856,0.6577477242432198,0,probability_up,27
class__engineered_direction__linear,class,engineered_direction,55,0.6363636363636364,0.6133333333333333,0.597953216374269,0.6923076923076923,0.36,0.47368421052631576,0.6190476190476191,0.8666666666666667,0.7222222222222222,9,26,4,16,25,30,13,42,0.6500000000000002,0.6500910975631026,0.644237040470881,0.6546666666666666,0.2560281938469484,0.8235048376645557,0,probability_up,27
class__engineered_direction__xgb,class,engineered_direction,55,0.5636363636363636,0.5866666666666667,0.5454545454545454,0.5121951219512195,0.84,0.6363636363636364,0.7142857142857143,0.3333333333333333,0.45454545454545453,21,10,20,4,25,30,41,14,0.4,0.6091491159339857,0.670878256575506,0.6533333333333333,0.23345187537275364,0.6599037426470199,0,probability_up,27
class__engineered_direction__forest,class,engineered_direction,55,0.6181818181818182,0.6266666666666667,0.6176762661370407,0.5625,0.72,0.631578947368421,0.6956521739130435,0.5333333333333333,0.6037735849056604,18,16,14,7,25,30,32,23,0.45000000000000007,0.5447430000242308,0.6409675265596577,0.6013333333333334,0.24725394190986494,0.689952084013772,0,probability_up,27
class__engineered_direction__equal_ensemble,class,engineered_direction,55,0.6727272727272727,0.66,0.6590909090909092,0.6842105263157895,0.52,0.5909090909090909,0.6666666666666666,0.8,0.7272727272727273,13,24,6,12,25,30,19,36,0.5250000000000001,0.6357396384389823,0.6406294742492818,0.6546666666666666,0.228417280996184,0.6528336854554182,0,probability_up,27
reg__basic__linear,reg,basic,55,0.6,0.59,0.5889945652173914,0.5714285714285714,0.48,0.5217391304347826,0.6176470588235294,0.7,0.65625,12,21,9,13,25,30,21,34,0.5,0.6003385021052972,0.6300409112515831,0.6106666666666667,,,0,uncalibrated_return_rank_score,27
reg__basic__xgb,reg,basic,55,0.509090909090909,0.5233333333333333,0.5031783205085313,0.4722222222222222,0.68,0.5573770491803278,0.5789473684210527,0.36666666666666664,0.4489795918367347,17,11,19,8,25,30,36,19,0.5,0.49152253073919727,0.5672171864309131,0.5133333333333333,,,0,uncalibrated_return_rank_score,27
reg__basic__forest,reg,basic,55,0.5636363636363636,0.5700000000000001,0.5634920634920635,0.5161290322580645,0.64,0.5714285714285714,0.625,0.5,0.5555555555555556,16,15,15,9,25,30,31,24,0.5,0.5155526383123745,0.5646817213537919,0.5186666666666666,,,0,uncalibrated_return_rank_score,27
reg__basic__equal_ensemble,reg,basic,55,0.5818181818181818,0.5800000000000001,0.5795945496842805,0.5384615384615384,0.56,0.5490196078431373,0.6206896551724138,0.6,0.6101694915254238,14,18,12,11,25,30,26,29,0.5,0.582545958760083,0.5876148386255872,0.5693333333333334,,,0,uncalibrated_return_rank_score,27
reg__direction_core__linear,reg,direction_core,55,0.6363636363636364,0.62,0.6148459383753502,0.6470588235294118,0.44,0.5238095238095238,0.631578947368421,0.8,0.7058823529411765,11,24,6,14,25,30,17,38,0.5,0.5989521411891112,0.6243003011430743,0.6013333333333333,,,0,uncalibrated_return_rank_score,27
reg__direction_core__xgb,reg,direction_core,55,0.4909090909090909,0.5,0.4893899204244032,0.45454545454545453,0.6,0.5172413793103449,0.5454545454545454,0.4,0.46153846153846156,15,12,18,10,25,30,33,22,0.5,0.5198673554725972,0.604707285191018,0.5386666666666667,,,0,uncalibrated_return_rank_score,27
reg__direction_core__forest,reg,direction_core,55,0.5454545454545454,0.5533333333333333,0.5448526977821913,0.5,0.64,0.5614035087719298,0.6086956521739131,0.4666666666666667,0.5283018867924528,16,14,16,9,25,30,32,23,0.5,0.5241136314629763,0.5740232165760694,0.5186666666666666,,,0,uncalibrated_return_rank_score,27
reg__direction_core__equal_ensemble,reg,direction_core,55,0.5636363636363636,0.5633333333333334,0.5623342175066313,0.5185185185185185,0.56,0.5384615384615384,0.6071428571428571,0.5666666666666667,0.5862068965517241,14,17,13,11,25,30,27,28,0.5,0.6008672432407208,0.603122064810992,0.58,,,0,uncalibrated_return_rank_score,27
reg__engineered_direction__linear,reg,engineered_direction,55,0.5818181818181818,0.5733333333333333,0.5727794663964876,0.5454545454545454,0.48,0.5106382978723404,0.6060606060606061,0.6666666666666666,0.6349206349206349,12,20,10,13,25,30,22,33,0.5,0.5899883502384601,0.6685444291094388,0.6053333333333333,,,0,uncalibrated_return_rank_score,27
reg__engineered_direction__xgb,reg,engineered_direction,55,0.5636363636363636,0.5766666666666667,0.56,0.5142857142857142,0.72,0.6,0.65,0.43333333333333335,0.52,18,13,17,7,25,30,35,20,0.5,0.5350701291819369,0.6458648255249204,0.5546666666666666,,,0,uncalibrated_return_rank_score,27
reg__engineered_direction__forest,reg,engineered_direction,55,0.509090909090909,0.5233333333333333,0.5031783205085313,0.4722222222222222,0.68,0.5573770491803278,0.5789473684210527,0.36666666666666664,0.4489795918367347,17,11,19,8,25,30,36,19,0.5,0.5561577954758967,0.6045998563517172,0.5519999999999999,,,0,uncalibrated_return_rank_score,27
reg__engineered_direction__equal_ensemble,reg,engineered_direction,55,0.5454545454545454,0.5466666666666666,0.5448526977821913,0.5,0.56,0.5283018867924528,0.5925925925925926,0.5333333333333333,0.5614035087719298,14,16,14,11,25,30,28,27,0.5,0.589129227584598,0.635900348929675,0.5866666666666667,,,0,uncalibrated_return_rank_score,27
selected_direction,class,engineered_direction,55,0.5636363636363636,0.5866666666666667,0.5454545454545454,0.5121951219512195,0.84,0.6363636363636364,0.7142857142857143,0.3333333333333333,0.45454545454545453,21,10,20,4,25,30,41,14,0.4,0.6091491159339857,0.670878256575506,0.6533333333333333,0.23345187537275364,0.6599037426470199,0,probability_up,27
selected_return,reg,basic,55,0.509090909090909,0.5233333333333333,0.5031783205085313,0.4722222222222222,0.68,0.5573770491803278,0.5789473684210527,0.36666666666666664,0.4489795918367347,17,11,19,8,25,30,36,19,0.5,0.49152253073919727,0.5672171864309131,0.5133333333333333,,,0,uncalibrated_return_rank_score,27
baseline_monthly_return,reg,previous,55,0.5272727272727272,0.5433333333333333,0.519489247311828,0.4864864864864865,0.72,0.5806451612903226,0.6111111111111112,0.36666666666666664,0.4583333333333333,18,11,19,7,25,30,37,18,0.5,0.6161675669452062,0.6971148039829456,0.6186666666666667,,,0,uncalibrated_return_rank_score,27
baseline_paper_return,reg,previous,55,0.4909090909090909,0.49,0.4893899204244032,0.4444444444444444,0.48,0.46153846153846156,0.5357142857142857,0.5,0.5172413793103449,12,15,15,13,25,30,27,28,0.5,0.4756975542848788,0.5745401988122223,0.4666666666666667,,,0,uncalibrated_return_rank_score,27
baseline_mean_return,reg,previous,55,0.45454545454545453,0.5,0.3125,0.45454545454545453,1.0,0.625,0.0,0.0,0.0,25,0,30,0,25,30,55,0,0.5,0.42490435488515,0.5203049631169665,0.452,,,0,uncalibrated_return_rank_score,27
baseline_zero_return,reg,previous,55,0.45454545454545453,0.5,0.3125,0.45454545454545453,1.0,0.625,0.0,0.0,0.0,25,0,30,0,25,30,55,0,0.5,0.45454545454545453,0.5454545454545454,0.5,,,0,uncalibrated_return_rank_score,27
baseline_majority,baseline,previous,55,0.5454545454545454,0.5,0.35294117647058826,0.0,0.0,0.0,0.5454545454545454,1.0,0.7058823529411765,0,30,0,25,25,30,0,55,0.5,0.4233669588321796,0.5079639140208575,0.4426666666666667,0.24918335716899717,0.6915139605477449,0,probability_up,27
always_up,baseline,previous,55,0.45454545454545453,0.5,0.3125,0.45454545454545453,1.0,0.625,0.0,0.0,0.0,25,0,30,0,25,30,55,0,0.5,0.45454545454545453,0.5454545454545454,0.5,0.5454545454545454,19.660174575882085,0,probability_up,27
always_down,baseline,previous,55,0.5454545454545454,0.5,0.35294117647058826,0.0,0.0,0.0,0.5454545454545454,1.0,0.7058823529411765,0,30,0,25,25,30,0,55,0.5,0.45454545454545453,0.5454545454545454,0.5,0.45454545454545453,16.38347881323507,0,probability_up,27
class__basic__linear,class,basic,55,0.6727272727272727,0.6533333333333333,0.6464285714285715,0.7333333333333333,0.44,0.55,0.65,0.8666666666666667,0.7428571428571429,11,26,4,14,25,30,15,40,0.5750000000000002,0.6474376834373208,0.6169784261462813,0.6253333333333333,0.25982085656282805,0.8835251189257715,0,probability_up,28
class__basic__xgb,class,basic,55,0.5636363636363636,0.5933333333333334,0.5285714285714286,0.5111111111111111,0.92,0.6571428571428571,0.8,0.26666666666666666,0.4,23,8,22,2,25,30,45,10,0.4,0.5961060596448366,0.6416393561976086,0.6013333333333334,0.24574229049412985,0.6848062000783133,0,probability_up,28
class__basic__forest,class,basic,55,0.45454545454545453,0.4666666666666667,0.45,0.42857142857142855,0.6,0.5,0.5,0.3333333333333333,0.4,15,10,20,10,25,30,35,20,0.45000000000000007,0.5484841812207156,0.5870153051541381,0.5546666666666668,0.2555754195084966,0.706160566740207,0,probability_up,28
class__basic__equal_ensemble,class,basic,55,0.6181818181818182,0.6166666666666667,0.6161515453639083,0.5769230769230769,0.6,0.5882352941176471,0.6551724137931034,0.6333333333333333,0.6440677966101694,15,19,11,10,25,30,26,29,0.4750000000000001,0.6117749425320254,0.6106213777401451,0.604,0.23864505644458853,0.6726852491756534,0,probability_up,28
class__direction_core__linear,class,direction_core,55,0.6909090909090909,0.6633333333333333,0.6438095238095238,0.9,0.36,0.5142857142857142,0.6444444444444445,0.9666666666666667,0.7733333333333333,9,29,1,16,25,30,10,45,0.6500000000000002,0.6593738650034965,0.6337840518609565,0.656,0.24251820270454988,0.8479320404989065,0,probability_up,28
class__direction_core__xgb,class,direction_core,55,0.5272727272727272,0.5533333333333333,0.4992997198879552,0.4883720930232558,0.84,0.6176470588235294,0.6666666666666666,0.26666666666666666,0.38095238095238093,21,8,22,4,25,30,43,12,0.4,0.5482590023779428,0.6293482797443148,0.5853333333333334,0.2472830706303253,0.688231134871245,0,probability_up,28
class__direction_core__forest,class,direction_core,55,0.4727272727272727,0.5033333333333333,0.42397977609245213,0.45652173913043476,0.84,0.5915492957746479,0.5555555555555556,0.16666666666666666,0.2564102564102564,21,5,25,4,25,30,46,9,0.4,0.5514898746544453,0.5796701927673948,0.5626666666666666,0.25085563889340895,0.696157622340617,0,probability_up,28
class__direction_core__equal_ensemble,class,direction_core,55,0.6545454545454545,0.6499999999999999,0.6503847440615591,0.625,0.6,0.6122448979591837,0.6774193548387096,0.7,0.6885245901639344,15,21,9,10,25,30,24,31,0.4750000000000001,0.6420483095517222,0.6212485188388382,0.6346666666666666,0.23115604316715965,0.6581696447913362,0,probability_up,28
class__engineered_direction__linear,class,engineered_direction,55,0.6363636363636364,0.6133333333333333,0.597953216374269,0.6923076923076923,0.36,0.47368421052631576,0.6190476190476191,0.8666666666666667,0.7222222222222222,9,26,4,16,25,30,13,42,0.6500000000000002,0.6500910975631026,0.644237040470881,0.6546666666666666,0.25603632786821473,0.8235535430597339,0,probability_up,28
class__engineered_direction__xgb,class,engineered_direction,55,0.5636363636363636,0.5866666666666667,0.5454545454545454,0.5121951219512195,0.84,0.6363636363636364,0.7142857142857143,0.3333333333333333,0.45454545454545453,21,10,20,4,25,30,41,14,0.4,0.6091491159339857,0.670878256575506,0.6533333333333333,0.2335219203760738,0.6600598000718929,0,probability_up,28
class__engineered_direction__forest,class,engineered_direction,55,0.6181818181818182,0.6266666666666667,0.6176762661370407,0.5625,0.72,0.631578947368421,0.6956521739130435,0.5333333333333333,0.6037735849056604,18,16,14,7,25,30,32,23,0.45000000000000007,0.5438481646188925,0.6371580027501339,0.5986666666666667,0.24793002202328773,0.6913685953277371,0,probability_up,28
class__engineered_direction__equal_ensemble,class,engineered_direction,55,0.6727272727272727,0.66,0.6590909090909092,0.6842105263157895,0.52,0.5909090909090909,0.6666666666666666,0.8,0.7272727272727273,13,24,6,12,25,30,19,36,0.5250000000000001,0.6353326079116927,0.6384072520270596,0.6533333333333332,0.2286017944640937,0.6532960839605738,0,probability_up,28
reg__basic__linear,reg,basic,55,0.6,0.59,0.5889945652173914,0.5714285714285714,0.48,0.5217391304347826,0.6176470588235294,0.7,0.65625,12,21,9,13,25,30,21,34,0.5,0.6003385021052972,0.6300409112515831,0.6106666666666667,,,0,uncalibrated_return_rank_score,28
reg__basic__xgb,reg,basic,55,0.509090909090909,0.5233333333333333,0.5031783205085313,0.4722222222222222,0.68,0.5573770491803278,0.5789473684210527,0.36666666666666664,0.4489795918367347,17,11,19,8,25,30,36,19,0.5,0.4903843417355662,0.5598097790235057,0.5093333333333333,,,0,uncalibrated_return_rank_score,28
reg__basic__forest,reg,basic,55,0.5454545454545454,0.5533333333333333,0.5448526977821913,0.5,0.64,0.5614035087719298,0.6086956521739131,0.4666666666666667,0.5283018867924528,16,14,16,9,25,30,32,23,0.5,0.5122159973650551,0.5607938946211376,0.512,,,0,uncalibrated_return_rank_score,28
reg__basic__equal_ensemble,reg,basic,55,0.5818181818181818,0.5800000000000001,0.5795945496842805,0.5384615384615384,0.56,0.5490196078431373,0.6206896551724138,0.6,0.6101694915254238,14,18,12,11,25,30,26,29,0.5,0.5806714597576641,0.5850693902468054,0.5653333333333334,,,0,uncalibrated_return_rank_score,28
reg__direction_core__linear,reg,direction_core,55,0.6363636363636364,0.62,0.6148459383753502,0.6470588235294118,0.44,0.5238095238095238,0.631578947368421,0.8,0.7058823529411765,11,24,6,14,25,30,17,38,0.5,0.5981544203913904,0.6236106459706605,0.6000000000000001,,,0,uncalibrated_return_rank_score,28
reg__direction_core__xgb,reg,direction_core,55,0.4909090909090909,0.5,0.4893899204244032,0.45454545454545453,0.6,0.5172413793103449,0.5454545454545454,0.4,0.46153846153846156,15,12,18,10,25,30,33,22,0.5,0.5194615583711479,0.6028891033728362,0.5373333333333333,,,0,uncalibrated_return_rank_score,28
reg__direction_core__forest,reg,direction_core,55,0.5272727272727272,0.5366666666666666,0.5258620689655172,0.48484848484848486,0.64,0.5517241379310345,0.5909090909090909,0.43333333333333335,0.5,16,13,17,9,25,30,33,22,0.5,0.5215712232984882,0.5710309630081036,0.5133333333333333,,,0,uncalibrated_return_rank_score,28
reg__direction_core__equal_ensemble,reg,direction_core,55,0.5636363636363636,0.5633333333333334,0.5623342175066313,0.5185185185185185,0.56,0.5384615384615384,0.6071428571428571,0.5666666666666667,0.5862068965517241,14,17,13,11,25,30,27,28,0.5,0.5994894160252963,0.6015418178974118,0.5773333333333334,,,0,uncalibrated_return_rank_score,28
reg__engineered_direction__linear,reg,engineered_direction,55,0.5818181818181818,0.5733333333333333,0.5727794663964876,0.5454545454545454,0.48,0.5106382978723404,0.6060606060606061,0.6666666666666666,0.6349206349206349,12,20,10,13,25,30,22,33,0.5,0.5899883502384601,0.6685444291094388,0.6053333333333333,,,0,uncalibrated_return_rank_score,28
reg__engineered_direction__xgb,reg,engineered_direction,55,0.5636363636363636,0.5766666666666667,0.56,0.5142857142857142,0.72,0.6,0.65,0.43333333333333335,0.52,18,13,17,7,25,30,35,20,0.5,0.5343452935292432,0.6325314921915871,0.552,,,0,uncalibrated_return_rank_score,28
reg__engineered_direction__forest,reg,engineered_direction,55,0.509090909090909,0.5233333333333333,0.5031783205085313,0.4722222222222222,0.68,0.5573770491803278,0.5789473684210527,0.36666666666666664,0.4489795918367347,17,11,19,8,25,30,36,19,0.5,0.5537816344851846,0.6035828778347387,0.5493333333333333,,,0,uncalibrated_return_rank_score,28
reg__engineered_direction__equal_ensemble,reg,engineered_direction,55,0.5454545454545454,0.5466666666666666,0.5448526977821913,0.5,0.56,0.5283018867924528,0.5925925925925926,0.5333333333333333,0.5614035087719298,14,16,14,11,25,30,28,27,0.5,0.589129227584598,0.635900348929675,0.5866666666666667,,,0,uncalibrated_return_rank_score,28
selected_direction,class,engineered_direction,55,0.5636363636363636,0.5866666666666667,0.5454545454545454,0.5121951219512195,0.84,0.6363636363636364,0.7142857142857143,0.3333333333333333,0.45454545454545453,21,10,20,4,25,30,41,14,0.4,0.6091491159339857,0.670878256575506,0.6533333333333333,0.2335219203760738,0.6600598000718929,0,probability_up,28
selected_return,reg,basic,55,0.509090909090909,0.5233333333333333,0.5031783205085313,0.4722222222222222,0.68,0.5573770491803278,0.5789473684210527,0.36666666666666664,0.4489795918367347,17,11,19,8,25,30,36,19,0.5,0.4903843417355662,0.5598097790235057,0.5093333333333333,,,0,uncalibrated_return_rank_score,28
baseline_monthly_return,reg,previous,55,0.5272727272727272,0.5433333333333333,0.519489247311828,0.4864864864864865,0.72,0.5806451612903226,0.6111111111111112,0.36666666666666664,0.4583333333333333,18,11,19,7,25,30,37,18,0.5,0.6199439268172183,0.6995725612794126,0.6240000000000001,,,0,uncalibrated_return_rank_score,28
baseline_paper_return,reg,previous,55,0.4909090909090909,0.49,0.4893899204244032,0.4444444444444444,0.48,0.46153846153846156,0.5357142857142857,0.5,0.5172413793103449,12,15,15,13,25,30,27,28,0.5,0.47736422095154546,0.5749095841550119,0.46799999999999997,,,0,uncalibrated_return_rank_score,28
baseline_mean_return,reg,previous,55,0.45454545454545453,0.5,0.3125,0.45454545454545453,1.0,0.625,0.0,0.0,0.0,25,0,30,0,25,30,55,0,0.5,0.42490435488515,0.5203049631169665,0.452,,,0,uncalibrated_return_rank_score,28
baseline_zero_return,reg,previous,55,0.45454545454545453,0.5,0.3125,0.45454545454545453,1.0,0.625,0.0,0.0,0.0,25,0,30,0,25,30,55,0,0.5,0.45454545454545453,0.5454545454545454,0.5,,,0,uncalibrated_return_rank_score,28
baseline_majority,baseline,previous,55,0.5454545454545454,0.5,0.35294117647058826,0.0,0.0,0.0,0.5454545454545454,1.0,0.7058823529411765,0,30,0,25,25,30,0,55,0.5,0.4233669588321796,0.5079639140208575,0.4426666666666667,0.24918335716899717,0.6915139605477449,0,probability_up,28
always_up,baseline,previous,55,0.45454545454545453,0.5,0.3125,0.45454545454545453,1.0,0.625,0.0,0.0,0.0,25,0,30,0,25,30,55,0,0.5,0.45454545454545453,0.5454545454545454,0.5,0.5454545454545454,19.660174575882085,0,probability_up,28
always_down,baseline,previous,55,0.5454545454545454,0.5,0.35294117647058826,0.0,0.0,0.0,0.5454545454545454,1.0,0.7058823529411765,0,30,0,25,25,30,0,55,0.5,0.45454545454545453,0.5454545454545454,0.5,0.45454545454545453,16.38347881323507,0,probability_up,28
class__basic__linear,class,basic,54,0.5555555555555556,0.5806896551724138,0.512781954887218,0.7777777777777778,0.2413793103448276,0.3684210526315789,0.5111111111111111,0.92,0.6571428571428571,7,23,2,22,29,25,9,45,0.5750000000000002,0.6566345048561046,0.47866427712156523,0.5324137931034483,0.32575096351136384,1.0619886705400043,0,probability_up,29
class__basic__xgb,class,basic,54,0.5740740740740741,0.5482758620689655,0.49818181818181817,0.5652173913043478,0.896551724137931,0.6933333333333334,0.625,0.2,0.30303030303030304,26,5,20,3,29,25,46,8,0.4,0.5911543603023515,0.5553021851357844,0.5627586206896551,0.24884985326772557,0.6910207183406584,0,probability_up,29
class__basic__forest,class,basic,54,0.48148148148148145,0.4703448275862069,0.4630681818181818,0.5142857142857142,0.6206896551724138,0.5625,0.42105263157894735,0.32,0.36363636363636365,18,8,17,11,29,25,35,19,0.45000000000000007,0.5311157890681304,0.5169611919472263,0.47310344827586204,0.2679044881231897,0.7306997015372992,0,probability_up,29
class__basic__equal_ensemble,class,basic,54,0.5,0.5041379310344828,0.49982847341337905,0.5416666666666666,0.4482758620689655,0.49056603773584906,0.4666666666666667,0.56,0.509090909090909,13,14,11,16,29,25,24,30,0.4750000000000001,0.6339097315467525,0.4634091553462493,0.5213793103448277,0.26389533067346865,0.7241826331969455,0,probability_up,29
class__direction_core__linear,class,direction_core,54,0.5370370370370371,0.5662068965517242,0.47162426614481406,0.8333333333333334,0.1724137931034483,0.2857142857142857,0.5,0.96,0.6575342465753424,5,24,1,24,29,25,6,48,0.6500000000000002,0.6368397979587986,0.48295950687846056,0.5241379310344827,0.3318362471022617,1.0735667247896843,0,probability_up,29
class__direction_core__xgb,class,direction_core,54,0.5370370370370371,0.5110344827586206,0.45454545454545453,0.5434782608695652,0.8620689655172413,0.6666666666666666,0.5,0.16,0.24242424242424243,25,4,21,4,29,25,46,8,0.4,0.586102634207915,0.5470599195812937,0.5737931034482759,0.24870655035592165,0.6910602507227395,0,probability_up,29
class__direction_core__forest,class,direction_core,54,0.48148148148148145,0.4593103448275862,0.4166666666666667,0.5116279069767442,0.7586206896551724,0.6111111111111112,0.36363636363636365,0.16,0.2222222222222222,22,4,21,7,29,25,43,11,0.4,0.5527500447619332,0.4953949970295159,0.496551724137931,0.2604045088884891,0.715173822919231,0,probability_up,29
class__direction_core__equal_ensemble,class,direction_core,54,0.5370370370370371,0.549655172413793,0.5291245204046041,0.6111111111111112,0.3793103448275862,0.46808510638297873,0.5,0.72,0.5901639344262295,11,18,7,18,29,25,18,36,0.4750000000000001,0.6381270294818371,0.4766722911678664,0.5393103448275861,0.2634586948837112,0.7234823786714566,0,probability_up,29
class__engineered_direction__linear,class,engineered_direction,54,0.5,0.5206896551724138,0.46923917000364035,0.5833333333333334,0.2413793103448276,0.34146341463414637,0.47619047619047616,0.8,0.5970149253731343,7,20,5,22,29,25,12,42,0.6500000000000002,0.6135373548093926,0.5280923379104576,0.5172413793103449,0.3547119701089592,1.1500656443196517,0,probability_up,29
class__engineered_direction__xgb,class,engineered_direction,54,0.5370370370370371,0.5137931034482759,0.47162426614481406,0.5454545454545454,0.8275862068965517,0.6575342465753424,0.5,0.2,0.2857142857142857,24,5,20,5,29,25,44,10,0.4,0.5946417301783251,0.5428925776703621,0.5641379310344827,0.2509154778521393,0.6964617102905514,0,probability_up,29
class__engineered_direction__forest,class,engineered_direction,54,0.48148148148148145,0.47586206896551725,0.475,0.5161290322580645,0.5517241379310345,0.5333333333333333,0.43478260869565216,0.4,0.4166666666666667,16,10,15,13,29,25,31,23,0.45000000000000007,0.5475787737918966,0.49700315658862165,0.4868965517241379,0.270166238468123,0.7358209169022628,0,probability_up,29
class__engineered_direction__equal_ensemble,class,engineered_direction,54,0.5370370370370371,0.5524137931034483,0.5238095238095237,0.625,0.3448275862068966,0.4444444444444444,0.5,0.76,0.6031746031746031,10,19,6,19,29,25,16,38,0.5250000000000001,0.6037533606155272,0.48063780491934305,0.5227586206896552,0.27247524342729545,0.7444164035948575,0,probability_up,29
reg__basic__linear,reg,basic,54,0.5,0.5041379310344828,0.49982847341337905,0.5416666666666666,0.4482758620689655,0.49056603773584906,0.4666666666666667,0.56,0.509090909090909,13,14,11,16,29,25,24,30,0.5,0.6747484654757729,0.5837926053387545,0.5944827586206897,,,0,uncalibrated_return_rank_score,29
reg__basic__xgb,reg,basic,54,0.5925925925925926,0.5848275862068966,0.5834502103786816,0.6060606060606061,0.6896551724137931,0.6451612903225806,0.5714285714285714,0.48,0.5217391304347826,20,12,13,9,29,25,33,21,0.5,0.5768604636510148,0.5609577858642881,0.5641379310344827,,,0,uncalibrated_return_rank_score,29
reg__basic__forest,reg,basic,54,0.48148148148148145,0.47310344827586204,0.4698457223001402,0.5151515151515151,0.5862068965517241,0.5483870967741935,0.42857142857142855,0.36,0.391304347826087,17,9,16,12,29,25,33,21,0.5,0.535447949284296,0.5141601640362825,0.4910344827586207,,,0,uncalibrated_return_rank_score,29
reg__basic__equal_ensemble,reg,basic,54,0.5185185185185185,0.5186206896551724,0.5178571428571428,0.5555555555555556,0.5172413793103449,0.5357142857142857,0.48148148148148145,0.52,0.5,15,13,12,14,29,25,27,27,0.5,0.6294964358181424,0.5604057816583695,0.5586206896551724,,,0,uncalibrated_return_rank_score,29
reg__direction_core__linear,reg,direction_core,54,0.5185185185185185,0.5241379310344827,0.5178571428571428,0.5652173913043478,0.4482758620689655,0.5,0.4838709677419355,0.6,0.5357142857142857,13,15,10,16,29,25,23,31,0.5,0.6659250833972,0.6232364594242931,0.5944827586206897,,,0,uncalibrated_return_rank_score,29
reg__direction_core__xgb,reg,direction_core,54,0.5370370370370371,0.5331034482758621,0.5330335524040124,0.5666666666666667,0.5862068965517241,0.576271186440678,0.5,0.48,0.4897959183673469,17,12,13,12,29,25,30,24,0.5,0.5944063639773938,0.5540471145615633,0.5710344827586207,,,0,uncalibrated_return_rank_score,29
reg__direction_core__forest,reg,direction_core,54,0.5185185185185185,0.5103448275862069,0.5077138849929874,0.5454545454545454,0.6206896551724138,0.5806451612903226,0.47619047619047616,0.4,0.43478260869565216,18,10,15,11,29,25,33,21,0.5,0.5601542061736465,0.5341873690616279,0.5158620689655172,,,0,uncalibrated_return_rank_score,29
reg__direction_core__equal_ensemble,reg,direction_core,54,0.5,0.5013793103448276,0.49982847341337905,0.5384615384615384,0.4827586206896552,0.509090909090909,0.4642857142857143,0.52,0.49056603773584906,14,13,12,15,29,25,26,28,0.5,0.6159106414900424,0.5852422942041942,0.5586206896551724,,,0,uncalibrated_return_rank_score,29
reg__engineered_direction__linear,reg,engineered_direction,54,0.5370370370370371,0.5413793103448276,0.5368782161234991,0.5833333333333334,0.4827586206896552,0.5283018867924528,0.5,0.6,0.5454545454545454,14,15,10,15,29,25,24,30,0.5,0.6029761147515467,0.5708430009523346,0.543448275862069,,,0,uncalibrated_return_rank_score,29
reg__engineered_direction__xgb,reg,engineered_direction,54,0.6111111111111112,0.6020689655172413,0.6,0.6176470588235294,0.7241379310344828,0.6666666666666666,0.6,0.48,0.5333333333333333,21,12,13,8,29,25,34,20,0.5,0.591722469559533,0.5509652784450758,0.5903448275862069,,,0,uncalibrated_return_rank_score,29
reg__engineered_direction__forest,reg,engineered_direction,54,0.48148148148148145,0.4703448275862069,0.4630681818181818,0.5142857142857142,0.6206896551724138,0.5625,0.42105263157894735,0.32,0.36363636363636365,18,8,17,11,29,25,35,19,0.5,0.5345233442425725,0.517341296233749,0.49103448275862066,,,0,uncalibrated_return_rank_score,29
reg__engineered_direction__equal_ensemble,reg,engineered_direction,54,0.5185185185185185,0.5213793103448277,0.5185185185185185,0.56,0.4827586206896552,0.5185185185185185,0.4827586206896552,0.56,0.5185185185185185,14,14,11,15,29,25,25,29,0.5,0.579101392852065,0.5491948407557538,0.5310344827586206,,,0,uncalibrated_return_rank_score,29
selected_direction,class,engineered_direction,54,0.5370370370370371,0.5137931034482759,0.47162426614481406,0.5454545454545454,0.8275862068965517,0.6575342465753424,0.5,0.2,0.2857142857142857,24,5,20,5,29,25,44,10,0.4,0.5946417301783251,0.5428925776703621,0.5641379310344827,0.2509154778521393,0.6964617102905514,0,probability_up,29
selected_return,reg,basic,54,0.5925925925925926,0.5848275862068966,0.5834502103786816,0.6060606060606061,0.6896551724137931,0.6451612903225806,0.5714285714285714,0.48,0.5217391304347826,20,12,13,9,29,25,33,21,0.5,0.5768604636510148,0.5609577858642881,0.5641379310344827,,,0,uncalibrated_return_rank_score,29
baseline_monthly_return,reg,previous,54,0.48148148148148145,0.47310344827586204,0.4698457223001402,0.5151515151515151,0.5862068965517241,0.5483870967741935,0.42857142857142855,0.36,0.391304347826087,17,9,16,12,29,25,33,21,0.5,0.6230185228350611,0.592519215234918,0.5379310344827586,,,0,uncalibrated_return_rank_score,29
baseline_paper_return,reg,previous,54,0.48148148148148145,0.4868965517241379,0.4807692307692308,0.5217391304347826,0.41379310344827586,0.46153846153846156,0.45161290322580644,0.56,0.5,12,14,11,17,29,25,23,31,0.5,0.5537813254831887,0.5309374668420784,0.4910344827586207,,,0,uncalibrated_return_rank_score,29
baseline_mean_return,reg,previous,54,0.5370370370370371,0.5,0.3493975903614458,0.5370370370370371,1.0,0.6987951807228916,0.0,0.0,0.0,29,0,25,0,29,25,54,0,0.5,0.4593524288837623,0.4052906222317987,0.3744827586206897,,,0,uncalibrated_return_rank_score,29
baseline_zero_return,reg,previous,54,0.5370370370370371,0.5,0.3493975903614458,0.5370370370370371,1.0,0.6987951807228916,0.0,0.0,0.0,29,0,25,0,29,25,54,0,0.5,0.5370370370370371,0.46296296296296297,0.5,,,0,uncalibrated_return_rank_score,29
baseline_majority,baseline,previous,54,0.46296296296296297,0.5,0.31645569620253167,0.0,0.0,0.0,0.46296296296296297,1.0,0.6329113924050633,0,25,0,29,29,25,0,54,0.5,0.45805032020679265,0.39942550175030994,0.3744827586206897,0.25216706588207005,0.697483915255641,0,probability_up,29
always_up,baseline,previous,54,0.5370370370370371,0.5,0.3493975903614458,0.5370370370370371,1.0,0.6987951807228916,0.0,0.0,0.0,29,0,25,0,29,25,54,0,0.5,0.5370370370370371,0.46296296296296297,0.5,0.46296296296296297,16.686876569035718,0,probability_up,29
always_down,baseline,previous,54,0.46296296296296297,0.5,0.31645569620253167,0.0,0.0,0.0,0.46296296296296297,1.0,0.6329113924050633,0,25,0,29,29,25,0,54,0.5,0.5370370370370371,0.46296296296296297,0.5,0.5370370370370371,19.356776820081432,0,probability_up,29
