source_file,source_dataset,source_archive,Market_and_Exchange_Names,As_of_Date_In_Form_YYMMDD,Report_Date_as_MM_DD_YYYY,CFTC_Contract_Market_Code,CFTC_Market_Code,CFTC_Region_Code,CFTC_Commodity_Code,Open_Interest_All,Prod_Merc_Positions_Long_ALL,Prod_Merc_Positions_Short_ALL,Swap_Positions_Long_All,Swap__Positions_Short_All,Swap__Positions_Spread_All,M_Money_Positions_Long_ALL,M_Money_Positions_Short_ALL,M_Money_Positions_Spread_ALL,Other_Rept_Positions_Long_ALL,Other_Rept_Positions_Short_ALL,Other_Rept_Positions_Spread_ALL,Tot_Rept_Positions_Long_All,Tot_Rept_Positions_Short_All,NonRept_Positions_Long_All,NonRept_Positions_Short_All,Open_Interest_Old,Prod_Merc_Positions_Long_Old,Prod_Merc_Positions_Short_Old,Swap_Positions_Long_Old,Swap_Positions_Short_Old,Swap_Positions_Spread_Old,M_Money_Positions_Long_Old,M_Money_Positions_Short_Old,M_Money_Positions_Spread_Old,Other_Rept_Positions_Long_Old,Other_Rept_Positions_Short_Old,Other_Rept_Positions_Spread_Old,Tot_Rept_Positions_Long_Old,Tot_Rept_Positions_Short_Old,NonRept_Positions_Long_Old,NonRept_Positions_Short_Old,Open_Interest_Other,Prod_Merc_Positions_Long_Other,Prod_Merc_Positions_Short_Other,Swap_Positions_Long_Other,Swap_Positions_Short_Other,Swap_Positions_Spread_Other,M_Money_Positions_Long_Other,M_Money_Positions_Short_Other,M_Money_Positions_Spread_Other,Other_Rept_Positions_Long_Other,Other_Rept_Positions_Short_Other,Other_Rept_Positions_Spread_Othr,Tot_Rept_Positions_Long_Other,Tot_Rept_Positions_Short_Other,NonRept_Positions_Long_Other,NonRept_Positions_Short_Other,Change_in_Open_Interest_All,Change_in_Prod_Merc_Long_All,Change_in_Prod_Merc_Short_All,Change_in_Swap_Long_All,Change_in_Swap_Short_All,Change_in_Swap_Spread_All,Change_in_M_Money_Long_All,Change_in_M_Money_Short_All,Change_in_M_Money_Spread_All,Change_in_Other_Rept_Long_All,Change_in_Other_Rept_Short_All,Change_in_Other_Rept_Spread_All,Change_in_Tot_Rept_Long_All,Change_in_Tot_Rept_Short_All,Change_in_NonRept_Long_All,Change_in_NonRept_Short_All,Pct_of_Open_Interest_All,Pct_of_OI_Prod_Merc_Long_All,Pct_of_OI_Prod_Merc_Short_All,Pct_of_OI_Swap_Long_All,Pct_of_OI_Swap_Short_All,Pct_of_OI_Swap_Spread_All,Pct_of_OI_M_Money_Long_All,Pct_of_OI_M_Money_Short_All,Pct_of_OI_M_Money_Spread_All,Pct_of_OI_Other_Rept_Long_All,Pct_of_OI_Other_Rept_Short_All,Pct_of_OI_Other_Rept_Spread_All,Pct_of_OI_Tot_Rept_Long_All,Pct_of_OI_Tot_Rept_Short_All,Pct_of_OI_NonRept_Long_All,Pct_of_OI_NonRept_Short_All,Pct_of_Open_Interest_Old,Pct_of_OI_Prod_Merc_Long_Old,Pct_of_OI_Prod_Merc_Short_Old,Pct_of_OI_Swap_Long_Old,Pct_of_OI_Swap_Short_Old,Pct_of_OI_Swap_Spread_Old,Pct_of_OI_M_Money_Long_Old,Pct_of_OI_M_Money_Short_Old,Pct_of_OI_M_Money_Spread_Old,Pct_of_OI_Other_Rept_Long_Old,Pct_of_OI_Other_Rept_Short_Old,Pct_of_OI_Other_Rept_Spread_Old,Pct_of_OI_Tot_Rept_Long_Old,Pct_of_OI_Tot_Rept_Short_Old,Pct_of_OI_NonRept_Long_Old,Pct_of_OI_NonRept_Short_Old,Pct_of_Open_Interest_Other,Pct_of_OI_Prod_Merc_Long_Other,Pct_of_OI_Prod_Merc_Short_Other,Pct_of_OI_Swap_Long_Other,Pct_of_OI_Swap_Short_Other,Pct_of_OI_Swap_Spread_Other,Pct_of_OI_M_Money_Long_Other,Pct_of_OI_M_Money_Short_Other,Pct_of_OI_M_Money_Spread_Other,Pct_of_OI_Other_Rept_Long_Other,Pct_of_OI_Other_Rept_Short_Other,Pct_of_OI_Other_Rept_Spread_Othr,Pct_of_OI_Tot_Rept_Long_Other,Pct_of_OI_Tot_Rept_Short_Other,Pct_of_OI_NonRept_Long_Other,Pct_of_OI_NonRept_Short_Other,Traders_Tot_All,Traders_Prod_Merc_Long_All,Traders_Prod_Merc_Short_All,Traders_Swap_Long_All,Traders_Swap_Short_All,Traders_Swap_Spread_All,Traders_M_Money_Long_All,Traders_M_Money_Short_All,Traders_M_Money_Spread_All,Traders_Other_Rept_Long_All,Traders_Other_Rept_Short_All,Traders_Other_Rept_Spread_All,Traders_Tot_Rept_Long_All,Traders_Tot_Rept_Short_All,Traders_Tot_Old,Traders_Prod_Merc_Long_Old,Traders_Prod_Merc_Short_Old,Traders_Swap_Long_Old,Traders_Swap_Short_Old,Traders_Swap_Spread_Old,Traders_M_Money_Long_Old,Traders_M_Money_Short_Old,Traders_M_Money_Spread_Old,Traders_Other_Rept_Long_Old,Traders_Other_Rept_Short_Old,Traders_Other_Rept_Spread_Old,Traders_Tot_Rept_Long_Old,Traders_Tot_Rept_Short_Old,Traders_Tot_Other,Traders_Prod_Merc_Long_Other,Traders_Prod_Merc_Short_Other,Traders_Swap_Long_Other,Traders_Swap_Short_Other,Traders_Swap_Spread_Other,Traders_M_Money_Long_Other,Traders_M_Money_Short_Other,Traders_M_Money_Spread_Other,Traders_Other_Rept_Long_Other,Traders_Other_Rept_Short_Other,Traders_Other_Rept_Spread_Other,Traders_Tot_Rept_Long_Other,Traders_Tot_Rept_Short_Other,Conc_Gross_LE_4_TDR_Long_All,Conc_Gross_LE_4_TDR_Short_All,Conc_Gross_LE_8_TDR_Long_All,Conc_Gross_LE_8_TDR_Short_All,Conc_Net_LE_4_TDR_Long_All,Conc_Net_LE_4_TDR_Short_All,Conc_Net_LE_8_TDR_Long_All,Conc_Net_LE_8_TDR_Short_All,Conc_Gross_LE_4_TDR_Long_Old,Conc_Gross_LE_4_TDR_Short_Old,Conc_Gross_LE_8_TDR_Long_Old,Conc_Gross_LE_8_TDR_Short_Old,Conc_Net_LE_4_TDR_Long_Old,Conc_Net_LE_4_TDR_Short_Old,Conc_Net_LE_8_TDR_Long_Old,Conc_Net_LE_8_TDR_Short_Old,Conc_Gross_LE_4_TDR_Long_Other,Conc_Gross_LE_4_TDR_Short_Other,Conc_Gross_LE_8_TDR_Long_Other,Conc_Gross_LE_8_TDR_Short_Other,Conc_Net_LE_4_TDR_Long_Other,Conc_Net_LE_4_TDR_Short_Other,Conc_Net_LE_8_TDR_Long_Other,Conc_Net_LE_8_TDR_Short_Other,Contract_Units,CFTC_SubGroup_Code,FutOnly_or_Combined
raw_cot_data/disaggregated_futures_only/fut_disagg_xls_hist_2006_2016/F_DisAgg06_15.xls,disaggregated_futures_only,fut_disagg_xls_hist_2006_2016,COFFEE C - ICE FUTURES U.S.,151229,2015-12-29,083731,ICUS,1,83,172364,64527,77829,29891,9612,4338,23103,38642,14365,11942,6881,12746,160912,164413,11452,7951,152427,53876,64872,29560,9430,3355,24310,37680,12957,12320,10695,6027,142405,145016,10022,7411,19937,10651,12957,917,768,397,194,2363,7,4611,1175,1730,18507,19397,1430,540,-813.0,-2272.0,98.0,726.0,-23.0,141.0,178.0,-1477.0,756.0,-263.0,422.0,-439.0,-1173.0,-522.0,360.0,-291.0,100,37.4,45.2,17.3,5.6,2.5,13.4,22.4,8.3,6.9,4.0,7.4,93.4,95.4,6.6,4.6,100,35.3,42.6,19.4,6.2,2.2,15.9,24.7,8.5,8.1,7.0,4.0,93.4,95.1,6.6,4.9,100,53.4,65.0,4.6,3.9,2.0,1.0,11.9,0.0,23.1,5.9,8.7,92.8,97.3,7.2,2.7,363,105.0,86.0,22.0,7.0,11.0,46.0,61.0,40.0,64.0,40.0,40.0,280,249,362.0,101.0,82.0,23.0,6.0,9.0,47.0,60.0,37.0,66.0,40.0,35.0,273.0,238.0,124.0,66.0,41.0,9.0,5.0,5.0,4.0,5.0,,11.0,10.0,5.0,96.0,69.0,16.2,14.0,26.1,24.9,11.7,11.7,17.9,20.4,17.5,14.2,27.1,25.3,12.5,11.9,19.6,21.8,43.9,36.0,55.6,53.5,38.1,35.7,47.5,48.6,"(CONTRACTS OF 37,500 POUNDS)",A50,FutOnly
raw_cot_data/disaggregated_futures_only/fut_disagg_xls_hist_2006_2016/F_DisAgg06_15.xls,disaggregated_futures_only,fut_disagg_xls_hist_2006_2016,COFFEE C - ICE FUTURES U.S.,151222,2015-12-22,083731,ICUS,1,83,173177,66799,77731,29165,9635,4197,22925,40119,13609,12205,6459,13185,162085,164935,11092,8242,153787,56290,64927,28860,9461,3217,24049,39047,12293,12598,10347,6701,144008,145993,9779,7794,19390,10509,12804,910,779,375,185,2381,7,4658,1163,1433,18077,18942,1313,448,6264.0,5625.0,-1341.0,486.0,2635.0,-34.0,-1816.0,3208.0,1185.0,668.0,847.0,-481.0,5633.0,6019.0,631.0,245.0,100,38.6,44.9,16.8,5.6,2.4,13.2,23.2,7.9,7.0,3.7,7.6,93.6,95.2,6.4,4.8,100,36.6,42.2,18.8,6.2,2.1,15.6,25.4,8.0,8.2,6.7,4.4,93.6,94.9,6.4,5.1,100,54.2,66.0,4.7,4.0,1.9,1.0,12.3,0.0,24.0,6.0,7.4,93.2,97.7,6.8,2.3,370,108.0,87.0,22.0,7.0,11.0,42.0,68.0,39.0,68.0,37.0,41.0,284,254,369.0,104.0,83.0,23.0,6.0,9.0,44.0,66.0,38.0,71.0,38.0,37.0,279.0,244.0,128.0,68.0,41.0,9.0,5.0,5.0,,5.0,,12.0,13.0,5.0,98.0,71.0,16.2,13.9,26.2,25.0,11.7,11.7,18.4,20.0,17.3,14.1,27.0,25.5,12.5,11.8,19.9,21.5,43.9,36.9,55.4,53.1,39.2,36.7,48.4,49.5,"(CONTRACTS OF 37,500 POUNDS)",A50,FutOnly
raw_cot_data/disaggregated_futures_only/fut_disagg_xls_hist_2006_2016/F_DisAgg06_15.xls,disaggregated_futures_only,fut_disagg_xls_hist_2006_2016,COFFEE C - ICE FUTURES U.S.,151215,2015-12-15,083731,ICUS,1,83,166913,61174,79072,28679,7000,4231,24741,36911,12424,11537,5612,13666,156452,158916,10461,7997,148072,51141,67164,28592,6834,3167,25845,35842,10971,12076,9406,7156,138948,140540,9124,7532,18841,10033,11908,868,947,283,171,2344,178,4332,1077,1639,17504,18376,1337,465,1158.0,2365.0,-107.0,-648.0,190.0,277.0,-688.0,2906.0,-1426.0,467.0,-1606.0,396.0,743.0,630.0,415.0,528.0,100,36.7,47.4,17.2,4.2,2.5,14.8,22.1,7.4,6.9,3.4,8.2,93.7,95.2,6.3,4.8,100,34.5,45.4,19.3,4.6,2.1,17.5,24.2,7.4,8.2,6.4,4.8,93.8,94.9,6.2,5.1,100,53.3,63.2,4.6,5.0,1.5,0.9,12.4,0.9,23.0,5.7,8.7,92.9,97.5,7.1,2.5,364,103.0,87.0,21.0,7.0,12.0,42.0,68.0,36.0,65.0,38.0,44.0,276,254,363.0,100.0,83.0,22.0,6.0,10.0,44.0,67.0,35.0,69.0,37.0,40.0,272.0,244.0,125.0,65.0,41.0,9.0,5.0,4.0,,6.0,,11.0,14.0,5.0,93.0,73.0,14.8,14.3,25.0,25.4,12.3,11.8,18.2,20.0,15.7,14.6,26.1,25.8,12.7,12.0,19.4,21.2,43.8,36.3,55.3,51.6,38.1,35.3,47.3,47.1,"(CONTRACTS OF 37,500 POUNDS)",A50,FutOnly
raw_cot_data/disaggregated_futures_only/fut_disagg_xls_hist_2006_2016/F_DisAgg06_15.xls,disaggregated_futures_only,fut_disagg_xls_hist_2006_2016,COFFEE C - ICE FUTURES U.S.,151208,2015-12-08,083731,ICUS,1,83,165755,58809,79179,29327,6810,3954,25429,34005,13850,11070,7218,13270,155709,158286,10046,7469,147504,49156,67350,29273,6655,2899,26267,33242,12477,11493,10691,7142,138707,140456,8797,7048,18251,9653,11829,831,932,278,353,1954,182,3999,949,1706,17002,17830,1249,421,-6583.0,-4210.0,5499.0,-602.0,1278.0,-169.0,-569.0,-11288.0,-1332.0,-25.0,-730.0,928.0,-5979.0,-5814.0,-604.0,-769.0,100,35.5,47.8,17.7,4.1,2.4,15.3,20.5,8.4,6.7,4.4,8.0,93.9,95.5,6.1,4.5,100,33.3,45.7,19.8,4.5,2.0,17.8,22.5,8.5,7.8,7.2,4.8,94.0,95.2,6.0,4.8,100,52.9,64.8,4.6,5.1,1.5,1.9,10.7,1.0,21.9,5.2,9.3,93.2,97.7,6.8,2.3,375,103.0,89.0,22.0,7.0,11.0,53.0,58.0,38.0,65.0,46.0,47.0,292,254,374.0,99.0,86.0,23.0,6.0,9.0,54.0,58.0,36.0,67.0,46.0,43.0,287.0,244.0,125.0,64.0,42.0,9.0,4.0,,5.0,,,10.0,14.0,5.0,92.0,71.0,14.2,14.6,25.1,26.0,12.5,12.1,18.4,20.3,15.2,14.9,26.1,26.5,13.1,12.3,19.7,21.5,43.2,38.1,54.5,53.1,36.5,37.2,46.4,48.2,"(CONTRACTS OF 37,500 POUNDS)",A50,FutOnly
raw_cot_data/disaggregated_futures_only/fut_disagg_xls_hist_2006_2016/F_DisAgg06_15.xls,disaggregated_futures_only,fut_disagg_xls_hist_2006_2016,COFFEE C - ICE FUTURES U.S.,151201,2015-12-01,083731,ICUS,1,83,172338,63019,73680,29929,5532,4123,25998,45293,15182,11095,7948,12342,161688,164100,10650,8238,154854,53535,62256,30009,5377,3015,26914,44639,13693,11675,11455,6592,145433,147027,9421,7827,17484,9484,11424,667,902,361,384,1954,189,3951,1024,1219,16255,17073,1229,411,-657.0,-1167.0,136.0,967.0,-65.0,369.0,-259.0,-247.0,253.0,225.0,-741.0,-1111.0,-723.0,-1406.0,66.0,749.0,100,36.6,42.8,17.4,3.2,2.4,15.1,26.3,8.8,6.4,4.6,7.2,93.8,95.2,6.2,4.8,100,34.6,40.2,19.4,3.5,1.9,17.4,28.8,8.8,7.5,7.4,4.3,93.9,94.9,6.1,5.1,100,54.2,65.3,3.8,5.2,2.1,2.2,11.2,1.1,22.6,5.9,7.0,93.0,97.6,7.0,2.4,386,104.0,86.0,22.0,7.0,12.0,51.0,69.0,41.0,70.0,43.0,43.0,291,266,385.0,100.0,83.0,23.0,6.0,10.0,51.0,70.0,39.0,72.0,44.0,39.0,285.0,257.0,124.0,62.0,41.0,9.0,4.0,,5.0,,,9.0,16.0,4.0,89.0,70.0,14.5,14.0,24.8,24.8,12.2,11.8,18.5,20.1,15.5,14.2,26.0,25.6,12.7,11.9,19.8,21.3,43.4,38.7,54.2,53.1,37.6,38.7,48.0,49.8,"(CONTRACTS OF 37,500 POUNDS)",A50,FutOnly
raw_cot_data/disaggregated_futures_only/fut_disagg_xls_hist_2006_2016/F_DisAgg06_15.xls,disaggregated_futures_only,fut_disagg_xls_hist_2006_2016,COFFEE C - ICE FUTURES U.S.,151124,2015-11-24,083731,ICUS,1,83,172995,64186,73544,28962,5597,3754,26257,45540,14929,10870,8689,13453,162411,165506,10584,7489,155715,54845,62236,28953,5342,2775,27196,45016,13309,11307,12054,7938,146323,148670,9392,7045,17280,9341,11308,544,790,444,491,1954,190,3964,1036,1114,16088,16836,1192,444,-13054.0,-8108.0,-554.0,-181.0,164.0,-334.0,-143.0,-8560.0,251.0,-1112.0,-1101.0,-2118.0,-11745.0,-12252.0,-1309.0,-802.0,100,37.1,42.5,16.7,3.2,2.2,15.2,26.3,8.6,6.3,5.0,7.8,93.9,95.7,6.1,4.3,100,35.2,40.0,18.6,3.4,1.8,17.5,28.9,8.5,7.3,7.7,5.1,94.0,95.5,6.0,4.5,100,54.1,65.4,3.1,4.6,2.6,2.8,11.3,1.1,22.9,6.0,6.4,93.1,97.4,6.9,2.6,390,106.0,87.0,22.0,7.0,12.0,50.0,64.0,37.0,73.0,45.0,48.0,302,261,389.0,103.0,84.0,23.0,6.0,10.0,50.0,65.0,35.0,75.0,46.0,44.0,297.0,252.0,124.0,61.0,41.0,7.0,5.0,,5.0,,,11.0,16.0,5.0,89.0,71.0,14.7,13.9,24.8,25.1,12.5,12.0,18.6,20.6,15.4,14.1,26.2,26.1,13.0,12.0,19.9,22.2,43.2,39.0,54.1,52.5,38.1,38.9,48.6,50.2,"(CONTRACTS OF 37,500 POUNDS)",A50,FutOnly
raw_cot_data/disaggregated_futures_only/fut_disagg_xls_hist_2006_2016/F_DisAgg06_15.xls,disaggregated_futures_only,fut_disagg_xls_hist_2006_2016,COFFEE C - ICE FUTURES U.S.,151117,2015-11-17,083731,ICUS,1,83,186049,72294,74098,29143,5433,4088,26400,54100,14678,11982,9790,15571,174156,177758,11893,8291,168916,63227,62941,29113,5302,3133,27532,53792,12857,12625,13316,9781,158268,161122,10648,7794,17133,9067,11157,634,735,351,497,1937,192,4054,1171,1093,15888,16636,1245,497,-14105.0,-5826.0,-10152.0,-581.0,-1188.0,-640.0,-454.0,4253.0,-3955.0,-612.0,584.0,-1832.0,-13900.0,-12930.0,-205.0,-1175.0,100,38.9,39.8,15.7,2.9,2.2,14.2,29.1,7.9,6.4,5.3,8.4,93.6,95.5,6.4,4.5,100,37.4,37.3,17.2,3.1,1.9,16.3,31.8,7.6,7.5,7.9,5.8,93.7,95.4,6.3,4.6,100,52.9,65.1,3.7,4.3,2.0,2.9,11.3,1.1,23.7,6.8,6.4,92.7,97.1,7.3,2.9,403,105.0,84.0,23.0,7.0,15.0,43.0,80.0,36.0,73.0,47.0,55.0,298,285,403.0,101.0,82.0,24.0,6.0,14.0,43.0,81.0,34.0,73.0,50.0,50.0,293.0,276.0,122.0,58.0,40.0,8.0,4.0,,5.0,,,13.0,15.0,5.0,88.0,70.0,14.5,14.5,24.1,25.3,11.6,11.8,17.7,20.2,15.1,15.2,25.1,26.4,12.0,11.9,18.9,21.4,43.0,39.4,53.7,52.9,37.9,39.3,48.1,50.7,"(CONTRACTS OF 37,500 POUNDS)",A50,FutOnly
raw_cot_data/disaggregated_futures_only/fut_disagg_xls_hist_2006_2016/F_DisAgg06_15.xls,disaggregated_futures_only,fut_disagg_xls_hist_2006_2016,COFFEE C - ICE FUTURES U.S.,151110,2015-11-10,083731,ICUS,1,83,200154,78120,84250,29724,6621,4728,26854,49847,18633,12594,9206,17403,188056,190688,12098,9466,184269,69442,74274,29886,6589,3611,28100,49520,16870,13233,12486,11920,173062,175270,11207,8999,15885,8678,9976,543,737,412,364,1937,153,3672,1031,1172,14994,15418,891,467,405.0,3674.0,1801.0,2214.0,-655.0,-2345.0,-114.0,4846.0,-1038.0,680.0,-332.0,-2914.0,157.0,-637.0,248.0,1042.0,100,39.0,42.1,14.9,3.3,2.4,13.4,24.9,9.3,6.3,4.6,8.7,94.0,95.3,6.0,4.7,100,37.7,40.3,16.2,3.6,2.0,15.2,26.9,9.2,7.2,6.8,6.5,93.9,95.1,6.1,4.9,100,54.6,62.8,3.4,4.6,2.6,2.3,12.2,1.0,23.1,6.5,7.4,94.4,97.1,5.6,2.9,421,111.0,93.0,25.0,7.0,15.0,42.0,85.0,43.0,78.0,45.0,59.0,317,303,421.0,108.0,92.0,26.0,6.0,14.0,43.0,84.0,41.0,79.0,48.0,57.0,313.0,298.0,126.0,65.0,37.0,9.0,4.0,,4.0,,,11.0,15.0,5.0,94.0,66.0,15.3,14.3,24.2,24.6,11.6,11.0,18.5,18.3,15.8,14.5,25.3,25.2,12.1,11.0,19.6,19.0,44.2,38.7,55.1,53.6,38.9,38.6,48.9,50.9,"(CONTRACTS OF 37,500 POUNDS)",A50,FutOnly
raw_cot_data/disaggregated_futures_only/fut_disagg_xls_hist_2006_2016/F_DisAgg06_15.xls,disaggregated_futures_only,fut_disagg_xls_hist_2006_2016,COFFEE C - ICE FUTURES U.S.,151103,2015-11-03,083731,ICUS,1,83,199749,74446,82449,27510,7276,7073,26968,45001,19671,11914,9538,20317,187899,191325,11850,8424,185322,66444,73513,27233,7096,6302,28214,44626,17976,12669,12382,15394,174232,177289,11090,8033,14427,8002,8936,783,686,265,330,1951,119,3343,1254,825,13667,14036,760,391,4537.0,2901.0,-446.0,-48.0,-118.0,298.0,-310.0,3425.0,124.0,440.0,260.0,1526.0,4931.0,5069.0,-394.0,-532.0,100,37.3,41.3,13.8,3.6,3.5,13.5,22.5,9.8,6.0,4.8,10.2,94.1,95.8,5.9,4.2,100,35.9,39.7,14.7,3.8,3.4,15.2,24.1,9.7,6.8,6.7,8.3,94.0,95.7,6.0,4.3,100,55.5,61.9,5.4,4.8,1.8,2.3,13.5,0.8,23.2,8.7,5.7,94.7,97.3,5.3,2.7,415,109.0,92.0,24.0,9.0,16.0,44.0,73.0,44.0,78.0,49.0,68.0,326,298,415.0,107.0,91.0,25.0,8.0,15.0,45.0,72.0,43.0,78.0,51.0,66.0,323.0,294.0,125.0,58.0,38.0,9.0,4.0,,,4.0,,13.0,16.0,4.0,88.0,66.0,15.6,14.2,24.8,25.0,11.3,11.2,18.4,19.1,15.1,14.5,24.6,25.4,11.8,11.1,19.7,19.6,43.1,37.7,56.2,52.4,38.9,37.7,50.6,51.1,"(CONTRACTS OF 37,500 POUNDS)",A50,FutOnly
raw_cot_data/disaggregated_futures_only/fut_disagg_xls_hist_2006_2016/F_DisAgg06_15.xls,disaggregated_futures_only,fut_disagg_xls_hist_2006_2016,COFFEE C - ICE FUTURES U.S.,151027,2015-10-27,083731,ICUS,1,83,195212,71545,82895,27558,7394,6775,27278,41576,19547,11474,9278,18791,182968,186256,12244,8956,181092,63633,73967,27305,7214,6001,28317,41022,18166,12022,11866,14352,169796,172588,11296,8504,14120,7912,8928,752,679,275,335,1928,7,3039,999,852,13172,13668,948,452,12558.0,6914.0,-632.0,581.0,222.0,761.0,-1854.0,6196.0,3266.0,1121.0,1641.0,1137.0,11926.0,12591.0,632.0,-33.0,100,36.6,42.5,14.1,3.8,3.5,14.0,21.3,10.0,5.9,4.8,9.6,93.7,95.4,6.3,4.6,100,35.1,40.8,15.1,4.0,3.3,15.6,22.7,10.0,6.6,6.6,7.9,93.8,95.3,6.2,4.7,100,56.0,63.2,5.3,4.8,1.9,2.4,13.7,0.0,21.5,7.1,6.0,93.3,96.8,6.7,3.2,404,108.0,92.0,23.0,8.0,15.0,46.0,67.0,45.0,74.0,48.0,65.0,319,290,404.0,105.0,91.0,24.0,7.0,14.0,47.0,66.0,44.0,74.0,50.0,63.0,315.0,286.0,120.0,55.0,39.0,9.0,4.0,,,,,13.0,14.0,6.0,85.0,66.0,14.7,14.1,24.1,24.9,11.0,11.3,18.2,19.6,14.8,14.2,24.4,25.2,11.5,11.2,19.5,20.4,41.5,38.6,54.9,53.2,37.4,38.6,49.4,52.2,"(CONTRACTS OF 37,500 POUNDS)",A50,FutOnly
raw_cot_data/disaggregated_futures_only/fut_disagg_xls_hist_2006_2016/F_DisAgg06_15.xls,disaggregated_futures_only,fut_disagg_xls_hist_2006_2016,COFFEE C - ICE FUTURES U.S.,151020,2015-10-20,083731,ICUS,1,83,182654,64631,83527,26977,7172,6014,29132,35380,16281,10353,7637,17654,171042,173665,11612,8989,168829,57457,74712,26814,7140,5180,30222,34928,14845,10754,10552,12990,158262,160347,10567,8482,13825,7174,8815,675,544,322,339,1881,7,3314,800,949,12780,13318,1045,507,1589.0,-2298.0,425.0,-207.0,-4.0,-688.0,-238.0,-1148.0,2536.0,317.0,-547.0,1149.0,571.0,1723.0,1018.0,-134.0,100,35.4,45.7,14.8,3.9,3.3,15.9,19.4,8.9,5.7,4.2,9.7,93.6,95.1,6.4,4.9,100,34.0,44.3,15.9,4.2,3.1,17.9,20.7,8.8,6.4,6.3,7.7,93.7,95.0,6.3,5.0,100,51.9,63.8,4.9,3.9,2.3,2.5,13.6,0.1,24.0,5.8,6.9,92.4,96.3,7.6,3.7,387,105.0,96.0,24.0,7.0,13.0,50.0,59.0,39.0,61.0,45.0,62.0,300,282,387.0,103.0,95.0,25.0,6.0,12.0,51.0,58.0,38.0,64.0,46.0,60.0,298.0,277.0,116.0,53.0,36.0,8.0,5.0,,,,,12.0,14.0,5.0,81.0,63.0,14.2,15.4,23.6,26.4,10.9,12.8,18.0,21.6,14.4,15.4,23.8,26.6,11.7,13.0,19.5,22.4,42.7,39.4,54.4,55.6,37.3,39.4,47.7,53.5,"(CONTRACTS OF 37,500 POUNDS)",A50,FutOnly
raw_cot_data/disaggregated_futures_only/fut_disagg_xls_hist_2006_2016/F_DisAgg06_15.xls,disaggregated_futures_only,fut_disagg_xls_hist_2006_2016,COFFEE C - ICE FUTURES U.S.,151013,2015-10-13,083731,ICUS,1,83,181065,66929,83102,27184,7176,6702,29370,36528,13745,10036,8184,16505,170471,171942,10594,9123,167868,60058,74879,26919,7186,5878,30520,36136,12249,10610,10849,12174,158408,159351,9460,8517,13197,6871,8223,753,478,336,339,1881,7,2939,848,818,12063,12591,1134,606,-9766.0,-7868.0,1132.0,1.0,-41.0,-168.0,-594.0,-9935.0,-1903.0,5.0,-525.0,1433.0,-9094.0,-10007.0,-672.0,241.0,100,37.0,45.9,15.0,4.0,3.7,16.2,20.2,7.6,5.5,4.5,9.1,94.1,95.0,5.9,5.0,100,35.8,44.6,16.0,4.3,3.5,18.2,21.5,7.3,6.3,6.5,7.3,94.4,94.9,5.6,5.1,100,52.1,62.3,5.7,3.6,2.5,2.6,14.3,0.1,22.3,6.4,6.2,91.4,95.4,8.6,4.6,387,107.0,92.0,23.0,8.0,12.0,54.0,54.0,41.0,61.0,46.0,61.0,310,269,387.0,105.0,91.0,24.0,7.0,11.0,55.0,53.0,40.0,64.0,46.0,59.0,308.0,264.0,112.0,53.0,32.0,8.0,5.0,,,,,13.0,12.0,4.0,81.0,57.0,15.0,14.0,24.5,25.5,11.2,12.9,18.6,21.7,15.6,14.1,25.1,25.6,12.1,13.2,20.2,22.6,42.0,39.7,54.5,55.8,36.3,39.7,47.3,53.7,"(CONTRACTS OF 37,500 POUNDS)",A50,FutOnly
raw_cot_data/disaggregated_futures_only/fut_disagg_xls_hist_2006_2016/F_DisAgg06_15.xls,disaggregated_futures_only,fut_disagg_xls_hist_2006_2016,COFFEE C - ICE FUTURES U.S.,151006,2015-10-06,083731,ICUS,1,83,190831,74797,81970,27183,7217,6870,29964,46463,15648,10031,8709,15072,179565,181949,11266,8882,177950,68445,74076,27127,7227,5930,30424,45381,14842,10644,11874,10381,167793,169711,10157,8239,12881,6352,7894,575,509,421,339,1881,7,3375,823,703,11772,12238,1109,643,-3644.0,-2582.0,2681.0,965.0,1500.0,-1197.0,-1654.0,-7104.0,637.0,154.0,-531.0,128.0,-3549.0,-3886.0,-95.0,242.0,100,39.2,43.0,14.2,3.8,3.6,15.7,24.3,8.2,5.3,4.6,7.9,94.1,95.3,5.9,4.7,100,38.5,41.6,15.2,4.1,3.3,17.1,25.5,8.3,6.0,6.7,5.8,94.3,95.4,5.7,4.6,100,49.3,61.3,4.5,4.0,3.3,2.6,14.6,0.1,26.2,6.4,5.5,91.4,95.0,8.6,5.0,389,108.0,90.0,23.0,8.0,12.0,51.0,63.0,40.0,60.0,44.0,59.0,302,275,388.0,106.0,89.0,24.0,7.0,11.0,52.0,62.0,39.0,61.0,47.0,55.0,298.0,269.0,114.0,53.0,30.0,8.0,5.0,,,,,14.0,13.0,,81.0,56.0,14.3,14.1,23.5,24.8,11.4,12.4,18.7,21.3,15.2,14.2,24.4,25.1,12.3,12.4,20.4,22.3,42.4,40.1,54.9,55.5,37.7,40.1,48.2,53.7,"(CONTRACTS OF 37,500 POUNDS)",A50,FutOnly
raw_cot_data/disaggregated_futures_only/fut_disagg_xls_hist_2006_2016/F_DisAgg06_15.xls,disaggregated_futures_only,fut_disagg_xls_hist_2006_2016,COFFEE C - ICE FUTURES U.S.,150929,2015-09-29,083731,ICUS,1,83,194475,77379,79289,26218,5717,8067,31618,53567,15011,9877,9240,14944,183114,185835,11361,8640,182172,71260,71900,26255,5717,7017,32213,52694,14071,10461,12199,10522,171799,174120,10373,8052,12303,6119,7389,592,629,421,338,1806,7,3135,760,703,11315,11715,988,588,966.0,992.0,3472.0,-520.0,-231.0,624.0,1085.0,-2729.0,-1198.0,-550.0,-199.0,1550.0,1983.0,1289.0,-1017.0,-323.0,100,39.8,40.8,13.5,2.9,4.1,16.3,27.5,7.7,5.1,4.8,7.7,94.2,95.6,5.8,4.4,100,39.1,39.5,14.4,3.1,3.9,17.7,28.9,7.7,5.7,6.7,5.8,94.3,95.6,5.7,4.4,100,49.7,60.1,4.8,5.1,3.4,2.7,14.7,0.1,25.5,6.2,5.7,92.0,95.2,8.0,4.8,387,110.0,86.0,26.0,6.0,14.0,47.0,72.0,44.0,59.0,43.0,56.0,294,283,387.0,108.0,85.0,26.0,6.0,13.0,49.0,70.0,43.0,60.0,47.0,52.0,290.0,278.0,108.0,50.0,29.0,8.0,5.0,,,4.0,,12.0,12.0,,75.0,55.0,14.1,13.7,23.7,25.2,10.9,12.6,19.1,21.5,14.7,13.8,24.4,25.5,11.7,12.7,20.8,22.3,41.5,40.6,53.5,55.0,37.0,40.6,47.6,53.3,"(CONTRACTS OF 37,500 POUNDS)",A50,FutOnly
raw_cot_data/disaggregated_futures_only/fut_disagg_xls_hist_2006_2016/F_DisAgg06_15.xls,disaggregated_futures_only,fut_disagg_xls_hist_2006_2016,COFFEE C - ICE FUTURES U.S.,150922,2015-09-22,083731,ICUS,1,83,193509,76387,75817,26738,5948,7443,30533,56296,16209,10427,9439,13394,181131,184546,12378,8963,182018,70697,68787,26440,5800,6739,31143,55428,15254,11014,12273,9271,170558,173552,11460,8466,11491,5690,7030,586,436,416,338,1816,7,3034,787,502,10573,10994,918,497,5252.0,2209.0,852.0,-517.0,284.0,161.0,211.0,1078.0,685.0,348.0,829.0,1506.0,4603.0,5395.0,649.0,-143.0,100,39.5,39.2,13.8,3.1,3.8,15.8,29.1,8.4,5.4,4.9,6.9,93.6,95.4,6.4,4.6,100,38.8,37.8,14.5,3.2,3.7,17.1,30.5,8.4,6.1,6.7,5.1,93.7,95.3,6.3,4.7,100,49.5,61.2,5.1,3.8,3.6,2.9,15.8,0.1,26.4,6.8,4.4,92.0,95.7,8.0,4.3,398,109.0,86.0,25.0,6.0,16.0,44.0,80.0,42.0,63.0,45.0,58.0,294,294,398.0,107.0,83.0,25.0,6.0,14.0,45.0,79.0,41.0,62.0,50.0,54.0,290.0,286.0,107.0,49.0,30.0,7.0,5.0,4.0,,4.0,,11.0,14.0,4.0,74.0,58.0,13.6,13.7,23.1,24.5,11.0,12.3,19.3,21.4,14.4,14.1,24.4,25.1,11.8,12.3,21.0,22.1,41.0,42.0,52.7,56.5,38.0,42.0,48.0,55.7,"(CONTRACTS OF 37,500 POUNDS)",A50,FutOnly
raw_cot_data/disaggregated_futures_only/fut_disagg_xls_hist_2006_2016/F_DisAgg06_15.xls,disaggregated_futures_only,fut_disagg_xls_hist_2006_2016,COFFEE C - ICE FUTURES U.S.,150915,2015-09-15,083731,ICUS,1,83,188257,74178,74965,27255,5664,7282,30322,55218,15524,10079,8610,11888,176528,179151,11729,9106,177278,68934,67886,26914,5554,6687,30857,54385,14644,10569,11497,7977,166582,168630,10696,8648,10979,5244,7079,695,464,241,338,1706,7,3027,630,394,9946,10521,1033,458,8705.0,5124.0,3043.0,547.0,-141.0,268.0,867.0,3353.0,258.0,-151.0,489.0,111.0,7024.0,7381.0,1681.0,1324.0,100,39.4,39.8,14.5,3.0,3.9,16.1,29.3,8.2,5.4,4.6,6.3,93.8,95.2,6.2,4.8,100,38.9,38.3,15.2,3.1,3.8,17.4,30.7,8.3,6.0,6.5,4.5,94.0,95.1,6.0,4.9,100,47.8,64.5,6.3,4.2,2.2,3.1,15.5,0.1,27.6,5.7,3.6,90.6,95.8,9.4,4.2,385,106.0,84.0,26.0,6.0,16.0,44.0,78.0,42.0,60.0,41.0,52.0,288,280,385.0,105.0,81.0,27.0,5.0,14.0,45.0,77.0,41.0,59.0,46.0,48.0,285.0,272.0,98.0,46.0,30.0,7.0,4.0,,,,,10.0,11.0,,68.0,53.0,13.7,14.9,23.1,26.0,11.0,12.5,19.4,21.7,14.5,15.3,24.4,26.6,11.8,12.5,21.0,22.6,41.6,43.3,53.6,58.5,39.5,43.3,49.3,57.9,"(CONTRACTS OF 37,500 POUNDS)",A50,FutOnly
raw_cot_data/disaggregated_futures_only/fut_disagg_xls_hist_2006_2016/F_DisAgg06_15.xls,disaggregated_futures_only,fut_disagg_xls_hist_2006_2016,COFFEE C - ICE FUTURES U.S.,150908,2015-09-08,083731,ICUS,1,83,179552,69054,71922,26708,5805,7014,29455,51865,15266,10230,8121,11777,169504,171770,10048,7782,169361,64191,65458,26341,5652,6453,29990,50983,14475,10735,10917,8062,160247,162000,9114,7361,10191,4863,6464,677,463,251,249,1666,7,2929,638,281,9257,9770,934,421,3639.0,5226.0,1903.0,-595.0,-89.0,933.0,786.0,3644.0,-678.0,577.0,1013.0,-187.0,6062.0,6539.0,-2423.0,-2900.0,100,38.5,40.1,14.9,3.2,3.9,16.4,28.9,8.5,5.7,4.5,6.6,94.4,95.7,5.6,4.3,100,37.9,38.6,15.6,3.3,3.8,17.7,30.1,8.5,6.3,6.4,4.8,94.6,95.7,5.4,4.3,100,47.7,63.4,6.6,4.5,2.5,2.4,16.3,0.1,28.7,6.3,2.8,90.8,95.9,9.2,4.1,383,104.0,82.0,24.0,7.0,13.0,44.0,75.0,38.0,55.0,47.0,55.0,282,278,383.0,103.0,80.0,25.0,6.0,11.0,45.0,74.0,37.0,56.0,50.0,51.0,278.0,272.0,95.0,44.0,29.0,7.0,4.0,,,,,9.0,12.0,,66.0,51.0,13.9,15.4,23.4,26.1,11.4,12.4,19.9,21.2,14.7,15.6,24.7,26.2,12.3,12.4,21.4,21.8,43.5,45.4,54.2,61.7,42.4,45.4,52.2,61.2,"(CONTRACTS OF 37,500 POUNDS)",A50,FutOnly
raw_cot_data/disaggregated_futures_only/fut_disagg_xls_hist_2006_2016/F_DisAgg06_15.xls,disaggregated_futures_only,fut_disagg_xls_hist_2006_2016,COFFEE C - ICE FUTURES U.S.,150901,2015-09-01,083731,ICUS,1,83,175913,63828,70019,27303,5894,6081,28669,48221,15944,9653,7108,11964,163442,165231,12471,10682,165848,59091,63613,26988,5741,5525,29204,47405,15162,10129,9942,8278,154377,155666,11471,10182,10065,4737,6406,622,460,249,240,1591,7,2962,604,248,9065,9565,1000,500,6064.0,3683.0,-1448.0,-428.0,452.0,-569.0,68.0,5007.0,104.0,754.0,44.0,288.0,3900.0,3878.0,2164.0,2186.0,100,36.3,39.8,15.5,3.4,3.5,16.3,27.4,9.1,5.5,4.0,6.8,92.9,93.9,7.1,6.1,100,35.6,38.4,16.3,3.5,3.3,17.6,28.6,9.1,6.1,6.0,5.0,93.1,93.9,6.9,6.1,100,47.1,63.6,6.2,4.6,2.5,2.4,15.8,0.1,29.4,6.0,2.5,90.1,95.0,9.9,5.0,373,102.0,83.0,24.0,7.0,13.0,43.0,68.0,36.0,55.0,43.0,55.0,279,268,373.0,101.0,81.0,25.0,6.0,11.0,44.0,67.0,35.0,55.0,48.0,51.0,275.0,262.0,95.0,42.0,29.0,7.0,4.0,,,,,11.0,11.0,,65.0,51.0,13.2,15.8,22.7,26.4,10.8,12.4,18.9,21.4,13.9,16.0,23.8,26.4,11.7,12.4,20.3,21.9,43.8,45.2,54.2,62.0,43.0,45.2,52.3,61.6,"(CONTRACTS OF 37,500 POUNDS)",A50,FutOnly
raw_cot_data/disaggregated_futures_only/fut_disagg_xls_hist_2006_2016/F_DisAgg06_15.xls,disaggregated_futures_only,fut_disagg_xls_hist_2006_2016,COFFEE C - ICE FUTURES U.S.,150825,2015-08-25,083731,ICUS,1,83,169849,60145,71467,27731,5442,6650,28601,43214,15840,8899,7064,11676,159542,161353,10307,8496,143,140,103,0,1,0,0,0,0,0,0,0,140,104,3,39,169706,60005,71364,27732,5442,6649,28601,43214,15840,8899,7064,11676,159402,161249,10304,8457,415.0,3284.0,-13152.0,359.0,-1706.0,-816.0,-4568.0,14123.0,1809.0,295.0,458.0,-1135.0,-772.0,-419.0,1187.0,834.0,100,35.4,42.1,16.3,3.2,3.9,16.8,25.4,9.3,5.2,4.2,6.9,93.9,95.0,6.1,5.0,100,97.9,72.0,0.0,0.7,0.0,0.0,0.0,0.0,0.0,0.0,0.0,97.9,72.7,2.1,27.3,100,35.4,42.1,16.3,3.2,3.9,16.9,25.5,9.3,5.2,4.2,6.9,93.9,95.0,6.1,5.0,368,99.0,84.0,23.0,7.0,14.0,42.0,64.0,34.0,54.0,45.0,51.0,270,267,11.0,4.0,7.0,0.0,,0.0,0.0,0.0,0.0,0.0,0.0,0.0,4.0,8.0,368.0,99.0,83.0,23.0,7.0,13.0,42.0,64.0,34.0,54.0,45.0,51.0,270.0,265.0,14.0,16.8,23.3,27.7,11.6,13.0,19.5,22.1,97.9,68.5,97.9,72.7,86.7,59.4,86.7,61.5,14.0,16.8,23.3,27.7,11.6,13.0,19.5,22.1,"(CONTRACTS OF 37,500 POUNDS)",A50,FutOnly
raw_cot_data/disaggregated_futures_only/fut_disagg_xls_hist_2006_2016/F_DisAgg06_15.xls,disaggregated_futures_only,fut_disagg_xls_hist_2006_2016,COFFEE C - ICE FUTURES U.S.,150818,2015-08-18,083731,ICUS,1,83,169434,56861,84619,27372,7148,7466,33169,29091,14031,8604,6606,12811,160314,161772,9120,7662,20498,7450,13659,2300,3423,1,7996,619,0,1441,1822,3,19191,19527,1307,971,148936,49411,70960,25240,3893,7297,29662,32961,9542,9193,6814,10778,141123,142245,7813,6691,-19764.0,-6959.0,5478.0,-768.0,-3482.0,-379.0,-110.0,-11344.0,-4588.0,-1488.0,-15.0,-2504.0,-16796.0,-16834.0,-2968.0,-2930.0,100,33.6,49.9,16.2,4.2,4.4,19.6,17.2,8.3,5.1,3.9,7.6,94.6,95.5,5.4,4.5,100,36.3,66.6,11.2,16.7,0.0,39.0,3.0,0.0,7.0,8.9,0.0,93.6,95.3,6.4,4.7,100,33.2,47.6,16.9,2.6,4.9,19.9,22.1,6.4,6.2,4.6,7.2,94.8,95.5,5.2,4.5,370,101.0,94.0,22.0,7.0,15.0,59.0,51.0,36.0,50.0,43.0,57.0,292,266,146.0,46.0,46.0,6.0,4.0,,10.0,5.0,0.0,19.0,16.0,,83.0,73.0,361.0,96.0,86.0,21.0,8.0,12.0,56.0,51.0,34.0,51.0,47.0,50.0,276.0,250.0,14.8,16.9,24.3,28.6,11.3,13.3,18.5,22.2,41.1,62.3,59.4,79.8,41.1,62.2,58.5,78.1,16.6,16.2,26.7,28.0,13.1,14.8,21.6,23.5,"(CONTRACTS OF 37,500 POUNDS)",A50,FutOnly
raw_cot_data/disaggregated_futures_only/fut_disagg_xls_hist_2006_2016/F_DisAgg06_15.xls,disaggregated_futures_only,fut_disagg_xls_hist_2006_2016,COFFEE C - ICE FUTURES U.S.,150811,2015-08-11,083731,ICUS,1,83,189198,63820,79141,28140,10630,7845,33279,40435,18619,10092,6621,15315,177110,178606,12088,10592,58585,10556,24440,10434,7261,2,25021,15735,327,7496,6304,105,53941,54174,4644,4411,130613,53264,54701,19488,5151,6061,18231,34673,8319,9070,6791,8736,123169,124432,7444,6181,-5839.0,-8283.0,3249.0,-287.0,-424.0,1767.0,1352.0,-10406.0,-537.0,-783.0,-492.0,-611.0,-7382.0,-7454.0,1543.0,1615.0,100,33.7,41.8,14.9,5.6,4.1,17.6,21.4,9.8,5.3,3.5,8.1,93.6,94.4,6.4,5.6,100,18.0,41.7,17.8,12.4,0.0,42.7,26.9,0.6,12.8,10.8,0.2,92.1,92.5,7.9,7.5,100,40.8,41.9,14.9,3.9,4.6,14.0,26.5,6.4,6.9,5.2,6.7,94.3,95.3,5.7,4.7,376,101.0,92.0,23.0,9.0,14.0,49.0,55.0,46.0,64.0,38.0,69.0,309,275,305.0,53.0,62.0,21.0,9.0,,44.0,33.0,8.0,57.0,37.0,,184.0,143.0,324.0,91.0,76.0,18.0,10.0,11.0,35.0,47.0,29.0,51.0,44.0,41.0,240.0,223.0,13.8,15.3,22.9,25.9,11.4,11.5,19.0,20.8,18.3,29.1,28.8,41.8,18.3,29.0,28.8,41.6,18.5,17.5,28.4,27.8,14.8,16.7,23.4,25.4,"(CONTRACTS OF 37,500 POUNDS)",A50,FutOnly
raw_cot_data/disaggregated_futures_only/fut_disagg_xls_hist_2006_2016/F_DisAgg06_15.xls,disaggregated_futures_only,fut_disagg_xls_hist_2006_2016,COFFEE C - ICE FUTURES U.S.,150804,2015-08-04,083731,ICUS,1,83,195037,72103,75892,28427,11054,6078,31927,50841,19156,10875,7113,15926,184492,186060,10545,8977,89425,18013,24476,16353,9218,2,35019,39891,2086,12438,8451,10,83921,84134,5504,5291,105612,54090,51416,14511,4273,3639,10840,24882,3138,8225,8450,6128,100571,101926,5041,3686,52.0,-1810.0,2292.0,-867.0,-1723.0,218.0,927.0,-2946.0,-442.0,71.0,-206.0,2904.0,1001.0,97.0,-949.0,-45.0,100,37.0,38.9,14.6,5.7,3.1,16.4,26.1,9.8,5.6,3.6,8.2,94.6,95.4,5.4,4.6,100,20.1,27.4,18.3,10.3,0.0,39.2,44.6,2.3,13.9,9.5,0.0,93.8,94.1,6.2,5.9,100,51.2,48.7,13.7,4.0,3.4,10.3,23.6,3.0,7.8,8.0,5.8,95.2,96.5,4.8,3.5,383,110.0,94.0,21.0,10.0,14.0,44.0,67.0,48.0,64.0,36.0,65.0,308,286,346.0,59.0,65.0,19.0,11.0,,47.0,59.0,13.0,63.0,37.0,,198.0,177.0,303.0,100.0,75.0,19.0,8.0,10.0,26.0,39.0,22.0,49.0,41.0,34.0,233.0,196.0,13.7,14.1,23.2,24.9,11.5,11.5,19.8,20.7,19.2,23.6,31.8,35.9,19.2,22.3,31.1,34.7,20.0,19.6,29.9,33.1,15.4,19.0,24.2,29.3,"(CONTRACTS OF 37,500 POUNDS)",A50,FutOnly
raw_cot_data/disaggregated_futures_only/fut_disagg_xls_hist_2006_2016/F_DisAgg06_15.xls,disaggregated_futures_only,fut_disagg_xls_hist_2006_2016,COFFEE C - ICE FUTURES U.S.,150728,2015-07-28,083731,ICUS,1,83,194985,73913,73600,29294,12777,5860,31000,53787,19598,10804,7319,13022,183491,185963,11494,9022,95827,19703,23571,18364,10780,32,35925,40636,5187,10346,9585,229,89786,90020,6041,5807,99158,54210,50029,13266,4333,3492,6488,24564,2998,7764,5040,5487,93705,95943,5453,3215,9474.0,5647.0,1756.0,122.0,-987.0,604.0,-61.0,5128.0,1589.0,741.0,1064.0,401.0,9043.0,9555.0,431.0,-81.0,100,37.9,37.7,15.0,6.6,3.0,15.9,27.6,10.1,5.5,3.8,6.7,94.1,95.4,5.9,4.6,100,20.6,24.6,19.2,11.2,0.0,37.5,42.4,5.4,10.8,10.0,0.2,93.7,93.9,6.3,6.1,100,54.7,50.5,13.4,4.4,3.5,6.5,24.8,3.0,7.8,5.1,5.5,94.5,96.8,5.5,3.2,383,109.0,90.0,21.0,12.0,13.0,41.0,76.0,43.0,60.0,39.0,53.0,292,281,348.0,62.0,62.0,19.0,12.0,,45.0,66.0,13.0,58.0,38.0,,194.0,183.0,280.0,98.0,76.0,19.0,9.0,9.0,18.0,39.0,19.0,44.0,31.0,28.0,213.0,185.0,14.0,13.5,23.9,24.5,11.9,11.8,20.5,21.0,19.3,21.6,32.3,33.1,18.8,18.2,29.4,28.8,20.9,20.8,31.3,34.4,15.9,20.4,25.3,31.1,"(CONTRACTS OF 37,500 POUNDS)",A50,FutOnly
raw_cot_data/disaggregated_futures_only/fut_disagg_xls_hist_2006_2016/F_DisAgg06_15.xls,disaggregated_futures_only,fut_disagg_xls_hist_2006_2016,COFFEE C - ICE FUTURES U.S.,150721,2015-07-21,083731,ICUS,1,83,185511,68266,71844,29172,13764,5256,31061,48659,18009,10063,6255,12621,174448,176408,11063,9103,98794,21156,24672,19124,11125,7,34593,40602,7193,10215,8859,187,92475,92645,6319,6149,86717,47110,47172,11993,4584,3304,4968,16557,2316,6132,3680,6150,81973,83763,4744,2954,2807.0,640.0,186.0,-255.0,58.0,-32.0,1191.0,1000.0,1406.0,153.0,177.0,54.0,3157.0,2849.0,-350.0,-42.0,100,36.8,38.7,15.7,7.4,2.8,16.7,26.2,9.7,5.4,3.4,6.8,94.0,95.1,6.0,4.9,100,21.4,25.0,19.4,11.3,0.0,35.0,41.1,7.3,10.3,9.0,0.2,93.6,93.8,6.4,6.2,100,54.3,54.4,13.8,5.3,3.8,5.7,19.1,2.7,7.1,4.2,7.1,94.5,96.6,5.5,3.4,361,107.0,91.0,21.0,11.0,13.0,39.0,67.0,40.0,55.0,33.0,53.0,282,265,338.0,63.0,67.0,20.0,10.0,,44.0,58.0,13.0,57.0,33.0,,190.0,177.0,266.0,96.0,76.0,18.0,10.0,10.0,14.0,39.0,18.0,38.0,30.0,27.0,204.0,179.0,14.1,14.4,24.1,25.6,12.1,12.2,20.9,21.9,18.1,23.2,31.7,34.8,17.4,18.3,29.2,28.9,19.7,19.6,31.2,34.3,15.7,18.2,25.2,28.4,"(CONTRACTS OF 37,500 POUNDS)",A50,FutOnly
raw_cot_data/disaggregated_futures_only/fut_disagg_xls_hist_2006_2016/F_DisAgg06_15.xls,disaggregated_futures_only,fut_disagg_xls_hist_2006_2016,COFFEE C - ICE FUTURES U.S.,150714,2015-07-14,083731,ICUS,1,83,182704,67626,71658,29427,13706,5288,29870,47659,16603,9910,6078,12567,171291,173559,11413,9145,99502,22028,25679,19992,11036,7,33001,40438,6981,10722,8989,182,92913,93312,6589,6190,83202,45598,45979,11493,4728,3223,4366,14718,2125,6439,4340,5134,78378,80247,4824,2955,-2710.0,-1129.0,677.0,95.0,61.0,-34.0,1503.0,-2789.0,-407.0,-1052.0,283.0,-525.0,-1549.0,-2734.0,-1161.0,24.0,100,37.0,39.2,16.1,7.5,2.9,16.3,26.1,9.1,5.4,3.3,6.9,93.8,95.0,6.2,5.0,100,22.1,25.8,20.1,11.1,0.0,33.2,40.6,7.0,10.8,9.0,0.2,93.4,93.8,6.6,6.2,100,54.8,55.3,13.8,5.7,3.9,5.2,17.7,2.6,7.7,5.2,6.2,94.2,96.4,5.8,3.6,357,103.0,91.0,22.0,10.0,14.0,41.0,63.0,38.0,55.0,33.0,53.0,279,261,335.0,66.0,65.0,22.0,9.0,,44.0,55.0,15.0,52.0,38.0,,191.0,177.0,258.0,92.0,73.0,17.0,10.0,12.0,12.0,37.0,16.0,42.0,25.0,27.0,198.0,172.0,13.9,15.0,23.5,26.6,11.8,12.8,20.3,22.9,16.8,23.9,30.5,35.7,16.3,18.9,27.8,30.3,19.3,20.6,30.8,35.1,15.9,19.1,25.1,29.7,"(CONTRACTS OF 37,500 POUNDS)",A50,FutOnly
raw_cot_data/disaggregated_futures_only/fut_disagg_xls_hist_2006_2016/F_DisAgg06_15.xls,disaggregated_futures_only,fut_disagg_xls_hist_2006_2016,COFFEE C - ICE FUTURES U.S.,150707,2015-07-07,083731,ICUS,1,83,185414,68755,70981,29332,13645,5322,28367,50448,17010,10962,5795,13092,172840,176293,12574,9121,103245,24600,26047,18504,11342,36,31790,44396,6881,13228,7811,187,95226,96700,8019,6545,82169,44155,44934,13061,4536,3053,4464,13939,2242,5519,5769,5120,77614,79593,4555,2576,11032.0,5744.0,-4879.0,360.0,2243.0,650.0,-1789.0,8503.0,427.0,272.0,617.0,3220.0,8884.0,10781.0,2148.0,251.0,100,37.1,38.3,15.8,7.4,2.9,15.3,27.2,9.2,5.9,3.1,7.1,93.2,95.1,6.8,4.9,100,23.8,25.2,17.9,11.0,0.0,30.8,43.0,6.7,12.8,7.6,0.2,92.2,93.7,7.8,6.3,100,53.7,54.7,15.9,5.5,3.7,5.4,17.0,2.7,6.7,7.0,6.2,94.5,96.9,5.5,3.1,377,103.0,89.0,21.0,11.0,14.0,38.0,73.0,31.0,64.0,34.0,61.0,285,274,354.0,66.0,67.0,21.0,10.0,,41.0,66.0,12.0,68.0,33.0,,202.0,184.0,264.0,91.0,67.0,18.0,10.0,10.0,13.0,34.0,14.0,39.0,35.0,26.0,194.0,170.0,13.6,14.9,23.4,26.0,12.0,12.3,20.7,22.1,16.2,22.4,28.6,35.2,15.2,17.2,26.1,29.8,19.3,21.1,31.2,34.6,16.5,19.4,26.0,30.1,"(CONTRACTS OF 37,500 POUNDS)",A50,FutOnly
raw_cot_data/disaggregated_futures_only/fut_disagg_xls_hist_2006_2016/F_DisAgg06_15.xls,disaggregated_futures_only,fut_disagg_xls_hist_2006_2016,COFFEE C - ICE FUTURES U.S.,150630,2015-06-30,083731,ICUS,1,83,174382,63011,75860,28972,11402,4672,30156,41945,16583,10690,5178,9872,163956,165512,10426,8870,97551,21055,32532,18246,8590,18,33897,36297,6623,10922,7285,192,90953,91537,6598,6014,76831,41956,43328,12691,4777,2689,4637,14026,1582,5319,3444,4129,73003,73975,3828,2856,-6970.0,-6648.0,-3614.0,52.0,-1511.0,42.0,-1987.0,-3719.0,1349.0,223.0,-177.0,-340.0,-7309.0,-7970.0,339.0,1000.0,100,36.1,43.5,16.6,6.5,2.7,17.3,24.1,9.5,6.1,3.0,5.7,94.0,94.9,6.0,5.1,100,21.6,33.3,18.7,8.8,0.0,34.7,37.2,6.8,11.2,7.5,0.2,93.2,93.8,6.8,6.2,100,54.6,56.4,16.5,6.2,3.5,6.0,18.3,2.1,6.9,4.5,5.4,95.0,96.3,5.0,3.7,366,102.0,90.0,20.0,11.0,12.0,44.0,61.0,33.0,57.0,40.0,56.0,284,258,346.0,63.0,72.0,22.0,9.0,,48.0,52.0,16.0,61.0,38.0,,200.0,183.0,258.0,90.0,68.0,17.0,10.0,9.0,17.0,29.0,11.0,38.0,33.0,26.0,190.0,163.0,13.0,15.0,22.6,27.2,11.3,13.1,19.4,23.4,16.2,22.3,28.9,33.3,15.3,18.0,26.1,27.9,19.4,22.0,31.7,34.4,16.8,20.2,26.5,30.6,"(CONTRACTS OF 37,500 POUNDS)",A50,FutOnly
raw_cot_data/disaggregated_futures_only/fut_disagg_xls_hist_2006_2016/F_DisAgg06_15.xls,disaggregated_futures_only,fut_disagg_xls_hist_2006_2016,COFFEE C - ICE FUTURES U.S.,150623,2015-06-23,083731,ICUS,1,83,181352,69659,79474,28920,12913,4630,32143,45664,15234,10467,5355,10212,171265,173482,10087,7870,107792,29869,37058,18763,11062,33,34706,39721,6650,11009,7240,204,101234,101968,6558,5824,73560,39790,42416,11993,3687,2761,4480,12986,1541,4811,3468,4655,70031,71514,3529,2046,1000.0,6030.0,3164.0,319.0,-110.0,-344.0,1125.0,6227.0,-2585.0,307.0,-747.0,-3290.0,1562.0,2315.0,-562.0,-1315.0,100,38.4,43.8,15.9,7.1,2.6,17.7,25.2,8.4,5.8,3.0,5.6,94.4,95.7,5.6,4.3,100,27.7,34.4,17.4,10.3,0.0,32.2,36.8,6.2,10.2,6.7,0.2,93.9,94.6,6.1,5.4,100,54.1,57.7,16.3,5.0,3.8,6.1,17.7,2.1,6.5,4.7,6.3,95.2,97.2,4.8,2.8,364,102.0,91.0,19.0,11.0,13.0,47.0,60.0,32.0,59.0,36.0,56.0,282,259,344.0,68.0,71.0,20.0,10.0,,49.0,52.0,16.0,61.0,35.0,4.0,205.0,182.0,250.0,88.0,67.0,17.0,9.0,9.0,18.0,28.0,9.0,36.0,32.0,24.0,185.0,157.0,12.7,16.2,22.5,28.1,10.7,13.6,19.1,24.1,14.6,22.5,27.0,36.0,13.9,19.7,24.5,31.4,18.9,22.8,31.4,35.8,16.3,21.2,25.9,32.2,"(CONTRACTS OF 37,500 POUNDS)",A50,FutOnly
raw_cot_data/disaggregated_futures_only/fut_disagg_xls_hist_2006_2016/F_DisAgg06_15.xls,disaggregated_futures_only,fut_disagg_xls_hist_2006_2016,COFFEE C - ICE FUTURES U.S.,150616,2015-06-16,083731,ICUS,1,83,180352,63629,76310,28601,13023,4974,31018,39437,17819,10160,6102,13502,169703,171167,10649,9185,112242,26342,37962,19262,11490,911,33523,33317,9902,10629,6938,4563,105132,105083,7110,7159,68110,37287,38348,10927,3121,2475,4158,12783,1254,4313,3946,4157,64571,66084,3539,2026,-8884.0,-2816.0,-4226.0,1963.0,474.0,-2530.0,-280.0,2169.0,-3484.0,-1076.0,384.0,-1185.0,-9408.0,-8398.0,524.0,-486.0,100,35.3,42.3,15.9,7.2,2.8,17.2,21.9,9.9,5.6,3.4,7.5,94.1,94.9,5.9,5.1,100,23.5,33.8,17.2,10.2,0.8,29.9,29.7,8.8,9.5,6.2,4.1,93.7,93.6,6.3,6.4,100,54.7,56.3,16.0,4.6,3.6,6.1,18.8,1.8,6.3,5.8,6.1,94.8,97.0,5.2,3.0,361,103.0,90.0,20.0,11.0,12.0,41.0,62.0,34.0,58.0,36.0,57.0,281,261,344.0,77.0,72.0,22.0,9.0,5.0,45.0,54.0,24.0,63.0,35.0,19.0,223.0,203.0,236.0,85.0,65.0,16.0,9.0,7.0,13.0,26.0,8.0,32.0,30.0,25.0,176.0,148.0,12.7,14.2,22.3,25.3,10.3,13.3,18.6,23.4,14.5,18.0,26.7,30.1,12.6,16.5,22.7,26.7,18.7,23.9,30.3,37.4,17.0,21.9,25.6,32.8,"(CONTRACTS OF 37,500 POUNDS)",A50,FutOnly
raw_cot_data/disaggregated_futures_only/fut_disagg_xls_hist_2006_2016/F_DisAgg06_15.xls,disaggregated_futures_only,fut_disagg_xls_hist_2006_2016,COFFEE C - ICE FUTURES U.S.,150609,2015-06-09,083731,ICUS,1,83,189236,66445,80536,26638,12549,7504,31298,37268,21303,11236,5718,14687,179111,179565,10125,9671,124250,29987,40799,18455,10976,3258,34093,33178,13606,11000,7561,6859,117258,116237,6992,8013,64986,36458,39737,10036,3426,2393,3649,10534,1253,4396,2317,3668,61853,63328,3133,1658,-5486.0,-5503.0,4054.0,-389.0,-77.0,1177.0,1.0,-11590.0,-71.0,-1319.0,-6.0,630.0,-5474.0,-5883.0,-12.0,397.0,100,35.1,42.6,14.1,6.6,4.0,16.5,19.7,11.3,5.9,3.0,7.8,94.6,94.9,5.4,5.1,100,24.1,32.8,14.9,8.8,2.6,27.4,26.7,11.0,8.9,6.1,5.5,94.4,93.6,5.6,6.4,100,56.1,61.1,15.4,5.3,3.7,5.6,16.2,1.9,6.8,3.6,5.6,95.2,97.4,4.8,2.6,366,100.0,88.0,17.0,12.0,13.0,45.0,57.0,40.0,53.0,44.0,73.0,295,272,355.0,83.0,72.0,18.0,11.0,7.0,49.0,52.0,26.0,55.0,46.0,44.0,248.0,226.0,226.0,83.0,61.0,16.0,9.0,7.0,13.0,21.0,7.0,33.0,23.0,26.0,175.0,134.0,13.0,13.6,22.1,23.8,10.0,12.7,18.2,22.2,15.1,15.7,26.1,27.5,12.5,15.4,21.4,24.2,18.3,25.2,30.3,40.5,16.5,22.9,25.5,33.6,"(CONTRACTS OF 37,500 POUNDS)",A50,FutOnly
raw_cot_data/disaggregated_futures_only/fut_disagg_xls_hist_2006_2016/F_DisAgg06_15.xls,disaggregated_futures_only,fut_disagg_xls_hist_2006_2016,COFFEE C - ICE FUTURES U.S.,150602,2015-06-02,083731,ICUS,1,83,194722,71948,76482,27027,12626,6327,31297,48858,21374,12555,5724,14057,184585,185448,10137,9274,132138,36402,36879,20728,11765,2034,33915,46017,13264,12186,7911,6305,124834,124175,7304,7963,62584,35546,39603,7910,2472,2682,3793,9252,1699,4783,2227,3338,59751,61273,2833,1311,-456.0,-2176.0,-697.0,300.0,49.0,1172.0,127.0,-1477.0,1780.0,-291.0,-771.0,-803.0,109.0,-747.0,-565.0,291.0,100,36.9,39.3,13.9,6.5,3.2,16.1,25.1,11.0,6.4,2.9,7.2,94.8,95.2,5.2,4.8,100,27.5,27.9,15.7,8.9,1.5,25.7,34.8,10.0,9.2,6.0,4.8,94.5,94.0,5.5,6.0,100,56.8,63.3,12.6,3.9,4.3,6.1,14.8,2.7,7.6,3.6,5.3,95.5,97.9,4.5,2.1,382,104.0,86.0,17.0,11.0,12.0,44.0,68.0,47.0,64.0,39.0,66.0,306,277,371.0,89.0,71.0,17.0,11.0,6.0,49.0,65.0,32.0,65.0,41.0,36.0,263.0,228.0,227.0,83.0,60.0,14.0,10.0,7.0,17.0,21.0,8.0,36.0,23.0,29.0,180.0,136.0,13.2,13.8,21.7,24.2,10.1,12.6,18.2,22.3,15.2,16.8,26.5,29.4,13.6,15.6,23.2,26.0,18.0,25.9,30.1,41.7,16.6,23.6,26.1,34.1,"(CONTRACTS OF 37,500 POUNDS)",A50,FutOnly
raw_cot_data/disaggregated_futures_only/fut_disagg_xls_hist_2006_2016/F_DisAgg06_15.xls,disaggregated_futures_only,fut_disagg_xls_hist_2006_2016,COFFEE C - ICE FUTURES U.S.,150526,2015-05-26,083731,ICUS,1,83,195178,74124,77179,26727,12577,5155,31170,50335,19594,12846,6495,14860,184476,186195,10702,8983,132257,38353,37019,20652,11858,1364,33343,48597,11172,14032,9346,5198,124114,124554,8143,7703,62921,35771,40160,7455,2099,2411,4704,8615,1545,5492,3827,2984,60362,61641,2559,1280,10704.0,5688.0,-8461.0,250.0,639.0,401.0,-805.0,13697.0,1905.0,1098.0,313.0,1472.0,10009.0,9966.0,695.0,738.0,100,38.0,39.5,13.7,6.4,2.6,16.0,25.8,10.0,6.6,3.3,7.6,94.5,95.4,5.5,4.6,100,29.0,28.0,15.6,9.0,1.0,25.2,36.7,8.4,10.6,7.1,3.9,93.8,94.2,6.2,5.8,100,56.9,63.8,11.8,3.3,3.8,7.5,13.7,2.5,8.7,6.1,4.7,95.9,98.0,4.1,2.0,392,105.0,90.0,17.0,11.0,12.0,41.0,72.0,46.0,69.0,41.0,65.0,307,286,378.0,92.0,77.0,18.0,10.0,6.0,44.0,69.0,30.0,72.0,43.0,38.0,268.0,236.0,227.0,86.0,59.0,14.0,10.0,7.0,17.0,15.0,8.0,33.0,31.0,25.0,176.0,136.0,13.4,13.5,21.9,23.7,10.6,12.1,18.9,21.9,15.7,15.8,27.1,28.4,13.8,14.6,24.6,25.6,17.0,25.9,29.8,41.9,16.3,23.6,25.8,34.7,"(CONTRACTS OF 37,500 POUNDS)",A50,FutOnly
raw_cot_data/disaggregated_futures_only/fut_disagg_xls_hist_2006_2016/F_DisAgg06_15.xls,disaggregated_futures_only,fut_disagg_xls_hist_2006_2016,COFFEE C - ICE FUTURES U.S.,150519,2015-05-19,083731,ICUS,1,83,184474,68436,85640,26477,11938,4754,31975,36638,17689,11748,6182,13388,174467,176229,10007,8245,127512,37107,49305,20389,10810,2008,33842,34813,9986,11964,8975,4639,119935,120536,7577,6976,56962,31329,36335,7181,2221,1653,4175,7867,1661,5021,2444,3512,54532,55693,2430,1269,-3843.0,-4118.0,3470.0,1131.0,-20.0,-8.0,-881.0,-6982.0,-412.0,297.0,252.0,-929.0,-4920.0,-4629.0,1077.0,786.0,100,37.1,46.4,14.4,6.5,2.6,17.3,19.9,9.6,6.4,3.4,7.3,94.6,95.5,5.4,4.5,100,29.1,38.7,16.0,8.5,1.6,26.5,27.3,7.8,9.4,7.0,3.6,94.1,94.5,5.9,5.5,100,55.0,63.8,12.6,3.9,2.9,7.3,13.8,2.9,8.8,4.3,6.2,95.7,97.8,4.3,2.2,364,101.0,91.0,18.0,9.0,12.0,49.0,53.0,44.0,60.0,37.0,59.0,294,260,353.0,85.0,80.0,16.0,11.0,6.0,50.0,53.0,29.0,60.0,41.0,34.0,254.0,216.0,219.0,84.0,60.0,15.0,10.0,7.0,14.0,15.0,9.0,35.0,24.0,22.0,170.0,132.0,13.7,15.0,22.4,25.9,10.1,13.4,18.7,23.5,16.4,15.7,27.8,28.8,12.9,14.8,23.8,25.5,18.4,26.2,30.1,41.9,16.7,23.6,26.9,35.4,"(CONTRACTS OF 37,500 POUNDS)",A50,FutOnly
raw_cot_data/disaggregated_futures_only/fut_disagg_xls_hist_2006_2016/F_DisAgg06_15.xls,disaggregated_futures_only,fut_disagg_xls_hist_2006_2016,COFFEE C - ICE FUTURES U.S.,150512,2015-05-12,083731,ICUS,1,83,188317,72554,82170,25346,11958,4762,32856,43620,18101,11451,5930,14317,179387,180858,8930,7459,133010,42433,46691,17974,11010,2611,34109,41173,11948,12421,8493,5011,126507,126937,6503,6073,55307,30121,35479,8151,1727,1372,3009,6709,1891,4834,3241,3502,52880,53921,2427,1386,-2196.0,954.0,-549.0,2.0,105.0,-2164.0,-2294.0,216.0,995.0,486.0,-344.0,-393.0,-2414.0,-2134.0,218.0,-62.0,100,38.5,43.6,13.5,6.3,2.5,17.4,23.2,9.6,6.1,3.1,7.6,95.3,96.0,4.7,4.0,100,31.9,35.1,13.5,8.3,2.0,25.6,31.0,9.0,9.3,6.4,3.8,95.1,95.4,4.9,4.6,100,54.5,64.1,14.7,3.1,2.5,5.4,12.1,3.4,8.7,5.9,6.3,95.6,97.5,4.4,2.5,367,105.0,88.0,18.0,9.0,13.0,44.0,63.0,42.0,56.0,40.0,58.0,290,266,358.0,91.0,77.0,17.0,11.0,7.0,44.0,62.0,29.0,61.0,43.0,34.0,254.0,225.0,212.0,84.0,56.0,16.0,9.0,6.0,15.0,12.0,8.0,35.0,23.0,20.0,168.0,121.0,13.9,15.3,22.9,25.9,10.4,12.8,19.1,22.6,17.1,15.4,28.3,28.9,14.3,14.4,24.6,25.5,17.5,27.1,28.5,43.6,16.9,24.7,26.0,36.9,"(CONTRACTS OF 37,500 POUNDS)",A50,FutOnly
raw_cot_data/disaggregated_futures_only/fut_disagg_xls_hist_2006_2016/F_DisAgg06_15.xls,disaggregated_futures_only,fut_disagg_xls_hist_2006_2016,COFFEE C - ICE FUTURES U.S.,150505,2015-05-05,083731,ICUS,1,83,190513,71600,82719,25344,11853,6926,35150,43404,17106,10965,6274,14710,181801,182992,8712,7521,137957,44393,48290,16023,11654,4336,36021,41221,10846,11626,7069,8231,131476,131647,6481,6310,52556,27207,34429,10571,1449,1340,3311,6365,2078,2971,2837,2847,50325,51345,2231,1211,4027.0,-680.0,-1842.0,604.0,-461.0,729.0,-1670.0,1026.0,2419.0,906.0,411.0,723.0,3031.0,3005.0,996.0,1022.0,100,37.6,43.4,13.3,6.2,3.6,18.5,22.8,9.0,5.8,3.3,7.7,95.4,96.1,4.6,3.9,100,32.2,35.0,11.6,8.4,3.1,26.1,29.9,7.9,8.4,5.1,6.0,95.3,95.4,4.7,4.6,100,51.8,65.5,20.1,2.8,2.5,6.3,12.1,4.0,5.7,5.4,5.4,95.8,97.7,4.2,2.3,364,102.0,88.0,21.0,9.0,13.0,45.0,62.0,41.0,55.0,39.0,54.0,283,264,353.0,94.0,79.0,20.0,11.0,7.0,43.0,63.0,28.0,58.0,40.0,35.0,256.0,225.0,204.0,81.0,56.0,15.0,9.0,7.0,16.0,10.0,9.0,34.0,20.0,19.0,167.0,115.0,13.9,16.0,23.1,26.3,10.4,13.0,19.1,22.4,16.3,14.9,27.1,27.5,14.3,13.9,24.1,24.7,20.3,29.5,32.7,45.6,20.1,26.3,29.9,39.4,"(CONTRACTS OF 37,500 POUNDS)",A50,FutOnly
raw_cot_data/disaggregated_futures_only/fut_disagg_xls_hist_2006_2016/F_DisAgg06_15.xls,disaggregated_futures_only,fut_disagg_xls_hist_2006_2016,COFFEE C - ICE FUTURES U.S.,150428,2015-04-28,083731,ICUS,1,83,186486,72280,84561,24740,12314,6197,36820,42378,14687,10059,5863,13987,178770,179987,7716,6499,136223,45568,51807,16024,11823,3638,37602,40535,9001,10976,6314,7842,130651,130960,5572,5263,50263,26712,32754,9837,1612,1438,3216,5841,1688,2340,2806,2888,48119,49027,2144,1236,7744.0,-2552.0,-3147.0,50.0,-590.0,2797.0,460.0,1685.0,795.0,451.0,-374.0,3259.0,5260.0,4425.0,2484.0,3319.0,100,38.8,45.3,13.3,6.6,3.3,19.7,22.7,7.9,5.4,3.1,7.5,95.9,96.5,4.1,3.5,100,33.5,38.0,11.8,8.7,2.7,27.6,29.8,6.6,8.1,4.6,5.8,95.9,96.1,4.1,3.9,100,53.1,65.2,19.6,3.2,2.9,6.4,11.6,3.4,4.7,5.6,5.7,95.7,97.5,4.3,2.5,356,104.0,87.0,19.0,9.0,12.0,51.0,53.0,33.0,54.0,34.0,55.0,281,250,345.0,93.0,76.0,18.0,11.0,6.0,50.0,53.0,22.0,58.0,35.0,37.0,251.0,212.0,202.0,83.0,56.0,14.0,9.0,7.0,16.0,11.0,7.0,30.0,22.0,21.0,167.0,114.0,14.0,16.5,23.6,27.1,10.5,13.5,19.5,23.3,16.5,15.2,27.2,28.1,14.2,14.3,24.0,24.8,21.1,31.2,33.9,45.2,20.8,27.9,31.1,39.5,"(CONTRACTS OF 37,500 POUNDS)",A50,FutOnly
raw_cot_data/disaggregated_futures_only/fut_disagg_xls_hist_2006_2016/F_DisAgg06_15.xls,disaggregated_futures_only,fut_disagg_xls_hist_2006_2016,COFFEE C - ICE FUTURES U.S.,150421,2015-04-21,083731,ICUS,1,83,178742,74832,87708,24690,12904,3400,36360,40693,13892,9608,6237,10728,173510,175562,5232,3180,132791,48599,57080,20030,12363,935,37616,39130,8049,9342,8019,4808,129379,130384,3412,2407,45951,26233,30628,5754,1635,1371,3390,6209,1197,3434,1386,2752,44131,45178,1820,773,-11599.0,-8208.0,-3387.0,273.0,35.0,-1742.0,2269.0,-2101.0,-1641.0,-330.0,-337.0,-1009.0,-10388.0,-10182.0,-1211.0,-1417.0,100,41.9,49.1,13.8,7.2,1.9,20.3,22.8,7.8,5.4,3.5,6.0,97.1,98.2,2.9,1.8,100,36.6,43.0,15.1,9.3,0.7,28.3,29.5,6.1,7.0,6.0,3.6,97.4,98.2,2.6,1.8,100,57.1,66.7,12.5,3.6,3.0,7.4,13.5,2.6,7.5,3.0,6.0,96.0,98.3,4.0,1.7,354,103.0,88.0,19.0,10.0,8.0,47.0,56.0,34.0,51.0,39.0,53.0,275,250,345.0,93.0,78.0,18.0,11.0,,48.0,54.0,24.0,52.0,42.0,34.0,245.0,217.0,197.0,83.0,53.0,14.0,8.0,6.0,15.0,11.0,5.0,32.0,17.0,18.0,163.0,104.0,13.9,17.2,23.7,28.6,11.2,14.2,20.2,24.6,16.4,15.8,27.5,29.2,14.2,15.0,24.6,25.9,19.9,34.0,32.8,47.5,19.0,30.2,29.3,41.2,"(CONTRACTS OF 37,500 POUNDS)",A50,FutOnly
raw_cot_data/disaggregated_futures_only/fut_disagg_xls_hist_2006_2016/F_DisAgg06_15.xls,disaggregated_futures_only,fut_disagg_xls_hist_2006_2016,COFFEE C - ICE FUTURES U.S.,150414,2015-04-14,083731,ICUS,1,83,190341,83040,91095,24417,12869,5142,34091,42794,15533,9938,6574,11737,183898,185744,6443,4597,144443,56880,60987,20307,12246,2287,35367,42102,9452,10122,8287,5549,139964,140910,4479,3533,45898,26160,30108,5317,1830,1648,3113,5081,1692,3222,1693,2782,43934,44834,1964,1064,-8803.0,1554.0,-3858.0,1050.0,-445.0,-963.0,-418.0,2813.0,-1262.0,-2247.0,1301.0,-6208.0,-8494.0,-8622.0,-309.0,-181.0,100,43.6,47.9,12.8,6.8,2.7,17.9,22.5,8.2,5.2,3.5,6.2,96.6,97.6,3.4,2.4,100,39.4,42.2,14.1,8.5,1.6,24.5,29.1,6.5,7.0,5.7,3.8,96.9,97.6,3.1,2.4,100,57.0,65.6,11.6,4.0,3.6,6.8,11.1,3.7,7.0,3.7,6.1,95.7,97.7,4.3,2.3,344,101.0,89.0,19.0,9.0,12.0,44.0,58.0,36.0,46.0,34.0,54.0,269,257,333.0,96.0,82.0,18.0,11.0,7.0,45.0,57.0,30.0,46.0,38.0,38.0,246.0,230.0,187.0,79.0,51.0,14.0,9.0,7.0,12.0,10.0,4.0,28.0,14.0,19.0,155.0,100.0,14.8,18.3,24.4,29.1,10.9,13.5,19.7,23.5,16.9,16.8,28.0,29.2,14.1,14.2,23.5,25.0,20.2,33.7,33.3,47.1,19.4,30.0,29.7,39.9,"(CONTRACTS OF 37,500 POUNDS)",A50,FutOnly
raw_cot_data/disaggregated_futures_only/fut_disagg_xls_hist_2006_2016/F_DisAgg06_15.xls,disaggregated_futures_only,fut_disagg_xls_hist_2006_2016,COFFEE C - ICE FUTURES U.S.,150407,2015-04-07,083731,ICUS,1,83,199144,81486,94953,23367,13314,6105,34509,39981,16795,12185,5273,17945,192392,194366,6752,4778,154787,58185,67488,21445,12543,2956,35924,39208,11455,12071,9305,8428,150464,151383,4323,3404,44357,23301,27465,3162,2011,1909,2183,4371,1742,5629,1483,4002,41928,42983,2429,1374,-5139.0,757.0,6094.0,-12.0,25.0,-1439.0,-598.0,-5049.0,477.0,-586.0,-468.0,-4001.0,-5402.0,-4361.0,263.0,-778.0,100,40.9,47.7,11.7,6.7,3.1,17.3,20.1,8.4,6.1,2.6,9.0,96.6,97.6,3.4,2.4,100,37.6,43.6,13.9,8.1,1.9,23.2,25.3,7.4,7.8,6.0,5.4,97.2,97.8,2.8,2.2,100,52.5,61.9,7.1,4.5,4.3,4.9,9.9,3.9,12.7,3.3,9.0,94.5,96.9,5.5,3.1,359,104.0,90.0,19.0,10.0,12.0,49.0,52.0,40.0,55.0,32.0,66.0,292,265,346.0,95.0,82.0,18.0,11.0,8.0,50.0,52.0,34.0,53.0,35.0,50.0,265.0,237.0,188.0,81.0,53.0,11.0,10.0,5.0,10.0,10.0,4.0,30.0,13.0,22.0,154.0,105.0,15.0,19.2,23.8,29.4,9.6,12.8,17.1,22.4,16.8,17.9,27.6,29.6,11.4,13.4,20.5,23.9,22.2,34.1,36.3,47.3,21.4,30.2,32.6,39.6,"(CONTRACTS OF 37,500 POUNDS)",A50,FutOnly
raw_cot_data/disaggregated_futures_only/fut_disagg_xls_hist_2006_2016/F_DisAgg06_15.xls,disaggregated_futures_only,fut_disagg_xls_hist_2006_2016,COFFEE C - ICE FUTURES U.S.,150331,2015-03-31,083731,ICUS,1,83,204283,80729,88859,23379,13289,7544,35107,45030,16318,12771,5741,21946,197794,198727,6489,5556,160938,57802,62026,22023,12980,4360,36884,44510,10801,12918,9616,12190,156978,156483,3960,4455,43345,22927,26833,2732,1685,1808,1996,4293,1744,5538,1810,4071,40816,42244,2529,1101,5933.0,2624.0,2547.0,376.0,-147.0,2173.0,-1336.0,87.0,489.0,741.0,16.0,1307.0,6374.0,6472.0,-441.0,-539.0,100,39.5,43.5,11.4,6.5,3.7,17.2,22.0,8.0,6.3,2.8,10.7,96.8,97.3,3.2,2.7,100,35.9,38.5,13.7,8.1,2.7,22.9,27.7,6.7,8.0,6.0,7.6,97.5,97.2,2.5,2.8,100,52.9,61.9,6.3,3.9,4.2,4.6,9.9,4.0,12.8,4.2,9.4,94.2,97.5,5.8,2.5,359,102.0,83.0,20.0,9.0,12.0,43.0,57.0,40.0,56.0,37.0,64.0,283,266,344.0,95.0,74.0,19.0,10.0,9.0,44.0,57.0,32.0,53.0,42.0,48.0,258.0,234.0,179.0,75.0,53.0,11.0,10.0,5.0,5.0,10.0,5.0,27.0,15.0,21.0,142.0,106.0,13.6,16.2,22.5,26.8,9.7,12.5,17.4,22.0,14.7,15.9,24.8,27.4,11.5,13.2,20.7,23.4,22.7,33.8,36.8,46.8,21.8,29.8,32.8,39.0,"(CONTRACTS OF 37,500 POUNDS)",A50,FutOnly
raw_cot_data/disaggregated_futures_only/fut_disagg_xls_hist_2006_2016/F_DisAgg06_15.xls,disaggregated_futures_only,fut_disagg_xls_hist_2006_2016,COFFEE C - ICE FUTURES U.S.,150324,2015-03-24,083731,ICUS,1,83,198350,78105,86312,23003,13436,5371,36443,44943,15829,12030,5725,20639,191420,192255,6930,6095,157181,55474,61584,22503,13105,2001,38212,44338,10348,12451,9430,11285,152274,152091,4907,5090,41169,22631,24728,1967,1798,1903,1905,4279,1807,5507,2223,3426,39146,40164,2023,1005,2049.0,1398.0,-220.0,642.0,-296.0,-562.0,-939.0,1176.0,2042.0,-702.0,-338.0,1161.0,3040.0,2963.0,-991.0,-914.0,100,39.4,43.5,11.6,6.8,2.7,18.4,22.7,8.0,6.1,2.9,10.4,96.5,96.9,3.5,3.1,100,35.3,39.2,14.3,8.3,1.3,24.3,28.2,6.6,7.9,6.0,7.2,96.9,96.8,3.1,3.2,100,55.0,60.1,4.8,4.4,4.6,4.6,10.4,4.4,13.4,5.4,8.3,95.1,97.6,4.9,2.4,364,105.0,89.0,20.0,9.0,10.0,47.0,56.0,39.0,60.0,37.0,62.0,286,267,352.0,97.0,78.0,19.0,10.0,6.0,48.0,56.0,30.0,54.0,43.0,48.0,263.0,233.0,182.0,76.0,55.0,11.0,10.0,6.0,5.0,10.0,6.0,28.0,16.0,20.0,144.0,109.0,14.5,15.7,23.6,26.2,10.3,13.0,18.0,22.8,15.3,17.1,24.7,28.8,11.9,14.5,20.9,24.8,23.2,30.3,36.8,43.1,21.2,27.0,31.3,36.4,"(CONTRACTS OF 37,500 POUNDS)",A50,FutOnly
raw_cot_data/disaggregated_futures_only/fut_disagg_xls_hist_2006_2016/F_DisAgg06_15.xls,disaggregated_futures_only,fut_disagg_xls_hist_2006_2016,COFFEE C - ICE FUTURES U.S.,150317,2015-03-17,083731,ICUS,1,83,196301,76707,86532,22361,13732,5933,37382,43767,13787,12732,6063,19478,188380,189292,7921,7009,158582,56664,63899,22046,13459,2455,38717,42883,9111,12930,9854,10961,152884,152622,5698,5960,37719,20043,22633,1857,1815,1936,1638,3857,1703,5005,1412,3314,35496,36670,2223,1049,3472.0,3458.0,1385.0,-503.0,231.0,-439.0,-978.0,1064.0,938.0,727.0,-44.0,111.0,3314.0,3246.0,158.0,226.0,100,39.1,44.1,11.4,7.0,3.0,19.0,22.3,7.0,6.5,3.1,9.9,96.0,96.4,4.0,3.6,100,35.7,40.3,13.9,8.5,1.5,24.4,27.0,5.7,8.2,6.2,6.9,96.4,96.2,3.6,3.8,100,53.1,60.0,4.9,4.8,5.1,4.3,10.2,4.5,13.3,3.7,8.8,94.1,97.2,5.9,2.8,356,103.0,87.0,22.0,9.0,11.0,46.0,60.0,37.0,52.0,37.0,56.0,271,265,345.0,95.0,77.0,19.0,11.0,6.0,47.0,60.0,29.0,49.0,41.0,43.0,250.0,232.0,167.0,72.0,55.0,12.0,10.0,7.0,4.0,11.0,4.0,23.0,11.0,17.0,131.0,104.0,15.0,15.7,23.7,26.3,10.6,13.3,17.8,23.2,15.4,17.1,24.6,28.6,12.0,14.8,20.7,24.5,23.7,28.4,38.2,42.1,20.7,25.0,28.7,33.9,"(CONTRACTS OF 37,500 POUNDS)",A50,FutOnly
raw_cot_data/disaggregated_futures_only/fut_disagg_xls_hist_2006_2016/F_DisAgg06_15.xls,disaggregated_futures_only,fut_disagg_xls_hist_2006_2016,COFFEE C - ICE FUTURES U.S.,150310,2015-03-10,083731,ICUS,1,83,192829,73249,85147,22864,13501,6372,38360,42703,12849,12005,6107,19367,185066,186046,7763,6783,157470,55113,64318,22649,13107,2955,38999,42071,8648,12404,9710,10739,151507,151548,5963,5922,35359,18136,20829,1809,1988,1823,1864,3135,1698,4858,1654,3371,33559,34498,1800,861,7868.0,1810.0,-505.0,182.0,155.0,-2.0,2418.0,4649.0,2030.0,-806.0,-509.0,2204.0,7836.0,8022.0,32.0,-154.0,100,38.0,44.2,11.9,7.0,3.3,19.9,22.1,6.7,6.2,3.2,10.0,96.0,96.5,4.0,3.5,100,35.0,40.8,14.4,8.3,1.9,24.8,26.7,5.5,7.9,6.2,6.8,96.2,96.2,3.8,3.8,100,51.3,58.9,5.1,5.6,5.2,5.3,8.9,4.8,13.7,4.7,9.5,94.9,97.6,5.1,2.4,353,103.0,87.0,21.0,9.0,12.0,47.0,60.0,39.0,45.0,43.0,56.0,272,265,343.0,96.0,78.0,20.0,9.0,7.0,47.0,60.0,31.0,47.0,42.0,42.0,252.0,233.0,167.0,73.0,55.0,11.0,10.0,7.0,5.0,9.0,4.0,22.0,15.0,19.0,133.0,104.0,15.0,15.8,23.7,26.4,10.5,13.5,17.9,23.4,15.4,16.8,24.4,28.4,12.0,14.6,20.7,24.4,25.3,26.5,40.5,41.3,21.5,24.0,29.3,32.0,"(CONTRACTS OF 37,500 POUNDS)",A50,FutOnly
raw_cot_data/disaggregated_futures_only/fut_disagg_xls_hist_2006_2016/F_DisAgg06_15.xls,disaggregated_futures_only,fut_disagg_xls_hist_2006_2016,COFFEE C - ICE FUTURES U.S.,150303,2015-03-03,083731,ICUS,1,83,184961,71439,85652,22682,13346,6374,35942,38054,10819,12811,6616,17163,177230,178024,7731,6937,152451,54986,67951,23478,13006,2651,36293,37712,6839,13585,9665,8671,146503,146495,5948,5956,32510,16453,17701,1256,2392,1671,1995,2688,1634,4458,2183,3260,30727,31529,1783,981,11112.0,6393.0,-4067.0,-666.0,1153.0,-497.0,281.0,8760.0,1642.0,1549.0,2368.0,1699.0,10401.0,11058.0,711.0,54.0,100,38.6,46.3,12.3,7.2,3.4,19.4,20.6,5.8,6.9,3.6,9.3,95.8,96.2,4.2,3.8,100,36.1,44.6,15.4,8.5,1.7,23.8,24.7,4.5,8.9,6.3,5.7,96.1,96.1,3.9,3.9,100,50.6,54.4,3.9,7.4,5.1,6.1,8.3,5.0,13.7,6.7,10.0,94.5,97.0,5.5,3.0,355,105.0,86.0,19.0,10.0,12.0,51.0,57.0,35.0,50.0,41.0,52.0,275,257,343.0,100.0,76.0,18.0,10.0,7.0,51.0,57.0,29.0,48.0,42.0,41.0,258.0,226.0,160.0,71.0,53.0,10.0,10.0,7.0,6.0,6.0,5.0,20.0,16.0,18.0,130.0,100.0,15.0,16.5,23.8,26.9,10.2,14.2,17.6,23.6,15.6,17.4,24.6,29.1,11.8,14.6,20.8,25.1,26.2,25.4,42.5,41.1,20.5,22.4,28.5,29.4,"(CONTRACTS OF 37,500 POUNDS)",A50,FutOnly
raw_cot_data/disaggregated_futures_only/fut_disagg_xls_hist_2006_2016/F_DisAgg06_15.xls,disaggregated_futures_only,fut_disagg_xls_hist_2006_2016,COFFEE C - ICE FUTURES U.S.,150224,2015-02-24,083731,ICUS,1,83,173849,65046,89719,23348,12193,6871,35661,29294,9177,11262,4248,15464,166829,166966,7020,6883,145566,51569,75702,24482,11855,3258,36073,29007,5963,12173,7441,6686,140204,139912,5362,5654,28283,13477,14017,1006,2478,1473,1615,2314,1187,4559,2277,3308,26625,27054,1658,1229,3626.0,5738.0,-2955.0,318.0,72.0,514.0,-2010.0,5703.0,1387.0,281.0,674.0,-982.0,5246.0,4413.0,-1620.0,-787.0,100,37.4,51.6,13.4,7.0,4.0,20.5,16.9,5.3,6.5,2.4,8.9,96.0,96.0,4.0,4.0,100,35.4,52.0,16.8,8.1,2.2,24.8,19.9,4.1,8.4,5.1,4.6,96.3,96.1,3.7,3.9,100,47.7,49.6,3.6,8.8,5.2,5.7,8.2,4.2,16.1,8.1,11.7,94.1,95.7,5.9,4.3,341,107.0,91.0,19.0,10.0,12.0,54.0,48.0,28.0,45.0,35.0,49.0,267,245,333.0,102.0,80.0,18.0,10.0,7.0,54.0,49.0,23.0,47.0,37.0,36.0,253.0,213.0,155.0,67.0,55.0,10.0,10.0,6.0,6.0,6.0,4.0,15.0,19.0,16.0,119.0,100.0,13.7,17.8,23.1,28.5,10.4,14.9,17.7,24.5,14.4,18.8,24.4,30.8,11.6,16.0,20.9,27.0,29.5,24.3,46.5,40.4,21.0,19.7,28.8,27.4,"(CONTRACTS OF 37,500 POUNDS)",A50,FutOnly
raw_cot_data/disaggregated_futures_only/fut_disagg_xls_hist_2006_2016/F_DisAgg06_15.xls,disaggregated_futures_only,fut_disagg_xls_hist_2006_2016,COFFEE C - ICE FUTURES U.S.,150217,2015-02-17,083731,ICUS,1,83,170223,59308,92674,23030,12121,6357,37671,23591,7790,10981,3574,16446,161583,162553,8640,7670,144286,46497,79698,24253,11778,2951,38291,23284,5032,11865,6803,8064,136953,137610,7333,6676,25937,12811,12976,1100,2666,1083,1185,2112,953,4433,2088,3065,24630,24943,1307,994,-3698.0,2788.0,-3263.0,-2445.0,-2212.0,1397.0,-811.0,1760.0,-1702.0,-3532.0,-439.0,1195.0,-3110.0,-3264.0,-588.0,-434.0,100,34.8,54.4,13.5,7.1,3.7,22.1,13.9,4.6,6.5,2.1,9.7,94.9,95.5,5.1,4.5,100,32.2,55.2,16.8,8.2,2.0,26.5,16.1,3.5,8.2,4.7,5.6,94.9,95.4,5.1,4.6,100,49.4,50.0,4.2,10.3,4.2,4.6,8.1,3.7,17.1,8.1,11.8,95.0,96.2,5.0,3.8,337,103.0,88.0,19.0,11.0,12.0,54.0,46.0,26.0,47.0,35.0,51.0,262,243,329.0,98.0,81.0,18.0,11.0,7.0,54.0,46.0,23.0,53.0,33.0,41.0,251.0,217.0,148.0,66.0,51.0,9.0,10.0,6.0,4.0,5.0,,13.0,20.0,17.0,114.0,95.0,14.4,17.9,24.0,29.2,10.4,16.3,17.6,26.0,14.7,18.8,24.9,31.4,11.6,18.1,20.4,28.4,32.5,24.7,49.3,39.0,23.9,19.9,34.0,29.8,"(CONTRACTS OF 37,500 POUNDS)",A50,FutOnly
raw_cot_data/disaggregated_futures_only/fut_disagg_xls_hist_2006_2016/F_DisAgg06_15.xls,disaggregated_futures_only,fut_disagg_xls_hist_2006_2016,COFFEE C - ICE FUTURES U.S.,150210,2015-02-10,083731,ICUS,1,83,173921,56520,95937,25475,14333,4960,38482,21831,9492,14513,4013,15251,164693,165817,9228,8104,150672,45325,83499,26101,14479,2195,39070,21597,7112,15327,6945,7587,142717,143414,7955,7258,23249,11195,12438,1247,1727,892,1176,1998,616,4005,1887,2845,21976,22403,1273,846,6083.0,-2917.0,910.0,2599.0,1288.0,-160.0,2973.0,2209.0,-335.0,1114.0,641.0,709.0,3983.0,5262.0,2100.0,821.0,100,32.5,55.2,14.6,8.2,2.9,22.1,12.6,5.5,8.3,2.3,8.8,94.7,95.3,5.3,4.7,100,30.1,55.4,17.3,9.6,1.5,25.9,14.3,4.7,10.2,4.6,5.0,94.7,95.2,5.3,4.8,100,48.2,53.5,5.4,7.4,3.8,5.1,8.6,2.6,17.2,8.1,12.2,94.5,96.4,5.5,3.6,346,100.0,89.0,19.0,12.0,15.0,54.0,46.0,36.0,52.0,32.0,54.0,278,251,339.0,96.0,84.0,19.0,12.0,11.0,54.0,46.0,32.0,57.0,32.0,46.0,270.0,229.0,147.0,62.0,48.0,11.0,7.0,4.0,4.0,6.0,4.0,14.0,18.0,16.0,112.0,89.0,13.7,18.1,22.5,29.8,10.0,16.5,17.6,26.3,14.4,19.2,23.9,31.3,11.0,17.9,19.8,27.9,31.5,27.3,49.1,42.7,25.0,22.2,33.4,32.1,"(CONTRACTS OF 37,500 POUNDS)",A50,FutOnly
raw_cot_data/disaggregated_futures_only/fut_disagg_xls_hist_2006_2016/F_DisAgg06_15.xls,disaggregated_futures_only,fut_disagg_xls_hist_2006_2016,COFFEE C - ICE FUTURES U.S.,150203,2015-02-03,083731,ICUS,1,83,167838,59437,95027,22876,13045,5120,35509,19622,9827,13399,3372,14542,160710,160555,7128,7283,146502,49094,82851,23261,13310,2788,36074,19413,7563,14157,6633,7537,140474,140095,6028,6407,21336,10343,12176,1044,1164,903,1097,1871,602,3752,1249,2495,20236,20460,1100,876,-1763.0,-38.0,-3016.0,-130.0,-1328.0,422.0,-1026.0,2479.0,-247.0,168.0,-434.0,-260.0,-1111.0,-2384.0,-652.0,621.0,100,35.4,56.6,13.6,7.8,3.1,21.2,11.7,5.9,8.0,2.0,8.7,95.8,95.7,4.2,4.3,100,33.5,56.6,15.9,9.1,1.9,24.6,13.3,5.2,9.7,4.5,5.1,95.9,95.6,4.1,4.4,100,48.5,57.1,4.9,5.5,4.2,5.1,8.8,2.8,17.6,5.9,11.7,94.8,95.9,5.2,4.1,349,103.0,90.0,19.0,12.0,13.0,53.0,40.0,38.0,54.0,31.0,67.0,289,257,343.0,99.0,85.0,19.0,12.0,9.0,53.0,40.0,35.0,59.0,31.0,59.0,282.0,236.0,138.0,59.0,44.0,10.0,5.0,4.0,,5.0,,15.0,17.0,16.0,107.0,81.0,14.4,19.3,22.9,31.4,11.3,17.4,18.8,27.2,15.6,20.2,24.9,32.5,13.0,18.8,21.6,28.5,31.8,29.6,49.0,46.3,26.4,24.7,37.1,36.9,"(CONTRACTS OF 37,500 POUNDS)",A50,FutOnly
raw_cot_data/disaggregated_futures_only/fut_disagg_xls_hist_2006_2016/F_DisAgg06_15.xls,disaggregated_futures_only,fut_disagg_xls_hist_2006_2016,COFFEE C - ICE FUTURES U.S.,150127,2015-01-27,083731,ICUS,1,83,169601,59475,98043,23006,14373,4698,36535,17143,10074,13231,3806,14802,161821,162939,7780,6662,150177,50113,87366,23413,14516,2286,37100,16949,7790,13995,6620,8670,143367,144197,6810,5980,19424,9362,10677,918,1182,1087,1095,1854,624,3248,1198,2120,18454,18742,970,682,4979.0,1382.0,-3288.0,940.0,-36.0,-202.0,-1220.0,4106.0,1148.0,-39.0,512.0,2328.0,4337.0,4568.0,642.0,411.0,100,35.1,57.8,13.6,8.5,2.8,21.5,10.1,5.9,7.8,2.2,8.7,95.4,96.1,4.6,3.9,100,33.4,58.2,15.6,9.7,1.5,24.7,11.3,5.2,9.3,4.4,5.8,95.5,96.0,4.5,4.0,100,48.2,55.0,4.7,6.1,5.6,5.6,9.5,3.2,16.7,6.2,10.9,95.0,96.5,5.0,3.5,346,98.0,87.0,18.0,14.0,13.0,56.0,34.0,36.0,57.0,37.0,62.0,284,247,341.0,94.0,82.0,18.0,14.0,10.0,56.0,34.0,33.0,61.0,38.0,54.0,276.0,229.0,130.0,53.0,43.0,9.0,6.0,5.0,,4.0,,16.0,15.0,14.0,100.0,76.0,14.3,19.7,22.7,32.2,11.3,17.9,18.6,27.1,15.2,20.9,24.5,33.4,12.9,19.4,21.2,28.9,32.9,32.0,51.1,50.1,26.4,26.5,37.9,36.9,"(CONTRACTS OF 37,500 POUNDS)",A50,FutOnly
raw_cot_data/disaggregated_futures_only/fut_disagg_xls_hist_2006_2016/F_DisAgg06_15.xls,disaggregated_futures_only,fut_disagg_xls_hist_2006_2016,COFFEE C - ICE FUTURES U.S.,150120,2015-01-20,083731,ICUS,1,83,164622,58093,101331,22066,14409,4900,37755,13037,8926,13270,3294,12474,157484,158371,7138,6251,146066,49348,90890,21995,14552,2854,38251,12732,6728,13904,5957,6727,139807,140440,6259,5626,18556,8745,10441,917,703,1200,1089,1890,613,3185,1156,1928,17677,17931,879,625,-2276.0,1236.0,-3051.0,-2010.0,-342.0,170.0,-817.0,2088.0,-684.0,310.0,650.0,-772.0,-2567.0,-1941.0,291.0,-335.0,100,35.3,61.6,13.4,8.8,3.0,22.9,7.9,5.4,8.1,2.0,7.6,95.7,96.2,4.3,3.8,100,33.8,62.2,15.1,10.0,2.0,26.2,8.7,4.6,9.5,4.1,4.6,95.7,96.1,4.3,3.9,100,47.1,56.3,4.9,3.8,6.5,5.9,10.2,3.3,17.2,6.2,10.4,95.3,96.6,4.7,3.4,346,99.0,92.0,18.0,14.0,12.0,63.0,29.0,35.0,59.0,35.0,58.0,285,243,342.0,90.0,87.0,18.0,14.0,10.0,64.0,28.0,32.0,60.0,38.0,51.0,273.0,227.0,126.0,49.0,41.0,9.0,6.0,5.0,,4.0,,16.0,14.0,13.0,95.0,72.0,14.6,20.5,23.4,33.4,11.3,18.5,18.9,28.2,15.4,21.2,25.4,34.6,12.9,20.1,21.8,30.0,34.9,33.0,52.8,52.1,27.4,27.9,37.7,36.9,"(CONTRACTS OF 37,500 POUNDS)",A50,FutOnly
raw_cot_data/disaggregated_futures_only/fut_disagg_xls_hist_2006_2016/F_DisAgg06_15.xls,disaggregated_futures_only,fut_disagg_xls_hist_2006_2016,COFFEE C - ICE FUTURES U.S.,150113,2015-01-13,083731,ICUS,1,83,166898,56857,104382,24076,14751,4730,38572,10949,9610,12960,2644,13246,160051,160312,6847,6586,148584,48156,93993,23969,14888,2686,39121,10710,7371,13515,5345,7717,142535,142710,6049,5874,18314,8701,10389,951,707,1200,1077,1865,613,3120,974,1854,17516,17602,798,712,3016.0,4777.0,1757.0,-9367.0,307.0,1396.0,90.0,-2881.0,2050.0,2612.0,-1342.0,2271.0,3829.0,3558.0,-813.0,-542.0,100,34.1,62.5,14.4,8.8,2.8,23.1,6.6,5.8,7.8,1.6,7.9,95.9,96.1,4.1,3.9,100,32.4,63.3,16.1,10.0,1.8,26.3,7.2,5.0,9.1,3.6,5.2,95.9,96.0,4.1,4.0,100,47.5,56.7,5.2,3.9,6.6,5.9,10.2,3.3,17.0,5.3,10.1,95.6,96.1,4.4,3.9,351,99.0,95.0,18.0,14.0,12.0,63.0,30.0,32.0,64.0,32.0,61.0,289,245,348.0,92.0,91.0,18.0,14.0,10.0,63.0,30.0,29.0,65.0,35.0,52.0,279.0,229.0,126.0,51.0,43.0,9.0,6.0,5.0,,4.0,,18.0,11.0,13.0,97.0,72.0,14.1,20.9,23.1,33.6,11.3,18.9,19.1,28.6,14.9,21.6,25.0,34.8,12.9,20.5,21.8,30.4,34.5,33.3,52.1,52.1,26.9,28.2,37.4,37.5,"(CONTRACTS OF 37,500 POUNDS)",A50,FutOnly
raw_cot_data/disaggregated_futures_only/fut_disagg_xls_hist_2006_2016/F_DisAgg06_15.xls,disaggregated_futures_only,fut_disagg_xls_hist_2006_2016,COFFEE C - ICE FUTURES U.S.,150106,2015-01-06,083731,ICUS,1,83,163882,52080,102625,33443,14444,3334,38482,13830,7560,10348,3986,10975,156222,156754,7660,7128,146253,43214,92778,33313,14632,1302,39726,13622,5426,10841,6509,5791,139613,140060,6640,6193,17629,8866,9847,967,649,1195,277,1729,613,2933,903,1758,16609,16694,1020,935,4680.0,186.0,1857.0,-48.0,67.0,-165.0,1768.0,1179.0,676.0,984.0,381.0,1009.0,4410.0,5004.0,270.0,-324.0,100,31.8,62.6,20.4,8.8,2.0,23.5,8.4,4.6,6.3,2.4,6.7,95.3,95.7,4.7,4.3,100,29.5,63.4,22.8,10.0,0.9,27.2,9.3,3.7,7.4,4.5,4.0,95.5,95.8,4.5,4.2,100,50.3,55.9,5.5,3.7,6.8,1.6,9.8,3.5,16.6,5.1,10.0,94.2,94.7,5.8,5.3,341,98.0,93.0,17.0,14.0,14.0,53.0,38.0,35.0,54.0,38.0,58.0,277,250,338.0,91.0,90.0,17.0,14.0,11.0,53.0,38.0,33.0,56.0,41.0,48.0,265.0,235.0,125.0,50.0,43.0,10.0,5.0,4.0,,,,17.0,12.0,13.0,95.0,72.0,15.4,20.7,24.3,33.7,12.2,18.8,20.7,28.6,16.3,21.4,26.3,34.8,13.8,20.3,23.3,30.3,33.3,34.0,49.6,52.7,23.7,29.0,33.8,38.6,"(CONTRACTS OF 37,500 POUNDS)",A50,FutOnly
raw_cot_data/disaggregated_futures_only/fut_disagg_xls_hist_2006_2016/F_DisAgg06_15.xls,disaggregated_futures_only,fut_disagg_xls_hist_2006_2016,COFFEE C - ICE FUTURES U.S.,141230,2014-12-30,083731,ICUS,1,83,159202,51894,100768,33491,14377,3499,36714,12651,6884,9364,3605,9966,151812,151750,7390,7452,142455,43218,90898,33357,14567,1634,37586,12380,5230,9821,5982,5332,136178,136023,6277,6432,16747,8676,9870,966,642,1033,228,1371,554,2689,769,1488,15634,15727,1113,1020,2917.0,1082.0,-1614.0,126.0,42.0,431.0,-283.0,2835.0,37.0,558.0,362.0,391.0,2342.0,2484.0,575.0,433.0,100,32.6,63.3,21.0,9.0,2.2,23.1,7.9,4.3,5.9,2.3,6.3,95.4,95.3,4.6,4.7,100,30.3,63.8,23.4,10.2,1.1,26.4,8.7,3.7,6.9,4.2,3.7,95.6,95.5,4.4,4.5,100,51.8,58.9,5.8,3.8,6.2,1.4,8.2,3.3,16.1,4.6,8.9,93.4,93.9,6.6,6.1,332,100.0,97.0,17.0,14.0,14.0,54.0,35.0,31.0,45.0,37.0,51.0,269,241,330.0,94.0,95.0,17.0,14.0,11.0,54.0,36.0,29.0,46.0,41.0,42.0,259.0,228.0,124.0,51.0,43.0,10.0,5.0,4.0,,,,17.0,10.0,10.0,95.0,68.0,15.7,20.7,25.0,34.0,12.6,19.0,21.1,29.0,16.6,21.4,26.9,35.0,14.2,20.5,23.7,30.6,32.5,33.5,49.3,51.7,23.0,27.5,33.3,37.6,"(CONTRACTS OF 37,500 POUNDS)",A50,FutOnly
raw_cot_data/disaggregated_futures_only/fut_disagg_xls_hist_2006_2016/F_DisAgg06_15.xls,disaggregated_futures_only,fut_disagg_xls_hist_2006_2016,COFFEE C - ICE FUTURES U.S.,141223,2014-12-23,083731,ICUS,1,83,156285,50812,102382,33365,14335,3068,36997,9816,6847,8806,3243,9575,149470,149266,6815,7019,139871,42385,92781,33228,14514,1224,37988,9780,4976,9030,5243,5294,134125,133812,5746,6059,16414,8427,9601,949,633,1032,326,1353,554,2489,713,1568,15345,15454,1069,960,1361.0,3680.0,-2205.0,-52.0,1893.0,207.0,-3267.0,1204.0,-658.0,852.0,-216.0,711.0,1473.0,936.0,-112.0,425.0,100,32.5,65.5,21.3,9.2,2.0,23.7,6.3,4.4,5.6,2.1,6.1,95.6,95.5,4.4,4.5,100,30.3,66.3,23.8,10.4,0.9,27.2,7.0,3.6,6.5,3.7,3.8,95.9,95.7,4.1,4.3,100,51.3,58.5,5.8,3.9,6.3,2.0,8.2,3.4,15.2,4.3,9.6,93.5,94.2,6.5,5.8,334,103.0,97.0,17.0,13.0,12.0,55.0,33.0,29.0,44.0,36.0,54.0,272,240,332.0,99.0,95.0,17.0,13.0,9.0,56.0,33.0,27.0,49.0,39.0,45.0,264.0,227.0,126.0,54.0,42.0,10.0,5.0,4.0,,,,16.0,12.0,10.0,96.0,69.0,16.0,21.7,25.3,34.9,12.8,19.8,21.5,29.9,16.9,22.4,27.3,36.0,14.5,21.3,24.2,31.6,30.5,33.0,47.6,51.5,22.1,27.9,32.7,38.3,"(CONTRACTS OF 37,500 POUNDS)",A50,FutOnly
raw_cot_data/disaggregated_futures_only/fut_disagg_xls_hist_2006_2016/F_DisAgg06_15.xls,disaggregated_futures_only,fut_disagg_xls_hist_2006_2016,COFFEE C - ICE FUTURES U.S.,141216,2014-12-16,083731,ICUS,1,83,154924,47132,104587,33417,12442,2861,40264,8612,7505,7954,3459,8864,147997,148330,6927,6594,138909,39173,95267,33298,12619,1026,41162,8869,5292,8140,5246,4845,132936,133164,5973,5745,16015,7959,9320,930,634,1024,761,1402,554,2215,614,1618,15061,15166,954,849,506.0,1676.0,-638.0,-257.0,116.0,60.0,-1199.0,-274.0,656.0,-231.0,496.0,-442.0,263.0,-26.0,243.0,532.0,100,30.4,67.5,21.6,8.0,1.8,26.0,5.6,4.8,5.1,2.2,5.7,95.5,95.7,4.5,4.3,100,28.2,68.6,24.0,9.1,0.7,29.6,6.4,3.8,5.9,3.8,3.5,95.7,95.9,4.3,4.1,100,49.7,58.2,5.8,4.0,6.4,4.8,8.8,3.5,13.8,3.8,10.1,94.0,94.7,6.0,5.3,327,103.0,97.0,17.0,12.0,13.0,58.0,27.0,26.0,44.0,35.0,49.0,271,227,325.0,98.0,96.0,17.0,12.0,10.0,59.0,27.0,23.0,43.0,42.0,41.0,260.0,216.0,124.0,53.0,43.0,10.0,5.0,4.0,,,,16.0,10.0,8.0,93.0,68.0,14.8,23.0,24.8,36.5,12.5,20.4,21.3,30.5,15.5,23.9,26.3,37.9,13.8,22.0,23.9,32.2,28.6,33.6,47.6,53.7,21.2,29.0,33.7,39.7,"(CONTRACTS OF 37,500 POUNDS)",A50,FutOnly
raw_cot_data/disaggregated_futures_only/fut_disagg_xls_hist_2006_2016/F_DisAgg06_15.xls,disaggregated_futures_only,fut_disagg_xls_hist_2006_2016,COFFEE C - ICE FUTURES U.S.,141209,2014-12-09,083731,ICUS,1,83,154418,45456,105225,33674,12326,2801,41463,8886,6849,8185,2963,9306,147734,148356,6684,6062,138663,37469,95982,33543,12499,983,42352,9187,4611,8316,4417,5528,132802,133207,5861,5456,15755,7987,9243,924,620,1025,795,1383,554,1969,646,1678,14932,15149,823,606,-267.0,2731.0,-1929.0,3456.0,-440.0,-2039.0,-1509.0,1697.0,-149.0,-3869.0,418.0,-1592.0,-2971.0,-4034.0,2704.0,3767.0,100,29.4,68.1,21.8,8.0,1.8,26.9,5.8,4.4,5.3,1.9,6.0,95.7,96.1,4.3,3.9,100,27.0,69.2,24.2,9.0,0.7,30.5,6.6,3.3,6.0,3.2,4.0,95.8,96.1,4.2,3.9,100,50.7,58.7,5.9,3.9,6.5,5.0,8.8,3.5,12.5,4.1,10.7,94.8,96.2,5.2,3.8,332,106.0,97.0,17.0,13.0,12.0,64.0,24.0,26.0,40.0,38.0,50.0,280,224,331.0,101.0,96.0,17.0,13.0,9.0,65.0,24.0,24.0,43.0,40.0,43.0,270.0,215.0,124.0,55.0,46.0,10.0,5.0,4.0,,,,14.0,11.0,9.0,94.0,72.0,13.8,24.0,23.7,36.1,12.3,21.2,21.2,30.5,14.6,24.9,25.1,37.3,13.4,22.3,23.4,32.2,30.5,34.7,48.7,54.1,21.0,29.4,34.4,40.3,"(CONTRACTS OF 37,500 POUNDS)",A50,FutOnly
raw_cot_data/disaggregated_futures_only/fut_disagg_xls_hist_2006_2016/F_DisAgg06_15.xls,disaggregated_futures_only,fut_disagg_xls_hist_2006_2016,COFFEE C - ICE FUTURES U.S.,141202,2014-12-02,083731,ICUS,1,83,154685,42725,107154,30218,12766,4840,42972,7189,6998,12054,2545,10898,150705,152390,3980,2295,139515,34922,97912,30116,12916,3025,43892,7684,4773,12111,3953,7360,136199,137623,3316,1892,15170,7803,9242,874,622,1043,821,1246,484,1884,533,1597,14506,14767,664,403,3368.0,2958.0,-994.0,-87.0,-102.0,2135.0,-801.0,1251.0,615.0,-843.0,139.0,2697.0,6674.0,5741.0,-3306.0,-2373.0,100,27.6,69.3,19.5,8.3,3.1,27.8,4.6,4.5,7.8,1.6,7.0,97.4,98.5,2.6,1.5,100,25.0,70.2,21.6,9.3,2.2,31.5,5.5,3.4,8.7,2.8,5.3,97.6,98.6,2.4,1.4,100,51.4,60.9,5.8,4.1,6.9,5.4,8.2,3.2,12.4,3.5,10.5,95.6,97.3,4.4,2.7,342,108.0,99.0,16.0,13.0,11.0,67.0,24.0,26.0,50.0,31.0,57.0,294,229,342.0,101.0,99.0,16.0,13.0,9.0,67.0,25.0,23.0,51.0,39.0,51.0,285.0,220.0,124.0,51.0,50.0,9.0,5.0,4.0,,,,18.0,11.0,8.0,91.0,76.0,12.6,23.0,21.7,35.8,11.9,21.3,20.5,30.8,13.2,23.8,22.8,36.2,13.0,22.4,22.6,32.3,32.4,35.6,50.2,56.1,22.3,30.2,34.8,41.3,"(CONTRACTS OF 37,500 POUNDS)",A50,FutOnly
raw_cot_data/disaggregated_futures_only/fut_disagg_xls_hist_2006_2016/F_DisAgg06_15.xls,disaggregated_futures_only,fut_disagg_xls_hist_2006_2016,COFFEE C - ICE FUTURES U.S.,141125,2014-11-25,083731,ICUS,1,83,151317,39767,108148,30305,12868,2705,43773,5938,6383,12897,2406,8201,144031,146649,7286,4668,136930,32180,99303,30244,13237,905,43770,5571,5211,12993,3537,4956,130259,132720,6671,4210,14387,7587,8845,1052,622,809,821,1185,354,1615,580,1534,13772,13929,615,458,1740.0,-102.0,2090.0,-2581.0,-910.0,29.0,183.0,-1328.0,-94.0,2652.0,327.0,1863.0,1950.0,1977.0,-210.0,-237.0,100,26.3,71.5,20.0,8.5,1.8,28.9,3.9,4.2,8.5,1.6,5.4,95.2,96.9,4.8,3.1,100,23.5,72.5,22.1,9.7,0.7,32.0,4.1,3.8,9.5,2.6,3.6,95.1,96.9,4.9,3.1,100,52.7,61.5,7.3,4.3,5.6,5.7,8.2,2.5,11.2,4.0,10.7,95.7,96.8,4.3,3.2,325,105.0,101.0,16.0,13.0,13.0,69.0,18.0,26.0,44.0,30.0,42.0,278,213,325.0,96.0,100.0,16.0,13.0,11.0,69.0,19.0,23.0,46.0,35.0,38.0,268.0,204.0,116.0,49.0,42.0,8.0,5.0,4.0,,,,16.0,9.0,9.0,86.0,67.0,12.7,24.0,21.7,35.9,12.3,22.4,20.9,32.2,13.6,24.7,23.2,36.8,13.6,23.9,23.1,34.1,35.2,37.0,53.4,55.9,26.6,31.4,38.6,43.3,"(CONTRACTS OF 37,500 POUNDS)",A50,FutOnly
raw_cot_data/disaggregated_futures_only/fut_disagg_xls_hist_2006_2016/F_DisAgg06_15.xls,disaggregated_futures_only,fut_disagg_xls_hist_2006_2016,COFFEE C - ICE FUTURES U.S.,141118,2014-11-18,083731,ICUS,1,83,149577,39869,106058,32886,13778,2676,43590,7266,6477,10245,2079,6338,142081,144672,7496,4905,135358,32192,97221,32830,14134,892,43654,7045,5282,10345,3039,3336,128531,130949,6827,4409,14219,7677,8837,1044,632,796,821,1106,310,1450,590,1452,13550,13723,669,496,-10705.0,-1485.0,-126.0,1519.0,-311.0,-2781.0,1818.0,626.0,-2457.0,-3545.0,-1261.0,-3325.0,-10256.0,-9635.0,-449.0,-1070.0,100,26.7,70.9,22.0,9.2,1.8,29.1,4.9,4.3,6.8,1.4,4.2,95.0,96.7,5.0,3.3,100,23.8,71.8,24.3,10.4,0.7,32.3,5.2,3.9,7.6,2.2,2.5,95.0,96.7,5.0,3.3,100,54.0,62.1,7.3,4.4,5.6,5.8,7.8,2.2,10.2,4.1,10.2,95.3,96.5,4.7,3.5,320,104.0,101.0,17.0,14.0,12.0,70.0,18.0,26.0,44.0,21.0,36.0,274,204,320.0,97.0,100.0,17.0,14.0,10.0,70.0,19.0,22.0,47.0,25.0,33.0,265.0,196.0,111.0,46.0,41.0,8.0,5.0,,,,4.0,12.0,10.0,8.0,79.0,66.0,12.5,23.1,21.3,34.2,11.8,21.6,20.4,31.5,13.5,23.1,23.1,34.7,13.3,22.9,22.8,33.3,36.0,36.7,56.5,55.1,27.3,31.1,41.2,43.3,"(CONTRACTS OF 37,500 POUNDS)",A50,FutOnly
raw_cot_data/disaggregated_futures_only/fut_disagg_xls_hist_2006_2016/F_DisAgg06_15.xls,disaggregated_futures_only,fut_disagg_xls_hist_2006_2016,COFFEE C - ICE FUTURES U.S.,141111,2014-11-11,083731,ICUS,1,83,160282,41354,106184,31367,14089,5457,41772,6640,8934,13790,3340,9663,152337,154307,7945,5975,146894,33667,97519,31381,14353,3679,41822,6410,8267,13777,4189,6910,139503,141327,7391,5567,13388,7687,8665,900,650,864,300,580,317,1387,525,1379,12834,12980,554,408,-5671.0,-775.0,-3668.0,-920.0,962.0,-281.0,-1045.0,282.0,-510.0,366.0,-230.0,-3264.0,-6429.0,-6709.0,758.0,1038.0,100,25.8,66.2,19.6,8.8,3.4,26.1,4.1,5.6,8.6,2.1,6.0,95.0,96.3,5.0,3.7,100,22.9,66.4,21.4,9.8,2.5,28.5,4.4,5.6,9.4,2.9,4.7,95.0,96.2,5.0,3.8,100,57.4,64.7,6.7,4.9,6.5,2.2,4.3,2.4,10.4,3.9,10.3,95.9,97.0,4.1,3.0,347,107.0,100.0,17.0,15.0,15.0,68.0,22.0,38.0,55.0,26.0,60.0,307,241,346.0,102.0,99.0,17.0,15.0,13.0,68.0,23.0,37.0,56.0,31.0,56.0,299.0,235.0,111.0,44.0,43.0,7.0,5.0,,,,,15.0,8.0,9.0,78.0,67.0,12.6,22.1,21.6,32.6,11.4,20.8,20.0,30.1,13.5,22.0,23.2,33.0,13.1,21.9,22.5,32.2,37.3,38.6,56.8,56.3,29.7,32.2,40.9,42.1,"(CONTRACTS OF 37,500 POUNDS)",A50,FutOnly
raw_cot_data/disaggregated_futures_only/fut_disagg_xls_hist_2006_2016/F_DisAgg06_15.xls,disaggregated_futures_only,fut_disagg_xls_hist_2006_2016,COFFEE C - ICE FUTURES U.S.,141104,2014-11-04,083731,ICUS,1,83,165953,42129,109852,32287,13127,5738,42817,6358,9444,13424,3570,12927,158766,161016,7187,4937,153299,34605,101409,32343,13384,4175,42831,6139,9047,13385,4390,10257,146643,148801,6656,4498,12654,7524,8443,851,650,656,301,534,82,1363,504,1346,12123,12215,531,439,-5420.0,-3251.0,-6645.0,-1359.0,-833.0,587.0,-2715.0,693.0,353.0,644.0,-607.0,-1186.0,-6927.0,-7638.0,1507.0,2218.0,100,25.4,66.2,19.5,7.9,3.5,25.8,3.8,5.7,8.1,2.2,7.8,95.7,97.0,4.3,3.0,100,22.6,66.2,21.1,8.7,2.7,27.9,4.0,5.9,8.7,2.9,6.7,95.7,97.1,4.3,2.9,100,59.5,66.7,6.7,5.1,5.2,2.4,4.2,0.6,10.8,4.0,10.6,95.8,96.5,4.2,3.5,347,108.0,101.0,17.0,15.0,14.0,68.0,20.0,37.0,48.0,29.0,58.0,303,239,346.0,103.0,101.0,17.0,15.0,12.0,68.0,21.0,36.0,50.0,35.0,53.0,294.0,234.0,104.0,43.0,42.0,6.0,5.0,,,,,14.0,8.0,8.0,72.0,65.0,11.5,22.1,21.0,33.4,10.5,20.2,18.5,29.0,12.1,22.3,22.4,33.8,11.5,21.1,20.5,31.1,37.5,40.8,57.7,57.7,31.7,33.7,43.4,44.0,"(CONTRACTS OF 37,500 POUNDS)",A50,FutOnly
raw_cot_data/disaggregated_futures_only/fut_disagg_xls_hist_2006_2016/F_DisAgg06_15.xls,disaggregated_futures_only,fut_disagg_xls_hist_2006_2016,COFFEE C - ICE FUTURES U.S.,141028,2014-10-28,083731,ICUS,1,83,171373,45380,116497,33646,13960,5151,45532,5665,9091,12780,4177,14113,165693,168654,5680,2719,159099,37969,108295,33762,14199,3623,45532,5449,8736,12712,4937,11503,153837,156742,5262,2357,12274,7411,8202,781,658,631,301,517,54,1335,507,1343,11856,11912,418,362,-2509.0,968.0,-3468.0,233.0,17.0,712.0,-4888.0,376.0,727.0,211.0,-388.0,482.0,-1555.0,-1542.0,-954.0,-967.0,100,26.5,68.0,19.6,8.1,3.0,26.6,3.3,5.3,7.5,2.4,8.2,96.7,98.4,3.3,1.6,100,23.9,68.1,21.2,8.9,2.3,28.6,3.4,5.5,8.0,3.1,7.2,96.7,98.5,3.3,1.5,100,60.4,66.8,6.4,5.4,5.1,2.5,4.2,0.4,10.9,4.1,10.9,96.6,97.1,3.4,2.9,354,107.0,102.0,18.0,14.0,13.0,78.0,20.0,32.0,55.0,25.0,60.0,313,234,353.0,103.0,101.0,18.0,14.0,11.0,78.0,21.0,32.0,56.0,33.0,55.0,305.0,229.0,104.0,41.0,43.0,6.0,5.0,4.0,,,,15.0,9.0,9.0,71.0,68.0,11.8,24.5,21.2,35.9,10.5,20.0,18.2,28.8,12.6,24.8,22.5,36.5,11.5,20.8,19.9,30.7,38.7,40.5,59.1,57.3,33.1,33.7,45.1,44.0,"(CONTRACTS OF 37,500 POUNDS)",A50,FutOnly
raw_cot_data/disaggregated_futures_only/fut_disagg_xls_hist_2006_2016/F_DisAgg06_15.xls,disaggregated_futures_only,fut_disagg_xls_hist_2006_2016,COFFEE C - ICE FUTURES U.S.,141021,2014-10-21,083731,ICUS,1,83,173882,44412,119965,33413,13943,4439,50420,5289,8364,12569,4565,13631,167248,170196,6634,3686,162379,37399,112030,33561,14246,3034,50420,5118,8021,12486,5276,11276,156197,159001,6182,3378,11503,7013,7935,813,658,444,300,471,43,1310,516,1128,11051,11195,452,308,3793.0,2517.0,2423.0,85.0,7.0,-80.0,-1892.0,696.0,1102.0,302.0,-1871.0,1959.0,3993.0,4236.0,-200.0,-443.0,100,25.5,69.0,19.2,8.0,2.6,29.0,3.0,4.8,7.2,2.6,7.8,96.2,97.9,3.8,2.1,100,23.0,69.0,20.7,8.8,1.9,31.1,3.2,4.9,7.7,3.2,6.9,96.2,97.9,3.8,2.1,100,61.0,69.0,7.1,5.7,3.9,2.6,4.1,0.4,11.4,4.5,9.8,96.1,97.3,3.9,2.7,350,103.0,103.0,18.0,13.0,12.0,80.0,16.0,33.0,54.0,26.0,55.0,306,228,349.0,99.0,102.0,18.0,13.0,9.0,80.0,17.0,33.0,56.0,35.0,50.0,298.0,222.0,102.0,38.0,43.0,6.0,5.0,4.0,,,,16.0,7.0,8.0,68.0,66.0,12.3,24.8,21.1,36.5,10.3,19.9,17.9,29.0,13.1,25.0,22.4,36.8,11.2,20.6,19.3,30.6,38.0,42.4,59.3,59.7,34.4,35.7,47.8,46.4,"(CONTRACTS OF 37,500 POUNDS)",A50,FutOnly
raw_cot_data/disaggregated_futures_only/fut_disagg_xls_hist_2006_2016/F_DisAgg06_15.xls,disaggregated_futures_only,fut_disagg_xls_hist_2006_2016,COFFEE C - ICE FUTURES U.S.,141014,2014-10-14,083731,ICUS,1,83,170089,41895,117542,33328,13936,4519,52312,4593,7262,12267,6436,11672,163255,165960,6834,4129,159315,35309,110035,33492,14238,3196,52312,4460,6967,12193,7132,9459,152928,155487,6387,3828,10774,6586,7507,805,667,354,293,426,2,1260,490,1027,10327,10473,447,301,6553.0,354.0,4445.0,-492.0,1448.0,119.0,4954.0,-1193.0,-78.0,-80.0,173.0,1435.0,6212.0,6349.0,341.0,204.0,100,24.6,69.1,19.6,8.2,2.7,30.8,2.7,4.3,7.2,3.8,6.9,96.0,97.6,4.0,2.4,100,22.2,69.1,21.0,8.9,2.0,32.8,2.8,4.4,7.7,4.5,5.9,96.0,97.6,4.0,2.4,100,61.1,69.7,7.5,6.2,3.3,2.7,4.0,0.0,11.7,4.5,9.5,95.9,97.2,4.1,2.8,352,100.0,103.0,17.0,14.0,12.0,87.0,12.0,31.0,54.0,31.0,53.0,307,225,351.0,95.0,102.0,17.0,14.0,9.0,87.0,13.0,30.0,55.0,36.0,49.0,298.0,219.0,97.0,37.0,40.0,6.0,5.0,4.0,,,,13.0,6.0,6.0,63.0,61.0,12.5,24.4,21.5,35.9,10.5,20.1,18.2,29.4,13.4,24.8,22.8,36.6,11.3,20.9,19.6,31.3,37.9,41.4,59.9,59.5,34.1,34.8,47.4,46.0,"(CONTRACTS OF 37,500 POUNDS)",A50,FutOnly
raw_cot_data/disaggregated_futures_only/fut_disagg_xls_hist_2006_2016/F_DisAgg06_15.xls,disaggregated_futures_only,fut_disagg_xls_hist_2006_2016,COFFEE C - ICE FUTURES U.S.,141007,2014-10-07,083731,ICUS,1,83,163536,41541,113097,33820,12488,4400,47358,5786,7340,12347,6263,10237,157043,159611,6493,3925,153689,35224,106128,34027,12785,3096,47358,5684,7275,12326,6760,8252,147558,149980,6131,3709,9847,6317,6969,766,676,331,63,165,2,975,457,1031,9485,9631,362,216,7779.0,1564.0,6095.0,-476.0,192.0,1311.0,2434.0,-963.0,1400.0,1161.0,23.0,-186.0,7208.0,7872.0,571.0,-93.0,100,25.4,69.2,20.7,7.6,2.7,29.0,3.5,4.5,7.6,3.8,6.3,96.0,97.6,4.0,2.4,100,22.9,69.1,22.1,8.3,2.0,30.8,3.7,4.7,8.0,4.4,5.4,96.0,97.6,4.0,2.4,100,64.2,70.8,7.8,6.9,3.4,0.6,1.7,0.0,9.9,4.6,10.5,96.3,97.8,3.7,2.2,357,101.0,101.0,17.0,14.0,12.0,79.0,17.0,31.0,61.0,30.0,56.0,310,228,356.0,96.0,100.0,17.0,14.0,9.0,79.0,17.0,31.0,61.0,35.0,52.0,302.0,222.0,95.0,37.0,40.0,6.0,5.0,4.0,,,,11.0,6.0,6.0,60.0,61.0,13.2,24.7,22.4,36.1,11.1,20.5,19.3,29.3,14.0,25.0,23.7,36.6,12.0,21.2,20.7,31.0,40.7,44.5,64.0,62.3,35.0,38.3,48.3,48.3,"(CONTRACTS OF 37,500 POUNDS)",A50,FutOnly
raw_cot_data/disaggregated_futures_only/fut_disagg_xls_hist_2006_2016/F_DisAgg06_15.xls,disaggregated_futures_only,fut_disagg_xls_hist_2006_2016,COFFEE C - ICE FUTURES U.S.,140930,2014-09-30,083731,ICUS,1,83,155757,39977,107002,34296,12296,3089,44924,6749,5940,11186,6240,10423,149835,151739,5922,4018,147878,35085,101690,34561,12130,2193,45060,6801,5744,11198,6968,8459,142300,143985,5578,3893,7879,4892,5312,322,753,309,58,142,2,1134,418,818,7535,7754,344,125,2311.0,197.0,3642.0,-468.0,390.0,267.0,1483.0,-2106.0,448.0,193.0,305.0,-481.0,1639.0,2465.0,672.0,-154.0,100,25.7,68.7,22.0,7.9,2.0,28.8,4.3,3.8,7.2,4.0,6.7,96.2,97.4,3.8,2.6,100,23.7,68.8,23.4,8.2,1.5,30.5,4.6,3.9,7.6,4.7,5.7,96.2,97.4,3.8,2.6,100,62.1,67.4,4.1,9.6,3.9,0.7,1.8,0.0,14.4,5.3,10.4,95.6,98.4,4.4,1.6,336,100.0,96.0,18.0,14.0,14.0,72.0,14.0,26.0,50.0,30.0,51.0,291,214,335.0,96.0,95.0,18.0,14.0,10.0,74.0,13.0,25.0,50.0,36.0,47.0,284.0,206.0,89.0,36.0,33.0,6.0,5.0,4.0,,,,13.0,5.0,6.0,60.0,54.0,13.4,23.7,23.4,37.5,11.7,20.9,20.2,30.8,14.1,23.9,24.6,37.5,12.7,21.3,21.7,31.7,41.2,46.6,60.6,66.1,35.9,39.6,47.3,53.0,"(CONTRACTS OF 37,500 POUNDS)",A50,FutOnly
raw_cot_data/disaggregated_futures_only/fut_disagg_xls_hist_2006_2016/F_DisAgg06_15.xls,disaggregated_futures_only,fut_disagg_xls_hist_2006_2016,COFFEE C - ICE FUTURES U.S.,140923,2014-09-23,083731,ICUS,1,83,153446,39780,103360,34764,11906,2822,43441,8855,5492,10993,5935,10904,148196,149274,5250,4172,145681,35176,98133,35035,11775,1937,43590,9010,5186,11016,6719,8851,140791,141611,4890,4070,7765,4604,5227,316,718,298,155,149,2,1178,417,852,7405,7663,360,102,-1378.0,2038.0,-4291.0,-11.0,1028.0,-362.0,-2391.0,-286.0,291.0,-1058.0,795.0,148.0,-1345.0,-2677.0,-33.0,1299.0,100,25.9,67.4,22.7,7.8,1.8,28.3,5.8,3.6,7.2,3.9,7.1,96.6,97.3,3.4,2.7,100,24.1,67.4,24.0,8.1,1.3,29.9,6.2,3.6,7.6,4.6,6.1,96.6,97.2,3.4,2.8,100,59.3,67.3,4.1,9.2,3.8,2.0,1.9,0.0,15.2,5.4,11.0,95.4,98.7,4.6,1.3,326,94.0,92.0,18.0,13.0,12.0,65.0,18.0,27.0,49.0,30.0,49.0,271,215,325.0,92.0,91.0,18.0,13.0,8.0,66.0,19.0,25.0,48.0,36.0,45.0,265.0,207.0,87.0,34.0,32.0,6.0,4.0,4.0,,,,13.0,5.0,6.0,59.0,52.0,13.7,22.8,24.1,37.0,12.5,20.1,21.3,30.2,14.4,23.0,25.3,36.8,13.5,20.4,23.0,31.1,39.7,47.6,61.3,66.9,34.2,40.9,46.3,54.6,"(CONTRACTS OF 37,500 POUNDS)",A50,FutOnly
raw_cot_data/disaggregated_futures_only/fut_disagg_xls_hist_2006_2016/F_DisAgg06_15.xls,disaggregated_futures_only,fut_disagg_xls_hist_2006_2016,COFFEE C - ICE FUTURES U.S.,140916,2014-09-16,083731,ICUS,1,83,154824,37742,107651,34775,10878,3184,45832,9141,5201,12051,5140,10756,149541,151951,5283,2873,147100,33010,102431,35043,10746,2316,45981,9292,4899,12191,5925,8721,142161,144330,4939,2770,7724,4732,5220,309,709,291,151,149,2,1073,428,822,7380,7621,344,103,-2142.0,3243.0,-3220.0,1048.0,-260.0,-1024.0,-5439.0,1646.0,381.0,830.0,495.0,429.0,-532.0,-1553.0,-1610.0,-589.0,100,24.4,69.5,22.5,7.0,2.1,29.6,5.9,3.4,7.8,3.3,6.9,96.6,98.1,3.4,1.9,100,22.4,69.6,23.8,7.3,1.6,31.3,6.3,3.3,8.3,4.0,5.9,96.6,98.1,3.4,1.9,100,61.3,67.6,4.0,9.2,3.8,2.0,1.9,0.0,13.9,5.5,10.6,95.5,98.7,4.5,1.3,333,94.0,97.0,18.0,13.0,12.0,68.0,19.0,29.0,57.0,26.0,48.0,279,219,332.0,92.0,96.0,18.0,13.0,9.0,69.0,20.0,27.0,56.0,32.0,43.0,273.0,211.0,87.0,34.0,33.0,6.0,4.0,4.0,,,,12.0,5.0,6.0,59.0,53.0,12.9,23.8,23.0,37.9,12.3,20.6,21.0,31.6,13.6,23.9,24.2,37.8,13.2,20.8,22.5,32.5,41.9,47.6,63.7,66.7,37.1,41.1,49.1,54.6,"(CONTRACTS OF 37,500 POUNDS)",A50,FutOnly
raw_cot_data/disaggregated_futures_only/fut_disagg_xls_hist_2006_2016/F_DisAgg06_15.xls,disaggregated_futures_only,fut_disagg_xls_hist_2006_2016,COFFEE C - ICE FUTURES U.S.,140909,2014-09-09,083731,ICUS,1,83,156966,34499,110871,33727,11138,4208,51271,7495,4820,11221,4645,10327,150073,153504,6893,3462,149432,29750,105741,33970,11027,3368,51426,7641,4517,11451,5282,8492,142974,146068,6458,3364,7534,4749,5130,337,691,260,146,155,2,832,425,773,7099,7436,435,98,3324.0,2693.0,797.0,-57.0,1037.0,-86.0,1327.0,1507.0,-730.0,451.0,487.0,319.0,3917.0,3331.0,-593.0,-7.0,100,22.0,70.6,21.5,7.1,2.7,32.7,4.8,3.1,7.1,3.0,6.6,95.6,97.8,4.4,2.2,100,19.9,70.8,22.7,7.4,2.3,34.4,5.1,3.0,7.7,3.5,5.7,95.7,97.7,4.3,2.3,100,63.0,68.1,4.5,9.2,3.5,1.9,2.1,0.0,11.0,5.6,10.3,94.2,98.7,5.8,1.3,343,94.0,97.0,18.0,14.0,12.0,78.0,17.0,25.0,55.0,26.0,45.0,286,212,341.0,92.0,96.0,18.0,14.0,10.0,79.0,18.0,23.0,55.0,30.0,41.0,280.0,205.0,85.0,33.0,36.0,5.0,4.0,4.0,,,,10.0,5.0,6.0,55.0,56.0,12.4,23.4,22.3,37.4,11.8,20.1,20.2,31.2,13.0,23.6,23.5,37.3,12.5,20.0,21.5,31.7,48.9,46.6,65.5,66.1,42.9,40.4,51.3,53.9,"(CONTRACTS OF 37,500 POUNDS)",A50,FutOnly
raw_cot_data/disaggregated_futures_only/fut_disagg_xls_hist_2006_2016/F_DisAgg06_15.xls,disaggregated_futures_only,fut_disagg_xls_hist_2006_2016,COFFEE C - ICE FUTURES U.S.,140902,2014-09-02,083731,ICUS,1,83,153642,31806,110074,33784,10101,4294,49944,5988,5550,10770,4158,10008,146156,150173,7486,3469,146333,27138,105026,34060,10072,3454,50084,6109,5285,11011,4815,8179,139211,142940,7122,3393,7309,4668,5048,367,672,197,123,142,2,847,431,741,6945,7233,364,76,1495.0,-700.0,1564.0,688.0,1030.0,-305.0,1598.0,-356.0,-264.0,476.0,-161.0,166.0,1659.0,1674.0,-164.0,-179.0,100,20.7,71.6,22.0,6.6,2.8,32.5,3.9,3.6,7.0,2.7,6.5,95.1,97.7,4.9,2.3,100,18.5,71.8,23.3,6.9,2.4,34.2,4.2,3.6,7.5,3.3,5.6,95.1,97.7,4.9,2.3,100,63.9,69.1,5.0,9.2,2.7,1.7,1.9,0.0,11.6,5.9,10.1,95.0,99.0,5.0,1.0,342,93.0,99.0,17.0,14.0,11.0,79.0,17.0,28.0,58.0,25.0,41.0,283,213,341.0,89.0,97.0,17.0,14.0,9.0,79.0,18.0,27.0,58.0,29.0,37.0,276.0,206.0,88.0,34.0,36.0,5.0,4.0,,,,,11.0,5.0,7.0,57.0,56.0,12.3,23.8,21.8,38.2,12.1,21.3,20.7,32.7,13.0,24.0,22.9,38.1,12.8,21.2,21.8,33.2,49.8,47.2,66.9,67.8,42.8,41.0,52.7,54.5,"(CONTRACTS OF 37,500 POUNDS)",A50,FutOnly
raw_cot_data/disaggregated_futures_only/fut_disagg_xls_hist_2006_2016/F_DisAgg06_15.xls,disaggregated_futures_only,fut_disagg_xls_hist_2006_2016,COFFEE C - ICE FUTURES U.S.,140826,2014-08-26,083731,ICUS,1,83,152147,32506,108510,33096,9071,4599,48346,6344,5814,10294,4319,9842,144497,148499,7650,3648,193,193,132,0,0,0,0,0,0,0,0,0,193,132,0,61,151954,32313,108378,33096,9071,4599,48346,6344,5814,10294,4319,9842,144304,148367,7650,3587,-3281.0,-5796.0,-3741.0,-259.0,-3.0,-318.0,1355.0,7.0,144.0,422.0,387.0,1035.0,-3417.0,-2489.0,136.0,-792.0,100,21.4,71.3,21.8,6.0,3.0,31.8,4.2,3.8,6.8,2.8,6.5,95.0,97.6,5.0,2.4,100,100.0,68.4,0.0,0.0,0.0,0.0,0.0,0.0,0.0,0.0,0.0,100.0,68.4,0.0,31.6,100,21.3,71.3,21.8,6.0,3.0,31.8,4.2,3.8,6.8,2.8,6.5,95.0,97.6,5.0,2.4,334,93.0,101.0,17.0,14.0,13.0,76.0,16.0,23.0,49.0,27.0,43.0,275,212,15.0,6.0,11.0,0.0,0.0,0.0,0.0,0.0,0.0,0.0,0.0,0.0,6.0,11.0,333.0,93.0,100.0,17.0,14.0,13.0,76.0,16.0,23.0,49.0,27.0,43.0,275.0,211.0,12.6,24.2,21.8,38.6,12.2,21.6,20.7,33.4,96.9,58.0,100.0,66.3,92.7,55.4,93.8,61.7,12.6,24.2,21.8,38.7,12.3,21.6,20.8,33.4,"(CONTRACTS OF 37,500 POUNDS)",A50,FutOnly
raw_cot_data/disaggregated_futures_only/fut_disagg_xls_hist_2006_2016/F_DisAgg06_15.xls,disaggregated_futures_only,fut_disagg_xls_hist_2006_2016,COFFEE C - ICE FUTURES U.S.,140819,2014-08-19,083731,ICUS,1,83,155428,38302,112251,33355,9074,4917,46991,6337,5670,9872,3932,8807,147914,150988,7514,4440,9337,7434,6195,377,2414,0,290,236,0,637,13,0,8738,8858,599,479,146091,30868,106056,32978,6660,4917,46932,6332,5439,9610,4294,8432,139176,142130,6915,3961,-3531.0,-293.0,1767.0,173.0,-979.0,-710.0,11.0,-134.0,-1574.0,1449.0,-3.0,-2562.0,-3506.0,-4195.0,-25.0,664.0,100,24.6,72.2,21.5,5.8,3.2,30.2,4.1,3.6,6.4,2.5,5.7,95.2,97.1,4.8,2.9,100,79.6,66.3,4.0,25.9,0.0,3.1,2.5,0.0,6.8,0.1,0.0,93.6,94.9,6.4,5.1,100,21.1,72.6,22.6,4.6,3.4,32.1,4.3,3.7,6.6,2.9,5.8,95.3,97.3,4.7,2.7,327,92.0,98.0,18.0,14.0,14.0,76.0,16.0,24.0,49.0,26.0,42.0,273,209,104.0,33.0,47.0,7.0,,0.0,,,0.0,13.0,,0.0,56.0,52.0,323.0,84.0,97.0,17.0,14.0,14.0,76.0,16.0,24.0,48.0,29.0,39.0,261.0,207.0,12.5,24.6,21.3,38.1,12.1,19.5,20.4,30.9,66.9,75.0,77.7,85.9,66.9,74.9,77.7,85.8,13.0,26.0,22.1,39.9,12.7,22.8,21.5,33.4,"(CONTRACTS OF 37,500 POUNDS)",A50,FutOnly
raw_cot_data/disaggregated_futures_only/fut_disagg_xls_hist_2006_2016/F_DisAgg06_15.xls,disaggregated_futures_only,fut_disagg_xls_hist_2006_2016,COFFEE C - ICE FUTURES U.S.,140812,2014-08-12,083731,ICUS,1,83,158959,38595,110484,33182,10053,5627,46980,6471,7244,8423,3935,11369,151420,155183,7539,3776,30042,7428,17345,7035,3423,0,10710,2800,579,2393,5196,30,28175,29373,1867,669,128917,31167,93139,26545,7028,5229,38451,5852,4484,11599,4308,5770,123245,125810,5672,3107,-5979.0,-1156.0,-2544.0,360.0,-423.0,-205.0,-1510.0,1110.0,-1337.0,-733.0,-470.0,-1780.0,-6361.0,-5649.0,382.0,-330.0,100,24.3,69.5,20.9,6.3,3.5,29.6,4.1,4.6,5.3,2.5,7.2,95.3,97.6,4.7,2.4,100,24.7,57.7,23.4,11.4,0.0,35.7,9.3,1.9,8.0,17.3,0.1,93.8,97.8,6.2,2.2,100,24.2,72.2,20.6,5.5,4.1,29.8,4.5,3.5,9.0,3.3,4.5,95.6,97.6,4.4,2.4,319,93.0,94.0,17.0,14.0,13.0,74.0,14.0,27.0,41.0,28.0,46.0,271,211,217.0,47.0,60.0,18.0,6.0,0.0,38.0,11.0,6.0,24.0,25.0,,131.0,106.0,300.0,79.0,93.0,16.0,13.0,12.0,65.0,15.0,17.0,47.0,30.0,34.0,235.0,193.0,12.2,22.6,20.6,36.1,11.8,19.2,19.9,29.8,21.9,36.6,33.6,55.2,21.9,36.6,33.6,54.4,13.6,26.0,23.6,39.6,13.4,22.6,22.4,32.3,"(CONTRACTS OF 37,500 POUNDS)",A50,FutOnly
raw_cot_data/disaggregated_futures_only/fut_disagg_xls_hist_2006_2016/F_DisAgg06_15.xls,disaggregated_futures_only,fut_disagg_xls_hist_2006_2016,COFFEE C - ICE FUTURES U.S.,140805,2014-08-05,083731,ICUS,1,83,164938,39751,113028,32822,10476,5832,48490,5361,8581,9156,4405,13149,157781,160832,7157,4106,66965,7793,45469,17322,3802,0,31456,7122,359,6423,8248,66,63419,65066,3546,1899,97973,31958,67559,16233,7407,5099,23273,4478,1983,11953,5377,3863,94362,95766,3611,2207,1208.0,-932.0,3480.0,-393.0,-114.0,-481.0,2941.0,-1343.0,-226.0,-992.0,-70.0,1199.0,1116.0,2445.0,92.0,-1237.0,100,24.1,68.5,19.9,6.4,3.5,29.4,3.3,5.2,5.6,2.7,8.0,95.7,97.5,4.3,2.5,100,11.6,67.9,25.9,5.7,0.0,47.0,10.6,0.5,9.6,12.3,0.1,94.7,97.2,5.3,2.8,100,32.6,69.0,16.6,7.6,5.2,23.8,4.6,2.0,12.2,5.5,3.9,96.3,97.7,3.7,2.3,335,98.0,96.0,18.0,14.0,14.0,72.0,16.0,27.0,54.0,25.0,54.0,290,216,289.0,47.0,75.0,21.0,7.0,0.0,58.0,17.0,8.0,46.0,31.0,,177.0,135.0,283.0,82.0,92.0,15.0,14.0,10.0,51.0,12.0,12.0,45.0,30.0,28.0,220.0,176.0,11.5,22.5,19.8,35.4,11.2,19.1,19.0,29.3,16.7,31.1,29.2,49.7,16.7,30.6,29.1,49.0,14.8,23.4,27.0,34.5,14.5,22.2,23.9,29.3,"(CONTRACTS OF 37,500 POUNDS)",A50,FutOnly
raw_cot_data/disaggregated_futures_only/fut_disagg_xls_hist_2006_2016/F_DisAgg06_15.xls,disaggregated_futures_only,fut_disagg_xls_hist_2006_2016,COFFEE C - ICE FUTURES U.S.,140729,2014-07-29,083731,ICUS,1,83,163730,40683,109548,33215,10590,6313,45549,6704,8807,10148,4475,11950,156665,158387,7065,5343,74574,8429,50393,19324,3905,0,34665,8719,374,7733,7961,62,70587,71414,3987,3160,89156,32254,59155,15065,7859,5139,17601,4702,1716,11022,5121,3281,86078,86973,3078,2183,2256.0,-2888.0,2444.0,438.0,90.0,31.0,1347.0,-2823.0,7.0,513.0,188.0,1662.0,1110.0,1599.0,1146.0,657.0,100,24.8,66.9,20.3,6.5,3.9,27.8,4.1,5.4,6.2,2.7,7.3,95.7,96.7,4.3,3.3,100,11.3,67.6,25.9,5.2,0.0,46.5,11.7,0.5,10.4,10.7,0.1,94.7,95.8,5.3,4.2,100,36.2,66.3,16.9,8.8,5.8,19.7,5.3,1.9,12.4,5.7,3.7,96.5,97.6,3.5,2.4,319,97.0,91.0,18.0,14.0,13.0,61.0,16.0,27.0,49.0,30.0,54.0,274,213,279.0,48.0,71.0,20.0,9.0,0.0,50.0,18.0,12.0,47.0,30.0,,170.0,136.0,264.0,82.0,84.0,15.0,14.0,8.0,39.0,13.0,13.0,41.0,34.0,26.0,206.0,167.0,11.8,22.1,20.4,34.6,11.7,18.3,19.8,28.5,16.6,29.6,30.3,45.9,16.4,29.5,30.0,45.8,15.9,24.9,29.1,36.4,15.0,23.6,25.8,31.1,"(CONTRACTS OF 37,500 POUNDS)",A50,FutOnly
raw_cot_data/disaggregated_futures_only/fut_disagg_xls_hist_2006_2016/F_DisAgg06_15.xls,disaggregated_futures_only,fut_disagg_xls_hist_2006_2016,COFFEE C - ICE FUTURES U.S.,140722,2014-07-22,083731,ICUS,1,83,161474,43571,107104,32777,10500,6282,44202,9527,8800,9635,4287,10288,155555,156788,5919,4686,78314,9160,52128,21373,3847,2,35921,10262,963,7191,7608,42,74652,74852,3662,3462,83160,34411,54976,12456,7705,5228,14662,5646,1456,9940,4175,2750,80903,81936,2257,1224,0.0,-905.0,1154.0,408.0,81.0,-225.0,414.0,-938.0,-737.0,198.0,50.0,32.0,-815.0,-583.0,815.0,583.0,100,27.0,66.3,20.3,6.5,3.9,27.4,5.9,5.4,6.0,2.7,6.4,96.3,97.1,3.7,2.9,100,11.7,66.6,27.3,4.9,0.0,45.9,13.1,1.2,9.2,9.7,0.1,95.3,95.6,4.7,4.4,100,41.4,66.1,15.0,9.3,6.3,17.6,6.8,1.8,12.0,5.0,3.3,97.3,98.5,2.7,1.5,315,98.0,93.0,18.0,14.0,13.0,54.0,24.0,28.0,46.0,33.0,50.0,262,221,283.0,47.0,73.0,19.0,9.0,,45.0,26.0,12.0,43.0,33.0,,161.0,150.0,248.0,82.0,79.0,15.0,14.0,10.0,30.0,16.0,10.0,37.0,28.0,22.0,189.0,159.0,12.5,22.0,21.6,34.8,11.9,17.9,20.1,28.0,16.2,29.4,30.2,43.8,16.1,29.4,29.8,43.8,18.3,26.4,32.5,38.3,16.6,25.2,28.8,33.1,"(CONTRACTS OF 37,500 POUNDS)",A50,FutOnly
raw_cot_data/disaggregated_futures_only/fut_disagg_xls_hist_2006_2016/F_DisAgg06_15.xls,disaggregated_futures_only,fut_disagg_xls_hist_2006_2016,COFFEE C - ICE FUTURES U.S.,140715,2014-07-15,083731,ICUS,1,83,161474,44476,105950,32369,10419,6507,43788,10465,9537,9437,4237,10256,156370,157371,5104,4103,80912,10624,53009,21992,3840,2,37118,12650,927,7272,7470,0,77935,77898,2977,3014,80562,33852,52941,11667,7869,5215,13934,5079,1346,9603,4205,2818,78435,79473,2127,1089,3682.0,4357.0,-824.0,142.0,-557.0,-229.0,-1803.0,2970.0,1441.0,350.0,262.0,89.0,4347.0,3152.0,-665.0,530.0,100,27.5,65.6,20.0,6.5,4.0,27.1,6.5,5.9,5.8,2.6,6.4,96.8,97.5,3.2,2.5,100,13.1,65.5,27.2,4.7,0.0,45.9,15.6,1.1,9.0,9.2,0.0,96.3,96.3,3.7,3.7,100,42.0,65.7,14.5,9.8,6.5,17.3,6.3,1.7,11.9,5.2,3.5,97.4,98.6,2.6,1.4,320,99.0,92.0,18.0,14.0,13.0,52.0,29.0,32.0,46.0,34.0,49.0,262,228,292.0,49.0,71.0,21.0,7.0,,46.0,29.0,13.0,45.0,35.0,0.0,164.0,153.0,245.0,82.0,77.0,15.0,14.0,9.0,29.0,14.0,8.0,38.0,28.0,24.0,188.0,155.0,12.9,22.9,22.2,35.1,11.8,18.1,20.0,28.1,16.8,28.3,30.5,44.1,16.8,27.9,30.1,42.1,18.7,26.3,33.3,38.9,17.2,25.4,29.4,33.8,"(CONTRACTS OF 37,500 POUNDS)",A50,FutOnly
raw_cot_data/disaggregated_futures_only/fut_disagg_xls_hist_2006_2016/F_DisAgg06_15.xls,disaggregated_futures_only,fut_disagg_xls_hist_2006_2016,COFFEE C - ICE FUTURES U.S.,140708,2014-07-08,083731,ICUS,1,83,157792,40119,106774,32227,10976,6736,45591,7495,8096,9087,3975,10167,152023,154219,5769,3573,81896,8915,58543,22808,4556,2,38476,8706,443,7066,6929,84,77794,79263,4102,2633,75896,31204,48231,10969,7970,5184,13298,4972,1470,9228,4253,2876,74229,74956,1667,940,-491.0,-290.0,-1466.0,270.0,44.0,27.0,-1001.0,-337.0,819.0,-805.0,-201.0,-243.0,-1223.0,-1357.0,732.0,866.0,100,25.4,67.7,20.4,7.0,4.3,28.9,4.7,5.1,5.8,2.5,6.4,96.3,97.7,3.7,2.3,100,10.9,71.5,27.8,5.6,0.0,47.0,10.6,0.5,8.6,8.5,0.1,95.0,96.8,5.0,3.2,100,41.1,63.5,14.5,10.5,6.8,17.5,6.6,1.9,12.2,5.6,3.8,97.8,98.8,2.2,1.2,326,96.0,98.0,17.0,14.0,16.0,63.0,23.0,32.0,52.0,31.0,47.0,274,224,304.0,46.0,80.0,22.0,8.0,,57.0,24.0,13.0,48.0,31.0,,175.0,157.0,245.0,78.0,79.0,14.0,15.0,9.0,31.0,15.0,9.0,36.0,26.0,21.0,181.0,156.0,12.9,22.9,22.1,35.3,12.1,19.4,20.3,29.5,16.2,29.8,30.0,46.1,16.2,28.9,29.7,44.9,18.3,25.8,32.8,37.7,17.2,24.2,29.8,32.9,"(CONTRACTS OF 37,500 POUNDS)",A50,FutOnly
raw_cot_data/disaggregated_futures_only/fut_disagg_xls_hist_2006_2016/F_DisAgg06_15.xls,disaggregated_futures_only,fut_disagg_xls_hist_2006_2016,COFFEE C - ICE FUTURES U.S.,140701,2014-07-01,083731,ICUS,1,83,158283,40409,108240,31957,10932,6709,46592,7832,7277,9892,4176,10410,153246,155576,5037,2707,83895,9444,61645,22994,4610,2,39189,8603,376,8441,6635,105,80551,81976,3344,1919,74388,30965,46595,10650,8009,5020,12841,4667,1463,9123,5213,2633,72695,73600,1693,788,1518.0,2256.0,436.0,-759.0,82.0,710.0,-278.0,664.0,856.0,-256.0,-21.0,-374.0,2155.0,2353.0,-637.0,-835.0,100,25.5,68.4,20.2,6.9,4.2,29.4,4.9,4.6,6.2,2.6,6.6,96.8,98.3,3.2,1.7,100,11.3,73.5,27.4,5.5,0.0,46.7,10.3,0.4,10.1,7.9,0.1,96.0,97.7,4.0,2.3,100,41.6,62.6,14.3,10.8,6.7,17.3,6.3,2.0,12.3,7.0,3.5,97.7,98.9,2.3,1.1,328,96.0,100.0,17.0,14.0,16.0,63.0,22.0,30.0,51.0,30.0,46.0,270,225,307.0,45.0,85.0,22.0,8.0,,56.0,26.0,10.0,51.0,28.0,,175.0,159.0,245.0,80.0,81.0,14.0,15.0,9.0,31.0,13.0,9.0,32.0,31.0,18.0,179.0,157.0,12.9,23.2,22.1,35.4,12.0,19.3,20.3,29.2,16.2,30.7,29.9,46.3,16.2,28.9,29.6,44.5,19.1,24.5,33.9,36.5,17.5,22.5,30.1,31.4,"(CONTRACTS OF 37,500 POUNDS)",A50,FutOnly
raw_cot_data/disaggregated_futures_only/fut_disagg_xls_hist_2006_2016/F_DisAgg06_15.xls,disaggregated_futures_only,fut_disagg_xls_hist_2006_2016,COFFEE C - ICE FUTURES U.S.,140624,2014-06-24,083731,ICUS,1,83,156765,38153,107804,32716,10850,5999,46870,7168,6421,10148,4197,10784,151091,153223,5674,3542,85154,9128,63331,23641,4730,9,38541,7207,485,9000,6549,210,81014,82521,4140,2633,71611,29025,44473,10153,7198,4912,12814,4446,1451,9015,5515,2707,70077,70702,1534,909,-4172.0,-4159.0,-2160.0,333.0,-359.0,-856.0,-294.0,-676.0,547.0,518.0,95.0,663.0,-3248.0,-2746.0,-924.0,-1426.0,100,24.3,68.8,20.9,6.9,3.8,29.9,4.6,4.1,6.5,2.7,6.9,96.4,97.7,3.6,2.3,100,10.7,74.4,27.8,5.6,0.0,45.3,8.5,0.6,10.6,7.7,0.2,95.1,96.9,4.9,3.1,100,40.5,62.1,14.2,10.1,6.9,17.9,6.2,2.0,12.6,7.7,3.8,97.9,98.7,2.1,1.3,325,96.0,99.0,17.0,13.0,16.0,65.0,17.0,28.0,53.0,27.0,45.0,272,216,304.0,44.0,88.0,20.0,9.0,,60.0,20.0,12.0,48.0,30.0,,176.0,159.0,242.0,82.0,78.0,17.0,12.0,10.0,32.0,11.0,8.0,33.0,28.0,18.0,186.0,146.0,13.0,22.8,21.7,35.4,12.4,19.8,20.8,29.7,15.5,29.9,29.2,45.2,15.5,28.9,28.9,44.1,18.0,24.7,32.4,37.1,16.8,22.5,29.1,31.7,"(CONTRACTS OF 37,500 POUNDS)",A50,FutOnly
raw_cot_data/disaggregated_futures_only/fut_disagg_xls_hist_2006_2016/F_DisAgg06_15.xls,disaggregated_futures_only,fut_disagg_xls_hist_2006_2016,COFFEE C - ICE FUTURES U.S.,140617,2014-06-17,083731,ICUS,1,83,160937,42312,109964,32383,11209,6855,47164,7844,5874,9630,4102,10121,154339,155969,6598,4968,93192,13591,67949,24034,5437,512,40174,7639,1067,8478,6119,344,88200,89067,4992,4125,67745,28721,42015,9965,7388,4727,10466,3681,1331,8286,5117,2643,66139,66902,1606,843,-9716.0,-3103.0,331.0,87.0,-124.0,-1296.0,-541.0,288.0,-2512.0,1589.0,-2412.0,-3889.0,-9665.0,-9614.0,-51.0,-102.0,100,26.3,68.3,20.1,7.0,4.3,29.3,4.9,3.6,6.0,2.5,6.3,95.9,96.9,4.1,3.1,100,14.6,72.9,25.8,5.8,0.5,43.1,8.2,1.1,9.1,6.6,0.4,94.6,95.6,5.4,4.4,100,42.4,62.0,14.7,10.9,7.0,15.4,5.4,2.0,12.2,7.6,3.9,97.6,98.8,2.4,1.2,323,97.0,99.0,17.0,14.0,17.0,66.0,20.0,30.0,49.0,29.0,48.0,274,223,302.0,68.0,88.0,20.0,9.0,5.0,62.0,22.0,18.0,47.0,29.0,12.0,209.0,171.0,230.0,78.0,77.0,17.0,12.0,9.0,28.0,13.0,9.0,30.0,27.0,18.0,173.0,147.0,13.0,20.7,22.0,33.9,12.1,17.4,20.1,27.4,14.6,27.3,27.3,42.2,14.6,24.3,26.8,39.1,18.5,24.9,33.7,37.3,17.5,22.0,29.8,31.6,"(CONTRACTS OF 37,500 POUNDS)",A50,FutOnly
raw_cot_data/disaggregated_futures_only/fut_disagg_xls_hist_2006_2016/F_DisAgg06_15.xls,disaggregated_futures_only,fut_disagg_xls_hist_2006_2016,COFFEE C - ICE FUTURES U.S.,140610,2014-06-10,083731,ICUS,1,83,170653,45415,109633,32296,11333,8151,47705,7556,8386,8041,6514,14010,164004,165583,6649,5070,106964,16743,69551,25849,6959,1504,43104,8318,2718,6935,8433,4820,101673,102303,5291,4661,63689,28672,40082,8640,6567,4454,8746,3383,1523,7749,4724,2547,62331,63280,1358,409,5244.0,2915.0,3743.0,461.0,-583.0,1393.0,373.0,309.0,-431.0,828.0,-97.0,-57.0,5482.0,4277.0,-238.0,967.0,100,26.6,64.2,18.9,6.6,4.8,28.0,4.4,4.9,4.7,3.8,8.2,96.1,97.0,3.9,3.0,100,15.7,65.0,24.2,6.5,1.4,40.3,7.8,2.5,6.5,7.9,4.5,95.1,95.6,4.9,4.4,100,45.0,62.9,13.6,10.3,7.0,13.7,5.3,2.4,12.2,7.4,4.0,97.9,99.4,2.1,0.6,337,95.0,95.0,16.0,14.0,18.0,72.0,23.0,35.0,46.0,36.0,53.0,287,233,319.0,59.0,86.0,20.0,10.0,7.0,67.0,25.0,26.0,45.0,37.0,31.0,221.0,197.0,224.0,75.0,74.0,16.0,11.0,10.0,29.0,11.0,7.0,28.0,26.0,18.0,170.0,139.0,11.7,19.7,20.8,31.4,11.1,15.9,18.7,25.4,12.8,22.1,23.8,36.7,12.8,20.5,23.8,33.9,18.0,25.3,32.1,38.0,15.5,22.0,27.2,31.0,"(CONTRACTS OF 37,500 POUNDS)",A50,FutOnly
raw_cot_data/disaggregated_futures_only/fut_disagg_xls_hist_2006_2016/F_DisAgg06_15.xls,disaggregated_futures_only,fut_disagg_xls_hist_2006_2016,COFFEE C - ICE FUTURES U.S.,140603,2014-06-03,083731,ICUS,1,83,165409,42500,105890,31835,11916,6758,47332,7247,8817,7213,6611,14067,158522,161306,6887,4103,105494,13790,69395,26699,7376,695,44314,8004,3075,6552,8585,4697,99822,101827,5672,3667,59915,28710,36495,7768,7172,3431,7103,3328,1657,7346,4711,2685,58700,59479,1215,436,7.0,-815.0,-2373.0,-1108.0,-48.0,448.0,-369.0,747.0,1101.0,-107.0,-530.0,661.0,-189.0,6.0,196.0,1.0,100,25.7,64.0,19.2,7.2,4.1,28.6,4.4,5.3,4.4,4.0,8.5,95.8,97.5,4.2,2.5,100,13.1,65.8,25.3,7.0,0.7,42.0,7.6,2.9,6.2,8.1,4.5,94.6,96.5,5.4,3.5,100,47.9,60.9,13.0,12.0,5.7,11.9,5.6,2.8,12.3,7.9,4.5,98.0,99.3,2.0,0.7,347,102.0,102.0,16.0,15.0,16.0,70.0,25.0,32.0,50.0,34.0,54.0,294,237,331.0,68.0,94.0,20.0,10.0,8.0,67.0,27.0,24.0,46.0,38.0,34.0,234.0,205.0,222.0,79.0,78.0,16.0,11.0,7.0,23.0,12.0,6.0,27.0,27.0,16.0,165.0,140.0,12.1,16.8,21.0,28.7,11.3,14.6,19.5,24.2,13.2,21.8,24.5,35.2,13.2,21.5,24.3,34.6,19.1,21.3,33.0,35.5,16.3,19.1,27.7,29.6,"(CONTRACTS OF 37,500 POUNDS)",A50,FutOnly
raw_cot_data/disaggregated_futures_only/fut_disagg_xls_hist_2006_2016/F_DisAgg06_15.xls,disaggregated_futures_only,fut_disagg_xls_hist_2006_2016,COFFEE C - ICE FUTURES U.S.,140527,2014-05-27,083731,ICUS,1,83,165402,43315,108263,32943,11964,6310,47701,6500,7716,7320,7141,13406,158711,161300,6691,4102,108068,14772,74302,28312,7364,331,45521,7205,1958,7172,8925,4357,102423,104442,5645,3626,57334,28543,33961,7503,7472,3107,6351,3466,1587,7028,5096,2169,56288,56858,1046,476,1512.0,558.0,-622.0,-233.0,-3.0,59.0,317.0,1589.0,12.0,206.0,45.0,-153.0,766.0,927.0,746.0,585.0,100,26.2,65.5,19.9,7.2,3.8,28.8,3.9,4.7,4.4,4.3,8.1,96.0,97.5,4.0,2.5,100,13.7,68.8,26.2,6.8,0.3,42.1,6.7,1.8,6.6,8.3,4.0,94.8,96.6,5.2,3.4,100,49.8,59.2,13.1,13.0,5.4,11.1,6.0,2.8,12.3,8.9,3.8,98.2,99.2,1.8,0.8,351,106.0,106.0,15.0,16.0,12.0,81.0,19.0,31.0,47.0,35.0,51.0,297,233,336.0,73.0,100.0,19.0,11.0,4.0,76.0,22.0,21.0,45.0,38.0,31.0,239.0,202.0,220.0,80.0,79.0,16.0,11.0,6.0,21.0,11.0,5.0,27.0,27.0,16.0,162.0,139.0,11.9,17.7,21.1,28.8,11.4,15.6,19.4,24.7,13.3,22.6,24.4,35.6,13.1,22.6,24.2,34.7,19.6,19.7,33.8,33.2,16.7,16.4,27.4,26.5,"(CONTRACTS OF 37,500 POUNDS)",A50,FutOnly
raw_cot_data/disaggregated_futures_only/fut_disagg_xls_hist_2006_2016/F_DisAgg06_15.xls,disaggregated_futures_only,fut_disagg_xls_hist_2006_2016,COFFEE C - ICE FUTURES U.S.,140520,2014-05-20,083731,ICUS,1,83,163890,42757,108885,33176,11967,6251,47384,4911,7704,7114,7096,13559,157945,160373,5945,3517,107853,14850,75690,28323,7326,305,45674,5739,1854,7101,9167,4685,102792,104766,5061,3087,56037,27907,33195,7499,7287,3300,5973,3435,1587,6672,4588,2215,55153,55607,884,430,3099.0,100.0,1297.0,-44.0,121.0,280.0,102.0,297.0,1015.0,1108.0,-745.0,792.0,3353.0,3057.0,-254.0,42.0,100,26.1,66.4,20.2,7.3,3.8,28.9,3.0,4.7,4.3,4.3,8.3,96.4,97.9,3.6,2.1,100,13.8,70.2,26.3,6.8,0.3,42.3,5.3,1.7,6.6,8.5,4.3,95.3,97.1,4.7,2.9,100,49.8,59.2,13.4,13.0,5.9,10.7,6.1,2.8,11.9,8.2,4.0,98.4,99.2,1.6,0.8,345,104.0,101.0,15.0,16.0,11.0,80.0,15.0,31.0,51.0,32.0,52.0,296,225,333.0,74.0,96.0,19.0,11.0,,79.0,16.0,22.0,50.0,37.0,34.0,244.0,198.0,215.0,77.0,75.0,16.0,11.0,6.0,19.0,12.0,5.0,26.0,28.0,20.0,158.0,139.0,12.0,18.2,21.2,29.8,11.6,16.0,19.5,25.0,13.2,23.1,24.5,36.3,13.0,23.0,24.2,35.3,19.8,19.9,34.4,33.4,17.0,16.3,27.2,26.2,"(CONTRACTS OF 37,500 POUNDS)",A50,FutOnly
raw_cot_data/disaggregated_futures_only/fut_disagg_xls_hist_2006_2016/F_DisAgg06_15.xls,disaggregated_futures_only,fut_disagg_xls_hist_2006_2016,COFFEE C - ICE FUTURES U.S.,140513,2014-05-13,083731,ICUS,1,83,160791,42657,107588,33220,11846,5971,47282,4614,6689,6006,7841,12767,154592,157316,6199,3475,108385,14597,77631,28817,7324,125,47088,4098,2079,6130,9949,4171,103007,105377,5378,3008,52406,28060,29957,7162,7281,3087,3317,3639,1487,6362,4378,2110,51585,51939,821,467,2519.0,3122.0,-2797.0,-495.0,2034.0,233.0,-1554.0,965.0,1354.0,230.0,180.0,-164.0,2726.0,1805.0,-207.0,714.0,100,26.5,66.9,20.7,7.4,3.7,29.4,2.9,4.2,3.7,4.9,7.9,96.1,97.8,3.9,2.2,100,13.5,71.6,26.6,6.8,0.1,43.4,3.8,1.9,5.7,9.2,3.8,95.0,97.2,5.0,2.8,100,53.5,57.2,13.7,13.9,5.9,6.3,6.9,2.8,12.1,8.4,4.0,98.4,99.1,1.6,0.9,335,106.0,102.0,16.0,15.0,11.0,74.0,15.0,30.0,47.0,33.0,47.0,286,220,326.0,78.0,96.0,18.0,12.0,,76.0,15.0,22.0,42.0,39.0,30.0,238.0,193.0,208.0,81.0,76.0,16.0,11.0,6.0,16.0,11.0,5.0,27.0,23.0,18.0,159.0,133.0,12.7,18.6,22.3,30.1,11.7,16.3,19.7,25.1,14.0,23.2,25.5,36.7,14.0,23.2,25.2,35.7,21.0,19.6,34.6,32.9,17.0,15.7,26.2,26.0,"(CONTRACTS OF 37,500 POUNDS)",A50,FutOnly
raw_cot_data/disaggregated_futures_only/fut_disagg_xls_hist_2006_2016/F_DisAgg06_15.xls,disaggregated_futures_only,fut_disagg_xls_hist_2006_2016,COFFEE C - ICE FUTURES U.S.,140506,2014-05-06,083731,ICUS,1,83,158272,39535,110385,33715,9812,5738,48836,3649,5335,5776,7661,12931,151866,155511,6406,2761,111594,14503,83466,30929,6436,353,48030,3049,1493,6111,9982,4556,105975,109335,5619,2259,46678,25032,26919,5638,6228,2533,2998,2792,1650,5774,3788,2266,45891,46176,787,502,880.0,4.0,-1026.0,-178.0,561.0,-261.0,395.0,-323.0,-18.0,-93.0,752.0,887.0,736.0,572.0,144.0,308.0,100,25.0,69.7,21.3,6.2,3.6,30.9,2.3,3.4,3.6,4.8,8.2,96.0,98.3,4.0,1.7,100,13.0,74.8,27.7,5.8,0.3,43.0,2.7,1.3,5.5,8.9,4.1,95.0,98.0,5.0,2.0,100,53.6,57.7,12.1,13.3,5.4,6.4,6.0,3.5,12.4,8.1,4.9,98.3,98.9,1.7,1.1,334,103.0,104.0,16.0,15.0,11.0,81.0,13.0,28.0,47.0,31.0,48.0,288,216,326.0,76.0,100.0,19.0,11.0,,80.0,14.0,22.0,44.0,34.0,28.0,240.0,193.0,203.0,80.0,78.0,13.0,11.0,6.0,16.0,9.0,,28.0,21.0,18.0,152.0,132.0,11.9,18.9,21.7,31.1,11.4,16.9,19.5,26.3,13.2,23.4,24.2,37.1,13.2,23.4,24.1,35.9,19.2,20.2,33.5,33.6,14.7,15.4,23.2,22.8,"(CONTRACTS OF 37,500 POUNDS)",A50,FutOnly
raw_cot_data/disaggregated_futures_only/fut_disagg_xls_hist_2006_2016/F_DisAgg06_15.xls,disaggregated_futures_only,fut_disagg_xls_hist_2006_2016,COFFEE C - ICE FUTURES U.S.,140429,2014-04-29,083731,ICUS,1,83,157392,39531,111411,33893,9251,5999,48441,3972,5353,5869,6909,12044,151130,154939,6262,2453,112090,15743,84990,32144,5800,358,47019,3370,1915,5597,9703,3799,106575,109935,5515,2155,45302,23788,26421,5074,6776,2316,2750,1930,2110,6047,2981,2470,44555,45004,747,298,4886.0,1447.0,2010.0,-179.0,2.0,1055.0,2751.0,-574.0,747.0,-239.0,618.0,934.0,6516.0,4792.0,-1630.0,94.0,100,25.1,70.8,21.5,5.9,3.8,30.8,2.5,3.4,3.7,4.4,7.7,96.0,98.4,4.0,1.6,100,14.0,75.8,28.7,5.2,0.3,41.9,3.0,1.7,5.0,8.7,3.4,95.1,98.1,4.9,1.9,100,52.5,58.3,11.2,15.0,5.1,6.1,4.3,4.7,13.3,6.6,5.5,98.4,99.3,1.6,0.7,330,103.0,103.0,16.0,15.0,12.0,81.0,14.0,22.0,45.0,29.0,47.0,283,210,322.0,79.0,98.0,19.0,11.0,,81.0,13.0,18.0,37.0,37.0,26.0,237.0,186.0,201.0,78.0,78.0,12.0,12.0,7.0,15.0,8.0,,31.0,19.0,21.0,153.0,133.0,11.8,19.2,21.3,31.6,11.0,17.0,19.3,26.6,13.4,23.4,24.7,37.3,13.4,23.4,24.6,35.8,20.1,20.6,34.8,34.0,13.7,15.7,21.5,24.1,"(CONTRACTS OF 37,500 POUNDS)",A50,FutOnly
raw_cot_data/disaggregated_futures_only/fut_disagg_xls_hist_2006_2016/F_DisAgg06_15.xls,disaggregated_futures_only,fut_disagg_xls_hist_2006_2016,COFFEE C - ICE FUTURES U.S.,140422,2014-04-22,083731,ICUS,1,83,152506,38084,109401,34072,9249,4944,45690,4546,4606,6108,6291,11110,144614,150147,7892,2359,110917,16804,84013,31636,5541,369,44364,3999,1974,5727,9254,3646,104520,108796,6397,2121,41589,21280,25388,4934,6206,2077,2034,1255,1924,5770,2426,2075,40094,41351,1495,238,-3437.0,-2259.0,-1997.0,-853.0,1070.0,-164.0,668.0,-243.0,-358.0,-400.0,36.0,719.0,-2647.0,-937.0,-790.0,-2500.0,100,25.0,71.7,22.3,6.1,3.2,30.0,3.0,3.0,4.0,4.1,7.3,94.8,98.5,5.2,1.5,100,15.2,75.7,28.5,5.0,0.3,40.0,3.6,1.8,5.2,8.3,3.3,94.2,98.1,5.8,1.9,100,51.2,61.0,11.9,14.9,5.0,4.9,3.0,4.6,13.9,5.8,5.0,96.4,99.4,3.6,0.6,335,95.0,104.0,16.0,16.0,11.0,83.0,15.0,26.0,47.0,30.0,47.0,278,220,328.0,75.0,99.0,19.0,12.0,,81.0,15.0,21.0,39.0,40.0,28.0,236.0,199.0,191.0,72.0,75.0,12.0,13.0,5.0,14.0,8.0,,28.0,17.0,18.0,141.0,127.0,11.5,20.0,20.6,32.5,11.1,17.8,19.6,27.3,13.2,23.8,24.6,37.8,13.2,23.8,24.4,37.1,19.6,21.7,33.9,35.7,13.2,17.2,21.3,26.5,"(CONTRACTS OF 37,500 POUNDS)",A50,FutOnly
raw_cot_data/disaggregated_futures_only/fut_disagg_xls_hist_2006_2016/F_DisAgg06_15.xls,disaggregated_futures_only,fut_disagg_xls_hist_2006_2016,COFFEE C - ICE FUTURES U.S.,140415,2014-04-15,083731,ICUS,1,83,155943,40343,111398,34925,8179,5108,45022,4789,4964,6508,6255,10391,147261,151084,8682,4859,116477,20877,86944,31949,5240,1097,43434,4190,2472,5638,8289,3721,109188,111953,7289,4524,39466,19466,24454,4990,4953,1997,2182,1193,1898,5287,2383,2253,38073,39131,1393,335,-11286.0,-43.0,514.0,-2224.0,-341.0,254.0,-1739.0,-2424.0,-2599.0,-303.0,-2989.0,-5982.0,-12636.0,-13567.0,1350.0,2281.0,100,25.9,71.4,22.4,5.2,3.3,28.9,3.1,3.2,4.2,4.0,6.7,94.4,96.9,5.6,3.1,100,17.9,74.6,27.4,4.5,0.9,37.3,3.6,2.1,4.8,7.1,3.2,93.7,96.1,6.3,3.9,100,49.3,62.0,12.6,12.6,5.1,5.5,3.0,4.8,13.4,6.0,5.7,96.5,99.2,3.5,0.8,318,97.0,102.0,17.0,14.0,16.0,77.0,16.0,25.0,40.0,30.0,45.0,270,216,312.0,76.0,97.0,20.0,10.0,8.0,77.0,15.0,24.0,34.0,39.0,28.0,231.0,198.0,186.0,74.0,74.0,13.0,11.0,6.0,14.0,6.0,4.0,29.0,16.0,19.0,146.0,121.0,11.1,19.4,19.8,31.4,10.8,18.1,18.9,27.2,12.5,22.2,23.4,35.6,12.5,22.2,23.2,33.9,19.9,21.3,33.5,35.9,13.5,17.6,21.9,26.3,"(CONTRACTS OF 37,500 POUNDS)",A50,FutOnly
raw_cot_data/disaggregated_futures_only/fut_disagg_xls_hist_2006_2016/F_DisAgg06_15.xls,disaggregated_futures_only,fut_disagg_xls_hist_2006_2016,COFFEE C - ICE FUTURES U.S.,140408,2014-04-08,083731,ICUS,1,83,167229,40386,110884,37149,8520,4854,46761,7213,7563,6811,9244,16373,159897,164651,7332,2578,128955,20750,87335,35269,5233,1096,44758,6437,5136,5786,11055,10133,122928,126425,6027,2530,38274,19636,23549,3863,5270,1775,2528,1301,1902,5137,2301,2128,36969,38226,1305,48,-4878.0,-5915.0,-5696.0,1105.0,-82.0,51.0,-2549.0,-652.0,-29.0,272.0,369.0,2400.0,-4665.0,-3639.0,-213.0,-1239.0,100,24.2,66.3,22.2,5.1,2.9,28.0,4.3,4.5,4.1,5.5,9.8,95.6,98.5,4.4,1.5,100,16.1,67.7,27.3,4.1,0.8,34.7,5.0,4.0,4.5,8.6,7.9,95.3,98.0,4.7,2.0,100,51.3,61.5,10.1,13.8,4.6,6.6,3.4,5.0,13.4,6.0,5.6,96.6,99.9,3.4,0.1,345,94.0,100.0,18.0,13.0,17.0,78.0,19.0,34.0,53.0,37.0,55.0,295,233,336.0,78.0,96.0,20.0,10.0,7.0,75.0,19.0,32.0,51.0,39.0,41.0,265.0,209.0,188.0,69.0,75.0,12.0,11.0,7.0,15.0,6.0,4.0,31.0,16.0,21.0,140.0,128.0,10.8,18.5,19.0,30.1,10.3,16.4,18.0,25.0,12.1,20.8,22.1,33.2,12.1,19.7,22.0,30.4,20.5,22.2,34.5,37.4,14.0,18.2,22.6,27.6,"(CONTRACTS OF 37,500 POUNDS)",A50,FutOnly
raw_cot_data/disaggregated_futures_only/fut_disagg_xls_hist_2006_2016/F_DisAgg06_15.xls,disaggregated_futures_only,fut_disagg_xls_hist_2006_2016,COFFEE C - ICE FUTURES U.S.,140401,2014-04-01,083731,ICUS,1,83,172107,46301,116580,36044,8602,4803,49310,7865,7592,6539,8875,13973,164562,168290,7545,3817,134859,27452,94051,34975,5111,1027,47146,7470,4804,5278,10879,7681,128363,131023,6496,3836,37248,18849,22529,3256,5678,1589,3053,1284,1899,5397,2132,2156,36199,37267,1049,-19,-1748.0,561.0,-3329.0,-28.0,83.0,366.0,-2304.0,737.0,222.0,487.0,475.0,369.0,-327.0,-1077.0,-1421.0,-671.0,100,26.9,67.7,20.9,5.0,2.8,28.7,4.6,4.4,3.8,5.2,8.1,95.6,97.8,4.4,2.2,100,20.4,69.7,25.9,3.8,0.8,35.0,5.5,3.6,3.9,8.1,5.7,95.2,97.2,4.8,2.8,100,50.6,60.5,8.7,15.2,4.3,8.2,3.4,5.1,14.5,5.7,5.8,97.2,100.1,2.8,-0.1,338,100.0,99.0,17.0,14.0,16.0,74.0,20.0,35.0,51.0,34.0,55.0,293,233,331.0,87.0,94.0,20.0,10.0,7.0,72.0,20.0,32.0,49.0,38.0,44.0,267.0,212.0,184.0,69.0,75.0,10.0,13.0,4.0,15.0,6.0,4.0,33.0,13.0,16.0,137.0,122.0,11.3,19.4,20.1,31.3,9.9,15.3,17.5,23.7,12.2,22.3,22.8,34.7,11.6,18.4,21.6,28.3,20.4,22.0,34.2,37.6,13.7,18.0,22.4,27.6,"(CONTRACTS OF 37,500 POUNDS)",A50,FutOnly
raw_cot_data/disaggregated_futures_only/fut_disagg_xls_hist_2006_2016/F_DisAgg06_15.xls,disaggregated_futures_only,fut_disagg_xls_hist_2006_2016,COFFEE C - ICE FUTURES U.S.,140325,2014-03-25,083731,ICUS,1,83,173855,45740,119909,36072,8519,4437,51614,7128,7370,6052,8400,13604,164889,169367,8966,4488,139856,27683,99576,35728,4996,947,50452,6746,5013,4685,10580,7565,132073,135423,7783,4433,33999,18057,20333,2270,5449,1564,2112,1332,1407,5467,1920,1939,32816,33944,1183,55,2321.0,1336.0,99.0,-1856.0,-13.0,681.0,2936.0,-146.0,-82.0,-1686.0,1731.0,888.0,2217.0,3158.0,104.0,-837.0,100,26.3,69.0,20.7,4.9,2.6,29.7,4.1,4.2,3.5,4.8,7.8,94.8,97.4,5.2,2.6,100,19.8,71.2,25.5,3.6,0.7,36.1,4.8,3.6,3.3,7.6,5.4,94.4,96.8,5.6,3.2,100,53.1,59.8,6.7,16.0,4.6,6.2,3.9,4.1,16.1,5.6,5.7,96.5,99.8,3.5,0.2,329,99.0,103.0,17.0,13.0,14.0,73.0,19.0,33.0,43.0,34.0,53.0,283,229,326.0,88.0,101.0,21.0,9.0,6.0,72.0,18.0,27.0,40.0,41.0,41.0,260.0,210.0,178.0,69.0,73.0,11.0,11.0,4.0,12.0,7.0,5.0,26.0,16.0,15.0,130.0,120.0,11.4,20.2,20.7,32.1,10.5,15.4,18.0,23.8,12.8,23.3,23.5,35.2,12.7,18.8,22.2,28.6,22.4,22.2,34.9,39.1,13.1,18.5,21.9,29.1,"(CONTRACTS OF 37,500 POUNDS)",A50,FutOnly
raw_cot_data/disaggregated_futures_only/fut_disagg_xls_hist_2006_2016/F_DisAgg06_15.xls,disaggregated_futures_only,fut_disagg_xls_hist_2006_2016,COFFEE C - ICE FUTURES U.S.,140318,2014-03-18,083731,ICUS,1,83,171534,44404,119810,37928,8532,3756,48678,7274,7452,7738,6669,12716,162672,166209,8862,5325,140183,27604,100225,37816,5404,1006,47600,6852,5318,6112,9428,6911,132367,135144,7816,5039,31351,16800,19585,1874,4890,988,1802,1146,1410,5459,1074,1972,30305,31065,1046,286,4150.0,-483.0,788.0,-2597.0,749.0,19.0,4641.0,-718.0,1762.0,-523.0,-212.0,1217.0,4036.0,3605.0,114.0,545.0,100,25.9,69.8,22.1,5.0,2.2,28.4,4.2,4.3,4.5,3.9,7.4,94.8,96.9,5.2,3.1,100,19.7,71.5,27.0,3.9,0.7,34.0,4.9,3.8,4.4,6.7,4.9,94.4,96.4,5.6,3.6,100,53.6,62.5,6.0,15.6,3.2,5.7,3.7,4.5,17.4,3.4,6.3,96.7,99.1,3.3,0.9,338,98.0,102.0,18.0,12.0,12.0,72.0,25.0,30.0,49.0,38.0,48.0,284,227,336.0,88.0,99.0,21.0,9.0,6.0,71.0,25.0,25.0,44.0,46.0,40.0,265.0,212.0,167.0,65.0,70.0,10.0,12.0,4.0,7.0,8.0,4.0,29.0,10.0,13.0,120.0,113.0,12.3,21.0,21.7,33.8,11.1,16.2,19.2,24.8,13.8,23.9,24.5,36.6,13.8,19.6,23.6,29.4,22.8,22.0,36.5,39.6,12.9,19.9,22.0,30.2,"(CONTRACTS OF 37,500 POUNDS)",A50,FutOnly
raw_cot_data/disaggregated_futures_only/fut_disagg_xls_hist_2006_2016/F_DisAgg06_15.xls,disaggregated_futures_only,fut_disagg_xls_hist_2006_2016,COFFEE C - ICE FUTURES U.S.,140311,2014-03-11,083731,ICUS,1,83,167384,44887,119022,40525,7783,3737,44037,7992,5690,8261,6881,11499,158636,162604,8748,4780,137907,28142,100158,40465,4512,1476,42604,7949,3860,7091,8942,6508,130146,133405,7761,4502,29477,16745,18864,1630,4841,691,1876,486,1387,4517,1286,1644,28490,29199,987,278,6725.0,5985.0,5690.0,-1813.0,1963.0,-617.0,3319.0,-3258.0,14.0,-1531.0,1942.0,1614.0,6971.0,7348.0,-246.0,-623.0,100,26.8,71.1,24.2,4.6,2.2,26.3,4.8,3.4,4.9,4.1,6.9,94.8,97.1,5.2,2.9,100,20.4,72.6,29.3,3.3,1.1,30.9,5.8,2.8,5.1,6.5,4.7,94.4,96.7,5.6,3.3,100,56.8,64.0,5.5,16.4,2.3,6.4,1.6,4.7,15.3,4.4,5.6,96.7,99.1,3.3,0.9,348,103.0,107.0,18.0,11.0,12.0,71.0,24.0,28.0,54.0,40.0,52.0,293,234,345.0,89.0,104.0,21.0,8.0,6.0,71.0,23.0,24.0,49.0,48.0,43.0,271.0,217.0,172.0,66.0,71.0,9.0,12.0,4.0,7.0,7.0,4.0,26.0,15.0,15.0,120.0,118.0,12.2,21.3,21.9,33.8,11.5,16.5,19.8,25.3,14.3,24.0,24.7,36.7,14.3,19.7,24.1,29.8,22.2,22.6,37.0,39.4,13.5,20.7,22.5,32.1,"(CONTRACTS OF 37,500 POUNDS)",A50,FutOnly
raw_cot_data/disaggregated_futures_only/fut_disagg_xls_hist_2006_2016/F_DisAgg06_15.xls,disaggregated_futures_only,fut_disagg_xls_hist_2006_2016,COFFEE C - ICE FUTURES U.S.,140304,2014-03-04,083731,ICUS,1,83,160659,38902,113332,42338,5820,4354,40718,11250,5676,9792,4939,9885,151665,155256,8994,5403,134208,23413,95221,43176,4100,1523,39161,11383,3898,8665,6382,6580,126416,129087,7792,5121,26451,15489,18111,1463,4021,530,2045,355,1290,3593,1023,839,25249,26169,1202,282,-558.0,3488.0,3506.0,-1970.0,38.0,728.0,-2756.0,-3245.0,81.0,1339.0,-86.0,-556.0,354.0,466.0,-912.0,-1024.0,100,24.2,70.5,26.4,3.6,2.7,25.3,7.0,3.5,6.1,3.1,6.2,94.4,96.6,5.6,3.4,100,17.4,71.0,32.2,3.1,1.1,29.2,8.5,2.9,6.5,4.8,4.9,94.2,96.2,5.8,3.8,100,58.6,68.5,5.5,15.2,2.0,7.7,1.3,4.9,13.6,3.9,3.2,95.5,98.9,4.5,1.1,340,105.0,101.0,19.0,10.0,11.0,65.0,26.0,29.0,56.0,36.0,46.0,288,224,337.0,92.0,98.0,21.0,8.0,5.0,65.0,26.0,26.0,57.0,38.0,41.0,270.0,209.0,166.0,69.0,66.0,9.0,11.0,5.0,8.0,5.0,,20.0,18.0,12.0,119.0,108.0,13.1,21.3,21.5,33.1,12.4,17.7,20.5,27.3,15.3,23.9,25.0,36.0,15.3,20.5,24.8,31.0,23.4,23.7,37.0,41.1,13.1,21.2,22.5,34.5,"(CONTRACTS OF 37,500 POUNDS)",A50,FutOnly
raw_cot_data/disaggregated_futures_only/fut_disagg_xls_hist_2006_2016/F_DisAgg06_15.xls,disaggregated_futures_only,fut_disagg_xls_hist_2006_2016,COFFEE C - ICE FUTURES U.S.,140225,2014-02-25,083731,ICUS,1,83,161217,35414,109826,44308,5782,3626,43474,14495,5595,8453,5025,10441,151311,154790,9906,6427,137161,21789,94008,44881,4080,394,42176,14679,4605,8565,6970,6256,128666,130992,8495,6169,24056,13625,15818,2061,4336,598,2026,544,262,3245,1412,828,22645,23798,1411,258,-3927.0,-3284.0,-2113.0,-1798.0,1138.0,457.0,-1469.0,-5314.0,-491.0,582.0,407.0,1441.0,-4562.0,-4475.0,635.0,548.0,100,22.0,68.1,27.5,3.6,2.2,27.0,9.0,3.5,5.2,3.1,6.5,93.9,96.0,6.1,4.0,100,15.9,68.5,32.7,3.0,0.3,30.7,10.7,3.4,6.2,5.1,4.6,93.8,95.5,6.2,4.5,100,56.6,65.8,8.6,18.0,2.5,8.4,2.3,1.1,13.5,5.9,3.4,94.1,98.9,5.9,1.1,337,96.0,94.0,19.0,10.0,9.0,63.0,32.0,29.0,61.0,35.0,44.0,283,215,334.0,85.0,92.0,22.0,7.0,,63.0,31.0,27.0,58.0,40.0,40.0,267.0,203.0,149.0,61.0,61.0,10.0,9.0,,8.0,5.0,,20.0,13.0,11.0,108.0,95.0,12.7,21.7,22.8,33.3,11.9,18.7,21.6,28.7,14.5,23.7,26.0,36.2,14.5,21.0,25.8,32.1,23.1,24.0,36.4,42.0,15.3,20.2,24.7,34.6,"(CONTRACTS OF 37,500 POUNDS)",A50,FutOnly
raw_cot_data/disaggregated_futures_only/fut_disagg_xls_hist_2006_2016/F_DisAgg06_15.xls,disaggregated_futures_only,fut_disagg_xls_hist_2006_2016,COFFEE C - ICE FUTURES U.S.,140218,2014-02-18,083731,ICUS,1,83,165144,38698,111939,46106,4644,3169,44943,19809,6086,7871,4618,9000,155873,159265,9271,5879,144245,26620,97858,46145,3801,380,43637,19866,5492,8128,5889,5151,135553,138437,8692,5808,20899,12078,14081,2115,2997,635,1891,528,9,2675,1661,917,20320,20828,579,71,1010.0,4175.0,10160.0,-2039.0,788.0,616.0,3318.0,-5113.0,-1844.0,605.0,-386.0,-2652.0,2179.0,1569.0,-1169.0,-559.0,100,23.4,67.8,27.9,2.8,1.9,27.2,12.0,3.7,4.8,2.8,5.4,94.4,96.4,5.6,3.6,100,18.5,67.8,32.0,2.6,0.3,30.3,13.8,3.8,5.6,4.1,3.6,94.0,96.0,6.0,4.0,100,57.8,67.4,10.1,14.3,3.0,9.0,2.5,0.0,12.8,7.9,4.4,97.2,99.7,2.8,0.3,335,93.0,94.0,20.0,8.0,8.0,62.0,37.0,29.0,54.0,37.0,45.0,274,221,332.0,84.0,93.0,21.0,6.0,,60.0,38.0,27.0,53.0,40.0,42.0,259.0,213.0,137.0,59.0,54.0,11.0,6.0,4.0,5.0,6.0,,18.0,11.0,11.0,101.0,86.0,14.1,21.9,24.6,33.4,12.4,16.8,22.3,27.4,15.5,23.4,27.3,36.0,14.3,18.2,25.5,30.0,23.6,28.5,38.1,47.5,15.3,22.8,26.3,36.2,"(CONTRACTS OF 37,500 POUNDS)",A50,FutOnly
raw_cot_data/disaggregated_futures_only/fut_disagg_xls_hist_2006_2016/F_DisAgg06_15.xls,disaggregated_futures_only,fut_disagg_xls_hist_2006_2016,COFFEE C - ICE FUTURES U.S.,140211,2014-02-11,083731,ICUS,1,83,164134,34523,101779,48145,3856,2553,41625,24922,7930,7266,5004,11652,153694,157696,10440,6438,145262,24321,88212,47190,3740,876,40582,24846,7578,7655,6171,7732,135934,139155,9328,6107,18872,10202,13567,2072,1233,560,1386,419,9,2399,1621,1132,17760,18541,1112,331,4153.0,4914.0,14727.0,-1095.0,-94.0,-139.0,-878.0,-9091.0,237.0,-133.0,-1298.0,956.0,3862.0,5298.0,291.0,-1145.0,100,21.0,62.0,29.3,2.3,1.6,25.4,15.2,4.8,4.4,3.0,7.1,93.6,96.1,6.4,3.9,100,16.7,60.7,32.5,2.6,0.6,27.9,17.1,5.2,5.3,4.2,5.3,93.6,95.8,6.4,4.2,100,54.1,71.9,11.0,6.5,3.0,7.3,2.2,0.0,12.7,8.6,6.0,94.1,98.2,5.9,1.8,341,91.0,90.0,22.0,6.0,11.0,67.0,39.0,27.0,57.0,34.0,47.0,282,221,340.0,84.0,90.0,22.0,6.0,4.0,67.0,39.0,26.0,56.0,37.0,45.0,273.0,212.0,130.0,58.0,49.0,10.0,5.0,4.0,4.0,6.0,,18.0,10.0,9.0,96.0,79.0,13.3,17.2,23.3,28.3,13.0,14.9,22.9,24.7,14.4,17.8,25.6,29.8,14.4,16.0,25.5,26.5,23.7,30.5,38.7,48.4,16.0,24.4,28.3,39.6,"(CONTRACTS OF 37,500 POUNDS)",A50,FutOnly
raw_cot_data/disaggregated_futures_only/fut_disagg_xls_hist_2006_2016/F_DisAgg06_15.xls,disaggregated_futures_only,fut_disagg_xls_hist_2006_2016,COFFEE C - ICE FUTURES U.S.,140204,2014-02-04,083731,ICUS,1,83,159981,29609,87052,49240,3950,2692,42503,34013,7693,7399,6302,10696,149832,152398,10149,7583,143330,21236,75630,48380,3856,1016,41517,33918,7364,7849,7369,6911,134273,136064,9057,7266,16651,8373,11422,1992,1226,544,1306,415,9,2161,1544,1174,15559,16334,1092,317,7774.0,-1934.0,14893.0,3131.0,-686.0,280.0,5003.0,-10510.0,1060.0,-902.0,115.0,2344.0,8982.0,7496.0,-1208.0,278.0,100,18.5,54.4,30.8,2.5,1.7,26.6,21.3,4.8,4.6,3.9,6.7,93.7,95.3,6.3,4.7,100,14.8,52.8,33.8,2.7,0.7,29.0,23.7,5.1,5.5,5.1,4.8,93.7,94.9,6.3,5.1,100,50.3,68.6,12.0,7.4,3.3,7.8,2.5,0.1,13.0,9.3,7.1,93.4,98.1,6.6,1.9,355,95.0,87.0,23.0,7.0,11.0,71.0,42.0,29.0,56.0,45.0,44.0,293,224,354.0,91.0,87.0,23.0,7.0,4.0,71.0,42.0,28.0,57.0,46.0,43.0,287.0,216.0,121.0,53.0,47.0,9.0,5.0,4.0,,6.0,,14.0,13.0,10.0,86.0,80.0,14.0,14.9,24.7,25.5,13.7,13.5,24.3,23.7,15.1,15.7,26.9,26.6,15.1,14.7,26.7,25.3,23.8,31.8,40.4,51.5,18.1,31.1,32.8,45.2,"(CONTRACTS OF 37,500 POUNDS)",A50,FutOnly
raw_cot_data/disaggregated_futures_only/fut_disagg_xls_hist_2006_2016/F_DisAgg06_15.xls,disaggregated_futures_only,fut_disagg_xls_hist_2006_2016,COFFEE C - ICE FUTURES U.S.,140128,2014-01-28,083731,ICUS,1,83,152207,31543,72159,46109,4636,2412,37500,44523,6633,8301,6187,8352,140850,144902,11357,7305,138449,24649,62726,44625,4247,1692,36324,44321,6457,8938,6495,5396,128081,131334,10368,7115,13758,6894,9433,2144,1049,60,1343,369,9,1078,1407,1241,12769,13568,989,190,5321.0,2389.0,19.0,4.0,-132.0,661.0,1450.0,4301.0,1395.0,-251.0,-327.0,-529.0,5119.0,5388.0,202.0,-67.0,100,20.7,47.4,30.3,3.0,1.6,24.6,29.3,4.4,5.5,4.1,5.5,92.5,95.2,7.5,4.8,100,17.8,45.3,32.2,3.1,1.2,26.2,32.0,4.7,6.5,4.7,3.9,92.5,94.9,7.5,5.1,100,50.1,68.6,15.6,7.6,0.4,9.8,2.7,0.1,7.8,10.2,9.0,92.8,98.6,7.2,1.4,355,91.0,82.0,22.0,8.0,11.0,55.0,61.0,32.0,54.0,46.0,45.0,271,244,354.0,89.0,80.0,23.0,7.0,6.0,56.0,60.0,32.0,57.0,44.0,42.0,268.0,234.0,121.0,52.0,45.0,9.0,4.0,4.0,,7.0,,13.0,14.0,10.0,87.0,76.0,14.6,13.6,25.9,23.5,14.0,12.3,24.6,21.6,15.7,14.3,28.0,24.5,15.0,13.2,26.6,23.0,29.5,37.5,47.0,58.4,23.8,35.0,38.9,49.7,"(CONTRACTS OF 37,500 POUNDS)",A50,FutOnly
raw_cot_data/disaggregated_futures_only/fut_disagg_xls_hist_2006_2016/F_DisAgg06_15.xls,disaggregated_futures_only,fut_disagg_xls_hist_2006_2016,COFFEE C - ICE FUTURES U.S.,140121,2014-01-21,083731,ICUS,1,83,146886,29154,72140,46105,4768,1751,36050,40222,5238,8552,6514,8881,135731,139514,11155,7372,133555,22189,63058,44958,4340,1037,34923,40048,5013,9010,6667,6203,123333,126366,10222,7189,13331,6965,9082,1801,1082,60,1343,390,9,958,1263,1262,12398,13148,933,183,438.0,-34.0,-1310.0,-576.0,-242.0,643.0,-288.0,2435.0,9.0,-459.0,-1220.0,214.0,-491.0,529.0,929.0,-91.0,100,19.8,49.1,31.4,3.2,1.2,24.5,27.4,3.6,5.8,4.4,6.0,92.4,95.0,7.6,5.0,100,16.6,47.2,33.7,3.2,0.8,26.1,30.0,3.8,6.7,5.0,4.6,92.3,94.6,7.7,5.4,100,52.2,68.1,13.5,8.1,0.5,10.1,2.9,0.1,7.2,9.5,9.5,93.0,98.6,7.0,1.4,348,94.0,82.0,23.0,8.0,12.0,52.0,57.0,25.0,61.0,39.0,44.0,274,229,347.0,91.0,80.0,24.0,7.0,8.0,53.0,56.0,25.0,63.0,38.0,40.0,270.0,219.0,118.0,53.0,45.0,9.0,4.0,4.0,,7.0,,11.0,13.0,10.0,86.0,75.0,14.6,14.0,26.4,24.0,14.3,12.7,25.3,22.3,15.9,14.7,28.7,25.2,15.5,13.6,27.6,23.6,30.2,36.1,49.4,57.7,24.4,33.3,40.7,48.4,"(CONTRACTS OF 37,500 POUNDS)",A50,FutOnly
raw_cot_data/disaggregated_futures_only/fut_disagg_xls_hist_2006_2016/F_DisAgg06_15.xls,disaggregated_futures_only,fut_disagg_xls_hist_2006_2016,COFFEE C - ICE FUTURES U.S.,140114,2014-01-14,083731,ICUS,1,83,146448,29188,73450,46681,5010,1108,36338,37787,5229,9011,7734,8667,136222,138985,10226,7463,133563,21932,65022,45542,4549,403,35598,37604,4976,9703,7809,5890,124044,126253,9519,7310,12885,7256,8428,1784,1106,60,984,427,9,880,1497,1205,12178,12732,707,153,3461.0,-3020.0,3775.0,3253.0,102.0,329.0,648.0,-2559.0,-795.0,845.0,1195.0,755.0,2015.0,2802.0,1446.0,659.0,100,19.9,50.2,31.9,3.4,0.8,24.8,25.8,3.6,6.2,5.3,5.9,93.0,94.9,7.0,5.1,100,16.4,48.7,34.1,3.4,0.3,26.7,28.2,3.7,7.3,5.8,4.4,92.9,94.5,7.1,5.5,100,56.3,65.4,13.8,8.6,0.5,7.6,3.3,0.1,6.8,11.6,9.4,94.5,98.8,5.5,1.2,352,97.0,83.0,23.0,8.0,12.0,52.0,56.0,29.0,63.0,39.0,42.0,282,228,350.0,92.0,80.0,24.0,7.0,8.0,53.0,55.0,29.0,66.0,37.0,38.0,276.0,216.0,118.0,50.0,45.0,9.0,4.0,4.0,,7.0,,12.0,13.0,9.0,82.0,76.0,14.6,14.1,26.5,24.4,14.4,12.8,25.6,22.6,15.8,14.8,28.8,25.5,15.6,13.7,27.8,24.1,29.6,33.1,48.3,55.5,23.7,30.9,40.0,46.4,"(CONTRACTS OF 37,500 POUNDS)",A50,FutOnly
raw_cot_data/disaggregated_futures_only/fut_disagg_xls_hist_2006_2016/F_DisAgg06_15.xls,disaggregated_futures_only,fut_disagg_xls_hist_2006_2016,COFFEE C - ICE FUTURES U.S.,140107,2014-01-07,083731,ICUS,1,83,142987,32208,69675,43428,4908,779,35690,40346,6024,8166,6539,7912,134207,136183,8780,6804,131205,25346,61803,42407,4513,109,35408,40215,5770,8672,6861,5415,123127,124686,8078,6519,11782,6862,7872,1631,1005,60,527,376,9,892,1076,1099,11080,11497,702,285,1083.0,-942.0,3618.0,-152.0,23.0,105.0,1151.0,-4619.0,102.0,24.0,538.0,112.0,400.0,-121.0,683.0,1204.0,100,22.5,48.7,30.4,3.4,0.5,25.0,28.2,4.2,5.7,4.6,5.5,93.9,95.2,6.1,4.8,100,19.3,47.1,32.3,3.4,0.1,27.0,30.7,4.4,6.6,5.2,4.1,93.8,95.0,6.2,5.0,100,58.2,66.8,13.8,8.5,0.5,4.5,3.2,0.1,7.6,9.1,9.3,94.0,97.6,6.0,2.4,356,97.0,84.0,22.0,9.0,11.0,59.0,57.0,30.0,54.0,41.0,41.0,284,228,355.0,94.0,81.0,23.0,8.0,7.0,59.0,57.0,30.0,56.0,41.0,38.0,279.0,219.0,114.0,54.0,41.0,9.0,,4.0,,7.0,,13.0,9.0,8.0,84.0,68.0,14.0,14.0,25.4,24.6,14.0,12.7,24.6,22.6,15.1,14.9,27.4,25.8,15.1,13.7,26.6,24.3,31.5,34.4,51.1,58.1,25.9,31.7,42.3,48.2,"(CONTRACTS OF 37,500 POUNDS)",A50,FutOnly
raw_cot_data/disaggregated_futures_only/fut_disagg_xls_hist_2006_2016/F_DisAgg06_15.xls,disaggregated_futures_only,fut_disagg_xls_hist_2006_2016,COFFEE C - ICE FUTURES U.S.,131231,2013-12-31,083731,ICUS,1,83,141904,33150,66057,43580,4885,674,34539,44965,5922,8142,6001,7800,133807,136304,8097,5600,131435,26686,58745,43074,4420,148,34227,44892,5698,8480,6464,5479,123792,125846,7643,5589,10469,6464,7312,972,931,60,527,288,9,914,789,1069,10015,10458,454,11,-858.0,6.0,-523.0,-48.0,381.0,88.0,-660.0,156.0,-37.0,-783.0,-417.0,353.0,-1081.0,1.0,223.0,-859.0,100,23.4,46.6,30.7,3.4,0.5,24.3,31.7,4.2,5.7,4.2,5.5,94.3,96.1,5.7,3.9,100,20.3,44.7,32.8,3.4,0.1,26.0,34.2,4.3,6.5,4.9,4.2,94.2,95.7,5.8,4.3,100,61.7,69.8,9.3,8.9,0.6,5.0,2.8,0.1,8.7,7.5,10.2,95.7,99.9,4.3,0.1,354,94.0,82.0,22.0,9.0,11.0,53.0,59.0,26.0,53.0,43.0,44.0,274,233,353.0,91.0,79.0,22.0,9.0,8.0,54.0,59.0,26.0,55.0,42.0,41.0,269.0,225.0,111.0,52.0,41.0,9.0,,4.0,,5.0,,12.0,10.0,8.0,81.0,67.0,14.1,13.5,25.9,24.0,14.1,12.7,25.1,22.0,15.1,14.5,27.7,25.0,15.1,13.4,26.9,23.5,35.1,37.1,52.6,62.3,27.3,33.3,42.9,51.5,"(CONTRACTS OF 37,500 POUNDS)",A50,FutOnly
raw_cot_data/disaggregated_futures_only/fut_disagg_xls_hist_2006_2016/F_DisAgg06_15.xls,disaggregated_futures_only,fut_disagg_xls_hist_2006_2016,COFFEE C - ICE FUTURES U.S.,131224,2013-12-24,083731,ICUS,1,83,142762,33144,66580,43628,4504,586,35199,44809,5959,8925,6418,7447,134888,136303,7874,6459,132434,26862,59344,43065,3979,119,34827,44740,5793,9244,6944,5074,124984,125993,7450,6441,10328,6282,7236,970,932,60,527,224,11,936,729,1118,9904,10310,424,18,-3587.0,-1106.0,2748.0,-651.0,-21.0,-105.0,369.0,-4055.0,-560.0,-1093.0,-1525.0,-613.0,-3759.0,-4131.0,172.0,544.0,100,23.2,46.6,30.6,3.2,0.4,24.7,31.4,4.2,6.3,4.5,5.2,94.5,95.5,5.5,4.5,100,20.3,44.8,32.5,3.0,0.1,26.3,33.8,4.4,7.0,5.2,3.8,94.4,95.1,5.6,4.9,100,60.8,70.1,9.4,9.0,0.6,5.1,2.2,0.1,9.1,7.1,10.8,95.9,99.8,4.1,0.2,346,94.0,79.0,22.0,8.0,11.0,49.0,60.0,25.0,52.0,42.0,38.0,266,223,345.0,91.0,76.0,23.0,7.0,7.0,50.0,60.0,25.0,53.0,43.0,36.0,261.0,215.0,109.0,51.0,41.0,9.0,,4.0,,5.0,,12.0,9.0,6.0,80.0,64.0,14.1,13.2,26.1,23.7,14.1,12.2,25.4,21.7,15.0,14.1,27.9,24.6,15.0,13.0,27.2,23.1,35.8,38.3,53.6,63.4,27.4,33.6,43.0,51.5,"(CONTRACTS OF 37,500 POUNDS)",A50,FutOnly
raw_cot_data/disaggregated_futures_only/fut_disagg_xls_hist_2006_2016/F_DisAgg06_15.xls,disaggregated_futures_only,fut_disagg_xls_hist_2006_2016,COFFEE C - ICE FUTURES U.S.,131217,2013-12-17,083731,ICUS,1,83,146349,34250,63832,44279,4525,691,34830,48864,6519,10018,7943,8060,138647,140434,7702,5915,136535,28395,56823,43700,4174,248,34426,48806,6388,10203,8305,5892,129252,130636,7283,5899,9814,5855,7009,962,734,60,527,181,8,849,672,1134,9395,9798,419,16,-5337.0,-1835.0,4769.0,-989.0,193.0,-75.0,-1481.0,-10449.0,-533.0,-486.0,1046.0,-383.0,-5782.0,-5432.0,445.0,95.0,100,23.4,43.6,30.3,3.1,0.5,23.8,33.4,4.5,6.8,5.4,5.5,94.7,96.0,5.3,4.0,100,20.8,41.6,32.0,3.1,0.2,25.2,35.7,4.7,7.5,6.1,4.3,94.7,95.7,5.3,4.3,100,59.7,71.4,9.8,7.5,0.6,5.4,1.8,0.1,8.7,6.8,11.6,95.7,99.8,4.3,0.2,363,99.0,80.0,22.0,9.0,10.0,53.0,60.0,25.0,56.0,46.0,42.0,279,233,362.0,96.0,79.0,22.0,9.0,8.0,53.0,60.0,25.0,57.0,48.0,40.0,275.0,228.0,110.0,52.0,37.0,9.0,,4.0,,4.0,,14.0,10.0,7.0,82.0,61.0,13.8,12.6,25.9,23.0,13.8,11.7,25.3,21.1,14.6,13.3,27.5,23.9,14.6,12.4,26.9,22.2,38.1,40.1,55.8,63.0,28.6,33.0,44.8,49.7,"(CONTRACTS OF 37,500 POUNDS)",A50,FutOnly
raw_cot_data/disaggregated_futures_only/fut_disagg_xls_hist_2006_2016/F_DisAgg06_15.xls,disaggregated_futures_only,fut_disagg_xls_hist_2006_2016,COFFEE C - ICE FUTURES U.S.,131210,2013-12-10,083731,ICUS,1,83,151686,36085,59063,45268,4332,766,36311,59313,7052,10504,6897,8443,144429,145866,7257,5820,141937,30610,52569,44884,4188,133,35784,59196,6993,11053,7617,5736,135193,136432,6744,5505,9749,5475,6494,957,717,60,556,146,30,1127,956,1031,9236,9434,513,315,4076.0,2145.0,314.0,-428.0,-69.0,101.0,823.0,1961.0,215.0,195.0,-79.0,918.0,3969.0,3361.0,107.0,715.0,100,23.8,38.9,29.8,2.9,0.5,23.9,39.1,4.6,6.9,4.5,5.6,95.2,96.2,4.8,3.8,100,21.6,37.0,31.6,3.0,0.1,25.2,41.7,4.9,7.8,5.4,4.0,95.2,96.1,4.8,3.9,100,56.2,66.6,9.8,7.4,0.6,5.7,1.5,0.3,11.6,9.8,10.6,94.7,96.8,5.3,3.2,387,101.0,81.0,23.0,8.0,10.0,53.0,73.0,30.0,67.0,43.0,39.0,293,244,386.0,100.0,79.0,23.0,8.0,6.0,53.0,73.0,30.0,70.0,42.0,35.0,290.0,235.0,110.0,53.0,36.0,9.0,,4.0,4.0,,,11.0,12.0,6.0,83.0,59.0,13.5,13.4,25.5,24.3,13.5,13.0,24.9,22.6,14.3,14.1,27.0,25.5,14.3,13.9,26.4,23.8,37.7,36.3,55.8,58.1,28.2,29.3,45.5,45.6,"(CONTRACTS OF 37,500 POUNDS)",A50,FutOnly
raw_cot_data/disaggregated_futures_only/fut_disagg_xls_hist_2006_2016/F_DisAgg06_15.xls,disaggregated_futures_only,fut_disagg_xls_hist_2006_2016,COFFEE C - ICE FUTURES U.S.,131203,2013-12-03,083731,ICUS,1,83,147610,33940,58749,45696,4401,665,35488,57352,6837,10309,6976,7525,140460,142505,7150,5105,138575,28861,52388,45203,4213,133,34960,57194,6799,10666,7685,5069,131691,133481,6884,5094,9035,5079,6361,987,682,38,566,196,0,1122,770,977,8769,9024,266,11,-1517.0,-2343.0,-2585.0,-289.0,2346.0,30.0,189.0,-1965.0,42.0,-75.0,-355.0,840.0,-1606.0,-1647.0,89.0,130.0,100,23.0,39.8,31.0,3.0,0.5,24.0,38.9,4.6,7.0,4.7,5.1,95.2,96.5,4.8,3.5,100,20.8,37.8,32.6,3.0,0.1,25.2,41.3,4.9,7.7,5.5,3.7,95.0,96.3,5.0,3.7,100,56.2,70.4,10.9,7.5,0.4,6.3,2.2,0.0,12.4,8.5,10.8,97.1,99.9,2.9,0.1,386,101.0,85.0,22.0,8.0,7.0,50.0,75.0,30.0,65.0,44.0,37.0,286,246,385.0,99.0,83.0,23.0,7.0,5.0,50.0,75.0,30.0,65.0,45.0,35.0,282.0,241.0,106.0,51.0,37.0,8.0,,,4.0,,0.0,10.0,11.0,5.0,79.0,55.0,13.8,13.6,26.2,25.0,13.8,13.1,25.6,23.4,14.6,14.3,27.7,26.4,14.6,14.0,27.0,24.6,40.0,38.5,59.0,61.0,29.6,30.7,47.8,47.7,"(CONTRACTS OF 37,500 POUNDS)",A50,FutOnly
raw_cot_data/disaggregated_futures_only/fut_disagg_xls_hist_2006_2016/F_DisAgg06_15.xls,disaggregated_futures_only,fut_disagg_xls_hist_2006_2016,COFFEE C - ICE FUTURES U.S.,131126,2013-11-26,083731,ICUS,1,83,149127,36283,61334,45985,2055,635,35299,59317,6795,10384,7331,6685,142066,144152,7061,4975,140450,31339,55223,45470,1882,159,34778,59187,6761,10915,8098,4171,133593,135481,6857,4969,8677,4944,6111,967,625,24,555,164,0,1097,861,886,8473,8671,204,6,-2871.0,393.0,1518.0,164.0,140.0,-53.0,-1573.0,-3039.0,381.0,-462.0,-699.0,-279.0,-1429.0,-2031.0,-1442.0,-840.0,100,24.3,41.1,30.8,1.4,0.4,23.7,39.8,4.6,7.0,4.9,4.5,95.3,96.7,4.7,3.3,100,22.3,39.3,32.4,1.3,0.1,24.8,42.1,4.8,7.8,5.8,3.0,95.1,96.5,4.9,3.5,100,57.0,70.4,11.1,7.2,0.3,6.4,1.9,0.0,12.6,9.9,10.2,97.6,99.9,2.4,0.1,381,101.0,84.0,22.0,7.0,8.0,46.0,73.0,24.0,65.0,47.0,34.0,275,243,380.0,100.0,82.0,23.0,6.0,6.0,46.0,73.0,24.0,66.0,48.0,31.0,272.0,237.0,105.0,51.0,36.0,8.0,,,4.0,,0.0,9.0,11.0,,75.0,54.0,13.7,13.6,25.9,24.9,13.7,13.0,25.4,23.1,14.4,14.2,27.3,26.3,14.4,13.8,26.8,24.1,40.5,38.1,60.3,60.6,30.7,30.6,49.5,47.4,"(CONTRACTS OF 37,500 POUNDS)",A50,FutOnly
raw_cot_data/disaggregated_futures_only/fut_disagg_xls_hist_2006_2016/F_DisAgg06_15.xls,disaggregated_futures_only,fut_disagg_xls_hist_2006_2016,COFFEE C - ICE FUTURES U.S.,131119,2013-11-19,083731,ICUS,1,83,151998,35890,59816,45821,1915,688,36872,62356,6414,10846,8030,6964,143495,146183,8503,5815,143693,31534,54365,45336,1761,206,36372,62233,6380,11526,8819,4440,135794,138204,7899,5489,8305,4356,5451,946,615,21,534,157,0,1003,894,841,7701,7979,604,326,-11379.0,-4853.0,-3081.0,-567.0,249.0,-19.0,433.0,-2688.0,-2029.0,317.0,-771.0,-2271.0,-8989.0,-10610.0,-2390.0,-769.0,100,23.6,39.4,30.1,1.3,0.5,24.3,41.0,4.2,7.1,5.3,4.6,94.4,96.2,5.6,3.8,100,21.9,37.8,31.6,1.2,0.1,25.3,43.3,4.4,8.0,6.1,3.1,94.5,96.2,5.5,3.8,100,52.5,65.6,11.4,7.4,0.3,6.4,1.9,0.0,12.1,10.8,10.1,92.7,96.1,7.3,3.9,396,97.0,86.0,22.0,7.0,7.0,51.0,82.0,28.0,70.0,48.0,38.0,284,258,396.0,95.0,84.0,24.0,5.0,5.0,51.0,82.0,28.0,73.0,48.0,36.0,282.0,252.0,99.0,50.0,36.0,8.0,,,,,0.0,7.0,10.0,,72.0,53.0,13.5,14.1,25.0,25.4,13.5,13.5,24.7,23.4,14.1,14.5,26.3,26.5,14.1,14.2,25.9,24.4,38.6,37.0,57.7,56.0,28.6,27.2,46.9,43.0,"(CONTRACTS OF 37,500 POUNDS)",A50,FutOnly
raw_cot_data/disaggregated_futures_only/fut_disagg_xls_hist_2006_2016/F_DisAgg06_15.xls,disaggregated_futures_only,fut_disagg_xls_hist_2006_2016,COFFEE C - ICE FUTURES U.S.,131112,2013-11-12,083731,ICUS,1,83,163377,40743,62897,46388,1666,707,36439,65044,8443,10529,8801,9235,152484,156793,10893,6584,155826,36794,58020,46119,1544,211,35939,65070,8409,11357,9590,6446,145275,149290,10551,6536,7551,3949,4877,756,609,9,534,8,0,1005,1044,956,7209,7503,342,48,-7232.0,-235.0,626.0,556.0,-3.0,-499.0,1034.0,-1335.0,-1393.0,-2293.0,-535.0,-2641.0,-5471.0,-5780.0,-1761.0,-1452.0,100,24.9,38.5,28.4,1.0,0.4,22.3,39.8,5.2,6.4,5.4,5.7,93.3,96.0,6.7,4.0,100,23.6,37.2,29.6,1.0,0.1,23.1,41.8,5.4,7.3,6.2,4.1,93.2,95.8,6.8,4.2,100,52.3,64.6,10.0,8.1,0.1,7.1,0.1,0.0,13.3,13.8,12.7,95.5,99.4,4.5,0.6,400,102.0,83.0,22.0,6.0,8.0,51.0,84.0,35.0,65.0,46.0,45.0,295,268,400.0,101.0,81.0,24.0,4.0,6.0,51.0,84.0,35.0,68.0,47.0,43.0,294.0,262.0,91.0,45.0,34.0,6.0,,,,,0.0,8.0,11.0,4.0,66.0,50.0,12.6,12.5,23.3,22.7,12.6,11.5,23.1,20.7,13.1,13.0,24.3,23.5,13.1,12.0,24.1,21.6,39.5,40.0,59.8,58.6,27.1,27.6,46.4,42.4,"(CONTRACTS OF 37,500 POUNDS)",A50,FutOnly
raw_cot_data/disaggregated_futures_only/fut_disagg_xls_hist_2006_2016/F_DisAgg06_15.xls,disaggregated_futures_only,fut_disagg_xls_hist_2006_2016,COFFEE C - ICE FUTURES U.S.,131105,2013-11-05,083731,ICUS,1,83,170609,40978,62271,45832,1669,1206,35405,66379,9836,12822,9336,11876,157955,162573,12654,8036,163979,37176,58049,45683,1607,649,34905,66429,9783,13470,9698,9774,151440,155989,12539,7990,6630,3802,4222,706,619,0,553,3,0,589,875,865,6515,6584,115,46,1377.0,748.0,-761.0,-2.0,-45.0,148.0,1383.0,3904.0,-2370.0,960.0,1582.0,-72.0,795.0,2386.0,582.0,-1009.0,100,24.0,36.5,26.9,1.0,0.7,20.8,38.9,5.8,7.5,5.5,7.0,92.6,95.3,7.4,4.7,100,22.7,35.4,27.9,1.0,0.4,21.3,40.5,6.0,8.2,5.9,6.0,92.4,95.1,7.6,4.9,100,57.3,63.7,10.6,9.3,0.0,8.3,0.0,0.0,8.9,13.2,13.0,98.3,99.3,1.7,0.7,439,106.0,83.0,23.0,6.0,11.0,54.0,97.0,38.0,75.0,55.0,53.0,313,302,439.0,106.0,82.0,24.0,5.0,10.0,54.0,97.0,38.0,76.0,56.0,51.0,313.0,298.0,87.0,46.0,34.0,5.0,,0.0,,,0.0,6.0,11.0,,62.0,50.0,12.0,11.9,22.1,21.5,12.0,10.3,21.7,18.5,12.4,12.2,22.9,22.1,12.4,10.7,22.4,19.1,41.8,40.4,60.5,59.5,29.0,27.3,46.3,42.7,"(CONTRACTS OF 37,500 POUNDS)",A50,FutOnly
raw_cot_data/disaggregated_futures_only/fut_disagg_xls_hist_2006_2016/F_DisAgg06_15.xls,disaggregated_futures_only,fut_disagg_xls_hist_2006_2016,COFFEE C - ICE FUTURES U.S.,131029,2013-10-29,083731,ICUS,1,83,169232,40230,63032,45834,1714,1058,34022,62475,12206,11862,7754,11948,157160,160187,12072,9045,163184,37036,59235,45747,1604,549,33522,62550,12131,12458,8284,9847,151290,154200,11894,8984,6048,3194,3797,596,619,0,575,0,0,736,802,769,5870,5987,178,61,8716.0,5361.0,-326.0,-441.0,-57.0,-14.0,933.0,5285.0,1273.0,950.0,1213.0,140.0,8202.0,7514.0,514.0,1202.0,100,23.8,37.2,27.1,1.0,0.6,20.1,36.9,7.2,7.0,4.6,7.1,92.9,94.7,7.1,5.3,100,22.7,36.3,28.0,1.0,0.3,20.5,38.3,7.4,7.6,5.1,6.0,92.7,94.5,7.3,5.5,100,52.8,62.8,9.9,10.2,0.0,9.5,0.0,0.0,12.2,13.3,12.7,97.1,99.0,2.9,1.0,417,104.0,82.0,22.0,7.0,10.0,52.0,91.0,39.0,72.0,48.0,45.0,302,283,417.0,104.0,81.0,23.0,6.0,10.0,52.0,91.0,39.0,74.0,49.0,43.0,302.0,280.0,81.0,42.0,32.0,5.0,,0.0,,0.0,0.0,7.0,10.0,4.0,59.0,46.0,12.2,12.1,22.3,21.9,12.2,10.6,21.9,19.0,12.5,12.4,23.0,22.4,12.5,11.0,22.6,19.6,42.5,36.8,60.5,55.9,30.1,28.2,46.1,43.1,"(CONTRACTS OF 37,500 POUNDS)",A50,FutOnly
raw_cot_data/disaggregated_futures_only/fut_disagg_xls_hist_2006_2016/F_DisAgg06_15.xls,disaggregated_futures_only,fut_disagg_xls_hist_2006_2016,COFFEE C - ICE FUTURES U.S.,131022,2013-10-22,083731,ICUS,1,83,160516,34869,63358,46275,1771,1072,33089,57190,10933,10912,6541,11808,148958,152673,11558,7843,154636,31711,59758,46235,1695,515,32589,57265,10858,11501,7014,9774,143183,146879,11453,7757,5880,3158,3600,597,633,0,575,0,0,695,811,750,5775,5794,105,86,4688.0,2489.0,-2203.0,-648.0,-299.0,210.0,-215.0,5881.0,739.0,1634.0,47.0,794.0,5003.0,5169.0,-315.0,-481.0,100,21.7,39.5,28.8,1.1,0.7,20.6,35.6,6.8,6.8,4.1,7.4,92.8,95.1,7.2,4.9,100,20.5,38.6,29.9,1.1,0.3,21.1,37.0,7.0,7.4,4.5,6.3,92.6,95.0,7.4,5.0,100,53.7,61.2,10.2,10.8,0.0,9.8,0.0,0.0,11.8,13.8,12.8,98.2,98.5,1.8,1.5,400,106.0,83.0,24.0,6.0,9.0,46.0,91.0,34.0,65.0,43.0,43.0,291,268,400.0,105.0,83.0,25.0,5.0,9.0,46.0,91.0,34.0,67.0,44.0,42.0,290.0,267.0,80.0,42.0,33.0,6.0,,0.0,,0.0,0.0,5.0,9.0,5.0,59.0,46.0,12.7,12.0,23.4,21.4,12.7,10.6,23.2,18.5,13.1,12.2,24.2,21.8,13.1,11.0,24.0,19.1,41.2,36.6,60.3,55.2,28.9,28.8,45.4,43.7,"(CONTRACTS OF 37,500 POUNDS)",A50,FutOnly
raw_cot_data/disaggregated_futures_only/fut_disagg_xls_hist_2006_2016/F_DisAgg06_15.xls,disaggregated_futures_only,fut_disagg_xls_hist_2006_2016,COFFEE C - ICE FUTURES U.S.,131015,2013-10-15,083731,ICUS,1,83,155828,32380,65561,46923,2070,862,33304,51309,10194,9278,6494,11014,143955,147504,11873,8324,150064,29350,62005,46856,1951,348,32804,51384,10119,9703,6856,9158,138338,141821,11726,8243,5764,3030,3556,581,633,0,575,0,0,719,782,712,5617,5683,147,81,-2412.0,32.0,3626.0,-592.0,105.0,90.0,-625.0,-5580.0,-572.0,-1070.0,36.0,84.0,-2653.0,-2211.0,241.0,-201.0,100,20.8,42.1,30.1,1.3,0.6,21.4,32.9,6.5,6.0,4.2,7.1,92.4,94.7,7.6,5.3,100,19.6,41.3,31.2,1.3,0.2,21.9,34.2,6.7,6.5,4.6,6.1,92.2,94.5,7.8,5.5,100,52.6,61.7,10.1,11.0,0.0,10.0,0.0,0.0,12.5,13.6,12.4,97.4,98.6,2.6,1.4,384,100.0,84.0,25.0,7.0,10.0,53.0,78.0,33.0,55.0,43.0,42.0,283,257,384.0,99.0,84.0,25.0,7.0,10.0,53.0,78.0,33.0,57.0,45.0,40.0,282.0,255.0,81.0,43.0,31.0,6.0,,0.0,,0.0,0.0,5.0,10.0,5.0,60.0,45.0,13.1,12.4,24.1,21.5,13.1,10.3,24.1,18.0,13.5,12.7,24.9,21.9,13.5,10.8,24.9,18.7,41.2,36.7,60.8,55.3,29.1,29.3,46.2,44.0,"(CONTRACTS OF 37,500 POUNDS)",A50,FutOnly
raw_cot_data/disaggregated_futures_only/fut_disagg_xls_hist_2006_2016/F_DisAgg06_15.xls,disaggregated_futures_only,fut_disagg_xls_hist_2006_2016,COFFEE C - ICE FUTURES U.S.,131008,2013-10-08,083731,ICUS,1,83,158240,32348,61935,47515,1965,772,33929,56889,10766,10348,6458,10930,146608,149715,11632,8525,152815,29514,58575,47464,1846,258,33429,56964,10691,10753,6840,9218,141327,144392,11488,8423,5425,2834,3360,565,633,0,575,0,0,701,724,606,5281,5323,144,102,818.0,626.0,1582.0,-242.0,11.0,-54.0,514.0,-838.0,-63.0,-19.0,133.0,487.0,1249.0,1258.0,-431.0,-440.0,100,20.4,39.1,30.0,1.2,0.5,21.4,36.0,6.8,6.5,4.1,6.9,92.6,94.6,7.4,5.4,100,19.3,38.3,31.1,1.2,0.2,21.9,37.3,7.0,7.0,4.5,6.0,92.5,94.5,7.5,5.5,100,52.2,61.9,10.4,11.7,0.0,10.6,0.0,0.0,12.9,13.3,11.2,97.3,98.1,2.7,1.9,388,101.0,77.0,24.0,6.0,7.0,48.0,86.0,32.0,56.0,45.0,43.0,282,254,388.0,100.0,77.0,24.0,6.0,7.0,48.0,86.0,32.0,57.0,47.0,42.0,281.0,253.0,78.0,42.0,30.0,6.0,,0.0,,0.0,0.0,5.0,9.0,,57.0,43.0,13.0,12.3,24.0,22.3,13.0,11.2,24.0,19.7,13.4,12.6,24.7,22.8,13.4,11.6,24.7,20.3,40.9,36.7,60.8,55.4,30.0,30.7,47.2,46.3,"(CONTRACTS OF 37,500 POUNDS)",A50,FutOnly
raw_cot_data/disaggregated_futures_only/fut_disagg_xls_hist_2006_2016/F_DisAgg06_15.xls,disaggregated_futures_only,fut_disagg_xls_hist_2006_2016,COFFEE C - ICE FUTURES U.S.,131001,2013-10-01,083731,ICUS,1,83,157422,31722,60353,47757,1954,826,33415,57727,10829,10367,6325,10443,145359,148457,12063,8965,152177,29198,57296,47741,1835,292,32915,57802,10754,10808,6768,8673,140381,143420,11796,8757,5245,2524,3057,550,653,0,575,0,0,750,748,579,4978,5037,267,208,2090.0,948.0,170.0,-236.0,-52.0,-32.0,689.0,1163.0,47.0,-687.0,84.0,652.0,1381.0,2032.0,709.0,58.0,100,20.2,38.3,30.3,1.2,0.5,21.2,36.7,6.9,6.6,4.0,6.6,92.3,94.3,7.7,5.7,100,19.2,37.7,31.4,1.2,0.2,21.6,38.0,7.1,7.1,4.4,5.7,92.2,94.2,7.8,5.8,100,48.1,58.3,10.5,12.4,0.0,11.0,0.0,0.0,14.3,14.3,11.0,94.9,96.0,5.1,4.0,384,99.0,80.0,24.0,6.0,7.0,46.0,81.0,30.0,60.0,43.0,43.0,277,255,384.0,98.0,80.0,24.0,6.0,7.0,46.0,81.0,30.0,62.0,46.0,41.0,276.0,253.0,78.0,41.0,28.0,6.0,,0.0,,0.0,0.0,6.0,10.0,,57.0,42.0,13.1,12.2,24.2,22.3,13.1,11.2,24.2,20.0,13.5,12.5,25.0,22.8,13.5,11.6,25.0,20.5,42.3,37.9,61.3,55.2,31.6,32.0,48.7,47.2,"(CONTRACTS OF 37,500 POUNDS)",A50,FutOnly
raw_cot_data/disaggregated_futures_only/fut_disagg_xls_hist_2006_2016/F_DisAgg06_15.xls,disaggregated_futures_only,fut_disagg_xls_hist_2006_2016,COFFEE C - ICE FUTURES U.S.,130924,2013-09-24,083731,ICUS,1,83,155332,30774,60183,47993,2006,858,32726,56564,10782,11054,6241,9791,143978,146425,11354,8907,150418,28431,57235,47989,1887,329,32226,56591,10755,11144,6454,8455,139329,141706,11089,8712,4914,2343,2948,533,648,0,527,0,0,632,509,614,4649,4719,265,195,-1480.0,-99.0,426.0,442.0,-26.0,-93.0,-443.0,-2412.0,735.0,-1179.0,376.0,-62.0,-699.0,-1056.0,-781.0,-424.0,100,19.8,38.7,30.9,1.3,0.6,21.1,36.4,6.9,7.1,4.0,6.3,92.7,94.3,7.3,5.7,100,18.9,38.1,31.9,1.3,0.2,21.4,37.6,7.2,7.4,4.3,5.6,92.6,94.2,7.4,5.8,100,47.7,60.0,10.8,13.2,0.0,10.7,0.0,0.0,12.9,10.4,12.5,94.6,96.0,5.4,4.0,380,100.0,81.0,24.0,6.0,9.0,46.0,79.0,30.0,62.0,43.0,42.0,281,248,380.0,100.0,81.0,24.0,6.0,9.0,46.0,79.0,30.0,63.0,45.0,40.0,281.0,246.0,77.0,41.0,26.0,6.0,,0.0,,0.0,0.0,8.0,8.0,4.0,60.0,38.0,13.4,12.5,24.8,22.9,13.4,11.6,24.8,20.6,13.8,12.7,25.6,23.4,13.8,12.0,25.6,21.1,44.8,40.8,64.2,56.9,32.6,33.4,48.9,47.6,"(CONTRACTS OF 37,500 POUNDS)",A50,FutOnly
raw_cot_data/disaggregated_futures_only/fut_disagg_xls_hist_2006_2016/F_DisAgg06_15.xls,disaggregated_futures_only,fut_disagg_xls_hist_2006_2016,COFFEE C - ICE FUTURES U.S.,130917,2013-09-17,083731,ICUS,1,83,156812,30873,59757,47551,2032,951,33169,58976,10047,12233,5865,9853,144677,147481,12135,9331,152105,28585,56939,47549,1913,435,32669,58976,10047,12313,6056,8611,140209,142977,11896,9128,4707,2288,2818,518,635,0,500,0,0,596,485,566,4468,4504,239,203,2826.0,357.0,-283.0,1037.0,-138.0,-479.0,-561.0,1206.0,774.0,102.0,191.0,1447.0,2677.0,2718.0,149.0,108.0,100,19.7,38.1,30.3,1.3,0.6,21.2,37.6,6.4,7.8,3.7,6.3,92.3,94.0,7.7,6.0,100,18.8,37.4,31.3,1.3,0.3,21.5,38.8,6.6,8.1,4.0,5.7,92.2,94.0,7.8,6.0,100,48.6,59.9,11.0,13.5,0.0,10.6,0.0,0.0,12.7,10.3,12.0,94.9,95.7,5.1,4.3,386,99.0,78.0,24.0,6.0,11.0,45.0,81.0,29.0,67.0,43.0,39.0,280,250,386.0,99.0,78.0,24.0,6.0,11.0,45.0,81.0,29.0,68.0,45.0,37.0,280.0,248.0,75.0,38.0,26.0,6.0,,0.0,,0.0,0.0,7.0,9.0,4.0,55.0,39.0,13.0,12.3,24.2,22.5,13.0,11.6,24.2,20.3,13.4,12.5,24.9,23.0,13.4,12.0,24.9,20.9,44.7,41.2,65.1,57.8,33.1,34.6,51.2,48.9,"(CONTRACTS OF 37,500 POUNDS)",A50,FutOnly
raw_cot_data/disaggregated_futures_only/fut_disagg_xls_hist_2006_2016/F_DisAgg06_15.xls,disaggregated_futures_only,fut_disagg_xls_hist_2006_2016,COFFEE C - ICE FUTURES U.S.,130910,2013-09-10,083731,ICUS,1,83,153986,30516,60040,46514,2170,1430,33730,57770,9273,12131,5674,8406,142000,144763,11986,9223,149499,28280,57318,46605,2036,867,33230,57770,9273,12149,5869,7300,137704,140433,11795,9066,4487,2236,2722,472,697,0,500,0,0,585,408,503,4296,4330,191,157,2913.0,908.0,118.0,486.0,-228.0,-261.0,1769.0,2967.0,125.0,-98.0,-13.0,-876.0,2053.0,1832.0,860.0,1081.0,100,19.8,39.0,30.2,1.4,0.9,21.9,37.5,6.0,7.9,3.7,5.5,92.2,94.0,7.8,6.0,100,18.9,38.3,31.2,1.4,0.6,22.2,38.6,6.2,8.1,3.9,4.9,92.1,93.9,7.9,6.1,100,49.8,60.7,10.5,15.5,0.0,11.1,0.0,0.0,13.0,9.1,11.2,95.7,96.5,4.3,3.5,377,101.0,80.0,23.0,7.0,12.0,49.0,73.0,29.0,60.0,45.0,37.0,278,245,377.0,101.0,80.0,23.0,8.0,12.0,49.0,73.0,29.0,61.0,46.0,36.0,278.0,244.0,72.0,33.0,27.0,5.0,4.0,0.0,,0.0,0.0,8.0,8.0,5.0,50.0,41.0,12.8,12.6,24.1,23.3,12.8,11.7,24.0,21.1,13.2,12.8,24.7,23.8,13.1,12.0,24.7,21.6,46.0,42.1,67.2,58.8,34.5,35.9,54.0,50.5,"(CONTRACTS OF 37,500 POUNDS)",A50,FutOnly
raw_cot_data/disaggregated_futures_only/fut_disagg_xls_hist_2006_2016/F_DisAgg06_15.xls,disaggregated_futures_only,fut_disagg_xls_hist_2006_2016,COFFEE C - ICE FUTURES U.S.,130903,2013-09-03,083731,ICUS,1,83,151073,29608,59922,46028,2398,1691,31961,54803,9148,12229,5687,9282,139947,142931,11126,8142,146866,27563,57447,46185,2260,1132,31461,54803,9148,12290,5882,8195,135974,138867,10892,7999,4207,2045,2475,402,697,0,500,0,0,550,416,476,3973,4064,234,143,4391.0,1334.0,1362.0,-322.0,191.0,-280.0,42.0,-85.0,1151.0,376.0,182.0,1360.0,3661.0,3881.0,730.0,510.0,100,19.6,39.7,30.5,1.6,1.1,21.2,36.3,6.1,8.1,3.8,6.1,92.6,94.6,7.4,5.4,100,18.8,39.1,31.4,1.5,0.8,21.4,37.3,6.2,8.4,4.0,5.6,92.6,94.6,7.4,5.4,100,48.6,58.8,9.6,16.6,0.0,11.9,0.0,0.0,13.1,9.9,11.3,94.4,96.6,5.6,3.4,371,100.0,77.0,22.0,9.0,8.0,44.0,70.0,28.0,62.0,46.0,39.0,272,241,371.0,100.0,77.0,22.0,9.0,8.0,44.0,70.0,28.0,62.0,47.0,37.0,272.0,239.0,67.0,31.0,25.0,5.0,4.0,0.0,,0.0,0.0,7.0,8.0,4.0,46.0,39.0,12.9,13.2,24.3,23.6,12.9,12.3,24.3,21.6,13.2,13.5,24.9,24.1,13.2,12.7,24.9,22.2,48.4,42.7,66.5,59.4,34.5,35.8,52.6,51.0,"(CONTRACTS OF 37,500 POUNDS)",A50,FutOnly
raw_cot_data/disaggregated_futures_only/fut_disagg_xls_hist_2006_2016/F_DisAgg06_15.xls,disaggregated_futures_only,fut_disagg_xls_hist_2006_2016,COFFEE C - ICE FUTURES U.S.,130827,2013-08-27,083731,ICUS,1,83,146682,28274,58560,46350,2207,1971,31919,54888,7997,11853,5505,7922,136286,139050,10396,7632,306,286,285,0,0,0,0,0,0,0,2,0,286,287,20,19,146376,27988,58275,46350,2207,1971,31919,54888,7997,11853,5503,7922,136000,138763,10376,7613,3296.0,245.0,-3061.0,733.0,307.0,376.0,315.0,5294.0,251.0,1245.0,510.0,70.0,3235.0,3747.0,61.0,-451.0,100,19.3,39.9,31.6,1.5,1.3,21.8,37.4,5.5,8.1,3.8,5.4,92.9,94.8,7.1,5.2,100,93.5,93.1,0.0,0.0,0.0,0.0,0.0,0.0,0.0,0.7,0.0,93.5,93.8,6.5,6.2,100,19.1,39.8,31.7,1.5,1.3,21.8,37.5,5.5,8.1,3.8,5.4,92.9,94.8,7.1,5.2,372,100.0,77.0,21.0,9.0,10.0,43.0,73.0,27.0,62.0,45.0,36.0,268,243,13.0,5.0,7.0,0.0,0.0,0.0,0.0,0.0,0.0,0.0,,0.0,5.0,8.0,372.0,100.0,76.0,21.0,9.0,10.0,43.0,73.0,27.0,62.0,45.0,36.0,268.0,242.0,13.4,13.5,25.2,24.3,13.4,12.8,25.2,22.7,89.5,89.5,93.5,93.8,89.5,89.5,93.5,93.8,13.5,13.5,25.3,24.4,13.5,12.9,25.3,22.7,"(CONTRACTS OF 37,500 POUNDS)",A50,FutOnly
raw_cot_data/disaggregated_futures_only/fut_disagg_xls_hist_2006_2016/F_DisAgg06_15.xls,disaggregated_futures_only,fut_disagg_xls_hist_2006_2016,COFFEE C - ICE FUTURES U.S.,130820,2013-08-20,083731,ICUS,1,83,143386,28029,61621,45617,1900,1595,31604,49594,7746,10608,4995,7852,133051,135303,10335,8083,6955,3734,5519,449,54,0,385,176,15,886,917,20,5489,6701,1466,254,136431,24295,56102,45182,1860,1581,31359,49558,7591,10936,5292,6618,127562,128602,8869,7829,-9826.0,-9054.0,-7924.0,376.0,10.0,-524.0,-236.0,234.0,262.0,629.0,207.0,-1307.0,-9854.0,-9042.0,28.0,-784.0,100,19.5,43.0,31.8,1.3,1.1,22.0,34.6,5.4,7.4,3.5,5.5,92.8,94.4,7.2,5.6,100,53.7,79.4,6.5,0.8,0.0,5.5,2.5,0.2,12.7,13.2,0.3,78.9,96.3,21.1,3.7,100,17.8,41.1,33.1,1.4,1.2,23.0,36.3,5.6,8.0,3.9,4.9,93.5,94.3,6.5,5.7,358,100.0,78.0,21.0,8.0,9.0,41.0,68.0,24.0,61.0,42.0,37.0,265,232,100.0,52.0,25.0,4.0,,0.0,,,,17.0,,,77.0,31.0,351.0,95.0,75.0,22.0,7.0,9.0,41.0,67.0,23.0,57.0,45.0,34.0,252.0,228.0,13.5,13.7,25.4,24.7,13.5,12.6,25.4,22.7,21.9,86.4,36.0,93.2,21.8,86.2,34.8,91.6,14.1,13.9,26.5,24.3,14.1,12.9,26.5,22.6,"(CONTRACTS OF 37,500 POUNDS)",A50,FutOnly
raw_cot_data/disaggregated_futures_only/fut_disagg_xls_hist_2006_2016/F_DisAgg06_15.xls,disaggregated_futures_only,fut_disagg_xls_hist_2006_2016,COFFEE C - ICE FUTURES U.S.,130813,2013-08-13,083731,ICUS,1,83,153212,37083,69545,45241,1890,2119,31840,49360,7484,9979,4788,9159,142905,144345,10307,8867,36525,10544,19299,7029,759,7,8386,9657,1622,4581,2874,43,32212,34261,4313,2264,116687,26539,50246,38756,1675,1568,24927,41176,4389,9606,6122,4908,110693,110084,5994,6603,-9688.0,-1723.0,-1140.0,-385.0,-1261.0,83.0,-409.0,-3789.0,-1159.0,-5393.0,-1479.0,-957.0,-9943.0,-9702.0,255.0,14.0,100,24.2,45.4,29.5,1.2,1.4,20.8,32.2,4.9,6.5,3.1,6.0,93.3,94.2,6.7,5.8,100,28.9,52.8,19.2,2.1,0.0,23.0,26.4,4.4,12.5,7.9,0.1,88.2,93.8,11.8,6.2,100,22.7,43.1,33.2,1.4,1.3,21.4,35.3,3.8,8.2,5.2,4.2,94.9,94.3,5.1,5.7,359,101.0,82.0,20.0,9.0,10.0,42.0,69.0,31.0,51.0,43.0,48.0,276,246,244.0,61.0,53.0,16.0,5.0,,25.0,34.0,6.0,46.0,16.0,,153.0,112.0,315.0,93.0,73.0,20.0,8.0,9.0,34.0,55.0,21.0,40.0,50.0,31.0,228.0,212.0,12.4,15.0,23.7,25.2,12.4,11.5,23.5,20.1,23.2,42.2,38.7,56.5,23.2,42.2,36.9,55.2,16.0,15.8,27.6,26.4,15.8,14.6,27.3,24.8,"(CONTRACTS OF 37,500 POUNDS)",A50,FutOnly
raw_cot_data/disaggregated_futures_only/fut_disagg_xls_hist_2006_2016/F_DisAgg06_15.xls,disaggregated_futures_only,fut_disagg_xls_hist_2006_2016,COFFEE C - ICE FUTURES U.S.,130806,2013-08-06,083731,ICUS,1,83,162900,38806,70685,45626,3151,2036,32249,53149,8643,15372,6267,10116,152848,154047,10052,8853,79784,11710,23167,23717,2390,11,22936,38359,3336,12587,7641,180,74477,75084,5307,4700,83116,27096,47518,22494,1346,1440,13505,18982,1115,8502,4343,4219,78371,78963,4745,4153,6039.0,3847.0,-3096.0,311.0,362.0,-78.0,-1356.0,6003.0,594.0,1411.0,550.0,340.0,5069.0,4675.0,970.0,1364.0,100,23.8,43.4,28.0,1.9,1.2,19.8,32.6,5.3,9.4,3.8,6.2,93.8,94.6,6.2,5.4,100,14.7,29.0,29.7,3.0,0.0,28.7,48.1,4.2,15.8,9.6,0.2,93.3,94.1,6.7,5.9,100,32.6,57.2,27.1,1.6,1.7,16.2,22.8,1.3,10.2,5.2,5.1,94.3,95.0,5.7,5.0,372,98.0,80.0,19.0,11.0,11.0,40.0,76.0,29.0,62.0,43.0,43.0,269,253,332.0,67.0,56.0,19.0,10.0,,34.0,69.0,11.0,59.0,35.0,,188.0,177.0,264.0,88.0,71.0,19.0,7.0,8.0,26.0,34.0,13.0,45.0,32.0,25.0,200.0,168.0,11.9,14.8,22.5,24.9,11.8,11.2,22.3,19.7,17.0,23.8,29.2,39.3,16.5,23.8,28.2,38.6,16.5,21.0,28.3,32.5,16.1,18.9,27.5,28.9,"(CONTRACTS OF 37,500 POUNDS)",A50,FutOnly
raw_cot_data/disaggregated_futures_only/fut_disagg_xls_hist_2006_2016/F_DisAgg06_15.xls,disaggregated_futures_only,fut_disagg_xls_hist_2006_2016,COFFEE C - ICE FUTURES U.S.,130730,2013-07-30,083731,ICUS,1,83,156861,34959,73781,45315,2789,2114,33605,47146,8049,13961,5717,9776,147779,149372,9082,7489,87905,9540,31939,27154,2182,1,30151,36601,3593,12352,7481,142,82933,81939,4972,5966,68956,25419,41842,18697,1143,1577,7026,14117,884,7452,4079,3791,64846,67433,4110,1523,3406.0,1238.0,900.0,-910.0,173.0,-356.0,1215.0,-475.0,481.0,547.0,1297.0,991.0,3206.0,3011.0,200.0,395.0,100,22.3,47.0,28.9,1.8,1.3,21.4,30.1,5.1,8.9,3.6,6.2,94.2,95.2,5.8,4.8,100,10.9,36.3,30.9,2.5,0.0,34.3,41.6,4.1,14.1,8.5,0.2,94.3,93.2,5.7,6.8,100,36.9,60.7,27.1,1.7,2.3,10.2,20.5,1.3,10.8,5.9,5.5,94.0,97.8,6.0,2.2,366,97.0,79.0,19.0,11.0,9.0,45.0,65.0,29.0,68.0,41.0,44.0,276,238,336.0,57.0,65.0,19.0,9.0,,43.0,60.0,18.0,63.0,36.0,6.0,194.0,183.0,239.0,84.0,64.0,19.0,7.0,8.0,21.0,22.0,7.0,42.0,30.0,23.0,187.0,140.0,12.5,16.2,23.7,25.8,12.3,12.6,23.3,21.7,15.8,23.8,29.3,37.0,15.8,23.8,28.7,36.4,18.9,23.3,30.2,35.6,18.5,21.7,29.1,32.3,"(CONTRACTS OF 37,500 POUNDS)",A50,FutOnly
raw_cot_data/disaggregated_futures_only/fut_disagg_xls_hist_2006_2016/F_DisAgg06_15.xls,disaggregated_futures_only,fut_disagg_xls_hist_2006_2016,COFFEE C - ICE FUTURES U.S.,130723,2013-07-23,083731,ICUS,1,83,153455,33721,72881,46225,2616,2470,32390,47621,7568,13414,4420,8785,144573,146361,8882,7094,90697,9627,33629,30391,1973,1,29842,40138,4112,11418,6563,213,85604,86629,5093,4068,62758,24094,39252,16338,1147,1965,5216,10151,788,7194,3055,3374,58969,59732,3789,3026,535.0,-1399.0,5253.0,411.0,39.0,370.0,-73.0,-6723.0,1086.0,-718.0,205.0,853.0,530.0,1083.0,5.0,-548.0,100,22.0,47.5,30.1,1.7,1.6,21.1,31.0,4.9,8.7,2.9,5.7,94.2,95.4,5.8,4.6,100,10.6,37.1,33.5,2.2,0.0,32.9,44.3,4.5,12.6,7.2,0.2,94.4,95.5,5.6,4.5,100,38.4,62.5,26.0,1.8,3.1,8.3,16.2,1.3,11.5,4.9,5.4,94.0,95.2,6.0,4.8,359,98.0,80.0,20.0,10.0,8.0,52.0,65.0,30.0,64.0,33.0,43.0,273,233,337.0,61.0,62.0,19.0,10.0,,48.0,63.0,19.0,53.0,34.0,6.0,195.0,182.0,227.0,84.0,64.0,19.0,6.0,7.0,21.0,19.0,6.0,42.0,21.0,24.0,180.0,133.0,13.6,15.6,24.9,25.3,13.0,12.5,24.3,21.6,16.7,21.8,30.2,35.0,16.7,21.8,29.7,34.5,18.6,22.0,30.7,34.9,18.3,19.7,29.6,31.1,"(CONTRACTS OF 37,500 POUNDS)",A50,FutOnly
raw_cot_data/disaggregated_futures_only/fut_disagg_xls_hist_2006_2016/F_DisAgg06_15.xls,disaggregated_futures_only,fut_disagg_xls_hist_2006_2016,COFFEE C - ICE FUTURES U.S.,130716,2013-07-16,083731,ICUS,1,83,152920,35120,67628,45814,2577,2100,32463,54344,6482,14132,4215,7932,144043,145278,8877,7642,94606,11816,34242,30839,1916,1,31066,43994,3370,11463,6259,196,88751,89978,5855,4628,58314,23304,33386,15408,1094,1666,3719,12672,790,6774,2061,3631,55292,55300,3022,3014,309.0,556.0,4920.0,397.0,-313.0,192.0,392.0,-4751.0,768.0,-2034.0,86.0,-114.0,157.0,788.0,152.0,-479.0,100,23.0,44.2,30.0,1.7,1.4,21.2,35.5,4.2,9.2,2.8,5.2,94.2,95.0,5.8,5.0,100,12.5,36.2,32.6,2.0,0.0,32.8,46.5,3.6,12.1,6.6,0.2,93.8,95.1,6.2,4.9,100,40.0,57.3,26.4,1.9,2.9,6.4,21.7,1.4,11.6,3.5,6.2,94.8,94.8,5.2,5.2,360,96.0,75.0,20.0,10.0,8.0,47.0,68.0,27.0,69.0,36.0,40.0,270,229,340.0,60.0,65.0,19.0,8.0,,45.0,65.0,18.0,59.0,38.0,5.0,194.0,189.0,223.0,87.0,54.0,18.0,7.0,7.0,18.0,20.0,6.0,44.0,21.0,22.0,185.0,119.0,13.6,15.4,24.5,26.5,13.0,13.1,23.8,23.3,15.8,20.1,28.3,33.3,15.8,19.1,28.2,31.9,18.1,24.0,30.4,38.2,17.7,22.4,28.6,35.0,"(CONTRACTS OF 37,500 POUNDS)",A50,FutOnly
raw_cot_data/disaggregated_futures_only/fut_disagg_xls_hist_2006_2016/F_DisAgg06_15.xls,disaggregated_futures_only,fut_disagg_xls_hist_2006_2016,COFFEE C - ICE FUTURES U.S.,130709,2013-07-09,083731,ICUS,1,83,152611,34564,62708,45417,2890,1908,32071,59095,5714,16166,4129,8046,143886,144490,8725,8121,97064,13124,32737,31861,2200,41,30035,48501,2387,13620,5710,86,91154,91662,5910,5402,55547,21440,29971,13818,952,1605,4452,13010,911,6780,2653,3726,52732,52828,2815,2719,1676.0,700.0,827.0,468.0,147.0,-470.0,-577.0,141.0,-266.0,589.0,471.0,781.0,1225.0,1631.0,451.0,45.0,100,22.6,41.1,29.8,1.9,1.3,21.0,38.7,3.7,10.6,2.7,5.3,94.3,94.7,5.7,5.3,100,13.5,33.7,32.8,2.3,0.0,30.9,50.0,2.5,14.0,5.9,0.1,93.9,94.4,6.1,5.6,100,38.6,54.0,24.9,1.7,2.9,8.0,23.4,1.6,12.2,4.8,6.7,94.9,95.1,5.1,4.9,372,98.0,75.0,21.0,10.0,7.0,47.0,73.0,26.0,70.0,35.0,37.0,275,230,351.0,64.0,64.0,21.0,9.0,,45.0,70.0,14.0,64.0,33.0,7.0,206.0,187.0,219.0,82.0,56.0,17.0,8.0,5.0,17.0,24.0,7.0,39.0,17.0,21.0,175.0,120.0,13.6,13.9,24.4,25.6,12.9,13.0,23.7,22.6,15.9,18.9,28.3,32.1,15.9,17.9,28.3,30.7,17.0,21.9,29.3,37.2,17.0,20.1,27.4,34.0,"(CONTRACTS OF 37,500 POUNDS)",A50,FutOnly
raw_cot_data/disaggregated_futures_only/fut_disagg_xls_hist_2006_2016/F_DisAgg06_15.xls,disaggregated_futures_only,fut_disagg_xls_hist_2006_2016,COFFEE C - ICE FUTURES U.S.,130702,2013-07-02,083731,ICUS,1,83,150935,33864,61881,44949,2743,2378,32648,58954,5980,15577,3658,7265,142661,142859,8274,8076,97741,13730,33307,31980,2071,136,30899,49201,2340,13043,5233,77,92205,92365,5536,5376,53194,20134,28574,13323,1026,1888,4210,12214,1179,6267,2158,3455,50456,50494,2738,2700,-1833.0,-874.0,3603.0,12.0,-295.0,44.0,-1199.0,-2473.0,-906.0,144.0,-2592.0,771.0,-2008.0,-1848.0,175.0,15.0,100,22.4,41.0,29.8,1.8,1.6,21.6,39.1,4.0,10.3,2.4,4.8,94.5,94.6,5.5,5.4,100,14.0,34.1,32.7,2.1,0.1,31.6,50.3,2.4,13.3,5.4,0.1,94.3,94.5,5.7,5.5,100,37.9,53.7,25.0,1.9,3.5,7.9,23.0,2.2,11.8,4.1,6.5,94.9,94.9,5.1,5.1,368,96.0,76.0,21.0,10.0,7.0,47.0,71.0,30.0,71.0,32.0,38.0,277,230,348.0,61.0,64.0,21.0,8.0,,46.0,68.0,18.0,66.0,33.0,6.0,209.0,184.0,212.0,81.0,55.0,16.0,9.0,5.0,17.0,22.0,6.0,38.0,16.0,21.0,172.0,115.0,13.7,13.4,24.6,25.0,12.8,12.9,23.7,22.5,16.0,18.6,28.4,32.3,16.0,17.6,28.3,30.8,17.1,20.7,29.5,36.3,17.1,18.8,27.6,32.3,"(CONTRACTS OF 37,500 POUNDS)",A50,FutOnly
raw_cot_data/disaggregated_futures_only/fut_disagg_xls_hist_2006_2016/F_DisAgg06_15.xls,disaggregated_futures_only,fut_disagg_xls_hist_2006_2016,COFFEE C - ICE FUTURES U.S.,130625,2013-06-25,083731,ICUS,1,83,152768,34738,58278,44937,3038,2334,33847,61427,6886,15433,6250,6494,144669,144707,8099,8061,101380,15213,31877,32436,2387,43,32725,52047,2800,12515,6513,53,95785,95720,5595,5660,51388,19525,26401,12929,1079,1863,4108,12366,1100,6073,2892,3286,48884,48987,2504,2401,-10331.0,-8254.0,-8936.0,-137.0,208.0,-677.0,679.0,1163.0,-401.0,34.0,-733.0,263.0,-8493.0,-9113.0,-1838.0,-1218.0,100,22.7,38.1,29.4,2.0,1.5,22.2,40.2,4.5,10.1,4.1,4.3,94.7,94.7,5.3,5.3,100,15.0,31.4,32.0,2.4,0.0,32.3,51.3,2.8,12.3,6.4,0.1,94.5,94.4,5.5,5.6,100,38.0,51.4,25.2,2.1,3.6,8.0,24.1,2.1,11.8,5.6,6.4,95.1,95.3,4.9,4.7,368,93.0,70.0,20.0,11.0,7.0,52.0,70.0,28.0,69.0,38.0,27.0,270,221,348.0,58.0,60.0,20.0,10.0,,50.0,68.0,20.0,65.0,34.0,4.0,207.0,185.0,203.0,80.0,51.0,16.0,9.0,5.0,17.0,19.0,5.0,33.0,19.0,18.0,163.0,109.0,13.6,14.1,24.5,25.5,12.7,13.5,23.5,23.2,15.9,18.1,28.2,31.9,15.9,17.7,28.1,30.5,16.8,21.6,29.0,37.7,16.8,19.0,27.8,34.2,"(CONTRACTS OF 37,500 POUNDS)",A50,FutOnly
raw_cot_data/disaggregated_futures_only/fut_disagg_xls_hist_2006_2016/F_DisAgg06_15.xls,disaggregated_futures_only,fut_disagg_xls_hist_2006_2016,COFFEE C - ICE FUTURES U.S.,130618,2013-06-18,083731,ICUS,1,83,163099,42992,67214,45074,2830,3011,33168,60264,7287,15399,6983,6231,153162,153820,9937,9279,113628,24745,40605,33257,2234,79,31887,52877,3570,12388,7011,157,106083,106533,7545,7095,49471,18247,26609,12829,1608,1920,4256,10362,742,5891,2852,3194,47079,47287,2392,2184,-17138.0,-448.0,-7130.0,-570.0,-188.0,-2393.0,-2669.0,-619.0,-2370.0,-4559.0,86.0,-2349.0,-15358.0,-14963.0,-1780.0,-2175.0,100,26.4,41.2,27.6,1.7,1.8,20.3,36.9,4.5,9.4,4.3,3.8,93.9,94.3,6.1,5.7,100,21.8,35.7,29.3,2.0,0.1,28.1,46.5,3.1,10.9,6.2,0.1,93.4,93.8,6.6,6.2,100,36.9,53.8,25.9,3.3,3.9,8.6,20.9,1.5,11.9,5.8,6.5,95.2,95.6,4.8,4.4,359,94.0,72.0,19.0,12.0,10.0,49.0,64.0,24.0,71.0,36.0,29.0,268,218,338.0,76.0,65.0,21.0,9.0,4.0,44.0,63.0,18.0,66.0,34.0,,219.0,185.0,197.0,78.0,51.0,17.0,8.0,7.0,16.0,16.0,,33.0,18.0,18.0,160.0,107.0,13.0,16.6,23.6,27.5,12.1,13.1,22.3,22.1,14.6,19.3,26.3,32.9,14.6,16.0,25.7,28.0,17.2,22.0,28.9,38.7,17.2,19.1,28.4,34.9,"(CONTRACTS OF 37,500 POUNDS)",A50,FutOnly
raw_cot_data/disaggregated_futures_only/fut_disagg_xls_hist_2006_2016/F_DisAgg06_15.xls,disaggregated_futures_only,fut_disagg_xls_hist_2006_2016,COFFEE C - ICE FUTURES U.S.,130611,2013-06-11,083731,ICUS,1,83,180237,43440,74344,45644,3018,5404,35837,60883,9657,19958,6897,8580,168520,168783,11717,11454,134794,27286,47963,35318,2277,2251,34153,56909,6125,17517,6902,2547,125197,124974,9597,9820,45443,16154,26381,11401,1816,2078,4424,6714,792,5424,2978,3050,43323,43809,2120,1634,-639.0,73.0,837.0,967.0,-806.0,-9.0,-1496.0,503.0,-653.0,121.0,-668.0,-455.0,-1452.0,-1251.0,813.0,612.0,100,24.1,41.2,25.3,1.7,3.0,19.9,33.8,5.4,11.1,3.8,4.8,93.5,93.6,6.5,6.4,100,20.2,35.6,26.2,1.7,1.7,25.3,42.2,4.5,13.0,5.1,1.9,92.9,92.7,7.1,7.3,100,35.5,58.1,25.1,4.0,4.6,9.7,14.8,1.7,11.9,6.6,6.7,95.3,96.4,4.7,3.6,376,91.0,73.0,21.0,11.0,10.0,51.0,72.0,35.0,70.0,37.0,42.0,281,244,364.0,73.0,71.0,23.0,8.0,6.0,48.0,73.0,31.0,67.0,36.0,28.0,247.0,224.0,187.0,73.0,46.0,17.0,9.0,8.0,14.0,15.0,5.0,29.0,18.0,17.0,150.0,102.0,12.2,14.7,21.6,25.0,11.3,11.1,20.5,19.8,13.0,15.6,23.0,27.1,13.0,13.2,23.0,23.5,16.9,23.9,28.5,40.5,16.9,21.0,28.3,35.1,"(CONTRACTS OF 37,500 POUNDS)",A50,FutOnly
raw_cot_data/disaggregated_futures_only/fut_disagg_xls_hist_2006_2016/F_DisAgg06_15.xls,disaggregated_futures_only,fut_disagg_xls_hist_2006_2016,COFFEE C - ICE FUTURES U.S.,130604,2013-06-04,083731,ICUS,1,83,180876,43367,73507,44677,3824,5413,37333,60380,10310,19837,7565,9035,169972,170034,10904,10842,138998,28030,48721,36252,2884,2474,35920,57788,7605,17717,7977,2638,130636,130087,8362,8911,41878,15337,24786,9300,1815,2064,3453,4632,665,5563,3031,2954,39336,39947,2542,1931,4600.0,1451.0,104.0,-705.0,-7.0,804.0,14.0,4791.0,-1383.0,4645.0,126.0,-655.0,4171.0,3780.0,429.0,820.0,100,24.0,40.6,24.7,2.1,3.0,20.6,33.4,5.7,11.0,4.2,5.0,94.0,94.0,6.0,6.0,100,20.2,35.1,26.1,2.1,1.8,25.8,41.6,5.5,12.7,5.7,1.9,94.0,93.6,6.0,6.4,100,36.6,59.2,22.2,4.3,4.9,8.2,11.1,1.6,13.3,7.2,7.1,93.9,95.4,6.1,4.6,373,89.0,71.0,20.0,12.0,12.0,51.0,72.0,35.0,71.0,39.0,39.0,278,241,365.0,75.0,68.0,21.0,10.0,6.0,48.0,73.0,33.0,71.0,39.0,24.0,247.0,224.0,178.0,67.0,46.0,17.0,9.0,10.0,13.0,11.0,,29.0,18.0,15.0,142.0,96.0,12.0,14.4,21.1,25.2,10.9,11.0,20.0,19.4,12.9,15.1,22.8,26.9,12.8,12.8,22.7,23.6,16.8,25.9,29.2,43.7,16.8,22.6,27.4,37.2,"(CONTRACTS OF 37,500 POUNDS)",A50,FutOnly
raw_cot_data/disaggregated_futures_only/fut_disagg_xls_hist_2006_2016/F_DisAgg06_15.xls,disaggregated_futures_only,fut_disagg_xls_hist_2006_2016,COFFEE C - ICE FUTURES U.S.,130528,2013-05-28,083731,ICUS,1,83,176276,41916,73403,45382,3831,4609,37319,55589,11693,15192,7439,9690,165801,166254,10475,10022,136793,27535,49397,38164,2537,2083,35874,55435,7480,13513,7654,3633,128282,128219,8511,8574,39483,14381,24006,7929,2005,1815,5114,3823,544,4711,2817,3025,37519,38035,1964,1448,14166.0,5315.0,-2396.0,-507.0,415.0,490.0,2415.0,11101.0,1240.0,2748.0,1604.0,198.0,11899.0,12652.0,2267.0,1514.0,100,23.8,41.6,25.7,2.2,2.6,21.2,31.5,6.6,8.6,4.2,5.5,94.1,94.3,5.9,5.7,100,20.1,36.1,27.9,1.9,1.5,26.2,40.5,5.5,9.9,5.6,2.7,93.8,93.7,6.2,6.3,100,36.4,60.8,20.1,5.1,4.6,13.0,9.7,1.4,11.9,7.1,7.7,95.0,96.3,5.0,3.7,380,93.0,79.0,21.0,11.0,11.0,54.0,70.0,33.0,66.0,43.0,38.0,280,248,373.0,76.0,76.0,21.0,10.0,6.0,49.0,73.0,32.0,68.0,41.0,25.0,249.0,233.0,179.0,71.0,52.0,17.0,8.0,9.0,15.0,9.0,,27.0,17.0,15.0,145.0,98.0,12.3,13.9,22.1,24.5,11.2,10.4,20.8,18.6,13.3,15.6,24.1,26.6,13.2,13.0,23.4,23.4,17.2,28.2,29.6,45.7,17.0,23.9,27.7,37.7,"(CONTRACTS OF 37,500 POUNDS)",A50,FutOnly
raw_cot_data/disaggregated_futures_only/fut_disagg_xls_hist_2006_2016/F_DisAgg06_15.xls,disaggregated_futures_only,fut_disagg_xls_hist_2006_2016,COFFEE C - ICE FUTURES U.S.,130521,2013-05-21,083731,ICUS,1,83,162110,36601,75799,45889,3416,4119,34904,44488,10453,12444,5835,9492,153902,153602,8208,8508,125435,23040,53429,39153,2115,1592,33746,45082,6598,11053,6177,3433,118615,118426,6820,7009,36675,13561,22370,7468,2033,1795,4744,2992,269,4389,2656,3061,35287,35176,1388,1499,4684.0,3642.0,-4757.0,1012.0,168.0,-376.0,-635.0,8293.0,-164.0,1076.0,285.0,406.0,4961.0,3855.0,-277.0,829.0,100,22.6,46.8,28.3,2.1,2.5,21.5,27.4,6.4,7.7,3.6,5.9,94.9,94.8,5.1,5.2,100,18.4,42.6,31.2,1.7,1.3,26.9,35.9,5.3,8.8,4.9,2.7,94.6,94.4,5.4,5.6,100,37.0,61.0,20.4,5.5,4.9,12.9,8.2,0.7,12.0,7.2,8.3,96.2,95.9,3.8,4.1,378,91.0,79.0,22.0,10.0,9.0,56.0,71.0,31.0,65.0,38.0,37.0,277,241,370.0,74.0,77.0,22.0,9.0,5.0,54.0,71.0,28.0,68.0,38.0,24.0,245.0,227.0,178.0,72.0,50.0,17.0,7.0,8.0,14.0,8.0,,29.0,16.0,16.0,145.0,95.0,13.8,15.6,24.0,26.5,12.6,11.0,22.8,20.3,14.6,16.8,25.9,28.1,14.6,14.6,25.8,24.4,17.2,28.7,30.2,46.7,17.1,22.8,28.3,37.8,"(CONTRACTS OF 37,500 POUNDS)",A50,FutOnly
raw_cot_data/disaggregated_futures_only/fut_disagg_xls_hist_2006_2016/F_DisAgg06_15.xls,disaggregated_futures_only,fut_disagg_xls_hist_2006_2016,COFFEE C - ICE FUTURES U.S.,130514,2013-05-14,083731,ICUS,1,83,157426,32959,80556,44877,3248,4495,35539,36195,10617,11368,5550,9086,148941,149747,8485,7679,121976,20225,58691,38227,2154,1925,34996,36747,6541,9089,5640,3822,114825,115520,7151,6456,35450,12734,21865,7424,1868,1796,4442,3347,177,4656,2287,2887,34116,34227,1334,1223,-1977.0,-946.0,8382.0,-671.0,413.0,-51.0,248.0,-7908.0,-1455.0,203.0,-894.0,523.0,-2149.0,-990.0,172.0,-987.0,100,20.9,51.2,28.5,2.1,2.9,22.6,23.0,6.7,7.2,3.5,5.8,94.6,95.1,5.4,4.9,100,16.6,48.1,31.3,1.8,1.6,28.7,30.1,5.4,7.5,4.6,3.1,94.1,94.7,5.9,5.3,100,35.9,61.7,20.9,5.3,5.1,12.5,9.4,0.5,13.1,6.5,8.1,96.2,96.6,3.8,3.4,363,84.0,87.0,18.0,13.0,14.0,63.0,58.0,28.0,57.0,34.0,43.0,268,241,355.0,66.0,85.0,19.0,11.0,6.0,62.0,58.0,24.0,61.0,33.0,28.0,233.0,222.0,179.0,69.0,55.0,17.0,8.0,9.0,15.0,7.0,,29.0,16.0,17.0,142.0,102.0,14.2,16.5,24.6,27.5,13.0,12.2,23.4,21.9,15.1,17.5,26.4,28.2,15.1,16.2,26.4,25.5,17.3,30.8,30.0,49.4,17.1,24.9,27.7,40.4,"(CONTRACTS OF 37,500 POUNDS)",A50,FutOnly
raw_cot_data/disaggregated_futures_only/fut_disagg_xls_hist_2006_2016/F_DisAgg06_15.xls,disaggregated_futures_only,fut_disagg_xls_hist_2006_2016,COFFEE C - ICE FUTURES U.S.,130507,2013-05-07,083731,ICUS,1,83,159403,33905,72174,45548,2835,4546,35291,44103,12072,11165,6444,8563,151090,150737,8313,8666,125493,22208,53268,39114,2102,1719,34754,44335,7329,10183,5933,3306,118613,117992,6880,7501,33910,11697,18906,7424,1723,1837,5206,4437,74,3747,3276,2492,32477,32745,1433,1165,-6057.0,-4437.0,3705.0,-286.0,-195.0,275.0,-1715.0,-11769.0,334.0,-1214.0,503.0,848.0,-6195.0,-6299.0,138.0,242.0,100,21.3,45.3,28.6,1.8,2.9,22.1,27.7,7.6,7.0,4.0,5.4,94.8,94.6,5.2,5.4,100,17.7,42.4,31.2,1.7,1.4,27.7,35.3,5.8,8.1,4.7,2.6,94.5,94.0,5.5,6.0,100,34.5,55.8,21.9,5.1,5.4,15.4,13.1,0.2,11.0,9.7,7.3,95.8,96.6,4.2,3.4,368,87.0,82.0,22.0,9.0,13.0,53.0,73.0,35.0,55.0,37.0,41.0,269,248,361.0,77.0,81.0,22.0,8.0,6.0,51.0,72.0,31.0,61.0,34.0,29.0,245.0,231.0,168.0,64.0,48.0,17.0,7.0,8.0,12.0,9.0,,27.0,18.0,18.0,134.0,96.0,14.2,14.4,24.7,25.6,12.9,11.4,23.4,20.9,15.3,15.0,26.8,27.2,15.3,14.9,26.8,24.6,17.9,27.7,30.6,46.9,17.9,24.6,29.0,39.1,"(CONTRACTS OF 37,500 POUNDS)",A50,FutOnly
raw_cot_data/disaggregated_futures_only/fut_disagg_xls_hist_2006_2016/F_DisAgg06_15.xls,disaggregated_futures_only,fut_disagg_xls_hist_2006_2016,COFFEE C - ICE FUTURES U.S.,130430,2013-04-30,083731,ICUS,1,83,165460,38342,68469,45834,3030,4271,37006,55872,11738,12379,5941,7715,157285,157036,8175,8424,133622,27188,50837,40140,2490,1434,37121,55857,6999,11238,5628,2915,127035,126160,6587,7462,31838,11154,17632,6694,1540,1837,4528,4658,96,3329,2501,2612,30250,30876,1588,962,6017.0,503.0,-2331.0,357.0,266.0,550.0,1915.0,4456.0,658.0,578.0,425.0,846.0,5407.0,4870.0,610.0,1147.0,100,23.2,41.4,27.7,1.8,2.6,22.4,33.8,7.1,7.5,3.6,4.7,95.1,94.9,4.9,5.1,100,20.3,38.0,30.0,1.9,1.1,27.8,41.8,5.2,8.4,4.2,2.2,95.1,94.4,4.9,5.6,100,35.0,55.4,21.0,4.8,5.8,14.2,14.6,0.3,10.5,7.9,8.2,95.0,97.0,5.0,3.0,374,86.0,76.0,23.0,9.0,15.0,51.0,83.0,29.0,60.0,33.0,33.0,260,247,367.0,77.0,75.0,23.0,8.0,8.0,46.0,85.0,26.0,64.0,30.0,22.0,240.0,229.0,157.0,61.0,48.0,14.0,9.0,8.0,10.0,9.0,,24.0,15.0,15.0,124.0,92.0,14.1,13.8,24.8,25.7,12.9,11.1,23.4,20.0,15.5,15.9,27.1,28.3,15.5,13.6,27.1,24.4,17.1,29.0,31.1,47.8,17.0,26.6,28.6,41.6,"(CONTRACTS OF 37,500 POUNDS)",A50,FutOnly
raw_cot_data/disaggregated_futures_only/fut_disagg_xls_hist_2006_2016/F_DisAgg06_15.xls,disaggregated_futures_only,fut_disagg_xls_hist_2006_2016,COFFEE C - ICE FUTURES U.S.,130423,2013-04-23,083731,ICUS,1,83,159443,37839,70800,45477,2764,3721,35091,51416,11080,11801,5516,6869,151878,152166,7565,7277,130316,27748,54115,40285,2933,653,34643,51606,6954,11428,5168,2498,124209,123927,6107,6389,29127,10091,16685,6756,1395,1504,4490,3852,84,2563,2538,2181,27669,28239,1458,888,-7098.0,-6278.0,1540.0,313.0,592.0,378.0,-1874.0,-9182.0,234.0,90.0,121.0,313.0,-6824.0,-6004.0,-274.0,-1094.0,100,23.7,44.4,28.5,1.7,2.3,22.0,32.2,6.9,7.4,3.5,4.3,95.3,95.4,4.7,4.6,100,21.3,41.5,30.9,2.3,0.5,26.6,39.6,5.3,8.8,4.0,1.9,95.3,95.1,4.7,4.9,100,34.6,57.3,23.2,4.8,5.2,15.4,13.2,0.3,8.8,8.7,7.5,95.0,97.0,5.0,3.0,364,85.0,79.0,23.0,8.0,15.0,53.0,73.0,32.0,62.0,29.0,33.0,262,239,357.0,76.0,78.0,23.0,7.0,8.0,50.0,73.0,29.0,67.0,26.0,22.0,244.0,219.0,158.0,61.0,48.0,15.0,7.0,7.0,11.0,7.0,,21.0,20.0,13.0,122.0,91.0,14.2,15.4,25.0,27.8,12.7,12.6,23.5,21.9,15.3,17.5,27.0,30.8,15.3,15.2,27.0,25.9,18.2,30.9,31.6,48.9,17.9,26.3,29.5,42.6,"(CONTRACTS OF 37,500 POUNDS)",A50,FutOnly
raw_cot_data/disaggregated_futures_only/fut_disagg_xls_hist_2006_2016/F_DisAgg06_15.xls,disaggregated_futures_only,fut_disagg_xls_hist_2006_2016,COFFEE C - ICE FUTURES U.S.,130416,2013-04-16,083731,ICUS,1,83,166541,44117,69260,45164,2172,3343,36965,60598,10846,11711,5395,6556,158702,158170,7839,8371,140384,34193,53895,40687,2415,337,35922,59723,8526,11378,5283,2521,133564,132700,6820,7684,26157,9924,15365,6061,1341,1422,3314,3146,49,2450,2229,1918,25138,25470,1019,687,-8226.0,1930.0,-1396.0,1105.0,70.0,-428.0,-2408.0,285.0,-4111.0,-1283.0,103.0,-3110.0,-8305.0,-8587.0,79.0,361.0,100,26.5,41.6,27.1,1.3,2.0,22.2,36.4,6.5,7.0,3.2,3.9,95.3,95.0,4.7,5.0,100,24.4,38.4,29.0,1.7,0.2,25.6,42.5,6.1,8.1,3.8,1.8,95.1,94.5,4.9,5.5,100,37.9,58.7,23.2,5.1,5.4,12.7,12.0,0.2,9.4,8.5,7.3,96.1,97.4,3.9,2.6,368,95.0,74.0,21.0,9.0,11.0,54.0,78.0,33.0,59.0,33.0,37.0,265,247,363.0,89.0,71.0,22.0,7.0,8.0,51.0,78.0,30.0,64.0,31.0,26.0,252.0,229.0,152.0,61.0,44.0,15.0,6.0,6.0,10.0,7.0,,22.0,17.0,10.0,117.0,82.0,13.6,16.3,24.6,28.4,12.3,12.3,22.5,21.5,14.6,18.5,26.8,31.0,14.2,14.5,25.5,25.2,19.4,32.2,33.7,49.4,18.2,26.6,29.7,41.9,"(CONTRACTS OF 37,500 POUNDS)",A50,FutOnly
raw_cot_data/disaggregated_futures_only/fut_disagg_xls_hist_2006_2016/F_DisAgg06_15.xls,disaggregated_futures_only,fut_disagg_xls_hist_2006_2016,COFFEE C - ICE FUTURES U.S.,130409,2013-04-09,083731,ICUS,1,83,174767,42187,70656,44059,2102,3771,39373,60313,14957,12994,5292,9666,167007,166757,7760,8010,151300,33491,56495,40429,2238,777,36932,59566,14063,13059,4972,5759,144510,143870,6790,7430,23467,8696,14161,5100,1334,1524,3335,1641,0,1853,2238,1989,22497,22887,970,580,-1086.0,-432.0,2556.0,-12.0,783.0,-1625.0,393.0,-2831.0,1992.0,-2012.0,-941.0,346.0,-1350.0,280.0,264.0,-1366.0,100,24.1,40.4,25.2,1.2,2.2,22.5,34.5,8.6,7.4,3.0,5.5,95.6,95.4,4.4,4.6,100,22.1,37.3,26.7,1.5,0.5,24.4,39.4,9.3,8.6,3.3,3.8,95.5,95.1,4.5,4.9,100,37.1,60.3,21.7,5.7,6.5,14.2,7.0,0.0,7.9,9.5,8.5,95.9,97.5,4.1,2.5,378,93.0,76.0,22.0,7.0,13.0,49.0,82.0,35.0,63.0,38.0,48.0,276,261,376.0,87.0,75.0,21.0,8.0,9.0,47.0,82.0,34.0,70.0,37.0,40.0,265.0,250.0,150.0,60.0,46.0,15.0,6.0,6.0,13.0,4.0,0.0,20.0,19.0,13.0,117.0,85.0,13.5,15.4,24.3,26.4,11.2,11.9,20.9,20.8,14.3,16.6,25.7,28.2,13.1,13.6,23.5,23.0,21.0,34.6,35.1,51.0,18.5,28.0,30.0,42.4,"(CONTRACTS OF 37,500 POUNDS)",A50,FutOnly
raw_cot_data/disaggregated_futures_only/fut_disagg_xls_hist_2006_2016/F_DisAgg06_15.xls,disaggregated_futures_only,fut_disagg_xls_hist_2006_2016,COFFEE C - ICE FUTURES U.S.,130402,2013-04-02,083731,ICUS,1,83,175853,42619,68100,44071,1319,5396,38980,63144,12965,15006,6233,9320,168357,166477,7496,9376,154956,34851,55430,41679,1448,2557,36142,62945,12451,15370,6088,4952,148002,145871,6954,9085,20897,7768,12670,3924,1403,1307,3352,713,0,2078,2587,1926,20355,20606,542,291,670.0,577.0,1308.0,-433.0,26.0,469.0,355.0,-1563.0,566.0,365.0,-1084.0,92.0,1991.0,-186.0,-1321.0,856.0,100,24.2,38.7,25.1,0.8,3.1,22.2,35.9,7.4,8.5,3.5,5.3,95.7,94.7,4.3,5.3,100,22.5,35.8,26.9,0.9,1.7,23.3,40.6,8.0,9.9,3.9,3.2,95.5,94.1,4.5,5.9,100,37.2,60.6,18.8,6.7,6.3,16.0,3.4,0.0,9.9,12.4,9.2,97.4,98.6,2.6,1.4,388,102.0,73.0,23.0,6.0,15.0,50.0,82.0,37.0,68.0,38.0,48.0,294,261,386.0,96.0,70.0,23.0,6.0,11.0,48.0,82.0,36.0,74.0,38.0,41.0,283.0,249.0,154.0,60.0,44.0,15.0,6.0,5.0,13.0,5.0,0.0,25.0,17.0,9.0,122.0,77.0,12.6,15.4,22.9,26.4,11.0,12.5,20.6,21.7,13.0,16.8,24.0,28.9,12.8,14.0,23.1,24.2,22.1,38.3,36.5,53.6,19.5,31.1,29.8,43.0,"(CONTRACTS OF 37,500 POUNDS)",A50,FutOnly
raw_cot_data/disaggregated_futures_only/fut_disagg_xls_hist_2006_2016/F_DisAgg06_15.xls,disaggregated_futures_only,fut_disagg_xls_hist_2006_2016,COFFEE C - ICE FUTURES U.S.,130326,2013-03-26,083731,ICUS,1,83,175183,42042,66792,44504,1293,4927,38625,64707,12399,14641,7317,9228,166366,166663,8817,8520,156939,34322,56395,42916,1266,2314,37143,64899,11846,15054,6915,5205,148800,148840,8139,8099,18244,7720,10397,3454,1893,747,2035,361,0,1728,2543,1882,17566,17823,678,421,1116.0,-101.0,1722.0,310.0,-794.0,492.0,-1737.0,-2044.0,1986.0,778.0,259.0,1347.0,3075.0,2968.0,-1959.0,-1852.0,100,24.0,38.1,25.4,0.7,2.8,22.0,36.9,7.1,8.4,4.2,5.3,95.0,95.1,5.0,4.9,100,21.9,35.9,27.3,0.8,1.5,23.7,41.4,7.5,9.6,4.4,3.3,94.8,94.8,5.2,5.2,100,42.3,57.0,18.9,10.4,4.1,11.2,2.0,0.0,9.5,13.9,10.3,96.3,97.7,3.7,2.3,402,105.0,76.0,22.0,6.0,14.0,47.0,84.0,37.0,72.0,44.0,52.0,301,272,402.0,100.0,74.0,23.0,5.0,10.0,47.0,84.0,36.0,78.0,43.0,46.0,294.0,261.0,148.0,60.0,46.0,13.0,8.0,,9.0,,0.0,24.0,15.0,11.0,115.0,77.0,12.6,15.2,22.7,26.4,11.0,12.7,20.7,21.7,12.9,16.4,23.6,28.3,12.7,14.1,23.0,23.9,20.4,33.2,34.5,49.7,18.7,28.6,29.1,39.6,"(CONTRACTS OF 37,500 POUNDS)",A50,FutOnly
raw_cot_data/disaggregated_futures_only/fut_disagg_xls_hist_2006_2016/F_DisAgg06_15.xls,disaggregated_futures_only,fut_disagg_xls_hist_2006_2016,COFFEE C - ICE FUTURES U.S.,130319,2013-03-19,083731,ICUS,1,83,174067,42143,65070,44194,2087,4435,40362,66751,10413,13863,7058,7881,163291,163695,10776,10372,158231,35278,55781,42785,2204,2224,39321,66859,9899,13859,6676,4950,148316,148593,9915,9638,15836,6865,9289,3559,2033,61,1555,406,0,1639,2017,1296,14975,15102,861,734,8229.0,3010.0,-1668.0,30.0,-171.0,378.0,2289.0,7292.0,-371.0,1143.0,69.0,828.0,7307.0,6357.0,922.0,1872.0,100,24.2,37.4,25.4,1.2,2.5,23.2,38.3,6.0,8.0,4.1,4.5,93.8,94.0,6.2,6.0,100,22.3,35.3,27.0,1.4,1.4,24.9,42.3,6.3,8.8,4.2,3.1,93.7,93.9,6.3,6.1,100,43.4,58.7,22.5,12.8,0.4,9.8,2.6,0.0,10.3,12.7,8.2,94.6,95.4,5.4,4.6,394,101.0,74.0,22.0,6.0,14.0,51.0,86.0,33.0,69.0,40.0,46.0,290,263,394.0,98.0,72.0,22.0,6.0,9.0,51.0,86.0,32.0,72.0,41.0,41.0,284.0,253.0,141.0,59.0,44.0,14.0,6.0,,7.0,4.0,0.0,22.0,15.0,9.0,109.0,73.0,12.8,14.7,23.0,25.9,11.1,12.7,21.0,21.8,13.7,15.7,24.2,27.7,13.3,14.0,23.4,23.8,21.2,33.7,36.6,49.4,20.5,33.5,32.8,44.5,"(CONTRACTS OF 37,500 POUNDS)",A50,FutOnly
raw_cot_data/disaggregated_futures_only/fut_disagg_xls_hist_2006_2016/F_DisAgg06_15.xls,disaggregated_futures_only,fut_disagg_xls_hist_2006_2016,COFFEE C - ICE FUTURES U.S.,130312,2013-03-12,083731,ICUS,1,83,165838,39133,66738,44164,2258,4057,38073,59459,10784,12720,6989,7053,155984,157338,9854,8500,151091,32481,58040,43360,2368,1782,37110,59596,10273,12841,6952,4171,142018,143182,9073,7909,14747,6652,8698,3004,2090,75,1474,374,0,1435,1593,1326,13966,14156,781,591,-1525.0,998.0,1060.0,269.0,-71.0,-165.0,-1454.0,-2426.0,246.0,-1047.0,238.0,104.0,-1049.0,-1014.0,-476.0,-511.0,100,23.6,40.2,26.6,1.4,2.4,23.0,35.9,6.5,7.7,4.2,4.3,94.1,94.9,5.9,5.1,100,21.5,38.4,28.7,1.6,1.2,24.6,39.4,6.8,8.5,4.6,2.8,94.0,94.8,6.0,5.2,100,45.1,59.0,20.4,14.2,0.5,10.0,2.5,0.0,9.7,10.8,9.0,94.7,96.0,5.3,4.0,375,101.0,83.0,22.0,7.0,16.0,53.0,75.0,33.0,58.0,37.0,42.0,276,260,374.0,99.0,82.0,22.0,7.0,10.0,52.0,75.0,31.0,63.0,37.0,37.0,271.0,248.0,137.0,57.0,48.0,15.0,7.0,,5.0,4.0,0.0,17.0,15.0,10.0,102.0,79.0,12.8,17.6,23.1,30.2,11.6,15.3,21.7,25.6,13.6,19.0,23.8,31.6,13.6,16.5,23.8,26.7,22.6,35.7,40.0,52.8,20.9,35.6,35.4,47.0,"(CONTRACTS OF 37,500 POUNDS)",A50,FutOnly
raw_cot_data/disaggregated_futures_only/fut_disagg_xls_hist_2006_2016/F_DisAgg06_15.xls,disaggregated_futures_only,fut_disagg_xls_hist_2006_2016,COFFEE C - ICE FUTURES U.S.,130305,2013-03-05,083731,ICUS,1,83,167363,38135,65678,43895,2329,4222,39527,61885,10538,13767,6751,6949,157033,158352,10330,9011,153111,31653,57604,43438,2327,1866,38522,62031,10031,13940,6695,4209,143659,144763,9452,8348,14252,6482,8074,2729,2274,84,1497,346,15,1318,1547,1249,13374,13589,878,663,5930.0,1192.0,1193.0,-874.0,-399.0,1076.0,323.0,2061.0,761.0,1545.0,-30.0,971.0,4994.0,5633.0,936.0,297.0,100,22.8,39.2,26.2,1.4,2.5,23.6,37.0,6.3,8.2,4.0,4.2,93.8,94.6,6.2,5.4,100,20.7,37.6,28.4,1.5,1.2,25.2,40.5,6.6,9.1,4.4,2.7,93.8,94.5,6.2,5.5,100,45.5,56.7,19.1,16.0,0.6,10.5,2.4,0.1,9.2,10.9,8.8,93.8,95.3,6.2,4.7,383,97.0,79.0,23.0,6.0,13.0,55.0,84.0,37.0,59.0,36.0,44.0,280,263,383.0,94.0,76.0,23.0,6.0,9.0,55.0,84.0,35.0,66.0,35.0,40.0,274.0,253.0,134.0,54.0,46.0,15.0,6.0,,8.0,,,15.0,17.0,10.0,101.0,75.0,12.7,17.1,22.9,29.3,11.5,14.8,21.4,25.0,13.6,18.4,24.0,30.7,13.6,16.0,23.6,26.0,22.1,35.9,39.2,53.1,20.8,35.7,35.4,47.0,"(CONTRACTS OF 37,500 POUNDS)",A50,FutOnly
raw_cot_data/disaggregated_futures_only/fut_disagg_xls_hist_2006_2016/F_DisAgg06_15.xls,disaggregated_futures_only,fut_disagg_xls_hist_2006_2016,COFFEE C - ICE FUTURES U.S.,130226,2013-02-26,083731,ICUS,1,83,161433,36943,64485,44769,2728,3146,39204,59824,9777,12222,6781,5978,152039,152719,9394,8714,148321,31200,57101,44520,2774,862,38128,60005,9282,12138,6721,3577,139707,140322,8614,7999,13112,5743,7384,2521,2226,12,1571,314,0,1322,1298,1163,12332,12397,780,715,1907.0,-955.0,4061.0,82.0,4.0,-885.0,3222.0,-346.0,-578.0,939.0,-743.0,559.0,2384.0,2072.0,-477.0,-165.0,100,22.9,39.9,27.7,1.7,1.9,24.3,37.1,6.1,7.6,4.2,3.7,94.2,94.6,5.8,5.4,100,21.0,38.5,30.0,1.9,0.6,25.7,40.5,6.3,8.2,4.5,2.4,94.2,94.6,5.8,5.4,100,43.8,56.3,19.2,17.0,0.1,12.0,2.4,0.0,10.1,9.9,8.9,94.1,94.5,5.9,5.5,363,94.0,81.0,22.0,7.0,13.0,56.0,79.0,33.0,52.0,32.0,36.0,262,250,362.0,91.0,78.0,22.0,7.0,9.0,55.0,79.0,31.0,58.0,31.0,32.0,255.0,240.0,128.0,52.0,44.0,15.0,6.0,,7.0,,0.0,14.0,15.0,9.0,95.0,70.0,13.2,17.2,24.1,29.4,12.0,14.8,22.7,25.1,14.1,18.2,25.5,30.5,14.1,15.9,25.2,25.9,23.4,38.5,40.6,55.8,21.8,38.2,35.6,50.2,"(CONTRACTS OF 37,500 POUNDS)",A50,FutOnly
raw_cot_data/disaggregated_futures_only/fut_disagg_xls_hist_2006_2016/F_DisAgg06_15.xls,disaggregated_futures_only,fut_disagg_xls_hist_2006_2016,COFFEE C - ICE FUTURES U.S.,130219,2013-02-19,083731,ICUS,1,83,159526,37898,60424,44687,2724,4031,35982,60170,10355,11283,7524,5419,149655,150647,9871,8879,147564,32526,53991,44627,2808,1676,35479,60527,9530,11349,7708,3196,138383,139436,9181,8128,11962,5372,6433,2395,2251,20,1328,468,0,1282,1164,875,11272,11211,690,751,-243.0,-1262.0,-3617.0,-267.0,155.0,-1397.0,1086.0,4555.0,-348.0,2197.0,454.0,82.0,91.0,-116.0,-334.0,-127.0,100,23.8,37.9,28.0,1.7,2.5,22.6,37.7,6.5,7.1,4.7,3.4,93.8,94.4,6.2,5.6,100,22.0,36.6,30.2,1.9,1.1,24.0,41.0,6.5,7.7,5.2,2.2,93.8,94.5,6.2,5.5,100,44.9,53.8,20.0,18.8,0.2,11.1,3.9,0.0,10.7,9.7,7.3,94.2,93.7,5.8,6.3,363,91.0,76.0,20.0,9.0,14.0,53.0,80.0,35.0,56.0,33.0,39.0,257,257,362.0,88.0,75.0,20.0,9.0,9.0,53.0,80.0,33.0,60.0,33.0,35.0,251.0,247.0,122.0,49.0,39.0,13.0,7.0,,5.0,4.0,0.0,16.0,13.0,10.0,90.0,68.0,13.9,15.2,24.8,27.1,12.2,14.0,22.8,24.0,14.8,15.9,26.2,27.8,14.2,14.8,25.4,24.7,24.5,40.6,42.4,55.8,22.8,40.2,38.1,51.7,"(CONTRACTS OF 37,500 POUNDS)",A50,FutOnly
raw_cot_data/disaggregated_futures_only/fut_disagg_xls_hist_2006_2016/F_DisAgg06_15.xls,disaggregated_futures_only,fut_disagg_xls_hist_2006_2016,COFFEE C - ICE FUTURES U.S.,130212,2013-02-12,083731,ICUS,1,83,159769,39160,64041,44954,2569,5428,34896,55615,10703,9086,7070,5337,149564,150763,10205,9006,149627,34725,58609,45012,2615,3158,34371,55966,10053,9063,7240,3690,140072,141331,9555,8296,10142,4435,5432,2200,2212,12,1175,299,0,1046,853,624,9492,9432,650,710,-3005.0,6860.0,-2578.0,-60.0,-222.0,-947.0,1749.0,8882.0,-4782.0,-3378.0,-727.0,-2786.0,-3344.0,-3160.0,339.0,155.0,100,24.5,40.1,28.1,1.6,3.4,21.8,34.8,6.7,5.7,4.4,3.3,93.6,94.4,6.4,5.6,100,23.2,39.2,30.1,1.7,2.1,23.0,37.4,6.7,6.1,4.8,2.5,93.6,94.5,6.4,5.5,100,43.7,53.6,21.7,21.8,0.1,11.6,2.9,0.0,10.3,8.4,6.2,93.6,93.0,6.4,7.0,356,97.0,77.0,21.0,7.0,13.0,52.0,78.0,36.0,50.0,33.0,39.0,261,252,355.0,96.0,74.0,21.0,7.0,10.0,51.0,78.0,35.0,53.0,32.0,35.0,258.0,242.0,110.0,46.0,39.0,13.0,6.0,,4.0,,0.0,12.0,12.0,8.0,81.0,63.0,14.5,14.8,25.9,27.7,12.3,12.5,23.2,22.0,15.3,15.5,27.1,28.2,14.1,13.1,25.8,22.4,26.8,46.3,44.2,61.2,25.4,46.1,41.4,56.7,"(CONTRACTS OF 37,500 POUNDS)",A50,FutOnly
raw_cot_data/disaggregated_futures_only/fut_disagg_xls_hist_2006_2016/F_DisAgg06_15.xls,disaggregated_futures_only,fut_disagg_xls_hist_2006_2016,COFFEE C - ICE FUTURES U.S.,130205,2013-02-05,083731,ICUS,1,83,162774,32300,66619,45014,2791,6375,33147,46733,15485,12464,7797,8123,152908,153923,9866,8851,153647,28780,62153,45388,2882,4144,32756,47356,14452,12499,7941,6531,144550,145459,9097,8188,9127,3520,4466,1837,2120,20,1414,400,10,828,719,729,8358,8464,769,663,7091.0,3037.0,-2789.0,220.0,672.0,978.0,-352.0,5639.0,2690.0,701.0,408.0,-243.0,7031.0,7355.0,60.0,-264.0,100,19.8,40.9,27.7,1.7,3.9,20.4,28.7,9.5,7.7,4.8,5.0,93.9,94.6,6.1,5.4,100,18.7,40.5,29.5,1.9,2.7,21.3,30.8,9.4,8.1,5.2,4.3,94.1,94.7,5.9,5.3,100,38.6,48.9,20.1,23.2,0.2,15.5,4.4,0.1,9.1,7.9,8.0,91.6,92.7,8.4,7.3,359,97.0,83.0,22.0,9.0,16.0,47.0,77.0,43.0,56.0,32.0,47.0,274,264,358.0,96.0,83.0,21.0,10.0,12.0,47.0,78.0,41.0,57.0,32.0,47.0,270.0,260.0,115.0,39.0,40.0,12.0,7.0,,7.0,4.0,,12.0,13.0,11.0,78.0,71.0,14.5,14.3,25.4,26.4,12.2,12.2,23.0,22.1,15.2,14.7,26.7,27.0,13.9,12.4,25.3,22.6,30.8,44.7,47.7,60.0,29.2,44.5,44.6,54.4,"(CONTRACTS OF 37,500 POUNDS)",A50,FutOnly
raw_cot_data/disaggregated_futures_only/fut_disagg_xls_hist_2006_2016/F_DisAgg06_15.xls,disaggregated_futures_only,fut_disagg_xls_hist_2006_2016,COFFEE C - ICE FUTURES U.S.,130129,2013-01-29,083731,ICUS,1,83,155683,29263,69408,44794,2119,5397,33499,41094,12795,11763,7389,8366,145877,146568,9806,9115,147362,25721,65374,45448,2112,3410,33225,41712,11761,11760,7585,6873,138198,138827,9164,8535,8321,3542,4034,1313,1974,20,1308,416,0,792,593,704,7679,7741,642,580,3178.0,1571.0,1520.0,-251.0,100.0,372.0,-656.0,-1995.0,2796.0,-884.0,171.0,937.0,3885.0,3901.0,-707.0,-723.0,100,18.8,44.6,28.8,1.4,3.5,21.5,26.4,8.2,7.6,4.7,5.4,93.7,94.1,6.3,5.9,100,17.5,44.4,30.8,1.4,2.3,22.5,28.3,8.0,8.0,5.1,4.7,93.8,94.2,6.2,5.8,100,42.6,48.5,15.8,23.7,0.2,15.7,5.0,0.0,9.5,7.1,8.5,92.3,93.0,7.7,7.0,355,101.0,86.0,21.0,10.0,15.0,45.0,72.0,40.0,52.0,35.0,49.0,274,260,354.0,99.0,85.0,20.0,11.0,11.0,45.0,72.0,39.0,53.0,36.0,48.0,269.0,255.0,115.0,40.0,41.0,12.0,7.0,,5.0,4.0,0.0,10.0,14.0,9.0,75.0,70.0,15.2,15.1,26.7,27.0,12.9,12.4,24.2,23.3,15.8,15.5,27.9,27.6,14.6,12.6,26.5,23.8,30.4,44.0,48.6,58.7,28.5,43.0,44.8,53.5,"(CONTRACTS OF 37,500 POUNDS)",A50,FutOnly
raw_cot_data/disaggregated_futures_only/fut_disagg_xls_hist_2006_2016/F_DisAgg06_15.xls,disaggregated_futures_only,fut_disagg_xls_hist_2006_2016,COFFEE C - ICE FUTURES U.S.,130122,2013-01-22,083731,ICUS,1,83,152505,27692,67888,45045,2019,5025,34155,43089,9999,12647,7218,7429,141992,142667,10513,9838,144540,24319,63909,45605,2134,3059,33663,43473,9402,12608,7232,6035,134691,135244,9849,9296,7965,3373,3979,1382,1827,24,1089,213,0,697,644,736,7301,7423,664,542,3320.0,-307.0,1344.0,922.0,156.0,1298.0,498.0,-1643.0,-106.0,-337.0,210.0,551.0,2519.0,1810.0,801.0,1510.0,100,18.2,44.5,29.5,1.3,3.3,22.4,28.3,6.6,8.3,4.7,4.9,93.1,93.5,6.9,6.5,100,16.8,44.2,31.6,1.5,2.1,23.3,30.1,6.5,8.7,5.0,4.2,93.2,93.6,6.8,6.4,100,42.3,50.0,17.4,22.9,0.3,13.7,2.7,0.0,8.8,8.1,9.2,91.7,93.2,8.3,6.8,358,99.0,86.0,21.0,11.0,16.0,46.0,71.0,32.0,55.0,35.0,45.0,269,256,357.0,96.0,85.0,21.0,12.0,13.0,46.0,71.0,31.0,55.0,37.0,43.0,264.0,250.0,112.0,39.0,39.0,13.0,6.0,,4.0,4.0,0.0,10.0,13.0,9.0,73.0,67.0,15.2,13.9,27.1,26.1,13.2,12.2,24.8,22.8,15.8,14.3,28.3,26.6,14.8,12.4,27.1,23.3,28.4,45.5,47.6,60.1,25.8,43.7,42.9,53.2,"(CONTRACTS OF 37,500 POUNDS)",A50,FutOnly
raw_cot_data/disaggregated_futures_only/fut_disagg_xls_hist_2006_2016/F_DisAgg06_15.xls,disaggregated_futures_only,fut_disagg_xls_hist_2006_2016,COFFEE C - ICE FUTURES U.S.,130115,2013-01-15,083731,ICUS,1,83,149185,27999,66544,44123,1863,3727,33657,44732,10105,12984,7008,6878,139473,140857,9712,8328,141798,24692,62807,44368,1990,2027,33608,45116,9420,12853,6868,5651,132619,133879,9179,7919,7387,3307,3737,1409,1527,46,734,301,0,661,670,697,6854,6978,533,409,1278.0,-4884.0,8899.0,5715.0,161.0,272.0,1020.0,-8294.0,266.0,75.0,974.0,-1161.0,1303.0,1117.0,-25.0,161.0,100,18.8,44.6,29.6,1.2,2.5,22.6,30.0,6.8,8.7,4.7,4.6,93.5,94.4,6.5,5.6,100,17.4,44.3,31.3,1.4,1.4,23.7,31.8,6.6,9.1,4.8,4.0,93.5,94.4,6.5,5.6,100,44.8,50.6,19.1,20.7,0.6,9.9,4.1,0.0,8.9,9.1,9.4,92.8,94.5,7.2,5.5,365,93.0,84.0,22.0,11.0,14.0,50.0,71.0,35.0,59.0,33.0,49.0,276,254,365.0,90.0,84.0,22.0,11.0,10.0,51.0,71.0,34.0,60.0,33.0,44.0,272.0,245.0,112.0,40.0,36.0,14.0,5.0,,4.0,4.0,0.0,10.0,13.0,11.0,76.0,65.0,14.7,14.3,26.5,26.6,13.4,12.9,24.7,23.8,15.2,14.9,27.7,27.1,14.7,13.3,26.8,24.3,26.4,44.1,46.0,60.3,24.5,43.3,42.2,53.9,"(CONTRACTS OF 37,500 POUNDS)",A50,FutOnly
raw_cot_data/disaggregated_futures_only/fut_disagg_xls_hist_2006_2016/F_DisAgg06_15.xls,disaggregated_futures_only,fut_disagg_xls_hist_2006_2016,COFFEE C - ICE FUTURES U.S.,130108,2013-01-08,083731,ICUS,1,83,147907,32883,57645,38408,1702,3455,32637,53026,9839,12909,6034,8039,138170,139740,9737,8167,140914,29834,53885,38196,1778,2159,32851,53455,9159,13117,6224,6474,131790,133134,9124,7780,6993,3049,3760,1463,1175,45,466,251,0,866,884,491,6380,6606,613,387,4171.0,-1231.0,3610.0,2671.0,-207.0,832.0,640.0,-96.0,-119.0,113.0,-97.0,1373.0,4279.0,5296.0,-108.0,-1125.0,100,22.2,39.0,26.0,1.2,2.3,22.1,35.9,6.7,8.7,4.1,5.4,93.4,94.5,6.6,5.5,100,21.2,38.2,27.1,1.3,1.5,23.3,37.9,6.5,9.3,4.4,4.6,93.5,94.5,6.5,5.5,100,43.6,53.8,20.9,16.8,0.6,6.7,3.6,0.0,12.4,12.6,7.0,91.2,94.5,8.8,5.5,373,101.0,86.0,24.0,9.0,14.0,44.0,79.0,35.0,60.0,31.0,43.0,274,262,373.0,100.0,84.0,24.0,9.0,11.0,45.0,79.0,34.0,61.0,32.0,40.0,272.0,254.0,112.0,42.0,35.0,14.0,5.0,,,4.0,0.0,13.0,10.0,7.0,77.0,60.0,12.3,14.0,22.9,26.1,11.5,12.9,21.4,23.4,12.7,14.6,23.9,26.7,12.3,13.5,23.0,24.1,28.3,40.7,47.6,57.5,23.9,39.2,40.4,50.9,"(CONTRACTS OF 37,500 POUNDS)",A50,FutOnly
raw_cot_data/disaggregated_futures_only/fut_disagg_xls_hist_2006_2016/F_DisAgg06_15.xls,disaggregated_futures_only,fut_disagg_xls_hist_2006_2016,COFFEE C - ICE FUTURES U.S.,121231,2012-12-31,083731,ICUS,1,83,143736,34114,54035,35737,1909,2623,31997,53122,9958,12796,6131,6666,133891,134444,9845,9292,137694,31181,50306,35563,1886,2075,32214,53511,9318,12816,6415,5269,128436,128780,9258,8914,6042,2933,3729,685,534,37,423,251,0,858,594,519,5455,5664,587,378,3025.0,474.0,709.0,293.0,-106.0,44.0,2057.0,1394.0,83.0,-693.0,-2115.0,-66.0,2192.0,-57.0,833.0,3082.0,100,23.7,37.6,24.9,1.3,1.8,22.3,37.0,6.9,8.9,4.3,4.6,93.2,93.5,6.8,6.5,100,22.6,36.5,25.8,1.4,1.5,23.4,38.9,6.8,9.3,4.7,3.8,93.3,93.5,6.7,6.5,100,48.5,61.7,11.3,8.8,0.6,7.0,4.2,0.0,14.2,9.8,8.6,90.3,93.7,9.7,6.3,364,97.0,80.0,23.0,10.0,17.0,44.0,84.0,33.0,54.0,31.0,37.0,263,256,364.0,96.0,77.0,23.0,9.0,13.0,45.0,84.0,32.0,57.0,30.0,34.0,261.0,246.0,107.0,40.0,35.0,12.0,7.0,,,4.0,0.0,12.0,9.0,7.0,71.0,60.0,11.8,14.5,21.8,27.0,11.2,13.9,20.8,24.6,12.1,15.2,22.6,27.4,11.5,14.5,21.7,25.4,29.1,34.1,49.1,53.8,23.1,32.3,38.4,44.6,"(CONTRACTS OF 37,500 POUNDS)",A50,FutOnly
raw_cot_data/disaggregated_futures_only/fut_disagg_xls_hist_2006_2016/F_DisAgg06_15.xls,disaggregated_futures_only,fut_disagg_xls_hist_2006_2016,COFFEE C - ICE FUTURES U.S.,121224,2012-12-24,083731,ICUS,1,83,140711,33640,53326,35444,2015,2579,29940,51728,9875,13489,8246,6732,131699,134501,9012,6210,134777,30710,49596,35262,1991,2032,30126,52117,9266,13477,8505,5434,126307,128941,8470,5836,5934,2930,3730,692,534,37,423,220,0,870,599,440,5392,5560,542,374,-2905.0,-255.0,476.0,215.0,-130.0,134.0,-97.0,-1975.0,462.0,-1038.0,1695.0,163.0,-416.0,825.0,-2489.0,-3730.0,100,23.9,37.9,25.2,1.4,1.8,21.3,36.8,7.0,9.6,5.9,4.8,93.6,95.6,6.4,4.4,100,22.8,36.8,26.2,1.5,1.5,22.4,38.7,6.9,10.0,6.3,4.0,93.7,95.7,6.3,4.3,100,49.4,62.9,11.7,9.0,0.6,7.1,3.7,0.0,14.7,10.1,7.4,90.9,93.7,9.1,6.3,361,95.0,79.0,24.0,9.0,15.0,42.0,81.0,32.0,56.0,33.0,38.0,261,253,361.0,94.0,76.0,24.0,8.0,12.0,43.0,81.0,31.0,58.0,33.0,35.0,259.0,244.0,105.0,39.0,35.0,12.0,7.0,,,4.0,0.0,12.0,8.0,6.0,70.0,58.0,12.0,14.7,22.2,27.2,11.4,14.0,21.2,24.9,12.4,15.4,23.0,27.7,11.7,14.6,22.0,25.8,29.2,34.3,49.4,54.3,23.4,32.8,39.1,45.4,"(CONTRACTS OF 37,500 POUNDS)",A50,FutOnly
raw_cot_data/disaggregated_futures_only/fut_disagg_xls_hist_2006_2016/F_DisAgg06_15.xls,disaggregated_futures_only,fut_disagg_xls_hist_2006_2016,COFFEE C - ICE FUTURES U.S.,121218,2012-12-18,083731,ICUS,1,83,143616,33895,52850,35229,2145,2445,30037,53703,9413,14527,6551,6569,132115,133676,11501,9940,137727,31021,49210,35087,2121,1898,30223,54092,8804,14421,6767,5341,126795,128233,10932,9494,5889,2874,3640,652,534,37,423,220,0,915,593,419,5320,5443,569,446,2857.0,1773.0,69.0,-1332.0,-486.0,236.0,553.0,1996.0,7.0,-437.0,720.0,-671.0,129.0,1871.0,2728.0,986.0,100,23.6,36.8,24.5,1.5,1.7,20.9,37.4,6.6,10.1,4.6,4.6,92.0,93.1,8.0,6.9,100,22.5,35.7,25.5,1.5,1.4,21.9,39.3,6.4,10.5,4.9,3.9,92.1,93.1,7.9,6.9,100,48.8,61.8,11.1,9.1,0.6,7.2,3.7,0.0,15.5,10.1,7.1,90.3,92.4,9.7,7.6,356,94.0,75.0,22.0,9.0,15.0,41.0,82.0,31.0,59.0,30.0,40.0,259,250,356.0,94.0,72.0,22.0,8.0,12.0,42.0,82.0,30.0,62.0,30.0,37.0,258.0,241.0,103.0,39.0,35.0,11.0,7.0,,,4.0,0.0,12.0,9.0,5.0,68.0,59.0,11.9,14.3,21.7,26.5,11.0,13.8,20.4,24.4,12.2,14.8,22.3,27.4,11.3,14.4,21.2,25.2,29.4,34.0,49.7,53.7,23.4,32.1,38.9,45.1,"(CONTRACTS OF 37,500 POUNDS)",A50,FutOnly
raw_cot_data/disaggregated_futures_only/fut_disagg_xls_hist_2006_2016/F_DisAgg06_15.xls,disaggregated_futures_only,fut_disagg_xls_hist_2006_2016,COFFEE C - ICE FUTURES U.S.,121211,2012-12-11,083731,ICUS,1,83,140759,32122,52781,36561,2631,2209,29484,51707,9406,14964,5831,7240,131986,131805,8773,8954,135025,29374,49274,36413,2607,1662,29670,52096,8797,15049,6179,5878,126843,126493,8182,8532,5734,2748,3507,658,534,37,423,220,0,842,579,435,5143,5312,591,422,1500.0,-806.0,2410.0,2159.0,74.0,36.0,143.0,-1530.0,615.0,319.0,208.0,592.0,3058.0,2405.0,-1558.0,-905.0,100,22.8,37.5,26.0,1.9,1.6,20.9,36.7,6.7,10.6,4.1,5.1,93.8,93.6,6.2,6.4,100,21.8,36.5,27.0,1.9,1.2,22.0,38.6,6.5,11.1,4.6,4.4,93.9,93.7,6.1,6.3,100,47.9,61.2,11.5,9.3,0.6,7.4,3.8,0.0,14.7,10.1,7.6,89.7,92.6,10.3,7.4,370,95.0,79.0,22.0,10.0,16.0,45.0,81.0,30.0,66.0,28.0,43.0,270,258,369.0,93.0,78.0,22.0,9.0,12.0,46.0,81.0,29.0,68.0,29.0,38.0,266.0,248.0,104.0,37.0,35.0,11.0,7.0,,,4.0,0.0,12.0,11.0,5.0,66.0,60.0,12.0,14.8,22.2,27.0,11.2,14.0,21.0,24.3,12.3,15.2,22.9,27.4,11.6,14.6,21.9,25.0,30.1,33.5,49.8,53.3,23.6,31.3,38.7,43.5,"(CONTRACTS OF 37,500 POUNDS)",A50,FutOnly
raw_cot_data/disaggregated_futures_only/fut_disagg_xls_hist_2006_2016/F_DisAgg06_15.xls,disaggregated_futures_only,fut_disagg_xls_hist_2006_2016,COFFEE C - ICE FUTURES U.S.,121204,2012-12-04,083731,ICUS,1,83,139259,32928,50371,34402,2557,2173,29341,53237,8791,14645,5623,6648,128928,129400,10331,9859,133912,30285,47028,34251,2541,1626,29458,53626,8251,14778,5903,5462,124111,124437,9801,9475,5347,2643,3343,661,526,37,423,151,0,649,502,404,4817,4963,530,384,4023.0,-1998.0,-141.0,49.0,-112.0,37.0,748.0,1109.0,880.0,1559.0,-29.0,1067.0,2342.0,2811.0,1681.0,1212.0,100,23.6,36.2,24.7,1.8,1.6,21.1,38.2,6.3,10.5,4.0,4.8,92.6,92.9,7.4,7.1,100,22.6,35.1,25.6,1.9,1.2,22.0,40.0,6.2,11.0,4.4,4.1,92.7,92.9,7.3,7.1,100,49.4,62.5,12.4,9.8,0.7,7.9,2.8,0.0,12.1,9.4,7.6,90.1,92.8,9.9,7.2,364,96.0,76.0,22.0,10.0,16.0,41.0,84.0,30.0,66.0,23.0,40.0,268,250,363.0,94.0,73.0,22.0,10.0,12.0,42.0,84.0,29.0,69.0,22.0,37.0,264.0,240.0,98.0,34.0,36.0,11.0,6.0,,,,0.0,12.0,9.0,7.0,63.0,59.0,11.8,18.0,22.3,30.1,11.2,17.0,20.8,26.5,12.1,18.3,22.6,30.4,11.5,17.6,21.6,27.3,30.5,33.6,51.1,54.1,24.9,30.6,40.5,42.7,"(CONTRACTS OF 37,500 POUNDS)",A50,FutOnly
raw_cot_data/disaggregated_futures_only/fut_disagg_xls_hist_2006_2016/F_DisAgg06_15.xls,disaggregated_futures_only,fut_disagg_xls_hist_2006_2016,COFFEE C - ICE FUTURES U.S.,121127,2012-11-27,083731,ICUS,1,83,135236,34926,50512,34353,2669,2136,28593,52128,7911,13086,5652,5581,126586,126589,8650,8647,130312,32370,47481,34212,2653,1589,28744,52517,7371,13298,6039,4508,122092,122158,8220,8154,4924,2556,3031,651,526,37,389,151,0,598,423,263,4494,4431,430,493,854.0,-853.0,491.0,-344.0,78.0,57.0,620.0,-454.0,24.0,386.0,30.0,475.0,365.0,701.0,489.0,153.0,100,25.8,37.4,25.4,2.0,1.6,21.1,38.5,5.8,9.7,4.2,4.1,93.6,93.6,6.4,6.4,100,24.8,36.4,26.3,2.0,1.2,22.1,40.3,5.7,10.2,4.6,3.5,93.7,93.7,6.3,6.3,100,51.9,61.6,13.2,10.7,0.8,7.9,3.1,0.0,12.1,8.6,5.3,91.3,90.0,8.7,10.0,356,98.0,75.0,22.0,10.0,15.0,44.0,79.0,29.0,57.0,22.0,38.0,264,241,354.0,95.0,72.0,22.0,10.0,11.0,45.0,79.0,28.0,62.0,22.0,37.0,259.0,233.0,93.0,34.0,34.0,11.0,6.0,,,,0.0,11.0,9.0,7.0,63.0,54.0,12.6,18.0,23.3,30.0,11.8,16.6,21.7,26.2,12.6,18.3,23.6,30.3,12.1,17.2,22.4,26.9,32.0,35.4,51.8,54.7,26.8,31.7,43.6,41.9,"(CONTRACTS OF 37,500 POUNDS)",A50,FutOnly
raw_cot_data/disaggregated_futures_only/fut_disagg_xls_hist_2006_2016/F_DisAgg06_15.xls,disaggregated_futures_only,fut_disagg_xls_hist_2006_2016,COFFEE C - ICE FUTURES U.S.,121120,2012-11-20,083731,ICUS,1,83,134382,35779,50021,34697,2591,2079,27973,52582,7887,12700,5622,5106,126221,125888,8161,8494,129535,33171,47105,34552,2578,1529,28124,52971,7347,13083,6023,3943,121749,121496,7786,8039,4847,2608,2916,658,526,37,389,151,0,586,568,194,4472,4392,375,455,-6044.0,-2084.0,-1322.0,170.0,-65.0,-203.0,1644.0,2399.0,-1222.0,1811.0,-391.0,-3389.0,-3273.0,-4193.0,-2771.0,-1851.0,100,26.6,37.2,25.8,1.9,1.5,20.8,39.1,5.9,9.5,4.2,3.8,93.9,93.7,6.1,6.3,100,25.6,36.4,26.7,2.0,1.2,21.7,40.9,5.7,10.1,4.6,3.0,94.0,93.8,6.0,6.2,100,53.8,60.2,13.6,10.9,0.8,8.0,3.1,0.0,12.1,11.7,4.0,92.3,90.6,7.7,9.4,363,97.0,78.0,22.0,10.0,15.0,44.0,81.0,28.0,57.0,24.0,36.0,265,244,363.0,96.0,74.0,22.0,10.0,11.0,45.0,81.0,27.0,61.0,25.0,36.0,263.0,236.0,88.0,32.0,33.0,11.0,6.0,,,,0.0,11.0,6.0,,58.0,48.0,12.7,18.1,23.5,29.9,11.8,16.2,21.7,25.7,12.5,18.4,23.7,30.1,12.0,16.7,22.5,26.4,34.6,36.8,54.2,57.4,27.3,32.9,44.5,45.3,"(CONTRACTS OF 37,500 POUNDS)",A50,FutOnly
raw_cot_data/disaggregated_futures_only/fut_disagg_xls_hist_2006_2016/F_DisAgg06_15.xls,disaggregated_futures_only,fut_disagg_xls_hist_2006_2016,COFFEE C - ICE FUTURES U.S.,121113,2012-11-13,083731,ICUS,1,83,140426,37863,51343,34527,2656,2282,26329,50183,9109,10889,6013,8495,129494,130081,10932,10345,135746,35308,48560,34414,2505,1807,26480,50572,8569,11265,6533,7279,125122,125825,10624,9921,4680,2555,2783,572,610,16,389,151,0,637,493,203,4372,4256,308,424,-12361.0,-5531.0,-1356.0,642.0,-2461.0,-3406.0,1575.0,6010.0,-6384.0,2786.0,-3072.0,-1742.0,-12060.0,-12411.0,-301.0,50.0,100,27.0,36.6,24.6,1.9,1.6,18.7,35.7,6.5,7.8,4.3,6.0,92.2,92.6,7.8,7.4,100,26.0,35.8,25.4,1.8,1.3,19.5,37.3,6.3,8.3,4.8,5.4,92.2,92.7,7.8,7.3,100,54.6,59.5,12.2,13.0,0.3,8.3,3.2,0.0,13.6,10.5,4.3,93.4,90.9,6.6,9.1,360,100.0,78.0,21.0,10.0,16.0,39.0,83.0,34.0,55.0,29.0,44.0,270,258,360.0,99.0,76.0,21.0,10.0,13.0,40.0,83.0,33.0,57.0,31.0,43.0,268.0,252.0,86.0,29.0,33.0,9.0,7.0,,,,0.0,11.0,8.0,,54.0,50.0,12.8,14.0,23.3,24.5,11.3,12.1,20.8,20.8,12.6,14.2,23.4,24.7,11.6,12.5,21.6,21.0,35.6,35.7,55.7,56.9,28.3,32.4,47.2,45.6,"(CONTRACTS OF 37,500 POUNDS)",A50,FutOnly
raw_cot_data/disaggregated_futures_only/fut_disagg_xls_hist_2006_2016/F_DisAgg06_15.xls,disaggregated_futures_only,fut_disagg_xls_hist_2006_2016,COFFEE C - ICE FUTURES U.S.,121106,2012-11-06,083731,ICUS,1,83,152787,43394,52699,33885,5117,5688,24754,44173,15493,8103,9085,10237,141554,142492,11233,10295,148395,40782,50105,33834,4966,5213,24905,44562,14953,8387,9223,9438,137512,138460,10883,9935,4392,2612,2594,510,610,16,389,151,0,319,465,196,4042,4032,350,360,-26.0,3158.0,-1572.0,-246.0,183.0,-162.0,-476.0,5483.0,-2237.0,1378.0,-438.0,-1709.0,-294.0,-452.0,268.0,426.0,100,28.4,34.5,22.2,3.3,3.7,16.2,28.9,10.1,5.3,5.9,6.7,92.6,93.3,7.4,6.7,100,27.5,33.8,22.8,3.3,3.5,16.8,30.0,10.1,5.7,6.2,6.4,92.7,93.3,7.3,6.7,100,59.5,59.1,11.6,13.9,0.4,8.9,3.4,0.0,7.3,10.6,4.5,92.0,91.8,8.0,8.2,365,97.0,84.0,22.0,11.0,15.0,36.0,84.0,36.0,45.0,40.0,46.0,263,273,365.0,97.0,83.0,22.0,11.0,13.0,37.0,84.0,35.0,49.0,42.0,45.0,263.0,268.0,81.0,29.0,32.0,7.0,7.0,,,,0.0,8.0,9.0,,48.0,51.0,12.4,13.6,22.9,23.9,10.5,11.1,19.0,18.1,12.2,13.8,23.0,23.9,10.7,11.4,19.7,18.3,41.0,35.4,60.1,56.3,34.3,32.9,53.1,47.8,"(CONTRACTS OF 37,500 POUNDS)",A50,FutOnly
raw_cot_data/disaggregated_futures_only/fut_disagg_xls_hist_2006_2016/F_DisAgg06_15.xls,disaggregated_futures_only,fut_disagg_xls_hist_2006_2016,COFFEE C - ICE FUTURES U.S.,121030,2012-10-30,083731,ICUS,1,83,152813,40236,54271,34131,4934,5850,25230,38690,17730,6725,9523,11946,141848,142944,10965,9869,148627,37747,51722,34142,4783,5375,25381,39036,17233,6951,9739,11149,137978,139037,10649,9590,4186,2489,2549,448,610,16,346,151,0,352,362,219,3870,3907,316,279,1127.0,-1270.0,-2705.0,258.0,40.0,600.0,-338.0,1200.0,712.0,-300.0,-150.0,948.0,610.0,645.0,517.0,482.0,100,26.3,35.5,22.3,3.2,3.8,16.5,25.3,11.6,4.4,6.2,7.8,92.8,93.5,7.2,6.5,100,25.4,34.8,23.0,3.2,3.6,17.1,26.3,11.6,4.7,6.6,7.5,92.8,93.5,7.2,6.5,100,59.5,60.9,10.7,14.6,0.4,8.3,3.6,0.0,8.4,8.6,5.2,92.5,93.3,7.5,6.7,364,93.0,87.0,24.0,10.0,17.0,45.0,75.0,38.0,40.0,42.0,47.0,260,278,364.0,93.0,86.0,24.0,10.0,15.0,46.0,75.0,37.0,43.0,45.0,46.0,260.0,273.0,81.0,29.0,34.0,7.0,7.0,,,,0.0,8.0,8.0,,48.0,52.0,11.9,13.3,21.8,24.0,10.5,10.6,19.2,17.7,11.7,13.5,21.8,24.1,10.7,10.9,19.9,17.8,41.9,36.8,60.4,58.0,35.6,34.0,52.8,48.5,"(CONTRACTS OF 37,500 POUNDS)",A50,FutOnly
raw_cot_data/disaggregated_futures_only/fut_disagg_xls_hist_2006_2016/F_DisAgg06_15.xls,disaggregated_futures_only,fut_disagg_xls_hist_2006_2016,COFFEE C - ICE FUTURES U.S.,121023,2012-10-23,083731,ICUS,1,83,151686,41506,56976,33873,4894,5250,25568,37490,17018,7025,9673,10998,141238,142299,10448,9387,147661,39093,54534,33877,4743,4780,25719,37836,16521,7231,9877,10295,137516,138586,10145,9075,4025,2413,2442,450,605,16,346,151,0,333,335,164,3722,3713,303,312,1499.0,-892.0,-3643.0,391.0,81.0,-210.0,1100.0,3387.0,120.0,446.0,753.0,300.0,1255.0,788.0,244.0,711.0,100,27.4,37.6,22.3,3.2,3.5,16.9,24.7,11.2,4.6,6.4,7.3,93.1,93.8,6.9,6.2,100,26.5,36.9,22.9,3.2,3.2,17.4,25.6,11.2,4.9,6.7,7.0,93.1,93.9,6.9,6.1,100,60.0,60.7,11.2,15.0,0.4,8.6,3.8,0.0,8.3,8.3,4.1,92.5,92.2,7.5,7.8,369,95.0,91.0,23.0,10.0,17.0,45.0,74.0,40.0,43.0,42.0,46.0,265,280,369.0,95.0,90.0,23.0,10.0,15.0,46.0,74.0,39.0,45.0,45.0,45.0,265.0,275.0,79.0,28.0,35.0,7.0,7.0,,,,0.0,7.0,7.0,,45.0,52.0,12.3,14.0,22.1,24.7,10.7,10.6,19.1,17.6,12.2,14.1,22.2,24.9,10.9,10.7,19.8,17.7,43.1,35.9,61.5,58.2,36.7,34.3,54.3,49.9,"(CONTRACTS OF 37,500 POUNDS)",A50,FutOnly
raw_cot_data/disaggregated_futures_only/fut_disagg_xls_hist_2006_2016/F_DisAgg06_15.xls,disaggregated_futures_only,fut_disagg_xls_hist_2006_2016,COFFEE C - ICE FUTURES U.S.,121016,2012-10-16,083731,ICUS,1,83,150187,42398,60619,33482,4813,5460,24468,34103,16898,6579,8920,10698,139983,141511,10204,8676,146575,40205,58156,33110,4667,5380,24619,34319,16531,6849,9068,9994,136688,138115,9887,8460,3612,2193,2463,436,210,16,216,151,0,277,399,157,3295,3396,317,216,9783.0,809.0,-4925.0,93.0,-131.0,192.0,1894.0,10128.0,3634.0,289.0,-1274.0,1035.0,7946.0,8659.0,1837.0,1124.0,100,28.2,40.4,22.3,3.2,3.6,16.3,22.7,11.3,4.4,5.9,7.1,93.2,94.2,6.8,5.8,100,27.4,39.7,22.6,3.2,3.7,16.8,23.4,11.3,4.7,6.2,6.8,93.3,94.2,6.7,5.8,100,60.7,68.2,12.1,5.8,0.4,6.0,4.2,0.0,7.7,11.0,4.3,91.2,94.0,8.8,6.0,349,95.0,90.0,23.0,9.0,19.0,45.0,64.0,35.0,41.0,42.0,41.0,254,264,349.0,94.0,90.0,24.0,8.0,17.0,46.0,64.0,34.0,44.0,43.0,40.0,253.0,260.0,77.0,27.0,34.0,7.0,6.0,,,,0.0,5.0,9.0,,43.0,52.0,12.7,14.6,22.7,25.5,10.6,10.1,19.1,17.4,12.5,14.7,22.7,25.4,10.7,10.2,19.5,17.4,45.2,36.0,62.3,57.8,37.8,32.1,54.1,47.5,"(CONTRACTS OF 37,500 POUNDS)",A50,FutOnly
raw_cot_data/disaggregated_futures_only/fut_disagg_xls_hist_2006_2016/F_DisAgg06_15.xls,disaggregated_futures_only,fut_disagg_xls_hist_2006_2016,COFFEE C - ICE FUTURES U.S.,121009,2012-10-09,083731,ICUS,1,83,140404,41589,65544,33389,4944,5268,22574,23975,13264,6290,10194,9663,132037,132852,8367,7552,136836,39450,63191,33027,4793,5193,22725,24191,12897,6589,10322,8913,128794,129500,8042,7336,3568,2139,2353,421,210,16,216,151,0,280,451,171,3243,3352,325,216,-550.0,661.0,-2777.0,-1859.0,528.0,795.0,-2019.0,-479.0,-940.0,-189.0,-227.0,709.0,-2842.0,-2391.0,2292.0,1841.0,100,29.6,46.7,23.8,3.5,3.8,16.1,17.1,9.4,4.5,7.3,6.9,94.0,94.6,6.0,5.4,100,28.8,46.2,24.1,3.5,3.8,16.6,17.7,9.4,4.8,7.5,6.5,94.1,94.6,5.9,5.4,100,59.9,65.9,11.8,5.9,0.4,6.1,4.2,0.0,7.8,12.6,4.8,90.9,93.9,9.1,6.1,334,87.0,88.0,23.0,10.0,18.0,41.0,57.0,35.0,34.0,43.0,48.0,245,258,334.0,86.0,87.0,23.0,10.0,16.0,42.0,57.0,34.0,38.0,43.0,48.0,244.0,254.0,73.0,25.0,33.0,7.0,6.0,,,,0.0,5.0,8.0,,40.0,50.0,13.4,15.9,24.0,26.7,11.1,10.5,20.2,16.8,13.2,15.9,24.0,26.6,11.3,10.4,20.6,17.0,46.1,35.6,62.8,55.7,38.2,30.2,53.8,45.7,"(CONTRACTS OF 37,500 POUNDS)",A50,FutOnly
raw_cot_data/disaggregated_futures_only/fut_disagg_xls_hist_2006_2016/F_DisAgg06_15.xls,disaggregated_futures_only,fut_disagg_xls_hist_2006_2016,COFFEE C - ICE FUTURES U.S.,121002,2012-10-02,083731,ICUS,1,83,140954,40928,68321,35248,4416,4473,24593,24454,14204,6479,10421,8954,134879,135243,6075,5711,137796,39122,66188,34924,4284,4406,24744,24669,13838,6601,10553,8381,132016,132319,5780,5477,3158,1806,2133,375,183,16,215,151,0,274,264,177,2863,2924,295,234,-1.0,-1584.0,4084.0,394.0,-296.0,2151.0,1443.0,-4922.0,1290.0,-455.0,964.0,-713.0,2526.0,2558.0,-2527.0,-2559.0,100,29.0,48.5,25.0,3.1,3.2,17.4,17.3,10.1,4.6,7.4,6.4,95.7,95.9,4.3,4.1,100,28.4,48.0,25.3,3.1,3.2,18.0,17.9,10.0,4.8,7.7,6.1,95.8,96.0,4.2,4.0,100,57.2,67.5,11.9,5.8,0.5,6.8,4.8,0.0,8.7,8.4,5.6,90.7,92.6,9.3,7.4,345,88.0,97.0,24.0,9.0,18.0,54.0,54.0,36.0,38.0,38.0,47.0,259,258,345.0,88.0,96.0,24.0,9.0,15.0,55.0,54.0,35.0,40.0,39.0,47.0,259.0,253.0,69.0,23.0,30.0,6.0,7.0,,,,0.0,6.0,6.0,4.0,40.0,47.0,14.2,17.0,25.0,27.7,11.4,10.7,20.8,17.3,14.1,17.2,25.2,27.6,11.5,10.6,21.2,17.2,45.9,37.0,63.6,57.8,39.6,33.7,55.6,50.7,"(CONTRACTS OF 37,500 POUNDS)",A50,FutOnly
raw_cot_data/disaggregated_futures_only/fut_disagg_xls_hist_2006_2016/F_DisAgg06_15.xls,disaggregated_futures_only,fut_disagg_xls_hist_2006_2016,COFFEE C - ICE FUTURES U.S.,120925,2012-09-25,083731,ICUS,1,83,140955,42512,64237,34854,4712,2322,23150,29376,12914,6934,9457,9667,132353,132685,8602,8270,138087,40774,62466,34697,4617,2101,23301,29410,12729,7036,9612,9117,129755,130052,8332,8035,2868,1738,1771,362,300,16,34,151,0,285,232,163,2598,2633,270,235,1912.0,1762.0,1608.0,-234.0,-107.0,-1072.0,-1122.0,-2391.0,1452.0,-846.0,701.0,1332.0,1272.0,1523.0,640.0,389.0,100,30.2,45.6,24.7,3.3,1.6,16.4,20.8,9.2,4.9,6.7,6.9,93.9,94.1,6.1,5.9,100,29.5,45.2,25.1,3.3,1.5,16.9,21.3,9.2,5.1,7.0,6.6,94.0,94.2,6.0,5.8,100,60.6,61.8,12.6,10.5,0.6,1.2,5.3,0.0,9.9,8.1,5.7,90.6,91.8,9.4,8.2,341,84.0,88.0,24.0,8.0,13.0,47.0,59.0,37.0,40.0,40.0,45.0,251,250,341.0,84.0,86.0,24.0,8.0,11.0,48.0,59.0,36.0,45.0,41.0,45.0,251.0,245.0,67.0,22.0,29.0,6.0,6.0,,,,0.0,5.0,8.0,,37.0,46.0,14.8,17.3,25.9,28.2,11.3,11.3,21.0,18.2,14.7,17.6,26.1,28.2,11.5,11.3,21.3,18.2,48.5,34.9,63.4,54.8,43.7,32.4,57.3,49.4,"(CONTRACTS OF 37,500 POUNDS)",A50,FutOnly
raw_cot_data/disaggregated_futures_only/fut_disagg_xls_hist_2006_2016/F_DisAgg06_15.xls,disaggregated_futures_only,fut_disagg_xls_hist_2006_2016,COFFEE C - ICE FUTURES U.S.,120918,2012-09-18,083731,ICUS,1,83,139043,40750,62629,35088,4819,3394,24272,31767,11462,7780,8756,8335,131081,131162,7962,7881,136359,39127,60914,34914,4712,3235,24423,31767,11311,7845,8914,7828,128683,128681,7676,7678,2684,1623,1715,329,262,4,0,151,0,273,180,169,2398,2481,286,203,-4208.0,-3218.0,5266.0,263.0,16.0,110.0,-348.0,-9935.0,489.0,-1156.0,77.0,-41.0,-3901.0,-4018.0,-307.0,-190.0,100,29.3,45.0,25.2,3.5,2.4,17.5,22.8,8.2,5.6,6.3,6.0,94.3,94.3,5.7,5.7,100,28.7,44.7,25.6,3.5,2.4,17.9,23.3,8.3,5.8,6.5,5.7,94.4,94.4,5.6,5.6,100,60.5,63.9,12.3,9.8,0.1,0.0,5.6,0.0,10.2,6.7,6.3,89.3,92.4,10.7,7.6,347,83.0,90.0,25.0,7.0,15.0,50.0,58.0,38.0,43.0,41.0,48.0,256,256,347.0,83.0,88.0,25.0,7.0,13.0,50.0,58.0,37.0,46.0,42.0,48.0,256.0,251.0,66.0,22.0,31.0,6.0,6.0,,0.0,,0.0,5.0,6.0,4.0,37.0,46.0,15.4,15.8,26.2,27.3,11.8,11.3,21.6,18.7,15.3,16.0,26.4,27.6,11.9,11.3,21.9,18.7,48.9,35.1,63.3,54.7,43.2,33.1,56.0,49.0,"(CONTRACTS OF 37,500 POUNDS)",A50,FutOnly
raw_cot_data/disaggregated_futures_only/fut_disagg_xls_hist_2006_2016/F_DisAgg06_15.xls,disaggregated_futures_only,fut_disagg_xls_hist_2006_2016,COFFEE C - ICE FUTURES U.S.,120911,2012-09-11,083731,ICUS,1,83,143251,43968,57363,34825,4803,3284,24620,41702,10973,8936,8679,8376,134982,135180,8269,8071,140956,42688,55996,34629,4751,3163,24771,41702,10822,9046,8798,7838,132957,133070,7999,7886,2295,1280,1367,313,169,4,0,151,0,230,221,198,2025,2110,270,185,4398.0,-287.0,2321.0,1226.0,-908.0,518.0,678.0,-831.0,2325.0,-496.0,935.0,437.0,4401.0,4797.0,-3.0,-399.0,100,30.7,40.0,24.3,3.4,2.3,17.2,29.1,7.7,6.2,6.1,5.8,94.2,94.4,5.8,5.6,100,30.3,39.7,24.6,3.4,2.2,17.6,29.6,7.7,6.4,6.2,5.6,94.3,94.4,5.7,5.6,100,55.8,59.6,13.6,7.4,0.2,0.0,6.6,0.0,10.0,9.6,8.6,88.2,91.9,11.8,8.1,362,92.0,87.0,26.0,7.0,14.0,52.0,63.0,36.0,45.0,41.0,48.0,269,255,362.0,92.0,85.0,26.0,7.0,12.0,52.0,63.0,35.0,47.0,42.0,48.0,269.0,250.0,65.0,21.0,29.0,6.0,6.0,,0.0,,0.0,5.0,6.0,4.0,36.0,45.0,14.5,16.1,25.1,27.4,11.4,12.1,20.6,20.5,14.7,16.3,25.4,27.7,11.5,12.3,20.9,20.7,45.9,38.8,61.3,57.7,40.8,35.2,54.8,50.8,"(CONTRACTS OF 37,500 POUNDS)",A50,FutOnly
raw_cot_data/disaggregated_futures_only/fut_disagg_xls_hist_2006_2016/F_DisAgg06_15.xls,disaggregated_futures_only,fut_disagg_xls_hist_2006_2016,COFFEE C - ICE FUTURES U.S.,120904,2012-09-04,083731,ICUS,1,83,138853,44255,55042,33599,5711,2766,23942,42533,8648,9432,7744,7939,130581,130383,8272,8470,136900,43112,53941,33391,5659,2704,24088,42533,8502,9567,7829,7492,128856,128660,8044,8240,1953,1143,1101,266,110,4,0,146,0,148,198,164,1725,1723,228,230,2618.0,432.0,-746.0,446.0,-195.0,-72.0,-181.0,2464.0,386.0,610.0,126.0,126.0,1747.0,2089.0,871.0,529.0,100,31.9,39.6,24.2,4.1,2.0,17.2,30.6,6.2,6.8,5.6,5.7,94.0,93.9,6.0,6.1,100,31.5,39.4,24.4,4.1,2.0,17.6,31.1,6.2,7.0,5.7,5.5,94.1,94.0,5.9,6.0,100,58.5,56.4,13.6,5.6,0.2,0.0,7.5,0.0,7.6,10.1,8.4,88.3,88.2,11.7,11.8,366,94.0,85.0,24.0,8.0,11.0,46.0,70.0,31.0,54.0,41.0,45.0,262,256,366.0,94.0,82.0,24.0,8.0,9.0,46.0,70.0,30.0,55.0,42.0,45.0,262.0,250.0,59.0,20.0,27.0,6.0,5.0,,0.0,,0.0,4.0,6.0,,33.0,41.0,15.5,15.7,25.7,26.0,11.6,12.2,20.9,20.6,15.5,15.9,25.9,26.2,11.7,12.4,21.1,20.7,37.6,42.2,56.5,62.4,34.3,39.0,50.4,54.8,"(CONTRACTS OF 37,500 POUNDS)",A50,FutOnly
raw_cot_data/disaggregated_futures_only/fut_disagg_xls_hist_2006_2016/F_DisAgg06_15.xls,disaggregated_futures_only,fut_disagg_xls_hist_2006_2016,COFFEE C - ICE FUTURES U.S.,120828,2012-08-28,083731,ICUS,1,83,136235,43823,55788,33153,5906,2838,24123,40069,8262,8822,7618,7813,128834,128294,7401,7941,258,233,171,0,0,0,0,0,0,0,8,0,233,179,25,79,135977,43590,55617,33153,5906,2838,24123,40069,8262,8828,7616,7807,128601,128115,7376,7862,285.0,-821.0,-1066.0,583.0,-311.0,316.0,210.0,2336.0,391.0,530.0,-153.0,-715.0,494.0,798.0,-209.0,-513.0,100,32.2,40.9,24.3,4.3,2.1,17.7,29.4,6.1,6.5,5.6,5.7,94.6,94.2,5.4,5.8,100,90.3,66.3,0.0,0.0,0.0,0.0,0.0,0.0,0.0,3.1,0.0,90.3,69.4,9.7,30.6,100,32.1,40.9,24.4,4.3,2.1,17.7,29.5,6.1,6.5,5.6,5.7,94.6,94.2,5.4,5.8,365,97.0,85.0,24.0,8.0,12.0,47.0,69.0,31.0,51.0,40.0,43.0,262,253,16.0,,13.0,0.0,0.0,0.0,0.0,0.0,0.0,0.0,,0.0,,15.0,365.0,97.0,85.0,24.0,8.0,12.0,47.0,69.0,31.0,51.0,40.0,43.0,262.0,253.0,16.3,15.2,26.8,26.1,12.3,11.2,21.7,19.6,90.3,47.3,90.3,60.5,90.3,47.3,90.3,60.5,16.3,15.2,26.7,26.1,12.3,11.2,21.7,19.6,"(CONTRACTS OF 37,500 POUNDS)",A50,FutOnly
raw_cot_data/disaggregated_futures_only/fut_disagg_xls_hist_2006_2016/F_DisAgg06_15.xls,disaggregated_futures_only,fut_disagg_xls_hist_2006_2016,COFFEE C - ICE FUTURES U.S.,120821,2012-08-21,083731,ICUS,1,83,135950,44644,56854,32570,6217,2522,23913,37733,7871,8292,7771,8528,128340,127496,7610,8454,5044,2391,2817,461,744,0,106,0,0,811,502,2,3771,4065,1273,979,130906,42253,54037,32116,5480,2515,23893,37819,7785,8107,7895,7900,124569,123431,6337,7475,-1575.0,-1449.0,-4972.0,1307.0,-359.0,-923.0,367.0,7533.0,-1281.0,882.0,-46.0,-1272.0,-2369.0,-1320.0,794.0,-255.0,100,32.8,41.8,24.0,4.6,1.9,17.6,27.8,5.8,6.1,5.7,6.3,94.4,93.8,5.6,6.2,100,47.4,55.8,9.1,14.8,0.0,2.1,0.0,0.0,16.1,10.0,0.0,74.8,80.6,25.2,19.4,100,32.3,41.3,24.5,4.2,1.9,18.3,28.9,5.9,6.2,6.0,6.0,95.2,94.3,4.8,5.7,365,99.0,86.0,24.0,8.0,13.0,44.0,70.0,32.0,49.0,41.0,45.0,261,262,91.0,39.0,34.0,5.0,,0.0,,0.0,0.0,10.0,5.0,,56.0,42.0,365.0,95.0,85.0,24.0,8.0,12.0,43.0,71.0,31.0,47.0,47.0,42.0,253.0,260.0,16.3,15.1,27.1,24.7,12.2,10.0,21.7,18.4,38.5,58.8,51.8,72.1,36.3,58.8,49.7,72.1,17.0,15.4,27.4,25.4,12.7,10.4,22.2,19.1,"(CONTRACTS OF 37,500 POUNDS)",A50,FutOnly
raw_cot_data/disaggregated_futures_only/fut_disagg_xls_hist_2006_2016/F_DisAgg06_15.xls,disaggregated_futures_only,fut_disagg_xls_hist_2006_2016,COFFEE C - ICE FUTURES U.S.,120814,2012-08-14,083731,ICUS,1,83,137525,46093,61826,31263,6576,3445,23546,30200,9152,7410,7817,9800,130709,128816,6816,8709,20439,6350,9262,3105,2428,1,4917,3706,52,3558,1706,86,18069,17241,2370,3198,117086,39743,52564,29442,5432,2160,20971,28836,6758,5927,8186,7639,112640,111575,4446,5511,-996.0,4058.0,-3164.0,-877.0,-81.0,696.0,351.0,5362.0,-2140.0,-1824.0,-924.0,-1212.0,-948.0,-1463.0,-48.0,467.0,100,33.5,45.0,22.7,4.8,2.5,17.1,22.0,6.7,5.4,5.7,7.1,95.0,93.7,5.0,6.3,100,31.1,45.3,15.2,11.9,0.0,24.1,18.1,0.3,17.4,8.3,0.4,88.4,84.4,11.6,15.6,100,33.9,44.9,25.1,4.6,1.8,17.9,24.6,5.8,5.1,7.0,6.5,96.2,95.3,3.8,4.7,355,100.0,92.0,20.0,9.0,18.0,45.0,65.0,36.0,44.0,43.0,51.0,261,276,198.0,50.0,59.0,12.0,9.0,,18.0,15.0,,29.0,15.0,,111.0,102.0,336.0,88.0,85.0,19.0,10.0,13.0,39.0,65.0,30.0,37.0,49.0,42.0,228.0,255.0,15.6,15.9,26.5,25.5,12.0,9.8,21.4,16.7,19.1,26.6,30.5,41.5,19.1,26.4,30.5,40.0,17.8,16.8,28.9,27.6,13.2,10.5,23.2,18.0,"(CONTRACTS OF 37,500 POUNDS)",A50,FutOnly
raw_cot_data/disaggregated_futures_only/fut_disagg_xls_hist_2006_2016/F_DisAgg06_15.xls,disaggregated_futures_only,fut_disagg_xls_hist_2006_2016,COFFEE C - ICE FUTURES U.S.,120807,2012-08-07,083731,ICUS,1,83,138521,42035,64990,32140,6657,2749,23195,24838,11292,9234,8741,11012,131657,130279,6864,8242,49200,7124,19623,13308,4355,26,16246,15234,926,7783,4317,369,45782,44850,3418,4350,89321,34911,45367,19928,3398,1627,11914,14569,5401,4726,7699,7368,85875,85429,3446,3892,2243.0,-616.0,-1110.0,315.0,-179.0,-776.0,1039.0,1605.0,950.0,-392.0,-11.0,2079.0,2599.0,2558.0,-356.0,-315.0,100,30.3,46.9,23.2,4.8,2.0,16.7,17.9,8.2,6.7,6.3,7.9,95.0,94.0,5.0,6.0,100,14.5,39.9,27.0,8.9,0.1,33.0,31.0,1.9,15.8,8.8,0.8,93.1,91.2,6.9,8.8,100,39.1,50.8,22.3,3.8,1.8,13.3,16.3,6.0,5.3,8.6,8.2,96.1,95.6,3.9,4.4,354,94.0,93.0,20.0,11.0,18.0,42.0,64.0,40.0,34.0,50.0,55.0,260,278,308.0,40.0,77.0,19.0,12.0,,35.0,51.0,12.0,46.0,39.0,5.0,154.0,184.0,289.0,80.0,82.0,20.0,10.0,13.0,35.0,35.0,21.0,34.0,41.0,39.0,208.0,208.0,13.8,15.8,24.8,24.7,11.6,10.2,21.4,17.3,20.8,17.1,32.9,28.3,20.7,17.1,32.9,28.1,18.6,20.5,30.0,31.9,14.4,11.7,23.8,19.0,"(CONTRACTS OF 37,500 POUNDS)",A50,FutOnly
raw_cot_data/disaggregated_futures_only/fut_disagg_xls_hist_2006_2016/F_DisAgg06_15.xls,disaggregated_futures_only,fut_disagg_xls_hist_2006_2016,COFFEE C - ICE FUTURES U.S.,120731,2012-07-31,083731,ICUS,1,83,136278,42651,66100,31825,6836,3525,22156,23233,10342,9626,8752,8933,129058,127721,7220,8557,60126,9781,22804,17591,4860,3,19157,20962,1304,7792,4602,379,56007,54914,4119,5212,76152,32870,43296,16483,4225,1273,7998,7270,4039,4377,6693,6011,73051,72807,3101,3345,1200.0,949.0,-566.0,144.0,671.0,-266.0,-508.0,-707.0,784.0,-779.0,39.0,1230.0,1554.0,1185.0,-354.0,15.0,100,31.3,48.5,23.4,5.0,2.6,16.3,17.0,7.6,7.1,6.4,6.6,94.7,93.7,5.3,6.3,100,16.3,37.9,29.3,8.1,0.0,31.9,34.9,2.2,13.0,7.7,0.6,93.1,91.3,6.9,8.7,100,43.2,56.9,21.6,5.5,1.7,10.5,9.5,5.3,5.7,8.8,7.9,95.9,95.6,4.1,4.4,345,95.0,91.0,20.0,12.0,17.0,41.0,64.0,38.0,35.0,44.0,52.0,256,267,313.0,46.0,71.0,20.0,10.0,,36.0,60.0,14.0,41.0,39.0,5.0,157.0,187.0,267.0,80.0,80.0,21.0,10.0,13.0,31.0,23.0,18.0,33.0,35.0,37.0,200.0,188.0,13.8,16.0,25.1,25.4,12.0,10.4,21.9,17.4,18.1,17.4,30.3,30.2,18.0,17.1,30.2,28.9,19.4,23.2,31.8,35.6,15.0,12.6,24.9,21.8,"(CONTRACTS OF 37,500 POUNDS)",A50,FutOnly
raw_cot_data/disaggregated_futures_only/fut_disagg_xls_hist_2006_2016/F_DisAgg06_15.xls,disaggregated_futures_only,fut_disagg_xls_hist_2006_2016,COFFEE C - ICE FUTURES U.S.,120724,2012-07-24,083731,ICUS,1,83,135078,41702,66666,31681,6165,3791,22664,23940,9558,10405,8713,7703,127504,126536,7574,8542,64141,9908,23902,20187,4224,2,18993,23833,1734,8527,4529,297,59648,58521,4493,5620,70937,31794,42764,13620,4067,1663,9170,5606,2325,4684,6990,4600,67856,68015,3081,2922,-4679.0,1033.0,352.0,-515.0,569.0,-1796.0,-1120.0,-1787.0,-1267.0,-372.0,93.0,-539.0,-4576.0,-4375.0,-103.0,-304.0,100,30.9,49.4,23.5,4.6,2.8,16.8,17.7,7.1,7.7,6.5,5.7,94.4,93.7,5.6,6.3,100,15.4,37.3,31.5,6.6,0.0,29.6,37.2,2.7,13.3,7.1,0.5,93.0,91.2,7.0,8.8,100,44.8,60.3,19.2,5.7,2.3,12.9,7.9,3.3,6.6,9.9,6.5,95.7,95.9,4.3,4.1,336,92.0,90.0,20.0,12.0,15.0,44.0,62.0,40.0,33.0,40.0,48.0,246,261,312.0,48.0,70.0,20.0,9.0,,39.0,61.0,17.0,40.0,35.0,5.0,159.0,186.0,253.0,77.0,80.0,20.0,9.0,12.0,32.0,22.0,14.0,25.0,35.0,33.0,186.0,178.0,13.5,16.1,24.5,25.9,12.3,10.6,22.1,18.0,18.6,17.6,32.3,28.8,18.6,16.4,32.2,27.2,20.1,23.6,32.6,37.1,15.0,13.1,24.3,22.5,"(CONTRACTS OF 37,500 POUNDS)",A50,FutOnly
raw_cot_data/disaggregated_futures_only/fut_disagg_xls_hist_2006_2016/F_DisAgg06_15.xls,disaggregated_futures_only,fut_disagg_xls_hist_2006_2016,COFFEE C - ICE FUTURES U.S.,120717,2012-07-17,083731,ICUS,1,83,139757,40669,66314,32196,5596,5587,23784,25727,10825,10777,8620,8242,132080,130911,7677,8846,69329,10577,26127,20958,5014,5,21219,24898,2551,9118,4636,286,64714,63517,4615,5812,70428,30092,40187,14909,4253,1911,8514,6778,2325,4807,7132,4808,67366,67394,3062,3034,642.0,256.0,1608.0,-555.0,313.0,-1170.0,1853.0,-1925.0,1229.0,-1097.0,771.0,-587.0,-71.0,239.0,713.0,403.0,100,29.1,47.4,23.0,4.0,4.0,17.0,18.4,7.7,7.7,6.2,5.9,94.5,93.7,5.5,6.3,100,15.3,37.7,30.2,7.2,0.0,30.6,35.9,3.7,13.2,6.7,0.4,93.3,91.6,6.7,8.4,100,42.7,57.1,21.2,6.0,2.7,12.1,9.6,3.3,6.8,10.1,6.8,95.7,95.7,4.3,4.3,336,93.0,90.0,19.0,11.0,16.0,43.0,58.0,39.0,34.0,45.0,47.0,248,258,316.0,49.0,74.0,18.0,11.0,,45.0,54.0,15.0,41.0,38.0,4.0,163.0,187.0,250.0,80.0,76.0,19.0,8.0,12.0,26.0,22.0,11.0,28.0,36.0,28.0,182.0,169.0,13.2,15.6,24.5,24.8,12.2,10.1,21.7,17.5,18.7,17.1,32.0,29.2,18.7,15.7,32.0,27.2,21.4,20.8,33.9,34.3,17.3,13.2,26.0,21.8,"(CONTRACTS OF 37,500 POUNDS)",A50,FutOnly
raw_cot_data/disaggregated_futures_only/fut_disagg_xls_hist_2006_2016/F_DisAgg06_15.xls,disaggregated_futures_only,fut_disagg_xls_hist_2006_2016,COFFEE C - ICE FUTURES U.S.,120710,2012-07-10,083731,ICUS,1,83,139115,40413,64706,32751,5283,6757,21931,27652,9596,11874,7849,8829,132151,130672,6964,8443,73836,11067,30857,23137,4467,6,21270,25162,3049,10680,4331,254,69463,68126,4373,5710,65279,29346,33849,13012,4214,3353,5371,7200,1837,4623,6947,5146,62688,62546,2591,2733,1171.0,-398.0,3518.0,-268.0,173.0,702.0,63.0,-4974.0,501.0,225.0,727.0,-94.0,731.0,553.0,440.0,618.0,100,29.1,46.5,23.5,3.8,4.9,15.8,19.9,6.9,8.5,5.6,6.3,95.0,93.9,5.0,6.1,100,15.0,41.8,31.3,6.0,0.0,28.8,34.1,4.1,14.5,5.9,0.3,94.1,92.3,5.9,7.7,100,45.0,51.9,19.9,6.5,5.1,8.2,11.0,2.8,7.1,10.6,7.9,96.0,95.8,4.0,4.2,348,97.0,93.0,20.0,10.0,16.0,45.0,62.0,39.0,42.0,42.0,47.0,255,267,333.0,54.0,79.0,19.0,11.0,,48.0,57.0,16.0,47.0,37.0,4.0,177.0,196.0,247.0,86.0,77.0,18.0,9.0,12.0,22.0,22.0,10.0,24.0,37.0,29.0,182.0,171.0,13.6,14.7,24.6,23.9,12.2,10.2,22.2,17.7,19.6,17.7,33.2,29.9,19.6,16.3,33.2,28.5,21.2,19.4,34.1,31.6,18.7,13.6,28.6,22.0,"(CONTRACTS OF 37,500 POUNDS)",A50,FutOnly
raw_cot_data/disaggregated_futures_only/fut_disagg_xls_hist_2006_2016/F_DisAgg06_15.xls,disaggregated_futures_only,fut_disagg_xls_hist_2006_2016,COFFEE C - ICE FUTURES U.S.,120703,2012-07-03,083731,ICUS,1,83,137944,40811,61188,33019,5110,6055,21868,32626,9095,11649,7122,8923,131420,130119,6524,7825,74185,11566,29008,23716,3835,5,21237,28121,2809,10670,4739,226,70229,68743,3956,5442,63759,29245,32180,12153,4125,3200,5390,9264,1527,4675,6079,5001,61191,61376,2568,2383,-1502.0,-1811.0,2709.0,1899.0,-424.0,-652.0,-134.0,-3820.0,-295.0,-1019.0,63.0,1336.0,-676.0,-1083.0,-826.0,-419.0,100,29.6,44.4,23.9,3.7,4.4,15.9,23.7,6.6,8.4,5.2,6.5,95.3,94.3,4.7,5.7,100,15.6,39.1,32.0,5.2,0.0,28.6,37.9,3.8,14.4,6.4,0.3,94.7,92.7,5.3,7.3,100,45.9,50.5,19.1,6.5,5.0,8.5,14.5,2.4,7.3,9.5,7.8,96.0,96.3,4.0,3.7,344,94.0,95.0,21.0,9.0,15.0,42.0,63.0,36.0,42.0,43.0,44.0,251,260,329.0,53.0,81.0,21.0,8.0,,44.0,59.0,16.0,46.0,37.0,4.0,173.0,197.0,244.0,82.0,76.0,17.0,9.0,13.0,22.0,23.0,9.0,35.0,27.0,27.0,182.0,162.0,13.8,14.6,24.8,23.6,12.4,10.0,22.4,17.5,19.6,17.1,33.1,29.1,19.5,16.2,33.1,27.6,20.7,19.2,33.8,31.1,18.9,13.6,28.2,23.1,"(CONTRACTS OF 37,500 POUNDS)",A50,FutOnly
raw_cot_data/disaggregated_futures_only/fut_disagg_xls_hist_2006_2016/F_DisAgg06_15.xls,disaggregated_futures_only,fut_disagg_xls_hist_2006_2016,COFFEE C - ICE FUTURES U.S.,120626,2012-06-26,083731,ICUS,1,83,139446,42622,58479,31120,5534,6707,22002,36446,9390,12668,7059,7587,132096,131202,7350,8244,78943,14491,28442,23189,4944,6,21375,31152,2991,11792,5072,154,73998,72761,4945,6182,60503,28131,30037,11642,4301,2990,5619,10286,1407,4494,5605,3815,58098,58441,2405,2062,-3127.0,-2786.0,85.0,822.0,-1362.0,63.0,-755.0,211.0,-572.0,1240.0,-407.0,-1131.0,-3119.0,-3113.0,-8.0,-14.0,100,30.6,41.9,22.3,4.0,4.8,15.8,26.1,6.7,9.1,5.1,5.4,94.7,94.1,5.3,5.9,100,18.4,36.0,29.4,6.3,0.0,27.1,39.5,3.8,14.9,6.4,0.2,93.7,92.2,6.3,7.8,100,46.5,49.6,19.2,7.1,4.9,9.3,17.0,2.3,7.4,9.3,6.3,96.0,96.6,4.0,3.4,357,98.0,94.0,22.0,10.0,15.0,43.0,67.0,34.0,46.0,42.0,42.0,257,264,340.0,54.0,78.0,21.0,9.0,,43.0,66.0,19.0,49.0,38.0,,176.0,203.0,243.0,81.0,73.0,18.0,9.0,12.0,24.0,21.0,7.0,38.0,25.0,28.0,185.0,154.0,13.8,14.4,24.6,23.1,12.6,10.1,22.2,17.6,18.1,16.2,30.7,27.4,18.1,15.1,30.6,26.2,21.8,18.8,34.6,31.5,20.1,13.7,29.8,24.2,"(CONTRACTS OF 37,500 POUNDS)",A50,FutOnly
raw_cot_data/disaggregated_futures_only/fut_disagg_xls_hist_2006_2016/F_DisAgg06_15.xls,disaggregated_futures_only,fut_disagg_xls_hist_2006_2016,COFFEE C - ICE FUTURES U.S.,120619,2012-06-19,083731,ICUS,1,83,142573,45408,58394,30298,6896,6644,22757,36235,9962,11428,7466,8718,135215,134315,7358,8258,84503,18267,30756,22462,6181,296,22678,31125,3151,11639,5934,571,79064,78014,5439,6489,58070,27141,27638,12207,5086,1977,5144,10175,1746,4155,5898,3781,56151,56301,1919,1769,-9155.0,-5178.0,-4935.0,787.0,95.0,-1407.0,596.0,-527.0,-3380.0,-750.0,949.0,10.0,-9322.0,-9195.0,167.0,40.0,100,31.8,41.0,21.3,4.8,4.7,16.0,25.4,7.0,8.0,5.2,6.1,94.8,94.2,5.2,5.8,100,21.6,36.4,26.6,7.3,0.4,26.8,36.8,3.7,13.8,7.0,0.7,93.6,92.3,6.4,7.7,100,46.7,47.6,21.0,8.8,3.4,8.9,17.5,3.0,7.2,10.2,6.5,96.7,97.0,3.3,3.0,367,98.0,91.0,21.0,12.0,15.0,47.0,69.0,32.0,43.0,46.0,49.0,261,275,350.0,64.0,77.0,20.0,12.0,6.0,45.0,67.0,19.0,48.0,45.0,5.0,188.0,221.0,241.0,79.0,68.0,18.0,10.0,8.0,22.0,22.0,8.0,33.0,27.0,29.0,178.0,153.0,13.2,14.3,24.3,23.0,12.1,9.9,21.3,17.4,17.1,16.1,29.0,27.0,17.0,15.1,28.9,25.9,21.6,20.7,34.4,32.6,20.5,15.0,30.8,26.1,"(CONTRACTS OF 37,500 POUNDS)",A50,FutOnly
raw_cot_data/disaggregated_futures_only/fut_disagg_xls_hist_2006_2016/F_DisAgg06_15.xls,disaggregated_futures_only,fut_disagg_xls_hist_2006_2016,COFFEE C - ICE FUTURES U.S.,120612,2012-06-12,083731,ICUS,1,83,151728,50586,63329,29511,6801,8051,22161,36762,13342,12178,6517,8708,144537,143510,7191,8218,97186,25588,38262,23899,5891,555,23580,33609,5439,11522,5219,1427,92010,90402,5176,6784,54542,24998,25067,9850,5148,3258,4822,9394,1662,4674,5316,3263,52527,53108,2015,1434,-7636.0,3692.0,2070.0,701.0,-623.0,-2250.0,-635.0,770.0,-5584.0,-2658.0,-969.0,-875.0,-7609.0,-7461.0,-27.0,-175.0,100,33.3,41.7,19.4,4.5,5.3,14.6,24.2,8.8,8.0,4.3,5.7,95.3,94.6,4.7,5.4,100,26.3,39.4,24.6,6.1,0.6,24.3,34.6,5.6,11.9,5.4,1.5,94.7,93.0,5.3,7.0,100,45.8,46.0,18.1,9.4,6.0,8.8,17.2,3.0,8.6,9.7,6.0,96.3,97.4,3.7,2.6,376,101.0,90.0,20.0,10.0,19.0,46.0,76.0,34.0,50.0,44.0,53.0,267,289,364.0,82.0,79.0,19.0,11.0,10.0,42.0,77.0,24.0,51.0,46.0,23.0,222.0,245.0,233.0,75.0,68.0,16.0,8.0,11.0,22.0,22.0,9.0,35.0,26.0,24.0,171.0,150.0,12.8,15.8,23.8,24.2,11.2,10.0,20.0,16.9,15.6,17.2,27.4,27.3,15.5,12.9,26.7,22.6,21.7,19.2,34.3,30.1,21.2,13.2,31.4,23.9,"(CONTRACTS OF 37,500 POUNDS)",A50,FutOnly
raw_cot_data/disaggregated_futures_only/fut_disagg_xls_hist_2006_2016/F_DisAgg06_15.xls,disaggregated_futures_only,fut_disagg_xls_hist_2006_2016,COFFEE C - ICE FUTURES U.S.,120605,2012-06-05,083731,ICUS,1,83,159364,46894,61259,28810,7424,10301,22796,35992,18926,14836,7486,9583,152146,150971,7218,8393,107677,24043,37679,23859,6135,2927,26485,37145,7626,14767,6107,2853,102560,100472,5117,7205,51687,22851,23580,8558,4896,3767,6419,8955,1192,4342,5652,2457,49586,50499,2101,1188,8676.0,603.0,-160.0,-253.0,211.0,2260.0,556.0,505.0,3820.0,-639.0,223.0,2079.0,8426.0,8938.0,250.0,-262.0,100,29.4,38.4,18.1,4.7,6.5,14.3,22.6,11.9,9.3,4.7,6.0,95.5,94.7,4.5,5.3,100,22.3,35.0,22.2,5.7,2.7,24.6,34.5,7.1,13.7,5.7,2.6,95.2,93.3,4.8,6.7,100,44.2,45.6,16.6,9.5,7.3,12.4,17.3,2.3,8.4,10.9,4.8,95.9,97.7,4.1,2.3,374,98.0,88.0,19.0,13.0,20.0,41.0,79.0,42.0,48.0,45.0,57.0,276,288,366.0,84.0,81.0,18.0,14.0,14.0,42.0,77.0,33.0,55.0,44.0,37.0,244.0,258.0,224.0,67.0,65.0,17.0,8.0,11.0,21.0,18.0,6.0,33.0,31.0,25.0,161.0,144.0,12.3,13.6,22.6,21.7,10.3,10.7,18.6,17.2,14.5,16.0,25.4,25.9,14.5,13.3,24.7,22.1,22.3,18.5,36.0,30.8,22.0,14.1,34.6,24.7,"(CONTRACTS OF 37,500 POUNDS)",A50,FutOnly
raw_cot_data/disaggregated_futures_only/fut_disagg_xls_hist_2006_2016/F_DisAgg06_15.xls,disaggregated_futures_only,fut_disagg_xls_hist_2006_2016,COFFEE C - ICE FUTURES U.S.,120529,2012-05-29,083731,ICUS,1,83,150688,46291,61419,29063,7213,8041,22240,35487,15106,15475,7263,7504,143720,142033,6968,8655,104879,24002,41028,25048,5443,2357,26057,35860,5329,14825,5720,2025,99643,97762,5236,7117,45809,22289,20391,6955,4710,2744,4878,8322,1082,3856,4749,2273,44077,44271,1732,1538,1243.0,1785.0,-2988.0,-309.0,389.0,-665.0,-507.0,785.0,1089.0,-1354.0,917.0,623.0,662.0,150.0,581.0,1093.0,100,30.7,40.8,19.3,4.8,5.3,14.8,23.5,10.0,10.3,4.8,5.0,95.4,94.3,4.6,5.7,100,22.9,39.1,23.9,5.2,2.2,24.8,34.2,5.1,14.1,5.5,1.9,95.0,93.2,5.0,6.8,100,48.7,44.5,15.2,10.3,6.0,10.6,18.2,2.4,8.4,10.4,5.0,96.2,96.6,3.8,3.4,362,98.0,86.0,19.0,13.0,21.0,39.0,76.0,39.0,44.0,44.0,58.0,264,287,356.0,84.0,79.0,18.0,14.0,13.0,38.0,77.0,31.0,50.0,44.0,34.0,230.0,256.0,206.0,66.0,60.0,16.0,9.0,10.0,17.0,15.0,5.0,29.0,28.0,25.0,152.0,132.0,12.6,14.8,23.2,22.9,11.4,11.6,20.2,18.7,15.4,17.7,26.1,27.7,15.4,14.8,26.1,24.8,23.9,19.0,39.2,32.0,23.6,17.2,37.7,29.3,"(CONTRACTS OF 37,500 POUNDS)",A50,FutOnly
raw_cot_data/disaggregated_futures_only/fut_disagg_xls_hist_2006_2016/F_DisAgg06_15.xls,disaggregated_futures_only,fut_disagg_xls_hist_2006_2016,COFFEE C - ICE FUTURES U.S.,120522,2012-05-22,083731,ICUS,1,83,149445,44506,64407,29372,6824,8706,22747,34702,14017,16829,6346,6881,143058,141883,6387,7562,106015,23335,44391,26379,5263,2463,25885,34817,5566,15514,5148,1909,101051,99557,4964,6458,43430,21171,20016,6182,4750,3054,4079,7102,1234,4182,4065,2105,42007,42326,1423,1104,3556.0,538.0,830.0,-566.0,70.0,282.0,43.0,-677.0,2478.0,579.0,-259.0,-129.0,3225.0,2595.0,331.0,961.0,100,29.8,43.1,19.7,4.6,5.8,15.2,23.2,9.4,11.3,4.2,4.6,95.7,94.9,4.3,5.1,100,22.0,41.9,24.9,5.0,2.3,24.4,32.8,5.3,14.6,4.9,1.8,95.3,93.9,4.7,6.1,100,48.7,46.1,14.2,10.9,7.0,9.4,16.4,2.8,9.6,9.4,4.8,96.7,97.5,3.3,2.5,372,97.0,93.0,19.0,13.0,20.0,44.0,71.0,38.0,55.0,39.0,57.0,273,286,367.0,80.0,88.0,18.0,14.0,11.0,43.0,72.0,30.0,61.0,38.0,32.0,235.0,256.0,204.0,64.0,67.0,16.0,9.0,10.0,16.0,13.0,6.0,30.0,25.0,24.0,146.0,138.0,13.2,14.8,24.1,23.3,11.9,11.7,20.8,18.8,15.9,17.3,26.7,27.6,15.8,14.9,26.6,24.7,23.8,19.7,38.9,33.1,22.9,17.6,35.8,29.4,"(CONTRACTS OF 37,500 POUNDS)",A50,FutOnly
raw_cot_data/disaggregated_futures_only/fut_disagg_xls_hist_2006_2016/F_DisAgg06_15.xls,disaggregated_futures_only,fut_disagg_xls_hist_2006_2016,COFFEE C - ICE FUTURES U.S.,120515,2012-05-15,083731,ICUS,1,83,145889,43968,63577,29938,6754,8424,22704,35379,11539,16250,6605,7010,139833,139288,6056,6601,105240,24274,45098,26415,5419,2344,25400,34077,4815,14801,5526,2214,100263,99493,4977,5747,40649,19694,18479,6820,4632,2783,2758,6756,1270,4005,3635,2240,39570,39795,1079,854,-825.0,-938.0,2129.0,213.0,-328.0,-108.0,-316.0,-2692.0,-285.0,79.0,311.0,401.0,-954.0,-572.0,129.0,-253.0,100,30.1,43.6,20.5,4.6,5.8,15.6,24.3,7.9,11.1,4.5,4.8,95.8,95.5,4.2,4.5,100,23.1,42.9,25.1,5.1,2.2,24.1,32.4,4.6,14.1,5.3,2.1,95.3,94.5,4.7,5.5,100,48.4,45.5,16.8,11.4,6.8,6.8,16.6,3.1,9.9,8.9,5.5,97.3,97.9,2.7,2.1,363,93.0,96.0,20.0,11.0,19.0,44.0,67.0,37.0,51.0,41.0,56.0,266,280,359.0,78.0,90.0,18.0,13.0,12.0,47.0,64.0,29.0,55.0,44.0,32.0,231.0,252.0,199.0,61.0,65.0,16.0,8.0,9.0,15.0,13.0,5.0,32.0,23.0,21.0,143.0,128.0,13.3,15.5,24.5,24.7,11.9,12.1,21.0,19.5,15.6,17.9,27.0,28.8,15.6,15.0,26.9,25.0,24.4,20.2,39.7,35.3,23.7,18.0,36.2,30.1,"(CONTRACTS OF 37,500 POUNDS)",A50,FutOnly
raw_cot_data/disaggregated_futures_only/fut_disagg_xls_hist_2006_2016/F_DisAgg06_15.xls,disaggregated_futures_only,fut_disagg_xls_hist_2006_2016,COFFEE C - ICE FUTURES U.S.,120508,2012-05-08,083731,ICUS,1,83,146714,44906,61448,29725,7082,8532,23020,38071,11824,16171,6294,6609,140787,139860,5927,6854,107901,26064,43931,26203,5726,3179,26174,37559,4512,14966,5015,1864,102962,101786,4939,6115,38813,18842,17517,6513,4347,2362,2868,6534,1290,3675,3749,2275,37825,38074,988,739,2495.0,318.0,-1376.0,-11.0,39.0,1382.0,-548.0,816.0,663.0,1215.0,846.0,598.0,3617.0,2968.0,-1122.0,-473.0,100,30.6,41.9,20.3,4.8,5.8,15.7,25.9,8.1,11.0,4.3,4.5,96.0,95.3,4.0,4.7,100,24.2,40.7,24.3,5.3,2.9,24.3,34.8,4.2,13.9,4.6,1.7,95.4,94.3,4.6,5.7,100,48.5,45.1,16.8,11.2,6.1,7.4,16.8,3.3,9.5,9.7,5.9,97.5,98.1,2.5,1.9,364,98.0,91.0,19.0,11.0,19.0,44.0,63.0,36.0,53.0,44.0,54.0,267,276,360.0,85.0,83.0,18.0,12.0,14.0,45.0,62.0,28.0,60.0,44.0,33.0,234.0,251.0,196.0,64.0,64.0,15.0,7.0,8.0,15.0,12.0,5.0,29.0,26.0,22.0,143.0,127.0,13.1,15.3,24.6,24.7,11.8,12.1,20.8,19.7,15.4,17.1,26.5,28.4,15.1,14.2,26.0,24.5,25.2,20.5,40.3,36.2,24.8,18.2,36.0,30.8,"(CONTRACTS OF 37,500 POUNDS)",A50,FutOnly
raw_cot_data/disaggregated_futures_only/fut_disagg_xls_hist_2006_2016/F_DisAgg06_15.xls,disaggregated_futures_only,fut_disagg_xls_hist_2006_2016,COFFEE C - ICE FUTURES U.S.,120501,2012-05-01,083731,ICUS,1,83,144219,44588,62824,29736,7043,7150,23568,37255,11161,14956,5448,6011,137170,136892,7049,7327,108774,26179,46029,26303,5443,2964,26919,37337,4588,14293,4465,1571,102817,102397,5957,6377,35445,18409,16795,5819,3986,1800,2589,5858,633,2942,3262,2161,34353,34495,1092,950,-2148.0,-1125.0,-2333.0,-636.0,1156.0,-275.0,160.0,-650.0,-477.0,231.0,688.0,-357.0,-2479.0,-2248.0,331.0,100.0,100,30.9,43.6,20.6,4.9,5.0,16.3,25.8,7.7,10.4,3.8,4.2,95.1,94.9,4.9,5.1,100,24.1,42.3,24.2,5.0,2.7,24.7,34.3,4.2,13.1,4.1,1.4,94.5,94.1,5.5,5.9,100,51.9,47.4,16.4,11.2,5.1,7.3,16.5,1.8,8.3,9.2,6.1,96.9,97.3,3.1,2.7,351,94.0,96.0,19.0,11.0,18.0,48.0,58.0,36.0,51.0,41.0,51.0,258,271,348.0,81.0,90.0,19.0,11.0,11.0,47.0,58.0,28.0,56.0,39.0,32.0,228.0,245.0,187.0,61.0,64.0,13.0,7.0,8.0,14.0,12.0,5.0,27.0,24.0,20.0,134.0,124.0,13.3,15.9,24.7,25.7,12.1,12.7,21.3,20.2,15.4,17.1,26.1,29.5,14.5,15.1,25.1,25.4,28.0,21.3,42.9,38.3,27.6,19.2,38.0,31.2,"(CONTRACTS OF 37,500 POUNDS)",A50,FutOnly
raw_cot_data/disaggregated_futures_only/fut_disagg_xls_hist_2006_2016/F_DisAgg06_15.xls,disaggregated_futures_only,fut_disagg_xls_hist_2006_2016,COFFEE C - ICE FUTURES U.S.,120424,2012-04-24,083731,ICUS,1,83,146367,45713,65157,30372,5887,7425,23408,37905,11638,14725,4760,6368,139649,139140,6718,7227,112883,28309,48041,26956,4360,3493,25702,38002,6198,14266,4143,2032,106956,106269,5927,6614,33484,17404,17116,5453,3564,1895,2447,4644,699,3001,3159,1794,32693,32871,791,613,1142.0,-1438.0,-601.0,71.0,1132.0,1412.0,1063.0,-541.0,-153.0,248.0,12.0,-135.0,1068.0,1126.0,74.0,16.0,100,31.2,44.5,20.8,4.0,5.1,16.0,25.9,8.0,10.1,3.3,4.4,95.4,95.1,4.6,4.9,100,25.1,42.6,23.9,3.9,3.1,22.8,33.7,5.5,12.6,3.7,1.8,94.7,94.1,5.3,5.9,100,52.0,51.1,16.3,10.6,5.7,7.3,13.9,2.1,9.0,9.4,5.4,97.6,98.2,2.4,1.8,355,95.0,98.0,18.0,11.0,18.0,46.0,62.0,40.0,53.0,35.0,55.0,266,276,352.0,82.0,92.0,19.0,10.0,11.0,45.0,63.0,32.0,56.0,38.0,33.0,235.0,248.0,182.0,58.0,62.0,13.0,7.0,8.0,12.0,12.0,5.0,29.0,20.0,24.0,133.0,120.0,13.9,16.5,25.4,26.8,12.2,11.9,21.1,19.9,14.7,18.1,24.9,30.3,13.9,15.0,23.9,25.0,29.7,22.1,45.3,38.0,29.4,18.3,40.5,29.3,"(CONTRACTS OF 37,500 POUNDS)",A50,FutOnly
raw_cot_data/disaggregated_futures_only/fut_disagg_xls_hist_2006_2016/F_DisAgg06_15.xls,disaggregated_futures_only,fut_disagg_xls_hist_2006_2016,COFFEE C - ICE FUTURES U.S.,120417,2012-04-17,083731,ICUS,1,83,145225,47151,65758,30301,4755,6013,22345,38446,11791,14477,4748,6503,138581,138014,6644,7211,114208,30520,48541,25744,3246,3691,24209,38696,7292,14735,3935,2158,108349,107559,5859,6649,31017,16631,17217,5680,2632,1199,2049,3663,586,2670,3741,1417,30232,30455,785,562,-12872.0,-635.0,-5886.0,1412.0,-833.0,-3059.0,-6622.0,1111.0,-2779.0,843.0,978.0,-1762.0,-12602.0,-12230.0,-270.0,-642.0,100,32.5,45.3,20.9,3.3,4.1,15.4,26.5,8.1,10.0,3.3,4.5,95.4,95.0,4.6,5.0,100,26.7,42.5,22.5,2.8,3.2,21.2,33.9,6.4,12.9,3.4,1.9,94.9,94.2,5.1,5.8,100,53.6,55.5,18.3,8.5,3.9,6.6,11.8,1.9,8.6,12.1,4.6,97.5,98.2,2.5,1.8,348,94.0,86.0,18.0,11.0,17.0,41.0,65.0,40.0,53.0,35.0,49.0,263,260,345.0,86.0,78.0,19.0,10.0,12.0,44.0,63.0,33.0,59.0,33.0,28.0,241.0,230.0,174.0,54.0,60.0,14.0,6.0,8.0,10.0,12.0,4.0,25.0,23.0,21.0,124.0,116.0,14.0,17.8,25.4,27.6,12.5,11.9,21.4,20.3,14.4,18.8,24.8,31.4,13.7,15.3,23.7,25.4,31.5,23.8,46.6,39.5,31.2,20.0,42.3,31.3,"(CONTRACTS OF 37,500 POUNDS)",A50,FutOnly
raw_cot_data/disaggregated_futures_only/fut_disagg_xls_hist_2006_2016/F_DisAgg06_15.xls,disaggregated_futures_only,fut_disagg_xls_hist_2006_2016,COFFEE C - ICE FUTURES U.S.,120410,2012-04-10,083731,ICUS,1,83,158097,47786,71644,28889,5588,9072,28967,37335,14570,13634,3770,8265,151183,150244,6914,7853,130285,33205,55538,25251,4017,6826,30572,37608,10512,13164,3924,4453,123983,122878,6302,7407,27812,14581,16106,4666,2599,1218,1867,3199,586,2651,2027,1631,27200,27366,612,446,285.0,960.0,1555.0,-11.0,97.0,362.0,1830.0,1790.0,-2545.0,-36.0,-410.0,163.0,723.0,1012.0,-438.0,-727.0,100,30.2,45.3,18.3,3.5,5.7,18.3,23.6,9.2,8.6,2.4,5.2,95.6,95.0,4.4,5.0,100,25.5,42.6,19.4,3.1,5.2,23.5,28.9,8.1,10.1,3.0,3.4,95.2,94.3,4.8,5.7,100,52.4,57.9,16.8,9.3,4.4,6.7,11.5,2.1,9.5,7.3,5.9,97.8,98.4,2.2,1.6,348,90.0,93.0,19.0,10.0,18.0,47.0,62.0,42.0,56.0,30.0,53.0,263,273,347.0,84.0,87.0,19.0,10.0,16.0,46.0,64.0,37.0,61.0,33.0,47.0,252.0,258.0,171.0,52.0,60.0,15.0,5.0,7.0,10.0,11.0,4.0,27.0,18.0,16.0,122.0,106.0,14.0,17.5,24.5,27.1,10.9,10.9,18.8,18.1,13.2,18.6,23.8,29.8,12.2,13.3,20.7,21.8,31.2,26.1,44.5,41.3,29.0,21.2,39.9,32.6,"(CONTRACTS OF 37,500 POUNDS)",A50,FutOnly
raw_cot_data/disaggregated_futures_only/fut_disagg_xls_hist_2006_2016/F_DisAgg06_15.xls,disaggregated_futures_only,fut_disagg_xls_hist_2006_2016,COFFEE C - ICE FUTURES U.S.,120403,2012-04-03,083731,ICUS,1,83,157812,46826,70089,28900,5491,8710,27137,35545,17115,13670,4180,8102,150460,149232,7352,8580,132914,32458,55868,26710,3874,6904,28638,35977,13433,13272,4199,4548,125963,124803,6951,8111,24898,14368,14221,3151,2578,845,1595,2664,586,2392,1975,1560,24497,24429,401,469,2912.0,-406.0,1361.0,-238.0,165.0,1578.0,963.0,-1310.0,539.0,-197.0,44.0,829.0,3068.0,3206.0,-156.0,-294.0,100,29.7,44.4,18.3,3.5,5.5,17.2,22.5,10.8,8.7,2.6,5.1,95.3,94.6,4.7,5.4,100,24.4,42.0,20.1,2.9,5.2,21.5,27.1,10.1,10.0,3.2,3.4,94.8,93.9,5.2,6.1,100,57.7,57.1,12.7,10.4,3.4,6.4,10.7,2.4,9.6,7.9,6.3,98.4,98.1,1.6,1.9,357,90.0,93.0,20.0,9.0,19.0,46.0,67.0,45.0,54.0,34.0,53.0,268,280,356.0,85.0,88.0,19.0,10.0,18.0,48.0,65.0,42.0,55.0,38.0,45.0,258.0,267.0,162.0,48.0,57.0,16.0,4.0,7.0,6.0,10.0,4.0,28.0,15.0,18.0,111.0,107.0,14.2,16.8,24.8,25.8,10.9,9.8,18.9,16.8,14.1,17.2,24.4,27.9,11.9,12.3,20.7,20.4,35.0,26.8,48.4,43.6,32.6,22.0,44.2,33.9,"(CONTRACTS OF 37,500 POUNDS)",A50,FutOnly
raw_cot_data/disaggregated_futures_only/fut_disagg_xls_hist_2006_2016/F_DisAgg06_15.xls,disaggregated_futures_only,fut_disagg_xls_hist_2006_2016,COFFEE C - ICE FUTURES U.S.,120327,2012-03-27,083731,ICUS,1,83,154900,47232,68728,29138,5326,7132,26174,36855,16576,13867,4136,7273,147392,146026,7508,8874,132314,34405,56032,27650,3852,4948,27312,37715,13497,13711,4269,3933,125456,124246,6858,8068,22586,12827,12696,3108,3094,564,1513,1791,428,2028,1739,1468,21936,21780,650,806,-655.0,1009.0,2111.0,275.0,-123.0,-16.0,417.0,-608.0,-996.0,-394.0,124.0,-363.0,-68.0,129.0,-587.0,-784.0,100,30.5,44.4,18.8,3.4,4.6,16.9,23.8,10.7,9.0,2.7,4.7,95.2,94.3,4.8,5.7,100,26.0,42.3,20.9,2.9,3.7,20.6,28.5,10.2,10.4,3.2,3.0,94.8,93.9,5.2,6.1,100,56.8,56.2,13.8,13.7,2.5,6.7,7.9,1.9,9.0,7.7,6.5,97.1,96.4,2.9,3.6,366,90.0,96.0,19.0,11.0,15.0,46.0,65.0,45.0,59.0,34.0,54.0,270,282,365.0,86.0,90.0,20.0,10.0,11.0,47.0,64.0,42.0,60.0,38.0,44.0,261.0,263.0,161.0,53.0,53.0,17.0,4.0,6.0,5.0,7.0,,23.0,21.0,19.0,115.0,101.0,13.5,16.8,24.5,25.8,11.2,10.0,19.8,16.7,13.6,17.2,24.3,27.7,12.0,12.0,21.5,20.1,36.9,27.8,50.3,45.3,34.7,23.1,46.3,36.8,"(CONTRACTS OF 37,500 POUNDS)",A50,FutOnly
raw_cot_data/disaggregated_futures_only/fut_disagg_xls_hist_2006_2016/F_DisAgg06_15.xls,disaggregated_futures_only,fut_disagg_xls_hist_2006_2016,COFFEE C - ICE FUTURES U.S.,120320,2012-03-20,083731,ICUS,1,83,155555,46223,66617,28863,5449,7148,25757,37463,17572,14261,4012,7636,147460,145897,8095,9658,135180,34733,55557,27767,3794,5191,26423,38459,15081,14307,3934,4198,127700,126214,7480,8966,20375,11490,11060,2493,3052,560,1397,1067,428,1798,1922,1594,19760,19683,615,692,8168.0,2815.0,3434.0,1294.0,-297.0,-207.0,650.0,3394.0,1399.0,2020.0,-398.0,294.0,8265.0,7619.0,-97.0,549.0,100,29.7,42.8,18.6,3.5,4.6,16.6,24.1,11.3,9.2,2.6,4.9,94.8,93.8,5.2,6.2,100,25.7,41.1,20.5,2.8,3.8,19.5,28.5,11.2,10.6,2.9,3.1,94.5,93.4,5.5,6.6,100,56.4,54.3,12.2,15.0,2.7,6.9,5.2,2.1,8.8,9.4,7.8,97.0,96.6,3.0,3.4,357,90.0,86.0,20.0,10.0,17.0,49.0,67.0,43.0,58.0,32.0,55.0,271,270,355.0,86.0,80.0,19.0,11.0,13.0,48.0,67.0,39.0,64.0,32.0,48.0,262.0,253.0,154.0,52.0,53.0,17.0,4.0,6.0,5.0,5.0,,23.0,20.0,15.0,110.0,95.0,13.6,16.8,24.9,26.3,11.1,10.1,19.6,16.1,13.9,17.3,25.0,28.2,11.9,11.8,21.2,19.1,40.3,28.7,53.6,44.9,38.0,25.2,50.6,39.3,"(CONTRACTS OF 37,500 POUNDS)",A50,FutOnly
raw_cot_data/disaggregated_futures_only/fut_disagg_xls_hist_2006_2016/F_DisAgg06_15.xls,disaggregated_futures_only,fut_disagg_xls_hist_2006_2016,COFFEE C - ICE FUTURES U.S.,120313,2012-03-13,083731,ICUS,1,83,147387,43408,63183,27569,5746,7355,25107,34069,16173,12241,4410,7342,139195,138278,8192,9109,128685,32371,53339,27171,3932,5296,25416,34998,14114,12480,4220,4222,121070,120121,7615,8564,18702,11037,9844,2030,3446,427,1368,748,382,1428,1857,1453,18125,18157,577,545,8285.0,4999.0,3213.0,-102.0,-338.0,127.0,-1545.0,2647.0,1888.0,1219.0,-387.0,1350.0,7936.0,8500.0,349.0,-215.0,100,29.5,42.9,18.7,3.9,5.0,17.0,23.1,11.0,8.3,3.0,5.0,94.4,93.8,5.6,6.2,100,25.2,41.4,21.1,3.1,4.1,19.8,27.2,11.0,9.7,3.3,3.3,94.1,93.3,5.9,6.7,100,59.0,52.6,10.9,18.4,2.3,7.3,4.0,2.0,7.6,9.9,7.8,96.9,97.1,3.1,2.9,356,94.0,87.0,19.0,11.0,19.0,50.0,66.0,42.0,56.0,34.0,49.0,271,268,354.0,87.0,82.0,20.0,10.0,16.0,49.0,66.0,38.0,55.0,39.0,43.0,259.0,254.0,145.0,49.0,52.0,16.0,4.0,5.0,5.0,,,17.0,18.0,13.0,100.0,89.0,13.7,16.0,25.4,25.2,11.7,9.7,20.5,15.4,14.4,16.2,25.8,26.7,12.3,11.1,21.9,18.2,44.2,32.8,58.9,49.1,42.0,29.3,56.3,44.2,"(CONTRACTS OF 37,500 POUNDS)",A50,FutOnly
raw_cot_data/disaggregated_futures_only/fut_disagg_xls_hist_2006_2016/F_DisAgg06_15.xls,disaggregated_futures_only,fut_disagg_xls_hist_2006_2016,COFFEE C - ICE FUTURES U.S.,120306,2012-03-06,083731,ICUS,1,83,139102,38409,59970,27671,6084,7228,26652,31422,14285,11022,4797,5992,131259,129778,7843,9324,123738,29757,51733,27338,4333,5262,26141,32270,13045,11003,4434,3872,116418,114949,7320,8789,15364,8652,8237,1996,3414,303,1369,10,382,1225,1569,914,14841,14829,523,535,5279.0,2408.0,759.0,-364.0,270.0,342.0,-151.0,977.0,1171.0,1159.0,166.0,918.0,5483.0,4603.0,-204.0,676.0,100,27.6,43.1,19.9,4.4,5.2,19.2,22.6,10.3,7.9,3.4,4.3,94.4,93.3,5.6,6.7,100,24.0,41.8,22.1,3.5,4.3,21.1,26.1,10.5,8.9,3.6,3.1,94.1,92.9,5.9,7.1,100,56.3,53.6,13.0,22.2,2.0,8.9,0.1,2.5,8.0,10.2,5.9,96.6,96.5,3.4,3.5,353,88.0,86.0,19.0,12.0,17.0,48.0,70.0,41.0,50.0,37.0,47.0,258,267,351.0,82.0,82.0,19.0,11.0,16.0,46.0,71.0,38.0,53.0,38.0,43.0,247.0,258.0,132.0,43.0,47.0,17.0,4.0,4.0,5.0,,,15.0,17.0,14.0,93.0,79.0,13.9,15.5,26.0,24.5,12.2,10.2,21.3,16.0,15.0,15.7,27.4,25.6,12.9,11.3,23.0,18.6,46.6,39.9,62.1,56.5,44.2,38.2,59.6,54.8,"(CONTRACTS OF 37,500 POUNDS)",A50,FutOnly
raw_cot_data/disaggregated_futures_only/fut_disagg_xls_hist_2006_2016/F_DisAgg06_15.xls,disaggregated_futures_only,fut_disagg_xls_hist_2006_2016,COFFEE C - ICE FUTURES U.S.,120228,2012-02-28,083731,ICUS,1,83,133823,36001,59211,28035,5814,6886,26803,30445,13114,9863,4631,5074,125776,125175,8047,8648,119407,28871,51420,26625,3618,5157,26302,31279,11892,9330,4317,3720,111897,111403,7510,8004,14416,7130,7791,2811,3597,328,1345,10,378,1203,984,684,13879,13772,537,644,3847.0,-1399.0,-111.0,462.0,-612.0,226.0,406.0,2011.0,542.0,2244.0,409.0,120.0,2601.0,2585.0,1246.0,1262.0,100,26.9,44.2,20.9,4.3,5.1,20.0,22.8,9.8,7.4,3.5,3.8,94.0,93.5,6.0,6.5,100,24.2,43.1,22.3,3.0,4.3,22.0,26.2,10.0,7.8,3.6,3.1,93.7,93.3,6.3,6.7,100,49.5,54.0,19.5,25.0,2.3,9.3,0.1,2.6,8.3,6.8,4.7,96.3,95.5,3.7,4.5,343,81.0,87.0,21.0,10.0,17.0,48.0,66.0,38.0,47.0,37.0,38.0,242,255,340.0,76.0,84.0,22.0,8.0,16.0,46.0,66.0,36.0,47.0,38.0,36.0,234.0,247.0,116.0,38.0,43.0,17.0,4.0,4.0,5.0,,,15.0,11.0,6.0,80.0,67.0,13.7,16.1,26.0,25.3,12.6,10.3,21.8,16.6,14.9,16.3,27.7,26.4,13.4,12.4,23.7,19.7,44.1,43.4,61.3,61.7,41.3,42.0,58.4,60.3,"(CONTRACTS OF 37,500 POUNDS)",A50,FutOnly
raw_cot_data/disaggregated_futures_only/fut_disagg_xls_hist_2006_2016/F_DisAgg06_15.xls,disaggregated_futures_only,fut_disagg_xls_hist_2006_2016,COFFEE C - ICE FUTURES U.S.,120221,2012-02-21,083731,ICUS,1,83,129976,37400,59322,27573,6426,6660,26397,28434,12572,7619,4222,4954,123175,122590,6801,7386,116801,30768,51885,26193,4233,5020,25892,29236,11341,7228,4093,4010,110452,109818,6349,6983,13175,6632,7437,2673,3486,347,1362,55,374,1044,782,291,12723,12772,452,403,-354.0,-1900.0,-2752.0,82.0,-199.0,157.0,139.0,3924.0,529.0,893.0,-1038.0,-567.0,-667.0,54.0,313.0,-408.0,100,28.8,45.6,21.2,4.9,5.1,20.3,21.9,9.7,5.9,3.2,3.8,94.8,94.3,5.2,5.7,100,26.3,44.4,22.4,3.6,4.3,22.2,25.0,9.7,6.2,3.5,3.4,94.6,94.0,5.4,6.0,100,50.3,56.4,20.3,26.5,2.6,10.3,0.4,2.8,7.9,5.9,2.2,96.6,96.9,3.4,3.1,338,80.0,83.0,20.0,11.0,16.0,50.0,71.0,38.0,39.0,37.0,40.0,238,255,335.0,75.0,83.0,19.0,11.0,15.0,47.0,72.0,34.0,43.0,35.0,39.0,229.0,250.0,120.0,37.0,42.0,18.0,4.0,5.0,7.0,,,16.0,12.0,8.0,85.0,68.0,14.0,16.8,27.2,25.9,13.1,10.4,22.9,16.8,15.1,17.1,28.8,27.1,13.9,11.6,24.8,18.8,46.4,47.4,63.5,66.3,44.9,46.0,60.3,64.9,"(CONTRACTS OF 37,500 POUNDS)",A50,FutOnly
raw_cot_data/disaggregated_futures_only/fut_disagg_xls_hist_2006_2016/F_DisAgg06_15.xls,disaggregated_futures_only,fut_disagg_xls_hist_2006_2016,COFFEE C - ICE FUTURES U.S.,120214,2012-02-14,083731,ICUS,1,83,130330,39300,62074,27491,6625,6503,26258,24510,12043,6726,5260,5521,123842,122536,6488,7794,118805,33694,55943,26472,4553,4753,25468,24941,11308,6371,5141,4726,112792,111365,6013,7440,11525,5606,6131,2476,3529,293,1221,0,304,926,690,224,11050,11171,475,354,-6088.0,3427.0,-3427.0,761.0,-46.0,-526.0,-3642.0,2134.0,-1599.0,-702.0,755.0,-2597.0,-4878.0,-5306.0,-1210.0,-782.0,100,30.2,47.6,21.1,5.1,5.0,20.1,18.8,9.2,5.2,4.0,4.2,95.0,94.0,5.0,6.0,100,28.4,47.1,22.3,3.8,4.0,21.4,21.0,9.5,5.4,4.3,4.0,94.9,93.7,5.1,6.3,100,48.6,53.2,21.5,30.6,2.5,10.6,0.0,2.6,8.0,6.0,1.9,95.9,96.9,4.1,3.1,341,88.0,85.0,20.0,10.0,18.0,44.0,70.0,36.0,40.0,44.0,45.0,242,267,338.0,82.0,85.0,19.0,10.0,16.0,40.0,72.0,33.0,41.0,44.0,44.0,231.0,263.0,115.0,33.0,44.0,17.0,4.0,5.0,6.0,0.0,,20.0,8.0,5.0,79.0,66.0,16.0,18.0,28.8,26.5,12.7,8.9,22.7,15.2,14.4,18.6,27.8,27.3,13.6,9.9,24.6,17.1,55.0,50.8,67.9,67.1,52.4,50.1,64.8,65.9,"(CONTRACTS OF 37,500 POUNDS)",A50,FutOnly
raw_cot_data/disaggregated_futures_only/fut_disagg_xls_hist_2006_2016/F_DisAgg06_15.xls,disaggregated_futures_only,fut_disagg_xls_hist_2006_2016,COFFEE C - ICE FUTURES U.S.,120207,2012-02-07,083731,ICUS,1,83,136418,35873,65501,26730,6671,7029,29900,22376,13642,7428,4505,8118,128720,127842,7698,8576,125979,30158,60372,25854,4446,5473,29272,22478,13379,7194,4227,7445,118775,117820,7204,8159,10439,5715,5129,2197,3546,235,730,0,161,639,683,268,9945,10022,494,417,12062.0,2581.0,5876.0,1126.0,268.0,455.0,3307.0,2878.0,1705.0,966.0,-411.0,1719.0,11859.0,12490.0,203.0,-428.0,100,26.3,48.0,19.6,4.9,5.2,21.9,16.4,10.0,5.4,3.3,6.0,94.4,93.7,5.6,6.3,100,23.9,47.9,20.5,3.5,4.3,23.2,17.8,10.6,5.7,3.4,5.9,94.3,93.5,5.7,6.5,100,54.7,49.1,21.0,34.0,2.3,7.0,0.0,1.5,6.1,6.5,2.6,95.3,96.0,4.7,4.0,335,83.0,86.0,22.0,11.0,21.0,46.0,61.0,42.0,44.0,38.0,51.0,247,269,333.0,79.0,86.0,22.0,10.0,20.0,43.0,63.0,40.0,43.0,41.0,49.0,241.0,264.0,105.0,31.0,40.0,14.0,4.0,5.0,5.0,0.0,,15.0,12.0,5.0,68.0,66.0,14.9,17.2,26.7,26.0,12.0,9.0,21.3,15.3,13.6,17.9,25.4,26.8,12.7,10.4,22.7,17.4,57.6,55.0,71.7,70.2,56.9,54.5,70.0,69.4,"(CONTRACTS OF 37,500 POUNDS)",A50,FutOnly
raw_cot_data/disaggregated_futures_only/fut_disagg_xls_hist_2006_2016/F_DisAgg06_15.xls,disaggregated_futures_only,fut_disagg_xls_hist_2006_2016,COFFEE C - ICE FUTURES U.S.,120131,2012-01-31,083731,ICUS,1,83,124356,33292,59625,25604,6403,6574,26593,19498,11937,6462,4916,6399,116861,115352,7495,9004,115061,27114,55163,26094,4351,4950,26010,19646,11789,6299,4647,5812,108068,106358,6993,8703,9295,6178,4462,1002,3544,132,731,0,0,516,622,234,8793,8994,502,301,8104.0,2048.0,1038.0,-627.0,-11.0,482.0,1311.0,2538.0,1601.0,1097.0,98.0,1149.0,7061.0,6895.0,1043.0,1209.0,100,26.8,47.9,20.6,5.1,5.3,21.4,15.7,9.6,5.2,4.0,5.1,94.0,92.8,6.0,7.2,100,23.6,47.9,22.7,3.8,4.3,22.6,17.1,10.2,5.5,4.0,5.1,93.9,92.4,6.1,7.6,100,66.5,48.0,10.8,38.1,1.4,7.9,0.0,0.0,5.6,6.7,2.5,94.6,96.8,5.4,3.2,324,82.0,82.0,19.0,12.0,16.0,42.0,59.0,41.0,40.0,37.0,50.0,234,261,322.0,78.0,82.0,20.0,10.0,12.0,39.0,61.0,40.0,42.0,37.0,47.0,227.0,254.0,94.0,31.0,35.0,14.0,4.0,4.0,5.0,0.0,0.0,10.0,12.0,4.0,62.0,57.0,16.0,15.2,28.1,24.8,13.0,9.2,23.4,15.8,14.8,16.1,27.3,25.5,13.6,11.1,24.8,18.1,63.0,61.0,73.7,76.7,62.7,60.6,71.3,75.9,"(CONTRACTS OF 37,500 POUNDS)",A50,FutOnly
raw_cot_data/disaggregated_futures_only/fut_disagg_xls_hist_2006_2016/F_DisAgg06_15.xls,disaggregated_futures_only,fut_disagg_xls_hist_2006_2016,COFFEE C - ICE FUTURES U.S.,120124,2012-01-24,083731,ICUS,1,83,116252,31244,58587,26231,6414,6092,25282,16960,10336,5365,4818,5250,109800,108457,6452,7795,107101,25121,54243,26633,4207,4630,24717,17071,10225,5231,4610,4593,101150,99579,5951,7522,9151,6123,4344,934,3543,126,676,0,0,565,639,226,8650,8878,501,273,3596.0,3688.0,2754.0,348.0,-150.0,-1154.0,-567.0,3619.0,-15.0,1098.0,-1563.0,246.0,3644.0,3737.0,-48.0,-141.0,100,26.9,50.4,22.6,5.5,5.2,21.7,14.6,8.9,4.6,4.1,4.5,94.4,93.3,5.6,6.7,100,23.5,50.6,24.9,3.9,4.3,23.1,15.9,9.5,4.9,4.3,4.3,94.4,93.0,5.6,7.0,100,66.9,47.5,10.2,38.7,1.4,7.4,0.0,0.0,6.2,7.0,2.5,94.5,97.0,5.5,3.0,311,83.0,79.0,21.0,10.0,16.0,46.0,52.0,40.0,32.0,38.0,47.0,234,243,309.0,78.0,79.0,21.0,9.0,12.0,43.0,54.0,39.0,32.0,39.0,46.0,225.0,239.0,90.0,31.0,34.0,13.0,4.0,,5.0,0.0,0.0,9.0,11.0,4.0,60.0,54.0,16.0,15.2,29.3,25.2,13.9,10.1,25.4,17.2,16.0,16.3,29.7,25.8,14.6,12.3,27.0,19.8,62.3,61.5,73.0,76.8,61.9,61.0,70.5,76.0,"(CONTRACTS OF 37,500 POUNDS)",A50,FutOnly
raw_cot_data/disaggregated_futures_only/fut_disagg_xls_hist_2006_2016/F_DisAgg06_15.xls,disaggregated_futures_only,fut_disagg_xls_hist_2006_2016,COFFEE C - ICE FUTURES U.S.,120117,2012-01-17,083731,ICUS,1,83,112656,27556,55833,25883,6564,7246,25849,13341,10351,4267,6381,5004,106156,104720,6500,7936,103881,21586,52090,26288,4319,5823,25330,13401,10291,4196,5987,4304,97818,96215,6063,7666,8775,5970,3743,906,3556,112,579,0,0,522,845,249,8338,8505,437,270,1155.0,-1826.0,4209.0,346.0,-271.0,140.0,936.0,-4666.0,306.0,466.0,984.0,-150.0,218.0,552.0,937.0,603.0,100,24.5,49.6,23.0,5.8,6.4,22.9,11.8,9.2,3.8,5.7,4.4,94.2,93.0,5.8,7.0,100,20.8,50.1,25.3,4.2,5.6,24.4,12.9,9.9,4.0,5.8,4.1,94.2,92.6,5.8,7.4,100,68.0,42.7,10.3,40.5,1.3,6.6,0.0,0.0,5.9,9.6,2.8,95.0,96.9,5.0,3.1,305,91.0,82.0,19.0,12.0,18.0,49.0,42.0,41.0,28.0,40.0,48.0,248,233,303.0,88.0,82.0,19.0,11.0,16.0,47.0,43.0,40.0,29.0,39.0,47.0,242.0,230.0,92.0,34.0,32.0,13.0,4.0,,5.0,0.0,0.0,8.0,12.0,6.0,64.0,53.0,16.5,14.8,30.7,23.8,14.4,10.4,26.2,17.5,17.5,14.9,31.8,23.7,15.1,12.5,27.9,19.9,62.5,63.4,71.8,78.9,62.5,63.1,69.0,78.2,"(CONTRACTS OF 37,500 POUNDS)",A50,FutOnly
raw_cot_data/disaggregated_futures_only/fut_disagg_xls_hist_2006_2016/F_DisAgg06_15.xls,disaggregated_futures_only,fut_disagg_xls_hist_2006_2016,COFFEE C - ICE FUTURES U.S.,120110,2012-01-10,083731,ICUS,1,83,111501,29382,51624,25537,6835,7106,24913,18007,10045,3801,5397,5154,105938,104168,5563,7333,102987,23366,47881,25725,4372,5901,24446,18125,9927,3890,5111,4517,97772,95834,5215,7153,8514,6016,3743,896,3547,121,585,0,0,283,658,265,8166,8334,348,180,6086.0,-56.0,1538.0,386.0,-80.0,806.0,3295.0,2809.0,851.0,504.0,85.0,638.0,6424.0,6647.0,-338.0,-561.0,100,26.4,46.3,22.9,6.1,6.4,22.3,16.1,9.0,3.4,4.8,4.6,95.0,93.4,5.0,6.6,100,22.7,46.5,25.0,4.2,5.7,23.7,17.6,9.6,3.8,5.0,4.4,94.9,93.1,5.1,6.9,100,70.7,44.0,10.5,41.7,1.4,6.9,0.0,0.0,3.3,7.7,3.1,95.9,97.9,4.1,2.1,314,95.0,87.0,20.0,11.0,18.0,43.0,55.0,38.0,28.0,38.0,51.0,242,253,312.0,90.0,86.0,20.0,10.0,16.0,41.0,57.0,37.0,31.0,37.0,50.0,233.0,250.0,99.0,36.0,32.0,13.0,4.0,,6.0,0.0,0.0,9.0,13.0,5.0,68.0,53.0,15.9,14.3,29.7,22.9,14.2,10.5,26.0,17.9,16.8,13.9,31.3,22.7,14.9,11.1,27.6,19.1,59.5,66.7,69.2,81.7,59.5,66.5,67.5,80.6,"(CONTRACTS OF 37,500 POUNDS)",A50,FutOnly
raw_cot_data/disaggregated_futures_only/fut_disagg_xls_hist_2006_2016/F_DisAgg06_15.xls,disaggregated_futures_only,fut_disagg_xls_hist_2006_2016,COFFEE C - ICE FUTURES U.S.,120103,2012-01-03,083731,ICUS,1,83,105415,29438,50086,25151,6915,6300,21618,15198,9194,3297,5312,4516,99514,97521,5901,7894,97047,23518,46505,25200,4317,5239,21155,15316,9076,3293,4877,3981,91462,89311,5585,7736,8368,5920,3581,898,3545,114,581,0,0,209,640,330,8052,8210,316,158,1312.0,-223.0,750.0,-671.0,953.0,-205.0,668.0,-1878.0,1038.0,208.0,-70.0,102.0,917.0,690.0,395.0,622.0,100,27.9,47.5,23.9,6.6,6.0,20.5,14.4,8.7,3.1,5.0,4.3,94.4,92.5,5.6,7.5,100,24.2,47.9,26.0,4.4,5.4,21.8,15.8,9.4,3.4,5.0,4.1,94.2,92.0,5.8,8.0,100,70.7,42.8,10.7,42.4,1.4,6.9,0.0,0.0,2.5,7.6,3.9,96.2,98.1,3.8,1.9,301,92.0,83.0,21.0,10.0,18.0,44.0,49.0,37.0,25.0,39.0,46.0,240,233,299.0,88.0,82.0,20.0,10.0,16.0,42.0,51.0,36.0,28.0,36.0,45.0,232.0,230.0,96.0,36.0,30.0,13.0,4.0,,6.0,0.0,0.0,9.0,11.0,4.0,67.0,49.0,16.1,14.5,30.5,23.3,15.0,10.4,26.4,18.4,17.0,14.1,31.7,22.9,15.9,10.8,28.1,19.6,59.2,67.8,69.4,82.0,59.2,67.5,67.7,81.1,"(CONTRACTS OF 37,500 POUNDS)",A50,FutOnly
raw_cot_data/disaggregated_futures_only/fut_disagg_xls_hist_2006_2016/F_DisAgg06_15.xls,disaggregated_futures_only,fut_disagg_xls_hist_2006_2016,COFFEE C - ICE FUTURES U.S.,111227,2011-12-27,083731,ICUS,1,83,104103,29661,49336,25822,5962,6505,20950,17076,8156,3089,5382,4414,98597,96831,5506,7272,95765,23711,45819,27010,4480,4329,20523,17194,8038,3115,4923,3829,90555,88612,5210,7153,8338,5950,3517,875,3545,113,545,0,0,197,682,362,8042,8219,296,119,960.0,702.0,174.0,-1244.0,252.0,335.0,452.0,452.0,139.0,160.0,-146.0,72.0,616.0,1278.0,344.0,-318.0,100,28.5,47.4,24.8,5.7,6.2,20.1,16.4,7.8,3.0,5.2,4.2,94.7,93.0,5.3,7.0,100,24.8,47.8,28.2,4.7,4.5,21.4,18.0,8.4,3.3,5.1,4.0,94.6,92.5,5.4,7.5,100,71.4,42.2,10.5,42.5,1.4,6.5,0.0,0.0,2.4,8.2,4.3,96.4,98.6,3.6,1.4,308,89.0,81.0,21.0,9.0,15.0,43.0,60.0,36.0,29.0,37.0,43.0,233,236,306.0,85.0,80.0,19.0,10.0,13.0,41.0,62.0,35.0,30.0,36.0,43.0,225.0,234.0,95.0,35.0,30.0,12.0,4.0,,6.0,0.0,0.0,8.0,13.0,4.0,65.0,50.0,16.4,15.2,30.6,23.8,15.6,12.0,26.7,19.9,17.3,14.9,31.7,23.8,16.6,12.8,28.5,21.2,59.5,68.0,69.7,82.8,59.5,67.7,67.7,81.2,"(CONTRACTS OF 37,500 POUNDS)",A50,FutOnly
raw_cot_data/disaggregated_futures_only/fut_disagg_xls_hist_2006_2016/F_DisAgg06_15.xls,disaggregated_futures_only,fut_disagg_xls_hist_2006_2016,COFFEE C - ICE FUTURES U.S.,111220,2011-12-20,083731,ICUS,1,83,103143,28959,49162,27066,5710,6170,20498,16624,8017,2929,5528,4342,97981,95553,5162,7590,94850,23042,45709,28270,4233,3989,20092,16742,7899,2967,5081,3737,89996,87390,4854,7460,8293,5917,3453,864,3545,113,524,0,0,201,686,366,7985,8163,308,130,61.0,998.0,-2601.0,-305.0,5.0,821.0,-1213.0,1639.0,202.0,369.0,68.0,-156.0,716.0,-22.0,-655.0,83.0,100,28.1,47.7,26.2,5.5,6.0,19.9,16.1,7.8,2.8,5.4,4.2,95.0,92.6,5.0,7.4,100,24.3,48.2,29.8,4.5,4.2,21.2,17.7,8.3,3.1,5.4,3.9,94.9,92.1,5.1,7.9,100,71.3,41.6,10.4,42.7,1.4,6.3,0.0,0.0,2.4,8.3,4.4,96.3,98.4,3.7,1.6,308,90.0,82.0,19.0,11.0,17.0,44.0,60.0,36.0,26.0,38.0,45.0,234,241,306.0,86.0,81.0,18.0,11.0,15.0,42.0,62.0,35.0,29.0,36.0,45.0,226.0,239.0,95.0,35.0,29.0,12.0,4.0,,6.0,0.0,0.0,9.0,13.0,4.0,66.0,49.0,16.7,15.1,30.9,23.2,15.8,12.0,27.3,19.3,17.6,14.8,32.1,23.0,16.8,12.9,29.3,20.6,59.4,68.4,69.6,82.6,59.4,68.0,67.6,80.9,"(CONTRACTS OF 37,500 POUNDS)",A50,FutOnly
raw_cot_data/disaggregated_futures_only/fut_disagg_xls_hist_2006_2016/F_DisAgg06_15.xls,disaggregated_futures_only,fut_disagg_xls_hist_2006_2016,COFFEE C - ICE FUTURES U.S.,111213,2011-12-13,083731,ICUS,1,83,103082,27961,51763,27371,5705,5349,21711,14985,7815,2560,5460,4498,97265,95575,5817,7507,95112,22309,48536,28621,4207,3207,21334,15105,7692,2594,5117,3869,89626,87733,5486,7379,7970,5652,3227,792,3540,100,497,0,3,212,589,383,7639,7842,331,128,2480.0,4212.0,-4009.0,-149.0,155.0,436.0,-2168.0,4322.0,294.0,-665.0,41.0,353.0,2313.0,1592.0,167.0,888.0,100,27.1,50.2,26.6,5.5,5.2,21.1,14.5,7.6,2.5,5.3,4.4,94.4,92.7,5.6,7.3,100,23.5,51.0,30.1,4.4,3.4,22.4,15.9,8.1,2.7,5.4,4.1,94.2,92.2,5.8,7.8,100,70.9,40.5,9.9,44.4,1.3,6.2,0.0,0.0,2.7,7.4,4.8,95.8,98.4,4.2,1.6,310,89.0,82.0,19.0,12.0,17.0,48.0,58.0,36.0,24.0,38.0,44.0,229,244,310.0,85.0,81.0,18.0,13.0,15.0,47.0,60.0,34.0,26.0,37.0,44.0,222.0,242.0,92.0,33.0,28.0,13.0,,,5.0,0.0,,9.0,11.0,5.0,66.0,47.0,16.6,15.9,30.1,23.8,15.9,11.8,27.4,18.7,17.6,15.6,31.4,23.6,16.8,12.6,29.5,20.0,59.2,70.6,68.8,83.3,58.8,70.4,67.0,81.5,"(CONTRACTS OF 37,500 POUNDS)",A50,FutOnly
raw_cot_data/disaggregated_futures_only/fut_disagg_xls_hist_2006_2016/F_DisAgg06_15.xls,disaggregated_futures_only,fut_disagg_xls_hist_2006_2016,COFFEE C - ICE FUTURES U.S.,111206,2011-12-06,083731,ICUS,1,83,100602,23749,55772,27520,5550,4913,23879,10663,7521,3225,5419,4145,94952,93983,5650,6619,92805,18234,52760,28748,4043,2790,23511,10783,7396,3206,4999,3579,87464,86350,5341,6455,7797,5515,3012,805,3540,90,488,0,5,234,635,351,7488,7633,309,164,1019.0,-2973.0,-1425.0,-666.0,57.0,-237.0,2054.0,559.0,1591.0,311.0,201.0,451.0,531.0,1197.0,488.0,-178.0,100,23.6,55.4,27.4,5.5,4.9,23.7,10.6,7.5,3.2,5.4,4.1,94.4,93.4,5.6,6.6,100,19.6,56.9,31.0,4.4,3.0,25.3,11.6,8.0,3.5,5.4,3.9,94.2,93.0,5.8,7.0,100,70.7,38.6,10.3,45.4,1.2,6.3,0.0,0.1,3.0,8.1,4.5,96.0,97.9,4.0,2.1,292,87.0,84.0,19.0,12.0,18.0,52.0,36.0,38.0,26.0,37.0,41.0,234,222,292.0,82.0,83.0,18.0,13.0,16.0,51.0,38.0,36.0,28.0,36.0,41.0,226.0,220.0,90.0,33.0,26.0,14.0,,,5.0,0.0,,10.0,11.0,6.0,67.0,46.0,17.2,17.4,30.0,25.8,16.0,12.7,27.4,19.9,18.2,17.2,31.2,25.8,16.9,13.6,29.2,21.4,61.6,71.9,70.3,84.0,61.2,71.6,68.6,81.5,"(CONTRACTS OF 37,500 POUNDS)",A50,FutOnly
raw_cot_data/disaggregated_futures_only/fut_disagg_xls_hist_2006_2016/F_DisAgg06_15.xls,disaggregated_futures_only,fut_disagg_xls_hist_2006_2016,COFFEE C - ICE FUTURES U.S.,111129,2011-11-29,083731,ICUS,1,83,99583,26722,57197,28186,5493,5150,21825,10104,5930,2914,5218,3694,94421,92786,5162,6797,91815,21248,54292,29428,3973,2984,21517,10245,5784,2948,4858,3129,87038,85265,4777,6550,7768,5474,2905,776,3538,148,449,0,5,238,632,293,7383,7521,385,247,2088.0,-373.0,-124.0,-730.0,-197.0,269.0,1925.0,1003.0,45.0,27.0,-102.0,-150.0,1013.0,744.0,1075.0,1344.0,100,26.8,57.4,28.3,5.5,5.2,21.9,10.1,6.0,2.9,5.2,3.7,94.8,93.2,5.2,6.8,100,23.1,59.1,32.1,4.3,3.3,23.4,11.2,6.3,3.2,5.3,3.4,94.8,92.9,5.2,7.1,100,70.5,37.4,10.0,45.5,1.9,5.8,0.0,0.1,3.1,8.1,3.8,95.0,96.8,5.0,3.2,289,81.0,79.0,21.0,11.0,19.0,48.0,40.0,36.0,25.0,36.0,38.0,225,217,287.0,77.0,79.0,20.0,11.0,17.0,47.0,42.0,34.0,28.0,36.0,37.0,216.0,215.0,87.0,33.0,24.0,14.0,,,5.0,0.0,,9.0,11.0,4.0,66.0,42.0,17.4,18.0,30.4,26.8,16.3,13.1,27.9,20.4,18.4,17.9,31.6,26.9,17.2,14.3,30.2,22.1,61.9,71.5,70.8,83.3,61.5,71.1,69.0,80.9,"(CONTRACTS OF 37,500 POUNDS)",A50,FutOnly
raw_cot_data/disaggregated_futures_only/fut_disagg_xls_hist_2006_2016/F_DisAgg06_15.xls,disaggregated_futures_only,fut_disagg_xls_hist_2006_2016,COFFEE C - ICE FUTURES U.S.,111122,2011-11-22,083731,ICUS,1,83,97495,27095,57321,28916,5690,4881,19900,9101,5885,2887,5320,3844,93408,92042,4087,5453,89985,21770,54530,30122,4158,2726,19634,9283,5698,2952,4950,3321,86223,84666,3762,5319,7510,5325,2791,800,3538,149,448,0,5,149,584,309,7185,7376,325,134,-6919.0,-4126.0,-1822.0,159.0,200.0,-612.0,172.0,-2109.0,-673.0,-497.0,-132.0,-133.0,-5710.0,-5281.0,-1209.0,-1638.0,100,27.8,58.8,29.7,5.8,5.0,20.4,9.3,6.0,3.0,5.5,3.9,95.8,94.4,4.2,5.6,100,24.2,60.6,33.5,4.6,3.0,21.8,10.3,6.3,3.3,5.5,3.7,95.8,94.1,4.2,5.9,100,70.9,37.2,10.7,47.1,2.0,6.0,0.0,0.1,2.0,7.8,4.1,95.7,98.2,4.3,1.8,287,78.0,79.0,20.0,11.0,16.0,47.0,39.0,34.0,27.0,36.0,39.0,224,211,286.0,74.0,79.0,19.0,11.0,14.0,46.0,42.0,32.0,29.0,37.0,38.0,215.0,210.0,81.0,31.0,23.0,14.0,,,4.0,0.0,,6.0,11.0,5.0,60.0,42.0,18.0,18.6,31.8,27.9,17.1,13.5,29.1,21.3,19.0,18.5,32.8,28.2,18.0,14.8,31.6,23.1,62.4,73.2,72.4,84.7,62.0,72.8,70.8,82.0,"(CONTRACTS OF 37,500 POUNDS)",A50,FutOnly
raw_cot_data/disaggregated_futures_only/fut_disagg_xls_hist_2006_2016/F_DisAgg06_15.xls,disaggregated_futures_only,fut_disagg_xls_hist_2006_2016,COFFEE C - ICE FUTURES U.S.,111115,2011-11-15,083731,ICUS,1,83,104414,31221,59143,28757,5490,5493,19728,11210,6558,3384,5452,3977,99118,97323,5296,7091,97007,26090,56466,29956,3933,3364,19460,11429,6334,3466,5082,3518,92188,90126,4819,6881,7407,5131,2677,783,3539,147,487,0,5,99,551,278,6930,7197,477,210,-10482.0,-3085.0,-1501.0,243.0,-2774.0,-586.0,719.0,-732.0,-2243.0,-1331.0,1347.0,-1706.0,-7989.0,-8195.0,-2493.0,-2287.0,100,29.9,56.6,27.5,5.3,5.3,18.9,10.7,6.3,3.2,5.2,3.8,94.9,93.2,5.1,6.8,100,26.9,58.2,30.9,4.1,3.5,20.1,11.8,6.5,3.6,5.2,3.6,95.0,92.9,5.0,7.1,100,69.3,36.1,10.6,47.8,2.0,6.6,0.0,0.1,1.3,7.4,3.8,93.6,97.2,6.4,2.8,281,78.0,80.0,22.0,10.0,16.0,50.0,37.0,33.0,25.0,35.0,40.0,223,209,280.0,75.0,80.0,21.0,10.0,15.0,49.0,39.0,32.0,27.0,35.0,40.0,218.0,208.0,70.0,27.0,22.0,14.0,,,4.0,0.0,,,9.0,4.0,52.0,37.0,17.3,20.1,31.9,29.0,16.0,12.3,27.5,19.7,17.8,20.2,31.6,29.7,16.8,13.6,29.6,21.6,63.1,73.4,73.0,84.9,62.3,72.9,71.6,82.0,"(CONTRACTS OF 37,500 POUNDS)",A50,FutOnly
raw_cot_data/disaggregated_futures_only/fut_disagg_xls_hist_2006_2016/F_DisAgg06_15.xls,disaggregated_futures_only,fut_disagg_xls_hist_2006_2016,COFFEE C - ICE FUTURES U.S.,111108,2011-11-08,083731,ICUS,1,83,114896,34306,60644,28514,8264,6079,19009,11942,8801,4715,4105,5683,107107,105518,7789,9378,111114,32957,57956,27822,8405,5796,18691,12074,8664,5033,4012,5003,103966,101910,7148,9204,3782,1349,2688,837,4,138,450,0,5,100,511,262,3141,3608,641,174,-7645.0,-2401.0,-6456.0,-185.0,393.0,-19.0,-1098.0,-723.0,-3133.0,-2901.0,-680.0,228.0,-9509.0,-10390.0,1864.0,2745.0,100,29.9,52.8,24.8,7.2,5.3,16.5,10.4,7.7,4.1,3.6,4.9,93.2,91.8,6.8,8.2,100,29.7,52.2,25.0,7.6,5.2,16.8,10.9,7.8,4.5,3.6,4.5,93.6,91.7,6.4,8.3,100,35.7,71.1,22.1,0.1,3.6,11.9,0.0,0.1,2.6,13.5,6.9,83.1,95.4,16.9,4.6,278,79.0,78.0,20.0,11.0,15.0,44.0,40.0,41.0,34.0,28.0,40.0,228,211,278.0,77.0,77.0,20.0,11.0,15.0,43.0,42.0,40.0,36.0,27.0,39.0,225.0,209.0,70.0,24.0,21.0,15.0,,,5.0,0.0,,5.0,7.0,6.0,53.0,35.0,16.8,19.9,29.9,31.0,14.7,11.3,24.2,18.6,16.8,20.5,30.2,30.8,14.8,12.0,24.6,18.9,34.4,61.7,50.0,75.8,33.5,59.1,45.3,69.0,"(CONTRACTS OF 37,500 POUNDS)",A50,FutOnly
raw_cot_data/disaggregated_futures_only/fut_disagg_xls_hist_2006_2016/F_DisAgg06_15.xls,disaggregated_futures_only,fut_disagg_xls_hist_2006_2016,COFFEE C - ICE FUTURES U.S.,111101,2011-11-01,083731,ICUS,1,83,122541,36707,67100,28699,7871,6098,20107,12665,11934,7616,4785,5455,116616,115908,5925,6633,118705,34649,64371,28135,7969,5865,19824,12736,11858,8071,4710,4730,113132,112239,5573,6466,3836,2058,2729,666,4,131,354,0,5,41,571,229,3484,3669,352,167,-66.0,714.0,-3696.0,-40.0,88.0,633.0,-1599.0,2361.0,1290.0,193.0,-60.0,-1878.0,-687.0,-1262.0,621.0,1196.0,100,30.0,54.8,23.4,6.4,5.0,16.4,10.3,9.7,6.2,3.9,4.5,95.2,94.6,4.8,5.4,100,29.2,54.2,23.7,6.7,4.9,16.7,10.7,10.0,6.8,4.0,4.0,95.3,94.6,4.7,5.4,100,53.6,71.1,17.4,0.1,3.4,9.2,0.0,0.1,1.1,14.9,6.0,90.8,95.6,9.2,4.4,300,85.0,84.0,21.0,9.0,14.0,50.0,39.0,44.0,40.0,31.0,50.0,247,230,300.0,84.0,84.0,20.0,10.0,13.0,49.0,41.0,44.0,42.0,30.0,49.0,245.0,229.0,70.0,26.0,22.0,13.0,,,,0.0,,4.0,11.0,6.0,50.0,39.0,17.4,21.6,30.3,33.3,13.8,13.2,23.0,19.8,17.5,22.1,30.8,33.1,14.1,13.9,23.6,20.4,41.6,59.3,61.1,75.6,40.7,58.3,57.7,70.3,"(CONTRACTS OF 37,500 POUNDS)",A50,FutOnly
raw_cot_data/disaggregated_futures_only/fut_disagg_xls_hist_2006_2016/F_DisAgg06_15.xls,disaggregated_futures_only,fut_disagg_xls_hist_2006_2016,COFFEE C - ICE FUTURES U.S.,111025,2011-10-25,083731,ICUS,1,83,122607,35993,70796,28739,7783,5465,21706,10304,10644,7423,4845,7333,117303,117170,5304,5437,118784,34100,68120,28192,7854,5264,21442,10395,10548,7947,4997,6275,113768,113453,5016,5331,3823,1893,2676,622,4,126,355,0,5,288,660,246,3535,3717,288,106,1862.0,-138.0,4245.0,-445.0,231.0,525.0,3142.0,-1582.0,148.0,-782.0,-48.0,97.0,2547.0,3616.0,-685.0,-1754.0,100,29.4,57.7,23.4,6.3,4.5,17.7,8.4,8.7,6.1,4.0,6.0,95.7,95.6,4.3,4.4,100,28.7,57.3,23.7,6.6,4.4,18.1,8.8,8.9,6.7,4.2,5.3,95.8,95.5,4.2,4.5,100,49.5,70.0,16.3,0.1,3.3,9.3,0.0,0.1,7.5,17.3,6.4,92.5,97.2,7.5,2.8,302,83.0,85.0,22.0,10.0,14.0,50.0,36.0,36.0,38.0,34.0,53.0,248,224,302.0,81.0,85.0,22.0,10.0,13.0,49.0,38.0,36.0,39.0,35.0,53.0,245.0,224.0,72.0,24.0,22.0,14.0,,,,0.0,,7.0,11.0,7.0,52.0,40.0,19.2,23.2,31.9,33.1,14.2,13.1,23.9,19.9,19.4,23.7,32.4,33.0,14.4,13.4,24.5,20.1,44.3,59.5,63.6,76.0,43.4,56.9,60.8,70.5,"(CONTRACTS OF 37,500 POUNDS)",A50,FutOnly
raw_cot_data/disaggregated_futures_only/fut_disagg_xls_hist_2006_2016/F_DisAgg06_15.xls,disaggregated_futures_only,fut_disagg_xls_hist_2006_2016,COFFEE C - ICE FUTURES U.S.,111018,2011-10-18,083731,ICUS,1,83,120745,36131,66551,29184,7552,4940,18564,11886,10496,8205,4893,7236,114756,113554,5989,7191,117220,34512,64250,28721,7654,4673,18345,12064,10313,8764,4977,6199,111527,110130,5693,7090,3525,1619,2301,565,0,165,397,0,5,199,674,279,3229,3424,296,101,3088.0,5281.0,6299.0,-261.0,-540.0,212.0,-4632.0,-3960.0,-308.0,1036.0,-612.0,651.0,1979.0,1742.0,1109.0,1346.0,100,29.9,55.1,24.2,6.3,4.1,15.4,9.8,8.7,6.8,4.1,6.0,95.0,94.0,5.0,6.0,100,29.4,54.8,24.5,6.5,4.0,15.7,10.3,8.8,7.5,4.2,5.3,95.1,94.0,4.9,6.0,100,45.9,65.3,16.0,0.0,4.7,11.3,0.0,0.1,5.6,19.1,7.9,91.6,97.1,8.4,2.9,302,81.0,82.0,23.0,9.0,15.0,52.0,39.0,43.0,38.0,32.0,48.0,241,232,302.0,79.0,82.0,23.0,9.0,15.0,50.0,42.0,43.0,40.0,31.0,48.0,239.0,232.0,68.0,23.0,19.0,13.0,0.0,,,0.0,,7.0,9.0,6.0,50.0,33.0,19.9,22.3,32.8,31.6,14.2,11.7,24.2,18.7,20.1,22.8,33.3,31.4,14.5,12.4,24.7,19.0,43.8,59.8,60.5,77.5,43.8,56.1,58.6,69.8,"(CONTRACTS OF 37,500 POUNDS)",A50,FutOnly
raw_cot_data/disaggregated_futures_only/fut_disagg_xls_hist_2006_2016/F_DisAgg06_15.xls,disaggregated_futures_only,fut_disagg_xls_hist_2006_2016,COFFEE C - ICE FUTURES U.S.,111011,2011-10-11,083731,ICUS,1,83,117657,30850,60252,29445,8092,4728,23196,15846,10804,7169,5505,6585,112777,111812,4880,5845,114625,29513,58352,29067,8181,4477,22983,16030,10615,7713,5571,5639,110007,108865,4618,5760,3032,1337,1900,467,0,162,397,0,5,205,683,197,2770,2947,262,85,627.0,-145.0,-3324.0,-345.0,-268.0,396.0,-860.0,1812.0,203.0,242.0,431.0,406.0,-103.0,-344.0,730.0,971.0,100,26.2,51.2,25.0,6.9,4.0,19.7,13.5,9.2,6.1,4.7,5.6,95.9,95.0,4.1,5.0,100,25.7,50.9,25.4,7.1,3.9,20.1,14.0,9.3,6.7,4.9,4.9,96.0,95.0,4.0,5.0,100,44.1,62.7,15.4,0.0,5.3,13.1,0.0,0.2,6.8,22.5,6.5,91.4,97.2,8.6,2.8,312,81.0,84.0,22.0,11.0,16.0,53.0,39.0,39.0,39.0,36.0,50.0,245,237,312.0,80.0,84.0,22.0,11.0,14.0,52.0,42.0,39.0,40.0,35.0,50.0,242.0,237.0,66.0,22.0,17.0,13.0,0.0,,,0.0,,8.0,8.0,6.0,49.0,32.0,15.4,19.8,29.3,30.6,14.8,14.5,26.4,22.0,15.7,20.3,29.8,30.5,15.0,15.0,27.0,22.3,42.7,59.1,59.2,77.6,42.3,55.1,56.4,69.3,"(CONTRACTS OF 37,500 POUNDS)",A50,FutOnly
raw_cot_data/disaggregated_futures_only/fut_disagg_xls_hist_2006_2016/F_DisAgg06_15.xls,disaggregated_futures_only,fut_disagg_xls_hist_2006_2016,COFFEE C - ICE FUTURES U.S.,111004,2011-10-04,083731,ICUS,1,83,117030,30995,63576,29790,8360,4332,24056,14034,10601,6927,5074,6179,112880,112156,4150,4874,114081,29612,61708,29466,8468,4091,23717,14092,10538,7465,5076,5318,110207,109291,3874,4790,2949,1383,1868,432,0,133,397,0,5,174,710,149,2673,2865,276,84,1791.0,2011.0,138.0,-1255.0,-2192.0,943.0,2997.0,3268.0,-464.0,-807.0,1085.0,-790.0,2635.0,1988.0,-844.0,-197.0,100,26.5,54.3,25.5,7.1,3.7,20.6,12.0,9.1,5.9,4.3,5.3,96.5,95.8,3.5,4.2,100,26.0,54.1,25.8,7.4,3.6,20.8,12.4,9.2,6.5,4.4,4.7,96.6,95.8,3.4,4.2,100,46.9,63.3,14.6,0.0,4.5,13.5,0.0,0.2,5.9,24.1,5.1,90.6,97.2,9.4,2.8,303,84.0,83.0,22.0,12.0,16.0,56.0,40.0,39.0,32.0,35.0,45.0,243,227,303.0,82.0,83.0,22.0,12.0,14.0,56.0,41.0,39.0,34.0,34.0,45.0,239.0,227.0,64.0,21.0,16.0,12.0,0.0,,,0.0,,5.0,10.0,5.0,46.0,30.0,16.5,21.3,29.4,32.5,15.1,15.3,25.8,22.9,16.7,21.9,30.0,32.5,15.4,15.8,26.4,22.9,43.4,60.2,60.1,78.5,42.9,56.4,57.4,71.7,"(CONTRACTS OF 37,500 POUNDS)",A50,FutOnly
raw_cot_data/disaggregated_futures_only/fut_disagg_xls_hist_2006_2016/F_DisAgg06_15.xls,disaggregated_futures_only,fut_disagg_xls_hist_2006_2016,COFFEE C - ICE FUTURES U.S.,110927,2011-09-27,083731,ICUS,1,83,115239,28984,63438,31045,10552,3389,21059,10766,11065,7734,3989,6969,110245,110168,4994,5071,112522,27742,61555,30779,10597,3214,20845,10987,10841,8103,4062,6280,107804,107536,4718,4986,2717,1242,1883,329,18,112,435,0,3,184,480,136,2441,2632,276,85,1232.0,6024.0,-3982.0,-489.0,-490.0,135.0,-6777.0,3765.0,1580.0,1547.0,-778.0,22.0,2042.0,252.0,-810.0,980.0,100,25.2,55.0,26.9,9.2,2.9,18.3,9.3,9.6,6.7,3.5,6.0,95.7,95.6,4.3,4.4,100,24.7,54.7,27.4,9.4,2.9,18.5,9.8,9.6,7.2,3.6,5.6,95.8,95.6,4.2,4.4,100,45.7,69.3,12.1,0.7,4.1,16.0,0.0,0.1,6.8,17.7,5.0,89.8,96.9,10.2,3.1,310,83.0,90.0,23.0,11.0,17.0,64.0,30.0,41.0,34.0,32.0,43.0,250,228,310.0,81.0,90.0,23.0,11.0,16.0,63.0,32.0,41.0,36.0,32.0,42.0,247.0,227.0,60.0,18.0,18.0,10.0,,,,0.0,,5.0,9.0,5.0,40.0,33.0,18.2,19.7,30.8,30.8,15.8,12.0,25.9,20.5,18.6,20.2,31.4,30.6,16.1,12.2,26.4,20.5,46.8,62.1,63.9,79.2,46.8,58.2,62.8,72.3,"(CONTRACTS OF 37,500 POUNDS)",A50,FutOnly
raw_cot_data/disaggregated_futures_only/fut_disagg_xls_hist_2006_2016/F_DisAgg06_15.xls,disaggregated_futures_only,fut_disagg_xls_hist_2006_2016,COFFEE C - ICE FUTURES U.S.,110920,2011-09-20,083731,ICUS,1,83,114007,22960,67420,31534,11042,3254,27836,7001,9485,6187,4767,6947,108203,109916,5804,4091,111383,21730,65590,31282,11017,3162,27670,7270,9216,6557,4834,6307,105924,107396,5459,3987,2624,1230,1830,300,73,44,435,0,0,154,457,116,2279,2520,345,104,-611.0,1580.0,-1698.0,-474.0,400.0,289.0,-3354.0,-747.0,862.0,497.0,-341.0,1006.0,406.0,-229.0,-1017.0,-382.0,100,20.1,59.1,27.7,9.7,2.9,24.4,6.1,8.3,5.4,4.2,6.1,94.9,96.4,5.1,3.6,100,19.5,58.9,28.1,9.9,2.8,24.8,6.5,8.3,5.9,4.3,5.7,95.1,96.4,4.9,3.6,100,46.9,69.7,11.4,2.8,1.7,16.6,0.0,0.0,5.9,17.4,4.4,86.9,96.0,13.1,4.0,317,76.0,92.0,20.0,12.0,17.0,79.0,23.0,35.0,36.0,31.0,41.0,251,223,317.0,72.0,92.0,20.0,12.0,16.0,78.0,25.0,35.0,37.0,31.0,40.0,246.0,222.0,57.0,17.0,17.0,9.0,,4.0,,0.0,0.0,,8.0,6.0,39.0,31.0,18.5,21.3,30.8,32.7,16.1,14.2,26.3,22.3,18.8,21.0,31.4,32.5,16.4,13.8,26.8,22.1,48.4,64.1,65.2,79.6,48.4,61.1,65.1,74.6,"(CONTRACTS OF 37,500 POUNDS)",A50,FutOnly
raw_cot_data/disaggregated_futures_only/fut_disagg_xls_hist_2006_2016/F_DisAgg06_15.xls,disaggregated_futures_only,fut_disagg_xls_hist_2006_2016,COFFEE C - ICE FUTURES U.S.,110913,2011-09-13,083731,ICUS,1,83,114618,21380,69118,32008,10642,2965,31190,7748,8623,5690,5108,5941,107797,110145,6821,4473,112156,20185,67398,31911,10685,2806,31092,8078,8293,6063,5183,5330,105680,107773,6476,4383,2462,1195,1720,248,108,8,428,0,0,154,452,84,2117,2372,345,90,1397.0,3423.0,2049.0,581.0,1270.0,198.0,-1976.0,-2264.0,583.0,-489.0,513.0,-507.0,1813.0,1842.0,-416.0,-445.0,100,18.7,60.3,27.9,9.3,2.6,27.2,6.8,7.5,5.0,4.5,5.2,94.0,96.1,6.0,3.9,100,18.0,60.1,28.5,9.5,2.5,27.7,7.2,7.4,5.4,4.6,4.8,94.2,96.1,5.8,3.9,100,48.5,69.9,10.1,4.4,0.3,17.4,0.0,0.0,6.3,18.4,3.4,86.0,96.3,14.0,3.7,317,72.0,91.0,21.0,11.0,17.0,86.0,22.0,35.0,33.0,33.0,40.0,249,221,317.0,67.0,91.0,21.0,11.0,16.0,85.0,25.0,35.0,34.0,33.0,39.0,243.0,220.0,53.0,18.0,18.0,7.0,,,,0.0,0.0,,7.0,,34.0,29.0,18.1,22.3,30.0,33.0,16.3,15.4,26.7,23.3,18.5,22.0,30.6,32.8,16.7,14.9,27.2,23.1,51.3,66.2,68.9,80.7,51.3,62.9,68.9,77.4,"(CONTRACTS OF 37,500 POUNDS)",A50,FutOnly
raw_cot_data/disaggregated_futures_only/fut_disagg_xls_hist_2006_2016/F_DisAgg06_15.xls,disaggregated_futures_only,fut_disagg_xls_hist_2006_2016,COFFEE C - ICE FUTURES U.S.,110906,2011-09-06,083731,ICUS,1,83,113221,17957,67069,31427,9372,2767,33166,10012,8040,6179,4595,6448,105984,108303,7237,4918,111004,16915,65565,31351,9384,2637,33048,10288,7764,6489,4705,5847,104051,106190,6953,4814,2217,1042,1504,198,110,8,394,0,0,214,414,77,1933,2113,284,104,6978.0,-206.0,4713.0,416.0,-180.0,-66.0,4764.0,88.0,1326.0,-14.0,-108.0,307.0,6527.0,6080.0,451.0,898.0,100,15.9,59.2,27.8,8.3,2.4,29.3,8.8,7.1,5.5,4.1,5.7,93.6,95.7,6.4,4.3,100,15.2,59.1,28.2,8.5,2.4,29.8,9.3,7.0,5.8,4.2,5.3,93.7,95.7,6.3,4.3,100,47.0,67.8,8.9,5.0,0.4,17.8,0.0,0.0,9.7,18.7,3.5,87.2,95.3,12.8,4.7,334,76.0,91.0,23.0,9.0,14.0,94.0,22.0,39.0,36.0,38.0,39.0,260,228,334.0,72.0,91.0,23.0,9.0,13.0,93.0,24.0,39.0,37.0,38.0,37.0,254.0,227.0,51.0,15.0,17.0,7.0,,,,0.0,0.0,,7.0,,32.0,28.0,15.8,18.9,27.0,30.0,15.8,14.6,26.8,22.8,16.1,18.5,27.5,29.8,16.1,14.1,27.4,22.5,53.4,66.6,71.4,79.8,53.4,62.8,71.4,76.0,"(CONTRACTS OF 37,500 POUNDS)",A50,FutOnly
raw_cot_data/disaggregated_futures_only/fut_disagg_xls_hist_2006_2016/F_DisAgg06_15.xls,disaggregated_futures_only,fut_disagg_xls_hist_2006_2016,COFFEE C - ICE FUTURES U.S.,110830,2011-08-30,083731,ICUS,1,83,106243,18163,62356,31011,9552,2833,28402,9924,6714,6193,4703,6141,99457,102223,6786,4020,353,353,248,0,0,0,0,0,0,0,8,0,353,256,0,97,105890,17810,62108,31011,9552,2833,28402,9924,6714,6193,4695,6141,99104,101967,6786,3923,3831.0,-2733.0,5832.0,-525.0,-312.0,59.0,5126.0,-2794.0,1324.0,-164.0,-89.0,800.0,3887.0,4820.0,-56.0,-989.0,100,17.1,58.7,29.2,9.0,2.7,26.7,9.3,6.3,5.8,4.4,5.8,93.6,96.2,6.4,3.8,100,100.0,70.3,0.0,0.0,0.0,0.0,0.0,0.0,0.0,2.3,0.0,100.0,72.5,0.0,27.5,100,16.8,58.7,29.3,9.0,2.7,26.8,9.4,6.3,5.8,4.4,5.8,93.6,96.3,6.4,3.7,318,72.0,91.0,22.0,9.0,14.0,82.0,26.0,35.0,32.0,36.0,40.0,245,222,13.0,,9.0,0.0,0.0,0.0,0.0,0.0,0.0,0.0,,0.0,,11.0,318.0,72.0,91.0,22.0,9.0,14.0,82.0,26.0,35.0,32.0,36.0,40.0,245.0,222.0,17.2,22.1,30.0,33.3,16.8,15.4,27.7,24.1,100.0,65.2,100.0,71.1,100.0,65.2,100.0,71.1,17.0,22.1,29.8,33.3,16.8,15.7,27.8,24.4,"(CONTRACTS OF 37,500 POUNDS)",A50,FutOnly
raw_cot_data/disaggregated_futures_only/fut_disagg_xls_hist_2006_2016/F_DisAgg06_15.xls,disaggregated_futures_only,fut_disagg_xls_hist_2006_2016,COFFEE C - ICE FUTURES U.S.,110823,2011-08-23,083731,ICUS,1,83,102412,20896,56524,31536,9864,2774,23276,12718,5390,6357,4792,5341,95570,97403,6842,5009,731,702,566,0,0,0,0,0,0,0,20,0,702,586,29,145,101681,20194,55958,31536,9864,2774,23276,12718,5390,6357,4772,5341,94868,96817,6813,4864,-5034.0,-6370.0,-65.0,961.0,686.0,-1048.0,3511.0,-3897.0,1446.0,-2239.0,89.0,-13.0,-3752.0,-2802.0,-1282.0,-2232.0,100,20.4,55.2,30.8,9.6,2.7,22.7,12.4,5.3,6.2,4.7,5.2,93.3,95.1,6.7,4.9,100,96.0,77.4,0.0,0.0,0.0,0.0,0.0,0.0,0.0,2.7,0.0,96.0,80.2,4.0,19.8,100,19.9,55.0,31.0,9.7,2.7,22.9,12.5,5.3,6.3,4.7,5.3,93.3,95.2,6.7,4.8,308,76.0,91.0,22.0,9.0,14.0,65.0,30.0,32.0,33.0,31.0,39.0,232,221,24.0,4.0,19.0,0.0,0.0,0.0,0.0,0.0,0.0,0.0,,0.0,4.0,20.0,307.0,76.0,90.0,22.0,9.0,14.0,65.0,30.0,32.0,33.0,31.0,39.0,232.0,220.0,18.8,20.7,32.0,32.5,17.5,13.0,28.8,22.6,96.0,52.1,96.0,72.8,96.0,52.1,96.0,72.8,18.5,20.6,31.8,32.4,17.7,13.3,29.0,23.0,"(CONTRACTS OF 37,500 POUNDS)",A50,FutOnly
raw_cot_data/disaggregated_futures_only/fut_disagg_xls_hist_2006_2016/F_DisAgg06_15.xls,disaggregated_futures_only,fut_disagg_xls_hist_2006_2016,COFFEE C - ICE FUTURES U.S.,110816,2011-08-16,083731,ICUS,1,83,107446,27266,56589,30575,9178,3822,19765,16615,3944,8596,4703,5354,99322,100205,8124,7241,14566,7777,8192,1953,1484,5,2401,2761,85,174,707,0,12395,13234,2171,1332,92880,19489,48397,29609,8681,2830,17952,14442,3271,9204,4778,4572,86927,86971,5953,5909,-1585.0,-579.0,1955.0,757.0,-656.0,-965.0,-634.0,-1773.0,352.0,-248.0,1445.0,-921.0,-2238.0,-563.0,653.0,-1022.0,100,25.4,52.7,28.5,8.5,3.6,18.4,15.5,3.7,8.0,4.4,5.0,92.4,93.3,7.6,6.7,100,53.4,56.2,13.4,10.2,0.0,16.5,19.0,0.6,1.2,4.9,0.0,85.1,90.9,14.9,9.1,100,21.0,52.1,31.9,9.3,3.0,19.3,15.5,3.5,9.9,5.1,4.9,93.6,93.6,6.4,6.4,300,77.0,86.0,23.0,10.0,18.0,58.0,34.0,33.0,43.0,25.0,40.0,231,224,135.0,32.0,56.0,8.0,11.0,,14.0,10.0,,8.0,5.0,0.0,64.0,83.0,292.0,71.0,83.0,22.0,10.0,14.0,52.0,34.0,28.0,43.0,27.0,37.0,215.0,211.0,18.7,19.8,31.2,31.5,16.2,13.6,26.9,22.2,44.2,36.2,57.7,54.0,44.2,35.8,57.7,53.6,17.6,22.3,30.7,34.1,17.6,17.6,29.6,26.6,"(CONTRACTS OF 37,500 POUNDS)",A50,FutOnly
raw_cot_data/disaggregated_futures_only/fut_disagg_xls_hist_2006_2016/F_DisAgg06_15.xls,disaggregated_futures_only,fut_disagg_xls_hist_2006_2016,COFFEE C - ICE FUTURES U.S.,110809,2011-08-09,083731,ICUS,1,83,109031,27845,54634,29818,9834,4787,20399,18388,3592,8844,3258,6275,101560,100768,7471,8263,30947,8848,14634,8463,2988,94,7125,7497,166,2335,2017,165,27196,27561,3751,3386,78084,18997,40000,24013,9504,2035,14861,12478,1839,8608,3340,4011,74364,73207,3720,4877,-2499.0,-17.0,-1781.0,-1423.0,1079.0,-102.0,1910.0,758.0,-3247.0,303.0,-91.0,-78.0,-2654.0,-3462.0,155.0,963.0,100,25.5,50.1,27.3,9.0,4.4,18.7,16.9,3.3,8.1,3.0,5.8,93.1,92.4,6.9,7.6,100,28.6,47.3,27.3,9.7,0.3,23.0,24.2,0.5,7.5,6.5,0.5,87.9,89.1,12.1,10.9,100,24.3,51.2,30.8,12.2,2.6,19.0,16.0,2.4,11.0,4.3,5.1,95.2,93.8,4.8,6.2,307,79.0,86.0,20.0,14.0,17.0,51.0,35.0,34.0,49.0,29.0,50.0,239,233,253.0,42.0,63.0,17.0,14.0,,36.0,28.0,8.0,38.0,29.0,,140.0,139.0,268.0,70.0,81.0,20.0,11.0,12.0,37.0,28.0,17.0,45.0,28.0,38.0,193.0,195.0,19.1,18.2,32.4,29.5,16.4,13.8,27.1,21.8,31.0,19.4,40.9,32.1,29.5,19.4,39.5,32.0,18.7,23.6,33.0,37.4,18.5,20.2,31.7,29.4,"(CONTRACTS OF 37,500 POUNDS)",A50,FutOnly
raw_cot_data/disaggregated_futures_only/fut_disagg_xls_hist_2006_2016/F_DisAgg06_15.xls,disaggregated_futures_only,fut_disagg_xls_hist_2006_2016,COFFEE C - ICE FUTURES U.S.,110802,2011-08-02,083731,ICUS,1,83,111530,27862,56415,31241,8755,4889,18489,17630,6839,8541,3349,6353,104214,104230,7316,7300,43666,9343,20752,14690,3179,86,12211,11892,464,2080,3024,333,39207,39730,4459,3936,67864,18519,35663,20166,9191,1188,11241,10701,1412,8982,2846,3499,65007,64500,2857,3364,4237.0,1093.0,319.0,238.0,-138.0,885.0,-401.0,817.0,847.0,757.0,269.0,667.0,4086.0,3666.0,151.0,571.0,100,25.0,50.6,28.0,7.8,4.4,16.6,15.8,6.1,7.7,3.0,5.7,93.4,93.5,6.6,6.5,100,21.4,47.5,33.6,7.3,0.2,28.0,27.2,1.1,4.8,6.9,0.8,89.8,91.0,10.2,9.0,100,27.3,52.6,29.7,13.5,1.8,16.6,15.8,2.1,13.2,4.2,5.2,95.8,95.0,4.2,5.0,318,87.0,93.0,20.0,13.0,19.0,52.0,40.0,42.0,50.0,32.0,47.0,251,248,282.0,50.0,67.0,18.0,12.0,,39.0,39.0,13.0,37.0,35.0,,153.0,160.0,255.0,72.0,86.0,19.0,11.0,13.0,33.0,21.0,13.0,42.0,25.0,32.0,185.0,184.0,18.5,16.8,33.7,28.4,17.1,12.8,27.7,21.1,30.7,20.4,46.1,33.1,30.7,20.3,46.1,32.9,21.4,25.2,35.4,39.5,20.3,23.1,33.5,33.7,"(CONTRACTS OF 37,500 POUNDS)",A50,FutOnly
raw_cot_data/disaggregated_futures_only/fut_disagg_xls_hist_2006_2016/F_DisAgg06_15.xls,disaggregated_futures_only,fut_disagg_xls_hist_2006_2016,COFFEE C - ICE FUTURES U.S.,110726,2011-07-26,083731,ICUS,1,83,107293,26769,56096,31003,8893,4004,18890,16813,5992,7784,3080,5686,100128,100564,7165,6729,46696,7570,23494,17721,2994,0,12826,12968,589,2951,2213,292,41949,42550,4747,4146,60597,19199,32602,16271,8888,1015,10493,8274,974,7614,3648,2613,58179,58014,2418,2583,-1304.0,-1468.0,-4896.0,-122.0,272.0,-2508.0,-925.0,2006.0,2237.0,991.0,76.0,537.0,-1258.0,-2276.0,-46.0,972.0,100,24.9,52.3,28.9,8.3,3.7,17.6,15.7,5.6,7.3,2.9,5.3,93.3,93.7,6.7,6.3,100,16.2,50.3,37.9,6.4,0.0,27.5,27.8,1.3,6.3,4.7,0.6,89.8,91.1,10.2,8.9,100,31.7,53.8,26.9,14.7,1.7,17.3,13.7,1.6,12.6,6.0,4.3,96.0,95.7,4.0,4.3,319,89.0,96.0,20.0,13.0,14.0,55.0,38.0,43.0,47.0,31.0,47.0,254,246,293.0,53.0,68.0,19.0,11.0,0.0,40.0,44.0,16.0,39.0,36.0,,165.0,163.0,253.0,69.0,89.0,20.0,10.0,11.0,32.0,17.0,8.0,39.0,31.0,27.0,178.0,176.0,18.9,17.2,34.0,28.1,17.8,12.4,28.6,21.0,29.3,17.8,45.8,30.7,28.1,17.8,44.4,30.6,22.3,24.2,36.0,37.6,20.8,18.5,31.8,29.2,"(CONTRACTS OF 37,500 POUNDS)",A50,FutOnly
raw_cot_data/disaggregated_futures_only/fut_disagg_xls_hist_2006_2016/F_DisAgg06_15.xls,disaggregated_futures_only,fut_disagg_xls_hist_2006_2016,COFFEE C - ICE FUTURES U.S.,110719,2011-07-19,083731,ICUS,1,83,108597,28237,60992,31125,8621,6512,19815,14807,3755,6793,3004,5149,101386,102840,7211,5757,53255,7922,32735,23295,2945,11,13441,10529,623,2256,2088,364,47912,49295,5343,3960,55342,20315,28257,11715,9561,2616,8559,6463,947,6650,3029,2672,53474,53545,1868,1797,395.0,594.0,-2346.0,-374.0,465.0,2.0,-1273.0,2426.0,-297.0,935.0,-218.0,304.0,-109.0,336.0,504.0,59.0,100,26.0,56.2,28.7,7.9,6.0,18.2,13.6,3.5,6.3,2.8,4.7,93.4,94.7,6.6,5.3,100,14.9,61.5,43.7,5.5,0.0,25.2,19.8,1.2,4.2,3.9,0.7,90.0,92.6,10.0,7.4,100,36.7,51.1,21.2,17.3,4.7,15.5,11.7,1.7,12.0,5.5,4.8,96.6,96.8,3.4,3.2,306,81.0,96.0,20.0,13.0,18.0,57.0,32.0,36.0,42.0,29.0,41.0,241,232,282.0,35.0,73.0,18.0,13.0,,45.0,41.0,15.0,34.0,34.0,,145.0,167.0,232.0,70.0,88.0,19.0,11.0,11.0,31.0,10.0,4.0,36.0,20.0,27.0,172.0,157.0,22.1,18.1,37.1,29.9,17.7,12.7,28.4,21.9,34.3,20.7,51.7,35.5,33.7,20.7,47.8,34.7,24.1,23.3,37.8,37.6,21.8,17.7,29.0,26.8,"(CONTRACTS OF 37,500 POUNDS)",A50,FutOnly
raw_cot_data/disaggregated_futures_only/fut_disagg_xls_hist_2006_2016/F_DisAgg06_15.xls,disaggregated_futures_only,fut_disagg_xls_hist_2006_2016,COFFEE C - ICE FUTURES U.S.,110712,2011-07-12,083731,ICUS,1,83,108202,27643,63338,31499,8156,6510,21088,12381,4052,5858,3222,4845,101495,102504,6707,5698,53790,7282,34787,23697,3123,2,14726,8529,971,1759,1893,332,48769,49637,5021,4153,54412,20361,28551,12004,9235,2306,8512,6002,931,5919,3149,2693,52726,52867,1686,1545,957.0,783.0,977.0,-429.0,453.0,-857.0,137.0,389.0,1071.0,286.0,-590.0,275.0,1266.0,1718.0,-309.0,-761.0,100,25.5,58.5,29.1,7.5,6.0,19.5,11.4,3.7,5.4,3.0,4.5,93.8,94.7,6.2,5.3,100,13.5,64.7,44.1,5.8,0.0,27.4,15.9,1.8,3.3,3.5,0.6,90.7,92.3,9.3,7.7,100,37.4,52.5,22.1,17.0,4.2,15.6,11.0,1.7,10.9,5.8,4.9,96.9,97.2,3.1,2.8,297,79.0,96.0,20.0,13.0,16.0,57.0,29.0,33.0,39.0,28.0,41.0,234,224,272.0,36.0,74.0,17.0,14.0,,45.0,36.0,16.0,33.0,28.0,,145.0,157.0,224.0,65.0,88.0,19.0,10.0,10.0,27.0,9.0,4.0,31.0,25.0,26.0,160.0,156.0,22.9,17.9,38.0,30.6,18.2,13.1,28.9,22.7,34.4,21.5,51.7,36.4,33.9,21.4,49.1,36.3,25.6,22.2,39.2,36.6,22.2,17.2,29.4,25.8,"(CONTRACTS OF 37,500 POUNDS)",A50,FutOnly
raw_cot_data/disaggregated_futures_only/fut_disagg_xls_hist_2006_2016/F_DisAgg06_15.xls,disaggregated_futures_only,fut_disagg_xls_hist_2006_2016,COFFEE C - ICE FUTURES U.S.,110705,2011-07-05,083731,ICUS,1,83,107245,26860,62361,31928,7703,7367,20951,11992,2981,5572,3812,4570,100229,100786,7016,6459,54644,7549,35494,25160,2746,85,14511,8615,497,1770,2699,277,49849,50413,4795,4231,52601,19311,26867,10805,8994,3245,8017,4954,907,5237,2548,2858,50380,50373,2221,2228,1142.0,-1456.0,2912.0,759.0,-666.0,706.0,2418.0,-568.0,-1595.0,-1034.0,44.0,537.0,335.0,1370.0,807.0,-228.0,100,25.0,58.1,29.8,7.2,6.9,19.5,11.2,2.8,5.2,3.6,4.3,93.5,94.0,6.5,6.0,100,13.8,65.0,46.0,5.0,0.2,26.6,15.8,0.9,3.2,4.9,0.5,91.2,92.3,8.8,7.7,100,36.7,51.1,20.5,17.1,6.2,15.2,9.4,1.7,10.0,4.8,5.4,95.8,95.8,4.2,4.2,305,77.0,92.0,20.0,12.0,16.0,56.0,31.0,30.0,39.0,40.0,40.0,227,230,287.0,38.0,73.0,19.0,11.0,,45.0,38.0,12.0,35.0,38.0,,146.0,166.0,217.0,59.0,82.0,19.0,10.0,11.0,28.0,8.0,4.0,31.0,24.0,29.0,153.0,153.0,22.9,17.7,38.3,30.2,18.3,14.3,30.1,24.4,34.6,23.5,52.4,37.8,34.0,23.5,50.5,37.3,25.2,21.5,38.7,36.5,23.0,16.8,30.4,26.5,"(CONTRACTS OF 37,500 POUNDS)",A50,FutOnly
raw_cot_data/disaggregated_futures_only/fut_disagg_xls_hist_2006_2016/F_DisAgg06_15.xls,disaggregated_futures_only,fut_disagg_xls_hist_2006_2016,COFFEE C - ICE FUTURES U.S.,110628,2011-06-28,083731,ICUS,1,83,106103,28316,59449,31169,8369,6661,18533,12560,4576,6606,3768,4033,99894,99416,6209,6687,56768,9937,33462,24613,3057,83,14594,12239,586,2450,2517,400,52663,52344,4105,4424,49335,18379,25987,10049,8805,3085,6931,3313,998,5217,2312,2572,47231,47072,2104,2263,-1295.0,-1260.0,-2314.0,258.0,217.0,328.0,-198.0,1759.0,-1656.0,846.0,199.0,434.0,-1248.0,-1033.0,-47.0,-262.0,100,26.7,56.0,29.4,7.9,6.3,17.5,11.8,4.3,6.2,3.6,3.8,94.1,93.7,5.9,6.3,100,17.5,58.9,43.4,5.4,0.1,25.7,21.6,1.0,4.3,4.4,0.7,92.8,92.2,7.2,7.8,100,37.3,52.7,20.4,17.8,6.3,14.0,6.7,2.0,10.6,4.7,5.2,95.7,95.4,4.3,4.6,313,82.0,91.0,20.0,12.0,18.0,55.0,34.0,28.0,45.0,36.0,43.0,235,234,293.0,49.0,72.0,20.0,11.0,,44.0,40.0,11.0,37.0,38.0,,158.0,169.0,217.0,61.0,80.0,19.0,10.0,12.0,25.0,9.0,6.0,35.0,22.0,31.0,160.0,151.0,22.2,18.3,37.4,29.8,18.0,13.4,30.0,22.1,32.6,21.1,50.1,35.1,31.5,21.1,46.7,33.9,26.0,23.0,38.9,36.5,23.1,17.4,31.0,25.8,"(CONTRACTS OF 37,500 POUNDS)",A50,FutOnly
raw_cot_data/disaggregated_futures_only/fut_disagg_xls_hist_2006_2016/F_DisAgg06_15.xls,disaggregated_futures_only,fut_disagg_xls_hist_2006_2016,COFFEE C - ICE FUTURES U.S.,110621,2011-06-21,083731,ICUS,1,83,107398,29576,61763,30911,8152,6333,18731,10801,6232,5760,3569,3599,101142,100449,6256,6949,62113,13704,37486,24490,4007,86,16483,12649,694,2182,2235,330,57969,57487,4144,4626,45285,15872,24277,10232,7956,2436,7403,3307,383,4711,2467,2136,43173,42962,2112,2323,45.0,4738.0,-6344.0,-781.0,364.0,921.0,-4158.0,3464.0,-26.0,-39.0,-86.0,-116.0,539.0,-1823.0,-494.0,1868.0,100,27.5,57.5,28.8,7.6,5.9,17.4,10.1,5.8,5.4,3.3,3.4,94.2,93.5,5.8,6.5,100,22.1,60.4,39.4,6.5,0.1,26.5,20.4,1.1,3.5,3.6,0.5,93.3,92.6,6.7,7.4,100,35.0,53.6,22.6,17.6,5.4,16.3,7.3,0.8,10.4,5.4,4.7,95.3,94.9,4.7,5.1,310,77.0,91.0,18.0,14.0,17.0,56.0,38.0,31.0,38.0,32.0,40.0,224,235,288.0,46.0,75.0,18.0,13.0,,48.0,42.0,15.0,29.0,34.0,,150.0,175.0,216.0,59.0,81.0,19.0,10.0,10.0,27.0,10.0,4.0,28.0,25.0,26.0,150.0,149.0,23.0,17.7,38.3,29.0,17.7,13.5,29.2,21.5,32.7,20.3,49.1,34.2,29.5,20.2,45.9,33.4,26.4,24.2,39.2,37.0,23.1,19.0,32.7,27.4,"(CONTRACTS OF 37,500 POUNDS)",A50,FutOnly
raw_cot_data/disaggregated_futures_only/fut_disagg_xls_hist_2006_2016/F_DisAgg06_15.xls,disaggregated_futures_only,fut_disagg_xls_hist_2006_2016,COFFEE C - ICE FUTURES U.S.,110614,2011-06-14,083731,ICUS,1,83,107353,24838,68107,31692,7788,5412,22889,7337,6258,5799,3655,3715,100603,102272,6750,5081,66694,11661,45022,24901,4103,107,19931,9128,2134,2346,2279,533,61613,63306,5081,3388,40659,13177,23085,10213,7107,1883,6698,1949,384,4645,2568,1990,38990,38966,1669,1693,-5293.0,-1476.0,1982.0,-72.0,-583.0,91.0,-183.0,-839.0,-104.0,788.0,-668.0,-3578.0,-4534.0,-3699.0,-759.0,-1594.0,100,23.1,63.4,29.5,7.3,5.0,21.3,6.8,5.8,5.4,3.4,3.5,93.7,95.3,6.3,4.7,100,17.5,67.5,37.3,6.2,0.2,29.9,13.7,3.2,3.5,3.4,0.8,92.4,94.9,7.6,5.1,100,32.4,56.8,25.1,17.5,4.6,16.5,4.8,0.9,11.4,6.3,4.9,95.9,95.8,4.1,4.2,301,68.0,89.0,20.0,12.0,19.0,66.0,23.0,29.0,40.0,32.0,41.0,233,217,283.0,45.0,79.0,20.0,11.0,7.0,59.0,28.0,19.0,33.0,34.0,12.0,174.0,178.0,204.0,50.0,74.0,19.0,9.0,10.0,27.0,7.0,5.0,32.0,22.0,24.0,145.0,134.0,19.2,18.3,34.2,31.1,18.1,15.4,29.1,24.7,25.4,22.6,41.2,35.8,25.1,22.6,38.8,35.6,26.8,24.1,38.4,35.6,24.3,18.8,33.1,28.4,"(CONTRACTS OF 37,500 POUNDS)",A50,FutOnly
raw_cot_data/disaggregated_futures_only/fut_disagg_xls_hist_2006_2016/F_DisAgg06_15.xls,disaggregated_futures_only,fut_disagg_xls_hist_2006_2016,COFFEE C - ICE FUTURES U.S.,110607,2011-06-07,083731,ICUS,1,83,112646,26314,66125,31764,8371,5321,23072,8176,6362,5011,4323,7293,105137,105971,7509,6675,75576,14323,44887,24500,4957,1058,20808,9688,2543,2889,3846,3486,69607,70465,5969,5111,37070,11991,21238,10948,7098,579,5683,1907,400,4107,2462,1822,35530,35506,1540,1564,454.0,4188.0,-31.0,-837.0,-634.0,-362.0,-1830.0,1525.0,-1337.0,445.0,216.0,1102.0,1369.0,479.0,-915.0,-25.0,100,23.4,58.7,28.2,7.4,4.7,20.5,7.3,5.6,4.4,3.8,6.5,93.3,94.1,6.7,5.9,100,19.0,59.4,32.4,6.6,1.4,27.5,12.8,3.4,3.8,5.1,4.6,92.1,93.2,7.9,6.8,100,32.3,57.3,29.5,19.1,1.6,15.3,5.1,1.1,11.1,6.6,4.9,95.8,95.8,4.2,4.2,322,79.0,92.0,20.0,12.0,17.0,67.0,31.0,40.0,41.0,36.0,45.0,254,239,308.0,55.0,82.0,19.0,12.0,8.0,63.0,37.0,29.0,29.0,45.0,32.0,203.0,211.0,203.0,53.0,76.0,20.0,8.0,5.0,27.0,8.0,5.0,32.0,20.0,18.0,146.0,126.0,18.9,16.6,33.9,28.5,17.4,14.9,28.5,23.7,22.7,19.9,37.4,31.7,22.6,19.8,37.3,31.1,25.8,26.9,38.9,39.0,24.6,21.0,36.6,31.5,"(CONTRACTS OF 37,500 POUNDS)",A50,FutOnly
raw_cot_data/disaggregated_futures_only/fut_disagg_xls_hist_2006_2016/F_DisAgg06_15.xls,disaggregated_futures_only,fut_disagg_xls_hist_2006_2016,COFFEE C - ICE FUTURES U.S.,110531,2011-05-31,083731,ICUS,1,83,112192,22126,66156,32601,9005,5683,24902,6651,7699,4566,4107,6191,103768,105492,8424,6700,78516,10070,48861,27483,4709,1097,22498,7244,5206,2880,3730,2519,71753,73366,6763,5150,33676,12056,17295,9235,8413,469,4552,1555,345,3606,2297,1752,32015,32126,1661,1550,-416.0,-2497.0,-1818.0,-541.0,301.0,642.0,-462.0,-331.0,1116.0,593.0,-397.0,771.0,-378.0,284.0,-38.0,-700.0,100,19.7,59.0,29.1,8.0,5.1,22.2,5.9,6.9,4.1,3.7,5.5,92.5,94.0,7.5,6.0,100,12.8,62.2,35.0,6.0,1.4,28.7,9.2,6.6,3.7,4.8,3.2,91.4,93.4,8.6,6.6,100,35.8,51.4,27.4,25.0,1.4,13.5,4.6,1.0,10.7,6.8,5.2,95.1,95.4,4.9,4.6,318,75.0,90.0,22.0,12.0,16.0,75.0,28.0,39.0,40.0,36.0,41.0,252,229,307.0,54.0,82.0,21.0,12.0,7.0,71.0,32.0,30.0,32.0,40.0,30.0,210.0,203.0,190.0,52.0,70.0,18.0,8.0,5.0,21.0,11.0,,28.0,20.0,18.0,130.0,125.0,18.5,17.2,32.0,28.7,17.7,15.1,28.6,23.8,20.5,20.6,33.8,32.3,20.5,20.5,33.3,31.3,27.7,28.3,41.5,40.7,27.0,22.9,40.2,33.5,"(CONTRACTS OF 37,500 POUNDS)",A50,FutOnly
raw_cot_data/disaggregated_futures_only/fut_disagg_xls_hist_2006_2016/F_DisAgg06_15.xls,disaggregated_futures_only,fut_disagg_xls_hist_2006_2016,COFFEE C - ICE FUTURES U.S.,110524,2011-05-24,083731,ICUS,1,83,112608,24623,67974,33142,8704,5041,25364,6982,6583,3973,4504,5420,104146,105208,8462,7400,80949,11665,51845,28890,4127,810,23616,7662,4603,2410,4019,2056,74050,75122,6899,5827,31659,12958,16129,8041,8366,442,3619,1191,109,3331,2253,1596,30096,30086,1563,1573,1883.0,1969.0,-2690.0,-122.0,-252.0,195.0,-2614.0,758.0,1377.0,-499.0,-198.0,-13.0,293.0,-823.0,1590.0,2706.0,100,21.9,60.4,29.4,7.7,4.5,22.5,6.2,5.8,3.5,4.0,4.8,92.5,93.4,7.5,6.6,100,14.4,64.0,35.7,5.1,1.0,29.2,9.5,5.7,3.0,5.0,2.5,91.5,92.8,8.5,7.2,100,40.9,50.9,25.4,26.4,1.4,11.4,3.8,0.3,10.5,7.1,5.0,95.1,95.0,4.9,5.0,308,79.0,92.0,20.0,12.0,16.0,66.0,31.0,35.0,30.0,40.0,38.0,235,229,299.0,59.0,83.0,19.0,12.0,6.0,63.0,33.0,27.0,23.0,44.0,26.0,193.0,204.0,185.0,54.0,70.0,17.0,8.0,7.0,21.0,8.0,,27.0,18.0,14.0,130.0,118.0,18.9,17.4,32.4,29.2,18.0,15.0,29.0,23.7,21.2,20.8,34.7,32.7,21.2,20.7,34.7,31.2,29.6,28.9,43.1,42.1,29.0,24.0,40.7,34.3,"(CONTRACTS OF 37,500 POUNDS)",A50,FutOnly
raw_cot_data/disaggregated_futures_only/fut_disagg_xls_hist_2006_2016/F_DisAgg06_15.xls,disaggregated_futures_only,fut_disagg_xls_hist_2006_2016,COFFEE C - ICE FUTURES U.S.,110517,2011-05-17,083731,ICUS,1,83,110725,22654,70664,33264,8956,4846,27978,6224,5206,4472,4702,5433,103853,106031,6872,4694,81128,10355,55624,29454,4246,668,25777,6705,3747,2986,3887,2382,75369,77259,5759,3869,29597,12299,15040,7564,8464,424,3602,920,58,3059,2388,1478,28484,28772,1113,825,-4960.0,3039.0,-5447.0,-703.0,-173.0,-230.0,-7715.0,267.0,1030.0,224.0,-519.0,999.0,-3356.0,-4073.0,-1604.0,-887.0,100,20.5,63.8,30.0,8.1,4.4,25.3,5.6,4.7,4.0,4.2,4.9,93.8,95.8,6.2,4.2,100,12.8,68.6,36.3,5.2,0.8,31.8,8.3,4.6,3.7,4.8,2.9,92.9,95.2,7.1,4.8,100,41.6,50.8,25.6,28.6,1.4,12.2,3.1,0.2,10.3,8.1,5.0,96.2,97.2,3.8,2.8,317,81.0,94.0,22.0,11.0,14.0,75.0,28.0,39.0,33.0,37.0,38.0,251,227,309.0,58.0,88.0,21.0,11.0,4.0,72.0,30.0,28.0,30.0,39.0,26.0,208.0,202.0,187.0,53.0,73.0,17.0,8.0,6.0,22.0,6.0,,25.0,21.0,15.0,127.0,122.0,19.1,18.1,32.8,30.2,18.2,15.6,29.8,24.6,21.2,21.4,35.9,33.6,21.2,21.2,35.9,31.9,31.2,30.4,45.0,43.6,30.4,25.3,43.1,36.4,"(CONTRACTS OF 37,500 POUNDS)",A50,FutOnly
raw_cot_data/disaggregated_futures_only/fut_disagg_xls_hist_2006_2016/F_DisAgg06_15.xls,disaggregated_futures_only,fut_disagg_xls_hist_2006_2016,COFFEE C - ICE FUTURES U.S.,110510,2011-05-10,083731,ICUS,1,83,115685,19615,76111,33967,9129,5076,35693,5957,4176,4248,5221,4434,107209,110104,8476,5581,87329,7987,61350,30444,4224,741,32558,6295,3603,2747,4721,1736,79816,82670,7513,4659,28356,11628,14761,7330,8712,528,3656,183,52,3081,2080,1118,27393,27434,963,922,-4616.0,-338.0,-6473.0,251.0,-127.0,-354.0,-4204.0,394.0,871.0,-580.0,-308.0,464.0,-3890.0,-5533.0,-726.0,917.0,100,17.0,65.8,29.4,7.9,4.4,30.9,5.1,3.6,3.7,4.5,3.8,92.7,95.2,7.3,4.8,100,9.1,70.3,34.9,4.8,0.8,37.3,7.2,4.1,3.1,5.4,2.0,91.4,94.7,8.6,5.3,100,41.0,52.1,25.8,30.7,1.9,12.9,0.6,0.2,10.9,7.3,3.9,96.6,96.7,3.4,3.3,340,84.0,107.0,21.0,12.0,12.0,95.0,18.0,34.0,34.0,37.0,37.0,275,224,328.0,65.0,101.0,19.0,13.0,4.0,91.0,21.0,26.0,27.0,38.0,23.0,231.0,202.0,186.0,54.0,78.0,17.0,8.0,6.0,22.0,4.0,,29.0,14.0,15.0,130.0,119.0,18.6,18.5,33.1,31.4,18.0,16.4,30.5,25.9,19.9,21.0,35.9,33.2,19.9,20.9,35.9,31.4,31.9,34.1,45.9,48.1,31.1,27.7,44.7,40.3,"(CONTRACTS OF 37,500 POUNDS)",A50,FutOnly
raw_cot_data/disaggregated_futures_only/fut_disagg_xls_hist_2006_2016/F_DisAgg06_15.xls,disaggregated_futures_only,fut_disagg_xls_hist_2006_2016,COFFEE C - ICE FUTURES U.S.,110503,2011-05-03,083731,ICUS,1,83,120301,19953,82584,33716,9256,5430,39897,5563,3305,4828,5529,3970,111099,115637,9202,4664,93332,7501,69082,32647,4251,792,36415,5808,2813,3462,5101,1409,85039,89256,8293,4076,26969,12452,13502,5100,9036,607,3936,209,38,2957,2019,970,26060,26381,909,588,3603.0,-93.0,43.0,707.0,244.0,-445.0,1620.0,1887.0,441.0,493.0,717.0,160.0,2883.0,3047.0,720.0,556.0,100,16.6,68.6,28.0,7.7,4.5,33.2,4.6,2.7,4.0,4.6,3.3,92.4,96.1,7.6,3.9,100,8.0,74.0,35.0,4.6,0.8,39.0,6.2,3.0,3.7,5.5,1.5,91.1,95.6,8.9,4.4,100,46.2,50.1,18.9,33.5,2.3,14.6,0.8,0.1,11.0,7.5,3.6,96.6,97.8,3.4,2.2,354,86.0,111.0,20.0,12.0,13.0,99.0,16.0,29.0,46.0,34.0,36.0,291,219,343.0,71.0,104.0,19.0,12.0,5.0,95.0,19.0,23.0,41.0,34.0,21.0,254.0,195.0,185.0,52.0,76.0,13.0,10.0,7.0,22.0,5.0,,30.0,14.0,12.0,125.0,118.0,18.0,19.6,33.0,33.1,17.6,16.8,29.9,26.6,20.7,21.2,36.3,34.5,20.7,20.6,36.3,32.1,32.9,36.6,46.9,51.3,32.3,30.3,45.7,43.4,"(CONTRACTS OF 37,500 POUNDS)",A50,FutOnly
raw_cot_data/disaggregated_futures_only/fut_disagg_xls_hist_2006_2016/F_DisAgg06_15.xls,disaggregated_futures_only,fut_disagg_xls_hist_2006_2016,COFFEE C - ICE FUTURES U.S.,110426,2011-04-26,083731,ICUS,1,83,116698,20046,82541,33009,9012,5875,38277,3676,2864,4335,4812,3810,108216,112590,8482,4108,90892,8217,69551,31841,3957,1482,34951,3713,2643,2937,4663,1257,83328,87266,7564,3626,25806,11829,12990,5117,9004,444,3544,181,3,3126,1877,825,24888,25324,918,482,50.0,-1786.0,-702.0,-65.0,-809.0,671.0,1186.0,1227.0,58.0,21.0,339.0,-318.0,-233.0,466.0,283.0,-416.0,100,17.2,70.7,28.3,7.7,5.0,32.8,3.2,2.5,3.7,4.1,3.3,92.7,96.5,7.3,3.5,100,9.0,76.5,35.0,4.4,1.6,38.5,4.1,2.9,3.2,5.1,1.4,91.7,96.0,8.3,4.0,100,45.8,50.3,19.8,34.9,1.7,13.7,0.7,0.0,12.1,7.3,3.2,96.4,98.1,3.6,1.9,349,83.0,109.0,20.0,12.0,12.0,102.0,13.0,25.0,46.0,33.0,36.0,285,212,339.0,70.0,103.0,18.0,13.0,6.0,97.0,15.0,20.0,38.0,38.0,21.0,252.0,191.0,177.0,49.0,71.0,13.0,9.0,6.0,19.0,4.0,,31.0,13.0,10.0,117.0,109.0,17.9,20.8,32.7,33.6,17.7,16.6,30.0,26.7,20.2,23.0,35.9,35.5,20.2,21.6,35.9,33.5,33.6,37.7,47.9,52.9,33.1,31.6,47.0,45.5,"(CONTRACTS OF 37,500 POUNDS)",A50,FutOnly
raw_cot_data/disaggregated_futures_only/fut_disagg_xls_hist_2006_2016/F_DisAgg06_15.xls,disaggregated_futures_only,fut_disagg_xls_hist_2006_2016,COFFEE C - ICE FUTURES U.S.,110419,2011-04-19,083731,ICUS,1,83,116648,21832,83243,33074,9821,5204,37091,2449,2806,4314,4473,4128,108449,112124,8199,4524,91424,10237,70849,32020,4739,796,34134,2448,2626,2774,4324,1632,84219,87414,7205,4010,25224,11595,12394,5012,9040,450,3130,174,7,3041,1650,995,24230,24710,994,514,-5227.0,-5385.0,300.0,-392.0,113.0,-2083.0,4529.0,-622.0,-1451.0,209.0,390.0,-788.0,-5361.0,-4141.0,134.0,-1086.0,100,18.7,71.4,28.4,8.4,4.5,31.8,2.1,2.4,3.7,3.8,3.5,93.0,96.1,7.0,3.9,100,11.2,77.5,35.0,5.2,0.9,37.3,2.7,2.9,3.0,4.7,1.8,92.1,95.6,7.9,4.4,100,46.0,49.1,19.9,35.8,1.8,12.4,0.7,0.0,12.1,6.5,3.9,96.1,98.0,3.9,2.0,341,79.0,109.0,20.0,12.0,12.0,93.0,15.0,22.0,46.0,31.0,38.0,274,210,331.0,67.0,104.0,19.0,12.0,5.0,90.0,16.0,20.0,40.0,33.0,24.0,243.0,192.0,172.0,50.0,69.0,13.0,9.0,6.0,14.0,,,30.0,12.0,11.0,116.0,104.0,18.0,21.9,32.5,34.2,17.9,16.6,29.8,25.9,20.4,24.4,35.5,34.4,20.4,22.4,35.5,31.7,34.7,37.6,49.2,52.4,34.3,32.4,48.7,46.6,"(CONTRACTS OF 37,500 POUNDS)",A50,FutOnly
raw_cot_data/disaggregated_futures_only/fut_disagg_xls_hist_2006_2016/F_DisAgg06_15.xls,disaggregated_futures_only,fut_disagg_xls_hist_2006_2016,COFFEE C - ICE FUTURES U.S.,110412,2011-04-12,083731,ICUS,1,83,121875,27217,82943,33466,9708,7287,32562,3071,4257,4105,4083,4916,113810,116265,8065,5610,99563,16465,72347,32854,5318,2984,30703,3010,4120,2364,3974,2786,92276,94539,7287,5024,22312,10752,10596,4500,8278,415,1972,174,24,3049,1417,822,21534,21726,778,586,-2534.0,2402.0,5796.0,-419.0,-365.0,936.0,1801.0,-2520.0,-3414.0,-1589.0,-766.0,-3235.0,-3518.0,-3568.0,984.0,1034.0,100,22.3,68.1,27.5,8.0,6.0,26.7,2.5,3.5,3.4,3.4,4.0,93.4,95.4,6.6,4.6,100,16.5,72.7,33.0,5.3,3.0,30.8,3.0,4.1,2.4,4.0,2.8,92.7,95.0,7.3,5.0,100,48.2,47.5,20.2,37.1,1.9,8.8,0.8,0.1,13.7,6.4,3.7,96.5,97.4,3.5,2.6,306,73.0,99.0,20.0,10.0,15.0,76.0,13.0,27.0,40.0,31.0,35.0,245,203,299.0,70.0,96.0,18.0,11.0,9.0,74.0,13.0,24.0,32.0,38.0,27.0,228.0,191.0,156.0,46.0,60.0,12.0,9.0,6.0,10.0,,,31.0,9.0,8.0,106.0,89.0,19.3,21.0,34.7,32.2,17.5,15.5,28.4,24.0,21.9,22.7,37.5,33.1,19.4,18.1,33.0,27.3,36.6,39.5,50.6,55.1,36.1,35.0,50.0,50.0,"(CONTRACTS OF 37,500 POUNDS)",A50,FutOnly
raw_cot_data/disaggregated_futures_only/fut_disagg_xls_hist_2006_2016/F_DisAgg06_15.xls,disaggregated_futures_only,fut_disagg_xls_hist_2006_2016,COFFEE C - ICE FUTURES U.S.,110405,2011-04-05,083731,ICUS,1,83,124409,24815,77147,33885,10073,6351,30761,5591,7671,5694,4849,8151,117328,119833,7081,4576,103600,14475,67412,33884,5829,1987,29126,5532,7522,3387,4389,6922,97303,99593,6297,4007,20809,10340,9735,3989,8232,376,1760,184,24,2846,999,690,20025,20240,784,569,3063.0,-135.0,720.0,-585.0,404.0,789.0,2506.0,574.0,696.0,-239.0,-386.0,1594.0,4626.0,4391.0,-1563.0,-1328.0,100,19.9,62.0,27.2,8.1,5.1,24.7,4.5,6.2,4.6,3.9,6.6,94.3,96.3,5.7,3.7,100,14.0,65.1,32.7,5.6,1.9,28.1,5.3,7.3,3.3,4.2,6.7,93.9,96.1,6.1,3.9,100,49.7,46.8,19.2,39.6,1.8,8.5,0.9,0.1,13.7,4.8,3.3,96.2,97.3,3.8,2.7,322,79.0,101.0,20.0,12.0,16.0,77.0,21.0,33.0,38.0,36.0,39.0,253,226,317.0,76.0,99.0,18.0,14.0,10.0,74.0,21.0,31.0,35.0,38.0,35.0,242.0,216.0,153.0,49.0,54.0,13.0,7.0,7.0,11.0,4.0,,30.0,10.0,7.0,108.0,85.0,18.0,18.0,31.8,29.1,17.4,14.7,27.8,22.9,19.0,18.8,33.3,29.6,19.0,16.8,32.4,25.6,39.5,42.0,54.1,57.6,38.7,39.1,52.7,54.4,"(CONTRACTS OF 37,500 POUNDS)",A50,FutOnly
raw_cot_data/disaggregated_futures_only/fut_disagg_xls_hist_2006_2016/F_DisAgg06_15.xls,disaggregated_futures_only,fut_disagg_xls_hist_2006_2016,COFFEE C - ICE FUTURES U.S.,110329,2011-03-29,083731,ICUS,1,83,121346,24950,76427,34470,9669,5562,28255,5017,6975,5933,5235,6557,112702,115442,8644,5904,102036,14245,67795,35171,5498,1273,27057,4993,6821,4003,4853,5377,93947,96610,8089,5426,19310,10705,8632,3420,8292,168,1352,178,0,2517,969,593,18755,18832,555,478,-91.0,322.0,-3066.0,526.0,-128.0,65.0,-1988.0,-145.0,201.0,-862.0,749.0,2282.0,546.0,-42.0,-637.0,-49.0,100,20.6,63.0,28.4,8.0,4.6,23.3,4.1,5.7,4.9,4.3,5.4,92.9,95.1,7.1,4.9,100,14.0,66.4,34.5,5.4,1.2,26.5,4.9,6.7,3.9,4.8,5.3,92.1,94.7,7.9,5.3,100,55.4,44.7,17.7,42.9,0.9,7.0,0.9,0.0,13.0,5.0,3.1,97.1,97.5,2.9,2.5,315,79.0,99.0,20.0,11.0,14.0,75.0,22.0,30.0,41.0,35.0,34.0,250,214,309.0,69.0,98.0,18.0,12.0,9.0,71.0,24.0,28.0,34.0,40.0,28.0,229.0,206.0,151.0,50.0,52.0,13.0,7.0,6.0,10.0,4.0,0.0,32.0,9.0,7.0,108.0,82.0,19.0,18.1,32.6,29.6,18.1,14.8,28.6,23.5,19.9,18.9,33.7,29.4,19.9,16.6,33.7,26.3,40.6,45.0,55.4,61.3,40.2,41.5,54.9,57.4,"(CONTRACTS OF 37,500 POUNDS)",A50,FutOnly
raw_cot_data/disaggregated_futures_only/fut_disagg_xls_hist_2006_2016/F_DisAgg06_15.xls,disaggregated_futures_only,fut_disagg_xls_hist_2006_2016,COFFEE C - ICE FUTURES U.S.,110322,2011-03-22,083731,ICUS,1,83,121437,24628,79493,33944,9797,5497,30243,5162,6774,6795,4486,4275,112156,115484,9281,5953,103041,14129,71769,35663,5706,1145,29092,5286,6488,4978,4233,3138,94633,97765,8408,5276,18396,10499,7724,2459,8269,174,1397,122,40,2523,959,431,17523,17719,873,677,-1012.0,-1366.0,-954.0,447.0,367.0,-293.0,165.0,-160.0,218.0,210.0,655.0,228.0,-391.0,61.0,-621.0,-1073.0,100,20.3,65.5,28.0,8.1,4.5,24.9,4.3,5.6,5.6,3.7,3.5,92.4,95.1,7.6,4.9,100,13.7,69.7,34.6,5.5,1.1,28.2,5.1,6.3,4.8,4.1,3.0,91.8,94.9,8.2,5.1,100,57.1,42.0,13.4,44.9,0.9,7.6,0.7,0.2,13.7,5.2,2.3,95.3,96.3,4.7,3.7,318,81.0,101.0,20.0,12.0,13.0,81.0,16.0,31.0,42.0,30.0,36.0,262,209,313.0,71.0,99.0,19.0,13.0,9.0,76.0,20.0,29.0,37.0,35.0,30.0,242.0,201.0,148.0,54.0,48.0,13.0,7.0,5.0,10.0,,,30.0,10.0,9.0,112.0,78.0,18.9,18.2,32.8,30.5,17.8,14.9,28.5,23.8,20.3,18.6,35.1,30.7,20.3,16.6,34.1,26.1,42.2,44.4,56.1,61.3,41.9,43.2,54.8,59.5,"(CONTRACTS OF 37,500 POUNDS)",A50,FutOnly
raw_cot_data/disaggregated_futures_only/fut_disagg_xls_hist_2006_2016/F_DisAgg06_15.xls,disaggregated_futures_only,fut_disagg_xls_hist_2006_2016,COFFEE C - ICE FUTURES U.S.,110315,2011-03-15,083731,ICUS,1,83,122449,25994,80447,33497,9430,5790,30078,5322,6556,6585,3831,4047,112547,115423,9902,7026,104514,15328,72767,35778,5299,1487,29001,5564,6201,4621,3779,2880,95296,97977,9218,6537,17935,10666,7680,1897,8309,125,1392,73,40,2788,876,343,17251,17446,684,489,-6120.0,2549.0,-6507.0,-770.0,50.0,395.0,-6759.0,-624.0,750.0,-1280.0,-791.0,-720.0,-5835.0,-7447.0,-285.0,1327.0,100,21.2,65.7,27.4,7.7,4.7,24.6,4.3,5.4,5.4,3.1,3.3,91.9,94.3,8.1,5.7,100,14.7,69.6,34.2,5.1,1.4,27.7,5.3,5.9,4.4,3.6,2.8,91.2,93.7,8.8,6.3,100,59.5,42.8,10.6,46.3,0.7,7.8,0.4,0.2,15.5,4.9,1.9,96.2,97.3,3.8,2.7,313,83.0,98.0,20.0,12.0,13.0,84.0,17.0,30.0,37.0,28.0,32.0,258,201,309.0,72.0,97.0,18.0,14.0,9.0,79.0,21.0,29.0,32.0,31.0,25.0,236.0,196.0,143.0,51.0,46.0,13.0,7.0,,11.0,,,28.0,8.0,8.0,107.0,72.0,18.5,17.9,32.8,30.1,17.3,15.1,28.1,23.9,19.6,18.3,35.1,30.0,19.6,16.5,33.4,26.5,43.5,45.1,56.8,64.2,43.2,43.4,55.2,61.5,"(CONTRACTS OF 37,500 POUNDS)",A50,FutOnly
raw_cot_data/disaggregated_futures_only/fut_disagg_xls_hist_2006_2016/F_DisAgg06_15.xls,disaggregated_futures_only,fut_disagg_xls_hist_2006_2016,COFFEE C - ICE FUTURES U.S.,110308,2011-03-08,083731,ICUS,1,83,128569,23445,86954,34267,9380,5395,36837,5946,5806,7865,4622,4767,118382,122870,10187,5699,111148,13120,79626,36418,5320,1027,35807,6142,5445,6071,4547,3612,101500,105719,9648,5429,17421,10325,7328,2062,8273,155,1274,48,117,2592,873,357,16882,17151,539,270,7187.0,1102.0,5146.0,408.0,25.0,314.0,1952.0,714.0,144.0,1587.0,-53.0,-322.0,5185.0,5968.0,2002.0,1219.0,100,18.2,67.6,26.7,7.3,4.2,28.7,4.6,4.5,6.1,3.6,3.7,92.1,95.6,7.9,4.4,100,11.8,71.6,32.8,4.8,0.9,32.2,5.5,4.9,5.5,4.1,3.2,91.3,95.1,8.7,4.9,100,59.3,42.1,11.8,47.5,0.9,7.3,0.3,0.7,14.9,5.0,2.0,96.9,98.5,3.1,1.5,343,77.0,104.0,21.0,10.0,11.0,98.0,14.0,25.0,46.0,32.0,31.0,277,199,339.0,67.0,103.0,19.0,12.0,8.0,96.0,15.0,23.0,43.0,35.0,25.0,256.0,195.0,134.0,49.0,44.0,13.0,7.0,4.0,8.0,,,25.0,9.0,8.0,98.0,71.0,18.0,18.3,32.0,30.4,16.7,15.1,27.9,24.3,18.7,18.6,34.1,31.0,18.5,16.5,32.6,27.1,45.2,46.2,59.3,65.7,44.8,44.5,57.6,63.1,"(CONTRACTS OF 37,500 POUNDS)",A50,FutOnly
raw_cot_data/disaggregated_futures_only/fut_disagg_xls_hist_2006_2016/F_DisAgg06_15.xls,disaggregated_futures_only,fut_disagg_xls_hist_2006_2016,COFFEE C - ICE FUTURES U.S.,110301,2011-03-01,083731,ICUS,1,83,121382,22343,81808,33859,9355,5081,34885,5232,5662,6278,4675,5089,113197,116902,8185,4480,105474,12188,75818,36154,5281,745,34098,5668,5178,5522,4690,3738,97623,101118,7851,4356,15908,10155,5990,1889,8258,152,1271,48,0,1740,969,367,15574,15784,334,124,-4946.0,-2494.0,-7988.0,-102.0,-132.0,275.0,-1786.0,81.0,-476.0,-1415.0,2201.0,835.0,-5163.0,-5204.0,217.0,258.0,100,18.4,67.4,27.9,7.7,4.2,28.7,4.3,4.7,5.2,3.9,4.2,93.3,96.3,6.7,3.7,100,11.6,71.9,34.3,5.0,0.7,32.3,5.4,4.9,5.2,4.4,3.5,92.6,95.9,7.4,4.1,100,63.8,37.7,11.9,51.9,1.0,8.0,0.3,0.0,10.9,6.1,2.3,97.9,99.2,2.1,0.8,334,79.0,101.0,21.0,10.0,12.0,99.0,14.0,24.0,38.0,35.0,31.0,270,200,331.0,68.0,100.0,20.0,11.0,10.0,96.0,16.0,23.0,36.0,37.0,23.0,248.0,196.0,133.0,47.0,44.0,12.0,7.0,4.0,8.0,,0.0,24.0,10.0,8.0,95.0,70.0,18.1,17.8,32.9,29.5,17.2,15.5,29.0,25.3,19.1,18.6,35.3,30.5,19.1,16.7,34.1,28.1,48.8,49.2,62.1,66.5,48.4,48.1,60.3,65.1,"(CONTRACTS OF 37,500 POUNDS)",A50,FutOnly
raw_cot_data/disaggregated_futures_only/fut_disagg_xls_hist_2006_2016/F_DisAgg06_15.xls,disaggregated_futures_only,fut_disagg_xls_hist_2006_2016,COFFEE C - ICE FUTURES U.S.,110222,2011-02-22,083731,ICUS,1,83,126328,24837,89796,33961,9487,4806,36671,5151,6138,7693,2474,4254,118360,122106,7968,4222,110706,14824,83459,36138,5595,407,36118,5713,5526,7120,2694,3196,103329,106590,7377,4116,15622,10013,6337,1946,8015,276,1165,50,0,1354,561,277,15031,15516,591,106,-2335.0,-1721.0,-3703.0,325.0,1168.0,-348.0,-227.0,624.0,155.0,133.0,505.0,491.0,-1192.0,-1108.0,-1143.0,-1227.0,100,19.7,71.1,26.9,7.5,3.8,29.0,4.1,4.9,6.1,2.0,3.4,93.7,96.7,6.3,3.3,100,13.4,75.4,32.6,5.1,0.4,32.6,5.2,5.0,6.4,2.4,2.9,93.3,96.3,6.7,3.7,100,64.1,40.6,12.5,51.3,1.8,7.5,0.3,0.0,8.7,3.6,1.8,96.2,99.3,3.8,0.7,338,71.0,107.0,22.0,11.0,13.0,102.0,15.0,24.0,44.0,25.0,27.0,268,199,335.0,60.0,106.0,20.0,13.0,11.0,99.0,16.0,23.0,40.0,29.0,23.0,249.0,196.0,123.0,40.0,42.0,11.0,8.0,4.0,8.0,,0.0,21.0,7.0,6.0,83.0,65.0,18.3,19.1,32.8,30.7,16.3,16.0,27.7,26.2,18.9,19.7,34.7,31.8,17.8,17.4,32.3,29.0,49.8,51.9,64.3,69.7,49.5,51.3,63.2,67.5,"(CONTRACTS OF 37,500 POUNDS)",A50,FutOnly
raw_cot_data/disaggregated_futures_only/fut_disagg_xls_hist_2006_2016/F_DisAgg06_15.xls,disaggregated_futures_only,fut_disagg_xls_hist_2006_2016,COFFEE C - ICE FUTURES U.S.,110215,2011-02-15,083731,ICUS,1,83,128663,26558,93499,33636,8319,5154,36898,4527,5983,7560,1969,3763,119552,123214,9111,5449,114769,17751,87910,35978,5390,778,36412,5180,5325,7238,2100,2736,106218,109419,8551,5350,13894,8807,5589,1729,7000,305,1144,5,0,1061,608,288,13334,13795,560,99,-17974.0,-3808.0,-6138.0,236.0,644.0,-2331.0,2082.0,-4342.0,-1785.0,-8309.0,-517.0,-2123.0,-16038.0,-16592.0,-1936.0,-1382.0,100,20.6,72.7,26.1,6.5,4.0,28.7,3.5,4.7,5.9,1.5,2.9,92.9,95.8,7.1,4.2,100,15.5,76.6,31.3,4.7,0.7,31.7,4.5,4.6,6.3,1.8,2.4,92.5,95.3,7.5,4.7,100,63.4,40.2,12.4,50.4,2.2,8.2,0.0,0.0,7.6,4.4,2.1,96.0,99.3,4.0,0.7,328,73.0,105.0,22.0,11.0,13.0,104.0,15.0,25.0,39.0,22.0,27.0,263,198,325.0,63.0,104.0,23.0,10.0,11.0,101.0,16.0,23.0,35.0,27.0,22.0,247.0,191.0,123.0,43.0,40.0,11.0,8.0,5.0,8.0,,0.0,19.0,8.0,7.0,84.0,66.0,18.4,19.8,32.5,30.7,15.9,16.4,27.4,25.6,18.3,20.2,33.3,32.1,17.2,17.0,31.1,28.1,55.5,50.4,65.2,69.6,55.4,49.7,63.0,66.5,"(CONTRACTS OF 37,500 POUNDS)",A50,FutOnly
raw_cot_data/disaggregated_futures_only/fut_disagg_xls_hist_2006_2016/F_DisAgg06_15.xls,disaggregated_futures_only,fut_disagg_xls_hist_2006_2016,COFFEE C - ICE FUTURES U.S.,110208,2011-02-08,083731,ICUS,1,83,146637,30366,99637,33400,7675,7485,34816,8869,7768,15869,2486,5886,135590,139806,11047,6831,133374,21806,94121,35664,5164,3517,34418,9614,7023,15558,2610,4949,122935,126998,10439,6376,13263,8560,5516,1359,6134,345,1143,0,0,959,524,289,12655,12808,608,455,4105.0,2203.0,237.0,141.0,730.0,1623.0,561.0,2608.0,-425.0,249.0,-264.0,-1440.0,2912.0,3069.0,1193.0,1036.0,100,20.7,67.9,22.8,5.2,5.1,23.7,6.0,5.3,10.8,1.7,4.0,92.5,95.3,7.5,4.7,100,16.3,70.6,26.7,3.9,2.6,25.8,7.2,5.3,11.7,2.0,3.7,92.2,95.2,7.8,4.8,100,64.5,41.6,10.2,46.2,2.6,8.6,0.0,0.0,7.2,4.0,2.2,95.4,96.6,4.6,3.4,342,84.0,105.0,21.0,11.0,13.0,102.0,14.0,28.0,49.0,27.0,35.0,286,208,338.0,76.0,104.0,22.0,9.0,12.0,98.0,16.0,27.0,48.0,27.0,32.0,270.0,206.0,113.0,38.0,37.0,11.0,7.0,4.0,8.0,0.0,0.0,19.0,7.0,5.0,80.0,57.0,16.6,20.6,29.5,32.9,13.9,13.5,23.9,22.0,16.4,20.6,29.1,33.1,15.0,14.6,25.9,24.0,58.4,52.5,70.1,71.3,58.2,51.9,65.9,67.2,"(CONTRACTS OF 37,500 POUNDS)",A50,FutOnly
raw_cot_data/disaggregated_futures_only/fut_disagg_xls_hist_2006_2016/F_DisAgg06_15.xls,disaggregated_futures_only,fut_disagg_xls_hist_2006_2016,COFFEE C - ICE FUTURES U.S.,110201,2011-02-01,083731,ICUS,1,83,142532,28163,99400,33259,6945,5862,34255,6261,8193,15620,2750,7326,132678,136737,9854,5795,131270,20379,95298,35908,4440,2227,33866,7038,7411,15575,2782,6489,121855,125685,9415,5585,11262,7784,4102,623,5777,363,1171,5,0,685,608,197,10823,11052,439,210,5659.0,-1745.0,3510.0,645.0,-1078.0,842.0,2918.0,2045.0,-328.0,1430.0,230.0,773.0,4535.0,5994.0,1124.0,-335.0,100,19.8,69.7,23.3,4.9,4.1,24.0,4.4,5.7,11.0,1.9,5.1,93.1,95.9,6.9,4.1,100,15.5,72.6,27.4,3.4,1.7,25.8,5.4,5.6,11.9,2.1,4.9,92.8,95.7,7.2,4.3,100,69.1,36.4,5.5,51.3,3.2,10.4,0.0,0.0,6.1,5.4,1.7,96.1,98.1,3.9,1.9,356,81.0,108.0,21.0,11.0,15.0,106.0,16.0,28.0,55.0,25.0,35.0,297,211,353.0,71.0,107.0,23.0,9.0,14.0,103.0,17.0,27.0,55.0,26.0,32.0,282.0,207.0,105.0,35.0,33.0,8.0,7.0,,8.0,,0.0,14.0,13.0,4.0,71.0,55.0,17.4,21.0,29.9,32.2,14.1,14.0,23.8,22.5,16.0,21.5,28.4,33.1,15.0,15.2,25.6,24.6,63.6,60.2,72.4,76.4,63.2,59.8,70.6,72.9,"(CONTRACTS OF 37,500 POUNDS)",A50,FutOnly
raw_cot_data/disaggregated_futures_only/fut_disagg_xls_hist_2006_2016/F_DisAgg06_15.xls,disaggregated_futures_only,fut_disagg_xls_hist_2006_2016,COFFEE C - ICE FUTURES U.S.,110125,2011-01-25,083731,ICUS,1,83,136873,29908,95890,32614,8023,5020,31337,4216,8521,14190,2520,6553,128143,130743,8730,6130,126791,23303,92113,35146,6171,1449,30871,4858,7879,14145,2677,5736,118529,120883,8262,5908,10082,6605,3777,774,5158,265,1108,0,0,610,408,252,9614,9860,468,222,-1537.0,1782.0,-2524.0,-103.0,-105.0,233.0,-2751.0,118.0,976.0,-1043.0,-279.0,883.0,-23.0,-698.0,-1514.0,-839.0,100,21.9,70.1,23.8,5.9,3.7,22.9,3.1,6.2,10.4,1.8,4.8,93.6,95.5,6.4,4.5,100,18.4,72.6,27.7,4.9,1.1,24.3,3.8,6.2,11.2,2.1,4.5,93.5,95.3,6.5,4.7,100,65.5,37.5,7.7,51.2,2.6,11.0,0.0,0.0,6.1,4.0,2.5,95.4,97.8,4.6,2.2,335,87.0,106.0,20.0,10.0,11.0,93.0,13.0,29.0,47.0,26.0,35.0,275,209,333.0,83.0,105.0,21.0,9.0,10.0,90.0,14.0,29.0,48.0,26.0,32.0,268.0,205.0,99.0,32.0,32.0,9.0,5.0,,7.0,0.0,0.0,13.0,10.0,4.0,65.0,51.0,18.6,20.9,31.0,32.3,14.4,13.7,24.0,22.2,16.3,21.7,29.1,32.8,15.3,14.2,25.9,23.7,66.2,66.8,74.1,78.9,64.4,66.8,71.8,77.4,"(CONTRACTS OF 37,500 POUNDS)",A50,FutOnly
raw_cot_data/disaggregated_futures_only/fut_disagg_xls_hist_2006_2016/F_DisAgg06_15.xls,disaggregated_futures_only,fut_disagg_xls_hist_2006_2016,COFFEE C - ICE FUTURES U.S.,110118,2011-01-18,083731,ICUS,1,83,138410,28126,98414,32717,8128,4787,34088,4098,7545,15233,2799,5670,128166,131441,10244,6969,128698,21499,94784,35113,6126,1392,34042,5042,6601,15236,2975,4985,118868,121905,9830,6793,9712,6627,3630,805,5203,194,990,0,0,488,315,194,9298,9536,414,176,-42.0,3742.0,2561.0,-3945.0,167.0,-78.0,-2581.0,-777.0,-338.0,4841.0,210.0,-2400.0,-759.0,-655.0,717.0,613.0,100,20.3,71.1,23.6,5.9,3.5,24.6,3.0,5.5,11.0,2.0,4.1,92.6,95.0,7.4,5.0,100,16.7,73.6,27.3,4.8,1.1,26.5,3.9,5.1,11.8,2.3,3.9,92.4,94.7,7.6,5.3,100,68.2,37.4,8.3,53.6,2.0,10.2,0.0,0.0,5.0,3.2,2.0,95.7,98.2,4.3,1.8,342,81.0,105.0,21.0,9.0,9.0,101.0,11.0,24.0,48.0,27.0,36.0,280,202,342.0,74.0,104.0,22.0,8.0,8.0,101.0,11.0,24.0,51.0,26.0,34.0,272.0,199.0,92.0,30.0,32.0,8.0,5.0,,5.0,0.0,0.0,15.0,8.0,,61.0,48.0,18.8,21.2,31.1,32.2,14.4,13.7,24.1,22.5,16.0,21.7,29.2,32.8,15.1,14.4,25.6,23.8,69.0,69.4,77.4,81.2,67.2,69.4,75.1,80.1,"(CONTRACTS OF 37,500 POUNDS)",A50,FutOnly
raw_cot_data/disaggregated_futures_only/fut_disagg_xls_hist_2006_2016/F_DisAgg06_15.xls,disaggregated_futures_only,fut_disagg_xls_hist_2006_2016,COFFEE C - ICE FUTURES U.S.,110111,2011-01-11,083731,ICUS,1,83,138452,24384,95853,36662,7961,4865,36669,4875,7883,10392,2589,8070,128925,132096,9527,6356,129114,17804,92358,39578,6410,1129,36632,5859,6899,10440,2753,7490,119972,122898,9142,6216,9338,6580,3495,727,5194,93,1021,0,0,388,272,144,8953,9198,385,140,-2288.0,1592.0,-2892.0,-5863.0,731.0,-103.0,1741.0,-70.0,-552.0,539.0,289.0,-87.0,-2733.0,-2684.0,445.0,396.0,100,17.6,69.2,26.5,5.8,3.5,26.5,3.5,5.7,7.5,1.9,5.8,93.1,95.4,6.9,4.6,100,13.8,71.5,30.7,5.0,0.9,28.4,4.5,5.3,8.1,2.1,5.8,92.9,95.2,7.1,4.8,100,70.5,37.4,7.8,55.6,1.0,10.9,0.0,0.0,4.2,2.9,1.5,95.9,98.5,4.1,1.5,344,82.0,105.0,21.0,10.0,9.0,107.0,12.0,24.0,45.0,27.0,33.0,278,203,344.0,76.0,104.0,23.0,8.0,8.0,107.0,12.0,24.0,46.0,27.0,33.0,272.0,201.0,85.0,28.0,32.0,6.0,6.0,,4.0,0.0,0.0,13.0,6.0,,52.0,46.0,18.5,20.2,30.7,30.6,16.1,13.8,25.6,22.8,17.1,20.4,29.0,30.8,17.0,14.9,27.7,24.6,71.5,71.8,79.7,84.2,69.8,71.8,78.0,82.6,"(CONTRACTS OF 37,500 POUNDS)",A50,FutOnly
raw_cot_data/disaggregated_futures_only/fut_disagg_xls_hist_2006_2016/F_DisAgg06_15.xls,disaggregated_futures_only,fut_disagg_xls_hist_2006_2016,COFFEE C - ICE FUTURES U.S.,110104,2011-01-04,083731,ICUS,1,83,140740,22792,98745,42525,7230,4968,34928,4945,8435,9853,2300,8157,131658,134780,9082,5960,132282,16869,95531,45720,6445,1123,34887,5904,7476,9979,2447,7507,123561,126433,8721,5849,8458,5923,3214,557,4537,93,1000,0,0,378,357,146,8097,8347,361,111,1112.0,83.0,-600.0,-34.0,-193.0,81.0,719.0,269.0,-1.0,-863.0,-13.0,512.0,497.0,55.0,615.0,1057.0,100,16.2,70.2,30.2,5.1,3.5,24.8,3.5,6.0,7.0,1.6,5.8,93.5,95.8,6.5,4.2,100,12.8,72.2,34.6,4.9,0.8,26.4,4.5,5.7,7.5,1.8,5.7,93.4,95.6,6.6,4.4,100,70.0,38.0,6.6,53.6,1.1,11.8,0.0,0.0,4.5,4.2,1.7,95.7,98.7,4.3,1.3,342,81.0,106.0,22.0,9.0,7.0,102.0,13.0,24.0,42.0,28.0,34.0,272,203,342.0,74.0,105.0,23.0,8.0,6.0,102.0,13.0,24.0,42.0,29.0,34.0,265.0,201.0,82.0,27.0,33.0,5.0,6.0,,4.0,0.0,0.0,13.0,4.0,,50.0,45.0,19.6,19.8,32.6,31.5,18.6,14.7,28.4,24.2,19.7,20.6,31.7,32.2,19.7,16.6,30.7,26.6,70.6,72.5,79.5,83.7,68.7,72.4,77.6,82.0,"(CONTRACTS OF 37,500 POUNDS)",A50,FutOnly
raw_cot_data/disaggregated_futures_only/fut_disagg_xls_hist_2006_2016/F_DisAgg06_15.xls,disaggregated_futures_only,fut_disagg_xls_hist_2006_2016,COFFEE C - ICE FUTURES U.S.,101228,2010-12-28,083731,ICUS,1,83,139628,22709,99345,42559,7423,4887,34209,4676,8436,10716,2313,7645,131161,134725,8467,4903,131295,16902,96272,45813,6662,1056,34147,5668,7444,10855,2475,6917,123134,126494,8161,4801,8333,5807,3073,508,4523,69,1054,0,0,387,364,202,8027,8231,306,102,1703.0,742.0,1139.0,461.0,43.0,65.0,-145.0,743.0,169.0,228.0,-482.0,415.0,1935.0,2092.0,-232.0,-389.0,100,16.3,71.1,30.5,5.3,3.5,24.5,3.3,6.0,7.7,1.7,5.5,93.9,96.5,6.1,3.5,100,12.9,73.3,34.9,5.1,0.8,26.0,4.3,5.7,8.3,1.9,5.3,93.8,96.3,6.2,3.7,100,69.7,36.9,6.1,54.3,0.8,12.6,0.0,0.0,4.6,4.4,2.4,96.3,98.8,3.7,1.2,345,78.0,111.0,21.0,10.0,6.0,104.0,13.0,25.0,45.0,26.0,31.0,269,207,345.0,72.0,110.0,22.0,9.0,6.0,104.0,13.0,24.0,45.0,27.0,31.0,262.0,206.0,83.0,27.0,33.0,5.0,6.0,,5.0,0.0,0.0,13.0,4.0,,51.0,45.0,20.0,20.0,33.2,31.8,18.8,14.7,28.7,24.3,19.8,20.9,32.0,32.5,19.8,16.5,31.2,26.4,71.5,72.9,80.8,84.9,70.0,72.8,78.8,82.6,"(CONTRACTS OF 37,500 POUNDS)",A50,FutOnly
raw_cot_data/disaggregated_futures_only/fut_disagg_xls_hist_2006_2016/F_DisAgg06_15.xls,disaggregated_futures_only,fut_disagg_xls_hist_2006_2016,COFFEE C - ICE FUTURES U.S.,101221,2010-12-21,083731,ICUS,1,83,137925,21967,98206,42098,7380,4822,34354,3933,8267,10488,2795,7230,129226,132633,8699,5292,129896,16360,95374,45368,6641,992,34292,4822,7378,10542,2921,6577,121509,124705,8387,5191,8029,5607,2832,514,4523,46,951,0,0,407,335,192,7717,7928,312,101,4787.0,1394.0,2350.0,610.0,9.0,113.0,-405.0,701.0,782.0,873.0,-360.0,1422.0,4789.0,5017.0,-2.0,-230.0,100,15.9,71.2,30.5,5.4,3.5,24.9,2.9,6.0,7.6,2.0,5.2,93.7,96.2,6.3,3.8,100,12.6,73.4,34.9,5.1,0.8,26.4,3.7,5.7,8.1,2.2,5.1,93.5,96.0,6.5,4.0,100,69.8,35.3,6.4,56.3,0.6,11.8,0.0,0.0,5.1,4.2,2.4,96.1,98.7,3.9,1.3,337,71.0,106.0,21.0,10.0,7.0,102.0,13.0,25.0,39.0,31.0,33.0,258,205,337.0,65.0,105.0,21.0,9.0,7.0,102.0,13.0,24.0,38.0,33.0,33.0,251.0,204.0,78.0,23.0,32.0,5.0,6.0,,4.0,0.0,0.0,13.0,4.0,,46.0,44.0,20.5,19.8,33.5,31.7,18.9,14.5,28.5,24.2,19.9,20.6,32.0,32.3,19.9,16.1,31.1,26.1,74.0,75.2,81.9,85.6,72.7,75.2,79.8,83.3,"(CONTRACTS OF 37,500 POUNDS)",A50,FutOnly
raw_cot_data/disaggregated_futures_only/fut_disagg_xls_hist_2006_2016/F_DisAgg06_15.xls,disaggregated_futures_only,fut_disagg_xls_hist_2006_2016,COFFEE C - ICE FUTURES U.S.,101214,2010-12-14,083731,ICUS,1,83,133138,20573,95856,41488,7371,4709,34759,3232,7485,9615,3155,5808,124437,127616,8701,5522,125621,15185,93371,44773,6662,879,34612,3856,6861,9578,3227,5338,117226,120194,8395,5427,7517,5388,2485,529,4523,16,771,0,0,313,204,194,7211,7422,306,95,2034.0,31.0,2147.0,578.0,-90.0,86.0,931.0,146.0,-198.0,122.0,-217.0,-176.0,1374.0,1698.0,660.0,336.0,100,15.5,72.0,31.2,5.5,3.5,26.1,2.4,5.6,7.2,2.4,4.4,93.5,95.9,6.5,4.1,100,12.1,74.3,35.6,5.3,0.7,27.6,3.1,5.5,7.6,2.6,4.2,93.3,95.7,6.7,4.3,100,71.7,33.1,7.0,60.2,0.2,10.3,0.0,0.0,4.2,2.7,2.6,95.9,98.7,4.1,1.3,345,69.0,108.0,22.0,10.0,7.0,107.0,13.0,24.0,39.0,30.0,36.0,262,208,345.0,64.0,107.0,22.0,9.0,7.0,106.0,14.0,24.0,39.0,32.0,36.0,257.0,207.0,71.0,19.0,28.0,5.0,6.0,,4.0,0.0,0.0,13.0,4.0,,42.0,40.0,20.7,19.5,33.7,31.4,18.9,14.9,28.8,25.0,20.0,19.8,32.0,31.9,19.9,16.4,31.3,26.8,76.8,78.5,85.1,87.6,75.9,78.5,83.3,85.2,"(CONTRACTS OF 37,500 POUNDS)",A50,FutOnly
raw_cot_data/disaggregated_futures_only/fut_disagg_xls_hist_2006_2016/F_DisAgg06_15.xls,disaggregated_futures_only,fut_disagg_xls_hist_2006_2016,COFFEE C - ICE FUTURES U.S.,101207,2010-12-07,083731,ICUS,1,83,131104,20542,93709,40910,7461,4623,33828,3086,7683,9493,3372,5984,123063,125918,8041,5186,123767,15209,91404,44210,6754,793,33656,3689,7080,9507,3439,5542,115997,118701,7770,5066,7337,5333,2305,514,4521,16,775,0,0,261,208,167,7066,7217,271,120,3508.0,-328.0,3660.0,-579.0,-63.0,-12.0,1129.0,-1016.0,401.0,1462.0,-78.0,324.0,2397.0,3216.0,1111.0,292.0,100,15.7,71.5,31.2,5.7,3.5,25.8,2.4,5.9,7.2,2.6,4.6,93.9,96.0,6.1,4.0,100,12.3,73.9,35.7,5.5,0.6,27.2,3.0,5.7,7.7,2.8,4.5,93.7,95.9,6.3,4.1,100,72.7,31.4,7.0,61.6,0.2,10.6,0.0,0.0,3.6,2.8,2.3,96.3,98.4,3.7,1.6,336,68.0,106.0,22.0,10.0,8.0,99.0,12.0,25.0,36.0,33.0,32.0,251,207,336.0,62.0,105.0,22.0,9.0,8.0,99.0,12.0,25.0,37.0,35.0,32.0,245.0,206.0,70.0,18.0,27.0,5.0,6.0,,4.0,0.0,0.0,12.0,5.0,,40.0,40.0,21.4,19.6,34.5,32.0,19.1,15.2,29.1,25.4,20.2,20.3,32.8,32.6,20.1,16.7,31.6,27.3,78.5,79.3,86.5,88.2,77.6,79.3,85.0,86.0,"(CONTRACTS OF 37,500 POUNDS)",A50,FutOnly
raw_cot_data/disaggregated_futures_only/fut_disagg_xls_hist_2006_2016/F_DisAgg06_15.xls,disaggregated_futures_only,fut_disagg_xls_hist_2006_2016,COFFEE C - ICE FUTURES U.S.,101130,2010-11-30,083731,ICUS,1,83,127596,20870,90049,41489,7524,4635,32699,4102,7282,8031,3450,5660,120666,122702,6930,4894,120345,15545,87818,44774,6817,805,32547,4735,6649,8048,3482,5257,113625,115563,6720,4782,7251,5325,2231,529,4521,16,785,0,0,224,209,162,7041,7139,210,112,-3200.0,-614.0,-2902.0,-514.0,-61.0,19.0,-1117.0,147.0,-133.0,-189.0,199.0,-330.0,-2878.0,-3061.0,-322.0,-139.0,100,16.4,70.6,32.5,5.9,3.6,25.6,3.2,5.7,6.3,2.7,4.4,94.6,96.2,5.4,3.8,100,12.9,73.0,37.2,5.7,0.7,27.0,3.9,5.5,6.7,2.9,4.4,94.4,96.0,5.6,4.0,100,73.4,30.8,7.3,62.4,0.2,10.8,0.0,0.0,3.1,2.9,2.2,97.1,98.5,2.9,1.5,325,62.0,103.0,21.0,11.0,9.0,91.0,18.0,25.0,32.0,32.0,33.0,238,207,325.0,59.0,102.0,21.0,10.0,9.0,90.0,19.0,24.0,33.0,32.0,32.0,233.0,206.0,67.0,16.0,27.0,5.0,6.0,,4.0,0.0,0.0,10.0,5.0,,36.0,40.0,22.3,20.0,36.0,31.7,19.9,15.0,30.0,25.3,21.0,20.6,34.2,31.9,20.9,17.0,32.7,27.5,79.5,79.4,87.8,88.1,78.6,79.3,86.3,85.9,"(CONTRACTS OF 37,500 POUNDS)",A50,FutOnly
raw_cot_data/disaggregated_futures_only/fut_disagg_xls_hist_2006_2016/F_DisAgg06_15.xls,disaggregated_futures_only,fut_disagg_xls_hist_2006_2016,COFFEE C - ICE FUTURES U.S.,101123,2010-11-23,083731,ICUS,1,83,130796,21484,92951,42003,7585,4616,33816,3955,7415,8220,3251,5990,123544,125763,7252,5033,123652,16134,90790,45321,6883,786,33780,4656,6714,8242,3257,5605,116582,118691,7070,4961,7144,5350,2161,501,4521,11,737,0,0,227,243,136,6962,7072,182,72,-2992.0,-2661.0,-1853.0,871.0,1241.0,-835.0,130.0,147.0,-3059.0,1017.0,35.0,20.0,-4517.0,-4304.0,1525.0,1312.0,100,16.4,71.1,32.1,5.8,3.5,25.9,3.0,5.7,6.3,2.5,4.6,94.5,96.2,5.5,3.8,100,13.0,73.4,36.7,5.6,0.6,27.3,3.8,5.4,6.7,2.6,4.5,94.3,96.0,5.7,4.0,100,74.9,30.2,7.0,63.3,0.2,10.3,0.0,0.0,3.2,3.4,1.9,97.5,99.0,2.5,1.0,327,61.0,106.0,22.0,10.0,9.0,95.0,13.0,23.0,36.0,31.0,32.0,240,203,327.0,57.0,105.0,22.0,9.0,9.0,94.0,14.0,22.0,37.0,31.0,31.0,234.0,202.0,65.0,17.0,25.0,5.0,6.0,,,0.0,0.0,10.0,5.0,,36.0,39.0,22.1,19.7,35.5,31.2,19.7,15.0,30.1,25.5,20.8,19.9,33.7,31.6,20.7,16.4,32.5,27.2,80.7,80.3,88.4,89.2,80.0,80.2,87.5,87.4,"(CONTRACTS OF 37,500 POUNDS)",A50,FutOnly
raw_cot_data/disaggregated_futures_only/fut_disagg_xls_hist_2006_2016/F_DisAgg06_15.xls,disaggregated_futures_only,fut_disagg_xls_hist_2006_2016,COFFEE C - ICE FUTURES U.S.,101116,2010-11-16,083731,ICUS,1,83,133788,24145,94804,41132,6344,5451,33686,3808,10474,7203,3216,5970,128061,130067,5727,3721,126721,18903,92683,44443,5653,1621,33681,4540,9742,7175,3217,5612,121177,123068,5544,3653,7067,5242,2121,519,4521,0,737,0,0,215,186,171,6884,6999,183,68,-15025.0,3092.0,-7276.0,-1946.0,-1368.0,-1122.0,-7211.0,-3535.0,2064.0,-5826.0,-1221.0,-2789.0,-13738.0,-15247.0,-1287.0,222.0,100,18.0,70.9,30.7,4.7,4.1,25.2,2.8,7.8,5.4,2.4,4.5,95.7,97.2,4.3,2.8,100,14.9,73.1,35.1,4.5,1.3,26.6,3.6,7.7,5.7,2.5,4.4,95.6,97.1,4.4,2.9,100,74.2,30.0,7.3,64.0,0.0,10.4,0.0,0.0,3.0,2.6,2.4,97.4,99.0,2.6,1.0,317,72.0,103.0,21.0,11.0,12.0,87.0,16.0,25.0,31.0,31.0,33.0,245,204,317.0,69.0,102.0,21.0,10.0,12.0,87.0,17.0,24.0,32.0,31.0,33.0,241.0,203.0,61.0,17.0,24.0,6.0,6.0,0.0,,0.0,0.0,8.0,4.0,,35.0,35.0,20.8,19.9,35.6,31.8,19.1,15.1,29.8,24.9,21.8,20.1,35.8,32.7,20.1,16.9,32.0,28.0,81.7,80.8,90.1,89.6,81.3,80.8,89.0,87.3,"(CONTRACTS OF 37,500 POUNDS)",A50,FutOnly
raw_cot_data/disaggregated_futures_only/fut_disagg_xls_hist_2006_2016/F_DisAgg06_15.xls,disaggregated_futures_only,fut_disagg_xls_hist_2006_2016,COFFEE C - ICE FUTURES U.S.,101109,2010-11-09,083731,ICUS,1,83,148813,21053,102080,43078,7712,6573,40897,7343,8410,13029,4437,8759,141799,145314,7014,3499,145207,19293,99968,42914,7021,6201,40899,8075,7676,13020,4500,8405,138408,141846,6799,3361,3606,1760,2112,536,1063,0,732,2,0,198,126,165,3391,3468,215,138,218.0,-125.0,2166.0,1168.0,367.0,2037.0,-1248.0,-1470.0,-1127.0,1494.0,600.0,406.0,2605.0,2979.0,-2387.0,-2761.0,100,14.1,68.6,28.9,5.2,4.4,27.5,4.9,5.7,8.8,3.0,5.9,95.3,97.6,4.7,2.4,100,13.3,68.8,29.6,4.8,4.3,28.2,5.6,5.3,9.0,3.1,5.8,95.3,97.7,4.7,2.3,100,48.8,58.6,14.9,29.5,0.0,20.3,0.1,0.0,5.5,3.5,4.6,94.0,96.2,6.0,3.8,361,74.0,122.0,22.0,10.0,11.0,97.0,15.0,28.0,42.0,37.0,39.0,272,232,360.0,72.0,121.0,22.0,9.0,11.0,97.0,16.0,28.0,42.0,39.0,39.0,270.0,230.0,60.0,17.0,25.0,5.0,6.0,0.0,,,0.0,8.0,,,33.0,35.0,18.3,17.9,32.2,30.0,18.0,14.1,29.2,24.2,18.5,17.7,32.1,30.0,18.3,13.7,29.8,23.8,63.1,68.0,79.7,80.4,62.3,67.1,77.3,75.8,"(CONTRACTS OF 37,500 POUNDS)",A50,FutOnly
raw_cot_data/disaggregated_futures_only/fut_disagg_xls_hist_2006_2016/F_DisAgg06_15.xls,disaggregated_futures_only,fut_disagg_xls_hist_2006_2016,COFFEE C - ICE FUTURES U.S.,101102,2010-11-02,083731,ICUS,1,83,148595,21178,99914,41910,7345,4536,42145,8813,9537,11535,3837,8353,139194,142335,9401,6260,145178,19507,97947,41824,6654,4150,42145,9535,8810,11517,3900,8004,135957,139000,9221,6178,3417,1671,1967,472,1077,0,727,5,0,194,113,173,3237,3335,180,82,224.0,-935.0,1022.0,440.0,-263.0,1175.0,329.0,-499.0,-848.0,-262.0,-146.0,-35.0,-136.0,406.0,360.0,-182.0,100,14.3,67.2,28.2,4.9,3.1,28.4,5.9,6.4,7.8,2.6,5.6,93.7,95.8,6.3,4.2,100,13.4,67.5,28.8,4.6,2.9,29.0,6.6,6.1,7.9,2.7,5.5,93.6,95.7,6.4,4.3,100,48.9,57.6,13.8,31.5,0.0,21.3,0.1,0.0,5.7,3.3,5.1,94.7,97.6,5.3,2.4,363,75.0,115.0,22.0,11.0,11.0,101.0,18.0,29.0,39.0,36.0,42.0,280,229,362.0,74.0,114.0,22.0,10.0,11.0,101.0,18.0,28.0,39.0,38.0,42.0,278.0,227.0,58.0,16.0,26.0,4.0,6.0,0.0,,,0.0,7.0,,,30.0,37.0,18.4,18.3,32.2,29.4,17.6,13.8,28.5,23.5,18.7,18.0,32.6,29.3,17.9,13.4,29.1,23.1,66.4,67.6,82.3,80.3,65.6,66.9,78.6,75.5,"(CONTRACTS OF 37,500 POUNDS)",A50,FutOnly
raw_cot_data/disaggregated_futures_only/fut_disagg_xls_hist_2006_2016/F_DisAgg06_15.xls,disaggregated_futures_only,fut_disagg_xls_hist_2006_2016,COFFEE C - ICE FUTURES U.S.,101026,2010-10-26,083731,ICUS,1,83,148371,22113,98892,41470,7608,3361,41816,9312,10385,11797,3983,8388,139330,141929,9041,6442,145054,20461,97008,41396,6917,2975,41816,10029,9668,11811,4037,8060,136187,138694,8867,6360,3317,1652,1884,460,1077,0,717,0,0,166,126,148,3143,3235,174,82,8234.0,570.0,5610.0,780.0,221.0,66.0,5376.0,955.0,872.0,-362.0,614.0,843.0,8145.0,9181.0,89.0,-947.0,100,14.9,66.7,28.0,5.1,2.3,28.2,6.3,7.0,8.0,2.7,5.7,93.9,95.7,6.1,4.3,100,14.1,66.9,28.5,4.8,2.1,28.8,6.9,6.7,8.1,2.8,5.6,93.9,95.6,6.1,4.4,100,49.8,56.8,13.9,32.5,0.0,21.6,0.0,0.0,5.0,3.8,4.5,94.8,97.5,5.2,2.5,364,75.0,115.0,24.0,11.0,11.0,103.0,18.0,26.0,41.0,37.0,39.0,275,231,363.0,74.0,114.0,24.0,10.0,11.0,103.0,18.0,25.0,41.0,38.0,39.0,273.0,229.0,55.0,15.0,26.0,4.0,6.0,0.0,,0.0,0.0,6.0,,,28.0,35.0,18.7,18.3,31.9,28.9,17.3,13.9,28.0,23.7,19.0,18.0,32.2,28.8,17.6,13.6,28.6,23.2,68.0,68.6,83.2,81.4,67.1,68.2,80.0,76.8,"(CONTRACTS OF 37,500 POUNDS)",A50,FutOnly
raw_cot_data/disaggregated_futures_only/fut_disagg_xls_hist_2006_2016/F_DisAgg06_15.xls,disaggregated_futures_only,fut_disagg_xls_hist_2006_2016,COFFEE C - ICE FUTURES U.S.,101019,2010-10-19,083731,ICUS,1,83,140137,21543,93282,40690,7387,3295,36440,8357,9513,12159,3369,7545,131185,132748,8952,7389,137069,19964,91609,40632,6728,2909,36440,8941,8929,12136,3410,7281,128291,129807,8778,7262,3068,1579,1673,444,1045,0,584,0,0,143,79,144,2894,2941,174,127,5026.0,325.0,4618.0,664.0,1182.0,516.0,3475.0,-1368.0,612.0,-247.0,-150.0,313.0,5658.0,5723.0,-632.0,-697.0,100,15.4,66.6,29.0,5.3,2.4,26.0,6.0,6.8,8.7,2.4,5.4,93.6,94.7,6.4,5.3,100,14.6,66.8,29.6,4.9,2.1,26.6,6.5,6.5,8.9,2.5,5.3,93.6,94.7,6.4,5.3,100,51.5,54.5,14.5,34.1,0.0,19.0,0.0,0.0,4.7,2.6,4.7,94.3,95.9,5.7,4.1,339,65.0,111.0,23.0,11.0,11.0,94.0,16.0,21.0,37.0,36.0,34.0,251,211,338.0,64.0,110.0,23.0,10.0,10.0,94.0,16.0,20.0,37.0,37.0,34.0,248.0,209.0,48.0,12.0,20.0,4.0,6.0,0.0,,0.0,0.0,5.0,4.0,,24.0,31.0,19.5,18.4,33.4,29.2,18.1,14.0,29.1,23.6,19.9,18.2,33.4,28.9,18.4,13.5,29.7,23.0,70.3,70.0,84.8,83.2,69.9,70.0,81.2,79.8,"(CONTRACTS OF 37,500 POUNDS)",A50,FutOnly
raw_cot_data/disaggregated_futures_only/fut_disagg_xls_hist_2006_2016/F_DisAgg06_15.xls,disaggregated_futures_only,fut_disagg_xls_hist_2006_2016,COFFEE C - ICE FUTURES U.S.,101012,2010-10-12,083731,ICUS,1,83,135111,21218,88664,40026,6205,2779,32965,9725,8901,12406,3519,7232,125527,127025,9584,8086,133150,20573,87044,39970,6496,2393,32965,10157,8469,12323,3543,7035,123728,125137,9422,8013,1961,645,1620,442,95,0,432,0,0,169,62,111,1799,1888,162,73,2570.0,738.0,1188.0,-414.0,-463.0,248.0,276.0,102.0,201.0,612.0,702.0,-100.0,1561.0,1878.0,1009.0,692.0,100,15.7,65.6,29.6,4.6,2.1,24.4,7.2,6.6,9.2,2.6,5.4,92.9,94.0,7.1,6.0,100,15.5,65.4,30.0,4.9,1.8,24.8,7.6,6.4,9.3,2.7,5.3,92.9,94.0,7.1,6.0,100,32.9,82.6,22.5,4.8,0.0,22.0,0.0,0.0,8.6,3.2,5.7,91.7,96.3,8.3,3.7,328,63.0,110.0,23.0,10.0,10.0,83.0,16.0,21.0,40.0,31.0,35.0,238,212,328.0,62.0,109.0,23.0,10.0,10.0,83.0,16.0,20.0,39.0,33.0,35.0,236.0,211.0,43.0,10.0,18.0,4.0,4.0,0.0,,0.0,0.0,6.0,,,22.0,25.0,20.0,17.4,34.5,29.1,18.4,13.8,30.0,23.3,20.2,17.1,34.9,28.9,18.6,13.4,30.4,23.0,57.0,70.9,77.1,83.0,55.1,69.3,71.4,79.7,"(CONTRACTS OF 37,500 POUNDS)",A50,FutOnly
raw_cot_data/disaggregated_futures_only/fut_disagg_xls_hist_2006_2016/F_DisAgg06_15.xls,disaggregated_futures_only,fut_disagg_xls_hist_2006_2016,COFFEE C - ICE FUTURES U.S.,101005,2010-10-05,083731,ICUS,1,83,132541,20480,87476,40440,6668,2531,32689,9623,8700,11794,2817,7332,123966,125147,8575,7394,130644,19865,85885,40403,6959,2145,32689,10019,8304,11734,2863,7144,122284,123319,8360,7325,1897,615,1591,423,95,0,396,0,0,168,62,80,1682,1828,215,69,-8366.0,1564.0,-6012.0,-5.0,-495.0,-129.0,-7590.0,746.0,53.0,506.0,-702.0,-727.0,-6328.0,-7266.0,-2038.0,-1100.0,100,15.5,66.0,30.5,5.0,1.9,24.7,7.3,6.6,8.9,2.1,5.5,93.5,94.4,6.5,5.6,100,15.2,65.7,30.9,5.3,1.6,25.0,7.7,6.4,9.0,2.2,5.5,93.6,94.4,6.4,5.6,100,32.4,83.9,22.3,5.0,0.0,20.9,0.0,0.0,8.9,3.3,4.2,88.7,96.4,11.3,3.6,332,68.0,105.0,22.0,10.0,10.0,80.0,24.0,24.0,37.0,35.0,28.0,238,210,332.0,67.0,104.0,22.0,10.0,9.0,80.0,24.0,23.0,36.0,36.0,28.0,235.0,209.0,42.0,10.0,18.0,4.0,4.0,0.0,,0.0,0.0,4.0,,,21.0,26.0,19.9,18.0,35.6,29.2,18.8,13.9,30.5,23.4,20.1,17.7,36.0,29.0,19.0,13.5,30.9,23.1,58.7,70.2,79.1,82.4,53.1,69.9,73.3,80.5,"(CONTRACTS OF 37,500 POUNDS)",A50,FutOnly
raw_cot_data/disaggregated_futures_only/fut_disagg_xls_hist_2006_2016/F_DisAgg06_15.xls,disaggregated_futures_only,fut_disagg_xls_hist_2006_2016,COFFEE C - ICE FUTURES U.S.,100928,2010-09-28,083731,ICUS,1,83,140907,18916,93488,40445,7163,2660,40279,8877,8647,11288,3519,8059,130294,132413,10613,8494,139273,18385,92160,40432,7454,2274,40279,9214,8310,11235,3523,7916,128831,130851,10442,8422,1634,531,1328,399,95,0,337,0,0,119,62,77,1463,1562,171,72,-699.0,74.0,-599.0,124.0,-275.0,34.0,-1342.0,568.0,159.0,548.0,-264.0,-755.0,-1158.0,-1132.0,459.0,433.0,100,13.4,66.3,28.7,5.1,1.9,28.6,6.3,6.1,8.0,2.5,5.7,92.5,94.0,7.5,6.0,100,13.2,66.2,29.0,5.4,1.6,28.9,6.6,6.0,8.1,2.5,5.7,92.5,94.0,7.5,6.0,100,32.5,81.3,24.4,5.8,0.0,20.6,0.0,0.0,7.3,3.8,4.7,89.5,95.6,10.5,4.4,349,62.0,108.0,21.0,10.0,11.0,92.0,17.0,24.0,41.0,41.0,33.0,250,216,349.0,62.0,108.0,21.0,10.0,10.0,92.0,17.0,23.0,40.0,42.0,33.0,248.0,216.0,39.0,8.0,18.0,4.0,4.0,0.0,,0.0,0.0,4.0,,,18.0,25.0,18.7,17.0,33.5,28.4,18.0,14.4,29.8,24.5,18.9,16.8,33.9,28.3,18.2,14.1,30.1,24.3,58.8,65.5,83.5,79.8,55.6,65.4,76.8,77.5,"(CONTRACTS OF 37,500 POUNDS)",A50,FutOnly
raw_cot_data/disaggregated_futures_only/fut_disagg_xls_hist_2006_2016/F_DisAgg06_15.xls,disaggregated_futures_only,fut_disagg_xls_hist_2006_2016,COFFEE C - ICE FUTURES U.S.,100921,2010-09-21,083731,ICUS,1,83,141606,18842,94087,40321,7438,2626,41621,8309,8488,10740,3783,8814,131452,133545,10154,8061,140040,18278,92821,40321,7739,2240,41621,8478,8319,10687,3876,8584,130050,132057,9990,7983,1566,564,1266,386,85,0,169,0,0,207,61,76,1402,1488,164,78,-4975.0,-323.0,-4092.0,-1067.0,903.0,430.0,-1562.0,879.0,-3423.0,-126.0,-492.0,129.0,-5942.0,-5666.0,967.0,691.0,100,13.3,66.4,28.5,5.3,1.9,29.4,5.9,6.0,7.6,2.7,6.2,92.8,94.3,7.2,5.7,100,13.1,66.3,28.8,5.5,1.6,29.7,6.1,5.9,7.6,2.8,6.1,92.9,94.3,7.1,5.7,100,36.0,80.8,24.6,5.4,0.0,10.8,0.0,0.0,13.2,3.9,4.9,89.5,95.0,10.5,5.0,344,62.0,110.0,21.0,10.0,10.0,90.0,18.0,22.0,42.0,35.0,33.0,246,214,344.0,62.0,110.0,21.0,10.0,9.0,90.0,18.0,21.0,41.0,36.0,33.0,244.0,214.0,37.0,8.0,18.0,4.0,,0.0,,0.0,0.0,,,,17.0,24.0,18.8,17.1,34.4,28.6,17.9,14.5,30.3,24.4,19.0,17.0,34.8,28.6,18.1,14.3,30.7,24.3,60.9,64.8,84.2,79.6,54.0,64.7,77.3,77.3,"(CONTRACTS OF 37,500 POUNDS)",A50,FutOnly
raw_cot_data/disaggregated_futures_only/fut_disagg_xls_hist_2006_2016/F_DisAgg06_15.xls,disaggregated_futures_only,fut_disagg_xls_hist_2006_2016,COFFEE C - ICE FUTURES U.S.,100914,2010-09-14,083731,ICUS,1,83,146581,19165,98179,41388,6535,2196,43183,7430,11911,10866,4275,8685,137394,139211,9187,7370,145118,18605,97010,41393,6838,1806,43183,7506,11835,10828,4403,8425,136075,137823,9043,7295,1463,560,1169,385,87,0,76,0,0,226,60,72,1319,1388,144,75,-1136.0,-1208.0,286.0,-46.0,398.0,502.0,1843.0,368.0,-4014.0,1.0,-111.0,1053.0,-1869.0,-1518.0,733.0,382.0,100,13.1,67.0,28.2,4.5,1.5,29.5,5.1,8.1,7.4,2.9,5.9,93.7,95.0,6.3,5.0,100,12.8,66.8,28.5,4.7,1.2,29.8,5.2,8.2,7.5,3.0,5.8,93.8,95.0,6.2,5.0,100,38.3,79.9,26.3,5.9,0.0,5.2,0.0,0.0,15.4,4.1,4.9,90.2,94.9,9.8,5.1,352,59.0,107.0,21.0,10.0,9.0,92.0,17.0,21.0,50.0,36.0,34.0,254,210,352.0,59.0,107.0,21.0,10.0,7.0,92.0,17.0,20.0,49.0,37.0,34.0,252.0,209.0,36.0,9.0,16.0,,4.0,0.0,,0.0,0.0,4.0,,,18.0,22.0,18.1,18.0,33.2,30.1,17.7,14.8,29.4,24.7,18.2,17.9,33.5,30.1,17.9,14.6,29.7,24.6,67.5,64.7,83.9,80.1,61.2,64.7,76.8,77.9,"(CONTRACTS OF 37,500 POUNDS)",A50,FutOnly
raw_cot_data/disaggregated_futures_only/fut_disagg_xls_hist_2006_2016/F_DisAgg06_15.xls,disaggregated_futures_only,fut_disagg_xls_hist_2006_2016,COFFEE C - ICE FUTURES U.S.,100907,2010-09-07,083731,ICUS,1,83,147717,20373,97893,41434,6137,1694,41340,7062,15925,10865,4386,7632,139263,140729,8454,6988,146748,19894,97180,41439,6096,1654,41340,7116,15871,10825,4471,7416,138439,139804,8309,6944,969,479,713,35,81,0,54,0,0,185,60,71,824,925,145,44,6881.0,310.0,3826.0,133.0,-259.0,114.0,2830.0,-49.0,-596.0,701.0,522.0,2158.0,5650.0,5716.0,1231.0,1165.0,100,13.8,66.3,28.0,4.2,1.1,28.0,4.8,10.8,7.4,3.0,5.2,94.3,95.3,5.7,4.7,100,13.6,66.2,28.2,4.2,1.1,28.2,4.8,10.8,7.4,3.0,5.1,94.3,95.3,5.7,4.7,100,49.4,73.6,3.6,8.4,0.0,5.6,0.0,0.0,19.1,6.2,7.3,85.0,95.5,15.0,4.5,361,56.0,112.0,21.0,11.0,9.0,97.0,17.0,24.0,47.0,37.0,36.0,256,220,361.0,55.0,112.0,21.0,11.0,8.0,97.0,17.0,23.0,46.0,38.0,36.0,254.0,219.0,35.0,9.0,16.0,,4.0,0.0,,0.0,0.0,4.0,,,17.0,22.0,18.3,18.5,33.5,31.1,17.2,15.0,29.3,24.0,18.4,18.3,33.7,31.1,17.3,14.8,29.4,23.8,68.6,55.3,79.9,76.7,60.7,54.2,71.9,73.5,"(CONTRACTS OF 37,500 POUNDS)",A50,FutOnly
raw_cot_data/disaggregated_futures_only/fut_disagg_xls_hist_2006_2016/F_DisAgg06_15.xls,disaggregated_futures_only,fut_disagg_xls_hist_2006_2016,COFFEE C - ICE FUTURES U.S.,100831,2010-08-31,083731,ICUS,1,83,140836,20063,94067,41301,6396,1580,38510,7111,16521,10164,3864,5474,133613,135013,7223,5823,361,359,250,0,2,0,0,0,0,0,8,0,359,260,2,101,140475,19704,93817,41303,6396,1578,38510,7111,16521,10169,3861,5469,133254,134753,7221,5722,-3894.0,-1050.0,-2603.0,-865.0,-218.0,74.0,-1133.0,-157.0,716.0,-1339.0,-452.0,696.0,-2901.0,-1944.0,-993.0,-1950.0,100,14.2,66.8,29.3,4.5,1.1,27.3,5.0,11.7,7.2,2.7,3.9,94.9,95.9,5.1,4.1,100,99.4,69.3,0.0,0.6,0.0,0.0,0.0,0.0,0.0,2.2,0.0,99.4,72.0,0.6,28.0,100,14.0,66.8,29.4,4.6,1.1,27.4,5.1,11.8,7.2,2.7,3.9,94.9,95.9,5.1,4.1,334,52.0,107.0,21.0,10.0,9.0,90.0,19.0,22.0,39.0,33.0,27.0,230,204,17.0,,12.0,0.0,,0.0,0.0,0.0,0.0,0.0,,0.0,,15.0,334.0,52.0,107.0,21.0,10.0,9.0,90.0,19.0,22.0,39.0,33.0,26.0,230.0,203.0,18.9,18.3,34.2,31.6,18.0,15.6,29.9,24.4,99.4,58.7,99.4,67.0,99.4,58.7,99.4,67.0,19.0,18.4,34.3,31.7,18.0,15.6,30.0,24.5,"(CONTRACTS OF 37,500 POUNDS)",A50,FutOnly
raw_cot_data/disaggregated_futures_only/fut_disagg_xls_hist_2006_2016/F_DisAgg06_15.xls,disaggregated_futures_only,fut_disagg_xls_hist_2006_2016,COFFEE C - ICE FUTURES U.S.,100824,2010-08-24,083731,ICUS,1,83,144730,21113,96670,42166,6614,1506,39643,7268,15805,11503,4316,4778,136514,136957,8216,7773,887,872,630,1,0,0,0,0,0,0,42,0,873,672,14,215,143843,20241,96040,42165,6614,1506,39643,7268,15805,11530,4301,4751,135641,136285,8202,7558,-13980.0,-3253.0,-9127.0,-1739.0,-2611.0,696.0,-6387.0,347.0,-2565.0,-100.0,-1891.0,-350.0,-13698.0,-15501.0,-282.0,1521.0,100,14.6,66.8,29.1,4.6,1.0,27.4,5.0,10.9,7.9,3.0,3.3,94.3,94.6,5.7,5.4,100,98.3,71.0,0.1,0.0,0.0,0.0,0.0,0.0,0.0,4.7,0.0,98.4,75.8,1.6,24.2,100,14.1,66.8,29.3,4.6,1.0,27.6,5.1,11.0,8.0,3.0,3.3,94.3,94.7,5.7,5.3,338,60.0,107.0,21.0,10.0,10.0,87.0,18.0,19.0,41.0,35.0,24.0,235,201,34.0,7.0,21.0,,0.0,0.0,0.0,0.0,0.0,0.0,5.0,0.0,8.0,26.0,338.0,59.0,107.0,21.0,10.0,10.0,87.0,18.0,19.0,42.0,35.0,23.0,234.0,200.0,18.4,18.3,33.6,31.1,17.4,15.5,29.5,24.4,97.7,54.3,98.4,64.0,97.7,54.3,98.4,64.0,18.3,18.4,33.6,31.3,17.5,15.6,29.7,24.5,"(CONTRACTS OF 37,500 POUNDS)",A50,FutOnly
raw_cot_data/disaggregated_futures_only/fut_disagg_xls_hist_2006_2016/F_DisAgg06_15.xls,disaggregated_futures_only,fut_disagg_xls_hist_2006_2016,COFFEE C - ICE FUTURES U.S.,100817,2010-08-17,083731,ICUS,1,83,158710,24366,105797,43905,9225,810,46030,6921,18370,11603,6207,5128,150212,152458,8498,6252,18692,8602,11196,967,4072,66,5971,699,1,1032,752,118,16757,16904,1935,1788,140018,15764,94601,42959,5174,723,43332,9495,15096,11044,5928,4537,133455,135554,6563,4464,-4021.0,1168.0,2326.0,-1242.0,-962.0,-615.0,1952.0,-1932.0,319.0,912.0,2907.0,-4820.0,-2326.0,-2777.0,-1695.0,-1244.0,100,15.4,66.7,27.7,5.8,0.5,29.0,4.4,11.6,7.3,3.9,3.2,94.6,96.1,5.4,3.9,100,46.0,59.9,5.2,21.8,0.4,31.9,3.7,0.0,5.5,4.0,0.6,89.6,90.4,10.4,9.6,100,11.3,67.6,30.7,3.7,0.5,30.9,6.8,10.8,7.9,4.2,3.2,95.3,96.8,4.7,3.2,352,70.0,114.0,22.0,10.0,12.0,93.0,17.0,25.0,37.0,39.0,36.0,263,223,161.0,32.0,72.0,8.0,4.0,,23.0,,,9.0,19.0,,77.0,100.0,338.0,53.0,112.0,22.0,10.0,9.0,87.0,18.0,21.0,35.0,36.0,30.0,230.0,211.0,18.5,20.1,34.4,34.1,16.4,16.0,27.8,25.0,52.6,42.4,62.8,54.8,51.3,42.2,61.5,54.5,18.5,21.6,34.6,36.1,17.9,18.9,30.8,28.3,"(CONTRACTS OF 37,500 POUNDS)",A50,FutOnly
raw_cot_data/disaggregated_futures_only/fut_disagg_xls_hist_2006_2016/F_DisAgg06_15.xls,disaggregated_futures_only,fut_disagg_xls_hist_2006_2016,COFFEE C - ICE FUTURES U.S.,100810,2010-08-10,083731,ICUS,1,83,162731,23198,103471,45147,10187,1425,44078,8853,18051,10691,3300,9948,152538,155235,10193,7496,52533,5932,34928,11473,5627,106,25370,4479,251,4785,4032,146,48063,49569,4470,2964,110198,17266,68543,33953,4839,1040,23023,8689,13485,11805,5167,3903,104475,105666,5723,4532,-3451.0,451.0,-2585.0,-455.0,165.0,-897.0,19.0,13.0,-559.0,-1376.0,373.0,-562.0,-3379.0,-4052.0,-72.0,601.0,100,14.3,63.6,27.7,6.3,0.9,27.1,5.4,11.1,6.6,2.0,6.1,93.7,95.4,6.3,4.6,100,11.3,66.5,21.8,10.7,0.2,48.3,8.5,0.5,9.1,7.7,0.3,91.5,94.4,8.5,5.6,100,15.7,62.2,30.8,4.4,0.9,20.9,7.9,12.2,10.7,4.7,3.5,94.8,95.9,5.2,4.1,366,72.0,118.0,21.0,10.0,13.0,95.0,21.0,30.0,40.0,41.0,48.0,284,237,300.0,40.0,83.0,18.0,8.0,4.0,70.0,19.0,4.0,39.0,35.0,5.0,172.0,153.0,296.0,49.0,108.0,19.0,10.0,7.0,55.0,18.0,17.0,36.0,35.0,26.0,190.0,195.0,16.3,16.6,30.5,30.3,15.9,15.4,26.0,24.1,25.5,29.0,36.8,44.4,25.4,29.0,36.7,44.4,20.5,22.2,37.4,33.9,18.0,18.3,32.7,27.3,"(CONTRACTS OF 37,500 POUNDS)",A50,FutOnly
raw_cot_data/disaggregated_futures_only/fut_disagg_xls_hist_2006_2016/F_DisAgg06_15.xls,disaggregated_futures_only,fut_disagg_xls_hist_2006_2016,COFFEE C - ICE FUTURES U.S.,100803,2010-08-03,083731,ICUS,1,83,166182,22747,106056,45602,10022,2322,44059,8840,18610,12067,2927,10510,155917,159287,10265,6895,78433,5799,49743,22030,5798,62,37848,11944,491,5921,5761,210,72361,74009,6072,4424,87749,16948,56313,24641,5293,1191,17812,8497,6518,12862,3882,3584,83556,85278,4193,2471,-194.0,-518.0,1722.0,532.0,-78.0,-279.0,1173.0,-1021.0,-1852.0,-91.0,878.0,1099.0,64.0,469.0,-258.0,-663.0,100,13.7,63.8,27.4,6.0,1.4,26.5,5.3,11.2,7.3,1.8,6.3,93.8,95.9,6.2,4.1,100,7.4,63.4,28.1,7.4,0.1,48.3,15.2,0.6,7.5,7.3,0.3,92.3,94.4,7.7,5.6,100,19.3,64.2,28.1,6.0,1.4,20.3,9.7,7.4,14.7,4.4,4.1,95.2,97.2,4.8,2.8,366,73.0,116.0,22.0,10.0,11.0,91.0,22.0,29.0,49.0,35.0,51.0,287,235,332.0,37.0,87.0,19.0,8.0,,81.0,25.0,6.0,44.0,44.0,6.0,187.0,173.0,276.0,54.0,102.0,16.0,11.0,7.0,45.0,11.0,9.0,43.0,33.0,27.0,182.0,177.0,16.7,16.8,30.4,30.4,15.8,16.0,25.4,24.7,21.9,24.5,34.8,39.3,21.9,24.4,34.8,39.2,27.0,22.3,42.3,34.3,23.3,20.0,38.1,30.3,"(CONTRACTS OF 37,500 POUNDS)",A50,FutOnly
raw_cot_data/disaggregated_futures_only/fut_disagg_xls_hist_2006_2016/F_DisAgg06_15.xls,disaggregated_futures_only,fut_disagg_xls_hist_2006_2016,COFFEE C - ICE FUTURES U.S.,100727,2010-07-27,083731,ICUS,1,83,166376,23265,104334,45070,10100,2601,42886,9861,20462,12158,2049,9411,155853,158818,10523,7558,85628,6165,53946,24423,6560,30,41594,14083,867,6177,5064,106,79362,80656,6266,4972,80748,17100,50388,21967,4860,1251,16741,11227,4146,12100,3104,3186,76491,78162,4257,2586,-4503.0,-2355.0,-542.0,182.0,-68.0,-67.0,-1288.0,-1791.0,-656.0,610.0,-310.0,-569.0,-4143.0,-4003.0,-360.0,-500.0,100,14.0,62.7,27.1,6.1,1.6,25.8,5.9,12.3,7.3,1.2,5.7,93.7,95.5,6.3,4.5,100,7.2,63.0,28.5,7.7,0.0,48.6,16.4,1.0,7.2,5.9,0.1,92.7,94.2,7.3,5.8,100,21.2,62.4,27.2,6.0,1.5,20.7,13.9,5.1,15.0,3.8,3.9,94.7,96.8,5.3,3.2,355,69.0,117.0,22.0,10.0,9.0,86.0,17.0,32.0,51.0,30.0,43.0,270,229,333.0,28.0,98.0,19.0,10.0,,85.0,22.0,8.0,41.0,38.0,5.0,178.0,179.0,256.0,53.0,101.0,15.0,9.0,6.0,36.0,12.0,9.0,37.0,30.0,26.0,163.0,172.0,17.0,16.9,30.9,29.8,15.6,15.4,25.0,23.8,22.9,22.7,35.5,37.8,22.8,22.7,35.5,37.5,30.9,22.0,46.7,34.8,26.8,19.6,42.4,31.4,"(CONTRACTS OF 37,500 POUNDS)",A50,FutOnly
raw_cot_data/disaggregated_futures_only/fut_disagg_xls_hist_2006_2016/F_DisAgg06_15.xls,disaggregated_futures_only,fut_disagg_xls_hist_2006_2016,COFFEE C - ICE FUTURES U.S.,100720,2010-07-20,083731,ICUS,1,83,170879,25620,104876,44888,10168,2668,44174,11652,21118,11548,2359,9980,159996,162821,10883,8058,92397,7991,56876,26428,6805,88,43401,15727,1524,5834,5663,282,85548,86965,6849,5432,78482,17629,48000,19790,4693,1250,17762,12914,2605,12254,3236,3158,74448,75856,4034,2626,-993.0,-1135.0,-1176.0,522.0,278.0,-410.0,1175.0,309.0,-498.0,-344.0,25.0,-278.0,-968.0,-1750.0,-25.0,757.0,100,15.0,61.4,26.3,6.0,1.6,25.9,6.8,12.4,6.8,1.4,5.8,93.6,95.3,6.4,4.7,100,8.6,61.6,28.6,7.4,0.1,47.0,17.0,1.6,6.3,6.1,0.3,92.6,94.1,7.4,5.9,100,22.5,61.2,25.2,6.0,1.6,22.6,16.5,3.3,15.6,4.1,4.0,94.9,96.7,5.1,3.3,367,69.0,117.0,21.0,11.0,11.0,92.0,22.0,33.0,48.0,34.0,43.0,278,235,347.0,32.0,95.0,18.0,11.0,,89.0,28.0,10.0,44.0,39.0,4.0,191.0,182.0,257.0,49.0,102.0,15.0,9.0,7.0,36.0,12.0,8.0,40.0,29.0,24.0,160.0,172.0,17.2,17.3,31.8,30.3,15.2,15.1,24.0,23.2,23.6,22.0,37.0,37.4,23.5,22.0,36.9,37.0,32.8,24.7,48.2,38.1,29.9,22.3,45.1,34.8,"(CONTRACTS OF 37,500 POUNDS)",A50,FutOnly
raw_cot_data/disaggregated_futures_only/fut_disagg_xls_hist_2006_2016/F_DisAgg06_15.xls,disaggregated_futures_only,fut_disagg_xls_hist_2006_2016,COFFEE C - ICE FUTURES U.S.,100713,2010-07-13,083731,ICUS,1,83,171872,26755,106052,44366,9890,3078,42999,11343,21616,11892,2334,10258,160964,164571,10908,7301,93090,9193,57665,26086,6880,43,42818,15943,1358,6368,5924,181,86047,87994,7043,5096,78782,17562,48387,19871,4601,1444,17748,12967,2691,12411,3297,3190,74917,76577,3865,2205,6085.0,312.0,3083.0,560.0,1115.0,-220.0,-112.0,-809.0,2622.0,1992.0,-33.0,-334.0,4820.0,5424.0,1265.0,661.0,100,15.6,61.7,25.8,5.8,1.8,25.0,6.6,12.6,6.9,1.4,6.0,93.7,95.8,6.3,4.2,100,9.9,61.9,28.0,7.4,0.0,46.0,17.1,1.5,6.8,6.4,0.2,92.4,94.5,7.6,5.5,100,22.3,61.4,25.2,5.8,1.8,22.5,16.5,3.4,15.8,4.2,4.0,95.1,97.2,4.9,2.8,365,69.0,118.0,22.0,10.0,11.0,91.0,20.0,28.0,48.0,37.0,44.0,274,233,345.0,31.0,97.0,19.0,10.0,,89.0,23.0,10.0,43.0,43.0,6.0,192.0,181.0,253.0,52.0,103.0,15.0,9.0,8.0,32.0,12.0,11.0,40.0,28.0,23.0,162.0,174.0,18.0,18.2,32.8,31.3,14.9,14.7,23.7,22.5,24.3,23.8,37.6,39.1,24.2,23.5,37.4,38.6,34.7,26.2,50.2,38.6,31.6,24.1,46.9,35.0,"(CONTRACTS OF 37,500 POUNDS)",A50,FutOnly
raw_cot_data/disaggregated_futures_only/fut_disagg_xls_hist_2006_2016/F_DisAgg06_15.xls,disaggregated_futures_only,fut_disagg_xls_hist_2006_2016,COFFEE C - ICE FUTURES U.S.,100706,2010-07-06,083731,ICUS,1,83,165787,26443,102969,43806,8775,3298,43111,12152,18994,9900,2367,10592,156144,159147,9643,6640,91422,9110,56817,26015,6944,116,41397,14922,1490,7103,6311,144,85375,86744,6047,4678,74365,17333,46152,19580,3620,1393,16583,12099,2635,10054,3313,3191,70769,72403,3596,1962,377.0,1630.0,3184.0,116.0,-507.0,229.0,221.0,-1418.0,-1897.0,-250.0,100.0,1037.0,1086.0,728.0,-709.0,-351.0,100,15.9,62.1,26.4,5.3,2.0,26.0,7.3,11.5,6.0,1.4,6.4,94.2,96.0,5.8,4.0,100,10.0,62.1,28.5,7.6,0.1,45.3,16.3,1.6,7.8,6.9,0.2,93.4,94.9,6.6,5.1,100,23.3,62.1,26.3,4.9,1.9,22.3,16.3,3.5,13.5,4.5,4.3,95.2,97.4,4.8,2.6,362,68.0,118.0,22.0,10.0,13.0,91.0,21.0,30.0,50.0,31.0,41.0,273,231,342.0,37.0,97.0,18.0,11.0,,89.0,22.0,13.0,46.0,35.0,5.0,201.0,175.0,247.0,50.0,104.0,15.0,9.0,8.0,29.0,14.0,10.0,35.0,28.0,21.0,152.0,174.0,18.7,19.1,33.0,32.7,15.0,15.0,24.5,22.5,24.9,24.1,38.5,40.0,24.7,23.7,38.3,39.4,35.2,27.0,51.8,40.2,31.9,24.8,48.1,35.5,"(CONTRACTS OF 37,500 POUNDS)",A50,FutOnly
raw_cot_data/disaggregated_futures_only/fut_disagg_xls_hist_2006_2016/F_DisAgg06_15.xls,disaggregated_futures_only,fut_disagg_xls_hist_2006_2016,COFFEE C - ICE FUTURES U.S.,100629,2010-06-29,083731,ICUS,1,83,165410,24813,99785,43690,9282,3069,42890,13570,20891,10150,2267,9555,155058,158419,10352,6991,93903,7157,58809,25697,7163,89,44430,16121,1662,7864,4773,14,86913,88631,6990,5272,71507,17656,40976,19704,3830,1269,14957,13946,2732,8649,3857,3178,68145,69788,3362,1719,3824.0,2285.0,3653.0,-968.0,-213.0,730.0,1433.0,144.0,-348.0,16.0,-479.0,1850.0,4998.0,5337.0,-1174.0,-1513.0,100,15.0,60.3,26.4,5.6,1.9,25.9,8.2,12.6,6.1,1.4,5.8,93.7,95.8,6.3,4.2,100,7.6,62.6,27.4,7.6,0.1,47.3,17.2,1.8,8.4,5.1,0.0,92.6,94.4,7.4,5.6,100,24.7,57.3,27.6,5.4,1.8,20.9,19.5,3.8,12.1,5.4,4.4,95.3,97.6,4.7,2.4,369,66.0,114.0,21.0,12.0,13.0,95.0,28.0,30.0,49.0,32.0,43.0,276,234,350.0,36.0,99.0,17.0,13.0,,95.0,25.0,13.0,46.0,35.0,4.0,205.0,181.0,239.0,46.0,98.0,15.0,9.0,8.0,26.0,16.0,9.0,35.0,26.0,20.0,143.0,167.0,18.0,18.7,31.5,31.1,15.3,15.4,24.9,22.8,22.0,25.5,34.8,39.9,22.0,24.9,34.6,39.2,35.9,24.4,53.2,38.2,34.3,22.2,49.5,33.0,"(CONTRACTS OF 37,500 POUNDS)",A50,FutOnly
raw_cot_data/disaggregated_futures_only/fut_disagg_xls_hist_2006_2016/F_DisAgg06_15.xls,disaggregated_futures_only,fut_disagg_xls_hist_2006_2016,COFFEE C - ICE FUTURES U.S.,100622,2010-06-22,083731,ICUS,1,83,161586,22528,96132,44658,9495,2339,41457,13426,21239,10134,2746,7705,150060,153082,11526,8504,93921,7979,57122,25890,8041,184,43932,17377,1343,7145,3912,16,86489,87995,7432,5926,67665,14549,39010,20186,2872,737,14586,13110,2835,8064,3909,2614,63571,65087,4094,2578,10369.0,3353.0,12091.0,189.0,1100.0,804.0,8205.0,-2014.0,-247.0,-2677.0,-163.0,1299.0,10926.0,12870.0,-557.0,-2501.0,100,13.9,59.5,27.6,5.9,1.4,25.7,8.3,13.1,6.3,1.7,4.8,92.9,94.7,7.1,5.3,100,8.5,60.8,27.6,8.6,0.2,46.8,18.5,1.4,7.6,4.2,0.0,92.1,93.7,7.9,6.3,100,21.5,57.7,29.8,4.2,1.1,21.6,19.4,4.2,11.9,5.8,3.9,93.9,96.2,6.1,3.8,367,65.0,114.0,20.0,11.0,9.0,96.0,26.0,32.0,49.0,35.0,40.0,273,230,351.0,37.0,100.0,18.0,11.0,,93.0,27.0,14.0,46.0,39.0,,203.0,186.0,233.0,46.0,93.0,16.0,8.0,7.0,29.0,14.0,10.0,36.0,24.0,19.0,148.0,157.0,18.2,18.1,31.8,30.3,15.8,15.5,24.6,23.7,22.0,24.2,35.9,37.8,21.8,23.9,35.6,37.5,35.6,26.1,53.5,39.9,34.8,23.8,49.9,34.7,"(CONTRACTS OF 37,500 POUNDS)",A50,FutOnly
raw_cot_data/disaggregated_futures_only/fut_disagg_xls_hist_2006_2016/F_DisAgg06_15.xls,disaggregated_futures_only,fut_disagg_xls_hist_2006_2016,COFFEE C - ICE FUTURES U.S.,100615,2010-06-15,083731,ICUS,1,83,151217,19175,84041,44469,8395,1535,33252,15440,21486,12811,2909,6406,139134,140212,12083,11005,92736,11009,52123,27700,7322,365,36160,21056,1050,8254,2601,257,84795,84774,7941,7962,58481,8166,31918,17327,1631,612,14897,12189,2631,8008,3759,2698,54339,55438,4142,3043,11262.0,-343.0,15414.0,1649.0,1586.0,-3994.0,6768.0,-6121.0,4799.0,1073.0,-1536.0,-978.0,8974.0,9170.0,2288.0,2092.0,100,12.7,55.6,29.4,5.6,1.0,22.0,10.2,14.2,8.5,1.9,4.2,92.0,92.7,8.0,7.3,100,11.9,56.2,29.9,7.9,0.4,39.0,22.7,1.1,8.9,2.8,0.3,91.4,91.4,8.6,8.6,100,14.0,54.6,29.6,2.8,1.0,25.5,20.8,4.5,13.7,6.4,4.6,92.9,94.8,7.1,5.2,355,79.0,111.0,20.0,13.0,14.0,78.0,30.0,28.0,46.0,39.0,40.0,268,236,341.0,55.0,102.0,19.0,12.0,8.0,76.0,29.0,15.0,50.0,37.0,7.0,211.0,199.0,218.0,50.0,83.0,17.0,8.0,8.0,25.0,12.0,10.0,32.0,25.0,18.0,144.0,144.0,18.1,18.6,31.6,30.0,17.1,16.6,25.6,24.9,22.3,22.4,37.1,35.0,22.0,22.2,36.2,34.5,30.9,27.8,47.0,43.3,29.7,25.3,43.7,37.2,"(CONTRACTS OF 37,500 POUNDS)",A50,FutOnly
raw_cot_data/disaggregated_futures_only/fut_disagg_xls_hist_2006_2016/F_DisAgg06_15.xls,disaggregated_futures_only,fut_disagg_xls_hist_2006_2016,COFFEE C - ICE FUTURES U.S.,100608,2010-06-08,083731,ICUS,1,83,139955,19518,68627,42820,6809,5529,26484,21561,16687,11738,4445,7384,130160,131042,9795,8913,95645,11489,47379,31450,6906,2229,29039,25823,812,12143,4132,1471,88633,88752,7012,6893,44310,8029,21248,14072,2605,598,10614,8907,2706,3564,4282,1944,41527,42290,2783,2020,2412.0,-1109.0,-2714.0,-395.0,349.0,-403.0,-1309.0,759.0,2853.0,2015.0,2587.0,-1225.0,427.0,2206.0,1985.0,206.0,100,13.9,49.0,30.6,4.9,4.0,18.9,15.4,11.9,8.4,3.2,5.3,93.0,93.6,7.0,6.4,100,12.0,49.5,32.9,7.2,2.3,30.4,27.0,0.8,12.7,4.3,1.5,92.7,92.8,7.3,7.2,100,18.1,48.0,31.8,5.9,1.3,24.0,20.1,6.1,8.0,9.7,4.4,93.7,95.4,6.3,4.6,334,84.0,103.0,23.0,9.0,15.0,44.0,50.0,30.0,52.0,28.0,38.0,239,247,323.0,66.0,88.0,22.0,8.0,8.0,41.0,52.0,21.0,56.0,26.0,17.0,203.0,204.0,204.0,47.0,78.0,17.0,7.0,7.0,20.0,12.0,5.0,28.0,26.0,13.0,127.0,134.0,19.2,15.8,32.8,26.9,18.4,15.1,28.8,24.0,22.4,18.1,36.6,32.3,22.1,18.0,36.4,30.8,28.6,25.1,45.0,42.0,24.4,23.2,37.9,33.5,"(CONTRACTS OF 37,500 POUNDS)",A50,FutOnly
raw_cot_data/disaggregated_futures_only/fut_disagg_xls_hist_2006_2016/F_DisAgg06_15.xls,disaggregated_futures_only,fut_disagg_xls_hist_2006_2016,COFFEE C - ICE FUTURES U.S.,100601,2010-06-01,083731,ICUS,1,83,137543,20627,71341,43215,6460,5932,27793,20802,13834,9723,1858,8609,129733,128836,7810,8707,100976,12774,52291,34446,6429,2884,29645,25527,2705,10532,1588,2605,95591,94029,5385,6947,36567,7853,19050,11287,2549,530,8513,5640,764,2816,3895,2379,34142,34807,2425,1760,-1430.0,-3150.0,2263.0,-446.0,299.0,-837.0,1151.0,-3859.0,21.0,497.0,-268.0,1225.0,-1539.0,-1156.0,109.0,-274.0,100,15.0,51.9,31.4,4.7,4.3,20.2,15.1,10.1,7.1,1.4,6.3,94.3,93.7,5.7,6.3,100,12.7,51.8,34.1,6.4,2.9,29.4,25.3,2.7,10.4,1.6,2.6,94.7,93.1,5.3,6.9,100,21.5,52.1,30.9,7.0,1.4,23.3,15.4,2.1,7.7,10.7,6.5,93.4,95.2,6.6,4.8,343,83.0,98.0,23.0,10.0,11.0,57.0,46.0,28.0,51.0,27.0,43.0,252,238,335.0,70.0,86.0,22.0,9.0,5.0,56.0,48.0,21.0,60.0,24.0,21.0,224.0,200.0,194.0,43.0,73.0,15.0,8.0,6.0,13.0,13.0,,25.0,30.0,14.0,110.0,133.0,18.9,15.9,31.6,27.4,18.8,15.6,28.5,25.4,22.5,18.2,35.5,31.6,21.5,18.1,33.2,30.2,28.0,27.7,45.0,40.5,25.4,22.9,39.6,34.0,"(CONTRACTS OF 37,500 POUNDS)",A50,FutOnly
raw_cot_data/disaggregated_futures_only/fut_disagg_xls_hist_2006_2016/F_DisAgg06_15.xls,disaggregated_futures_only,fut_disagg_xls_hist_2006_2016,COFFEE C - ICE FUTURES U.S.,100525,2010-05-25,083731,ICUS,1,83,138973,23777,69078,43661,6161,6769,26642,24661,13813,9226,2126,7384,131272,129992,7701,8981,103540,14614,52053,37119,6114,2385,28154,29288,3211,11320,1803,1297,98100,96151,5440,7389,35433,9163,17025,10382,3887,544,8292,5177,798,2038,4455,1955,33172,33841,2261,1592,5298.0,3315.0,-1676.0,266.0,557.0,536.0,610.0,4529.0,-569.0,224.0,10.0,698.0,5080.0,4085.0,218.0,1213.0,100,17.1,49.7,31.4,4.4,4.9,19.2,17.7,9.9,6.6,1.5,5.3,94.5,93.5,5.5,6.5,100,14.1,50.3,35.8,5.9,2.3,27.2,28.3,3.1,10.9,1.7,1.3,94.7,92.9,5.3,7.1,100,25.9,48.0,29.3,11.0,1.5,23.4,14.6,2.3,5.8,12.6,5.5,93.6,95.5,6.4,4.5,336,85.0,89.0,25.0,9.0,15.0,49.0,58.0,27.0,46.0,25.0,37.0,247,232,327.0,76.0,82.0,24.0,8.0,8.0,48.0,59.0,19.0,52.0,25.0,15.0,221.0,198.0,179.0,41.0,65.0,15.0,7.0,7.0,16.0,12.0,4.0,24.0,24.0,12.0,109.0,118.0,19.1,16.1,32.7,27.9,19.0,15.9,28.7,25.3,22.4,19.2,35.9,32.5,21.5,18.6,34.1,30.4,30.7,33.5,48.2,45.7,26.9,28.0,41.9,39.1,"(CONTRACTS OF 37,500 POUNDS)",A50,FutOnly
raw_cot_data/disaggregated_futures_only/fut_disagg_xls_hist_2006_2016/F_DisAgg06_15.xls,disaggregated_futures_only,fut_disagg_xls_hist_2006_2016,COFFEE C - ICE FUTURES U.S.,100518,2010-05-18,083731,ICUS,1,83,133675,20462,70754,43395,5604,6233,26032,20132,14382,9002,2116,6686,126192,125907,7483,7768,99956,11346,54225,36963,5704,2031,28501,24914,3936,10880,1308,766,94423,92884,5533,7072,33719,9116,16529,10136,3604,498,7301,4988,676,1952,4638,2090,31769,33023,1950,696,-2968.0,-223.0,159.0,-778.0,-156.0,796.0,-448.0,-617.0,1004.0,1404.0,209.0,-1541.0,214.0,-146.0,-3182.0,-2822.0,100,15.3,52.9,32.5,4.2,4.7,19.5,15.1,10.8,6.7,1.6,5.0,94.4,94.2,5.6,5.8,100,11.4,54.2,37.0,5.7,2.0,28.5,24.9,3.9,10.9,1.3,0.8,94.5,92.9,5.5,7.1,100,27.0,49.0,30.1,10.7,1.5,21.7,14.8,2.0,5.8,13.8,6.2,94.2,97.9,5.8,2.1,312,80.0,88.0,22.0,10.0,11.0,52.0,44.0,27.0,43.0,21.0,36.0,231,216,305.0,71.0,83.0,22.0,8.0,5.0,51.0,47.0,19.0,50.0,20.0,15.0,209.0,184.0,168.0,40.0,62.0,14.0,6.0,6.0,13.0,9.0,4.0,22.0,23.0,15.0,101.0,113.0,20.0,16.8,34.3,28.8,19.9,16.2,29.8,25.4,23.2,19.1,38.3,33.2,22.8,18.4,36.7,31.0,34.9,35.7,53.4,49.2,31.7,29.4,47.1,41.5,"(CONTRACTS OF 37,500 POUNDS)",A50,FutOnly
raw_cot_data/disaggregated_futures_only/fut_disagg_xls_hist_2006_2016/F_DisAgg06_15.xls,disaggregated_futures_only,fut_disagg_xls_hist_2006_2016,COFFEE C - ICE FUTURES U.S.,100511,2010-05-11,083731,ICUS,1,83,136643,20685,70595,44173,5760,5437,26480,20749,13378,7598,1907,8227,125978,126053,10665,10590,102609,10682,54851,39290,5119,1661,28569,24720,4328,8559,1530,790,93879,92999,8730,9610,34034,10003,15744,8213,3971,446,6427,4545,534,1746,3084,4730,32099,33054,1935,980,1681.0,1146.0,789.0,-196.0,295.0,-65.0,-1298.0,-549.0,178.0,451.0,-628.0,201.0,417.0,221.0,1264.0,1460.0,100,15.1,51.7,32.3,4.2,4.0,19.4,15.2,9.8,5.6,1.4,6.0,92.2,92.2,7.8,7.8,100,10.4,53.5,38.3,5.0,1.6,27.8,24.1,4.2,8.3,1.5,0.8,91.5,90.6,8.5,9.4,100,29.4,46.3,24.1,11.7,1.3,18.9,13.4,1.6,5.1,9.1,13.9,94.3,97.1,5.7,2.9,312,76.0,92.0,23.0,9.0,12.0,50.0,42.0,22.0,46.0,25.0,33.0,224,216,307.0,71.0,87.0,24.0,6.0,5.0,49.0,44.0,16.0,51.0,25.0,16.0,208.0,187.0,162.0,36.0,62.0,14.0,6.0,6.0,12.0,8.0,,19.0,25.0,10.0,88.0,112.0,19.6,17.4,34.2,29.6,19.5,16.1,29.6,25.4,22.9,19.0,38.6,33.7,22.9,18.7,37.3,31.8,43.8,39.8,61.5,52.8,33.8,26.3,47.6,37.9,"(CONTRACTS OF 37,500 POUNDS)",A50,FutOnly
raw_cot_data/disaggregated_futures_only/fut_disagg_xls_hist_2006_2016/F_DisAgg06_15.xls,disaggregated_futures_only,fut_disagg_xls_hist_2006_2016,COFFEE C - ICE FUTURES U.S.,100504,2010-05-04,083731,ICUS,1,83,134962,19539,69806,44369,5465,5502,27778,21298,13200,7147,2535,8026,125561,125832,9401,9130,102550,10200,54948,40957,4976,1438,29836,25324,4204,7297,2550,856,94788,94296,7762,8254,32412,9339,14858,7102,4179,374,6404,4436,534,1695,1830,5325,30773,31536,1639,876,-3453.0,-4874.0,1467.0,-357.0,28.0,94.0,1940.0,-6748.0,-10.0,-797.0,89.0,-593.0,-4597.0,-5673.0,1144.0,2220.0,100,14.5,51.7,32.9,4.0,4.1,20.6,15.8,9.8,5.3,1.9,5.9,93.0,93.2,7.0,6.8,100,9.9,53.6,39.9,4.9,1.4,29.1,24.7,4.1,7.1,2.5,0.8,92.4,92.0,7.6,8.0,100,28.8,45.8,21.9,12.9,1.2,19.8,13.7,1.6,5.2,5.6,16.4,94.9,97.3,5.1,2.7,315,72.0,91.0,23.0,8.0,11.0,59.0,39.0,25.0,48.0,26.0,34.0,228,216,309.0,66.0,86.0,23.0,6.0,4.0,57.0,41.0,20.0,52.0,26.0,18.0,210.0,190.0,155.0,36.0,58.0,11.0,7.0,5.0,12.0,8.0,,20.0,22.0,9.0,86.0,104.0,19.7,17.7,34.4,30.3,19.7,16.4,30.0,26.1,23.4,19.7,38.6,34.5,23.4,19.4,37.5,32.3,47.0,41.0,65.2,54.5,34.6,28.3,48.7,38.3,"(CONTRACTS OF 37,500 POUNDS)",A50,FutOnly
raw_cot_data/disaggregated_futures_only/fut_disagg_xls_hist_2006_2016/F_DisAgg06_15.xls,disaggregated_futures_only,fut_disagg_xls_hist_2006_2016,COFFEE C - ICE FUTURES U.S.,100427,2010-04-27,083731,ICUS,1,83,138415,24413,68339,44726,5437,5408,25838,28046,13210,7944,2446,8619,130158,131505,8257,6910,105862,13554,54304,41418,4922,1330,27426,31526,5260,9032,2169,1220,99240,100731,6622,5131,32553,10859,14035,6984,4191,402,5827,3935,535,1535,2900,4776,30918,30774,1635,1779,4514.0,-2000.0,-4396.0,727.0,-574.0,660.0,2074.0,6254.0,2540.0,69.0,109.0,352.0,4422.0,4945.0,92.0,-431.0,100,17.6,49.4,32.3,3.9,3.9,18.7,20.3,9.5,5.7,1.8,6.2,94.0,95.0,6.0,5.0,100,12.8,51.3,39.1,4.6,1.3,25.9,29.8,5.0,8.5,2.0,1.2,93.7,95.2,6.3,4.8,100,33.4,43.1,21.5,12.9,1.2,17.9,12.1,1.6,4.7,8.9,14.7,95.0,94.5,5.0,5.5,342,82.0,87.0,27.0,7.0,13.0,51.0,59.0,23.0,55.0,27.0,33.0,244,229,335.0,78.0,82.0,27.0,5.0,5.0,51.0,61.0,19.0,57.0,26.0,19.0,230.0,201.0,153.0,35.0,59.0,11.0,7.0,6.0,13.0,6.0,,18.0,20.0,8.0,85.0,103.0,19.7,18.0,34.8,30.9,18.9,16.7,28.9,25.3,22.2,21.3,36.7,35.3,22.2,21.2,35.5,33.2,47.9,41.0,65.5,54.1,38.4,28.0,52.1,38.7,"(CONTRACTS OF 37,500 POUNDS)",A50,FutOnly
raw_cot_data/disaggregated_futures_only/fut_disagg_xls_hist_2006_2016/F_DisAgg06_15.xls,disaggregated_futures_only,fut_disagg_xls_hist_2006_2016,COFFEE C - ICE FUTURES U.S.,100420,2010-04-20,083731,ICUS,1,83,133901,26413,72735,43999,6011,4748,23764,21792,10670,7875,2337,8267,125736,126560,8165,7341,104568,15632,58921,40401,5154,1060,23119,25252,5287,10817,1702,1457,97773,98833,6795,5735,29333,10781,13814,6862,4121,424,5784,1679,244,1113,4690,2755,27963,27727,1370,1606,958.0,424.0,-9427.0,-2385.0,-2297.0,3185.0,-732.0,8625.0,1080.0,1411.0,123.0,-372.0,2611.0,917.0,-1653.0,41.0,100,19.7,54.3,32.9,4.5,3.5,17.7,16.3,8.0,5.9,1.7,6.2,93.9,94.5,6.1,5.5,100,14.9,56.3,38.6,4.9,1.0,22.1,24.1,5.1,10.3,1.6,1.4,93.5,94.5,6.5,5.5,100,36.8,47.1,23.4,14.0,1.4,19.7,5.7,0.8,3.8,16.0,9.4,95.3,94.5,4.7,5.5,335,86.0,87.0,24.0,9.0,13.0,54.0,52.0,22.0,51.0,25.0,36.0,252,219,329.0,83.0,83.0,26.0,5.0,5.0,53.0,54.0,20.0,56.0,24.0,25.0,241.0,196.0,145.0,33.0,55.0,11.0,7.0,6.0,13.0,,,15.0,22.0,8.0,80.0,98.0,20.6,18.1,36.7,31.5,19.6,16.9,29.9,26.6,22.6,21.0,37.3,35.9,22.5,20.8,35.2,33.8,46.2,38.0,65.6,51.8,43.0,30.4,57.9,42.4,"(CONTRACTS OF 37,500 POUNDS)",A50,FutOnly
raw_cot_data/disaggregated_futures_only/fut_disagg_xls_hist_2006_2016/F_DisAgg06_15.xls,disaggregated_futures_only,fut_disagg_xls_hist_2006_2016,COFFEE C - ICE FUTURES U.S.,100413,2010-04-13,083731,ICUS,1,83,132943,25989,82162,46384,8308,1563,24496,13167,9590,6464,2214,8639,123125,125643,9818,7300,108506,18615,68174,40080,7363,969,22489,16667,6007,9887,1509,1882,99929,102571,8577,5935,24437,7374,13988,6496,1137,402,5546,39,44,901,5029,2433,23196,23072,1241,1365,1973.0,8489.0,2028.0,-633.0,-144.0,-1024.0,-2665.0,1981.0,648.0,-1631.0,-39.0,-2121.0,1063.0,1329.0,910.0,644.0,100,19.5,61.8,34.9,6.2,1.2,18.4,9.9,7.2,4.9,1.7,6.5,92.6,94.5,7.4,5.5,100,17.2,62.8,36.9,6.8,0.9,20.7,15.4,5.5,9.1,1.4,1.7,92.1,94.5,7.9,5.5,100,30.2,57.2,26.6,4.7,1.6,22.7,0.2,0.2,3.7,20.6,10.0,94.9,94.4,5.1,5.6,316,83.0,92.0,23.0,9.0,15.0,63.0,33.0,21.0,42.0,26.0,36.0,250,204,311.0,80.0,89.0,24.0,6.0,8.0,61.0,35.0,20.0,52.0,22.0,25.0,240.0,184.0,143.0,30.0,60.0,11.0,7.0,5.0,11.0,,,11.0,24.0,8.0,70.0,102.0,21.3,22.4,38.2,37.7,19.5,18.9,30.2,27.4,22.7,25.2,38.0,40.4,21.5,22.6,34.1,34.2,41.4,33.4,64.0,46.2,38.5,26.1,55.6,36.9,"(CONTRACTS OF 37,500 POUNDS)",A50,FutOnly
raw_cot_data/disaggregated_futures_only/fut_disagg_xls_hist_2006_2016/F_DisAgg06_15.xls,disaggregated_futures_only,fut_disagg_xls_hist_2006_2016,COFFEE C - ICE FUTURES U.S.,100406,2010-04-06,083731,ICUS,1,83,130970,17500,80134,47017,8452,2587,27161,11186,8942,8095,2253,10760,122062,124314,8908,6656,108577,10554,67546,42443,7537,2008,25124,14640,5410,10442,1288,5328,101309,103757,7268,4820,22393,6946,12588,4871,1212,282,5525,34,44,585,3897,2500,20753,20557,1640,1836,1315.0,-1108.0,1618.0,936.0,-266.0,498.0,372.0,-1095.0,-873.0,-213.0,267.0,623.0,235.0,772.0,1080.0,543.0,100,13.4,61.2,35.9,6.5,2.0,20.7,8.5,6.8,6.2,1.7,8.2,93.2,94.9,6.8,5.1,100,9.7,62.2,39.1,6.9,1.8,23.1,13.5,5.0,9.6,1.2,4.9,93.3,95.6,6.7,4.4,100,31.0,56.2,21.8,5.4,1.3,24.7,0.2,0.2,2.6,17.4,11.2,92.7,91.8,7.3,8.2,314,73.0,92.0,23.0,8.0,12.0,73.0,27.0,23.0,48.0,23.0,43.0,256,200,310.0,70.0,90.0,24.0,6.0,7.0,70.0,31.0,20.0,59.0,17.0,35.0,244.0,187.0,136.0,29.0,59.0,11.0,6.0,5.0,9.0,,,11.0,22.0,8.0,68.0,98.0,20.6,23.0,35.8,36.4,20.0,19.0,31.3,28.6,22.2,24.0,38.9,37.7,22.1,23.7,35.7,35.4,43.2,31.7,65.4,43.1,39.5,22.7,56.6,32.8,"(CONTRACTS OF 37,500 POUNDS)",A50,FutOnly
raw_cot_data/disaggregated_futures_only/fut_disagg_xls_hist_2006_2016/F_DisAgg06_15.xls,disaggregated_futures_only,fut_disagg_xls_hist_2006_2016,COFFEE C - ICE FUTURES U.S.,100330,2010-03-30,083731,ICUS,1,83,129655,18608,78516,46081,8718,2089,26789,12281,9815,8308,1986,10137,121827,123542,7828,6113,111035,12203,67039,42807,7828,1515,24803,15841,6189,10418,1194,5985,103920,105591,7115,5444,18620,6405,11477,3765,1381,83,5592,46,20,413,3315,1629,17907,17951,713,669,4268.0,-1693.0,7080.0,618.0,478.0,380.0,4385.0,-4433.0,3.0,-419.0,694.0,299.0,3573.0,4501.0,695.0,-233.0,100,14.4,60.6,35.5,6.7,1.6,20.7,9.5,7.6,6.4,1.5,7.8,94.0,95.3,6.0,4.7,100,11.0,60.4,38.6,7.1,1.4,22.3,14.3,5.6,9.4,1.1,5.4,93.6,95.1,6.4,4.9,100,34.4,61.6,20.2,7.4,0.4,30.0,0.2,0.1,2.2,17.8,8.7,96.2,96.4,3.8,3.6,321,76.0,97.0,23.0,8.0,12.0,70.0,31.0,27.0,53.0,21.0,36.0,257,206,319.0,72.0,94.0,23.0,7.0,7.0,67.0,35.0,24.0,58.0,18.0,30.0,249.0,191.0,132.0,31.0,60.0,10.0,6.0,4.0,8.0,,,8.0,22.0,5.0,61.0,96.0,20.4,22.8,35.2,36.5,19.6,19.4,31.1,28.9,21.8,23.4,38.8,37.5,21.8,23.2,35.4,34.8,46.0,31.8,67.2,43.6,44.5,24.9,63.1,35.5,"(CONTRACTS OF 37,500 POUNDS)",A50,FutOnly
raw_cot_data/disaggregated_futures_only/fut_disagg_xls_hist_2006_2016/F_DisAgg06_15.xls,disaggregated_futures_only,fut_disagg_xls_hist_2006_2016,COFFEE C - ICE FUTURES U.S.,100323,2010-03-23,083731,ICUS,1,83,125387,20301,71436,45463,8240,1709,22404,16714,9812,8727,1292,9838,118254,119041,7133,6346,109076,14433,61979,42998,7738,1246,20496,20192,6237,11948,786,5152,102510,103330,6566,5746,16311,5868,9457,2821,858,107,5475,89,8,235,3962,1230,15744,15711,567,600,2484.0,-1636.0,2752.0,968.0,433.0,-318.0,780.0,-2524.0,1394.0,-98.0,-469.0,985.0,2075.0,2253.0,409.0,231.0,100,16.2,57.0,36.3,6.6,1.4,17.9,13.3,7.8,7.0,1.0,7.8,94.3,94.9,5.7,5.1,100,13.2,56.8,39.4,7.1,1.1,18.8,18.5,5.7,11.0,0.7,4.7,94.0,94.7,6.0,5.3,100,36.0,58.0,17.3,5.3,0.7,33.6,0.5,0.0,1.4,24.3,7.5,96.5,96.3,3.5,3.7,312,80.0,92.0,24.0,7.0,11.0,52.0,36.0,26.0,59.0,18.0,36.0,248,202,310.0,78.0,89.0,23.0,7.0,7.0,50.0,39.0,24.0,64.0,15.0,27.0,242.0,186.0,129.0,28.0,59.0,8.0,6.0,5.0,8.0,,,8.0,22.0,4.0,57.0,95.0,20.0,21.4,34.7,34.5,19.9,19.0,32.8,29.1,22.5,23.1,38.7,35.5,22.5,22.8,36.7,34.6,50.3,33.5,70.6,46.5,49.5,29.5,68.6,39.9,"(CONTRACTS OF 37,500 POUNDS)",A50,FutOnly
raw_cot_data/disaggregated_futures_only/fut_disagg_xls_hist_2006_2016/F_DisAgg06_15.xls,disaggregated_futures_only,fut_disagg_xls_hist_2006_2016,COFFEE C - ICE FUTURES U.S.,100316,2010-03-16,083731,ICUS,1,83,122903,21937,68684,44495,7807,2027,21624,19238,8418,8825,1761,8853,116179,116788,6724,6115,107562,15994,59838,43066,7618,1367,19734,22428,5138,11691,1405,4419,101409,102213,6153,5349,15341,5943,8846,1929,689,160,5162,82,8,363,3585,1205,14770,14575,571,766,-2647.0,300.0,-559.0,478.0,-6.0,74.0,303.0,-235.0,-35.0,-948.0,706.0,-1333.0,-1161.0,-1388.0,-1486.0,-1259.0,100,17.8,55.9,36.2,6.4,1.6,17.6,15.7,6.8,7.2,1.4,7.2,94.5,95.0,5.5,5.0,100,14.9,55.6,40.0,7.1,1.3,18.3,20.9,4.8,10.9,1.3,4.1,94.3,95.0,5.7,5.0,100,38.7,57.7,12.6,4.5,1.0,33.6,0.5,0.1,2.4,23.4,7.9,96.3,95.0,3.7,5.0,309,81.0,88.0,24.0,7.0,11.0,49.0,44.0,24.0,58.0,18.0,32.0,241,199,307.0,78.0,84.0,24.0,6.0,7.0,47.0,46.0,22.0,62.0,14.0,24.0,235.0,182.0,122.0,28.0,57.0,7.0,6.0,5.0,7.0,,,7.0,20.0,,54.0,90.0,20.3,21.3,35.9,34.4,20.0,18.6,34.0,28.9,22.4,22.8,39.1,35.5,22.4,22.5,37.8,34.1,53.5,33.6,73.1,47.2,52.4,28.2,68.7,39.1,"(CONTRACTS OF 37,500 POUNDS)",A50,FutOnly
raw_cot_data/disaggregated_futures_only/fut_disagg_xls_hist_2006_2016/F_DisAgg06_15.xls,disaggregated_futures_only,fut_disagg_xls_hist_2006_2016,COFFEE C - ICE FUTURES U.S.,100309,2010-03-09,083731,ICUS,1,83,125550,21637,69243,44017,7813,1953,21321,19473,8453,9773,1055,10186,117340,118176,8210,7374,109929,15702,60853,42558,7726,1325,20037,22793,5016,14008,863,4683,103329,103259,6600,6670,15621,5935,8390,1958,586,129,4677,73,44,421,4848,847,14011,14917,1610,704,4374.0,-422.0,887.0,473.0,-66.0,77.0,691.0,418.0,18.0,85.0,-72.0,2308.0,3230.0,3570.0,1144.0,804.0,100,17.2,55.2,35.1,6.2,1.6,17.0,15.5,6.7,7.8,0.8,8.1,93.5,94.1,6.5,5.9,100,14.3,55.4,38.7,7.0,1.2,18.2,20.7,4.6,12.7,0.8,4.3,94.0,93.9,6.0,6.1,100,38.0,53.7,12.5,3.8,0.8,29.9,0.5,0.3,2.7,31.0,5.4,89.7,95.5,10.3,4.5,320,79.0,88.0,23.0,8.0,12.0,54.0,45.0,27.0,58.0,18.0,34.0,245,210,318.0,76.0,84.0,22.0,8.0,8.0,51.0,48.0,24.0,63.0,18.0,24.0,236.0,193.0,125.0,28.0,56.0,7.0,6.0,5.0,7.0,,,8.0,22.0,,56.0,92.0,20.7,22.3,35.9,35.2,19.4,18.3,32.2,28.7,22.8,22.7,39.4,35.4,21.8,22.0,35.9,33.9,50.4,37.4,67.1,51.4,49.3,34.5,64.9,45.2,"(CONTRACTS OF 37,500 POUNDS)",A50,FutOnly
raw_cot_data/disaggregated_futures_only/fut_disagg_xls_hist_2006_2016/F_DisAgg06_15.xls,disaggregated_futures_only,fut_disagg_xls_hist_2006_2016,COFFEE C - ICE FUTURES U.S.,100302,2010-03-02,083731,ICUS,1,83,121176,22059,68356,43544,7879,1876,20630,19055,8435,9688,1127,7878,114110,114606,7066,6570,106947,16350,60285,41986,7789,1295,20139,22149,5232,13180,1009,3290,101472,101049,5475,5898,14229,5709,8071,1965,497,174,3649,64,45,367,3977,729,12638,13557,1591,672,-1703.0,-1084.0,-3991.0,1106.0,-22.0,-54.0,-2632.0,966.0,-218.0,-13.0,0.0,1094.0,-1801.0,-2225.0,98.0,522.0,100,18.2,56.4,35.9,6.5,1.5,17.0,15.7,7.0,8.0,0.9,6.5,94.2,94.6,5.8,5.4,100,15.3,56.4,39.3,7.3,1.2,18.8,20.7,4.9,12.3,0.9,3.1,94.9,94.5,5.1,5.5,100,40.1,56.7,13.8,3.5,1.2,25.6,0.4,0.3,2.6,27.9,5.1,88.8,95.3,11.2,4.7,309,81.0,86.0,23.0,8.0,13.0,48.0,45.0,25.0,55.0,20.0,32.0,235,208,307.0,76.0,81.0,22.0,8.0,8.0,46.0,47.0,23.0,58.0,21.0,22.0,225.0,189.0,118.0,26.0,56.0,7.0,6.0,6.0,6.0,,,7.0,19.0,6.0,55.0,90.0,20.3,22.2,36.6,35.7,20.0,18.9,33.7,29.5,22.2,23.9,39.5,36.9,22.2,22.6,37.3,34.5,54.3,35.5,69.0,49.6,53.8,32.5,65.1,43.8,"(CONTRACTS OF 37,500 POUNDS)",A50,FutOnly
raw_cot_data/disaggregated_futures_only/fut_disagg_xls_hist_2006_2016/F_DisAgg06_15.xls,disaggregated_futures_only,fut_disagg_xls_hist_2006_2016,COFFEE C - ICE FUTURES U.S.,100223,2010-02-23,083731,ICUS,1,83,122879,23143,72347,42438,7901,1930,23262,18089,8653,9701,1127,6784,115911,116831,6968,6048,109335,17645,64226,40906,7820,1332,23022,21205,5430,12623,873,2920,103878,103806,5457,5529,13544,5498,8121,2015,564,115,3431,75,32,322,3498,620,12033,13025,1511,519,-2472.0,-2818.0,-4772.0,-1086.0,-164.0,305.0,-662.0,755.0,232.0,-734.0,-342.0,1658.0,-3105.0,-2328.0,633.0,-144.0,100,18.8,58.9,34.5,6.4,1.6,18.9,14.7,7.0,7.9,0.9,5.5,94.3,95.1,5.7,4.9,100,16.1,58.7,37.4,7.2,1.2,21.1,19.4,5.0,11.5,0.8,2.7,95.0,94.9,5.0,5.1,100,40.6,60.0,14.9,4.2,0.8,25.3,0.6,0.2,2.4,25.8,4.6,88.8,96.2,11.2,3.8,311,81.0,88.0,22.0,8.0,12.0,55.0,41.0,25.0,53.0,20.0,33.0,241,203,309.0,75.0,82.0,21.0,8.0,7.0,54.0,43.0,23.0,58.0,19.0,23.0,232.0,182.0,120.0,25.0,58.0,8.0,6.0,5.0,6.0,,,7.0,20.0,6.0,53.0,94.0,20.4,22.1,36.3,35.2,19.8,19.0,33.5,29.5,21.9,24.0,38.1,37.0,21.6,22.1,36.8,34.2,56.3,34.5,70.7,49.1,56.2,30.8,67.8,43.5,"(CONTRACTS OF 37,500 POUNDS)",A50,FutOnly
raw_cot_data/disaggregated_futures_only/fut_disagg_xls_hist_2006_2016/F_DisAgg06_15.xls,disaggregated_futures_only,fut_disagg_xls_hist_2006_2016,COFFEE C - ICE FUTURES U.S.,100216,2010-02-16,083731,ICUS,1,83,125351,25961,77119,43524,8065,1625,23924,17334,8421,10435,1469,5126,119016,119159,6335,6192,111887,20394,69352,42215,8025,824,23774,20463,5198,13084,810,1518,107007,106190,4880,5697,13464,5567,7767,1995,726,115,3347,68,26,330,3638,629,12009,12969,1455,495,-9515.0,-34.0,-1487.0,124.0,-347.0,-1056.0,-1402.0,31.0,-881.0,221.0,-126.0,-2090.0,-5118.0,-5956.0,-4397.0,-3559.0,100,20.7,61.5,34.7,6.4,1.3,19.1,13.8,6.7,8.3,1.2,4.1,94.9,95.1,5.1,4.9,100,18.2,62.0,37.7,7.2,0.7,21.2,18.3,4.6,11.7,0.7,1.4,95.6,94.9,4.4,5.1,100,41.3,57.7,14.8,5.4,0.9,24.9,0.5,0.2,2.5,27.0,4.7,89.2,96.3,10.8,3.7,314,84.0,93.0,25.0,6.0,12.0,56.0,40.0,25.0,56.0,19.0,31.0,250,202,312.0,80.0,91.0,23.0,7.0,9.0,55.0,42.0,23.0,61.0,16.0,22.0,242.0,188.0,111.0,23.0,55.0,8.0,6.0,5.0,5.0,,,5.0,18.0,5.0,48.0,88.0,21.7,24.6,37.2,37.5,19.3,19.6,32.3,29.7,21.2,26.5,37.8,39.9,21.2,22.0,35.5,34.2,56.4,35.9,71.6,50.4,56.4,32.0,67.4,44.2,"(CONTRACTS OF 37,500 POUNDS)",A50,FutOnly
raw_cot_data/disaggregated_futures_only/fut_disagg_xls_hist_2006_2016/F_DisAgg06_15.xls,disaggregated_futures_only,fut_disagg_xls_hist_2006_2016,COFFEE C - ICE FUTURES U.S.,100209,2010-02-09,083731,ICUS,1,83,134866,25995,78606,43400,8412,2681,25326,17303,9302,10214,1595,7216,124134,125115,10732,9751,122643,21204,71691,42246,8209,2102,25325,20480,6046,12798,1176,3592,113313,113296,9330,9347,12223,4791,6915,1675,724,58,3231,53,26,367,3370,673,10821,11819,1402,404,5967.0,6004.0,1125.0,-1500.0,-527.0,-1924.0,-56.0,4110.0,-1449.0,612.0,10.0,-810.0,877.0,535.0,5090.0,5432.0,100,19.3,58.3,32.2,6.2,2.0,18.8,12.8,6.9,7.6,1.2,5.4,92.0,92.8,8.0,7.2,100,17.3,58.5,34.4,6.7,1.7,20.6,16.7,4.9,10.4,1.0,2.9,92.4,92.4,7.6,7.6,100,39.2,56.6,13.7,5.9,0.5,26.4,0.4,0.2,3.0,27.6,5.5,88.5,96.7,11.5,3.3,321,79.0,90.0,24.0,8.0,14.0,54.0,44.0,26.0,55.0,19.0,37.0,238,222,321.0,78.0,89.0,24.0,8.0,9.0,53.0,46.0,24.0,58.0,19.0,30.0,235.0,209.0,108.0,20.0,54.0,6.0,6.0,4.0,4.0,,,7.0,20.0,8.0,45.0,90.0,20.0,23.0,34.9,34.8,17.9,18.0,30.0,27.6,19.3,24.7,35.1,36.9,19.3,20.6,32.3,31.6,58.3,37.5,73.6,52.1,58.3,32.7,68.1,44.2,"(CONTRACTS OF 37,500 POUNDS)",A50,FutOnly
raw_cot_data/disaggregated_futures_only/fut_disagg_xls_hist_2006_2016/F_DisAgg06_15.xls,disaggregated_futures_only,fut_disagg_xls_hist_2006_2016,COFFEE C - ICE FUTURES U.S.,100202,2010-02-02,083731,ICUS,1,83,128899,19991,77481,44900,8939,4605,25382,13193,10751,9602,1585,8026,123257,124580,5642,4319,117704,15564,70748,44104,8306,4267,25346,16384,7505,10924,1042,5456,113166,113708,4538,3996,11195,4427,6733,1105,942,29,3280,53,2,355,2220,893,10091,10872,1104,323,-1113.0,4189.0,-7648.0,-2097.0,101.0,1068.0,-2979.0,4375.0,-1932.0,-716.0,-399.0,2797.0,330.0,-1638.0,-1443.0,525.0,100,15.5,60.1,34.8,6.9,3.6,19.7,10.2,8.3,7.4,1.2,6.2,95.6,96.6,4.4,3.4,100,13.2,60.1,37.5,7.1,3.6,21.5,13.9,6.4,9.3,0.9,4.6,96.1,96.6,3.9,3.4,100,39.5,60.1,9.9,8.4,0.3,29.3,0.5,0.0,3.2,19.8,8.0,90.1,97.1,9.9,2.9,314,77.0,90.0,23.0,9.0,12.0,60.0,36.0,28.0,55.0,18.0,35.0,244,207,314.0,77.0,87.0,24.0,8.0,8.0,59.0,37.0,27.0,59.0,17.0,30.0,242.0,196.0,101.0,18.0,51.0,6.0,6.0,,4.0,,,6.0,19.0,5.0,39.0,83.0,19.0,22.6,34.1,35.7,19.0,19.5,31.0,29.7,20.5,24.1,35.3,36.9,20.5,21.9,33.7,33.6,56.5,32.1,74.7,50.1,55.8,25.0,66.4,39.6,"(CONTRACTS OF 37,500 POUNDS)",A50,FutOnly
raw_cot_data/disaggregated_futures_only/fut_disagg_xls_hist_2006_2016/F_DisAgg06_15.xls,disaggregated_futures_only,fut_disagg_xls_hist_2006_2016,COFFEE C - ICE FUTURES U.S.,100126,2010-01-26,083731,ICUS,1,83,130012,15802,85129,46997,8838,3537,28361,8818,12683,10318,1984,5229,122927,126218,7085,3794,118999,12123,78939,45849,8210,3473,29014,11883,8736,11259,1568,2478,112932,115287,6067,3712,11013,3679,6190,1188,668,24,3292,880,2,436,1793,1374,9995,10931,1018,82,-1959.0,706.0,-2577.0,781.0,-78.0,-82.0,-2453.0,1126.0,404.0,-77.0,393.0,30.0,-691.0,-784.0,-1268.0,-1175.0,100,12.2,65.5,36.1,6.8,2.7,21.8,6.8,9.8,7.9,1.5,4.0,94.6,97.1,5.4,2.9,100,10.2,66.3,38.5,6.9,2.9,24.4,10.0,7.3,9.5,1.3,2.1,94.9,96.9,5.1,3.1,100,33.4,56.2,10.8,6.1,0.2,29.9,8.0,0.0,4.0,16.3,12.5,90.8,99.3,9.2,0.7,325,75.0,96.0,22.0,9.0,10.0,70.0,28.0,24.0,58.0,18.0,34.0,257,198,325.0,74.0,93.0,21.0,10.0,7.0,70.0,30.0,22.0,58.0,22.0,27.0,253.0,186.0,109.0,19.0,55.0,7.0,5.0,,4.0,,,10.0,17.0,5.0,44.0,86.0,19.5,23.6,35.3,36.8,19.5,20.4,32.7,31.7,20.8,25.1,35.6,38.8,20.8,22.9,35.1,35.2,58.6,37.2,72.0,54.1,51.9,25.8,62.0,42.2,"(CONTRACTS OF 37,500 POUNDS)",A50,FutOnly
raw_cot_data/disaggregated_futures_only/fut_disagg_xls_hist_2006_2016/F_DisAgg06_15.xls,disaggregated_futures_only,fut_disagg_xls_hist_2006_2016,COFFEE C - ICE FUTURES U.S.,100119,2010-01-19,083731,ICUS,1,83,131971,15096,87706,46216,8916,3619,30814,7692,12279,10395,1591,5199,123618,127002,8353,4969,121832,11665,81852,45141,8286,3563,31633,10926,8156,11578,1401,2707,114443,116891,7389,4941,10139,3431,5854,1116,671,15,3297,882,7,298,1671,1011,9175,10111,964,28,2470.0,597.0,1322.0,697.0,224.0,159.0,-1073.0,203.0,800.0,1535.0,-903.0,270.0,2985.0,2075.0,-515.0,395.0,100,11.4,66.5,35.0,6.8,2.7,23.3,5.8,9.3,7.9,1.2,3.9,93.7,96.2,6.3,3.8,100,9.6,67.2,37.1,6.8,2.9,26.0,9.0,6.7,9.5,1.1,2.2,93.9,95.9,6.1,4.1,100,33.8,57.7,11.0,6.6,0.1,32.5,8.7,0.1,2.9,16.5,10.0,90.5,99.7,9.5,0.3,325,67.0,92.0,22.0,9.0,11.0,79.0,22.0,19.0,57.0,20.0,33.0,259,185,325.0,67.0,89.0,21.0,10.0,9.0,80.0,23.0,17.0,60.0,20.0,25.0,256.0,173.0,108.0,17.0,54.0,7.0,5.0,,4.0,,,7.0,19.0,6.0,42.0,86.0,19.0,23.4,34.6,37.0,19.0,20.4,32.2,32.2,20.0,24.7,34.5,38.8,20.0,22.6,34.1,35.4,57.9,37.2,71.1,55.3,55.6,29.1,65.4,46.6,"(CONTRACTS OF 37,500 POUNDS)",A50,FutOnly
raw_cot_data/disaggregated_futures_only/fut_disagg_xls_hist_2006_2016/F_DisAgg06_15.xls,disaggregated_futures_only,fut_disagg_xls_hist_2006_2016,COFFEE C - ICE FUTURES U.S.,100112,2010-01-12,083731,ICUS,1,83,129501,14499,86384,45519,8692,3460,31887,7489,11479,8860,2494,4929,120633,124927,8868,4574,119709,11275,80664,44556,8048,3427,32684,10720,7380,9731,2197,2728,111781,115164,7928,4545,9792,3224,5720,983,664,13,3295,861,7,358,1526,972,8852,9763,940,29,2419.0,441.0,2623.0,-1278.0,322.0,280.0,3062.0,-1347.0,245.0,-590.0,605.0,391.0,2551.0,3119.0,-132.0,-700.0,100,11.2,66.7,35.1,6.7,2.7,24.6,5.8,8.9,6.8,1.9,3.8,93.2,96.5,6.8,3.5,100,9.4,67.4,37.2,6.7,2.9,27.3,9.0,6.2,8.1,1.8,2.3,93.4,96.2,6.6,3.8,100,32.9,58.4,10.0,6.8,0.1,33.6,8.8,0.1,3.7,15.6,9.9,90.4,99.7,9.6,0.3,313,64.0,89.0,23.0,7.0,10.0,81.0,17.0,20.0,55.0,19.0,31.0,254,173,313.0,64.0,85.0,23.0,7.0,8.0,82.0,18.0,19.0,60.0,20.0,24.0,250.0,163.0,103.0,14.0,53.0,6.0,5.0,,4.0,,,8.0,18.0,7.0,40.0,81.0,19.6,23.8,34.5,37.3,19.6,20.7,31.9,32.4,20.6,25.1,34.1,39.1,20.6,22.8,33.8,35.4,57.0,36.1,71.4,55.4,56.0,28.7,66.2,46.4,"(CONTRACTS OF 37,500 POUNDS)",A50,FutOnly
raw_cot_data/disaggregated_futures_only/fut_disagg_xls_hist_2006_2016/F_DisAgg06_15.xls,disaggregated_futures_only,fut_disagg_xls_hist_2006_2016,COFFEE C - ICE FUTURES U.S.,100105,2010-01-05,083731,ICUS,1,83,127082,14058,83761,46797,8370,3180,28825,8836,11234,9450,1889,4538,118082,121808,9000,5274,117436,10915,78176,45825,7745,3156,29666,12042,7118,10145,1406,2561,109386,112204,8050,5232,9646,3143,5585,983,636,13,3269,904,6,351,1529,931,8696,9604,950,42,2143.0,1214.0,-1582.0,16.0,-29.0,-48.0,-1459.0,2777.0,1107.0,910.0,-256.0,808.0,2548.0,2777.0,-405.0,-634.0,100,11.1,65.9,36.8,6.6,2.5,22.7,7.0,8.8,7.4,1.5,3.6,92.9,95.8,7.1,4.2,100,9.3,66.6,39.0,6.6,2.7,25.3,10.3,6.1,8.6,1.2,2.2,93.1,95.5,6.9,4.5,100,32.6,57.9,10.2,6.6,0.1,33.9,9.4,0.1,3.6,15.9,9.7,90.2,99.6,9.8,0.4,321,67.0,94.0,23.0,6.0,8.0,75.0,25.0,22.0,57.0,21.0,32.0,256,185,321.0,67.0,90.0,23.0,6.0,7.0,76.0,26.0,20.0,59.0,22.0,24.0,252.0,174.0,102.0,16.0,53.0,6.0,4.0,,4.0,,,8.0,16.0,5.0,40.0,79.0,20.9,23.9,36.0,37.8,20.9,21.1,33.0,32.9,22.0,25.3,35.4,39.6,22.0,22.9,34.9,35.9,56.9,36.0,71.4,56.1,56.1,29.0,66.3,46.5,"(CONTRACTS OF 37,500 POUNDS)",A50,FutOnly
raw_cot_data/disaggregated_futures_only/fut_disagg_xls_hist_2006_2016/F_DisAgg06_15.xls,disaggregated_futures_only,fut_disagg_xls_hist_2006_2016,COFFEE C - ICE FUTURES U.S.,91229,2009-12-29,083731,ICUS,1,83,124939,12844,85343,46781,8399,3228,30284,6059,10127,8540,2145,3730,115534,119031,9405,5908,115181,9777,79775,45891,7865,3122,31143,9162,6108,9111,1652,1813,106965,109497,8216,5684,9758,3067,5568,983,627,13,3157,913,3,301,1365,1045,8569,9534,1189,224,-5088.0,586.0,-4581.0,554.0,-165.0,99.0,-6983.0,-828.0,-105.0,427.0,-358.0,113.0,-5309.0,-5825.0,221.0,737.0,100,10.3,68.3,37.4,6.7,2.6,24.2,4.8,8.1,6.8,1.7,3.0,92.5,95.3,7.5,4.7,100,8.5,69.3,39.8,6.8,2.7,27.0,8.0,5.3,7.9,1.4,1.6,92.9,95.1,7.1,4.9,100,31.4,57.1,10.1,6.4,0.1,32.4,9.4,0.0,3.1,14.0,10.7,87.8,97.7,12.2,2.3,315,65.0,90.0,25.0,5.0,9.0,80.0,19.0,20.0,53.0,19.0,29.0,252,174,315.0,65.0,87.0,25.0,5.0,8.0,81.0,20.0,19.0,55.0,20.0,21.0,249.0,164.0,97.0,12.0,51.0,6.0,4.0,,4.0,,,7.0,16.0,4.0,34.0,77.0,21.6,24.2,36.9,38.7,21.6,21.6,33.8,33.7,22.9,25.6,36.5,40.6,22.8,23.2,35.9,36.9,57.0,35.4,70.8,55.1,54.4,28.6,64.5,44.1,"(CONTRACTS OF 37,500 POUNDS)",A50,FutOnly
raw_cot_data/disaggregated_futures_only/fut_disagg_xls_hist_2006_2016/F_DisAgg06_15.xls,disaggregated_futures_only,fut_disagg_xls_hist_2006_2016,COFFEE C - ICE FUTURES U.S.,91222,2009-12-22,083731,ICUS,1,83,130027,12258,89924,46227,8564,3129,37267,6887,10232,8113,2503,3617,120843,124856,9184,5171,120565,9159,84494,45477,8027,3023,38136,9924,6276,8687,2147,1544,112302,115435,8263,5130,9462,3099,5430,843,630,13,3084,916,3,328,1258,1171,8541,9421,921,41,2332.0,873.0,259.0,247.0,59.0,479.0,-585.0,150.0,1466.0,289.0,365.0,-1729.0,1040.0,1049.0,1292.0,1283.0,100,9.4,69.2,35.6,6.6,2.4,28.7,5.3,7.9,6.2,1.9,2.8,92.9,96.0,7.1,4.0,100,7.6,70.1,37.7,6.7,2.5,31.6,8.2,5.2,7.2,1.8,1.3,93.1,95.7,6.9,4.3,100,32.8,57.4,8.9,6.7,0.1,32.6,9.7,0.0,3.5,13.3,12.4,90.3,99.6,9.7,0.4,322,59.0,93.0,24.0,5.0,9.0,87.0,16.0,19.0,50.0,28.0,31.0,252,180,322.0,59.0,90.0,24.0,5.0,8.0,88.0,17.0,18.0,55.0,27.0,24.0,249.0,171.0,97.0,14.0,50.0,6.0,4.0,,4.0,,,7.0,14.0,5.0,37.0,75.0,20.7,23.5,35.3,37.7,20.7,20.9,32.7,33.0,21.9,24.7,35.0,39.5,21.9,22.5,34.6,36.0,60.1,36.7,74.6,55.9,55.6,28.3,65.9,43.1,"(CONTRACTS OF 37,500 POUNDS)",A50,FutOnly
raw_cot_data/disaggregated_futures_only/fut_disagg_xls_hist_2006_2016/F_DisAgg06_15.xls,disaggregated_futures_only,fut_disagg_xls_hist_2006_2016,COFFEE C - ICE FUTURES U.S.,91215,2009-12-15,083731,ICUS,1,83,127695,11385,89665,45980,8505,2650,37852,6737,8766,7824,2138,5346,119803,123807,7892,3888,119229,8402,84774,45239,8076,2626,38680,9593,5005,8225,2095,3404,111581,115573,7648,3656,8466,2983,4891,752,440,13,2932,904,1,459,903,1082,8222,8234,244,232,7568.0,127.0,6974.0,327.0,-56.0,208.0,4479.0,571.0,682.0,1089.0,-775.0,664.0,7576.0,8268.0,-8.0,-700.0,100,8.9,70.2,36.0,6.7,2.1,29.6,5.3,6.9,6.1,1.7,4.2,93.8,97.0,6.2,3.0,100,7.0,71.1,37.9,6.8,2.2,32.4,8.0,4.2,6.9,1.8,2.9,93.6,96.9,6.4,3.1,100,35.2,57.8,8.9,5.2,0.2,34.6,10.7,0.0,5.4,10.7,12.8,97.1,97.3,2.9,2.7,329,60.0,93.0,25.0,7.0,7.0,97.0,15.0,18.0,48.0,24.0,26.0,259,170,329.0,59.0,90.0,25.0,7.0,5.0,98.0,16.0,17.0,52.0,22.0,24.0,258.0,162.0,91.0,14.0,46.0,7.0,,,4.0,,,5.0,14.0,6.0,35.0,72.0,21.0,24.1,35.2,37.6,21.0,21.0,32.9,33.7,22.1,25.2,35.1,39.4,22.1,22.8,34.7,36.7,66.4,36.6,82.3,51.6,58.3,29.1,71.1,41.1,"(CONTRACTS OF 37,500 POUNDS)",A50,FutOnly
raw_cot_data/disaggregated_futures_only/fut_disagg_xls_hist_2006_2016/F_DisAgg06_15.xls,disaggregated_futures_only,fut_disagg_xls_hist_2006_2016,COFFEE C - ICE FUTURES U.S.,91208,2009-12-08,083731,ICUS,1,83,120127,11258,82691,45653,8561,2442,33373,6166,8084,6735,2913,4682,112227,115539,7900,4588,112526,8254,78397,44912,8215,2418,34225,8689,4661,6962,2292,3526,104958,108198,7568,4328,7601,3004,4294,752,357,13,2570,899,1,137,985,792,7269,7341,332,260,7938.0,32.0,4897.0,326.0,165.0,58.0,4639.0,681.0,828.0,280.0,-271.0,1134.0,7297.0,7492.0,641.0,446.0,100,9.4,68.8,38.0,7.1,2.0,27.8,5.1,6.7,5.6,2.4,3.9,93.4,96.2,6.6,3.8,100,7.3,69.7,39.9,7.3,2.1,30.4,7.7,4.1,6.2,2.0,3.1,93.3,96.2,6.7,3.8,100,39.5,56.5,9.9,4.7,0.2,33.8,11.8,0.0,1.8,13.0,10.4,95.6,96.6,4.4,3.4,321,58.0,90.0,24.0,6.0,7.0,91.0,15.0,18.0,46.0,26.0,25.0,248,167,321.0,56.0,88.0,24.0,6.0,5.0,92.0,16.0,17.0,49.0,24.0,22.0,246.0,159.0,81.0,12.0,43.0,7.0,,,4.0,,,,13.0,5.0,32.0,65.0,22.0,24.8,36.5,37.9,22.0,21.7,34.7,33.9,23.1,25.9,36.7,39.5,23.1,23.5,36.4,36.8,63.3,40.6,78.6,54.5,61.3,30.8,72.2,43.4,"(CONTRACTS OF 37,500 POUNDS)",A50,FutOnly
raw_cot_data/disaggregated_futures_only/fut_disagg_xls_hist_2006_2016/F_DisAgg06_15.xls,disaggregated_futures_only,fut_disagg_xls_hist_2006_2016,COFFEE C - ICE FUTURES U.S.,91201,2009-12-01,083731,ICUS,1,83,112189,11226,77794,45327,8396,2384,28734,5485,7256,6455,3184,3548,104930,108047,7259,4142,105278,8292,73892,44545,8197,2360,29299,7346,4762,6759,2820,2240,98257,101617,7021,3661,6911,2934,3902,793,210,13,1928,632,1,91,759,913,6673,6430,238,481,4684.0,-1888.0,293.0,606.0,3186.0,98.0,3340.0,1051.0,1774.0,1628.0,38.0,-1686.0,3872.0,4754.0,812.0,-70.0,100,10.0,69.3,40.4,7.5,2.1,25.6,4.9,6.5,5.8,2.8,3.2,93.5,96.3,6.5,3.7,100,7.9,70.2,42.3,7.8,2.2,27.8,7.0,4.5,6.4,2.7,2.1,93.3,96.5,6.7,3.5,100,42.5,56.5,11.5,3.0,0.2,27.9,9.1,0.0,1.3,11.0,13.2,96.6,93.0,3.4,7.0,304,55.0,88.0,24.0,6.0,7.0,81.0,15.0,21.0,39.0,30.0,28.0,230,173,304.0,53.0,88.0,24.0,6.0,5.0,83.0,15.0,19.0,41.0,30.0,25.0,227.0,167.0,77.0,12.0,38.0,7.0,,,4.0,,,,14.0,4.0,32.0,60.0,23.7,24.6,38.9,38.3,23.7,20.8,37.3,33.3,24.9,25.5,39.3,39.8,24.9,22.9,39.1,36.4,62.5,40.1,79.9,53.0,57.9,28.3,70.4,39.0,"(CONTRACTS OF 37,500 POUNDS)",A50,FutOnly
raw_cot_data/disaggregated_futures_only/fut_disagg_xls_hist_2006_2016/F_DisAgg06_15.xls,disaggregated_futures_only,fut_disagg_xls_hist_2006_2016,COFFEE C - ICE FUTURES U.S.,91124,2009-11-24,083731,ICUS,1,83,107505,13114,77501,44721,5210,2286,25394,4434,5482,4827,3146,5234,101058,103293,6447,4212,101399,10297,74158,44069,4982,2262,25885,5004,4395,5197,3616,3021,95126,97438,6273,3961,6106,2817,3343,663,239,13,590,511,6,994,894,849,5932,5855,174,251,-6262.0,-3865.0,-5350.0,-424.0,-15.0,-286.0,-1453.0,-235.0,502.0,370.0,422.0,-138.0,-5294.0,-5100.0,-968.0,-1162.0,100,12.2,72.1,41.6,4.8,2.1,23.6,4.1,5.1,4.5,2.9,4.9,94.0,96.1,6.0,3.9,100,10.2,73.1,43.5,4.9,2.2,25.5,4.9,4.3,5.1,3.6,3.0,93.8,96.1,6.2,3.9,100,46.1,54.7,10.9,3.9,0.2,9.7,8.4,0.1,16.3,14.6,13.9,97.2,95.9,2.8,4.1,282,54.0,85.0,23.0,7.0,8.0,65.0,16.0,19.0,40.0,24.0,27.0,207,170,281.0,51.0,85.0,23.0,7.0,6.0,66.0,17.0,17.0,40.0,24.0,24.0,203.0,163.0,73.0,14.0,34.0,6.0,,,,,,4.0,12.0,5.0,33.0,57.0,24.1,27.3,40.0,41.7,24.1,22.9,38.2,35.2,25.3,28.2,40.3,42.4,25.3,24.9,39.9,37.9,68.7,39.8,83.2,56.5,56.2,29.5,67.0,42.4,"(CONTRACTS OF 37,500 POUNDS)",A50,FutOnly
raw_cot_data/disaggregated_futures_only/fut_disagg_xls_hist_2006_2016/F_DisAgg06_15.xls,disaggregated_futures_only,fut_disagg_xls_hist_2006_2016,COFFEE C - ICE FUTURES U.S.,91117,2009-11-17,083731,ICUS,1,83,113767,16979,82851,45145,5225,2572,26847,4669,4980,4457,2724,5372,106352,108393,7415,5374,108079,14369,79810,44512,4995,2548,27338,5150,3993,4859,3451,3236,100855,103183,7224,4896,5688,2610,3041,644,241,13,490,500,6,893,568,841,5497,5210,191,478,-16182.0,274.0,-7342.0,1115.0,-3275.0,710.0,-11543.0,-411.0,-1240.0,-2049.0,-1605.0,-2394.0,-15127.0,-15557.0,-1055.0,-625.0,100,14.9,72.8,39.7,4.6,2.3,23.6,4.1,4.4,3.9,2.4,4.7,93.5,95.3,6.5,4.7,100,13.3,73.8,41.2,4.6,2.4,25.3,4.8,3.7,4.5,3.2,3.0,93.3,95.5,6.7,4.5,100,45.9,53.5,11.3,4.2,0.2,8.6,8.8,0.1,15.7,10.0,14.8,96.6,91.6,3.4,8.4,285,61.0,86.0,24.0,6.0,8.0,72.0,17.0,20.0,34.0,27.0,31.0,218,175,285.0,60.0,86.0,24.0,6.0,6.0,73.0,18.0,18.0,35.0,27.0,28.0,216.0,169.0,68.0,13.0,34.0,5.0,,,,,,,9.0,5.0,30.0,54.0,22.9,31.1,39.9,44.9,22.8,25.1,35.9,37.2,23.8,32.1,40.0,45.8,23.7,27.4,37.3,40.0,68.7,41.4,84.2,58.3,55.4,29.8,67.0,41.9,"(CONTRACTS OF 37,500 POUNDS)",A50,FutOnly
raw_cot_data/disaggregated_futures_only/fut_disagg_xls_hist_2006_2016/F_DisAgg06_15.xls,disaggregated_futures_only,fut_disagg_xls_hist_2006_2016,COFFEE C - ICE FUTURES U.S.,91109,2009-11-09,083731,ICUS,1,83,129949,16705,90193,44030,8500,1862,38390,5080,6220,6506,4329,7766,121479,123950,8470,5999,124514,14234,87187,43396,8267,1838,38897,5330,5457,6717,5302,5647,116186,119028,8328,5486,5435,2471,3006,645,244,13,250,507,6,1249,487,659,5293,4922,142,513,4590.0,4923.0,6880.0,756.0,-258.0,-462.0,1729.0,71.0,-1325.0,162.0,254.0,-1445.0,4338.0,3715.0,252.0,875.0,100,12.9,69.4,33.9,6.5,1.4,29.5,3.9,4.8,5.0,3.3,6.0,93.5,95.4,6.5,4.6,100,11.4,70.0,34.9,6.6,1.5,31.2,4.3,4.4,5.4,4.3,4.5,93.3,95.6,6.7,4.4,100,45.5,55.3,11.9,4.5,0.2,4.6,9.3,0.1,23.0,9.0,12.1,97.4,90.6,2.6,9.4,319,64.0,96.0,23.0,7.0,11.0,86.0,12.0,24.0,41.0,29.0,37.0,251,190,319.0,63.0,96.0,23.0,7.0,9.0,87.0,13.0,21.0,43.0,28.0,36.0,250.0,184.0,65.0,10.0,37.0,5.0,,,,4.0,,,7.0,,23.0,55.0,19.6,24.1,33.1,38.3,19.6,19.1,32.1,32.0,20.2,24.5,33.8,38.7,20.2,20.7,33.1,34.0,72.4,40.5,86.6,56.5,61.8,31.4,72.1,43.6,"(CONTRACTS OF 37,500 POUNDS)",A50,FutOnly
raw_cot_data/disaggregated_futures_only/fut_disagg_xls_hist_2006_2016/F_DisAgg06_15.xls,disaggregated_futures_only,fut_disagg_xls_hist_2006_2016,COFFEE C - ICE FUTURES U.S.,91103,2009-11-03,083731,ICUS,1,83,125359,11782,83313,43274,8758,2324,36661,5009,7545,6344,4075,9211,117141,120235,8218,5124,120181,9517,80428,42642,8541,2300,36999,5111,6951,6474,5029,7213,112096,115573,8085,4608,5178,2265,2885,643,228,13,250,486,6,1191,367,677,5045,4662,133,516,2486.0,-757.0,475.0,625.0,-180.0,1083.0,-748.0,-694.0,151.0,-82.0,-539.0,1262.0,1534.0,1558.0,952.0,928.0,100,9.4,66.5,34.5,7.0,1.9,29.2,4.0,6.0,5.1,3.3,7.3,93.4,95.9,6.6,4.1,100,7.9,66.9,35.5,7.1,1.9,30.8,4.3,5.8,5.4,4.2,6.0,93.3,96.2,6.7,3.8,100,43.7,55.7,12.4,4.4,0.3,4.8,9.4,0.1,23.0,7.1,13.1,97.4,90.0,2.6,10.0,327,69.0,94.0,23.0,7.0,12.0,87.0,16.0,24.0,42.0,29.0,35.0,255,197,327.0,68.0,94.0,23.0,7.0,10.0,88.0,17.0,23.0,43.0,29.0,34.0,253.0,194.0,63.0,12.0,35.0,5.0,,,,,,,6.0,,26.0,50.0,20.2,24.0,34.1,37.5,20.2,19.8,32.3,32.5,20.8,24.0,34.2,37.8,20.8,21.3,33.2,34.4,69.3,41.7,84.0,57.8,58.0,32.0,68.8,43.3,"(CONTRACTS OF 37,500 POUNDS)",A50,FutOnly
raw_cot_data/disaggregated_futures_only/fut_disagg_xls_hist_2006_2016/F_DisAgg06_15.xls,disaggregated_futures_only,fut_disagg_xls_hist_2006_2016,COFFEE C - ICE FUTURES U.S.,91027,2009-10-27,083731,ICUS,1,83,122873,12539,82838,42649,8938,1241,37409,5703,7394,6426,4614,7949,115607,118677,7266,4196,118522,10834,80332,42136,8834,1217,37747,5805,6800,6500,5709,6139,111373,114836,7149,3686,4351,1705,2506,524,115,13,250,486,6,1314,293,422,4234,3841,117,510,421.0,-139.0,920.0,1514.0,-6.0,196.0,481.0,-489.0,-619.0,-911.0,-75.0,722.0,1244.0,649.0,-823.0,-228.0,100,10.2,67.4,34.7,7.3,1.0,30.4,4.6,6.0,5.2,3.8,6.5,94.1,96.6,5.9,3.4,100,9.1,67.8,35.6,7.5,1.0,31.8,4.9,5.7,5.5,4.8,5.2,94.0,96.9,6.0,3.1,100,39.2,57.6,12.0,2.6,0.3,5.7,11.2,0.1,30.2,6.7,9.7,97.3,88.3,2.7,11.7,329,70.0,98.0,21.0,7.0,8.0,90.0,18.0,24.0,36.0,30.0,35.0,254,197,329.0,69.0,98.0,21.0,7.0,6.0,91.0,19.0,23.0,37.0,32.0,34.0,252.0,194.0,63.0,11.0,36.0,5.0,,,,,,4.0,5.0,4.0,27.0,51.0,20.5,24.4,32.8,38.1,20.5,20.1,32.1,33.0,21.1,24.5,32.9,38.7,21.1,21.5,32.9,34.7,74.0,41.7,85.4,56.4,65.7,35.6,75.0,48.4,"(CONTRACTS OF 37,500 POUNDS)",A50,FutOnly
raw_cot_data/disaggregated_futures_only/fut_disagg_xls_hist_2006_2016/F_DisAgg06_15.xls,disaggregated_futures_only,fut_disagg_xls_hist_2006_2016,COFFEE C - ICE FUTURES U.S.,91020,2009-10-20,083731,ICUS,1,83,122452,12678,81918,41135,8944,1045,36928,6192,8013,7337,4689,7227,114363,118028,8089,4424,118517,11064,79831,40687,8841,1021,37266,6294,7419,7447,5512,5613,110517,114531,8000,3986,3935,1614,2087,459,114,13,250,486,6,1098,385,406,3846,3497,89,438,11974.0,-863.0,8364.0,538.0,5.0,360.0,9415.0,52.0,2635.0,-708.0,1557.0,283.0,11660.0,13256.0,314.0,-1282.0,100,10.4,66.9,33.6,7.3,0.9,30.2,5.1,6.5,6.0,3.8,5.9,93.4,96.4,6.6,3.6,100,9.3,67.4,34.3,7.5,0.9,31.4,5.3,6.3,6.3,4.7,4.7,93.2,96.6,6.8,3.4,100,41.0,53.0,11.7,2.9,0.3,6.4,12.4,0.2,27.9,9.8,10.3,97.7,88.9,2.3,11.1,338,71.0,97.0,21.0,8.0,9.0,95.0,18.0,24.0,43.0,32.0,29.0,260,194,338.0,70.0,97.0,21.0,8.0,7.0,96.0,19.0,23.0,44.0,31.0,29.0,259.0,191.0,60.0,13.0,32.0,5.0,,,,,,,6.0,4.0,27.0,48.0,19.8,24.6,32.3,37.7,19.8,19.8,30.6,32.3,20.4,24.7,31.7,38.1,20.4,21.0,31.3,33.8,74.5,41.9,85.8,59.5,65.4,35.2,74.5,48.9,"(CONTRACTS OF 37,500 POUNDS)",A50,FutOnly
raw_cot_data/disaggregated_futures_only/fut_disagg_xls_hist_2006_2016/F_DisAgg06_15.xls,disaggregated_futures_only,fut_disagg_xls_hist_2006_2016,COFFEE C - ICE FUTURES U.S.,91013,2009-10-13,083731,ICUS,1,83,110478,13541,73554,40597,8939,685,27513,6140,5378,8045,3132,6944,102703,104772,7775,5706,107081,12211,71791,40255,8843,661,27849,6242,4786,8071,3674,5640,99473,101637,7608,5444,3397,1330,1763,353,107,13,250,484,6,791,275,487,3230,3135,167,262,8630.0,-1108.0,4771.0,-605.0,-122.0,154.0,7160.0,1.0,-44.0,115.0,278.0,1427.0,7099.0,6465.0,1531.0,2165.0,100,12.3,66.6,36.7,8.1,0.6,24.9,5.6,4.9,7.3,2.8,6.3,93.0,94.8,7.0,5.2,100,11.4,67.0,37.6,8.3,0.6,26.0,5.8,4.5,7.5,3.4,5.3,92.9,94.9,7.1,5.1,100,39.2,51.9,10.4,3.1,0.4,7.4,14.2,0.2,23.3,8.1,14.3,95.1,92.3,4.9,7.7,315,65.0,86.0,21.0,7.0,10.0,81.0,21.0,22.0,51.0,26.0,27.0,244,179,315.0,64.0,85.0,21.0,7.0,8.0,82.0,22.0,21.0,52.0,25.0,27.0,243.0,175.0,57.0,11.0,28.0,5.0,,,,,,,6.0,4.0,26.0,44.0,21.7,24.9,34.2,38.1,21.7,21.1,32.2,33.5,22.3,24.9,33.6,38.4,22.3,22.2,33.0,34.9,71.5,47.5,84.5,66.7,57.8,37.3,68.4,53.0,"(CONTRACTS OF 37,500 POUNDS)",A50,FutOnly
raw_cot_data/disaggregated_futures_only/fut_disagg_xls_hist_2006_2016/F_DisAgg06_15.xls,disaggregated_futures_only,fut_disagg_xls_hist_2006_2016,COFFEE C - ICE FUTURES U.S.,91006,2009-10-06,083731,ICUS,1,83,101848,14649,68783,41202,9061,531,20353,6139,5422,7930,2854,5517,95604,98307,6244,3541,98918,13452,67394,40871,8980,507,20689,6241,4830,7963,3253,4484,92796,95689,6122,3229,2930,1197,1389,342,92,13,250,484,6,609,243,391,2808,2618,122,312,2908.0,-968.0,338.0,710.0,-14.0,232.0,576.0,1448.0,131.0,372.0,-188.0,1311.0,2364.0,3258.0,544.0,-350.0,100,14.4,67.5,40.5,8.9,0.5,20.0,6.0,5.3,7.8,2.8,5.4,93.9,96.5,6.1,3.5,100,13.6,68.1,41.3,9.1,0.5,20.9,6.3,4.9,8.1,3.3,4.5,93.8,96.7,6.2,3.3,100,40.9,47.4,11.7,3.1,0.4,8.5,16.5,0.2,20.8,8.3,13.3,95.8,89.4,4.2,10.6,299,65.0,90.0,21.0,7.0,7.0,65.0,23.0,23.0,46.0,29.0,26.0,221,185,299.0,64.0,88.0,21.0,7.0,6.0,66.0,24.0,22.0,48.0,27.0,25.0,220.0,180.0,51.0,9.0,26.0,5.0,,,,,,,5.0,4.0,24.0,39.0,23.9,26.0,36.1,38.7,23.9,22.4,35.3,35.1,24.6,26.3,36.3,39.3,24.6,23.4,36.1,36.5,69.8,48.4,84.7,66.8,57.7,39.6,70.8,55.7,"(CONTRACTS OF 37,500 POUNDS)",A50,FutOnly
raw_cot_data/disaggregated_futures_only/fut_disagg_xls_hist_2006_2016/F_DisAgg06_15.xls,disaggregated_futures_only,fut_disagg_xls_hist_2006_2016,COFFEE C - ICE FUTURES U.S.,90929,2009-09-29,083731,ICUS,1,83,98940,15617,68445,40492,9075,299,19777,4691,5291,7558,3042,4206,93240,95049,5700,3891,95975,14437,66949,40153,8994,279,20113,4783,4709,7599,3481,3123,90413,92318,5562,3657,2965,1180,1496,350,92,9,240,484,6,644,246,398,2827,2731,138,234,-4634.0,530.0,-1656.0,-1181.0,87.0,-73.0,-2577.0,-2420.0,162.0,37.0,979.0,-940.0,-4042.0,-3861.0,-592.0,-773.0,100,15.8,69.2,40.9,9.2,0.3,20.0,4.7,5.3,7.6,3.1,4.3,94.2,96.1,5.8,3.9,100,15.0,69.8,41.8,9.4,0.3,21.0,5.0,4.9,7.9,3.6,3.3,94.2,96.2,5.8,3.8,100,39.8,50.5,11.8,3.1,0.3,8.1,16.3,0.2,21.7,8.3,13.4,95.3,92.1,4.7,7.9,282,62.0,86.0,20.0,8.0,7.0,57.0,23.0,18.0,40.0,28.0,25.0,203,177,282.0,61.0,84.0,20.0,8.0,6.0,58.0,25.0,17.0,41.0,28.0,23.0,201.0,172.0,53.0,9.0,28.0,5.0,,,,,,,5.0,5.0,25.0,41.0,24.4,26.7,36.4,40.2,24.4,23.2,35.9,36.6,25.1,27.0,36.8,40.9,25.1,24.2,36.7,38.0,67.8,47.6,82.7,65.8,56.0,39.1,67.5,55.0,"(CONTRACTS OF 37,500 POUNDS)",A50,FutOnly
raw_cot_data/disaggregated_futures_only/fut_disagg_xls_hist_2006_2016/F_DisAgg06_15.xls,disaggregated_futures_only,fut_disagg_xls_hist_2006_2016,COFFEE C - ICE FUTURES U.S.,90922,2009-09-22,083731,ICUS,1,83,103574,15087,70101,41673,8988,372,22354,7111,5129,7521,2063,5146,97282,98910,6292,4664,101091,14032,68683,41580,8907,352,22690,7200,4547,7517,2851,4172,94890,96712,6201,4379,2483,1055,1418,104,92,9,240,487,6,815,23,163,2392,2198,91,285,7289.0,-458.0,8267.0,938.0,399.0,59.0,5905.0,-4958.0,269.0,-2139.0,932.0,1865.0,6439.0,6833.0,850.0,456.0,100,14.6,67.7,40.2,8.7,0.4,21.6,6.9,5.0,7.3,2.0,5.0,93.9,95.5,6.1,4.5,100,13.9,67.9,41.1,8.8,0.3,22.4,7.1,4.5,7.4,2.8,4.1,93.9,95.7,6.1,4.3,100,42.5,57.1,4.2,3.7,0.4,9.7,19.6,0.2,32.8,0.9,6.6,96.3,88.5,3.7,11.5,292,59.0,88.0,22.0,7.0,5.0,63.0,26.0,22.0,47.0,22.0,25.0,217,173,292.0,59.0,86.0,22.0,7.0,4.0,64.0,27.0,21.0,48.0,21.0,25.0,217.0,169.0,51.0,7.0,27.0,5.0,,,,,,,,4.0,23.0,38.0,23.5,26.0,35.7,39.6,23.4,22.7,35.0,36.0,24.0,26.2,35.8,40.0,24.0,23.6,35.8,37.1,74.7,49.4,89.0,66.6,70.4,44.9,78.7,60.3,"(CONTRACTS OF 37,500 POUNDS)",A50,FutOnly
raw_cot_data/disaggregated_futures_only/fut_disagg_xls_hist_2006_2016/F_DisAgg06_15.xls,disaggregated_futures_only,fut_disagg_xls_hist_2006_2016,COFFEE C - ICE FUTURES U.S.,90915,2009-09-15,083731,ICUS,1,83,96285,15545,61834,40735,8589,313,16449,12069,4860,9660,1131,3281,90843,92077,5442,4208,94335,14828,60715,40630,8508,293,16788,12161,4275,9652,1881,2506,88972,90339,5363,3996,1950,717,1119,116,92,9,240,487,6,766,8,17,1871,1738,79,212,140.0,-726.0,5383.0,361.0,-52.0,84.0,1667.0,-2577.0,-220.0,986.0,191.0,-1084.0,1068.0,1725.0,-928.0,-1585.0,100,16.1,64.2,42.3,8.9,0.3,17.1,12.5,5.0,10.0,1.2,3.4,94.3,95.6,5.7,4.4,100,15.7,64.4,43.1,9.0,0.3,17.8,12.9,4.5,10.2,2.0,2.7,94.3,95.8,5.7,4.2,100,36.8,57.4,5.9,4.7,0.5,12.3,25.0,0.3,39.3,0.4,0.9,95.9,89.1,4.1,10.9,294,65.0,82.0,21.0,6.0,6.0,56.0,37.0,19.0,53.0,17.0,17.0,212,170,294.0,65.0,80.0,21.0,6.0,5.0,57.0,38.0,17.0,53.0,17.0,16.0,212.0,164.0,44.0,5.0,22.0,4.0,,,,,,5.0,,4.0,20.0,33.0,24.8,26.2,35.6,38.9,24.8,23.6,35.6,36.2,25.3,26.3,36.3,39.3,25.2,24.3,36.3,37.2,78.2,60.3,90.5,75.3,75.6,53.7,84.2,68.4,"(CONTRACTS OF 37,500 POUNDS)",A50,FutOnly
raw_cot_data/disaggregated_futures_only/fut_disagg_xls_hist_2006_2016/F_DisAgg06_15.xls,disaggregated_futures_only,fut_disagg_xls_hist_2006_2016,COFFEE C - ICE FUTURES U.S.,90908,2009-09-08,083731,ICUS,1,83,96145,16271,56451,40374,8641,229,14782,14646,5080,8674,940,4365,89775,90352,6370,5793,94361,15566,55449,40270,8560,209,15121,14738,4495,8653,1530,3748,88062,88729,6299,5632,1784,705,1002,115,92,9,240,487,6,621,10,17,1713,1623,71,161,1369.0,1027.0,-26.0,378.0,-281.0,6.0,563.0,2859.0,-65.0,-69.0,-27.0,-311.0,1529.0,2155.0,-160.0,-786.0,100,16.9,58.7,42.0,9.0,0.2,15.4,15.2,5.3,9.0,1.0,4.5,93.4,94.0,6.6,6.0,100,16.5,58.8,42.7,9.1,0.2,16.0,15.6,4.8,9.2,1.6,4.0,93.3,94.0,6.7,6.0,100,39.5,56.2,6.4,5.2,0.5,13.5,27.3,0.3,34.8,0.6,1.0,96.0,91.0,4.0,9.0,294,76.0,84.0,21.0,5.0,6.0,46.0,42.0,20.0,54.0,12.0,22.0,217,179,294.0,76.0,82.0,21.0,5.0,5.0,47.0,44.0,18.0,53.0,13.0,21.0,217.0,173.0,43.0,5.0,22.0,,,,,,,4.0,,4.0,19.0,33.0,24.5,25.2,34.7,38.7,24.5,22.9,34.7,36.2,24.9,25.2,35.3,39.0,24.9,23.6,35.3,37.1,74.7,65.9,89.7,79.7,72.0,58.7,83.0,71.5,"(CONTRACTS OF 37,500 POUNDS)",A50,FutOnly
raw_cot_data/disaggregated_futures_only/fut_disagg_xls_hist_2006_2016/F_DisAgg06_15.xls,disaggregated_futures_only,fut_disagg_xls_hist_2006_2016,COFFEE C - ICE FUTURES U.S.,90901,2009-09-01,083731,ICUS,1,83,94776,15244,56477,39996,8922,223,14219,11787,5145,8743,967,4676,88246,88197,6530,6579,92982,14539,55475,39880,8841,203,14604,11879,4514,8725,1470,4105,86570,86487,6412,6495,1794,705,1002,127,92,9,240,533,6,531,10,58,1676,1710,118,84,1751.0,946.0,-4628.0,1513.0,900.0,36.0,-1797.0,5342.0,30.0,872.0,-678.0,276.0,1876.0,1278.0,-125.0,473.0,100,16.1,59.6,42.2,9.4,0.2,15.0,12.4,5.4,9.2,1.0,4.9,93.1,93.1,6.9,6.9,100,15.6,59.7,42.9,9.5,0.2,15.7,12.8,4.9,9.4,1.6,4.4,93.1,93.0,6.9,7.0,100,39.3,55.9,7.1,5.1,0.5,13.4,29.7,0.3,29.6,0.6,3.2,93.4,95.3,6.6,4.7,282,76.0,85.0,20.0,6.0,7.0,41.0,40.0,18.0,53.0,12.0,19.0,207,174,282.0,76.0,84.0,20.0,6.0,6.0,42.0,41.0,16.0,52.0,13.0,18.0,207.0,169.0,43.0,5.0,22.0,,,,,,,4.0,,4.0,19.0,33.0,24.8,24.8,35.4,37.9,24.8,22.6,35.0,35.3,25.3,24.8,35.7,38.1,25.3,23.3,35.6,36.2,71.8,68.1,87.4,81.8,66.8,61.0,78.3,73.7,"(CONTRACTS OF 37,500 POUNDS)",A50,FutOnly
raw_cot_data/disaggregated_futures_only/fut_disagg_xls_hist_2006_2016/F_DisAgg06_15.xls,disaggregated_futures_only,fut_disagg_xls_hist_2006_2016,COFFEE C - ICE FUTURES U.S.,90825,2009-08-25,083731,ICUS,1,83,93025,14298,61105,38483,8022,187,16016,6445,5115,7871,1645,4400,86370,86919,6655,6106,541,537,384,0,0,0,0,0,0,0,10,0,537,394,4,147,92484,13761,60721,38483,8022,187,16016,6445,5115,7871,1635,4400,85833,86525,6651,5959,-9565.0,-4223.0,-15708.0,814.0,4321.0,-202.0,-5188.0,2640.0,37.0,734.0,45.0,-686.0,-8714.0,-9553.0,-851.0,-12.0,100,15.4,65.7,41.4,8.6,0.2,17.2,6.9,5.5,8.5,1.8,4.7,92.8,93.4,7.2,6.6,100,99.3,71.0,0.0,0.0,0.0,0.0,0.0,0.0,0.0,1.8,0.0,99.3,72.8,0.7,27.2,100,14.9,65.7,41.6,8.7,0.2,17.3,7.0,5.5,8.5,1.8,4.8,92.8,93.6,7.2,6.4,279,67.0,87.0,21.0,4.0,8.0,51.0,27.0,17.0,53.0,12.0,18.0,208,161,24.0,4.0,20.0,0.0,0.0,0.0,0.0,0.0,0.0,0.0,,0.0,4.0,21.0,278.0,67.0,86.0,21.0,4.0,8.0,51.0,27.0,17.0,53.0,12.0,18.0,208.0,160.0,24.6,25.6,35.1,39.3,24.6,23.4,34.9,36.6,99.3,49.4,99.3,62.1,99.1,49.4,99.1,62.1,24.8,25.6,35.4,39.3,24.8,23.4,35.1,36.7,"(CONTRACTS OF 37,500 POUNDS)",A50,FutOnly
raw_cot_data/disaggregated_futures_only/fut_disagg_xls_hist_2006_2016/F_DisAgg06_15.xls,disaggregated_futures_only,fut_disagg_xls_hist_2006_2016,COFFEE C - ICE FUTURES U.S.,90818,2009-08-18,083731,ICUS,1,83,102590,18521,76813,37669,3701,389,21204,3805,5078,7137,1600,5086,95084,96472,7506,6118,10627,6855,8960,684,139,30,845,317,0,610,236,30,9054,9712,1573,915,91963,11666,67853,37119,3696,225,20359,3488,5078,6688,1525,4895,86030,86760,5933,5203,-3680.0,2276.0,2948.0,-63.0,-546.0,-341.0,-2510.0,-1926.0,-778.0,156.0,-1712.0,327.0,-933.0,-2028.0,-2747.0,-1652.0,100,18.1,74.9,36.7,3.6,0.4,20.7,3.7,4.9,7.0,1.6,5.0,92.7,94.0,7.3,6.0,100,64.5,84.3,6.4,1.3,0.3,8.0,3.0,0.0,5.7,2.2,0.3,85.2,91.4,14.8,8.6,100,12.7,73.8,40.4,4.0,0.2,22.1,3.8,5.5,7.3,1.7,5.3,93.5,94.3,6.5,5.7,267,68.0,89.0,20.0,4.0,10.0,60.0,14.0,19.0,45.0,19.0,23.0,213,164,116.0,35.0,50.0,6.0,5.0,,8.0,,0.0,8.0,9.0,,58.0,66.0,262.0,57.0,87.0,20.0,4.0,7.0,58.0,14.0,19.0,46.0,19.0,18.0,197.0,156.0,22.2,25.6,35.4,40.5,22.2,21.1,31.5,34.6,55.9,66.2,64.2,76.4,55.9,66.0,64.2,75.4,24.3,27.2,35.5,42.4,24.3,24.6,34.6,38.8,"(CONTRACTS OF 37,500 POUNDS)",A50,FutOnly
raw_cot_data/disaggregated_futures_only/fut_disagg_xls_hist_2006_2016/F_DisAgg06_15.xls,disaggregated_futures_only,fut_disagg_xls_hist_2006_2016,COFFEE C - ICE FUTURES U.S.,90811,2009-08-11,083731,ICUS,1,83,106270,16245,73865,37732,4247,730,23714,5731,5856,6981,3312,4759,96017,98500,10253,7770,35980,4191,21544,12407,3134,53,11092,5101,217,2417,2619,33,30410,32701,5570,3279,70290,12054,52321,25851,1639,151,14093,2101,4168,5704,1833,3586,65607,65799,4683,4491,2437.0,-2695.0,4651.0,889.0,421.0,-96.0,5671.0,-2533.0,-1689.0,-713.0,575.0,-52.0,1315.0,1277.0,1122.0,1160.0,100,15.3,69.5,35.5,4.0,0.7,22.3,5.4,5.5,6.6,3.1,4.5,90.4,92.7,9.6,7.3,100,11.6,59.9,34.5,8.7,0.1,30.8,14.2,0.6,6.7,7.3,0.1,84.5,90.9,15.5,9.1,100,17.1,74.4,36.8,2.3,0.2,20.0,3.0,5.9,8.1,2.6,5.1,93.3,93.6,6.7,6.4,308,73.0,93.0,18.0,5.0,10.0,69.0,22.0,19.0,52.0,25.0,30.0,242,183,246.0,42.0,63.0,15.0,6.0,,45.0,21.0,4.0,31.0,30.0,,136.0,124.0,252.0,52.0,88.0,17.0,5.0,6.0,44.0,12.0,10.0,49.0,21.0,15.0,175.0,146.0,22.0,24.3,31.8,37.4,22.0,21.2,30.7,33.9,27.5,41.5,38.0,53.3,27.5,41.3,38.0,52.6,20.2,23.7,34.1,40.0,19.9,23.0,31.7,37.5,"(CONTRACTS OF 37,500 POUNDS)",A50,FutOnly
raw_cot_data/disaggregated_futures_only/fut_disagg_xls_hist_2006_2016/F_DisAgg06_15.xls,disaggregated_futures_only,fut_disagg_xls_hist_2006_2016,COFFEE C - ICE FUTURES U.S.,90804,2009-08-04,083731,ICUS,1,83,103833,18940,69214,36843,3826,826,18043,8264,7545,7694,2737,4811,94702,97223,9131,6610,49157,6464,29472,19249,3235,0,15143,9076,224,2575,4110,28,43683,46145,5474,3012,54676,12476,39742,18177,1174,243,7766,4054,2455,7945,1453,1957,51019,51078,3657,3598,-1770.0,-4139.0,3092.0,-29.0,357.0,659.0,2557.0,-4871.0,-897.0,-784.0,172.0,937.0,-1696.0,-551.0,-74.0,-1219.0,100,18.2,66.7,35.5,3.7,0.8,17.4,8.0,7.3,7.4,2.6,4.6,91.2,93.6,8.8,6.4,100,13.1,60.0,39.2,6.6,0.0,30.8,18.5,0.5,5.2,8.4,0.1,88.9,93.9,11.1,6.1,100,22.8,72.7,33.2,2.1,0.4,14.2,7.4,4.5,14.5,2.7,3.6,93.3,93.4,6.7,6.6,299,73.0,90.0,17.0,4.0,7.0,63.0,25.0,17.0,58.0,21.0,31.0,236,177,261.0,42.0,62.0,16.0,4.0,0.0,51.0,25.0,4.0,34.0,35.0,,145.0,130.0,222.0,59.0,79.0,15.0,5.0,6.0,32.0,8.0,6.0,49.0,15.0,14.0,165.0,124.0,22.4,24.9,34.0,36.7,22.4,20.9,31.0,32.6,30.7,40.2,44.2,50.8,30.7,39.9,44.2,50.4,23.7,24.4,38.3,42.7,22.4,23.7,34.8,42.0,"(CONTRACTS OF 37,500 POUNDS)",A50,FutOnly
raw_cot_data/disaggregated_futures_only/fut_disagg_xls_hist_2006_2016/F_DisAgg06_15.xls,disaggregated_futures_only,fut_disagg_xls_hist_2006_2016,COFFEE C - ICE FUTURES U.S.,90728,2009-07-28,083731,ICUS,1,83,105603,23079,66122,36872,3469,167,15486,13135,8442,8478,2565,3874,96398,97774,9205,7829,55905,8350,31439,22132,2675,0,16274,14294,279,3425,2948,91,50551,51726,5354,4179,49698,14729,34683,14757,811,150,5111,4740,2264,7082,1646,1754,45847,46048,3851,3650,-2075.0,-2092.0,-549.0,327.0,-264.0,-50.0,-619.0,-1349.0,-719.0,359.0,10.0,696.0,-2098.0,-2225.0,23.0,150.0,100,21.9,62.6,34.9,3.3,0.2,14.7,12.4,8.0,8.0,2.4,3.7,91.3,92.6,8.7,7.4,100,14.9,56.2,39.6,4.8,0.0,29.1,25.6,0.5,6.1,5.3,0.2,90.4,92.5,9.6,7.5,100,29.6,69.8,29.7,1.6,0.3,10.3,9.5,4.6,14.3,3.3,3.5,92.3,92.7,7.7,7.3,292,73.0,86.0,19.0,,7.0,47.0,37.0,18.0,54.0,22.0,24.0,215,182,272.0,47.0,59.0,19.0,,0.0,44.0,39.0,6.0,43.0,29.0,4.0,159.0,134.0,203.0,60.0,76.0,16.0,4.0,7.0,19.0,9.0,5.0,42.0,15.0,9.0,144.0,120.0,21.9,25.6,34.4,37.4,21.5,20.1,30.9,31.8,29.1,41.9,42.4,53.1,29.1,41.6,42.4,52.6,27.4,24.8,42.0,42.2,25.1,24.8,37.0,41.5,"(CONTRACTS OF 37,500 POUNDS)",A50,FutOnly
raw_cot_data/disaggregated_futures_only/fut_disagg_xls_hist_2006_2016/F_DisAgg06_15.xls,disaggregated_futures_only,fut_disagg_xls_hist_2006_2016,COFFEE C - ICE FUTURES U.S.,90721,2009-07-21,083731,ICUS,1,83,107678,25171,66671,36545,3733,217,16105,14484,9161,8119,2555,3178,98496,99999,9182,7679,60974,10291,34782,23580,2888,0,17183,15980,253,4124,2699,102,55533,56704,5441,4270,46704,14880,31889,12989,869,193,5275,4857,2555,5739,1600,1332,42963,43295,3741,3409,29.0,-1340.0,212.0,-227.0,-69.0,44.0,811.0,312.0,86.0,-126.0,-236.0,302.0,-450.0,651.0,479.0,-622.0,100,23.4,61.9,33.9,3.5,0.2,15.0,13.5,8.5,7.5,2.4,3.0,91.5,92.9,8.5,7.1,100,16.9,57.0,38.7,4.7,0.0,28.2,26.2,0.4,6.8,4.4,0.2,91.1,93.0,8.9,7.0,100,31.9,68.3,27.8,1.9,0.4,11.3,10.4,5.5,12.3,3.4,2.9,92.0,92.7,8.0,7.3,292,80.0,87.0,18.0,4.0,6.0,49.0,39.0,20.0,51.0,21.0,22.0,220,183,276.0,57.0,56.0,18.0,4.0,0.0,47.0,41.0,8.0,42.0,24.0,,169.0,130.0,200.0,61.0,76.0,14.0,6.0,5.0,18.0,11.0,4.0,35.0,19.0,10.0,134.0,126.0,22.2,26.3,34.8,38.6,21.0,20.1,30.3,32.2,27.6,42.3,40.8,52.9,27.6,41.9,40.8,52.2,30.8,26.4,44.6,42.8,27.7,26.4,39.7,41.1,"(CONTRACTS OF 37,500 POUNDS)",A50,FutOnly
raw_cot_data/disaggregated_futures_only/fut_disagg_xls_hist_2006_2016/F_DisAgg06_15.xls,disaggregated_futures_only,fut_disagg_xls_hist_2006_2016,COFFEE C - ICE FUTURES U.S.,90714,2009-07-14,083731,ICUS,1,83,107649,26511,66459,36772,3802,173,15294,14172,9075,8245,2791,2876,98946,99348,8703,8301,61690,11032,35750,24230,2984,0,16411,15007,298,4265,2586,154,56390,56779,5300,4911,45959,15479,30709,12566,842,149,5011,5293,2649,5326,1551,1376,42556,42569,3403,3390,-3729.0,1255.0,-3689.0,-419.0,-191.0,43.0,-2987.0,1520.0,-1477.0,-633.0,30.0,80.0,-4138.0,-3684.0,409.0,-45.0,100,24.6,61.7,34.2,3.5,0.2,14.2,13.2,8.4,7.7,2.6,2.7,91.9,92.3,8.1,7.7,100,17.9,58.0,39.3,4.8,0.0,26.6,24.3,0.5,6.9,4.2,0.2,91.4,92.0,8.6,8.0,100,33.7,66.8,27.3,1.8,0.3,10.9,11.5,5.8,11.6,3.4,3.0,92.6,92.6,7.4,7.4,291,77.0,81.0,19.0,4.0,5.0,45.0,45.0,20.0,51.0,21.0,19.0,214,178,279.0,59.0,52.0,19.0,4.0,0.0,46.0,45.0,7.0,46.0,23.0,,174.0,130.0,188.0,55.0,72.0,15.0,6.0,4.0,17.0,12.0,6.0,33.0,15.0,8.0,126.0,118.0,22.3,26.8,34.5,39.0,20.5,20.0,29.8,32.0,26.7,43.0,39.0,53.9,26.7,42.6,39.0,53.0,32.8,26.9,47.2,42.9,30.0,26.9,42.5,41.2,"(CONTRACTS OF 37,500 POUNDS)",A50,FutOnly
raw_cot_data/disaggregated_futures_only/fut_disagg_xls_hist_2006_2016/F_DisAgg06_15.xls,disaggregated_futures_only,fut_disagg_xls_hist_2006_2016,COFFEE C - ICE FUTURES U.S.,90707,2009-07-07,083731,ICUS,1,83,111378,25256,70148,37191,3993,130,18281,12652,10552,8878,2761,2796,103084,103032,8294,8346,66057,9954,39428,25047,3271,0,19958,15418,276,5289,2197,158,60682,60748,5375,5309,45321,15302,30720,12168,746,106,6183,5094,2416,4940,1915,1287,42402,42284,2919,3037,-24.0,-631.0,-3410.0,-84.0,31.0,-1.0,-570.0,1465.0,101.0,109.0,76.0,60.0,-1016.0,-1678.0,992.0,1654.0,100,22.7,63.0,33.4,3.6,0.1,16.4,11.4,9.5,8.0,2.5,2.5,92.6,92.5,7.4,7.5,100,15.1,59.7,37.9,5.0,0.0,30.2,23.3,0.4,8.0,3.3,0.2,91.9,92.0,8.1,8.0,100,33.8,67.8,26.8,1.6,0.2,13.6,11.2,5.3,10.9,4.2,2.8,93.6,93.3,6.4,6.7,301,79.0,82.0,19.0,4.0,6.0,52.0,40.0,20.0,55.0,18.0,21.0,224,179,292.0,59.0,60.0,19.0,4.0,0.0,50.0,44.0,7.0,54.0,19.0,,186.0,133.0,192.0,56.0,74.0,15.0,5.0,5.0,20.0,12.0,6.0,30.0,16.0,9.0,126.0,124.0,22.8,27.1,37.1,39.3,20.3,19.7,28.8,31.1,29.1,42.2,42.0,53.6,29.1,41.9,42.0,53.0,36.3,26.5,51.0,42.7,32.1,26.5,46.0,40.8,"(CONTRACTS OF 37,500 POUNDS)",A50,FutOnly
raw_cot_data/disaggregated_futures_only/fut_disagg_xls_hist_2006_2016/F_DisAgg06_15.xls,disaggregated_futures_only,fut_disagg_xls_hist_2006_2016,COFFEE C - ICE FUTURES U.S.,90630,2009-06-30,083731,ICUS,1,83,111402,25887,73558,37275,3962,131,18851,11187,10451,8769,2685,2736,104100,104710,7302,6692,67355,10162,42396,25347,3331,2,20717,14952,280,5694,2054,168,62370,63183,4985,4172,44047,15725,31162,11951,654,106,6899,5000,1406,4459,2015,1184,41730,41527,2317,2520,-1051.0,1347.0,-653.0,-1073.0,-1409.0,-1171.0,449.0,3560.0,-420.0,39.0,-222.0,-145.0,-974.0,-460.0,-77.0,-591.0,100,23.2,66.0,33.5,3.6,0.1,16.9,10.0,9.4,7.9,2.4,2.5,93.4,94.0,6.6,6.0,100,15.1,62.9,37.6,4.9,0.0,30.8,22.2,0.4,8.5,3.0,0.2,92.6,93.8,7.4,6.2,100,35.7,70.7,27.1,1.5,0.2,15.7,11.4,3.2,10.1,4.6,2.7,94.7,94.3,5.3,5.7,294,76.0,86.0,19.0,4.0,7.0,53.0,32.0,19.0,58.0,15.0,22.0,225,173,284.0,54.0,63.0,19.0,4.0,,53.0,34.0,6.0,55.0,17.0,,185.0,123.0,189.0,51.0,77.0,15.0,5.0,5.0,18.0,12.0,,26.0,19.0,10.0,116.0,127.0,24.1,28.4,38.5,40.2,20.6,20.1,29.1,31.1,28.4,42.0,42.2,56.0,28.4,41.2,42.2,55.0,39.6,27.1,54.2,41.9,35.1,27.1,49.7,40.9,"(CONTRACTS OF 37,500 POUNDS)",A50,FutOnly
raw_cot_data/disaggregated_futures_only/fut_disagg_xls_hist_2006_2016/F_DisAgg06_15.xls,disaggregated_futures_only,fut_disagg_xls_hist_2006_2016,COFFEE C - ICE FUTURES U.S.,90623,2009-06-23,083731,ICUS,1,83,112453,24540,74211,38348,5371,1302,18402,7627,10871,8730,2907,2881,105074,105170,7379,7283,68715,9644,43163,27778,6087,10,20391,11545,378,5588,2437,190,63979,63810,4736,4905,43738,14896,31048,11778,492,84,6777,4848,1727,4595,1923,1238,41095,41360,2643,2378,-13718.0,-4424.0,-11426.0,-20.0,-524.0,-255.0,-5674.0,1803.0,-2760.0,1318.0,-381.0,-621.0,-12436.0,-14164.0,-1282.0,446.0,100,21.8,66.0,34.1,4.8,1.2,16.4,6.8,9.7,7.8,2.6,2.6,93.4,93.5,6.6,6.5,100,14.0,62.8,40.4,8.9,0.0,29.7,16.8,0.6,8.1,3.5,0.3,93.1,92.9,6.9,7.1,100,34.1,71.0,26.9,1.1,0.2,15.5,11.1,3.9,10.5,4.4,2.8,94.0,94.6,6.0,5.4,293,75.0,87.0,19.0,4.0,9.0,53.0,25.0,22.0,59.0,18.0,28.0,232,176,284.0,54.0,64.0,19.0,4.0,,53.0,28.0,10.0,55.0,23.0,4.0,188.0,128.0,190.0,50.0,78.0,17.0,4.0,6.0,18.0,9.0,4.0,29.0,20.0,12.0,120.0,127.0,22.4,31.2,37.5,42.4,19.4,23.2,30.3,33.3,25.3,44.9,41.6,57.1,25.3,44.6,41.6,56.5,38.7,27.5,53.1,42.7,34.7,27.5,49.1,41.9,"(CONTRACTS OF 37,500 POUNDS)",A50,FutOnly
raw_cot_data/disaggregated_futures_only/fut_disagg_xls_hist_2006_2016/F_DisAgg06_15.xls,disaggregated_futures_only,fut_disagg_xls_hist_2006_2016,COFFEE C - ICE FUTURES U.S.,90616,2009-06-16,083731,ICUS,1,83,126171,28964,85637,38368,5895,1557,24076,5824,13631,7412,3288,3502,117510,119334,8661,6837,83723,15044,55073,28073,6655,269,26027,11631,2186,5465,2554,497,77561,78865,6162,4858,42448,13920,30564,11539,484,44,7935,4079,1559,3219,2006,1733,39949,40469,2499,1979,-10266.0,2956.0,-6803.0,1094.0,394.0,-559.0,-9014.0,179.0,376.0,-1155.0,-311.0,-2606.0,-8908.0,-9330.0,-1358.0,-936.0,100,23.0,67.9,30.4,4.7,1.2,19.1,4.6,10.8,5.9,2.6,2.8,93.1,94.6,6.9,5.4,100,18.0,65.8,33.5,7.9,0.3,31.1,13.9,2.6,6.5,3.1,0.6,92.6,94.2,7.4,5.8,100,32.8,72.0,27.2,1.1,0.1,18.7,9.6,3.7,7.6,4.7,4.1,94.1,95.3,5.9,4.7,302,77.0,91.0,19.0,7.0,13.0,65.0,18.0,19.0,52.0,22.0,33.0,248,181,297.0,62.0,75.0,19.0,7.0,6.0,63.0,23.0,12.0,54.0,24.0,8.0,215.0,142.0,184.0,46.0,77.0,16.0,5.0,5.0,20.0,4.0,5.0,25.0,23.0,9.0,111.0,124.0,24.2,30.5,38.4,42.3,17.2,19.0,27.1,29.4,22.3,42.6,36.8,55.3,20.8,35.2,34.4,47.5,39.8,24.2,53.8,41.3,35.8,23.9,49.7,40.0,"(CONTRACTS OF 37,500 POUNDS)",A50,FutOnly
raw_cot_data/disaggregated_futures_only/fut_disagg_xls_hist_2006_2016/F_DisAgg06_15.xls,disaggregated_futures_only,fut_disagg_xls_hist_2006_2016,COFFEE C - ICE FUTURES U.S.,90609,2009-06-09,083731,ICUS,1,83,136437,26008,92440,37274,5501,2116,33090,5645,13255,8567,3599,6108,126418,128664,10019,7773,94477,11316,62084,30092,6188,810,34910,12120,935,6684,4321,2449,87196,88907,7281,5570,41960,14692,30356,8392,523,96,9841,5186,659,3614,1009,1928,39222,39757,2738,2203,-8197.0,-424.0,-3342.0,-956.0,-49.0,56.0,-3120.0,-2422.0,-1965.0,-651.0,-82.0,-841.0,-7901.0,-8645.0,-296.0,448.0,100,19.1,67.8,27.3,4.0,1.6,24.3,4.1,9.7,6.3,2.6,4.5,92.7,94.3,7.3,5.7,100,12.0,65.7,31.9,6.5,0.9,37.0,12.8,1.0,7.1,4.6,2.6,92.3,94.1,7.7,5.9,100,35.0,72.3,20.0,1.2,0.2,23.5,12.4,1.6,8.6,2.4,4.6,93.5,94.7,6.5,5.3,317,72.0,93.0,19.0,6.0,11.0,83.0,11.0,20.0,50.0,32.0,39.0,265,180,312.0,60.0,79.0,19.0,6.0,7.0,81.0,14.0,13.0,50.0,33.0,27.0,239.0,154.0,185.0,42.0,79.0,14.0,5.0,5.0,19.0,5.0,4.0,26.0,20.0,11.0,111.0,124.0,19.9,26.6,33.2,38.3,15.5,18.3,25.7,28.9,19.8,36.7,33.3,49.3,19.8,36.3,33.3,48.9,45.5,23.5,56.8,38.5,42.8,23.5,53.5,37.3,"(CONTRACTS OF 37,500 POUNDS)",A50,FutOnly
raw_cot_data/disaggregated_futures_only/fut_disagg_xls_hist_2006_2016/F_DisAgg06_15.xls,disaggregated_futures_only,fut_disagg_xls_hist_2006_2016,COFFEE C - ICE FUTURES U.S.,90602,2009-06-02,083731,ICUS,1,83,144634,26432,95782,38230,5550,2060,36210,8067,15220,9218,3681,6949,134319,137309,10315,7325,105263,12288,67815,33275,6385,580,39114,15915,1170,7569,4382,3353,97349,99600,7914,5663,39371,14144,27967,6379,589,56,10513,5569,633,3275,925,1970,36970,37709,2401,1662,3085.0,-1028.0,5475.0,717.0,-27.0,41.0,3535.0,-331.0,-415.0,1101.0,-245.0,-839.0,3112.0,3659.0,-27.0,-574.0,100,18.3,66.2,26.4,3.8,1.4,25.0,5.6,10.5,6.4,2.5,4.8,92.9,94.9,7.1,5.1,100,11.7,64.4,31.6,6.1,0.6,37.2,15.1,1.1,7.2,4.2,3.2,92.5,94.6,7.5,5.4,100,35.9,71.0,16.2,1.5,0.1,26.7,14.1,1.6,8.3,2.3,5.0,93.9,95.8,6.1,4.2,336,69.0,92.0,21.0,5.0,10.0,89.0,22.0,22.0,51.0,34.0,39.0,273,190,334.0,54.0,85.0,20.0,6.0,5.0,88.0,25.0,14.0,50.0,36.0,29.0,246.0,171.0,175.0,44.0,76.0,16.0,5.0,,16.0,6.0,4.0,24.0,21.0,11.0,106.0,120.0,20.1,26.8,34.1,38.2,16.2,18.2,25.8,28.3,20.8,35.3,34.3,48.3,20.8,34.8,34.3,47.8,50.4,25.5,62.2,40.1,47.5,25.5,57.5,39.6,"(CONTRACTS OF 37,500 POUNDS)",A50,FutOnly
raw_cot_data/disaggregated_futures_only/fut_disagg_xls_hist_2006_2016/F_DisAgg06_15.xls,disaggregated_futures_only,fut_disagg_xls_hist_2006_2016,COFFEE C - ICE FUTURES U.S.,90526,2009-05-26,083731,ICUS,1,83,141549,27460,90307,37513,5577,2019,32675,8398,15635,8117,3926,7788,131207,133650,10342,7899,101927,13618,64685,32607,6355,620,37075,15141,1028,5691,4661,3131,93770,95621,8157,6306,39622,13842,25622,6259,575,46,9413,7070,794,3945,784,3138,37437,38029,2185,1593,4536.0,-399.0,3852.0,1034.0,14.0,78.0,2712.0,-869.0,431.0,1105.0,833.0,254.0,5215.0,4593.0,-679.0,-57.0,100,19.4,63.8,26.5,3.9,1.4,23.1,5.9,11.0,5.7,2.8,5.5,92.7,94.4,7.3,5.6,100,13.4,63.5,32.0,6.2,0.6,36.4,14.9,1.0,5.6,4.6,3.1,92.0,93.8,8.0,6.2,100,34.9,64.7,15.8,1.5,0.1,23.8,17.8,2.0,10.0,2.0,7.9,94.5,96.0,5.5,4.0,327,64.0,94.0,20.0,6.0,10.0,85.0,20.0,20.0,44.0,36.0,37.0,255,191,326.0,48.0,84.0,19.0,7.0,5.0,83.0,24.0,15.0,45.0,39.0,29.0,229.0,172.0,174.0,43.0,73.0,15.0,5.0,,13.0,5.0,,24.0,22.0,10.0,99.0,118.0,20.2,26.7,33.7,39.0,14.8,18.2,25.1,28.5,20.5,35.4,34.9,48.0,20.5,35.0,34.9,47.6,54.3,29.2,65.8,45.7,45.8,28.0,57.3,43.0,"(CONTRACTS OF 37,500 POUNDS)",A50,FutOnly
raw_cot_data/disaggregated_futures_only/fut_disagg_xls_hist_2006_2016/F_DisAgg06_15.xls,disaggregated_futures_only,fut_disagg_xls_hist_2006_2016,COFFEE C - ICE FUTURES U.S.,90519,2009-05-19,083731,ICUS,1,83,137013,27859,86455,36479,5563,1941,29963,9267,15204,7012,3093,7534,125992,129057,11021,7956,99534,14584,62778,31744,6223,648,34425,15406,1122,5032,3715,3058,90613,92950,8921,6584,37479,13275,23677,5983,588,45,8857,7180,763,3196,594,3260,35379,36107,2100,1372,3713.0,-1575.0,2793.0,-721.0,-62.0,14.0,3876.0,-1195.0,997.0,-246.0,502.0,42.0,2387.0,3091.0,1326.0,622.0,100,20.3,63.1,26.6,4.1,1.4,21.9,6.8,11.1,5.1,2.3,5.5,92.0,94.2,8.0,5.8,100,14.7,63.1,31.9,6.3,0.7,34.6,15.5,1.1,5.1,3.7,3.1,91.0,93.4,9.0,6.6,100,35.4,63.2,16.0,1.6,0.1,23.6,19.2,2.0,8.5,1.6,8.7,94.4,96.3,5.6,3.7,313,69.0,89.0,19.0,7.0,8.0,81.0,24.0,20.0,39.0,34.0,35.0,247,184,312.0,55.0,78.0,19.0,7.0,,80.0,27.0,16.0,40.0,34.0,27.0,224.0,164.0,163.0,42.0,71.0,14.0,5.0,,12.0,5.0,4.0,25.0,15.0,11.0,97.0,110.0,20.1,26.9,33.5,39.4,14.7,18.7,24.2,28.9,20.1,35.5,33.7,47.4,20.1,34.9,33.7,46.9,54.1,31.3,65.6,48.1,45.3,29.3,56.2,44.3,"(CONTRACTS OF 37,500 POUNDS)",A50,FutOnly
raw_cot_data/disaggregated_futures_only/fut_disagg_xls_hist_2006_2016/F_DisAgg06_15.xls,disaggregated_futures_only,fut_disagg_xls_hist_2006_2016,COFFEE C - ICE FUTURES U.S.,90512,2009-05-12,083731,ICUS,1,83,133300,29434,83662,37200,5625,1927,26087,10462,14207,7258,2591,7492,123605,125966,9695,7334,97670,16685,61394,32485,6177,679,30391,15659,1241,5315,2966,3320,90116,91436,7554,6234,35630,12749,22268,5913,646,50,7938,7045,724,3035,717,3080,33489,34530,2141,1100,5495.0,652.0,7786.0,123.0,-68.0,246.0,1602.0,-4783.0,1384.0,-148.0,411.0,434.0,4293.0,5410.0,1202.0,85.0,100,22.1,62.8,27.9,4.2,1.4,19.6,7.8,10.7,5.4,1.9,5.6,92.7,94.5,7.3,5.5,100,17.1,62.9,33.3,6.3,0.7,31.1,16.0,1.3,5.4,3.0,3.4,92.3,93.6,7.7,6.4,100,35.8,62.5,16.6,1.8,0.1,22.3,19.8,2.0,8.5,2.0,8.6,94.0,96.9,6.0,3.1,320,70.0,95.0,19.0,7.0,9.0,71.0,28.0,19.0,44.0,32.0,39.0,246,196,319.0,55.0,89.0,19.0,7.0,,71.0,30.0,13.0,46.0,32.0,30.0,221.0,178.0,157.0,41.0,68.0,14.0,5.0,,10.0,6.0,4.0,20.0,16.0,11.0,91.0,108.0,20.3,23.5,34.0,35.8,15.1,16.2,24.8,26.1,21.0,30.9,35.0,42.3,21.0,30.3,35.0,41.7,53.7,31.5,65.7,49.0,44.4,29.5,56.0,45.2,"(CONTRACTS OF 37,500 POUNDS)",A50,FutOnly
raw_cot_data/disaggregated_futures_only/fut_disagg_xls_hist_2006_2016/F_DisAgg06_15.xls,disaggregated_futures_only,fut_disagg_xls_hist_2006_2016,COFFEE C - ICE FUTURES U.S.,90505,2009-05-05,083731,ICUS,1,83,127805,28782,75876,37077,5693,1681,24485,15245,12823,7406,2180,7058,119312,120556,8493,7249,97167,19142,57730,32542,6330,407,28554,19603,1394,5911,2705,2770,90720,90939,6447,6228,30638,9640,18146,5759,587,50,6633,6344,727,2441,421,3342,28592,29617,2046,1021,4033.0,-1933.0,6232.0,957.0,-440.0,-40.0,2136.0,-3316.0,606.0,96.0,522.0,313.0,2135.0,3877.0,1898.0,156.0,100,22.5,59.4,29.0,4.5,1.3,19.2,11.9,10.0,5.8,1.7,5.5,93.4,94.3,6.6,5.7,100,19.7,59.4,33.5,6.5,0.4,29.4,20.2,1.4,6.1,2.8,2.9,93.4,93.6,6.6,6.4,100,31.5,59.2,18.8,1.9,0.2,21.6,20.7,2.4,8.0,1.4,10.9,93.3,96.7,6.7,3.3,322,77.0,95.0,21.0,6.0,11.0,69.0,32.0,16.0,43.0,29.0,36.0,242,204,321.0,65.0,87.0,21.0,6.0,5.0,68.0,34.0,12.0,43.0,32.0,25.0,220.0,184.0,152.0,45.0,65.0,13.0,5.0,,9.0,5.0,4.0,21.0,14.0,9.0,92.0,102.0,18.6,23.7,31.9,35.1,15.4,18.5,25.5,27.9,20.9,29.1,35.0,40.7,20.9,29.0,35.0,40.6,47.2,34.1,61.3,52.2,37.7,30.0,49.6,46.0,"(CONTRACTS OF 37,500 POUNDS)",A50,FutOnly
raw_cot_data/disaggregated_futures_only/fut_disagg_xls_hist_2006_2016/F_DisAgg06_15.xls,disaggregated_futures_only,fut_disagg_xls_hist_2006_2016,COFFEE C - ICE FUTURES U.S.,90428,2009-04-28,083731,ICUS,1,83,123772,30715,69644,36120,6133,1721,22349,18561,12217,7310,1658,6745,117177,116679,6595,7093,95568,22262,53188,32007,6775,459,26010,22666,1881,5506,1692,2608,90733,89269,4835,6299,28204,8453,16456,5330,575,45,6268,5824,407,2176,338,3765,26444,27410,1760,794,-3806.0,-3360.0,-1764.0,880.0,1063.0,-180.0,-20.0,-678.0,121.0,32.0,-964.0,-1136.0,-3663.0,-3538.0,-143.0,-268.0,100,24.8,56.3,29.2,5.0,1.4,18.1,15.0,9.9,5.9,1.3,5.4,94.7,94.3,5.3,5.7,100,23.3,55.7,33.5,7.1,0.5,27.2,23.7,2.0,5.8,1.8,2.7,94.9,93.4,5.1,6.6,100,30.0,58.3,18.9,2.0,0.2,22.2,20.6,1.4,7.7,1.2,13.3,93.8,97.2,6.2,2.8,314,80.0,87.0,21.0,6.0,8.0,48.0,51.0,16.0,50.0,21.0,33.0,224,205,311.0,72.0,81.0,21.0,6.0,4.0,46.0,54.0,13.0,49.0,22.0,23.0,209.0,186.0,144.0,46.0,59.0,13.0,4.0,,9.0,5.0,,18.0,11.0,10.0,92.0,91.0,18.1,23.2,32.3,34.5,15.5,18.5,26.4,29.1,21.1,28.4,35.6,41.2,21.1,28.2,35.6,41.0,48.1,39.0,62.4,56.0,37.4,32.9,49.0,48.1,"(CONTRACTS OF 37,500 POUNDS)",A50,FutOnly
raw_cot_data/disaggregated_futures_only/fut_disagg_xls_hist_2006_2016/F_DisAgg06_15.xls,disaggregated_futures_only,fut_disagg_xls_hist_2006_2016,COFFEE C - ICE FUTURES U.S.,90421,2009-04-21,083731,ICUS,1,83,127578,34075,71408,35240,5070,1901,22369,19239,12096,7278,2622,7881,120840,120217,6738,7361,100035,26363,56564,31435,5620,737,26041,23117,1905,5463,2489,2893,94837,93325,5198,6710,27543,7712,14844,4924,569,45,6039,5833,480,2314,632,4489,26003,26892,1540,651,-12481.0,-10414.0,-11335.0,531.0,-2966.0,-627.0,1658.0,4576.0,-335.0,-243.0,-94.0,-2381.0,-11811.0,-13162.0,-670.0,681.0,100,26.7,56.0,27.6,4.0,1.5,17.5,15.1,9.5,5.7,2.1,6.2,94.7,94.2,5.3,5.8,100,26.4,56.5,31.4,5.6,0.7,26.0,23.1,1.9,5.5,2.5,2.9,94.8,93.3,5.2,6.7,100,28.0,53.9,17.9,2.1,0.2,21.9,21.2,1.7,8.4,2.3,16.3,94.4,97.6,5.6,2.4,321,86.0,85.0,20.0,7.0,10.0,48.0,55.0,21.0,53.0,21.0,29.0,233,209,319.0,78.0,80.0,21.0,6.0,6.0,46.0,58.0,17.0,54.0,20.0,21.0,219.0,192.0,147.0,46.0,58.0,13.0,4.0,,9.0,5.0,,20.0,13.0,,93.0,93.0,18.0,19.8,32.2,31.7,14.9,14.8,25.4,24.8,21.0,24.2,35.9,37.6,20.1,22.2,34.2,34.6,48.2,40.1,62.5,56.4,34.3,31.4,46.0,46.0,"(CONTRACTS OF 37,500 POUNDS)",A50,FutOnly
raw_cot_data/disaggregated_futures_only/fut_disagg_xls_hist_2006_2016/F_DisAgg06_15.xls,disaggregated_futures_only,fut_disagg_xls_hist_2006_2016,COFFEE C - ICE FUTURES U.S.,90414,2009-04-14,083731,ICUS,1,83,140059,44489,82743,34709,8036,2528,20711,14663,12431,7521,2716,10262,132651,133379,7408,6680,113874,37172,70007,31495,8584,1388,25655,18705,2238,5694,2592,4295,107937,107809,5937,6065,26185,7317,12736,4334,572,20,4766,5668,483,2386,683,5408,24714,25570,1471,615,-2797.0,992.0,-20.0,319.0,-143.0,666.0,-41.0,1290.0,-1430.0,-1467.0,-2184.0,-720.0,-1681.0,-2541.0,-1116.0,-256.0,100,31.8,59.1,24.8,5.7,1.8,14.8,10.5,8.9,5.4,1.9,7.3,94.7,95.2,5.3,4.8,100,32.6,61.5,27.7,7.5,1.2,22.5,16.4,2.0,5.0,2.3,3.8,94.8,94.7,5.2,5.3,100,27.9,48.6,16.6,2.2,0.1,18.2,21.6,1.8,9.1,2.6,20.7,94.4,97.7,5.6,2.3,303,84.0,90.0,21.0,7.0,15.0,45.0,42.0,20.0,48.0,21.0,32.0,229,205,300.0,79.0,86.0,22.0,6.0,12.0,43.0,45.0,15.0,50.0,20.0,25.0,219.0,189.0,143.0,47.0,59.0,13.0,,,8.0,5.0,,17.0,14.0,,89.0,91.0,24.3,26.0,36.9,36.9,13.4,14.4,22.6,23.9,23.7,30.1,37.0,41.3,17.6,20.3,29.7,31.2,53.3,44.6,66.2,59.1,33.7,30.9,44.7,43.4,"(CONTRACTS OF 37,500 POUNDS)",A50,FutOnly
raw_cot_data/disaggregated_futures_only/fut_disagg_xls_hist_2006_2016/F_DisAgg06_15.xls,disaggregated_futures_only,fut_disagg_xls_hist_2006_2016,COFFEE C - ICE FUTURES U.S.,90407,2009-04-07,083731,ICUS,1,83,142856,43497,82763,34390,8179,1862,20752,13373,13861,8988,4900,10982,134332,135920,8524,6936,117567,36155,71154,31484,8736,685,25873,17370,3792,7646,4770,4797,110432,111304,7135,6263,25289,7342,11609,4063,600,20,4526,5650,422,2082,870,5445,23900,24616,1389,673,611.0,-781.0,2130.0,403.0,-101.0,63.0,-577.0,-2324.0,-905.0,-147.0,-748.0,1498.0,-446.0,-387.0,1057.0,998.0,100,30.4,57.9,24.1,5.7,1.3,14.5,9.4,9.7,6.3,3.4,7.7,94.0,95.1,6.0,4.9,100,30.8,60.5,26.8,7.4,0.6,22.0,14.8,3.2,6.5,4.1,4.1,93.9,94.7,6.1,5.3,100,29.0,45.9,16.1,2.4,0.1,17.9,22.3,1.7,8.2,3.4,21.5,94.5,97.3,5.5,2.7,299,80.0,86.0,19.0,8.0,11.0,52.0,31.0,20.0,40.0,31.0,38.0,232,194,296.0,76.0,84.0,18.0,9.0,8.0,51.0,33.0,17.0,41.0,31.0,34.0,224.0,184.0,133.0,43.0,55.0,12.0,,,7.0,,,17.0,,,82.0,85.0,22.4,24.7,35.2,36.2,13.1,14.9,22.1,24.2,21.1,29.0,34.0,40.5,16.7,20.5,28.5,31.3,53.2,46.1,66.4,60.4,34.1,32.0,44.6,42.7,"(CONTRACTS OF 37,500 POUNDS)",A50,FutOnly
raw_cot_data/disaggregated_futures_only/fut_disagg_xls_hist_2006_2016/F_DisAgg06_15.xls,disaggregated_futures_only,fut_disagg_xls_hist_2006_2016,COFFEE C - ICE FUTURES U.S.,90331,2009-03-31,083731,ICUS,1,83,142245,44278,80633,33987,8280,1799,21329,15697,14766,9135,5648,9484,134778,136307,7467,5938,119055,37284,70659,32121,8837,598,26911,19551,4245,7500,5583,4212,112871,113685,6184,5370,23190,6994,9974,3027,604,40,4512,6240,427,2286,716,4621,21907,22622,1283,568,2617.0,1660.0,4497.0,534.0,721.0,-4.0,1590.0,-1962.0,379.0,-226.0,765.0,272.0,4205.0,4668.0,-1588.0,-2051.0,100,31.1,56.7,23.9,5.8,1.3,15.0,11.0,10.4,6.4,4.0,6.7,94.8,95.8,5.2,4.2,100,31.3,59.3,27.0,7.4,0.5,22.6,16.4,3.6,6.3,4.7,3.5,94.8,95.5,5.2,4.5,100,30.2,43.0,13.1,2.6,0.2,19.5,26.9,1.8,9.9,3.1,19.9,94.5,97.6,5.5,2.4,301,83.0,88.0,20.0,7.0,8.0,46.0,36.0,21.0,38.0,32.0,41.0,230,202,298.0,80.0,85.0,19.0,8.0,5.0,46.0,37.0,18.0,39.0,33.0,38.0,223.0,192.0,132.0,44.0,52.0,11.0,,,6.0,5.0,,17.0,14.0,,84.0,83.0,22.1,24.0,35.0,35.2,13.2,14.6,22.3,24.0,21.7,27.8,34.7,39.7,18.1,20.0,29.7,30.7,54.0,49.3,66.1,64.3,36.0,36.0,46.7,47.0,"(CONTRACTS OF 37,500 POUNDS)",A50,FutOnly
raw_cot_data/disaggregated_futures_only/fut_disagg_xls_hist_2006_2016/F_DisAgg06_15.xls,disaggregated_futures_only,fut_disagg_xls_hist_2006_2016,COFFEE C - ICE FUTURES U.S.,90324,2009-03-24,083731,ICUS,1,83,139628,42618,76136,33453,7559,1803,19739,17659,14387,9361,4883,9212,130573,131639,9055,7989,118351,36187,68111,31696,8112,637,25406,21278,4045,8832,5027,3773,110576,110983,7775,7368,21277,6431,8025,2883,573,40,4268,6316,407,1247,574,4721,19997,20656,1280,621,2958.0,-1049.0,5325.0,802.0,518.0,156.0,614.0,-5762.0,642.0,-237.0,662.0,166.0,1094.0,1707.0,1864.0,1251.0,100,30.5,54.5,24.0,5.4,1.3,14.1,12.6,10.3,6.7,3.5,6.6,93.5,94.3,6.5,5.7,100,30.6,57.5,26.8,6.9,0.5,21.5,18.0,3.4,7.5,4.2,3.2,93.4,93.8,6.6,6.2,100,30.2,37.7,13.5,2.7,0.2,20.1,29.7,1.9,5.9,2.7,22.2,94.0,97.1,6.0,2.9,300,86.0,84.0,21.0,6.0,11.0,49.0,41.0,23.0,34.0,32.0,37.0,234,200,299.0,83.0,82.0,20.0,7.0,7.0,48.0,43.0,20.0,35.0,32.0,32.0,225.0,191.0,123.0,46.0,43.0,10.0,,,6.0,5.0,,18.0,10.0,,83.0,71.0,21.3,23.0,34.2,34.4,13.7,15.5,23.1,24.8,20.5,26.4,33.5,37.8,18.6,20.8,30.2,31.3,56.2,53.1,66.3,67.7,38.0,38.0,46.8,48.7,"(CONTRACTS OF 37,500 POUNDS)",A50,FutOnly
raw_cot_data/disaggregated_futures_only/fut_disagg_xls_hist_2006_2016/F_DisAgg06_15.xls,disaggregated_futures_only,fut_disagg_xls_hist_2006_2016,COFFEE C - ICE FUTURES U.S.,90317,2009-03-17,083731,ICUS,1,83,136670,43667,70811,32651,7041,1647,19125,23421,13745,9598,4221,9046,129479,129932,7191,6738,116169,37312,63243,30876,7934,510,24933,26767,3425,9443,4218,3706,110205,109803,5964,6366,20501,6355,7568,2871,203,41,4272,6734,240,713,561,4782,19274,20129,1227,372,5389.0,5029.0,7650.0,825.0,3.0,-61.0,649.0,-2023.0,256.0,-1784.0,297.0,846.0,5760.0,6968.0,-371.0,-1579.0,100,32.0,51.8,23.9,5.2,1.2,14.0,17.1,10.1,7.0,3.1,6.6,94.7,95.1,5.3,4.9,100,32.1,54.4,26.6,6.8,0.4,21.5,23.0,2.9,8.1,3.6,3.2,94.9,94.5,5.1,5.5,100,31.0,36.9,14.0,1.0,0.2,20.8,32.8,1.2,3.5,2.7,23.3,94.0,98.2,6.0,1.8,314,93.0,77.0,22.0,6.0,10.0,47.0,55.0,21.0,38.0,28.0,35.0,236,206,312.0,91.0,73.0,22.0,6.0,5.0,46.0,57.0,18.0,38.0,30.0,30.0,230.0,191.0,121.0,47.0,41.0,10.0,,,6.0,5.0,,17.0,13.0,,85.0,71.0,21.4,23.4,34.6,34.6,13.8,16.5,23.8,25.4,20.2,27.2,33.6,38.2,18.8,22.0,30.7,32.5,55.9,55.5,66.5,69.0,37.9,39.4,46.8,49.3,"(CONTRACTS OF 37,500 POUNDS)",A50,FutOnly
raw_cot_data/disaggregated_futures_only/fut_disagg_xls_hist_2006_2016/F_DisAgg06_15.xls,disaggregated_futures_only,fut_disagg_xls_hist_2006_2016,COFFEE C - ICE FUTURES U.S.,90310,2009-03-10,083731,ICUS,1,83,131281,38638,63161,31826,7038,1708,18476,25444,13489,11382,3924,8200,123719,122964,7562,8317,112077,32811,56678,30429,7931,572,24394,28591,3472,10893,3745,3221,105792,104210,6285,7867,19204,5827,6483,2493,203,40,3860,6631,239,916,606,4552,17927,18754,1277,450,3771.0,3213.0,2100.0,-510.0,289.0,332.0,544.0,1836.0,147.0,586.0,-465.0,-610.0,3702.0,3629.0,69.0,142.0,100,29.4,48.1,24.2,5.4,1.3,14.1,19.4,10.3,8.7,3.0,6.2,94.2,93.7,5.8,6.3,100,29.3,50.6,27.2,7.1,0.5,21.8,25.5,3.1,9.7,3.3,2.9,94.4,93.0,5.6,7.0,100,30.3,33.8,13.0,1.1,0.2,20.1,34.5,1.2,4.8,3.2,23.7,93.4,97.7,6.6,2.3,317,94.0,80.0,22.0,6.0,11.0,42.0,57.0,23.0,44.0,24.0,30.0,232,208,315.0,94.0,78.0,22.0,6.0,7.0,41.0,59.0,21.0,43.0,24.0,26.0,229.0,197.0,117.0,47.0,40.0,10.0,,,6.0,5.0,,17.0,6.0,,83.0,60.0,17.8,20.2,31.0,31.8,14.3,16.9,24.5,26.0,18.5,23.3,31.6,34.8,18.5,22.1,31.1,33.0,58.8,58.6,68.7,71.0,37.9,41.6,45.4,50.5,"(CONTRACTS OF 37,500 POUNDS)",A50,FutOnly
raw_cot_data/disaggregated_futures_only/fut_disagg_xls_hist_2006_2016/F_DisAgg06_15.xls,disaggregated_futures_only,fut_disagg_xls_hist_2006_2016,COFFEE C - ICE FUTURES U.S.,90303,2009-03-03,083731,ICUS,1,83,127510,35425,61061,32336,6749,1376,17932,23608,13342,10796,4389,8810,120017,119335,7493,8175,108721,29941,54966,31315,7612,270,23836,26727,3353,10022,4388,3773,102510,101089,6211,7632,18789,5484,6095,2087,203,40,3846,6631,239,1276,503,4535,17507,18246,1282,543,4487.0,2984.0,2561.0,586.0,19.0,181.0,-247.0,4420.0,598.0,-773.0,114.0,600.0,3929.0,8493.0,558.0,-4006.0,100,27.8,47.9,25.4,5.3,1.1,14.1,18.5,10.5,8.5,3.4,6.9,94.1,93.6,5.9,6.4,100,27.5,50.6,28.8,7.0,0.2,21.9,24.6,3.1,9.2,4.0,3.5,94.3,93.0,5.7,7.0,100,29.2,32.4,11.1,1.1,0.2,20.5,35.3,1.3,6.8,2.7,24.1,93.2,97.1,6.8,2.9,312,93.0,79.0,22.0,5.0,10.0,38.0,55.0,19.0,45.0,25.0,32.0,229,200,311.0,92.0,77.0,22.0,5.0,6.0,39.0,55.0,17.0,44.0,27.0,30.0,225.0,192.0,117.0,46.0,41.0,10.0,,,6.0,5.0,,15.0,8.0,,79.0,63.0,17.6,19.7,30.8,32.2,14.8,17.0,25.5,26.4,18.0,22.4,31.6,34.5,18.0,22.3,31.3,33.6,61.9,59.6,71.2,71.1,39.4,42.2,47.5,50.1,"(CONTRACTS OF 37,500 POUNDS)",A50,FutOnly
raw_cot_data/disaggregated_futures_only/fut_disagg_xls_hist_2006_2016/F_DisAgg06_15.xls,disaggregated_futures_only,fut_disagg_xls_hist_2006_2016,COFFEE C - ICE FUTURES U.S.,90224,2009-02-24,083731,ICUS,1,83,123023,32441,58500,31750,6730,1195,18179,19188,12744,11569,4275,8210,116088,110842,6935,12181,104991,27971,52625,30871,7593,119,23571,22341,3331,10293,4258,3011,99167,93278,5824,11713,18032,4470,5875,1935,193,20,3790,6029,231,1561,302,4914,16921,17564,1111,468,-7878.0,-7021.0,-12493.0,8.0,-824.0,-87.0,908.0,3075.0,160.0,67.0,-1390.0,-1555.0,-7520.0,-13114.0,-358.0,5236.0,100,26.4,47.6,25.8,5.5,1.0,14.8,15.6,10.4,9.4,3.5,6.7,94.4,90.1,5.6,9.9,100,26.6,50.1,29.4,7.2,0.1,22.5,21.3,3.2,9.8,4.1,2.9,94.5,88.8,5.5,11.2,100,24.8,32.6,10.7,1.1,0.1,21.0,33.4,1.3,8.7,1.7,27.3,93.8,97.4,6.2,2.6,301,88.0,79.0,19.0,5.0,7.0,44.0,46.0,20.0,45.0,22.0,32.0,229,189,300.0,87.0,77.0,19.0,5.0,4.0,43.0,48.0,18.0,45.0,24.0,30.0,224.0,181.0,111.0,40.0,42.0,8.0,,,6.0,5.0,,15.0,6.0,,74.0,61.0,19.4,17.6,32.4,30.6,15.8,15.1,26.3,25.2,19.9,20.1,33.6,32.8,19.9,20.1,33.4,32.1,67.7,62.6,76.3,72.8,42.2,40.6,48.7,48.3,"(CONTRACTS OF 37,500 POUNDS)",A50,FutOnly
raw_cot_data/disaggregated_futures_only/fut_disagg_xls_hist_2006_2016/F_DisAgg06_15.xls,disaggregated_futures_only,fut_disagg_xls_hist_2006_2016,COFFEE C - ICE FUTURES U.S.,90217,2009-02-17,083731,ICUS,1,83,130901,39462,70993,31742,7554,1282,17271,16113,12584,11502,5665,9765,123608,123956,7293,6945,113198,35312,65228,30854,8402,206,23079,19528,3046,9885,5631,4609,106991,106650,6207,6548,17703,4150,5765,1944,208,20,3532,5925,198,1792,209,4981,16617,17306,1086,397,-6058.0,1773.0,-3068.0,-2332.0,-478.0,36.0,-1701.0,4257.0,-231.0,1461.0,-1858.0,-2614.0,-3608.0,-3956.0,-2450.0,-2102.0,100,30.1,54.2,24.2,5.8,1.0,13.2,12.3,9.6,8.8,4.3,7.5,94.4,94.7,5.6,5.3,100,31.2,57.6,27.3,7.4,0.2,20.4,17.3,2.7,8.7,5.0,4.1,94.5,94.2,5.5,5.8,100,23.4,32.6,11.0,1.2,0.1,20.0,33.5,1.1,10.1,1.2,28.1,93.9,97.8,6.1,2.2,299,93.0,85.0,18.0,6.0,9.0,44.0,43.0,19.0,45.0,25.0,30.0,227,196,298.0,92.0,82.0,18.0,6.0,7.0,44.0,44.0,18.0,43.0,27.0,28.0,223.0,190.0,102.0,36.0,43.0,8.0,,,5.0,5.0,,13.0,4.0,,64.0,61.0,20.9,22.2,34.2,36.4,14.6,16.7,24.5,26.2,20.6,24.6,34.7,38.2,18.1,21.5,30.9,32.5,69.9,64.0,78.7,73.4,43.7,41.4,50.5,48.1,"(CONTRACTS OF 37,500 POUNDS)",A50,FutOnly
raw_cot_data/disaggregated_futures_only/fut_disagg_xls_hist_2006_2016/F_DisAgg06_15.xls,disaggregated_futures_only,fut_disagg_xls_hist_2006_2016,COFFEE C - ICE FUTURES U.S.,90210,2009-02-10,083731,ICUS,1,83,136959,37689,74061,34074,8032,1246,18972,11856,12815,10041,7523,12379,127216,127912,9743,9047,119284,33666,68357,33299,8825,230,24769,15275,3295,8616,7909,6793,110668,110684,8616,8600,17675,4023,5704,1771,203,20,3525,5903,198,1959,148,5052,16548,17228,1127,447,-785.0,-1170.0,-439.0,517.0,62.0,731.0,-679.0,-1385.0,-245.0,-98.0,-83.0,-751.0,-1695.0,-2110.0,910.0,1325.0,100,27.5,54.1,24.9,5.9,0.9,13.9,8.7,9.4,7.3,5.5,9.0,92.9,93.4,7.1,6.6,100,28.2,57.3,27.9,7.4,0.2,20.8,12.8,2.8,7.2,6.6,5.7,92.8,92.8,7.2,7.2,100,22.8,32.3,10.0,1.1,0.1,19.9,33.4,1.1,11.1,0.8,28.6,93.6,97.5,6.4,2.5,292,89.0,86.0,19.0,6.0,8.0,45.0,31.0,20.0,45.0,31.0,35.0,233,187,291.0,88.0,84.0,19.0,6.0,6.0,45.0,32.0,18.0,43.0,34.0,33.0,229.0,181.0,95.0,36.0,39.0,8.0,,,5.0,4.0,,13.0,,,64.0,57.0,19.9,22.3,33.1,35.1,14.0,16.5,23.4,26.2,19.2,23.0,32.4,35.4,19.2,20.9,31.0,32.0,70.7,64.2,79.2,73.5,44.2,41.3,50.4,47.5,"(CONTRACTS OF 37,500 POUNDS)",A50,FutOnly
raw_cot_data/disaggregated_futures_only/fut_disagg_xls_hist_2006_2016/F_DisAgg06_15.xls,disaggregated_futures_only,fut_disagg_xls_hist_2006_2016,COFFEE C - ICE FUTURES U.S.,90203,2009-02-03,083731,ICUS,1,83,137744,38859,74500,33557,7970,515,19651,13241,13060,10139,7606,13130,128911,130022,8833,7722,121139,34623,69092,33015,8160,102,25412,16674,3743,8336,7918,8082,113313,113771,7826,7368,16605,4236,5408,935,203,20,3458,5786,98,2291,176,4560,15598,16251,1007,354,3256.0,920.0,1633.0,165.0,6.0,337.0,50.0,-1997.0,-611.0,-27.0,971.0,2447.0,3281.0,2786.0,-25.0,470.0,100,28.2,54.1,24.4,5.8,0.4,14.3,9.6,9.5,7.4,5.5,9.5,93.6,94.4,6.4,5.6,100,28.6,57.0,27.3,6.7,0.1,21.0,13.8,3.1,6.9,6.5,6.7,93.5,93.9,6.5,6.1,100,25.5,32.6,5.6,1.2,0.1,20.8,34.8,0.6,13.8,1.1,27.5,93.9,97.9,6.1,2.1,296,90.0,90.0,17.0,6.0,7.0,44.0,30.0,22.0,44.0,32.0,34.0,232,194,295.0,89.0,88.0,17.0,6.0,4.0,44.0,31.0,20.0,43.0,35.0,32.0,228.0,187.0,97.0,36.0,38.0,8.0,,,6.0,4.0,,13.0,4.0,,66.0,58.0,20.8,23.5,34.0,36.4,13.7,16.6,23.1,26.2,18.8,23.3,32.7,36.6,18.7,20.8,30.4,31.8,71.6,65.5,78.9,75.4,45.3,43.8,51.2,49.5,"(CONTRACTS OF 37,500 POUNDS)",A50,FutOnly
raw_cot_data/disaggregated_futures_only/fut_disagg_xls_hist_2006_2016/F_DisAgg06_15.xls,disaggregated_futures_only,fut_disagg_xls_hist_2006_2016,COFFEE C - ICE FUTURES U.S.,90127,2009-01-27,083731,ICUS,1,83,134488,37939,72867,33392,7964,178,19601,15238,13671,10166,6635,10683,125630,127236,8858,7252,119365,33754,68217,32983,7867,52,24762,18312,5323,8833,6831,5845,111552,112447,7813,6918,15123,4185,4650,515,203,20,3090,5177,97,1632,103,4539,14078,14789,1045,334,6266.0,138.0,7260.0,2283.0,-53.0,40.0,535.0,-3596.0,572.0,1626.0,1021.0,1418.0,6612.0,6662.0,-346.0,-396.0,100,28.2,54.2,24.8,5.9,0.1,14.6,11.3,10.2,7.6,4.9,7.9,93.4,94.6,6.6,5.4,100,28.3,57.2,27.6,6.6,0.0,20.7,15.3,4.5,7.4,5.7,4.9,93.5,94.2,6.5,5.8,100,27.7,30.7,3.4,1.3,0.1,20.4,34.2,0.6,10.8,0.7,30.0,93.1,97.8,6.9,2.2,291,88.0,89.0,18.0,6.0,6.0,48.0,29.0,22.0,45.0,28.0,34.0,235,185,291.0,87.0,87.0,18.0,6.0,4.0,48.0,30.0,20.0,45.0,30.0,32.0,233.0,178.0,89.0,35.0,38.0,7.0,,,4.0,,,11.0,,,59.0,54.0,20.1,22.1,32.4,35.1,14.2,17.1,23.8,26.9,19.2,23.1,31.9,34.8,19.2,21.2,31.0,32.4,74.0,70.9,80.3,79.4,45.1,45.4,48.9,49.9,"(CONTRACTS OF 37,500 POUNDS)",A50,FutOnly
raw_cot_data/disaggregated_futures_only/fut_disagg_xls_hist_2006_2016/F_DisAgg06_15.xls,disaggregated_futures_only,fut_disagg_xls_hist_2006_2016,COFFEE C - ICE FUTURES U.S.,90120,2009-01-20,083731,ICUS,1,83,128222,37801,65607,31109,8017,138,19066,18834,13099,8540,5614,9265,119018,120574,9204,7648,114380,33683,62134,30737,7920,32,24213,21879,4799,8005,5692,4630,106099,107086,8281,7294,13842,4118,3473,478,203,0,3061,5163,92,714,101,4456,12919,13488,923,354,1060.0,-35.0,2114.0,-955.0,256.0,-35.0,672.0,-781.0,668.0,151.0,-451.0,721.0,1187.0,2492.0,-127.0,-1432.0,100,29.5,51.2,24.3,6.3,0.1,14.9,14.7,10.2,6.7,4.4,7.2,92.8,94.0,7.2,6.0,100,29.5,54.4,26.9,6.9,0.0,21.2,19.1,4.2,7.0,5.0,4.0,92.8,93.6,7.2,6.4,100,29.8,25.1,3.5,1.5,0.0,22.1,37.3,0.7,5.2,0.7,32.2,93.3,97.4,6.7,2.6,293,92.0,82.0,17.0,6.0,4.0,44.0,37.0,23.0,45.0,28.0,33.0,232,186,293.0,92.0,80.0,17.0,6.0,,44.0,38.0,23.0,45.0,31.0,31.0,231.0,182.0,86.0,36.0,32.0,7.0,,0.0,4.0,,,12.0,,,59.0,47.0,20.5,21.0,33.3,35.2,14.9,18.1,26.2,28.5,21.2,22.7,34.3,35.6,21.0,22.3,33.7,34.4,73.3,74.3,80.2,81.5,43.0,45.2,46.7,49.8,"(CONTRACTS OF 37,500 POUNDS)",A50,FutOnly
raw_cot_data/disaggregated_futures_only/fut_disagg_xls_hist_2006_2016/F_DisAgg06_15.xls,disaggregated_futures_only,fut_disagg_xls_hist_2006_2016,COFFEE C - ICE FUTURES U.S.,90113,2009-01-13,083731,ICUS,1,83,127162,37836,63493,32064,7761,173,18394,19615,12431,8389,6065,8544,117831,118082,9331,9080,114352,34580,60553,31699,7664,67,23339,22187,4636,7301,6224,4295,105917,105626,8435,8726,12810,3256,2940,471,203,0,2588,4961,262,1354,107,3983,11914,12456,896,354,-275.0,-5477.0,393.0,-2558.0,92.0,35.0,3788.0,-3005.0,1063.0,538.0,-872.0,-154.0,-2765.0,-2448.0,2490.0,2173.0,100,29.8,49.9,25.2,6.1,0.1,14.5,15.4,9.8,6.6,4.8,6.7,92.7,92.9,7.3,7.1,100,30.2,53.0,27.7,6.7,0.1,20.4,19.4,4.1,6.4,5.4,3.8,92.6,92.4,7.4,7.6,100,25.4,23.0,3.7,1.6,0.0,20.2,38.7,2.0,10.6,0.8,31.1,93.0,97.2,7.0,2.8,285,89.0,82.0,19.0,5.0,6.0,42.0,37.0,21.0,38.0,31.0,32.0,224,186,285.0,88.0,79.0,19.0,5.0,5.0,42.0,38.0,21.0,38.0,33.0,30.0,222.0,181.0,84.0,36.0,33.0,6.0,,0.0,4.0,,,12.0,,,58.0,47.0,20.5,20.7,33.5,35.3,15.1,18.1,26.6,28.8,21.1,22.7,34.4,35.9,20.9,21.6,34.0,33.6,73.9,75.3,80.9,83.4,43.0,47.7,47.2,52.4,"(CONTRACTS OF 37,500 POUNDS)",A50,FutOnly
raw_cot_data/disaggregated_futures_only/fut_disagg_xls_hist_2006_2016/F_DisAgg06_15.xls,disaggregated_futures_only,fut_disagg_xls_hist_2006_2016,COFFEE C - ICE FUTURES U.S.,90106,2009-01-06,083731,ICUS,1,83,127437,43313,63100,34622,7669,138,14606,22620,11368,7851,6937,8698,120596,120530,6841,6907,115419,39999,60427,34283,7572,32,19551,24989,3939,6923,7076,4706,109433,108741,5986,6678,12018,3314,2673,445,203,0,2385,4961,99,1255,188,3665,11163,11789,855,229,4581.0,-1795.0,3810.0,798.0,58.0,81.0,3391.0,-1440.0,306.0,26.0,298.0,557.0,3364.0,3670.0,1217.0,911.0,100,34.0,49.5,27.2,6.0,0.1,11.5,17.7,8.9,6.2,5.4,6.8,94.6,94.6,5.4,5.4,100,34.7,52.4,29.7,6.6,0.0,16.9,21.7,3.4,6.0,6.1,4.1,94.8,94.2,5.2,5.8,100,27.6,22.2,3.7,1.7,0.0,19.8,41.3,0.8,10.4,1.6,30.5,92.9,98.1,7.1,1.9,291,93.0,83.0,18.0,7.0,6.0,40.0,40.0,21.0,36.0,32.0,29.0,225,187,291.0,93.0,81.0,18.0,7.0,5.0,40.0,41.0,21.0,36.0,34.0,27.0,223.0,184.0,84.0,36.0,31.0,7.0,,0.0,4.0,,,11.0,,,59.0,43.0,18.9,21.3,34.0,36.6,16.0,18.6,27.5,28.4,19.6,23.1,35.0,38.1,19.4,21.9,33.5,33.0,73.5,77.6,80.8,85.5,43.8,50.8,48.2,54.9,"(CONTRACTS OF 37,500 POUNDS)",A50,FutOnly
raw_cot_data/disaggregated_futures_only/fut_disagg_xls_hist_2006_2016/F_DisAgg06_15.xls,disaggregated_futures_only,fut_disagg_xls_hist_2006_2016,COFFEE C - ICE FUTURES U.S.,81230,2008-12-30,083731,ICUS,1,83,122856,45108,59290,33824,7611,57,11215,24060,11062,7825,6639,8141,117232,116860,5624,5996,111469,41991,56657,33391,7505,57,16158,26401,3695,6750,6734,4653,106695,105702,4774,5767,11387,3117,2633,433,106,0,2357,4959,67,1368,198,3195,10537,11158,850,229,1351.0,1057.0,527.0,-16.0,-81.0,30.0,-254.0,1431.0,538.0,512.0,-101.0,-464.0,1403.0,1880.0,-52.0,-529.0,100,36.8,48.3,27.5,6.2,0.0,9.1,19.6,9.0,6.4,5.4,6.6,95.4,95.1,4.6,4.9,100,37.7,50.8,30.0,6.7,0.1,14.5,23.7,3.3,6.1,6.0,4.2,95.7,94.8,4.3,5.2,100,27.4,23.1,3.8,0.9,0.0,20.7,43.5,0.6,12.0,1.7,28.1,92.5,98.0,7.5,2.0,293,92.0,76.0,17.0,5.0,6.0,35.0,50.0,23.0,41.0,32.0,31.0,221,194,293.0,91.0,74.0,17.0,5.0,6.0,35.0,51.0,23.0,42.0,33.0,29.0,219.0,191.0,78.0,33.0,28.0,7.0,,0.0,4.0,,,9.0,,,54.0,41.0,17.6,21.8,32.8,37.8,16.3,19.5,28.2,29.4,18.7,23.9,34.3,39.6,18.1,22.8,32.8,34.0,72.8,77.3,80.5,85.7,46.0,53.5,50.7,57.8,"(CONTRACTS OF 37,500 POUNDS)",A50,FutOnly
raw_cot_data/disaggregated_futures_only/fut_disagg_xls_hist_2006_2016/F_DisAgg06_15.xls,disaggregated_futures_only,fut_disagg_xls_hist_2006_2016,COFFEE C - ICE FUTURES U.S.,81222,2008-12-22,083731,ICUS,1,83,121505,44051,58763,33840,7692,27,11469,22629,10524,7313,6740,8605,115829,114980,5676,6525,110169,40946,56212,33463,7576,27,16412,24970,3157,6327,6912,5045,105377,103899,4792,6270,11336,3105,2551,377,116,0,2357,4959,67,1271,113,3275,10452,11081,884,255,1831.0,512.0,496.0,498.0,-40.0,-81.0,523.0,547.0,362.0,-14.0,486.0,585.0,2385.0,2355.0,-554.0,-524.0,100,36.3,48.4,27.9,6.3,0.0,9.4,18.6,8.7,6.0,5.5,7.1,95.3,94.6,4.7,5.4,100,37.2,51.0,30.4,6.9,0.0,14.9,22.7,2.9,5.7,6.3,4.6,95.7,94.3,4.3,5.7,100,27.4,22.5,3.3,1.0,0.0,20.8,43.7,0.6,11.2,1.0,28.9,92.2,97.8,7.8,2.2,298,95.0,77.0,18.0,5.0,4.0,35.0,47.0,20.0,40.0,35.0,31.0,220,195,298.0,94.0,74.0,18.0,5.0,4.0,35.0,48.0,20.0,40.0,38.0,30.0,218.0,192.0,77.0,34.0,28.0,7.0,,0.0,4.0,,,9.0,,,54.0,40.0,17.8,21.8,32.9,37.9,16.3,19.3,28.1,29.3,18.6,23.8,34.3,39.4,18.2,22.7,32.6,34.0,72.6,78.3,80.3,86.6,45.3,53.6,49.7,57.7,"(CONTRACTS OF 37,500 POUNDS)",A50,FutOnly
raw_cot_data/disaggregated_futures_only/fut_disagg_xls_hist_2006_2016/F_DisAgg06_15.xls,disaggregated_futures_only,fut_disagg_xls_hist_2006_2016,COFFEE C - ICE FUTURES U.S.,81216,2008-12-16,083731,ICUS,1,83,119674,43539,58267,33342,7732,108,10946,22082,10162,7327,6254,8020,113444,112625,6230,7049,108792,40374,55956,32975,7616,102,15889,24423,2795,6596,6366,4677,103408,101935,5384,6857,10882,3165,2311,367,116,6,2357,4959,67,950,107,3124,10036,10690,846,192,5019.0,-130.0,1005.0,-461.0,42.0,67.0,-692.0,-1023.0,5955.0,-64.0,-808.0,-68.0,4607.0,5170.0,412.0,-151.0,100,36.4,48.7,27.9,6.5,0.1,9.1,18.5,8.5,6.1,5.2,6.7,94.8,94.1,5.2,5.9,100,37.1,51.4,30.3,7.0,0.1,14.6,22.4,2.6,6.1,5.9,4.3,95.1,93.7,4.9,6.3,100,29.1,21.2,3.4,1.1,0.1,21.7,45.6,0.6,8.7,1.0,28.7,92.2,98.2,7.8,1.8,288,94.0,74.0,17.0,6.0,5.0,38.0,44.0,21.0,40.0,29.0,27.0,218,182,288.0,93.0,71.0,17.0,6.0,5.0,38.0,45.0,21.0,39.0,31.0,26.0,216.0,179.0,76.0,35.0,28.0,7.0,,,4.0,,,9.0,,,55.0,39.0,17.7,21.8,33.0,37.8,16.3,19.5,27.9,29.6,18.7,23.7,34.4,39.4,18.2,22.9,32.5,34.3,72.1,80.4,80.4,87.9,44.8,54.8,49.5,58.7,"(CONTRACTS OF 37,500 POUNDS)",A50,FutOnly
raw_cot_data/disaggregated_futures_only/fut_disagg_xls_hist_2006_2016/F_DisAgg06_15.xls,disaggregated_futures_only,fut_disagg_xls_hist_2006_2016,COFFEE C - ICE FUTURES U.S.,81209,2008-12-09,083731,ICUS,1,83,114655,43669,57262,33803,7690,41,11638,23105,4207,7391,7062,8088,108837,107455,5818,7200,109434,40384,55136,33489,7574,28,11621,23152,4155,9519,7173,5189,104385,102407,5049,7027,5221,3285,2126,314,116,13,68,4,1,256,2273,515,4452,5048,769,173,5275.0,5348.0,207.0,-1262.0,537.0,-103.0,-221.0,2442.0,477.0,677.0,885.0,1512.0,6428.0,5957.0,-1153.0,-682.0,100,38.1,50.0,29.5,6.7,0.0,10.2,20.2,3.7,6.4,6.2,7.1,94.9,93.7,5.1,6.3,100,36.9,50.4,30.6,6.9,0.0,10.6,21.2,3.8,8.7,6.6,4.7,95.4,93.6,4.6,6.4,100,62.9,40.7,6.0,2.2,0.2,1.3,0.1,0.0,4.9,43.5,9.9,85.3,96.7,14.7,3.3,310,95.0,80.0,17.0,5.0,4.0,36.0,52.0,18.0,42.0,35.0,29.0,222,199,310.0,94.0,77.0,17.0,5.0,4.0,36.0,53.0,18.0,41.0,39.0,28.0,220.0,197.0,75.0,32.0,29.0,7.0,,,4.0,,,10.0,,,54.0,39.0,18.6,22.7,33.8,39.0,17.0,20.4,29.6,30.8,19.4,23.8,35.3,39.4,17.8,23.0,31.0,34.1,53.5,68.2,64.4,79.4,46.0,58.3,53.0,66.4,"(CONTRACTS OF 37,500 POUNDS)",A50,FutOnly
raw_cot_data/disaggregated_futures_only/fut_disagg_xls_hist_2006_2016/F_DisAgg06_15.xls,disaggregated_futures_only,fut_disagg_xls_hist_2006_2016,COFFEE C - ICE FUTURES U.S.,81202,2008-12-02,083731,ICUS,1,83,109380,38321,57055,35065,7153,144,11859,20663,3730,6714,6177,6576,102409,101498,6971,7882,104476,35171,54721,34751,7037,131,11842,20715,3678,8422,6155,4232,98227,96669,6249,7807,4904,3150,2334,314,116,13,69,0,0,129,1859,507,4182,4829,722,75,1332.0,354.0,-237.0,184.0,9.0,-31.0,-162.0,226.0,912.0,-146.0,-53.0,-290.0,821.0,536.0,511.0,796.0,100,35.0,52.2,32.1,6.5,0.1,10.8,18.9,3.4,6.1,5.6,6.0,93.6,92.8,6.4,7.2,100,33.7,52.4,33.3,6.7,0.1,11.3,19.8,3.5,8.1,5.9,4.1,94.0,92.5,6.0,7.5,100,64.2,47.6,6.4,2.4,0.3,1.4,0.0,0.0,2.6,37.9,10.3,85.3,98.5,14.7,1.5,301,97.0,82.0,17.0,5.0,6.0,36.0,48.0,19.0,44.0,31.0,25.0,222,193,301.0,96.0,79.0,17.0,5.0,6.0,36.0,49.0,19.0,43.0,32.0,25.0,221.0,190.0,71.0,29.0,31.0,7.0,,,4.0,0.0,0.0,6.0,4.0,,47.0,39.0,17.2,24.2,31.7,38.8,17.2,20.7,30.3,30.4,18.0,25.3,33.0,39.6,18.0,23.4,31.7,33.7,57.0,62.7,68.0,77.4,48.4,54.2,55.9,64.0,"(CONTRACTS OF 37,500 POUNDS)",A50,FutOnly
raw_cot_data/disaggregated_futures_only/fut_disagg_xls_hist_2006_2016/F_DisAgg06_15.xls,disaggregated_futures_only,fut_disagg_xls_hist_2006_2016,COFFEE C - ICE FUTURES U.S.,81125,2008-11-25,083731,ICUS,1,83,108048,37967,57292,34881,7144,175,12021,20437,2818,6860,6230,6866,101588,100962,6460,7086,103368,34874,54968,34594,7028,160,12009,20479,2776,7136,5297,5635,97184,96343,6184,7025,4680,3093,2324,287,116,15,54,0,0,281,1490,674,4404,4619,276,61,-3876.0,-3863.0,-5092.0,-563.0,2070.0,3.0,586.0,-1551.0,-275.0,-65.0,1133.0,870.0,-3307.0,-2842.0,-569.0,-1034.0,100,35.1,53.0,32.3,6.6,0.2,11.1,18.9,2.6,6.3,5.8,6.4,94.0,93.4,6.0,6.6,100,33.7,53.2,33.5,6.8,0.2,11.6,19.8,2.7,6.9,5.1,5.5,94.0,93.2,6.0,6.8,100,66.1,49.7,6.1,2.5,0.3,1.2,0.0,0.0,6.0,31.8,14.4,94.1,98.7,5.9,1.3,303,94.0,85.0,16.0,5.0,6.0,37.0,44.0,17.0,49.0,29.0,24.0,220,193,303.0,93.0,82.0,16.0,5.0,6.0,37.0,45.0,17.0,49.0,30.0,24.0,219.0,190.0,71.0,29.0,32.0,6.0,,,4.0,0.0,0.0,7.0,4.0,4.0,47.0,41.0,17.9,30.0,33.2,43.0,17.8,23.4,31.1,32.0,18.6,31.4,34.3,43.2,18.6,26.3,32.5,35.3,62.7,62.0,75.9,77.9,47.1,46.8,54.8,55.7,"(CONTRACTS OF 37,500 POUNDS)",A50,FutOnly
raw_cot_data/disaggregated_futures_only/fut_disagg_xls_hist_2006_2016/F_DisAgg06_15.xls,disaggregated_futures_only,fut_disagg_xls_hist_2006_2016,COFFEE C - ICE FUTURES U.S.,81118,2008-11-18,083731,ICUS,1,83,111924,41830,62384,35444,5074,172,11435,21988,3093,6925,5097,5996,104895,103804,7029,8120,107303,38766,60194,35136,4958,172,11425,22029,3052,7749,4630,4219,100519,99254,6784,8049,4621,3064,2190,308,116,0,51,0,0,329,1620,624,4376,4550,245,71,-11069.0,-3113.0,-7407.0,-1390.0,-985.0,-241.0,-7402.0,617.0,-183.0,-265.0,-5186.0,-771.0,-13365.0,-14156.0,2296.0,3087.0,100,37.4,55.7,31.7,4.5,0.2,10.2,19.6,2.8,6.2,4.6,5.4,93.7,92.7,6.3,7.3,100,36.1,56.1,32.7,4.6,0.2,10.6,20.5,2.8,7.2,4.3,3.9,93.7,92.5,6.3,7.5,100,66.3,47.4,6.7,2.5,0.0,1.1,0.0,0.0,7.1,35.1,13.5,94.7,98.5,5.3,1.5,305,89.0,83.0,17.0,6.0,6.0,35.0,49.0,17.0,49.0,28.0,25.0,216,197,305.0,89.0,81.0,17.0,6.0,6.0,35.0,50.0,17.0,49.0,30.0,24.0,215.0,195.0,68.0,27.0,29.0,6.0,,0.0,,0.0,0.0,,4.0,4.0,46.0,37.0,22.2,29.5,36.5,40.9,17.0,20.6,30.2,28.9,23.1,30.7,38.0,41.3,17.7,23.1,31.5,32.0,62.4,64.0,75.7,78.9,47.6,48.6,56.5,57.3,"(CONTRACTS OF 37,500 POUNDS)",A50,FutOnly
raw_cot_data/disaggregated_futures_only/fut_disagg_xls_hist_2006_2016/F_DisAgg06_15.xls,disaggregated_futures_only,fut_disagg_xls_hist_2006_2016,COFFEE C - ICE FUTURES U.S.,81111,2008-11-11,083731,ICUS,1,83,122993,44943,69791,36834,6059,413,18837,21371,3276,7190,10283,6767,118260,117960,4733,5033,118668,41888,67801,36665,5953,406,18827,21478,3169,7158,8947,5962,114075,113716,4593,4952,4325,3055,1990,169,106,7,117,0,0,205,1509,632,4185,4244,140,81,-2630.0,2887.0,-668.0,-731.0,2487.0,-1145.0,346.0,193.0,-1365.0,-1384.0,-1358.0,-596.0,-1988.0,-2452.0,-642.0,-178.0,100,36.5,56.7,29.9,4.9,0.3,15.3,17.4,2.7,5.8,8.4,5.5,96.2,95.9,3.8,4.1,100,35.3,57.1,30.9,5.0,0.3,15.9,18.1,2.7,6.0,7.5,5.0,96.1,95.8,3.9,4.2,100,70.6,46.0,3.9,2.5,0.2,2.7,0.0,0.0,4.7,34.9,14.6,96.8,98.1,3.2,1.9,309,93.0,91.0,16.0,6.0,9.0,34.0,44.0,16.0,48.0,37.0,39.0,232,208,309.0,93.0,90.0,16.0,6.0,8.0,34.0,45.0,16.0,48.0,38.0,39.0,232.0,206.0,66.0,28.0,29.0,5.0,,,,0.0,0.0,,4.0,4.0,45.0,38.0,21.7,26.6,36.1,39.2,17.2,18.3,30.0,27.5,22.5,27.6,36.9,39.3,17.8,20.5,31.1,29.9,66.3,63.9,79.9,79.7,49.8,47.6,57.8,56.4,"(CONTRACTS OF 37,500 POUNDS)",A50,FutOnly
raw_cot_data/disaggregated_futures_only/fut_disagg_xls_hist_2006_2016/F_DisAgg06_15.xls,disaggregated_futures_only,fut_disagg_xls_hist_2006_2016,COFFEE C - ICE FUTURES U.S.,81104,2008-11-04,083731,ICUS,1,83,125623,42056,70459,37565,3572,1558,18491,21178,4641,8574,11641,7363,120248,120412,5375,5211,121257,39028,68532,37399,3466,1550,18481,21273,4546,10084,11803,4963,116051,116133,5206,5124,4366,3028,1927,166,106,8,105,0,0,291,1639,599,4197,4279,169,87,-2954.0,374.0,2453.0,-981.0,-224.0,-127.0,-893.0,-1355.0,519.0,789.0,-621.0,-3865.0,-4184.0,-3220.0,1230.0,266.0,100,33.5,56.1,29.9,2.8,1.2,14.7,16.9,3.7,6.8,9.3,5.9,95.7,95.9,4.3,4.1,100,32.2,56.5,30.8,2.9,1.3,15.2,17.5,3.7,8.3,9.7,4.1,95.7,95.8,4.3,4.2,100,69.4,44.1,3.8,2.4,0.2,2.4,0.0,0.0,6.7,37.5,13.7,96.1,98.0,3.9,2.0,313,95.0,91.0,15.0,5.0,9.0,35.0,44.0,22.0,49.0,38.0,37.0,240,211,313.0,94.0,90.0,15.0,5.0,8.0,35.0,45.0,22.0,48.0,40.0,37.0,239.0,209.0,65.0,27.0,28.0,5.0,,,,0.0,0.0,,4.0,,44.0,36.0,18.8,26.2,33.7,36.8,17.3,19.9,29.8,28.2,19.5,27.1,33.8,37.7,17.9,22.1,30.9,30.7,66.1,65.7,79.5,81.2,49.8,49.5,57.4,58.3,"(CONTRACTS OF 37,500 POUNDS)",A50,FutOnly
raw_cot_data/disaggregated_futures_only/fut_disagg_xls_hist_2006_2016/F_DisAgg06_15.xls,disaggregated_futures_only,fut_disagg_xls_hist_2006_2016,COFFEE C - ICE FUTURES U.S.,81028,2008-10-28,083731,ICUS,1,83,128577,41682,68006,38546,3796,1685,19384,22533,4122,7785,12262,11228,124432,123632,4145,4945,124373,38736,66242,38379,3690,1685,19384,22562,4093,9343,12476,8744,120364,119492,4009,4881,4204,2946,1764,167,106,0,29,0,0,370,1714,556,4068,4140,136,64,-636.0,-1041.0,-2184.0,-2500.0,427.0,259.0,1999.0,-1105.0,-421.0,-1236.0,302.0,2117.0,-823.0,-605.0,187.0,-31.0,100,32.4,52.9,30.0,3.0,1.3,15.1,17.5,3.2,6.1,9.5,8.7,96.8,96.2,3.2,3.8,100,31.1,53.3,30.9,3.0,1.4,15.6,18.1,3.3,7.5,10.0,7.0,96.8,96.1,3.2,3.9,100,70.1,42.0,4.0,2.5,0.0,0.7,0.0,0.0,8.8,40.8,13.2,96.8,98.5,3.2,1.5,315,99.0,87.0,16.0,6.0,8.0,33.0,50.0,20.0,46.0,38.0,36.0,234,215,315.0,99.0,86.0,16.0,6.0,8.0,33.0,50.0,20.0,45.0,40.0,36.0,234.0,214.0,62.0,26.0,28.0,5.0,,0.0,,0.0,0.0,,4.0,4.0,41.0,36.0,20.7,27.6,35.4,37.7,17.1,19.5,30.4,27.5,20.1,27.0,34.9,37.3,17.7,21.6,31.4,29.9,67.3,66.4,79.5,80.9,52.0,53.2,60.4,62.0,"(CONTRACTS OF 37,500 POUNDS)",A50,FutOnly
raw_cot_data/disaggregated_futures_only/fut_disagg_xls_hist_2006_2016/F_DisAgg06_15.xls,disaggregated_futures_only,fut_disagg_xls_hist_2006_2016,COFFEE C - ICE FUTURES U.S.,81021,2008-10-21,083731,ICUS,1,83,129213,42723,70190,41046,3369,1426,17385,23638,4543,9021,11960,9111,125255,124237,3958,4976,125330,40063,68539,40856,3321,1422,17385,23667,4514,10410,12115,6824,121474,120402,3856,4928,3883,2660,1651,194,52,0,29,0,0,331,1565,567,3781,3835,102,48,-2985.0,-1003.0,-2759.0,-1281.0,463.0,-473.0,285.0,294.0,-235.0,287.0,-148.0,129.0,-2291.0,-2729.0,-694.0,-256.0,100,33.1,54.3,31.8,2.6,1.1,13.5,18.3,3.5,7.0,9.3,7.1,96.9,96.1,3.1,3.9,100,32.0,54.7,32.6,2.6,1.1,13.9,18.9,3.6,8.3,9.7,5.4,96.9,96.1,3.1,3.9,100,68.5,42.5,5.0,1.3,0.0,0.7,0.0,0.0,8.5,40.3,14.6,97.4,98.8,2.6,1.2,319,99.0,92.0,16.0,5.0,7.0,31.0,51.0,23.0,45.0,39.0,34.0,237,219,319.0,99.0,91.0,15.0,6.0,7.0,31.0,51.0,23.0,45.0,41.0,34.0,237.0,218.0,59.0,21.0,28.0,5.0,,0.0,,0.0,0.0,,4.0,4.0,36.0,36.0,20.7,27.8,35.4,37.8,16.3,19.3,29.2,27.2,19.6,28.4,34.8,37.5,16.8,21.3,30.1,29.5,72.3,65.5,84.1,80.8,56.4,54.0,64.4,62.6,"(CONTRACTS OF 37,500 POUNDS)",A50,FutOnly
raw_cot_data/disaggregated_futures_only/fut_disagg_xls_hist_2006_2016/F_DisAgg06_15.xls,disaggregated_futures_only,fut_disagg_xls_hist_2006_2016,COFFEE C - ICE FUTURES U.S.,81014,2008-10-14,083731,ICUS,1,83,132198,43726,72949,42327,2906,1899,17100,23344,4778,8734,12108,8982,127546,126966,4652,5232,128260,41069,71252,42132,2909,1895,17100,23339,4752,10157,12330,6601,123706,123078,4554,5182,3938,2657,1697,198,0,1,26,31,0,395,1596,563,3840,3888,98,50,-6102.0,866.0,-2257.0,-2205.0,-132.0,216.0,-2151.0,300.0,-360.0,196.0,-1271.0,-1785.0,-5223.0,-5289.0,-879.0,-813.0,100,33.1,55.2,32.0,2.2,1.4,12.9,17.7,3.6,6.6,9.2,6.8,96.5,96.0,3.5,4.0,100,32.0,55.6,32.8,2.3,1.5,13.3,18.2,3.7,7.9,9.6,5.1,96.4,96.0,3.6,4.0,100,67.5,43.1,5.0,0.0,0.0,0.7,0.8,0.0,10.0,40.5,14.3,97.5,98.7,2.5,1.3,312,95.0,92.0,16.0,7.0,9.0,32.0,49.0,25.0,40.0,42.0,34.0,232,222,312.0,94.0,92.0,16.0,7.0,9.0,32.0,49.0,25.0,40.0,43.0,34.0,231.0,222.0,57.0,20.0,28.0,6.0,0.0,,,,0.0,,,4.0,35.0,37.0,19.8,26.9,34.8,37.2,16.2,18.7,28.8,26.8,18.8,27.0,34.2,36.9,16.6,20.7,29.6,29.0,71.1,65.3,83.5,80.5,56.0,53.7,65.1,63.1,"(CONTRACTS OF 37,500 POUNDS)",A50,FutOnly
raw_cot_data/disaggregated_futures_only/fut_disagg_xls_hist_2006_2016/F_DisAgg06_15.xls,disaggregated_futures_only,fut_disagg_xls_hist_2006_2016,COFFEE C - ICE FUTURES U.S.,81007,2008-10-07,083731,ICUS,1,83,138300,42860,75206,44532,3038,1683,19251,23044,5138,8538,13379,10767,132769,132255,5531,6045,134349,40308,73681,44311,3043,1677,19266,23070,5097,10183,13681,8116,128958,128365,5391,5984,3951,2552,1525,226,0,1,26,15,0,495,1838,511,3811,3890,140,61,1269.0,3280.0,-10379.0,-3280.0,372.0,74.0,-4994.0,4842.0,1465.0,46.0,435.0,2650.0,-759.0,-541.0,2028.0,1810.0,100,31.0,54.4,32.2,2.2,1.2,13.9,16.7,3.7,6.2,9.7,7.8,96.0,95.6,4.0,4.4,100,30.0,54.8,33.0,2.3,1.2,14.3,17.2,3.8,7.6,10.2,6.0,96.0,95.5,4.0,4.5,100,64.6,38.6,5.7,0.0,0.0,0.7,0.4,0.0,12.5,46.5,12.9,96.5,98.5,3.5,1.5,322,95.0,93.0,17.0,5.0,6.0,34.0,52.0,23.0,36.0,46.0,35.0,225,231,322.0,94.0,93.0,16.0,6.0,5.0,34.0,52.0,23.0,35.0,48.0,35.0,223.0,231.0,56.0,17.0,30.0,6.0,0.0,,,,0.0,,,4.0,32.0,39.0,22.0,28.2,37.0,38.2,15.9,17.6,28.6,24.8,21.1,28.1,36.6,37.9,16.4,19.5,29.4,26.9,71.9,65.3,85.0,80.3,58.9,55.8,66.8,64.3,"(CONTRACTS OF 37,500 POUNDS)",A50,FutOnly
raw_cot_data/disaggregated_futures_only/fut_disagg_xls_hist_2006_2016/F_DisAgg06_15.xls,disaggregated_futures_only,fut_disagg_xls_hist_2006_2016,COFFEE C - ICE FUTURES U.S.,80930,2008-09-30,083731,ICUS,1,83,137031,39580,85585,47812,2666,1609,24245,18202,3673,8492,12944,8117,133528,132796,3503,4235,133271,37133,84253,47575,2669,1605,24260,18228,3632,10232,13250,5434,129871,129071,3400,4200,3760,2447,1332,240,0,1,26,15,0,486,1920,457,3657,3725,103,35,13278.0,12973.0,9552.0,-1173.0,198.0,-113.0,-140.0,149.0,350.0,-466.0,400.0,1104.0,12535.0,11640.0,743.0,1638.0,100,28.9,62.5,34.9,1.9,1.2,17.7,13.3,2.7,6.2,9.4,5.9,97.4,96.9,2.6,3.1,100,27.9,63.2,35.7,2.0,1.2,18.2,13.7,2.7,7.7,9.9,4.1,97.4,96.8,2.6,3.2,100,65.1,35.5,6.4,0.0,0.0,0.7,0.4,0.0,12.9,51.1,12.2,97.3,99.1,2.7,0.9,318,86.0,94.0,17.0,5.0,5.0,41.0,40.0,23.0,46.0,39.0,29.0,223,213,318.0,85.0,93.0,17.0,5.0,4.0,41.0,40.0,23.0,46.0,40.0,29.0,221.0,212.0,53.0,13.0,29.0,6.0,0.0,,,,0.0,,,4.0,28.0,38.0,24.9,31.3,40.9,40.3,18.8,18.8,32.0,26.8,24.3,32.1,40.5,41.3,19.3,20.8,32.9,29.0,74.3,68.4,86.8,81.0,62.5,58.2,70.8,66.7,"(CONTRACTS OF 37,500 POUNDS)",A50,FutOnly
raw_cot_data/disaggregated_futures_only/fut_disagg_xls_hist_2006_2016/F_DisAgg06_15.xls,disaggregated_futures_only,fut_disagg_xls_hist_2006_2016,COFFEE C - ICE FUTURES U.S.,80923,2008-09-23,083731,ICUS,1,83,123753,26607,76033,48985,2468,1722,24385,18053,3323,8958,12544,7013,120993,121156,2760,2597,120281,24295,74948,48744,2471,1718,24400,18079,3282,10639,12725,4558,117636,117781,2645,2500,3472,2312,1085,244,0,1,26,15,0,356,1856,418,3357,3375,115,97,-2476.0,750.0,-5195.0,-2669.0,75.0,22.0,-1521.0,1451.0,709.0,1279.0,1240.0,1151.0,-279.0,-547.0,-2197.0,-1929.0,100,21.5,61.4,39.6,2.0,1.4,19.7,14.6,2.7,7.2,10.1,5.7,97.8,97.9,2.2,2.1,100,20.2,62.3,40.5,2.1,1.4,20.3,15.0,2.7,8.8,10.6,3.8,97.8,97.9,2.2,2.1,100,66.6,31.3,7.0,0.0,0.0,0.7,0.4,0.0,10.3,53.5,12.0,96.7,97.2,3.3,2.8,337,85.0,96.0,17.0,6.0,5.0,41.0,46.0,22.0,55.0,41.0,31.0,235,221,337.0,84.0,95.0,17.0,6.0,4.0,41.0,46.0,22.0,55.0,42.0,31.0,233.0,220.0,50.0,12.0,28.0,6.0,0.0,,,,0.0,,,,26.0,36.0,21.6,27.4,38.8,37.2,21.5,21.1,36.5,30.0,22.2,28.2,38.6,37.9,22.2,23.2,37.6,32.3,77.1,71.6,88.3,82.6,67.3,61.3,74.2,69.0,"(CONTRACTS OF 37,500 POUNDS)",A50,FutOnly
raw_cot_data/disaggregated_futures_only/fut_disagg_xls_hist_2006_2016/F_DisAgg06_15.xls,disaggregated_futures_only,fut_disagg_xls_hist_2006_2016,COFFEE C - ICE FUTURES U.S.,80916,2008-09-16,083731,ICUS,1,83,126229,25857,81228,51654,2393,1700,25906,16602,2614,7679,11304,5862,121272,121703,4957,4526,122817,23621,80178,51394,2399,1693,25931,16613,2563,9333,11481,3461,117996,118388,4821,4429,3412,2236,1050,266,0,1,26,40,0,308,1785,439,3276,3315,136,97,3073.0,5524.0,-6227.0,-1447.0,-52.0,-14.0,-2563.0,5598.0,870.0,206.0,1376.0,-701.0,1875.0,850.0,1198.0,2223.0,100,20.5,64.3,40.9,1.9,1.3,20.5,13.2,2.1,6.1,9.0,4.6,96.1,96.4,3.9,3.6,100,19.2,65.3,41.8,2.0,1.4,21.1,13.5,2.1,7.6,9.3,2.8,96.1,96.4,3.9,3.6,100,65.6,30.8,7.8,0.0,0.0,0.8,1.2,0.0,9.0,52.3,12.9,96.0,97.2,4.0,2.8,331,85.0,98.0,18.0,5.0,5.0,47.0,38.0,22.0,52.0,40.0,30.0,234,214,331.0,83.0,97.0,18.0,5.0,4.0,46.0,39.0,22.0,52.0,41.0,29.0,231.0,212.0,51.0,11.0,25.0,7.0,0.0,,,,0.0,,,,26.0,35.0,21.8,27.1,38.6,36.7,21.4,21.2,36.3,30.1,22.0,27.8,38.1,37.3,22.0,23.2,37.3,32.3,77.5,71.3,88.3,82.5,68.3,62.3,75.3,70.1,"(CONTRACTS OF 37,500 POUNDS)",A50,FutOnly
raw_cot_data/disaggregated_futures_only/fut_disagg_xls_hist_2006_2016/F_DisAgg06_15.xls,disaggregated_futures_only,fut_disagg_xls_hist_2006_2016,COFFEE C - ICE FUTURES U.S.,80909,2008-09-09,083731,ICUS,1,83,123156,20333,87455,53101,2445,1714,28469,11004,1744,7473,9928,6563,119397,120853,3759,2303,120043,18253,86435,52895,2451,1707,28504,10999,1709,9022,10229,4258,116348,117788,3695,2255,3113,2080,1020,212,0,1,0,40,0,315,1563,441,3049,3065,64,48,-3957.0,1401.0,-3346.0,196.0,-108.0,-9.0,-3018.0,-316.0,-1242.0,-901.0,408.0,-263.0,-3836.0,-4876.0,-121.0,919.0,100,16.5,71.0,43.1,2.0,1.4,23.1,8.9,1.4,6.1,8.1,5.3,96.9,98.1,3.1,1.9,100,15.2,72.0,44.1,2.0,1.4,23.7,9.2,1.4,7.5,8.5,3.5,96.9,98.1,3.1,1.9,100,66.8,32.8,6.8,0.0,0.0,0.0,1.3,0.0,10.1,50.2,14.2,97.9,98.5,2.1,1.5,330,78.0,100.0,18.0,6.0,5.0,56.0,21.0,18.0,50.0,44.0,30.0,237,199,330.0,76.0,100.0,18.0,6.0,5.0,57.0,20.0,18.0,52.0,45.0,30.0,235.0,199.0,47.0,9.0,23.0,7.0,0.0,,0.0,,0.0,7.0,,4.0,25.0,32.0,23.7,27.3,39.6,37.7,23.3,22.1,37.9,31.9,23.8,28.0,39.1,38.4,23.8,24.1,38.8,34.0,84.0,74.7,92.9,84.6,73.8,64.8,77.9,71.2,"(CONTRACTS OF 37,500 POUNDS)",A50,FutOnly
raw_cot_data/disaggregated_futures_only/fut_disagg_xls_hist_2006_2016/F_DisAgg06_15.xls,disaggregated_futures_only,fut_disagg_xls_hist_2006_2016,COFFEE C - ICE FUTURES U.S.,80902,2008-09-02,083731,ICUS,1,83,127113,18932,90801,52905,2553,1723,31487,11320,2986,8374,9520,6826,123233,125729,3880,1384,124433,17361,89894,52694,2559,1716,31527,11320,2946,9567,9847,4824,120635,123106,3798,1327,2680,1571,907,217,0,1,0,40,0,340,1206,469,2598,2623,82,57,620.0,-1500.0,2207.0,-623.0,58.0,-46.0,4415.0,-1238.0,50.0,-617.0,-555.0,600.0,2279.0,1076.0,-1659.0,-456.0,100,14.9,71.4,41.6,2.0,1.4,24.8,8.9,2.3,6.6,7.5,5.4,96.9,98.9,3.1,1.1,100,14.0,72.2,42.3,2.1,1.4,25.3,9.1,2.4,7.7,7.9,3.9,96.9,98.9,3.1,1.1,100,58.7,33.9,8.1,0.0,0.0,0.0,1.5,0.0,12.7,45.0,17.5,96.9,97.9,3.1,2.1,338,68.0,103.0,18.0,6.0,5.0,63.0,22.0,22.0,55.0,44.0,31.0,243,205,338.0,66.0,103.0,18.0,6.0,5.0,64.0,22.0,22.0,56.0,46.0,31.0,241.0,205.0,44.0,9.0,20.0,7.0,0.0,,0.0,,0.0,8.0,,5.0,26.0,29.0,23.4,27.0,38.7,38.0,22.4,21.9,35.8,32.1,23.0,27.6,38.4,38.1,22.9,23.3,36.6,33.6,77.2,73.2,89.7,83.7,65.3,61.5,71.8,67.7,"(CONTRACTS OF 37,500 POUNDS)",A50,FutOnly
raw_cot_data/disaggregated_futures_only/fut_disagg_xls_hist_2006_2016/F_DisAgg06_15.xls,disaggregated_futures_only,fut_disagg_xls_hist_2006_2016,COFFEE C - ICE FUTURES U.S.,80826,2008-08-26,083731,ICUS,1,83,126493,20432,88594,53528,2495,1769,27072,12558,2936,8991,10075,6226,120954,124653,5539,1840,601,586,464,0,0,0,0,24,0,0,0,0,586,488,15,113,125892,19846,88130,53528,2495,1769,27072,12534,2936,8991,10075,6226,120368,124165,5524,1727,-2174.0,-4827.0,5256.0,-387.0,87.0,-126.0,3371.0,-1827.0,-526.0,630.0,1380.0,-1631.0,-3496.0,2613.0,1322.0,-4787.0,100,16.2,70.0,42.3,2.0,1.4,21.4,9.9,2.3,7.1,8.0,4.9,95.6,98.5,4.4,1.5,100,97.5,77.2,0.0,0.0,0.0,0.0,4.0,0.0,0.0,0.0,0.0,97.5,81.2,2.5,18.8,100,15.8,70.0,42.5,2.0,1.4,21.5,10.0,2.3,7.1,8.0,4.9,95.6,98.6,4.4,1.4,338,71.0,101.0,18.0,7.0,,54.0,28.0,17.0,55.0,49.0,27.0,232,207,27.0,6.0,20.0,0.0,0.0,0.0,0.0,,0.0,0.0,0.0,0.0,6.0,21.0,338.0,69.0,101.0,18.0,7.0,,54.0,28.0,17.0,55.0,49.0,27.0,230.0,207.0,24.3,26.4,40.6,37.7,22.6,20.7,36.0,30.5,96.7,46.8,97.5,62.4,96.7,46.8,97.5,62.4,24.4,26.5,40.8,37.7,22.7,20.7,36.2,30.5,"(CONTRACTS OF 37,500 POUNDS)",A50,FutOnly
raw_cot_data/disaggregated_futures_only/fut_disagg_xls_hist_2006_2016/F_DisAgg06_15.xls,disaggregated_futures_only,fut_disagg_xls_hist_2006_2016,COFFEE C - ICE FUTURES U.S.,80819,2008-08-19,083731,ICUS,1,83,128667,25259,83338,53915,2408,1895,23701,14385,3462,8361,8695,7857,124450,122040,4217,6627,8997,5802,4177,964,284,0,960,303,2,318,748,15,8061,5529,936,3468,119670,19457,79161,53041,2214,1805,23418,14759,2783,8736,8640,7149,116389,116511,3281,3159,-4098.0,1913.0,-7489.0,-119.0,73.0,-19.0,-1332.0,2438.0,-496.0,-368.0,868.0,-496.0,-917.0,-5121.0,-3181.0,1023.0,100,19.6,64.8,41.9,1.9,1.5,18.4,11.2,2.7,6.5,6.8,6.1,96.7,94.8,3.3,5.2,100,64.5,46.4,10.7,3.2,0.0,10.7,3.4,0.0,3.5,8.3,0.2,89.6,61.5,10.4,38.5,100,16.3,66.1,44.3,1.9,1.5,19.6,12.3,2.3,7.3,7.2,6.0,97.3,97.4,2.7,2.6,330,75.0,98.0,20.0,4.0,5.0,45.0,37.0,16.0,54.0,45.0,30.0,225,213,103.0,34.0,43.0,4.0,4.0,0.0,,,,,,,50.0,57.0,323.0,67.0,96.0,20.0,,4.0,42.0,39.0,14.0,54.0,43.0,26.0,211.0,205.0,25.0,27.9,41.0,39.0,22.2,19.7,35.2,28.2,62.9,39.0,73.0,47.1,62.8,39.0,72.9,47.1,26.9,27.6,43.9,39.2,23.7,19.7,37.7,29.7,"(CONTRACTS OF 37,500 POUNDS)",A50,FutOnly
raw_cot_data/disaggregated_futures_only/fut_disagg_xls_hist_2006_2016/F_DisAgg06_15.xls,disaggregated_futures_only,fut_disagg_xls_hist_2006_2016,COFFEE C - ICE FUTURES U.S.,80812,2008-08-12,083731,ICUS,1,83,132765,23346,90827,54034,2335,1914,25033,11947,3958,8729,7827,8353,125367,127161,7398,5604,34232,9901,27524,10414,1471,3,7295,2863,7,3949,1008,204,31773,33080,2459,1152,98533,13445,63303,43773,1017,1758,18843,10189,2846,6441,8480,6488,93594,94081,4939,4452,-12290.0,-2784.0,-6029.0,-1516.0,-77.0,-788.0,-1580.0,1258.0,-2125.0,-1249.0,-700.0,-2958.0,-13000.0,-11419.0,710.0,-871.0,100,17.6,68.4,40.7,1.8,1.4,18.9,9.0,3.0,6.6,5.9,6.3,94.4,95.8,5.6,4.2,100,28.9,80.4,30.4,4.3,0.0,21.3,8.4,0.0,11.5,2.9,0.6,92.8,96.6,7.2,3.4,100,13.6,64.2,44.4,1.0,1.8,19.1,10.3,2.9,6.5,8.6,6.6,95.0,95.5,5.0,4.5,334,83.0,103.0,19.0,5.0,6.0,54.0,29.0,18.0,58.0,44.0,33.0,246,213,233.0,55.0,61.0,16.0,4.0,,33.0,17.0,,37.0,22.0,,144.0,107.0,280.0,65.0,97.0,18.0,4.0,4.0,38.0,23.0,12.0,37.0,44.0,25.0,182.0,187.0,23.6,26.1,38.7,37.8,21.4,19.5,34.0,29.3,28.0,58.4,40.3,68.4,25.5,51.8,36.0,61.8,27.4,21.1,43.6,32.7,24.8,18.7,38.9,29.1,"(CONTRACTS OF 37,500 POUNDS)",A50,FutOnly
raw_cot_data/disaggregated_futures_only/fut_disagg_xls_hist_2006_2016/F_DisAgg06_15.xls,disaggregated_futures_only,fut_disagg_xls_hist_2006_2016,COFFEE C - ICE FUTURES U.S.,80805,2008-08-05,083731,ICUS,1,83,145055,26130,96856,55550,2412,2702,26613,10689,6083,9978,8527,11311,138367,138580,6688,6475,63037,6981,39815,28672,3965,3,15367,8810,735,8237,6528,52,60047,59908,2990,3129,82018,19149,57041,29438,1007,139,14158,4791,2436,6771,7029,6229,78320,78672,3698,3346,-1613.0,-888.0,-1803.0,630.0,-32.0,937.0,1219.0,-582.0,-314.0,-655.0,1012.0,-2113.0,-1184.0,-2895.0,-429.0,1282.0,100,18.0,66.8,38.3,1.7,1.9,18.3,7.4,4.2,6.9,5.9,7.8,95.4,95.5,4.6,4.5,100,11.1,63.2,45.5,6.3,0.0,24.4,14.0,1.2,13.1,10.4,0.1,95.3,95.0,4.7,5.0,100,23.3,69.5,35.9,1.2,0.2,17.3,5.8,3.0,8.3,8.6,7.6,95.5,95.9,4.5,4.1,344,80.0,98.0,19.0,6.0,6.0,57.0,28.0,23.0,61.0,46.0,41.0,260,215,297.0,50.0,65.0,19.0,4.0,,46.0,26.0,7.0,54.0,43.0,,174.0,144.0,251.0,59.0,95.0,18.0,4.0,,33.0,15.0,10.0,32.0,37.0,24.0,160.0,171.0,24.9,26.6,39.2,38.3,20.1,18.8,31.8,28.3,28.4,42.3,41.0,53.5,28.4,41.1,41.0,52.3,32.4,23.3,49.2,36.8,27.8,20.0,44.1,31.7,"(CONTRACTS OF 37,500 POUNDS)",A50,FutOnly
raw_cot_data/disaggregated_futures_only/fut_disagg_xls_hist_2006_2016/F_DisAgg06_15.xls,disaggregated_futures_only,fut_disagg_xls_hist_2006_2016,COFFEE C - ICE FUTURES U.S.,80729,2008-07-29,083731,ICUS,1,83,146668,27018,98659,54920,2444,1765,25394,11271,6397,10633,7515,13424,139551,141475,7117,5193,74628,7639,47378,34639,3069,0,17343,10985,805,9543,9289,29,69998,71555,4630,3073,72040,19379,51281,21867,961,179,11377,3612,2266,9725,6861,4760,69553,69920,2487,2120,168.0,1989.0,-5152.0,-231.0,-128.0,-11.0,-2886.0,4359.0,-94.0,694.0,-353.0,1292.0,753.0,-87.0,-585.0,255.0,100,18.4,67.3,37.4,1.7,1.2,17.3,7.7,4.4,7.2,5.1,9.2,95.1,96.5,4.9,3.5,100,10.2,63.5,46.4,4.1,0.0,23.2,14.7,1.1,12.8,12.4,0.0,93.8,95.9,6.2,4.1,100,26.9,71.2,30.4,1.3,0.2,15.8,5.0,3.1,13.5,9.5,6.6,96.5,97.1,3.5,2.9,342,85.0,97.0,19.0,5.0,,52.0,30.0,22.0,62.0,43.0,42.0,265,208,310.0,56.0,66.0,19.0,,0.0,49.0,28.0,10.0,59.0,41.0,,187.0,146.0,236.0,59.0,92.0,18.0,,,25.0,13.0,5.0,30.0,38.0,24.0,151.0,160.0,26.4,28.8,40.6,40.7,19.6,19.0,31.3,28.6,28.3,39.1,42.1,51.0,28.3,38.3,42.1,50.1,37.6,23.7,52.1,37.9,32.3,22.1,46.3,32.9,"(CONTRACTS OF 37,500 POUNDS)",A50,FutOnly
raw_cot_data/disaggregated_futures_only/fut_disagg_xls_hist_2006_2016/F_DisAgg06_15.xls,disaggregated_futures_only,fut_disagg_xls_hist_2006_2016,COFFEE C - ICE FUTURES U.S.,80722,2008-07-22,083731,ICUS,1,83,146500,25029,103811,55151,2572,1776,28280,6912,6491,9939,7868,12132,138798,141562,7702,4938,78405,7800,54078,35543,3146,3,20353,8388,815,8474,8935,49,73037,75414,5368,2991,68095,17229,49733,21193,1011,188,11085,1682,2518,8534,6002,5014,65761,66148,2334,1947,627.0,2785.0,-3369.0,-2084.0,154.0,-266.0,1029.0,1233.0,120.0,-548.0,1360.0,2046.0,3082.0,1278.0,-2455.0,-651.0,100,17.1,70.9,37.6,1.8,1.2,19.3,4.7,4.4,6.8,5.4,8.3,94.7,96.6,5.3,3.4,100,10.0,69.0,45.3,4.0,0.0,26.0,10.7,1.0,10.8,11.4,0.1,93.2,96.2,6.8,3.8,100,25.3,73.0,31.1,1.5,0.3,16.3,2.5,3.7,12.5,8.8,7.4,96.6,97.1,3.4,2.9,332,82.0,106.0,18.0,5.0,4.0,55.0,22.0,22.0,57.0,41.0,42.0,258,208,305.0,52.0,76.0,18.0,4.0,,53.0,21.0,10.0,56.0,38.0,,184.0,148.0,231.0,56.0,94.0,17.0,,,23.0,11.0,6.0,26.0,40.0,24.0,143.0,161.0,25.0,28.4,39.4,41.8,19.7,20.4,31.4,30.9,27.7,38.4,42.0,51.7,27.7,37.2,42.0,50.6,36.6,24.5,52.3,38.8,32.1,23.9,46.8,35.2,"(CONTRACTS OF 37,500 POUNDS)",A50,FutOnly
raw_cot_data/disaggregated_futures_only/fut_disagg_xls_hist_2006_2016/F_DisAgg06_15.xls,disaggregated_futures_only,fut_disagg_xls_hist_2006_2016,COFFEE C - ICE FUTURES U.S.,80715,2008-07-15,083731,ICUS,1,83,145873,22244,107180,57235,2418,2042,27251,5679,6371,10487,6508,10086,135716,140284,10157,5589,82380,6572,59580,39308,3172,9,20451,8934,821,8691,6814,59,75911,79389,6469,2991,63493,15672,47600,19765,1084,195,11104,1049,1246,7070,4968,4753,59805,60895,3688,2598,-2842.0,1480.0,2670.0,-203.0,-181.0,5.0,-3496.0,-602.0,272.0,1417.0,335.0,-2703.0,-3228.0,-204.0,386.0,-2638.0,100,15.2,73.5,39.2,1.7,1.4,18.7,3.9,4.4,7.2,4.5,6.9,93.0,96.2,7.0,3.8,100,8.0,72.3,47.7,3.9,0.0,24.8,10.8,1.0,10.5,8.3,0.1,92.1,96.4,7.9,3.6,100,24.7,75.0,31.1,1.7,0.3,17.5,1.7,2.0,11.1,7.8,7.5,94.2,95.9,5.8,4.1,341,72.0,106.0,18.0,5.0,5.0,68.0,17.0,21.0,63.0,41.0,38.0,259,204,320.0,46.0,80.0,19.0,4.0,,61.0,23.0,12.0,65.0,36.0,,200.0,150.0,224.0,49.0,92.0,16.0,4.0,,27.0,7.0,5.0,23.0,40.0,21.0,134.0,153.0,23.7,28.2,38.8,41.9,20.2,21.3,32.3,32.4,26.7,37.2,41.8,50.4,26.7,36.4,41.8,49.6,35.1,24.8,48.3,39.0,30.1,24.3,41.7,36.1,"(CONTRACTS OF 37,500 POUNDS)",A50,FutOnly
raw_cot_data/disaggregated_futures_only/fut_disagg_xls_hist_2006_2016/F_DisAgg06_15.xls,disaggregated_futures_only,fut_disagg_xls_hist_2006_2016,COFFEE C - ICE FUTURES U.S.,80708,2008-07-08,083731,NYBT,1,83,148715,20764,104510,57438,2599,2037,30747,6281,6099,9070,6173,12789,138944,140488,9771,8227,87367,6329,58797,40450,3145,0,23529,9188,773,9544,9392,70,80695,81365,6672,6002,61348,14435,45713,18863,1329,162,11277,1152,1267,7851,5106,4394,58249,59123,3099,2225,-60.0,894.0,-2222.0,221.0,171.0,-60.0,-2570.0,-1380.0,-616.0,-808.0,-586.0,3738.0,799.0,-955.0,-859.0,895.0,100,14.0,70.3,38.6,1.7,1.4,20.7,4.2,4.1,6.1,4.2,8.6,93.4,94.5,6.6,5.5,100,7.2,67.3,46.3,3.6,0.0,26.9,10.5,0.9,10.9,10.8,0.1,92.4,93.1,7.6,6.9,100,23.5,74.5,30.7,2.2,0.3,18.4,1.9,2.1,12.8,8.3,7.2,94.9,96.4,5.1,3.6,346,70.0,109.0,18.0,5.0,,74.0,15.0,19.0,59.0,43.0,34.0,254,204,329.0,44.0,86.0,18.0,4.0,0.0,68.0,21.0,10.0,59.0,43.0,,196.0,159.0,221.0,49.0,93.0,16.0,4.0,,27.0,7.0,5.0,24.0,35.0,20.0,130.0,153.0,22.8,27.4,37.6,41.8,19.8,21.2,31.8,32.3,26.1,36.1,39.8,48.7,26.1,35.3,39.8,48.0,34.7,24.9,48.1,38.8,30.1,24.3,41.8,36.4,"(CONTRACTS OF 37,500 POUNDS)",A50,FutOnly
raw_cot_data/disaggregated_futures_only/fut_disagg_xls_hist_2006_2016/F_DisAgg06_15.xls,disaggregated_futures_only,fut_disagg_xls_hist_2006_2016,COFFEE C - ICE FUTURES U.S.,80701,2008-07-01,083731,NYBT,1,83,148775,19870,106732,57217,2428,2097,33317,7661,6715,9878,6759,9051,138145,141443,10630,7332,91723,6009,63924,41169,3172,0,26647,10319,1224,8968,7798,46,84063,86483,7660,5240,57052,13861,42808,17983,1191,162,10803,1475,1358,5505,3556,4410,54082,54960,2970,2092,7918.0,-14.0,4071.0,1712.0,889.0,1834.0,4027.0,-960.0,551.0,-816.0,1134.0,1357.0,8651.0,8876.0,-733.0,-958.0,100,13.4,71.7,38.5,1.6,1.4,22.4,5.1,4.5,6.6,4.5,6.1,92.9,95.1,7.1,4.9,100,6.6,69.7,44.9,3.5,0.0,29.1,11.3,1.3,9.8,8.5,0.1,91.6,94.3,8.4,5.7,100,24.3,75.0,31.5,2.1,0.3,18.9,2.6,2.4,9.6,6.2,7.7,94.8,96.3,5.2,3.7,362,64.0,112.0,17.0,5.0,,82.0,19.0,22.0,66.0,43.0,34.0,260,216,345.0,37.0,96.0,17.0,4.0,0.0,74.0,25.0,14.0,63.0,47.0,,201.0,179.0,214.0,44.0,90.0,15.0,4.0,,26.0,7.0,5.0,25.0,34.0,19.0,122.0,150.0,21.2,27.3,35.8,41.1,20.1,21.4,31.5,33.3,25.5,36.6,38.3,46.8,25.5,35.9,38.3,46.1,32.0,26.0,46.4,39.4,26.9,24.2,39.4,36.5,"(CONTRACTS OF 37,500 POUNDS)",A50,FutOnly
raw_cot_data/disaggregated_futures_only/fut_disagg_xls_hist_2006_2016/F_DisAgg06_15.xls,disaggregated_futures_only,fut_disagg_xls_hist_2006_2016,COFFEE C - ICE FUTURES U.S.,80624,2008-06-24,083731,NYBT,1,83,140857,19884,102661,55505,1539,263,29290,8621,6164,10694,5625,7694,129494,132567,11363,8290,87403,6515,62235,38846,984,12,23169,10823,1055,9085,6137,66,78748,81312,8655,6091,53454,13369,40426,16754,650,156,9848,1525,1382,4870,2749,4367,50746,51255,2708,2199,-3209.0,-8779.0,-2775.0,512.0,-95.0,82.0,2910.0,-1782.0,-1151.0,-750.0,763.0,1449.0,-5727.0,-3509.0,2518.0,300.0,100,14.1,72.9,39.4,1.1,0.2,20.8,6.1,4.4,7.6,4.0,5.5,91.9,94.1,8.1,5.9,100,7.5,71.2,44.4,1.1,0.0,26.5,12.4,1.2,10.4,7.0,0.1,90.1,93.0,9.9,7.0,100,25.0,75.6,31.3,1.2,0.3,18.4,2.9,2.6,9.1,5.1,8.2,94.9,95.9,5.1,4.1,351,59.0,106.0,20.0,4.0,,78.0,21.0,21.0,68.0,38.0,32.0,253,206,334.0,37.0,94.0,19.0,,,70.0,26.0,11.0,61.0,46.0,,195.0,175.0,208.0,44.0,85.0,16.0,4.0,,25.0,8.0,7.0,29.0,28.0,21.0,125.0,144.0,21.7,28.4,35.6,42.2,20.9,22.6,31.4,34.3,26.1,38.2,36.7,48.1,26.1,37.6,36.7,47.4,31.9,27.5,47.0,40.9,26.2,25.5,39.2,37.4,"(CONTRACTS OF 37,500 POUNDS)",A50,FutOnly
raw_cot_data/disaggregated_futures_only/fut_disagg_xls_hist_2006_2016/F_DisAgg06_15.xls,disaggregated_futures_only,fut_disagg_xls_hist_2006_2016,COFFEE C - ICE FUTURES U.S.,80617,2008-06-17,083731,NYBT,1,83,144066,28663,105436,54993,1634,181,26380,10403,7315,11444,4862,6245,135221,136076,8845,7990,96879,15947,69830,39144,1081,27,21389,11865,2726,9880,3939,222,89335,89690,7544,7189,47187,12716,35606,15849,553,154,8111,1658,1469,3261,2620,4326,45886,46386,1301,801,-4682.0,3666.0,5800.0,-1043.0,15.0,-481.0,2947.0,-869.0,-451.0,-3622.0,-1139.0,-5842.0,-4826.0,-2967.0,144.0,-1715.0,100,19.9,73.2,38.2,1.1,0.1,18.3,7.2,5.1,7.9,3.4,4.3,93.9,94.5,6.1,5.5,100,16.5,72.1,40.4,1.1,0.0,22.1,12.2,2.8,10.2,4.1,0.2,92.2,92.6,7.8,7.4,100,26.9,75.5,33.6,1.2,0.3,17.2,3.5,3.1,6.9,5.6,9.2,97.2,98.3,2.8,1.7,334,70.0,99.0,20.0,4.0,6.0,65.0,22.0,21.0,69.0,33.0,30.0,253,196,320.0,46.0,90.0,19.0,,4.0,61.0,26.0,13.0,64.0,38.0,7.0,203.0,170.0,194.0,47.0,77.0,17.0,,,20.0,9.0,6.0,29.0,23.0,18.0,124.0,127.0,23.3,32.0,37.1,43.9,20.5,22.4,30.7,32.6,23.7,39.7,37.5,52.8,23.7,31.8,34.0,43.6,30.2,28.7,46.8,42.7,18.3,18.2,31.7,27.7,"(CONTRACTS OF 37,500 POUNDS)",A50,FutOnly
raw_cot_data/disaggregated_futures_only/fut_disagg_xls_hist_2006_2016/F_DisAgg06_15.xls,disaggregated_futures_only,fut_disagg_xls_hist_2006_2016,COFFEE C - ICE FUTURES U.S.,80610,2008-06-10,083731,NYBT,1,83,148748,24997,99636,56036,1619,662,23433,11272,7766,15066,6001,12087,140047,139043,8701,9705,107290,12520,74484,44138,1091,457,19668,13081,3278,19698,5881,1651,101410,99923,5880,7367,41458,12477,25152,11933,563,170,6924,1350,1329,2711,7463,3093,38637,39120,2821,2338,-4446.0,-1561.0,-3653.0,-299.0,-89.0,-11.0,-1083.0,372.0,-1634.0,49.0,218.0,-205.0,-4744.0,-5002.0,298.0,556.0,100,16.8,67.0,37.7,1.1,0.4,15.8,7.6,5.2,10.1,4.0,8.1,94.2,93.5,5.8,6.5,100,11.7,69.4,41.1,1.0,0.4,18.3,12.2,3.1,18.4,5.5,1.5,94.5,93.1,5.5,6.9,100,30.1,60.7,28.8,1.4,0.4,16.7,3.3,3.2,6.5,18.0,7.5,93.2,94.4,6.8,5.6,337,78.0,97.0,20.0,5.0,5.0,60.0,28.0,24.0,71.0,31.0,37.0,260,205,326.0,59.0,89.0,20.0,,,57.0,32.0,19.0,68.0,36.0,19.0,221.0,185.0,188.0,45.0,73.0,16.0,4.0,,17.0,7.0,4.0,27.0,25.0,21.0,120.0,122.0,21.8,27.6,35.4,40.8,20.3,22.1,30.2,31.4,24.8,37.1,38.7,47.9,24.8,34.5,38.4,45.3,26.1,30.4,42.2,42.3,23.5,26.0,38.1,35.0,"(CONTRACTS OF 37,500 POUNDS)",A50,FutOnly
raw_cot_data/disaggregated_futures_only/fut_disagg_xls_hist_2006_2016/F_DisAgg06_15.xls,disaggregated_futures_only,fut_disagg_xls_hist_2006_2016,COFFEE C - ICE FUTURES U.S.,80603,2008-06-03,083731,NYBT,1,83,153194,26558,103289,56335,1708,673,24516,10900,9400,15017,5783,12292,144791,144045,8403,9149,115833,12008,80334,47784,1167,391,21813,13422,5070,19823,5381,2090,108979,107855,6854,7978,37361,14550,22955,8657,647,176,6546,1321,487,2340,7548,3056,35812,36190,1549,1171,1312.0,214.0,-3704.0,450.0,275.0,383.0,51.0,134.0,332.0,-622.0,574.0,322.0,1130.0,-1684.0,182.0,2996.0,100,17.3,67.4,36.8,1.1,0.4,16.0,7.1,6.1,9.8,3.8,8.0,94.5,94.0,5.5,6.0,100,10.4,69.4,41.3,1.0,0.3,18.8,11.6,4.4,17.1,4.6,1.8,94.1,93.1,5.9,6.9,100,38.9,61.4,23.2,1.7,0.5,17.5,3.5,1.3,6.3,20.2,8.2,95.9,96.9,4.1,3.1,343,83.0,100.0,18.0,5.0,5.0,62.0,28.0,24.0,68.0,34.0,34.0,264,207,335.0,68.0,91.0,19.0,,,60.0,32.0,19.0,67.0,35.0,16.0,233.0,184.0,179.0,43.0,73.0,15.0,4.0,,13.0,6.0,,23.0,25.0,,108.0,121.0,22.1,28.4,35.7,41.2,20.3,22.6,29.9,31.5,24.2,36.2,38.0,46.7,24.1,34.6,37.6,45.2,34.5,32.1,51.2,42.8,28.9,27.0,45.0,35.3,"(CONTRACTS OF 37,500 POUNDS)",A50,FutOnly
raw_cot_data/disaggregated_futures_only/fut_disagg_xls_hist_2006_2016/F_DisAgg06_15.xls,disaggregated_futures_only,fut_disagg_xls_hist_2006_2016,COFFEE C - ICE FUTURES U.S.,80527,2008-05-27,083731,NYBT,1,83,151882,26344,106993,55885,1433,290,24465,10766,9068,15639,5209,11970,143661,145729,8221,6153,117745,11317,84790,48017,1120,4,24053,13984,4639,19756,4606,3351,111137,112494,6608,5251,34137,15027,22203,7949,394,205,4774,1144,67,2183,6903,2319,32524,33235,1613,902,1704.0,1027.0,-2197.0,-234.0,11.0,-194.0,-1241.0,1450.0,297.0,403.0,-102.0,1408.0,1466.0,673.0,238.0,1031.0,100,17.3,70.4,36.8,0.9,0.2,16.1,7.1,6.0,10.3,3.4,7.9,94.6,95.9,5.4,4.1,100,9.6,72.0,40.8,1.0,0.0,20.4,11.9,3.9,16.8,3.9,2.8,94.4,95.5,5.6,4.5,100,44.0,65.0,23.3,1.2,0.6,14.0,3.4,0.2,6.4,20.2,6.8,95.3,97.4,4.7,2.6,339,80.0,100.0,18.0,4.0,5.0,59.0,29.0,24.0,68.0,34.0,36.0,258,208,333.0,62.0,92.0,19.0,,,60.0,30.0,19.0,67.0,36.0,16.0,225.0,182.0,168.0,44.0,67.0,15.0,,4.0,9.0,6.0,,21.0,26.0,,102.0,115.0,21.7,28.7,35.1,41.0,20.4,23.0,30.0,32.4,23.2,35.8,37.1,47.2,23.2,34.7,37.0,46.1,37.6,30.1,53.9,41.1,33.9,26.6,49.7,35.5,"(CONTRACTS OF 37,500 POUNDS)",A50,FutOnly
raw_cot_data/disaggregated_futures_only/fut_disagg_xls_hist_2006_2016/F_DisAgg06_15.xls,disaggregated_futures_only,fut_disagg_xls_hist_2006_2016,COFFEE C - ICE FUTURES U.S.,80520,2008-05-20,083731,NYBT,1,83,150178,25317,109190,56119,1422,484,25706,9316,8771,15236,5311,10562,142195,145056,7983,5122,117212,10104,87412,48963,1114,189,25101,12346,4531,18416,4147,3143,110447,112882,6765,4330,32966,15213,21778,7243,395,208,4778,1143,67,1758,6102,2481,31748,32174,1218,792,1279.0,-914.0,1167.0,-168.0,-241.0,152.0,-1612.0,-111.0,1033.0,1628.0,-139.0,718.0,837.0,2579.0,442.0,-1300.0,100,16.9,72.7,37.4,0.9,0.3,17.1,6.2,5.8,10.1,3.5,7.0,94.7,96.6,5.3,3.4,100,8.6,74.6,41.8,1.0,0.2,21.4,10.5,3.9,15.7,3.5,2.7,94.2,96.3,5.8,3.7,100,46.1,66.1,22.0,1.2,0.6,14.5,3.5,0.2,5.3,18.5,7.5,96.3,97.6,3.7,2.4,336,77.0,104.0,18.0,4.0,6.0,58.0,25.0,22.0,71.0,33.0,35.0,257,206,330.0,58.0,97.0,19.0,,,58.0,28.0,18.0,70.0,33.0,16.0,225.0,181.0,167.0,46.0,69.0,15.0,,4.0,9.0,6.0,,18.0,25.0,,101.0,117.0,22.0,28.8,35.3,40.8,21.0,23.2,31.3,33.0,24.3,35.7,38.1,47.7,24.3,34.8,38.1,46.8,38.9,28.5,54.0,39.8,35.1,25.1,49.2,33.9,"(CONTRACTS OF 37,500 POUNDS)",A50,FutOnly
raw_cot_data/disaggregated_futures_only/fut_disagg_xls_hist_2006_2016/F_DisAgg06_15.xls,disaggregated_futures_only,fut_disagg_xls_hist_2006_2016,COFFEE C - ICE FUTURES U.S.,80513,2008-05-13,083731,NYBT,1,83,148899,26231,108023,56287,1663,332,27318,9427,7738,13608,5450,9844,141358,142477,7541,6422,116605,11047,87340,49344,1354,144,26712,12264,3550,17693,4487,1802,110292,110941,6313,5664,32294,15184,20683,6963,329,168,4727,1284,67,1625,6673,2332,31066,31536,1228,758,896.0,-1737.0,1629.0,1645.0,-1049.0,1.0,-407.0,-1926.0,369.0,746.0,-703.0,761.0,1378.0,-918.0,-482.0,1814.0,100,17.6,72.5,37.8,1.1,0.2,18.3,6.3,5.2,9.1,3.7,6.6,94.9,95.7,5.1,4.3,100,9.5,74.9,42.3,1.2,0.1,22.9,10.5,3.0,15.2,3.8,1.5,94.6,95.1,5.4,4.9,100,47.0,64.0,21.6,1.0,0.5,14.6,4.0,0.2,5.0,20.7,7.2,96.2,97.7,3.8,2.3,334,79.0,103.0,19.0,4.0,6.0,63.0,23.0,18.0,65.0,34.0,34.0,254,203,329.0,60.0,97.0,20.0,,,62.0,26.0,14.0,66.0,35.0,18.0,225.0,180.0,167.0,47.0,71.0,15.0,,4.0,9.0,6.0,,17.0,25.0,,99.0,119.0,22.1,28.1,35.9,41.1,21.2,22.7,31.7,32.5,24.6,34.6,39.1,47.4,24.6,33.7,38.3,46.5,39.0,27.2,54.6,38.3,35.0,23.8,48.9,33.2,"(CONTRACTS OF 37,500 POUNDS)",A50,FutOnly
raw_cot_data/disaggregated_futures_only/fut_disagg_xls_hist_2006_2016/F_DisAgg06_15.xls,disaggregated_futures_only,fut_disagg_xls_hist_2006_2016,COFFEE C - ICE FUTURES U.S.,80506,2008-05-06,083731,NYBT,1,83,148003,27968,106394,54642,2712,331,27725,11353,7369,12862,6153,9083,139980,143395,8023,4608,116653,12845,86366,47919,2443,203,27185,13980,3264,17122,4989,1359,109897,112604,6756,4049,31350,15123,20028,6804,350,47,4578,1411,67,1278,6702,2186,30083,30791,1267,559,-3234.0,-3748.0,-4543.0,318.0,-1489.0,10.0,-549.0,516.0,501.0,-1862.0,53.0,1305.0,-4025.0,-3647.0,791.0,413.0,100,18.9,71.9,36.9,1.8,0.2,18.7,7.7,5.0,8.7,4.2,6.1,94.6,96.9,5.4,3.1,100,11.0,74.0,41.1,2.1,0.2,23.3,12.0,2.8,14.7,4.3,1.2,94.2,96.5,5.8,3.5,100,48.2,63.9,21.7,1.1,0.1,14.6,4.5,0.2,4.1,21.4,7.0,96.0,98.2,4.0,1.8,333,85.0,103.0,19.0,5.0,6.0,56.0,28.0,20.0,60.0,35.0,31.0,249,207,328.0,67.0,95.0,20.0,4.0,,57.0,28.0,16.0,60.0,36.0,16.0,222.0,183.0,168.0,49.0,74.0,14.0,,,7.0,6.0,,16.0,25.0,,98.0,121.0,22.1,25.4,35.3,37.6,21.1,20.1,31.0,29.6,24.4,30.9,37.9,44.4,24.4,29.9,37.3,43.1,40.0,27.3,56.0,38.5,35.9,24.5,50.3,34.2,"(CONTRACTS OF 37,500 POUNDS)",A50,FutOnly
raw_cot_data/disaggregated_futures_only/fut_disagg_xls_hist_2006_2016/F_DisAgg06_15.xls,disaggregated_futures_only,fut_disagg_xls_hist_2006_2016,COFFEE C - ICE FUTURES U.S.,80429,2008-04-29,083731,NYBT,1,83,151237,31716,110937,54324,4201,321,28274,10837,6868,14724,6100,7778,144005,147042,7232,4195,121059,16734,91543,47702,3865,231,28380,13614,2508,18407,4689,1001,114963,117451,6096,3608,30178,14982,19394,6665,379,47,4187,1516,67,1598,6692,1496,29042,29591,1136,587,-4420.0,-2974.0,-3110.0,84.0,-1293.0,-82.0,-302.0,1975.0,-283.0,373.0,-618.0,-182.0,-3366.0,-3593.0,-1054.0,-827.0,100,21.0,73.4,35.9,2.8,0.2,18.7,7.2,4.5,9.7,4.0,5.1,95.2,97.2,4.8,2.8,100,13.8,75.6,39.4,3.2,0.2,23.4,11.2,2.1,15.2,3.9,0.8,95.0,97.0,5.0,3.0,100,49.6,64.3,22.1,1.3,0.2,13.9,5.0,0.2,5.3,22.2,5.0,96.2,98.1,3.8,1.9,334,79.0,101.0,18.0,4.0,5.0,59.0,24.0,18.0,68.0,33.0,35.0,254,200,330.0,65.0,96.0,19.0,,,60.0,24.0,14.0,68.0,34.0,22.0,232.0,180.0,164.0,48.0,70.0,14.0,,,6.0,6.0,,19.0,25.0,,99.0,117.0,22.0,25.9,33.8,38.2,20.7,19.1,30.3,29.2,23.8,31.3,35.8,45.5,23.8,28.4,35.8,41.7,40.7,26.3,57.2,37.5,36.4,25.3,51.4,34.8,"(CONTRACTS OF 37,500 POUNDS)",A50,FutOnly
raw_cot_data/disaggregated_futures_only/fut_disagg_xls_hist_2006_2016/F_DisAgg06_15.xls,disaggregated_futures_only,fut_disagg_xls_hist_2006_2016,COFFEE C - ICE FUTURES U.S.,80422,2008-04-22,083731,NYBT,1,83,155657,34690,114047,54240,5494,403,28576,8862,7151,14351,6718,7960,147371,150635,8286,5022,126360,19976,95543,47767,5297,205,28509,11418,3003,17760,4694,1947,119167,122107,7193,4253,29297,14714,18504,6634,358,37,4140,1517,75,1253,6686,1351,28204,28528,1093,769,-11926.0,-9209.0,-8553.0,386.0,-332.0,-130.0,-57.0,342.0,-945.0,2351.0,442.0,-1553.0,-9157.0,-10729.0,-2769.0,-1197.0,100,22.3,73.3,34.8,3.5,0.3,18.4,5.7,4.6,9.2,4.3,5.1,94.7,96.8,5.3,3.2,100,15.8,75.6,37.8,4.2,0.2,22.6,9.0,2.4,14.1,3.7,1.5,94.3,96.6,5.7,3.4,100,50.2,63.2,22.6,1.2,0.1,14.1,5.2,0.3,4.3,22.8,4.6,96.3,97.4,3.7,2.6,335,80.0,100.0,18.0,4.0,5.0,58.0,24.0,18.0,67.0,37.0,39.0,256,203,330.0,65.0,96.0,18.0,,,59.0,24.0,14.0,68.0,35.0,25.0,232.0,184.0,165.0,48.0,70.0,15.0,,,6.0,6.0,,18.0,28.0,,100.0,117.0,21.4,25.8,34.2,39.7,20.2,19.2,29.5,29.6,22.9,30.7,36.0,46.7,22.9,28.3,34.3,41.7,41.9,26.0,58.4,36.7,37.5,25.5,52.7,34.7,"(CONTRACTS OF 37,500 POUNDS)",A50,FutOnly
raw_cot_data/disaggregated_futures_only/fut_disagg_xls_hist_2006_2016/F_DisAgg06_15.xls,disaggregated_futures_only,fut_disagg_xls_hist_2006_2016,COFFEE C - ICE FUTURES U.S.,80415,2008-04-15,083731,NYBT,1,83,167583,43899,122600,53854,5826,533,28633,8520,8096,12000,6276,9513,156528,161364,11055,6219,139584,29323,104751,47857,5787,271,28935,11120,3889,15406,4082,3981,129662,133881,9922,5703,27999,14576,17849,6216,258,43,3835,1537,70,959,6559,1167,26866,27483,1133,516,5992.0,7327.0,6185.0,416.0,-174.0,149.0,-2693.0,1236.0,142.0,-1272.0,-1064.0,-2831.0,1238.0,3643.0,4754.0,2349.0,100,26.2,73.2,32.1,3.5,0.3,17.1,5.1,4.8,7.2,3.7,5.7,93.4,96.3,6.6,3.7,100,21.0,75.0,34.3,4.1,0.2,20.7,8.0,2.8,11.0,2.9,2.9,92.9,95.9,7.1,4.1,100,52.1,63.7,22.2,0.9,0.2,13.7,5.5,0.3,3.4,23.4,4.2,96.0,98.2,4.0,1.8,329,82.0,100.0,17.0,6.0,10.0,63.0,27.0,15.0,58.0,33.0,43.0,258,209,325.0,73.0,98.0,19.0,4.0,8.0,64.0,26.0,13.0,58.0,34.0,34.0,243.0,196.0,159.0,43.0,69.0,14.0,,,5.0,8.0,,16.0,26.0,,92.0,115.0,28.0,32.9,39.0,44.8,18.8,18.6,27.5,28.7,28.0,38.1,40.3,51.2,20.9,26.3,31.3,39.1,42.9,26.7,59.4,37.6,38.3,26.2,53.5,36.3,"(CONTRACTS OF 37,500 POUNDS)",A50,FutOnly
raw_cot_data/disaggregated_futures_only/fut_disagg_xls_hist_2006_2016/F_DisAgg06_15.xls,disaggregated_futures_only,fut_disagg_xls_hist_2006_2016,COFFEE C - ICE FUTURES U.S.,80408,2008-04-08,083731,NYBT,1,83,161591,36572,116415,53438,6000,384,31326,7284,7954,13272,7340,12344,155290,157721,6301,3870,133869,21647,98841,47928,5903,107,31559,9798,3822,16676,5398,6862,128601,130731,5268,3138,27722,14925,17574,5671,258,116,3832,1551,67,649,5995,1429,26689,26990,1033,732,622.0,-337.0,27.0,-99.0,-642.0,-108.0,-1477.0,1476.0,-1494.0,302.0,-1419.0,2106.0,-1107.0,-54.0,1729.0,676.0,100,22.6,72.0,33.1,3.7,0.2,19.4,4.5,4.9,8.2,4.5,7.6,96.1,97.6,3.9,2.4,100,16.2,73.8,35.8,4.4,0.1,23.6,7.3,2.9,12.5,4.0,5.1,96.1,97.7,3.9,2.3,100,53.8,63.4,20.5,0.9,0.4,13.8,5.6,0.2,2.3,21.6,5.2,96.3,97.4,3.7,2.6,337,87.0,107.0,16.0,5.0,6.0,55.0,32.0,20.0,68.0,32.0,46.0,266,217,335.0,76.0,102.0,17.0,4.0,4.0,54.0,31.0,18.0,71.0,32.0,36.0,250.0,203.0,156.0,45.0,71.0,14.0,,,5.0,8.0,,10.0,28.0,,86.0,117.0,24.0,29.3,36.7,42.1,19.4,19.6,29.3,30.6,22.9,33.8,37.6,48.1,21.8,27.9,33.8,41.7,44.4,26.1,60.4,37.6,39.2,24.4,53.8,34.4,"(CONTRACTS OF 37,500 POUNDS)",A50,FutOnly
raw_cot_data/disaggregated_futures_only/fut_disagg_xls_hist_2006_2016/F_DisAgg06_15.xls,disaggregated_futures_only,fut_disagg_xls_hist_2006_2016,COFFEE C - ICE FUTURES U.S.,80401,2008-04-01,083731,NYBT,1,83,160969,36909,116388,53537,6642,492,32803,5808,9448,12970,8759,10238,156397,157775,4572,3194,133787,22082,99245,48756,6383,340,33235,8538,5106,15646,6657,5143,130308,131412,3479,2375,27182,14827,17143,4786,264,147,3843,1545,67,656,5434,1763,26089,26363,1093,819,-8525.0,1357.0,-5151.0,-674.0,-33.0,50.0,-750.0,1689.0,-2568.0,529.0,598.0,-3162.0,-5218.0,-8577.0,-3307.0,52.0,100,22.9,72.3,33.3,4.1,0.3,20.4,3.6,5.9,8.1,5.4,6.4,97.2,98.0,2.8,2.0,100,16.5,74.2,36.4,4.8,0.3,24.8,6.4,3.8,11.7,5.0,3.8,97.4,98.2,2.6,1.8,100,54.5,63.1,17.6,1.0,0.5,14.1,5.7,0.2,2.4,20.0,6.5,96.0,97.0,4.0,3.0,340,87.0,103.0,16.0,6.0,8.0,65.0,24.0,23.0,62.0,38.0,47.0,273,218,337.0,80.0,97.0,17.0,5.0,6.0,64.0,26.0,20.0,64.0,39.0,40.0,260.0,205.0,153.0,44.0,70.0,12.0,,,5.0,7.0,,8.0,30.0,,84.0,117.0,23.4,27.8,36.2,41.2,19.6,18.7,29.5,30.4,22.6,32.1,37.4,46.8,22.4,26.8,34.6,40.9,45.3,25.1,60.8,36.6,40.1,22.4,54.2,32.7,"(CONTRACTS OF 37,500 POUNDS)",A50,FutOnly
raw_cot_data/disaggregated_futures_only/fut_disagg_xls_hist_2006_2016/F_DisAgg06_15.xls,disaggregated_futures_only,fut_disagg_xls_hist_2006_2016,COFFEE C - ICE FUTURES U.S.,80325,2008-03-25,083731,NYBT,1,83,169494,35552,121539,54211,6675,442,33553,4119,12016,12441,8161,13400,161615,166352,7879,3142,141658,20446,104972,49761,6378,278,35084,7066,6585,14601,5861,8308,135063,139448,6595,2210,27836,15106,16567,4453,300,161,3833,2417,67,684,5144,2248,26552,26904,1284,932,-7137.0,1124.0,-6211.0,-1233.0,-23.0,-12.0,-7088.0,557.0,705.0,1911.0,-564.0,-967.0,-5560.0,-6515.0,-1577.0,-622.0,100,21.0,71.7,32.0,3.9,0.3,19.8,2.4,7.1,7.3,4.8,7.9,95.4,98.1,4.6,1.9,100,14.4,74.1,35.1,4.5,0.2,24.8,5.0,4.6,10.3,4.1,5.9,95.3,98.4,4.7,1.6,100,54.3,59.5,16.0,1.1,0.6,13.8,8.7,0.2,2.5,18.5,8.1,95.4,96.7,4.6,3.3,327,87.0,103.0,16.0,7.0,10.0,63.0,16.0,20.0,56.0,38.0,41.0,263,208,324.0,79.0,96.0,17.0,6.0,7.0,63.0,18.0,16.0,59.0,37.0,36.0,249.0,194.0,149.0,42.0,70.0,11.0,,,4.0,7.0,,9.0,28.0,,78.0,115.0,21.2,27.5,33.3,40.7,18.9,19.8,28.5,31.6,21.7,31.6,34.1,46.0,21.7,28.5,33.3,42.1,45.5,24.1,61.8,35.7,41.0,20.0,54.9,30.6,"(CONTRACTS OF 37,500 POUNDS)",A50,FutOnly
raw_cot_data/disaggregated_futures_only/fut_disagg_xls_hist_2006_2016/F_DisAgg06_15.xls,disaggregated_futures_only,fut_disagg_xls_hist_2006_2016,COFFEE C - ICE FUTURES U.S.,80318,2008-03-18,083731,NYBT,1,83,176631,34428,127750,55444,6698,454,40641,3562,11311,10530,8725,14367,167175,172867,9456,3764,149841,20105,110951,50555,6418,291,41948,6516,6094,11961,5873,10399,141353,146542,8488,3299,26790,14323,16799,4967,358,85,3843,2196,67,778,5061,1759,25822,26325,968,465,-11269.0,5103.0,-6005.0,-2138.0,-79.0,-94.0,-11417.0,-1928.0,-119.0,-204.0,-1188.0,-1476.0,-10345.0,-10889.0,-924.0,-380.0,100,19.5,72.3,31.4,3.8,0.3,23.0,2.0,6.4,6.0,4.9,8.1,94.6,97.9,5.4,2.1,100,13.4,74.0,33.7,4.3,0.2,28.0,4.3,4.1,8.0,3.9,6.9,94.3,97.8,5.7,2.2,100,53.5,62.7,18.5,1.3,0.3,14.3,8.2,0.3,2.9,18.9,6.6,96.4,98.3,3.6,1.7,341,81.0,105.0,16.0,7.0,10.0,71.0,14.0,21.0,62.0,37.0,45.0,274,210,339.0,75.0,100.0,17.0,6.0,7.0,70.0,17.0,18.0,66.0,37.0,40.0,262.0,199.0,149.0,35.0,73.0,12.0,,,5.0,5.0,,9.0,30.0,,73.0,117.0,20.6,27.4,31.6,40.6,18.6,20.2,27.3,31.9,20.8,31.0,31.7,45.2,20.8,28.0,31.0,41.3,44.9,24.5,62.3,36.6,40.2,22.8,56.1,33.5,"(CONTRACTS OF 37,500 POUNDS)",A50,FutOnly
raw_cot_data/disaggregated_futures_only/fut_disagg_xls_hist_2006_2016/F_DisAgg06_15.xls,disaggregated_futures_only,fut_disagg_xls_hist_2006_2016,COFFEE C - ICE FUTURES U.S.,80311,2008-03-11,083731,NYBT,1,83,187900,29325,133755,57582,6777,548,52058,5490,11430,10734,9913,15843,177520,183756,10380,4144,160097,15656,117159,53692,6457,379,52546,7599,7032,11258,7797,10024,150587,156447,9510,3650,27803,13669,16596,3928,358,131,3843,2222,67,1879,4519,3416,26933,27309,870,494,-4188.0,4153.0,-3806.0,292.0,110.0,-487.0,-8062.0,-2605.0,2066.0,233.0,2386.0,-805.0,-2610.0,-3141.0,-1578.0,-1047.0,100,15.6,71.2,30.6,3.6,0.3,27.7,2.9,6.1,5.7,5.3,8.4,94.5,97.8,5.5,2.2,100,9.8,73.2,33.5,4.0,0.2,32.8,4.7,4.4,7.0,4.9,6.3,94.1,97.7,5.9,2.3,100,49.2,59.7,14.1,1.3,0.5,13.8,8.0,0.2,6.8,16.3,12.3,96.9,98.2,3.1,1.8,373,69.0,114.0,16.0,7.0,7.0,93.0,15.0,19.0,65.0,41.0,43.0,285,216,371.0,63.0,109.0,17.0,6.0,6.0,92.0,17.0,15.0,68.0,40.0,40.0,273.0,208.0,149.0,30.0,78.0,12.0,,,5.0,5.0,,11.0,27.0,,67.0,120.0,20.4,26.1,31.6,39.1,18.8,20.4,28.5,31.7,21.2,29.5,32.9,42.8,21.2,27.0,32.6,39.5,47.2,23.2,65.0,35.3,39.4,19.9,53.2,30.5,"(CONTRACTS OF 37,500 POUNDS)",A50,FutOnly
raw_cot_data/disaggregated_futures_only/fut_disagg_xls_hist_2006_2016/F_DisAgg06_15.xls,disaggregated_futures_only,fut_disagg_xls_hist_2006_2016,COFFEE C - ICE FUTURES U.S.,80304,2008-03-04,083731,NYBT,1,83,192088,25172,137561,57290,6667,1035,60120,8095,9364,10501,7527,16648,180130,186897,11958,5191,165399,12526,120816,53942,6829,639,59414,8971,6237,11340,7016,10119,154217,160627,11182,4772,26689,12646,16745,3628,118,116,3766,2184,67,2494,3844,3196,25913,26270,776,419,111.0,-805.0,-5114.0,-2524.0,1938.0,162.0,-4048.0,-696.0,1211.0,832.0,-2693.0,4528.0,-644.0,-664.0,755.0,775.0,100,13.1,71.6,29.8,3.5,0.5,31.3,4.2,4.9,5.5,3.9,8.7,93.8,97.3,6.2,2.7,100,7.6,73.0,32.6,4.1,0.4,35.9,5.4,3.8,6.9,4.2,6.1,93.2,97.1,6.8,2.9,100,47.4,62.7,13.6,0.4,0.4,14.1,8.2,0.3,9.3,14.4,12.0,97.1,98.4,2.9,1.6,389,63.0,118.0,15.0,6.0,5.0,103.0,17.0,20.0,68.0,40.0,44.0,293,218,386.0,59.0,112.0,16.0,5.0,4.0,104.0,17.0,16.0,70.0,39.0,40.0,284.0,206.0,157.0,28.0,82.0,12.0,,,7.0,6.0,,12.0,27.0,,66.0,124.0,19.6,25.3,31.9,38.8,18.7,21.0,30.0,32.5,21.3,27.8,34.2,41.0,21.3,26.2,34.2,38.7,48.5,24.1,65.7,37.0,39.0,20.4,52.6,31.0,"(CONTRACTS OF 37,500 POUNDS)",A50,FutOnly
raw_cot_data/disaggregated_futures_only/fut_disagg_xls_hist_2006_2016/F_DisAgg06_15.xls,disaggregated_futures_only,fut_disagg_xls_hist_2006_2016,COFFEE C - ICE FUTURES U.S.,80226,2008-02-26,083731,NYBT,1,83,191977,25977,142675,59814,4729,873,64168,8791,8153,9669,10220,12120,180774,187561,11203,4416,167905,14195,127597,56699,4783,471,63473,10110,5346,10463,8869,6963,157610,164139,10295,3766,24072,11782,15078,3198,29,319,3435,1421,67,1340,3485,3023,23164,23422,908,650,-9866.0,-8549.0,-7251.0,603.0,-2603.0,-63.0,-1513.0,685.0,217.0,350.0,-685.0,-132.0,-9087.0,-9832.0,-779.0,-34.0,100,13.5,74.3,31.2,2.5,0.5,33.4,4.6,4.2,5.0,5.3,6.3,94.2,97.7,5.8,2.3,100,8.5,76.0,33.8,2.8,0.3,37.8,6.0,3.2,6.2,5.3,4.1,93.9,97.8,6.1,2.2,100,48.9,62.6,13.3,0.1,1.3,14.3,5.9,0.3,5.6,14.5,12.6,96.2,97.3,3.8,2.7,390,62.0,114.0,16.0,5.0,4.0,105.0,16.0,20.0,61.0,53.0,40.0,287,217,388.0,58.0,109.0,16.0,5.0,4.0,106.0,16.0,17.0,64.0,51.0,38.0,278.0,211.0,148.0,26.0,78.0,12.0,,,6.0,5.0,,7.0,31.0,,56.0,121.0,21.1,25.9,33.4,40.4,20.2,21.0,31.6,33.1,22.8,28.6,35.6,42.3,22.8,26.1,35.6,38.9,49.4,26.3,66.5,38.4,40.3,20.4,52.6,29.9,"(CONTRACTS OF 37,500 POUNDS)",A50,FutOnly
raw_cot_data/disaggregated_futures_only/fut_disagg_xls_hist_2006_2016/F_DisAgg06_15.xls,disaggregated_futures_only,fut_disagg_xls_hist_2006_2016,COFFEE C - ICE FUTURES U.S.,80219,2008-02-19,083731,NYBT,1,83,201843,34526,149926,59211,7332,936,65681,8106,7936,9319,10905,12252,189861,197393,11982,4450,180036,22705,136702,56782,7416,534,65086,9489,5205,10285,8755,8249,168846,176350,11190,3686,21807,11821,13224,2513,0,318,3259,1281,67,411,3527,2626,21015,21043,792,764,9396.0,7705.0,9455.0,2513.0,1770.0,206.0,-1297.0,249.0,-534.0,68.0,-602.0,219.0,8880.0,10763.0,516.0,-1367.0,100,17.1,74.3,29.3,3.6,0.5,32.5,4.0,3.9,4.6,5.4,6.1,94.1,97.8,5.9,2.2,100,12.6,75.9,31.5,4.1,0.3,36.2,5.3,2.9,5.7,4.9,4.6,93.8,98.0,6.2,2.0,100,54.2,60.6,11.5,0.0,1.5,14.9,5.9,0.3,1.9,16.2,12.0,96.4,96.5,3.6,3.5,396,68.0,119.0,16.0,4.0,5.0,112.0,15.0,19.0,61.0,51.0,43.0,302,222,395.0,63.0,116.0,16.0,4.0,5.0,113.0,15.0,17.0,64.0,50.0,42.0,294.0,218.0,146.0,28.0,75.0,12.0,0.0,,6.0,4.0,,7.0,32.0,,60.0,117.0,19.8,27.3,32.3,40.7,18.5,18.9,28.9,30.0,20.6,29.6,33.1,42.7,20.6,23.6,32.2,35.4,48.9,25.9,67.3,38.9,43.8,19.1,55.3,29.4,"(CONTRACTS OF 37,500 POUNDS)",A50,FutOnly
raw_cot_data/disaggregated_futures_only/fut_disagg_xls_hist_2006_2016/F_DisAgg06_15.xls,disaggregated_futures_only,fut_disagg_xls_hist_2006_2016,COFFEE C - ICE FUTURES U.S.,80212,2008-02-12,083731,NYBT,1,83,192447,26821,140471,56698,5562,730,66978,7857,8470,9251,11507,12033,180981,186630,11466,5817,174404,17628,130489,54339,5542,591,66407,8770,6549,10147,9381,7891,163552,169213,10852,5191,18043,9193,9982,2359,20,139,2425,941,67,337,3359,2909,17429,17417,614,626,2356.0,3176.0,9802.0,-571.0,-101.0,-413.0,7812.0,-1758.0,-4255.0,-2461.0,474.0,-903.0,2385.0,2846.0,-29.0,-490.0,100,13.9,73.0,29.5,2.9,0.4,34.8,4.1,4.4,4.8,6.0,6.3,94.0,97.0,6.0,3.0,100,10.1,74.8,31.2,3.2,0.3,38.1,5.0,3.8,5.8,5.4,4.5,93.8,97.0,6.2,3.0,100,51.0,55.3,13.1,0.1,0.8,13.4,5.2,0.4,1.9,18.6,16.1,96.6,96.5,3.4,3.5,396,63.0,119.0,16.0,5.0,5.0,109.0,16.0,21.0,63.0,51.0,50.0,298,230,395.0,57.0,117.0,16.0,5.0,5.0,110.0,16.0,19.0,64.0,53.0,48.0,290.0,226.0,137.0,23.0,69.0,10.0,,,5.0,5.0,,5.0,33.0,,51.0,113.0,19.1,25.2,30.7,38.4,17.4,19.0,28.5,29.8,19.1,27.3,31.3,40.6,19.1,23.0,31.3,35.3,53.2,27.7,73.6,40.6,46.8,17.4,59.1,28.1,"(CONTRACTS OF 37,500 POUNDS)",A50,FutOnly
raw_cot_data/disaggregated_futures_only/fut_disagg_xls_hist_2006_2016/F_DisAgg06_15.xls,disaggregated_futures_only,fut_disagg_xls_hist_2006_2016,COFFEE C - ICE FUTURES U.S.,80205,2008-02-05,083731,NYBT,1,83,190091,23645,130669,57269,5663,1143,59166,9615,12725,11712,11033,12936,178596,183784,11495,6307,175080,17090,121737,54605,5606,984,58880,10802,10743,12622,10089,9297,164221,169258,10859,5822,15011,6555,8932,2671,64,152,2167,694,101,483,2337,2246,14375,14526,636,485,6547.0,124.0,10009.0,124.0,324.0,-718.0,8768.0,-4533.0,-859.0,-918.0,2416.0,609.0,7130.0,7248.0,-583.0,-701.0,100,12.4,68.7,30.1,3.0,0.6,31.1,5.1,6.7,6.2,5.8,6.8,94.0,96.7,6.0,3.3,100,9.8,69.5,31.2,3.2,0.6,33.6,6.2,6.1,7.2,5.8,5.3,93.8,96.7,6.2,3.3,100,43.7,59.5,17.8,0.4,1.0,14.4,4.6,0.7,3.2,15.6,15.0,95.8,96.8,4.2,3.2,403,74.0,121.0,15.0,5.0,5.0,103.0,18.0,25.0,70.0,48.0,46.0,305,239,402.0,68.0,118.0,16.0,4.0,4.0,104.0,20.0,24.0,72.0,49.0,45.0,297.0,235.0,126.0,25.0,66.0,7.0,,,4.0,4.0,,7.0,27.0,,49.0,105.0,18.5,23.9,29.8,35.7,17.3,17.8,27.8,28.4,18.7,25.4,29.9,37.3,18.7,20.7,29.6,32.2,52.4,25.6,74.1,41.0,43.0,18.4,57.0,29.3,"(CONTRACTS OF 37,500 POUNDS)",A50,FutOnly
raw_cot_data/disaggregated_futures_only/fut_disagg_xls_hist_2006_2016/F_DisAgg06_15.xls,disaggregated_futures_only,fut_disagg_xls_hist_2006_2016,COFFEE C - ICE FUTURES U.S.,80129,2008-01-29,083731,NYBT,1,83,183544,23521,120660,57145,5339,1861,50398,14148,13584,12630,8617,12327,171466,176536,12078,7008,169741,17236,112243,53699,5332,1730,50669,14945,11629,13528,7326,9770,158261,162975,11480,6766,13803,6285,8417,3446,7,131,1583,1057,101,186,2375,1473,13205,13561,598,242,7814.0,1029.0,4661.0,2550.0,-242.0,902.0,-1309.0,831.0,2869.0,1714.0,-613.0,740.0,8495.0,9148.0,-681.0,-1334.0,100,12.8,65.7,31.1,2.9,1.0,27.5,7.7,7.4,6.9,4.7,6.7,93.4,96.2,6.6,3.8,100,10.2,66.1,31.6,3.1,1.0,29.9,8.8,6.9,8.0,4.3,5.8,93.2,96.0,6.8,4.0,100,45.5,61.0,25.0,0.1,0.9,11.5,7.7,0.7,1.3,17.2,10.7,95.7,98.2,4.3,1.8,373,75.0,117.0,15.0,5.0,,84.0,15.0,24.0,69.0,40.0,47.0,285,225,372.0,70.0,114.0,15.0,5.0,,85.0,16.0,24.0,72.0,41.0,46.0,279.0,222.0,119.0,24.0,59.0,5.0,,,4.0,,,5.0,,,46.0,95.0,18.4,23.3,30.6,34.5,17.5,16.6,28.8,26.9,18.6,24.5,30.1,35.6,18.6,19.4,30.1,30.3,56.1,30.6,77.1,48.1,46.8,23.2,61.5,34.3,"(CONTRACTS OF 37,500 POUNDS)",A50,FutOnly
raw_cot_data/disaggregated_futures_only/fut_disagg_xls_hist_2006_2016/F_DisAgg06_15.xls,disaggregated_futures_only,fut_disagg_xls_hist_2006_2016,COFFEE C - ICE FUTURES U.S.,80122,2008-01-22,083731,NYBT,1,83,175730,22492,115999,54595,5581,959,51707,13317,10715,10916,9230,11587,162971,167388,12759,8342,163357,15993,108549,52105,5491,839,51388,13338,9557,11510,8216,9336,150728,155326,12629,8031,12373,6499,7450,2490,90,120,1376,1036,101,138,1746,1519,12243,12062,130,311,-4370.0,985.0,-1788.0,-627.0,-408.0,93.0,-3345.0,392.0,-594.0,-443.0,-3695.0,1218.0,-2713.0,-4782.0,-1657.0,412.0,100,12.8,66.0,31.1,3.2,0.5,29.4,7.6,6.1,6.2,5.3,6.6,92.7,95.3,7.3,4.7,100,9.8,66.4,31.9,3.4,0.5,31.5,8.2,5.9,7.0,5.0,5.7,92.3,95.1,7.7,4.9,100,52.5,60.2,20.1,0.7,1.0,11.1,8.4,0.8,1.1,14.1,12.3,98.9,97.5,1.1,2.5,365,68.0,110.0,14.0,5.0,,92.0,13.0,22.0,63.0,43.0,52.0,284,215,364.0,63.0,108.0,14.0,5.0,,93.0,13.0,22.0,66.0,41.0,51.0,278.0,213.0,106.0,23.0,53.0,5.0,,,4.0,,,4.0,,,44.0,84.0,18.5,23.7,30.4,34.2,17.8,16.8,28.6,26.5,18.3,25.1,29.7,35.6,18.3,20.4,29.7,30.7,60.1,27.2,80.3,43.7,53.1,21.8,67.1,33.4,"(CONTRACTS OF 37,500 POUNDS)",A50,FutOnly
raw_cot_data/disaggregated_futures_only/fut_disagg_xls_hist_2006_2016/F_DisAgg06_15.xls,disaggregated_futures_only,fut_disagg_xls_hist_2006_2016,COFFEE C - ICE FUTURES U.S.,80115,2008-01-15,083731,NYBT,1,83,180100,21507,117787,55222,5989,866,55052,12925,11309,11359,12925,10369,165684,172170,14416,7930,166238,15193,110798,52836,5899,746,55723,13455,9242,12076,11971,8013,153829,160124,12409,6114,13862,6314,6989,2386,90,120,1295,1436,101,290,1961,1349,11855,12046,2007,1816,8428.0,1371.0,6519.0,6468.0,336.0,0.0,1006.0,1207.0,1007.0,-337.0,1124.0,-1756.0,7759.0,8437.0,669.0,-9.0,100,11.9,65.4,30.7,3.3,0.5,30.6,7.2,6.3,6.3,7.2,5.8,92.0,95.6,8.0,4.4,100,9.1,66.7,31.8,3.5,0.4,33.5,8.1,5.6,7.3,7.2,4.8,92.5,96.3,7.5,3.7,100,45.5,50.4,17.2,0.6,0.9,9.3,10.4,0.7,2.1,14.1,9.7,85.5,86.9,14.5,13.1,395,68.0,114.0,15.0,6.0,,101.0,15.0,22.0,68.0,49.0,49.0,295,229,393.0,64.0,111.0,15.0,6.0,,102.0,16.0,22.0,69.0,50.0,47.0,289.0,225.0,104.0,23.0,52.0,4.0,,,4.0,,,5.0,,,45.0,83.0,17.5,22.6,29.2,33.1,17.3,16.7,28.2,26.4,17.9,24.2,29.5,34.9,17.9,20.3,29.5,30.8,51.6,26.7,67.9,41.4,47.8,22.2,59.0,33.2,"(CONTRACTS OF 37,500 POUNDS)",A50,FutOnly
raw_cot_data/disaggregated_futures_only/fut_disagg_xls_hist_2006_2016/F_DisAgg06_15.xls,disaggregated_futures_only,fut_disagg_xls_hist_2006_2016,COFFEE C - ICE FUTURES U.S.,80108,2008-01-08,083731,NYBT,1,83,171672,20136,111268,48754,5653,866,54046,11718,10302,11696,11801,12125,157925,163733,13747,7939,158709,13968,105283,46394,5543,746,54717,11834,8649,12549,10522,9783,146806,152360,11903,6349,12963,6168,5985,2360,110,120,881,1436,101,113,2245,1376,11119,11373,1844,1590,5853.0,-10.0,1052.0,2373.0,149.0,0.0,558.0,478.0,979.0,-1526.0,-1291.0,3511.0,5885.0,4878.0,-32.0,975.0,100,11.7,64.8,28.4,3.3,0.5,31.5,6.8,6.0,6.8,6.9,7.1,92.0,95.4,8.0,4.6,100,8.8,66.3,29.2,3.5,0.5,34.5,7.5,5.4,7.9,6.6,6.2,92.5,96.0,7.5,4.0,100,47.6,46.2,18.2,0.8,0.9,6.8,11.1,0.8,0.9,17.3,10.6,85.8,87.7,14.2,12.3,370,65.0,114.0,14.0,6.0,,85.0,14.0,20.0,70.0,42.0,45.0,274,219,368.0,61.0,112.0,14.0,6.0,,85.0,15.0,20.0,76.0,40.0,43.0,268.0,216.0,99.0,23.0,50.0,4.0,,,4.0,,,,,,43.0,80.0,20.4,22.0,32.3,32.8,20.4,16.6,31.2,26.1,21.4,23.5,33.2,34.5,21.4,20.3,32.7,30.6,55.6,30.4,72.5,44.4,51.6,24.6,59.7,35.5,"(CONTRACTS OF 37,500 POUNDS)",A50,FutOnly
raw_cot_data/disaggregated_futures_only/fut_disagg_xls_hist_2006_2016/F_DisAgg06_15.xls,disaggregated_futures_only,fut_disagg_xls_hist_2006_2016,COFFEE C - ICE FUTURES U.S.,71231,2007-12-31,083731,NYBT,1,83,165819,20146,110216,46381,5504,866,53488,11240,9323,13222,13092,8614,152040,158855,13779,6964,152841,13839,104527,44035,5394,746,54154,11301,7725,14531,11983,5748,140778,147424,12063,5417,12978,6307,5689,2346,110,120,831,1436,101,185,2603,1372,11262,11431,1716,1547,2242.0,821.0,1491.0,1754.0,361.0,-23.0,901.0,-62.0,-109.0,-1101.0,1696.0,-1183.0,1060.0,2171.0,1182.0,71.0,100,12.1,66.5,28.0,3.3,0.5,32.3,6.8,5.6,8.0,7.9,5.2,91.7,95.8,8.3,4.2,100,9.1,68.4,28.8,3.5,0.5,35.4,7.4,5.1,9.5,7.8,3.8,92.1,96.5,7.9,3.5,100,48.6,43.8,18.1,0.8,0.9,6.4,11.1,0.8,1.4,20.1,10.6,86.8,88.1,13.2,11.9,357,62.0,112.0,14.0,5.0,,80.0,14.0,18.0,66.0,41.0,40.0,258,211,354.0,57.0,110.0,14.0,5.0,,81.0,14.0,18.0,71.0,40.0,39.0,251.0,208.0,93.0,21.0,47.0,,,,4.0,,,5.0,,,40.0,77.0,20.7,22.3,32.8,33.4,20.7,17.1,31.4,26.7,21.5,23.9,33.6,35.3,21.5,20.7,33.1,31.5,55.9,33.8,72.5,46.4,52.0,27.7,59.9,37.1,"(CONTRACTS OF 37,500 POUNDS)",A50,FutOnly
raw_cot_data/disaggregated_futures_only/fut_disagg_xls_hist_2006_2016/F_DisAgg06_15.xls,disaggregated_futures_only,fut_disagg_xls_hist_2006_2016,COFFEE C - ICE FUTURES U.S.,71224,2007-12-24,083731,NYBT,1,83,163577,19325,108725,44627,5143,889,52587,11302,9432,14323,11396,9797,150980,156684,12597,6893,150187,12973,103189,42284,5033,769,53116,11324,8014,16277,10648,5939,139372,144916,10815,5271,13390,6352,5536,2343,110,120,788,1295,101,257,2959,1647,11608,11768,1782,1622,2017.0,870.0,1585.0,-22.0,-43.0,0.0,2391.0,-821.0,593.0,-346.0,1144.0,-95.0,3391.0,2363.0,-1374.0,-346.0,100,11.8,66.5,27.3,3.1,0.5,32.1,6.9,5.8,8.8,7.0,6.0,92.3,95.8,7.7,4.2,100,8.6,68.7,28.2,3.4,0.5,35.4,7.5,5.3,10.8,7.1,4.0,92.8,96.5,7.2,3.5,100,47.4,41.3,17.5,0.8,0.9,5.9,9.7,0.8,1.9,22.1,12.3,86.7,87.9,13.3,12.1,354,67.0,106.0,15.0,5.0,,86.0,12.0,18.0,67.0,36.0,38.0,268,200,351.0,62.0,104.0,15.0,5.0,,86.0,14.0,18.0,71.0,36.0,38.0,261.0,198.0,89.0,21.0,46.0,,,,4.0,,,5.0,,,40.0,73.0,20.7,22.0,32.0,33.0,20.7,17.5,31.3,27.2,22.5,23.5,33.6,35.0,22.5,21.1,33.1,32.4,56.4,40.2,72.7,51.5,50.5,31.8,58.6,39.7,"(CONTRACTS OF 37,500 POUNDS)",A50,FutOnly
raw_cot_data/disaggregated_futures_only/fut_disagg_xls_hist_2006_2016/F_DisAgg06_15.xls,disaggregated_futures_only,fut_disagg_xls_hist_2006_2016,COFFEE C - ICE FUTURES U.S.,71218,2007-12-18,083731,NYBT,1,83,161560,18455,107140,44649,5186,889,50196,12123,8839,14669,10252,9892,147589,154321,13971,7239,147822,12275,101749,42281,5076,769,50694,12145,7431,16810,9618,5388,135648,142176,12174,5646,13738,6180,5391,2368,110,120,809,1285,101,279,3054,2084,11941,12145,1797,1593,2514.0,-90.0,2541.0,586.0,661.0,0.0,2481.0,-649.0,286.0,-1008.0,981.0,-1208.0,1047.0,2612.0,1467.0,-98.0,100,11.4,66.3,27.6,3.2,0.6,31.1,7.5,5.5,9.1,6.3,6.1,91.4,95.5,8.6,4.5,100,8.3,68.8,28.6,3.4,0.5,34.3,8.2,5.0,11.4,6.5,3.6,91.8,96.2,8.2,3.8,100,45.0,39.2,17.2,0.8,0.9,5.9,9.4,0.7,2.0,22.2,15.2,86.9,88.4,13.1,11.6,351,65.0,107.0,16.0,5.0,,81.0,14.0,19.0,68.0,34.0,36.0,262,202,348.0,59.0,106.0,16.0,5.0,,81.0,16.0,19.0,74.0,33.0,36.0,254.0,201.0,85.0,19.0,43.0,,,,4.0,,,6.0,,,39.0,69.0,21.2,22.2,32.8,33.2,21.2,17.7,32.1,27.5,23.2,23.8,34.6,35.5,23.2,21.4,34.1,32.8,56.9,41.8,74.0,53.5,49.5,31.5,57.8,39.5,"(CONTRACTS OF 37,500 POUNDS)",A50,FutOnly
raw_cot_data/disaggregated_futures_only/fut_disagg_xls_hist_2006_2016/F_DisAgg06_15.xls,disaggregated_futures_only,fut_disagg_xls_hist_2006_2016,COFFEE C - ICE FUTURES U.S.,71211,2007-12-11,083731,NYBT,1,83,159046,18545,104599,44063,4525,889,47715,12772,8553,15677,9271,11100,146542,151709,12504,7337,144553,12581,99864,41707,4344,769,48192,12772,7167,18268,8850,5298,133982,139064,10571,5489,14493,5964,4735,2356,181,120,808,1285,101,283,3295,2928,12560,12645,1933,1848,3476.0,253.0,1935.0,-261.0,109.0,24.0,-220.0,-845.0,1376.0,1315.0,408.0,-219.0,2268.0,2788.0,1208.0,688.0,100,11.7,65.8,27.7,2.8,0.6,30.0,8.0,5.4,9.9,5.8,7.0,92.1,95.4,7.9,4.6,100,8.7,69.1,28.9,3.0,0.5,33.3,8.8,5.0,12.6,6.1,3.7,92.7,96.2,7.3,3.8,100,41.2,32.7,16.3,1.2,0.8,5.6,8.9,0.7,2.0,22.7,20.2,86.7,87.2,13.3,12.8,364,68.0,111.0,14.0,4.0,,88.0,15.0,19.0,71.0,37.0,38.0,276,206,361.0,62.0,109.0,14.0,4.0,,88.0,15.0,19.0,75.0,36.0,37.0,268.0,203.0,84.0,20.0,43.0,,,,,,,,,,39.0,67.0,22.1,22.5,33.8,34.3,22.1,18.2,32.7,28.4,24.3,24.4,35.3,36.3,24.3,22.4,34.9,33.9,57.8,48.4,74.0,58.9,46.9,32.6,54.9,39.3,"(CONTRACTS OF 37,500 POUNDS)",A50,FutOnly
raw_cot_data/disaggregated_futures_only/fut_disagg_xls_hist_2006_2016/F_DisAgg06_15.xls,disaggregated_futures_only,fut_disagg_xls_hist_2006_2016,COFFEE C - ICE FUTURES U.S.,71204,2007-12-04,083731,NYBT,1,83,155570,18292,102664,44324,4416,865,47935,13617,7177,14362,8863,11319,144274,148921,11296,6649,141543,12545,98068,42139,4282,720,48162,13617,6041,17123,8491,5463,132193,136682,9350,4861,14027,5747,4596,2185,134,145,808,1035,101,276,3409,2819,12081,12239,1946,1788,3277.0,-1085.0,2546.0,607.0,1518.0,0.0,2049.0,-1129.0,1207.0,755.0,1128.0,-1420.0,2113.0,3850.0,1164.0,-573.0,100,11.8,66.0,28.5,2.8,0.6,30.8,8.8,4.6,9.2,5.7,7.3,92.7,95.7,7.3,4.3,100,8.9,69.3,29.8,3.0,0.5,34.0,9.6,4.3,12.1,6.0,3.9,93.4,96.6,6.6,3.4,100,41.0,32.8,15.6,1.0,1.0,5.8,7.4,0.7,2.0,24.3,20.1,86.1,87.3,13.9,12.7,357,63.0,113.0,16.0,,,82.0,20.0,18.0,67.0,37.0,32.0,257,206,354.0,57.0,111.0,16.0,,,82.0,20.0,18.0,70.0,36.0,31.0,249.0,203.0,82.0,17.0,45.0,,,,,,,,,,35.0,68.0,23.3,23.7,35.5,35.2,22.7,18.3,33.6,28.4,25.0,24.9,36.7,36.7,25.0,22.5,35.9,34.0,58.1,49.3,74.3,59.4,47.1,33.3,54.4,40.1,"(CONTRACTS OF 37,500 POUNDS)",A50,FutOnly
raw_cot_data/disaggregated_futures_only/fut_disagg_xls_hist_2006_2016/F_DisAgg06_15.xls,disaggregated_futures_only,fut_disagg_xls_hist_2006_2016,COFFEE C - ICE FUTURES U.S.,71127,2007-11-27,083731,NYBT,1,83,152293,19377,100118,43717,2898,865,45886,14746,5970,13607,7735,12739,142161,145071,10132,7222,138235,13267,95598,41540,2764,720,45602,14731,5349,17220,7451,6174,129872,132787,8363,5448,14058,6110,4520,2177,134,145,804,535,101,287,4184,2665,12289,12284,1769,1774,-1298.0,-2420.0,-3248.0,65.0,36.0,-16.0,417.0,1767.0,-1392.0,-154.0,-393.0,1748.0,-1752.0,-1498.0,454.0,200.0,100,12.7,65.7,28.7,1.9,0.6,30.1,9.7,3.9,8.9,5.1,8.4,93.3,95.3,6.7,4.7,100,9.6,69.2,30.1,2.0,0.5,33.0,10.7,3.9,12.5,5.4,4.5,94.0,96.1,6.0,3.9,100,43.5,32.2,15.5,1.0,1.0,5.7,3.8,0.7,2.0,29.8,19.0,87.4,87.4,12.6,12.6,339,64.0,108.0,16.0,4.0,,61.0,26.0,16.0,66.0,37.0,33.0,238,206,336.0,59.0,106.0,16.0,4.0,,61.0,26.0,15.0,69.0,36.0,32.0,231.0,202.0,82.0,20.0,44.0,,,,,,,,,,36.0,67.0,24.2,24.1,36.4,36.1,23.0,17.7,33.3,28.2,25.3,25.0,37.4,36.8,25.3,21.8,35.6,33.4,56.9,49.9,73.3,59.9,47.3,35.2,55.6,42.1,"(CONTRACTS OF 37,500 POUNDS)",A50,FutOnly
raw_cot_data/disaggregated_futures_only/fut_disagg_xls_hist_2006_2016/F_DisAgg06_15.xls,disaggregated_futures_only,fut_disagg_xls_hist_2006_2016,COFFEE C - ICE FUTURES U.S.,71120,2007-11-20,083731,NYBT,1,83,153591,21797,103366,43652,2862,881,45469,12979,7362,13761,8128,10991,143913,146569,9678,7022,139730,15717,99017,41476,2728,736,45185,12964,6741,17423,7807,4539,131817,134532,7913,5198,13861,6080,4349,2176,134,145,804,535,101,287,4270,2503,12096,12037,1765,1824,-6339.0,-3929.0,-1957.0,-196.0,-233.0,-54.0,551.0,-1085.0,-1681.0,-604.0,376.0,-600.0,-6513.0,-5234.0,174.0,-1105.0,100,14.2,67.3,28.4,1.9,0.6,29.6,8.5,4.8,9.0,5.3,7.2,93.7,95.4,6.3,4.6,100,11.2,70.9,29.7,2.0,0.5,32.3,9.3,4.8,12.5,5.6,3.2,94.3,96.3,5.7,3.7,100,43.9,31.4,15.7,1.0,1.0,5.8,3.9,0.7,2.1,30.8,18.1,87.3,86.8,12.7,13.2,336,65.0,110.0,15.0,4.0,,63.0,22.0,18.0,66.0,36.0,30.0,241,201,333.0,60.0,109.0,15.0,4.0,,63.0,22.0,18.0,69.0,36.0,28.0,234.0,198.0,81.0,20.0,42.0,,,,,,,,,,36.0,65.0,23.2,24.1,36.1,36.5,22.7,17.8,32.7,28.1,25.0,25.8,36.0,38.3,25.0,21.9,35.0,33.7,56.5,50.0,73.0,59.8,47.5,35.8,56.0,42.6,"(CONTRACTS OF 37,500 POUNDS)",A50,FutOnly
raw_cot_data/disaggregated_futures_only/fut_disagg_xls_hist_2006_2016/F_DisAgg06_15.xls,disaggregated_futures_only,fut_disagg_xls_hist_2006_2016,COFFEE C - ICE FUTURES U.S.,71113,2007-11-13,083731,NYBT,1,83,159930,25726,105323,43848,3095,935,44918,14064,9043,14365,7752,11591,150426,151803,9504,8127,146398,19565,100825,42274,2961,790,44634,14049,8422,17513,7626,5459,138657,140132,7741,6266,13532,6161,4498,1574,134,145,804,535,101,300,3574,2684,11769,11671,1763,1861,-3372.0,536.0,-151.0,224.0,230.0,55.0,3209.0,-1684.0,-597.0,-3635.0,1785.0,-2382.0,-2590.0,-2744.0,-782.0,-628.0,100,16.1,65.9,27.4,1.9,0.6,28.1,8.8,5.7,9.0,4.8,7.2,94.1,94.9,5.9,5.1,100,13.4,68.9,28.9,2.0,0.5,30.5,9.6,5.8,12.0,5.2,3.7,94.7,95.7,5.3,4.3,100,45.5,33.2,11.6,1.0,1.1,5.9,4.0,0.7,2.2,26.4,19.8,87.0,86.2,13.0,13.8,341,72.0,107.0,15.0,5.0,6.0,58.0,29.0,17.0,68.0,34.0,36.0,250,211,338.0,68.0,106.0,15.0,5.0,6.0,58.0,29.0,17.0,70.0,34.0,35.0,244.0,209.0,82.0,20.0,42.0,,,,,,,,,,37.0,66.0,23.5,25.2,35.8,37.1,21.8,17.3,31.3,27.3,23.8,27.1,35.2,39.2,23.8,21.1,33.6,32.5,52.5,47.0,69.9,58.3,43.4,32.4,52.4,39.0,"(CONTRACTS OF 37,500 POUNDS)",A50,FutOnly
raw_cot_data/disaggregated_futures_only/fut_disagg_xls_hist_2006_2016/F_DisAgg06_15.xls,disaggregated_futures_only,fut_disagg_xls_hist_2006_2016,COFFEE C - ICE FUTURES U.S.,71106,2007-11-06,083731,NYBT,1,83,163302,25190,105474,43624,2865,880,41709,15748,9640,18000,5967,13973,153016,154547,10286,8755,150283,19099,100912,42816,2621,760,41565,15733,9019,20222,6053,8411,141892,143509,8391,6774,13019,6091,4562,808,244,120,664,535,101,431,2567,2909,11124,11038,1895,1981,-5064.0,-1340.0,-4958.0,582.0,99.0,-97.0,-1327.0,1009.0,-1227.0,-839.0,-220.0,-860.0,-5108.0,-6254.0,44.0,1190.0,100,15.4,64.6,26.7,1.8,0.5,25.5,9.6,5.9,11.0,3.7,8.6,93.7,94.6,6.3,5.4,100,12.7,67.1,28.5,1.7,0.5,27.7,10.5,6.0,13.5,4.0,5.6,94.4,95.5,5.6,4.5,100,46.8,35.0,6.2,1.9,0.9,5.1,4.1,0.8,3.3,19.7,22.3,85.4,84.8,14.6,15.2,363,80.0,111.0,18.0,4.0,5.0,54.0,34.0,25.0,82.0,28.0,39.0,275,222,362.0,77.0,110.0,18.0,4.0,5.0,55.0,34.0,25.0,83.0,30.0,38.0,272.0,220.0,78.0,20.0,41.0,,,,,,,,,,36.0,64.0,22.9,24.6,34.3,35.6,20.9,17.6,29.9,26.6,22.8,26.5,33.8,37.6,22.8,21.4,32.3,31.3,51.0,43.4,68.0,56.1,39.3,26.1,45.9,33.4,"(CONTRACTS OF 37,500 POUNDS)",A50,FutOnly
raw_cot_data/disaggregated_futures_only/fut_disagg_xls_hist_2006_2016/F_DisAgg06_15.xls,disaggregated_futures_only,fut_disagg_xls_hist_2006_2016,COFFEE C - ICE FUTURES U.S.,71030,2007-10-30,083731,NYBT,1,83,168366,26530,110432,43042,2766,977,43036,14739,10867,18839,6187,14833,158124,160801,10242,7565,155200,20670,105725,42430,2522,856,42392,14724,10746,20651,6019,9238,146983,149830,8217,5370,13166,5860,4707,613,245,120,664,35,101,499,2479,3284,11141,10971,2025,2195,-4145.0,1257.0,-3354.0,1864.0,-180.0,-37.0,-6021.0,678.0,-979.0,1565.0,-493.0,-1898.0,-4249.0,-6263.0,104.0,2118.0,100,15.8,65.6,25.6,1.6,0.6,25.6,8.8,6.5,11.2,3.7,8.8,93.9,95.5,6.1,4.5,100,13.3,68.1,27.3,1.6,0.6,27.3,9.5,6.9,13.3,3.9,6.0,94.7,96.5,5.3,3.5,100,44.5,35.8,4.7,1.9,0.9,5.0,0.3,0.8,3.8,18.8,24.9,84.6,83.3,15.4,16.7,364,80.0,111.0,17.0,5.0,6.0,58.0,28.0,26.0,85.0,31.0,42.0,279,224,363.0,75.0,111.0,17.0,5.0,5.0,58.0,28.0,26.0,86.0,30.0,41.0,274.0,221.0,74.0,20.0,39.0,,,,,,,,,,34.0,64.0,22.7,25.6,34.0,37.5,20.5,17.9,29.2,27.8,22.5,27.1,33.5,39.0,22.2,21.6,31.6,32.0,52.3,45.4,69.1,57.8,36.9,21.3,41.6,28.5,"(CONTRACTS OF 37,500 POUNDS)",A50,FutOnly
raw_cot_data/disaggregated_futures_only/fut_disagg_xls_hist_2006_2016/F_DisAgg06_15.xls,disaggregated_futures_only,fut_disagg_xls_hist_2006_2016,COFFEE C - ICE FUTURES U.S.,71023,2007-10-23,083731,NYBT,1,83,172511,25273,113786,41178,2946,1014,49057,14061,11846,17274,6680,16731,162373,167064,10138,5447,160594,19685,108698,40566,2702,893,48413,14046,10736,18464,6553,11990,150747,155618,9847,4976,11917,5588,5088,613,245,120,664,35,1090,555,1872,2996,11626,11446,291,471,-4177.0,-384.0,-1580.0,1531.0,599.0,-44.0,-2901.0,172.0,-1726.0,-1038.0,-2440.0,2069.0,-2493.0,-2950.0,-1684.0,-1227.0,100,14.7,66.0,23.9,1.7,0.6,28.4,8.2,6.9,10.0,3.9,9.7,94.1,96.8,5.9,3.2,100,12.3,67.7,25.3,1.7,0.6,30.1,8.7,6.7,11.5,4.1,7.5,93.9,96.9,6.1,3.1,100,46.9,42.7,5.1,2.1,1.0,5.6,0.3,9.1,4.7,15.7,25.1,97.6,96.0,2.4,4.0,368,76.0,112.0,16.0,6.0,5.0,71.0,19.0,21.0,84.0,33.0,43.0,284,217,366.0,72.0,112.0,16.0,6.0,4.0,71.0,19.0,21.0,83.0,35.0,41.0,279.0,213.0,74.0,18.0,39.0,,,,,,,,,,34.0,64.0,21.6,26.3,32.6,38.4,19.4,19.0,27.4,28.5,20.8,27.9,31.4,38.8,20.8,22.7,29.4,32.4,62.4,55.5,78.4,67.5,42.4,27.0,47.6,34.9,"(CONTRACTS OF 37,500 POUNDS)",A50,FutOnly
raw_cot_data/disaggregated_futures_only/fut_disagg_xls_hist_2006_2016/F_DisAgg06_15.xls,disaggregated_futures_only,fut_disagg_xls_hist_2006_2016,COFFEE C - ICE FUTURES U.S.,71016,2007-10-16,083731,NYBT,1,83,176688,25657,115366,39647,2347,1058,51958,13889,13572,18312,9120,14662,164866,170014,11822,6674,163090,20760,109431,39035,2103,937,51314,14879,11459,19219,9199,8860,151584,156868,11506,6222,13598,4897,5935,613,245,120,1669,35,1088,778,1606,4117,13282,13146,316,452,-178.0,-2549.0,2488.0,-363.0,-127.0,26.0,2019.0,-995.0,-385.0,1415.0,-614.0,-789.0,-626.0,-396.0,448.0,218.0,100,14.5,65.3,22.4,1.3,0.6,29.4,7.9,7.7,10.4,5.2,8.3,93.3,96.2,6.7,3.8,100,12.7,67.1,23.9,1.3,0.6,31.5,9.1,7.0,11.8,5.6,5.4,92.9,96.2,7.1,3.8,100,36.0,43.6,4.5,1.8,0.9,12.3,0.3,8.0,5.7,11.8,30.3,97.7,96.7,2.3,3.3,367,71.0,106.0,15.0,4.0,5.0,84.0,16.0,25.0,81.0,35.0,39.0,288,206,365.0,66.0,106.0,15.0,4.0,4.0,84.0,16.0,24.0,80.0,37.0,37.0,281.0,202.0,74.0,16.0,39.0,,,,,,,,,,33.0,63.0,20.2,26.8,30.2,37.6,18.0,19.1,25.9,28.5,20.0,28.7,30.1,39.8,19.5,22.5,28.1,32.6,62.1,60.5,78.7,70.7,39.2,29.0,45.9,36.0,"(CONTRACTS OF 37,500 POUNDS)",A50,FutOnly
raw_cot_data/disaggregated_futures_only/fut_disagg_xls_hist_2006_2016/F_DisAgg06_15.xls,disaggregated_futures_only,fut_disagg_xls_hist_2006_2016,COFFEE C - ICE FUTURES U.S.,71009,2007-10-09,083731,NYBT,1,83,176866,28206,112878,40010,2474,1032,49939,14884,13957,16897,9734,15451,165492,170410,11374,6456,164500,23444,107096,39397,2221,957,49720,15876,11893,17056,9544,10898,153365,158485,11135,6015,12366,4762,5782,613,253,75,1246,35,1037,426,775,3968,12127,11925,239,441,6026.0,914.0,2568.0,-928.0,10.0,343.0,3301.0,350.0,844.0,134.0,-315.0,899.0,5507.0,4699.0,519.0,1327.0,100,15.9,63.8,22.6,1.4,0.6,28.2,8.4,7.9,9.6,5.5,8.7,93.6,96.3,6.4,3.7,100,14.3,65.1,23.9,1.4,0.6,30.2,9.7,7.2,10.4,5.8,6.6,93.2,96.3,6.8,3.7,100,38.5,46.8,5.0,2.0,0.6,10.1,0.3,8.4,3.4,6.3,32.1,98.1,96.4,1.9,3.6,373,68.0,104.0,15.0,5.0,,83.0,21.0,24.0,85.0,30.0,39.0,282,211,372.0,63.0,104.0,15.0,5.0,,85.0,19.0,24.0,86.0,30.0,38.0,278.0,209.0,69.0,16.0,38.0,,,,,,,,,,29.0,60.0,20.0,26.5,30.5,37.6,17.5,18.6,26.2,27.6,19.5,28.2,30.0,39.0,18.8,21.9,28.1,31.4,68.2,60.4,83.5,71.2,39.6,26.4,45.1,33.0,"(CONTRACTS OF 37,500 POUNDS)",A50,FutOnly
raw_cot_data/disaggregated_futures_only/fut_disagg_xls_hist_2006_2016/F_DisAgg06_15.xls,disaggregated_futures_only,fut_disagg_xls_hist_2006_2016,COFFEE C - ICE FUTURES U.S.,71002,2007-10-02,083731,NYBT,1,83,170840,27292,110310,40938,2464,689,46638,14534,13113,16763,10049,14552,159985,165711,10855,5129,159219,22529,104282,40340,2211,689,46636,15519,11068,16673,10007,10638,148573,154414,10646,4805,11621,4763,6028,598,253,0,1022,35,1025,632,584,3372,11412,11297,209,324,2694.0,177.0,4838.0,865.0,-184.0,-81.0,1895.0,-1211.0,635.0,93.0,976.0,66.0,3650.0,5039.0,-956.0,-2345.0,100,16.0,64.6,24.0,1.4,0.4,27.3,8.5,7.7,9.8,5.9,8.5,93.6,97.0,6.4,3.0,100,14.1,65.5,25.3,1.4,0.4,29.3,9.7,7.0,10.5,6.3,6.7,93.3,97.0,6.7,3.0,100,41.0,51.9,5.1,2.2,0.0,8.8,0.3,8.8,5.4,5.0,29.0,98.2,97.2,1.8,2.8,376,63.0,104.0,16.0,4.0,,87.0,20.0,24.0,86.0,32.0,38.0,282,209,375.0,59.0,104.0,16.0,4.0,,87.0,20.0,23.0,87.0,33.0,37.0,277.0,207.0,65.0,15.0,37.0,,,0.0,,,,,,,26.0,56.0,21.2,26.8,31.6,37.9,18.3,18.8,26.4,27.1,20.5,28.2,30.2,38.7,19.7,22.1,28.3,30.9,70.7,59.8,85.6,71.4,42.1,30.0,47.7,36.6,"(CONTRACTS OF 37,500 POUNDS)",A50,FutOnly
raw_cot_data/disaggregated_futures_only/fut_disagg_xls_hist_2006_2016/F_DisAgg06_15.xls,disaggregated_futures_only,fut_disagg_xls_hist_2006_2016,COFFEE C - ICE FUTURES U.S.,70925,2007-09-25,083731,NYBT,1,83,168146,27115,105472,40073,2648,770,44743,15745,12478,16670,9073,14486,156335,160672,11811,7474,156107,22656,99204,39475,2426,770,44726,16862,10302,16543,9373,10179,144651,149116,11456,6991,12039,4459,6268,598,222,0,1169,35,1024,915,488,3519,11684,11556,355,483,7091.0,744.0,9095.0,1401.0,442.0,40.0,5584.0,-5660.0,-414.0,-3104.0,2093.0,1769.0,6020.0,7365.0,1071.0,-274.0,100,16.1,62.7,23.8,1.6,0.5,26.6,9.4,7.4,9.9,5.4,8.6,93.0,95.6,7.0,4.4,100,14.5,63.5,25.3,1.6,0.5,28.7,10.8,6.6,10.6,6.0,6.5,92.7,95.5,7.3,4.5,100,37.0,52.1,5.0,1.8,0.0,9.7,0.3,8.5,7.6,4.1,29.2,97.1,96.0,2.9,4.0,370,65.0,99.0,16.0,5.0,,88.0,22.0,26.0,80.0,34.0,40.0,278,210,369.0,61.0,99.0,16.0,5.0,,87.0,23.0,25.0,79.0,35.0,40.0,273.0,209.0,60.0,13.0,36.0,,,0.0,,,,,,,23.0,51.0,22.7,28.5,32.9,39.6,18.6,19.2,26.5,27.3,21.2,28.9,31.3,40.2,20.0,22.6,28.5,31.2,71.2,62.5,86.1,74.0,41.4,32.8,47.5,38.6,"(CONTRACTS OF 37,500 POUNDS)",A50,FutOnly
raw_cot_data/disaggregated_futures_only/fut_disagg_xls_hist_2006_2016/F_DisAgg06_15.xls,disaggregated_futures_only,fut_disagg_xls_hist_2006_2016,COFFEE C - ICE FUTURES U.S.,70918,2007-09-18,083731,NYBT,1,83,161055,26371,96377,38672,2206,730,39159,21405,12892,19774,6980,12717,150315,153307,10740,7748,148418,21503,90331,38157,1984,730,39020,23039,10200,19401,6309,8748,137759,141341,10659,7077,12637,4868,6046,515,222,0,1808,35,1023,251,549,4091,12556,11966,81,671,2175.0,-1267.0,8489.0,-88.0,550.0,98.0,1511.0,-7177.0,263.0,2743.0,1141.0,-2283.0,977.0,1081.0,1198.0,1094.0,100,16.4,59.8,24.0,1.4,0.5,24.3,13.3,8.0,12.3,4.3,7.9,93.3,95.2,6.7,4.8,100,14.5,60.9,25.7,1.3,0.5,26.3,15.5,6.9,13.1,4.3,5.9,92.8,95.2,7.2,4.8,100,38.5,47.8,4.1,1.8,0.0,14.3,0.3,8.1,2.0,4.3,32.4,99.4,94.7,0.6,5.3,361,67.0,101.0,15.0,4.0,,69.0,34.0,27.0,84.0,26.0,39.0,264,217,361.0,64.0,101.0,15.0,4.0,,68.0,35.0,27.0,84.0,27.0,39.0,260.0,217.0,60.0,12.0,33.0,,,0.0,,,,,,,25.0,49.0,23.0,27.7,33.7,38.5,20.2,19.2,27.7,27.7,22.6,28.9,32.5,39.2,21.9,22.7,30.3,32.0,71.2,64.8,86.0,75.1,39.3,32.1,47.8,37.3,"(CONTRACTS OF 37,500 POUNDS)",A50,FutOnly
raw_cot_data/disaggregated_futures_only/fut_disagg_xls_hist_2006_2016/F_DisAgg06_15.xls,disaggregated_futures_only,fut_disagg_xls_hist_2006_2016,COFFEE C - ICE FUTURES U.S.,70911,2007-09-11,083731,NYBT,1,83,158880,27638,87888,38760,1656,632,37648,28582,12629,17031,5839,15000,149338,152226,9542,6654,145272,22935,81678,38368,1633,632,37651,30300,9823,17057,5376,9433,135899,138875,9373,6397,13608,4703,6210,392,23,0,1800,85,1003,180,669,5361,13439,13351,169,257,578.0,-1764.0,-1801.0,442.0,284.0,-16.0,1395.0,971.0,682.0,438.0,1110.0,331.0,1508.0,1561.0,-930.0,-983.0,100,17.4,55.3,24.4,1.0,0.4,23.7,18.0,7.9,10.7,3.7,9.4,94.0,95.8,6.0,4.2,100,15.8,56.2,26.4,1.1,0.4,25.9,20.9,6.8,11.7,3.7,6.5,93.5,95.6,6.5,4.4,100,34.6,45.6,2.9,0.2,0.0,13.2,0.6,7.4,1.3,4.9,39.4,98.8,98.1,1.2,1.9,351,68.0,100.0,17.0,4.0,4.0,49.0,42.0,25.0,83.0,26.0,37.0,245,221,350.0,65.0,99.0,17.0,4.0,4.0,48.0,43.0,25.0,85.0,25.0,37.0,242.0,219.0,56.0,13.0,29.0,,,0.0,,,,,,,24.0,45.0,25.7,27.5,37.7,39.2,22.1,18.8,29.8,27.7,24.8,28.0,35.8,38.7,24.2,22.4,33.2,32.1,72.7,70.0,86.2,80.6,34.0,28.2,38.9,32.7,"(CONTRACTS OF 37,500 POUNDS)",A50,FutOnly
raw_cot_data/disaggregated_futures_only/fut_disagg_xls_hist_2006_2016/F_DisAgg06_15.xls,disaggregated_futures_only,fut_disagg_xls_hist_2006_2016,COFFEE C - ICE FUTURES U.S.,70904,2007-09-04,083731,NYBT,1,83,158302,29402,89689,38318,1372,648,36253,27611,11947,16593,4729,14669,147830,150665,10472,7637,145610,24948,82506,37951,1349,648,36338,29211,9840,16741,5892,8776,135242,138222,10368,7388,12692,4454,7183,367,23,0,1600,85,422,1939,924,3806,12588,12443,104,249,4485.0,246.0,-2227.0,661.0,-128.0,337.0,483.0,3620.0,641.0,-145.0,422.0,129.0,2352.0,2794.0,2133.0,1691.0,100,18.6,56.7,24.2,0.9,0.4,22.9,17.4,7.5,10.5,3.0,9.3,93.4,95.2,6.6,4.8,100,17.1,56.7,26.1,0.9,0.4,25.0,20.1,6.8,11.5,4.0,6.0,92.9,94.9,7.1,5.1,100,35.1,56.6,2.9,0.2,0.0,12.6,0.7,3.3,15.3,7.3,30.0,99.2,98.0,0.8,2.0,338,66.0,98.0,15.0,4.0,4.0,42.0,44.0,20.0,78.0,26.0,39.0,231,217,337.0,63.0,98.0,15.0,4.0,4.0,42.0,44.0,20.0,80.0,27.0,39.0,228.0,216.0,58.0,14.0,28.0,,,0.0,,,,,,,27.0,43.0,25.9,28.1,38.8,40.1,22.2,18.8,30.1,27.6,25.9,28.3,37.2,39.4,24.2,21.9,33.9,31.4,73.9,67.3,86.8,78.4,42.5,36.2,49.9,41.6,"(CONTRACTS OF 37,500 POUNDS)",A50,FutOnly
raw_cot_data/disaggregated_futures_only/fut_disagg_xls_hist_2006_2016/F_DisAgg06_15.xls,disaggregated_futures_only,fut_disagg_xls_hist_2006_2016,COFFEE C - NEW YORK BOARD OF TRADE,70828,2007-08-28,083731,NYBT,1,83,153817,29156,91916,37657,1500,311,35770,23991,11306,16738,4307,14540,145478,147871,8339,5946,523,12,394,0,0,0,481,0,0,0,0,0,493,394,30,129,153294,29144,91522,37657,1500,311,35770,24472,10825,16738,4307,14540,144985,147477,8309,5817,-5718.0,-3236.0,-5715.0,23.0,-64.0,210.0,-291.0,4336.0,-610.0,1591.0,-1007.0,-1080.0,-3393.0,-3930.0,-2325.0,-1788.0,100,19.0,59.8,24.5,1.0,0.2,23.3,15.6,7.4,10.9,2.8,9.5,94.6,96.1,5.4,3.9,100,2.3,75.3,0.0,0.0,0.0,92.0,0.0,0.0,0.0,0.0,0.0,94.3,75.3,5.7,24.7,100,19.0,59.7,24.6,1.0,0.2,23.3,16.0,7.1,10.9,2.8,9.5,94.6,96.2,5.4,3.8,341,65.0,99.0,16.0,5.0,4.0,44.0,40.0,21.0,75.0,28.0,40.0,232,220,23.0,,21.0,0.0,0.0,0.0,,0.0,0.0,0.0,0.0,0.0,,21.0,341.0,64.0,99.0,16.0,5.0,4.0,44.0,40.0,21.0,75.0,28.0,40.0,231.0,220.0,26.4,28.3,39.1,40.5,22.8,19.3,31.3,27.8,94.3,45.1,94.3,61.8,94.3,45.1,94.3,61.8,26.5,28.4,39.2,40.6,22.8,19.3,31.4,28.2,"(CONTRACTS OF 37,500 POUNDS)",A50,FutOnly
raw_cot_data/disaggregated_futures_only/fut_disagg_xls_hist_2006_2016/F_DisAgg06_15.xls,disaggregated_futures_only,fut_disagg_xls_hist_2006_2016,COFFEE C - NEW YORK BOARD OF TRADE,70821,2007-08-21,083731,NYBT,1,83,159535,32392,97631,37634,1564,101,36061,19655,11916,15147,5314,15620,148871,151801,10664,7734,13155,5336,10420,121,109,0,2668,306,0,2318,499,10,10453,11344,2702,1811,146380,27056,87211,37513,1455,101,35286,21242,10023,13564,5550,14875,138418,140457,7962,5923,-7037.0,-2151.0,-4376.0,-461.0,-226.0,-74.0,-5048.0,-1941.0,-148.0,1074.0,-2143.0,-686.0,-7494.0,-9594.0,457.0,2557.0,100,20.3,61.2,23.6,1.0,0.1,22.6,12.3,7.5,9.5,3.3,9.8,93.3,95.2,6.7,4.8,100,40.6,79.2,0.9,0.8,0.0,20.3,2.3,0.0,17.6,3.8,0.1,79.5,86.2,20.5,13.8,100,18.5,59.6,25.6,1.0,0.1,24.1,14.5,6.8,9.3,3.8,10.2,94.6,96.0,5.4,4.0,335,70.0,99.0,16.0,5.0,,48.0,34.0,20.0,67.0,36.0,42.0,232,217,100.0,30.0,36.0,,,0.0,6.0,,0.0,19.0,,,57.0,51.0,328.0,62.0,99.0,16.0,4.0,,46.0,35.0,20.0,64.0,37.0,36.0,216.0,213.0,26.3,32.0,39.5,42.5,21.9,20.3,30.0,28.2,44.3,74.9,57.1,79.2,44.2,71.3,55.1,75.5,28.3,31.2,41.7,42.4,23.9,20.6,32.6,28.7,"(CONTRACTS OF 37,500 POUNDS)",A50,FutOnly
raw_cot_data/disaggregated_futures_only/fut_disagg_xls_hist_2006_2016/F_DisAgg06_15.xls,disaggregated_futures_only,fut_disagg_xls_hist_2006_2016,COFFEE C - NEW YORK BOARD OF TRADE,70814,2007-08-14,083731,NYBT,1,83,166572,34543,102007,38095,1790,175,41109,21596,12064,14073,7457,16306,156365,161395,10207,5177,35209,9517,24914,4664,310,0,10776,6877,261,6177,1961,30,31425,34353,3784,856,131363,25026,77093,33507,1556,99,32996,17382,9140,9936,7536,14236,124940,127042,6423,4321,-5346.0,-1251.0,5684.0,-1098.0,275.0,-449.0,3661.0,-7868.0,103.0,-1478.0,1128.0,-683.0,-1195.0,-1810.0,-4151.0,-3536.0,100,20.7,61.2,22.9,1.1,0.1,24.7,13.0,7.2,8.4,4.5,9.8,93.9,96.9,6.1,3.1,100,27.0,70.8,13.2,0.9,0.0,30.6,19.5,0.7,17.5,5.6,0.1,89.3,97.6,10.7,2.4,100,19.1,58.7,25.5,1.2,0.1,25.1,13.2,7.0,7.6,5.7,10.8,95.1,96.7,4.9,3.3,361,77.0,100.0,15.0,6.0,,72.0,34.0,25.0,65.0,38.0,43.0,269,224,236.0,49.0,63.0,10.0,5.0,0.0,39.0,23.0,,38.0,22.0,,138.0,116.0,299.0,55.0,96.0,15.0,4.0,,47.0,23.0,16.0,56.0,35.0,37.0,203.0,193.0,26.0,31.5,37.5,41.1,20.9,19.7,28.2,27.5,23.4,55.8,37.0,65.4,19.1,44.5,30.4,54.1,29.3,29.1,41.7,40.9,24.4,17.0,31.6,26.3,"(CONTRACTS OF 37,500 POUNDS)",A50,FutOnly
raw_cot_data/disaggregated_futures_only/fut_disagg_xls_hist_2006_2016/F_DisAgg06_15.xls,disaggregated_futures_only,fut_disagg_xls_hist_2006_2016,COFFEE C - NEW YORK BOARD OF TRADE,70807,2007-08-07,083731,NYBT,1,83,171918,35794,96323,39193,1515,624,37448,29464,11961,15551,6329,16989,157560,163205,14358,8713,69170,10512,32101,20923,915,0,16550,24966,496,12007,5858,210,60698,64546,8472,4624,102748,25282,64222,18794,1124,100,24789,8389,7574,6815,3742,13508,96862,98659,5886,4089,-3919.0,-3898.0,2542.0,-1292.0,45.0,-115.0,1843.0,-6125.0,-968.0,-1188.0,972.0,-2346.0,-7964.0,-5995.0,4045.0,2076.0,100,20.8,56.0,22.8,0.9,0.4,21.8,17.1,7.0,9.0,3.7,9.9,91.6,94.9,8.4,5.1,100,15.2,46.4,30.2,1.3,0.0,23.9,36.1,0.7,17.4,8.5,0.3,87.8,93.3,12.2,6.7,100,24.6,62.5,18.3,1.1,0.1,24.1,8.2,7.4,6.6,3.6,13.1,94.3,96.0,5.7,4.0,367,90.0,102.0,17.0,5.0,,56.0,46.0,24.0,74.0,33.0,49.0,276,235,311.0,61.0,66.0,15.0,4.0,0.0,40.0,41.0,4.0,64.0,32.0,4.0,185.0,146.0,266.0,61.0,95.0,15.0,,,31.0,19.0,12.0,55.0,24.0,37.0,184.0,177.0,24.0,29.7,36.2,39.1,20.5,19.1,27.7,27.3,22.9,38.0,35.2,53.3,22.9,36.7,35.2,51.6,34.2,30.2,46.8,43.5,22.5,15.4,29.0,23.2,"(CONTRACTS OF 37,500 POUNDS)",A50,FutOnly
raw_cot_data/disaggregated_futures_only/fut_disagg_xls_hist_2006_2016/F_DisAgg06_15.xls,disaggregated_futures_only,fut_disagg_xls_hist_2006_2016,COFFEE C - NEW YORK BOARD OF TRADE,70731,2007-07-31,083731,NYBT,1,83,175837,39692,93781,40485,1470,739,35605,35589,12929,16739,5357,19335,165524,169200,10313,6637,88025,13575,36344,31426,1083,0,20817,37657,515,14363,7659,357,81053,83615,6972,4410,87812,26117,57437,9700,1028,98,20901,4045,6301,7362,2684,13992,84471,85585,3341,2227,4110.0,222.0,2093.0,-669.0,284.0,20.0,2074.0,-3120.0,-412.0,-563.0,678.0,3823.0,4495.0,3366.0,-385.0,744.0,100,22.6,53.3,23.0,0.8,0.4,20.2,20.2,7.4,9.5,3.0,11.0,94.1,96.2,5.9,3.8,100,15.4,41.3,35.7,1.2,0.0,23.6,42.8,0.6,16.3,8.7,0.4,92.1,95.0,7.9,5.0,100,29.7,65.4,11.0,1.2,0.1,23.8,4.6,7.2,8.4,3.1,15.9,96.2,97.5,3.8,2.5,374,91.0,99.0,17.0,4.0,,49.0,58.0,25.0,75.0,30.0,50.0,274,245,337.0,67.0,65.0,17.0,,0.0,41.0,62.0,4.0,67.0,30.0,6.0,197.0,166.0,245.0,59.0,92.0,12.0,,,25.0,14.0,9.0,53.0,22.0,31.0,166.0,163.0,25.4,30.5,38.3,41.1,20.4,19.3,27.7,27.5,23.1,35.8,37.5,50.9,23.1,34.5,37.5,48.8,42.9,35.6,53.4,47.8,20.4,11.8,26.8,18.4,"(CONTRACTS OF 37,500 POUNDS)",A50,FutOnly
raw_cot_data/disaggregated_futures_only/fut_disagg_xls_hist_2006_2016/F_DisAgg06_15.xls,disaggregated_futures_only,fut_disagg_xls_hist_2006_2016,COFFEE C - NEW YORK BOARD OF TRADE,70724,2007-07-24,083731,NYBT,1,83,171727,39470,91688,41154,1186,719,33531,38709,13341,17302,4679,15512,161029,165834,10698,5893,93585,12956,40392,33743,1036,0,23249,41636,521,14930,5896,106,85505,89587,8080,3998,78142,26514,51296,8032,771,98,17382,4173,5720,6226,2637,11552,75524,76247,2618,1895,1527.0,-2006.0,2599.0,-1731.0,187.0,544.0,168.0,-5651.0,3747.0,53.0,59.0,1178.0,1953.0,2663.0,-426.0,-1136.0,100,23.0,53.4,24.0,0.7,0.4,19.5,22.5,7.8,10.1,2.7,9.0,93.8,96.6,6.2,3.4,100,13.8,43.2,36.1,1.1,0.0,24.8,44.5,0.6,16.0,6.3,0.1,91.4,95.7,8.6,4.3,100,33.9,65.6,10.3,1.0,0.1,22.2,5.3,7.3,8.0,3.4,14.8,96.6,97.6,3.4,2.4,378,90.0,100.0,17.0,4.0,,51.0,67.0,23.0,77.0,26.0,46.0,273,244,350.0,64.0,71.0,17.0,,0.0,48.0,67.0,6.0,73.0,22.0,4.0,208.0,168.0,224.0,58.0,92.0,9.0,,,19.0,15.0,10.0,45.0,19.0,32.0,150.0,162.0,25.1,30.2,37.6,40.9,20.7,20.6,28.6,29.0,23.5,35.6,36.5,50.1,23.5,34.7,36.5,48.4,42.3,36.6,53.9,47.4,20.8,10.2,27.5,16.6,"(CONTRACTS OF 37,500 POUNDS)",A50,FutOnly
raw_cot_data/disaggregated_futures_only/fut_disagg_xls_hist_2006_2016/F_DisAgg06_15.xls,disaggregated_futures_only,fut_disagg_xls_hist_2006_2016,COFFEE C - NEW YORK BOARD OF TRADE,70717,2007-07-17,083731,NYBT,1,83,170200,41476,89089,42885,999,175,33363,44360,9594,17249,4620,14334,159076,163171,11124,7029,98611,15504,41184,36080,285,0,23678,45283,310,14902,6167,213,90687,93442,7924,5169,71589,25972,47905,6882,791,98,14982,4374,3987,6432,2538,10036,68389,69729,3200,1860,6654.0,1178.0,809.0,608.0,-205.0,-7.0,961.0,2494.0,1306.0,-74.0,877.0,673.0,4645.0,5947.0,2009.0,707.0,100,24.4,52.3,25.2,0.6,0.1,19.6,26.1,5.6,10.1,2.7,8.4,93.5,95.9,6.5,4.1,100,15.7,41.8,36.6,0.3,0.0,24.0,45.9,0.3,15.1,6.3,0.2,92.0,94.8,8.0,5.2,100,36.3,66.9,9.6,1.1,0.1,20.9,6.1,5.6,9.0,3.5,14.0,95.5,97.4,4.5,2.6,371,84.0,98.0,18.0,,,41.0,75.0,22.0,73.0,29.0,46.0,252,253,348.0,63.0,69.0,17.0,,0.0,39.0,76.0,4.0,68.0,30.0,,192.0,180.0,216.0,56.0,89.0,9.0,,,16.0,15.0,8.0,45.0,19.0,27.0,140.0,155.0,26.0,30.0,38.3,41.1,21.2,20.5,29.7,29.0,22.7,33.7,36.3,47.7,22.7,32.9,36.3,46.1,44.4,39.1,56.5,50.1,21.3,9.9,27.1,16.2,"(CONTRACTS OF 37,500 POUNDS)",A50,FutOnly
raw_cot_data/disaggregated_futures_only/fut_disagg_xls_hist_2006_2016/F_DisAgg06_15.xls,disaggregated_futures_only,fut_disagg_xls_hist_2006_2016,COFFEE C - NEW YORK BOARD OF TRADE,70710,2007-07-10,083731,NYBT,1,83,163546,40298,88280,42277,1204,182,32402,41866,8288,17323,3743,13661,154431,157224,9115,6322,97593,15709,44205,36250,469,0,23881,42375,139,14906,5373,236,91121,92797,6472,4796,65953,24589,44075,6111,819,98,13534,4504,3136,6670,2623,9172,63310,64427,2643,1526,5046.0,1315.0,-1426.0,1173.0,26.0,-13.0,782.0,5049.0,222.0,327.0,496.0,82.0,3888.0,4436.0,1158.0,610.0,100,24.6,54.0,25.9,0.7,0.1,19.8,25.6,5.1,10.6,2.3,8.4,94.4,96.1,5.6,3.9,100,16.1,45.3,37.1,0.5,0.0,24.5,43.4,0.1,15.3,5.5,0.2,93.4,95.1,6.6,4.9,100,37.3,66.8,9.3,1.2,0.1,20.5,6.8,4.8,10.1,4.0,13.9,96.0,97.7,4.0,2.3,376,89.0,94.0,17.0,,,41.0,72.0,23.0,78.0,31.0,49.0,264,250,358.0,65.0,70.0,16.0,,0.0,38.0,73.0,4.0,70.0,40.0,,193.0,190.0,209.0,54.0,80.0,9.0,,,18.0,16.0,6.0,50.0,16.0,28.0,141.0,142.0,26.0,30.1,38.0,40.8,21.4,20.4,30.2,29.2,23.1,32.6,36.9,46.8,23.1,32.5,36.9,45.3,43.7,40.9,56.5,52.3,21.6,10.6,27.0,17.2,"(CONTRACTS OF 37,500 POUNDS)",A50,FutOnly
raw_cot_data/disaggregated_futures_only/fut_disagg_xls_hist_2006_2016/F_DisAgg06_15.xls,disaggregated_futures_only,fut_disagg_xls_hist_2006_2016,COFFEE C - NEW YORK BOARD OF TRADE,70703,2007-07-03,083731,NYBT,1,83,158500,38983,89706,41104,1178,195,31620,36817,8066,16996,3247,13579,150543,152788,7957,5712,97264,15569,48752,36372,436,0,24227,37409,127,14875,5508,323,91493,92555,5771,4709,61236,23414,40954,4829,839,98,12234,4249,3098,6683,2301,8694,59050,60233,2186,1003,5797.0,2321.0,-467.0,4125.0,94.0,-72.0,-628.0,5846.0,336.0,245.0,147.0,1208.0,7535.0,7092.0,-1738.0,-1295.0,100,24.6,56.6,25.9,0.7,0.1,19.9,23.2,5.1,10.7,2.0,8.6,95.0,96.4,5.0,3.6,100,16.0,50.1,37.4,0.4,0.0,24.9,38.5,0.1,15.3,5.7,0.3,94.1,95.2,5.9,4.8,100,38.2,66.9,7.9,1.4,0.2,20.0,6.9,5.1,10.9,3.8,14.2,96.4,98.4,3.6,1.6,360,86.0,95.0,16.0,4.0,,43.0,65.0,23.0,74.0,28.0,45.0,255,238,341.0,65.0,70.0,16.0,,0.0,41.0,66.0,,67.0,32.0,,193.0,174.0,208.0,55.0,82.0,9.0,,,15.0,16.0,6.0,48.0,16.0,29.0,141.0,143.0,26.1,30.2,38.0,41.2,21.1,20.4,29.7,29.3,23.3,32.7,37.6,46.7,23.3,32.3,37.6,45.6,44.2,40.0,57.2,52.2,20.7,13.0,26.8,20.4,"(CONTRACTS OF 37,500 POUNDS)",A50,FutOnly
raw_cot_data/disaggregated_futures_only/fut_disagg_xls_hist_2006_2016/F_DisAgg06_15.xls,disaggregated_futures_only,fut_disagg_xls_hist_2006_2016,COFFEE C - NEW YORK BOARD OF TRADE,70626,2007-06-26,083731,NYBT,1,83,152703,36662,90173,36979,1084,267,32248,30971,7730,16751,3100,12371,143008,145696,9695,7007,96996,15290,55609,33238,631,0,25659,31376,185,15817,3751,154,90343,91706,6653,5290,55707,21372,34564,3910,622,98,11250,4256,2884,5483,3898,7668,52665,53990,3042,1717,-1095.0,-5803.0,-7275.0,329.0,632.0,-89.0,513.0,2132.0,247.0,818.0,-208.0,2010.0,-1975.0,-2551.0,880.0,1456.0,100,24.0,59.1,24.2,0.7,0.2,21.1,20.3,5.1,11.0,2.0,8.1,93.7,95.4,6.3,4.6,100,15.8,57.3,34.3,0.7,0.0,26.5,32.3,0.2,16.3,3.9,0.2,93.1,94.5,6.9,5.5,100,38.4,62.0,7.0,1.1,0.2,20.2,7.6,5.2,9.8,7.0,13.8,94.5,96.9,5.5,3.1,360,90.0,96.0,16.0,4.0,,47.0,60.0,21.0,77.0,26.0,44.0,260,235,342.0,62.0,75.0,15.0,4.0,0.0,45.0,62.0,5.0,74.0,27.0,,200.0,172.0,206.0,58.0,79.0,9.0,,,14.0,16.0,6.0,47.0,17.0,28.0,142.0,139.0,25.4,30.8,36.9,40.0,21.3,21.1,29.1,28.9,23.0,34.2,36.3,46.1,23.0,32.8,36.2,44.6,42.1,38.3,55.2,51.0,23.6,12.6,30.0,21.2,"(CONTRACTS OF 37,500 POUNDS)",A50,FutOnly
raw_cot_data/disaggregated_futures_only/fut_disagg_xls_hist_2006_2016/F_DisAgg06_15.xls,disaggregated_futures_only,fut_disagg_xls_hist_2006_2016,COFFEE C - NEW YORK BOARD OF TRADE,70619,2007-06-19,083731,NYBT,1,83,153798,42465,97448,36650,452,356,31735,28839,7483,15933,3308,10361,144983,148247,8815,5551,102191,20275,63774,32979,275,56,25624,28984,693,14909,3136,151,94687,97069,7504,5122,51607,22190,33674,3873,379,98,10036,3780,2865,4443,3591,6791,50296,51178,1311,429,-8005.0,-2014.0,-1736.0,-959.0,-14.0,-175.0,1618.0,-831.0,-1013.0,-49.0,479.0,-2754.0,-5346.0,-6044.0,-2659.0,-1961.0,100,27.6,63.4,23.8,0.3,0.2,20.6,18.8,4.9,10.4,2.2,6.7,94.3,96.4,5.7,3.6,100,19.8,62.4,32.3,0.3,0.1,25.1,28.4,0.7,14.6,3.1,0.1,92.7,95.0,7.3,5.0,100,43.0,65.3,7.5,0.7,0.2,19.4,7.3,5.6,8.6,7.0,13.2,97.5,99.2,2.5,0.8,349,92.0,93.0,16.0,,,59.0,48.0,23.0,68.0,29.0,43.0,265,223,331.0,67.0,79.0,15.0,,,58.0,48.0,8.0,67.0,29.0,6.0,211.0,170.0,193.0,57.0,73.0,8.0,,,13.0,13.0,7.0,42.0,18.0,28.0,136.0,131.0,27.8,33.4,39.5,42.4,20.3,20.1,28.1,28.0,21.8,37.4,35.4,48.9,21.7,31.0,34.2,42.6,44.8,39.1,57.7,52.6,22.3,11.3,28.8,20.3,"(CONTRACTS OF 37,500 POUNDS)",A50,FutOnly
raw_cot_data/disaggregated_futures_only/fut_disagg_xls_hist_2006_2016/F_DisAgg06_15.xls,disaggregated_futures_only,fut_disagg_xls_hist_2006_2016,COFFEE C - NEW YORK BOARD OF TRADE,70612,2007-06-12,083731,NYBT,1,83,161803,44479,99184,37609,466,531,30117,29670,8496,15982,2829,13115,150329,154291,11474,7512,113971,24069,72070,35845,398,120,24557,30493,1914,17652,2357,875,105032,108227,8939,5744,47832,20410,27114,2077,381,98,9377,2994,2765,3452,5594,7118,45297,46064,2535,1768,2337.0,2815.0,6268.0,54.0,339.0,-38.0,1851.0,-2624.0,-759.0,-2469.0,-1391.0,-530.0,924.0,1265.0,1413.0,1072.0,100,27.5,61.3,23.2,0.3,0.3,18.6,18.3,5.3,9.9,1.7,8.1,92.9,95.4,7.1,4.6,100,21.1,63.2,31.5,0.3,0.1,21.5,26.8,1.7,15.5,2.1,0.8,92.2,95.0,7.8,5.0,100,42.7,56.7,4.3,0.8,0.2,19.6,6.3,5.8,7.2,11.7,14.9,94.7,96.3,5.3,3.7,346,92.0,95.0,16.0,,,52.0,49.0,21.0,71.0,21.0,52.0,267,225,335.0,70.0,84.0,15.0,,,52.0,51.0,7.0,75.0,24.0,18.0,221.0,181.0,189.0,54.0,72.0,7.0,,,11.0,12.0,5.0,36.0,26.0,28.0,126.0,133.0,26.9,32.5,38.6,42.2,19.4,19.1,26.9,27.0,22.5,35.5,35.9,46.8,21.0,29.0,32.5,39.9,45.3,40.8,58.0,54.2,24.0,15.3,28.9,22.1,"(CONTRACTS OF 37,500 POUNDS)",A50,FutOnly
raw_cot_data/disaggregated_futures_only/fut_disagg_xls_hist_2006_2016/F_DisAgg06_15.xls,disaggregated_futures_only,fut_disagg_xls_hist_2006_2016,COFFEE C - NEW YORK BOARD OF TRADE,70605,2007-06-05,083731,NYBT,1,83,159466,41664,92916,37555,127,569,28266,32294,9255,18451,4220,13645,149405,153026,10061,6440,116333,22183,68723,36370,428,147,26137,33644,2713,18883,3774,2362,108795,111791,7538,4542,43133,19481,24193,1509,23,98,6586,3107,2085,3363,4241,7488,40610,41235,2523,1898,-1899.0,-2515.0,7396.0,-895.0,41.0,-79.0,1982.0,-11235.0,-229.0,-1118.0,338.0,1342.0,-1512.0,-2426.0,-387.0,527.0,100,26.1,58.3,23.6,0.1,0.4,17.7,20.3,5.8,11.6,2.6,8.6,93.7,96.0,6.3,4.0,100,19.1,59.1,31.3,0.4,0.1,22.5,28.9,2.3,16.2,3.2,2.0,93.5,96.1,6.5,3.9,100,45.2,56.1,3.5,0.1,0.2,15.3,7.2,4.8,7.8,9.8,17.4,94.2,95.6,5.8,4.4,366,90.0,89.0,16.0,,,54.0,50.0,22.0,73.0,38.0,62.0,281,235,355.0,68.0,80.0,15.0,,,54.0,52.0,13.0,76.0,38.0,37.0,242.0,199.0,184.0,51.0,65.0,6.0,,,14.0,11.0,4.0,37.0,24.0,30.0,124.0,125.0,25.5,29.8,37.0,39.8,19.4,19.5,27.6,27.7,24.4,32.5,36.9,43.9,23.3,30.6,35.9,41.9,45.2,40.4,59.0,54.4,24.0,16.7,28.8,23.6,"(CONTRACTS OF 37,500 POUNDS)",A50,FutOnly
raw_cot_data/disaggregated_futures_only/fut_disagg_xls_hist_2006_2016/F_DisAgg06_15.xls,disaggregated_futures_only,fut_disagg_xls_hist_2006_2016,COFFEE C - NEW YORK BOARD OF TRADE,70529,2007-05-29,083731,NYBT,1,83,161365,44179,85520,38450,86,648,26284,43529,9484,19569,3882,12303,150917,155452,10448,5913,124150,26654,64982,37364,464,158,25667,44501,3550,20119,3624,2383,115895,119662,8255,4488,37215,17525,20538,1478,14,98,4873,3284,1678,3260,4068,6110,35022,35790,2193,1425,2736.0,-2223.0,828.0,575.0,54.0,-1.0,534.0,-1915.0,-412.0,470.0,75.0,905.0,-152.0,-466.0,2888.0,3202.0,100,27.4,53.0,23.8,0.1,0.4,16.3,27.0,5.9,12.1,2.4,7.6,93.5,96.3,6.5,3.7,100,21.5,52.3,30.1,0.4,0.1,20.7,35.8,2.9,16.2,2.9,1.9,93.4,96.4,6.6,3.6,100,47.1,55.2,4.0,0.0,0.3,13.1,8.8,4.5,8.8,10.9,16.4,94.1,96.2,5.9,3.8,362,93.0,93.0,16.0,,,37.0,64.0,18.0,87.0,26.0,56.0,272,241,354.0,76.0,81.0,15.0,,,37.0,66.0,14.0,88.0,29.0,34.0,242.0,207.0,171.0,50.0,66.0,5.0,,,10.0,8.0,4.0,35.0,23.0,29.0,115.0,121.0,26.0,28.9,37.2,39.7,20.1,20.7,28.7,29.0,26.1,33.2,37.9,44.2,26.0,31.1,37.8,42.1,42.1,41.5,57.9,56.8,26.4,23.7,32.5,31.3,"(CONTRACTS OF 37,500 POUNDS)",A50,FutOnly
raw_cot_data/disaggregated_futures_only/fut_disagg_xls_hist_2006_2016/F_DisAgg06_15.xls,disaggregated_futures_only,fut_disagg_xls_hist_2006_2016,COFFEE C - NEW YORK BOARD OF TRADE,70522,2007-05-22,083731,NYBT,1,83,158629,46402,84692,37875,32,649,25750,45444,9896,19099,3807,11398,151069,155918,7560,2711,123363,28419,65309,36816,421,156,25735,46270,3930,20034,3613,2157,117247,121856,6116,1507,35266,17983,19383,1454,6,98,4553,3712,1428,2865,3994,5441,33822,34062,1444,1204,-2081.0,-1193.0,3981.0,-67.0,-152.0,-14.0,-745.0,-6512.0,2065.0,-1597.0,-84.0,1414.0,-137.0,698.0,-1944.0,-2779.0,100,29.3,53.4,23.9,0.0,0.4,16.2,28.6,6.2,12.0,2.4,7.2,95.2,98.3,4.8,1.7,100,23.0,52.9,29.8,0.3,0.1,20.9,37.5,3.2,16.2,2.9,1.7,95.0,98.8,5.0,1.2,100,51.0,55.0,4.1,0.0,0.3,12.9,10.5,4.0,8.1,11.3,15.4,95.9,96.6,4.1,3.4,357,100.0,87.0,16.0,,,34.0,63.0,18.0,87.0,22.0,52.0,272,230,350.0,83.0,78.0,15.0,,,35.0,64.0,14.0,87.0,26.0,31.0,246.0,197.0,165.0,52.0,63.0,5.0,,,9.0,8.0,4.0,31.0,24.0,26.0,112.0,116.0,27.2,30.1,38.3,41.0,20.6,21.1,29.1,29.7,27.4,34.3,39.1,45.4,27.3,32.1,39.1,43.2,42.4,46.6,58.3,60.3,27.2,29.3,36.5,36.4,"(CONTRACTS OF 37,500 POUNDS)",A50,FutOnly
raw_cot_data/disaggregated_futures_only/fut_disagg_xls_hist_2006_2016/F_DisAgg06_15.xls,disaggregated_futures_only,fut_disagg_xls_hist_2006_2016,COFFEE C - NEW YORK BOARD OF TRADE,70515,2007-05-15,083731,NYBT,1,83,160710,47595,80711,37942,184,663,26495,51956,7831,20696,3891,9984,151206,155220,9504,5490,128822,32421,63089,36892,598,151,25415,51361,3166,20004,3619,2699,120748,124683,8074,4139,31888,15174,17622,1464,0,98,4587,4102,1158,2891,2471,5086,30458,30537,1430,1351,2656.0,-256.0,-169.0,642.0,96.0,39.0,-205.0,1161.0,1529.0,-483.0,-738.0,98.0,1364.0,2016.0,1292.0,640.0,100,29.6,50.2,23.6,0.1,0.4,16.5,32.3,4.9,12.9,2.4,6.2,94.1,96.6,5.9,3.4,100,25.2,49.0,28.6,0.5,0.1,19.7,39.9,2.5,15.5,2.8,2.1,93.7,96.8,6.3,3.2,100,47.6,55.3,4.6,0.0,0.3,14.4,12.9,3.6,9.1,7.7,15.9,95.5,95.8,4.5,4.2,361,98.0,83.0,17.0,,,34.0,74.0,16.0,86.0,22.0,45.0,265,229,354.0,88.0,72.0,16.0,,,36.0,71.0,11.0,88.0,23.0,26.0,248.0,193.0,150.0,50.0,57.0,6.0,0.0,,7.0,10.0,4.0,28.0,19.0,26.0,105.0,107.0,26.5,29.9,37.4,40.7,20.5,21.1,29.2,30.1,27.2,33.3,38.6,44.5,27.2,31.2,38.6,42.4,45.9,46.3,59.0,60.8,30.9,33.8,40.4,40.7,"(CONTRACTS OF 37,500 POUNDS)",A50,FutOnly
raw_cot_data/disaggregated_futures_only/fut_disagg_xls_hist_2006_2016/F_DisAgg06_15.xls,disaggregated_futures_only,fut_disagg_xls_hist_2006_2016,COFFEE C - NEW YORK BOARD OF TRADE,70508,2007-05-08,083731,NYBT,1,83,158054,47851,80880,37300,88,624,26700,50795,6302,21179,4629,9886,149842,153204,8212,4850,126923,32151,63913,36485,520,94,24583,49437,2783,21565,4149,2281,119942,123177,6981,3746,31131,15700,16967,1247,0,98,4535,3776,1101,2015,2881,5204,29900,30027,1231,1104,4088.0,2101.0,1137.0,516.0,-5.0,64.0,555.0,2972.0,441.0,-429.0,409.0,30.0,3278.0,5048.0,810.0,-960.0,100,30.3,51.2,23.6,0.1,0.4,16.9,32.1,4.0,13.4,2.9,6.3,94.8,96.9,5.2,3.1,100,25.3,50.4,28.7,0.4,0.1,19.4,39.0,2.2,17.0,3.3,1.8,94.5,97.0,5.5,3.0,100,50.4,54.5,4.0,0.0,0.3,14.6,12.1,3.5,6.5,9.3,16.7,96.0,96.5,4.0,3.5,366,99.0,86.0,17.0,,,37.0,73.0,16.0,87.0,26.0,43.0,267,232,358.0,89.0,73.0,16.0,,,37.0,72.0,12.0,91.0,22.0,20.0,250.0,190.0,152.0,51.0,58.0,6.0,0.0,,7.0,10.0,5.0,24.0,23.0,25.0,106.0,108.0,27.1,29.3,38.2,40.6,20.7,20.6,29.4,29.6,27.5,32.5,39.0,44.0,27.4,30.4,39.0,41.8,48.0,48.9,62.0,62.7,31.7,34.4,41.4,40.9,"(CONTRACTS OF 37,500 POUNDS)",A50,FutOnly
raw_cot_data/disaggregated_futures_only/fut_disagg_xls_hist_2006_2016/F_DisAgg06_15.xls,disaggregated_futures_only,fut_disagg_xls_hist_2006_2016,COFFEE C - NEW YORK BOARD OF TRADE,70501,2007-05-01,083731,NYBT,1,83,153966,45750,79743,36784,93,560,26145,47823,5861,21608,4220,9856,146564,148156,7402,5810,123211,30751,63702,36000,525,94,23684,46201,2705,22421,3855,1389,117044,118471,6167,4740,30755,14999,16041,1216,0,34,4359,3520,1258,2434,3612,5220,29520,29685,1235,1070,10997.0,5459.0,-702.0,-180.0,93.0,16.0,2052.0,11299.0,-186.0,4357.0,-354.0,1896.0,13414.0,12062.0,-2417.0,-1065.0,100,29.7,51.8,23.9,0.1,0.4,17.0,31.1,3.8,14.0,2.7,6.4,95.2,96.2,4.8,3.8,100,25.0,51.7,29.2,0.4,0.1,19.2,37.5,2.2,18.2,3.1,1.1,95.0,96.2,5.0,3.8,100,48.8,52.2,4.0,0.0,0.1,14.2,11.4,4.1,7.9,11.7,17.0,96.0,96.5,4.0,3.5,350,93.0,81.0,16.0,,,36.0,71.0,16.0,79.0,28.0,41.0,253,222,342.0,84.0,70.0,15.0,,,36.0,68.0,14.0,83.0,24.0,19.0,237.0,185.0,146.0,49.0,57.0,5.0,0.0,,7.0,9.0,5.0,25.0,21.0,23.0,104.0,102.0,27.3,28.7,38.2,39.9,21.0,20.2,29.8,29.3,28.0,32.1,39.6,44.1,28.0,30.2,39.6,42.0,47.9,48.0,62.5,61.4,34.0,35.2,43.8,41.9,"(CONTRACTS OF 37,500 POUNDS)",A50,FutOnly
raw_cot_data/disaggregated_futures_only/fut_disagg_xls_hist_2006_2016/F_DisAgg06_15.xls,disaggregated_futures_only,fut_disagg_xls_hist_2006_2016,COFFEE C - NEW YORK BOARD OF TRADE,70424,2007-04-24,083731,NYBT,1,83,142969,40291,80445,36964,0,544,24093,36524,6047,17251,4574,7960,133150,136094,9819,6875,116155,26870,65940,36189,416,94,23311,36053,2197,17531,4201,1399,107591,110300,8564,5855,26814,13421,14505,1191,0,34,3757,3446,875,2572,3225,3709,25559,25794,1255,1020,-1407.0,-487.0,-6466.0,178.0,-5.0,-247.0,-235.0,6265.0,-415.0,1812.0,38.0,-131.0,475.0,-961.0,-1882.0,-446.0,100,28.2,56.3,25.9,0.0,0.4,16.9,25.5,4.2,12.1,3.2,5.6,93.1,95.2,6.9,4.8,100,23.1,56.8,31.2,0.4,0.1,20.1,31.0,1.9,15.1,3.6,1.2,92.6,95.0,7.4,5.0,100,50.1,54.1,4.4,0.0,0.1,14.0,12.9,3.3,9.6,12.0,13.8,95.3,96.2,4.7,3.8,343,90.0,86.0,17.0,0.0,,35.0,69.0,13.0,73.0,35.0,38.0,244,220,337.0,82.0,76.0,16.0,,,35.0,67.0,11.0,73.0,32.0,21.0,227.0,193.0,139.0,44.0,58.0,,0.0,,6.0,8.0,4.0,28.0,16.0,16.0,90.0,97.0,27.9,29.5,39.2,41.0,21.8,21.1,30.8,30.0,29.1,32.8,40.9,44.2,29.0,31.7,40.8,42.7,46.2,49.2,63.2,61.3,37.9,38.6,49.0,45.9,"(CONTRACTS OF 37,500 POUNDS)",A50,FutOnly
raw_cot_data/disaggregated_futures_only/fut_disagg_xls_hist_2006_2016/F_DisAgg06_15.xls,disaggregated_futures_only,fut_disagg_xls_hist_2006_2016,COFFEE C - NEW YORK BOARD OF TRADE,70417,2007-04-17,083731,NYBT,1,83,144376,40778,86911,36786,5,791,24328,30259,6462,15439,4536,8091,132675,137055,11701,7321,119640,27959,73029,36188,598,164,23390,29895,3411,15404,3870,2372,108888,113339,10752,6301,24736,12819,13882,1191,0,34,3818,3244,171,2365,2996,3389,23787,23716,949,1020,-5670.0,-1333.0,-734.0,314.0,-108.0,-101.0,1086.0,-2134.0,-258.0,-3234.0,-6.0,-1685.0,-5211.0,-5026.0,-459.0,-644.0,100,28.2,60.2,25.5,0.0,0.5,16.9,21.0,4.5,10.7,3.1,5.6,91.9,94.9,8.1,5.1,100,23.4,61.0,30.2,0.5,0.1,19.6,25.0,2.9,12.9,3.2,2.0,91.0,94.7,9.0,5.3,100,51.8,56.1,4.8,0.0,0.1,15.4,13.1,0.7,9.6,12.1,13.7,96.2,95.9,3.8,4.1,349,92.0,90.0,16.0,,,46.0,58.0,20.0,70.0,32.0,45.0,262,227,344.0,86.0,80.0,15.0,,,45.0,57.0,18.0,74.0,29.0,31.0,250.0,201.0,131.0,40.0,57.0,,0.0,,6.0,8.0,,19.0,20.0,,82.0,97.0,27.3,31.0,38.5,42.9,21.4,22.1,29.5,30.9,27.5,34.1,38.9,45.8,27.5,32.1,38.9,42.9,49.7,51.9,66.9,62.5,41.8,41.5,53.8,50.1,"(CONTRACTS OF 37,500 POUNDS)",A50,FutOnly
raw_cot_data/disaggregated_futures_only/fut_disagg_xls_hist_2006_2016/F_DisAgg06_15.xls,disaggregated_futures_only,fut_disagg_xls_hist_2006_2016,COFFEE C - NEW YORK BOARD OF TRADE,70410,2007-04-10,083731,NYBT,1,83,150046,42111,87645,36472,113,892,23242,32393,6720,18673,4542,9776,137886,142081,12160,7965,126499,29097,73755,35910,417,588,23159,32502,3873,18036,3750,4545,115208,119430,11291,7069,23547,13014,13890,866,0,0,2759,2567,171,2431,2586,3437,22678,22651,869,896,-4471.0,-509.0,-817.0,-247.0,61.0,-75.0,14.0,299.0,-536.0,-90.0,-297.0,-650.0,-2093.0,-2015.0,-2378.0,-2456.0,100,28.1,58.4,24.3,0.1,0.6,15.5,21.6,4.5,12.4,3.0,6.5,91.9,94.7,8.1,5.3,100,23.0,58.3,28.4,0.3,0.5,18.3,25.7,3.1,14.3,3.0,3.6,91.1,94.4,8.9,5.6,100,55.3,59.0,3.7,0.0,0.0,11.7,10.9,0.7,10.3,11.0,14.6,96.3,96.2,3.7,3.8,357,87.0,89.0,15.0,,,46.0,62.0,18.0,78.0,32.0,50.0,263,231,351.0,83.0,80.0,14.0,,,46.0,60.0,15.0,84.0,28.0,37.0,253.0,207.0,124.0,38.0,53.0,,0.0,0.0,6.0,6.0,,17.0,19.0,,78.0,91.0,27.1,30.8,38.0,41.8,20.6,21.4,28.7,30.1,27.8,32.4,38.8,43.2,27.2,30.5,38.2,40.9,51.2,53.6,67.6,64.9,39.3,40.0,50.6,48.8,"(CONTRACTS OF 37,500 POUNDS)",A50,FutOnly
raw_cot_data/disaggregated_futures_only/fut_disagg_xls_hist_2006_2016/F_DisAgg06_15.xls,disaggregated_futures_only,fut_disagg_xls_hist_2006_2016,COFFEE C - NEW YORK BOARD OF TRADE,70403,2007-04-03,083731,NYBT,1,83,154517,42620,88462,36719,52,967,23228,32094,7256,18763,4839,10426,139979,144096,14538,10421,131324,29446,74402,36168,338,681,23882,32349,4308,18110,4698,5103,117698,121879,13626,9445,23193,13174,14060,837,0,0,2123,2522,171,2730,2218,3246,22281,22217,912,976,3170.0,1712.0,462.0,-273.0,-104.0,-137.0,-642.0,329.0,425.0,17.0,54.0,-9.0,1093.0,1020.0,2077.0,2150.0,100,27.6,57.3,23.8,0.0,0.6,15.0,20.8,4.7,12.1,3.1,6.7,90.6,93.3,9.4,6.7,100,22.4,56.7,27.5,0.3,0.5,18.2,24.6,3.3,13.8,3.6,3.9,89.6,92.8,10.4,7.2,100,56.8,60.6,3.6,0.0,0.0,9.2,10.9,0.7,11.8,9.6,14.0,96.1,95.8,3.9,4.2,352,87.0,85.0,17.0,,,46.0,63.0,18.0,75.0,28.0,46.0,261,222,348.0,82.0,76.0,16.0,,,46.0,61.0,15.0,76.0,29.0,38.0,250.0,204.0,117.0,37.0,52.0,,0.0,0.0,6.0,6.0,,19.0,12.0,,74.0,85.0,26.7,30.3,37.3,40.9,20.1,20.5,28.0,28.8,27.2,31.4,37.8,41.7,26.6,29.2,37.2,38.9,51.8,54.6,68.3,66.0,39.6,40.3,49.3,49.1,"(CONTRACTS OF 37,500 POUNDS)",A50,FutOnly
raw_cot_data/disaggregated_futures_only/fut_disagg_xls_hist_2006_2016/F_DisAgg06_15.xls,disaggregated_futures_only,fut_disagg_xls_hist_2006_2016,COFFEE C - NEW YORK BOARD OF TRADE,70327,2007-03-27,083731,NYBT,1,83,151347,40908,88000,36992,156,1104,23870,31765,6831,18746,4785,10435,138886,143076,12461,8271,128746,27779,74278,36451,448,812,24675,32331,3615,18266,4461,5475,117073,121420,11673,7326,22601,13129,13722,833,0,0,2250,2489,161,2395,2239,3045,21813,21656,788,945,8060.0,-191.0,3655.0,696.0,-50.0,20.0,2692.0,54.0,813.0,748.0,983.0,1444.0,6222.0,6919.0,1838.0,1141.0,100,27.0,58.1,24.4,0.1,0.7,15.8,21.0,4.5,12.4,3.2,6.9,91.8,94.5,8.2,5.5,100,21.6,57.7,28.3,0.3,0.6,19.2,25.1,2.8,14.2,3.5,4.3,90.9,94.3,9.1,5.7,100,58.1,60.7,3.7,0.0,0.0,10.0,11.0,0.7,10.6,9.9,13.5,96.5,95.8,3.5,4.2,351,87.0,88.0,16.0,,4.0,50.0,57.0,16.0,76.0,26.0,47.0,265,221,348.0,81.0,81.0,15.0,4.0,4.0,49.0,57.0,13.0,81.0,25.0,37.0,254.0,203.0,121.0,39.0,50.0,,0.0,0.0,6.0,5.0,,19.0,15.0,,79.0,82.0,26.7,30.9,37.9,41.3,20.4,20.9,28.6,29.8,27.1,32.1,38.2,42.5,26.5,29.8,37.7,40.1,53.2,54.5,69.3,66.2,41.1,40.7,50.7,49.9,"(CONTRACTS OF 37,500 POUNDS)",A50,FutOnly
raw_cot_data/disaggregated_futures_only/fut_disagg_xls_hist_2006_2016/F_DisAgg06_15.xls,disaggregated_futures_only,fut_disagg_xls_hist_2006_2016,COFFEE C - NEW YORK BOARD OF TRADE,70320,2007-03-20,083731,NYBT,1,83,143287,41099,84345,36296,206,1084,21178,31711,6018,17998,3802,8991,132664,136157,10623,7130,124060,28507,71089,35933,206,1084,21493,31817,3690,17569,4128,5777,114053,117791,10007,6269,19227,12592,13256,363,0,0,1913,2122,100,1481,726,2162,18611,18366,616,861,6817.0,2400.0,-863.0,99.0,84.0,41.0,726.0,4715.0,1491.0,1065.0,107.0,59.0,5881.0,5634.0,936.0,1183.0,100,28.7,58.9,25.3,0.1,0.8,14.8,22.1,4.2,12.6,2.7,6.3,92.6,95.0,7.4,5.0,100,23.0,57.3,29.0,0.2,0.9,17.3,25.6,3.0,14.2,3.3,4.7,91.9,94.9,8.1,5.1,100,65.5,68.9,1.9,0.0,0.0,9.9,11.0,0.5,7.7,3.8,11.2,96.8,95.5,3.2,4.5,343,93.0,87.0,15.0,,6.0,42.0,57.0,14.0,79.0,25.0,43.0,261,214,341.0,88.0,79.0,15.0,,6.0,43.0,56.0,11.0,81.0,25.0,37.0,252.0,199.0,113.0,41.0,51.0,,0.0,0.0,4.0,4.0,,21.0,6.0,,75.0,75.0,27.0,31.2,38.8,41.8,21.0,21.4,29.4,30.6,28.1,31.8,39.5,42.4,27.5,30.0,38.7,40.5,54.1,55.5,70.0,66.3,42.2,41.6,50.1,50.4,"(CONTRACTS OF 37,500 POUNDS)",A50,FutOnly
raw_cot_data/disaggregated_futures_only/fut_disagg_xls_hist_2006_2016/F_DisAgg06_15.xls,disaggregated_futures_only,fut_disagg_xls_hist_2006_2016,COFFEE C - NEW YORK BOARD OF TRADE,70313,2007-03-13,083731,NYBT,1,83,136470,38699,85208,36197,122,1043,20452,26996,4527,16933,3695,8932,126783,130523,9687,5947,117786,26225,72092,36027,122,1043,20741,27044,2257,16272,4060,6100,108665,112718,9121,5068,18684,12474,13116,170,0,0,1881,2122,100,1290,264,2203,18118,17805,566,879,4364.0,785.0,-1648.0,508.0,-152.0,-125.0,-166.0,3897.0,1057.0,585.0,16.0,2004.0,4648.0,5049.0,-284.0,-685.0,100,28.4,62.4,26.5,0.1,0.8,15.0,19.8,3.3,12.4,2.7,6.5,92.9,95.6,7.1,4.4,100,22.3,61.2,30.6,0.1,0.9,17.6,23.0,1.9,13.8,3.4,5.2,92.3,95.7,7.7,4.3,100,66.8,70.2,0.9,0.0,0.0,10.1,11.4,0.5,6.9,1.4,11.8,97.0,95.3,3.0,4.7,341,93.0,87.0,16.0,,4.0,46.0,53.0,12.0,75.0,25.0,44.0,260,209,337.0,87.0,80.0,16.0,,4.0,47.0,51.0,9.0,73.0,28.0,38.0,250.0,193.0,106.0,34.0,50.0,,0.0,0.0,4.0,4.0,,20.0,6.0,,66.0,75.0,26.6,32.0,38.9,42.4,21.3,21.9,29.9,30.8,27.7,32.8,40.0,43.0,27.0,30.9,38.8,41.0,55.2,53.5,72.2,66.2,42.8,41.5,50.6,48.5,"(CONTRACTS OF 37,500 POUNDS)",A50,FutOnly
raw_cot_data/disaggregated_futures_only/fut_disagg_xls_hist_2006_2016/F_DisAgg06_15.xls,disaggregated_futures_only,fut_disagg_xls_hist_2006_2016,COFFEE C - NEW YORK BOARD OF TRADE,70306,2007-03-06,083731,NYBT,1,83,132106,37914,86856,35689,274,1168,20618,23099,3470,16348,3679,6928,122135,125474,9971,6632,113735,25284,73849,35680,274,1168,20750,22790,1657,15043,3462,4880,104462,108080,9273,5655,18371,12630,13007,9,0,0,1581,2022,100,1504,416,1849,17673,17394,698,977,3976.0,2208.0,-961.0,273.0,-205.0,270.0,1893.0,4076.0,-162.0,11.0,15.0,536.0,5029.0,3569.0,-1053.0,407.0,100,28.7,65.7,27.0,0.2,0.9,15.6,17.5,2.6,12.4,2.8,5.2,92.5,95.0,7.5,5.0,100,22.2,64.9,31.4,0.2,1.0,18.2,20.0,1.5,13.2,3.0,4.3,91.8,95.0,8.2,5.0,100,68.8,70.8,0.0,0.0,0.0,8.6,11.0,0.5,8.2,2.3,10.1,96.2,94.7,3.8,5.3,340,88.0,86.0,14.0,,,49.0,49.0,12.0,78.0,28.0,48.0,259,211,338.0,81.0,81.0,14.0,,,50.0,47.0,10.0,79.0,29.0,45.0,250.0,201.0,95.0,28.0,46.0,,0.0,0.0,,4.0,,,7.0,,57.0,68.0,26.7,32.9,39.5,43.0,20.9,22.0,29.4,31.3,27.5,33.4,39.9,44.0,26.8,31.2,39.0,41.8,56.6,54.0,73.9,66.9,43.5,40.5,51.4,47.5,"(CONTRACTS OF 37,500 POUNDS)",A50,FutOnly
raw_cot_data/disaggregated_futures_only/fut_disagg_xls_hist_2006_2016/F_DisAgg06_15.xls,disaggregated_futures_only,fut_disagg_xls_hist_2006_2016,COFFEE C - NEW YORK BOARD OF TRADE,70227,2007-02-27,083731,NYBT,1,83,128130,35706,87817,35416,479,898,18725,19023,3632,16337,3664,6392,117106,121905,11024,6225,110304,23924,74755,35416,479,898,18456,18688,2320,14959,4021,3868,99841,105029,10463,5275,17826,11782,13062,0,0,0,1481,1547,100,2093,358,1809,17265,16876,561,950,-547.0,-2744.0,1773.0,225.0,285.0,-5.0,1469.0,-827.0,1320.0,69.0,-1209.0,1477.0,1811.0,2814.0,-2358.0,-3361.0,100,27.9,68.5,27.6,0.4,0.7,14.6,14.8,2.8,12.8,2.9,5.0,91.4,95.1,8.6,4.9,100,21.7,67.8,32.1,0.4,0.8,16.7,16.9,2.1,13.6,3.6,3.5,90.5,95.2,9.5,4.8,100,66.1,73.3,0.0,0.0,0.0,8.3,8.7,0.6,11.7,2.0,10.1,96.9,94.7,3.1,5.3,338,87.0,89.0,15.0,,,56.0,44.0,12.0,76.0,26.0,36.0,261,194,335.0,80.0,85.0,15.0,,,57.0,42.0,11.0,77.0,28.0,32.0,251.0,185.0,93.0,28.0,45.0,0.0,0.0,0.0,,4.0,,,5.0,,56.0,67.0,25.0,33.7,36.3,44.5,18.6,22.2,26.1,31.3,24.5,34.0,36.0,44.8,23.9,31.0,34.8,41.7,53.9,55.5,71.0,66.8,41.8,42.5,51.4,48.9,"(CONTRACTS OF 37,500 POUNDS)",A50,FutOnly
raw_cot_data/disaggregated_futures_only/fut_disagg_xls_hist_2006_2016/F_DisAgg06_15.xls,disaggregated_futures_only,fut_disagg_xls_hist_2006_2016,COFFEE C - NEW YORK BOARD OF TRADE,70220,2007-02-20,083731,NYBT,1,83,128677,38450,86044,35191,194,903,17256,19850,2312,16268,4873,4915,115295,119091,13382,9586,112354,27301,73909,35191,194,903,17175,19529,1156,15180,5398,2624,99530,103713,12824,8641,16323,11149,12135,0,0,0,1137,1377,100,1884,271,1495,15765,15378,558,945,-4119.0,-6928.0,-7144.0,601.0,-20.0,-270.0,26.0,2904.0,-1000.0,2149.0,601.0,-2566.0,-7988.0,-7495.0,3869.0,3376.0,100,29.9,66.9,27.3,0.2,0.7,13.4,15.4,1.8,12.6,3.8,3.8,89.6,92.6,10.4,7.4,100,24.3,65.8,31.3,0.2,0.8,15.3,17.4,1.0,13.5,4.8,2.3,88.6,92.3,11.4,7.7,100,68.3,74.3,0.0,0.0,0.0,7.0,8.4,0.6,11.5,1.7,9.2,96.6,94.2,3.4,5.8,329,83.0,85.0,14.0,,,45.0,50.0,13.0,77.0,26.0,33.0,244,196,328.0,79.0,80.0,14.0,,,47.0,48.0,10.0,78.0,28.0,29.0,239.0,184.0,89.0,28.0,43.0,0.0,0.0,0.0,,4.0,,,4.0,,56.0,64.0,27.4,34.1,38.6,44.5,18.4,20.1,25.2,28.7,25.9,33.7,38.3,43.9,23.4,28.2,33.5,38.0,55.6,53.7,72.3,65.6,44.0,44.3,53.4,50.3,"(CONTRACTS OF 37,500 POUNDS)",A50,FutOnly
raw_cot_data/disaggregated_futures_only/fut_disagg_xls_hist_2006_2016/F_DisAgg06_15.xls,disaggregated_futures_only,fut_disagg_xls_hist_2006_2016,COFFEE C - NEW YORK BOARD OF TRADE,70213,2007-02-13,083731,NYBT,1,83,132796,45378,93188,34590,214,1173,17230,16946,3312,14119,4272,7481,123283,126586,9513,6210,117007,34497,81644,34590,214,1173,17059,16866,2293,13742,4892,4556,107910,111638,9097,5369,15789,10881,11544,0,0,0,1090,999,100,1879,882,1423,15373,14948,416,841,-5038.0,3889.0,649.0,-584.0,4.0,82.0,-1093.0,2906.0,662.0,-1907.0,-4507.0,-5681.0,-4632.0,-5885.0,-406.0,847.0,100,34.2,70.2,26.0,0.2,0.9,13.0,12.8,2.5,10.6,3.2,5.6,92.8,95.3,7.2,4.7,100,29.5,69.8,29.6,0.2,1.0,14.6,14.4,2.0,11.7,4.2,3.9,92.2,95.4,7.8,4.6,100,68.9,73.1,0.0,0.0,0.0,6.9,6.3,0.6,11.9,5.6,9.0,97.4,94.7,2.6,5.3,326,84.0,87.0,14.0,,5.0,51.0,42.0,19.0,71.0,24.0,43.0,254,205,325.0,81.0,83.0,14.0,,5.0,52.0,41.0,17.0,73.0,26.0,39.0,250.0,195.0,87.0,26.0,40.0,0.0,0.0,0.0,,4.0,,,6.0,,58.0,64.0,29.7,36.6,41.7,46.8,17.7,18.1,24.3,26.0,28.4,35.4,40.4,45.4,22.0,25.5,31.6,34.4,58.2,57.9,75.2,69.0,45.1,45.6,54.8,51.9,"(CONTRACTS OF 37,500 POUNDS)",A50,FutOnly
raw_cot_data/disaggregated_futures_only/fut_disagg_xls_hist_2006_2016/F_DisAgg06_15.xls,disaggregated_futures_only,fut_disagg_xls_hist_2006_2016,COFFEE C - NEW YORK BOARD OF TRADE,70206,2007-02-06,083731,NYBT,1,83,137834,41489,92539,35174,210,1091,18323,14040,2650,16026,8779,13162,127915,132471,9919,5363,122406,30852,80902,35174,210,1091,18452,14200,1331,15173,9307,10760,112833,117801,9573,4605,15428,10637,11637,0,0,0,1090,1059,100,1743,362,1512,15082,14670,346,758,5887.0,6742.0,7239.0,-128.0,-151.0,254.0,895.0,48.0,504.0,109.0,265.0,-604.0,7772.0,7555.0,-1885.0,-1668.0,100,30.1,67.1,25.5,0.2,0.8,13.3,10.2,1.9,11.6,6.4,9.5,92.8,96.1,7.2,3.9,100,25.2,66.1,28.7,0.2,0.9,15.1,11.6,1.1,12.4,7.6,8.8,92.2,96.2,7.8,3.8,100,68.9,75.4,0.0,0.0,0.0,7.1,6.9,0.6,11.3,2.3,9.8,97.8,95.1,2.2,4.9,347,77.0,88.0,15.0,,5.0,50.0,35.0,14.0,76.0,33.0,78.0,281,223,345.0,75.0,85.0,15.0,,5.0,51.0,34.0,12.0,76.0,41.0,74.0,277.0,214.0,87.0,24.0,38.0,0.0,0.0,0.0,,,,,,,54.0,63.0,26.8,32.6,37.7,43.2,17.2,18.0,23.7,26.9,25.2,31.4,36.5,41.9,21.6,24.7,31.0,34.8,59.9,56.8,76.3,68.8,44.4,44.8,54.0,51.0,"(CONTRACTS OF 37,500 POUNDS)",A50,FutOnly
raw_cot_data/disaggregated_futures_only/fut_disagg_xls_hist_2006_2016/F_DisAgg06_15.xls,disaggregated_futures_only,fut_disagg_xls_hist_2006_2016,COFFEE C - NEW YORK BOARD OF TRADE,70130,2007-01-30,083731,NYBT,1,83,131947,34747,85300,35302,361,837,17428,13992,2146,15917,8514,13766,120143,124916,11804,7031,117335,24656,74252,35302,361,837,17557,14242,827,15163,8949,11515,105857,110983,11478,6352,14612,10091,11048,0,0,0,1090,969,100,1617,428,1388,14286,13933,326,679,6002.0,1677.0,1408.0,497.0,202.0,529.0,-898.0,848.0,394.0,-201.0,-1093.0,3765.0,5763.0,6053.0,239.0,-51.0,100,26.3,64.6,26.8,0.3,0.6,13.2,10.6,1.6,12.1,6.5,10.4,91.1,94.7,8.9,5.3,100,21.0,63.3,30.1,0.3,0.7,15.0,12.1,0.7,12.9,7.6,9.8,90.2,94.6,9.8,5.4,100,69.1,75.6,0.0,0.0,0.0,7.5,6.6,0.7,11.1,2.9,9.5,97.8,95.4,2.2,4.6,343,74.0,84.0,15.0,,4.0,56.0,32.0,11.0,74.0,33.0,76.0,275,216,341.0,71.0,81.0,15.0,,4.0,56.0,31.0,9.0,75.0,42.0,71.0,270.0,206.0,89.0,23.0,39.0,0.0,0.0,0.0,,,,,,,58.0,65.0,23.5,29.4,34.5,39.9,18.0,18.9,24.9,28.6,24.4,27.7,34.4,38.5,22.1,26.1,32.1,36.8,61.1,57.4,77.2,69.3,45.9,45.9,55.7,52.8,"(CONTRACTS OF 37,500 POUNDS)",A50,FutOnly
raw_cot_data/disaggregated_futures_only/fut_disagg_xls_hist_2006_2016/F_DisAgg06_15.xls,disaggregated_futures_only,fut_disagg_xls_hist_2006_2016,COFFEE C - NEW YORK BOARD OF TRADE,70123,2007-01-23,083731,NYBT,1,83,125945,33070,83892,34805,159,308,18326,13144,1752,16118,9607,10001,114380,118863,11565,7082,112550,23160,72737,34805,159,308,17848,13487,1040,15745,9790,8484,101390,106005,11160,6545,13395,9910,11155,0,0,0,1090,269,100,888,332,1002,12990,12858,405,537,-2497.0,2635.0,-2013.0,-407.0,23.0,144.0,-5136.0,1384.0,21.0,1496.0,-1623.0,-703.0,-1950.0,-2767.0,-547.0,270.0,100,26.3,66.6,27.6,0.1,0.2,14.6,10.4,1.4,12.8,7.6,7.9,90.8,94.4,9.2,5.6,100,20.6,64.6,30.9,0.1,0.3,15.9,12.0,0.9,14.0,8.7,7.5,90.1,94.2,9.9,5.8,100,74.0,83.3,0.0,0.0,0.0,8.1,2.0,0.7,6.6,2.5,7.5,97.0,96.0,3.0,4.0,356,79.0,89.0,15.0,,,63.0,27.0,11.0,76.0,37.0,75.0,290,215,356.0,77.0,85.0,15.0,,,64.0,26.0,10.0,81.0,42.0,72.0,287.0,208.0,86.0,21.0,42.0,0.0,0.0,0.0,,,,,,,55.0,66.0,23.1,29.7,34.5,40.7,18.6,19.7,25.7,30.0,24.6,27.6,35.2,38.9,22.3,26.6,32.4,37.9,63.3,62.1,77.5,73.6,45.5,44.7,53.5,50.2,"(CONTRACTS OF 37,500 POUNDS)",A50,FutOnly
raw_cot_data/disaggregated_futures_only/fut_disagg_xls_hist_2006_2016/F_DisAgg06_15.xls,disaggregated_futures_only,fut_disagg_xls_hist_2006_2016,COFFEE C - NEW YORK BOARD OF TRADE,70116,2007-01-16,083731,NYBT,1,83,128442,30435,85905,35212,136,164,23462,11760,1731,14622,11230,10704,116330,121630,12112,6812,114747,20952,74734,35212,136,164,22772,12156,1166,14289,11605,8526,103081,108487,11666,6260,13695,9483,11171,0,0,0,1155,69,100,924,216,1587,13249,13143,446,552,2802.0,813.0,1822.0,2076.0,62.0,-2.0,-1974.0,-516.0,-124.0,-140.0,424.0,2043.0,2692.0,3709.0,110.0,-907.0,100,23.7,66.9,27.4,0.1,0.1,18.3,9.2,1.3,11.4,8.7,8.3,90.6,94.7,9.4,5.3,100,18.3,65.1,30.7,0.1,0.1,19.8,10.6,1.0,12.5,10.1,7.4,89.8,94.5,10.2,5.5,100,69.2,81.6,0.0,0.0,0.0,8.4,0.5,0.7,6.7,1.6,11.6,96.7,96.0,3.3,4.0,363,74.0,90.0,16.0,,,77.0,18.0,12.0,71.0,42.0,70.0,292,210,363.0,72.0,87.0,16.0,,,77.0,18.0,11.0,72.0,51.0,66.0,289.0,203.0,80.0,20.0,39.0,0.0,0.0,0.0,,,,,,,51.0,60.0,22.1,29.3,33.6,41.3,18.4,20.0,25.6,30.6,23.8,27.4,34.0,39.4,21.4,26.1,31.5,37.9,59.5,61.3,74.8,74.6,41.1,42.1,48.8,46.9,"(CONTRACTS OF 37,500 POUNDS)",A50,FutOnly
raw_cot_data/disaggregated_futures_only/fut_disagg_xls_hist_2006_2016/F_DisAgg06_15.xls,disaggregated_futures_only,fut_disagg_xls_hist_2006_2016,COFFEE C - NEW YORK BOARD OF TRADE,70109,2007-01-09,083731,NYBT,1,83,125640,29622,84083,33136,74,166,25436,12276,1855,14762,10806,8661,113638,117921,12002,7719,113098,20855,73699,33136,74,166,24746,12672,1290,14212,10806,7216,101621,105923,11477,7175,12542,8767,10384,0,0,0,1155,69,100,911,361,1084,12017,11998,525,544,-2488.0,2162.0,-5164.0,144.0,24.0,108.0,-6358.0,1044.0,301.0,-349.0,-1362.0,937.0,-3055.0,-4112.0,567.0,1624.0,100,23.6,66.9,26.4,0.1,0.1,20.2,9.8,1.5,11.7,8.6,6.9,90.4,93.9,9.6,6.1,100,18.4,65.2,29.3,0.1,0.1,21.9,11.2,1.1,12.6,9.6,6.4,89.9,93.7,10.1,6.3,100,69.9,82.8,0.0,0.0,0.0,9.2,0.6,0.8,7.3,2.9,8.6,95.8,95.7,4.2,4.3,358,72.0,92.0,15.0,,,81.0,21.0,10.0,66.0,48.0,65.0,283,207,358.0,72.0,89.0,15.0,,,81.0,21.0,9.0,69.0,52.0,61.0,282.0,200.0,79.0,20.0,39.0,0.0,0.0,0.0,,,,,,,50.0,59.0,21.5,29.2,32.9,41.8,17.7,20.6,25.5,31.4,23.1,27.6,33.7,40.2,20.4,26.5,31.1,38.5,62.0,60.5,76.7,73.0,43.9,43.7,52.2,49.2,"(CONTRACTS OF 37,500 POUNDS)",A50,FutOnly
raw_cot_data/disaggregated_futures_only/fut_disagg_xls_hist_2006_2016/F_DisAgg06_15.xls,disaggregated_futures_only,fut_disagg_xls_hist_2006_2016,COFFEE C - NEW YORK BOARD OF TRADE,70103,2007-01-03,083731,NYBT,1,83,128128,27460,89247,32992,50,58,31794,11232,1554,15111,12168,7724,116693,122033,11435,6095,115559,18727,78867,32992,50,58,31104,11613,1004,14494,12153,6291,104670,110036,10889,5523,12569,8733,10380,0,0,0,1140,69,100,992,390,1058,12023,11997,546,572,2685.0,1400.0,430.0,690.0,-22.0,8.0,-444.0,1229.0,134.0,341.0,3.0,1028.0,3157.0,2810.0,-472.0,-125.0,100,21.5,69.7,25.7,0.0,0.0,24.8,8.8,1.2,11.8,9.5,6.0,91.1,95.2,8.9,4.8,100,16.2,68.3,28.5,0.0,0.1,26.9,10.0,0.9,12.5,10.5,5.4,90.6,95.2,9.4,4.8,100,69.5,82.6,0.0,0.0,0.0,9.1,0.5,0.8,7.9,3.1,8.4,95.7,95.4,4.3,4.6,368,76.0,96.0,16.0,,,91.0,14.0,10.0,77.0,40.0,56.0,297,196,367.0,74.0,93.0,16.0,,,91.0,14.0,9.0,76.0,46.0,53.0,293.0,190.0,83.0,22.0,40.0,0.0,0.0,0.0,,,,,,,52.0,58.0,20.3,30.1,32.5,43.1,17.6,21.6,25.8,33.0,21.8,28.3,33.2,41.7,19.5,27.4,30.2,40.0,62.1,60.2,76.4,72.6,42.7,43.3,50.8,49.0,"(CONTRACTS OF 37,500 POUNDS)",A50,FutOnly
raw_cot_data/disaggregated_futures_only/fut_disagg_xls_hist_2006_2016/F_DisAgg06_15.xls,disaggregated_futures_only,fut_disagg_xls_hist_2006_2016,COFFEE C - NEW YORK BOARD OF TRADE,61226,2006-12-26,083731,NYBT,1,83,125443,26060,88817,32302,72,50,32238,10003,1420,14770,12165,6696,113536,119223,11907,6220,113217,17947,78799,32302,72,50,31698,10384,720,13973,12339,5035,101725,107399,11492,5818,12226,8113,10018,0,0,0,1140,219,100,1052,81,1406,11811,11824,415,402,3450.0,2144.0,3912.0,-7.0,72.0,-7.0,973.0,-149.0,-244.0,44.0,-246.0,866.0,3769.0,4204.0,-319.0,-754.0,100,20.8,70.8,25.8,0.1,0.0,25.7,8.0,1.1,11.8,9.7,5.3,90.5,95.0,9.5,5.0,100,15.9,69.6,28.5,0.1,0.0,28.0,9.2,0.6,12.3,10.9,4.4,89.8,94.9,10.2,5.1,100,66.4,81.9,0.0,0.0,0.0,9.3,1.8,0.8,8.6,0.7,11.5,96.6,96.7,3.4,3.3,353,72.0,93.0,15.0,,,87.0,12.0,8.0,75.0,37.0,56.0,284,187,352.0,71.0,90.0,15.0,,,87.0,12.0,7.0,74.0,43.0,52.0,279.0,182.0,82.0,22.0,38.0,0.0,0.0,0.0,,,,,,,54.0,58.0,20.1,30.8,32.7,44.4,18.0,22.0,26.2,33.7,22.1,28.6,33.5,43.2,19.9,27.5,29.6,40.4,59.3,59.4,73.9,72.0,40.1,42.9,48.2,48.3,"(CONTRACTS OF 37,500 POUNDS)",A50,FutOnly
raw_cot_data/disaggregated_futures_only/fut_disagg_xls_hist_2006_2016/F_DisAgg06_15.xls,disaggregated_futures_only,fut_disagg_xls_hist_2006_2016,COFFEE C - NEW YORK BOARD OF TRADE,61219,2006-12-19,083731,NYBT,1,83,121993,23916,84905,32309,0,57,31265,10152,1664,14726,12411,5830,109767,115019,12226,6974,110014,16234,75469,32309,0,57,30725,10533,964,13985,12449,4079,98353,103551,11661,6463,11979,7682,9436,0,0,0,1140,219,100,917,138,1575,11414,11468,565,511,-1456.0,1431.0,-790.0,363.0,0.0,-60.0,-2614.0,-126.0,-148.0,259.0,71.0,257.0,-512.0,-796.0,-944.0,-660.0,100,19.7,69.6,26.5,0.0,0.0,25.6,8.3,1.4,12.1,10.2,4.8,90.0,94.3,10.0,5.7,100,14.8,68.6,29.4,0.0,0.1,27.9,9.6,0.9,12.7,11.3,3.7,89.4,94.1,10.6,5.9,100,64.1,78.8,0.0,0.0,0.0,9.5,1.8,0.8,7.7,1.2,13.1,95.3,95.7,4.7,4.3,347,73.0,93.0,17.0,0.0,,86.0,12.0,10.0,72.0,35.0,49.0,279,182,346.0,72.0,90.0,17.0,0.0,,86.0,12.0,9.0,74.0,38.0,47.0,276.0,177.0,75.0,20.0,37.0,0.0,0.0,0.0,,,,,,,49.0,56.0,19.9,29.3,32.6,43.1,18.5,21.7,27.0,33.5,22.0,28.3,33.5,41.9,20.6,27.2,30.9,40.3,59.2,58.9,74.6,71.0,39.8,41.3,48.1,46.6,"(CONTRACTS OF 37,500 POUNDS)",A50,FutOnly
raw_cot_data/disaggregated_futures_only/fut_disagg_xls_hist_2006_2016/F_DisAgg06_15.xls,disaggregated_futures_only,fut_disagg_xls_hist_2006_2016,COFFEE C - NEW YORK BOARD OF TRADE,61212,2006-12-12,083731,NYBT,1,83,123449,22485,85695,31946,0,117,33879,10278,1812,14467,12340,5573,110279,115815,13170,7634,112232,15502,76947,31946,0,117,33339,10629,1112,13706,12388,4057,99779,105250,12453,6982,11217,6983,8748,0,0,0,1140,249,100,868,59,1409,10500,10565,717,652,4861.0,1890.0,4969.0,21.0,-249.0,-39.0,1783.0,-1328.0,5.0,265.0,336.0,-290.0,3635.0,3404.0,1226.0,1457.0,100,18.2,69.4,25.9,0.0,0.1,27.4,8.3,1.5,11.7,10.0,4.5,89.3,93.8,10.7,6.2,100,13.8,68.6,28.5,0.0,0.1,29.7,9.5,1.0,12.2,11.0,3.6,88.9,93.8,11.1,6.2,100,62.3,78.0,0.0,0.0,0.0,10.2,2.2,0.9,7.7,0.5,12.6,93.6,94.2,6.4,5.8,365,70.0,94.0,16.0,0.0,,100.0,11.0,12.0,74.0,37.0,44.0,291,183,364.0,70.0,92.0,16.0,0.0,,100.0,11.0,11.0,73.0,43.0,41.0,288.0,179.0,71.0,18.0,35.0,0.0,0.0,0.0,,,,,,,44.0,53.0,18.5,28.5,30.9,42.1,18.1,21.3,26.3,33.0,20.3,28.0,31.5,41.2,19.9,26.5,29.0,39.4,60.2,56.5,75.5,68.6,42.5,41.9,49.6,47.6,"(CONTRACTS OF 37,500 POUNDS)",A50,FutOnly
raw_cot_data/disaggregated_futures_only/fut_disagg_xls_hist_2006_2016/F_DisAgg06_15.xls,disaggregated_futures_only,fut_disagg_xls_hist_2006_2016,COFFEE C - NEW YORK BOARD OF TRADE,61205,2006-12-05,083731,NYBT,1,83,118588,20595,80726,31925,249,156,32096,11606,1807,14202,12004,5863,106644,112411,11944,6177,108772,15373,73394,31760,249,156,31564,11976,1083,13743,12527,3616,97295,103001,11477,5771,9816,5222,7332,165,0,0,1151,249,105,1015,33,1691,9349,9410,467,406,4019.0,154.0,2698.0,646.0,134.0,24.0,1865.0,108.0,-311.0,734.0,1111.0,527.0,3639.0,4291.0,380.0,-272.0,100,17.4,68.1,26.9,0.2,0.1,27.1,9.8,1.5,12.0,10.1,4.9,89.9,94.8,10.1,5.2,100,14.1,67.5,29.2,0.2,0.1,29.0,11.0,1.0,12.6,11.5,3.3,89.4,94.7,10.6,5.3,100,53.2,74.7,1.7,0.0,0.0,11.7,2.5,1.1,10.3,0.3,17.2,95.2,95.9,4.8,4.1,374,73.0,100.0,15.0,,,95.0,19.0,12.0,77.0,41.0,47.0,293,198,372.0,72.0,97.0,15.0,,,96.0,18.0,11.0,76.0,45.0,43.0,288.0,192.0,76.0,18.0,34.0,,0.0,0.0,4.0,,,22.0,,,48.0,55.0,18.4,28.0,30.0,41.6,18.4,22.5,26.9,33.6,20.1,28.9,31.0,41.3,20.1,27.2,29.4,39.3,56.3,58.3,70.3,67.2,42.8,46.2,49.5,52.4,"(CONTRACTS OF 37,500 POUNDS)",A50,FutOnly
raw_cot_data/disaggregated_futures_only/fut_disagg_xls_hist_2006_2016/F_DisAgg06_15.xls,disaggregated_futures_only,fut_disagg_xls_hist_2006_2016,COFFEE C - NEW YORK BOARD OF TRADE,61128,2006-11-28,083731,NYBT,1,83,114569,20441,78028,31279,115,132,30231,11498,2118,13468,10893,5336,103005,108120,11564,6449,105146,15529,71161,30899,115,132,29779,11948,1314,13008,11099,3328,93989,99097,11157,6049,9423,4912,6867,380,0,0,1151,249,105,759,93,1709,9016,9023,407,400,2889.0,-401.0,1898.0,340.0,-71.0,132.0,1417.0,430.0,-151.0,733.0,441.0,64.0,2134.0,2743.0,755.0,146.0,100,17.8,68.1,27.3,0.1,0.1,26.4,10.0,1.8,11.8,9.5,4.7,89.9,94.4,10.1,5.6,100,14.8,67.7,29.4,0.1,0.1,28.3,11.4,1.2,12.4,10.6,3.2,89.4,94.2,10.6,5.8,100,52.1,72.9,4.0,0.0,0.0,12.2,2.6,1.1,8.1,1.0,18.1,95.7,95.8,4.3,4.2,361,69.0,96.0,17.0,,,91.0,13.0,14.0,78.0,35.0,39.0,283,180,359.0,68.0,93.0,17.0,,,91.0,13.0,13.0,76.0,39.0,35.0,279.0,173.0,70.0,18.0,30.0,,0.0,0.0,4.0,,,18.0,,,45.0,51.0,17.8,28.3,28.3,41.2,17.8,21.7,25.9,32.9,19.4,28.5,29.1,41.2,19.4,26.3,28.2,38.6,55.0,59.3,71.4,69.5,44.3,47.8,52.4,53.3,"(CONTRACTS OF 37,500 POUNDS)",A50,FutOnly
raw_cot_data/disaggregated_futures_only/fut_disagg_xls_hist_2006_2016/F_DisAgg06_15.xls,disaggregated_futures_only,fut_disagg_xls_hist_2006_2016,COFFEE C - NEW YORK BOARD OF TRADE,61121,2006-11-21,083731,NYBT,1,83,111680,20842,76130,30939,186,0,28814,11068,2269,12735,10452,5272,100871,105377,10809,6303,102161,15868,69428,30559,186,0,28471,11516,1372,12379,10596,3058,91707,96156,10454,6005,9519,4974,6702,380,0,0,1140,349,100,771,271,1799,9164,9221,355,298,-6893.0,-1346.0,-1600.0,185.0,-59.0,-41.0,1204.0,-481.0,-819.0,388.0,1080.0,-4871.0,-5300.0,-6791.0,-1593.0,-102.0,100,18.7,68.2,27.7,0.2,0.0,25.8,9.9,2.0,11.4,9.4,4.7,90.3,94.4,9.7,5.6,100,15.5,68.0,29.9,0.2,0.0,27.9,11.3,1.3,12.1,10.4,3.0,89.8,94.1,10.2,5.9,100,52.3,70.4,4.0,0.0,0.0,12.0,3.7,1.1,8.1,2.8,18.9,96.3,96.9,3.7,3.1,352,70.0,100.0,16.0,,0.0,87.0,13.0,13.0,70.0,37.0,37.0,274,181,349.0,69.0,96.0,16.0,,0.0,88.0,12.0,13.0,72.0,40.0,33.0,272.0,173.0,71.0,18.0,29.0,,0.0,0.0,,,,,,,45.0,51.0,18.5,28.1,29.1,41.1,18.3,21.6,26.3,32.6,20.0,28.8,29.5,41.6,20.0,26.3,28.8,38.5,54.4,60.5,71.8,70.7,43.8,46.8,51.9,52.1,"(CONTRACTS OF 37,500 POUNDS)",A50,FutOnly
raw_cot_data/disaggregated_futures_only/fut_disagg_xls_hist_2006_2016/F_DisAgg06_15.xls,disaggregated_futures_only,fut_disagg_xls_hist_2006_2016,COFFEE C - NEW YORK BOARD OF TRADE,61114,2006-11-14,083731,NYBT,1,83,118573,22188,77730,30754,245,41,27610,11549,3088,12347,9372,10143,106171,112168,12402,6405,108802,17235,71453,30374,245,41,27287,11999,2171,12340,9532,7259,96707,102700,12095,6102,9771,4953,6277,380,0,0,1140,367,100,741,574,2150,9464,9468,307,303,-3739.0,-3582.0,4016.0,-398.0,-243.0,-30.0,4978.0,-6978.0,-844.0,-2345.0,2335.0,-2954.0,-5175.0,-4698.0,1436.0,959.0,100,18.7,65.6,25.9,0.2,0.0,23.3,9.7,2.6,10.4,7.9,8.6,89.5,94.6,10.5,5.4,100,15.9,65.7,27.9,0.2,0.0,25.1,11.0,2.0,11.3,8.8,6.7,88.9,94.4,11.1,5.6,100,50.7,64.2,3.9,0.0,0.0,11.7,3.8,1.0,7.6,5.9,22.0,96.9,96.9,3.1,3.1,365,75.0,102.0,13.0,,,88.0,18.0,15.0,65.0,40.0,59.0,287,212,363.0,74.0,100.0,13.0,,,88.0,18.0,15.0,67.0,43.0,57.0,285.0,208.0,66.0,19.0,26.0,,0.0,0.0,,,,,,,47.0,46.0,17.1,28.1,27.7,39.8,17.0,20.3,24.2,31.3,18.5,28.1,27.9,40.0,18.5,24.9,26.4,36.8,54.7,64.3,72.9,73.6,42.7,46.3,50.6,51.0,"(CONTRACTS OF 37,500 POUNDS)",A50,FutOnly
raw_cot_data/disaggregated_futures_only/fut_disagg_xls_hist_2006_2016/F_DisAgg06_15.xls,disaggregated_futures_only,fut_disagg_xls_hist_2006_2016,COFFEE C - NEW YORK BOARD OF TRADE,61107,2006-11-07,083731,NYBT,1,83,122312,25770,73714,31152,488,71,22632,18527,3932,14692,7037,13097,111346,116866,10966,5446,113032,21094,67904,30772,488,71,22156,18849,3143,14677,6977,10463,102376,107895,10656,5137,9280,4676,5810,380,0,0,1165,367,100,722,767,1927,8970,8971,310,309,5508.0,-2184.0,6068.0,-23.0,-206.0,70.0,3279.0,-3534.0,1009.0,2342.0,797.0,1481.0,5974.0,5685.0,-466.0,-177.0,100,21.1,60.3,25.5,0.4,0.1,18.5,15.1,3.2,12.0,5.8,10.7,91.0,95.5,9.0,4.5,100,18.7,60.1,27.2,0.4,0.1,19.6,16.7,2.8,13.0,6.2,9.3,90.6,95.5,9.4,4.5,100,50.4,62.6,4.1,0.0,0.0,12.6,4.0,1.1,7.8,8.3,20.8,96.7,96.7,3.3,3.3,388,77.0,103.0,13.0,,,76.0,34.0,19.0,75.0,37.0,66.0,298,235,386.0,76.0,100.0,13.0,,,77.0,33.0,18.0,82.0,38.0,65.0,295.0,231.0,61.0,14.0,21.0,,0.0,0.0,,,,,,,43.0,42.0,17.9,27.7,28.8,37.7,16.7,19.7,24.5,28.7,18.5,27.1,29.1,37.2,18.0,24.0,26.6,33.7,57.2,65.5,73.5,73.9,44.9,48.8,53.2,53.5,"(CONTRACTS OF 37,500 POUNDS)",A50,FutOnly
raw_cot_data/disaggregated_futures_only/fut_disagg_xls_hist_2006_2016/F_DisAgg06_15.xls,disaggregated_futures_only,fut_disagg_xls_hist_2006_2016,COFFEE C - NEW YORK BOARD OF TRADE,61031,2006-10-31,083731,NYBT,1,83,116804,27954,67646,31175,694,1,19353,22061,2923,12350,6240,11616,105372,111181,11432,5623,107757,23341,62024,30795,694,1,18936,22407,2100,12601,6453,8830,96604,102509,11153,5248,9047,4613,5622,380,0,0,1140,377,100,712,750,1823,8768,8672,279,375,4128.0,-1680.0,3129.0,-188.0,261.0,-19.0,2660.0,-3494.0,-14.0,-1160.0,891.0,3323.0,2922.0,4077.0,1206.0,51.0,100,23.9,57.9,26.7,0.6,0.0,16.6,18.9,2.5,10.6,5.3,9.9,90.2,95.2,9.8,4.8,100,21.7,57.6,28.6,0.6,0.0,17.6,20.8,1.9,11.7,6.0,8.2,89.6,95.1,10.4,4.9,100,51.0,62.1,4.2,0.0,0.0,12.6,4.2,1.1,7.9,8.3,20.2,96.9,95.9,3.1,4.1,354,79.0,89.0,12.0,,,51.0,44.0,17.0,69.0,38.0,67.0,264,229,353.0,79.0,88.0,12.0,,,53.0,42.0,16.0,74.0,39.0,64.0,262.0,225.0,55.0,13.0,15.0,,0.0,0.0,,,,,,,43.0,37.0,20.4,26.5,32.6,36.7,19.5,18.2,28.2,27.0,21.9,25.7,33.1,35.8,21.1,22.5,31.0,32.2,57.3,65.3,74.0,74.0,46.1,49.7,54.6,55.3,"(CONTRACTS OF 37,500 POUNDS)",A50,FutOnly
raw_cot_data/disaggregated_futures_only/fut_disagg_xls_hist_2006_2016/F_DisAgg06_15.xls,disaggregated_futures_only,fut_disagg_xls_hist_2006_2016,COFFEE C - NEW YORK BOARD OF TRADE,61024,2006-10-24,083731,NYBT,1,83,112676,29634,64517,31363,433,20,16693,25555,2937,13510,5349,8293,102450,107104,10226,5572,104612,25273,59621,31363,433,20,16445,25970,2045,13817,5585,5771,94734,99445,9878,5167,8064,4361,4896,0,0,0,1040,377,100,748,819,1467,7716,7659,348,405,2169.0,-715.0,5651.0,-41.0,-392.0,20.0,1155.0,-4126.0,-536.0,-378.0,463.0,1202.0,707.0,2282.0,1462.0,-113.0,100,26.3,57.3,27.8,0.4,0.0,14.8,22.7,2.6,12.0,4.7,7.4,90.9,95.1,9.1,4.9,100,24.2,57.0,30.0,0.4,0.0,15.7,24.8,2.0,13.2,5.3,5.5,90.6,95.1,9.4,4.9,100,54.1,60.7,0.0,0.0,0.0,12.9,4.7,1.2,9.3,10.2,18.2,95.7,95.0,4.3,5.0,336,75.0,89.0,13.0,,,42.0,51.0,14.0,65.0,37.0,45.0,233,214,334.0,75.0,88.0,13.0,,,44.0,49.0,13.0,68.0,38.0,43.0,230.0,211.0,46.0,11.0,16.0,0.0,0.0,0.0,,,,,,,33.0,31.0,21.8,26.4,34.6,37.6,21.0,18.4,30.1,27.0,23.4,26.1,34.7,36.7,22.6,22.4,32.4,32.0,63.1,69.0,77.5,78.3,50.3,52.7,57.9,58.0,"(CONTRACTS OF 37,500 POUNDS)",A50,FutOnly
raw_cot_data/disaggregated_futures_only/fut_disagg_xls_hist_2006_2016/F_DisAgg06_15.xls,disaggregated_futures_only,fut_disagg_xls_hist_2006_2016,COFFEE C - NEW YORK BOARD OF TRADE,61017,2006-10-17,083731,NYBT,1,83,110507,30349,58866,31404,825,0,15538,29681,3473,13888,4886,7091,101743,104822,8764,5685,102716,26237,54390,31404,825,0,15175,30331,2446,14503,4981,4440,94205,97413,8511,5303,7791,4112,4476,0,0,0,1390,377,0,215,735,1821,7538,7409,253,382,738.0,2404.0,-73.0,109.0,374.0,0.0,132.0,3091.0,-221.0,-691.0,-1376.0,-270.0,1463.0,1525.0,-725.0,-787.0,100,27.5,53.3,28.4,0.7,0.0,14.1,26.9,3.1,12.6,4.4,6.4,92.1,94.9,7.9,5.1,100,25.5,53.0,30.6,0.8,0.0,14.8,29.5,2.4,14.1,4.8,4.3,91.7,94.8,8.3,5.2,100,52.8,57.5,0.0,0.0,0.0,17.8,4.8,0.0,2.8,9.4,23.4,96.8,95.1,3.2,4.9,342,78.0,82.0,12.0,,0.0,37.0,65.0,13.0,67.0,39.0,41.0,230,220,342.0,78.0,81.0,12.0,,0.0,38.0,64.0,11.0,70.0,41.0,40.0,229.0,217.0,39.0,11.0,14.0,0.0,0.0,0.0,,,0.0,,,11.0,27.0,28.0,22.8,25.3,35.8,36.6,21.7,17.6,30.9,26.0,24.5,25.7,36.0,35.7,23.4,21.5,34.1,30.9,66.4,70.6,80.8,80.1,55.3,54.0,61.1,58.1,"(CONTRACTS OF 37,500 POUNDS)",A50,FutOnly
raw_cot_data/disaggregated_futures_only/fut_disagg_xls_hist_2006_2016/F_DisAgg06_15.xls,disaggregated_futures_only,fut_disagg_xls_hist_2006_2016,COFFEE C - NEW YORK BOARD OF TRADE,61010,2006-10-10,083731,NYBT,1,83,109769,27945,58939,31295,451,0,15406,26590,3694,14579,6262,7361,100280,103297,9489,6472,102667,24821,55517,31295,451,0,15147,27241,2516,15098,6289,4528,93405,96542,9262,6125,7102,3124,3422,0,0,0,1437,527,0,216,708,2098,6875,6755,227,347,-1099.0,907.0,840.0,-150.0,140.0,0.0,-561.0,570.0,134.0,71.0,-98.0,192.0,593.0,1778.0,-1692.0,-2877.0,100,25.5,53.7,28.5,0.4,0.0,14.0,24.2,3.4,13.3,5.7,6.7,91.4,94.1,8.6,5.9,100,24.2,54.1,30.5,0.4,0.0,14.8,26.5,2.5,14.7,6.1,4.4,91.0,94.0,9.0,6.0,100,44.0,48.2,0.0,0.0,0.0,20.2,7.4,0.0,3.0,10.0,29.5,96.8,95.1,3.2,4.9,325,84.0,83.0,13.0,,0.0,35.0,60.0,11.0,65.0,34.0,38.0,224,209,325.0,84.0,82.0,13.0,,0.0,36.0,59.0,10.0,70.0,34.0,37.0,223.0,207.0,35.0,12.0,11.0,0.0,0.0,0.0,,,0.0,,,8.0,25.0,22.0,22.4,25.0,34.7,36.4,21.9,18.0,31.1,26.9,23.9,26.0,35.2,36.4,23.5,21.6,33.9,31.3,75.8,80.9,85.4,88.5,57.0,56.9,62.6,60.7,"(CONTRACTS OF 37,500 POUNDS)",A50,FutOnly
raw_cot_data/disaggregated_futures_only/fut_disagg_xls_hist_2006_2016/F_DisAgg06_15.xls,disaggregated_futures_only,fut_disagg_xls_hist_2006_2016,COFFEE C - NEW YORK BOARD OF TRADE,61003,2006-10-03,083731,NYBT,1,83,110868,27038,58099,31445,311,0,15967,26020,3560,14508,6360,7169,99687,101519,11181,9349,104184,24097,55009,31445,311,0,15649,26660,2443,15173,6367,4421,93228,95211,10956,8973,6684,2941,3090,0,0,0,1435,477,0,120,778,1963,6459,6308,225,376,5067.0,2746.0,2200.0,350.0,135.0,0.0,551.0,-620.0,542.0,553.0,991.0,-670.0,4072.0,2578.0,995.0,2489.0,100,24.4,52.4,28.4,0.3,0.0,14.4,23.5,3.2,13.1,5.7,6.5,89.9,91.6,10.1,8.4,100,23.1,52.8,30.2,0.3,0.0,15.0,25.6,2.3,14.6,6.1,4.2,89.5,91.4,10.5,8.6,100,44.0,46.2,0.0,0.0,0.0,21.5,7.1,0.0,1.8,11.6,29.4,96.6,94.4,3.4,5.6,325,82.0,89.0,12.0,,0.0,38.0,53.0,11.0,64.0,32.0,37.0,227,206,324.0,82.0,88.0,12.0,,0.0,39.0,52.0,10.0,69.0,31.0,35.0,225.0,203.0,31.0,9.0,9.0,0.0,0.0,0.0,,,0.0,,,5.0,19.0,18.0,22.3,24.3,34.5,35.6,22.0,18.0,31.2,26.7,23.8,25.4,35.3,35.7,23.5,21.4,34.1,30.9,81.9,83.9,90.9,90.5,59.7,57.7,65.2,61.6,"(CONTRACTS OF 37,500 POUNDS)",A50,FutOnly
raw_cot_data/disaggregated_futures_only/fut_disagg_xls_hist_2006_2016/F_DisAgg06_15.xls,disaggregated_futures_only,fut_disagg_xls_hist_2006_2016,COFFEE C - NEW YORK BOARD OF TRADE,60926,2006-09-26,083731,NYBT,1,83,105801,24292,55899,31095,176,0,15416,26640,3018,13955,5369,7839,95615,98941,10186,6860,99775,21896,53723,31095,176,0,15049,26905,2280,14788,5390,4727,89835,93201,9940,6574,6026,2396,2176,0,0,0,1105,473,0,391,1203,1888,5780,5740,246,286,-1498.0,-889.0,1230.0,100.0,76.0,0.0,665.0,-2873.0,-358.0,-1771.0,624.0,199.0,-2054.0,-1102.0,556.0,-396.0,100,23.0,52.8,29.4,0.2,0.0,14.6,25.2,2.9,13.2,5.1,7.4,90.4,93.5,9.6,6.5,100,21.9,53.8,31.2,0.2,0.0,15.1,27.0,2.3,14.8,5.4,4.7,90.0,93.4,10.0,6.6,100,39.8,36.1,0.0,0.0,0.0,18.3,7.8,0.0,6.5,20.0,31.3,95.9,95.3,4.1,4.7,318,81.0,87.0,12.0,,0.0,37.0,53.0,14.0,61.0,34.0,39.0,223,207,317.0,81.0,86.0,12.0,,0.0,38.0,52.0,12.0,62.0,35.0,38.0,221.0,203.0,31.0,10.0,6.0,0.0,0.0,0.0,,,0.0,,,5.0,22.0,16.0,22.9,23.7,34.9,36.2,22.9,18.5,32.4,27.4,24.3,25.2,35.4,36.1,24.3,21.3,34.4,31.1,75.8,86.7,87.4,93.1,51.3,54.6,58.5,58.1,"(CONTRACTS OF 37,500 POUNDS)",A50,FutOnly
raw_cot_data/disaggregated_futures_only/fut_disagg_xls_hist_2006_2016/F_DisAgg06_15.xls,disaggregated_futures_only,fut_disagg_xls_hist_2006_2016,COFFEE C - NEW YORK BOARD OF TRADE,60919,2006-09-19,083731,NYBT,1,83,107299,25181,54669,30995,100,0,14751,29513,3376,15726,4745,7640,97669,100043,9630,7256,101979,23085,53082,30995,100,0,15022,30072,2390,16466,4816,4572,92530,95032,9449,6947,5320,2096,1587,0,0,0,715,427,0,430,1099,1898,5139,5011,181,309,3200.0,2923.0,-2260.0,-147.0,-23.0,0.0,-770.0,5913.0,403.0,344.0,-1616.0,194.0,2947.0,2611.0,253.0,589.0,100,23.5,51.0,28.9,0.1,0.0,13.7,27.5,3.1,14.7,4.4,7.1,91.0,93.2,9.0,6.8,100,22.6,52.1,30.4,0.1,0.0,14.7,29.5,2.3,16.1,4.7,4.5,90.7,93.2,9.3,6.8,100,39.4,29.8,0.0,0.0,0.0,13.4,8.0,0.0,8.1,20.7,35.7,96.6,94.2,3.4,5.8,330,83.0,85.0,13.0,,0.0,33.0,59.0,12.0,71.0,31.0,40.0,229,209,329.0,83.0,85.0,13.0,,0.0,34.0,58.0,11.0,72.0,35.0,39.0,227.0,208.0,27.0,8.0,4.0,0.0,0.0,0.0,,,0.0,,,6.0,20.0,14.0,22.2,23.6,34.6,35.3,22.2,17.5,31.6,26.5,23.4,24.3,34.6,34.4,23.4,19.7,33.3,29.2,78.2,89.6,90.0,92.6,42.7,46.0,49.1,47.3,"(CONTRACTS OF 37,500 POUNDS)",A50,FutOnly
raw_cot_data/disaggregated_futures_only/fut_disagg_xls_hist_2006_2016/F_DisAgg06_15.xls,disaggregated_futures_only,fut_disagg_xls_hist_2006_2016,COFFEE C - NEW YORK BOARD OF TRADE,60912,2006-09-12,083731,NYBT,1,83,104099,22258,56929,31142,123,0,15521,23600,2973,15382,6361,7446,94722,97432,9377,6667,99639,20616,55330,31142,123,0,15592,23659,2487,15382,6319,5254,90473,93172,9166,6467,4460,1642,1599,0,0,0,415,427,0,383,425,1809,4249,4260,211,200,2314.0,2053.0,-4571.0,-252.0,-48.0,0.0,-877.0,5112.0,170.0,745.0,-718.0,1200.0,3039.0,1145.0,-725.0,1169.0,100,21.4,54.7,29.9,0.1,0.0,14.9,22.7,2.9,14.8,6.1,7.2,91.0,93.6,9.0,6.4,100,20.7,55.5,31.3,0.1,0.0,15.6,23.7,2.5,15.4,6.3,5.3,90.8,93.5,9.2,6.5,100,36.8,35.9,0.0,0.0,0.0,9.3,9.6,0.0,8.6,9.5,40.6,95.3,95.5,4.7,4.5,321,79.0,85.0,14.0,,0.0,35.0,52.0,11.0,71.0,30.0,38.0,224,201,320.0,79.0,83.0,14.0,,0.0,36.0,51.0,10.0,72.0,33.0,37.0,222.0,198.0,29.0,7.0,6.0,0.0,0.0,0.0,,,0.0,,,6.0,18.0,18.0,22.9,24.8,35.3,35.7,22.9,17.9,32.6,26.3,24.0,25.0,34.6,34.4,24.0,19.4,34.1,28.1,76.3,88.0,89.6,92.5,29.7,32.7,36.9,36.2,"(CONTRACTS OF 37,500 POUNDS)",A50,FutOnly
raw_cot_data/disaggregated_futures_only/fut_disagg_xls_hist_2006_2016/F_DisAgg06_15.xls,disaggregated_futures_only,fut_disagg_xls_hist_2006_2016,COFFEE C - NEW YORK BOARD OF TRADE,60905,2006-09-05,083731,NYBT,1,83,101785,20205,61500,31394,171,0,16398,18488,2803,14637,7079,6246,91683,96287,10102,5498,98691,19542,59343,31394,171,0,16323,18488,2803,14518,8398,4170,88750,93373,9941,5318,3094,663,2157,0,0,0,75,0,0,1556,118,639,2933,2914,161,180,1952.0,92.0,1248.0,668.0,90.0,0.0,778.0,533.0,-578.0,-71.0,576.0,461.0,1350.0,2330.0,602.0,-378.0,100,19.9,60.4,30.8,0.2,0.0,16.1,18.2,2.8,14.4,7.0,6.1,90.1,94.6,9.9,5.4,100,19.8,60.1,31.8,0.2,0.0,16.5,18.7,2.8,14.7,8.5,4.2,89.9,94.6,10.1,5.4,100,21.4,69.7,0.0,0.0,0.0,2.4,0.0,0.0,50.3,3.8,20.7,94.8,94.2,5.2,5.8,319,72.0,91.0,13.0,,0.0,49.0,36.0,13.0,68.0,36.0,33.0,226,190,319.0,72.0,91.0,13.0,,0.0,49.0,36.0,13.0,66.0,40.0,31.0,225.0,189.0,26.0,7.0,8.0,0.0,0.0,0.0,,0.0,0.0,,5.0,4.0,16.0,16.0,22.4,26.8,34.7,38.6,22.4,19.3,32.5,28.9,23.1,26.0,34.2,37.3,23.1,19.8,33.6,29.6,79.3,82.7,90.0,91.3,52.0,54.4,59.0,58.1,"(CONTRACTS OF 37,500 POUNDS)",A50,FutOnly
raw_cot_data/disaggregated_futures_only/fut_disagg_xls_hist_2006_2016/F_DisAgg06_15.xls,disaggregated_futures_only,fut_disagg_xls_hist_2006_2016,COFFEE C - NEW YORK BOARD OF TRADE,60829,2006-08-29,083731,NYBT,1,83,99833,20113,60252,30726,81,0,15620,17955,3381,14708,6503,5785,90333,93957,9500,5876,287,25,127,0,0,0,206,0,0,14,42,0,245,169,42,118,99546,20088,60125,30726,81,0,15620,18161,3175,14697,6464,5782,90088,93788,9458,5758,-2127.0,434.0,-1937.0,79.0,-27.0,0.0,-474.0,1158.0,-1334.0,372.0,754.0,507.0,-416.0,-879.0,-1711.0,-1248.0,100,20.1,60.4,30.8,0.1,0.0,15.6,18.0,3.4,14.7,6.5,5.8,90.5,94.1,9.5,5.9,100,8.7,44.3,0.0,0.0,0.0,71.8,0.0,0.0,4.9,14.6,0.0,85.4,58.9,14.6,41.1,100,20.2,60.4,30.9,0.1,0.0,15.7,18.2,3.2,14.8,6.5,5.8,90.5,94.2,9.5,5.8,308,72.0,93.0,12.0,,0.0,38.0,39.0,15.0,69.0,33.0,34.0,216,195,20.0,4.0,11.0,0.0,0.0,0.0,,0.0,0.0,,,0.0,7.0,13.0,308.0,71.0,93.0,12.0,,0.0,38.0,39.0,15.0,67.0,34.0,33.0,214.0,195.0,22.4,25.8,34.7,37.6,22.4,18.7,33.0,28.7,82.6,44.6,85.4,55.1,82.6,44.6,85.4,55.1,22.5,25.8,34.8,37.7,22.5,19.0,33.1,29.0,"(CONTRACTS OF 37,500 POUNDS)",A50,FutOnly
raw_cot_data/disaggregated_futures_only/fut_disagg_xls_hist_2006_2016/F_DisAgg06_15.xls,disaggregated_futures_only,fut_disagg_xls_hist_2006_2016,COFFEE C - NEW YORK BOARD OF TRADE,60822,2006-08-22,083731,NYBT,1,83,101960,19679,62189,30647,108,0,16094,16797,4715,14336,5749,5278,90749,94836,11211,7124,4741,661,2851,0,0,0,2000,358,0,538,93,0,3199,3302,1542,1439,97219,19018,59338,30647,108,0,16094,18439,2715,14176,6034,4900,87550,91534,9669,5685,-5869.0,-6954.0,-4013.0,424.0,-181.0,-2.0,1028.0,-2591.0,1001.0,125.0,774.0,-808.0,-5186.0,-5820.0,-683.0,-49.0,100,19.3,61.0,30.1,0.1,0.0,15.8,16.5,4.6,14.1,5.6,5.2,89.0,93.0,11.0,7.0,100,13.9,60.1,0.0,0.0,0.0,42.2,7.6,0.0,11.3,2.0,0.0,67.5,69.6,32.5,30.4,100,19.6,61.0,31.5,0.1,0.0,16.6,19.0,2.8,14.6,6.2,5.0,90.1,94.2,9.9,5.8,303,72.0,92.0,12.0,,0.0,43.0,34.0,16.0,66.0,29.0,24.0,215,180,58.0,11.0,34.0,0.0,0.0,0.0,,,0.0,,,0.0,21.0,39.0,302.0,69.0,92.0,12.0,,0.0,43.0,33.0,16.0,66.0,33.0,22.0,211.0,178.0,21.9,25.5,33.8,37.9,21.9,19.3,32.1,29.2,58.4,55.2,64.8,62.3,58.3,55.2,64.6,62.3,23.0,26.2,34.4,38.3,23.0,19.9,33.6,30.3,"(CONTRACTS OF 37,500 POUNDS)",A50,FutOnly
raw_cot_data/disaggregated_futures_only/fut_disagg_xls_hist_2006_2016/F_DisAgg06_15.xls,disaggregated_futures_only,fut_disagg_xls_hist_2006_2016,COFFEE C - NEW YORK BOARD OF TRADE,60815,2006-08-15,083731,NYBT,1,83,107829,26633,66202,30223,289,2,15066,19388,3714,14211,4975,6086,95935,100656,11894,7173,26966,8363,15670,3856,2,0,2741,6608,1372,5426,894,0,21758,24546,5208,2420,80863,18270,50532,26369,289,0,12951,13406,1716,10324,5620,4547,74177,76110,6686,4753,-5098.0,888.0,1218.0,-513.0,23.0,-78.0,-2110.0,-4334.0,59.0,-726.0,344.0,-2987.0,-5467.0,-5755.0,369.0,657.0,100,24.7,61.4,28.0,0.3,0.0,14.0,18.0,3.4,13.2,4.6,5.6,89.0,93.3,11.0,6.7,100,31.0,58.1,14.3,0.0,0.0,10.2,24.5,5.1,20.1,3.3,0.0,80.7,91.0,19.3,9.0,100,22.6,62.5,32.6,0.4,0.0,16.0,16.6,2.1,12.8,7.0,5.6,91.7,94.1,8.3,5.9,304,83.0,88.0,13.0,,,35.0,40.0,21.0,64.0,31.0,33.0,228,193,198.0,52.0,52.0,8.0,,0.0,18.0,20.0,4.0,46.0,10.0,0.0,127.0,85.0,268.0,68.0,81.0,13.0,,0.0,30.0,33.0,12.0,48.0,39.0,24.0,181.0,169.0,20.4,22.6,33.1,33.9,20.4,17.2,30.7,27.4,19.5,38.4,32.6,60.5,16.5,38.4,28.7,57.6,23.6,26.1,36.7,38.1,23.4,23.0,35.4,31.9,"(CONTRACTS OF 37,500 POUNDS)",A50,FutOnly
raw_cot_data/disaggregated_futures_only/fut_disagg_xls_hist_2006_2016/F_DisAgg06_15.xls,disaggregated_futures_only,fut_disagg_xls_hist_2006_2016,COFFEE C - NEW YORK BOARD OF TRADE,60808,2006-08-08,083731,NYBT,1,83,112927,25745,64984,30736,266,80,17176,23722,3655,14937,4631,9073,101402,106411,11525,6516,52000,9865,21811,14950,46,0,6587,22254,1125,12066,3479,20,44613,48735,7387,3265,60927,15880,43173,15866,300,0,12223,3102,896,7399,5680,4525,56789,57676,4138,3251,-7799.0,-4208.0,5690.0,-781.0,22.0,80.0,771.0,-10654.0,-573.0,-1339.0,-487.0,-690.0,-6740.0,-6612.0,-1059.0,-1187.0,100,22.8,57.5,27.2,0.2,0.1,15.2,21.0,3.2,13.2,4.1,8.0,89.8,94.2,10.2,5.8,100,19.0,41.9,28.8,0.1,0.0,12.7,42.8,2.2,23.2,6.7,0.0,85.8,93.7,14.2,6.3,100,26.1,70.9,26.0,0.5,0.0,20.1,5.1,1.5,12.1,9.3,7.4,93.2,94.7,6.8,5.3,342,82.0,93.0,13.0,,,50.0,46.0,22.0,71.0,32.0,56.0,262,220,308.0,58.0,58.0,14.0,,0.0,39.0,45.0,9.0,75.0,26.0,,193.0,134.0,251.0,67.0,81.0,12.0,,0.0,33.0,10.0,7.0,41.0,45.0,25.0,173.0,153.0,19.7,21.2,30.4,32.4,19.7,16.9,28.8,26.8,21.6,26.0,33.3,42.2,21.6,24.6,33.3,40.2,21.0,30.4,35.0,43.8,19.9,25.8,31.1,35.7,"(CONTRACTS OF 37,500 POUNDS)",A50,FutOnly
raw_cot_data/disaggregated_futures_only/fut_disagg_xls_hist_2006_2016/F_DisAgg06_15.xls,disaggregated_futures_only,fut_disagg_xls_hist_2006_2016,COFFEE C - NEW YORK BOARD OF TRADE,60801,2006-08-01,083731,NYBT,1,83,120726,29953,59294,31517,244,0,16405,34376,4228,16276,5118,9763,108142,113023,12584,7703,69242,14065,21251,25237,24,0,6887,35803,919,13539,5813,296,60943,64106,8299,5136,51484,15888,38043,6280,220,0,12385,1440,442,7408,3976,4796,47199,48917,4285,2567,-2280.0,-883.0,1174.0,-568.0,-195.0,0.0,978.0,-3183.0,-493.0,-2146.0,1077.0,164.0,-2948.0,-1456.0,668.0,-824.0,100,24.8,49.1,26.1,0.2,0.0,13.6,28.5,3.5,13.5,4.2,8.1,89.6,93.6,10.4,6.4,100,20.3,30.7,36.4,0.0,0.0,9.9,51.7,1.3,19.6,8.4,0.4,88.0,92.6,12.0,7.4,100,30.9,73.9,12.2,0.4,0.0,24.1,2.8,0.9,14.4,7.7,9.3,91.7,95.0,8.3,5.0,351,84.0,89.0,14.0,,0.0,38.0,66.0,19.0,86.0,26.0,50.0,251,231,325.0,64.0,52.0,14.0,,0.0,26.0,70.0,7.0,81.0,29.0,,189.0,156.0,221.0,62.0,82.0,11.0,,0.0,25.0,9.0,4.0,42.0,32.0,24.0,151.0,143.0,19.5,21.6,31.4,33.5,19.5,16.8,28.4,25.3,25.6,24.2,39.7,37.4,25.6,23.4,39.7,36.5,23.4,40.5,36.2,53.5,19.3,32.8,29.0,42.7,"(CONTRACTS OF 37,500 POUNDS)",A50,FutOnly
raw_cot_data/disaggregated_futures_only/fut_disagg_xls_hist_2006_2016/F_DisAgg06_15.xls,disaggregated_futures_only,fut_disagg_xls_hist_2006_2016,COFFEE C - NEW YORK BOARD OF TRADE,60725,2006-07-25,083731,NYBT,1,83,123006,30836,58120,32085,439,0,15427,37559,4721,18422,4041,9599,111090,114479,11916,8527,78820,14899,25360,29341,282,0,9508,39476,976,15285,5971,296,70305,72361,8515,6459,44186,15937,32760,2744,157,0,9172,1336,492,8224,3157,4216,40785,42118,3401,2068,2645.0,2074.0,-1779.0,627.0,21.0,0.0,-373.0,4301.0,-91.0,940.0,46.0,-329.0,2848.0,2169.0,-203.0,476.0,100,25.1,47.2,26.1,0.4,0.0,12.5,30.5,3.8,15.0,3.3,7.8,90.3,93.1,9.7,6.9,100,18.9,32.2,37.2,0.4,0.0,12.1,50.1,1.2,19.4,7.6,0.4,89.2,91.8,10.8,8.2,100,36.1,74.1,6.2,0.4,0.0,20.8,3.0,1.1,18.6,7.1,9.5,92.3,95.3,7.7,4.7,348,85.0,86.0,14.0,,0.0,34.0,73.0,16.0,83.0,25.0,43.0,245,226,329.0,64.0,50.0,14.0,,0.0,26.0,75.0,7.0,86.0,25.0,,196.0,154.0,205.0,64.0,79.0,10.0,,0.0,16.0,9.0,,37.0,32.0,,138.0,134.0,19.8,20.7,30.8,31.7,19.8,16.5,28.7,25.5,24.6,22.3,37.9,36.4,24.6,20.9,37.9,35.0,26.9,37.6,41.8,51.3,22.5,29.4,32.1,39.9,"(CONTRACTS OF 37,500 POUNDS)",A50,FutOnly
raw_cot_data/disaggregated_futures_only/fut_disagg_xls_hist_2006_2016/F_DisAgg06_15.xls,disaggregated_futures_only,fut_disagg_xls_hist_2006_2016,COFFEE C - NEW YORK BOARD OF TRADE,60718,2006-07-18,083731,NYBT,1,83,120361,28762,59899,31458,418,0,15800,33258,4812,17482,3995,9928,108242,112310,12119,8051,80036,14686,29673,30286,312,0,10266,35641,958,14261,7149,500,70957,74233,9079,5803,40325,14076,30226,1172,106,0,8889,972,499,9326,2951,3323,37285,38077,3040,2248,1506.0,-946.0,-427.0,-43.0,-14.0,0.0,1959.0,2700.0,-668.0,-485.0,-1774.0,1653.0,1470.0,1470.0,36.0,36.0,100,23.9,49.8,26.1,0.3,0.0,13.1,27.6,4.0,14.5,3.3,8.2,89.9,93.3,10.1,6.7,100,18.3,37.1,37.8,0.4,0.0,12.8,44.5,1.2,17.8,8.9,0.6,88.7,92.7,11.3,7.3,100,34.9,75.0,2.9,0.3,0.0,22.0,2.4,1.2,23.1,7.3,8.2,92.5,94.4,7.5,5.6,347,86.0,83.0,14.0,,0.0,33.0,68.0,17.0,85.0,28.0,45.0,250,223,332.0,63.0,52.0,14.0,,0.0,29.0,71.0,8.0,87.0,27.0,,199.0,157.0,197.0,61.0,72.0,8.0,,0.0,14.0,6.0,,39.0,32.0,,132.0,128.0,19.4,20.5,30.5,31.9,19.4,16.1,28.3,24.7,25.1,24.0,37.9,36.6,25.1,22.6,37.9,35.1,28.8,32.2,44.3,48.9,23.4,26.3,34.3,40.0,"(CONTRACTS OF 37,500 POUNDS)",A50,FutOnly
raw_cot_data/disaggregated_futures_only/fut_disagg_xls_hist_2006_2016/F_DisAgg06_15.xls,disaggregated_futures_only,fut_disagg_xls_hist_2006_2016,COFFEE C - NEW YORK BOARD OF TRADE,60711,2006-07-11,083731,NYBT,1,83,118855,29708,60326,31501,432,0,13841,30558,5480,17967,5769,8275,106772,110840,12083,8015,82477,15486,35339,30660,381,0,9320,33172,1521,15537,5980,95,72619,76488,9858,5989,36378,14222,24987,841,51,0,7943,808,537,7531,4890,3079,34153,34352,2225,2026,2993.0,154.0,667.0,492.0,114.0,0.0,1306.0,-324.0,673.0,-701.0,-289.0,655.0,2579.0,1496.0,414.0,1497.0,100,25.0,50.8,26.5,0.4,0.0,11.6,25.7,4.6,15.1,4.9,7.0,89.8,93.3,10.2,6.7,100,18.8,42.8,37.2,0.5,0.0,11.3,40.2,1.8,18.8,7.3,0.1,88.0,92.7,12.0,7.3,100,39.1,68.7,2.3,0.1,0.0,21.8,2.2,1.5,20.7,13.4,8.5,93.9,94.4,6.1,5.6,350,89.0,84.0,14.0,,0.0,39.0,61.0,17.0,88.0,31.0,45.0,259,218,337.0,64.0,58.0,14.0,,0.0,34.0,64.0,7.0,92.0,29.0,,209.0,157.0,199.0,63.0,73.0,6.0,,0.0,13.0,6.0,,38.0,35.0,,131.0,124.0,18.7,21.5,30.0,32.7,18.7,15.9,27.6,24.7,24.9,27.1,36.3,39.2,24.9,25.3,36.3,36.7,30.7,29.0,47.9,42.8,23.0,26.2,34.4,36.1,"(CONTRACTS OF 37,500 POUNDS)",A50,FutOnly
raw_cot_data/disaggregated_futures_only/fut_disagg_xls_hist_2006_2016/F_DisAgg06_15.xls,disaggregated_futures_only,fut_disagg_xls_hist_2006_2016,COFFEE C - NEW YORK BOARD OF TRADE,60703,2006-07-03,083731,NYBT,1,83,115862,29554,59659,31009,318,0,12535,30882,4807,18668,6058,7620,104193,109344,11669,6518,82646,15873,38014,30266,305,0,8922,32771,1492,16580,5437,111,73244,78130,9402,4516,33216,13681,21645,743,13,0,6436,934,492,6914,5447,2683,30949,31214,2267,2002,-1901.0,-3341.0,2905.0,-18.0,-145.0,-95.0,-139.0,-7549.0,1801.0,-889.0,1826.0,426.0,-2255.0,-831.0,354.0,-1070.0,100,25.5,51.5,26.8,0.3,0.0,10.8,26.7,4.1,16.1,5.2,6.6,89.9,94.4,10.1,5.6,100,19.2,46.0,36.6,0.4,0.0,10.8,39.7,1.8,20.1,6.6,0.1,88.6,94.5,11.4,5.5,100,41.2,65.2,2.2,0.0,0.0,19.4,2.8,1.5,20.8,16.4,8.1,93.2,94.0,6.8,6.0,336,89.0,84.0,14.0,,0.0,36.0,57.0,16.0,85.0,30.0,42.0,249,211,321.0,62.0,57.0,14.0,,0.0,32.0,59.0,8.0,85.0,28.0,4.0,198.0,152.0,190.0,61.0,70.0,6.0,,0.0,12.0,5.0,,38.0,33.0,,128.0,120.0,18.2,23.5,29.0,33.9,18.2,17.2,27.8,25.8,24.6,29.1,35.9,40.1,24.6,27.0,35.9,37.5,28.6,28.7,46.2,41.9,22.7,27.4,33.6,36.2,"(CONTRACTS OF 37,500 POUNDS)",A50,FutOnly
raw_cot_data/disaggregated_futures_only/fut_disagg_xls_hist_2006_2016/F_DisAgg06_15.xls,disaggregated_futures_only,fut_disagg_xls_hist_2006_2016,COFFEE C - NEW YORK BOARD OF TRADE,60627,2006-06-27,083731,NYBT,1,83,117763,32895,56754,31027,463,95,12674,38431,3006,19557,4232,7194,106448,110175,11315,7588,88049,20306,36528,30289,463,0,9146,38739,1408,17420,4897,202,78771,82237,9278,5812,29714,12589,20226,738,0,95,5039,1203,87,6425,3623,2704,27677,27938,2037,1776,-3937.0,-6528.0,-8135.0,-33.0,180.0,0.0,277.0,2389.0,507.0,907.0,359.0,1035.0,-3835.0,-3665.0,-102.0,-272.0,100,27.9,48.2,26.3,0.4,0.1,10.8,32.6,2.6,16.6,3.6,6.1,90.4,93.6,9.6,6.4,100,23.1,41.5,34.4,0.5,0.0,10.4,44.0,1.6,19.8,5.6,0.2,89.5,93.4,10.5,6.6,100,42.4,68.1,2.5,0.0,0.3,17.0,4.0,0.3,21.6,12.2,9.1,93.1,94.0,6.9,6.0,343,91.0,81.0,16.0,,,33.0,68.0,12.0,90.0,21.0,41.0,250,212,330.0,61.0,57.0,15.0,,0.0,30.0,68.0,7.0,94.0,20.0,,206.0,149.0,188.0,64.0,67.0,6.0,0.0,,10.0,7.0,,30.0,39.0,,122.0,121.0,18.3,25.7,29.0,34.5,18.3,18.9,27.9,26.9,23.3,29.0,35.2,39.3,23.2,27.2,35.1,37.0,30.4,33.1,47.0,45.5,23.0,29.1,32.1,37.6,"(CONTRACTS OF 37,500 POUNDS)",A50,FutOnly
raw_cot_data/disaggregated_futures_only/fut_disagg_xls_hist_2006_2016/F_DisAgg06_15.xls,disaggregated_futures_only,fut_disagg_xls_hist_2006_2016,COFFEE C - NEW YORK BOARD OF TRADE,60620,2006-06-20,083731,NYBT,1,83,121700,39423,64889,31060,283,95,12397,36042,2499,18650,3873,6159,110283,113840,11417,7860,94786,27680,46426,30323,283,0,8791,35825,1630,16157,3619,985,85566,88768,9220,6018,26914,11743,18463,737,0,95,4417,1028,58,5953,3714,1714,24717,25072,2197,1842,-5241.0,-3930.0,-4937.0,-501.0,-69.0,0.0,35.0,777.0,-413.0,931.0,477.0,817.0,-3061.0,-3348.0,-2180.0,-1893.0,100,32.4,53.3,25.5,0.2,0.1,10.2,29.6,2.1,15.3,3.2,5.1,90.6,93.5,9.4,6.5,100,29.2,49.0,32.0,0.3,0.0,9.3,37.8,1.7,17.0,3.8,1.0,90.3,93.7,9.7,6.3,100,43.6,68.6,2.7,0.0,0.4,16.4,3.8,0.2,22.1,13.8,6.4,91.8,93.2,8.2,6.8,339,92.0,82.0,16.0,,,30.0,73.0,14.0,83.0,25.0,42.0,245,218,328.0,78.0,63.0,15.0,,0.0,26.0,74.0,9.0,86.0,23.0,10.0,212.0,172.0,180.0,61.0,65.0,6.0,0.0,,11.0,5.0,,35.0,32.0,,125.0,114.0,23.1,29.1,34.4,37.6,17.8,16.5,26.7,24.1,27.5,32.0,39.6,41.1,21.6,22.1,32.3,31.3,30.4,36.8,45.7,50.1,24.4,31.3,34.4,40.2,"(CONTRACTS OF 37,500 POUNDS)",A50,FutOnly
raw_cot_data/disaggregated_futures_only/fut_disagg_xls_hist_2006_2016/F_DisAgg06_15.xls,disaggregated_futures_only,fut_disagg_xls_hist_2006_2016,COFFEE C - NEW YORK BOARD OF TRADE,60613,2006-06-13,083731,NYBT,1,83,126941,43353,69826,31561,352,95,12362,35265,2912,17719,3396,5342,113344,117188,13597,9753,103810,33051,54429,30895,352,0,9726,35558,1807,15670,2417,741,91890,95304,11920,8506,23131,10302,15397,666,0,95,3726,797,15,5336,4266,1314,21454,21884,1677,1247,,,,,,,,,,,,,,,,,100,34.2,55.0,24.9,0.3,0.1,9.7,27.8,2.3,14.0,2.7,4.2,89.3,92.3,10.7,7.7,100,31.8,52.4,29.8,0.3,0.0,9.4,34.3,1.7,15.1,2.3,0.7,88.5,91.8,11.5,8.2,100,44.5,66.6,2.9,0.0,0.4,16.1,3.4,0.1,23.1,18.4,5.7,92.7,94.6,7.3,5.4,335,87.0,84.0,15.0,,,29.0,74.0,17.0,80.0,25.0,40.0,238,223,325.0,75.0,64.0,15.0,,0.0,27.0,75.0,11.0,80.0,25.0,12.0,210.0,176.0,168.0,56.0,61.0,5.0,0.0,,10.0,5.0,,34.0,31.0,,116.0,107.0,24.9,30.4,35.6,38.3,17.1,15.1,25.8,22.5,28.8,33.0,39.3,41.2,19.9,19.4,29.2,27.6,31.0,39.3,48.3,52.9,27.1,32.5,38.2,42.8,"(CONTRACTS OF 37,500 POUNDS)",A50,FutOnly
