Selected 4,981 GDELT archive(s) for 2000-01-01 to 2026-09-09 using strict relevance.
Filtered scored table: /Users/treav/Desktop/Repo/Test/ArabicaFutures/data/events/gdelt_coffee_events_2000_2026_filtered_scored.csv
Processing with 6 worker(s).
[queued 1/2,805; selected 4,981] 20171016.export.CSV.zip
[queued 2/2,805; selected 4,981] 20171221.export.CSV.zip
[queued 3/2,805; selected 4,981] 20171222.export.CSV.zip
[queued 4/2,805; selected 4,981] 20171223.export.CSV.zip
[queued 5/2,805; selected 4,981] 20180101.export.CSV.zip
[queued 6/2,805; selected 4,981] 20180102.export.CSV.zip
  downloading 20180101.export.CSV.zip: 5.4 MB
  downloading 20171223.export.CSV.zip: 6.4 MB
  downloading 20171016.export.CSV.zip: 11.2 MB
  downloading 20180102.export.CSV.zip: 8.3 MB
  downloading 20171222.export.CSV.zip: 10.6 MB
  downloading 20171221.export.CSV.zip: 12.0 MB
[done 1/2,805] 20180101.export.CSV.zip: kept 0 row(s)
[queued 7/2,805; selected 4,981] 20180103.export.CSV.zip
  downloading 20180103.export.CSV.zip: 10.7 MB
[done 2/2,805] 20171223.export.CSV.zip: kept 0 row(s)
[queued 8/2,805; selected 4,981] 20180104.export.CSV.zip
  downloading 20180104.export.CSV.zip: 11.1 MB
[done 3/2,805] 20180102.export.CSV.zip: kept 0 row(s)
[queued 9/2,805; selected 4,981] 20180105.export.CSV.zip
  downloading 20180105.export.CSV.zip: 10.6 MB
[done 4/2,805] 20171222.export.CSV.zip: kept 0 row(s)
[queued 10/2,805; selected 4,981] 20180106.export.CSV.zip
  downloading 20180106.export.CSV.zip: 7.0 MB
[done 5/2,805] 20171221.export.CSV.zip: kept 0 row(s)
[queued 11/2,805; selected 4,981] 20180107.export.CSV.zip
  downloading 20180107.export.CSV.zip: 5.5 MB
[done 6/2,805] 20180103.export.CSV.zip: kept 0 row(s)
[queued 12/2,805; selected 4,981] 20180108.export.CSV.zip
[done 7/2,805] 20171016.export.CSV.zip: kept 0 row(s)
[queued 13/2,805; selected 4,981] 20180110.export.CSV.zip
  downloading 20180108.export.CSV.zip: 9.9 MB
  downloading 20180110.export.CSV.zip: 12.9 MB
[done 8/2,805] 20180107.export.CSV.zip: kept 0 row(s)
[queued 14/2,805; selected 4,981] 20180111.export.CSV.zip
  downloading 20180111.export.CSV.zip: 13.0 MB
[done 9/2,805] 20180106.export.CSV.zip: kept 0 row(s)
[queued 15/2,805; selected 4,981] 20180112.export.CSV.zip
  downloading 20180112.export.CSV.zip: 12.4 MB
[done 10/2,805] 20180108.export.CSV.zip: kept 0 row(s)
[queued 16/2,805; selected 4,981] 20180113.export.CSV.zip
  downloading 20180113.export.CSV.zip: 7.5 MB
[done 11/2,805] 20180105.export.CSV.zip: kept 0 row(s)
[queued 17/2,805; selected 4,981] 20180114.export.CSV.zip
  downloading 20180114.export.CSV.zip: 6.3 MB
[done 12/2,805] 20180104.export.CSV.zip: kept 0 row(s)
[queued 18/2,805; selected 4,981] 20180115.export.CSV.zip
[done 13/2,805] 20180110.export.CSV.zip: kept 0 row(s)
  downloading 20180115.export.CSV.zip: 10.0 MB
[queued 19/2,805; selected 4,981] 20180116.export.CSV.zip
  downloading 20180116.export.CSV.zip: 12.4 MB
[done 14/2,805] 20180111.export.CSV.zip: kept 0 row(s)
[queued 20/2,805; selected 4,981] 20180117.export.CSV.zip
  downloading 20180117.export.CSV.zip: 13.2 MB
[done 15/2,805] 20180115.export.CSV.zip: kept 0 row(s)
[queued 21/2,805; selected 4,981] 20180118.export.CSV.zip
  downloading 20180118.export.CSV.zip: 13.1 MB
[done 16/2,805] 20180113.export.CSV.zip: kept 0 row(s)
[queued 22/2,805; selected 4,981] 20180119.export.CSV.zip
  downloading 20180119.export.CSV.zip: 12.9 MB
[done 17/2,805] 20180114.export.CSV.zip: kept 0 row(s)
[queued 23/2,805; selected 4,981] 20180120.export.CSV.zip
  downloading 20180120.export.CSV.zip: 8.1 MB
[done 18/2,805] 20180116.export.CSV.zip: kept 0 row(s)
[queued 24/2,805; selected 4,981] 20180121.export.CSV.zip
  downloading 20180121.export.CSV.zip: 7.2 MB
[done 19/2,805] 20180112.export.CSV.zip: kept 0 row(s)
[queued 25/2,805; selected 4,981] 20180122.export.CSV.zip
  downloading 20180122.export.CSV.zip: 11.7 MB
[done 20/2,805] 20180117.export.CSV.zip: kept 0 row(s)
[queued 26/2,805; selected 4,981] 20180123.export.CSV.zip
  downloading 20180123.export.CSV.zip: 12.9 MB
[done 21/2,805] 20180120.export.CSV.zip: kept 0 row(s)
[queued 27/2,805; selected 4,981] 20180201.export.CSV.zip
  downloading 20180201.export.CSV.zip: 13.0 MB
[done 22/2,805] 20180119.export.CSV.zip: kept 0 row(s)
[queued 28/2,805; selected 4,981] 20180202.export.CSV.zip
  downloading 20180202.export.CSV.zip: 12.7 MB
[done 23/2,805] 20180121.export.CSV.zip: kept 0 row(s)
[queued 29/2,805; selected 4,981] 20180203.export.CSV.zip
  downloading 20180203.export.CSV.zip: 7.6 MB
[done 24/2,805] 20180122.export.CSV.zip: kept 0 row(s)
[queued 30/2,805; selected 4,981] 20180204.export.CSV.zip
  downloading 20180204.export.CSV.zip: 6.3 MB
[done 25/2,805] 20180118.export.CSV.zip: kept 0 row(s)
[queued 31/2,805; selected 4,981] 20180205.export.CSV.zip
  downloading 20180205.export.CSV.zip: 11.1 MB
[done 26/2,805] 20180203.export.CSV.zip: kept 0 row(s)
[queued 32/2,805; selected 4,981] 20180206.export.CSV.zip
  downloading 20180206.export.CSV.zip: 12.7 MB
[done 27/2,805] 20180202.export.CSV.zip: kept 0 row(s)
[queued 33/2,805; selected 4,981] 20180207.export.CSV.zip
  downloading 20180207.export.CSV.zip: 12.9 MB
[done 28/2,805] 20180204.export.CSV.zip: kept 0 row(s)
[queued 34/2,805; selected 4,981] 20180208.export.CSV.zip
  downloading 20180208.export.CSV.zip: 12.9 MB
[done 29/2,805] 20180123.export.CSV.zip: kept 0 row(s)
[queued 35/2,805; selected 4,981] 20180209.export.CSV.zip
  downloading 20180209.export.CSV.zip: 12.2 MB
[done 30/2,805] 20180205.export.CSV.zip: kept 0 row(s)
[queued 36/2,805; selected 4,981] 20180212.export.CSV.zip
[done 31/2,805] 20180201.export.CSV.zip: kept 0 row(s)
[queued 37/2,805; selected 4,981] 20180227.export.CSV.zip
  downloading 20180212.export.CSV.zip: 11.5 MB
  downloading 20180227.export.CSV.zip: 12.7 MB
[done 32/2,805] 20180207.export.CSV.zip: kept 0 row(s)
[queued 38/2,805; selected 4,981] 20180228.export.CSV.zip
  downloading 20180228.export.CSV.zip: 14.0 MB
[done 33/2,805] 20180212.export.CSV.zip: kept 0 row(s)
[queued 39/2,805; selected 4,981] 20180301.export.CSV.zip
  downloading 20180301.export.CSV.zip: 14.0 MB
[done 34/2,805] 20180208.export.CSV.zip: kept 0 row(s)
[queued 40/2,805; selected 4,981] 20180302.export.CSV.zip
[done 35/2,805] 20180227.export.CSV.zip: kept 0 row(s)
[queued 41/2,805; selected 4,981] 20180303.export.CSV.zip
  downloading 20180302.export.CSV.zip: 12.9 MB
[done 36/2,805] 20180209.export.CSV.zip: kept 0 row(s)
[queued 42/2,805; selected 4,981] 20180304.export.CSV.zip
  downloading 20180304.export.CSV.zip: 6.3 MB
  downloading 20180303.export.CSV.zip: 8.0 MB
[done 37/2,805] 20180302.export.CSV.zip: kept 0 row(s)
[queued 43/2,805; selected 4,981] 20180306.export.CSV.zip
  downloading 20180306.export.CSV.zip: 14.0 MB
[done 38/2,805] 20180206.export.CSV.zip: kept 0 row(s)
[queued 44/2,805; selected 4,981] 20180307.export.CSV.zip
  downloading 20180307.export.CSV.zip: 14.5 MB
[done 39/2,805] 20180228.export.CSV.zip: kept 0 row(s)
[queued 45/2,805; selected 4,981] 20180308.export.CSV.zip
  downloading 20180308.export.CSV.zip: 13.9 MB
[done 40/2,805] 20180301.export.CSV.zip: kept 0 row(s)
[queued 46/2,805; selected 4,981] 20180309.export.CSV.zip
  downloading 20180309.export.CSV.zip: 13.9 MB
[done 41/2,805] 20180304.export.CSV.zip: kept 0 row(s)
[queued 47/2,805; selected 4,981] 20180310.export.CSV.zip
  downloading 20180310.export.CSV.zip: 8.4 MB
[done 42/2,805] 20180306.export.CSV.zip: kept 0 row(s)
[queued 48/2,805; selected 4,981] 20180311.export.CSV.zip
  downloading 20180311.export.CSV.zip: 7.1 MB
[done 43/2,805] 20180303.export.CSV.zip: kept 0 row(s)
[queued 49/2,805; selected 4,981] 20180312.export.CSV.zip
  downloading 20180312.export.CSV.zip: 12.1 MB
[done 44/2,805] 20180311.export.CSV.zip: kept 0 row(s)
[queued 50/2,805; selected 4,981] 20180313.export.CSV.zip
  downloading 20180313.export.CSV.zip: 14.0 MB
[done 45/2,805] 20180310.export.CSV.zip: kept 0 row(s)
[queued 51/2,805; selected 4,981] 20180314.export.CSV.zip
  downloading 20180314.export.CSV.zip: 14.8 MB
[done 46/2,805] 20180308.export.CSV.zip: kept 0 row(s)
[queued 52/2,805; selected 4,981] 20180319.export.CSV.zip
  downloading 20180319.export.CSV.zip: 12.5 MB
[done 47/2,805] 20180312.export.CSV.zip: kept 0 row(s)
[queued 53/2,805; selected 4,981] 20180320.export.CSV.zip
  downloading 20180320.export.CSV.zip: 13.5 MB
[done 48/2,805] 20180307.export.CSV.zip: kept 0 row(s)
[queued 54/2,805; selected 4,981] 20180321.export.CSV.zip
  downloading 20180321.export.CSV.zip: 13.9 MB
[done 49/2,805] 20180309.export.CSV.zip: kept 0 row(s)
[queued 55/2,805; selected 4,981] 20180322.export.CSV.zip
[done 50/2,805] 20180313.export.CSV.zip: kept 0 row(s)
[queued 56/2,805; selected 4,981] 20180326.export.CSV.zip
  downloading 20180322.export.CSV.zip: 13.5 MB
  downloading 20180326.export.CSV.zip: 11.9 MB
[done 51/2,805] 20180314.export.CSV.zip: kept 0 row(s)
[queued 57/2,805; selected 4,981] 20180328.export.CSV.zip
  downloading 20180328.export.CSV.zip: 13.9 MB
[done 52/2,805] 20180321.export.CSV.zip: kept 0 row(s)
[queued 58/2,805; selected 4,981] 20180402.export.CSV.zip
  downloading 20180402.export.CSV.zip: 10.0 MB
[done 53/2,805] 20180322.export.CSV.zip: kept 0 row(s)
[queued 59/2,805; selected 4,981] 20180403.export.CSV.zip
  downloading 20180403.export.CSV.zip: 12.8 MB
[done 54/2,805] 20180319.export.CSV.zip: kept 0 row(s)
[queued 60/2,805; selected 4,981] 20180404.export.CSV.zip
[done 55/2,805] 20180326.export.CSV.zip: kept 0 row(s)
  downloading 20180404.export.CSV.zip: 14.1 MB
[queued 61/2,805; selected 4,981] 20180405.export.CSV.zip
  downloading 20180405.export.CSV.zip: 13.9 MB
[done 56/2,805] 20180320.export.CSV.zip: kept 0 row(s)
[queued 62/2,805; selected 4,981] 20180406.export.CSV.zip
  downloading 20180406.export.CSV.zip: 12.7 MB
[done 57/2,805] 20180328.export.CSV.zip: kept 0 row(s)
[queued 63/2,805; selected 4,981] 20180407.export.CSV.zip
  downloading 20180407.export.CSV.zip: 7.7 MB
[done 58/2,805] 20180402.export.CSV.zip: kept 0 row(s)
[queued 64/2,805; selected 4,981] 20180408.export.CSV.zip
  downloading 20180408.export.CSV.zip: 6.9 MB
[done 59/2,805] 20180405.export.CSV.zip: kept 0 row(s)
[queued 65/2,805; selected 4,981] 20180409.export.CSV.zip
  downloading 20180409.export.CSV.zip: 12.2 MB
[done 60/2,805] 20180407.export.CSV.zip: kept 0 row(s)
[queued 66/2,805; selected 4,981] 20180411.export.CSV.zip
  downloading 20180411.export.CSV.zip: 14.2 MB
[done 61/2,805] 20180406.export.CSV.zip: kept 0 row(s)
[queued 67/2,805; selected 4,981] 20180412.export.CSV.zip
  downloading 20180412.export.CSV.zip: 14.8 MB
[done 62/2,805] 20180404.export.CSV.zip: kept 0 row(s)
[queued 68/2,805; selected 4,981] 20180413.export.CSV.zip
  downloading 20180413.export.CSV.zip: 13.5 MB
[done 63/2,805] 20180408.export.CSV.zip: kept 0 row(s)
[queued 69/2,805; selected 4,981] 20180414.export.CSV.zip
  downloading 20180414.export.CSV.zip: 8.9 MB
[done 64/2,805] 20180403.export.CSV.zip: kept 0 row(s)
[queued 70/2,805; selected 4,981] 20180416.export.CSV.zip
  downloading 20180416.export.CSV.zip: 12.2 MB
[done 65/2,805] 20180413.export.CSV.zip: kept 0 row(s)
[queued 71/2,805; selected 4,981] 20180420.export.CSV.zip
  downloading 20180420.export.CSV.zip: 12.8 MB
[done 66/2,805] 20180416.export.CSV.zip: kept 0 row(s)
[queued 72/2,805; selected 4,981] 20180421.export.CSV.zip
  downloading 20180421.export.CSV.zip: 7.9 MB
[done 67/2,805] 20180409.export.CSV.zip: kept 0 row(s)
[queued 73/2,805; selected 4,981] 20180422.export.CSV.zip
[done 68/2,805] 20180411.export.CSV.zip: kept 0 row(s)
[queued 74/2,805; selected 4,981] 20180423.export.CSV.zip
  downloading 20180422.export.CSV.zip: 6.9 MB
  downloading 20180423.export.CSV.zip: 11.9 MB
[done 69/2,805] 20180412.export.CSV.zip: kept 0 row(s)
[queued 75/2,805; selected 4,981] 20180424.export.CSV.zip
  downloading 20180424.export.CSV.zip: 14.3 MB
[done 70/2,805] 20180414.export.CSV.zip: kept 0 row(s)
[queued 76/2,805; selected 4,981] 20180425.export.CSV.zip
  downloading 20180425.export.CSV.zip: 13.8 MB
[done 71/2,805] 20180422.export.CSV.zip: kept 0 row(s)
[queued 77/2,805; selected 4,981] 20180428.export.CSV.zip
  downloading 20180428.export.CSV.zip: 7.6 MB
[done 72/2,805] 20180420.export.CSV.zip: kept 0 row(s)
[queued 78/2,805; selected 4,981] 20180429.export.CSV.zip
  downloading 20180429.export.CSV.zip: 6.7 MB
[done 73/2,805] 20180421.export.CSV.zip: kept 0 row(s)
[queued 79/2,805; selected 4,981] 20180430.export.CSV.zip
  downloading 20180430.export.CSV.zip: 12.2 MB
[done 74/2,805] 20180424.export.CSV.zip: kept 0 row(s)
[queued 80/2,805; selected 4,981] 20180501.export.CSV.zip
  downloading 20180501.export.CSV.zip: 12.9 MB
[done 75/2,805] 20180428.export.CSV.zip: kept 0 row(s)
[queued 81/2,805; selected 4,981] 20180511.export.CSV.zip
[done 76/2,805] 20180423.export.CSV.zip: kept 0 row(s)
[queued 82/2,805; selected 4,981] 20180512.export.CSV.zip
  downloading 20180511.export.CSV.zip: 13.5 MB
  downloading 20180512.export.CSV.zip: 7.6 MB
[done 77/2,805] 20180425.export.CSV.zip: kept 0 row(s)
[queued 83/2,805; selected 4,981] 20190310.export.CSV.zip
  downloading 20190310.export.CSV.zip: 6.4 MB
[done 78/2,805] 20180429.export.CSV.zip: kept 0 row(s)
[queued 84/2,805; selected 4,981] 20190311.export.CSV.zip
  downloading 20190311.export.CSV.zip: 11.2 MB
[done 79/2,805] 20180512.export.CSV.zip: kept 0 row(s)
[queued 85/2,805; selected 4,981] 20190312.export.CSV.zip
  downloading 20190312.export.CSV.zip: 12.7 MB
[done 80/2,805] 20180501.export.CSV.zip: kept 0 row(s)
[queued 86/2,805; selected 4,981] 20190313.export.CSV.zip
  downloading 20190313.export.CSV.zip: 12.7 MB
[done 81/2,805] 20190310.export.CSV.zip: kept 122 row(s)
[queued 87/2,805; selected 4,981] 20190314.export.CSV.zip
  downloading 20190314.export.CSV.zip: 13.2 MB
[done 82/2,805] 20180430.export.CSV.zip: kept 0 row(s)
[queued 88/2,805; selected 4,981] 20190315.export.CSV.zip
  downloading 20190315.export.CSV.zip: 12.7 MB
[done 83/2,805] 20180511.export.CSV.zip: kept 0 row(s)
[queued 89/2,805; selected 4,981] 20190316.export.CSV.zip
  downloading 20190316.export.CSV.zip: 7.5 MB
[done 84/2,805] 20190313.export.CSV.zip: kept 203 row(s)
[queued 90/2,805; selected 4,981] 20190317.export.CSV.zip
  downloading 20190317.export.CSV.zip: 6.6 MB
[done 85/2,805] 20190315.export.CSV.zip: kept 128 row(s)
[queued 91/2,805; selected 4,981] 20190318.export.CSV.zip
  downloading 20190318.export.CSV.zip: 11.7 MB
[done 86/2,805] 20190311.export.CSV.zip: kept 148 row(s)
[queued 92/2,805; selected 4,981] 20190319.export.CSV.zip
  downloading 20190319.export.CSV.zip: 13.5 MB
[done 87/2,805] 20190312.export.CSV.zip: kept 184 row(s)
[queued 93/2,805; selected 4,981] 20190320.export.CSV.zip
  downloading 20190320.export.CSV.zip: 13.4 MB
[done 88/2,805] 20190314.export.CSV.zip: kept 170 row(s)
[queued 94/2,805; selected 4,981] 20190321.export.CSV.zip
  downloading 20190321.export.CSV.zip: 12.5 MB
[done 89/2,805] 20190317.export.CSV.zip: kept 115 row(s)
[queued 95/2,805; selected 4,981] 20190322.export.CSV.zip
[done 90/2,805] 20190316.export.CSV.zip: kept 118 row(s)
[queued 96/2,805; selected 4,981] 20190323.export.CSV.zip
  downloading 20190323.export.CSV.zip: 7.5 MB
  downloading 20190322.export.CSV.zip: 12.0 MB
[done 91/2,805] 20190320.export.CSV.zip: kept 131 row(s)
[queued 97/2,805; selected 4,981] 20190324.export.CSV.zip
  downloading 20190324.export.CSV.zip: 6.4 MB
[done 92/2,805] 20190323.export.CSV.zip: kept 104 row(s)
[queued 98/2,805; selected 4,981] 20190325.export.CSV.zip
  downloading 20190325.export.CSV.zip: 11.7 MB
[done 93/2,805] 20190321.export.CSV.zip: kept 127 row(s)
[queued 99/2,805; selected 4,981] 20190326.export.CSV.zip
  downloading 20190326.export.CSV.zip: 12.9 MB
[done 94/2,805] 20190318.export.CSV.zip: kept 138 row(s)
[queued 100/2,805; selected 4,981] 20190327.export.CSV.zip
  downloading 20190327.export.CSV.zip: 13.2 MB
[done 95/2,805] 20190319.export.CSV.zip: kept 183 row(s)
[queued 101/2,805; selected 4,981] 20190328.export.CSV.zip
  downloading 20190328.export.CSV.zip: 12.7 MB
[done 96/2,805] 20190324.export.CSV.zip: kept 95 row(s)
[queued 102/2,805; selected 4,981] 20190329.export.CSV.zip
  downloading 20190329.export.CSV.zip: 12.4 MB
[done 97/2,805] 20190322.export.CSV.zip: kept 107 row(s)
[queued 103/2,805; selected 4,981] 20190330.export.CSV.zip
  downloading 20190330.export.CSV.zip: 7.3 MB
[done 98/2,805] 20190326.export.CSV.zip: kept 147 row(s)
[queued 104/2,805; selected 4,981] 20190331.export.CSV.zip
  downloading 20190331.export.CSV.zip: 6.3 MB
[done 99/2,805] 20190325.export.CSV.zip: kept 137 row(s)
[queued 105/2,805; selected 4,981] 20190401.export.CSV.zip
  downloading 20190401.export.CSV.zip: 10.7 MB
[done 100/2,805] 20190328.export.CSV.zip: kept 110 row(s)
[queued 106/2,805; selected 4,981] 20190402.export.CSV.zip
  downloading 20190402.export.CSV.zip: 12.1 MB
[done 101/2,805] 20190330.export.CSV.zip: kept 139 row(s)
[queued 107/2,805; selected 4,981] 20190403.export.CSV.zip
  downloading 20190403.export.CSV.zip: 12.7 MB
[done 102/2,805] 20190327.export.CSV.zip: kept 119 row(s)
[queued 108/2,805; selected 4,981] 20190404.export.CSV.zip
  downloading 20190404.export.CSV.zip: 12.7 MB
[done 103/2,805] 20190331.export.CSV.zip: kept 98 row(s)
[queued 109/2,805; selected 4,981] 20190405.export.CSV.zip
  downloading 20190405.export.CSV.zip: 11.4 MB
[done 104/2,805] 20190329.export.CSV.zip: kept 183 row(s)
[queued 110/2,805; selected 4,981] 20190406.export.CSV.zip
  downloading 20190406.export.CSV.zip: 7.5 MB
[done 105/2,805] 20190401.export.CSV.zip: kept 139 row(s)
[queued 111/2,805; selected 4,981] 20190407.export.CSV.zip
  downloading 20190407.export.CSV.zip: 6.4 MB
[done 106/2,805] 20190404.export.CSV.zip: kept 178 row(s)
[queued 112/2,805; selected 4,981] 20190408.export.CSV.zip
  downloading 20190408.export.CSV.zip: 11.1 MB
[done 107/2,805] 20190402.export.CSV.zip: kept 179 row(s)
[queued 113/2,805; selected 4,981] 20190409.export.CSV.zip
  downloading 20190409.export.CSV.zip: 12.5 MB
[done 108/2,805] 20190407.export.CSV.zip: kept 105 row(s)
[queued 114/2,805; selected 4,981] 20190410.export.CSV.zip
  downloading 20190410.export.CSV.zip: 12.8 MB
[done 109/2,805] 20190403.export.CSV.zip: kept 165 row(s)
[queued 115/2,805; selected 4,981] 20190411.export.CSV.zip
  downloading 20190411.export.CSV.zip: 13.4 MB
[done 110/2,805] 20190405.export.CSV.zip: kept 173 row(s)
[queued 116/2,805; selected 4,981] 20190412.export.CSV.zip
  downloading 20190412.export.CSV.zip: 12.4 MB
[done 111/2,805] 20190406.export.CSV.zip: kept 98 row(s)
[queued 117/2,805; selected 4,981] 20190413.export.CSV.zip
  downloading 20190413.export.CSV.zip: 7.1 MB
[done 112/2,805] 20190408.export.CSV.zip: kept 156 row(s)
[queued 118/2,805; selected 4,981] 20190414.export.CSV.zip
  downloading 20190414.export.CSV.zip: 6.1 MB
[done 113/2,805] 20190414.export.CSV.zip: kept 80 row(s)
[queued 119/2,805; selected 4,981] 20190415.export.CSV.zip
  downloading 20190415.export.CSV.zip: 10.5 MB
[done 114/2,805] 20190412.export.CSV.zip: kept 152 row(s)
[queued 120/2,805; selected 4,981] 20190416.export.CSV.zip
  downloading 20190416.export.CSV.zip: 11.8 MB
[done 115/2,805] 20190409.export.CSV.zip: kept 178 row(s)
[queued 121/2,805; selected 4,981] 20190417.export.CSV.zip
  downloading 20190417.export.CSV.zip: 12.7 MB
[done 116/2,805] 20190413.export.CSV.zip: kept 131 row(s)
[queued 122/2,805; selected 4,981] 20190418.export.CSV.zip
  downloading 20190418.export.CSV.zip: 12.3 MB
[done 117/2,805] 20190410.export.CSV.zip: kept 162 row(s)
[queued 123/2,805; selected 4,981] 20190419.export.CSV.zip
  downloading 20190419.export.CSV.zip: 9.8 MB
[done 118/2,805] 20190415.export.CSV.zip: kept 140 row(s)
[queued 124/2,805; selected 4,981] 20190420.export.CSV.zip
  downloading 20190420.export.CSV.zip: 6.4 MB
[done 119/2,805] 20190411.export.CSV.zip: kept 164 row(s)
[queued 125/2,805; selected 4,981] 20190421.export.CSV.zip
  downloading 20190421.export.CSV.zip: 5.8 MB
[done 120/2,805] 20190416.export.CSV.zip: kept 165 row(s)
[queued 126/2,805; selected 4,981] 20190422.export.CSV.zip
  downloading 20190422.export.CSV.zip: 9.3 MB
[done 121/2,805] 20190420.export.CSV.zip: kept 94 row(s)
[queued 127/2,805; selected 4,981] 20190423.export.CSV.zip
  downloading 20190423.export.CSV.zip: 11.6 MB
[done 122/2,805] 20190421.export.CSV.zip: kept 95 row(s)
[queued 128/2,805; selected 4,981] 20190424.export.CSV.zip
  downloading 20190424.export.CSV.zip: 12.7 MB
[done 123/2,805] 20190419.export.CSV.zip: kept 98 row(s)
[queued 129/2,805; selected 4,981] 20190425.export.CSV.zip
  downloading 20190425.export.CSV.zip: 12.7 MB
[done 124/2,805] 20190417.export.CSV.zip: kept 164 row(s)
[queued 130/2,805; selected 4,981] 20190426.export.CSV.zip
[done 125/2,805] 20190423.export.CSV.zip: kept 162 row(s)
[queued 131/2,805; selected 4,981] 20190427.export.CSV.zip
  downloading 20190426.export.CSV.zip: 11.6 MB
  downloading 20190427.export.CSV.zip: 6.8 MB
[done 126/2,805] 20190418.export.CSV.zip: kept 155 row(s)
[queued 132/2,805; selected 4,981] 20190428.export.CSV.zip
  downloading 20190428.export.CSV.zip: 6.2 MB
[done 127/2,805] 20190422.export.CSV.zip: kept 137 row(s)
[queued 133/2,805; selected 4,981] 20190429.export.CSV.zip
  downloading 20190429.export.CSV.zip: 10.7 MB
[done 128/2,805] 20190427.export.CSV.zip: kept 109 row(s)
[queued 134/2,805; selected 4,981] 20190430.export.CSV.zip
  downloading 20190430.export.CSV.zip: 12.0 MB
[done 129/2,805] 20190429.export.CSV.zip: kept 131 row(s)
[queued 135/2,805; selected 4,981] 20190501.export.CSV.zip
  downloading 20190501.export.CSV.zip: 12.4 MB
[done 130/2,805] 20190424.export.CSV.zip: kept 155 row(s)
[queued 136/2,805; selected 4,981] 20190502.export.CSV.zip
  downloading 20190502.export.CSV.zip: 12.7 MB
[done 131/2,805] 20190428.export.CSV.zip: kept 85 row(s)
[queued 137/2,805; selected 4,981] 20190503.export.CSV.zip
  downloading 20190503.export.CSV.zip: 11.6 MB
[done 132/2,805] 20190503.export.CSV.zip: kept 132 row(s)
[queued 138/2,805; selected 4,981] 20190504.export.CSV.zip
  downloading 20190504.export.CSV.zip: 6.9 MB
[done 133/2,805] 20190426.export.CSV.zip: kept 106 row(s)
[queued 139/2,805; selected 4,981] 20190505.export.CSV.zip
  downloading 20190505.export.CSV.zip: 6.3 MB
[done 134/2,805] 20190430.export.CSV.zip: kept 120 row(s)
[queued 140/2,805; selected 4,981] 20190506.export.CSV.zip
[done 135/2,805] 20190425.export.CSV.zip: kept 131 row(s)
[done 136/2,805] 20190501.export.CSV.zip: kept 128 row(s)
[queued 141/2,805; selected 4,981] 20190507.export.CSV.zip
[queued 142/2,805; selected 4,981] 20190508.export.CSV.zip
  downloading 20190506.export.CSV.zip: 10.2 MB
  downloading 20190508.export.CSV.zip: 12.5 MB
  downloading 20190507.export.CSV.zip: 12.1 MB
[done 137/2,805] 20190502.export.CSV.zip: kept 137 row(s)
[queued 143/2,805; selected 4,981] 20190509.export.CSV.zip
  downloading 20190509.export.CSV.zip: 12.3 MB
[done 138/2,805] 20190504.export.CSV.zip: kept 115 row(s)
[queued 144/2,805; selected 4,981] 20190510.export.CSV.zip
  downloading 20190510.export.CSV.zip: 11.6 MB
[done 139/2,805] 20190505.export.CSV.zip: kept 96 row(s)
[queued 145/2,805; selected 4,981] 20190511.export.CSV.zip
  downloading 20190511.export.CSV.zip: 6.7 MB
[done 140/2,805] 20190507.export.CSV.zip: kept 147 row(s)
[queued 146/2,805; selected 4,981] 20190512.export.CSV.zip
  downloading 20190512.export.CSV.zip: 5.9 MB
[done 141/2,805] 20190511.export.CSV.zip: kept 95 row(s)
[queued 147/2,805; selected 4,981] 20190513.export.CSV.zip
  downloading 20190513.export.CSV.zip: 10.7 MB
[done 142/2,805] 20190508.export.CSV.zip: kept 149 row(s)
[queued 148/2,805; selected 4,981] 20190514.export.CSV.zip
[done 143/2,805] 20190510.export.CSV.zip: kept 141 row(s)
[done 144/2,805] 20190509.export.CSV.zip: kept 121 row(s)
[queued 149/2,805; selected 4,981] 20190515.export.CSV.zip
[queued 150/2,805; selected 4,981] 20190516.export.CSV.zip
  downloading 20190514.export.CSV.zip: 12.5 MB
  downloading 20190515.export.CSV.zip: 12.6 MB
  downloading 20190516.export.CSV.zip: 12.5 MB
[done 145/2,805] 20190506.export.CSV.zip: kept 115 row(s)
[queued 151/2,805; selected 4,981] 20190517.export.CSV.zip
[done 146/2,805] 20190512.export.CSV.zip: kept 104 row(s)
[queued 152/2,805; selected 4,981] 20190518.export.CSV.zip
  downloading 20190517.export.CSV.zip: 11.6 MB
  downloading 20190518.export.CSV.zip: 6.7 MB
[done 147/2,805] 20190515.export.CSV.zip: kept 136 row(s)
[queued 153/2,805; selected 4,981] 20190519.export.CSV.zip
  downloading 20190519.export.CSV.zip: 5.8 MB
[done 148/2,805] 20190514.export.CSV.zip: kept 161 row(s)
[queued 154/2,805; selected 4,981] 20190520.export.CSV.zip
  downloading 20190520.export.CSV.zip: 10.3 MB
[done 149/2,805] 20190518.export.CSV.zip: kept 116 row(s)
[queued 155/2,805; selected 4,981] 20190521.export.CSV.zip
  downloading 20190521.export.CSV.zip: 11.8 MB
[done 150/2,805] 20190516.export.CSV.zip: kept 140 row(s)
[queued 156/2,805; selected 4,981] 20190522.export.CSV.zip
  downloading 20190522.export.CSV.zip: 12.4 MB
[done 151/2,805] 20190517.export.CSV.zip: kept 122 row(s)
[queued 157/2,805; selected 4,981] 20190523.export.CSV.zip
  downloading 20190523.export.CSV.zip: 12.4 MB
[done 152/2,805] 20190513.export.CSV.zip: kept 125 row(s)
[queued 158/2,805; selected 4,981] 20190524.export.CSV.zip
[done 153/2,805] 20190520.export.CSV.zip: kept 124 row(s)
[queued 159/2,805; selected 4,981] 20190525.export.CSV.zip
[done 154/2,805] 20190519.export.CSV.zip: kept 82 row(s)
[queued 160/2,805; selected 4,981] 20190526.export.CSV.zip
  downloading 20190524.export.CSV.zip: 11.6 MB
  downloading 20190525.export.CSV.zip: 6.6 MB
  downloading 20190526.export.CSV.zip: 6.0 MB
[done 155/2,805] 20190521.export.CSV.zip: kept 155 row(s)
[queued 161/2,805; selected 4,981] 20190527.export.CSV.zip
  downloading 20190527.export.CSV.zip: 8.4 MB
[done 156/2,805] 20190522.export.CSV.zip: kept 154 row(s)
[queued 162/2,805; selected 4,981] 20190528.export.CSV.zip
  downloading 20190528.export.CSV.zip: 11.0 MB
[done 157/2,805] 20190523.export.CSV.zip: kept 119 row(s)
[queued 163/2,805; selected 4,981] 20190529.export.CSV.zip
  downloading 20190529.export.CSV.zip: 12.0 MB
[done 158/2,805] 20190526.export.CSV.zip: kept 67 row(s)
[queued 164/2,805; selected 4,981] 20190530.export.CSV.zip
[done 159/2,805] 20190525.export.CSV.zip: kept 83 row(s)
[queued 165/2,805; selected 4,981] 20190531.export.CSV.zip
  downloading 20190530.export.CSV.zip: 12.1 MB
  downloading 20190531.export.CSV.zip: 11.3 MB
[done 160/2,805] 20190524.export.CSV.zip: kept 129 row(s)
[queued 166/2,805; selected 4,981] 20190601.export.CSV.zip
  downloading 20190601.export.CSV.zip: 6.9 MB
[done 161/2,805] 20190527.export.CSV.zip: kept 102 row(s)
[queued 167/2,805; selected 4,981] 20190602.export.CSV.zip
  downloading 20190602.export.CSV.zip: 6.0 MB
[done 162/2,805] 20190529.export.CSV.zip: kept 107 row(s)
[queued 168/2,805; selected 4,981] 20190603.export.CSV.zip
  downloading 20190603.export.CSV.zip: 10.4 MB
[done 163/2,805] 20190528.export.CSV.zip: kept 159 row(s)
[queued 169/2,805; selected 4,981] 20190604.export.CSV.zip
[done 164/2,805] 20190601.export.CSV.zip: kept 95 row(s)
  downloading 20190604.export.CSV.zip: 11.7 MB
[queued 170/2,805; selected 4,981] 20190605.export.CSV.zip
[done 165/2,805] 20190531.export.CSV.zip: kept 125 row(s)
[queued 171/2,805; selected 4,981] 20190606.export.CSV.zip
  downloading 20190605.export.CSV.zip: 12.0 MB
  downloading 20190606.export.CSV.zip: 12.1 MB
[done 166/2,805] 20190602.export.CSV.zip: kept 84 row(s)
[queued 172/2,805; selected 4,981] 20190607.export.CSV.zip
  downloading 20190607.export.CSV.zip: 10.9 MB
[done 167/2,805] 20190530.export.CSV.zip: kept 102 row(s)
[queued 173/2,805; selected 4,981] 20190608.export.CSV.zip
  downloading 20190608.export.CSV.zip: 6.4 MB
[done 168/2,805] 20190606.export.CSV.zip: kept 120 row(s)
[queued 174/2,805; selected 4,981] 20190609.export.CSV.zip
[done 169/2,805] 20190605.export.CSV.zip: kept 131 row(s)
[queued 175/2,805; selected 4,981] 20190610.export.CSV.zip
  downloading 20190609.export.CSV.zip: 5.7 MB
  downloading 20190610.export.CSV.zip: 9.9 MB
[done 170/2,805] 20190603.export.CSV.zip: kept 103 row(s)
[queued 176/2,805; selected 4,981] 20190611.export.CSV.zip
  downloading 20190611.export.CSV.zip: 11.4 MB
[done 171/2,805] 20190608.export.CSV.zip: kept 106 row(s)
[queued 177/2,805; selected 4,981] 20190612.export.CSV.zip
  downloading 20190612.export.CSV.zip: 12.4 MB
[done 172/2,805] 20190607.export.CSV.zip: kept 141 row(s)
[queued 178/2,805; selected 4,981] 20190613.export.CSV.zip
[done 173/2,805] 20190604.export.CSV.zip: kept 147 row(s)
[queued 179/2,805; selected 4,981] 20190614.export.CSV.zip
  downloading 20190614.export.CSV.zip: 11.4 MB
  downloading 20190613.export.CSV.zip: 12.5 MB
[done 174/2,805] 20190609.export.CSV.zip: kept 79 row(s)
[queued 180/2,805; selected 4,981] 20190615.export.CSV.zip
  downloading 20190615.export.CSV.zip: 6.6 MB
[done 175/2,805] 20190610.export.CSV.zip: kept 127 row(s)
[queued 181/2,805; selected 4,981] 20190616.export.CSV.zip
  downloading 20190616.export.CSV.zip: 5.7 MB
[done 176/2,805] 20190613.export.CSV.zip: kept 107 row(s)
[queued 182/2,805; selected 4,981] 20190617.export.CSV.zip
  downloading 20190617.export.CSV.zip: 9.8 MB
[done 177/2,805] 20190615.export.CSV.zip: kept 124 row(s)
[queued 183/2,805; selected 4,981] 20190618.export.CSV.zip
[done 178/2,805] 20190616.export.CSV.zip: kept 85 row(s)
[queued 184/2,805; selected 4,981] 20190619.export.CSV.zip
  downloading 20190618.export.CSV.zip: 11.7 MB
  downloading 20190619.export.CSV.zip: 12.7 MB
[done 179/2,805] 20190614.export.CSV.zip: kept 140 row(s)
[queued 185/2,805; selected 4,981] 20190620.export.CSV.zip
  downloading 20190620.export.CSV.zip: 12.4 MB
[done 180/2,805] 20190611.export.CSV.zip: kept 163 row(s)
[queued 186/2,805; selected 4,981] 20190621.export.CSV.zip
  downloading 20190621.export.CSV.zip: 11.4 MB
[done 181/2,805] 20190612.export.CSV.zip: kept 148 row(s)
[queued 187/2,805; selected 4,981] 20190622.export.CSV.zip
  downloading 20190622.export.CSV.zip: 6.8 MB
[done 182/2,805] 20190617.export.CSV.zip: kept 123 row(s)
[queued 188/2,805; selected 4,981] 20190623.export.CSV.zip
  downloading 20190623.export.CSV.zip: 5.9 MB
[done 183/2,805] 20190618.export.CSV.zip: kept 126 row(s)
[queued 189/2,805; selected 4,981] 20190624.export.CSV.zip
  downloading 20190624.export.CSV.zip: 10.4 MB
[done 184/2,805] 20190622.export.CSV.zip: kept 87 row(s)
[queued 190/2,805; selected 4,981] 20190625.export.CSV.zip
  downloading 20190625.export.CSV.zip: 11.9 MB
[done 185/2,805] 20190623.export.CSV.zip: kept 75 row(s)
[queued 191/2,805; selected 4,981] 20190626.export.CSV.zip
  downloading 20190626.export.CSV.zip: 12.5 MB
[done 186/2,805] 20190620.export.CSV.zip: kept 119 row(s)
[queued 192/2,805; selected 4,981] 20190627.export.CSV.zip
  downloading 20190627.export.CSV.zip: 12.5 MB
[done 187/2,805] 20190624.export.CSV.zip: kept 119 row(s)
[queued 193/2,805; selected 4,981] 20190628.export.CSV.zip
  downloading 20190628.export.CSV.zip: 12.2 MB
[done 188/2,805] 20190619.export.CSV.zip: kept 140 row(s)
[queued 194/2,805; selected 4,981] 20190629.export.CSV.zip
  downloading 20190629.export.CSV.zip: 6.9 MB
[done 189/2,805] 20190621.export.CSV.zip: kept 107 row(s)
[queued 195/2,805; selected 4,981] 20190630.export.CSV.zip
  downloading 20190630.export.CSV.zip: 6.1 MB
[done 190/2,805] 20190625.export.CSV.zip: kept 134 row(s)
[queued 196/2,805; selected 4,981] 20190701.export.CSV.zip
  downloading 20190701.export.CSV.zip: 10.3 MB
[done 191/2,805] 20190629.export.CSV.zip: kept 91 row(s)
[queued 197/2,805; selected 4,981] 20190702.export.CSV.zip
  downloading 20190702.export.CSV.zip: 11.2 MB
[done 192/2,805] 20190626.export.CSV.zip: kept 184 row(s)
[queued 198/2,805; selected 4,981] 20190703.export.CSV.zip
  downloading 20190703.export.CSV.zip: 11.4 MB
[done 193/2,805] 20190630.export.CSV.zip: kept 94 row(s)
[queued 199/2,805; selected 4,981] 20190704.export.CSV.zip
  downloading 20190704.export.CSV.zip: 9.4 MB
[done 194/2,805] 20190628.export.CSV.zip: kept 114 row(s)
[queued 200/2,805; selected 4,981] 20190705.export.CSV.zip
  downloading 20190705.export.CSV.zip: 9.0 MB
[done 195/2,805] 20190701.export.CSV.zip: kept 130 row(s)
[queued 201/2,805; selected 4,981] 20190706.export.CSV.zip
  downloading 20190706.export.CSV.zip: 5.7 MB
[done 196/2,805] 20190627.export.CSV.zip: kept 130 row(s)
[queued 202/2,805; selected 4,981] 20190707.export.CSV.zip
  downloading 20190707.export.CSV.zip: 5.4 MB
[done 197/2,805] 20190702.export.CSV.zip: kept 150 row(s)
[queued 203/2,805; selected 4,981] 20190708.export.CSV.zip
  downloading 20190708.export.CSV.zip: 9.9 MB
[done 198/2,805] 20190703.export.CSV.zip: kept 152 row(s)
[queued 204/2,805; selected 4,981] 20190709.export.CSV.zip
  downloading 20190709.export.CSV.zip: 11.4 MB
[done 199/2,805] 20190706.export.CSV.zip: kept 86 row(s)
[queued 205/2,805; selected 4,981] 20190710.export.CSV.zip
  downloading 20190710.export.CSV.zip: 11.6 MB
[done 200/2,805] 20190705.export.CSV.zip: kept 97 row(s)
[queued 206/2,805; selected 4,981] 20190711.export.CSV.zip
  downloading 20190711.export.CSV.zip: 11.6 MB
[done 201/2,805] 20190707.export.CSV.zip: kept 81 row(s)
[queued 207/2,805; selected 4,981] 20190712.export.CSV.zip
[done 202/2,805] 20190704.export.CSV.zip: kept 112 row(s)
[queued 208/2,805; selected 4,981] 20190713.export.CSV.zip
  downloading 20190712.export.CSV.zip: 10.7 MB
  downloading 20190713.export.CSV.zip: 6.6 MB
[done 203/2,805] 20190709.export.CSV.zip: kept 136 row(s)
[queued 209/2,805; selected 4,981] 20190714.export.CSV.zip
  downloading 20190714.export.CSV.zip: 5.5 MB
[done 204/2,805] 20190708.export.CSV.zip: kept 128 row(s)
[queued 210/2,805; selected 4,981] 20190715.export.CSV.zip
  downloading 20190715.export.CSV.zip: 9.6 MB
[done 205/2,805] 20190710.export.CSV.zip: kept 133 row(s)
[queued 211/2,805; selected 4,981] 20190716.export.CSV.zip
  downloading 20190716.export.CSV.zip: 11.3 MB
[done 206/2,805] 20190713.export.CSV.zip: kept 80 row(s)
[queued 212/2,805; selected 4,981] 20190717.export.CSV.zip
[done 207/2,805] 20190712.export.CSV.zip: kept 112 row(s)
[queued 213/2,805; selected 4,981] 20190718.export.CSV.zip
  downloading 20190717.export.CSV.zip: 11.9 MB
  downloading 20190718.export.CSV.zip: 11.6 MB
[done 208/2,805] 20190715.export.CSV.zip: kept 99 row(s)
[queued 214/2,805; selected 4,981] 20190719.export.CSV.zip
  downloading 20190719.export.CSV.zip: 10.8 MB
[done 209/2,805] 20190714.export.CSV.zip: kept 72 row(s)
[queued 215/2,805; selected 4,981] 20190720.export.CSV.zip
  downloading 20190720.export.CSV.zip: 6.5 MB
[done 210/2,805] 20190716.export.CSV.zip: kept 98 row(s)
[queued 216/2,805; selected 4,981] 20190721.export.CSV.zip
  downloading 20190721.export.CSV.zip: 5.7 MB
[done 211/2,805] 20190711.export.CSV.zip: kept 143 row(s)
[queued 217/2,805; selected 4,981] 20190722.export.CSV.zip
[done 212/2,805] 20190717.export.CSV.zip: kept 142 row(s)
[queued 218/2,805; selected 4,981] 20190723.export.CSV.zip
  downloading 20190723.export.CSV.zip: 11.6 MB
  downloading 20190722.export.CSV.zip: 10.0 MB
[done 213/2,805] 20190721.export.CSV.zip: kept 92 row(s)
[queued 219/2,805; selected 4,981] 20190724.export.CSV.zip
  downloading 20190724.export.CSV.zip: 11.9 MB
[done 214/2,805] 20190720.export.CSV.zip: kept 92 row(s)
[queued 220/2,805; selected 4,981] 20190725.export.CSV.zip
  downloading 20190725.export.CSV.zip: 11.6 MB
[done 215/2,805] 20190719.export.CSV.zip: kept 102 row(s)
[queued 221/2,805; selected 4,981] 20190726.export.CSV.zip
  downloading 20190726.export.CSV.zip: 9.9 MB
[done 216/2,805] 20190723.export.CSV.zip: kept 141 row(s)
[queued 222/2,805; selected 4,981] 20190727.export.CSV.zip
[done 217/2,805] 20190718.export.CSV.zip: kept 109 row(s)
[queued 223/2,805; selected 4,981] 20190728.export.CSV.zip
  downloading 20190727.export.CSV.zip: 6.2 MB
  downloading 20190728.export.CSV.zip: 5.7 MB
[done 218/2,805] 20190722.export.CSV.zip: kept 121 row(s)
[queued 224/2,805; selected 4,981] 20190729.export.CSV.zip
  downloading 20190729.export.CSV.zip: 9.9 MB
[done 219/2,805] 20190727.export.CSV.zip: kept 85 row(s)
[queued 225/2,805; selected 4,981] 20190730.export.CSV.zip
[done 220/2,805] 20190728.export.CSV.zip: kept 103 row(s)
[queued 226/2,805; selected 4,981] 20190731.export.CSV.zip
  downloading 20190730.export.CSV.zip: 11.0 MB
  downloading 20190731.export.CSV.zip: 11.4 MB
[done 221/2,805] 20190726.export.CSV.zip: kept 113 row(s)
[queued 227/2,805; selected 4,981] 20190801.export.CSV.zip
[done 222/2,805] 20190725.export.CSV.zip: kept 121 row(s)
[queued 228/2,805; selected 4,981] 20190802.export.CSV.zip
  downloading 20190801.export.CSV.zip: 11.4 MB
  downloading 20190802.export.CSV.zip: 10.9 MB
[done 223/2,805] 20190724.export.CSV.zip: kept 138 row(s)
[queued 229/2,805; selected 4,981] 20190803.export.CSV.zip
  downloading 20190803.export.CSV.zip: 6.2 MB
[done 224/2,805] 20190730.export.CSV.zip: kept 156 row(s)
[queued 230/2,805; selected 4,981] 20190804.export.CSV.zip
  downloading 20190804.export.CSV.zip: 5.8 MB
[done 225/2,805] 20190802.export.CSV.zip: kept 150 row(s)
[queued 231/2,805; selected 4,981] 20190805.export.CSV.zip
  downloading 20190805.export.CSV.zip: 9.6 MB
[done 226/2,805] 20190729.export.CSV.zip: kept 106 row(s)
[queued 232/2,805; selected 4,981] 20190806.export.CSV.zip
[done 227/2,805] 20190731.export.CSV.zip: kept 127 row(s)
[queued 233/2,805; selected 4,981] 20190807.export.CSV.zip
  downloading 20190807.export.CSV.zip: 11.4 MB
  downloading 20190806.export.CSV.zip: 11.1 MB
[done 228/2,805] 20190803.export.CSV.zip: kept 96 row(s)
[queued 234/2,805; selected 4,981] 20190808.export.CSV.zip
[done 229/2,805] 20190804.export.CSV.zip: kept 96 row(s)
[queued 235/2,805; selected 4,981] 20190809.export.CSV.zip
  downloading 20190808.export.CSV.zip: 11.0 MB
  downloading 20190809.export.CSV.zip: 10.6 MB
[done 230/2,805] 20190801.export.CSV.zip: kept 109 row(s)
[queued 236/2,805; selected 4,981] 20190810.export.CSV.zip
  downloading 20190810.export.CSV.zip: 6.3 MB
[done 231/2,805] 20190805.export.CSV.zip: kept 163 row(s)
[queued 237/2,805; selected 4,981] 20190811.export.CSV.zip
  downloading 20190811.export.CSV.zip: 5.3 MB
[done 232/2,805] 20190809.export.CSV.zip: kept 133 row(s)
[queued 238/2,805; selected 4,981] 20190812.export.CSV.zip
  downloading 20190812.export.CSV.zip: 8.9 MB
[done 233/2,805] 20190810.export.CSV.zip: kept 81 row(s)
[queued 239/2,805; selected 4,981] 20190813.export.CSV.zip
  downloading 20190813.export.CSV.zip: 10.0 MB
[done 234/2,805] 20190808.export.CSV.zip: kept 142 row(s)
[queued 240/2,805; selected 4,981] 20190814.export.CSV.zip
  downloading 20190814.export.CSV.zip: 10.7 MB
[done 235/2,805] 20190811.export.CSV.zip: kept 98 row(s)
[queued 241/2,805; selected 4,981] 20190815.export.CSV.zip
  downloading 20190815.export.CSV.zip: 10.8 MB
[done 236/2,805] 20190807.export.CSV.zip: kept 118 row(s)
[queued 242/2,805; selected 4,981] 20190816.export.CSV.zip
  downloading 20190816.export.CSV.zip: 10.5 MB
[done 237/2,805] 20190812.export.CSV.zip: kept 135 row(s)
[queued 243/2,805; selected 4,981] 20190817.export.CSV.zip
  downloading 20190817.export.CSV.zip: 6.4 MB
[done 238/2,805] 20190806.export.CSV.zip: kept 130 row(s)
[queued 244/2,805; selected 4,981] 20190818.export.CSV.zip
  downloading 20190818.export.CSV.zip: 5.7 MB
[done 239/2,805] 20190814.export.CSV.zip: kept 113 row(s)
[queued 245/2,805; selected 4,981] 20190819.export.CSV.zip
  downloading 20190819.export.CSV.zip: 10.0 MB
[done 240/2,805] 20190813.export.CSV.zip: kept 155 row(s)
[queued 246/2,805; selected 4,981] 20190820.export.CSV.zip
  downloading 20190820.export.CSV.zip: 11.1 MB
[done 241/2,805] 20190815.export.CSV.zip: kept 116 row(s)
[queued 247/2,805; selected 4,981] 20190821.export.CSV.zip
  downloading 20190821.export.CSV.zip: 11.8 MB
[done 242/2,805] 20190816.export.CSV.zip: kept 104 row(s)
[queued 248/2,805; selected 4,981] 20190822.export.CSV.zip
  downloading 20190822.export.CSV.zip: 11.5 MB
[done 243/2,805] 20190818.export.CSV.zip: kept 95 row(s)
[queued 249/2,805; selected 4,981] 20190823.export.CSV.zip
[done 244/2,805] 20190817.export.CSV.zip: kept 114 row(s)
[queued 250/2,805; selected 4,981] 20190824.export.CSV.zip
  downloading 20190823.export.CSV.zip: 10.7 MB
  downloading 20190824.export.CSV.zip: 6.6 MB
[done 245/2,805] 20190820.export.CSV.zip: kept 109 row(s)
[queued 251/2,805; selected 4,981] 20190825.export.CSV.zip
  downloading 20190825.export.CSV.zip: 5.9 MB
[done 246/2,805] 20190819.export.CSV.zip: kept 166 row(s)
[queued 252/2,805; selected 4,981] 20190826.export.CSV.zip
  downloading 20190826.export.CSV.zip: 9.7 MB
[done 247/2,805] 20190821.export.CSV.zip: kept 149 row(s)
[queued 253/2,805; selected 4,981] 20190827.export.CSV.zip
  downloading 20190827.export.CSV.zip: 11.0 MB
[done 248/2,805] 20190822.export.CSV.zip: kept 118 row(s)
[queued 254/2,805; selected 4,981] 20190828.export.CSV.zip
  downloading 20190828.export.CSV.zip: 11.6 MB
[done 249/2,805] 20190824.export.CSV.zip: kept 92 row(s)
[queued 255/2,805; selected 4,981] 20190829.export.CSV.zip
  downloading 20190829.export.CSV.zip: 11.4 MB
[done 250/2,805] 20190823.export.CSV.zip: kept 105 row(s)
[queued 256/2,805; selected 4,981] 20190830.export.CSV.zip
  downloading 20190830.export.CSV.zip: 10.6 MB
[done 251/2,805] 20190825.export.CSV.zip: kept 73 row(s)
[queued 257/2,805; selected 4,981] 20190831.export.CSV.zip
  downloading 20190831.export.CSV.zip: 6.2 MB
[done 252/2,805] 20190828.export.CSV.zip: kept 117 row(s)
[queued 258/2,805; selected 4,981] 20190901.export.CSV.zip
  downloading 20190901.export.CSV.zip: 5.7 MB
[done 253/2,805] 20190826.export.CSV.zip: kept 115 row(s)
[queued 259/2,805; selected 4,981] 20190902.export.CSV.zip
[done 254/2,805] 20190830.export.CSV.zip: kept 117 row(s)
[queued 260/2,805; selected 4,981] 20190903.export.CSV.zip
[done 255/2,805] 20190827.export.CSV.zip: kept 122 row(s)
[queued 261/2,805; selected 4,981] 20190904.export.CSV.zip
  downloading 20190902.export.CSV.zip: 8.1 MB
  downloading 20190903.export.CSV.zip: 10.6 MB
  downloading 20190904.export.CSV.zip: 11.9 MB
[done 256/2,805] 20190831.export.CSV.zip: kept 120 row(s)
[queued 262/2,805; selected 4,981] 20190905.export.CSV.zip
  downloading 20190905.export.CSV.zip: 11.7 MB
[done 257/2,805] 20190829.export.CSV.zip: kept 151 row(s)
[queued 263/2,805; selected 4,981] 20190906.export.CSV.zip
  downloading 20190906.export.CSV.zip: 10.8 MB
[done 258/2,805] 20190902.export.CSV.zip: kept 99 row(s)
[queued 264/2,805; selected 4,981] 20190907.export.CSV.zip
  downloading 20190907.export.CSV.zip: 6.2 MB
[done 259/2,805] 20190901.export.CSV.zip: kept 70 row(s)
[queued 265/2,805; selected 4,981] 20190908.export.CSV.zip
  downloading 20190908.export.CSV.zip: 5.7 MB
[done 260/2,805] 20190905.export.CSV.zip: kept 131 row(s)
[queued 266/2,805; selected 4,981] 20190909.export.CSV.zip
  downloading 20190909.export.CSV.zip: 10.2 MB
[done 261/2,805] 20190903.export.CSV.zip: kept 112 row(s)
[queued 267/2,805; selected 4,981] 20190910.export.CSV.zip
  downloading 20190910.export.CSV.zip: 11.4 MB
[done 262/2,805] 20190906.export.CSV.zip: kept 125 row(s)
[queued 268/2,805; selected 4,981] 20190911.export.CSV.zip
[done 263/2,805] 20190904.export.CSV.zip: kept 156 row(s)
[queued 269/2,805; selected 4,981] 20190912.export.CSV.zip
  downloading 20190912.export.CSV.zip: 11.6 MB
  downloading 20190911.export.CSV.zip: 11.8 MB
[done 264/2,805] 20190908.export.CSV.zip: kept 62 row(s)
[queued 270/2,805; selected 4,981] 20190913.export.CSV.zip
[done 265/2,805] 20190907.export.CSV.zip: kept 92 row(s)
[queued 271/2,805; selected 4,981] 20190914.export.CSV.zip
  downloading 20190913.export.CSV.zip: 10.7 MB
  downloading 20190914.export.CSV.zip: 6.2 MB
[done 266/2,805] 20190911.export.CSV.zip: kept 162 row(s)
[queued 272/2,805; selected 4,981] 20190915.export.CSV.zip
  downloading 20190915.export.CSV.zip: 5.8 MB
[done 267/2,805] 20190914.export.CSV.zip: kept 84 row(s)
[queued 273/2,805; selected 4,981] 20190916.export.CSV.zip
  downloading 20190916.export.CSV.zip: 10.5 MB
[done 268/2,805] 20190909.export.CSV.zip: kept 122 row(s)
[queued 274/2,805; selected 4,981] 20190917.export.CSV.zip
[done 269/2,805] 20190913.export.CSV.zip: kept 94 row(s)
[queued 275/2,805; selected 4,981] 20190918.export.CSV.zip
  downloading 20190917.export.CSV.zip: 11.4 MB
  downloading 20190918.export.CSV.zip: 12.1 MB
[done 270/2,805] 20190910.export.CSV.zip: kept 171 row(s)
[queued 276/2,805; selected 4,981] 20190919.export.CSV.zip
[done 271/2,805] 20190915.export.CSV.zip: kept 92 row(s)
[queued 277/2,805; selected 4,981] 20190920.export.CSV.zip
  downloading 20190919.export.CSV.zip: 12.0 MB
  downloading 20190920.export.CSV.zip: 11.5 MB
[done 272/2,805] 20190912.export.CSV.zip: kept 112 row(s)
[queued 278/2,805; selected 4,981] 20190921.export.CSV.zip
  downloading 20190921.export.CSV.zip: 6.6 MB
[done 273/2,805] 20190917.export.CSV.zip: kept 120 row(s)
[queued 279/2,805; selected 4,981] 20190922.export.CSV.zip
  downloading 20190922.export.CSV.zip: 5.9 MB
[done 274/2,805] 20190919.export.CSV.zip: kept 104 row(s)
[queued 280/2,805; selected 4,981] 20190923.export.CSV.zip
  downloading 20190923.export.CSV.zip: 11.1 MB
[done 275/2,805] 20190916.export.CSV.zip: kept 112 row(s)
[queued 281/2,805; selected 4,981] 20190924.export.CSV.zip
[done 276/2,805] 20190918.export.CSV.zip: kept 124 row(s)
[queued 282/2,805; selected 4,981] 20190925.export.CSV.zip
  downloading 20190924.export.CSV.zip: 12.1 MB
  downloading 20190925.export.CSV.zip: 12.6 MB
[done 277/2,805] 20190922.export.CSV.zip: kept 65 row(s)
[queued 283/2,805; selected 4,981] 20190926.export.CSV.zip
  downloading 20190926.export.CSV.zip: 11.9 MB
[done 278/2,805] 20190921.export.CSV.zip: kept 79 row(s)
[queued 284/2,805; selected 4,981] 20190927.export.CSV.zip
  downloading 20190927.export.CSV.zip: 11.6 MB
[done 279/2,805] 20190920.export.CSV.zip: kept 121 row(s)
[queued 285/2,805; selected 4,981] 20190928.export.CSV.zip
  downloading 20190928.export.CSV.zip: 6.7 MB
[done 280/2,805] 20190923.export.CSV.zip: kept 104 row(s)
[queued 286/2,805; selected 4,981] 20190929.export.CSV.zip
  downloading 20190929.export.CSV.zip: 5.6 MB
[done 281/2,805] 20190927.export.CSV.zip: kept 115 row(s)
[queued 287/2,805; selected 4,981] 20190930.export.CSV.zip
[done 282/2,805] 20190924.export.CSV.zip: kept 111 row(s)
[done 283/2,805] 20190925.export.CSV.zip: kept 102 row(s)
[queued 288/2,805; selected 4,981] 20191001.export.CSV.zip
[queued 289/2,805; selected 4,981] 20191002.export.CSV.zip
  downloading 20190930.export.CSV.zip: 9.8 MB
  downloading 20191002.export.CSV.zip: 11.8 MB
  downloading 20191001.export.CSV.zip: 11.1 MB
[done 284/2,805] 20190928.export.CSV.zip: kept 69 row(s)
[queued 290/2,805; selected 4,981] 20191003.export.CSV.zip
  downloading 20191003.export.CSV.zip: 11.8 MB
[done 285/2,805] 20190926.export.CSV.zip: kept 115 row(s)
[queued 291/2,805; selected 4,981] 20191004.export.CSV.zip
  downloading 20191004.export.CSV.zip: 11.0 MB
[done 286/2,805] 20190929.export.CSV.zip: kept 65 row(s)
[queued 292/2,805; selected 4,981] 20191005.export.CSV.zip
  downloading 20191005.export.CSV.zip: 6.3 MB
[done 287/2,805] 20190930.export.CSV.zip: kept 103 row(s)
[queued 293/2,805; selected 4,981] 20191006.export.CSV.zip
  downloading 20191006.export.CSV.zip: 5.5 MB
[done 288/2,805] 20191003.export.CSV.zip: kept 116 row(s)
[queued 294/2,805; selected 4,981] 20191007.export.CSV.zip
  downloading 20191007.export.CSV.zip: 10.0 MB
[done 289/2,805] 20191006.export.CSV.zip: kept 85 row(s)
[queued 295/2,805; selected 4,981] 20191008.export.CSV.zip
[done 290/2,805] 20191005.export.CSV.zip: kept 107 row(s)
[queued 296/2,805; selected 4,981] 20191009.export.CSV.zip
  downloading 20191008.export.CSV.zip: 11.0 MB
  downloading 20191009.export.CSV.zip: 11.7 MB
[done 291/2,805] 20191002.export.CSV.zip: kept 107 row(s)
[queued 297/2,805; selected 4,981] 20191010.export.CSV.zip
[done 292/2,805] 20191001.export.CSV.zip: kept 102 row(s)
[queued 298/2,805; selected 4,981] 20191011.export.CSV.zip
  downloading 20191010.export.CSV.zip: 12.0 MB
  downloading 20191011.export.CSV.zip: 11.7 MB
[done 293/2,805] 20191004.export.CSV.zip: kept 137 row(s)
[queued 299/2,805; selected 4,981] 20191012.export.CSV.zip
  downloading 20191012.export.CSV.zip: 6.6 MB
[done 294/2,805] 20191007.export.CSV.zip: kept 136 row(s)
[queued 300/2,805; selected 4,981] 20191013.export.CSV.zip
  downloading 20191013.export.CSV.zip: 5.8 MB
[done 295/2,805] 20191012.export.CSV.zip: kept 93 row(s)
[queued 301/2,805; selected 4,981] 20191014.export.CSV.zip
  downloading 20191014.export.CSV.zip: 9.7 MB
[done 296/2,805] 20191011.export.CSV.zip: kept 125 row(s)
[queued 302/2,805; selected 4,981] 20191015.export.CSV.zip
  downloading 20191015.export.CSV.zip: 11.5 MB
[done 297/2,805] 20191009.export.CSV.zip: kept 127 row(s)
[queued 303/2,805; selected 4,981] 20191016.export.CSV.zip
  downloading 20191016.export.CSV.zip: 12.2 MB
[done 298/2,805] 20191010.export.CSV.zip: kept 130 row(s)
[queued 304/2,805; selected 4,981] 20191017.export.CSV.zip
  downloading 20191017.export.CSV.zip: 11.9 MB
[done 299/2,805] 20191013.export.CSV.zip: kept 68 row(s)
[queued 305/2,805; selected 4,981] 20191018.export.CSV.zip
  downloading 20191018.export.CSV.zip: 11.2 MB
[done 300/2,805] 20191008.export.CSV.zip: kept 143 row(s)
[queued 306/2,805; selected 4,981] 20191019.export.CSV.zip
  downloading 20191019.export.CSV.zip: 6.5 MB
[done 301/2,805] 20191015.export.CSV.zip: kept 128 row(s)
[queued 307/2,805; selected 4,981] 20191020.export.CSV.zip
  downloading 20191020.export.CSV.zip: 5.6 MB
[done 302/2,805] 20191014.export.CSV.zip: kept 86 row(s)
[queued 308/2,805; selected 4,981] 20191021.export.CSV.zip
  downloading 20191021.export.CSV.zip: 9.9 MB
[done 303/2,805] 20191017.export.CSV.zip: kept 92 row(s)
[queued 309/2,805; selected 4,981] 20191022.export.CSV.zip
  downloading 20191022.export.CSV.zip: 11.4 MB
[done 304/2,805] 20191020.export.CSV.zip: kept 81 row(s)
[queued 310/2,805; selected 4,981] 20191023.export.CSV.zip
  downloading 20191023.export.CSV.zip: 11.9 MB
[done 305/2,805] 20191018.export.CSV.zip: kept 103 row(s)
[queued 311/2,805; selected 4,981] 20191024.export.CSV.zip
  downloading 20191024.export.CSV.zip: 11.6 MB
[done 306/2,805] 20191016.export.CSV.zip: kept 112 row(s)
[queued 312/2,805; selected 4,981] 20191025.export.CSV.zip
  downloading 20191025.export.CSV.zip: 10.6 MB
[done 307/2,805] 20191019.export.CSV.zip: kept 77 row(s)
[queued 313/2,805; selected 4,981] 20191026.export.CSV.zip
  downloading 20191026.export.CSV.zip: 6.3 MB
[done 308/2,805] 20191022.export.CSV.zip: kept 111 row(s)
[queued 314/2,805; selected 4,981] 20191027.export.CSV.zip
[done 309/2,805] 20191021.export.CSV.zip: kept 111 row(s)
[queued 315/2,805; selected 4,981] 20191028.export.CSV.zip
  downloading 20191027.export.CSV.zip: 5.7 MB
  downloading 20191028.export.CSV.zip: 9.8 MB
[done 310/2,805] 20191024.export.CSV.zip: kept 116 row(s)
[queued 316/2,805; selected 4,981] 20191029.export.CSV.zip
  downloading 20191029.export.CSV.zip: 11.2 MB
[done 311/2,805] 20191027.export.CSV.zip: kept 68 row(s)
[queued 317/2,805; selected 4,981] 20191030.export.CSV.zip
[done 312/2,805] 20191026.export.CSV.zip: kept 108 row(s)
[queued 318/2,805; selected 4,981] 20191031.export.CSV.zip
  downloading 20191030.export.CSV.zip: 11.3 MB
  downloading 20191031.export.CSV.zip: 11.1 MB
[done 313/2,805] 20191028.export.CSV.zip: kept 86 row(s)
[queued 319/2,805; selected 4,981] 20191101.export.CSV.zip
  downloading 20191101.export.CSV.zip: 9.8 MB
[done 314/2,805] 20191025.export.CSV.zip: kept 129 row(s)
[queued 320/2,805; selected 4,981] 20191102.export.CSV.zip
  downloading 20191102.export.CSV.zip: 6.4 MB
[done 315/2,805] 20191023.export.CSV.zip: kept 133 row(s)
[queued 321/2,805; selected 4,981] 20191103.export.CSV.zip
  downloading 20191103.export.CSV.zip: 5.3 MB
[done 316/2,805] 20191101.export.CSV.zip: kept 159 row(s)
[queued 322/2,805; selected 4,981] 20191104.export.CSV.zip
  downloading 20191104.export.CSV.zip: 9.7 MB
[done 317/2,805] 20191102.export.CSV.zip: kept 148 row(s)
[queued 323/2,805; selected 4,981] 20191105.export.CSV.zip
  downloading 20191105.export.CSV.zip: 11.1 MB
[done 318/2,805] 20191031.export.CSV.zip: kept 132 row(s)
[queued 324/2,805; selected 4,981] 20191106.export.CSV.zip
  downloading 20191106.export.CSV.zip: 11.6 MB
[done 319/2,805] 20191103.export.CSV.zip: kept 86 row(s)
[queued 325/2,805; selected 4,981] 20191107.export.CSV.zip
  downloading 20191107.export.CSV.zip: 11.5 MB
[done 320/2,805] 20191030.export.CSV.zip: kept 137 row(s)
[queued 326/2,805; selected 4,981] 20191108.export.CSV.zip
  downloading 20191108.export.CSV.zip: 10.9 MB
[done 321/2,805] 20191104.export.CSV.zip: kept 171 row(s)
[queued 327/2,805; selected 4,981] 20191109.export.CSV.zip
  downloading 20191109.export.CSV.zip: 6.5 MB
[done 322/2,805] 20191029.export.CSV.zip: kept 91 row(s)
[queued 328/2,805; selected 4,981] 20191110.export.CSV.zip
[done 323/2,805] 20191106.export.CSV.zip: kept 150 row(s)
[queued 329/2,805; selected 4,981] 20191111.export.CSV.zip
  downloading 20191110.export.CSV.zip: 5.4 MB
  downloading 20191111.export.CSV.zip: 9.5 MB
[done 324/2,805] 20191107.export.CSV.zip: kept 139 row(s)
[queued 330/2,805; selected 4,981] 20191112.export.CSV.zip
  downloading 20191112.export.CSV.zip: 11.1 MB
[done 325/2,805] 20191110.export.CSV.zip: kept 85 row(s)
[queued 331/2,805; selected 4,981] 20191113.export.CSV.zip
[done 326/2,805] 20191109.export.CSV.zip: kept 101 row(s)
[queued 332/2,805; selected 4,981] 20191114.export.CSV.zip
  downloading 20191114.export.CSV.zip: 11.6 MB
  downloading 20191113.export.CSV.zip: 11.4 MB
[done 327/2,805] 20191108.export.CSV.zip: kept 169 row(s)
[queued 333/2,805; selected 4,981] 20191115.export.CSV.zip
  downloading 20191115.export.CSV.zip: 10.9 MB
[done 328/2,805] 20191111.export.CSV.zip: kept 113 row(s)
[queued 334/2,805; selected 4,981] 20191116.export.CSV.zip
[done 329/2,805] 20191105.export.CSV.zip: kept 170 row(s)
[queued 335/2,805; selected 4,981] 20191117.export.CSV.zip
  downloading 20191116.export.CSV.zip: 6.5 MB
  downloading 20191117.export.CSV.zip: 5.6 MB
[done 330/2,805] 20191116.export.CSV.zip: kept 108 row(s)
[queued 336/2,805; selected 4,981] 20191118.export.CSV.zip
  downloading 20191118.export.CSV.zip: 9.8 MB
[done 331/2,805] 20191117.export.CSV.zip: kept 93 row(s)
[queued 337/2,805; selected 4,981] 20191119.export.CSV.zip
  downloading 20191119.export.CSV.zip: 11.0 MB
[done 332/2,805] 20191112.export.CSV.zip: kept 121 row(s)
[queued 338/2,805; selected 4,981] 20191120.export.CSV.zip
  downloading 20191120.export.CSV.zip: 11.8 MB
[done 333/2,805] 20191114.export.CSV.zip: kept 122 row(s)
[queued 339/2,805; selected 4,981] 20191121.export.CSV.zip
  downloading 20191121.export.CSV.zip: 11.9 MB
[done 334/2,805] 20191118.export.CSV.zip: kept 107 row(s)
[queued 340/2,805; selected 4,981] 20191122.export.CSV.zip
  downloading 20191122.export.CSV.zip: 10.7 MB
[done 335/2,805] 20191115.export.CSV.zip: kept 100 row(s)
[queued 341/2,805; selected 4,981] 20191123.export.CSV.zip
  downloading 20191123.export.CSV.zip: 6.5 MB
[done 336/2,805] 20191113.export.CSV.zip: kept 135 row(s)
[queued 342/2,805; selected 4,981] 20191124.export.CSV.zip
  downloading 20191124.export.CSV.zip: 5.4 MB
[done 337/2,805] 20191123.export.CSV.zip: kept 87 row(s)
[queued 343/2,805; selected 4,981] 20191125.export.CSV.zip
  downloading 20191125.export.CSV.zip: 9.4 MB
[done 338/2,805] 20191124.export.CSV.zip: kept 75 row(s)
[queued 344/2,805; selected 4,981] 20191126.export.CSV.zip
  downloading 20191126.export.CSV.zip: 10.8 MB
[done 339/2,805] 20191120.export.CSV.zip: kept 125 row(s)
[queued 345/2,805; selected 4,981] 20191127.export.CSV.zip
  downloading 20191127.export.CSV.zip: 10.7 MB
[done 340/2,805] 20191119.export.CSV.zip: kept 114 row(s)
[queued 346/2,805; selected 4,981] 20191128.export.CSV.zip
[done 341/2,805] 20191122.export.CSV.zip: kept 122 row(s)
[queued 347/2,805; selected 4,981] 20191129.export.CSV.zip
  downloading 20191128.export.CSV.zip: 8.5 MB
  downloading 20191129.export.CSV.zip: 7.9 MB
[done 342/2,805] 20191125.export.CSV.zip: kept 118 row(s)
[queued 348/2,805; selected 4,981] 20191130.export.CSV.zip
  downloading 20191130.export.CSV.zip: 5.2 MB
[done 343/2,805] 20191121.export.CSV.zip: kept 98 row(s)
[queued 349/2,805; selected 4,981] 20191201.export.CSV.zip
  downloading 20191201.export.CSV.zip: 5.1 MB
[done 344/2,805] 20191130.export.CSV.zip: kept 86 row(s)
[queued 350/2,805; selected 4,981] 20191202.export.CSV.zip
  downloading 20191202.export.CSV.zip: 9.2 MB
[done 345/2,805] 20191201.export.CSV.zip: kept 119 row(s)
[queued 351/2,805; selected 4,981] 20191203.export.CSV.zip
  downloading 20191203.export.CSV.zip: 11.0 MB
[done 346/2,805] 20191128.export.CSV.zip: kept 100 row(s)
[queued 352/2,805; selected 4,981] 20191204.export.CSV.zip
  downloading 20191204.export.CSV.zip: 11.5 MB
[done 347/2,805] 20191129.export.CSV.zip: kept 76 row(s)
[queued 353/2,805; selected 4,981] 20191205.export.CSV.zip
  downloading 20191205.export.CSV.zip: 11.0 MB
[done 348/2,805] 20191202.export.CSV.zip: kept 153 row(s)
[queued 354/2,805; selected 4,981] 20191206.export.CSV.zip
[done 349/2,805] 20191127.export.CSV.zip: kept 131 row(s)
[queued 355/2,805; selected 4,981] 20191207.export.CSV.zip
[done 350/2,805] 20191126.export.CSV.zip: kept 131 row(s)
[queued 356/2,805; selected 4,981] 20191208.export.CSV.zip
  downloading 20191207.export.CSV.zip: 6.3 MB
  downloading 20191208.export.CSV.zip: 5.3 MB
  downloading 20191206.export.CSV.zip: 10.3 MB
[done 351/2,805] 20191205.export.CSV.zip: kept 153 row(s)
[queued 357/2,805; selected 4,981] 20191209.export.CSV.zip
[done 352/2,805] 20191204.export.CSV.zip: kept 145 row(s)
[queued 358/2,805; selected 4,981] 20191210.export.CSV.zip
  downloading 20191209.export.CSV.zip: 9.5 MB
  downloading 20191210.export.CSV.zip: 11.2 MB
[done 353/2,805] 20191208.export.CSV.zip: kept 108 row(s)
[queued 359/2,805; selected 4,981] 20191211.export.CSV.zip
  downloading 20191211.export.CSV.zip: 11.1 MB
[done 354/2,805] 20191207.export.CSV.zip: kept 108 row(s)
[queued 360/2,805; selected 4,981] 20191212.export.CSV.zip
  downloading 20191212.export.CSV.zip: 11.0 MB
[done 355/2,805] 20191203.export.CSV.zip: kept 134 row(s)
[queued 361/2,805; selected 4,981] 20191213.export.CSV.zip
[done 356/2,805] 20191206.export.CSV.zip: kept 163 row(s)
[queued 362/2,805; selected 4,981] 20191214.export.CSV.zip
  downloading 20191213.export.CSV.zip: 10.5 MB
  downloading 20191214.export.CSV.zip: 6.0 MB
[done 357/2,805] 20191210.export.CSV.zip: kept 149 row(s)
[queued 363/2,805; selected 4,981] 20191215.export.CSV.zip
  downloading 20191215.export.CSV.zip: 5.2 MB
[done 358/2,805] 20191211.export.CSV.zip: kept 126 row(s)
[queued 364/2,805; selected 4,981] 20191216.export.CSV.zip
  downloading 20191216.export.CSV.zip: 9.1 MB
[done 359/2,805] 20191209.export.CSV.zip: kept 91 row(s)
[queued 365/2,805; selected 4,981] 20191217.export.CSV.zip
  downloading 20191217.export.CSV.zip: 10.5 MB
[done 360/2,805] 20191215.export.CSV.zip: kept 84 row(s)
[queued 366/2,805; selected 4,981] 20191218.export.CSV.zip
[done 361/2,805] 20191212.export.CSV.zip: kept 133 row(s)
[queued 367/2,805; selected 4,981] 20191219.export.CSV.zip
  downloading 20191218.export.CSV.zip: 10.8 MB
[done 362/2,805] 20191214.export.CSV.zip: kept 97 row(s)
[queued 368/2,805; selected 4,981] 20191220.export.CSV.zip
  downloading 20191219.export.CSV.zip: 10.7 MB
  downloading 20191220.export.CSV.zip: 10.2 MB
[done 363/2,805] 20191213.export.CSV.zip: kept 104 row(s)
[queued 369/2,805; selected 4,981] 20191221.export.CSV.zip
  downloading 20191221.export.CSV.zip: 6.2 MB
[done 364/2,805] 20191216.export.CSV.zip: kept 131 row(s)
[queued 370/2,805; selected 4,981] 20191222.export.CSV.zip
  downloading 20191222.export.CSV.zip: 5.1 MB
[done 365/2,805] 20191220.export.CSV.zip: kept 115 row(s)
[queued 371/2,805; selected 4,981] 20191223.export.CSV.zip
  downloading 20191223.export.CSV.zip: 8.1 MB
[done 366/2,805] 20191218.export.CSV.zip: kept 150 row(s)
[queued 372/2,805; selected 4,981] 20191224.export.CSV.zip
  downloading 20191224.export.CSV.zip: 7.2 MB
[done 367/2,805] 20191219.export.CSV.zip: kept 109 row(s)
[queued 373/2,805; selected 4,981] 20191225.export.CSV.zip
  downloading 20191225.export.CSV.zip: 4.5 MB
[done 368/2,805] 20191221.export.CSV.zip: kept 149 row(s)
[queued 374/2,805; selected 4,981] 20191226.export.CSV.zip
  downloading 20191226.export.CSV.zip: 6.0 MB
[done 369/2,805] 20191222.export.CSV.zip: kept 99 row(s)
[queued 375/2,805; selected 4,981] 20191227.export.CSV.zip
  downloading 20191227.export.CSV.zip: 6.7 MB
[done 370/2,805] 20191225.export.CSV.zip: kept 100 row(s)
[queued 376/2,805; selected 4,981] 20191228.export.CSV.zip
  downloading 20191228.export.CSV.zip: 4.7 MB
[done 371/2,805] 20191224.export.CSV.zip: kept 118 row(s)
[queued 377/2,805; selected 4,981] 20191229.export.CSV.zip
  downloading 20191229.export.CSV.zip: 4.5 MB
[done 372/2,805] 20191217.export.CSV.zip: kept 144 row(s)
[queued 378/2,805; selected 4,981] 20191230.export.CSV.zip
  downloading 20191230.export.CSV.zip: 7.3 MB
[done 373/2,805] 20191223.export.CSV.zip: kept 75 row(s)
[queued 379/2,805; selected 4,981] 20191231.export.CSV.zip
  downloading 20191231.export.CSV.zip: 7.7 MB
[done 374/2,805] 20191228.export.CSV.zip: kept 113 row(s)
[queued 380/2,805; selected 4,981] 20200101.export.CSV.zip
[done 375/2,805] 20191226.export.CSV.zip: kept 122 row(s)
[queued 381/2,805; selected 4,981] 20200102.export.CSV.zip
  downloading 20200101.export.CSV.zip: 5.3 MB
  downloading 20200102.export.CSV.zip: 7.7 MB
[done 376/2,805] 20191229.export.CSV.zip: kept 82 row(s)
[queued 382/2,805; selected 4,981] 20200103.export.CSV.zip
  downloading 20200103.export.CSV.zip: 9.5 MB
[done 377/2,805] 20191227.export.CSV.zip: kept 123 row(s)
[queued 383/2,805; selected 4,981] 20200104.export.CSV.zip
  downloading 20200104.export.CSV.zip: 6.5 MB
[done 378/2,805] 20191230.export.CSV.zip: kept 83 row(s)
[queued 384/2,805; selected 4,981] 20200105.export.CSV.zip
[done 379/2,805] 20200101.export.CSV.zip: kept 35 row(s)
[queued 385/2,805; selected 4,981] 20200106.export.CSV.zip
  downloading 20200105.export.CSV.zip: 6.3 MB
[done 380/2,805] 20200102.export.CSV.zip: kept 98 row(s)
[queued 386/2,805; selected 4,981] 20200107.export.CSV.zip
  downloading 20200106.export.CSV.zip: 9.6 MB
  downloading 20200107.export.CSV.zip: 11.1 MB
[done 381/2,805] 20191231.export.CSV.zip: kept 101 row(s)
[queued 387/2,805; selected 4,981] 20200108.export.CSV.zip
[done 382/2,805] 20200103.export.CSV.zip: kept 92 row(s)
[queued 388/2,805; selected 4,981] 20200109.export.CSV.zip
  downloading 20200108.export.CSV.zip: 12.1 MB
[done 383/2,805] 20200104.export.CSV.zip: kept 62 row(s)
[queued 389/2,805; selected 4,981] 20200110.export.CSV.zip
  downloading 20200109.export.CSV.zip: 11.8 MB
  downloading 20200110.export.CSV.zip: 11.0 MB
[done 384/2,805] 20200105.export.CSV.zip: kept 95 row(s)
[queued 390/2,805; selected 4,981] 20200111.export.CSV.zip
  downloading 20200111.export.CSV.zip: 6.9 MB
[done 385/2,805] 20200109.export.CSV.zip: kept 153 row(s)
[queued 391/2,805; selected 4,981] 20200112.export.CSV.zip
  downloading 20200112.export.CSV.zip: 5.8 MB
[done 386/2,805] 20200106.export.CSV.zip: kept 148 row(s)
[queued 392/2,805; selected 4,981] 20200113.export.CSV.zip
  downloading 20200113.export.CSV.zip: 10.1 MB
[done 387/2,805] 20200111.export.CSV.zip: kept 110 row(s)
[queued 393/2,805; selected 4,981] 20200114.export.CSV.zip
  downloading 20200114.export.CSV.zip: 11.1 MB
[done 388/2,805] 20200108.export.CSV.zip: kept 177 row(s)
[queued 394/2,805; selected 4,981] 20200115.export.CSV.zip
  downloading 20200115.export.CSV.zip: 10.7 MB
[done 389/2,805] 20200107.export.CSV.zip: kept 204 row(s)
[queued 395/2,805; selected 4,981] 20200116.export.CSV.zip
  downloading 20200116.export.CSV.zip: 11.8 MB
[done 390/2,805] 20200110.export.CSV.zip: kept 141 row(s)
[queued 396/2,805; selected 4,981] 20200117.export.CSV.zip
  downloading 20200117.export.CSV.zip: 10.7 MB
[done 391/2,805] 20200112.export.CSV.zip: kept 114 row(s)
[queued 397/2,805; selected 4,981] 20200118.export.CSV.zip
  downloading 20200118.export.CSV.zip: 6.5 MB
[done 392/2,805] 20200116.export.CSV.zip: kept 170 row(s)
[queued 398/2,805; selected 4,981] 20200119.export.CSV.zip
  downloading 20200119.export.CSV.zip: 5.6 MB
[done 393/2,805] 20200118.export.CSV.zip: kept 109 row(s)
[queued 399/2,805; selected 4,981] 20200120.export.CSV.zip
  downloading 20200120.export.CSV.zip: 8.9 MB
[done 394/2,805] 20200113.export.CSV.zip: kept 165 row(s)
[queued 400/2,805; selected 4,981] 20200121.export.CSV.zip
[done 395/2,805] 20200114.export.CSV.zip: kept 179 row(s)
[done 396/2,805] 20200117.export.CSV.zip: kept 116 row(s)
[queued 401/2,805; selected 4,981] 20200122.export.CSV.zip
[queued 402/2,805; selected 4,981] 20200123.export.CSV.zip
  downloading 20200121.export.CSV.zip: 10.6 MB
  downloading 20200123.export.CSV.zip: 11.7 MB
  downloading 20200122.export.CSV.zip: 11.7 MB
[done 397/2,805] 20200115.export.CSV.zip: kept 156 row(s)
[queued 403/2,805; selected 4,981] 20200124.export.CSV.zip
  downloading 20200124.export.CSV.zip: 11.1 MB
[done 398/2,805] 20200119.export.CSV.zip: kept 103 row(s)
[queued 404/2,805; selected 4,981] 20200125.export.CSV.zip
  downloading 20200125.export.CSV.zip: 6.6 MB
[done 399/2,805] 20200120.export.CSV.zip: kept 141 row(s)
[queued 405/2,805; selected 4,981] 20200126.export.CSV.zip
  downloading 20200126.export.CSV.zip: 5.7 MB
[done 400/2,805] 20200123.export.CSV.zip: kept 128 row(s)
[queued 406/2,805; selected 4,981] 20200127.export.CSV.zip
  downloading 20200127.export.CSV.zip: 9.4 MB
[done 401/2,805] 20200124.export.CSV.zip: kept 125 row(s)
[queued 407/2,805; selected 4,981] 20200128.export.CSV.zip
[done 402/2,805] 20200122.export.CSV.zip: kept 165 row(s)
[queued 408/2,805; selected 4,981] 20200129.export.CSV.zip
  downloading 20200128.export.CSV.zip: 11.3 MB
  downloading 20200129.export.CSV.zip: 11.8 MB
[done 403/2,805] 20200121.export.CSV.zip: kept 135 row(s)
[queued 409/2,805; selected 4,981] 20200130.export.CSV.zip
  downloading 20200130.export.CSV.zip: 11.7 MB
[done 404/2,805] 20200126.export.CSV.zip: kept 105 row(s)
[queued 410/2,805; selected 4,981] 20200131.export.CSV.zip
  downloading 20200131.export.CSV.zip: 11.3 MB
[done 405/2,805] 20200125.export.CSV.zip: kept 119 row(s)
[queued 411/2,805; selected 4,981] 20200201.export.CSV.zip
  downloading 20200201.export.CSV.zip: 6.9 MB
[done 406/2,805] 20200127.export.CSV.zip: kept 102 row(s)
[queued 412/2,805; selected 4,981] 20200202.export.CSV.zip
  downloading 20200202.export.CSV.zip: 5.8 MB
[done 407/2,805] 20200201.export.CSV.zip: kept 92 row(s)
[queued 413/2,805; selected 4,981] 20200203.export.CSV.zip
  downloading 20200203.export.CSV.zip: 10.0 MB
[done 408/2,805] 20200202.export.CSV.zip: kept 92 row(s)
[queued 414/2,805; selected 4,981] 20200204.export.CSV.zip
  downloading 20200204.export.CSV.zip: 11.4 MB
[done 409/2,805] 20200128.export.CSV.zip: kept 119 row(s)
[queued 415/2,805; selected 4,981] 20200205.export.CSV.zip
  downloading 20200205.export.CSV.zip: 12.1 MB
[done 410/2,805] 20200129.export.CSV.zip: kept 157 row(s)
[queued 416/2,805; selected 4,981] 20200206.export.CSV.zip
  downloading 20200206.export.CSV.zip: 11.8 MB
[done 411/2,805] 20200130.export.CSV.zip: kept 163 row(s)
[queued 417/2,805; selected 4,981] 20200207.export.CSV.zip
  downloading 20200207.export.CSV.zip: 10.9 MB
[done 412/2,805] 20200131.export.CSV.zip: kept 139 row(s)
[queued 418/2,805; selected 4,981] 20200208.export.CSV.zip
  downloading 20200208.export.CSV.zip: 6.6 MB
[done 413/2,805] 20200203.export.CSV.zip: kept 136 row(s)
[queued 419/2,805; selected 4,981] 20200209.export.CSV.zip
  downloading 20200209.export.CSV.zip: 5.6 MB
[done 414/2,805] 20200204.export.CSV.zip: kept 139 row(s)
[queued 420/2,805; selected 4,981] 20200210.export.CSV.zip
[done 415/2,805] 20200206.export.CSV.zip: kept 124 row(s)
[queued 421/2,805; selected 4,981] 20200211.export.CSV.zip
  downloading 20200210.export.CSV.zip: 9.7 MB
  downloading 20200211.export.CSV.zip: 11.3 MB
[done 416/2,805] 20200208.export.CSV.zip: kept 117 row(s)
[queued 422/2,805; selected 4,981] 20200212.export.CSV.zip
  downloading 20200212.export.CSV.zip: 11.7 MB
[done 417/2,805] 20200205.export.CSV.zip: kept 121 row(s)
[queued 423/2,805; selected 4,981] 20200213.export.CSV.zip
[done 418/2,805] 20200207.export.CSV.zip: kept 132 row(s)
[queued 424/2,805; selected 4,981] 20200214.export.CSV.zip
  downloading 20200213.export.CSV.zip: 11.7 MB
  downloading 20200214.export.CSV.zip: 10.8 MB
[done 419/2,805] 20200209.export.CSV.zip: kept 102 row(s)
[queued 425/2,805; selected 4,981] 20200215.export.CSV.zip
  downloading 20200215.export.CSV.zip: 6.8 MB
[done 420/2,805] 20200210.export.CSV.zip: kept 171 row(s)
[queued 426/2,805; selected 4,981] 20200216.export.CSV.zip
  downloading 20200216.export.CSV.zip: 5.7 MB
[done 421/2,805] 20200211.export.CSV.zip: kept 143 row(s)
[queued 427/2,805; selected 4,981] 20200217.export.CSV.zip
  downloading 20200217.export.CSV.zip: 8.7 MB
[done 422/2,805] 20200214.export.CSV.zip: kept 144 row(s)
[queued 428/2,805; selected 4,981] 20200218.export.CSV.zip
  downloading 20200218.export.CSV.zip: 10.8 MB
[done 423/2,805] 20200212.export.CSV.zip: kept 169 row(s)
[queued 429/2,805; selected 4,981] 20200219.export.CSV.zip
  downloading 20200219.export.CSV.zip: 11.4 MB
[done 424/2,805] 20200215.export.CSV.zip: kept 125 row(s)
[queued 430/2,805; selected 4,981] 20200220.export.CSV.zip
  downloading 20200220.export.CSV.zip: 11.9 MB
[done 425/2,805] 20200213.export.CSV.zip: kept 183 row(s)
[queued 431/2,805; selected 4,981] 20200221.export.CSV.zip
  downloading 20200221.export.CSV.zip: 11.2 MB
[done 426/2,805] 20200216.export.CSV.zip: kept 94 row(s)
[queued 432/2,805; selected 4,981] 20200222.export.CSV.zip
  downloading 20200222.export.CSV.zip: 6.7 MB
[done 427/2,805] 20200217.export.CSV.zip: kept 117 row(s)
[queued 433/2,805; selected 4,981] 20200223.export.CSV.zip
  downloading 20200223.export.CSV.zip: 5.6 MB
[done 428/2,805] 20200219.export.CSV.zip: kept 133 row(s)
[queued 434/2,805; selected 4,981] 20200224.export.CSV.zip
  downloading 20200224.export.CSV.zip: 9.5 MB
[done 429/2,805] 20200222.export.CSV.zip: kept 88 row(s)
[queued 435/2,805; selected 4,981] 20200225.export.CSV.zip
  downloading 20200225.export.CSV.zip: 11.2 MB
[done 430/2,805] 20200221.export.CSV.zip: kept 139 row(s)
[queued 436/2,805; selected 4,981] 20200226.export.CSV.zip
  downloading 20200226.export.CSV.zip: 11.7 MB
[done 431/2,805] 20200218.export.CSV.zip: kept 144 row(s)
[queued 437/2,805; selected 4,981] 20200227.export.CSV.zip
  downloading 20200227.export.CSV.zip: 11.7 MB
[done 432/2,805] 20200224.export.CSV.zip: kept 140 row(s)
[queued 438/2,805; selected 4,981] 20200228.export.CSV.zip
[done 433/2,805] 20200220.export.CSV.zip: kept 165 row(s)
[queued 439/2,805; selected 4,981] 20200229.export.CSV.zip
  downloading 20200228.export.CSV.zip: 11.2 MB
  downloading 20200229.export.CSV.zip: 7.0 MB
[done 434/2,805] 20200223.export.CSV.zip: kept 118 row(s)
[queued 440/2,805; selected 4,981] 20200301.export.CSV.zip
  downloading 20200301.export.CSV.zip: 6.3 MB
[done 435/2,805] 20200225.export.CSV.zip: kept 172 row(s)
[queued 441/2,805; selected 4,981] 20200302.export.CSV.zip
  downloading 20200302.export.CSV.zip: 10.5 MB
[done 436/2,805] 20200301.export.CSV.zip: kept 104 row(s)
[queued 442/2,805; selected 4,981] 20200303.export.CSV.zip
[done 437/2,805] 20200229.export.CSV.zip: kept 113 row(s)
[queued 443/2,805; selected 4,981] 20200304.export.CSV.zip
  downloading 20200304.export.CSV.zip: 12.2 MB
  downloading 20200303.export.CSV.zip: 12.0 MB
[done 438/2,805] 20200228.export.CSV.zip: kept 130 row(s)
[queued 444/2,805; selected 4,981] 20200305.export.CSV.zip
[done 439/2,805] 20200227.export.CSV.zip: kept 146 row(s)
[queued 445/2,805; selected 4,981] 20200306.export.CSV.zip
  downloading 20200305.export.CSV.zip: 12.2 MB
  downloading 20200306.export.CSV.zip: 11.0 MB
[done 440/2,805] 20200226.export.CSV.zip: kept 158 row(s)
[queued 446/2,805; selected 4,981] 20200307.export.CSV.zip
  downloading 20200307.export.CSV.zip: 6.7 MB
[done 441/2,805] 20200305.export.CSV.zip: kept 143 row(s)
[queued 447/2,805; selected 4,981] 20200308.export.CSV.zip
  downloading 20200308.export.CSV.zip: 5.8 MB
[done 442/2,805] 20200302.export.CSV.zip: kept 180 row(s)
[queued 448/2,805; selected 4,981] 20200309.export.CSV.zip
  downloading 20200309.export.CSV.zip: 9.8 MB
[done 443/2,805] 20200304.export.CSV.zip: kept 127 row(s)
[queued 449/2,805; selected 4,981] 20200310.export.CSV.zip
  downloading 20200310.export.CSV.zip: 10.8 MB
[done 444/2,805] 20200307.export.CSV.zip: kept 110 row(s)
[queued 450/2,805; selected 4,981] 20200311.export.CSV.zip
[done 445/2,805] 20200308.export.CSV.zip: kept 108 row(s)
[queued 451/2,805; selected 4,981] 20200312.export.CSV.zip
  downloading 20200311.export.CSV.zip: 11.5 MB
  downloading 20200312.export.CSV.zip: 10.9 MB
[done 446/2,805] 20200306.export.CSV.zip: kept 138 row(s)
[queued 452/2,805; selected 4,981] 20200313.export.CSV.zip
[done 447/2,805] 20200303.export.CSV.zip: kept 170 row(s)
[queued 453/2,805; selected 4,981] 20200314.export.CSV.zip
  downloading 20200313.export.CSV.zip: 10.2 MB
  downloading 20200314.export.CSV.zip: 6.4 MB
[done 448/2,805] 20200309.export.CSV.zip: kept 99 row(s)
[queued 454/2,805; selected 4,981] 20200315.export.CSV.zip
  downloading 20200315.export.CSV.zip: 5.7 MB
[done 449/2,805] 20200314.export.CSV.zip: kept 90 row(s)
[queued 455/2,805; selected 4,981] 20200316.export.CSV.zip
  downloading 20200316.export.CSV.zip: 8.6 MB
[done 450/2,805] 20200311.export.CSV.zip: kept 137 row(s)
[queued 456/2,805; selected 4,981] 20200317.export.CSV.zip
[done 451/2,805] 20200310.export.CSV.zip: kept 126 row(s)
[queued 457/2,805; selected 4,981] 20200318.export.CSV.zip
  downloading 20200317.export.CSV.zip: 10.3 MB
  downloading 20200318.export.CSV.zip: 10.9 MB
[done 452/2,805] 20200315.export.CSV.zip: kept 79 row(s)
[queued 458/2,805; selected 4,981] 20200319.export.CSV.zip
  downloading 20200319.export.CSV.zip: 10.5 MB
[done 453/2,805] 20200312.export.CSV.zip: kept 146 row(s)
[queued 459/2,805; selected 4,981] 20200320.export.CSV.zip
  downloading 20200320.export.CSV.zip: 9.9 MB
[done 454/2,805] 20200313.export.CSV.zip: kept 116 row(s)
[queued 460/2,805; selected 4,981] 20200321.export.CSV.zip
  downloading 20200321.export.CSV.zip: 6.2 MB
[done 455/2,805] 20200318.export.CSV.zip: kept 101 row(s)
[queued 461/2,805; selected 4,981] 20200322.export.CSV.zip
  downloading 20200322.export.CSV.zip: 5.5 MB
[done 456/2,805] 20200317.export.CSV.zip: kept 128 row(s)
[queued 462/2,805; selected 4,981] 20200323.export.CSV.zip
  downloading 20200323.export.CSV.zip: 8.9 MB
[done 457/2,805] 20200321.export.CSV.zip: kept 66 row(s)
[queued 463/2,805; selected 4,981] 20200324.export.CSV.zip
  downloading 20200324.export.CSV.zip: 9.7 MB
[done 458/2,805] 20200319.export.CSV.zip: kept 103 row(s)
[queued 464/2,805; selected 4,981] 20200325.export.CSV.zip
  downloading 20200325.export.CSV.zip: 9.8 MB
[done 459/2,805] 20200316.export.CSV.zip: kept 93 row(s)
[queued 465/2,805; selected 4,981] 20200326.export.CSV.zip
  downloading 20200326.export.CSV.zip: 10.2 MB
[done 460/2,805] 20200320.export.CSV.zip: kept 96 row(s)
[queued 466/2,805; selected 4,981] 20200327.export.CSV.zip
  downloading 20200327.export.CSV.zip: 9.6 MB
[done 461/2,805] 20200322.export.CSV.zip: kept 62 row(s)
[queued 467/2,805; selected 4,981] 20200328.export.CSV.zip
  downloading 20200328.export.CSV.zip: 6.1 MB
[done 462/2,805] 20200323.export.CSV.zip: kept 86 row(s)
[queued 468/2,805; selected 4,981] 20200329.export.CSV.zip
  downloading 20200329.export.CSV.zip: 5.5 MB
[done 463/2,805] 20200324.export.CSV.zip: kept 91 row(s)
[queued 469/2,805; selected 4,981] 20200330.export.CSV.zip
  downloading 20200330.export.CSV.zip: 8.7 MB
[done 464/2,805] 20200326.export.CSV.zip: kept 99 row(s)
[queued 470/2,805; selected 4,981] 20200331.export.CSV.zip
  downloading 20200331.export.CSV.zip: 10.4 MB
[done 465/2,805] 20200328.export.CSV.zip: kept 67 row(s)
[queued 471/2,805; selected 4,981] 20200401.export.CSV.zip
  downloading 20200401.export.CSV.zip: 10.0 MB
[done 466/2,805] 20200327.export.CSV.zip: kept 76 row(s)
[queued 472/2,805; selected 4,981] 20200402.export.CSV.zip
  downloading 20200402.export.CSV.zip: 10.1 MB
[done 467/2,805] 20200325.export.CSV.zip: kept 105 row(s)
[queued 473/2,805; selected 4,981] 20200403.export.CSV.zip
  downloading 20200403.export.CSV.zip: 9.5 MB
[done 468/2,805] 20200330.export.CSV.zip: kept 88 row(s)
[queued 474/2,805; selected 4,981] 20200404.export.CSV.zip
  downloading 20200404.export.CSV.zip: 6.1 MB
[done 469/2,805] 20200401.export.CSV.zip: kept 103 row(s)
[queued 475/2,805; selected 4,981] 20200405.export.CSV.zip
  downloading 20200405.export.CSV.zip: 5.3 MB
[done 470/2,805] 20200329.export.CSV.zip: kept 61 row(s)
[queued 476/2,805; selected 4,981] 20200406.export.CSV.zip
  downloading 20200406.export.CSV.zip: 8.4 MB
[done 471/2,805] 20200402.export.CSV.zip: kept 88 row(s)
[queued 477/2,805; selected 4,981] 20200407.export.CSV.zip
  downloading 20200407.export.CSV.zip: 9.5 MB
[done 472/2,805] 20200405.export.CSV.zip: kept 79 row(s)
[queued 478/2,805; selected 4,981] 20200408.export.CSV.zip
  downloading 20200408.export.CSV.zip: 9.4 MB
[done 473/2,805] 20200404.export.CSV.zip: kept 89 row(s)
[queued 479/2,805; selected 4,981] 20200409.export.CSV.zip
  downloading 20200409.export.CSV.zip: 9.4 MB
[done 474/2,805] 20200331.export.CSV.zip: kept 98 row(s)
[queued 480/2,805; selected 4,981] 20200410.export.CSV.zip
  downloading 20200410.export.CSV.zip: 8.1 MB
[done 475/2,805] 20200407.export.CSV.zip: kept 116 row(s)
[queued 481/2,805; selected 4,981] 20200411.export.CSV.zip
  downloading 20200411.export.CSV.zip: 5.5 MB
[done 476/2,805] 20200408.export.CSV.zip: kept 121 row(s)
[queued 482/2,805; selected 4,981] 20200412.export.CSV.zip
  downloading 20200412.export.CSV.zip: 4.7 MB
[done 477/2,805] 20200406.export.CSV.zip: kept 109 row(s)
[queued 483/2,805; selected 4,981] 20200413.export.CSV.zip
  downloading 20200413.export.CSV.zip: 7.4 MB
[done 478/2,805] 20200403.export.CSV.zip: kept 81 row(s)
[queued 484/2,805; selected 4,981] 20200414.export.CSV.zip
  downloading 20200414.export.CSV.zip: 9.0 MB
[done 479/2,805] 20200410.export.CSV.zip: kept 114 row(s)
[queued 485/2,805; selected 4,981] 20200415.export.CSV.zip
  downloading 20200415.export.CSV.zip: 9.3 MB
[done 480/2,805] 20200412.export.CSV.zip: kept 75 row(s)
[queued 486/2,805; selected 4,981] 20200416.export.CSV.zip
  downloading 20200416.export.CSV.zip: 9.3 MB
[done 481/2,805] 20200411.export.CSV.zip: kept 76 row(s)
[queued 487/2,805; selected 4,981] 20200417.export.CSV.zip
  downloading 20200417.export.CSV.zip: 9.1 MB
[done 482/2,805] 20200409.export.CSV.zip: kept 113 row(s)
[queued 488/2,805; selected 4,981] 20200418.export.CSV.zip
  downloading 20200418.export.CSV.zip: 5.9 MB
[done 483/2,805] 20200415.export.CSV.zip: kept 87 row(s)
[queued 489/2,805; selected 4,981] 20200419.export.CSV.zip
  downloading 20200419.export.CSV.zip: 5.0 MB
[done 484/2,805] 20200413.export.CSV.zip: kept 86 row(s)
[queued 490/2,805; selected 4,981] 20200420.export.CSV.zip
  downloading 20200420.export.CSV.zip: 8.4 MB
[done 485/2,805] 20200417.export.CSV.zip: kept 105 row(s)
[queued 491/2,805; selected 4,981] 20200421.export.CSV.zip
  downloading 20200421.export.CSV.zip: 9.3 MB
[done 486/2,805] 20200418.export.CSV.zip: kept 96 row(s)
[queued 492/2,805; selected 4,981] 20200422.export.CSV.zip
  downloading 20200422.export.CSV.zip: 9.7 MB
[done 487/2,805] 20200416.export.CSV.zip: kept 81 row(s)
[queued 493/2,805; selected 4,981] 20200423.export.CSV.zip
  downloading 20200423.export.CSV.zip: 9.6 MB
[done 488/2,805] 20200419.export.CSV.zip: kept 73 row(s)
[queued 494/2,805; selected 4,981] 20200424.export.CSV.zip
  downloading 20200424.export.CSV.zip: 9.2 MB
[done 489/2,805] 20200414.export.CSV.zip: kept 83 row(s)
[queued 495/2,805; selected 4,981] 20200425.export.CSV.zip
[done 490/2,805] 20200420.export.CSV.zip: kept 100 row(s)
[queued 496/2,805; selected 4,981] 20200426.export.CSV.zip
  downloading 20200426.export.CSV.zip: 4.9 MB
  downloading 20200425.export.CSV.zip: 5.7 MB
[done 491/2,805] 20200422.export.CSV.zip: kept 105 row(s)
[queued 497/2,805; selected 4,981] 20200427.export.CSV.zip
  downloading 20200427.export.CSV.zip: 8.1 MB
[done 492/2,805] 20200426.export.CSV.zip: kept 59 row(s)
[queued 498/2,805; selected 4,981] 20200428.export.CSV.zip
  downloading 20200428.export.CSV.zip: 9.0 MB
[done 493/2,805] 20200425.export.CSV.zip: kept 79 row(s)
[queued 499/2,805; selected 4,981] 20200429.export.CSV.zip
  downloading 20200429.export.CSV.zip: 9.4 MB
[done 494/2,805] 20200424.export.CSV.zip: kept 87 row(s)
[queued 500/2,805; selected 4,981] 20200430.export.CSV.zip
  downloading 20200430.export.CSV.zip: 9.6 MB
[done 495/2,805] 20200421.export.CSV.zip: kept 108 row(s)
[queued 501/2,805; selected 4,981] 20200501.export.CSV.zip
  downloading 20200501.export.CSV.zip: 8.8 MB
[done 496/2,805] 20200428.export.CSV.zip: kept 93 row(s)
[queued 502/2,805; selected 4,981] 20200502.export.CSV.zip
  downloading 20200502.export.CSV.zip: 5.5 MB
[done 497/2,805] 20200423.export.CSV.zip: kept 97 row(s)
[queued 503/2,805; selected 4,981] 20200503.export.CSV.zip
  downloading 20200503.export.CSV.zip: 4.9 MB
[done 498/2,805] 20200430.export.CSV.zip: kept 128 row(s)
[queued 504/2,805; selected 4,981] 20200504.export.CSV.zip
  downloading 20200504.export.CSV.zip: 8.2 MB
[done 499/2,805] 20200427.export.CSV.zip: kept 95 row(s)
[queued 505/2,805; selected 4,981] 20200505.export.CSV.zip
  downloading 20200505.export.CSV.zip: 9.3 MB
[done 500/2,805] 20200429.export.CSV.zip: kept 108 row(s)
[queued 506/2,805; selected 4,981] 20200506.export.CSV.zip
  downloading 20200506.export.CSV.zip: 9.6 MB
[done 501/2,805] 20200501.export.CSV.zip: kept 120 row(s)
[queued 507/2,805; selected 4,981] 20200507.export.CSV.zip
[done 502/2,805] 20200503.export.CSV.zip: kept 78 row(s)
[queued 508/2,805; selected 4,981] 20200508.export.CSV.zip
  downloading 20200507.export.CSV.zip: 9.5 MB
  downloading 20200508.export.CSV.zip: 9.3 MB
[done 503/2,805] 20200502.export.CSV.zip: kept 70 row(s)
[queued 509/2,805; selected 4,981] 20200509.export.CSV.zip
  downloading 20200509.export.CSV.zip: 5.7 MB
[done 504/2,805] 20200509.export.CSV.zip: kept 85 row(s)
[queued 510/2,805; selected 4,981] 20200510.export.CSV.zip
  downloading 20200510.export.CSV.zip: 4.8 MB
[done 505/2,805] 20200504.export.CSV.zip: kept 113 row(s)
[queued 511/2,805; selected 4,981] 20200511.export.CSV.zip
[done 506/2,805] 20200506.export.CSV.zip: kept 110 row(s)
[queued 512/2,805; selected 4,981] 20200512.export.CSV.zip
  downloading 20200511.export.CSV.zip: 7.9 MB
  downloading 20200512.export.CSV.zip: 9.2 MB
[done 507/2,805] 20200505.export.CSV.zip: kept 99 row(s)
[queued 513/2,805; selected 4,981] 20200513.export.CSV.zip
  downloading 20200513.export.CSV.zip: 9.8 MB
[done 508/2,805] 20200507.export.CSV.zip: kept 91 row(s)
[done 509/2,805] 20200508.export.CSV.zip: kept 90 row(s)
[queued 514/2,805; selected 4,981] 20200514.export.CSV.zip
[queued 515/2,805; selected 4,981] 20200515.export.CSV.zip
  downloading 20200514.export.CSV.zip: 9.6 MB
  downloading 20200515.export.CSV.zip: 8.8 MB
[done 510/2,805] 20200510.export.CSV.zip: kept 85 row(s)
[queued 516/2,805; selected 4,981] 20200516.export.CSV.zip
  downloading 20200516.export.CSV.zip: 5.6 MB
[done 511/2,805] 20200513.export.CSV.zip: kept 110 row(s)
[queued 517/2,805; selected 4,981] 20200517.export.CSV.zip
  downloading 20200517.export.CSV.zip: 4.8 MB
[done 512/2,805] 20200516.export.CSV.zip: kept 83 row(s)
[queued 518/2,805; selected 4,981] 20200518.export.CSV.zip
[done 513/2,805] 20200511.export.CSV.zip: kept 95 row(s)
[queued 519/2,805; selected 4,981] 20200519.export.CSV.zip
[done 514/2,805] 20200512.export.CSV.zip: kept 113 row(s)
[queued 520/2,805; selected 4,981] 20200520.export.CSV.zip
  downloading 20200518.export.CSV.zip: 8.1 MB
  downloading 20200519.export.CSV.zip: 9.3 MB
  downloading 20200520.export.CSV.zip: 9.6 MB
[done 515/2,805] 20200515.export.CSV.zip: kept 107 row(s)
[queued 521/2,805; selected 4,981] 20200521.export.CSV.zip
  downloading 20200521.export.CSV.zip: 9.9 MB
[done 516/2,805] 20200514.export.CSV.zip: kept 82 row(s)
[queued 522/2,805; selected 4,981] 20200522.export.CSV.zip
  downloading 20200522.export.CSV.zip: 8.8 MB
[done 517/2,805] 20200517.export.CSV.zip: kept 72 row(s)
[queued 523/2,805; selected 4,981] 20200523.export.CSV.zip
  downloading 20200523.export.CSV.zip: 5.3 MB
[done 518/2,805] 20200520.export.CSV.zip: kept 106 row(s)
[queued 524/2,805; selected 4,981] 20200524.export.CSV.zip
  downloading 20200524.export.CSV.zip: 4.6 MB
[done 519/2,805] 20200519.export.CSV.zip: kept 98 row(s)
[queued 525/2,805; selected 4,981] 20200525.export.CSV.zip
[done 520/2,805] 20200518.export.CSV.zip: kept 83 row(s)
[done 521/2,805] 20200522.export.CSV.zip: kept 89 row(s)
  downloading 20200525.export.CSV.zip: 6.0 MB
[queued 526/2,805; selected 4,981] 20200526.export.CSV.zip
[queued 527/2,805; selected 4,981] 20200527.export.CSV.zip
  downloading 20200527.export.CSV.zip: 9.1 MB
  downloading 20200526.export.CSV.zip: 8.2 MB
[done 522/2,805] 20200521.export.CSV.zip: kept 99 row(s)
[queued 528/2,805; selected 4,981] 20200528.export.CSV.zip
  downloading 20200528.export.CSV.zip: 9.5 MB
[done 523/2,805] 20200523.export.CSV.zip: kept 74 row(s)
[queued 529/2,805; selected 4,981] 20200529.export.CSV.zip
  downloading 20200529.export.CSV.zip: 9.2 MB
[done 524/2,805] 20200524.export.CSV.zip: kept 83 row(s)
[queued 530/2,805; selected 4,981] 20200530.export.CSV.zip
  downloading 20200530.export.CSV.zip: 6.2 MB
[done 525/2,805] 20200525.export.CSV.zip: kept 81 row(s)
[queued 531/2,805; selected 4,981] 20200531.export.CSV.zip
  downloading 20200531.export.CSV.zip: 5.9 MB
[done 526/2,805] 20200527.export.CSV.zip: kept 108 row(s)
[queued 532/2,805; selected 4,981] 20200601.export.CSV.zip
  downloading 20200601.export.CSV.zip: 9.2 MB
[done 527/2,805] 20200526.export.CSV.zip: kept 108 row(s)
[queued 533/2,805; selected 4,981] 20200602.export.CSV.zip
  downloading 20200602.export.CSV.zip: 10.4 MB
[done 528/2,805] 20200528.export.CSV.zip: kept 123 row(s)
[queued 534/2,805; selected 4,981] 20200603.export.CSV.zip
  downloading 20200603.export.CSV.zip: 10.8 MB
[done 529/2,805] 20200531.export.CSV.zip: kept 73 row(s)
[queued 535/2,805; selected 4,981] 20200604.export.CSV.zip
  downloading 20200604.export.CSV.zip: 10.7 MB
[done 530/2,805] 20200530.export.CSV.zip: kept 78 row(s)
[queued 536/2,805; selected 4,981] 20200605.export.CSV.zip
  downloading 20200605.export.CSV.zip: 10.0 MB
[done 531/2,805] 20200601.export.CSV.zip: kept 106 row(s)
[queued 537/2,805; selected 4,981] 20200606.export.CSV.zip
  downloading 20200606.export.CSV.zip: 6.5 MB
[done 532/2,805] 20200603.export.CSV.zip: kept 144 row(s)
[queued 538/2,805; selected 4,981] 20200607.export.CSV.zip
  downloading 20200607.export.CSV.zip: 5.4 MB
[done 533/2,805] 20200529.export.CSV.zip: kept 92 row(s)
[queued 539/2,805; selected 4,981] 20200608.export.CSV.zip
  downloading 20200608.export.CSV.zip: 8.8 MB
[done 534/2,805] 20200602.export.CSV.zip: kept 118 row(s)
[queued 540/2,805; selected 4,981] 20200609.export.CSV.zip
[done 535/2,805] 20200604.export.CSV.zip: kept 103 row(s)
[queued 541/2,805; selected 4,981] 20200610.export.CSV.zip
  downloading 20200609.export.CSV.zip: 9.9 MB
  downloading 20200610.export.CSV.zip: 10.2 MB
[done 536/2,805] 20200606.export.CSV.zip: kept 92 row(s)
[queued 542/2,805; selected 4,981] 20200611.export.CSV.zip
  downloading 20200611.export.CSV.zip: 10.1 MB
[done 537/2,805] 20200607.export.CSV.zip: kept 76 row(s)
[queued 543/2,805; selected 4,981] 20200612.export.CSV.zip
  downloading 20200612.export.CSV.zip: 9.8 MB
[done 538/2,805] 20200610.export.CSV.zip: kept 143 row(s)
[queued 544/2,805; selected 4,981] 20200613.export.CSV.zip
  downloading 20200613.export.CSV.zip: 5.9 MB
[done 539/2,805] 20200605.export.CSV.zip: kept 106 row(s)
[queued 545/2,805; selected 4,981] 20200614.export.CSV.zip
  downloading 20200614.export.CSV.zip: 5.1 MB
[done 540/2,805] 20200609.export.CSV.zip: kept 105 row(s)
[queued 546/2,805; selected 4,981] 20200615.export.CSV.zip
  downloading 20200615.export.CSV.zip: 8.7 MB
[done 541/2,805] 20200611.export.CSV.zip: kept 116 row(s)
[queued 547/2,805; selected 4,981] 20200616.export.CSV.zip
[done 542/2,805] 20200608.export.CSV.zip: kept 108 row(s)
[queued 548/2,805; selected 4,981] 20200617.export.CSV.zip
  downloading 20200616.export.CSV.zip: 10.1 MB
  downloading 20200617.export.CSV.zip: 10.6 MB
[done 543/2,805] 20200614.export.CSV.zip: kept 69 row(s)
[queued 549/2,805; selected 4,981] 20200618.export.CSV.zip
  downloading 20200618.export.CSV.zip: 10.5 MB
[done 544/2,805] 20200612.export.CSV.zip: kept 116 row(s)
[queued 550/2,805; selected 4,981] 20200619.export.CSV.zip
  downloading 20200619.export.CSV.zip: 9.9 MB
[done 545/2,805] 20200613.export.CSV.zip: kept 82 row(s)
[queued 551/2,805; selected 4,981] 20200620.export.CSV.zip
[done 546/2,805] 20200615.export.CSV.zip: kept 88 row(s)
[queued 552/2,805; selected 4,981] 20200621.export.CSV.zip
  downloading 20200620.export.CSV.zip: 6.0 MB
  downloading 20200621.export.CSV.zip: 4.9 MB
[done 547/2,805] 20200616.export.CSV.zip: kept 136 row(s)
[queued 553/2,805; selected 4,981] 20200622.export.CSV.zip
  downloading 20200622.export.CSV.zip: 8.5 MB
[done 548/2,805] 20200619.export.CSV.zip: kept 110 row(s)
[queued 554/2,805; selected 4,981] 20200623.export.CSV.zip
  downloading 20200623.export.CSV.zip: 10.0 MB
[done 549/2,805] 20200620.export.CSV.zip: kept 70 row(s)
[queued 555/2,805; selected 4,981] 20200624.export.CSV.zip
  downloading 20200624.export.CSV.zip: 10.1 MB
[done 550/2,805] 20200621.export.CSV.zip: kept 73 row(s)
[queued 556/2,805; selected 4,981] 20200625.export.CSV.zip
[done 551/2,805] 20200617.export.CSV.zip: kept 134 row(s)
[queued 557/2,805; selected 4,981] 20200626.export.CSV.zip
  downloading 20200625.export.CSV.zip: 10.0 MB
  downloading 20200626.export.CSV.zip: 9.5 MB
[done 552/2,805] 20200618.export.CSV.zip: kept 102 row(s)
[queued 558/2,805; selected 4,981] 20200627.export.CSV.zip
  downloading 20200627.export.CSV.zip: 5.8 MB
[done 553/2,805] 20200623.export.CSV.zip: kept 117 row(s)
[queued 559/2,805; selected 4,981] 20200628.export.CSV.zip
  downloading 20200628.export.CSV.zip: 5.0 MB
[done 554/2,805] 20200624.export.CSV.zip: kept 106 row(s)
[queued 560/2,805; selected 4,981] 20200629.export.CSV.zip
  downloading 20200629.export.CSV.zip: 8.5 MB
[done 555/2,805] 20200628.export.CSV.zip: kept 86 row(s)
[queued 561/2,805; selected 4,981] 20200630.export.CSV.zip
[done 556/2,805] 20200627.export.CSV.zip: kept 73 row(s)
[queued 562/2,805; selected 4,981] 20200701.export.CSV.zip
  downloading 20200630.export.CSV.zip: 10.1 MB
  downloading 20200701.export.CSV.zip: 10.2 MB
[done 557/2,805] 20200626.export.CSV.zip: kept 81 row(s)
[queued 563/2,805; selected 4,981] 20200702.export.CSV.zip
  downloading 20200702.export.CSV.zip: 10.1 MB
[done 558/2,805] 20200622.export.CSV.zip: kept 119 row(s)
[queued 564/2,805; selected 4,981] 20200703.export.CSV.zip
  downloading 20200703.export.CSV.zip: 8.3 MB
[done 559/2,805] 20200625.export.CSV.zip: kept 115 row(s)
[queued 565/2,805; selected 4,981] 20200704.export.CSV.zip
  downloading 20200704.export.CSV.zip: 5.2 MB
[done 560/2,805] 20200630.export.CSV.zip: kept 111 row(s)
[queued 566/2,805; selected 4,981] 20200705.export.CSV.zip
  downloading 20200705.export.CSV.zip: 4.7 MB
[done 561/2,805] 20200701.export.CSV.zip: kept 89 row(s)
[queued 567/2,805; selected 4,981] 20200706.export.CSV.zip
  downloading 20200706.export.CSV.zip: 8.1 MB
[done 562/2,805] 20200703.export.CSV.zip: kept 89 row(s)
[queued 568/2,805; selected 4,981] 20200707.export.CSV.zip
  downloading 20200707.export.CSV.zip: 9.6 MB
[done 563/2,805] 20200705.export.CSV.zip: kept 78 row(s)
[queued 569/2,805; selected 4,981] 20200708.export.CSV.zip
[done 564/2,805] 20200704.export.CSV.zip: kept 84 row(s)
[queued 570/2,805; selected 4,981] 20200709.export.CSV.zip
  downloading 20200708.export.CSV.zip: 10.3 MB
  downloading 20200709.export.CSV.zip: 10.1 MB
[done 565/2,805] 20200702.export.CSV.zip: kept 114 row(s)
[queued 571/2,805; selected 4,981] 20200710.export.CSV.zip
[done 566/2,805] 20200629.export.CSV.zip: kept 93 row(s)
[queued 572/2,805; selected 4,981] 20200711.export.CSV.zip
  downloading 20200710.export.CSV.zip: 9.3 MB
  downloading 20200711.export.CSV.zip: 5.7 MB
[done 567/2,805] 20200706.export.CSV.zip: kept 140 row(s)
[queued 573/2,805; selected 4,981] 20200712.export.CSV.zip
  downloading 20200712.export.CSV.zip: 4.8 MB
[done 568/2,805] 20200707.export.CSV.zip: kept 173 row(s)
[queued 574/2,805; selected 4,981] 20200713.export.CSV.zip
  downloading 20200713.export.CSV.zip: 8.5 MB
[done 569/2,805] 20200711.export.CSV.zip: kept 136 row(s)
[queued 575/2,805; selected 4,981] 20200714.export.CSV.zip
  downloading 20200714.export.CSV.zip: 9.9 MB
[done 570/2,805] 20200709.export.CSV.zip: kept 146 row(s)
[queued 576/2,805; selected 4,981] 20200715.export.CSV.zip
  downloading 20200715.export.CSV.zip: 10.0 MB
[done 571/2,805] 20200712.export.CSV.zip: kept 90 row(s)
[queued 577/2,805; selected 4,981] 20200716.export.CSV.zip
[done 572/2,805] 20200710.export.CSV.zip: kept 181 row(s)
[queued 578/2,805; selected 4,981] 20200717.export.CSV.zip
[done 573/2,805] 20200708.export.CSV.zip: kept 162 row(s)
[queued 579/2,805; selected 4,981] 20200718.export.CSV.zip
  downloading 20200716.export.CSV.zip: 9.8 MB
  downloading 20200717.export.CSV.zip: 9.2 MB
  downloading 20200718.export.CSV.zip: 5.7 MB
[done 574/2,805] 20200714.export.CSV.zip: kept 154 row(s)
[queued 580/2,805; selected 4,981] 20200719.export.CSV.zip
  downloading 20200719.export.CSV.zip: 4.8 MB
[done 575/2,805] 20200718.export.CSV.zip: kept 90 row(s)
[queued 581/2,805; selected 4,981] 20200720.export.CSV.zip
  downloading 20200720.export.CSV.zip: 8.4 MB
[done 576/2,805] 20200713.export.CSV.zip: kept 105 row(s)
[queued 582/2,805; selected 4,981] 20200721.export.CSV.zip
  downloading 20200721.export.CSV.zip: 9.5 MB
[done 577/2,805] 20200717.export.CSV.zip: kept 82 row(s)
[queued 583/2,805; selected 4,981] 20200722.export.CSV.zip
  downloading 20200722.export.CSV.zip: 10.1 MB
[done 578/2,805] 20200719.export.CSV.zip: kept 83 row(s)
[queued 584/2,805; selected 4,981] 20200723.export.CSV.zip
  downloading 20200723.export.CSV.zip: 9.9 MB
[done 579/2,805] 20200715.export.CSV.zip: kept 111 row(s)
[queued 585/2,805; selected 4,981] 20200724.export.CSV.zip
  downloading 20200724.export.CSV.zip: 9.2 MB
[done 580/2,805] 20200716.export.CSV.zip: kept 107 row(s)
[queued 586/2,805; selected 4,981] 20200725.export.CSV.zip
  downloading 20200725.export.CSV.zip: 5.6 MB
[done 581/2,805] 20200720.export.CSV.zip: kept 89 row(s)
[queued 587/2,805; selected 4,981] 20200726.export.CSV.zip
  downloading 20200726.export.CSV.zip: 4.9 MB
[done 582/2,805] 20200721.export.CSV.zip: kept 88 row(s)
[queued 588/2,805; selected 4,981] 20200727.export.CSV.zip
[done 583/2,805] 20200722.export.CSV.zip: kept 101 row(s)
[queued 589/2,805; selected 4,981] 20200728.export.CSV.zip
[done 584/2,805] 20200724.export.CSV.zip: kept 124 row(s)
[queued 590/2,805; selected 4,981] 20200729.export.CSV.zip
  downloading 20200728.export.CSV.zip: 9.5 MB
  downloading 20200727.export.CSV.zip: 8.5 MB
  downloading 20200729.export.CSV.zip: 9.7 MB
[done 585/2,805] 20200725.export.CSV.zip: kept 88 row(s)
[queued 591/2,805; selected 4,981] 20200730.export.CSV.zip
  downloading 20200730.export.CSV.zip: 9.5 MB
[done 586/2,805] 20200723.export.CSV.zip: kept 105 row(s)
[queued 592/2,805; selected 4,981] 20200731.export.CSV.zip
  downloading 20200731.export.CSV.zip: 8.7 MB
[done 587/2,805] 20200728.export.CSV.zip: kept 89 row(s)
[queued 593/2,805; selected 4,981] 20200801.export.CSV.zip
  downloading 20200801.export.CSV.zip: 5.2 MB
[done 588/2,805] 20200726.export.CSV.zip: kept 90 row(s)
[queued 594/2,805; selected 4,981] 20200802.export.CSV.zip
  downloading 20200802.export.CSV.zip: 4.4 MB
[done 589/2,805] 20200729.export.CSV.zip: kept 130 row(s)
[queued 595/2,805; selected 4,981] 20200803.export.CSV.zip
[done 590/2,805] 20200727.export.CSV.zip: kept 102 row(s)
[queued 596/2,805; selected 4,981] 20200804.export.CSV.zip
  downloading 20200803.export.CSV.zip: 7.8 MB
  downloading 20200804.export.CSV.zip: 8.9 MB
[done 591/2,805] 20200730.export.CSV.zip: kept 129 row(s)
[queued 597/2,805; selected 4,981] 20200805.export.CSV.zip
  downloading 20200805.export.CSV.zip: 9.3 MB
[done 592/2,805] 20200801.export.CSV.zip: kept 79 row(s)
[queued 598/2,805; selected 4,981] 20200806.export.CSV.zip
  downloading 20200806.export.CSV.zip: 9.8 MB
[done 593/2,805] 20200802.export.CSV.zip: kept 95 row(s)
[queued 599/2,805; selected 4,981] 20200807.export.CSV.zip
  downloading 20200807.export.CSV.zip: 9.2 MB
[done 594/2,805] 20200804.export.CSV.zip: kept 113 row(s)
[queued 600/2,805; selected 4,981] 20200808.export.CSV.zip
  downloading 20200808.export.CSV.zip: 5.5 MB
[done 595/2,805] 20200803.export.CSV.zip: kept 86 row(s)
[queued 601/2,805; selected 4,981] 20200809.export.CSV.zip
[done 596/2,805] 20200805.export.CSV.zip: kept 118 row(s)
[queued 602/2,805; selected 4,981] 20200810.export.CSV.zip
  downloading 20200809.export.CSV.zip: 4.7 MB
  downloading 20200810.export.CSV.zip: 8.1 MB
[done 597/2,805] 20200731.export.CSV.zip: kept 96 row(s)
[queued 603/2,805; selected 4,981] 20200811.export.CSV.zip
  downloading 20200811.export.CSV.zip: 9.6 MB
[done 598/2,805] 20200806.export.CSV.zip: kept 84 row(s)
[queued 604/2,805; selected 4,981] 20200812.export.CSV.zip
  downloading 20200812.export.CSV.zip: 9.7 MB
[done 599/2,805] 20200807.export.CSV.zip: kept 105 row(s)
[queued 605/2,805; selected 4,981] 20200813.export.CSV.zip
  downloading 20200813.export.CSV.zip: 9.8 MB
[done 600/2,805] 20200809.export.CSV.zip: kept 69 row(s)
[queued 606/2,805; selected 4,981] 20200814.export.CSV.zip
  downloading 20200814.export.CSV.zip: 9.7 MB
[done 601/2,805] 20200808.export.CSV.zip: kept 85 row(s)
[queued 607/2,805; selected 4,981] 20200815.export.CSV.zip
  downloading 20200815.export.CSV.zip: 6.0 MB
[done 602/2,805] 20200810.export.CSV.zip: kept 80 row(s)
[queued 608/2,805; selected 4,981] 20200816.export.CSV.zip
  downloading 20200816.export.CSV.zip: 4.9 MB
[done 603/2,805] 20200811.export.CSV.zip: kept 109 row(s)
[queued 609/2,805; selected 4,981] 20200817.export.CSV.zip
[done 604/2,805] 20200812.export.CSV.zip: kept 94 row(s)
[queued 610/2,805; selected 4,981] 20200818.export.CSV.zip
  downloading 20200817.export.CSV.zip: 8.6 MB
  downloading 20200818.export.CSV.zip: 9.8 MB
[done 605/2,805] 20200813.export.CSV.zip: kept 109 row(s)
[queued 611/2,805; selected 4,981] 20200819.export.CSV.zip
  downloading 20200819.export.CSV.zip: 10.2 MB
[done 606/2,805] 20200815.export.CSV.zip: kept 70 row(s)
[queued 612/2,805; selected 4,981] 20200820.export.CSV.zip
  downloading 20200820.export.CSV.zip: 10.0 MB
[done 607/2,805] 20200814.export.CSV.zip: kept 106 row(s)
[queued 613/2,805; selected 4,981] 20200821.export.CSV.zip
  downloading 20200821.export.CSV.zip: 9.2 MB
[done 608/2,805] 20200818.export.CSV.zip: kept 110 row(s)
[queued 614/2,805; selected 4,981] 20200822.export.CSV.zip
  downloading 20200822.export.CSV.zip: 5.3 MB
[done 609/2,805] 20200817.export.CSV.zip: kept 81 row(s)
[queued 615/2,805; selected 4,981] 20200823.export.CSV.zip
  downloading 20200823.export.CSV.zip: 4.8 MB
[done 610/2,805] 20200816.export.CSV.zip: kept 62 row(s)
[queued 616/2,805; selected 4,981] 20200824.export.CSV.zip
  downloading 20200824.export.CSV.zip: 8.5 MB
[done 611/2,805] 20200820.export.CSV.zip: kept 118 row(s)
[queued 617/2,805; selected 4,981] 20200825.export.CSV.zip
  downloading 20200825.export.CSV.zip: 9.7 MB
[done 612/2,805] 20200823.export.CSV.zip: kept 69 row(s)
[queued 618/2,805; selected 4,981] 20200826.export.CSV.zip
  downloading 20200826.export.CSV.zip: 9.9 MB
[done 613/2,805] 20200825.export.CSV.zip: kept 112 row(s)
[queued 619/2,805; selected 4,981] 20200827.export.CSV.zip
  downloading 20200827.export.CSV.zip: 9.8 MB
[done 614/2,805] 20200822.export.CSV.zip: kept 77 row(s)
[queued 620/2,805; selected 4,981] 20200828.export.CSV.zip
  downloading 20200828.export.CSV.zip: 9.1 MB
[done 615/2,805] 20200819.export.CSV.zip: kept 91 row(s)
[queued 621/2,805; selected 4,981] 20200829.export.CSV.zip
  downloading 20200829.export.CSV.zip: 5.4 MB
[done 616/2,805] 20200821.export.CSV.zip: kept 90 row(s)
[queued 622/2,805; selected 4,981] 20200830.export.CSV.zip
  downloading 20200830.export.CSV.zip: 4.9 MB
[done 617/2,805] 20200824.export.CSV.zip: kept 90 row(s)
[queued 623/2,805; selected 4,981] 20200831.export.CSV.zip
  downloading 20200831.export.CSV.zip: 8.1 MB
[done 618/2,805] 20200826.export.CSV.zip: kept 106 row(s)
[queued 624/2,805; selected 4,981] 20200901.export.CSV.zip
  downloading 20200901.export.CSV.zip: 9.6 MB
[done 619/2,805] 20200830.export.CSV.zip: kept 75 row(s)
[queued 625/2,805; selected 4,981] 20200902.export.CSV.zip
  downloading 20200902.export.CSV.zip: 10.0 MB
[done 620/2,805] 20200827.export.CSV.zip: kept 75 row(s)
[queued 626/2,805; selected 4,981] 20200903.export.CSV.zip
[done 621/2,805] 20200828.export.CSV.zip: kept 90 row(s)
[queued 627/2,805; selected 4,981] 20200904.export.CSV.zip
  downloading 20200903.export.CSV.zip: 9.9 MB
  downloading 20200904.export.CSV.zip: 9.4 MB
[done 622/2,805] 20200829.export.CSV.zip: kept 73 row(s)
[queued 628/2,805; selected 4,981] 20200905.export.CSV.zip
  downloading 20200905.export.CSV.zip: 5.4 MB
[done 623/2,805] 20200831.export.CSV.zip: kept 97 row(s)
[queued 629/2,805; selected 4,981] 20200906.export.CSV.zip
  downloading 20200906.export.CSV.zip: 4.8 MB
[done 624/2,805] 20200901.export.CSV.zip: kept 110 row(s)
[queued 630/2,805; selected 4,981] 20200907.export.CSV.zip
[done 625/2,805] 20200902.export.CSV.zip: kept 84 row(s)
[queued 631/2,805; selected 4,981] 20200908.export.CSV.zip
  downloading 20200907.export.CSV.zip: 6.9 MB
  downloading 20200908.export.CSV.zip: 9.0 MB
[done 626/2,805] 20200905.export.CSV.zip: kept 73 row(s)
[queued 632/2,805; selected 4,981] 20200909.export.CSV.zip
  downloading 20200909.export.CSV.zip: 10.0 MB
[done 627/2,805] 20200904.export.CSV.zip: kept 85 row(s)
[queued 633/2,805; selected 4,981] 20200910.export.CSV.zip
[done 628/2,805] 20200903.export.CSV.zip: kept 99 row(s)
[queued 634/2,805; selected 4,981] 20200911.export.CSV.zip
  downloading 20200910.export.CSV.zip: 10.1 MB
  downloading 20200911.export.CSV.zip: 9.7 MB
[done 629/2,805] 20200906.export.CSV.zip: kept 89 row(s)
[queued 635/2,805; selected 4,981] 20200912.export.CSV.zip
  downloading 20200912.export.CSV.zip: 6.1 MB
[done 630/2,805] 20200910.export.CSV.zip: kept 95 row(s)
[queued 636/2,805; selected 4,981] 20200913.export.CSV.zip
[done 631/2,805] 20200907.export.CSV.zip: kept 97 row(s)
[queued 637/2,805; selected 4,981] 20200914.export.CSV.zip
  downloading 20200913.export.CSV.zip: 5.0 MB
  downloading 20200914.export.CSV.zip: 8.8 MB
[done 632/2,805] 20200912.export.CSV.zip: kept 90 row(s)
[queued 638/2,805; selected 4,981] 20200915.export.CSV.zip
  downloading 20200915.export.CSV.zip: 10.0 MB
[done 633/2,805] 20200908.export.CSV.zip: kept 116 row(s)
[queued 639/2,805; selected 4,981] 20200916.export.CSV.zip
  downloading 20200916.export.CSV.zip: 10.2 MB
[done 634/2,805] 20200909.export.CSV.zip: kept 111 row(s)
[queued 640/2,805; selected 4,981] 20200917.export.CSV.zip
[done 635/2,805] 20200911.export.CSV.zip: kept 106 row(s)
[queued 641/2,805; selected 4,981] 20200918.export.CSV.zip
  downloading 20200917.export.CSV.zip: 9.9 MB
  downloading 20200918.export.CSV.zip: 9.1 MB
[done 636/2,805] 20200914.export.CSV.zip: kept 83 row(s)
[queued 642/2,805; selected 4,981] 20200919.export.CSV.zip
  downloading 20200919.export.CSV.zip: 5.8 MB
[done 637/2,805] 20200913.export.CSV.zip: kept 72 row(s)
[queued 643/2,805; selected 4,981] 20200920.export.CSV.zip
  downloading 20200920.export.CSV.zip: 4.7 MB
[done 638/2,805] 20200916.export.CSV.zip: kept 128 row(s)
[queued 644/2,805; selected 4,981] 20200921.export.CSV.zip
  downloading 20200921.export.CSV.zip: 8.4 MB
[done 639/2,805] 20200917.export.CSV.zip: kept 101 row(s)
[queued 645/2,805; selected 4,981] 20200922.export.CSV.zip
  downloading 20200922.export.CSV.zip: 9.5 MB
[done 640/2,805] 20200918.export.CSV.zip: kept 100 row(s)
[queued 646/2,805; selected 4,981] 20200923.export.CSV.zip
[done 641/2,805] 20200915.export.CSV.zip: kept 138 row(s)
[queued 647/2,805; selected 4,981] 20200924.export.CSV.zip
  downloading 20200923.export.CSV.zip: 10.3 MB
  downloading 20200924.export.CSV.zip: 9.9 MB
[done 642/2,805] 20200919.export.CSV.zip: kept 84 row(s)
[queued 648/2,805; selected 4,981] 20200925.export.CSV.zip
  downloading 20200925.export.CSV.zip: 9.0 MB
[done 643/2,805] 20200920.export.CSV.zip: kept 66 row(s)
[queued 649/2,805; selected 4,981] 20200926.export.CSV.zip
  downloading 20200926.export.CSV.zip: 4.9 MB
[done 644/2,805] 20200922.export.CSV.zip: kept 107 row(s)
[queued 650/2,805; selected 4,981] 20200927.export.CSV.zip
[done 645/2,805] 20200926.export.CSV.zip: kept 78 row(s)
  downloading 20200927.export.CSV.zip: 5.3 MB
[queued 651/2,805; selected 4,981] 20200928.export.CSV.zip
  downloading 20200928.export.CSV.zip: 7.8 MB
[done 646/2,805] 20200921.export.CSV.zip: kept 100 row(s)
[queued 652/2,805; selected 4,981] 20200929.export.CSV.zip
  downloading 20200929.export.CSV.zip: 9.1 MB
[done 647/2,805] 20200925.export.CSV.zip: kept 116 row(s)
[queued 653/2,805; selected 4,981] 20200930.export.CSV.zip
[done 648/2,805] 20200923.export.CSV.zip: kept 103 row(s)
[queued 654/2,805; selected 4,981] 20201001.export.CSV.zip
  downloading 20201001.export.CSV.zip: 9.6 MB
  downloading 20200930.export.CSV.zip: 9.1 MB
[done 649/2,805] 20200924.export.CSV.zip: kept 97 row(s)
[queued 655/2,805; selected 4,981] 20201002.export.CSV.zip
  downloading 20201002.export.CSV.zip: 8.5 MB
[done 650/2,805] 20200927.export.CSV.zip: kept 62 row(s)
[queued 656/2,805; selected 4,981] 20201003.export.CSV.zip
  downloading 20201003.export.CSV.zip: 4.3 MB
[done 651/2,805] 20201001.export.CSV.zip: kept 101 row(s)
[queued 657/2,805; selected 4,981] 20201004.export.CSV.zip
  downloading 20201004.export.CSV.zip: 3.8 MB
[done 652/2,805] 20200928.export.CSV.zip: kept 116 row(s)
[queued 658/2,805; selected 4,981] 20201005.export.CSV.zip
  downloading 20201005.export.CSV.zip: 7.1 MB
[done 653/2,805] 20200929.export.CSV.zip: kept 105 row(s)
[queued 659/2,805; selected 4,981] 20201006.export.CSV.zip
[done 654/2,805] 20200930.export.CSV.zip: kept 114 row(s)
[queued 660/2,805; selected 4,981] 20201007.export.CSV.zip
  downloading 20201006.export.CSV.zip: 8.0 MB
  downloading 20201007.export.CSV.zip: 7.8 MB
[done 655/2,805] 20201003.export.CSV.zip: kept 89 row(s)
[queued 661/2,805; selected 4,981] 20201008.export.CSV.zip
  downloading 20201008.export.CSV.zip: 8.3 MB
[done 656/2,805] 20201002.export.CSV.zip: kept 105 row(s)
[queued 662/2,805; selected 4,981] 20201009.export.CSV.zip
  downloading 20201009.export.CSV.zip: 5.8 MB
[done 657/2,805] 20201006.export.CSV.zip: kept 122 row(s)
[queued 663/2,805; selected 4,981] 20201010.export.CSV.zip
[done 658/2,805] 20201004.export.CSV.zip: kept 71 row(s)
  downloading 20201010.export.CSV.zip: 5.8 MB
[queued 664/2,805; selected 4,981] 20201011.export.CSV.zip
  downloading 20201011.export.CSV.zip: 4.5 MB
[done 659/2,805] 20201005.export.CSV.zip: kept 90 row(s)
[queued 665/2,805; selected 4,981] 20201012.export.CSV.zip
  downloading 20201012.export.CSV.zip: 6.4 MB
[done 660/2,805] 20201008.export.CSV.zip: kept 99 row(s)
[done 661/2,805] 20201007.export.CSV.zip: kept 116 row(s)
[queued 666/2,805; selected 4,981] 20201013.export.CSV.zip
[queued 667/2,805; selected 4,981] 20201014.export.CSV.zip
  downloading 20201013.export.CSV.zip: 6.8 MB
  downloading 20201014.export.CSV.zip: 7.8 MB
[done 662/2,805] 20201009.export.CSV.zip: kept 74 row(s)
[queued 668/2,805; selected 4,981] 20201015.export.CSV.zip
  downloading 20201015.export.CSV.zip: 6.7 MB
[done 663/2,805] 20201014.export.CSV.zip: kept 93 row(s)
[queued 669/2,805; selected 4,981] 20201016.export.CSV.zip
[done 664/2,805] 20201011.export.CSV.zip: kept 93 row(s)
[queued 670/2,805; selected 4,981] 20201017.export.CSV.zip
  downloading 20201016.export.CSV.zip: 3.1 MB
  downloading 20201017.export.CSV.zip: 4.5 MB
[done 665/2,805] 20201012.export.CSV.zip: kept 109 row(s)
[queued 671/2,805; selected 4,981] 20201018.export.CSV.zip
[done 666/2,805] 20201013.export.CSV.zip: kept 88 row(s)
[queued 672/2,805; selected 4,981] 20201019.export.CSV.zip
  downloading 20201018.export.CSV.zip: 4.5 MB
  downloading 20201019.export.CSV.zip: 6.1 MB
[done 667/2,805] 20201010.export.CSV.zip: kept 81 row(s)
[queued 673/2,805; selected 4,981] 20201020.export.CSV.zip
[done 668/2,805] 20201015.export.CSV.zip: kept 101 row(s)
[queued 674/2,805; selected 4,981] 20201021.export.CSV.zip
  downloading 20201020.export.CSV.zip: 6.8 MB
  downloading 20201021.export.CSV.zip: 6.9 MB
[done 669/2,805] 20201016.export.CSV.zip: kept 70 row(s)
[queued 675/2,805; selected 4,981] 20201022.export.CSV.zip
  downloading 20201022.export.CSV.zip: 6.0 MB
[done 670/2,805] 20201017.export.CSV.zip: kept 82 row(s)
[queued 676/2,805; selected 4,981] 20201023.export.CSV.zip
  downloading 20201023.export.CSV.zip: 4.8 MB
[done 671/2,805] 20201018.export.CSV.zip: kept 76 row(s)
[queued 677/2,805; selected 4,981] 20201024.export.CSV.zip
  downloading 20201024.export.CSV.zip: 3.2 MB
[done 672/2,805] 20201021.export.CSV.zip: kept 97 row(s)
[queued 678/2,805; selected 4,981] 20201025.export.CSV.zip
  downloading 20201025.export.CSV.zip: 3.8 MB
[done 673/2,805] 20201019.export.CSV.zip: kept 86 row(s)
[queued 679/2,805; selected 4,981] 20201026.export.CSV.zip
[done 674/2,805] 20201020.export.CSV.zip: kept 71 row(s)
[queued 680/2,805; selected 4,981] 20201027.export.CSV.zip
  downloading 20201027.export.CSV.zip: 5.7 MB
  downloading 20201026.export.CSV.zip: 5.5 MB
[done 675/2,805] 20201023.export.CSV.zip: kept 73 row(s)
[queued 681/2,805; selected 4,981] 20201028.export.CSV.zip
[done 676/2,805] 20201024.export.CSV.zip: kept 64 row(s)
[queued 682/2,805; selected 4,981] 20201029.export.CSV.zip
  downloading 20201028.export.CSV.zip: 6.6 MB
  downloading 20201029.export.CSV.zip: 4.8 MB
[done 677/2,805] 20201022.export.CSV.zip: kept 80 row(s)
[queued 683/2,805; selected 4,981] 20201030.export.CSV.zip
  downloading 20201030.export.CSV.zip: 3.0 MB
[done 678/2,805] 20201027.export.CSV.zip: kept 73 row(s)
[queued 684/2,805; selected 4,981] 20201031.export.CSV.zip
  downloading 20201031.export.CSV.zip: 2.0 MB
[done 679/2,805] 20201025.export.CSV.zip: kept 61 row(s)
[queued 685/2,805; selected 4,981] 20201101.export.CSV.zip
  downloading 20201101.export.CSV.zip: 2.8 MB
[done 680/2,805] 20201026.export.CSV.zip: kept 82 row(s)
[queued 686/2,805; selected 4,981] 20201102.export.CSV.zip
  downloading 20201102.export.CSV.zip: 5.6 MB
[done 681/2,805] 20201031.export.CSV.zip: kept 64 row(s)
[queued 687/2,805; selected 4,981] 20201103.export.CSV.zip
  downloading 20201103.export.CSV.zip: 3.9 MB
[done 682/2,805] 20201101.export.CSV.zip: kept 68 row(s)
[queued 688/2,805; selected 4,981] 20201104.export.CSV.zip
[done 683/2,805] 20201030.export.CSV.zip: kept 94 row(s)
[queued 689/2,805; selected 4,981] 20201105.export.CSV.zip
  downloading 20201104.export.CSV.zip: 6.2 MB
  downloading 20201105.export.CSV.zip: 4.5 MB
[done 684/2,805] 20201029.export.CSV.zip: kept 82 row(s)
[queued 690/2,805; selected 4,981] 20201106.export.CSV.zip
  downloading 20201106.export.CSV.zip: 2.0 MB
[done 685/2,805] 20201028.export.CSV.zip: kept 90 row(s)
[queued 691/2,805; selected 4,981] 20201107.export.CSV.zip
  downloading 20201107.export.CSV.zip: 1.3 MB
[done 686/2,805] 20201103.export.CSV.zip: kept 88 row(s)
[queued 692/2,805; selected 4,981] 20201108.export.CSV.zip
  downloading 20201108.export.CSV.zip: 2.1 MB
[done 687/2,805] 20201102.export.CSV.zip: kept 105 row(s)
[queued 693/2,805; selected 4,981] 20201109.export.CSV.zip
[done 688/2,805] 20201106.export.CSV.zip: kept 68 row(s)
[queued 694/2,805; selected 4,981] 20201110.export.CSV.zip
[done 689/2,805] 20201107.export.CSV.zip: kept 57 row(s)
[queued 695/2,805; selected 4,981] 20201111.export.CSV.zip
  downloading 20201109.export.CSV.zip: 4.9 MB
  downloading 20201110.export.CSV.zip: 5.0 MB
  downloading 20201111.export.CSV.zip: 4.6 MB
[done 690/2,805] 20201104.export.CSV.zip: kept 71 row(s)
[queued 696/2,805; selected 4,981] 20201112.export.CSV.zip
[done 691/2,805] 20201108.export.CSV.zip: kept 67 row(s)
[queued 697/2,805; selected 4,981] 20201113.export.CSV.zip
  downloading 20201112.export.CSV.zip: 4.2 MB
  downloading 20201113.export.CSV.zip: 1.3 MB
[done 692/2,805] 20201105.export.CSV.zip: kept 83 row(s)
[queued 698/2,805; selected 4,981] 20201114.export.CSV.zip
  downloading 20201114.export.CSV.zip: 1.0 MB
[done 693/2,805] 20201110.export.CSV.zip: kept 88 row(s)
[queued 699/2,805; selected 4,981] 20201115.export.CSV.zip
[done 694/2,805] 20201113.export.CSV.zip: kept 55 row(s)
[queued 700/2,805; selected 4,981] 20201116.export.CSV.zip
[done 695/2,805] 20201114.export.CSV.zip: kept 70 row(s)
[queued 701/2,805; selected 4,981] 20201117.export.CSV.zip
  downloading 20201115.export.CSV.zip: 1.4 MB
  downloading 20201117.export.CSV.zip: 3.7 MB
  downloading 20201116.export.CSV.zip: 3.5 MB
[done 696/2,805] 20201112.export.CSV.zip: kept 100 row(s)
[queued 702/2,805; selected 4,981] 20201118.export.CSV.zip
[done 697/2,805] 20201109.export.CSV.zip: kept 104 row(s)
[done 698/2,805] 20201111.export.CSV.zip: kept 84 row(s)
[queued 703/2,805; selected 4,981] 20201119.export.CSV.zip
[queued 704/2,805; selected 4,981] 20201120.export.CSV.zip
  downloading 20201118.export.CSV.zip: 10.2 MB
[done 699/2,805] 20201115.export.CSV.zip: kept 66 row(s)
[queued 705/2,805; selected 4,981] 20201121.export.CSV.zip
  downloading 20201120.export.CSV.zip: 9.1 MB
  downloading 20201119.export.CSV.zip: 10.0 MB
  downloading 20201121.export.CSV.zip: 5.6 MB
[done 700/2,805] 20201118.export.CSV.zip: kept 149 row(s)
[queued 706/2,805; selected 4,981] 20201122.export.CSV.zip
  downloading 20201122.export.CSV.zip: 4.6 MB
[done 701/2,805] 20201116.export.CSV.zip: kept 61 row(s)
[queued 707/2,805; selected 4,981] 20201123.export.CSV.zip
[done 702/2,805] 20201117.export.CSV.zip: kept 87 row(s)
[queued 708/2,805; selected 4,981] 20201124.export.CSV.zip
  downloading 20201124.export.CSV.zip: 9.0 MB
  downloading 20201123.export.CSV.zip: 7.7 MB
[done 703/2,805] 20201121.export.CSV.zip: kept 98 row(s)
[queued 709/2,805; selected 4,981] 20201125.export.CSV.zip
  downloading 20201125.export.CSV.zip: 8.7 MB
[done 704/2,805] 20201120.export.CSV.zip: kept 107 row(s)
[queued 710/2,805; selected 4,981] 20201126.export.CSV.zip
  downloading 20201126.export.CSV.zip: 7.2 MB
[done 705/2,805] 20201119.export.CSV.zip: kept 119 row(s)
[queued 711/2,805; selected 4,981] 20201127.export.CSV.zip
  downloading 20201127.export.CSV.zip: 6.7 MB
[done 706/2,805] 20201124.export.CSV.zip: kept 102 row(s)
[queued 712/2,805; selected 4,981] 20201128.export.CSV.zip
  downloading 20201128.export.CSV.zip: 4.7 MB
[done 707/2,805] 20201122.export.CSV.zip: kept 88 row(s)
[queued 713/2,805; selected 4,981] 20201129.export.CSV.zip
  downloading 20201129.export.CSV.zip: 4.2 MB
[done 708/2,805] 20201123.export.CSV.zip: kept 94 row(s)
[queued 714/2,805; selected 4,981] 20201130.export.CSV.zip
  downloading 20201130.export.CSV.zip: 7.4 MB
[done 709/2,805] 20201128.export.CSV.zip: kept 72 row(s)
[queued 715/2,805; selected 4,981] 20201201.export.CSV.zip
  downloading 20201201.export.CSV.zip: 8.4 MB
[done 710/2,805] 20201129.export.CSV.zip: kept 66 row(s)
[queued 716/2,805; selected 4,981] 20201202.export.CSV.zip
  downloading 20201202.export.CSV.zip: 8.7 MB
[done 711/2,805] 20201127.export.CSV.zip: kept 88 row(s)
[queued 717/2,805; selected 4,981] 20201203.export.CSV.zip
  downloading 20201203.export.CSV.zip: 8.7 MB
[done 712/2,805] 20201201.export.CSV.zip: kept 115 row(s)
[queued 718/2,805; selected 4,981] 20201204.export.CSV.zip
  downloading 20201204.export.CSV.zip: 8.1 MB
[done 713/2,805] 20201130.export.CSV.zip: kept 92 row(s)
[queued 719/2,805; selected 4,981] 20201205.export.CSV.zip
  downloading 20201205.export.CSV.zip: 5.1 MB
[done 714/2,805] 20201125.export.CSV.zip: kept 88 row(s)
[queued 720/2,805; selected 4,981] 20201206.export.CSV.zip
[done 715/2,805] 20201126.export.CSV.zip: kept 100 row(s)
[queued 721/2,805; selected 4,981] 20201207.export.CSV.zip
  downloading 20201206.export.CSV.zip: 4.2 MB
  downloading 20201207.export.CSV.zip: 7.5 MB
[done 716/2,805] 20201202.export.CSV.zip: kept 133 row(s)
[queued 722/2,805; selected 4,981] 20201208.export.CSV.zip
  downloading 20201208.export.CSV.zip: 8.9 MB
[done 717/2,805] 20201203.export.CSV.zip: kept 117 row(s)
[queued 723/2,805; selected 4,981] 20201209.export.CSV.zip
  downloading 20201209.export.CSV.zip: 8.8 MB
[done 718/2,805] 20201206.export.CSV.zip: kept 78 row(s)
[queued 724/2,805; selected 4,981] 20201210.export.CSV.zip
  downloading 20201210.export.CSV.zip: 8.8 MB
[done 719/2,805] 20201207.export.CSV.zip: kept 91 row(s)
[queued 725/2,805; selected 4,981] 20201211.export.CSV.zip
  downloading 20201211.export.CSV.zip: 8.3 MB
[done 720/2,805] 20201205.export.CSV.zip: kept 91 row(s)
[queued 726/2,805; selected 4,981] 20201212.export.CSV.zip
  downloading 20201212.export.CSV.zip: 5.3 MB
[done 721/2,805] 20201204.export.CSV.zip: kept 114 row(s)
[queued 727/2,805; selected 4,981] 20201213.export.CSV.zip
  downloading 20201213.export.CSV.zip: 4.4 MB
[done 722/2,805] 20201211.export.CSV.zip: kept 112 row(s)
[queued 728/2,805; selected 4,981] 20201214.export.CSV.zip
  downloading 20201214.export.CSV.zip: 7.7 MB
[done 723/2,805] 20201208.export.CSV.zip: kept 130 row(s)
[queued 729/2,805; selected 4,981] 20201215.export.CSV.zip
  downloading 20201215.export.CSV.zip: 8.7 MB
[done 724/2,805] 20201212.export.CSV.zip: kept 91 row(s)
[queued 730/2,805; selected 4,981] 20201216.export.CSV.zip
[done 725/2,805] 20201213.export.CSV.zip: kept 84 row(s)
[queued 731/2,805; selected 4,981] 20201217.export.CSV.zip
  downloading 20201216.export.CSV.zip: 8.7 MB
  downloading 20201217.export.CSV.zip: 8.6 MB
[done 726/2,805] 20201209.export.CSV.zip: kept 91 row(s)
[queued 732/2,805; selected 4,981] 20201218.export.CSV.zip
  downloading 20201218.export.CSV.zip: 8.0 MB
[done 727/2,805] 20201210.export.CSV.zip: kept 116 row(s)
[queued 733/2,805; selected 4,981] 20201219.export.CSV.zip
  downloading 20201219.export.CSV.zip: 4.9 MB
[done 728/2,805] 20201214.export.CSV.zip: kept 91 row(s)
[queued 734/2,805; selected 4,981] 20201220.export.CSV.zip
  downloading 20201220.export.CSV.zip: 4.1 MB
[done 729/2,805] 20201217.export.CSV.zip: kept 81 row(s)
[queued 735/2,805; selected 4,981] 20201221.export.CSV.zip
  downloading 20201221.export.CSV.zip: 7.2 MB
[done 730/2,805] 20201215.export.CSV.zip: kept 115 row(s)
[queued 736/2,805; selected 4,981] 20201222.export.CSV.zip
  downloading 20201222.export.CSV.zip: 7.8 MB
[done 731/2,805] 20201220.export.CSV.zip: kept 69 row(s)
[queued 737/2,805; selected 4,981] 20201223.export.CSV.zip
  downloading 20201223.export.CSV.zip: 7.8 MB
[done 732/2,805] 20201219.export.CSV.zip: kept 70 row(s)
[queued 738/2,805; selected 4,981] 20201224.export.CSV.zip
  downloading 20201224.export.CSV.zip: 6.3 MB
[done 733/2,805] 20201218.export.CSV.zip: kept 94 row(s)
[queued 739/2,805; selected 4,981] 20201225.export.CSV.zip
[done 734/2,805] 20201216.export.CSV.zip: kept 112 row(s)
[queued 740/2,805; selected 4,981] 20201226.export.CSV.zip
  downloading 20201225.export.CSV.zip: 3.6 MB
  downloading 20201226.export.CSV.zip: 3.3 MB
[done 735/2,805] 20201221.export.CSV.zip: kept 125 row(s)
[queued 741/2,805; selected 4,981] 20201227.export.CSV.zip
  downloading 20201227.export.CSV.zip: 3.5 MB
[done 736/2,805] 20201225.export.CSV.zip: kept 78 row(s)
[queued 742/2,805; selected 4,981] 20201228.export.CSV.zip
  downloading 20201228.export.CSV.zip: 5.4 MB
[done 737/2,805] 20201224.export.CSV.zip: kept 85 row(s)
[queued 743/2,805; selected 4,981] 20201229.export.CSV.zip
  downloading 20201229.export.CSV.zip: 6.3 MB
[done 738/2,805] 20201226.export.CSV.zip: kept 62 row(s)
[queued 744/2,805; selected 4,981] 20201230.export.CSV.zip
[done 739/2,805] 20201223.export.CSV.zip: kept 80 row(s)
[queued 745/2,805; selected 4,981] 20201231.export.CSV.zip
  downloading 20201230.export.CSV.zip: 6.8 MB
  downloading 20201231.export.CSV.zip: 6.3 MB
[done 740/2,805] 20201222.export.CSV.zip: kept 106 row(s)
[queued 746/2,805; selected 4,981] 20210101.export.CSV.zip
[done 741/2,805] 20201227.export.CSV.zip: kept 62 row(s)
[queued 747/2,805; selected 4,981] 20210102.export.CSV.zip
  downloading 20210101.export.CSV.zip: 4.3 MB
[done 742/2,805] 20201231.export.CSV.zip: kept 73 row(s)
[queued 748/2,805; selected 4,981] 20210103.export.CSV.zip
  downloading 20210102.export.CSV.zip: 3.6 MB
  downloading 20210103.export.CSV.zip: 3.8 MB
[done 743/2,805] 20201228.export.CSV.zip: kept 81 row(s)
[queued 749/2,805; selected 4,981] 20210104.export.CSV.zip
  downloading 20210104.export.CSV.zip: 6.6 MB
[done 744/2,805] 20201230.export.CSV.zip: kept 95 row(s)
[queued 750/2,805; selected 4,981] 20210105.export.CSV.zip
  downloading 20210105.export.CSV.zip: 8.0 MB
[done 745/2,805] 20210101.export.CSV.zip: kept 66 row(s)
[queued 751/2,805; selected 4,981] 20210106.export.CSV.zip
  downloading 20210106.export.CSV.zip: 8.3 MB
[done 746/2,805] 20201229.export.CSV.zip: kept 96 row(s)
[queued 752/2,805; selected 4,981] 20210107.export.CSV.zip
[done 747/2,805] 20210102.export.CSV.zip: kept 80 row(s)
[queued 753/2,805; selected 4,981] 20210108.export.CSV.zip
  downloading 20210107.export.CSV.zip: 9.3 MB
  downloading 20210108.export.CSV.zip: 8.6 MB
[done 748/2,805] 20210104.export.CSV.zip: kept 96 row(s)
[queued 754/2,805; selected 4,981] 20210109.export.CSV.zip
[done 749/2,805] 20210103.export.CSV.zip: kept 74 row(s)
[queued 755/2,805; selected 4,981] 20210110.export.CSV.zip
  downloading 20210109.export.CSV.zip: 5.2 MB
  downloading 20210110.export.CSV.zip: 4.4 MB
[done 750/2,805] 20210105.export.CSV.zip: kept 103 row(s)
[queued 756/2,805; selected 4,981] 20210111.export.CSV.zip
  downloading 20210111.export.CSV.zip: 7.4 MB
[done 751/2,805] 20210106.export.CSV.zip: kept 92 row(s)
[queued 757/2,805; selected 4,981] 20210112.export.CSV.zip
  downloading 20210112.export.CSV.zip: 8.7 MB
[done 752/2,805] 20210108.export.CSV.zip: kept 124 row(s)
[queued 758/2,805; selected 4,981] 20210113.export.CSV.zip
  downloading 20210113.export.CSV.zip: 9.1 MB
[done 753/2,805] 20210110.export.CSV.zip: kept 79 row(s)
[queued 759/2,805; selected 4,981] 20210114.export.CSV.zip
  downloading 20210114.export.CSV.zip: 8.8 MB
[done 754/2,805] 20210109.export.CSV.zip: kept 93 row(s)
[queued 760/2,805; selected 4,981] 20210115.export.CSV.zip
  downloading 20210115.export.CSV.zip: 8.3 MB
[done 755/2,805] 20210111.export.CSV.zip: kept 128 row(s)
[queued 761/2,805; selected 4,981] 20210116.export.CSV.zip
  downloading 20210116.export.CSV.zip: 5.1 MB
[done 756/2,805] 20210107.export.CSV.zip: kept 110 row(s)
[queued 762/2,805; selected 4,981] 20210117.export.CSV.zip
  downloading 20210117.export.CSV.zip: 4.4 MB
[done 757/2,805] 20210112.export.CSV.zip: kept 114 row(s)
[queued 763/2,805; selected 4,981] 20210118.export.CSV.zip
[done 758/2,805] 20210113.export.CSV.zip: kept 123 row(s)
[queued 764/2,805; selected 4,981] 20210119.export.CSV.zip
  downloading 20210118.export.CSV.zip: 6.9 MB
  downloading 20210119.export.CSV.zip: 8.4 MB
[done 759/2,805] 20210117.export.CSV.zip: kept 80 row(s)
[queued 765/2,805; selected 4,981] 20210120.export.CSV.zip
  downloading 20210120.export.CSV.zip: 9.1 MB
[done 760/2,805] 20210115.export.CSV.zip: kept 106 row(s)
[queued 766/2,805; selected 4,981] 20210121.export.CSV.zip
  downloading 20210121.export.CSV.zip: 8.8 MB
[done 761/2,805] 20210114.export.CSV.zip: kept 107 row(s)
[queued 767/2,805; selected 4,981] 20210122.export.CSV.zip
[done 762/2,805] 20210116.export.CSV.zip: kept 87 row(s)
  downloading 20210122.export.CSV.zip: 8.3 MB
[queued 768/2,805; selected 4,981] 20210123.export.CSV.zip
  downloading 20210123.export.CSV.zip: 5.1 MB
[done 763/2,805] 20210118.export.CSV.zip: kept 100 row(s)
[queued 769/2,805; selected 4,981] 20210124.export.CSV.zip
  downloading 20210124.export.CSV.zip: 4.3 MB
[done 764/2,805] 20210119.export.CSV.zip: kept 121 row(s)
[queued 770/2,805; selected 4,981] 20210125.export.CSV.zip
  downloading 20210125.export.CSV.zip: 7.5 MB
[done 765/2,805] 20210123.export.CSV.zip: kept 82 row(s)
[queued 771/2,805; selected 4,981] 20210126.export.CSV.zip
  downloading 20210126.export.CSV.zip: 8.6 MB
[done 766/2,805] 20210120.export.CSV.zip: kept 131 row(s)
[queued 772/2,805; selected 4,981] 20210127.export.CSV.zip
[done 767/2,805] 20210124.export.CSV.zip: kept 73 row(s)
[queued 773/2,805; selected 4,981] 20210128.export.CSV.zip
  downloading 20210127.export.CSV.zip: 9.0 MB
  downloading 20210128.export.CSV.zip: 8.8 MB
[done 768/2,805] 20210121.export.CSV.zip: kept 97 row(s)
[queued 774/2,805; selected 4,981] 20210129.export.CSV.zip
  downloading 20210129.export.CSV.zip: 8.4 MB
[done 769/2,805] 20210126.export.CSV.zip: kept 145 row(s)
[queued 775/2,805; selected 4,981] 20210130.export.CSV.zip
  downloading 20210130.export.CSV.zip: 5.1 MB
[done 770/2,805] 20210122.export.CSV.zip: kept 108 row(s)
[queued 776/2,805; selected 4,981] 20210131.export.CSV.zip
  downloading 20210131.export.CSV.zip: 4.2 MB
[done 771/2,805] 20210125.export.CSV.zip: kept 139 row(s)
[queued 777/2,805; selected 4,981] 20210201.export.CSV.zip
[done 772/2,805] 20210127.export.CSV.zip: kept 138 row(s)
[queued 778/2,805; selected 4,981] 20210202.export.CSV.zip
  downloading 20210202.export.CSV.zip: 8.6 MB
  downloading 20210201.export.CSV.zip: 7.5 MB
[done 773/2,805] 20210131.export.CSV.zip: kept 95 row(s)
[queued 779/2,805; selected 4,981] 20210203.export.CSV.zip
  downloading 20210203.export.CSV.zip: 8.9 MB
[done 774/2,805] 20210129.export.CSV.zip: kept 112 row(s)
[queued 780/2,805; selected 4,981] 20210204.export.CSV.zip
  downloading 20210204.export.CSV.zip: 9.0 MB
[done 775/2,805] 20210201.export.CSV.zip: kept 109 row(s)
[queued 781/2,805; selected 4,981] 20210205.export.CSV.zip
[done 776/2,805] 20210128.export.CSV.zip: kept 110 row(s)
[queued 782/2,805; selected 4,981] 20210206.export.CSV.zip
  downloading 20210205.export.CSV.zip: 8.6 MB
  downloading 20210206.export.CSV.zip: 5.1 MB
[done 777/2,805] 20210130.export.CSV.zip: kept 73 row(s)
[queued 783/2,805; selected 4,981] 20210207.export.CSV.zip
  downloading 20210207.export.CSV.zip: 4.2 MB
[done 778/2,805] 20210203.export.CSV.zip: kept 138 row(s)
[queued 784/2,805; selected 4,981] 20210208.export.CSV.zip
  downloading 20210208.export.CSV.zip: 7.1 MB
[done 779/2,805] 20210205.export.CSV.zip: kept 121 row(s)
[queued 785/2,805; selected 4,981] 20210209.export.CSV.zip
  downloading 20210209.export.CSV.zip: 8.6 MB
[done 780/2,805] 20210202.export.CSV.zip: kept 110 row(s)
[queued 786/2,805; selected 4,981] 20210210.export.CSV.zip
  downloading 20210210.export.CSV.zip: 8.8 MB
[done 781/2,805] 20210207.export.CSV.zip: kept 94 row(s)
[queued 787/2,805; selected 4,981] 20210211.export.CSV.zip
[done 782/2,805] 20210206.export.CSV.zip: kept 106 row(s)
[queued 788/2,805; selected 4,981] 20210212.export.CSV.zip
  downloading 20210211.export.CSV.zip: 8.6 MB
  downloading 20210212.export.CSV.zip: 7.9 MB
[done 783/2,805] 20210204.export.CSV.zip: kept 117 row(s)
[queued 789/2,805; selected 4,981] 20210213.export.CSV.zip
  downloading 20210213.export.CSV.zip: 5.2 MB
[done 784/2,805] 20210208.export.CSV.zip: kept 90 row(s)
[queued 790/2,805; selected 4,981] 20210214.export.CSV.zip
[done 785/2,805] 20210209.export.CSV.zip: kept 109 row(s)
[queued 791/2,805; selected 4,981] 20210215.export.CSV.zip
  downloading 20210214.export.CSV.zip: 4.4 MB
  downloading 20210215.export.CSV.zip: 6.6 MB
[done 786/2,805] 20210212.export.CSV.zip: kept 103 row(s)
[queued 792/2,805; selected 4,981] 20210216.export.CSV.zip
[done 787/2,805] 20210210.export.CSV.zip: kept 121 row(s)
[queued 793/2,805; selected 4,981] 20210217.export.CSV.zip
  downloading 20210216.export.CSV.zip: 8.1 MB
  downloading 20210217.export.CSV.zip: 8.7 MB
[done 788/2,805] 20210211.export.CSV.zip: kept 103 row(s)
[queued 794/2,805; selected 4,981] 20210218.export.CSV.zip
  downloading 20210218.export.CSV.zip: 8.6 MB
[done 789/2,805] 20210215.export.CSV.zip: kept 104 row(s)
[queued 795/2,805; selected 4,981] 20210219.export.CSV.zip
  downloading 20210219.export.CSV.zip: 8.4 MB
[done 790/2,805] 20210214.export.CSV.zip: kept 108 row(s)
[queued 796/2,805; selected 4,981] 20210220.export.CSV.zip
[done 791/2,805] 20210213.export.CSV.zip: kept 126 row(s)
[queued 797/2,805; selected 4,981] 20210221.export.CSV.zip
  downloading 20210220.export.CSV.zip: 5.2 MB
  downloading 20210221.export.CSV.zip: 4.4 MB
[done 792/2,805] 20210216.export.CSV.zip: kept 133 row(s)
[queued 798/2,805; selected 4,981] 20210222.export.CSV.zip
[done 793/2,805] 20210217.export.CSV.zip: kept 139 row(s)
[queued 799/2,805; selected 4,981] 20210223.export.CSV.zip
  downloading 20210222.export.CSV.zip: 7.4 MB
  downloading 20210223.export.CSV.zip: 9.0 MB
[done 794/2,805] 20210218.export.CSV.zip: kept 115 row(s)
[queued 800/2,805; selected 4,981] 20210224.export.CSV.zip
  downloading 20210224.export.CSV.zip: 9.1 MB
[done 795/2,805] 20210219.export.CSV.zip: kept 127 row(s)
[queued 801/2,805; selected 4,981] 20210225.export.CSV.zip
  downloading 20210225.export.CSV.zip: 8.7 MB
[done 796/2,805] 20210220.export.CSV.zip: kept 88 row(s)
[queued 802/2,805; selected 4,981] 20210226.export.CSV.zip
  downloading 20210226.export.CSV.zip: 8.9 MB
[done 797/2,805] 20210222.export.CSV.zip: kept 97 row(s)
[queued 803/2,805; selected 4,981] 20210227.export.CSV.zip
  downloading 20210227.export.CSV.zip: 5.4 MB
[done 798/2,805] 20210221.export.CSV.zip: kept 77 row(s)
[queued 804/2,805; selected 4,981] 20210228.export.CSV.zip
  downloading 20210228.export.CSV.zip: 4.4 MB
[done 799/2,805] 20210223.export.CSV.zip: kept 126 row(s)
[queued 805/2,805; selected 4,981] 20210301.export.CSV.zip
  downloading 20210301.export.CSV.zip: 7.5 MB
[done 800/2,805] 20210225.export.CSV.zip: kept 109 row(s)
[queued 806/2,805; selected 4,981] 20210302.export.CSV.zip
[done 801/2,805] 20210227.export.CSV.zip: kept 89 row(s)
[queued 807/2,805; selected 4,981] 20210303.export.CSV.zip
  downloading 20210302.export.CSV.zip: 8.9 MB
[done 802/2,805] 20210228.export.CSV.zip: kept 77 row(s)
[queued 808/2,805; selected 4,981] 20210304.export.CSV.zip
  downloading 20210303.export.CSV.zip: 9.1 MB
  downloading 20210304.export.CSV.zip: 8.9 MB
[done 803/2,805] 20210224.export.CSV.zip: kept 99 row(s)
[queued 809/2,805; selected 4,981] 20210305.export.CSV.zip
  downloading 20210305.export.CSV.zip: 8.3 MB
[done 804/2,805] 20210226.export.CSV.zip: kept 109 row(s)
[queued 810/2,805; selected 4,981] 20210306.export.CSV.zip
  downloading 20210306.export.CSV.zip: 5.2 MB
[done 805/2,805] 20210301.export.CSV.zip: kept 103 row(s)
[queued 811/2,805; selected 4,981] 20210307.export.CSV.zip
  downloading 20210307.export.CSV.zip: 4.4 MB
[done 806/2,805] 20210302.export.CSV.zip: kept 120 row(s)
[queued 812/2,805; selected 4,981] 20210308.export.CSV.zip
  downloading 20210308.export.CSV.zip: 7.4 MB
[done 807/2,805] 20210306.export.CSV.zip: kept 89 row(s)
[queued 813/2,805; selected 4,981] 20210309.export.CSV.zip
  downloading 20210309.export.CSV.zip: 8.4 MB
[done 808/2,805] 20210304.export.CSV.zip: kept 106 row(s)
[queued 814/2,805; selected 4,981] 20210310.export.CSV.zip
  downloading 20210310.export.CSV.zip: 8.9 MB
[done 809/2,805] 20210307.export.CSV.zip: kept 79 row(s)
[queued 815/2,805; selected 4,981] 20210311.export.CSV.zip
  downloading 20210311.export.CSV.zip: 8.8 MB
[done 810/2,805] 20210305.export.CSV.zip: kept 100 row(s)
[queued 816/2,805; selected 4,981] 20210312.export.CSV.zip
[done 811/2,805] 20210303.export.CSV.zip: kept 137 row(s)
[queued 817/2,805; selected 4,981] 20210313.export.CSV.zip
  downloading 20210312.export.CSV.zip: 8.3 MB
[done 812/2,805] 20210308.export.CSV.zip: kept 78 row(s)
[queued 818/2,805; selected 4,981] 20210314.export.CSV.zip
  downloading 20210313.export.CSV.zip: 5.0 MB
  downloading 20210314.export.CSV.zip: 4.2 MB
[done 813/2,805] 20210310.export.CSV.zip: kept 124 row(s)
[queued 819/2,805; selected 4,981] 20210315.export.CSV.zip
  downloading 20210315.export.CSV.zip: 7.7 MB
[done 814/2,805] 20210309.export.CSV.zip: kept 126 row(s)
[queued 820/2,805; selected 4,981] 20210316.export.CSV.zip
[done 815/2,805] 20210313.export.CSV.zip: kept 83 row(s)
[queued 821/2,805; selected 4,981] 20210317.export.CSV.zip
  downloading 20210316.export.CSV.zip: 8.8 MB
  downloading 20210317.export.CSV.zip: 9.1 MB
[done 816/2,805] 20210314.export.CSV.zip: kept 100 row(s)
[queued 822/2,805; selected 4,981] 20210318.export.CSV.zip
  downloading 20210318.export.CSV.zip: 9.2 MB
[done 817/2,805] 20210315.export.CSV.zip: kept 147 row(s)
[queued 823/2,805; selected 4,981] 20210319.export.CSV.zip
  downloading 20210319.export.CSV.zip: 8.7 MB
[done 818/2,805] 20210317.export.CSV.zip: kept 114 row(s)
[queued 824/2,805; selected 4,981] 20210320.export.CSV.zip
  downloading 20210320.export.CSV.zip: 5.1 MB
[done 819/2,805] 20210312.export.CSV.zip: kept 99 row(s)
[queued 825/2,805; selected 4,981] 20210321.export.CSV.zip
  downloading 20210321.export.CSV.zip: 4.2 MB
[done 820/2,805] 20210316.export.CSV.zip: kept 140 row(s)
[queued 826/2,805; selected 4,981] 20210322.export.CSV.zip
[done 821/2,805] 20210311.export.CSV.zip: kept 124 row(s)
[queued 827/2,805; selected 4,981] 20210323.export.CSV.zip
  downloading 20210323.export.CSV.zip: 8.9 MB
  downloading 20210322.export.CSV.zip: 7.7 MB
[done 822/2,805] 20210319.export.CSV.zip: kept 125 row(s)
[queued 828/2,805; selected 4,981] 20210324.export.CSV.zip
  downloading 20210324.export.CSV.zip: 9.0 MB
[done 823/2,805] 20210320.export.CSV.zip: kept 107 row(s)
[queued 829/2,805; selected 4,981] 20210325.export.CSV.zip
  downloading 20210325.export.CSV.zip: 8.9 MB
[done 824/2,805] 20210321.export.CSV.zip: kept 95 row(s)
[queued 830/2,805; selected 4,981] 20210326.export.CSV.zip
  downloading 20210326.export.CSV.zip: 8.8 MB
[done 825/2,805] 20210322.export.CSV.zip: kept 100 row(s)
[queued 831/2,805; selected 4,981] 20210327.export.CSV.zip
  downloading 20210327.export.CSV.zip: 5.1 MB
[done 826/2,805] 20210318.export.CSV.zip: kept 108 row(s)
[queued 832/2,805; selected 4,981] 20210328.export.CSV.zip
  downloading 20210328.export.CSV.zip: 4.3 MB
[done 827/2,805] 20210323.export.CSV.zip: kept 92 row(s)
[queued 833/2,805; selected 4,981] 20210329.export.CSV.zip
[done 828/2,805] 20210324.export.CSV.zip: kept 101 row(s)
[queued 834/2,805; selected 4,981] 20210330.export.CSV.zip
  downloading 20210329.export.CSV.zip: 7.1 MB
[done 829/2,805] 20210327.export.CSV.zip: kept 92 row(s)
[queued 835/2,805; selected 4,981] 20210331.export.CSV.zip
  downloading 20210330.export.CSV.zip: 8.4 MB
  downloading 20210331.export.CSV.zip: 8.7 MB
[done 830/2,805] 20210326.export.CSV.zip: kept 138 row(s)
[queued 836/2,805; selected 4,981] 20210401.export.CSV.zip
  downloading 20210401.export.CSV.zip: 8.3 MB
[done 831/2,805] 20210325.export.CSV.zip: kept 94 row(s)
[queued 837/2,805; selected 4,981] 20210402.export.CSV.zip
  downloading 20210402.export.CSV.zip: 7.0 MB
[done 832/2,805] 20210329.export.CSV.zip: kept 78 row(s)
[queued 838/2,805; selected 4,981] 20210403.export.CSV.zip
  downloading 20210403.export.CSV.zip: 4.2 MB
[done 833/2,805] 20210328.export.CSV.zip: kept 77 row(s)
[queued 839/2,805; selected 4,981] 20210404.export.CSV.zip
  downloading 20210404.export.CSV.zip: 3.7 MB
[done 834/2,805] 20210331.export.CSV.zip: kept 92 row(s)
[queued 840/2,805; selected 4,981] 20210405.export.CSV.zip
  downloading 20210405.export.CSV.zip: 6.0 MB
[done 835/2,805] 20210401.export.CSV.zip: kept 98 row(s)
[queued 841/2,805; selected 4,981] 20210406.export.CSV.zip
[done 836/2,805] 20210330.export.CSV.zip: kept 109 row(s)
[queued 842/2,805; selected 4,981] 20210407.export.CSV.zip
  downloading 20210407.export.CSV.zip: 8.4 MB
  downloading 20210406.export.CSV.zip: 7.9 MB
[done 837/2,805] 20210403.export.CSV.zip: kept 64 row(s)
[queued 843/2,805; selected 4,981] 20210408.export.CSV.zip
  downloading 20210408.export.CSV.zip: 8.5 MB
[done 838/2,805] 20210402.export.CSV.zip: kept 90 row(s)
[queued 844/2,805; selected 4,981] 20210409.export.CSV.zip
[done 839/2,805] 20210404.export.CSV.zip: kept 96 row(s)
[queued 845/2,805; selected 4,981] 20210410.export.CSV.zip
  downloading 20210409.export.CSV.zip: 8.2 MB
  downloading 20210410.export.CSV.zip: 4.8 MB
[done 840/2,805] 20210406.export.CSV.zip: kept 117 row(s)
[queued 846/2,805; selected 4,981] 20210411.export.CSV.zip
  downloading 20210411.export.CSV.zip: 4.2 MB
[done 841/2,805] 20210410.export.CSV.zip: kept 90 row(s)
[queued 847/2,805; selected 4,981] 20210412.export.CSV.zip
  downloading 20210412.export.CSV.zip: 7.3 MB
[done 842/2,805] 20210405.export.CSV.zip: kept 103 row(s)
[queued 848/2,805; selected 4,981] 20210413.export.CSV.zip
  downloading 20210413.export.CSV.zip: 8.3 MB
[done 843/2,805] 20210408.export.CSV.zip: kept 109 row(s)
[queued 849/2,805; selected 4,981] 20210414.export.CSV.zip
  downloading 20210414.export.CSV.zip: 8.7 MB
[done 844/2,805] 20210411.export.CSV.zip: kept 81 row(s)
[queued 850/2,805; selected 4,981] 20210415.export.CSV.zip
  downloading 20210415.export.CSV.zip: 8.8 MB
[done 845/2,805] 20210412.export.CSV.zip: kept 96 row(s)
[queued 851/2,805; selected 4,981] 20210416.export.CSV.zip
[done 846/2,805] 20210407.export.CSV.zip: kept 112 row(s)
[queued 852/2,805; selected 4,981] 20210417.export.CSV.zip
  downloading 20210416.export.CSV.zip: 8.1 MB
  downloading 20210417.export.CSV.zip: 4.7 MB
[done 847/2,805] 20210409.export.CSV.zip: kept 84 row(s)
[queued 853/2,805; selected 4,981] 20210418.export.CSV.zip
  downloading 20210418.export.CSV.zip: 4.2 MB
[done 848/2,805] 20210414.export.CSV.zip: kept 104 row(s)
[queued 854/2,805; selected 4,981] 20210419.export.CSV.zip
  downloading 20210419.export.CSV.zip: 7.4 MB
[done 849/2,805] 20210413.export.CSV.zip: kept 129 row(s)
[queued 855/2,805; selected 4,981] 20210420.export.CSV.zip
  downloading 20210420.export.CSV.zip: 8.5 MB
[done 850/2,805] 20210418.export.CSV.zip: kept 54 row(s)
[queued 856/2,805; selected 4,981] 20210421.export.CSV.zip
  downloading 20210421.export.CSV.zip: 9.0 MB
[done 851/2,805] 20210415.export.CSV.zip: kept 131 row(s)
[queued 857/2,805; selected 4,981] 20210422.export.CSV.zip
  downloading 20210422.export.CSV.zip: 9.0 MB
[done 852/2,805] 20210417.export.CSV.zip: kept 79 row(s)
[queued 858/2,805; selected 4,981] 20210423.export.CSV.zip
  downloading 20210423.export.CSV.zip: 8.0 MB
[done 853/2,805] 20210419.export.CSV.zip: kept 98 row(s)
[queued 859/2,805; selected 4,981] 20210424.export.CSV.zip
[done 854/2,805] 20210416.export.CSV.zip: kept 119 row(s)
[queued 860/2,805; selected 4,981] 20210425.export.CSV.zip
[done 855/2,805] 20210420.export.CSV.zip: kept 107 row(s)
  downloading 20210424.export.CSV.zip: 4.9 MB
[queued 861/2,805; selected 4,981] 20210426.export.CSV.zip
  downloading 20210426.export.CSV.zip: 7.5 MB
  downloading 20210425.export.CSV.zip: 4.1 MB
[done 856/2,805] 20210424.export.CSV.zip: kept 96 row(s)
[queued 862/2,805; selected 4,981] 20210427.export.CSV.zip
  downloading 20210427.export.CSV.zip: 8.4 MB
[done 857/2,805] 20210421.export.CSV.zip: kept 128 row(s)
[queued 863/2,805; selected 4,981] 20210428.export.CSV.zip
  downloading 20210428.export.CSV.zip: 8.7 MB
[done 858/2,805] 20210425.export.CSV.zip: kept 69 row(s)
[queued 864/2,805; selected 4,981] 20210429.export.CSV.zip
  downloading 20210429.export.CSV.zip: 8.4 MB
[done 859/2,805] 20210422.export.CSV.zip: kept 119 row(s)
[queued 865/2,805; selected 4,981] 20210430.export.CSV.zip
  downloading 20210430.export.CSV.zip: 7.8 MB
[done 860/2,805] 20210426.export.CSV.zip: kept 86 row(s)
[queued 866/2,805; selected 4,981] 20210501.export.CSV.zip
[done 861/2,805] 20210423.export.CSV.zip: kept 90 row(s)
[queued 867/2,805; selected 4,981] 20210502.export.CSV.zip
  downloading 20210501.export.CSV.zip: 4.7 MB
  downloading 20210502.export.CSV.zip: 4.0 MB
[done 862/2,805] 20210427.export.CSV.zip: kept 117 row(s)
[queued 868/2,805; selected 4,981] 20210503.export.CSV.zip
  downloading 20210503.export.CSV.zip: 6.7 MB
[done 863/2,805] 20210428.export.CSV.zip: kept 123 row(s)
[queued 869/2,805; selected 4,981] 20210504.export.CSV.zip
  downloading 20210504.export.CSV.zip: 7.8 MB
[done 864/2,805] 20210430.export.CSV.zip: kept 92 row(s)
[queued 870/2,805; selected 4,981] 20210505.export.CSV.zip
  downloading 20210505.export.CSV.zip: 8.6 MB
[done 865/2,805] 20210501.export.CSV.zip: kept 93 row(s)
[queued 871/2,805; selected 4,981] 20210506.export.CSV.zip
  downloading 20210506.export.CSV.zip: 8.4 MB
[done 866/2,805] 20210503.export.CSV.zip: kept 109 row(s)
[queued 872/2,805; selected 4,981] 20210507.export.CSV.zip
  downloading 20210507.export.CSV.zip: 7.9 MB
[done 867/2,805] 20210502.export.CSV.zip: kept 73 row(s)
[queued 873/2,805; selected 4,981] 20210508.export.CSV.zip
  downloading 20210508.export.CSV.zip: 4.5 MB
[done 868/2,805] 20210504.export.CSV.zip: kept 108 row(s)
[queued 874/2,805; selected 4,981] 20210509.export.CSV.zip
  downloading 20210509.export.CSV.zip: 3.9 MB
[done 869/2,805] 20210429.export.CSV.zip: kept 97 row(s)
[queued 875/2,805; selected 4,981] 20210510.export.CSV.zip
  downloading 20210510.export.CSV.zip: 7.1 MB
[done 870/2,805] 20210508.export.CSV.zip: kept 80 row(s)
[queued 876/2,805; selected 4,981] 20210511.export.CSV.zip
[done 871/2,805] 20210506.export.CSV.zip: kept 107 row(s)
[done 872/2,805] 20210505.export.CSV.zip: kept 121 row(s)
[queued 877/2,805; selected 4,981] 20210512.export.CSV.zip
[queued 878/2,805; selected 4,981] 20210513.export.CSV.zip
  downloading 20210511.export.CSV.zip: 8.3 MB
  downloading 20210512.export.CSV.zip: 8.8 MB
  downloading 20210513.export.CSV.zip: 8.2 MB
[done 873/2,805] 20210510.export.CSV.zip: kept 113 row(s)
[queued 879/2,805; selected 4,981] 20210514.export.CSV.zip
  downloading 20210514.export.CSV.zip: 7.6 MB
[done 874/2,805] 20210507.export.CSV.zip: kept 123 row(s)
[queued 880/2,805; selected 4,981] 20210515.export.CSV.zip
  downloading 20210515.export.CSV.zip: 4.7 MB
[done 875/2,805] 20210509.export.CSV.zip: kept 100 row(s)
[queued 881/2,805; selected 4,981] 20210516.export.CSV.zip
  downloading 20210516.export.CSV.zip: 4.2 MB
[done 876/2,805] 20210513.export.CSV.zip: kept 105 row(s)
[queued 882/2,805; selected 4,981] 20210517.export.CSV.zip
[done 877/2,805] 20210512.export.CSV.zip: kept 89 row(s)
[queued 883/2,805; selected 4,981] 20210518.export.CSV.zip
  downloading 20210517.export.CSV.zip: 7.3 MB
  downloading 20210518.export.CSV.zip: 8.2 MB
[done 878/2,805] 20210511.export.CSV.zip: kept 106 row(s)
[queued 884/2,805; selected 4,981] 20210519.export.CSV.zip
  downloading 20210519.export.CSV.zip: 9.0 MB
[done 879/2,805] 20210514.export.CSV.zip: kept 111 row(s)
[queued 885/2,805; selected 4,981] 20210520.export.CSV.zip
  downloading 20210520.export.CSV.zip: 8.8 MB
[done 880/2,805] 20210515.export.CSV.zip: kept 66 row(s)
[queued 886/2,805; selected 4,981] 20210521.export.CSV.zip
[done 881/2,805] 20210516.export.CSV.zip: kept 67 row(s)
[queued 887/2,805; selected 4,981] 20210522.export.CSV.zip
  downloading 20210521.export.CSV.zip: 8.1 MB
  downloading 20210522.export.CSV.zip: 4.7 MB
[done 882/2,805] 20210519.export.CSV.zip: kept 101 row(s)
[queued 888/2,805; selected 4,981] 20210523.export.CSV.zip
  downloading 20210523.export.CSV.zip: 3.9 MB
[done 883/2,805] 20210518.export.CSV.zip: kept 97 row(s)
[queued 889/2,805; selected 4,981] 20210524.export.CSV.zip
[done 884/2,805] 20210517.export.CSV.zip: kept 99 row(s)
[queued 890/2,805; selected 4,981] 20210525.export.CSV.zip
  downloading 20210524.export.CSV.zip: 7.3 MB
  downloading 20210525.export.CSV.zip: 8.6 MB
[done 885/2,805] 20210520.export.CSV.zip: kept 98 row(s)
[queued 891/2,805; selected 4,981] 20210526.export.CSV.zip
  downloading 20210526.export.CSV.zip: 8.7 MB
[done 886/2,805] 20210522.export.CSV.zip: kept 110 row(s)
[queued 892/2,805; selected 4,981] 20210527.export.CSV.zip
  downloading 20210527.export.CSV.zip: 8.6 MB
[done 887/2,805] 20210523.export.CSV.zip: kept 86 row(s)
[queued 893/2,805; selected 4,981] 20210528.export.CSV.zip
  downloading 20210528.export.CSV.zip: 7.9 MB
[done 888/2,805] 20210521.export.CSV.zip: kept 110 row(s)
[queued 894/2,805; selected 4,981] 20210529.export.CSV.zip
  downloading 20210529.export.CSV.zip: 4.4 MB
[done 889/2,805] 20210525.export.CSV.zip: kept 108 row(s)
[queued 895/2,805; selected 4,981] 20210530.export.CSV.zip
  downloading 20210530.export.CSV.zip: 4.0 MB
[done 890/2,805] 20210524.export.CSV.zip: kept 84 row(s)
[queued 896/2,805; selected 4,981] 20210531.export.CSV.zip
  downloading 20210531.export.CSV.zip: 5.6 MB
[done 891/2,805] 20210528.export.CSV.zip: kept 106 row(s)
[queued 897/2,805; selected 4,981] 20210601.export.CSV.zip
[done 892/2,805] 20210527.export.CSV.zip: kept 103 row(s)
[queued 898/2,805; selected 4,981] 20210602.export.CSV.zip
  downloading 20210601.export.CSV.zip: 7.4 MB
  downloading 20210602.export.CSV.zip: 8.1 MB
[done 893/2,805] 20210530.export.CSV.zip: kept 57 row(s)
[queued 899/2,805; selected 4,981] 20210603.export.CSV.zip
  downloading 20210603.export.CSV.zip: 8.3 MB
[done 894/2,805] 20210529.export.CSV.zip: kept 89 row(s)
[queued 900/2,805; selected 4,981] 20210604.export.CSV.zip
  downloading 20210604.export.CSV.zip: 7.8 MB
[done 895/2,805] 20210526.export.CSV.zip: kept 91 row(s)
[queued 901/2,805; selected 4,981] 20210605.export.CSV.zip
  downloading 20210605.export.CSV.zip: 4.3 MB
[done 896/2,805] 20210602.export.CSV.zip: kept 127 row(s)
[queued 902/2,805; selected 4,981] 20210606.export.CSV.zip
  downloading 20210606.export.CSV.zip: 4.1 MB
[done 897/2,805] 20210601.export.CSV.zip: kept 93 row(s)
[queued 903/2,805; selected 4,981] 20210607.export.CSV.zip
  downloading 20210607.export.CSV.zip: 7.1 MB
[done 898/2,805] 20210531.export.CSV.zip: kept 78 row(s)
[queued 904/2,805; selected 4,981] 20210608.export.CSV.zip
  downloading 20210608.export.CSV.zip: 8.0 MB
[done 899/2,805] 20210603.export.CSV.zip: kept 113 row(s)
[queued 905/2,805; selected 4,981] 20210609.export.CSV.zip
  downloading 20210609.export.CSV.zip: 8.4 MB
[done 900/2,805] 20210604.export.CSV.zip: kept 98 row(s)
[queued 906/2,805; selected 4,981] 20210610.export.CSV.zip
  downloading 20210610.export.CSV.zip: 8.6 MB
[done 901/2,805] 20210605.export.CSV.zip: kept 72 row(s)
[queued 907/2,805; selected 4,981] 20210611.export.CSV.zip
[done 902/2,805] 20210606.export.CSV.zip: kept 86 row(s)
[queued 908/2,805; selected 4,981] 20210612.export.CSV.zip
  downloading 20210611.export.CSV.zip: 8.0 MB
  downloading 20210612.export.CSV.zip: 4.6 MB
[done 903/2,805] 20210607.export.CSV.zip: kept 115 row(s)
[queued 909/2,805; selected 4,981] 20210613.export.CSV.zip
  downloading 20210613.export.CSV.zip: 4.1 MB
[done 904/2,805] 20210612.export.CSV.zip: kept 72 row(s)
[queued 910/2,805; selected 4,981] 20210614.export.CSV.zip
  downloading 20210614.export.CSV.zip: 7.3 MB
[done 905/2,805] 20210608.export.CSV.zip: kept 103 row(s)
[queued 911/2,805; selected 4,981] 20210615.export.CSV.zip
[done 906/2,805] 20210609.export.CSV.zip: kept 102 row(s)
[queued 912/2,805; selected 4,981] 20210616.export.CSV.zip
  downloading 20210615.export.CSV.zip: 8.2 MB
[done 907/2,805] 20210613.export.CSV.zip: kept 65 row(s)
[queued 913/2,805; selected 4,981] 20210617.export.CSV.zip
  downloading 20210616.export.CSV.zip: 8.2 MB
  downloading 20210617.export.CSV.zip: 8.1 MB
[done 908/2,805] 20210611.export.CSV.zip: kept 130 row(s)
[queued 914/2,805; selected 4,981] 20210618.export.CSV.zip
  downloading 20210618.export.CSV.zip: 7.4 MB
[done 909/2,805] 20210610.export.CSV.zip: kept 102 row(s)
[queued 915/2,805; selected 4,981] 20210619.export.CSV.zip
  downloading 20210619.export.CSV.zip: 4.1 MB
[done 910/2,805] 20210614.export.CSV.zip: kept 102 row(s)
[queued 916/2,805; selected 4,981] 20210620.export.CSV.zip
  downloading 20210620.export.CSV.zip: 3.8 MB
[done 911/2,805] 20210616.export.CSV.zip: kept 100 row(s)
[queued 917/2,805; selected 4,981] 20210621.export.CSV.zip
[done 912/2,805] 20210615.export.CSV.zip: kept 136 row(s)
[queued 918/2,805; selected 4,981] 20210622.export.CSV.zip
  downloading 20210621.export.CSV.zip: 6.8 MB
  downloading 20210622.export.CSV.zip: 7.8 MB
[done 913/2,805] 20210619.export.CSV.zip: kept 84 row(s)
[queued 919/2,805; selected 4,981] 20210623.export.CSV.zip
  downloading 20210623.export.CSV.zip: 8.4 MB
[done 914/2,805] 20210618.export.CSV.zip: kept 96 row(s)
[queued 920/2,805; selected 4,981] 20210624.export.CSV.zip
[done 915/2,805] 20210617.export.CSV.zip: kept 106 row(s)
[queued 921/2,805; selected 4,981] 20210625.export.CSV.zip
  downloading 20210624.export.CSV.zip: 8.5 MB
  downloading 20210625.export.CSV.zip: 7.8 MB
[done 916/2,805] 20210620.export.CSV.zip: kept 74 row(s)
[queued 922/2,805; selected 4,981] 20210626.export.CSV.zip
  downloading 20210626.export.CSV.zip: 4.5 MB
[done 917/2,805] 20210626.export.CSV.zip: kept 76 row(s)
[queued 923/2,805; selected 4,981] 20210627.export.CSV.zip
  downloading 20210627.export.CSV.zip: 3.8 MB
[done 918/2,805] 20210621.export.CSV.zip: kept 84 row(s)
[queued 924/2,805; selected 4,981] 20210628.export.CSV.zip
  downloading 20210628.export.CSV.zip: 6.9 MB
[done 919/2,805] 20210622.export.CSV.zip: kept 100 row(s)
[queued 925/2,805; selected 4,981] 20210629.export.CSV.zip
  downloading 20210629.export.CSV.zip: 7.7 MB
[done 920/2,805] 20210627.export.CSV.zip: kept 72 row(s)
[queued 926/2,805; selected 4,981] 20210630.export.CSV.zip
  downloading 20210630.export.CSV.zip: 8.0 MB
[done 921/2,805] 20210625.export.CSV.zip: kept 83 row(s)
[queued 927/2,805; selected 4,981] 20210701.export.CSV.zip
[done 922/2,805] 20210623.export.CSV.zip: kept 104 row(s)
[queued 928/2,805; selected 4,981] 20210702.export.CSV.zip
  downloading 20210701.export.CSV.zip: 7.8 MB
[done 923/2,805] 20210624.export.CSV.zip: kept 115 row(s)
[queued 929/2,805; selected 4,981] 20210703.export.CSV.zip
  downloading 20210702.export.CSV.zip: 7.2 MB
  downloading 20210703.export.CSV.zip: 4.2 MB
[done 924/2,805] 20210628.export.CSV.zip: kept 99 row(s)
[queued 930/2,805; selected 4,981] 20210704.export.CSV.zip
  downloading 20210704.export.CSV.zip: 3.6 MB
[done 925/2,805] 20210703.export.CSV.zip: kept 88 row(s)
[queued 931/2,805; selected 4,981] 20210705.export.CSV.zip
  downloading 20210705.export.CSV.zip: 5.6 MB
[done 926/2,805] 20210704.export.CSV.zip: kept 85 row(s)
[queued 932/2,805; selected 4,981] 20210706.export.CSV.zip
  downloading 20210706.export.CSV.zip: 7.2 MB
[done 927/2,805] 20210702.export.CSV.zip: kept 130 row(s)
[queued 933/2,805; selected 4,981] 20210707.export.CSV.zip
[done 928/2,805] 20210630.export.CSV.zip: kept 110 row(s)
[queued 934/2,805; selected 4,981] 20210708.export.CSV.zip
  downloading 20210707.export.CSV.zip: 7.9 MB
  downloading 20210708.export.CSV.zip: 8.1 MB
[done 929/2,805] 20210701.export.CSV.zip: kept 112 row(s)
[queued 935/2,805; selected 4,981] 20210709.export.CSV.zip
[done 930/2,805] 20210629.export.CSV.zip: kept 105 row(s)
[queued 936/2,805; selected 4,981] 20210710.export.CSV.zip
  downloading 20210710.export.CSV.zip: 4.3 MB
  downloading 20210709.export.CSV.zip: 7.5 MB
[done 931/2,805] 20210705.export.CSV.zip: kept 105 row(s)
[queued 937/2,805; selected 4,981] 20210711.export.CSV.zip
  downloading 20210711.export.CSV.zip: 3.6 MB
[done 932/2,805] 20210706.export.CSV.zip: kept 101 row(s)
[queued 938/2,805; selected 4,981] 20210712.export.CSV.zip
[done 933/2,805] 20210708.export.CSV.zip: kept 88 row(s)
[queued 939/2,805; selected 4,981] 20210713.export.CSV.zip
  downloading 20210712.export.CSV.zip: 6.8 MB
  downloading 20210713.export.CSV.zip: 7.9 MB
[done 934/2,805] 20210710.export.CSV.zip: kept 97 row(s)
[queued 940/2,805; selected 4,981] 20210714.export.CSV.zip
  downloading 20210714.export.CSV.zip: 8.4 MB
[done 935/2,805] 20210709.export.CSV.zip: kept 112 row(s)
[queued 941/2,805; selected 4,981] 20210715.export.CSV.zip
  downloading 20210715.export.CSV.zip: 8.3 MB
[done 936/2,805] 20210711.export.CSV.zip: kept 65 row(s)
[queued 942/2,805; selected 4,981] 20210716.export.CSV.zip
  downloading 20210716.export.CSV.zip: 7.6 MB
[done 937/2,805] 20210707.export.CSV.zip: kept 103 row(s)
[queued 943/2,805; selected 4,981] 20210717.export.CSV.zip
[done 938/2,805] 20210713.export.CSV.zip: kept 111 row(s)
[queued 944/2,805; selected 4,981] 20210718.export.CSV.zip
  downloading 20210718.export.CSV.zip: 3.8 MB
  downloading 20210717.export.CSV.zip: 4.6 MB
[done 939/2,805] 20210712.export.CSV.zip: kept 102 row(s)
[queued 945/2,805; selected 4,981] 20210719.export.CSV.zip
  downloading 20210719.export.CSV.zip: 6.8 MB
[done 940/2,805] 20210715.export.CSV.zip: kept 112 row(s)
[queued 946/2,805; selected 4,981] 20210720.export.CSV.zip
  downloading 20210720.export.CSV.zip: 7.5 MB
[done 941/2,805] 20210719.export.CSV.zip: kept 94 row(s)
[queued 947/2,805; selected 4,981] 20210721.export.CSV.zip
  downloading 20210721.export.CSV.zip: 7.5 MB
[done 942/2,805] 20210718.export.CSV.zip: kept 74 row(s)
[queued 948/2,805; selected 4,981] 20210722.export.CSV.zip
[done 943/2,805] 20210717.export.CSV.zip: kept 101 row(s)
[queued 949/2,805; selected 4,981] 20210723.export.CSV.zip
  downloading 20210722.export.CSV.zip: 7.4 MB
  downloading 20210723.export.CSV.zip: 6.9 MB
[done 944/2,805] 20210716.export.CSV.zip: kept 116 row(s)
[queued 950/2,805; selected 4,981] 20210724.export.CSV.zip
  downloading 20210724.export.CSV.zip: 4.0 MB
[done 945/2,805] 20210714.export.CSV.zip: kept 126 row(s)
[queued 951/2,805; selected 4,981] 20210725.export.CSV.zip
  downloading 20210725.export.CSV.zip: 3.5 MB
[done 946/2,805] 20210721.export.CSV.zip: kept 97 row(s)
[queued 952/2,805; selected 4,981] 20210726.export.CSV.zip
  downloading 20210726.export.CSV.zip: 6.5 MB
[done 947/2,805] 20210724.export.CSV.zip: kept 70 row(s)
[queued 953/2,805; selected 4,981] 20210727.export.CSV.zip
  downloading 20210727.export.CSV.zip: 7.2 MB
[done 948/2,805] 20210720.export.CSV.zip: kept 101 row(s)
[queued 954/2,805; selected 4,981] 20210728.export.CSV.zip
  downloading 20210728.export.CSV.zip: 7.8 MB
[done 949/2,805] 20210725.export.CSV.zip: kept 86 row(s)
[queued 955/2,805; selected 4,981] 20210729.export.CSV.zip
  downloading 20210729.export.CSV.zip: 7.5 MB
[done 950/2,805] 20210722.export.CSV.zip: kept 126 row(s)
[queued 956/2,805; selected 4,981] 20210730.export.CSV.zip
  downloading 20210730.export.CSV.zip: 6.5 MB
[done 951/2,805] 20210723.export.CSV.zip: kept 113 row(s)
[queued 957/2,805; selected 4,981] 20210731.export.CSV.zip
  downloading 20210731.export.CSV.zip: 3.5 MB
[done 952/2,805] 20210727.export.CSV.zip: kept 117 row(s)
[queued 958/2,805; selected 4,981] 20210801.export.CSV.zip
  downloading 20210801.export.CSV.zip: 3.3 MB
[done 953/2,805] 20210726.export.CSV.zip: kept 86 row(s)
[queued 959/2,805; selected 4,981] 20210802.export.CSV.zip
  downloading 20210802.export.CSV.zip: 5.7 MB
[done 954/2,805] 20210728.export.CSV.zip: kept 100 row(s)
[queued 960/2,805; selected 4,981] 20210803.export.CSV.zip
  downloading 20210803.export.CSV.zip: 6.7 MB
[done 955/2,805] 20210729.export.CSV.zip: kept 106 row(s)
[queued 961/2,805; selected 4,981] 20210804.export.CSV.zip
  downloading 20210804.export.CSV.zip: 7.2 MB
[done 956/2,805] 20210731.export.CSV.zip: kept 70 row(s)
[queued 962/2,805; selected 4,981] 20210805.export.CSV.zip
  downloading 20210805.export.CSV.zip: 7.1 MB
[done 957/2,805] 20210801.export.CSV.zip: kept 87 row(s)
[queued 963/2,805; selected 4,981] 20210806.export.CSV.zip
  downloading 20210806.export.CSV.zip: 6.6 MB
[done 958/2,805] 20210730.export.CSV.zip: kept 115 row(s)
[queued 964/2,805; selected 4,981] 20210807.export.CSV.zip
  downloading 20210807.export.CSV.zip: 3.1 MB
[done 959/2,805] 20210802.export.CSV.zip: kept 95 row(s)
[queued 965/2,805; selected 4,981] 20210808.export.CSV.zip
[done 960/2,805] 20210803.export.CSV.zip: kept 120 row(s)
  downloading 20210808.export.CSV.zip: 2.9 MB
[queued 966/2,805; selected 4,981] 20210809.export.CSV.zip
  downloading 20210809.export.CSV.zip: 5.4 MB
[done 961/2,805] 20210804.export.CSV.zip: kept 104 row(s)
[queued 967/2,805; selected 4,981] 20210810.export.CSV.zip
  downloading 20210810.export.CSV.zip: 6.3 MB
[done 962/2,805] 20210807.export.CSV.zip: kept 64 row(s)
[queued 968/2,805; selected 4,981] 20210811.export.CSV.zip
  downloading 20210811.export.CSV.zip: 6.6 MB
[done 963/2,805] 20210806.export.CSV.zip: kept 84 row(s)
[queued 969/2,805; selected 4,981] 20210812.export.CSV.zip
  downloading 20210812.export.CSV.zip: 6.6 MB
[done 964/2,805] 20210808.export.CSV.zip: kept 76 row(s)
[queued 970/2,805; selected 4,981] 20210813.export.CSV.zip
  downloading 20210813.export.CSV.zip: 6.1 MB
[done 965/2,805] 20210809.export.CSV.zip: kept 98 row(s)
[queued 971/2,805; selected 4,981] 20210814.export.CSV.zip
[done 966/2,805] 20210810.export.CSV.zip: kept 118 row(s)
[queued 972/2,805; selected 4,981] 20210815.export.CSV.zip
  downloading 20210814.export.CSV.zip: 3.2 MB
  downloading 20210815.export.CSV.zip: 2.7 MB
[done 967/2,805] 20210805.export.CSV.zip: kept 103 row(s)
[queued 973/2,805; selected 4,981] 20210816.export.CSV.zip
  downloading 20210816.export.CSV.zip: 5.2 MB
[done 968/2,805] 20210811.export.CSV.zip: kept 97 row(s)
[queued 974/2,805; selected 4,981] 20210817.export.CSV.zip
  downloading 20210817.export.CSV.zip: 5.6 MB
[done 969/2,805] 20210812.export.CSV.zip: kept 103 row(s)
[queued 975/2,805; selected 4,981] 20210818.export.CSV.zip
  downloading 20210818.export.CSV.zip: 5.9 MB
[done 970/2,805] 20210815.export.CSV.zip: kept 63 row(s)
[queued 976/2,805; selected 4,981] 20210819.export.CSV.zip
[done 971/2,805] 20210814.export.CSV.zip: kept 69 row(s)
  downloading 20210819.export.CSV.zip: 7.7 MB
[queued 977/2,805; selected 4,981] 20210820.export.CSV.zip
  downloading 20210820.export.CSV.zip: 7.4 MB
[done 972/2,805] 20210813.export.CSV.zip: kept 119 row(s)
[queued 978/2,805; selected 4,981] 20210821.export.CSV.zip
  downloading 20210821.export.CSV.zip: 4.6 MB
[done 973/2,805] 20210818.export.CSV.zip: kept 70 row(s)
[queued 979/2,805; selected 4,981] 20210822.export.CSV.zip
  downloading 20210822.export.CSV.zip: 4.2 MB
[done 974/2,805] 20210820.export.CSV.zip: kept 93 row(s)
[queued 980/2,805; selected 4,981] 20210823.export.CSV.zip
  downloading 20210823.export.CSV.zip: 7.0 MB
[done 975/2,805] 20210817.export.CSV.zip: kept 64 row(s)
[queued 981/2,805; selected 4,981] 20210824.export.CSV.zip
[done 976/2,805] 20210819.export.CSV.zip: kept 77 row(s)
[queued 982/2,805; selected 4,981] 20210825.export.CSV.zip
  downloading 20210825.export.CSV.zip: 8.4 MB
  downloading 20210824.export.CSV.zip: 7.9 MB
[done 977/2,805] 20210816.export.CSV.zip: kept 87 row(s)
[queued 983/2,805; selected 4,981] 20210826.export.CSV.zip
[done 978/2,805] 20210822.export.CSV.zip: kept 57 row(s)
[queued 984/2,805; selected 4,981] 20210827.export.CSV.zip
  downloading 20210826.export.CSV.zip: 7.9 MB
[done 979/2,805] 20210821.export.CSV.zip: kept 58 row(s)
[queued 985/2,805; selected 4,981] 20210828.export.CSV.zip
  downloading 20210827.export.CSV.zip: 7.7 MB
  downloading 20210828.export.CSV.zip: 4.7 MB
[done 980/2,805] 20210828.export.CSV.zip: kept 69 row(s)
[queued 986/2,805; selected 4,981] 20210829.export.CSV.zip
  downloading 20210829.export.CSV.zip: 4.0 MB
[done 981/2,805] 20210827.export.CSV.zip: kept 86 row(s)
[queued 987/2,805; selected 4,981] 20210830.export.CSV.zip
[done 982/2,805] 20210826.export.CSV.zip: kept 111 row(s)
[queued 988/2,805; selected 4,981] 20210831.export.CSV.zip
  downloading 20210830.export.CSV.zip: 6.6 MB
  downloading 20210831.export.CSV.zip: 7.8 MB
[done 983/2,805] 20210823.export.CSV.zip: kept 89 row(s)
[queued 989/2,805; selected 4,981] 20210901.export.CSV.zip
  downloading 20210901.export.CSV.zip: 8.1 MB
[done 984/2,805] 20210824.export.CSV.zip: kept 88 row(s)
[queued 990/2,805; selected 4,981] 20210902.export.CSV.zip
  downloading 20210902.export.CSV.zip: 7.9 MB
[done 985/2,805] 20210829.export.CSV.zip: kept 62 row(s)
[queued 991/2,805; selected 4,981] 20210903.export.CSV.zip
  downloading 20210903.export.CSV.zip: 7.2 MB
[done 986/2,805] 20210825.export.CSV.zip: kept 94 row(s)
[queued 992/2,805; selected 4,981] 20210904.export.CSV.zip
  downloading 20210904.export.CSV.zip: 4.2 MB
[done 987/2,805] 20210902.export.CSV.zip: kept 82 row(s)
[queued 993/2,805; selected 4,981] 20210905.export.CSV.zip
  downloading 20210905.export.CSV.zip: 3.8 MB
[done 988/2,805] 20210831.export.CSV.zip: kept 77 row(s)
[queued 994/2,805; selected 4,981] 20210906.export.CSV.zip
  downloading 20210906.export.CSV.zip: 5.5 MB
[done 989/2,805] 20210830.export.CSV.zip: kept 72 row(s)
[queued 995/2,805; selected 4,981] 20210907.export.CSV.zip
  downloading 20210907.export.CSV.zip: 7.1 MB
[done 990/2,805] 20210905.export.CSV.zip: kept 75 row(s)
[queued 996/2,805; selected 4,981] 20210908.export.CSV.zip
[done 991/2,805] 20210904.export.CSV.zip: kept 77 row(s)
[queued 997/2,805; selected 4,981] 20210909.export.CSV.zip
  downloading 20210908.export.CSV.zip: 7.8 MB
  downloading 20210909.export.CSV.zip: 8.0 MB
[done 992/2,805] 20210901.export.CSV.zip: kept 72 row(s)
[queued 998/2,805; selected 4,981] 20210910.export.CSV.zip
[done 993/2,805] 20210906.export.CSV.zip: kept 93 row(s)
  downloading 20210910.export.CSV.zip: 7.6 MB
[queued 999/2,805; selected 4,981] 20210911.export.CSV.zip
  downloading 20210911.export.CSV.zip: 4.8 MB
[done 994/2,805] 20210903.export.CSV.zip: kept 79 row(s)
[queued 1,000/2,805; selected 4,981] 20210912.export.CSV.zip
  downloading 20210912.export.CSV.zip: 3.9 MB
[done 995/2,805] 20210908.export.CSV.zip: kept 140 row(s)
[queued 1,001/2,805; selected 4,981] 20210913.export.CSV.zip
[done 996/2,805] 20210907.export.CSV.zip: kept 92 row(s)
[queued 1,002/2,805; selected 4,981] 20210914.export.CSV.zip
  downloading 20210914.export.CSV.zip: 8.0 MB
[done 997/2,805] 20210911.export.CSV.zip: kept 62 row(s)
[queued 1,003/2,805; selected 4,981] 20210915.export.CSV.zip
  downloading 20210913.export.CSV.zip: 6.9 MB
  downloading 20210915.export.CSV.zip: 8.5 MB
[done 998/2,805] 20210909.export.CSV.zip: kept 108 row(s)
[queued 1,004/2,805; selected 4,981] 20210916.export.CSV.zip
  downloading 20210916.export.CSV.zip: 8.4 MB
[done 999/2,805] 20210912.export.CSV.zip: kept 62 row(s)
[queued 1,005/2,805; selected 4,981] 20210917.export.CSV.zip
  downloading 20210917.export.CSV.zip: 8.1 MB
[done 1,000/2,805] 20210910.export.CSV.zip: kept 70 row(s)
[queued 1,006/2,805; selected 4,981] 20210918.export.CSV.zip
  downloading 20210918.export.CSV.zip: 4.8 MB
[done 1,001/2,805] 20210913.export.CSV.zip: kept 107 row(s)
[queued 1,007/2,805; selected 4,981] 20210919.export.CSV.zip
  downloading 20210919.export.CSV.zip: 3.9 MB
[done 1,002/2,805] 20210915.export.CSV.zip: kept 99 row(s)
[queued 1,008/2,805; selected 4,981] 20210920.export.CSV.zip
  downloading 20210920.export.CSV.zip: 7.2 MB
[done 1,003/2,805] 20210914.export.CSV.zip: kept 94 row(s)
[queued 1,009/2,805; selected 4,981] 20210921.export.CSV.zip
  downloading 20210921.export.CSV.zip: 8.0 MB
[done 1,004/2,805] 20210917.export.CSV.zip: kept 98 row(s)
[queued 1,010/2,805; selected 4,981] 20210922.export.CSV.zip
  downloading 20210922.export.CSV.zip: 8.5 MB
[done 1,005/2,805] 20210919.export.CSV.zip: kept 64 row(s)
[queued 1,011/2,805; selected 4,981] 20210923.export.CSV.zip
[done 1,006/2,805] 20210918.export.CSV.zip: kept 86 row(s)
[queued 1,012/2,805; selected 4,981] 20210924.export.CSV.zip
  downloading 20210923.export.CSV.zip: 8.3 MB
  downloading 20210924.export.CSV.zip: 8.0 MB
[done 1,007/2,805] 20210916.export.CSV.zip: kept 105 row(s)
[queued 1,013/2,805; selected 4,981] 20210925.export.CSV.zip
  downloading 20210925.export.CSV.zip: 5.5 MB
[done 1,008/2,805] 20210921.export.CSV.zip: kept 98 row(s)
[queued 1,014/2,805; selected 4,981] 20210926.export.CSV.zip
  downloading 20210926.export.CSV.zip: 6.1 MB
[done 1,009/2,805] 20210920.export.CSV.zip: kept 96 row(s)
[queued 1,015/2,805; selected 4,981] 20210927.export.CSV.zip
  downloading 20210927.export.CSV.zip: 8.9 MB
[done 1,010/2,805] 20210922.export.CSV.zip: kept 84 row(s)
[queued 1,016/2,805; selected 4,981] 20210928.export.CSV.zip
[done 1,011/2,805] 20210923.export.CSV.zip: kept 103 row(s)
[queued 1,017/2,805; selected 4,981] 20210929.export.CSV.zip
  downloading 20210928.export.CSV.zip: 9.2 MB
  downloading 20210929.export.CSV.zip: 8.8 MB
[done 1,012/2,805] 20210925.export.CSV.zip: kept 104 row(s)
[queued 1,018/2,805; selected 4,981] 20210930.export.CSV.zip
  downloading 20210930.export.CSV.zip: 8.8 MB
[done 1,013/2,805] 20210924.export.CSV.zip: kept 99 row(s)
[queued 1,019/2,805; selected 4,981] 20211001.export.CSV.zip
  downloading 20211001.export.CSV.zip: 8.0 MB
[done 1,014/2,805] 20210928.export.CSV.zip: kept 138 row(s)
[queued 1,020/2,805; selected 4,981] 20211002.export.CSV.zip
  downloading 20211002.export.CSV.zip: 5.0 MB
[done 1,015/2,805] 20210926.export.CSV.zip: kept 104 row(s)
[queued 1,021/2,805; selected 4,981] 20211003.export.CSV.zip
  downloading 20211003.export.CSV.zip: 4.3 MB
[done 1,016/2,805] 20210929.export.CSV.zip: kept 85 row(s)
[queued 1,022/2,805; selected 4,981] 20211004.export.CSV.zip
[done 1,017/2,805] 20210930.export.CSV.zip: kept 122 row(s)
[queued 1,023/2,805; selected 4,981] 20211005.export.CSV.zip
  downloading 20211005.export.CSV.zip: 8.3 MB
  downloading 20211004.export.CSV.zip: 7.1 MB
[done 1,018/2,805] 20211002.export.CSV.zip: kept 84 row(s)
[queued 1,024/2,805; selected 4,981] 20211006.export.CSV.zip
  downloading 20211006.export.CSV.zip: 8.3 MB
[done 1,019/2,805] 20211001.export.CSV.zip: kept 114 row(s)
[queued 1,025/2,805; selected 4,981] 20211007.export.CSV.zip
  downloading 20211007.export.CSV.zip: 8.3 MB
[done 1,020/2,805] 20211005.export.CSV.zip: kept 112 row(s)
[queued 1,026/2,805; selected 4,981] 20211008.export.CSV.zip
[done 1,021/2,805] 20210927.export.CSV.zip: kept 132 row(s)
[queued 1,027/2,805; selected 4,981] 20211009.export.CSV.zip
  downloading 20211008.export.CSV.zip: 7.6 MB
  downloading 20211009.export.CSV.zip: 4.7 MB
[done 1,022/2,805] 20211003.export.CSV.zip: kept 72 row(s)
[queued 1,028/2,805; selected 4,981] 20211010.export.CSV.zip
  downloading 20211010.export.CSV.zip: 4.0 MB
[done 1,023/2,805] 20211004.export.CSV.zip: kept 85 row(s)
[queued 1,029/2,805; selected 4,981] 20211011.export.CSV.zip
  downloading 20211011.export.CSV.zip: 6.8 MB
[done 1,024/2,805] 20211006.export.CSV.zip: kept 94 row(s)
[queued 1,030/2,805; selected 4,981] 20211012.export.CSV.zip
  downloading 20211012.export.CSV.zip: 7.6 MB
[done 1,025/2,805] 20211009.export.CSV.zip: kept 99 row(s)
[queued 1,031/2,805; selected 4,981] 20211013.export.CSV.zip
  downloading 20211013.export.CSV.zip: 8.0 MB
[done 1,026/2,805] 20211008.export.CSV.zip: kept 124 row(s)
[queued 1,032/2,805; selected 4,981] 20211014.export.CSV.zip
  downloading 20211014.export.CSV.zip: 8.1 MB
[done 1,027/2,805] 20211011.export.CSV.zip: kept 113 row(s)
[queued 1,033/2,805; selected 4,981] 20211015.export.CSV.zip
  downloading 20211015.export.CSV.zip: 7.3 MB
[done 1,028/2,805] 20211010.export.CSV.zip: kept 101 row(s)
[queued 1,034/2,805; selected 4,981] 20211016.export.CSV.zip
  downloading 20211016.export.CSV.zip: 4.5 MB
[done 1,029/2,805] 20211012.export.CSV.zip: kept 82 row(s)
[queued 1,035/2,805; selected 4,981] 20211017.export.CSV.zip
  downloading 20211017.export.CSV.zip: 3.9 MB
[done 1,030/2,805] 20211015.export.CSV.zip: kept 87 row(s)
[queued 1,036/2,805; selected 4,981] 20211018.export.CSV.zip
  downloading 20211018.export.CSV.zip: 6.7 MB
[done 1,031/2,805] 20211013.export.CSV.zip: kept 107 row(s)
[queued 1,037/2,805; selected 4,981] 20211019.export.CSV.zip
[done 1,032/2,805] 20211014.export.CSV.zip: kept 93 row(s)
[done 1,033/2,805] 20211007.export.CSV.zip: kept 97 row(s)
[queued 1,038/2,805; selected 4,981] 20211020.export.CSV.zip
[queued 1,039/2,805; selected 4,981] 20211021.export.CSV.zip
  downloading 20211019.export.CSV.zip: 7.9 MB
[done 1,034/2,805] 20211017.export.CSV.zip: kept 71 row(s)
  downloading 20211021.export.CSV.zip: 8.2 MB
[queued 1,040/2,805; selected 4,981] 20211022.export.CSV.zip
  downloading 20211020.export.CSV.zip: 8.3 MB
  downloading 20211022.export.CSV.zip: 7.7 MB
[done 1,035/2,805] 20211016.export.CSV.zip: kept 80 row(s)
[queued 1,041/2,805; selected 4,981] 20211023.export.CSV.zip
  downloading 20211023.export.CSV.zip: 4.5 MB
[done 1,036/2,805] 20211019.export.CSV.zip: kept 103 row(s)
[queued 1,042/2,805; selected 4,981] 20211024.export.CSV.zip
  downloading 20211024.export.CSV.zip: 3.8 MB
[done 1,037/2,805] 20211020.export.CSV.zip: kept 111 row(s)
[queued 1,043/2,805; selected 4,981] 20211025.export.CSV.zip
  downloading 20211025.export.CSV.zip: 6.8 MB
[done 1,038/2,805] 20211018.export.CSV.zip: kept 102 row(s)
[queued 1,044/2,805; selected 4,981] 20211026.export.CSV.zip
  downloading 20211026.export.CSV.zip: 7.7 MB
[done 1,039/2,805] 20211022.export.CSV.zip: kept 76 row(s)
[queued 1,045/2,805; selected 4,981] 20211027.export.CSV.zip
  downloading 20211027.export.CSV.zip: 8.1 MB
[done 1,040/2,805] 20211025.export.CSV.zip: kept 74 row(s)
[queued 1,046/2,805; selected 4,981] 20211028.export.CSV.zip
[done 1,041/2,805] 20211021.export.CSV.zip: kept 74 row(s)
[queued 1,047/2,805; selected 4,981] 20211029.export.CSV.zip
  downloading 20211028.export.CSV.zip: 7.9 MB
  downloading 20211029.export.CSV.zip: 7.6 MB
[done 1,042/2,805] 20211023.export.CSV.zip: kept 87 row(s)
[queued 1,048/2,805; selected 4,981] 20211030.export.CSV.zip
[done 1,043/2,805] 20211024.export.CSV.zip: kept 80 row(s)
[queued 1,049/2,805; selected 4,981] 20211031.export.CSV.zip
  downloading 20211031.export.CSV.zip: 5.3 MB
  downloading 20211030.export.CSV.zip: 4.7 MB
[done 1,044/2,805] 20211029.export.CSV.zip: kept 75 row(s)
[queued 1,050/2,805; selected 4,981] 20211101.export.CSV.zip
  downloading 20211101.export.CSV.zip: 7.0 MB
[done 1,045/2,805] 20211026.export.CSV.zip: kept 97 row(s)
[queued 1,051/2,805; selected 4,981] 20211102.export.CSV.zip
  downloading 20211102.export.CSV.zip: 7.5 MB
[done 1,046/2,805] 20211030.export.CSV.zip: kept 69 row(s)
[queued 1,052/2,805; selected 4,981] 20211103.export.CSV.zip
  downloading 20211103.export.CSV.zip: 8.1 MB
[done 1,047/2,805] 20211031.export.CSV.zip: kept 111 row(s)
[queued 1,053/2,805; selected 4,981] 20211104.export.CSV.zip
  downloading 20211104.export.CSV.zip: 7.6 MB
[done 1,048/2,805] 20211028.export.CSV.zip: kept 80 row(s)
[queued 1,054/2,805; selected 4,981] 20211105.export.CSV.zip
  downloading 20211105.export.CSV.zip: 7.4 MB
[done 1,049/2,805] 20211102.export.CSV.zip: kept 86 row(s)
[queued 1,055/2,805; selected 4,981] 20211106.export.CSV.zip
[done 1,050/2,805] 20211027.export.CSV.zip: kept 101 row(s)
[queued 1,056/2,805; selected 4,981] 20211107.export.CSV.zip
  downloading 20211107.export.CSV.zip: 3.5 MB
  downloading 20211106.export.CSV.zip: 4.1 MB
[done 1,051/2,805] 20211103.export.CSV.zip: kept 95 row(s)
[queued 1,057/2,805; selected 4,981] 20211108.export.CSV.zip
  downloading 20211108.export.CSV.zip: 7.0 MB
[done 1,052/2,805] 20211104.export.CSV.zip: kept 81 row(s)
[queued 1,058/2,805; selected 4,981] 20211109.export.CSV.zip
[done 1,053/2,805] 20211101.export.CSV.zip: kept 80 row(s)
[queued 1,059/2,805; selected 4,981] 20211110.export.CSV.zip
  downloading 20211110.export.CSV.zip: 8.5 MB
  downloading 20211109.export.CSV.zip: 8.3 MB
[done 1,054/2,805] 20211106.export.CSV.zip: kept 81 row(s)
[queued 1,060/2,805; selected 4,981] 20211111.export.CSV.zip
[done 1,055/2,805] 20211107.export.CSV.zip: kept 79 row(s)
  downloading 20211111.export.CSV.zip: 8.4 MB
[queued 1,061/2,805; selected 4,981] 20211112.export.CSV.zip
  downloading 20211112.export.CSV.zip: 7.6 MB
[done 1,056/2,805] 20211105.export.CSV.zip: kept 106 row(s)
[queued 1,062/2,805; selected 4,981] 20211113.export.CSV.zip
  downloading 20211113.export.CSV.zip: 4.5 MB
[done 1,057/2,805] 20211108.export.CSV.zip: kept 97 row(s)
[queued 1,063/2,805; selected 4,981] 20211114.export.CSV.zip
  downloading 20211114.export.CSV.zip: 3.9 MB
[done 1,058/2,805] 20211110.export.CSV.zip: kept 103 row(s)
[queued 1,064/2,805; selected 4,981] 20211115.export.CSV.zip
  downloading 20211115.export.CSV.zip: 6.9 MB
[done 1,059/2,805] 20211113.export.CSV.zip: kept 71 row(s)
[queued 1,065/2,805; selected 4,981] 20211116.export.CSV.zip
  downloading 20211116.export.CSV.zip: 7.9 MB
[done 1,060/2,805] 20211109.export.CSV.zip: kept 118 row(s)
[queued 1,066/2,805; selected 4,981] 20211117.export.CSV.zip
[done 1,061/2,805] 20211112.export.CSV.zip: kept 121 row(s)
[queued 1,067/2,805; selected 4,981] 20211118.export.CSV.zip
[done 1,062/2,805] 20211111.export.CSV.zip: kept 121 row(s)
  downloading 20211117.export.CSV.zip: 8.1 MB
[queued 1,068/2,805; selected 4,981] 20211119.export.CSV.zip
  downloading 20211119.export.CSV.zip: 7.4 MB
  downloading 20211118.export.CSV.zip: 8.2 MB
[done 1,063/2,805] 20211114.export.CSV.zip: kept 69 row(s)
[queued 1,069/2,805; selected 4,981] 20211120.export.CSV.zip
  downloading 20211120.export.CSV.zip: 4.3 MB
[done 1,064/2,805] 20211116.export.CSV.zip: kept 127 row(s)
[queued 1,070/2,805; selected 4,981] 20211121.export.CSV.zip
  downloading 20211121.export.CSV.zip: 3.7 MB
[done 1,065/2,805] 20211119.export.CSV.zip: kept 109 row(s)
[queued 1,071/2,805; selected 4,981] 20211122.export.CSV.zip
  downloading 20211122.export.CSV.zip: 6.8 MB
[done 1,066/2,805] 20211118.export.CSV.zip: kept 96 row(s)
[queued 1,072/2,805; selected 4,981] 20211123.export.CSV.zip
  downloading 20211123.export.CSV.zip: 7.8 MB
[done 1,067/2,805] 20211121.export.CSV.zip: kept 62 row(s)
[queued 1,073/2,805; selected 4,981] 20211124.export.CSV.zip
  downloading 20211124.export.CSV.zip: 7.5 MB
[done 1,068/2,805] 20211117.export.CSV.zip: kept 124 row(s)
[queued 1,074/2,805; selected 4,981] 20211125.export.CSV.zip
[done 1,069/2,805] 20211115.export.CSV.zip: kept 86 row(s)
[queued 1,075/2,805; selected 4,981] 20211126.export.CSV.zip
[done 1,070/2,805] 20211120.export.CSV.zip: kept 90 row(s)
[queued 1,076/2,805; selected 4,981] 20211127.export.CSV.zip
  downloading 20211125.export.CSV.zip: 6.1 MB
  downloading 20211126.export.CSV.zip: 6.0 MB
  downloading 20211127.export.CSV.zip: 4.1 MB
[done 1,071/2,805] 20211122.export.CSV.zip: kept 94 row(s)
[queued 1,077/2,805; selected 4,981] 20211128.export.CSV.zip
  downloading 20211128.export.CSV.zip: 3.8 MB
[done 1,072/2,805] 20211123.export.CSV.zip: kept 91 row(s)
[queued 1,078/2,805; selected 4,981] 20211129.export.CSV.zip
  downloading 20211129.export.CSV.zip: 6.7 MB
[done 1,073/2,805] 20211127.export.CSV.zip: kept 74 row(s)
[queued 1,079/2,805; selected 4,981] 20211130.export.CSV.zip
  downloading 20211130.export.CSV.zip: 7.7 MB
[done 1,074/2,805] 20211128.export.CSV.zip: kept 77 row(s)
[queued 1,080/2,805; selected 4,981] 20211201.export.CSV.zip
  downloading 20211201.export.CSV.zip: 7.9 MB
[done 1,075/2,805] 20211126.export.CSV.zip: kept 76 row(s)
[queued 1,081/2,805; selected 4,981] 20211202.export.CSV.zip
  downloading 20211202.export.CSV.zip: 8.1 MB
[done 1,076/2,805] 20211125.export.CSV.zip: kept 84 row(s)
[queued 1,082/2,805; selected 4,981] 20211203.export.CSV.zip
[done 1,077/2,805] 20211124.export.CSV.zip: kept 86 row(s)
[queued 1,083/2,805; selected 4,981] 20211204.export.CSV.zip
  downloading 20211204.export.CSV.zip: 4.7 MB
  downloading 20211203.export.CSV.zip: 7.6 MB
[done 1,078/2,805] 20211129.export.CSV.zip: kept 113 row(s)
[queued 1,084/2,805; selected 4,981] 20211205.export.CSV.zip
  downloading 20211205.export.CSV.zip: 3.9 MB
[done 1,079/2,805] 20211130.export.CSV.zip: kept 88 row(s)
[queued 1,085/2,805; selected 4,981] 20211206.export.CSV.zip
  downloading 20211206.export.CSV.zip: 6.9 MB
[done 1,080/2,805] 20211201.export.CSV.zip: kept 98 row(s)
[queued 1,086/2,805; selected 4,981] 20211207.export.CSV.zip
  downloading 20211207.export.CSV.zip: 7.8 MB
[done 1,081/2,805] 20211204.export.CSV.zip: kept 76 row(s)
[queued 1,087/2,805; selected 4,981] 20211208.export.CSV.zip
  downloading 20211208.export.CSV.zip: 8.0 MB
[done 1,082/2,805] 20211205.export.CSV.zip: kept 71 row(s)
[queued 1,088/2,805; selected 4,981] 20211209.export.CSV.zip
  downloading 20211209.export.CSV.zip: 8.0 MB
[done 1,083/2,805] 20211203.export.CSV.zip: kept 95 row(s)
[queued 1,089/2,805; selected 4,981] 20211210.export.CSV.zip
  downloading 20211210.export.CSV.zip: 7.6 MB
[done 1,084/2,805] 20211202.export.CSV.zip: kept 87 row(s)
[queued 1,090/2,805; selected 4,981] 20211211.export.CSV.zip
  downloading 20211211.export.CSV.zip: 4.5 MB
[done 1,085/2,805] 20211206.export.CSV.zip: kept 76 row(s)
[queued 1,091/2,805; selected 4,981] 20211212.export.CSV.zip
[done 1,086/2,805] 20211207.export.CSV.zip: kept 80 row(s)
[queued 1,092/2,805; selected 4,981] 20211213.export.CSV.zip
  downloading 20211212.export.CSV.zip: 3.8 MB
  downloading 20211213.export.CSV.zip: 6.6 MB
[done 1,087/2,805] 20211208.export.CSV.zip: kept 97 row(s)
[queued 1,093/2,805; selected 4,981] 20211214.export.CSV.zip
[done 1,088/2,805] 20211209.export.CSV.zip: kept 103 row(s)
[queued 1,094/2,805; selected 4,981] 20211215.export.CSV.zip
  downloading 20211214.export.CSV.zip: 7.4 MB
  downloading 20211215.export.CSV.zip: 7.7 MB
[done 1,089/2,805] 20211210.export.CSV.zip: kept 100 row(s)
[queued 1,095/2,805; selected 4,981] 20211216.export.CSV.zip
  downloading 20211216.export.CSV.zip: 7.5 MB
[done 1,090/2,805] 20211213.export.CSV.zip: kept 116 row(s)
[queued 1,096/2,805; selected 4,981] 20211217.export.CSV.zip
  downloading 20211217.export.CSV.zip: 7.2 MB
[done 1,091/2,805] 20211212.export.CSV.zip: kept 72 row(s)
[queued 1,097/2,805; selected 4,981] 20211218.export.CSV.zip
  downloading 20211218.export.CSV.zip: 4.2 MB
[done 1,092/2,805] 20211211.export.CSV.zip: kept 110 row(s)
[queued 1,098/2,805; selected 4,981] 20211219.export.CSV.zip
  downloading 20211219.export.CSV.zip: 3.7 MB
[done 1,093/2,805] 20211215.export.CSV.zip: kept 97 row(s)
[queued 1,099/2,805; selected 4,981] 20211220.export.CSV.zip
  downloading 20211220.export.CSV.zip: 5.8 MB
[done 1,094/2,805] 20211216.export.CSV.zip: kept 79 row(s)
[queued 1,100/2,805; selected 4,981] 20211221.export.CSV.zip
[done 1,095/2,805] 20211218.export.CSV.zip: kept 67 row(s)
[queued 1,101/2,805; selected 4,981] 20211222.export.CSV.zip
  downloading 20211221.export.CSV.zip: 6.7 MB
  downloading 20211222.export.CSV.zip: 6.5 MB
[done 1,096/2,805] 20211217.export.CSV.zip: kept 93 row(s)
[queued 1,102/2,805; selected 4,981] 20211223.export.CSV.zip
[done 1,097/2,805] 20211219.export.CSV.zip: kept 72 row(s)
[queued 1,103/2,805; selected 4,981] 20211224.export.CSV.zip
  downloading 20211223.export.CSV.zip: 6.2 MB
  downloading 20211224.export.CSV.zip: 4.5 MB
[done 1,098/2,805] 20211214.export.CSV.zip: kept 96 row(s)
[queued 1,104/2,805; selected 4,981] 20211225.export.CSV.zip
[done 1,099/2,805] 20211220.export.CSV.zip: kept 81 row(s)
[queued 1,105/2,805; selected 4,981] 20211226.export.CSV.zip
  downloading 20211225.export.CSV.zip: 2.5 MB
  downloading 20211226.export.CSV.zip: 2.9 MB
[done 1,100/2,805] 20211222.export.CSV.zip: kept 72 row(s)
[queued 1,106/2,805; selected 4,981] 20211227.export.CSV.zip
  downloading 20211227.export.CSV.zip: 4.4 MB
[done 1,101/2,805] 20211221.export.CSV.zip: kept 79 row(s)
[queued 1,107/2,805; selected 4,981] 20211228.export.CSV.zip
[done 1,102/2,805] 20211226.export.CSV.zip: kept 55 row(s)
  downloading 20211228.export.CSV.zip: 5.1 MB
[queued 1,108/2,805; selected 4,981] 20211229.export.CSV.zip
  downloading 20211229.export.CSV.zip: 5.4 MB
[done 1,103/2,805] 20211225.export.CSV.zip: kept 54 row(s)
[queued 1,109/2,805; selected 4,981] 20211230.export.CSV.zip
  downloading 20211230.export.CSV.zip: 5.6 MB
[done 1,104/2,805] 20211228.export.CSV.zip: kept 64 row(s)
[queued 1,110/2,805; selected 4,981] 20211231.export.CSV.zip
  downloading 20211231.export.CSV.zip: 4.5 MB
[done 1,105/2,805] 20211227.export.CSV.zip: kept 66 row(s)
[queued 1,111/2,805; selected 4,981] 20220101.export.CSV.zip
[done 1,106/2,805] 20211224.export.CSV.zip: kept 68 row(s)
[queued 1,112/2,805; selected 4,981] 20220102.export.CSV.zip
  downloading 20220101.export.CSV.zip: 2.9 MB
[done 1,107/2,805] 20211223.export.CSV.zip: kept 77 row(s)
[queued 1,113/2,805; selected 4,981] 20220103.export.CSV.zip
  downloading 20220102.export.CSV.zip: 2.9 MB
  downloading 20220103.export.CSV.zip: 4.8 MB
[done 1,108/2,805] 20211229.export.CSV.zip: kept 94 row(s)
[queued 1,114/2,805; selected 4,981] 20220104.export.CSV.zip
  downloading 20220104.export.CSV.zip: 6.1 MB
[done 1,109/2,805] 20211231.export.CSV.zip: kept 73 row(s)
[queued 1,115/2,805; selected 4,981] 20220105.export.CSV.zip
[done 1,110/2,805] 20211230.export.CSV.zip: kept 73 row(s)
[queued 1,116/2,805; selected 4,981] 20220106.export.CSV.zip
  downloading 20220105.export.CSV.zip: 6.7 MB
  downloading 20220106.export.CSV.zip: 6.9 MB
[done 1,111/2,805] 20220101.export.CSV.zip: kept 69 row(s)
[queued 1,117/2,805; selected 4,981] 20220107.export.CSV.zip
[done 1,112/2,805] 20220102.export.CSV.zip: kept 66 row(s)
[queued 1,118/2,805; selected 4,981] 20220108.export.CSV.zip
[done 1,113/2,805] 20220103.export.CSV.zip: kept 77 row(s)
[queued 1,119/2,805; selected 4,981] 20220109.export.CSV.zip
  downloading 20220107.export.CSV.zip: 6.6 MB
  downloading 20220108.export.CSV.zip: 3.9 MB
  downloading 20220109.export.CSV.zip: 3.4 MB
[done 1,114/2,805] 20220104.export.CSV.zip: kept 89 row(s)
[queued 1,120/2,805; selected 4,981] 20220110.export.CSV.zip
  downloading 20220110.export.CSV.zip: 6.1 MB
[done 1,115/2,805] 20220105.export.CSV.zip: kept 98 row(s)
[queued 1,121/2,805; selected 4,981] 20220111.export.CSV.zip
  downloading 20220111.export.CSV.zip: 7.1 MB
[done 1,116/2,805] 20220110.export.CSV.zip: kept 82 row(s)
[queued 1,122/2,805; selected 4,981] 20220112.export.CSV.zip
  downloading 20220112.export.CSV.zip: 7.2 MB
[done 1,117/2,805] 20220109.export.CSV.zip: kept 78 row(s)
[queued 1,123/2,805; selected 4,981] 20220113.export.CSV.zip
[done 1,118/2,805] 20220108.export.CSV.zip: kept 89 row(s)
[queued 1,124/2,805; selected 4,981] 20220114.export.CSV.zip
  downloading 20220113.export.CSV.zip: 7.6 MB
  downloading 20220114.export.CSV.zip: 7.0 MB
[done 1,119/2,805] 20220107.export.CSV.zip: kept 98 row(s)
[queued 1,125/2,805; selected 4,981] 20220115.export.CSV.zip
[done 1,120/2,805] 20220106.export.CSV.zip: kept 75 row(s)
[queued 1,126/2,805; selected 4,981] 20220116.export.CSV.zip
  downloading 20220115.export.CSV.zip: 4.3 MB
  downloading 20220116.export.CSV.zip: 3.5 MB
[done 1,121/2,805] 20220111.export.CSV.zip: kept 83 row(s)
[queued 1,127/2,805; selected 4,981] 20220117.export.CSV.zip
  downloading 20220117.export.CSV.zip: 5.8 MB
[done 1,122/2,805] 20220112.export.CSV.zip: kept 104 row(s)
[queued 1,128/2,805; selected 4,981] 20220118.export.CSV.zip
  downloading 20220118.export.CSV.zip: 7.2 MB
[done 1,123/2,805] 20220114.export.CSV.zip: kept 84 row(s)
[queued 1,129/2,805; selected 4,981] 20220119.export.CSV.zip
[done 1,124/2,805] 20220116.export.CSV.zip: kept 68 row(s)
[queued 1,130/2,805; selected 4,981] 20220120.export.CSV.zip
  downloading 20220119.export.CSV.zip: 7.8 MB
  downloading 20220120.export.CSV.zip: 8.1 MB
[done 1,125/2,805] 20220115.export.CSV.zip: kept 78 row(s)
[queued 1,131/2,805; selected 4,981] 20220121.export.CSV.zip
  downloading 20220121.export.CSV.zip: 7.4 MB
[done 1,126/2,805] 20220117.export.CSV.zip: kept 70 row(s)
[queued 1,132/2,805; selected 4,981] 20220122.export.CSV.zip
  downloading 20220122.export.CSV.zip: 4.5 MB
[done 1,127/2,805] 20220118.export.CSV.zip: kept 88 row(s)
[queued 1,133/2,805; selected 4,981] 20220123.export.CSV.zip
[done 1,128/2,805] 20220113.export.CSV.zip: kept 102 row(s)
[queued 1,134/2,805; selected 4,981] 20220124.export.CSV.zip
  downloading 20220123.export.CSV.zip: 3.7 MB
  downloading 20220124.export.CSV.zip: 6.8 MB
[done 1,129/2,805] 20220121.export.CSV.zip: kept 84 row(s)
[queued 1,135/2,805; selected 4,981] 20220125.export.CSV.zip
[done 1,130/2,805] 20220119.export.CSV.zip: kept 106 row(s)
[queued 1,136/2,805; selected 4,981] 20220126.export.CSV.zip
  downloading 20220126.export.CSV.zip: 7.7 MB
  downloading 20220125.export.CSV.zip: 7.7 MB
[done 1,131/2,805] 20220124.export.CSV.zip: kept 93 row(s)
[queued 1,137/2,805; selected 4,981] 20220127.export.CSV.zip
  downloading 20220127.export.CSV.zip: 7.9 MB
[done 1,132/2,805] 20220123.export.CSV.zip: kept 63 row(s)
[queued 1,138/2,805; selected 4,981] 20220128.export.CSV.zip
[done 1,133/2,805] 20220122.export.CSV.zip: kept 63 row(s)
[queued 1,139/2,805; selected 4,981] 20220129.export.CSV.zip
  downloading 20220128.export.CSV.zip: 7.4 MB
  downloading 20220129.export.CSV.zip: 4.3 MB
[done 1,134/2,805] 20220128.export.CSV.zip: kept 97 row(s)
[queued 1,140/2,805; selected 4,981] 20220130.export.CSV.zip
  downloading 20220130.export.CSV.zip: 3.6 MB
[done 1,135/2,805] 20220129.export.CSV.zip: kept 75 row(s)
[queued 1,141/2,805; selected 4,981] 20220131.export.CSV.zip
  downloading 20220131.export.CSV.zip: 6.3 MB
[done 1,136/2,805] 20220120.export.CSV.zip: kept 115 row(s)
[queued 1,142/2,805; selected 4,981] 20220201.export.CSV.zip
  downloading 20220201.export.CSV.zip: 7.6 MB
[done 1,137/2,805] 20220125.export.CSV.zip: kept 96 row(s)
[queued 1,143/2,805; selected 4,981] 20220202.export.CSV.zip
  downloading 20220202.export.CSV.zip: 7.8 MB
[done 1,138/2,805] 20220130.export.CSV.zip: kept 69 row(s)
[queued 1,144/2,805; selected 4,981] 20220203.export.CSV.zip
  downloading 20220203.export.CSV.zip: 8.0 MB
[done 1,139/2,805] 20220127.export.CSV.zip: kept 100 row(s)
[queued 1,145/2,805; selected 4,981] 20220204.export.CSV.zip
  downloading 20220204.export.CSV.zip: 7.2 MB
[done 1,140/2,805] 20220131.export.CSV.zip: kept 89 row(s)
[queued 1,146/2,805; selected 4,981] 20220205.export.CSV.zip
  downloading 20220205.export.CSV.zip: 4.5 MB
[done 1,141/2,805] 20220126.export.CSV.zip: kept 102 row(s)
[queued 1,147/2,805; selected 4,981] 20220206.export.CSV.zip
  downloading 20220206.export.CSV.zip: 3.7 MB
[done 1,142/2,805] 20220203.export.CSV.zip: kept 96 row(s)
[queued 1,148/2,805; selected 4,981] 20220207.export.CSV.zip
  downloading 20220207.export.CSV.zip: 6.7 MB
[done 1,143/2,805] 20220202.export.CSV.zip: kept 76 row(s)
[queued 1,149/2,805; selected 4,981] 20220208.export.CSV.zip
  downloading 20220208.export.CSV.zip: 7.9 MB
[done 1,144/2,805] 20220206.export.CSV.zip: kept 78 row(s)
[queued 1,150/2,805; selected 4,981] 20220209.export.CSV.zip
  downloading 20220209.export.CSV.zip: 8.1 MB
[done 1,145/2,805] 20220201.export.CSV.zip: kept 83 row(s)
[queued 1,151/2,805; selected 4,981] 20220210.export.CSV.zip
  downloading 20220210.export.CSV.zip: 8.2 MB
[done 1,146/2,805] 20220205.export.CSV.zip: kept 81 row(s)
[queued 1,152/2,805; selected 4,981] 20220211.export.CSV.zip
  downloading 20220211.export.CSV.zip: 7.6 MB
[done 1,147/2,805] 20220204.export.CSV.zip: kept 95 row(s)
[queued 1,153/2,805; selected 4,981] 20220212.export.CSV.zip
  downloading 20220212.export.CSV.zip: 4.7 MB
[done 1,148/2,805] 20220207.export.CSV.zip: kept 136 row(s)
[queued 1,154/2,805; selected 4,981] 20220213.export.CSV.zip
[done 1,149/2,805] 20220208.export.CSV.zip: kept 110 row(s)
[queued 1,155/2,805; selected 4,981] 20220214.export.CSV.zip
  downloading 20220213.export.CSV.zip: 3.9 MB
  downloading 20220214.export.CSV.zip: 6.8 MB
[done 1,150/2,805] 20220210.export.CSV.zip: kept 110 row(s)
[queued 1,156/2,805; selected 4,981] 20220215.export.CSV.zip
  downloading 20220215.export.CSV.zip: 7.9 MB
[done 1,151/2,805] 20220211.export.CSV.zip: kept 143 row(s)
[queued 1,157/2,805; selected 4,981] 20220216.export.CSV.zip
  downloading 20220216.export.CSV.zip: 8.1 MB
[done 1,152/2,805] 20220213.export.CSV.zip: kept 94 row(s)
[queued 1,158/2,805; selected 4,981] 20220217.export.CSV.zip
  downloading 20220217.export.CSV.zip: 8.2 MB
[done 1,153/2,805] 20220212.export.CSV.zip: kept 78 row(s)
[queued 1,159/2,805; selected 4,981] 20220218.export.CSV.zip
  downloading 20220218.export.CSV.zip: 7.7 MB
[done 1,154/2,805] 20220209.export.CSV.zip: kept 127 row(s)
[queued 1,160/2,805; selected 4,981] 20220219.export.CSV.zip
  downloading 20220219.export.CSV.zip: 4.9 MB
[done 1,155/2,805] 20220214.export.CSV.zip: kept 87 row(s)
[queued 1,161/2,805; selected 4,981] 20220220.export.CSV.zip
  downloading 20220220.export.CSV.zip: 4.0 MB
[done 1,156/2,805] 20220215.export.CSV.zip: kept 122 row(s)
[queued 1,162/2,805; selected 4,981] 20220221.export.CSV.zip
[done 1,157/2,805] 20220216.export.CSV.zip: kept 124 row(s)
[queued 1,163/2,805; selected 4,981] 20220222.export.CSV.zip
[done 1,158/2,805] 20220217.export.CSV.zip: kept 99 row(s)
[queued 1,164/2,805; selected 4,981] 20220223.export.CSV.zip
  downloading 20220221.export.CSV.zip: 6.4 MB
  downloading 20220223.export.CSV.zip: 8.4 MB
  downloading 20220222.export.CSV.zip: 8.2 MB
[done 1,159/2,805] 20220219.export.CSV.zip: kept 74 row(s)
[queued 1,165/2,805; selected 4,981] 20220224.export.CSV.zip
  downloading 20220224.export.CSV.zip: 9.7 MB
[done 1,160/2,805] 20220220.export.CSV.zip: kept 77 row(s)
[queued 1,166/2,805; selected 4,981] 20220225.export.CSV.zip
  downloading 20220225.export.CSV.zip: 9.1 MB
[done 1,161/2,805] 20220218.export.CSV.zip: kept 99 row(s)
[queued 1,167/2,805; selected 4,981] 20220226.export.CSV.zip
  downloading 20220226.export.CSV.zip: 5.8 MB
[done 1,162/2,805] 20220221.export.CSV.zip: kept 103 row(s)
[queued 1,168/2,805; selected 4,981] 20220227.export.CSV.zip
  downloading 20220227.export.CSV.zip: 5.1 MB
[done 1,163/2,805] 20220224.export.CSV.zip: kept 76 row(s)
[queued 1,169/2,805; selected 4,981] 20220228.export.CSV.zip
  downloading 20220228.export.CSV.zip: 8.1 MB
[done 1,164/2,805] 20220222.export.CSV.zip: kept 86 row(s)
[queued 1,170/2,805; selected 4,981] 20220301.export.CSV.zip
[done 1,165/2,805] 20220223.export.CSV.zip: kept 91 row(s)
[queued 1,171/2,805; selected 4,981] 20220302.export.CSV.zip
  downloading 20220301.export.CSV.zip: 9.1 MB
  downloading 20220302.export.CSV.zip: 9.2 MB
[done 1,166/2,805] 20220226.export.CSV.zip: kept 63 row(s)
[queued 1,172/2,805; selected 4,981] 20220303.export.CSV.zip
  downloading 20220303.export.CSV.zip: 9.2 MB
[done 1,167/2,805] 20220227.export.CSV.zip: kept 60 row(s)
[queued 1,173/2,805; selected 4,981] 20220304.export.CSV.zip
  downloading 20220304.export.CSV.zip: 8.4 MB
[done 1,168/2,805] 20220228.export.CSV.zip: kept 75 row(s)
[queued 1,174/2,805; selected 4,981] 20220305.export.CSV.zip
[done 1,169/2,805] 20220225.export.CSV.zip: kept 78 row(s)
[queued 1,175/2,805; selected 4,981] 20220306.export.CSV.zip
  downloading 20220305.export.CSV.zip: 5.3 MB
  downloading 20220306.export.CSV.zip: 4.7 MB
[done 1,170/2,805] 20220301.export.CSV.zip: kept 109 row(s)
[queued 1,176/2,805; selected 4,981] 20220307.export.CSV.zip
  downloading 20220307.export.CSV.zip: 7.8 MB
[done 1,171/2,805] 20220303.export.CSV.zip: kept 111 row(s)
[queued 1,177/2,805; selected 4,981] 20220308.export.CSV.zip
[done 1,172/2,805] 20220302.export.CSV.zip: kept 97 row(s)
[queued 1,178/2,805; selected 4,981] 20220309.export.CSV.zip
  downloading 20220309.export.CSV.zip: 9.2 MB
  downloading 20220308.export.CSV.zip: 8.7 MB
[done 1,173/2,805] 20220306.export.CSV.zip: kept 61 row(s)
[queued 1,179/2,805; selected 4,981] 20220310.export.CSV.zip
  downloading 20220310.export.CSV.zip: 8.8 MB
[done 1,174/2,805] 20220305.export.CSV.zip: kept 58 row(s)
[queued 1,180/2,805; selected 4,981] 20220311.export.CSV.zip
  downloading 20220311.export.CSV.zip: 8.3 MB
[done 1,175/2,805] 20220308.export.CSV.zip: kept 83 row(s)
[queued 1,181/2,805; selected 4,981] 20220312.export.CSV.zip
[done 1,176/2,805] 20220307.export.CSV.zip: kept 80 row(s)
[queued 1,182/2,805; selected 4,981] 20220313.export.CSV.zip
  downloading 20220313.export.CSV.zip: 4.6 MB
  downloading 20220312.export.CSV.zip: 5.1 MB
[done 1,177/2,805] 20220309.export.CSV.zip: kept 72 row(s)
[queued 1,183/2,805; selected 4,981] 20220314.export.CSV.zip
  downloading 20220314.export.CSV.zip: 7.6 MB
[done 1,178/2,805] 20220304.export.CSV.zip: kept 111 row(s)
[queued 1,184/2,805; selected 4,981] 20220315.export.CSV.zip
  downloading 20220315.export.CSV.zip: 8.7 MB
[done 1,179/2,805] 20220310.export.CSV.zip: kept 82 row(s)
[queued 1,185/2,805; selected 4,981] 20220316.export.CSV.zip
  downloading 20220316.export.CSV.zip: 8.9 MB
[done 1,180/2,805] 20220313.export.CSV.zip: kept 71 row(s)
[queued 1,186/2,805; selected 4,981] 20220317.export.CSV.zip
  downloading 20220317.export.CSV.zip: 8.6 MB
[done 1,181/2,805] 20220312.export.CSV.zip: kept 70 row(s)
[queued 1,187/2,805; selected 4,981] 20220318.export.CSV.zip
  downloading 20220318.export.CSV.zip: 7.6 MB
[done 1,182/2,805] 20220314.export.CSV.zip: kept 115 row(s)
[queued 1,188/2,805; selected 4,981] 20220319.export.CSV.zip
  downloading 20220319.export.CSV.zip: 4.7 MB
[done 1,183/2,805] 20220311.export.CSV.zip: kept 89 row(s)
[queued 1,189/2,805; selected 4,981] 20220320.export.CSV.zip
  downloading 20220320.export.CSV.zip: 4.1 MB
[done 1,184/2,805] 20220315.export.CSV.zip: kept 101 row(s)
[queued 1,190/2,805; selected 4,981] 20220321.export.CSV.zip
  downloading 20220321.export.CSV.zip: 7.4 MB
[done 1,185/2,805] 20220319.export.CSV.zip: kept 72 row(s)
[queued 1,191/2,805; selected 4,981] 20220322.export.CSV.zip
  downloading 20220322.export.CSV.zip: 8.4 MB
[done 1,186/2,805] 20220316.export.CSV.zip: kept 114 row(s)
[queued 1,192/2,805; selected 4,981] 20220323.export.CSV.zip
  downloading 20220323.export.CSV.zip: 8.5 MB
[done 1,187/2,805] 20220320.export.CSV.zip: kept 67 row(s)
[queued 1,193/2,805; selected 4,981] 20220324.export.CSV.zip
  downloading 20220324.export.CSV.zip: 9.0 MB
[done 1,188/2,805] 20220318.export.CSV.zip: kept 66 row(s)
[queued 1,194/2,805; selected 4,981] 20220325.export.CSV.zip
  downloading 20220325.export.CSV.zip: 8.1 MB
[done 1,189/2,805] 20220323.export.CSV.zip: kept 73 row(s)
[queued 1,195/2,805; selected 4,981] 20220326.export.CSV.zip
  downloading 20220326.export.CSV.zip: 5.0 MB
[done 1,190/2,805] 20220322.export.CSV.zip: kept 96 row(s)
[queued 1,196/2,805; selected 4,981] 20220327.export.CSV.zip
[done 1,191/2,805] 20220317.export.CSV.zip: kept 99 row(s)
[queued 1,197/2,805; selected 4,981] 20220328.export.CSV.zip
  downloading 20220327.export.CSV.zip: 4.1 MB
  downloading 20220328.export.CSV.zip: 7.3 MB
[done 1,192/2,805] 20220321.export.CSV.zip: kept 67 row(s)
[queued 1,198/2,805; selected 4,981] 20220329.export.CSV.zip
  downloading 20220329.export.CSV.zip: 8.3 MB
[done 1,193/2,805] 20220325.export.CSV.zip: kept 82 row(s)
[queued 1,199/2,805; selected 4,981] 20220330.export.CSV.zip
  downloading 20220330.export.CSV.zip: 8.5 MB
[done 1,194/2,805] 20220328.export.CSV.zip: kept 92 row(s)
[queued 1,200/2,805; selected 4,981] 20220331.export.CSV.zip
  downloading 20220331.export.CSV.zip: 8.5 MB
[done 1,195/2,805] 20220324.export.CSV.zip: kept 78 row(s)
[queued 1,201/2,805; selected 4,981] 20220401.export.CSV.zip
  downloading 20220401.export.CSV.zip: 7.7 MB
[done 1,196/2,805] 20220327.export.CSV.zip: kept 64 row(s)
[queued 1,202/2,805; selected 4,981] 20220402.export.CSV.zip
[done 1,197/2,805] 20220326.export.CSV.zip: kept 68 row(s)
[queued 1,203/2,805; selected 4,981] 20220403.export.CSV.zip
  downloading 20220402.export.CSV.zip: 4.5 MB
  downloading 20220403.export.CSV.zip: 4.0 MB
[done 1,198/2,805] 20220329.export.CSV.zip: kept 110 row(s)
[queued 1,204/2,805; selected 4,981] 20220404.export.CSV.zip
  downloading 20220404.export.CSV.zip: 6.8 MB
[done 1,199/2,805] 20220331.export.CSV.zip: kept 108 row(s)
[queued 1,205/2,805; selected 4,981] 20220405.export.CSV.zip
  downloading 20220405.export.CSV.zip: 7.7 MB
[done 1,200/2,805] 20220401.export.CSV.zip: kept 99 row(s)
[queued 1,206/2,805; selected 4,981] 20220406.export.CSV.zip
  downloading 20220406.export.CSV.zip: 8.0 MB
[done 1,201/2,805] 20220402.export.CSV.zip: kept 68 row(s)
[queued 1,207/2,805; selected 4,981] 20220407.export.CSV.zip
[done 1,202/2,805] 20220403.export.CSV.zip: kept 67 row(s)
[queued 1,208/2,805; selected 4,981] 20220408.export.CSV.zip
  downloading 20220407.export.CSV.zip: 8.1 MB
  downloading 20220408.export.CSV.zip: 7.5 MB
[done 1,203/2,805] 20220330.export.CSV.zip: kept 100 row(s)
[queued 1,209/2,805; selected 4,981] 20220409.export.CSV.zip
  downloading 20220409.export.CSV.zip: 4.4 MB
[done 1,204/2,805] 20220405.export.CSV.zip: kept 84 row(s)
[queued 1,210/2,805; selected 4,981] 20220410.export.CSV.zip
  downloading 20220410.export.CSV.zip: 3.8 MB
[done 1,205/2,805] 20220408.export.CSV.zip: kept 77 row(s)
[queued 1,211/2,805; selected 4,981] 20220411.export.CSV.zip
  downloading 20220411.export.CSV.zip: 7.0 MB
[done 1,206/2,805] 20220404.export.CSV.zip: kept 102 row(s)
[queued 1,212/2,805; selected 4,981] 20220412.export.CSV.zip
[done 1,207/2,805] 20220407.export.CSV.zip: kept 91 row(s)
[queued 1,213/2,805; selected 4,981] 20220413.export.CSV.zip
  downloading 20220412.export.CSV.zip: 7.6 MB
  downloading 20220413.export.CSV.zip: 7.9 MB
[done 1,208/2,805] 20220410.export.CSV.zip: kept 64 row(s)
[queued 1,214/2,805; selected 4,981] 20220414.export.CSV.zip
  downloading 20220414.export.CSV.zip: 7.9 MB
[done 1,209/2,805] 20220409.export.CSV.zip: kept 66 row(s)
[queued 1,215/2,805; selected 4,981] 20220415.export.CSV.zip
  downloading 20220415.export.CSV.zip: 6.3 MB
[done 1,210/2,805] 20220412.export.CSV.zip: kept 68 row(s)
[queued 1,216/2,805; selected 4,981] 20220416.export.CSV.zip
[done 1,211/2,805] 20220406.export.CSV.zip: kept 96 row(s)
[queued 1,217/2,805; selected 4,981] 20220417.export.CSV.zip
  downloading 20220417.export.CSV.zip: 3.6 MB
  downloading 20220416.export.CSV.zip: 4.0 MB
[done 1,212/2,805] 20220413.export.CSV.zip: kept 110 row(s)
[queued 1,218/2,805; selected 4,981] 20220418.export.CSV.zip
[done 1,213/2,805] 20220414.export.CSV.zip: kept 99 row(s)
[queued 1,219/2,805; selected 4,981] 20220419.export.CSV.zip
  downloading 20220418.export.CSV.zip: 5.8 MB
  downloading 20220419.export.CSV.zip: 7.4 MB
[done 1,214/2,805] 20220411.export.CSV.zip: kept 62 row(s)
[queued 1,220/2,805; selected 4,981] 20220420.export.CSV.zip
  downloading 20220420.export.CSV.zip: 7.8 MB
[done 1,215/2,805] 20220417.export.CSV.zip: kept 74 row(s)
[queued 1,221/2,805; selected 4,981] 20220421.export.CSV.zip
  downloading 20220421.export.CSV.zip: 7.9 MB
[done 1,216/2,805] 20220419.export.CSV.zip: kept 91 row(s)
[queued 1,222/2,805; selected 4,981] 20220422.export.CSV.zip
[done 1,217/2,805] 20220416.export.CSV.zip: kept 81 row(s)
[queued 1,223/2,805; selected 4,981] 20220423.export.CSV.zip
  downloading 20220422.export.CSV.zip: 7.7 MB
  downloading 20220423.export.CSV.zip: 4.4 MB
[done 1,218/2,805] 20220418.export.CSV.zip: kept 104 row(s)
[queued 1,224/2,805; selected 4,981] 20220424.export.CSV.zip
  downloading 20220424.export.CSV.zip: 4.0 MB
[done 1,219/2,805] 20220420.export.CSV.zip: kept 102 row(s)
[queued 1,225/2,805; selected 4,981] 20220425.export.CSV.zip
  downloading 20220425.export.CSV.zip: 6.9 MB
[done 1,220/2,805] 20220415.export.CSV.zip: kept 69 row(s)
[queued 1,226/2,805; selected 4,981] 20220426.export.CSV.zip
  downloading 20220426.export.CSV.zip: 7.8 MB
[done 1,221/2,805] 20220424.export.CSV.zip: kept 80 row(s)
[queued 1,227/2,805; selected 4,981] 20220427.export.CSV.zip
  downloading 20220427.export.CSV.zip: 8.2 MB
[done 1,222/2,805] 20220421.export.CSV.zip: kept 100 row(s)
[queued 1,228/2,805; selected 4,981] 20220428.export.CSV.zip
  downloading 20220428.export.CSV.zip: 8.1 MB
[done 1,223/2,805] 20220423.export.CSV.zip: kept 54 row(s)
[queued 1,229/2,805; selected 4,981] 20220429.export.CSV.zip
  downloading 20220429.export.CSV.zip: 7.6 MB
[done 1,224/2,805] 20220425.export.CSV.zip: kept 110 row(s)
[queued 1,230/2,805; selected 4,981] 20220430.export.CSV.zip
  downloading 20220430.export.CSV.zip: 4.2 MB
[done 1,225/2,805] 20220426.export.CSV.zip: kept 87 row(s)
[queued 1,231/2,805; selected 4,981] 20220501.export.CSV.zip
  downloading 20220501.export.CSV.zip: 3.9 MB
[done 1,226/2,805] 20220428.export.CSV.zip: kept 85 row(s)
[queued 1,232/2,805; selected 4,981] 20220502.export.CSV.zip
  downloading 20220502.export.CSV.zip: 6.2 MB
[done 1,227/2,805] 20220422.export.CSV.zip: kept 95 row(s)
[queued 1,233/2,805; selected 4,981] 20220503.export.CSV.zip
  downloading 20220503.export.CSV.zip: 7.3 MB
[done 1,228/2,805] 20220430.export.CSV.zip: kept 66 row(s)
[queued 1,234/2,805; selected 4,981] 20220504.export.CSV.zip
  downloading 20220504.export.CSV.zip: 7.7 MB
[done 1,229/2,805] 20220427.export.CSV.zip: kept 113 row(s)
[queued 1,235/2,805; selected 4,981] 20220505.export.CSV.zip
  downloading 20220505.export.CSV.zip: 7.8 MB
[done 1,230/2,805] 20220501.export.CSV.zip: kept 73 row(s)
[queued 1,236/2,805; selected 4,981] 20220506.export.CSV.zip
  downloading 20220506.export.CSV.zip: 7.4 MB
[done 1,231/2,805] 20220502.export.CSV.zip: kept 77 row(s)
[queued 1,237/2,805; selected 4,981] 20220507.export.CSV.zip
[done 1,232/2,805] 20220429.export.CSV.zip: kept 84 row(s)
[queued 1,238/2,805; selected 4,981] 20220508.export.CSV.zip
  downloading 20220507.export.CSV.zip: 4.4 MB
  downloading 20220508.export.CSV.zip: 4.0 MB
[done 1,233/2,805] 20220504.export.CSV.zip: kept 85 row(s)
[queued 1,239/2,805; selected 4,981] 20220509.export.CSV.zip
  downloading 20220509.export.CSV.zip: 7.0 MB
[done 1,234/2,805] 20220505.export.CSV.zip: kept 89 row(s)
[queued 1,240/2,805; selected 4,981] 20220510.export.CSV.zip
  downloading 20220510.export.CSV.zip: 7.7 MB
[done 1,235/2,805] 20220507.export.CSV.zip: kept 72 row(s)
[queued 1,241/2,805; selected 4,981] 20220511.export.CSV.zip
  downloading 20220511.export.CSV.zip: 8.1 MB
[done 1,236/2,805] 20220503.export.CSV.zip: kept 79 row(s)
[queued 1,242/2,805; selected 4,981] 20220512.export.CSV.zip
  downloading 20220512.export.CSV.zip: 8.0 MB
[done 1,237/2,805] 20220508.export.CSV.zip: kept 64 row(s)
[queued 1,243/2,805; selected 4,981] 20220513.export.CSV.zip
  downloading 20220513.export.CSV.zip: 7.6 MB
[done 1,238/2,805] 20220506.export.CSV.zip: kept 94 row(s)
[queued 1,244/2,805; selected 4,981] 20220514.export.CSV.zip
  downloading 20220514.export.CSV.zip: 4.5 MB
[done 1,239/2,805] 20220509.export.CSV.zip: kept 95 row(s)
[queued 1,245/2,805; selected 4,981] 20220515.export.CSV.zip
  downloading 20220515.export.CSV.zip: 4.0 MB
[done 1,240/2,805] 20220510.export.CSV.zip: kept 113 row(s)
[queued 1,246/2,805; selected 4,981] 20220516.export.CSV.zip
  downloading 20220516.export.CSV.zip: 7.2 MB
[done 1,241/2,805] 20220513.export.CSV.zip: kept 79 row(s)
[queued 1,247/2,805; selected 4,981] 20220517.export.CSV.zip
[done 1,242/2,805] 20220512.export.CSV.zip: kept 78 row(s)
[queued 1,248/2,805; selected 4,981] 20220518.export.CSV.zip
[done 1,243/2,805] 20220511.export.CSV.zip: kept 89 row(s)
[queued 1,249/2,805; selected 4,981] 20220519.export.CSV.zip
  downloading 20220518.export.CSV.zip: 8.2 MB
  downloading 20220519.export.CSV.zip: 7.9 MB
  downloading 20220517.export.CSV.zip: 7.9 MB
[done 1,244/2,805] 20220514.export.CSV.zip: kept 63 row(s)
[queued 1,250/2,805; selected 4,981] 20220520.export.CSV.zip
  downloading 20220520.export.CSV.zip: 7.4 MB
[done 1,245/2,805] 20220515.export.CSV.zip: kept 65 row(s)
[queued 1,251/2,805; selected 4,981] 20220521.export.CSV.zip
  downloading 20220521.export.CSV.zip: 4.5 MB
[done 1,246/2,805] 20220516.export.CSV.zip: kept 78 row(s)
[queued 1,252/2,805; selected 4,981] 20220522.export.CSV.zip
  downloading 20220522.export.CSV.zip: 4.0 MB
[done 1,247/2,805] 20220519.export.CSV.zip: kept 96 row(s)
[queued 1,253/2,805; selected 4,981] 20220523.export.CSV.zip
  downloading 20220523.export.CSV.zip: 7.0 MB
[done 1,248/2,805] 20220520.export.CSV.zip: kept 82 row(s)
[queued 1,254/2,805; selected 4,981] 20220524.export.CSV.zip
[done 1,249/2,805] 20220522.export.CSV.zip: kept 69 row(s)
[queued 1,255/2,805; selected 4,981] 20220525.export.CSV.zip
  downloading 20220524.export.CSV.zip: 8.0 MB
  downloading 20220525.export.CSV.zip: 8.7 MB
[done 1,250/2,805] 20220517.export.CSV.zip: kept 86 row(s)
[queued 1,256/2,805; selected 4,981] 20220526.export.CSV.zip
  downloading 20220526.export.CSV.zip: 8.3 MB
[done 1,251/2,805] 20220521.export.CSV.zip: kept 76 row(s)
[queued 1,257/2,805; selected 4,981] 20220527.export.CSV.zip
  downloading 20220527.export.CSV.zip: 7.3 MB
[done 1,252/2,805] 20220518.export.CSV.zip: kept 113 row(s)
[queued 1,258/2,805; selected 4,981] 20220528.export.CSV.zip
  downloading 20220528.export.CSV.zip: 4.6 MB
[done 1,253/2,805] 20220523.export.CSV.zip: kept 80 row(s)
[queued 1,259/2,805; selected 4,981] 20220529.export.CSV.zip
  downloading 20220529.export.CSV.zip: 3.9 MB
[done 1,254/2,805] 20220524.export.CSV.zip: kept 99 row(s)
[queued 1,260/2,805; selected 4,981] 20220530.export.CSV.zip
  downloading 20220530.export.CSV.zip: 5.8 MB
[done 1,255/2,805] 20220527.export.CSV.zip: kept 88 row(s)
[queued 1,261/2,805; selected 4,981] 20220531.export.CSV.zip
[done 1,256/2,805] 20220525.export.CSV.zip: kept 101 row(s)
[queued 1,262/2,805; selected 4,981] 20220601.export.CSV.zip
  downloading 20220601.export.CSV.zip: 7.7 MB
  downloading 20220531.export.CSV.zip: 7.2 MB
[done 1,257/2,805] 20220526.export.CSV.zip: kept 92 row(s)
[queued 1,263/2,805; selected 4,981] 20220602.export.CSV.zip
  downloading 20220602.export.CSV.zip: 7.7 MB
[done 1,258/2,805] 20220529.export.CSV.zip: kept 60 row(s)
[queued 1,264/2,805; selected 4,981] 20220603.export.CSV.zip
  downloading 20220603.export.CSV.zip: 6.7 MB
[done 1,259/2,805] 20220528.export.CSV.zip: kept 72 row(s)
[queued 1,265/2,805; selected 4,981] 20220604.export.CSV.zip
  downloading 20220604.export.CSV.zip: 4.1 MB
[done 1,260/2,805] 20220601.export.CSV.zip: kept 67 row(s)
[queued 1,266/2,805; selected 4,981] 20220605.export.CSV.zip
  downloading 20220605.export.CSV.zip: 3.5 MB
[done 1,261/2,805] 20220530.export.CSV.zip: kept 69 row(s)
[queued 1,267/2,805; selected 4,981] 20220606.export.CSV.zip
  downloading 20220606.export.CSV.zip: 6.4 MB
[done 1,262/2,805] 20220531.export.CSV.zip: kept 70 row(s)
[queued 1,268/2,805; selected 4,981] 20220607.export.CSV.zip
  downloading 20220607.export.CSV.zip: 7.4 MB
[done 1,263/2,805] 20220602.export.CSV.zip: kept 107 row(s)
[queued 1,269/2,805; selected 4,981] 20220608.export.CSV.zip
  downloading 20220608.export.CSV.zip: 7.7 MB
[done 1,264/2,805] 20220603.export.CSV.zip: kept 115 row(s)
[queued 1,270/2,805; selected 4,981] 20220609.export.CSV.zip
  downloading 20220609.export.CSV.zip: 7.6 MB
[done 1,265/2,805] 20220604.export.CSV.zip: kept 93 row(s)
[queued 1,271/2,805; selected 4,981] 20220610.export.CSV.zip
  downloading 20220610.export.CSV.zip: 7.1 MB
[done 1,266/2,805] 20220605.export.CSV.zip: kept 105 row(s)
[queued 1,272/2,805; selected 4,981] 20220611.export.CSV.zip
  downloading 20220611.export.CSV.zip: 4.2 MB
[done 1,267/2,805] 20220606.export.CSV.zip: kept 68 row(s)
[queued 1,273/2,805; selected 4,981] 20220612.export.CSV.zip
  downloading 20220612.export.CSV.zip: 3.7 MB
[done 1,268/2,805] 20220607.export.CSV.zip: kept 96 row(s)
[queued 1,274/2,805; selected 4,981] 20220613.export.CSV.zip
  downloading 20220613.export.CSV.zip: 6.5 MB
[done 1,269/2,805] 20220608.export.CSV.zip: kept 91 row(s)
[queued 1,275/2,805; selected 4,981] 20220614.export.CSV.zip
  downloading 20220614.export.CSV.zip: 7.5 MB
[done 1,270/2,805] 20220612.export.CSV.zip: kept 84 row(s)
[queued 1,276/2,805; selected 4,981] 20220615.export.CSV.zip
[done 1,271/2,805] 20220611.export.CSV.zip: kept 74 row(s)
[queued 1,277/2,805; selected 4,981] 20220616.export.CSV.zip
  downloading 20220615.export.CSV.zip: 7.8 MB
  downloading 20220616.export.CSV.zip: 7.6 MB
[done 1,272/2,805] 20220610.export.CSV.zip: kept 102 row(s)
[queued 1,278/2,805; selected 4,981] 20220617.export.CSV.zip
[done 1,273/2,805] 20220609.export.CSV.zip: kept 82 row(s)
[queued 1,279/2,805; selected 4,981] 20220618.export.CSV.zip
  downloading 20220617.export.CSV.zip: 7.1 MB
  downloading 20220618.export.CSV.zip: 4.0 MB
[done 1,274/2,805] 20220616.export.CSV.zip: kept 118 row(s)
[queued 1,280/2,805; selected 4,981] 20220619.export.CSV.zip
  downloading 20220619.export.CSV.zip: 3.5 MB
[done 1,275/2,805] 20220613.export.CSV.zip: kept 89 row(s)
[queued 1,281/2,805; selected 4,981] 20220620.export.CSV.zip
  downloading 20220620.export.CSV.zip: 5.9 MB
[done 1,276/2,805] 20220614.export.CSV.zip: kept 116 row(s)
[queued 1,282/2,805; selected 4,981] 20220621.export.CSV.zip
  downloading 20220621.export.CSV.zip: 6.9 MB
[done 1,277/2,805] 20220618.export.CSV.zip: kept 78 row(s)
[queued 1,283/2,805; selected 4,981] 20220622.export.CSV.zip
[done 1,278/2,805] 20220617.export.CSV.zip: kept 94 row(s)
[queued 1,284/2,805; selected 4,981] 20220623.export.CSV.zip
  downloading 20220622.export.CSV.zip: 7.6 MB
[done 1,279/2,805] 20220619.export.CSV.zip: kept 74 row(s)
[queued 1,285/2,805; selected 4,981] 20220624.export.CSV.zip
  downloading 20220623.export.CSV.zip: 7.6 MB
  downloading 20220624.export.CSV.zip: 7.3 MB
[done 1,280/2,805] 20220620.export.CSV.zip: kept 118 row(s)
[queued 1,286/2,805; selected 4,981] 20220625.export.CSV.zip
[done 1,281/2,805] 20220615.export.CSV.zip: kept 115 row(s)
  downloading 20220625.export.CSV.zip: 4.5 MB
[queued 1,287/2,805; selected 4,981] 20220626.export.CSV.zip
  downloading 20220626.export.CSV.zip: 3.9 MB
[done 1,282/2,805] 20220622.export.CSV.zip: kept 93 row(s)
[queued 1,288/2,805; selected 4,981] 20220627.export.CSV.zip
  downloading 20220627.export.CSV.zip: 6.7 MB
[done 1,283/2,805] 20220621.export.CSV.zip: kept 118 row(s)
[queued 1,289/2,805; selected 4,981] 20220628.export.CSV.zip
  downloading 20220628.export.CSV.zip: 7.8 MB
[done 1,284/2,805] 20220623.export.CSV.zip: kept 71 row(s)
[queued 1,290/2,805; selected 4,981] 20220629.export.CSV.zip
[done 1,285/2,805] 20220625.export.CSV.zip: kept 58 row(s)
[queued 1,291/2,805; selected 4,981] 20220630.export.CSV.zip
  downloading 20220629.export.CSV.zip: 8.0 MB
  downloading 20220630.export.CSV.zip: 8.0 MB
[done 1,286/2,805] 20220626.export.CSV.zip: kept 68 row(s)
[queued 1,292/2,805; selected 4,981] 20220701.export.CSV.zip
[done 1,287/2,805] 20220624.export.CSV.zip: kept 85 row(s)
[queued 1,293/2,805; selected 4,981] 20220702.export.CSV.zip
  downloading 20220701.export.CSV.zip: 6.8 MB
  downloading 20220702.export.CSV.zip: 3.9 MB
[done 1,288/2,805] 20220627.export.CSV.zip: kept 95 row(s)
[queued 1,294/2,805; selected 4,981] 20220703.export.CSV.zip
  downloading 20220703.export.CSV.zip: 3.4 MB
[done 1,289/2,805] 20220701.export.CSV.zip: kept 72 row(s)
[queued 1,295/2,805; selected 4,981] 20220704.export.CSV.zip
[done 1,290/2,805] 20220702.export.CSV.zip: kept 61 row(s)
[queued 1,296/2,805; selected 4,981] 20220705.export.CSV.zip
  downloading 20220704.export.CSV.zip: 5.0 MB
  downloading 20220705.export.CSV.zip: 6.6 MB
[done 1,291/2,805] 20220628.export.CSV.zip: kept 106 row(s)
[queued 1,297/2,805; selected 4,981] 20220706.export.CSV.zip
  downloading 20220706.export.CSV.zip: 7.1 MB
[done 1,292/2,805] 20220629.export.CSV.zip: kept 67 row(s)
[queued 1,298/2,805; selected 4,981] 20220707.export.CSV.zip
[done 1,293/2,805] 20220630.export.CSV.zip: kept 82 row(s)
[queued 1,299/2,805; selected 4,981] 20220708.export.CSV.zip
  downloading 20220707.export.CSV.zip: 7.5 MB
[done 1,294/2,805] 20220703.export.CSV.zip: kept 74 row(s)
[queued 1,300/2,805; selected 4,981] 20220709.export.CSV.zip
  downloading 20220708.export.CSV.zip: 7.0 MB
  downloading 20220709.export.CSV.zip: 4.0 MB
[done 1,295/2,805] 20220705.export.CSV.zip: kept 91 row(s)
[queued 1,301/2,805; selected 4,981] 20220710.export.CSV.zip
  downloading 20220710.export.CSV.zip: 3.5 MB
[done 1,296/2,805] 20220704.export.CSV.zip: kept 85 row(s)
[queued 1,302/2,805; selected 4,981] 20220711.export.CSV.zip
  downloading 20220711.export.CSV.zip: 5.9 MB
[done 1,297/2,805] 20220706.export.CSV.zip: kept 123 row(s)
[queued 1,303/2,805; selected 4,981] 20220712.export.CSV.zip
[done 1,298/2,805] 20220709.export.CSV.zip: kept 78 row(s)
[queued 1,304/2,805; selected 4,981] 20220713.export.CSV.zip
  downloading 20220712.export.CSV.zip: 6.8 MB
  downloading 20220713.export.CSV.zip: 7.3 MB
[done 1,299/2,805] 20220708.export.CSV.zip: kept 129 row(s)
[queued 1,305/2,805; selected 4,981] 20220714.export.CSV.zip
[done 1,300/2,805] 20220710.export.CSV.zip: kept 68 row(s)
[queued 1,306/2,805; selected 4,981] 20220715.export.CSV.zip
  downloading 20220714.export.CSV.zip: 7.4 MB
  downloading 20220715.export.CSV.zip: 6.9 MB
[done 1,301/2,805] 20220707.export.CSV.zip: kept 108 row(s)
[queued 1,307/2,805; selected 4,981] 20220716.export.CSV.zip
  downloading 20220716.export.CSV.zip: 4.1 MB
[done 1,302/2,805] 20220711.export.CSV.zip: kept 65 row(s)
[queued 1,308/2,805; selected 4,981] 20220717.export.CSV.zip
  downloading 20220717.export.CSV.zip: 3.4 MB
[done 1,303/2,805] 20220713.export.CSV.zip: kept 85 row(s)
[queued 1,309/2,805; selected 4,981] 20220718.export.CSV.zip
  downloading 20220718.export.CSV.zip: 6.1 MB
[done 1,304/2,805] 20220712.export.CSV.zip: kept 82 row(s)
[queued 1,310/2,805; selected 4,981] 20220719.export.CSV.zip
  downloading 20220719.export.CSV.zip: 7.3 MB
[done 1,305/2,805] 20220715.export.CSV.zip: kept 74 row(s)
[queued 1,311/2,805; selected 4,981] 20220720.export.CSV.zip
  downloading 20220720.export.CSV.zip: 7.2 MB
[done 1,306/2,805] 20220717.export.CSV.zip: kept 53 row(s)
[queued 1,312/2,805; selected 4,981] 20220721.export.CSV.zip
[done 1,307/2,805] 20220716.export.CSV.zip: kept 73 row(s)
[queued 1,313/2,805; selected 4,981] 20220722.export.CSV.zip
  downloading 20220721.export.CSV.zip: 7.3 MB
  downloading 20220722.export.CSV.zip: 6.7 MB
[done 1,308/2,805] 20220719.export.CSV.zip: kept 81 row(s)
[queued 1,314/2,805; selected 4,981] 20220723.export.CSV.zip
  downloading 20220723.export.CSV.zip: 3.9 MB
[done 1,309/2,805] 20220718.export.CSV.zip: kept 75 row(s)
[queued 1,315/2,805; selected 4,981] 20220724.export.CSV.zip
  downloading 20220724.export.CSV.zip: 3.5 MB
[done 1,310/2,805] 20220720.export.CSV.zip: kept 112 row(s)
[queued 1,316/2,805; selected 4,981] 20220725.export.CSV.zip
[done 1,311/2,805] 20220721.export.CSV.zip: kept 113 row(s)
[done 1,312/2,805] 20220714.export.CSV.zip: kept 83 row(s)
[queued 1,317/2,805; selected 4,981] 20220726.export.CSV.zip
[queued 1,318/2,805; selected 4,981] 20220727.export.CSV.zip
  downloading 20220725.export.CSV.zip: 6.2 MB
  downloading 20220726.export.CSV.zip: 6.8 MB
  downloading 20220727.export.CSV.zip: 7.1 MB
[done 1,313/2,805] 20220723.export.CSV.zip: kept 82 row(s)
[queued 1,319/2,805; selected 4,981] 20220728.export.CSV.zip
  downloading 20220728.export.CSV.zip: 7.0 MB
[done 1,314/2,805] 20220722.export.CSV.zip: kept 100 row(s)
[queued 1,320/2,805; selected 4,981] 20220729.export.CSV.zip
  downloading 20220729.export.CSV.zip: 6.6 MB
[done 1,315/2,805] 20220724.export.CSV.zip: kept 63 row(s)
[queued 1,321/2,805; selected 4,981] 20220730.export.CSV.zip
  downloading 20220730.export.CSV.zip: 4.0 MB
[done 1,316/2,805] 20220725.export.CSV.zip: kept 79 row(s)
[queued 1,322/2,805; selected 4,981] 20220731.export.CSV.zip
[done 1,317/2,805] 20220728.export.CSV.zip: kept 75 row(s)
[queued 1,323/2,805; selected 4,981] 20220801.export.CSV.zip
[done 1,318/2,805] 20220726.export.CSV.zip: kept 75 row(s)
[queued 1,324/2,805; selected 4,981] 20220802.export.CSV.zip
  downloading 20220731.export.CSV.zip: 3.3 MB
  downloading 20220801.export.CSV.zip: 6.0 MB
  downloading 20220802.export.CSV.zip: 7.2 MB
[done 1,319/2,805] 20220727.export.CSV.zip: kept 92 row(s)
[queued 1,325/2,805; selected 4,981] 20220803.export.CSV.zip
[done 1,320/2,805] 20220729.export.CSV.zip: kept 76 row(s)
[queued 1,326/2,805; selected 4,981] 20220804.export.CSV.zip
  downloading 20220803.export.CSV.zip: 7.4 MB
  downloading 20220804.export.CSV.zip: 7.4 MB
[done 1,321/2,805] 20220731.export.CSV.zip: kept 59 row(s)
[queued 1,327/2,805; selected 4,981] 20220805.export.CSV.zip
  downloading 20220805.export.CSV.zip: 6.7 MB
[done 1,322/2,805] 20220730.export.CSV.zip: kept 68 row(s)
[queued 1,328/2,805; selected 4,981] 20220806.export.CSV.zip
  downloading 20220806.export.CSV.zip: 4.0 MB
[done 1,323/2,805] 20220802.export.CSV.zip: kept 71 row(s)
[queued 1,329/2,805; selected 4,981] 20220807.export.CSV.zip
  downloading 20220807.export.CSV.zip: 3.5 MB
[done 1,324/2,805] 20220803.export.CSV.zip: kept 82 row(s)
[queued 1,330/2,805; selected 4,981] 20220808.export.CSV.zip
  downloading 20220808.export.CSV.zip: 5.9 MB
[done 1,325/2,805] 20220805.export.CSV.zip: kept 77 row(s)
[queued 1,331/2,805; selected 4,981] 20220809.export.CSV.zip
  downloading 20220809.export.CSV.zip: 6.7 MB
[done 1,326/2,805] 20220806.export.CSV.zip: kept 71 row(s)
[queued 1,332/2,805; selected 4,981] 20220810.export.CSV.zip
  downloading 20220810.export.CSV.zip: 6.9 MB
[done 1,327/2,805] 20220801.export.CSV.zip: kept 64 row(s)
[queued 1,333/2,805; selected 4,981] 20220811.export.CSV.zip
[done 1,328/2,805] 20220804.export.CSV.zip: kept 96 row(s)
[queued 1,334/2,805; selected 4,981] 20220812.export.CSV.zip
  downloading 20220812.export.CSV.zip: 6.3 MB
[done 1,329/2,805] 20220807.export.CSV.zip: kept 63 row(s)
  downloading 20220811.export.CSV.zip: 6.7 MB
[queued 1,335/2,805; selected 4,981] 20220813.export.CSV.zip
[done 1,330/2,805] 20220808.export.CSV.zip: kept 59 row(s)
[queued 1,336/2,805; selected 4,981] 20220814.export.CSV.zip
  downloading 20220813.export.CSV.zip: 3.5 MB
  downloading 20220814.export.CSV.zip: 3.2 MB
[done 1,331/2,805] 20220809.export.CSV.zip: kept 90 row(s)
[queued 1,337/2,805; selected 4,981] 20220815.export.CSV.zip
  downloading 20220815.export.CSV.zip: 5.6 MB
[done 1,332/2,805] 20220812.export.CSV.zip: kept 65 row(s)
[queued 1,338/2,805; selected 4,981] 20220816.export.CSV.zip
[done 1,333/2,805] 20220814.export.CSV.zip: kept 57 row(s)
[queued 1,339/2,805; selected 4,981] 20220817.export.CSV.zip
  downloading 20220816.export.CSV.zip: 6.4 MB
  downloading 20220817.export.CSV.zip: 6.8 MB
[done 1,334/2,805] 20220810.export.CSV.zip: kept 76 row(s)
[queued 1,340/2,805; selected 4,981] 20220818.export.CSV.zip
  downloading 20220818.export.CSV.zip: 6.9 MB
[done 1,335/2,805] 20220813.export.CSV.zip: kept 69 row(s)
[queued 1,341/2,805; selected 4,981] 20220819.export.CSV.zip
  downloading 20220819.export.CSV.zip: 6.4 MB
[done 1,336/2,805] 20220815.export.CSV.zip: kept 71 row(s)
[queued 1,342/2,805; selected 4,981] 20220820.export.CSV.zip
  downloading 20220820.export.CSV.zip: 3.6 MB
[done 1,337/2,805] 20220811.export.CSV.zip: kept 84 row(s)
[queued 1,343/2,805; selected 4,981] 20220821.export.CSV.zip
  downloading 20220821.export.CSV.zip: 3.2 MB
[done 1,338/2,805] 20220816.export.CSV.zip: kept 90 row(s)
[queued 1,344/2,805; selected 4,981] 20220822.export.CSV.zip
  downloading 20220822.export.CSV.zip: 5.8 MB
[done 1,339/2,805] 20220818.export.CSV.zip: kept 80 row(s)
[queued 1,345/2,805; selected 4,981] 20220823.export.CSV.zip
[done 1,340/2,805] 20220819.export.CSV.zip: kept 88 row(s)
[queued 1,346/2,805; selected 4,981] 20220824.export.CSV.zip
  downloading 20220823.export.CSV.zip: 6.7 MB
  downloading 20220824.export.CSV.zip: 6.8 MB
[done 1,341/2,805] 20220820.export.CSV.zip: kept 93 row(s)
[queued 1,347/2,805; selected 4,981] 20220825.export.CSV.zip
  downloading 20220825.export.CSV.zip: 6.8 MB
[done 1,342/2,805] 20220817.export.CSV.zip: kept 88 row(s)
[queued 1,348/2,805; selected 4,981] 20220826.export.CSV.zip
[done 1,343/2,805] 20220821.export.CSV.zip: kept 60 row(s)
[queued 1,349/2,805; selected 4,981] 20220827.export.CSV.zip
  downloading 20220826.export.CSV.zip: 6.2 MB
  downloading 20220827.export.CSV.zip: 3.6 MB
[done 1,344/2,805] 20220823.export.CSV.zip: kept 88 row(s)
[queued 1,350/2,805; selected 4,981] 20220828.export.CSV.zip
  downloading 20220828.export.CSV.zip: 3.1 MB
[done 1,345/2,805] 20220822.export.CSV.zip: kept 85 row(s)
[queued 1,351/2,805; selected 4,981] 20220829.export.CSV.zip
[done 1,346/2,805] 20220824.export.CSV.zip: kept 70 row(s)
[queued 1,352/2,805; selected 4,981] 20220830.export.CSV.zip
  downloading 20220830.export.CSV.zip: 6.6 MB
  downloading 20220829.export.CSV.zip: 5.4 MB
[done 1,347/2,805] 20220825.export.CSV.zip: kept 89 row(s)
[queued 1,353/2,805; selected 4,981] 20220831.export.CSV.zip
  downloading 20220831.export.CSV.zip: 6.8 MB
[done 1,348/2,805] 20220827.export.CSV.zip: kept 70 row(s)
[queued 1,354/2,805; selected 4,981] 20220901.export.CSV.zip
  downloading 20220901.export.CSV.zip: 6.8 MB
[done 1,349/2,805] 20220828.export.CSV.zip: kept 61 row(s)
[queued 1,355/2,805; selected 4,981] 20220902.export.CSV.zip
  downloading 20220902.export.CSV.zip: 6.1 MB
[done 1,350/2,805] 20220831.export.CSV.zip: kept 71 row(s)
[queued 1,356/2,805; selected 4,981] 20220903.export.CSV.zip
[done 1,351/2,805] 20220826.export.CSV.zip: kept 79 row(s)
[queued 1,357/2,805; selected 4,981] 20220904.export.CSV.zip
  downloading 20220903.export.CSV.zip: 3.5 MB
  downloading 20220904.export.CSV.zip: 3.2 MB
[done 1,352/2,805] 20220829.export.CSV.zip: kept 75 row(s)
[queued 1,358/2,805; selected 4,981] 20220905.export.CSV.zip
  downloading 20220905.export.CSV.zip: 4.8 MB
[done 1,353/2,805] 20220901.export.CSV.zip: kept 77 row(s)
[queued 1,359/2,805; selected 4,981] 20220906.export.CSV.zip
  downloading 20220906.export.CSV.zip: 6.3 MB
[done 1,354/2,805] 20220904.export.CSV.zip: kept 63 row(s)
[queued 1,360/2,805; selected 4,981] 20220907.export.CSV.zip
[done 1,355/2,805] 20220903.export.CSV.zip: kept 71 row(s)
[queued 1,361/2,805; selected 4,981] 20220908.export.CSV.zip
  downloading 20220907.export.CSV.zip: 7.0 MB
  downloading 20220908.export.CSV.zip: 7.6 MB
[done 1,356/2,805] 20220905.export.CSV.zip: kept 77 row(s)
[queued 1,362/2,805; selected 4,981] 20220909.export.CSV.zip
  downloading 20220909.export.CSV.zip: 6.9 MB
[done 1,357/2,805] 20220830.export.CSV.zip: kept 85 row(s)
[queued 1,363/2,805; selected 4,981] 20220910.export.CSV.zip
  downloading 20220910.export.CSV.zip: 3.9 MB
[done 1,358/2,805] 20220906.export.CSV.zip: kept 84 row(s)
[queued 1,364/2,805; selected 4,981] 20220911.export.CSV.zip
  downloading 20220911.export.CSV.zip: 3.4 MB
[done 1,359/2,805] 20220902.export.CSV.zip: kept 67 row(s)
[queued 1,365/2,805; selected 4,981] 20220912.export.CSV.zip
  downloading 20220912.export.CSV.zip: 6.1 MB
[done 1,360/2,805] 20220907.export.CSV.zip: kept 93 row(s)
[queued 1,366/2,805; selected 4,981] 20220913.export.CSV.zip
  downloading 20220913.export.CSV.zip: 7.1 MB
[done 1,361/2,805] 20220910.export.CSV.zip: kept 76 row(s)
[queued 1,367/2,805; selected 4,981] 20220914.export.CSV.zip
  downloading 20220914.export.CSV.zip: 7.3 MB
[done 1,362/2,805] 20220911.export.CSV.zip: kept 66 row(s)
[queued 1,368/2,805; selected 4,981] 20220915.export.CSV.zip
[done 1,363/2,805] 20220908.export.CSV.zip: kept 76 row(s)
[queued 1,369/2,805; selected 4,981] 20220916.export.CSV.zip
  downloading 20220915.export.CSV.zip: 7.7 MB
  downloading 20220916.export.CSV.zip: 7.1 MB
[done 1,364/2,805] 20220909.export.CSV.zip: kept 72 row(s)
[queued 1,370/2,805; selected 4,981] 20220917.export.CSV.zip
  downloading 20220917.export.CSV.zip: 4.2 MB
[done 1,365/2,805] 20220912.export.CSV.zip: kept 86 row(s)
[queued 1,371/2,805; selected 4,981] 20220918.export.CSV.zip
  downloading 20220918.export.CSV.zip: 3.6 MB
[done 1,366/2,805] 20220916.export.CSV.zip: kept 95 row(s)
[queued 1,372/2,805; selected 4,981] 20220919.export.CSV.zip
  downloading 20220919.export.CSV.zip: 6.2 MB
[done 1,367/2,805] 20220913.export.CSV.zip: kept 82 row(s)
[queued 1,373/2,805; selected 4,981] 20220920.export.CSV.zip
[done 1,368/2,805] 20220917.export.CSV.zip: kept 60 row(s)
[queued 1,374/2,805; selected 4,981] 20220921.export.CSV.zip
  downloading 20220920.export.CSV.zip: 7.2 MB
  downloading 20220921.export.CSV.zip: 7.4 MB
[done 1,369/2,805] 20220914.export.CSV.zip: kept 72 row(s)
[queued 1,375/2,805; selected 4,981] 20220922.export.CSV.zip
  downloading 20220922.export.CSV.zip: 7.4 MB
[done 1,370/2,805] 20220915.export.CSV.zip: kept 95 row(s)
[queued 1,376/2,805; selected 4,981] 20220923.export.CSV.zip
  downloading 20220923.export.CSV.zip: 6.8 MB
[done 1,371/2,805] 20220918.export.CSV.zip: kept 69 row(s)
[queued 1,377/2,805; selected 4,981] 20220924.export.CSV.zip
  downloading 20220924.export.CSV.zip: 4.0 MB
[done 1,372/2,805] 20220920.export.CSV.zip: kept 76 row(s)
[queued 1,378/2,805; selected 4,981] 20220925.export.CSV.zip
  downloading 20220925.export.CSV.zip: 3.5 MB
[done 1,373/2,805] 20220921.export.CSV.zip: kept 96 row(s)
[queued 1,379/2,805; selected 4,981] 20220926.export.CSV.zip
  downloading 20220926.export.CSV.zip: 6.0 MB
[done 1,374/2,805] 20220922.export.CSV.zip: kept 86 row(s)
[queued 1,380/2,805; selected 4,981] 20220927.export.CSV.zip
  downloading 20220927.export.CSV.zip: 6.8 MB
[done 1,375/2,805] 20220919.export.CSV.zip: kept 68 row(s)
[queued 1,381/2,805; selected 4,981] 20220928.export.CSV.zip
  downloading 20220928.export.CSV.zip: 7.0 MB
[done 1,376/2,805] 20220925.export.CSV.zip: kept 70 row(s)
[queued 1,382/2,805; selected 4,981] 20220929.export.CSV.zip
  downloading 20220929.export.CSV.zip: 7.2 MB
[done 1,377/2,805] 20220923.export.CSV.zip: kept 60 row(s)
[queued 1,383/2,805; selected 4,981] 20220930.export.CSV.zip
  downloading 20220930.export.CSV.zip: 6.7 MB
[done 1,378/2,805] 20220924.export.CSV.zip: kept 66 row(s)
[queued 1,384/2,805; selected 4,981] 20221001.export.CSV.zip
  downloading 20221001.export.CSV.zip: 4.0 MB
[done 1,379/2,805] 20220926.export.CSV.zip: kept 78 row(s)
[queued 1,385/2,805; selected 4,981] 20221002.export.CSV.zip
  downloading 20221002.export.CSV.zip: 3.3 MB
[done 1,380/2,805] 20220929.export.CSV.zip: kept 94 row(s)
[queued 1,386/2,805; selected 4,981] 20221003.export.CSV.zip
  downloading 20221003.export.CSV.zip: 6.0 MB
[done 1,381/2,805] 20220930.export.CSV.zip: kept 60 row(s)
[queued 1,387/2,805; selected 4,981] 20221004.export.CSV.zip
  downloading 20221004.export.CSV.zip: 7.0 MB
[done 1,382/2,805] 20221001.export.CSV.zip: kept 62 row(s)
[queued 1,388/2,805; selected 4,981] 20221005.export.CSV.zip
  downloading 20221005.export.CSV.zip: 7.1 MB
[done 1,383/2,805] 20220928.export.CSV.zip: kept 93 row(s)
[queued 1,389/2,805; selected 4,981] 20221006.export.CSV.zip
[done 1,384/2,805] 20220927.export.CSV.zip: kept 84 row(s)
[queued 1,390/2,805; selected 4,981] 20221007.export.CSV.zip
  downloading 20221006.export.CSV.zip: 7.3 MB
  downloading 20221007.export.CSV.zip: 6.9 MB
[done 1,385/2,805] 20221002.export.CSV.zip: kept 54 row(s)
[queued 1,391/2,805; selected 4,981] 20221008.export.CSV.zip
  downloading 20221008.export.CSV.zip: 3.8 MB
[done 1,386/2,805] 20221005.export.CSV.zip: kept 92 row(s)
[queued 1,392/2,805; selected 4,981] 20221009.export.CSV.zip
  downloading 20221009.export.CSV.zip: 3.3 MB
[done 1,387/2,805] 20221006.export.CSV.zip: kept 81 row(s)
[queued 1,393/2,805; selected 4,981] 20221010.export.CSV.zip
  downloading 20221010.export.CSV.zip: 5.9 MB
[done 1,388/2,805] 20221003.export.CSV.zip: kept 81 row(s)
[queued 1,394/2,805; selected 4,981] 20221011.export.CSV.zip
  downloading 20221011.export.CSV.zip: 7.0 MB
[done 1,389/2,805] 20221008.export.CSV.zip: kept 71 row(s)
[queued 1,395/2,805; selected 4,981] 20221012.export.CSV.zip
  downloading 20221012.export.CSV.zip: 7.1 MB
[done 1,390/2,805] 20221009.export.CSV.zip: kept 59 row(s)
[queued 1,396/2,805; selected 4,981] 20221013.export.CSV.zip
  downloading 20221013.export.CSV.zip: 7.0 MB
[done 1,391/2,805] 20221007.export.CSV.zip: kept 65 row(s)
[queued 1,397/2,805; selected 4,981] 20221014.export.CSV.zip
  downloading 20221014.export.CSV.zip: 6.6 MB
[done 1,392/2,805] 20221010.export.CSV.zip: kept 73 row(s)
[queued 1,398/2,805; selected 4,981] 20221015.export.CSV.zip
  downloading 20221015.export.CSV.zip: 3.8 MB
[done 1,393/2,805] 20221004.export.CSV.zip: kept 73 row(s)
[queued 1,399/2,805; selected 4,981] 20221016.export.CSV.zip
  downloading 20221016.export.CSV.zip: 3.2 MB
[done 1,394/2,805] 20221011.export.CSV.zip: kept 74 row(s)
[queued 1,400/2,805; selected 4,981] 20221017.export.CSV.zip
  downloading 20221017.export.CSV.zip: 5.9 MB
[done 1,395/2,805] 20221013.export.CSV.zip: kept 73 row(s)
[queued 1,401/2,805; selected 4,981] 20221018.export.CSV.zip
[done 1,396/2,805] 20221015.export.CSV.zip: kept 57 row(s)
[queued 1,402/2,805; selected 4,981] 20221019.export.CSV.zip
  downloading 20221018.export.CSV.zip: 6.8 MB
  downloading 20221019.export.CSV.zip: 7.0 MB
[done 1,397/2,805] 20221016.export.CSV.zip: kept 55 row(s)
[queued 1,403/2,805; selected 4,981] 20221020.export.CSV.zip
  downloading 20221020.export.CSV.zip: 7.2 MB
[done 1,398/2,805] 20221017.export.CSV.zip: kept 80 row(s)
[queued 1,404/2,805; selected 4,981] 20221021.export.CSV.zip
  downloading 20221021.export.CSV.zip: 6.6 MB
[done 1,399/2,805] 20221012.export.CSV.zip: kept 76 row(s)
[queued 1,405/2,805; selected 4,981] 20221022.export.CSV.zip
  downloading 20221022.export.CSV.zip: 3.7 MB
[done 1,400/2,805] 20221018.export.CSV.zip: kept 93 row(s)
[queued 1,406/2,805; selected 4,981] 20221023.export.CSV.zip
[done 1,401/2,805] 20221019.export.CSV.zip: kept 71 row(s)
[queued 1,407/2,805; selected 4,981] 20221024.export.CSV.zip
  downloading 20221024.export.CSV.zip: 5.5 MB
[done 1,402/2,805] 20221014.export.CSV.zip: kept 70 row(s)
[queued 1,408/2,805; selected 4,981] 20221025.export.CSV.zip
  downloading 20221023.export.CSV.zip: 3.1 MB
  downloading 20221025.export.CSV.zip: 6.6 MB
[done 1,403/2,805] 20221021.export.CSV.zip: kept 91 row(s)
[queued 1,409/2,805; selected 4,981] 20221026.export.CSV.zip
[done 1,404/2,805] 20221023.export.CSV.zip: kept 64 row(s)
  downloading 20221026.export.CSV.zip: 7.0 MB
[queued 1,410/2,805; selected 4,981] 20221027.export.CSV.zip
  downloading 20221027.export.CSV.zip: 7.1 MB
[done 1,405/2,805] 20221022.export.CSV.zip: kept 72 row(s)
[queued 1,411/2,805; selected 4,981] 20221028.export.CSV.zip
[done 1,406/2,805] 20221024.export.CSV.zip: kept 74 row(s)
[queued 1,412/2,805; selected 4,981] 20221029.export.CSV.zip
  downloading 20221028.export.CSV.zip: 6.6 MB
  downloading 20221029.export.CSV.zip: 3.6 MB
[done 1,407/2,805] 20221020.export.CSV.zip: kept 77 row(s)
[queued 1,413/2,805; selected 4,981] 20221030.export.CSV.zip
  downloading 20221030.export.CSV.zip: 3.3 MB
[done 1,408/2,805] 20221025.export.CSV.zip: kept 87 row(s)
[queued 1,414/2,805; selected 4,981] 20221031.export.CSV.zip
  downloading 20221031.export.CSV.zip: 5.8 MB
[done 1,409/2,805] 20221029.export.CSV.zip: kept 68 row(s)
[queued 1,415/2,805; selected 4,981] 20221101.export.CSV.zip
  downloading 20221101.export.CSV.zip: 6.5 MB
[done 1,410/2,805] 20221026.export.CSV.zip: kept 75 row(s)
[queued 1,416/2,805; selected 4,981] 20221102.export.CSV.zip
  downloading 20221102.export.CSV.zip: 7.0 MB
[done 1,411/2,805] 20221031.export.CSV.zip: kept 97 row(s)
[queued 1,417/2,805; selected 4,981] 20221103.export.CSV.zip
  downloading 20221103.export.CSV.zip: 7.1 MB
[done 1,412/2,805] 20221030.export.CSV.zip: kept 68 row(s)
[queued 1,418/2,805; selected 4,981] 20221104.export.CSV.zip
  downloading 20221104.export.CSV.zip: 6.7 MB
[done 1,413/2,805] 20221027.export.CSV.zip: kept 100 row(s)
[queued 1,419/2,805; selected 4,981] 20221105.export.CSV.zip
  downloading 20221105.export.CSV.zip: 3.7 MB
[done 1,414/2,805] 20221102.export.CSV.zip: kept 87 row(s)
[queued 1,420/2,805; selected 4,981] 20221106.export.CSV.zip
[done 1,415/2,805] 20221028.export.CSV.zip: kept 104 row(s)
[queued 1,421/2,805; selected 4,981] 20221107.export.CSV.zip
  downloading 20221106.export.CSV.zip: 3.0 MB
  downloading 20221107.export.CSV.zip: 5.6 MB
[done 1,416/2,805] 20221101.export.CSV.zip: kept 87 row(s)
[queued 1,422/2,805; selected 4,981] 20221108.export.CSV.zip
  downloading 20221108.export.CSV.zip: 6.4 MB
[done 1,417/2,805] 20221103.export.CSV.zip: kept 77 row(s)
[queued 1,423/2,805; selected 4,981] 20221109.export.CSV.zip
  downloading 20221109.export.CSV.zip: 7.3 MB
[done 1,418/2,805] 20221105.export.CSV.zip: kept 72 row(s)
[queued 1,424/2,805; selected 4,981] 20221110.export.CSV.zip
[done 1,419/2,805] 20221110.export.CSV.zip failed: 404 Client Error: Not Found for url: https://data.gdeltproject.org/events/20221110.export.CSV.zip
[queued 1,425/2,805; selected 4,981] 20221111.export.CSV.zip
[done 1,420/2,805] 20221106.export.CSV.zip: kept 67 row(s)
[queued 1,426/2,805; selected 4,981] 20221112.export.CSV.zip
  downloading 20221111.export.CSV.zip: 2.3 MB
  downloading 20221112.export.CSV.zip: 4.0 MB
[done 1,421/2,805] 20221108.export.CSV.zip: kept 74 row(s)
[queued 1,427/2,805; selected 4,981] 20221113.export.CSV.zip
[done 1,422/2,805] 20221104.export.CSV.zip: kept 75 row(s)
[queued 1,428/2,805; selected 4,981] 20221114.export.CSV.zip
  downloading 20221113.export.CSV.zip: 3.3 MB
  downloading 20221114.export.CSV.zip: 6.0 MB
[done 1,423/2,805] 20221107.export.CSV.zip: kept 70 row(s)
[queued 1,429/2,805; selected 4,981] 20221115.export.CSV.zip
[done 1,424/2,805] 20221111.export.CSV.zip: kept 62 row(s)
[queued 1,430/2,805; selected 4,981] 20221116.export.CSV.zip
  downloading 20221116.export.CSV.zip: 7.4 MB
  downloading 20221115.export.CSV.zip: 6.9 MB
[done 1,425/2,805] 20221112.export.CSV.zip: kept 70 row(s)
[queued 1,431/2,805; selected 4,981] 20221117.export.CSV.zip
  downloading 20221117.export.CSV.zip: 7.2 MB
[done 1,426/2,805] 20221113.export.CSV.zip: kept 66 row(s)
[queued 1,432/2,805; selected 4,981] 20221118.export.CSV.zip
  downloading 20221118.export.CSV.zip: 6.7 MB
[done 1,427/2,805] 20221114.export.CSV.zip: kept 77 row(s)
[queued 1,433/2,805; selected 4,981] 20221119.export.CSV.zip
  downloading 20221119.export.CSV.zip: 3.8 MB
[done 1,428/2,805] 20221109.export.CSV.zip: kept 72 row(s)
[queued 1,434/2,805; selected 4,981] 20221120.export.CSV.zip
  downloading 20221120.export.CSV.zip: 3.1 MB
[done 1,429/2,805] 20221115.export.CSV.zip: kept 68 row(s)
[queued 1,435/2,805; selected 4,981] 20221121.export.CSV.zip
  downloading 20221121.export.CSV.zip: 5.6 MB
[done 1,430/2,805] 20221119.export.CSV.zip: kept 74 row(s)
[queued 1,436/2,805; selected 4,981] 20221122.export.CSV.zip
[done 1,431/2,805] 20221116.export.CSV.zip: kept 92 row(s)
  downloading 20221122.export.CSV.zip: 6.5 MB
[queued 1,437/2,805; selected 4,981] 20221123.export.CSV.zip
  downloading 20221123.export.CSV.zip: 6.4 MB
[done 1,432/2,805] 20221120.export.CSV.zip: kept 66 row(s)
[queued 1,438/2,805; selected 4,981] 20221124.export.CSV.zip
  downloading 20221124.export.CSV.zip: 5.0 MB
[done 1,433/2,805] 20221118.export.CSV.zip: kept 81 row(s)
[queued 1,439/2,805; selected 4,981] 20221125.export.CSV.zip
  downloading 20221125.export.CSV.zip: 4.5 MB
[done 1,434/2,805] 20221117.export.CSV.zip: kept 73 row(s)
[queued 1,440/2,805; selected 4,981] 20221126.export.CSV.zip
[done 1,435/2,805] 20221121.export.CSV.zip: kept 70 row(s)
[queued 1,441/2,805; selected 4,981] 20221127.export.CSV.zip
  downloading 20221126.export.CSV.zip: 2.9 MB
  downloading 20221127.export.CSV.zip: 2.7 MB
[done 1,436/2,805] 20221123.export.CSV.zip: kept 68 row(s)
[queued 1,442/2,805; selected 4,981] 20221128.export.CSV.zip
  downloading 20221128.export.CSV.zip: 5.1 MB
[done 1,437/2,805] 20221122.export.CSV.zip: kept 80 row(s)
[queued 1,443/2,805; selected 4,981] 20221129.export.CSV.zip
[done 1,438/2,805] 20221126.export.CSV.zip: kept 70 row(s)
[queued 1,444/2,805; selected 4,981] 20221130.export.CSV.zip
  downloading 20221129.export.CSV.zip: 6.5 MB
  downloading 20221130.export.CSV.zip: 6.7 MB
[done 1,439/2,805] 20221125.export.CSV.zip: kept 80 row(s)
[queued 1,445/2,805; selected 4,981] 20221201.export.CSV.zip
[done 1,440/2,805] 20221124.export.CSV.zip: kept 64 row(s)
[queued 1,446/2,805; selected 4,981] 20221202.export.CSV.zip
[done 1,441/2,805] 20221127.export.CSV.zip: kept 59 row(s)
[queued 1,447/2,805; selected 4,981] 20221203.export.CSV.zip
  downloading 20221202.export.CSV.zip: 6.3 MB
  downloading 20221201.export.CSV.zip: 6.6 MB
  downloading 20221203.export.CSV.zip: 3.7 MB
[done 1,442/2,805] 20221128.export.CSV.zip: kept 66 row(s)
[queued 1,448/2,805; selected 4,981] 20221204.export.CSV.zip
  downloading 20221204.export.CSV.zip: 2.9 MB
[done 1,443/2,805] 20221203.export.CSV.zip: kept 73 row(s)
[queued 1,449/2,805; selected 4,981] 20221205.export.CSV.zip
  downloading 20221205.export.CSV.zip: 5.4 MB
[done 1,444/2,805] 20221130.export.CSV.zip: kept 64 row(s)
[queued 1,450/2,805; selected 4,981] 20221206.export.CSV.zip
  downloading 20221206.export.CSV.zip: 6.4 MB
[done 1,445/2,805] 20221204.export.CSV.zip: kept 66 row(s)
[queued 1,451/2,805; selected 4,981] 20221207.export.CSV.zip
  downloading 20221207.export.CSV.zip: 6.7 MB
[done 1,446/2,805] 20221129.export.CSV.zip: kept 78 row(s)
[queued 1,452/2,805; selected 4,981] 20221208.export.CSV.zip
  downloading 20221208.export.CSV.zip: 7.1 MB
[done 1,447/2,805] 20221205.export.CSV.zip: kept 73 row(s)
[queued 1,453/2,805; selected 4,981] 20221209.export.CSV.zip
[done 1,448/2,805] 20221201.export.CSV.zip: kept 93 row(s)
[done 1,449/2,805] 20221202.export.CSV.zip: kept 79 row(s)
[queued 1,454/2,805; selected 4,981] 20221210.export.CSV.zip
[queued 1,455/2,805; selected 4,981] 20221211.export.CSV.zip
  downloading 20221209.export.CSV.zip: 6.1 MB
  downloading 20221211.export.CSV.zip: 2.9 MB
  downloading 20221210.export.CSV.zip: 3.5 MB
[done 1,450/2,805] 20221207.export.CSV.zip: kept 76 row(s)
[queued 1,456/2,805; selected 4,981] 20221212.export.CSV.zip
  downloading 20221212.export.CSV.zip: 5.5 MB
[done 1,451/2,805] 20221210.export.CSV.zip: kept 69 row(s)
[queued 1,457/2,805; selected 4,981] 20221213.export.CSV.zip
  downloading 20221213.export.CSV.zip: 6.6 MB
[done 1,452/2,805] 20221211.export.CSV.zip: kept 54 row(s)
[queued 1,458/2,805; selected 4,981] 20221214.export.CSV.zip
  downloading 20221214.export.CSV.zip: 6.6 MB
[done 1,453/2,805] 20221206.export.CSV.zip: kept 107 row(s)
[queued 1,459/2,805; selected 4,981] 20221215.export.CSV.zip
  downloading 20221215.export.CSV.zip: 6.7 MB
[done 1,454/2,805] 20221212.export.CSV.zip: kept 110 row(s)
[queued 1,460/2,805; selected 4,981] 20221216.export.CSV.zip
  downloading 20221216.export.CSV.zip: 6.2 MB
[done 1,455/2,805] 20221213.export.CSV.zip: kept 144 row(s)
[queued 1,461/2,805; selected 4,981] 20221217.export.CSV.zip
[done 1,456/2,805] 20221208.export.CSV.zip: kept 79 row(s)
[queued 1,462/2,805; selected 4,981] 20221218.export.CSV.zip
  downloading 20221217.export.CSV.zip: 3.7 MB
  downloading 20221218.export.CSV.zip: 2.9 MB
[done 1,457/2,805] 20221209.export.CSV.zip: kept 54 row(s)
[queued 1,463/2,805; selected 4,981] 20221219.export.CSV.zip
  downloading 20221219.export.CSV.zip: 5.3 MB
[done 1,458/2,805] 20221214.export.CSV.zip: kept 102 row(s)
[queued 1,464/2,805; selected 4,981] 20221220.export.CSV.zip
  downloading 20221220.export.CSV.zip: 6.2 MB
[done 1,459/2,805] 20221218.export.CSV.zip: kept 64 row(s)
[queued 1,465/2,805; selected 4,981] 20221221.export.CSV.zip
  downloading 20221221.export.CSV.zip: 6.2 MB
[done 1,460/2,805] 20221219.export.CSV.zip: kept 82 row(s)
[queued 1,466/2,805; selected 4,981] 20221222.export.CSV.zip
  downloading 20221222.export.CSV.zip: 6.1 MB
[done 1,461/2,805] 20221215.export.CSV.zip: kept 83 row(s)
[queued 1,467/2,805; selected 4,981] 20221223.export.CSV.zip
  downloading 20221223.export.CSV.zip: 5.2 MB
[done 1,462/2,805] 20221217.export.CSV.zip: kept 83 row(s)
[queued 1,468/2,805; selected 4,981] 20221224.export.CSV.zip
  downloading 20221224.export.CSV.zip: 2.9 MB
[done 1,463/2,805] 20221216.export.CSV.zip: kept 92 row(s)
[queued 1,469/2,805; selected 4,981] 20221225.export.CSV.zip
[done 1,464/2,805] 20221221.export.CSV.zip: kept 91 row(s)
[queued 1,470/2,805; selected 4,981] 20221226.export.CSV.zip
  downloading 20221226.export.CSV.zip: 3.1 MB
  downloading 20221225.export.CSV.zip: 2.2 MB
[done 1,465/2,805] 20221223.export.CSV.zip: kept 68 row(s)
[queued 1,471/2,805; selected 4,981] 20221227.export.CSV.zip
[done 1,466/2,805] 20221220.export.CSV.zip: kept 101 row(s)
[queued 1,472/2,805; selected 4,981] 20221228.export.CSV.zip
  downloading 20221228.export.CSV.zip: 4.7 MB
  downloading 20221227.export.CSV.zip: 4.1 MB
[done 1,467/2,805] 20221222.export.CSV.zip: kept 110 row(s)
[queued 1,473/2,805; selected 4,981] 20221229.export.CSV.zip
  downloading 20221229.export.CSV.zip: 4.9 MB
[done 1,468/2,805] 20221224.export.CSV.zip: kept 60 row(s)
[queued 1,474/2,805; selected 4,981] 20221230.export.CSV.zip
[done 1,469/2,805] 20221225.export.CSV.zip: kept 61 row(s)
[queued 1,475/2,805; selected 4,981] 20221231.export.CSV.zip
  downloading 20221230.export.CSV.zip: 4.5 MB
  downloading 20221231.export.CSV.zip: 3.2 MB
[done 1,470/2,805] 20221227.export.CSV.zip: kept 66 row(s)
[queued 1,476/2,805; selected 4,981] 20230101.export.CSV.zip
  downloading 20230101.export.CSV.zip: 2.4 MB
[done 1,471/2,805] 20221226.export.CSV.zip: kept 64 row(s)
[queued 1,477/2,805; selected 4,981] 20230102.export.CSV.zip
  downloading 20230102.export.CSV.zip: 3.4 MB
[done 1,472/2,805] 20221228.export.CSV.zip: kept 79 row(s)
[queued 1,478/2,805; selected 4,981] 20230103.export.CSV.zip
  downloading 20230103.export.CSV.zip: 5.1 MB
[done 1,473/2,805] 20221230.export.CSV.zip: kept 56 row(s)
[queued 1,479/2,805; selected 4,981] 20230104.export.CSV.zip
  downloading 20230104.export.CSV.zip: 5.9 MB
[done 1,474/2,805] 20230101.export.CSV.zip: kept 63 row(s)
[queued 1,480/2,805; selected 4,981] 20230105.export.CSV.zip
[done 1,475/2,805] 20221231.export.CSV.zip: kept 61 row(s)
[queued 1,481/2,805; selected 4,981] 20230106.export.CSV.zip
  downloading 20230105.export.CSV.zip: 6.3 MB
[done 1,476/2,805] 20230102.export.CSV.zip: kept 73 row(s)
[queued 1,482/2,805; selected 4,981] 20230107.export.CSV.zip
  downloading 20230106.export.CSV.zip: 6.0 MB
  downloading 20230107.export.CSV.zip: 3.5 MB
[done 1,477/2,805] 20221229.export.CSV.zip: kept 66 row(s)
[queued 1,483/2,805; selected 4,981] 20230108.export.CSV.zip
  downloading 20230108.export.CSV.zip: 3.2 MB
[done 1,478/2,805] 20230107.export.CSV.zip: kept 87 row(s)
[queued 1,484/2,805; selected 4,981] 20230109.export.CSV.zip
  downloading 20230109.export.CSV.zip: 6.0 MB
[done 1,479/2,805] 20230103.export.CSV.zip: kept 96 row(s)
[queued 1,485/2,805; selected 4,981] 20230110.export.CSV.zip
  downloading 20230110.export.CSV.zip: 6.9 MB
[done 1,480/2,805] 20230106.export.CSV.zip: kept 96 row(s)
[queued 1,486/2,805; selected 4,981] 20230111.export.CSV.zip
  downloading 20230111.export.CSV.zip: 7.1 MB
[done 1,481/2,805] 20230104.export.CSV.zip: kept 81 row(s)
[queued 1,487/2,805; selected 4,981] 20230112.export.CSV.zip
[done 1,482/2,805] 20230105.export.CSV.zip: kept 77 row(s)
[queued 1,488/2,805; selected 4,981] 20230113.export.CSV.zip
  downloading 20230113.export.CSV.zip: 6.6 MB
[done 1,483/2,805] 20230108.export.CSV.zip: kept 61 row(s)
[queued 1,489/2,805; selected 4,981] 20230114.export.CSV.zip
  downloading 20230112.export.CSV.zip: 7.0 MB
  downloading 20230114.export.CSV.zip: 4.0 MB
[done 1,484/2,805] 20230109.export.CSV.zip: kept 127 row(s)
[queued 1,490/2,805; selected 4,981] 20230115.export.CSV.zip
  downloading 20230115.export.CSV.zip: 3.3 MB
[done 1,485/2,805] 20230113.export.CSV.zip: kept 98 row(s)
[queued 1,491/2,805; selected 4,981] 20230116.export.CSV.zip
[done 1,486/2,805] 20230111.export.CSV.zip: kept 100 row(s)
[queued 1,492/2,805; selected 4,981] 20230117.export.CSV.zip
  downloading 20230117.export.CSV.zip: 6.8 MB
[done 1,487/2,805] 20230114.export.CSV.zip: kept 85 row(s)
[queued 1,493/2,805; selected 4,981] 20230118.export.CSV.zip
  downloading 20230116.export.CSV.zip: 5.4 MB
  downloading 20230118.export.CSV.zip: 7.1 MB
[done 1,488/2,805] 20230112.export.CSV.zip: kept 80 row(s)
[queued 1,494/2,805; selected 4,981] 20230119.export.CSV.zip
  downloading 20230119.export.CSV.zip: 7.3 MB
[done 1,489/2,805] 20230110.export.CSV.zip: kept 133 row(s)
[queued 1,495/2,805; selected 4,981] 20230120.export.CSV.zip
  downloading 20230120.export.CSV.zip: 6.8 MB
[done 1,490/2,805] 20230117.export.CSV.zip: kept 92 row(s)
[queued 1,496/2,805; selected 4,981] 20230121.export.CSV.zip
[done 1,491/2,805] 20230118.export.CSV.zip: kept 89 row(s)
[queued 1,497/2,805; selected 4,981] 20230122.export.CSV.zip
  downloading 20230121.export.CSV.zip: 4.1 MB
[done 1,492/2,805] 20230115.export.CSV.zip: kept 64 row(s)
  downloading 20230122.export.CSV.zip: 3.5 MB
[queued 1,498/2,805; selected 4,981] 20230123.export.CSV.zip
  downloading 20230123.export.CSV.zip: 6.0 MB
[done 1,493/2,805] 20230116.export.CSV.zip: kept 85 row(s)
[queued 1,499/2,805; selected 4,981] 20230124.export.CSV.zip
  downloading 20230124.export.CSV.zip: 6.9 MB
[done 1,494/2,805] 20230122.export.CSV.zip: kept 83 row(s)
[queued 1,500/2,805; selected 4,981] 20230125.export.CSV.zip
[done 1,495/2,805] 20230121.export.CSV.zip: kept 79 row(s)
[queued 1,501/2,805; selected 4,981] 20230126.export.CSV.zip
  downloading 20230125.export.CSV.zip: 7.1 MB
  downloading 20230126.export.CSV.zip: 7.3 MB
[done 1,496/2,805] 20230119.export.CSV.zip: kept 89 row(s)
[queued 1,502/2,805; selected 4,981] 20230127.export.CSV.zip
  downloading 20230127.export.CSV.zip: 6.9 MB
[done 1,497/2,805] 20230123.export.CSV.zip: kept 98 row(s)
[queued 1,503/2,805; selected 4,981] 20230128.export.CSV.zip
[done 1,498/2,805] 20230120.export.CSV.zip: kept 94 row(s)
[queued 1,504/2,805; selected 4,981] 20230129.export.CSV.zip
  downloading 20230128.export.CSV.zip: 4.3 MB
  downloading 20230129.export.CSV.zip: 3.6 MB
[done 1,499/2,805] 20230126.export.CSV.zip: kept 84 row(s)
[queued 1,505/2,805; selected 4,981] 20230130.export.CSV.zip
[done 1,500/2,805] 20230129.export.CSV.zip: kept 66 row(s)
[queued 1,506/2,805; selected 4,981] 20230131.export.CSV.zip
  downloading 20230130.export.CSV.zip: 6.2 MB
  downloading 20230131.export.CSV.zip: 7.1 MB
[done 1,501/2,805] 20230125.export.CSV.zip: kept 107 row(s)
[queued 1,507/2,805; selected 4,981] 20230201.export.CSV.zip
  downloading 20230201.export.CSV.zip: 7.2 MB
[done 1,502/2,805] 20230128.export.CSV.zip: kept 73 row(s)
[queued 1,508/2,805; selected 4,981] 20230202.export.CSV.zip
  downloading 20230202.export.CSV.zip: 7.5 MB
[done 1,503/2,805] 20230127.export.CSV.zip: kept 85 row(s)
[queued 1,509/2,805; selected 4,981] 20230203.export.CSV.zip
[done 1,504/2,805] 20230124.export.CSV.zip: kept 131 row(s)
[queued 1,510/2,805; selected 4,981] 20230204.export.CSV.zip
  downloading 20230203.export.CSV.zip: 6.5 MB
  downloading 20230204.export.CSV.zip: 3.8 MB
[done 1,505/2,805] 20230130.export.CSV.zip: kept 84 row(s)
[queued 1,511/2,805; selected 4,981] 20230205.export.CSV.zip
  downloading 20230205.export.CSV.zip: 3.1 MB
[done 1,506/2,805] 20230204.export.CSV.zip: kept 88 row(s)
[queued 1,512/2,805; selected 4,981] 20230206.export.CSV.zip
  downloading 20230206.export.CSV.zip: 5.8 MB
[done 1,507/2,805] 20230201.export.CSV.zip: kept 83 row(s)
[queued 1,513/2,805; selected 4,981] 20230207.export.CSV.zip
  downloading 20230207.export.CSV.zip: 6.9 MB
[done 1,508/2,805] 20230205.export.CSV.zip: kept 66 row(s)
[queued 1,514/2,805; selected 4,981] 20230208.export.CSV.zip
  downloading 20230208.export.CSV.zip: 7.2 MB
[done 1,509/2,805] 20230203.export.CSV.zip: kept 100 row(s)
[queued 1,515/2,805; selected 4,981] 20230209.export.CSV.zip
[done 1,510/2,805] 20230131.export.CSV.zip: kept 72 row(s)
[queued 1,516/2,805; selected 4,981] 20230210.export.CSV.zip
  downloading 20230209.export.CSV.zip: 7.1 MB
  downloading 20230210.export.CSV.zip: 6.6 MB
[done 1,511/2,805] 20230206.export.CSV.zip: kept 86 row(s)
[queued 1,517/2,805; selected 4,981] 20230211.export.CSV.zip
  downloading 20230211.export.CSV.zip: 3.8 MB
[done 1,512/2,805] 20230202.export.CSV.zip: kept 89 row(s)
[queued 1,518/2,805; selected 4,981] 20230212.export.CSV.zip
  downloading 20230212.export.CSV.zip: 3.2 MB
[done 1,513/2,805] 20230207.export.CSV.zip: kept 121 row(s)
[queued 1,519/2,805; selected 4,981] 20230213.export.CSV.zip
  downloading 20230213.export.CSV.zip: 5.8 MB
[done 1,514/2,805] 20230209.export.CSV.zip: kept 90 row(s)
[queued 1,520/2,805; selected 4,981] 20230214.export.CSV.zip
  downloading 20230214.export.CSV.zip: 7.0 MB
[done 1,515/2,805] 20230211.export.CSV.zip: kept 81 row(s)
[queued 1,521/2,805; selected 4,981] 20230215.export.CSV.zip
  downloading 20230215.export.CSV.zip: 7.1 MB
[done 1,516/2,805] 20230212.export.CSV.zip: kept 63 row(s)
[queued 1,522/2,805; selected 4,981] 20230216.export.CSV.zip
  downloading 20230216.export.CSV.zip: 7.2 MB
[done 1,517/2,805] 20230208.export.CSV.zip: kept 84 row(s)
[queued 1,523/2,805; selected 4,981] 20230217.export.CSV.zip
  downloading 20230217.export.CSV.zip: 6.9 MB
[done 1,518/2,805] 20230213.export.CSV.zip: kept 79 row(s)
[queued 1,524/2,805; selected 4,981] 20230218.export.CSV.zip
[done 1,519/2,805] 20230210.export.CSV.zip: kept 84 row(s)
  downloading 20230218.export.CSV.zip: 4.2 MB
[queued 1,525/2,805; selected 4,981] 20230219.export.CSV.zip
[done 1,520/2,805] 20230214.export.CSV.zip: kept 102 row(s)
[queued 1,526/2,805; selected 4,981] 20230220.export.CSV.zip
  downloading 20230219.export.CSV.zip: 3.6 MB
  downloading 20230220.export.CSV.zip: 6.0 MB
[done 1,521/2,805] 20230216.export.CSV.zip: kept 98 row(s)
[queued 1,527/2,805; selected 4,981] 20230221.export.CSV.zip
  downloading 20230221.export.CSV.zip: 7.2 MB
[done 1,522/2,805] 20230218.export.CSV.zip: kept 71 row(s)
[queued 1,528/2,805; selected 4,981] 20230222.export.CSV.zip
  downloading 20230222.export.CSV.zip: 7.5 MB
[done 1,523/2,805] 20230217.export.CSV.zip: kept 100 row(s)
[queued 1,529/2,805; selected 4,981] 20230223.export.CSV.zip
  downloading 20230223.export.CSV.zip: 7.5 MB
[done 1,524/2,805] 20230219.export.CSV.zip: kept 66 row(s)
[queued 1,530/2,805; selected 4,981] 20230224.export.CSV.zip
  downloading 20230224.export.CSV.zip: 7.1 MB
[done 1,525/2,805] 20230220.export.CSV.zip: kept 68 row(s)
[queued 1,531/2,805; selected 4,981] 20230225.export.CSV.zip
  downloading 20230225.export.CSV.zip: 4.2 MB
[done 1,526/2,805] 20230215.export.CSV.zip: kept 106 row(s)
[queued 1,532/2,805; selected 4,981] 20230226.export.CSV.zip
  downloading 20230226.export.CSV.zip: 3.2 MB
[done 1,527/2,805] 20230221.export.CSV.zip: kept 66 row(s)
[queued 1,533/2,805; selected 4,981] 20230227.export.CSV.zip
[done 1,528/2,805] 20230222.export.CSV.zip: kept 83 row(s)
[queued 1,534/2,805; selected 4,981] 20230228.export.CSV.zip
  downloading 20230227.export.CSV.zip: 6.0 MB
[done 1,529/2,805] 20230225.export.CSV.zip: kept 69 row(s)
[queued 1,535/2,805; selected 4,981] 20230301.export.CSV.zip
  downloading 20230228.export.CSV.zip: 7.0 MB
  downloading 20230301.export.CSV.zip: 7.2 MB
[done 1,530/2,805] 20230223.export.CSV.zip: kept 81 row(s)
[queued 1,536/2,805; selected 4,981] 20230302.export.CSV.zip
  downloading 20230302.export.CSV.zip: 7.2 MB
[done 1,531/2,805] 20230224.export.CSV.zip: kept 76 row(s)
[queued 1,537/2,805; selected 4,981] 20230303.export.CSV.zip
  downloading 20230303.export.CSV.zip: 6.8 MB
[done 1,532/2,805] 20230227.export.CSV.zip: kept 117 row(s)
[queued 1,538/2,805; selected 4,981] 20230304.export.CSV.zip
  downloading 20230304.export.CSV.zip: 4.0 MB
[done 1,533/2,805] 20230226.export.CSV.zip: kept 62 row(s)
[queued 1,539/2,805; selected 4,981] 20230305.export.CSV.zip
  downloading 20230305.export.CSV.zip: 3.3 MB
[done 1,534/2,805] 20230302.export.CSV.zip: kept 101 row(s)
[done 1,535/2,805] 20230228.export.CSV.zip: kept 109 row(s)
[queued 1,540/2,805; selected 4,981] 20230306.export.CSV.zip
[queued 1,541/2,805; selected 4,981] 20230307.export.CSV.zip
  downloading 20230307.export.CSV.zip: 6.9 MB
  downloading 20230306.export.CSV.zip: 6.0 MB
[done 1,536/2,805] 20230301.export.CSV.zip: kept 118 row(s)
[queued 1,542/2,805; selected 4,981] 20230308.export.CSV.zip
  downloading 20230308.export.CSV.zip: 7.0 MB
[done 1,537/2,805] 20230305.export.CSV.zip: kept 83 row(s)
[queued 1,543/2,805; selected 4,981] 20230309.export.CSV.zip
  downloading 20230309.export.CSV.zip: 7.1 MB
[done 1,538/2,805] 20230303.export.CSV.zip: kept 83 row(s)
[queued 1,544/2,805; selected 4,981] 20230310.export.CSV.zip
  downloading 20230310.export.CSV.zip: 7.0 MB
[done 1,539/2,805] 20230304.export.CSV.zip: kept 93 row(s)
[queued 1,545/2,805; selected 4,981] 20230311.export.CSV.zip
  downloading 20230311.export.CSV.zip: 4.1 MB
[done 1,540/2,805] 20230307.export.CSV.zip: kept 126 row(s)
[queued 1,546/2,805; selected 4,981] 20230312.export.CSV.zip
  downloading 20230312.export.CSV.zip: 3.3 MB
[done 1,541/2,805] 20230311.export.CSV.zip: kept 96 row(s)
[queued 1,547/2,805; selected 4,981] 20230313.export.CSV.zip
  downloading 20230313.export.CSV.zip: 5.9 MB
[done 1,542/2,805] 20230306.export.CSV.zip: kept 72 row(s)
[queued 1,548/2,805; selected 4,981] 20230314.export.CSV.zip
  downloading 20230314.export.CSV.zip: 6.8 MB
[done 1,543/2,805] 20230310.export.CSV.zip: kept 101 row(s)
[queued 1,549/2,805; selected 4,981] 20230315.export.CSV.zip
[done 1,544/2,805] 20230312.export.CSV.zip: kept 74 row(s)
[queued 1,550/2,805; selected 4,981] 20230316.export.CSV.zip
  downloading 20230315.export.CSV.zip: 7.2 MB
  downloading 20230316.export.CSV.zip: 7.2 MB
[done 1,545/2,805] 20230308.export.CSV.zip: kept 122 row(s)
[queued 1,551/2,805; selected 4,981] 20230317.export.CSV.zip
[done 1,546/2,805] 20230309.export.CSV.zip: kept 111 row(s)
[queued 1,552/2,805; selected 4,981] 20230318.export.CSV.zip
  downloading 20230317.export.CSV.zip: 6.9 MB
  downloading 20230318.export.CSV.zip: 4.1 MB
[done 1,547/2,805] 20230316.export.CSV.zip: kept 92 row(s)
[queued 1,553/2,805; selected 4,981] 20230319.export.CSV.zip
  downloading 20230319.export.CSV.zip: 3.6 MB
[done 1,548/2,805] 20230313.export.CSV.zip: kept 102 row(s)
[queued 1,554/2,805; selected 4,981] 20230320.export.CSV.zip
  downloading 20230320.export.CSV.zip: 6.4 MB
[done 1,549/2,805] 20230314.export.CSV.zip: kept 93 row(s)
[queued 1,555/2,805; selected 4,981] 20230321.export.CSV.zip
  downloading 20230321.export.CSV.zip: 6.6 MB
[done 1,550/2,805] 20230318.export.CSV.zip: kept 111 row(s)
[queued 1,556/2,805; selected 4,981] 20230322.export.CSV.zip
[done 1,551/2,805] 20230319.export.CSV.zip: kept 98 row(s)
[queued 1,557/2,805; selected 4,981] 20230323.export.CSV.zip
  downloading 20230322.export.CSV.zip: 4.0 MB
[done 1,552/2,805] 20230323.export.CSV.zip failed: 404 Client Error: Not Found for url: https://data.gdeltproject.org/events/20230323.export.CSV.zip
[queued 1,558/2,805; selected 4,981] 20230324.export.CSV.zip
[done 1,553/2,805] 20230315.export.CSV.zip: kept 91 row(s)
[queued 1,559/2,805; selected 4,981] 20230325.export.CSV.zip
  downloading 20230324.export.CSV.zip: 13.5 MB
  downloading 20230325.export.CSV.zip: 7.9 MB
[done 1,554/2,805] 20230320.export.CSV.zip: kept 71 row(s)
[queued 1,560/2,805; selected 4,981] 20230326.export.CSV.zip
  downloading 20230326.export.CSV.zip: 6.6 MB
[done 1,555/2,805] 20230321.export.CSV.zip: kept 96 row(s)
[queued 1,561/2,805; selected 4,981] 20230327.export.CSV.zip
[done 1,556/2,805] 20230317.export.CSV.zip: kept 72 row(s)
[queued 1,562/2,805; selected 4,981] 20230328.export.CSV.zip
  downloading 20230327.export.CSV.zip: 11.0 MB
  downloading 20230328.export.CSV.zip: 12.1 MB
[done 1,557/2,805] 20230322.export.CSV.zip: kept 63 row(s)
[queued 1,563/2,805; selected 4,981] 20230329.export.CSV.zip
  downloading 20230329.export.CSV.zip: 12.6 MB
[done 1,558/2,805] 20230324.export.CSV.zip: kept 158 row(s)
[queued 1,564/2,805; selected 4,981] 20230330.export.CSV.zip
  downloading 20230330.export.CSV.zip: 12.5 MB
[done 1,559/2,805] 20230327.export.CSV.zip: kept 138 row(s)
[queued 1,565/2,805; selected 4,981] 20230331.export.CSV.zip
  downloading 20230331.export.CSV.zip: 11.6 MB
[done 1,560/2,805] 20230326.export.CSV.zip: kept 106 row(s)
[queued 1,566/2,805; selected 4,981] 20230401.export.CSV.zip
  downloading 20230401.export.CSV.zip: 6.8 MB
[done 1,561/2,805] 20230325.export.CSV.zip: kept 108 row(s)
[queued 1,567/2,805; selected 4,981] 20230402.export.CSV.zip
  downloading 20230402.export.CSV.zip: 5.7 MB
[done 1,562/2,805] 20230328.export.CSV.zip: kept 143 row(s)
[queued 1,568/2,805; selected 4,981] 20230403.export.CSV.zip
[done 1,563/2,805] 20230329.export.CSV.zip: kept 132 row(s)
[queued 1,569/2,805; selected 4,981] 20230404.export.CSV.zip
  downloading 20230403.export.CSV.zip: 10.2 MB
  downloading 20230404.export.CSV.zip: 11.5 MB
[done 1,564/2,805] 20230401.export.CSV.zip: kept 109 row(s)
[queued 1,570/2,805; selected 4,981] 20230405.export.CSV.zip
  downloading 20230405.export.CSV.zip: 12.3 MB
[done 1,565/2,805] 20230331.export.CSV.zip: kept 103 row(s)
[queued 1,571/2,805; selected 4,981] 20230406.export.CSV.zip
[done 1,566/2,805] 20230330.export.CSV.zip: kept 146 row(s)
[queued 1,572/2,805; selected 4,981] 20230407.export.CSV.zip
  downloading 20230406.export.CSV.zip: 11.6 MB
  downloading 20230407.export.CSV.zip: 9.7 MB
[done 1,567/2,805] 20230402.export.CSV.zip: kept 109 row(s)
[queued 1,573/2,805; selected 4,981] 20230408.export.CSV.zip
  downloading 20230408.export.CSV.zip: 6.3 MB
[done 1,568/2,805] 20230405.export.CSV.zip: kept 153 row(s)
[queued 1,574/2,805; selected 4,981] 20230409.export.CSV.zip
  downloading 20230409.export.CSV.zip: 5.2 MB
[done 1,569/2,805] 20230406.export.CSV.zip: kept 132 row(s)
[queued 1,575/2,805; selected 4,981] 20230410.export.CSV.zip
  downloading 20230410.export.CSV.zip: 8.9 MB
[done 1,570/2,805] 20230407.export.CSV.zip: kept 93 row(s)
[queued 1,576/2,805; selected 4,981] 20230411.export.CSV.zip
[done 1,571/2,805] 20230404.export.CSV.zip: kept 165 row(s)
[queued 1,577/2,805; selected 4,981] 20230412.export.CSV.zip
  downloading 20230411.export.CSV.zip: 11.0 MB
  downloading 20230412.export.CSV.zip: 11.6 MB
[done 1,572/2,805] 20230408.export.CSV.zip: kept 98 row(s)
[queued 1,578/2,805; selected 4,981] 20230413.export.CSV.zip
  downloading 20230413.export.CSV.zip: 11.8 MB
[done 1,573/2,805] 20230403.export.CSV.zip: kept 166 row(s)
[queued 1,579/2,805; selected 4,981] 20230414.export.CSV.zip
[done 1,574/2,805] 20230409.export.CSV.zip: kept 82 row(s)
  downloading 20230414.export.CSV.zip: 10.9 MB
[queued 1,580/2,805; selected 4,981] 20230415.export.CSV.zip
  downloading 20230415.export.CSV.zip: 6.4 MB
[done 1,575/2,805] 20230412.export.CSV.zip: kept 157 row(s)
[queued 1,581/2,805; selected 4,981] 20230416.export.CSV.zip
  downloading 20230416.export.CSV.zip: 5.5 MB
[done 1,576/2,805] 20230415.export.CSV.zip: kept 116 row(s)
[queued 1,582/2,805; selected 4,981] 20230417.export.CSV.zip
  downloading 20230417.export.CSV.zip: 10.0 MB
[done 1,577/2,805] 20230410.export.CSV.zip: kept 91 row(s)
[queued 1,583/2,805; selected 4,981] 20230418.export.CSV.zip
  downloading 20230418.export.CSV.zip: 11.2 MB
[done 1,578/2,805] 20230414.export.CSV.zip: kept 94 row(s)
[queued 1,584/2,805; selected 4,981] 20230419.export.CSV.zip
[done 1,579/2,805] 20230413.export.CSV.zip: kept 180 row(s)
[queued 1,585/2,805; selected 4,981] 20230420.export.CSV.zip
  downloading 20230419.export.CSV.zip: 11.4 MB
  downloading 20230420.export.CSV.zip: 11.0 MB
[done 1,580/2,805] 20230411.export.CSV.zip: kept 146 row(s)
[queued 1,586/2,805; selected 4,981] 20230421.export.CSV.zip
[done 1,581/2,805] 20230416.export.CSV.zip: kept 104 row(s)
[queued 1,587/2,805; selected 4,981] 20230422.export.CSV.zip
  downloading 20230421.export.CSV.zip: 10.5 MB
  downloading 20230422.export.CSV.zip: 6.0 MB
[done 1,582/2,805] 20230417.export.CSV.zip: kept 126 row(s)
[queued 1,588/2,805; selected 4,981] 20230423.export.CSV.zip
  downloading 20230423.export.CSV.zip: 5.2 MB
[done 1,583/2,805] 20230422.export.CSV.zip: kept 99 row(s)
[queued 1,589/2,805; selected 4,981] 20230424.export.CSV.zip
  downloading 20230424.export.CSV.zip: 9.9 MB
[done 1,584/2,805] 20230420.export.CSV.zip: kept 104 row(s)
[queued 1,590/2,805; selected 4,981] 20230425.export.CSV.zip
[done 1,585/2,805] 20230418.export.CSV.zip: kept 150 row(s)
[queued 1,591/2,805; selected 4,981] 20230426.export.CSV.zip
  downloading 20230425.export.CSV.zip: 11.2 MB
  downloading 20230426.export.CSV.zip: 11.6 MB
[done 1,586/2,805] 20230423.export.CSV.zip: kept 102 row(s)
[queued 1,592/2,805; selected 4,981] 20230427.export.CSV.zip
  downloading 20230427.export.CSV.zip: 11.7 MB
[done 1,587/2,805] 20230421.export.CSV.zip: kept 117 row(s)
[queued 1,593/2,805; selected 4,981] 20230428.export.CSV.zip
  downloading 20230428.export.CSV.zip: 11.0 MB
[done 1,588/2,805] 20230419.export.CSV.zip: kept 120 row(s)
[queued 1,594/2,805; selected 4,981] 20230429.export.CSV.zip
  downloading 20230429.export.CSV.zip: 6.4 MB
[done 1,589/2,805] 20230427.export.CSV.zip: kept 121 row(s)
[queued 1,595/2,805; selected 4,981] 20230430.export.CSV.zip
  downloading 20230430.export.CSV.zip: 5.5 MB
[done 1,590/2,805] 20230429.export.CSV.zip: kept 111 row(s)
[queued 1,596/2,805; selected 4,981] 20230501.export.CSV.zip
  downloading 20230501.export.CSV.zip: 8.9 MB
[done 1,591/2,805] 20230424.export.CSV.zip: kept 126 row(s)
[queued 1,597/2,805; selected 4,981] 20230502.export.CSV.zip
[done 1,592/2,805] 20230426.export.CSV.zip: kept 125 row(s)
[queued 1,598/2,805; selected 4,981] 20230503.export.CSV.zip
  downloading 20230502.export.CSV.zip: 10.8 MB
  downloading 20230503.export.CSV.zip: 11.5 MB
[done 1,593/2,805] 20230430.export.CSV.zip: kept 97 row(s)
[queued 1,599/2,805; selected 4,981] 20230504.export.CSV.zip
[done 1,594/2,805] 20230425.export.CSV.zip: kept 126 row(s)
[done 1,595/2,805] 20230428.export.CSV.zip: kept 109 row(s)
[queued 1,600/2,805; selected 4,981] 20230505.export.CSV.zip
[queued 1,601/2,805; selected 4,981] 20230506.export.CSV.zip
  downloading 20230505.export.CSV.zip: 10.9 MB
  downloading 20230506.export.CSV.zip: 6.4 MB
  downloading 20230504.export.CSV.zip: 11.5 MB
[done 1,596/2,805] 20230501.export.CSV.zip: kept 125 row(s)
[queued 1,602/2,805; selected 4,981] 20230507.export.CSV.zip
  downloading 20230507.export.CSV.zip: 5.4 MB
[done 1,597/2,805] 20230506.export.CSV.zip: kept 90 row(s)
[queued 1,603/2,805; selected 4,981] 20230508.export.CSV.zip
  downloading 20230508.export.CSV.zip: 9.4 MB
[done 1,598/2,805] 20230503.export.CSV.zip: kept 142 row(s)
[queued 1,604/2,805; selected 4,981] 20230509.export.CSV.zip
  downloading 20230509.export.CSV.zip: 11.0 MB
[done 1,599/2,805] 20230502.export.CSV.zip: kept 128 row(s)
[queued 1,605/2,805; selected 4,981] 20230510.export.CSV.zip
  downloading 20230510.export.CSV.zip: 11.2 MB
[done 1,600/2,805] 20230504.export.CSV.zip: kept 109 row(s)
[queued 1,606/2,805; selected 4,981] 20230511.export.CSV.zip
  downloading 20230511.export.CSV.zip: 11.0 MB
[done 1,601/2,805] 20230508.export.CSV.zip: kept 95 row(s)
[queued 1,607/2,805; selected 4,981] 20230512.export.CSV.zip
  downloading 20230512.export.CSV.zip: 10.6 MB
[done 1,602/2,805] 20230507.export.CSV.zip: kept 81 row(s)
[queued 1,608/2,805; selected 4,981] 20230513.export.CSV.zip
  downloading 20230513.export.CSV.zip: 6.3 MB
[done 1,603/2,805] 20230505.export.CSV.zip: kept 126 row(s)
[queued 1,609/2,805; selected 4,981] 20230514.export.CSV.zip
  downloading 20230514.export.CSV.zip: 5.2 MB
[done 1,604/2,805] 20230509.export.CSV.zip: kept 131 row(s)
[queued 1,610/2,805; selected 4,981] 20230515.export.CSV.zip
[done 1,605/2,805] 20230510.export.CSV.zip: kept 115 row(s)
[queued 1,611/2,805; selected 4,981] 20230516.export.CSV.zip
  downloading 20230516.export.CSV.zip: 10.9 MB
  downloading 20230515.export.CSV.zip: 9.6 MB
[done 1,606/2,805] 20230512.export.CSV.zip: kept 114 row(s)
[queued 1,612/2,805; selected 4,981] 20230517.export.CSV.zip
  downloading 20230517.export.CSV.zip: 11.6 MB
[done 1,607/2,805] 20230514.export.CSV.zip: kept 83 row(s)
[queued 1,613/2,805; selected 4,981] 20230518.export.CSV.zip
  downloading 20230518.export.CSV.zip: 11.3 MB
[done 1,608/2,805] 20230513.export.CSV.zip: kept 78 row(s)
[queued 1,614/2,805; selected 4,981] 20230519.export.CSV.zip
  downloading 20230519.export.CSV.zip: 11.1 MB
[done 1,609/2,805] 20230511.export.CSV.zip: kept 90 row(s)
[queued 1,615/2,805; selected 4,981] 20230520.export.CSV.zip
  downloading 20230520.export.CSV.zip: 6.5 MB
[done 1,610/2,805] 20230515.export.CSV.zip: kept 113 row(s)
[queued 1,616/2,805; selected 4,981] 20230521.export.CSV.zip
[done 1,611/2,805] 20230516.export.CSV.zip: kept 98 row(s)
[queued 1,617/2,805; selected 4,981] 20230522.export.CSV.zip
  downloading 20230521.export.CSV.zip: 5.7 MB
  downloading 20230522.export.CSV.zip: 9.6 MB
[done 1,612/2,805] 20230518.export.CSV.zip: kept 102 row(s)
[queued 1,618/2,805; selected 4,981] 20230523.export.CSV.zip
  downloading 20230523.export.CSV.zip: 10.4 MB
[done 1,613/2,805] 20230517.export.CSV.zip: kept 112 row(s)
[queued 1,619/2,805; selected 4,981] 20230524.export.CSV.zip
  downloading 20230524.export.CSV.zip: 10.8 MB
[done 1,614/2,805] 20230521.export.CSV.zip: kept 70 row(s)
[queued 1,620/2,805; selected 4,981] 20230525.export.CSV.zip
[done 1,615/2,805] 20230520.export.CSV.zip: kept 89 row(s)
[queued 1,621/2,805; selected 4,981] 20230526.export.CSV.zip
  downloading 20230525.export.CSV.zip: 10.8 MB
  downloading 20230526.export.CSV.zip: 9.9 MB
[done 1,616/2,805] 20230522.export.CSV.zip: kept 98 row(s)
[queued 1,622/2,805; selected 4,981] 20230527.export.CSV.zip
[done 1,617/2,805] 20230519.export.CSV.zip: kept 101 row(s)
[queued 1,623/2,805; selected 4,981] 20230528.export.CSV.zip
  downloading 20230527.export.CSV.zip: 5.6 MB
  downloading 20230528.export.CSV.zip: 4.9 MB
[done 1,618/2,805] 20230524.export.CSV.zip: kept 95 row(s)
[queued 1,624/2,805; selected 4,981] 20230529.export.CSV.zip
  downloading 20230529.export.CSV.zip: 7.0 MB
[done 1,619/2,805] 20230528.export.CSV.zip: kept 86 row(s)
[queued 1,625/2,805; selected 4,981] 20230530.export.CSV.zip
  downloading 20230530.export.CSV.zip: 9.7 MB
[done 1,620/2,805] 20230529.export.CSV.zip: kept 83 row(s)
[queued 1,626/2,805; selected 4,981] 20230531.export.CSV.zip
  downloading 20230531.export.CSV.zip: 10.6 MB
[done 1,621/2,805] 20230527.export.CSV.zip: kept 75 row(s)
[queued 1,627/2,805; selected 4,981] 20230601.export.CSV.zip
[done 1,622/2,805] 20230526.export.CSV.zip: kept 94 row(s)
[queued 1,628/2,805; selected 4,981] 20230602.export.CSV.zip
  downloading 20230601.export.CSV.zip: 11.0 MB
  downloading 20230602.export.CSV.zip: 10.2 MB
[done 1,623/2,805] 20230523.export.CSV.zip: kept 85 row(s)
[queued 1,629/2,805; selected 4,981] 20230603.export.CSV.zip
  downloading 20230603.export.CSV.zip: 5.7 MB
[done 1,624/2,805] 20230530.export.CSV.zip: kept 83 row(s)
[queued 1,630/2,805; selected 4,981] 20230604.export.CSV.zip
  downloading 20230604.export.CSV.zip: 5.2 MB
[done 1,625/2,805] 20230525.export.CSV.zip: kept 111 row(s)
[queued 1,631/2,805; selected 4,981] 20230605.export.CSV.zip
  downloading 20230605.export.CSV.zip: 9.2 MB
[done 1,626/2,805] 20230601.export.CSV.zip: kept 103 row(s)
[queued 1,632/2,805; selected 4,981] 20230606.export.CSV.zip
  downloading 20230606.export.CSV.zip: 10.5 MB
[done 1,627/2,805] 20230602.export.CSV.zip: kept 106 row(s)
[queued 1,633/2,805; selected 4,981] 20230607.export.CSV.zip
  downloading 20230607.export.CSV.zip: 10.7 MB
[done 1,628/2,805] 20230604.export.CSV.zip: kept 86 row(s)
[queued 1,634/2,805; selected 4,981] 20230608.export.CSV.zip
  downloading 20230608.export.CSV.zip: 10.8 MB
[done 1,629/2,805] 20230603.export.CSV.zip: kept 81 row(s)
[queued 1,635/2,805; selected 4,981] 20230609.export.CSV.zip
  downloading 20230609.export.CSV.zip: 10.0 MB
[done 1,630/2,805] 20230531.export.CSV.zip: kept 86 row(s)
[queued 1,636/2,805; selected 4,981] 20230610.export.CSV.zip
  downloading 20230610.export.CSV.zip: 5.9 MB
[done 1,631/2,805] 20230606.export.CSV.zip: kept 107 row(s)
[queued 1,637/2,805; selected 4,981] 20230611.export.CSV.zip
  downloading 20230611.export.CSV.zip: 4.9 MB
[done 1,632/2,805] 20230607.export.CSV.zip: kept 96 row(s)
[queued 1,638/2,805; selected 4,981] 20230612.export.CSV.zip
  downloading 20230612.export.CSV.zip: 9.0 MB
[done 1,633/2,805] 20230609.export.CSV.zip: kept 102 row(s)
[queued 1,639/2,805; selected 4,981] 20230613.export.CSV.zip
[done 1,634/2,805] 20230608.export.CSV.zip: kept 95 row(s)
[queued 1,640/2,805; selected 4,981] 20230614.export.CSV.zip
  downloading 20230613.export.CSV.zip: 10.0 MB
  downloading 20230614.export.CSV.zip: 10.7 MB
[done 1,635/2,805] 20230610.export.CSV.zip: kept 72 row(s)
[queued 1,641/2,805; selected 4,981] 20230615.export.CSV.zip
  downloading 20230615.export.CSV.zip: 10.7 MB
[done 1,636/2,805] 20230605.export.CSV.zip: kept 86 row(s)
[queued 1,642/2,805; selected 4,981] 20230616.export.CSV.zip
[done 1,637/2,805] 20230611.export.CSV.zip: kept 71 row(s)
[queued 1,643/2,805; selected 4,981] 20230617.export.CSV.zip
  downloading 20230617.export.CSV.zip: 6.0 MB
  downloading 20230616.export.CSV.zip: 10.0 MB
[done 1,638/2,805] 20230615.export.CSV.zip: kept 102 row(s)
[queued 1,644/2,805; selected 4,981] 20230618.export.CSV.zip
  downloading 20230618.export.CSV.zip: 5.1 MB
[done 1,639/2,805] 20230612.export.CSV.zip: kept 87 row(s)
[queued 1,645/2,805; selected 4,981] 20230619.export.CSV.zip
[done 1,640/2,805] 20230614.export.CSV.zip: kept 96 row(s)
[queued 1,646/2,805; selected 4,981] 20230620.export.CSV.zip
  downloading 20230619.export.CSV.zip: 8.8 MB
  downloading 20230620.export.CSV.zip: 10.6 MB
[done 1,641/2,805] 20230617.export.CSV.zip: kept 81 row(s)
[queued 1,647/2,805; selected 4,981] 20230621.export.CSV.zip
  downloading 20230621.export.CSV.zip: 10.8 MB
[done 1,642/2,805] 20230616.export.CSV.zip: kept 80 row(s)
[queued 1,648/2,805; selected 4,981] 20230622.export.CSV.zip
[done 1,643/2,805] 20230613.export.CSV.zip: kept 90 row(s)
[queued 1,649/2,805; selected 4,981] 20230623.export.CSV.zip
  downloading 20230623.export.CSV.zip: 9.9 MB
  downloading 20230622.export.CSV.zip: 10.7 MB
[done 1,644/2,805] 20230620.export.CSV.zip: kept 126 row(s)
[queued 1,650/2,805; selected 4,981] 20230624.export.CSV.zip
  downloading 20230624.export.CSV.zip: 6.3 MB
[done 1,645/2,805] 20230618.export.CSV.zip: kept 70 row(s)
[queued 1,651/2,805; selected 4,981] 20230625.export.CSV.zip
  downloading 20230625.export.CSV.zip: 5.0 MB
[done 1,646/2,805] 20230624.export.CSV.zip: kept 73 row(s)
[queued 1,652/2,805; selected 4,981] 20230626.export.CSV.zip
  downloading 20230626.export.CSV.zip: 8.7 MB
[done 1,647/2,805] 20230619.export.CSV.zip: kept 97 row(s)
[queued 1,653/2,805; selected 4,981] 20230627.export.CSV.zip
  downloading 20230627.export.CSV.zip: 9.7 MB
[done 1,648/2,805] 20230622.export.CSV.zip: kept 114 row(s)
[queued 1,654/2,805; selected 4,981] 20230628.export.CSV.zip
[done 1,649/2,805] 20230625.export.CSV.zip: kept 74 row(s)
[queued 1,655/2,805; selected 4,981] 20230629.export.CSV.zip
  downloading 20230628.export.CSV.zip: 9.6 MB
  downloading 20230629.export.CSV.zip: 9.7 MB
[done 1,650/2,805] 20230621.export.CSV.zip: kept 118 row(s)
[queued 1,656/2,805; selected 4,981] 20230630.export.CSV.zip
  downloading 20230630.export.CSV.zip: 9.2 MB
[done 1,651/2,805] 20230623.export.CSV.zip: kept 89 row(s)
[queued 1,657/2,805; selected 4,981] 20230701.export.CSV.zip
  downloading 20230701.export.CSV.zip: 5.3 MB
[done 1,652/2,805] 20230627.export.CSV.zip: kept 102 row(s)
[queued 1,658/2,805; selected 4,981] 20230702.export.CSV.zip
  downloading 20230702.export.CSV.zip: 4.4 MB
[done 1,653/2,805] 20230701.export.CSV.zip: kept 75 row(s)
[queued 1,659/2,805; selected 4,981] 20230703.export.CSV.zip
  downloading 20230703.export.CSV.zip: 7.7 MB
[done 1,654/2,805] 20230629.export.CSV.zip: kept 76 row(s)
[queued 1,660/2,805; selected 4,981] 20230704.export.CSV.zip
[done 1,655/2,805] 20230626.export.CSV.zip: kept 104 row(s)
[queued 1,661/2,805; selected 4,981] 20230705.export.CSV.zip
  downloading 20230704.export.CSV.zip: 7.5 MB
[done 1,656/2,805] 20230702.export.CSV.zip: kept 74 row(s)
[queued 1,662/2,805; selected 4,981] 20230706.export.CSV.zip
  downloading 20230705.export.CSV.zip: 8.9 MB
  downloading 20230706.export.CSV.zip: 9.7 MB
[done 1,657/2,805] 20230630.export.CSV.zip: kept 91 row(s)
[queued 1,663/2,805; selected 4,981] 20230707.export.CSV.zip
[done 1,658/2,805] 20230628.export.CSV.zip: kept 98 row(s)
[queued 1,664/2,805; selected 4,981] 20230708.export.CSV.zip
  downloading 20230707.export.CSV.zip: 9.2 MB
  downloading 20230708.export.CSV.zip: 5.5 MB
[done 1,659/2,805] 20230704.export.CSV.zip: kept 134 row(s)
[queued 1,665/2,805; selected 4,981] 20230709.export.CSV.zip
  downloading 20230709.export.CSV.zip: 4.7 MB
[done 1,660/2,805] 20230708.export.CSV.zip: kept 100 row(s)
[queued 1,666/2,805; selected 4,981] 20230710.export.CSV.zip
  downloading 20230710.export.CSV.zip: 8.9 MB
[done 1,661/2,805] 20230705.export.CSV.zip: kept 99 row(s)
[queued 1,667/2,805; selected 4,981] 20230711.export.CSV.zip
  downloading 20230711.export.CSV.zip: 10.1 MB
[done 1,662/2,805] 20230703.export.CSV.zip: kept 114 row(s)
[queued 1,668/2,805; selected 4,981] 20230712.export.CSV.zip
  downloading 20230712.export.CSV.zip: 10.6 MB
[done 1,663/2,805] 20230707.export.CSV.zip: kept 120 row(s)
[queued 1,669/2,805; selected 4,981] 20230713.export.CSV.zip
[done 1,664/2,805] 20230709.export.CSV.zip: kept 88 row(s)
[queued 1,670/2,805; selected 4,981] 20230714.export.CSV.zip
  downloading 20230713.export.CSV.zip: 10.4 MB
  downloading 20230714.export.CSV.zip: 9.3 MB
[done 1,665/2,805] 20230706.export.CSV.zip: kept 94 row(s)
[queued 1,671/2,805; selected 4,981] 20230715.export.CSV.zip
  downloading 20230715.export.CSV.zip: 5.6 MB
[done 1,666/2,805] 20230711.export.CSV.zip: kept 120 row(s)
[queued 1,672/2,805; selected 4,981] 20230716.export.CSV.zip
  downloading 20230716.export.CSV.zip: 4.7 MB
[done 1,667/2,805] 20230710.export.CSV.zip: kept 101 row(s)
[queued 1,673/2,805; selected 4,981] 20230717.export.CSV.zip
  downloading 20230717.export.CSV.zip: 8.8 MB
[done 1,668/2,805] 20230713.export.CSV.zip: kept 100 row(s)
[queued 1,674/2,805; selected 4,981] 20230718.export.CSV.zip
  downloading 20230718.export.CSV.zip: 10.2 MB
[done 1,669/2,805] 20230716.export.CSV.zip: kept 73 row(s)
[queued 1,675/2,805; selected 4,981] 20230719.export.CSV.zip
[done 1,670/2,805] 20230715.export.CSV.zip: kept 79 row(s)
[queued 1,676/2,805; selected 4,981] 20230720.export.CSV.zip
  downloading 20230719.export.CSV.zip: 10.6 MB
  downloading 20230720.export.CSV.zip: 11.4 MB
[done 1,671/2,805] 20230717.export.CSV.zip: kept 101 row(s)
[queued 1,677/2,805; selected 4,981] 20230721.export.CSV.zip
  downloading 20230721.export.CSV.zip: 9.2 MB
[done 1,672/2,805] 20230712.export.CSV.zip: kept 102 row(s)
[queued 1,678/2,805; selected 4,981] 20230722.export.CSV.zip
  downloading 20230722.export.CSV.zip: 5.3 MB
[done 1,673/2,805] 20230714.export.CSV.zip: kept 82 row(s)
[queued 1,679/2,805; selected 4,981] 20230723.export.CSV.zip
  downloading 20230723.export.CSV.zip: 4.6 MB
[done 1,674/2,805] 20230721.export.CSV.zip: kept 70 row(s)
[queued 1,680/2,805; selected 4,981] 20230724.export.CSV.zip
  downloading 20230724.export.CSV.zip: 8.4 MB
[done 1,675/2,805] 20230722.export.CSV.zip: kept 71 row(s)
[queued 1,681/2,805; selected 4,981] 20230725.export.CSV.zip
  downloading 20230725.export.CSV.zip: 9.6 MB
[done 1,676/2,805] 20230723.export.CSV.zip: kept 72 row(s)
[queued 1,682/2,805; selected 4,981] 20230726.export.CSV.zip
  downloading 20230726.export.CSV.zip: 9.8 MB
[done 1,677/2,805] 20230718.export.CSV.zip: kept 89 row(s)
[queued 1,683/2,805; selected 4,981] 20230727.export.CSV.zip
  downloading 20230727.export.CSV.zip: 9.8 MB
[done 1,678/2,805] 20230724.export.CSV.zip: kept 97 row(s)
[queued 1,684/2,805; selected 4,981] 20230728.export.CSV.zip
[done 1,679/2,805] 20230719.export.CSV.zip: kept 115 row(s)
  downloading 20230728.export.CSV.zip: 8.9 MB
[queued 1,685/2,805; selected 4,981] 20230729.export.CSV.zip
  downloading 20230729.export.CSV.zip: 5.4 MB
[done 1,680/2,805] 20230720.export.CSV.zip: kept 117 row(s)
[queued 1,686/2,805; selected 4,981] 20230730.export.CSV.zip
  downloading 20230730.export.CSV.zip: 4.6 MB
[done 1,681/2,805] 20230725.export.CSV.zip: kept 81 row(s)
[queued 1,687/2,805; selected 4,981] 20230731.export.CSV.zip
  downloading 20230731.export.CSV.zip: 8.3 MB
[done 1,682/2,805] 20230726.export.CSV.zip: kept 102 row(s)
[queued 1,688/2,805; selected 4,981] 20230801.export.CSV.zip
  downloading 20230801.export.CSV.zip: 9.2 MB
[done 1,683/2,805] 20230731.export.CSV.zip: kept 77 row(s)
[queued 1,689/2,805; selected 4,981] 20230802.export.CSV.zip
  downloading 20230802.export.CSV.zip: 9.8 MB
[done 1,684/2,805] 20230730.export.CSV.zip: kept 60 row(s)
[queued 1,690/2,805; selected 4,981] 20230803.export.CSV.zip
[done 1,685/2,805] 20230729.export.CSV.zip: kept 83 row(s)
[queued 1,691/2,805; selected 4,981] 20230804.export.CSV.zip
  downloading 20230803.export.CSV.zip: 9.6 MB
  downloading 20230804.export.CSV.zip: 9.0 MB
[done 1,686/2,805] 20230728.export.CSV.zip: kept 78 row(s)
[queued 1,692/2,805; selected 4,981] 20230805.export.CSV.zip
  downloading 20230805.export.CSV.zip: 5.5 MB
[done 1,687/2,805] 20230727.export.CSV.zip: kept 83 row(s)
[queued 1,693/2,805; selected 4,981] 20230806.export.CSV.zip
  downloading 20230806.export.CSV.zip: 4.7 MB
[done 1,688/2,805] 20230801.export.CSV.zip: kept 82 row(s)
[queued 1,694/2,805; selected 4,981] 20230807.export.CSV.zip
  downloading 20230807.export.CSV.zip: 8.2 MB
[done 1,689/2,805] 20230802.export.CSV.zip: kept 87 row(s)
[queued 1,695/2,805; selected 4,981] 20230808.export.CSV.zip
  downloading 20230808.export.CSV.zip: 9.3 MB
[done 1,690/2,805] 20230804.export.CSV.zip: kept 85 row(s)
[queued 1,696/2,805; selected 4,981] 20230809.export.CSV.zip
[done 1,691/2,805] 20230805.export.CSV.zip: kept 79 row(s)
[done 1,692/2,805] 20230806.export.CSV.zip: kept 80 row(s)
[done 1,693/2,805] 20230803.export.CSV.zip: kept 113 row(s)
  downloading 20230809.export.CSV.zip: 9.4 MB
[queued 1,697/2,805; selected 4,981] 20230810.export.CSV.zip
[queued 1,698/2,805; selected 4,981] 20230811.export.CSV.zip
[queued 1,699/2,805; selected 4,981] 20230812.export.CSV.zip
  downloading 20230810.export.CSV.zip: 9.4 MB
  downloading 20230811.export.CSV.zip: 8.7 MB
  downloading 20230812.export.CSV.zip: 5.2 MB
[done 1,694/2,805] 20230807.export.CSV.zip: kept 120 row(s)
[queued 1,700/2,805; selected 4,981] 20230813.export.CSV.zip
  downloading 20230813.export.CSV.zip: 4.6 MB
[done 1,695/2,805] 20230812.export.CSV.zip: kept 102 row(s)
[queued 1,701/2,805; selected 4,981] 20230814.export.CSV.zip
  downloading 20230814.export.CSV.zip: 8.0 MB
[done 1,696/2,805] 20230811.export.CSV.zip: kept 115 row(s)
[queued 1,702/2,805; selected 4,981] 20230815.export.CSV.zip
  downloading 20230815.export.CSV.zip: 8.8 MB
[done 1,697/2,805] 20230813.export.CSV.zip: kept 83 row(s)
[queued 1,703/2,805; selected 4,981] 20230816.export.CSV.zip
  downloading 20230816.export.CSV.zip: 9.0 MB
[done 1,698/2,805] 20230808.export.CSV.zip: kept 146 row(s)
[queued 1,704/2,805; selected 4,981] 20230817.export.CSV.zip
[done 1,699/2,805] 20230810.export.CSV.zip: kept 138 row(s)
[queued 1,705/2,805; selected 4,981] 20230818.export.CSV.zip
  downloading 20230817.export.CSV.zip: 9.3 MB
  downloading 20230818.export.CSV.zip: 9.0 MB
[done 1,700/2,805] 20230814.export.CSV.zip: kept 82 row(s)
[queued 1,706/2,805; selected 4,981] 20230819.export.CSV.zip
  downloading 20230819.export.CSV.zip: 5.4 MB
[done 1,701/2,805] 20230815.export.CSV.zip: kept 121 row(s)
[queued 1,707/2,805; selected 4,981] 20230820.export.CSV.zip
  downloading 20230820.export.CSV.zip: 4.6 MB
[done 1,702/2,805] 20230809.export.CSV.zip: kept 107 row(s)
[queued 1,708/2,805; selected 4,981] 20230821.export.CSV.zip
  downloading 20230821.export.CSV.zip: 8.5 MB
[done 1,703/2,805] 20230818.export.CSV.zip: kept 86 row(s)
[queued 1,709/2,805; selected 4,981] 20230822.export.CSV.zip
  downloading 20230822.export.CSV.zip: 9.9 MB
[done 1,704/2,805] 20230817.export.CSV.zip: kept 102 row(s)
[queued 1,710/2,805; selected 4,981] 20230823.export.CSV.zip
[done 1,705/2,805] 20230820.export.CSV.zip: kept 67 row(s)
[queued 1,711/2,805; selected 4,981] 20230824.export.CSV.zip
  downloading 20230823.export.CSV.zip: 9.7 MB
  downloading 20230824.export.CSV.zip: 10.1 MB
[done 1,706/2,805] 20230819.export.CSV.zip: kept 78 row(s)
[queued 1,712/2,805; selected 4,981] 20230825.export.CSV.zip
  downloading 20230825.export.CSV.zip: 9.2 MB
[done 1,707/2,805] 20230816.export.CSV.zip: kept 122 row(s)
[queued 1,713/2,805; selected 4,981] 20230826.export.CSV.zip
  downloading 20230826.export.CSV.zip: 5.4 MB
[done 1,708/2,805] 20230823.export.CSV.zip: kept 104 row(s)
[queued 1,714/2,805; selected 4,981] 20230827.export.CSV.zip
  downloading 20230827.export.CSV.zip: 4.6 MB
[done 1,709/2,805] 20230824.export.CSV.zip: kept 88 row(s)
[queued 1,715/2,805; selected 4,981] 20230828.export.CSV.zip
  downloading 20230828.export.CSV.zip: 8.3 MB
[done 1,710/2,805] 20230826.export.CSV.zip: kept 66 row(s)
[queued 1,716/2,805; selected 4,981] 20230829.export.CSV.zip
  downloading 20230829.export.CSV.zip: 9.5 MB
[done 1,711/2,805] 20230825.export.CSV.zip: kept 86 row(s)
[queued 1,717/2,805; selected 4,981] 20230830.export.CSV.zip
  downloading 20230830.export.CSV.zip: 9.8 MB
[done 1,712/2,805] 20230821.export.CSV.zip: kept 96 row(s)
[queued 1,718/2,805; selected 4,981] 20230831.export.CSV.zip
  downloading 20230831.export.CSV.zip: 9.7 MB
[done 1,713/2,805] 20230828.export.CSV.zip: kept 92 row(s)
[queued 1,719/2,805; selected 4,981] 20230901.export.CSV.zip
[done 1,714/2,805] 20230827.export.CSV.zip: kept 78 row(s)
[queued 1,720/2,805; selected 4,981] 20230902.export.CSV.zip
  downloading 20230902.export.CSV.zip: 5.0 MB
  downloading 20230901.export.CSV.zip: 8.9 MB
[done 1,715/2,805] 20230822.export.CSV.zip: kept 100 row(s)
[queued 1,721/2,805; selected 4,981] 20230903.export.CSV.zip
  downloading 20230903.export.CSV.zip: 4.4 MB
[done 1,716/2,805] 20230829.export.CSV.zip: kept 91 row(s)
[queued 1,722/2,805; selected 4,981] 20230904.export.CSV.zip
  downloading 20230904.export.CSV.zip: 7.0 MB
[done 1,717/2,805] 20230902.export.CSV.zip: kept 84 row(s)
[queued 1,723/2,805; selected 4,981] 20230905.export.CSV.zip
  downloading 20230905.export.CSV.zip: 9.1 MB
[done 1,718/2,805] 20230901.export.CSV.zip: kept 122 row(s)
[queued 1,724/2,805; selected 4,981] 20230906.export.CSV.zip
[done 1,719/2,805] 20230903.export.CSV.zip: kept 84 row(s)
[queued 1,725/2,805; selected 4,981] 20230907.export.CSV.zip
  downloading 20230906.export.CSV.zip: 10.3 MB
  downloading 20230907.export.CSV.zip: 10.5 MB
[done 1,720/2,805] 20230831.export.CSV.zip: kept 102 row(s)
[queued 1,726/2,805; selected 4,981] 20230908.export.CSV.zip
[done 1,721/2,805] 20230830.export.CSV.zip: kept 80 row(s)
[queued 1,727/2,805; selected 4,981] 20230909.export.CSV.zip
  downloading 20230908.export.CSV.zip: 9.9 MB
  downloading 20230909.export.CSV.zip: 5.8 MB
[done 1,722/2,805] 20230904.export.CSV.zip: kept 75 row(s)
[queued 1,728/2,805; selected 4,981] 20230910.export.CSV.zip
[done 1,723/2,805] 20230905.export.CSV.zip: kept 97 row(s)
[queued 1,729/2,805; selected 4,981] 20230911.export.CSV.zip
  downloading 20230910.export.CSV.zip: 5.2 MB
  downloading 20230911.export.CSV.zip: 9.2 MB
[done 1,724/2,805] 20230906.export.CSV.zip: kept 100 row(s)
[queued 1,730/2,805; selected 4,981] 20230912.export.CSV.zip
  downloading 20230912.export.CSV.zip: 10.3 MB
[done 1,725/2,805] 20230910.export.CSV.zip: kept 79 row(s)
[queued 1,731/2,805; selected 4,981] 20230913.export.CSV.zip
  downloading 20230913.export.CSV.zip: 10.5 MB
[done 1,726/2,805] 20230909.export.CSV.zip: kept 75 row(s)
[queued 1,732/2,805; selected 4,981] 20230914.export.CSV.zip
  downloading 20230914.export.CSV.zip: 10.4 MB
[done 1,727/2,805] 20230911.export.CSV.zip: kept 101 row(s)
[queued 1,733/2,805; selected 4,981] 20230915.export.CSV.zip
  downloading 20230915.export.CSV.zip: 9.9 MB
[done 1,728/2,805] 20230907.export.CSV.zip: kept 96 row(s)
[queued 1,734/2,805; selected 4,981] 20230916.export.CSV.zip
  downloading 20230916.export.CSV.zip: 6.0 MB
[done 1,729/2,805] 20230913.export.CSV.zip: kept 125 row(s)
[queued 1,735/2,805; selected 4,981] 20230917.export.CSV.zip
  downloading 20230917.export.CSV.zip: 4.9 MB
[done 1,730/2,805] 20230912.export.CSV.zip: kept 105 row(s)
[queued 1,736/2,805; selected 4,981] 20230918.export.CSV.zip
  downloading 20230918.export.CSV.zip: 9.2 MB
[done 1,731/2,805] 20230908.export.CSV.zip: kept 83 row(s)
[queued 1,737/2,805; selected 4,981] 20230919.export.CSV.zip
[done 1,732/2,805] 20230915.export.CSV.zip: kept 97 row(s)
[queued 1,738/2,805; selected 4,981] 20230920.export.CSV.zip
  downloading 20230919.export.CSV.zip: 10.3 MB
  downloading 20230920.export.CSV.zip: 10.9 MB
[done 1,733/2,805] 20230916.export.CSV.zip: kept 76 row(s)
[queued 1,739/2,805; selected 4,981] 20230921.export.CSV.zip
  downloading 20230921.export.CSV.zip: 11.0 MB
[done 1,734/2,805] 20230917.export.CSV.zip: kept 65 row(s)
[queued 1,740/2,805; selected 4,981] 20230922.export.CSV.zip
  downloading 20230922.export.CSV.zip: 10.2 MB
[done 1,735/2,805] 20230914.export.CSV.zip: kept 120 row(s)
[queued 1,741/2,805; selected 4,981] 20230923.export.CSV.zip
[done 1,736/2,805] 20230920.export.CSV.zip: kept 111 row(s)
[queued 1,742/2,805; selected 4,981] 20230924.export.CSV.zip
  downloading 20230923.export.CSV.zip: 5.9 MB
  downloading 20230924.export.CSV.zip: 5.0 MB
[done 1,737/2,805] 20230918.export.CSV.zip: kept 114 row(s)
[queued 1,743/2,805; selected 4,981] 20230925.export.CSV.zip
[done 1,738/2,805] 20230919.export.CSV.zip: kept 113 row(s)
[queued 1,744/2,805; selected 4,981] 20230926.export.CSV.zip
  downloading 20230925.export.CSV.zip: 8.8 MB
  downloading 20230926.export.CSV.zip: 10.4 MB
[done 1,739/2,805] 20230923.export.CSV.zip: kept 71 row(s)
[queued 1,745/2,805; selected 4,981] 20230927.export.CSV.zip
  downloading 20230927.export.CSV.zip: 10.4 MB
[done 1,740/2,805] 20230921.export.CSV.zip: kept 87 row(s)
[queued 1,746/2,805; selected 4,981] 20230928.export.CSV.zip
  downloading 20230928.export.CSV.zip: 10.2 MB
[done 1,741/2,805] 20230925.export.CSV.zip: kept 90 row(s)
[queued 1,747/2,805; selected 4,981] 20230929.export.CSV.zip
[done 1,742/2,805] 20230922.export.CSV.zip: kept 95 row(s)
[queued 1,748/2,805; selected 4,981] 20230930.export.CSV.zip
  downloading 20230930.export.CSV.zip: 5.6 MB
  downloading 20230929.export.CSV.zip: 9.6 MB
[done 1,743/2,805] 20230924.export.CSV.zip: kept 76 row(s)
[queued 1,749/2,805; selected 4,981] 20231001.export.CSV.zip
  downloading 20231001.export.CSV.zip: 4.9 MB
[done 1,744/2,805] 20230926.export.CSV.zip: kept 112 row(s)
[queued 1,750/2,805; selected 4,981] 20231002.export.CSV.zip
  downloading 20231002.export.CSV.zip: 8.1 MB
[done 1,745/2,805] 20230929.export.CSV.zip: kept 119 row(s)
[queued 1,751/2,805; selected 4,981] 20231003.export.CSV.zip
  downloading 20231003.export.CSV.zip: 9.5 MB
[done 1,746/2,805] 20230930.export.CSV.zip: kept 71 row(s)
[queued 1,752/2,805; selected 4,981] 20231004.export.CSV.zip
  downloading 20231004.export.CSV.zip: 9.7 MB
[done 1,747/2,805] 20230927.export.CSV.zip: kept 98 row(s)
[queued 1,753/2,805; selected 4,981] 20231005.export.CSV.zip
[done 1,748/2,805] 20231001.export.CSV.zip: kept 60 row(s)
[queued 1,754/2,805; selected 4,981] 20231006.export.CSV.zip
  downloading 20231005.export.CSV.zip: 10.1 MB
  downloading 20231006.export.CSV.zip: 9.5 MB
[done 1,749/2,805] 20231002.export.CSV.zip: kept 76 row(s)
[queued 1,755/2,805; selected 4,981] 20231007.export.CSV.zip
  downloading 20231007.export.CSV.zip: 6.2 MB
[done 1,750/2,805] 20231003.export.CSV.zip: kept 120 row(s)
[queued 1,756/2,805; selected 4,981] 20231008.export.CSV.zip
  downloading 20231008.export.CSV.zip: 5.7 MB
[done 1,751/2,805] 20230928.export.CSV.zip: kept 114 row(s)
[queued 1,757/2,805; selected 4,981] 20231009.export.CSV.zip
  downloading 20231009.export.CSV.zip: 9.6 MB
[done 1,752/2,805] 20231007.export.CSV.zip: kept 85 row(s)
[queued 1,758/2,805; selected 4,981] 20231010.export.CSV.zip
  downloading 20231010.export.CSV.zip: 11.0 MB
[done 1,753/2,805] 20231008.export.CSV.zip: kept 73 row(s)
[queued 1,759/2,805; selected 4,981] 20231011.export.CSV.zip
  downloading 20231011.export.CSV.zip: 11.7 MB
[done 1,754/2,805] 20231004.export.CSV.zip: kept 119 row(s)
[queued 1,760/2,805; selected 4,981] 20231012.export.CSV.zip
  downloading 20231012.export.CSV.zip: 11.6 MB
[done 1,755/2,805] 20231009.export.CSV.zip: kept 80 row(s)
[queued 1,761/2,805; selected 4,981] 20231013.export.CSV.zip
[done 1,756/2,805] 20231005.export.CSV.zip: kept 145 row(s)
[done 1,757/2,805] 20231006.export.CSV.zip: kept 97 row(s)
[queued 1,762/2,805; selected 4,981] 20231014.export.CSV.zip
[queued 1,763/2,805; selected 4,981] 20231015.export.CSV.zip
  downloading 20231013.export.CSV.zip: 10.9 MB
  downloading 20231015.export.CSV.zip: 5.8 MB
  downloading 20231014.export.CSV.zip: 6.5 MB
[done 1,758/2,805] 20231010.export.CSV.zip: kept 115 row(s)
[queued 1,764/2,805; selected 4,981] 20231016.export.CSV.zip
  downloading 20231016.export.CSV.zip: 9.8 MB
[done 1,759/2,805] 20231011.export.CSV.zip: kept 105 row(s)
[queued 1,765/2,805; selected 4,981] 20231017.export.CSV.zip
  downloading 20231017.export.CSV.zip: 10.8 MB
[done 1,760/2,805] 20231015.export.CSV.zip: kept 74 row(s)
[queued 1,766/2,805; selected 4,981] 20231018.export.CSV.zip
  downloading 20231018.export.CSV.zip: 11.6 MB
[done 1,761/2,805] 20231013.export.CSV.zip: kept 96 row(s)
[queued 1,767/2,805; selected 4,981] 20231019.export.CSV.zip
  downloading 20231019.export.CSV.zip: 11.3 MB
[done 1,762/2,805] 20231014.export.CSV.zip: kept 83 row(s)
[queued 1,768/2,805; selected 4,981] 20231020.export.CSV.zip
  downloading 20231020.export.CSV.zip: 10.5 MB
[done 1,763/2,805] 20231017.export.CSV.zip: kept 90 row(s)
[queued 1,769/2,805; selected 4,981] 20231021.export.CSV.zip
  downloading 20231021.export.CSV.zip: 6.1 MB
[done 1,764/2,805] 20231012.export.CSV.zip: kept 106 row(s)
[queued 1,770/2,805; selected 4,981] 20231022.export.CSV.zip
[done 1,765/2,805] 20231016.export.CSV.zip: kept 100 row(s)
[queued 1,771/2,805; selected 4,981] 20231023.export.CSV.zip
  downloading 20231022.export.CSV.zip: 5.1 MB
  downloading 20231023.export.CSV.zip: 9.3 MB
[done 1,766/2,805] 20231019.export.CSV.zip: kept 96 row(s)
[queued 1,772/2,805; selected 4,981] 20231024.export.CSV.zip
  downloading 20231024.export.CSV.zip: 10.3 MB
[done 1,767/2,805] 20231020.export.CSV.zip: kept 106 row(s)
[queued 1,773/2,805; selected 4,981] 20231025.export.CSV.zip
  downloading 20231025.export.CSV.zip: 10.6 MB
[done 1,768/2,805] 20231022.export.CSV.zip: kept 74 row(s)
[queued 1,774/2,805; selected 4,981] 20231026.export.CSV.zip
  downloading 20231026.export.CSV.zip: 10.9 MB
[done 1,769/2,805] 20231021.export.CSV.zip: kept 76 row(s)
[queued 1,775/2,805; selected 4,981] 20231027.export.CSV.zip
  downloading 20231027.export.CSV.zip: 10.0 MB
[done 1,770/2,805] 20231018.export.CSV.zip: kept 97 row(s)
[queued 1,776/2,805; selected 4,981] 20231028.export.CSV.zip
  downloading 20231028.export.CSV.zip: 6.0 MB
[done 1,771/2,805] 20231025.export.CSV.zip: kept 86 row(s)
[queued 1,777/2,805; selected 4,981] 20231029.export.CSV.zip
  downloading 20231029.export.CSV.zip: 5.1 MB
[done 1,772/2,805] 20231023.export.CSV.zip: kept 95 row(s)
[queued 1,778/2,805; selected 4,981] 20231030.export.CSV.zip
  downloading 20231030.export.CSV.zip: 9.2 MB
[done 1,773/2,805] 20231026.export.CSV.zip: kept 95 row(s)
[queued 1,779/2,805; selected 4,981] 20231031.export.CSV.zip
  downloading 20231031.export.CSV.zip: 10.3 MB
[done 1,774/2,805] 20231024.export.CSV.zip: kept 99 row(s)
[queued 1,780/2,805; selected 4,981] 20231101.export.CSV.zip
  downloading 20231101.export.CSV.zip: 10.5 MB
[done 1,775/2,805] 20231029.export.CSV.zip: kept 62 row(s)
[queued 1,781/2,805; selected 4,981] 20231102.export.CSV.zip
  downloading 20231102.export.CSV.zip: 10.5 MB
[done 1,776/2,805] 20231030.export.CSV.zip: kept 95 row(s)
[queued 1,782/2,805; selected 4,981] 20231103.export.CSV.zip
  downloading 20231103.export.CSV.zip: 10.1 MB
[done 1,777/2,805] 20231028.export.CSV.zip: kept 60 row(s)
[queued 1,783/2,805; selected 4,981] 20231104.export.CSV.zip
  downloading 20231104.export.CSV.zip: 6.2 MB
[done 1,778/2,805] 20231027.export.CSV.zip: kept 112 row(s)
[queued 1,784/2,805; selected 4,981] 20231105.export.CSV.zip
  downloading 20231105.export.CSV.zip: 5.3 MB
[done 1,779/2,805] 20231104.export.CSV.zip: kept 72 row(s)
[queued 1,785/2,805; selected 4,981] 20231106.export.CSV.zip
  downloading 20231106.export.CSV.zip: 8.9 MB
[done 1,780/2,805] 20231031.export.CSV.zip: kept 98 row(s)
[queued 1,786/2,805; selected 4,981] 20231107.export.CSV.zip
[done 1,781/2,805] 20231101.export.CSV.zip: kept 87 row(s)
[queued 1,787/2,805; selected 4,981] 20231108.export.CSV.zip
  downloading 20231107.export.CSV.zip: 10.1 MB
  downloading 20231108.export.CSV.zip: 10.4 MB
[done 1,782/2,805] 20231105.export.CSV.zip: kept 64 row(s)
[queued 1,788/2,805; selected 4,981] 20231109.export.CSV.zip
  downloading 20231109.export.CSV.zip: 10.9 MB
[done 1,783/2,805] 20231103.export.CSV.zip: kept 90 row(s)
[queued 1,789/2,805; selected 4,981] 20231110.export.CSV.zip
  downloading 20231110.export.CSV.zip: 10.0 MB
[done 1,784/2,805] 20231102.export.CSV.zip: kept 87 row(s)
[queued 1,790/2,805; selected 4,981] 20231111.export.CSV.zip
  downloading 20231111.export.CSV.zip: 5.9 MB
[done 1,785/2,805] 20231107.export.CSV.zip: kept 77 row(s)
[queued 1,791/2,805; selected 4,981] 20231112.export.CSV.zip
  downloading 20231112.export.CSV.zip: 4.9 MB
[done 1,786/2,805] 20231106.export.CSV.zip: kept 69 row(s)
[queued 1,792/2,805; selected 4,981] 20231113.export.CSV.zip
  downloading 20231113.export.CSV.zip: 8.4 MB
[done 1,787/2,805] 20231108.export.CSV.zip: kept 108 row(s)
[queued 1,793/2,805; selected 4,981] 20231114.export.CSV.zip
[done 1,788/2,805] 20231110.export.CSV.zip: kept 70 row(s)
[queued 1,794/2,805; selected 4,981] 20231115.export.CSV.zip
  downloading 20231115.export.CSV.zip: 10.3 MB
  downloading 20231114.export.CSV.zip: 9.9 MB
[done 1,789/2,805] 20231111.export.CSV.zip: kept 62 row(s)
[queued 1,795/2,805; selected 4,981] 20231116.export.CSV.zip
  downloading 20231116.export.CSV.zip: 10.4 MB
[done 1,790/2,805] 20231112.export.CSV.zip: kept 66 row(s)
[queued 1,796/2,805; selected 4,981] 20231117.export.CSV.zip
[done 1,791/2,805] 20231109.export.CSV.zip: kept 95 row(s)
[queued 1,797/2,805; selected 4,981] 20231118.export.CSV.zip
  downloading 20231117.export.CSV.zip: 9.7 MB
  downloading 20231118.export.CSV.zip: 5.8 MB
[done 1,792/2,805] 20231114.export.CSV.zip: kept 81 row(s)
[queued 1,798/2,805; selected 4,981] 20231119.export.CSV.zip
  downloading 20231119.export.CSV.zip: 4.8 MB
[done 1,793/2,805] 20231115.export.CSV.zip: kept 107 row(s)
[queued 1,799/2,805; selected 4,981] 20231120.export.CSV.zip
  downloading 20231120.export.CSV.zip: 8.3 MB
[done 1,794/2,805] 20231118.export.CSV.zip: kept 71 row(s)
[queued 1,800/2,805; selected 4,981] 20231121.export.CSV.zip
[done 1,795/2,805] 20231113.export.CSV.zip: kept 93 row(s)
[queued 1,801/2,805; selected 4,981] 20231122.export.CSV.zip
  downloading 20231121.export.CSV.zip: 9.7 MB
  downloading 20231122.export.CSV.zip: 9.7 MB
[done 1,796/2,805] 20231116.export.CSV.zip: kept 109 row(s)
[queued 1,802/2,805; selected 4,981] 20231123.export.CSV.zip
  downloading 20231123.export.CSV.zip: 7.7 MB
[done 1,797/2,805] 20231119.export.CSV.zip: kept 68 row(s)
[queued 1,803/2,805; selected 4,981] 20231124.export.CSV.zip
  downloading 20231124.export.CSV.zip: 7.4 MB
[done 1,798/2,805] 20231117.export.CSV.zip: kept 73 row(s)
[queued 1,804/2,805; selected 4,981] 20231125.export.CSV.zip
  downloading 20231125.export.CSV.zip: 4.9 MB
[done 1,799/2,805] 20231123.export.CSV.zip: kept 83 row(s)
[queued 1,805/2,805; selected 4,981] 20231126.export.CSV.zip
  downloading 20231126.export.CSV.zip: 4.7 MB
[done 1,800/2,805] 20231120.export.CSV.zip: kept 71 row(s)
[queued 1,806/2,805; selected 4,981] 20231127.export.CSV.zip
[done 1,801/2,805] 20231121.export.CSV.zip: kept 108 row(s)
[queued 1,807/2,805; selected 4,981] 20231128.export.CSV.zip
  downloading 20231127.export.CSV.zip: 8.3 MB
  downloading 20231128.export.CSV.zip: 9.6 MB
[done 1,802/2,805] 20231124.export.CSV.zip: kept 68 row(s)
[queued 1,808/2,805; selected 4,981] 20231129.export.CSV.zip
  downloading 20231129.export.CSV.zip: 9.7 MB
[done 1,803/2,805] 20231126.export.CSV.zip: kept 67 row(s)
[queued 1,809/2,805; selected 4,981] 20231130.export.CSV.zip
  downloading 20231130.export.CSV.zip: 9.6 MB
[done 1,804/2,805] 20231122.export.CSV.zip: kept 99 row(s)
[queued 1,810/2,805; selected 4,981] 20231201.export.CSV.zip
  downloading 20231201.export.CSV.zip: 9.3 MB
[done 1,805/2,805] 20231127.export.CSV.zip: kept 69 row(s)
[queued 1,811/2,805; selected 4,981] 20231202.export.CSV.zip
  downloading 20231202.export.CSV.zip: 5.5 MB
[done 1,806/2,805] 20231128.export.CSV.zip: kept 71 row(s)
[queued 1,812/2,805; selected 4,981] 20231203.export.CSV.zip
[done 1,807/2,805] 20231125.export.CSV.zip: kept 64 row(s)
[queued 1,813/2,805; selected 4,981] 20231204.export.CSV.zip
  downloading 20231203.export.CSV.zip: 4.7 MB
  downloading 20231204.export.CSV.zip: 8.1 MB
[done 1,808/2,805] 20231129.export.CSV.zip: kept 80 row(s)
[queued 1,814/2,805; selected 4,981] 20231205.export.CSV.zip
  downloading 20231205.export.CSV.zip: 9.5 MB
[done 1,809/2,805] 20231130.export.CSV.zip: kept 70 row(s)
[queued 1,815/2,805; selected 4,981] 20231206.export.CSV.zip
  downloading 20231206.export.CSV.zip: 9.9 MB
[done 1,810/2,805] 20231202.export.CSV.zip: kept 75 row(s)
[queued 1,816/2,805; selected 4,981] 20231207.export.CSV.zip
  downloading 20231207.export.CSV.zip: 10.3 MB
[done 1,811/2,805] 20231203.export.CSV.zip: kept 82 row(s)
[queued 1,817/2,805; selected 4,981] 20231208.export.CSV.zip
  downloading 20231208.export.CSV.zip: 9.2 MB
[done 1,812/2,805] 20231204.export.CSV.zip: kept 107 row(s)
[queued 1,818/2,805; selected 4,981] 20231209.export.CSV.zip
[done 1,813/2,805] 20231201.export.CSV.zip: kept 99 row(s)
[queued 1,819/2,805; selected 4,981] 20231210.export.CSV.zip
  downloading 20231209.export.CSV.zip: 5.7 MB
  downloading 20231210.export.CSV.zip: 4.9 MB
[done 1,814/2,805] 20231205.export.CSV.zip: kept 119 row(s)
[queued 1,820/2,805; selected 4,981] 20231211.export.CSV.zip
  downloading 20231211.export.CSV.zip: 8.5 MB
[done 1,815/2,805] 20231206.export.CSV.zip: kept 107 row(s)
[queued 1,821/2,805; selected 4,981] 20231212.export.CSV.zip
  downloading 20231212.export.CSV.zip: 9.6 MB
[done 1,816/2,805] 20231207.export.CSV.zip: kept 91 row(s)
[queued 1,822/2,805; selected 4,981] 20231213.export.CSV.zip
  downloading 20231213.export.CSV.zip: 9.6 MB
[done 1,817/2,805] 20231211.export.CSV.zip: kept 82 row(s)
[queued 1,823/2,805; selected 4,981] 20231214.export.CSV.zip
  downloading 20231214.export.CSV.zip: 9.8 MB
[done 1,818/2,805] 20231210.export.CSV.zip: kept 68 row(s)
[queued 1,824/2,805; selected 4,981] 20231215.export.CSV.zip
[done 1,819/2,805] 20231208.export.CSV.zip: kept 98 row(s)
[queued 1,825/2,805; selected 4,981] 20231216.export.CSV.zip
  downloading 20231215.export.CSV.zip: 9.2 MB
  downloading 20231216.export.CSV.zip: 5.4 MB
[done 1,820/2,805] 20231209.export.CSV.zip: kept 72 row(s)
[queued 1,826/2,805; selected 4,981] 20231217.export.CSV.zip
  downloading 20231217.export.CSV.zip: 4.5 MB
[done 1,821/2,805] 20231212.export.CSV.zip: kept 83 row(s)
[queued 1,827/2,805; selected 4,981] 20231218.export.CSV.zip
  downloading 20231218.export.CSV.zip: 8.0 MB
[done 1,822/2,805] 20231216.export.CSV.zip: kept 68 row(s)
[queued 1,828/2,805; selected 4,981] 20231219.export.CSV.zip
  downloading 20231219.export.CSV.zip: 8.9 MB
[done 1,823/2,805] 20231214.export.CSV.zip: kept 90 row(s)
[queued 1,829/2,805; selected 4,981] 20231220.export.CSV.zip
  downloading 20231220.export.CSV.zip: 9.0 MB
[done 1,824/2,805] 20231217.export.CSV.zip: kept 61 row(s)
[queued 1,830/2,805; selected 4,981] 20231221.export.CSV.zip
  downloading 20231221.export.CSV.zip: 8.7 MB
[done 1,825/2,805] 20231215.export.CSV.zip: kept 115 row(s)
[queued 1,831/2,805; selected 4,981] 20231222.export.CSV.zip
  downloading 20231222.export.CSV.zip: 7.7 MB
[done 1,826/2,805] 20231220.export.CSV.zip: kept 115 row(s)
[queued 1,832/2,805; selected 4,981] 20231223.export.CSV.zip
  downloading 20231223.export.CSV.zip: 4.6 MB
[done 1,827/2,805] 20231213.export.CSV.zip: kept 98 row(s)
[queued 1,833/2,805; selected 4,981] 20231224.export.CSV.zip
  downloading 20231224.export.CSV.zip: 3.7 MB
[done 1,828/2,805] 20231218.export.CSV.zip: kept 91 row(s)
[queued 1,834/2,805; selected 4,981] 20231225.export.CSV.zip
  downloading 20231225.export.CSV.zip: 3.8 MB
[done 1,829/2,805] 20231223.export.CSV.zip: kept 70 row(s)
[queued 1,835/2,805; selected 4,981] 20231226.export.CSV.zip
  downloading 20231226.export.CSV.zip: 5.3 MB
[done 1,830/2,805] 20231221.export.CSV.zip: kept 102 row(s)
[queued 1,836/2,805; selected 4,981] 20231227.export.CSV.zip
  downloading 20231227.export.CSV.zip: 6.6 MB
[done 1,831/2,805] 20231224.export.CSV.zip: kept 57 row(s)
[queued 1,837/2,805; selected 4,981] 20231228.export.CSV.zip
[done 1,832/2,805] 20231225.export.CSV.zip: kept 80 row(s)
[queued 1,838/2,805; selected 4,981] 20231229.export.CSV.zip
  downloading 20231228.export.CSV.zip: 6.8 MB
  downloading 20231229.export.CSV.zip: 6.6 MB
[done 1,833/2,805] 20231219.export.CSV.zip: kept 85 row(s)
[queued 1,839/2,805; selected 4,981] 20231230.export.CSV.zip
  downloading 20231230.export.CSV.zip: 4.4 MB
[done 1,834/2,805] 20231222.export.CSV.zip: kept 75 row(s)
[queued 1,840/2,805; selected 4,981] 20231231.export.CSV.zip
  downloading 20231231.export.CSV.zip: 3.8 MB
[done 1,835/2,805] 20231226.export.CSV.zip: kept 75 row(s)
[queued 1,841/2,805; selected 4,981] 20240101.export.CSV.zip
  downloading 20240101.export.CSV.zip: 3.9 MB
[done 1,836/2,805] 20231229.export.CSV.zip: kept 79 row(s)
[queued 1,842/2,805; selected 4,981] 20240102.export.CSV.zip
[done 1,837/2,805] 20231228.export.CSV.zip: kept 86 row(s)
[done 1,838/2,805] 20231227.export.CSV.zip: kept 93 row(s)
[queued 1,843/2,805; selected 4,981] 20240103.export.CSV.zip
[queued 1,844/2,805; selected 4,981] 20240104.export.CSV.zip
  downloading 20240103.export.CSV.zip: 7.7 MB
[done 1,839/2,805] 20231230.export.CSV.zip: kept 62 row(s)
[queued 1,845/2,805; selected 4,981] 20240105.export.CSV.zip
  downloading 20240102.export.CSV.zip: 6.5 MB
  downloading 20240105.export.CSV.zip: 8.1 MB
  downloading 20240104.export.CSV.zip: 8.4 MB
[done 1,840/2,805] 20240103.export.CSV.zip: kept 133 row(s)
[queued 1,846/2,805; selected 4,981] 20240106.export.CSV.zip
  downloading 20240106.export.CSV.zip: 5.2 MB
[done 1,841/2,805] 20231231.export.CSV.zip: kept 70 row(s)
[queued 1,847/2,805; selected 4,981] 20240107.export.CSV.zip
  downloading 20240107.export.CSV.zip: 4.4 MB
[done 1,842/2,805] 20240105.export.CSV.zip: kept 134 row(s)
[queued 1,848/2,805; selected 4,981] 20240108.export.CSV.zip
  downloading 20240108.export.CSV.zip: 7.7 MB
[done 1,843/2,805] 20240104.export.CSV.zip: kept 124 row(s)
[queued 1,849/2,805; selected 4,981] 20240109.export.CSV.zip
  downloading 20240109.export.CSV.zip: 8.8 MB
[done 1,844/2,805] 20240101.export.CSV.zip: kept 59 row(s)
[queued 1,850/2,805; selected 4,981] 20240110.export.CSV.zip
  downloading 20240110.export.CSV.zip: 9.0 MB
[done 1,845/2,805] 20240106.export.CSV.zip: kept 73 row(s)
[queued 1,851/2,805; selected 4,981] 20240111.export.CSV.zip
  downloading 20240111.export.CSV.zip: 9.6 MB
[done 1,846/2,805] 20240102.export.CSV.zip: kept 86 row(s)
[queued 1,852/2,805; selected 4,981] 20240112.export.CSV.zip
  downloading 20240112.export.CSV.zip: 9.2 MB
[done 1,847/2,805] 20240108.export.CSV.zip: kept 122 row(s)
[queued 1,853/2,805; selected 4,981] 20240113.export.CSV.zip
[done 1,848/2,805] 20240107.export.CSV.zip: kept 83 row(s)
[queued 1,854/2,805; selected 4,981] 20240114.export.CSV.zip
  downloading 20240113.export.CSV.zip: 5.4 MB
  downloading 20240114.export.CSV.zip: 4.7 MB
[done 1,849/2,805] 20240110.export.CSV.zip: kept 113 row(s)
[queued 1,855/2,805; selected 4,981] 20240115.export.CSV.zip
  downloading 20240115.export.CSV.zip: 7.4 MB
[done 1,850/2,805] 20240111.export.CSV.zip: kept 139 row(s)
[queued 1,856/2,805; selected 4,981] 20240116.export.CSV.zip
  downloading 20240116.export.CSV.zip: 8.8 MB
[done 1,851/2,805] 20240109.export.CSV.zip: kept 129 row(s)
[queued 1,857/2,805; selected 4,981] 20240117.export.CSV.zip
  downloading 20240117.export.CSV.zip: 9.5 MB
[done 1,852/2,805] 20240113.export.CSV.zip: kept 111 row(s)
[queued 1,858/2,805; selected 4,981] 20240118.export.CSV.zip
  downloading 20240118.export.CSV.zip: 9.8 MB
[done 1,853/2,805] 20240114.export.CSV.zip: kept 70 row(s)
[queued 1,859/2,805; selected 4,981] 20240119.export.CSV.zip
  downloading 20240119.export.CSV.zip: 8.8 MB
[done 1,854/2,805] 20240115.export.CSV.zip: kept 91 row(s)
[queued 1,860/2,805; selected 4,981] 20240120.export.CSV.zip
  downloading 20240120.export.CSV.zip: 5.3 MB
[done 1,855/2,805] 20240116.export.CSV.zip: kept 91 row(s)
[queued 1,861/2,805; selected 4,981] 20240121.export.CSV.zip
[done 1,856/2,805] 20240112.export.CSV.zip: kept 113 row(s)
[queued 1,862/2,805; selected 4,981] 20240122.export.CSV.zip
  downloading 20240121.export.CSV.zip: 4.5 MB
  downloading 20240122.export.CSV.zip: 7.8 MB
[done 1,857/2,805] 20240117.export.CSV.zip: kept 115 row(s)
[queued 1,863/2,805; selected 4,981] 20240123.export.CSV.zip
  downloading 20240123.export.CSV.zip: 9.2 MB
[done 1,858/2,805] 20240119.export.CSV.zip: kept 93 row(s)
[queued 1,864/2,805; selected 4,981] 20240124.export.CSV.zip
  downloading 20240124.export.CSV.zip: 9.4 MB
[done 1,859/2,805] 20240121.export.CSV.zip: kept 76 row(s)
[queued 1,865/2,805; selected 4,981] 20240125.export.CSV.zip
[done 1,860/2,805] 20240122.export.CSV.zip: kept 86 row(s)
[queued 1,866/2,805; selected 4,981] 20240126.export.CSV.zip
  downloading 20240125.export.CSV.zip: 9.7 MB
  downloading 20240126.export.CSV.zip: 8.9 MB
[done 1,861/2,805] 20240120.export.CSV.zip: kept 80 row(s)
[queued 1,867/2,805; selected 4,981] 20240127.export.CSV.zip
  downloading 20240127.export.CSV.zip: 5.6 MB
[done 1,862/2,805] 20240126.export.CSV.zip: kept 71 row(s)
[queued 1,868/2,805; selected 4,981] 20240128.export.CSV.zip
[done 1,863/2,805] 20240118.export.CSV.zip: kept 129 row(s)
[queued 1,869/2,805; selected 4,981] 20240129.export.CSV.zip
  downloading 20240128.export.CSV.zip: 4.7 MB
  downloading 20240129.export.CSV.zip: 8.6 MB
[done 1,864/2,805] 20240127.export.CSV.zip: kept 90 row(s)
[queued 1,870/2,805; selected 4,981] 20240130.export.CSV.zip
  downloading 20240130.export.CSV.zip: 9.6 MB
[done 1,865/2,805] 20240123.export.CSV.zip: kept 118 row(s)
[queued 1,871/2,805; selected 4,981] 20240131.export.CSV.zip
  downloading 20240131.export.CSV.zip: 9.7 MB
[done 1,866/2,805] 20240125.export.CSV.zip: kept 107 row(s)
[queued 1,872/2,805; selected 4,981] 20240201.export.CSV.zip
  downloading 20240201.export.CSV.zip: 9.8 MB
[done 1,867/2,805] 20240129.export.CSV.zip: kept 84 row(s)
[queued 1,873/2,805; selected 4,981] 20240202.export.CSV.zip
  downloading 20240202.export.CSV.zip: 8.8 MB
[done 1,868/2,805] 20240128.export.CSV.zip: kept 66 row(s)
[queued 1,874/2,805; selected 4,981] 20240203.export.CSV.zip
  downloading 20240203.export.CSV.zip: 5.5 MB
[done 1,869/2,805] 20240124.export.CSV.zip: kept 107 row(s)
[queued 1,875/2,805; selected 4,981] 20240204.export.CSV.zip
  downloading 20240204.export.CSV.zip: 4.6 MB
[done 1,870/2,805] 20240130.export.CSV.zip: kept 104 row(s)
[queued 1,876/2,805; selected 4,981] 20240205.export.CSV.zip
  downloading 20240205.export.CSV.zip: 8.1 MB
[done 1,871/2,805] 20240203.export.CSV.zip: kept 91 row(s)
[queued 1,877/2,805; selected 4,981] 20240206.export.CSV.zip
  downloading 20240206.export.CSV.zip: 9.6 MB
[done 1,872/2,805] 20240202.export.CSV.zip: kept 126 row(s)
[queued 1,878/2,805; selected 4,981] 20240207.export.CSV.zip
[done 1,873/2,805] 20240131.export.CSV.zip: kept 106 row(s)
[done 1,874/2,805] 20240201.export.CSV.zip: kept 102 row(s)
[queued 1,879/2,805; selected 4,981] 20240208.export.CSV.zip
[queued 1,880/2,805; selected 4,981] 20240209.export.CSV.zip
  downloading 20240207.export.CSV.zip: 10.0 MB
  downloading 20240208.export.CSV.zip: 9.9 MB
  downloading 20240209.export.CSV.zip: 9.1 MB
[done 1,875/2,805] 20240205.export.CSV.zip: kept 104 row(s)
[queued 1,881/2,805; selected 4,981] 20240210.export.CSV.zip
  downloading 20240210.export.CSV.zip: 5.4 MB
[done 1,876/2,805] 20240204.export.CSV.zip: kept 84 row(s)
[queued 1,882/2,805; selected 4,981] 20240211.export.CSV.zip
  downloading 20240211.export.CSV.zip: 4.6 MB
[done 1,877/2,805] 20240210.export.CSV.zip: kept 100 row(s)
[queued 1,883/2,805; selected 4,981] 20240212.export.CSV.zip
  downloading 20240212.export.CSV.zip: 8.1 MB
[done 1,878/2,805] 20240207.export.CSV.zip: kept 120 row(s)
[queued 1,884/2,805; selected 4,981] 20240213.export.CSV.zip
  downloading 20240213.export.CSV.zip: 9.4 MB
[done 1,879/2,805] 20240208.export.CSV.zip: kept 148 row(s)
[queued 1,885/2,805; selected 4,981] 20240214.export.CSV.zip
[done 1,880/2,805] 20240206.export.CSV.zip: kept 110 row(s)
[queued 1,886/2,805; selected 4,981] 20240215.export.CSV.zip
[done 1,881/2,805] 20240209.export.CSV.zip: kept 119 row(s)
[queued 1,887/2,805; selected 4,981] 20240216.export.CSV.zip
  downloading 20240214.export.CSV.zip: 9.5 MB
  downloading 20240216.export.CSV.zip: 9.6 MB
  downloading 20240215.export.CSV.zip: 9.8 MB
[done 1,882/2,805] 20240211.export.CSV.zip: kept 76 row(s)
[queued 1,888/2,805; selected 4,981] 20240217.export.CSV.zip
  downloading 20240217.export.CSV.zip: 5.8 MB
[done 1,883/2,805] 20240214.export.CSV.zip: kept 95 row(s)
[queued 1,889/2,805; selected 4,981] 20240218.export.CSV.zip
  downloading 20240218.export.CSV.zip: 4.7 MB
[done 1,884/2,805] 20240213.export.CSV.zip: kept 104 row(s)
[queued 1,890/2,805; selected 4,981] 20240219.export.CSV.zip
  downloading 20240219.export.CSV.zip: 8.0 MB
[done 1,885/2,805] 20240217.export.CSV.zip: kept 76 row(s)
[queued 1,891/2,805; selected 4,981] 20240220.export.CSV.zip
  downloading 20240220.export.CSV.zip: 9.7 MB
[done 1,886/2,805] 20240215.export.CSV.zip: kept 80 row(s)
[queued 1,892/2,805; selected 4,981] 20240221.export.CSV.zip
[done 1,887/2,805] 20240216.export.CSV.zip: kept 103 row(s)
[queued 1,893/2,805; selected 4,981] 20240222.export.CSV.zip
  downloading 20240221.export.CSV.zip: 10.2 MB
  downloading 20240222.export.CSV.zip: 10.1 MB
[done 1,888/2,805] 20240218.export.CSV.zip: kept 56 row(s)
[queued 1,894/2,805; selected 4,981] 20240223.export.CSV.zip
[done 1,889/2,805] 20240212.export.CSV.zip: kept 120 row(s)
[queued 1,895/2,805; selected 4,981] 20240224.export.CSV.zip
  downloading 20240223.export.CSV.zip: 9.7 MB
  downloading 20240224.export.CSV.zip: 6.0 MB
[done 1,890/2,805] 20240221.export.CSV.zip: kept 114 row(s)
[queued 1,896/2,805; selected 4,981] 20240225.export.CSV.zip
  downloading 20240225.export.CSV.zip: 4.8 MB
[done 1,891/2,805] 20240219.export.CSV.zip: kept 98 row(s)
[queued 1,897/2,805; selected 4,981] 20240226.export.CSV.zip
  downloading 20240226.export.CSV.zip: 8.9 MB
[done 1,892/2,805] 20240222.export.CSV.zip: kept 96 row(s)
[queued 1,898/2,805; selected 4,981] 20240227.export.CSV.zip
  downloading 20240227.export.CSV.zip: 10.3 MB
[done 1,893/2,805] 20240224.export.CSV.zip: kept 81 row(s)
[queued 1,899/2,805; selected 4,981] 20240228.export.CSV.zip
  downloading 20240228.export.CSV.zip: 10.5 MB
[done 1,894/2,805] 20240223.export.CSV.zip: kept 88 row(s)
[queued 1,900/2,805; selected 4,981] 20240229.export.CSV.zip
  downloading 20240229.export.CSV.zip: 10.3 MB
[done 1,895/2,805] 20240225.export.CSV.zip: kept 61 row(s)
[queued 1,901/2,805; selected 4,981] 20240301.export.CSV.zip
  downloading 20240301.export.CSV.zip: 9.9 MB
[done 1,896/2,805] 20240220.export.CSV.zip: kept 110 row(s)
[queued 1,902/2,805; selected 4,981] 20240302.export.CSV.zip
  downloading 20240302.export.CSV.zip: 5.6 MB
[done 1,897/2,805] 20240226.export.CSV.zip: kept 103 row(s)
[queued 1,903/2,805; selected 4,981] 20240303.export.CSV.zip
  downloading 20240303.export.CSV.zip: 4.8 MB
[done 1,898/2,805] 20240229.export.CSV.zip: kept 117 row(s)
[queued 1,904/2,805; selected 4,981] 20240304.export.CSV.zip
  downloading 20240304.export.CSV.zip: 8.6 MB
[done 1,899/2,805] 20240302.export.CSV.zip: kept 77 row(s)
[queued 1,905/2,805; selected 4,981] 20240305.export.CSV.zip
  downloading 20240305.export.CSV.zip: 10.1 MB
[done 1,900/2,805] 20240301.export.CSV.zip: kept 99 row(s)
[queued 1,906/2,805; selected 4,981] 20240306.export.CSV.zip
  downloading 20240306.export.CSV.zip: 10.7 MB
[done 1,901/2,805] 20240303.export.CSV.zip: kept 75 row(s)
[queued 1,907/2,805; selected 4,981] 20240307.export.CSV.zip
  downloading 20240307.export.CSV.zip: 10.5 MB
[done 1,902/2,805] 20240227.export.CSV.zip: kept 109 row(s)
[queued 1,908/2,805; selected 4,981] 20240308.export.CSV.zip
[done 1,903/2,805] 20240304.export.CSV.zip: kept 104 row(s)
[queued 1,909/2,805; selected 4,981] 20240309.export.CSV.zip
  downloading 20240309.export.CSV.zip: 5.6 MB
  downloading 20240308.export.CSV.zip: 9.6 MB
[done 1,904/2,805] 20240228.export.CSV.zip: kept 93 row(s)
[queued 1,910/2,805; selected 4,981] 20240310.export.CSV.zip
  downloading 20240310.export.CSV.zip: 4.7 MB
[done 1,905/2,805] 20240306.export.CSV.zip: kept 136 row(s)
[queued 1,911/2,805; selected 4,981] 20240311.export.CSV.zip
  downloading 20240311.export.CSV.zip: 8.5 MB
[done 1,906/2,805] 20240308.export.CSV.zip: kept 101 row(s)
[queued 1,912/2,805; selected 4,981] 20240312.export.CSV.zip
  downloading 20240312.export.CSV.zip: 10.0 MB
[done 1,907/2,805] 20240309.export.CSV.zip: kept 71 row(s)
[queued 1,913/2,805; selected 4,981] 20240313.export.CSV.zip
  downloading 20240313.export.CSV.zip: 9.8 MB
[done 1,908/2,805] 20240310.export.CSV.zip: kept 59 row(s)
[queued 1,914/2,805; selected 4,981] 20240314.export.CSV.zip
  downloading 20240314.export.CSV.zip: 9.9 MB
[done 1,909/2,805] 20240305.export.CSV.zip: kept 153 row(s)
[queued 1,915/2,805; selected 4,981] 20240315.export.CSV.zip
  downloading 20240315.export.CSV.zip: 9.4 MB
[done 1,910/2,805] 20240307.export.CSV.zip: kept 115 row(s)
[queued 1,916/2,805; selected 4,981] 20240316.export.CSV.zip
  downloading 20240316.export.CSV.zip: 5.4 MB
[done 1,911/2,805] 20240312.export.CSV.zip: kept 136 row(s)
[queued 1,917/2,805; selected 4,981] 20240317.export.CSV.zip
  downloading 20240317.export.CSV.zip: 4.7 MB
[done 1,912/2,805] 20240311.export.CSV.zip: kept 114 row(s)
[queued 1,918/2,805; selected 4,981] 20240318.export.CSV.zip
[done 1,913/2,805] 20240313.export.CSV.zip: kept 94 row(s)
[queued 1,919/2,805; selected 4,981] 20240319.export.CSV.zip
  downloading 20240318.export.CSV.zip: 8.5 MB
  downloading 20240319.export.CSV.zip: 9.9 MB
[done 1,914/2,805] 20240316.export.CSV.zip: kept 74 row(s)
[queued 1,920/2,805; selected 4,981] 20240320.export.CSV.zip
  downloading 20240320.export.CSV.zip: 10.2 MB
[done 1,915/2,805] 20240315.export.CSV.zip: kept 99 row(s)
[queued 1,921/2,805; selected 4,981] 20240321.export.CSV.zip
  downloading 20240321.export.CSV.zip: 10.1 MB
[done 1,916/2,805] 20240317.export.CSV.zip: kept 90 row(s)
[queued 1,922/2,805; selected 4,981] 20240322.export.CSV.zip
  downloading 20240322.export.CSV.zip: 9.4 MB
[done 1,917/2,805] 20240314.export.CSV.zip: kept 88 row(s)
[queued 1,923/2,805; selected 4,981] 20240323.export.CSV.zip
[done 1,918/2,805] 20240318.export.CSV.zip: kept 126 row(s)
[queued 1,924/2,805; selected 4,981] 20240324.export.CSV.zip
  downloading 20240323.export.CSV.zip: 5.5 MB
  downloading 20240324.export.CSV.zip: 4.8 MB
[done 1,919/2,805] 20240319.export.CSV.zip: kept 110 row(s)
[queued 1,925/2,805; selected 4,981] 20240325.export.CSV.zip
  downloading 20240325.export.CSV.zip: 8.5 MB
[done 1,920/2,805] 20240321.export.CSV.zip: kept 123 row(s)
[queued 1,926/2,805; selected 4,981] 20240326.export.CSV.zip
  downloading 20240326.export.CSV.zip: 9.7 MB
[done 1,921/2,805] 20240324.export.CSV.zip: kept 84 row(s)
[queued 1,927/2,805; selected 4,981] 20240327.export.CSV.zip
  downloading 20240327.export.CSV.zip: 9.6 MB
[done 1,922/2,805] 20240325.export.CSV.zip: kept 91 row(s)
[queued 1,928/2,805; selected 4,981] 20240328.export.CSV.zip
  downloading 20240328.export.CSV.zip: 9.4 MB
[done 1,923/2,805] 20240323.export.CSV.zip: kept 93 row(s)
[queued 1,929/2,805; selected 4,981] 20240329.export.CSV.zip
  downloading 20240329.export.CSV.zip: 7.9 MB
[done 1,924/2,805] 20240320.export.CSV.zip: kept 93 row(s)
[queued 1,930/2,805; selected 4,981] 20240330.export.CSV.zip
  downloading 20240330.export.CSV.zip: 4.8 MB
[done 1,925/2,805] 20240322.export.CSV.zip: kept 103 row(s)
[queued 1,931/2,805; selected 4,981] 20240331.export.CSV.zip
  downloading 20240331.export.CSV.zip: 4.2 MB
[done 1,926/2,805] 20240326.export.CSV.zip: kept 119 row(s)
[queued 1,932/2,805; selected 4,981] 20240401.export.CSV.zip
  downloading 20240401.export.CSV.zip: 7.3 MB
[done 1,927/2,805] 20240329.export.CSV.zip: kept 82 row(s)
[queued 1,933/2,805; selected 4,981] 20240402.export.CSV.zip
  downloading 20240402.export.CSV.zip: 9.4 MB
[done 1,928/2,805] 20240331.export.CSV.zip: kept 78 row(s)
[queued 1,934/2,805; selected 4,981] 20240403.export.CSV.zip
[done 1,929/2,805] 20240330.export.CSV.zip: kept 85 row(s)
[queued 1,935/2,805; selected 4,981] 20240404.export.CSV.zip
  downloading 20240403.export.CSV.zip: 9.6 MB
  downloading 20240404.export.CSV.zip: 9.6 MB
[done 1,930/2,805] 20240328.export.CSV.zip: kept 77 row(s)
[queued 1,936/2,805; selected 4,981] 20240405.export.CSV.zip
  downloading 20240405.export.CSV.zip: 8.9 MB
[done 1,931/2,805] 20240401.export.CSV.zip: kept 105 row(s)
[queued 1,937/2,805; selected 4,981] 20240406.export.CSV.zip
[done 1,932/2,805] 20240327.export.CSV.zip: kept 115 row(s)
[queued 1,938/2,805; selected 4,981] 20240407.export.CSV.zip
  downloading 20240406.export.CSV.zip: 5.2 MB
  downloading 20240407.export.CSV.zip: 4.7 MB
[done 1,933/2,805] 20240402.export.CSV.zip: kept 116 row(s)
[queued 1,939/2,805; selected 4,981] 20240408.export.CSV.zip
  downloading 20240408.export.CSV.zip: 8.3 MB
[done 1,934/2,805] 20240406.export.CSV.zip: kept 100 row(s)
[queued 1,940/2,805; selected 4,981] 20240409.export.CSV.zip
  downloading 20240409.export.CSV.zip: 9.4 MB
[done 1,935/2,805] 20240407.export.CSV.zip: kept 120 row(s)
[queued 1,941/2,805; selected 4,981] 20240410.export.CSV.zip
  downloading 20240410.export.CSV.zip: 9.3 MB
[done 1,936/2,805] 20240404.export.CSV.zip: kept 93 row(s)
[queued 1,942/2,805; selected 4,981] 20240411.export.CSV.zip
  downloading 20240411.export.CSV.zip: 9.2 MB
[done 1,937/2,805] 20240403.export.CSV.zip: kept 108 row(s)
[queued 1,943/2,805; selected 4,981] 20240412.export.CSV.zip
[done 1,938/2,805] 20240405.export.CSV.zip: kept 84 row(s)
[queued 1,944/2,805; selected 4,981] 20240413.export.CSV.zip
  downloading 20240412.export.CSV.zip: 9.0 MB
  downloading 20240413.export.CSV.zip: 5.3 MB
[done 1,939/2,805] 20240408.export.CSV.zip: kept 140 row(s)
[queued 1,945/2,805; selected 4,981] 20240414.export.CSV.zip
  downloading 20240414.export.CSV.zip: 5.2 MB
[done 1,940/2,805] 20240409.export.CSV.zip: kept 128 row(s)
[queued 1,946/2,805; selected 4,981] 20240415.export.CSV.zip
  downloading 20240415.export.CSV.zip: 8.4 MB
[done 1,941/2,805] 20240413.export.CSV.zip: kept 86 row(s)
[queued 1,947/2,805; selected 4,981] 20240416.export.CSV.zip
  downloading 20240416.export.CSV.zip: 9.3 MB
[done 1,942/2,805] 20240412.export.CSV.zip: kept 109 row(s)
[queued 1,948/2,805; selected 4,981] 20240417.export.CSV.zip
  downloading 20240417.export.CSV.zip: 9.6 MB
[done 1,943/2,805] 20240414.export.CSV.zip: kept 72 row(s)
[queued 1,949/2,805; selected 4,981] 20240418.export.CSV.zip
  downloading 20240418.export.CSV.zip: 9.5 MB
[done 1,944/2,805] 20240410.export.CSV.zip: kept 107 row(s)
[queued 1,950/2,805; selected 4,981] 20240419.export.CSV.zip
  downloading 20240419.export.CSV.zip: 9.0 MB
[done 1,945/2,805] 20240411.export.CSV.zip: kept 118 row(s)
[queued 1,951/2,805; selected 4,981] 20240420.export.CSV.zip
  downloading 20240420.export.CSV.zip: 5.4 MB
[done 1,946/2,805] 20240415.export.CSV.zip: kept 96 row(s)
[queued 1,952/2,805; selected 4,981] 20240421.export.CSV.zip
  downloading 20240421.export.CSV.zip: 4.5 MB
[done 1,947/2,805] 20240417.export.CSV.zip: kept 100 row(s)
[queued 1,953/2,805; selected 4,981] 20240422.export.CSV.zip
  downloading 20240422.export.CSV.zip: 8.5 MB
[done 1,948/2,805] 20240421.export.CSV.zip: kept 96 row(s)
[queued 1,954/2,805; selected 4,981] 20240423.export.CSV.zip
  downloading 20240423.export.CSV.zip: 9.4 MB
[done 1,949/2,805] 20240416.export.CSV.zip: kept 122 row(s)
[queued 1,955/2,805; selected 4,981] 20240424.export.CSV.zip
[done 1,950/2,805] 20240420.export.CSV.zip: kept 84 row(s)
[queued 1,956/2,805; selected 4,981] 20240425.export.CSV.zip
[done 1,951/2,805] 20240418.export.CSV.zip: kept 110 row(s)
[queued 1,957/2,805; selected 4,981] 20240426.export.CSV.zip
  downloading 20240424.export.CSV.zip: 9.9 MB
  downloading 20240425.export.CSV.zip: 10.0 MB
  downloading 20240426.export.CSV.zip: 9.2 MB
[done 1,952/2,805] 20240419.export.CSV.zip: kept 104 row(s)
[queued 1,958/2,805; selected 4,981] 20240427.export.CSV.zip
  downloading 20240427.export.CSV.zip: 5.4 MB
[done 1,953/2,805] 20240422.export.CSV.zip: kept 131 row(s)
[queued 1,959/2,805; selected 4,981] 20240428.export.CSV.zip
  downloading 20240428.export.CSV.zip: 4.7 MB
[done 1,954/2,805] 20240423.export.CSV.zip: kept 93 row(s)
[queued 1,960/2,805; selected 4,981] 20240429.export.CSV.zip
[done 1,955/2,805] 20240424.export.CSV.zip: kept 83 row(s)
[queued 1,961/2,805; selected 4,981] 20240430.export.CSV.zip
  downloading 20240430.export.CSV.zip: 9.3 MB
  downloading 20240429.export.CSV.zip: 8.5 MB
[done 1,956/2,805] 20240427.export.CSV.zip: kept 71 row(s)
[queued 1,962/2,805; selected 4,981] 20240501.export.CSV.zip
  downloading 20240501.export.CSV.zip: 9.2 MB
[done 1,957/2,805] 20240425.export.CSV.zip: kept 87 row(s)
[queued 1,963/2,805; selected 4,981] 20240502.export.CSV.zip
[done 1,958/2,805] 20240426.export.CSV.zip: kept 100 row(s)
[queued 1,964/2,805; selected 4,981] 20240503.export.CSV.zip
  downloading 20240502.export.CSV.zip: 9.5 MB
  downloading 20240503.export.CSV.zip: 9.0 MB
[done 1,959/2,805] 20240428.export.CSV.zip: kept 69 row(s)
[queued 1,965/2,805; selected 4,981] 20240504.export.CSV.zip
  downloading 20240504.export.CSV.zip: 5.4 MB
[done 1,960/2,805] 20240430.export.CSV.zip: kept 123 row(s)
[queued 1,966/2,805; selected 4,981] 20240505.export.CSV.zip
  downloading 20240505.export.CSV.zip: 4.6 MB
[done 1,961/2,805] 20240429.export.CSV.zip: kept 98 row(s)
[queued 1,967/2,805; selected 4,981] 20240506.export.CSV.zip
  downloading 20240506.export.CSV.zip: 8.3 MB
[done 1,962/2,805] 20240503.export.CSV.zip: kept 109 row(s)
[queued 1,968/2,805; selected 4,981] 20240507.export.CSV.zip
[done 1,963/2,805] 20240502.export.CSV.zip: kept 90 row(s)
[queued 1,969/2,805; selected 4,981] 20240508.export.CSV.zip
  downloading 20240507.export.CSV.zip: 9.5 MB
  downloading 20240508.export.CSV.zip: 9.6 MB
[done 1,964/2,805] 20240504.export.CSV.zip: kept 130 row(s)
[queued 1,970/2,805; selected 4,981] 20240509.export.CSV.zip
[done 1,965/2,805] 20240505.export.CSV.zip: kept 98 row(s)
[queued 1,971/2,805; selected 4,981] 20240510.export.CSV.zip
  downloading 20240509.export.CSV.zip: 9.4 MB
  downloading 20240510.export.CSV.zip: 8.7 MB
[done 1,966/2,805] 20240501.export.CSV.zip: kept 92 row(s)
[queued 1,972/2,805; selected 4,981] 20240511.export.CSV.zip
  downloading 20240511.export.CSV.zip: 5.1 MB
[done 1,967/2,805] 20240507.export.CSV.zip: kept 102 row(s)
[queued 1,973/2,805; selected 4,981] 20240512.export.CSV.zip
  downloading 20240512.export.CSV.zip: 4.3 MB
[done 1,968/2,805] 20240506.export.CSV.zip: kept 106 row(s)
[queued 1,974/2,805; selected 4,981] 20240513.export.CSV.zip
  downloading 20240513.export.CSV.zip: 8.0 MB
[done 1,969/2,805] 20240510.export.CSV.zip: kept 116 row(s)
[queued 1,975/2,805; selected 4,981] 20240514.export.CSV.zip
[done 1,970/2,805] 20240508.export.CSV.zip: kept 124 row(s)
[queued 1,976/2,805; selected 4,981] 20240515.export.CSV.zip
  downloading 20240514.export.CSV.zip: 9.3 MB
  downloading 20240515.export.CSV.zip: 9.8 MB
[done 1,971/2,805] 20240512.export.CSV.zip: kept 68 row(s)
[queued 1,977/2,805; selected 4,981] 20240516.export.CSV.zip
  downloading 20240516.export.CSV.zip: 9.8 MB
[done 1,972/2,805] 20240509.export.CSV.zip: kept 128 row(s)
[queued 1,978/2,805; selected 4,981] 20240517.export.CSV.zip
[done 1,973/2,805] 20240511.export.CSV.zip: kept 87 row(s)
[queued 1,979/2,805; selected 4,981] 20240518.export.CSV.zip
  downloading 20240517.export.CSV.zip: 9.0 MB
  downloading 20240518.export.CSV.zip: 5.3 MB
[done 1,974/2,805] 20240514.export.CSV.zip: kept 101 row(s)
[queued 1,980/2,805; selected 4,981] 20240519.export.CSV.zip
  downloading 20240519.export.CSV.zip: 4.5 MB
[done 1,975/2,805] 20240515.export.CSV.zip: kept 108 row(s)
[queued 1,981/2,805; selected 4,981] 20240520.export.CSV.zip
[done 1,976/2,805] 20240516.export.CSV.zip: kept 85 row(s)
[queued 1,982/2,805; selected 4,981] 20240521.export.CSV.zip
  downloading 20240520.export.CSV.zip: 8.4 MB
  downloading 20240521.export.CSV.zip: 9.4 MB
[done 1,977/2,805] 20240518.export.CSV.zip: kept 83 row(s)
[queued 1,983/2,805; selected 4,981] 20240522.export.CSV.zip
  downloading 20240522.export.CSV.zip: 9.6 MB
[done 1,978/2,805] 20240513.export.CSV.zip: kept 91 row(s)
[queued 1,984/2,805; selected 4,981] 20240523.export.CSV.zip
  downloading 20240523.export.CSV.zip: 9.3 MB
[done 1,979/2,805] 20240517.export.CSV.zip: kept 84 row(s)
[queued 1,985/2,805; selected 4,981] 20240524.export.CSV.zip
  downloading 20240524.export.CSV.zip: 8.7 MB
[done 1,980/2,805] 20240520.export.CSV.zip: kept 98 row(s)
[queued 1,986/2,805; selected 4,981] 20240525.export.CSV.zip
[done 1,981/2,805] 20240521.export.CSV.zip: kept 104 row(s)
[queued 1,987/2,805; selected 4,981] 20240526.export.CSV.zip
  downloading 20240526.export.CSV.zip: 4.3 MB
[done 1,982/2,805] 20240519.export.CSV.zip: kept 72 row(s)
[queued 1,988/2,805; selected 4,981] 20240527.export.CSV.zip
  downloading 20240525.export.CSV.zip: 5.2 MB
  downloading 20240527.export.CSV.zip: 6.7 MB
[done 1,983/2,805] 20240526.export.CSV.zip: kept 66 row(s)
[queued 1,989/2,805; selected 4,981] 20240528.export.CSV.zip
[done 1,984/2,805] 20240525.export.CSV.zip: kept 68 row(s)
[queued 1,990/2,805; selected 4,981] 20240529.export.CSV.zip
  downloading 20240528.export.CSV.zip: 8.6 MB
  downloading 20240529.export.CSV.zip: 9.2 MB
[done 1,985/2,805] 20240523.export.CSV.zip: kept 94 row(s)
[queued 1,991/2,805; selected 4,981] 20240530.export.CSV.zip
  downloading 20240530.export.CSV.zip: 9.3 MB
[done 1,986/2,805] 20240527.export.CSV.zip: kept 74 row(s)
[queued 1,992/2,805; selected 4,981] 20240531.export.CSV.zip
  downloading 20240531.export.CSV.zip: 9.3 MB
[done 1,987/2,805] 20240524.export.CSV.zip: kept 86 row(s)
[queued 1,993/2,805; selected 4,981] 20240601.export.CSV.zip
  downloading 20240601.export.CSV.zip: 5.4 MB
[done 1,988/2,805] 20240528.export.CSV.zip: kept 98 row(s)
[queued 1,994/2,805; selected 4,981] 20240602.export.CSV.zip
  downloading 20240602.export.CSV.zip: 4.4 MB
[done 1,989/2,805] 20240530.export.CSV.zip: kept 87 row(s)
[queued 1,995/2,805; selected 4,981] 20240603.export.CSV.zip
[done 1,990/2,805] 20240522.export.CSV.zip: kept 86 row(s)
[queued 1,996/2,805; selected 4,981] 20240604.export.CSV.zip
  downloading 20240603.export.CSV.zip: 7.9 MB
  downloading 20240604.export.CSV.zip: 8.8 MB
[done 1,991/2,805] 20240601.export.CSV.zip: kept 65 row(s)
[queued 1,997/2,805; selected 4,981] 20240605.export.CSV.zip
  downloading 20240605.export.CSV.zip: 9.3 MB
[done 1,992/2,805] 20240531.export.CSV.zip: kept 71 row(s)
[queued 1,998/2,805; selected 4,981] 20240606.export.CSV.zip
  downloading 20240606.export.CSV.zip: 9.6 MB
[done 1,993/2,805] 20240529.export.CSV.zip: kept 94 row(s)
[queued 1,999/2,805; selected 4,981] 20240607.export.CSV.zip
[done 1,994/2,805] 20240603.export.CSV.zip: kept 67 row(s)
[queued 2,000/2,805; selected 4,981] 20240608.export.CSV.zip
  downloading 20240607.export.CSV.zip: 8.7 MB
  downloading 20240608.export.CSV.zip: 5.1 MB
[done 1,995/2,805] 20240602.export.CSV.zip: kept 67 row(s)
[queued 2,001/2,805; selected 4,981] 20240609.export.CSV.zip
  downloading 20240609.export.CSV.zip: 4.4 MB
[done 1,996/2,805] 20240605.export.CSV.zip: kept 93 row(s)
[queued 2,002/2,805; selected 4,981] 20240610.export.CSV.zip
[done 1,997/2,805] 20240604.export.CSV.zip: kept 102 row(s)
[queued 2,003/2,805; selected 4,981] 20240611.export.CSV.zip
  downloading 20240610.export.CSV.zip: 7.7 MB
  downloading 20240611.export.CSV.zip: 9.0 MB
[done 1,998/2,805] 20240607.export.CSV.zip: kept 80 row(s)
[queued 2,004/2,805; selected 4,981] 20240612.export.CSV.zip
  downloading 20240612.export.CSV.zip: 9.1 MB
[done 1,999/2,805] 20240608.export.CSV.zip: kept 72 row(s)
[queued 2,005/2,805; selected 4,981] 20240613.export.CSV.zip
  downloading 20240613.export.CSV.zip: 9.4 MB
[done 2,000/2,805] 20240609.export.CSV.zip: kept 73 row(s)
[queued 2,006/2,805; selected 4,981] 20240614.export.CSV.zip
  downloading 20240614.export.CSV.zip: 8.7 MB
[done 2,001/2,805] 20240611.export.CSV.zip: kept 86 row(s)
[queued 2,007/2,805; selected 4,981] 20240615.export.CSV.zip
  downloading 20240615.export.CSV.zip: 6.0 MB
[done 2,002/2,805] 20240610.export.CSV.zip: kept 100 row(s)
[queued 2,008/2,805; selected 4,981] 20240616.export.CSV.zip
  downloading 20240616.export.CSV.zip: 5.0 MB
[done 2,003/2,805] 20240606.export.CSV.zip: kept 92 row(s)
[queued 2,009/2,805; selected 4,981] 20240617.export.CSV.zip
  downloading 20240617.export.CSV.zip: 8.0 MB
[done 2,004/2,805] 20240613.export.CSV.zip: kept 74 row(s)
[queued 2,010/2,805; selected 4,981] 20240618.export.CSV.zip
  downloading 20240618.export.CSV.zip: 8.3 MB
[done 2,005/2,805] 20240615.export.CSV.zip: kept 100 row(s)
[queued 2,011/2,805; selected 4,981] 20240619.export.CSV.zip
  downloading 20240619.export.CSV.zip: 8.4 MB
[done 2,006/2,805] 20240614.export.CSV.zip: kept 105 row(s)
[queued 2,012/2,805; selected 4,981] 20240620.export.CSV.zip
  downloading 20240620.export.CSV.zip: 8.6 MB
[done 2,007/2,805] 20240617.export.CSV.zip: kept 135 row(s)
[queued 2,013/2,805; selected 4,981] 20240621.export.CSV.zip
  downloading 20240621.export.CSV.zip: 8.4 MB
[done 2,008/2,805] 20240619.export.CSV.zip: kept 132 row(s)
[queued 2,014/2,805; selected 4,981] 20240622.export.CSV.zip
[done 2,009/2,805] 20240612.export.CSV.zip: kept 90 row(s)
[queued 2,015/2,805; selected 4,981] 20240623.export.CSV.zip
  downloading 20240622.export.CSV.zip: 4.8 MB
[done 2,010/2,805] 20240616.export.CSV.zip: kept 82 row(s)
[queued 2,016/2,805; selected 4,981] 20240624.export.CSV.zip
  downloading 20240623.export.CSV.zip: 4.3 MB
  downloading 20240624.export.CSV.zip: 7.8 MB
[done 2,011/2,805] 20240618.export.CSV.zip: kept 131 row(s)
[queued 2,017/2,805; selected 4,981] 20240625.export.CSV.zip
  downloading 20240625.export.CSV.zip: 9.2 MB
[done 2,012/2,805] 20240620.export.CSV.zip: kept 117 row(s)
[queued 2,018/2,805; selected 4,981] 20240626.export.CSV.zip
  downloading 20240626.export.CSV.zip: 9.2 MB
[done 2,013/2,805] 20240622.export.CSV.zip: kept 80 row(s)
[queued 2,019/2,805; selected 4,981] 20240627.export.CSV.zip
[done 2,014/2,805] 20240623.export.CSV.zip: kept 75 row(s)
[queued 2,020/2,805; selected 4,981] 20240628.export.CSV.zip
  downloading 20240627.export.CSV.zip: 9.0 MB
  downloading 20240628.export.CSV.zip: 8.3 MB
[done 2,015/2,805] 20240621.export.CSV.zip: kept 110 row(s)
[queued 2,021/2,805; selected 4,981] 20240629.export.CSV.zip
  downloading 20240629.export.CSV.zip: 4.6 MB
[done 2,016/2,805] 20240624.export.CSV.zip: kept 95 row(s)
[queued 2,022/2,805; selected 4,981] 20240630.export.CSV.zip
  downloading 20240630.export.CSV.zip: 4.0 MB
[done 2,017/2,805] 20240625.export.CSV.zip: kept 105 row(s)
[queued 2,023/2,805; selected 4,981] 20240701.export.CSV.zip
[done 2,018/2,805] 20240626.export.CSV.zip: kept 118 row(s)
[queued 2,024/2,805; selected 4,981] 20240702.export.CSV.zip
  downloading 20240701.export.CSV.zip: 7.3 MB
  downloading 20240702.export.CSV.zip: 8.4 MB
[done 2,019/2,805] 20240628.export.CSV.zip: kept 77 row(s)
[queued 2,025/2,805; selected 4,981] 20240703.export.CSV.zip
  downloading 20240703.export.CSV.zip: 8.7 MB
[done 2,020/2,805] 20240629.export.CSV.zip: kept 73 row(s)
[queued 2,026/2,805; selected 4,981] 20240704.export.CSV.zip
  downloading 20240704.export.CSV.zip: 7.3 MB
[done 2,021/2,805] 20240627.export.CSV.zip: kept 98 row(s)
[queued 2,027/2,805; selected 4,981] 20240705.export.CSV.zip
[done 2,022/2,805] 20240630.export.CSV.zip: kept 65 row(s)
[queued 2,028/2,805; selected 4,981] 20240706.export.CSV.zip
  downloading 20240706.export.CSV.zip: 4.4 MB
  downloading 20240705.export.CSV.zip: 7.4 MB
[done 2,023/2,805] 20240703.export.CSV.zip: kept 118 row(s)
[queued 2,029/2,805; selected 4,981] 20240707.export.CSV.zip
[done 2,024/2,805] 20240701.export.CSV.zip: kept 86 row(s)
[queued 2,030/2,805; selected 4,981] 20240708.export.CSV.zip
  downloading 20240707.export.CSV.zip: 4.0 MB
  downloading 20240708.export.CSV.zip: 7.8 MB
[done 2,025/2,805] 20240702.export.CSV.zip: kept 93 row(s)
[queued 2,031/2,805; selected 4,981] 20240709.export.CSV.zip
  downloading 20240709.export.CSV.zip: 8.5 MB
[done 2,026/2,805] 20240704.export.CSV.zip: kept 72 row(s)
[queued 2,032/2,805; selected 4,981] 20240710.export.CSV.zip
  downloading 20240710.export.CSV.zip: 8.8 MB
[done 2,027/2,805] 20240705.export.CSV.zip: kept 74 row(s)
[queued 2,033/2,805; selected 4,981] 20240711.export.CSV.zip
[done 2,028/2,805] 20240706.export.CSV.zip: kept 80 row(s)
[queued 2,034/2,805; selected 4,981] 20240712.export.CSV.zip
  downloading 20240711.export.CSV.zip: 9.0 MB
  downloading 20240712.export.CSV.zip: 8.2 MB
[done 2,029/2,805] 20240708.export.CSV.zip: kept 121 row(s)
[queued 2,035/2,805; selected 4,981] 20240713.export.CSV.zip
  downloading 20240713.export.CSV.zip: 4.8 MB
[done 2,030/2,805] 20240707.export.CSV.zip: kept 83 row(s)
[queued 2,036/2,805; selected 4,981] 20240714.export.CSV.zip
  downloading 20240714.export.CSV.zip: 4.5 MB
[done 2,031/2,805] 20240710.export.CSV.zip: kept 109 row(s)
[queued 2,037/2,805; selected 4,981] 20240715.export.CSV.zip
[done 2,032/2,805] 20240709.export.CSV.zip: kept 118 row(s)
[queued 2,038/2,805; selected 4,981] 20240716.export.CSV.zip
  downloading 20240715.export.CSV.zip: 7.5 MB
  downloading 20240716.export.CSV.zip: 8.6 MB
[done 2,033/2,805] 20240712.export.CSV.zip: kept 116 row(s)
[queued 2,039/2,805; selected 4,981] 20240717.export.CSV.zip
  downloading 20240717.export.CSV.zip: 8.9 MB
[done 2,034/2,805] 20240711.export.CSV.zip: kept 102 row(s)
[queued 2,040/2,805; selected 4,981] 20240718.export.CSV.zip
[done 2,035/2,805] 20240713.export.CSV.zip: kept 103 row(s)
[queued 2,041/2,805; selected 4,981] 20240719.export.CSV.zip
  downloading 20240719.export.CSV.zip: 8.4 MB
  downloading 20240718.export.CSV.zip: 8.7 MB
[done 2,036/2,805] 20240715.export.CSV.zip: kept 100 row(s)
[queued 2,042/2,805; selected 4,981] 20240720.export.CSV.zip
  downloading 20240720.export.CSV.zip: 4.9 MB
[done 2,037/2,805] 20240714.export.CSV.zip: kept 63 row(s)
[queued 2,043/2,805; selected 4,981] 20240721.export.CSV.zip
  downloading 20240721.export.CSV.zip: 4.5 MB
[done 2,038/2,805] 20240716.export.CSV.zip: kept 97 row(s)
[queued 2,044/2,805; selected 4,981] 20240722.export.CSV.zip
  downloading 20240722.export.CSV.zip: 7.9 MB
[done 2,039/2,805] 20240720.export.CSV.zip: kept 68 row(s)
[queued 2,045/2,805; selected 4,981] 20240723.export.CSV.zip
  downloading 20240723.export.CSV.zip: 8.6 MB
[done 2,040/2,805] 20240718.export.CSV.zip: kept 84 row(s)
[queued 2,046/2,805; selected 4,981] 20240724.export.CSV.zip
  downloading 20240724.export.CSV.zip: 8.8 MB
[done 2,041/2,805] 20240721.export.CSV.zip: kept 70 row(s)
[queued 2,047/2,805; selected 4,981] 20240725.export.CSV.zip
[done 2,042/2,805] 20240717.export.CSV.zip: kept 95 row(s)
[queued 2,048/2,805; selected 4,981] 20240726.export.CSV.zip
  downloading 20240725.export.CSV.zip: 8.8 MB
[done 2,043/2,805] 20240722.export.CSV.zip: kept 103 row(s)
[queued 2,049/2,805; selected 4,981] 20240727.export.CSV.zip
  downloading 20240726.export.CSV.zip: 8.1 MB
  downloading 20240727.export.CSV.zip: 4.8 MB
[done 2,044/2,805] 20240719.export.CSV.zip: kept 102 row(s)
[queued 2,050/2,805; selected 4,981] 20240728.export.CSV.zip
  downloading 20240728.export.CSV.zip: 3.9 MB
[done 2,045/2,805] 20240724.export.CSV.zip: kept 114 row(s)
[queued 2,051/2,805; selected 4,981] 20240729.export.CSV.zip
  downloading 20240729.export.CSV.zip: 7.2 MB
[done 2,046/2,805] 20240727.export.CSV.zip: kept 95 row(s)
[queued 2,052/2,805; selected 4,981] 20240730.export.CSV.zip
[done 2,047/2,805] 20240728.export.CSV.zip: kept 123 row(s)
[queued 2,053/2,805; selected 4,981] 20240731.export.CSV.zip
  downloading 20240730.export.CSV.zip: 8.3 MB
  downloading 20240731.export.CSV.zip: 8.7 MB
[done 2,048/2,805] 20240725.export.CSV.zip: kept 92 row(s)
[queued 2,054/2,805; selected 4,981] 20240801.export.CSV.zip
  downloading 20240801.export.CSV.zip: 9.1 MB
[done 2,049/2,805] 20240726.export.CSV.zip: kept 129 row(s)
[queued 2,055/2,805; selected 4,981] 20240802.export.CSV.zip
  downloading 20240802.export.CSV.zip: 8.2 MB
[done 2,050/2,805] 20240723.export.CSV.zip: kept 83 row(s)
[queued 2,056/2,805; selected 4,981] 20240803.export.CSV.zip
  downloading 20240803.export.CSV.zip: 4.7 MB
[done 2,051/2,805] 20240731.export.CSV.zip: kept 110 row(s)
[queued 2,057/2,805; selected 4,981] 20240804.export.CSV.zip
  downloading 20240804.export.CSV.zip: 4.1 MB
[done 2,052/2,805] 20240729.export.CSV.zip: kept 87 row(s)
[queued 2,058/2,805; selected 4,981] 20240805.export.CSV.zip
[done 2,053/2,805] 20240801.export.CSV.zip: kept 69 row(s)
[queued 2,059/2,805; selected 4,981] 20240806.export.CSV.zip
  downloading 20240805.export.CSV.zip: 7.4 MB
  downloading 20240806.export.CSV.zip: 8.5 MB
[done 2,054/2,805] 20240730.export.CSV.zip: kept 96 row(s)
[queued 2,060/2,805; selected 4,981] 20240807.export.CSV.zip
[done 2,055/2,805] 20240802.export.CSV.zip: kept 83 row(s)
[queued 2,061/2,805; selected 4,981] 20240808.export.CSV.zip
  downloading 20240807.export.CSV.zip: 8.6 MB
  downloading 20240808.export.CSV.zip: 8.4 MB
[done 2,056/2,805] 20240803.export.CSV.zip: kept 82 row(s)
[queued 2,062/2,805; selected 4,981] 20240809.export.CSV.zip
  downloading 20240809.export.CSV.zip: 8.0 MB
[done 2,057/2,805] 20240804.export.CSV.zip: kept 80 row(s)
[queued 2,063/2,805; selected 4,981] 20240810.export.CSV.zip
  downloading 20240810.export.CSV.zip: 5.3 MB
[done 2,058/2,805] 20240808.export.CSV.zip: kept 85 row(s)
[queued 2,064/2,805; selected 4,981] 20240811.export.CSV.zip
  downloading 20240811.export.CSV.zip: 4.0 MB
[done 2,059/2,805] 20240807.export.CSV.zip: kept 91 row(s)
[queued 2,065/2,805; selected 4,981] 20240812.export.CSV.zip
  downloading 20240812.export.CSV.zip: 7.2 MB
[done 2,060/2,805] 20240809.export.CSV.zip: kept 77 row(s)
[queued 2,066/2,805; selected 4,981] 20240813.export.CSV.zip
  downloading 20240813.export.CSV.zip: 8.2 MB
[done 2,061/2,805] 20240805.export.CSV.zip: kept 102 row(s)
[queued 2,067/2,805; selected 4,981] 20240814.export.CSV.zip
  downloading 20240814.export.CSV.zip: 8.5 MB
[done 2,062/2,805] 20240806.export.CSV.zip: kept 88 row(s)
[queued 2,068/2,805; selected 4,981] 20240815.export.CSV.zip
[done 2,063/2,805] 20240811.export.CSV.zip: kept 64 row(s)
  downloading 20240815.export.CSV.zip: 8.5 MB
[queued 2,069/2,805; selected 4,981] 20240816.export.CSV.zip
  downloading 20240816.export.CSV.zip: 8.2 MB
[done 2,064/2,805] 20240812.export.CSV.zip: kept 104 row(s)
[queued 2,070/2,805; selected 4,981] 20240817.export.CSV.zip
  downloading 20240817.export.CSV.zip: 4.9 MB
[done 2,065/2,805] 20240810.export.CSV.zip: kept 65 row(s)
[queued 2,071/2,805; selected 4,981] 20240818.export.CSV.zip
  downloading 20240818.export.CSV.zip: 4.2 MB
[done 2,066/2,805] 20240817.export.CSV.zip: kept 116 row(s)
[queued 2,072/2,805; selected 4,981] 20240819.export.CSV.zip
  downloading 20240819.export.CSV.zip: 7.6 MB
[done 2,067/2,805] 20240816.export.CSV.zip: kept 130 row(s)
[queued 2,073/2,805; selected 4,981] 20240820.export.CSV.zip
[done 2,068/2,805] 20240813.export.CSV.zip: kept 126 row(s)
[queued 2,074/2,805; selected 4,981] 20240821.export.CSV.zip
  downloading 20240820.export.CSV.zip: 9.1 MB
  downloading 20240821.export.CSV.zip: 8.7 MB
[done 2,069/2,805] 20240818.export.CSV.zip: kept 71 row(s)
[queued 2,075/2,805; selected 4,981] 20240822.export.CSV.zip
  downloading 20240822.export.CSV.zip: 8.9 MB
[done 2,070/2,805] 20240815.export.CSV.zip: kept 135 row(s)
[queued 2,076/2,805; selected 4,981] 20240823.export.CSV.zip
  downloading 20240823.export.CSV.zip: 8.2 MB
[done 2,071/2,805] 20240814.export.CSV.zip: kept 125 row(s)
[queued 2,077/2,805; selected 4,981] 20240824.export.CSV.zip
  downloading 20240824.export.CSV.zip: 4.8 MB
[done 2,072/2,805] 20240820.export.CSV.zip: kept 99 row(s)
[queued 2,078/2,805; selected 4,981] 20240825.export.CSV.zip
  downloading 20240825.export.CSV.zip: 4.4 MB
[done 2,073/2,805] 20240821.export.CSV.zip: kept 98 row(s)
[queued 2,079/2,805; selected 4,981] 20240826.export.CSV.zip
  downloading 20240826.export.CSV.zip: 7.3 MB
[done 2,074/2,805] 20240822.export.CSV.zip: kept 99 row(s)
[queued 2,080/2,805; selected 4,981] 20240827.export.CSV.zip
[done 2,075/2,805] 20240819.export.CSV.zip: kept 81 row(s)
[queued 2,081/2,805; selected 4,981] 20240828.export.CSV.zip
[done 2,076/2,805] 20240823.export.CSV.zip: kept 88 row(s)
[queued 2,082/2,805; selected 4,981] 20240829.export.CSV.zip
  downloading 20240827.export.CSV.zip: 8.7 MB
  downloading 20240829.export.CSV.zip: 8.8 MB
  downloading 20240828.export.CSV.zip: 8.8 MB
[done 2,077/2,805] 20240825.export.CSV.zip: kept 76 row(s)
[queued 2,083/2,805; selected 4,981] 20240830.export.CSV.zip
  downloading 20240830.export.CSV.zip: 8.2 MB
[done 2,078/2,805] 20240824.export.CSV.zip: kept 71 row(s)
[queued 2,084/2,805; selected 4,981] 20240831.export.CSV.zip
  downloading 20240831.export.CSV.zip: 4.6 MB
[done 2,079/2,805] 20240830.export.CSV.zip: kept 68 row(s)
[queued 2,085/2,805; selected 4,981] 20240901.export.CSV.zip
  downloading 20240901.export.CSV.zip: 4.2 MB
[done 2,080/2,805] 20240826.export.CSV.zip: kept 97 row(s)
[queued 2,086/2,805; selected 4,981] 20240902.export.CSV.zip
  downloading 20240902.export.CSV.zip: 6.3 MB
[done 2,081/2,805] 20240827.export.CSV.zip: kept 107 row(s)
[queued 2,087/2,805; selected 4,981] 20240903.export.CSV.zip
[done 2,082/2,805] 20240828.export.CSV.zip: kept 84 row(s)
[queued 2,088/2,805; selected 4,981] 20240904.export.CSV.zip
  downloading 20240903.export.CSV.zip: 8.2 MB
[done 2,083/2,805] 20240831.export.CSV.zip: kept 72 row(s)
[queued 2,089/2,805; selected 4,981] 20240905.export.CSV.zip
  downloading 20240904.export.CSV.zip: 9.2 MB
  downloading 20240905.export.CSV.zip: 9.0 MB
[done 2,084/2,805] 20240829.export.CSV.zip: kept 114 row(s)
[queued 2,090/2,805; selected 4,981] 20240906.export.CSV.zip
  downloading 20240906.export.CSV.zip: 8.7 MB
[done 2,085/2,805] 20240901.export.CSV.zip: kept 81 row(s)
[queued 2,091/2,805; selected 4,981] 20240907.export.CSV.zip
  downloading 20240907.export.CSV.zip: 5.1 MB
[done 2,086/2,805] 20240903.export.CSV.zip: kept 89 row(s)
[queued 2,092/2,805; selected 4,981] 20240908.export.CSV.zip
  downloading 20240908.export.CSV.zip: 4.4 MB
[done 2,087/2,805] 20240902.export.CSV.zip: kept 94 row(s)
[queued 2,093/2,805; selected 4,981] 20240909.export.CSV.zip
  downloading 20240909.export.CSV.zip: 8.2 MB
[done 2,088/2,805] 20240905.export.CSV.zip: kept 81 row(s)
[queued 2,094/2,805; selected 4,981] 20240910.export.CSV.zip
  downloading 20240910.export.CSV.zip: 9.0 MB
[done 2,089/2,805] 20240908.export.CSV.zip: kept 61 row(s)
[queued 2,095/2,805; selected 4,981] 20240911.export.CSV.zip
  downloading 20240911.export.CSV.zip: 9.5 MB
[done 2,090/2,805] 20240906.export.CSV.zip: kept 78 row(s)
[queued 2,096/2,805; selected 4,981] 20240912.export.CSV.zip
  downloading 20240912.export.CSV.zip: 9.3 MB
[done 2,091/2,805] 20240907.export.CSV.zip: kept 74 row(s)
[queued 2,097/2,805; selected 4,981] 20240913.export.CSV.zip
  downloading 20240913.export.CSV.zip: 9.1 MB
[done 2,092/2,805] 20240904.export.CSV.zip: kept 112 row(s)
[queued 2,098/2,805; selected 4,981] 20240914.export.CSV.zip
  downloading 20240914.export.CSV.zip: 5.1 MB
[done 2,093/2,805] 20240910.export.CSV.zip: kept 91 row(s)
[queued 2,099/2,805; selected 4,981] 20240915.export.CSV.zip
[done 2,094/2,805] 20240911.export.CSV.zip: kept 79 row(s)
[queued 2,100/2,805; selected 4,981] 20240916.export.CSV.zip
  downloading 20240916.export.CSV.zip: 7.3 MB
  downloading 20240915.export.CSV.zip: 4.3 MB
[done 2,095/2,805] 20240912.export.CSV.zip: kept 82 row(s)
[queued 2,101/2,805; selected 4,981] 20240917.export.CSV.zip
  downloading 20240917.export.CSV.zip: 8.4 MB
[done 2,096/2,805] 20240909.export.CSV.zip: kept 87 row(s)
[queued 2,102/2,805; selected 4,981] 20240918.export.CSV.zip
[done 2,097/2,805] 20240913.export.CSV.zip: kept 81 row(s)
[queued 2,103/2,805; selected 4,981] 20240919.export.CSV.zip
  downloading 20240918.export.CSV.zip: 9.0 MB
  downloading 20240919.export.CSV.zip: 9.0 MB
[done 2,098/2,805] 20240915.export.CSV.zip: kept 70 row(s)
[queued 2,104/2,805; selected 4,981] 20240920.export.CSV.zip
  downloading 20240920.export.CSV.zip: 8.6 MB
[done 2,099/2,805] 20240914.export.CSV.zip: kept 72 row(s)
[queued 2,105/2,805; selected 4,981] 20240921.export.CSV.zip
  downloading 20240921.export.CSV.zip: 5.2 MB
[done 2,100/2,805] 20240919.export.CSV.zip: kept 101 row(s)
[queued 2,106/2,805; selected 4,981] 20240922.export.CSV.zip
  downloading 20240922.export.CSV.zip: 4.3 MB
[done 2,101/2,805] 20240916.export.CSV.zip: kept 87 row(s)
[queued 2,107/2,805; selected 4,981] 20240923.export.CSV.zip
  downloading 20240923.export.CSV.zip: 7.9 MB
[done 2,102/2,805] 20240918.export.CSV.zip: kept 117 row(s)
[queued 2,108/2,805; selected 4,981] 20240924.export.CSV.zip
  downloading 20240924.export.CSV.zip: 9.3 MB
[done 2,103/2,805] 20240922.export.CSV.zip: kept 79 row(s)
[queued 2,109/2,805; selected 4,981] 20240925.export.CSV.zip
  downloading 20240925.export.CSV.zip: 9.4 MB
[done 2,104/2,805] 20240920.export.CSV.zip: kept 96 row(s)
[queued 2,110/2,805; selected 4,981] 20240926.export.CSV.zip
[done 2,105/2,805] 20240917.export.CSV.zip: kept 95 row(s)
[queued 2,111/2,805; selected 4,981] 20240927.export.CSV.zip
  downloading 20240926.export.CSV.zip: 9.6 MB
  downloading 20240927.export.CSV.zip: 9.1 MB
[done 2,106/2,805] 20240921.export.CSV.zip: kept 100 row(s)
[queued 2,112/2,805; selected 4,981] 20240928.export.CSV.zip
  downloading 20240928.export.CSV.zip: 5.4 MB
[done 2,107/2,805] 20240925.export.CSV.zip: kept 68 row(s)
[queued 2,113/2,805; selected 4,981] 20240929.export.CSV.zip
  downloading 20240929.export.CSV.zip: 4.5 MB
[done 2,108/2,805] 20240923.export.CSV.zip: kept 85 row(s)
[queued 2,114/2,805; selected 4,981] 20240930.export.CSV.zip
  downloading 20240930.export.CSV.zip: 8.0 MB
[done 2,109/2,805] 20240926.export.CSV.zip: kept 120 row(s)
[queued 2,115/2,805; selected 4,981] 20241001.export.CSV.zip
[done 2,110/2,805] 20240927.export.CSV.zip: kept 102 row(s)
[queued 2,116/2,805; selected 4,981] 20241002.export.CSV.zip
  downloading 20241001.export.CSV.zip: 9.2 MB
  downloading 20241002.export.CSV.zip: 9.3 MB
[done 2,111/2,805] 20240928.export.CSV.zip: kept 75 row(s)
[queued 2,117/2,805; selected 4,981] 20241003.export.CSV.zip
  downloading 20241003.export.CSV.zip: 9.0 MB
[done 2,112/2,805] 20240924.export.CSV.zip: kept 86 row(s)
[queued 2,118/2,805; selected 4,981] 20241004.export.CSV.zip
  downloading 20241004.export.CSV.zip: 8.7 MB
[done 2,113/2,805] 20240929.export.CSV.zip: kept 68 row(s)
[queued 2,119/2,805; selected 4,981] 20241005.export.CSV.zip
  downloading 20241005.export.CSV.zip: 5.0 MB
[done 2,114/2,805] 20241002.export.CSV.zip: kept 75 row(s)
[queued 2,120/2,805; selected 4,981] 20241006.export.CSV.zip
  downloading 20241006.export.CSV.zip: 4.5 MB
[done 2,115/2,805] 20241001.export.CSV.zip: kept 82 row(s)
[queued 2,121/2,805; selected 4,981] 20241007.export.CSV.zip
  downloading 20241007.export.CSV.zip: 8.3 MB
[done 2,116/2,805] 20241004.export.CSV.zip: kept 71 row(s)
[queued 2,122/2,805; selected 4,981] 20241008.export.CSV.zip
  downloading 20241008.export.CSV.zip: 9.2 MB
[done 2,117/2,805] 20241003.export.CSV.zip: kept 85 row(s)
[queued 2,123/2,805; selected 4,981] 20241009.export.CSV.zip
  downloading 20241009.export.CSV.zip: 9.2 MB
[done 2,118/2,805] 20240930.export.CSV.zip: kept 101 row(s)
[queued 2,124/2,805; selected 4,981] 20241010.export.CSV.zip
[done 2,119/2,805] 20241005.export.CSV.zip: kept 65 row(s)
  downloading 20241010.export.CSV.zip: 8.9 MB
[queued 2,125/2,805; selected 4,981] 20241011.export.CSV.zip
  downloading 20241011.export.CSV.zip: 8.5 MB
[done 2,120/2,805] 20241006.export.CSV.zip: kept 66 row(s)
[queued 2,126/2,805; selected 4,981] 20241012.export.CSV.zip
  downloading 20241012.export.CSV.zip: 4.9 MB
[done 2,121/2,805] 20241008.export.CSV.zip: kept 90 row(s)
[queued 2,127/2,805; selected 4,981] 20241013.export.CSV.zip
  downloading 20241013.export.CSV.zip: 4.3 MB
[done 2,122/2,805] 20241009.export.CSV.zip: kept 73 row(s)
[queued 2,128/2,805; selected 4,981] 20241014.export.CSV.zip
  downloading 20241014.export.CSV.zip: 7.7 MB
[done 2,123/2,805] 20241012.export.CSV.zip: kept 74 row(s)
[queued 2,129/2,805; selected 4,981] 20241015.export.CSV.zip
  downloading 20241015.export.CSV.zip: 8.9 MB
[done 2,124/2,805] 20241007.export.CSV.zip: kept 86 row(s)
[queued 2,130/2,805; selected 4,981] 20241016.export.CSV.zip
[done 2,125/2,805] 20241010.export.CSV.zip: kept 73 row(s)
[queued 2,131/2,805; selected 4,981] 20241017.export.CSV.zip
  downloading 20241016.export.CSV.zip: 9.4 MB
  downloading 20241017.export.CSV.zip: 9.0 MB
[done 2,126/2,805] 20241013.export.CSV.zip: kept 66 row(s)
[queued 2,132/2,805; selected 4,981] 20241018.export.CSV.zip
  downloading 20241018.export.CSV.zip: 8.7 MB
[done 2,127/2,805] 20241011.export.CSV.zip: kept 76 row(s)
[queued 2,133/2,805; selected 4,981] 20241019.export.CSV.zip
  downloading 20241019.export.CSV.zip: 5.1 MB
[done 2,128/2,805] 20241014.export.CSV.zip: kept 123 row(s)
[queued 2,134/2,805; selected 4,981] 20241020.export.CSV.zip
  downloading 20241020.export.CSV.zip: 4.3 MB
[done 2,129/2,805] 20241017.export.CSV.zip: kept 117 row(s)
[queued 2,135/2,805; selected 4,981] 20241021.export.CSV.zip
  downloading 20241021.export.CSV.zip: 8.0 MB
[done 2,130/2,805] 20241016.export.CSV.zip: kept 136 row(s)
[queued 2,136/2,805; selected 4,981] 20241022.export.CSV.zip
  downloading 20241022.export.CSV.zip: 9.1 MB
[done 2,131/2,805] 20241020.export.CSV.zip: kept 77 row(s)
[queued 2,137/2,805; selected 4,981] 20241023.export.CSV.zip
  downloading 20241023.export.CSV.zip: 9.6 MB
[done 2,132/2,805] 20241019.export.CSV.zip: kept 105 row(s)
[queued 2,138/2,805; selected 4,981] 20241024.export.CSV.zip
  downloading 20241024.export.CSV.zip: 9.4 MB
[done 2,133/2,805] 20241015.export.CSV.zip: kept 125 row(s)
[queued 2,139/2,805; selected 4,981] 20241025.export.CSV.zip
[done 2,134/2,805] 20241018.export.CSV.zip: kept 118 row(s)
[queued 2,140/2,805; selected 4,981] 20241026.export.CSV.zip
  downloading 20241025.export.CSV.zip: 8.8 MB
  downloading 20241026.export.CSV.zip: 5.2 MB
[done 2,135/2,805] 20241021.export.CSV.zip: kept 116 row(s)
[queued 2,141/2,805; selected 4,981] 20241027.export.CSV.zip
  downloading 20241027.export.CSV.zip: 4.3 MB
[done 2,136/2,805] 20241026.export.CSV.zip: kept 75 row(s)
[queued 2,142/2,805; selected 4,981] 20241028.export.CSV.zip
  downloading 20241028.export.CSV.zip: 7.6 MB
[done 2,137/2,805] 20241022.export.CSV.zip: kept 122 row(s)
[queued 2,143/2,805; selected 4,981] 20241029.export.CSV.zip
  downloading 20241029.export.CSV.zip: 8.6 MB
[done 2,138/2,805] 20241023.export.CSV.zip: kept 86 row(s)
[queued 2,144/2,805; selected 4,981] 20241030.export.CSV.zip
  downloading 20241030.export.CSV.zip: 8.6 MB
[done 2,139/2,805] 20241027.export.CSV.zip: kept 66 row(s)
[queued 2,145/2,805; selected 4,981] 20241031.export.CSV.zip
  downloading 20241031.export.CSV.zip: 8.3 MB
[done 2,140/2,805] 20241024.export.CSV.zip: kept 84 row(s)
[queued 2,146/2,805; selected 4,981] 20241101.export.CSV.zip
  downloading 20241101.export.CSV.zip: 8.3 MB
[done 2,141/2,805] 20241025.export.CSV.zip: kept 94 row(s)
[queued 2,147/2,805; selected 4,981] 20241102.export.CSV.zip
  downloading 20241102.export.CSV.zip: 4.8 MB
[done 2,142/2,805] 20241028.export.CSV.zip: kept 81 row(s)
[queued 2,148/2,805; selected 4,981] 20241103.export.CSV.zip
  downloading 20241103.export.CSV.zip: 4.0 MB
[done 2,143/2,805] 20241101.export.CSV.zip: kept 69 row(s)
[queued 2,149/2,805; selected 4,981] 20241104.export.CSV.zip
  downloading 20241104.export.CSV.zip: 7.6 MB
[done 2,144/2,805] 20241029.export.CSV.zip: kept 96 row(s)
[queued 2,150/2,805; selected 4,981] 20241105.export.CSV.zip
  downloading 20241105.export.CSV.zip: 8.5 MB
[done 2,145/2,805] 20241030.export.CSV.zip: kept 97 row(s)
[queued 2,151/2,805; selected 4,981] 20241106.export.CSV.zip
  downloading 20241106.export.CSV.zip: 9.4 MB
[done 2,146/2,805] 20241031.export.CSV.zip: kept 70 row(s)
[queued 2,152/2,805; selected 4,981] 20241107.export.CSV.zip
[done 2,147/2,805] 20241102.export.CSV.zip: kept 66 row(s)
[queued 2,153/2,805; selected 4,981] 20241108.export.CSV.zip
  downloading 20241107.export.CSV.zip: 8.8 MB
  downloading 20241108.export.CSV.zip: 8.0 MB
[done 2,148/2,805] 20241103.export.CSV.zip: kept 70 row(s)
[queued 2,154/2,805; selected 4,981] 20241109.export.CSV.zip
  downloading 20241109.export.CSV.zip: 4.9 MB
[done 2,149/2,805] 20241106.export.CSV.zip: kept 71 row(s)
[queued 2,155/2,805; selected 4,981] 20241110.export.CSV.zip
  downloading 20241110.export.CSV.zip: 4.2 MB
[done 2,150/2,805] 20241109.export.CSV.zip: kept 73 row(s)
[queued 2,156/2,805; selected 4,981] 20241111.export.CSV.zip
  downloading 20241111.export.CSV.zip: 7.3 MB
[done 2,151/2,805] 20241107.export.CSV.zip: kept 95 row(s)
[queued 2,157/2,805; selected 4,981] 20241112.export.CSV.zip
  downloading 20241112.export.CSV.zip: 8.5 MB
[done 2,152/2,805] 20241104.export.CSV.zip: kept 95 row(s)
[queued 2,158/2,805; selected 4,981] 20241113.export.CSV.zip
[done 2,153/2,805] 20241108.export.CSV.zip: kept 79 row(s)
[queued 2,159/2,805; selected 4,981] 20241114.export.CSV.zip
  downloading 20241113.export.CSV.zip: 9.1 MB
  downloading 20241114.export.CSV.zip: 8.9 MB
[done 2,154/2,805] 20241110.export.CSV.zip: kept 97 row(s)
[queued 2,160/2,805; selected 4,981] 20241115.export.CSV.zip
[done 2,155/2,805] 20241105.export.CSV.zip: kept 87 row(s)
[queued 2,161/2,805; selected 4,981] 20241116.export.CSV.zip
  downloading 20241116.export.CSV.zip: 5.1 MB
  downloading 20241115.export.CSV.zip: 8.4 MB
[done 2,156/2,805] 20241111.export.CSV.zip: kept 85 row(s)
[queued 2,162/2,805; selected 4,981] 20241117.export.CSV.zip
  downloading 20241117.export.CSV.zip: 4.2 MB
[done 2,157/2,805] 20241116.export.CSV.zip: kept 80 row(s)
[queued 2,163/2,805; selected 4,981] 20241118.export.CSV.zip
[done 2,158/2,805] 20241114.export.CSV.zip: kept 102 row(s)
[queued 2,164/2,805; selected 4,981] 20241119.export.CSV.zip
  downloading 20241118.export.CSV.zip: 7.7 MB
  downloading 20241119.export.CSV.zip: 9.0 MB
[done 2,159/2,805] 20241115.export.CSV.zip: kept 77 row(s)
[queued 2,165/2,805; selected 4,981] 20241120.export.CSV.zip
[done 2,160/2,805] 20241117.export.CSV.zip: kept 73 row(s)
[queued 2,166/2,805; selected 4,981] 20241121.export.CSV.zip
  downloading 20241120.export.CSV.zip: 9.1 MB
  downloading 20241121.export.CSV.zip: 9.4 MB
[done 2,161/2,805] 20241113.export.CSV.zip: kept 94 row(s)
[queued 2,167/2,805; selected 4,981] 20241122.export.CSV.zip
[done 2,162/2,805] 20241112.export.CSV.zip: kept 127 row(s)
[queued 2,168/2,805; selected 4,981] 20241123.export.CSV.zip
  downloading 20241122.export.CSV.zip: 8.5 MB
  downloading 20241123.export.CSV.zip: 5.0 MB
[done 2,163/2,805] 20241118.export.CSV.zip: kept 75 row(s)
[queued 2,169/2,805; selected 4,981] 20241124.export.CSV.zip
  downloading 20241124.export.CSV.zip: 4.1 MB
[done 2,164/2,805] 20241121.export.CSV.zip: kept 94 row(s)
[queued 2,170/2,805; selected 4,981] 20241125.export.CSV.zip
  downloading 20241125.export.CSV.zip: 7.6 MB
[done 2,165/2,805] 20241119.export.CSV.zip: kept 95 row(s)
[queued 2,171/2,805; selected 4,981] 20241126.export.CSV.zip
  downloading 20241126.export.CSV.zip: 8.7 MB
[done 2,166/2,805] 20241122.export.CSV.zip: kept 102 row(s)
[queued 2,172/2,805; selected 4,981] 20241127.export.CSV.zip
[done 2,167/2,805] 20241120.export.CSV.zip: kept 108 row(s)
[queued 2,173/2,805; selected 4,981] 20241128.export.CSV.zip
  downloading 20241127.export.CSV.zip: 8.6 MB
  downloading 20241128.export.CSV.zip: 7.1 MB
[done 2,168/2,805] 20241123.export.CSV.zip: kept 83 row(s)
[queued 2,174/2,805; selected 4,981] 20241129.export.CSV.zip
  downloading 20241129.export.CSV.zip: 6.5 MB
[done 2,169/2,805] 20241124.export.CSV.zip: kept 67 row(s)
[queued 2,175/2,805; selected 4,981] 20241130.export.CSV.zip
  downloading 20241130.export.CSV.zip: 4.8 MB
[done 2,170/2,805] 20241127.export.CSV.zip: kept 97 row(s)
[queued 2,176/2,805; selected 4,981] 20241201.export.CSV.zip
  downloading 20241201.export.CSV.zip: 4.5 MB
[done 2,171/2,805] 20241130.export.CSV.zip: kept 67 row(s)
[queued 2,177/2,805; selected 4,981] 20241202.export.CSV.zip
  downloading 20241202.export.CSV.zip: 8.0 MB
[done 2,172/2,805] 20241129.export.CSV.zip: kept 63 row(s)
[queued 2,178/2,805; selected 4,981] 20241203.export.CSV.zip
[done 2,173/2,805] 20241128.export.CSV.zip: kept 74 row(s)
[done 2,174/2,805] 20241125.export.CSV.zip: kept 88 row(s)
[queued 2,179/2,805; selected 4,981] 20241204.export.CSV.zip
[queued 2,180/2,805; selected 4,981] 20241205.export.CSV.zip
  downloading 20241203.export.CSV.zip: 9.3 MB
  downloading 20241205.export.CSV.zip: 9.1 MB
  downloading 20241204.export.CSV.zip: 9.2 MB
[done 2,175/2,805] 20241126.export.CSV.zip: kept 117 row(s)
[queued 2,181/2,805; selected 4,981] 20241206.export.CSV.zip
  downloading 20241206.export.CSV.zip: 8.6 MB
[done 2,176/2,805] 20241201.export.CSV.zip: kept 64 row(s)
[queued 2,182/2,805; selected 4,981] 20241207.export.CSV.zip
  downloading 20241207.export.CSV.zip: 5.5 MB
[done 2,177/2,805] 20241204.export.CSV.zip: kept 79 row(s)
[queued 2,183/2,805; selected 4,981] 20241208.export.CSV.zip
  downloading 20241208.export.CSV.zip: 4.9 MB
[done 2,178/2,805] 20241205.export.CSV.zip: kept 94 row(s)
[queued 2,184/2,805; selected 4,981] 20241209.export.CSV.zip
[done 2,179/2,805] 20241203.export.CSV.zip: kept 108 row(s)
[queued 2,185/2,805; selected 4,981] 20241210.export.CSV.zip
  downloading 20241209.export.CSV.zip: 8.1 MB
  downloading 20241210.export.CSV.zip: 9.3 MB
[done 2,180/2,805] 20241202.export.CSV.zip: kept 81 row(s)
[queued 2,186/2,805; selected 4,981] 20241211.export.CSV.zip
  downloading 20241211.export.CSV.zip: 9.2 MB
[done 2,181/2,805] 20241206.export.CSV.zip: kept 95 row(s)
[queued 2,187/2,805; selected 4,981] 20241212.export.CSV.zip
  downloading 20241212.export.CSV.zip: 9.1 MB
[done 2,182/2,805] 20241207.export.CSV.zip: kept 75 row(s)
[queued 2,188/2,805; selected 4,981] 20241213.export.CSV.zip
  downloading 20241213.export.CSV.zip: 8.4 MB
[done 2,183/2,805] 20241210.export.CSV.zip: kept 93 row(s)
[queued 2,189/2,805; selected 4,981] 20241214.export.CSV.zip
  downloading 20241214.export.CSV.zip: 5.1 MB
[done 2,184/2,805] 20241208.export.CSV.zip: kept 65 row(s)
[queued 2,190/2,805; selected 4,981] 20241215.export.CSV.zip
  downloading 20241215.export.CSV.zip: 4.3 MB
[done 2,185/2,805] 20241209.export.CSV.zip: kept 70 row(s)
[queued 2,191/2,805; selected 4,981] 20241216.export.CSV.zip
  downloading 20241216.export.CSV.zip: 7.7 MB
[done 2,186/2,805] 20241214.export.CSV.zip: kept 78 row(s)
[queued 2,192/2,805; selected 4,981] 20241217.export.CSV.zip
  downloading 20241217.export.CSV.zip: 8.9 MB
[done 2,187/2,805] 20241212.export.CSV.zip: kept 81 row(s)
[queued 2,193/2,805; selected 4,981] 20241218.export.CSV.zip
[done 2,188/2,805] 20241215.export.CSV.zip: kept 71 row(s)
[queued 2,194/2,805; selected 4,981] 20241219.export.CSV.zip
  downloading 20241218.export.CSV.zip: 8.6 MB
  downloading 20241219.export.CSV.zip: 8.7 MB
[done 2,189/2,805] 20241213.export.CSV.zip: kept 82 row(s)
[queued 2,195/2,805; selected 4,981] 20241220.export.CSV.zip
  downloading 20241220.export.CSV.zip: 8.3 MB
[done 2,190/2,805] 20241216.export.CSV.zip: kept 101 row(s)
[queued 2,196/2,805; selected 4,981] 20241221.export.CSV.zip
  downloading 20241221.export.CSV.zip: 4.9 MB
[done 2,191/2,805] 20241211.export.CSV.zip: kept 90 row(s)
[queued 2,197/2,805; selected 4,981] 20241222.export.CSV.zip
  downloading 20241222.export.CSV.zip: 3.8 MB
[done 2,192/2,805] 20241218.export.CSV.zip: kept 86 row(s)
[queued 2,198/2,805; selected 4,981] 20241223.export.CSV.zip
[done 2,193/2,805] 20241217.export.CSV.zip: kept 81 row(s)
[queued 2,199/2,805; selected 4,981] 20241224.export.CSV.zip
  downloading 20241223.export.CSV.zip: 6.3 MB
  downloading 20241224.export.CSV.zip: 6.0 MB
[done 2,194/2,805] 20241221.export.CSV.zip: kept 75 row(s)
[queued 2,200/2,805; selected 4,981] 20241225.export.CSV.zip
  downloading 20241225.export.CSV.zip: 3.9 MB
[done 2,195/2,805] 20241220.export.CSV.zip: kept 78 row(s)
[queued 2,201/2,805; selected 4,981] 20241226.export.CSV.zip
[done 2,196/2,805] 20241219.export.CSV.zip: kept 75 row(s)
[queued 2,202/2,805; selected 4,981] 20241227.export.CSV.zip
  downloading 20241226.export.CSV.zip: 4.9 MB
[done 2,197/2,805] 20241222.export.CSV.zip: kept 63 row(s)
[queued 2,203/2,805; selected 4,981] 20241228.export.CSV.zip
  downloading 20241227.export.CSV.zip: 5.6 MB
  downloading 20241228.export.CSV.zip: 4.1 MB
[done 2,198/2,805] 20241226.export.CSV.zip: kept 67 row(s)
[queued 2,204/2,805; selected 4,981] 20241229.export.CSV.zip
  downloading 20241229.export.CSV.zip: 3.7 MB
[done 2,199/2,805] 20241225.export.CSV.zip: kept 66 row(s)
[queued 2,205/2,805; selected 4,981] 20241230.export.CSV.zip
  downloading 20241230.export.CSV.zip: 5.8 MB
[done 2,200/2,805] 20241228.export.CSV.zip: kept 67 row(s)
[queued 2,206/2,805; selected 4,981] 20241231.export.CSV.zip
  downloading 20241231.export.CSV.zip: 5.9 MB
[done 2,201/2,805] 20241223.export.CSV.zip: kept 76 row(s)
[queued 2,207/2,805; selected 4,981] 20250101.export.CSV.zip
[done 2,202/2,805] 20241227.export.CSV.zip: kept 71 row(s)
[queued 2,208/2,805; selected 4,981] 20250102.export.CSV.zip
  downloading 20250101.export.CSV.zip: 4.2 MB
  downloading 20250102.export.CSV.zip: 5.6 MB
[done 2,203/2,805] 20241229.export.CSV.zip: kept 58 row(s)
[queued 2,209/2,805; selected 4,981] 20250103.export.CSV.zip
  downloading 20250103.export.CSV.zip: 6.6 MB
[done 2,204/2,805] 20241224.export.CSV.zip: kept 87 row(s)
[queued 2,210/2,805; selected 4,981] 20250104.export.CSV.zip
  downloading 20250104.export.CSV.zip: 4.4 MB
[done 2,205/2,805] 20241230.export.CSV.zip: kept 59 row(s)
[queued 2,211/2,805; selected 4,981] 20250105.export.CSV.zip
  downloading 20250105.export.CSV.zip: 3.7 MB
[done 2,206/2,805] 20250101.export.CSV.zip: kept 75 row(s)
[queued 2,212/2,805; selected 4,981] 20250106.export.CSV.zip
  downloading 20250106.export.CSV.zip: 6.7 MB
[done 2,207/2,805] 20250102.export.CSV.zip: kept 83 row(s)
[queued 2,213/2,805; selected 4,981] 20250107.export.CSV.zip
  downloading 20250107.export.CSV.zip: 8.0 MB
[done 2,208/2,805] 20250105.export.CSV.zip: kept 77 row(s)
[queued 2,214/2,805; selected 4,981] 20250108.export.CSV.zip
[done 2,209/2,805] 20250104.export.CSV.zip: kept 84 row(s)
[queued 2,215/2,805; selected 4,981] 20250109.export.CSV.zip
  downloading 20250108.export.CSV.zip: 8.5 MB
  downloading 20250109.export.CSV.zip: 8.6 MB
[done 2,210/2,805] 20241231.export.CSV.zip: kept 84 row(s)
[queued 2,216/2,805; selected 4,981] 20250110.export.CSV.zip
  downloading 20250110.export.CSV.zip: 8.0 MB
[done 2,211/2,805] 20250108.export.CSV.zip: kept 101 row(s)
[queued 2,217/2,805; selected 4,981] 20250111.export.CSV.zip
  downloading 20250111.export.CSV.zip: 4.9 MB
[done 2,212/2,805] 20250103.export.CSV.zip: kept 76 row(s)
[queued 2,218/2,805; selected 4,981] 20250112.export.CSV.zip
  downloading 20250112.export.CSV.zip: 4.1 MB
[done 2,213/2,805] 20250109.export.CSV.zip: kept 117 row(s)
[queued 2,219/2,805; selected 4,981] 20250113.export.CSV.zip
  downloading 20250113.export.CSV.zip: 7.3 MB
[done 2,214/2,805] 20250106.export.CSV.zip: kept 104 row(s)
[queued 2,220/2,805; selected 4,981] 20250114.export.CSV.zip
[done 2,215/2,805] 20250107.export.CSV.zip: kept 105 row(s)
  downloading 20250114.export.CSV.zip: 8.4 MB
[queued 2,221/2,805; selected 4,981] 20250115.export.CSV.zip
  downloading 20250115.export.CSV.zip: 9.2 MB
[done 2,216/2,805] 20250111.export.CSV.zip: kept 57 row(s)
[queued 2,222/2,805; selected 4,981] 20250116.export.CSV.zip
  downloading 20250116.export.CSV.zip: 9.3 MB
[done 2,217/2,805] 20250112.export.CSV.zip: kept 67 row(s)
[queued 2,223/2,805; selected 4,981] 20250117.export.CSV.zip
  downloading 20250117.export.CSV.zip: 8.9 MB
[done 2,218/2,805] 20250113.export.CSV.zip: kept 110 row(s)
[queued 2,224/2,805; selected 4,981] 20250118.export.CSV.zip
  downloading 20250118.export.CSV.zip: 5.4 MB
[done 2,219/2,805] 20250115.export.CSV.zip: kept 100 row(s)
[queued 2,225/2,805; selected 4,981] 20250119.export.CSV.zip
  downloading 20250119.export.CSV.zip: 4.5 MB
[done 2,220/2,805] 20250110.export.CSV.zip: kept 90 row(s)
[queued 2,226/2,805; selected 4,981] 20250120.export.CSV.zip
[done 2,221/2,805] 20250116.export.CSV.zip: kept 102 row(s)
[queued 2,227/2,805; selected 4,981] 20250121.export.CSV.zip
  downloading 20250120.export.CSV.zip: 7.3 MB
  downloading 20250121.export.CSV.zip: 9.0 MB
[done 2,222/2,805] 20250118.export.CSV.zip: kept 113 row(s)
[queued 2,228/2,805; selected 4,981] 20250122.export.CSV.zip
  downloading 20250122.export.CSV.zip: 9.4 MB
[done 2,223/2,805] 20250117.export.CSV.zip: kept 108 row(s)
[queued 2,229/2,805; selected 4,981] 20250123.export.CSV.zip
  downloading 20250123.export.CSV.zip: 9.3 MB
[done 2,224/2,805] 20250119.export.CSV.zip: kept 96 row(s)
[queued 2,230/2,805; selected 4,981] 20250124.export.CSV.zip
  downloading 20250124.export.CSV.zip: 8.8 MB
[done 2,225/2,805] 20250114.export.CSV.zip: kept 114 row(s)
[queued 2,231/2,805; selected 4,981] 20250125.export.CSV.zip
  downloading 20250125.export.CSV.zip: 5.6 MB
[done 2,226/2,805] 20250121.export.CSV.zip: kept 105 row(s)
[queued 2,232/2,805; selected 4,981] 20250126.export.CSV.zip
  downloading 20250126.export.CSV.zip: 4.6 MB
[done 2,227/2,805] 20250120.export.CSV.zip: kept 117 row(s)
[queued 2,233/2,805; selected 4,981] 20250127.export.CSV.zip
  downloading 20250127.export.CSV.zip: 7.8 MB
[done 2,228/2,805] 20250123.export.CSV.zip: kept 107 row(s)
[queued 2,234/2,805; selected 4,981] 20250128.export.CSV.zip
  downloading 20250128.export.CSV.zip: 8.9 MB
[done 2,229/2,805] 20250126.export.CSV.zip: kept 69 row(s)
[queued 2,235/2,805; selected 4,981] 20250129.export.CSV.zip
  downloading 20250129.export.CSV.zip: 9.0 MB
[done 2,230/2,805] 20250124.export.CSV.zip: kept 121 row(s)
[queued 2,236/2,805; selected 4,981] 20250130.export.CSV.zip
[done 2,231/2,805] 20250122.export.CSV.zip: kept 120 row(s)
[queued 2,237/2,805; selected 4,981] 20250131.export.CSV.zip
  downloading 20250130.export.CSV.zip: 8.6 MB
  downloading 20250131.export.CSV.zip: 8.0 MB
[done 2,232/2,805] 20250125.export.CSV.zip: kept 93 row(s)
[queued 2,238/2,805; selected 4,981] 20250201.export.CSV.zip
  downloading 20250201.export.CSV.zip: 5.2 MB
[done 2,233/2,805] 20250131.export.CSV.zip: kept 79 row(s)
[queued 2,239/2,805; selected 4,981] 20250202.export.CSV.zip
  downloading 20250202.export.CSV.zip: 4.2 MB
[done 2,234/2,805] 20250201.export.CSV.zip: kept 66 row(s)
[queued 2,240/2,805; selected 4,981] 20250203.export.CSV.zip
  downloading 20250203.export.CSV.zip: 7.5 MB
[done 2,235/2,805] 20250130.export.CSV.zip: kept 86 row(s)
[queued 2,241/2,805; selected 4,981] 20250204.export.CSV.zip
  downloading 20250204.export.CSV.zip: 8.9 MB
[done 2,236/2,805] 20250127.export.CSV.zip: kept 124 row(s)
[queued 2,242/2,805; selected 4,981] 20250205.export.CSV.zip
[done 2,237/2,805] 20250129.export.CSV.zip: kept 94 row(s)
[queued 2,243/2,805; selected 4,981] 20250206.export.CSV.zip
  downloading 20250205.export.CSV.zip: 9.5 MB
  downloading 20250206.export.CSV.zip: 9.2 MB
[done 2,238/2,805] 20250202.export.CSV.zip: kept 74 row(s)
[queued 2,244/2,805; selected 4,981] 20250207.export.CSV.zip
  downloading 20250207.export.CSV.zip: 8.3 MB
[done 2,239/2,805] 20250128.export.CSV.zip: kept 92 row(s)
[queued 2,245/2,805; selected 4,981] 20250208.export.CSV.zip
  downloading 20250208.export.CSV.zip: 5.2 MB
[done 2,240/2,805] 20250203.export.CSV.zip: kept 91 row(s)
[queued 2,246/2,805; selected 4,981] 20250209.export.CSV.zip
  downloading 20250209.export.CSV.zip: 4.0 MB
[done 2,241/2,805] 20250207.export.CSV.zip: kept 115 row(s)
[queued 2,247/2,805; selected 4,981] 20250210.export.CSV.zip
[done 2,242/2,805] 20250206.export.CSV.zip: kept 101 row(s)
[queued 2,248/2,805; selected 4,981] 20250211.export.CSV.zip
  downloading 20250210.export.CSV.zip: 7.0 MB
  downloading 20250211.export.CSV.zip: 8.6 MB
[done 2,243/2,805] 20250205.export.CSV.zip: kept 107 row(s)
[queued 2,249/2,805; selected 4,981] 20250212.export.CSV.zip
  downloading 20250212.export.CSV.zip: 9.2 MB
[done 2,244/2,805] 20250208.export.CSV.zip: kept 93 row(s)
[queued 2,250/2,805; selected 4,981] 20250213.export.CSV.zip
[done 2,245/2,805] 20250204.export.CSV.zip: kept 113 row(s)
[queued 2,251/2,805; selected 4,981] 20250214.export.CSV.zip
  downloading 20250213.export.CSV.zip: 9.2 MB
  downloading 20250214.export.CSV.zip: 8.6 MB
[done 2,246/2,805] 20250210.export.CSV.zip: kept 89 row(s)
[queued 2,252/2,805; selected 4,981] 20250215.export.CSV.zip
  downloading 20250215.export.CSV.zip: 5.3 MB
[done 2,247/2,805] 20250209.export.CSV.zip: kept 100 row(s)
[queued 2,253/2,805; selected 4,981] 20250216.export.CSV.zip
  downloading 20250216.export.CSV.zip: 4.5 MB
[done 2,248/2,805] 20250211.export.CSV.zip: kept 107 row(s)
[queued 2,254/2,805; selected 4,981] 20250217.export.CSV.zip
  downloading 20250217.export.CSV.zip: 7.4 MB
[done 2,249/2,805] 20250214.export.CSV.zip: kept 93 row(s)
[queued 2,255/2,805; selected 4,981] 20250218.export.CSV.zip
  downloading 20250218.export.CSV.zip: 8.7 MB
[done 2,250/2,805] 20250215.export.CSV.zip: kept 74 row(s)
[queued 2,256/2,805; selected 4,981] 20250219.export.CSV.zip
  downloading 20250219.export.CSV.zip: 9.0 MB
[done 2,251/2,805] 20250213.export.CSV.zip: kept 103 row(s)
[queued 2,257/2,805; selected 4,981] 20250220.export.CSV.zip
  downloading 20250220.export.CSV.zip: 8.9 MB
[done 2,252/2,805] 20250216.export.CSV.zip: kept 71 row(s)
[queued 2,258/2,805; selected 4,981] 20250221.export.CSV.zip
  downloading 20250221.export.CSV.zip: 8.5 MB
[done 2,253/2,805] 20250218.export.CSV.zip: kept 103 row(s)
[done 2,254/2,805] 20250212.export.CSV.zip: kept 96 row(s)
[queued 2,259/2,805; selected 4,981] 20250222.export.CSV.zip
[queued 2,260/2,805; selected 4,981] 20250223.export.CSV.zip
  downloading 20250223.export.CSV.zip: 4.3 MB
  downloading 20250222.export.CSV.zip: 5.3 MB
[done 2,255/2,805] 20250217.export.CSV.zip: kept 97 row(s)
[queued 2,261/2,805; selected 4,981] 20250224.export.CSV.zip
  downloading 20250224.export.CSV.zip: 7.9 MB
[done 2,256/2,805] 20250223.export.CSV.zip: kept 73 row(s)
[queued 2,262/2,805; selected 4,981] 20250225.export.CSV.zip
  downloading 20250225.export.CSV.zip: 9.1 MB
[done 2,257/2,805] 20250220.export.CSV.zip: kept 77 row(s)
[queued 2,263/2,805; selected 4,981] 20250226.export.CSV.zip
  downloading 20250226.export.CSV.zip: 9.0 MB
[done 2,258/2,805] 20250219.export.CSV.zip: kept 136 row(s)
[queued 2,264/2,805; selected 4,981] 20250227.export.CSV.zip
  downloading 20250227.export.CSV.zip: 9.1 MB
[done 2,259/2,805] 20250222.export.CSV.zip: kept 86 row(s)
[queued 2,265/2,805; selected 4,981] 20250228.export.CSV.zip
  downloading 20250228.export.CSV.zip: 9.0 MB
[done 2,260/2,805] 20250221.export.CSV.zip: kept 85 row(s)
[queued 2,266/2,805; selected 4,981] 20250301.export.CSV.zip
  downloading 20250301.export.CSV.zip: 5.6 MB
[done 2,261/2,805] 20250224.export.CSV.zip: kept 84 row(s)
[queued 2,267/2,805; selected 4,981] 20250302.export.CSV.zip
  downloading 20250302.export.CSV.zip: 4.4 MB
[done 2,262/2,805] 20250226.export.CSV.zip: kept 104 row(s)
[queued 2,268/2,805; selected 4,981] 20250303.export.CSV.zip
  downloading 20250303.export.CSV.zip: 7.5 MB
[done 2,263/2,805] 20250227.export.CSV.zip: kept 98 row(s)
[queued 2,269/2,805; selected 4,981] 20250304.export.CSV.zip
  downloading 20250304.export.CSV.zip: 9.0 MB
[done 2,264/2,805] 20250225.export.CSV.zip: kept 100 row(s)
[queued 2,270/2,805; selected 4,981] 20250305.export.CSV.zip
  downloading 20250305.export.CSV.zip: 9.4 MB
[done 2,265/2,805] 20250302.export.CSV.zip: kept 74 row(s)
[queued 2,271/2,805; selected 4,981] 20250306.export.CSV.zip
  downloading 20250306.export.CSV.zip: 9.1 MB
[done 2,266/2,805] 20250301.export.CSV.zip: kept 66 row(s)
[queued 2,272/2,805; selected 4,981] 20250307.export.CSV.zip
  downloading 20250307.export.CSV.zip: 8.7 MB
[done 2,267/2,805] 20250228.export.CSV.zip: kept 80 row(s)
[queued 2,273/2,805; selected 4,981] 20250308.export.CSV.zip
  downloading 20250308.export.CSV.zip: 5.3 MB
[done 2,268/2,805] 20250304.export.CSV.zip: kept 145 row(s)
[queued 2,274/2,805; selected 4,981] 20250309.export.CSV.zip
  downloading 20250309.export.CSV.zip: 4.4 MB
[done 2,269/2,805] 20250303.export.CSV.zip: kept 80 row(s)
[queued 2,275/2,805; selected 4,981] 20250310.export.CSV.zip
  downloading 20250310.export.CSV.zip: 7.8 MB
[done 2,270/2,805] 20250308.export.CSV.zip: kept 95 row(s)
[queued 2,276/2,805; selected 4,981] 20250311.export.CSV.zip
  downloading 20250311.export.CSV.zip: 9.1 MB
[done 2,271/2,805] 20250305.export.CSV.zip: kept 105 row(s)
[queued 2,277/2,805; selected 4,981] 20250312.export.CSV.zip
  downloading 20250312.export.CSV.zip: 9.5 MB
[done 2,272/2,805] 20250309.export.CSV.zip: kept 112 row(s)
[queued 2,278/2,805; selected 4,981] 20250313.export.CSV.zip
  downloading 20250313.export.CSV.zip: 9.3 MB
[done 2,273/2,805] 20250307.export.CSV.zip: kept 100 row(s)
[queued 2,279/2,805; selected 4,981] 20250314.export.CSV.zip
  downloading 20250314.export.CSV.zip: 8.5 MB
[done 2,274/2,805] 20250306.export.CSV.zip: kept 94 row(s)
[queued 2,280/2,805; selected 4,981] 20250315.export.CSV.zip
  downloading 20250315.export.CSV.zip: 5.2 MB
[done 2,275/2,805] 20250310.export.CSV.zip: kept 103 row(s)
[queued 2,281/2,805; selected 4,981] 20250316.export.CSV.zip
  downloading 20250316.export.CSV.zip: 4.3 MB
[done 2,276/2,805] 20250312.export.CSV.zip: kept 97 row(s)
[queued 2,282/2,805; selected 4,981] 20250317.export.CSV.zip
  downloading 20250317.export.CSV.zip: 8.1 MB
[done 2,277/2,805] 20250314.export.CSV.zip: kept 76 row(s)
[queued 2,283/2,805; selected 4,981] 20250318.export.CSV.zip
  downloading 20250318.export.CSV.zip: 9.3 MB
[done 2,278/2,805] 20250311.export.CSV.zip: kept 85 row(s)
[queued 2,284/2,805; selected 4,981] 20250319.export.CSV.zip
  downloading 20250319.export.CSV.zip: 9.3 MB
[done 2,279/2,805] 20250315.export.CSV.zip: kept 77 row(s)
[queued 2,285/2,805; selected 4,981] 20250320.export.CSV.zip
[done 2,280/2,805] 20250316.export.CSV.zip: kept 74 row(s)
[queued 2,286/2,805; selected 4,981] 20250321.export.CSV.zip
  downloading 20250320.export.CSV.zip: 9.1 MB
  downloading 20250321.export.CSV.zip: 8.7 MB
[done 2,281/2,805] 20250313.export.CSV.zip: kept 113 row(s)
[queued 2,287/2,805; selected 4,981] 20250322.export.CSV.zip
  downloading 20250322.export.CSV.zip: 5.2 MB
[done 2,282/2,805] 20250321.export.CSV.zip: kept 91 row(s)
[queued 2,288/2,805; selected 4,981] 20250323.export.CSV.zip
  downloading 20250323.export.CSV.zip: 4.2 MB
[done 2,283/2,805] 20250322.export.CSV.zip: kept 89 row(s)
[queued 2,289/2,805; selected 4,981] 20250324.export.CSV.zip
  downloading 20250324.export.CSV.zip: 8.1 MB
[done 2,284/2,805] 20250317.export.CSV.zip: kept 92 row(s)
[queued 2,290/2,805; selected 4,981] 20250325.export.CSV.zip
  downloading 20250325.export.CSV.zip: 9.1 MB
[done 2,285/2,805] 20250319.export.CSV.zip: kept 111 row(s)
[queued 2,291/2,805; selected 4,981] 20250326.export.CSV.zip
[done 2,286/2,805] 20250318.export.CSV.zip: kept 110 row(s)
[queued 2,292/2,805; selected 4,981] 20250327.export.CSV.zip
  downloading 20250326.export.CSV.zip: 9.4 MB
  downloading 20250327.export.CSV.zip: 9.4 MB
[done 2,287/2,805] 20250320.export.CSV.zip: kept 112 row(s)
[queued 2,293/2,805; selected 4,981] 20250328.export.CSV.zip
  downloading 20250328.export.CSV.zip: 9.0 MB
[done 2,288/2,805] 20250323.export.CSV.zip: kept 97 row(s)
[queued 2,294/2,805; selected 4,981] 20250329.export.CSV.zip
  downloading 20250329.export.CSV.zip: 5.3 MB
[done 2,289/2,805] 20250325.export.CSV.zip: kept 128 row(s)
[queued 2,295/2,805; selected 4,981] 20250330.export.CSV.zip
  downloading 20250330.export.CSV.zip: 4.2 MB
[done 2,290/2,805] 20250327.export.CSV.zip: kept 124 row(s)
[queued 2,296/2,805; selected 4,981] 20250331.export.CSV.zip
  downloading 20250331.export.CSV.zip: 7.2 MB
[done 2,291/2,805] 20250326.export.CSV.zip: kept 112 row(s)
[queued 2,297/2,805; selected 4,981] 20250401.export.CSV.zip
  downloading 20250401.export.CSV.zip: 8.4 MB
[done 2,292/2,805] 20250324.export.CSV.zip: kept 107 row(s)
[queued 2,298/2,805; selected 4,981] 20250402.export.CSV.zip
  downloading 20250402.export.CSV.zip: 8.6 MB
[done 2,293/2,805] 20250328.export.CSV.zip: kept 107 row(s)
[queued 2,299/2,805; selected 4,981] 20250403.export.CSV.zip
  downloading 20250403.export.CSV.zip: 8.7 MB
[done 2,294/2,805] 20250330.export.CSV.zip: kept 71 row(s)
[queued 2,300/2,805; selected 4,981] 20250404.export.CSV.zip
[done 2,295/2,805] 20250329.export.CSV.zip: kept 89 row(s)
[queued 2,301/2,805; selected 4,981] 20250405.export.CSV.zip
  downloading 20250404.export.CSV.zip: 8.5 MB
  downloading 20250405.export.CSV.zip: 5.2 MB
[done 2,296/2,805] 20250331.export.CSV.zip: kept 90 row(s)
[queued 2,302/2,805; selected 4,981] 20250406.export.CSV.zip
  downloading 20250406.export.CSV.zip: 4.1 MB
[done 2,297/2,805] 20250401.export.CSV.zip: kept 101 row(s)
[queued 2,303/2,805; selected 4,981] 20250407.export.CSV.zip
  downloading 20250407.export.CSV.zip: 7.3 MB
[done 2,298/2,805] 20250405.export.CSV.zip: kept 74 row(s)
[queued 2,304/2,805; selected 4,981] 20250408.export.CSV.zip
  downloading 20250408.export.CSV.zip: 8.6 MB
[done 2,299/2,805] 20250406.export.CSV.zip: kept 95 row(s)
[queued 2,305/2,805; selected 4,981] 20250409.export.CSV.zip
  downloading 20250409.export.CSV.zip: 8.6 MB
[done 2,300/2,805] 20250403.export.CSV.zip: kept 95 row(s)
[queued 2,306/2,805; selected 4,981] 20250410.export.CSV.zip
  downloading 20250410.export.CSV.zip: 8.8 MB
[done 2,301/2,805] 20250404.export.CSV.zip: kept 127 row(s)
[queued 2,307/2,805; selected 4,981] 20250411.export.CSV.zip
[done 2,302/2,805] 20250407.export.CSV.zip: kept 92 row(s)
[queued 2,308/2,805; selected 4,981] 20250412.export.CSV.zip
  downloading 20250411.export.CSV.zip: 8.5 MB
  downloading 20250412.export.CSV.zip: 5.0 MB
[done 2,303/2,805] 20250402.export.CSV.zip: kept 112 row(s)
[queued 2,309/2,805; selected 4,981] 20250413.export.CSV.zip
  downloading 20250413.export.CSV.zip: 3.9 MB
[done 2,304/2,805] 20250408.export.CSV.zip: kept 99 row(s)
[queued 2,310/2,805; selected 4,981] 20250414.export.CSV.zip
  downloading 20250414.export.CSV.zip: 7.4 MB
[done 2,305/2,805] 20250409.export.CSV.zip: kept 104 row(s)
[queued 2,311/2,805; selected 4,981] 20250415.export.CSV.zip
  downloading 20250415.export.CSV.zip: 8.8 MB
[done 2,306/2,805] 20250411.export.CSV.zip: kept 115 row(s)
[queued 2,312/2,805; selected 4,981] 20250416.export.CSV.zip
  downloading 20250416.export.CSV.zip: 8.8 MB
[done 2,307/2,805] 20250412.export.CSV.zip: kept 99 row(s)
[queued 2,313/2,805; selected 4,981] 20250417.export.CSV.zip
  downloading 20250417.export.CSV.zip: 9.0 MB
[done 2,308/2,805] 20250414.export.CSV.zip: kept 158 row(s)
[queued 2,314/2,805; selected 4,981] 20250418.export.CSV.zip
  downloading 20250418.export.CSV.zip: 7.7 MB
[done 2,309/2,805] 20250413.export.CSV.zip: kept 90 row(s)
[queued 2,315/2,805; selected 4,981] 20250419.export.CSV.zip
[done 2,310/2,805] 20250410.export.CSV.zip: kept 89 row(s)
[queued 2,316/2,805; selected 4,981] 20250420.export.CSV.zip
  downloading 20250419.export.CSV.zip: 5.0 MB
  downloading 20250420.export.CSV.zip: 4.1 MB
[done 2,311/2,805] 20250415.export.CSV.zip: kept 148 row(s)
[queued 2,317/2,805; selected 4,981] 20250421.export.CSV.zip
  downloading 20250421.export.CSV.zip: 7.7 MB
[done 2,312/2,805] 20250418.export.CSV.zip: kept 140 row(s)
[queued 2,318/2,805; selected 4,981] 20250422.export.CSV.zip
  downloading 20250422.export.CSV.zip: 9.1 MB
[done 2,313/2,805] 20250419.export.CSV.zip: kept 94 row(s)
[queued 2,319/2,805; selected 4,981] 20250423.export.CSV.zip
  downloading 20250423.export.CSV.zip: 9.8 MB
[done 2,314/2,805] 20250417.export.CSV.zip: kept 120 row(s)
[queued 2,320/2,805; selected 4,981] 20250424.export.CSV.zip
[done 2,315/2,805] 20250420.export.CSV.zip: kept 82 row(s)
[queued 2,321/2,805; selected 4,981] 20250425.export.CSV.zip
  downloading 20250424.export.CSV.zip: 9.6 MB
  downloading 20250425.export.CSV.zip: 9.1 MB
[done 2,316/2,805] 20250416.export.CSV.zip: kept 134 row(s)
[queued 2,322/2,805; selected 4,981] 20250426.export.CSV.zip
  downloading 20250426.export.CSV.zip: 5.7 MB
[done 2,317/2,805] 20250422.export.CSV.zip: kept 99 row(s)
[queued 2,323/2,805; selected 4,981] 20250427.export.CSV.zip
  downloading 20250427.export.CSV.zip: 4.4 MB
[done 2,318/2,805] 20250421.export.CSV.zip: kept 108 row(s)
[queued 2,324/2,805; selected 4,981] 20250428.export.CSV.zip
  downloading 20250428.export.CSV.zip: 7.8 MB
[done 2,319/2,805] 20250425.export.CSV.zip: kept 101 row(s)
[queued 2,325/2,805; selected 4,981] 20250429.export.CSV.zip
[done 2,320/2,805] 20250424.export.CSV.zip: kept 102 row(s)
[queued 2,326/2,805; selected 4,981] 20250430.export.CSV.zip
  downloading 20250429.export.CSV.zip: 9.0 MB
  downloading 20250430.export.CSV.zip: 9.3 MB
[done 2,321/2,805] 20250426.export.CSV.zip: kept 72 row(s)
[queued 2,327/2,805; selected 4,981] 20250501.export.CSV.zip
  downloading 20250501.export.CSV.zip: 8.4 MB
[done 2,322/2,805] 20250427.export.CSV.zip: kept 82 row(s)
[queued 2,328/2,805; selected 4,981] 20250502.export.CSV.zip
  downloading 20250502.export.CSV.zip: 8.1 MB
[done 2,323/2,805] 20250423.export.CSV.zip: kept 121 row(s)
[queued 2,329/2,805; selected 4,981] 20250503.export.CSV.zip
  downloading 20250503.export.CSV.zip: 5.0 MB
[done 2,324/2,805] 20250501.export.CSV.zip: kept 113 row(s)
[queued 2,330/2,805; selected 4,981] 20250504.export.CSV.zip
  downloading 20250504.export.CSV.zip: 4.1 MB
[done 2,325/2,805] 20250428.export.CSV.zip: kept 88 row(s)
[queued 2,331/2,805; selected 4,981] 20250505.export.CSV.zip
[done 2,326/2,805] 20250429.export.CSV.zip: kept 127 row(s)
[queued 2,332/2,805; selected 4,981] 20250506.export.CSV.zip
  downloading 20250505.export.CSV.zip: 7.2 MB
  downloading 20250506.export.CSV.zip: 8.6 MB
[done 2,327/2,805] 20250503.export.CSV.zip: kept 110 row(s)
[queued 2,333/2,805; selected 4,981] 20250507.export.CSV.zip
  downloading 20250507.export.CSV.zip: 9.8 MB
[done 2,328/2,805] 20250502.export.CSV.zip: kept 115 row(s)
[queued 2,334/2,805; selected 4,981] 20250508.export.CSV.zip
  downloading 20250508.export.CSV.zip: 9.4 MB
[done 2,329/2,805] 20250430.export.CSV.zip: kept 123 row(s)
[queued 2,335/2,805; selected 4,981] 20250509.export.CSV.zip
  downloading 20250509.export.CSV.zip: 9.0 MB
[done 2,330/2,805] 20250504.export.CSV.zip: kept 95 row(s)
[queued 2,336/2,805; selected 4,981] 20250510.export.CSV.zip
  downloading 20250510.export.CSV.zip: 5.6 MB
[done 2,331/2,805] 20250506.export.CSV.zip: kept 143 row(s)
[queued 2,337/2,805; selected 4,981] 20250511.export.CSV.zip
  downloading 20250511.export.CSV.zip: 4.6 MB
[done 2,332/2,805] 20250505.export.CSV.zip: kept 133 row(s)
[queued 2,338/2,805; selected 4,981] 20250512.export.CSV.zip
  downloading 20250512.export.CSV.zip: 8.1 MB
[done 2,333/2,805] 20250507.export.CSV.zip: kept 174 row(s)
[queued 2,339/2,805; selected 4,981] 20250513.export.CSV.zip
  downloading 20250513.export.CSV.zip: 9.0 MB
[done 2,334/2,805] 20250510.export.CSV.zip: kept 108 row(s)
[queued 2,340/2,805; selected 4,981] 20250514.export.CSV.zip
  downloading 20250514.export.CSV.zip: 9.3 MB
[done 2,335/2,805] 20250509.export.CSV.zip: kept 126 row(s)
[queued 2,341/2,805; selected 4,981] 20250515.export.CSV.zip
  downloading 20250515.export.CSV.zip: 9.3 MB
[done 2,336/2,805] 20250508.export.CSV.zip: kept 128 row(s)
[queued 2,342/2,805; selected 4,981] 20250516.export.CSV.zip
  downloading 20250516.export.CSV.zip: 8.6 MB
[done 2,337/2,805] 20250511.export.CSV.zip: kept 125 row(s)
[queued 2,343/2,805; selected 4,981] 20250517.export.CSV.zip
  downloading 20250517.export.CSV.zip: 5.1 MB
[done 2,338/2,805] 20250512.export.CSV.zip: kept 153 row(s)
[queued 2,344/2,805; selected 4,981] 20250518.export.CSV.zip
  downloading 20250518.export.CSV.zip: 4.5 MB
[done 2,339/2,805] 20250515.export.CSV.zip: kept 111 row(s)
[queued 2,345/2,805; selected 4,981] 20250519.export.CSV.zip
  downloading 20250519.export.CSV.zip: 7.8 MB
[done 2,340/2,805] 20250517.export.CSV.zip: kept 76 row(s)
[queued 2,346/2,805; selected 4,981] 20250520.export.CSV.zip
  downloading 20250520.export.CSV.zip: 9.0 MB
[done 2,341/2,805] 20250518.export.CSV.zip: kept 98 row(s)
[queued 2,347/2,805; selected 4,981] 20250521.export.CSV.zip
  downloading 20250521.export.CSV.zip: 9.3 MB
[done 2,342/2,805] 20250514.export.CSV.zip: kept 125 row(s)
[queued 2,348/2,805; selected 4,981] 20250522.export.CSV.zip
  downloading 20250522.export.CSV.zip: 9.2 MB
[done 2,343/2,805] 20250519.export.CSV.zip: kept 102 row(s)
[queued 2,349/2,805; selected 4,981] 20250523.export.CSV.zip
[done 2,344/2,805] 20250516.export.CSV.zip: kept 108 row(s)
[done 2,345/2,805] 20250513.export.CSV.zip: kept 157 row(s)
[queued 2,350/2,805; selected 4,981] 20250524.export.CSV.zip
[queued 2,351/2,805; selected 4,981] 20250525.export.CSV.zip
  downloading 20250523.export.CSV.zip: 8.6 MB
  downloading 20250524.export.CSV.zip: 5.0 MB
  downloading 20250525.export.CSV.zip: 4.1 MB
[done 2,346/2,805] 20250520.export.CSV.zip: kept 102 row(s)
[queued 2,352/2,805; selected 4,981] 20250526.export.CSV.zip
  downloading 20250526.export.CSV.zip: 6.3 MB
[done 2,347/2,805] 20250524.export.CSV.zip: kept 76 row(s)
[queued 2,353/2,805; selected 4,981] 20250527.export.CSV.zip
  downloading 20250527.export.CSV.zip: 8.0 MB
[done 2,348/2,805] 20250521.export.CSV.zip: kept 110 row(s)
[queued 2,354/2,805; selected 4,981] 20250528.export.CSV.zip
[done 2,349/2,805] 20250525.export.CSV.zip: kept 77 row(s)
[queued 2,355/2,805; selected 4,981] 20250529.export.CSV.zip
  downloading 20250528.export.CSV.zip: 8.8 MB
  downloading 20250529.export.CSV.zip: 8.7 MB
[done 2,350/2,805] 20250523.export.CSV.zip: kept 93 row(s)
[queued 2,356/2,805; selected 4,981] 20250530.export.CSV.zip
[done 2,351/2,805] 20250522.export.CSV.zip: kept 86 row(s)
[queued 2,357/2,805; selected 4,981] 20250531.export.CSV.zip
  downloading 20250530.export.CSV.zip: 8.2 MB
  downloading 20250531.export.CSV.zip: 4.8 MB
[done 2,352/2,805] 20250527.export.CSV.zip: kept 97 row(s)
[queued 2,358/2,805; selected 4,981] 20250601.export.CSV.zip
  downloading 20250601.export.CSV.zip: 4.0 MB
[done 2,353/2,805] 20250526.export.CSV.zip: kept 81 row(s)
[queued 2,359/2,805; selected 4,981] 20250602.export.CSV.zip
  downloading 20250602.export.CSV.zip: 7.5 MB
[done 2,354/2,805] 20250531.export.CSV.zip: kept 68 row(s)
[queued 2,360/2,805; selected 4,981] 20250603.export.CSV.zip
  downloading 20250603.export.CSV.zip: 8.4 MB
[done 2,355/2,805] 20250529.export.CSV.zip: kept 88 row(s)
[queued 2,361/2,805; selected 4,981] 20250604.export.CSV.zip
  downloading 20250604.export.CSV.zip: 8.7 MB
[done 2,356/2,805] 20250530.export.CSV.zip: kept 74 row(s)
[queued 2,362/2,805; selected 4,981] 20250605.export.CSV.zip
  downloading 20250605.export.CSV.zip: 8.8 MB
[done 2,357/2,805] 20250528.export.CSV.zip: kept 89 row(s)
[queued 2,363/2,805; selected 4,981] 20250606.export.CSV.zip
[done 2,358/2,805] 20250601.export.CSV.zip: kept 76 row(s)
[queued 2,364/2,805; selected 4,981] 20250607.export.CSV.zip
  downloading 20250606.export.CSV.zip: 7.9 MB
  downloading 20250607.export.CSV.zip: 4.6 MB
[done 2,359/2,805] 20250605.export.CSV.zip: kept 87 row(s)
[queued 2,365/2,805; selected 4,981] 20250608.export.CSV.zip
  downloading 20250608.export.CSV.zip: 3.9 MB
[done 2,360/2,805] 20250602.export.CSV.zip: kept 121 row(s)
[queued 2,366/2,805; selected 4,981] 20250609.export.CSV.zip
  downloading 20250609.export.CSV.zip: 7.1 MB
[done 2,361/2,805] 20250607.export.CSV.zip: kept 68 row(s)
[queued 2,367/2,805; selected 4,981] 20250610.export.CSV.zip
[done 2,362/2,805] 20250604.export.CSV.zip: kept 114 row(s)
[queued 2,368/2,805; selected 4,981] 20250611.export.CSV.zip
  downloading 20250610.export.CSV.zip: 8.6 MB
  downloading 20250611.export.CSV.zip: 9.1 MB
[done 2,363/2,805] 20250606.export.CSV.zip: kept 91 row(s)
[queued 2,369/2,805; selected 4,981] 20250612.export.CSV.zip
  downloading 20250612.export.CSV.zip: 8.4 MB
[done 2,364/2,805] 20250603.export.CSV.zip: kept 140 row(s)
[queued 2,370/2,805; selected 4,981] 20250613.export.CSV.zip
  downloading 20250613.export.CSV.zip: 9.0 MB
[done 2,365/2,805] 20250608.export.CSV.zip: kept 104 row(s)
[queued 2,371/2,805; selected 4,981] 20250702.export.CSV.zip
  downloading 20250702.export.CSV.zip: 8.3 MB
[done 2,366/2,805] 20250609.export.CSV.zip: kept 106 row(s)
[queued 2,372/2,805; selected 4,981] 20250703.export.CSV.zip
  downloading 20250703.export.CSV.zip: 8.7 MB
[done 2,367/2,805] 20250610.export.CSV.zip: kept 83 row(s)
[queued 2,373/2,805; selected 4,981] 20250704.export.CSV.zip
[done 2,368/2,805] 20250612.export.CSV.zip: kept 96 row(s)
[queued 2,374/2,805; selected 4,981] 20250705.export.CSV.zip
[done 2,369/2,805] 20250611.export.CSV.zip: kept 85 row(s)
[queued 2,375/2,805; selected 4,981] 20250706.export.CSV.zip
  downloading 20250704.export.CSV.zip: 7.1 MB
  downloading 20250705.export.CSV.zip: 4.3 MB
  downloading 20250706.export.CSV.zip: 4.0 MB
[done 2,370/2,805] 20250613.export.CSV.zip: kept 111 row(s)
[queued 2,376/2,805; selected 4,981] 20250707.export.CSV.zip
[done 2,371/2,805] 20250702.export.CSV.zip: kept 108 row(s)
[queued 2,377/2,805; selected 4,981] 20250708.export.CSV.zip
  downloading 20250707.export.CSV.zip: 7.4 MB
  downloading 20250708.export.CSV.zip: 8.4 MB
[done 2,372/2,805] 20250703.export.CSV.zip: kept 95 row(s)
[queued 2,378/2,805; selected 4,981] 20250709.export.CSV.zip
  downloading 20250709.export.CSV.zip: 8.7 MB
[done 2,373/2,805] 20250706.export.CSV.zip: kept 64 row(s)
[queued 2,379/2,805; selected 4,981] 20250710.export.CSV.zip
  downloading 20250710.export.CSV.zip: 8.7 MB
[done 2,374/2,805] 20250705.export.CSV.zip: kept 82 row(s)
[queued 2,380/2,805; selected 4,981] 20250711.export.CSV.zip
  downloading 20250711.export.CSV.zip: 8.2 MB
[done 2,375/2,805] 20250704.export.CSV.zip: kept 90 row(s)
[queued 2,381/2,805; selected 4,981] 20250712.export.CSV.zip
[done 2,376/2,805] 20250707.export.CSV.zip: kept 104 row(s)
[queued 2,382/2,805; selected 4,981] 20250713.export.CSV.zip
  downloading 20250712.export.CSV.zip: 4.8 MB
  downloading 20250713.export.CSV.zip: 4.0 MB
[done 2,377/2,805] 20250708.export.CSV.zip: kept 106 row(s)
[queued 2,383/2,805; selected 4,981] 20250714.export.CSV.zip
  downloading 20250714.export.CSV.zip: 7.5 MB
[done 2,378/2,805] 20250712.export.CSV.zip: kept 85 row(s)
[queued 2,384/2,805; selected 4,981] 20250715.export.CSV.zip
  downloading 20250715.export.CSV.zip: 8.6 MB
[done 2,379/2,805] 20250710.export.CSV.zip: kept 91 row(s)
[queued 2,385/2,805; selected 4,981] 20250716.export.CSV.zip
  downloading 20250716.export.CSV.zip: 8.7 MB
[done 2,380/2,805] 20250713.export.CSV.zip: kept 60 row(s)
[queued 2,386/2,805; selected 4,981] 20250717.export.CSV.zip
  downloading 20250717.export.CSV.zip: 8.5 MB
[done 2,381/2,805] 20250714.export.CSV.zip: kept 91 row(s)
[queued 2,387/2,805; selected 4,981] 20250718.export.CSV.zip
  downloading 20250718.export.CSV.zip: 8.1 MB
[done 2,382/2,805] 20250711.export.CSV.zip: kept 91 row(s)
[queued 2,388/2,805; selected 4,981] 20250719.export.CSV.zip
  downloading 20250719.export.CSV.zip: 4.8 MB
[done 2,383/2,805] 20250709.export.CSV.zip: kept 79 row(s)
[queued 2,389/2,805; selected 4,981] 20250720.export.CSV.zip
  downloading 20250720.export.CSV.zip: 3.9 MB
[done 2,384/2,805] 20250716.export.CSV.zip: kept 96 row(s)
[queued 2,390/2,805; selected 4,981] 20250721.export.CSV.zip
  downloading 20250721.export.CSV.zip: 7.2 MB
[done 2,385/2,805] 20250720.export.CSV.zip: kept 82 row(s)
[queued 2,391/2,805; selected 4,981] 20250722.export.CSV.zip
  downloading 20250722.export.CSV.zip: 8.3 MB
[done 2,386/2,805] 20250715.export.CSV.zip: kept 94 row(s)
[queued 2,392/2,805; selected 4,981] 20250723.export.CSV.zip
[done 2,387/2,805] 20250719.export.CSV.zip: kept 65 row(s)
[queued 2,393/2,805; selected 4,981] 20250724.export.CSV.zip
  downloading 20250723.export.CSV.zip: 8.5 MB
  downloading 20250724.export.CSV.zip: 8.5 MB
[done 2,388/2,805] 20250718.export.CSV.zip: kept 89 row(s)
[queued 2,394/2,805; selected 4,981] 20250725.export.CSV.zip
  downloading 20250725.export.CSV.zip: 8.0 MB
[done 2,389/2,805] 20250717.export.CSV.zip: kept 91 row(s)
[queued 2,395/2,805; selected 4,981] 20250726.export.CSV.zip
  downloading 20250726.export.CSV.zip: 4.8 MB
[done 2,390/2,805] 20250721.export.CSV.zip: kept 117 row(s)
[queued 2,396/2,805; selected 4,981] 20250727.export.CSV.zip
  downloading 20250727.export.CSV.zip: 3.9 MB
[done 2,391/2,805] 20250724.export.CSV.zip: kept 77 row(s)
[queued 2,397/2,805; selected 4,981] 20250728.export.CSV.zip
  downloading 20250728.export.CSV.zip: 7.2 MB
[done 2,392/2,805] 20250726.export.CSV.zip: kept 79 row(s)
[queued 2,398/2,805; selected 4,981] 20250729.export.CSV.zip
  downloading 20250729.export.CSV.zip: 8.2 MB
[done 2,393/2,805] 20250725.export.CSV.zip: kept 78 row(s)
[queued 2,399/2,805; selected 4,981] 20250730.export.CSV.zip
  downloading 20250730.export.CSV.zip: 8.1 MB
[done 2,394/2,805] 20250727.export.CSV.zip: kept 53 row(s)
[queued 2,400/2,805; selected 4,981] 20250731.export.CSV.zip
  downloading 20250731.export.CSV.zip: 8.4 MB
[done 2,395/2,805] 20250728.export.CSV.zip: kept 62 row(s)
[queued 2,401/2,805; selected 4,981] 20250801.export.CSV.zip
  downloading 20250801.export.CSV.zip: 8.8 MB
[done 2,396/2,805] 20250723.export.CSV.zip: kept 97 row(s)
[queued 2,402/2,805; selected 4,981] 20250802.export.CSV.zip
[done 2,397/2,805] 20250722.export.CSV.zip: kept 95 row(s)
[queued 2,403/2,805; selected 4,981] 20250803.export.CSV.zip
  downloading 20250802.export.CSV.zip: 4.4 MB
  downloading 20250803.export.CSV.zip: 3.7 MB
[done 2,398/2,805] 20250729.export.CSV.zip: kept 98 row(s)
[queued 2,404/2,805; selected 4,981] 20250804.export.CSV.zip
  downloading 20250804.export.CSV.zip: 6.6 MB
[done 2,399/2,805] 20250801.export.CSV.zip: kept 100 row(s)
[queued 2,405/2,805; selected 4,981] 20250805.export.CSV.zip
  downloading 20250805.export.CSV.zip: 7.8 MB
[done 2,400/2,805] 20250730.export.CSV.zip: kept 93 row(s)
[queued 2,406/2,805; selected 4,981] 20250806.export.CSV.zip
  downloading 20250806.export.CSV.zip: 8.4 MB
[done 2,401/2,805] 20250802.export.CSV.zip: kept 81 row(s)
[queued 2,407/2,805; selected 4,981] 20250807.export.CSV.zip
[done 2,402/2,805] 20250803.export.CSV.zip: kept 75 row(s)
[queued 2,408/2,805; selected 4,981] 20250808.export.CSV.zip
  downloading 20250807.export.CSV.zip: 8.4 MB
  downloading 20250808.export.CSV.zip: 8.1 MB
[done 2,403/2,805] 20250804.export.CSV.zip: kept 69 row(s)
[queued 2,409/2,805; selected 4,981] 20250809.export.CSV.zip
  downloading 20250809.export.CSV.zip: 5.0 MB
[done 2,404/2,805] 20250731.export.CSV.zip: kept 76 row(s)
[queued 2,410/2,805; selected 4,981] 20250810.export.CSV.zip
  downloading 20250810.export.CSV.zip: 4.0 MB
[done 2,405/2,805] 20250805.export.CSV.zip: kept 90 row(s)
[queued 2,411/2,805; selected 4,981] 20250811.export.CSV.zip
  downloading 20250811.export.CSV.zip: 7.3 MB
[done 2,406/2,805] 20250806.export.CSV.zip: kept 86 row(s)
[queued 2,412/2,805; selected 4,981] 20250812.export.CSV.zip
  downloading 20250812.export.CSV.zip: 8.1 MB
[done 2,407/2,805] 20250809.export.CSV.zip: kept 65 row(s)
[queued 2,413/2,805; selected 4,981] 20250813.export.CSV.zip
  downloading 20250813.export.CSV.zip: 8.3 MB
[done 2,408/2,805] 20250807.export.CSV.zip: kept 76 row(s)
[queued 2,414/2,805; selected 4,981] 20250814.export.CSV.zip
  downloading 20250814.export.CSV.zip: 8.3 MB
[done 2,409/2,805] 20250810.export.CSV.zip: kept 70 row(s)
[queued 2,415/2,805; selected 4,981] 20250815.export.CSV.zip
  downloading 20250815.export.CSV.zip: 7.7 MB
[done 2,410/2,805] 20250811.export.CSV.zip: kept 103 row(s)
[queued 2,416/2,805; selected 4,981] 20250816.export.CSV.zip
  downloading 20250816.export.CSV.zip: 4.9 MB
[done 2,411/2,805] 20250808.export.CSV.zip: kept 85 row(s)
[queued 2,417/2,805; selected 4,981] 20250817.export.CSV.zip
[done 2,412/2,805] 20250814.export.CSV.zip: kept 98 row(s)
[queued 2,418/2,805; selected 4,981] 20250818.export.CSV.zip
  downloading 20250817.export.CSV.zip: 4.0 MB
  downloading 20250818.export.CSV.zip: 7.7 MB
[done 2,413/2,805] 20250812.export.CSV.zip: kept 88 row(s)
[queued 2,419/2,805; selected 4,981] 20250819.export.CSV.zip
  downloading 20250819.export.CSV.zip: 8.5 MB
[done 2,414/2,805] 20250819.export.CSV.zip: kept 81 row(s)
[queued 2,420/2,805; selected 4,981] 20250820.export.CSV.zip
  downloading 20250820.export.CSV.zip: 8.5 MB
[done 2,415/2,805] 20250816.export.CSV.zip: kept 69 row(s)
[queued 2,421/2,805; selected 4,981] 20250821.export.CSV.zip
  downloading 20250821.export.CSV.zip: 8.4 MB
[done 2,416/2,805] 20250817.export.CSV.zip: kept 71 row(s)
[queued 2,422/2,805; selected 4,981] 20250822.export.CSV.zip
  downloading 20250822.export.CSV.zip: 7.9 MB
[done 2,417/2,805] 20250815.export.CSV.zip: kept 90 row(s)
[queued 2,423/2,805; selected 4,981] 20250823.export.CSV.zip
  downloading 20250823.export.CSV.zip: 4.6 MB
[done 2,418/2,805] 20250822.export.CSV.zip: kept 95 row(s)
[queued 2,424/2,805; selected 4,981] 20250824.export.CSV.zip
  downloading 20250824.export.CSV.zip: 3.9 MB
[done 2,419/2,805] 20250823.export.CSV.zip: kept 77 row(s)
[queued 2,425/2,805; selected 4,981] 20250825.export.CSV.zip
  downloading 20250825.export.CSV.zip: 7.1 MB
[done 2,420/2,805] 20250824.export.CSV.zip: kept 59 row(s)
[queued 2,426/2,805; selected 4,981] 20250826.export.CSV.zip
  downloading 20250826.export.CSV.zip: 8.1 MB
[done 2,421/2,805] 20250825.export.CSV.zip: kept 96 row(s)
[queued 2,427/2,805; selected 4,981] 20250827.export.CSV.zip
  downloading 20250827.export.CSV.zip: 8.2 MB
[done 2,422/2,805] 20250813.export.CSV.zip: kept 90 row(s)
[queued 2,428/2,805; selected 4,981] 20250828.export.CSV.zip
  downloading 20250828.export.CSV.zip: 8.5 MB
[done 2,423/2,805] 20250826.export.CSV.zip: kept 83 row(s)
[queued 2,429/2,805; selected 4,981] 20250829.export.CSV.zip
  downloading 20250829.export.CSV.zip: 7.8 MB
[done 2,424/2,805] 20250818.export.CSV.zip: kept 72 row(s)
[queued 2,430/2,805; selected 4,981] 20250830.export.CSV.zip
[done 2,425/2,805] 20250820.export.CSV.zip: kept 85 row(s)
[queued 2,431/2,805; selected 4,981] 20250831.export.CSV.zip
  downloading 20250830.export.CSV.zip: 4.8 MB
  downloading 20250831.export.CSV.zip: 4.0 MB
[done 2,426/2,805] 20250821.export.CSV.zip: kept 76 row(s)
[queued 2,432/2,805; selected 4,981] 20250901.export.CSV.zip
  downloading 20250901.export.CSV.zip: 6.1 MB
[done 2,427/2,805] 20250828.export.CSV.zip: kept 88 row(s)
[queued 2,433/2,805; selected 4,981] 20250902.export.CSV.zip
  downloading 20250902.export.CSV.zip: 7.8 MB
[done 2,428/2,805] 20250831.export.CSV.zip: kept 76 row(s)
[queued 2,434/2,805; selected 4,981] 20250903.export.CSV.zip
  downloading 20250903.export.CSV.zip: 8.8 MB
[done 2,429/2,805] 20250827.export.CSV.zip: kept 71 row(s)
[queued 2,435/2,805; selected 4,981] 20250904.export.CSV.zip
  downloading 20250904.export.CSV.zip: 8.7 MB
[done 2,430/2,805] 20250830.export.CSV.zip: kept 80 row(s)
[queued 2,436/2,805; selected 4,981] 20250905.export.CSV.zip
  downloading 20250905.export.CSV.zip: 7.8 MB
[done 2,431/2,805] 20250901.export.CSV.zip: kept 96 row(s)
[queued 2,437/2,805; selected 4,981] 20250906.export.CSV.zip
[done 2,432/2,805] 20250902.export.CSV.zip: kept 78 row(s)
[queued 2,438/2,805; selected 4,981] 20250907.export.CSV.zip
[done 2,433/2,805] 20250829.export.CSV.zip: kept 89 row(s)
  downloading 20250906.export.CSV.zip: 4.6 MB
[queued 2,439/2,805; selected 4,981] 20250908.export.CSV.zip
  downloading 20250907.export.CSV.zip: 3.9 MB
  downloading 20250908.export.CSV.zip: 7.4 MB
[done 2,434/2,805] 20250903.export.CSV.zip: kept 112 row(s)
[queued 2,440/2,805; selected 4,981] 20250909.export.CSV.zip
  downloading 20250909.export.CSV.zip: 8.7 MB
[done 2,435/2,805] 20250904.export.CSV.zip: kept 90 row(s)
[queued 2,441/2,805; selected 4,981] 20250910.export.CSV.zip
  downloading 20250910.export.CSV.zip: 8.9 MB
[done 2,436/2,805] 20250906.export.CSV.zip: kept 75 row(s)
[queued 2,442/2,805; selected 4,981] 20250911.export.CSV.zip
[done 2,437/2,805] 20250907.export.CSV.zip: kept 79 row(s)
[queued 2,443/2,805; selected 4,981] 20250912.export.CSV.zip
  downloading 20250911.export.CSV.zip: 8.9 MB
  downloading 20250912.export.CSV.zip: 8.3 MB
[done 2,438/2,805] 20250905.export.CSV.zip: kept 83 row(s)
[queued 2,444/2,805; selected 4,981] 20250913.export.CSV.zip
  downloading 20250913.export.CSV.zip: 4.7 MB
[done 2,439/2,805] 20250908.export.CSV.zip: kept 74 row(s)
[queued 2,445/2,805; selected 4,981] 20250914.export.CSV.zip
[done 2,440/2,805] 20250909.export.CSV.zip: kept 122 row(s)
[queued 2,446/2,805; selected 4,981] 20250915.export.CSV.zip
  downloading 20250914.export.CSV.zip: 3.7 MB
  downloading 20250915.export.CSV.zip: 7.3 MB
[done 2,441/2,805] 20250913.export.CSV.zip: kept 74 row(s)
[queued 2,447/2,805; selected 4,981] 20250916.export.CSV.zip
[done 2,442/2,805] 20250914.export.CSV.zip: kept 58 row(s)
[queued 2,448/2,805; selected 4,981] 20250917.export.CSV.zip
  downloading 20250916.export.CSV.zip: 8.3 MB
  downloading 20250917.export.CSV.zip: 8.4 MB
[done 2,443/2,805] 20250912.export.CSV.zip: kept 82 row(s)
[queued 2,449/2,805; selected 4,981] 20250918.export.CSV.zip
  downloading 20250918.export.CSV.zip: 8.4 MB
[done 2,444/2,805] 20250910.export.CSV.zip: kept 85 row(s)
[queued 2,450/2,805; selected 4,981] 20250919.export.CSV.zip
[done 2,445/2,805] 20250915.export.CSV.zip: kept 99 row(s)
[queued 2,451/2,805; selected 4,981] 20250920.export.CSV.zip
  downloading 20250920.export.CSV.zip: 4.6 MB
  downloading 20250919.export.CSV.zip: 8.0 MB
[done 2,446/2,805] 20250911.export.CSV.zip: kept 84 row(s)
[queued 2,452/2,805; selected 4,981] 20250921.export.CSV.zip
  downloading 20250921.export.CSV.zip: 4.0 MB
[done 2,447/2,805] 20250919.export.CSV.zip: kept 79 row(s)
[queued 2,453/2,805; selected 4,981] 20250922.export.CSV.zip
  downloading 20250922.export.CSV.zip: 7.4 MB
[done 2,448/2,805] 20250917.export.CSV.zip failed: ('Connection broken: IncompleteRead(6553552 bytes read, 2249884 more expected)', IncompleteRead(6553552 bytes read, 2249884 more expected))
[queued 2,454/2,805; selected 4,981] 20250923.export.CSV.zip
[done 2,449/2,805] 20250920.export.CSV.zip: kept 66 row(s)
[queued 2,455/2,805; selected 4,981] 20250924.export.CSV.zip
  downloading 20250923.export.CSV.zip: 8.3 MB
  downloading 20250924.export.CSV.zip: 8.5 MB
[done 2,450/2,805] 20250916.export.CSV.zip: kept 82 row(s)
[queued 2,456/2,805; selected 4,981] 20250925.export.CSV.zip
  downloading 20250925.export.CSV.zip: 8.6 MB
[done 2,451/2,805] 20250921.export.CSV.zip: kept 64 row(s)
[queued 2,457/2,805; selected 4,981] 20250926.export.CSV.zip
  downloading 20250926.export.CSV.zip: 8.1 MB
[done 2,452/2,805] 20250918.export.CSV.zip: kept 95 row(s)
[queued 2,458/2,805; selected 4,981] 20250927.export.CSV.zip
[done 2,453/2,805] 20250922.export.CSV.zip: kept 72 row(s)
[queued 2,459/2,805; selected 4,981] 20250928.export.CSV.zip
  downloading 20250928.export.CSV.zip: 3.8 MB
  downloading 20250927.export.CSV.zip: 4.9 MB
[done 2,454/2,805] 20250923.export.CSV.zip: kept 72 row(s)
[queued 2,460/2,805; selected 4,981] 20250929.export.CSV.zip
  downloading 20250929.export.CSV.zip: 7.2 MB
[done 2,455/2,805] 20250924.export.CSV.zip: kept 76 row(s)
[queued 2,461/2,805; selected 4,981] 20250930.export.CSV.zip
  downloading 20250930.export.CSV.zip: 8.1 MB
[done 2,456/2,805] 20250925.export.CSV.zip: kept 72 row(s)
[queued 2,462/2,805; selected 4,981] 20251001.export.CSV.zip
[done 2,457/2,805] 20250928.export.CSV.zip: kept 61 row(s)
[queued 2,463/2,805; selected 4,981] 20251002.export.CSV.zip
  downloading 20251001.export.CSV.zip: 8.1 MB
[done 2,458/2,805] 20250927.export.CSV.zip: kept 68 row(s)
[queued 2,464/2,805; selected 4,981] 20251003.export.CSV.zip
  downloading 20251002.export.CSV.zip: 8.0 MB
  downloading 20251003.export.CSV.zip: 7.8 MB
[done 2,459/2,805] 20250926.export.CSV.zip: kept 75 row(s)
[queued 2,465/2,805; selected 4,981] 20251004.export.CSV.zip
  downloading 20251004.export.CSV.zip: 4.5 MB
[done 2,460/2,805] 20251001.export.CSV.zip: kept 81 row(s)
[queued 2,466/2,805; selected 4,981] 20251005.export.CSV.zip
  downloading 20251005.export.CSV.zip: 3.8 MB
[done 2,461/2,805] 20251002.export.CSV.zip: kept 85 row(s)
[queued 2,467/2,805; selected 4,981] 20251006.export.CSV.zip
  downloading 20251006.export.CSV.zip: 7.0 MB
[done 2,462/2,805] 20250929.export.CSV.zip: kept 78 row(s)
[queued 2,468/2,805; selected 4,981] 20251007.export.CSV.zip
  downloading 20251007.export.CSV.zip: 8.3 MB
[done 2,463/2,805] 20250930.export.CSV.zip: kept 83 row(s)
[queued 2,469/2,805; selected 4,981] 20251008.export.CSV.zip
  downloading 20251008.export.CSV.zip: 8.1 MB
[done 2,464/2,805] 20251003.export.CSV.zip: kept 83 row(s)
[queued 2,470/2,805; selected 4,981] 20251009.export.CSV.zip
  downloading 20251009.export.CSV.zip: 8.4 MB
[done 2,465/2,805] 20251004.export.CSV.zip: kept 72 row(s)
[queued 2,471/2,805; selected 4,981] 20251010.export.CSV.zip
  downloading 20251010.export.CSV.zip: 8.0 MB
[done 2,466/2,805] 20251005.export.CSV.zip: kept 76 row(s)
[queued 2,472/2,805; selected 4,981] 20251011.export.CSV.zip
  downloading 20251011.export.CSV.zip: 4.7 MB
[done 2,467/2,805] 20251006.export.CSV.zip: kept 69 row(s)
[queued 2,473/2,805; selected 4,981] 20251012.export.CSV.zip
  downloading 20251012.export.CSV.zip: 4.0 MB
[done 2,468/2,805] 20251009.export.CSV.zip: kept 84 row(s)
[queued 2,474/2,805; selected 4,981] 20251013.export.CSV.zip
  downloading 20251013.export.CSV.zip: 7.2 MB
[done 2,469/2,805] 20251010.export.CSV.zip: kept 66 row(s)
[queued 2,475/2,805; selected 4,981] 20251014.export.CSV.zip
  downloading 20251014.export.CSV.zip: 8.1 MB
[done 2,470/2,805] 20251007.export.CSV.zip: kept 71 row(s)
[queued 2,476/2,805; selected 4,981] 20251015.export.CSV.zip
  downloading 20251015.export.CSV.zip: 8.2 MB
[done 2,471/2,805] 20251011.export.CSV.zip: kept 84 row(s)
[queued 2,477/2,805; selected 4,981] 20251016.export.CSV.zip
  downloading 20251016.export.CSV.zip: 8.6 MB
[done 2,472/2,805] 20251012.export.CSV.zip: kept 69 row(s)
[queued 2,478/2,805; selected 4,981] 20251017.export.CSV.zip
  downloading 20251017.export.CSV.zip: 8.3 MB
[done 2,473/2,805] 20251008.export.CSV.zip: kept 96 row(s)
[queued 2,479/2,805; selected 4,981] 20251018.export.CSV.zip
  downloading 20251018.export.CSV.zip: 4.8 MB
[done 2,474/2,805] 20251014.export.CSV.zip: kept 79 row(s)
[queued 2,480/2,805; selected 4,981] 20251019.export.CSV.zip
  downloading 20251019.export.CSV.zip: 3.9 MB
[done 2,475/2,805] 20251013.export.CSV.zip: kept 61 row(s)
[queued 2,481/2,805; selected 4,981] 20251020.export.CSV.zip
[done 2,476/2,805] 20251016.export.CSV.zip: kept 80 row(s)
  downloading 20251020.export.CSV.zip: 6.7 MB
[queued 2,482/2,805; selected 4,981] 20251021.export.CSV.zip
  downloading 20251021.export.CSV.zip: 8.4 MB
[done 2,477/2,805] 20251015.export.CSV.zip: kept 90 row(s)
[queued 2,483/2,805; selected 4,981] 20251022.export.CSV.zip
  downloading 20251022.export.CSV.zip: 8.6 MB
[done 2,478/2,805] 20251018.export.CSV.zip: kept 64 row(s)
[queued 2,484/2,805; selected 4,981] 20251023.export.CSV.zip
  downloading 20251023.export.CSV.zip: 8.4 MB
[done 2,479/2,805] 20251021.export.CSV.zip: kept 65 row(s)
[queued 2,485/2,805; selected 4,981] 20251024.export.CSV.zip
  downloading 20251024.export.CSV.zip: 8.2 MB
[done 2,480/2,805] 20251019.export.CSV.zip: kept 72 row(s)
[queued 2,486/2,805; selected 4,981] 20251025.export.CSV.zip
  downloading 20251025.export.CSV.zip: 4.8 MB
[done 2,481/2,805] 20251017.export.CSV.zip: kept 70 row(s)
[queued 2,487/2,805; selected 4,981] 20251026.export.CSV.zip
  downloading 20251026.export.CSV.zip: 4.2 MB
[done 2,482/2,805] 20251020.export.CSV.zip: kept 60 row(s)
[queued 2,488/2,805; selected 4,981] 20251027.export.CSV.zip
  downloading 20251027.export.CSV.zip: 7.5 MB
[done 2,483/2,805] 20251023.export.CSV.zip: kept 87 row(s)
[queued 2,489/2,805; selected 4,981] 20251028.export.CSV.zip
[done 2,484/2,805] 20251022.export.CSV.zip: kept 79 row(s)
[queued 2,490/2,805; selected 4,981] 20251029.export.CSV.zip
  downloading 20251028.export.CSV.zip: 8.5 MB
  downloading 20251029.export.CSV.zip: 8.8 MB
[done 2,485/2,805] 20251024.export.CSV.zip: kept 87 row(s)
[queued 2,491/2,805; selected 4,981] 20251030.export.CSV.zip
  downloading 20251030.export.CSV.zip: 8.8 MB
[done 2,486/2,805] 20251025.export.CSV.zip: kept 83 row(s)
[queued 2,492/2,805; selected 4,981] 20251031.export.CSV.zip
  downloading 20251031.export.CSV.zip: 8.1 MB
[done 2,487/2,805] 20251026.export.CSV.zip: kept 71 row(s)
[queued 2,493/2,805; selected 4,981] 20251101.export.CSV.zip
  downloading 20251101.export.CSV.zip: 4.8 MB
[done 2,488/2,805] 20251028.export.CSV.zip: kept 95 row(s)
[queued 2,494/2,805; selected 4,981] 20251102.export.CSV.zip
  downloading 20251102.export.CSV.zip: 3.8 MB
[done 2,489/2,805] 20251029.export.CSV.zip: kept 109 row(s)
[queued 2,495/2,805; selected 4,981] 20251103.export.CSV.zip
[done 2,490/2,805] 20251031.export.CSV.zip: kept 86 row(s)
[queued 2,496/2,805; selected 4,981] 20251104.export.CSV.zip
[done 2,491/2,805] 20251027.export.CSV.zip: kept 74 row(s)
[queued 2,497/2,805; selected 4,981] 20251105.export.CSV.zip
  downloading 20251103.export.CSV.zip: 7.4 MB
  downloading 20251104.export.CSV.zip: 7.9 MB
  downloading 20251105.export.CSV.zip: 8.3 MB
[done 2,492/2,805] 20251101.export.CSV.zip: kept 67 row(s)
[queued 2,498/2,805; selected 4,981] 20251106.export.CSV.zip
  downloading 20251106.export.CSV.zip: 8.3 MB
[done 2,493/2,805] 20251030.export.CSV.zip: kept 90 row(s)
[queued 2,499/2,805; selected 4,981] 20251107.export.CSV.zip
  downloading 20251107.export.CSV.zip: 7.8 MB
[done 2,494/2,805] 20251102.export.CSV.zip: kept 62 row(s)
[queued 2,500/2,805; selected 4,981] 20251108.export.CSV.zip
  downloading 20251108.export.CSV.zip: 4.8 MB
[done 2,495/2,805] 20251103.export.CSV.zip: kept 88 row(s)
[queued 2,501/2,805; selected 4,981] 20251109.export.CSV.zip
  downloading 20251109.export.CSV.zip: 3.9 MB
[done 2,496/2,805] 20251104.export.CSV.zip: kept 86 row(s)
[queued 2,502/2,805; selected 4,981] 20251110.export.CSV.zip
  downloading 20251110.export.CSV.zip: 7.1 MB
[done 2,497/2,805] 20251105.export.CSV.zip: kept 102 row(s)
[queued 2,503/2,805; selected 4,981] 20251111.export.CSV.zip
[done 2,498/2,805] 20251106.export.CSV.zip: kept 102 row(s)
  downloading 20251111.export.CSV.zip: 8.0 MB
[done 2,499/2,805] 20251107.export.CSV.zip: kept 80 row(s)
[queued 2,504/2,805; selected 4,981] 20251112.export.CSV.zip
[queued 2,505/2,805; selected 4,981] 20251113.export.CSV.zip
[done 2,500/2,805] 20251108.export.CSV.zip: kept 92 row(s)
[queued 2,506/2,805; selected 4,981] 20251114.export.CSV.zip
  downloading 20251112.export.CSV.zip: 8.0 MB
  downloading 20251113.export.CSV.zip: 8.0 MB
  downloading 20251114.export.CSV.zip: 7.5 MB
[done 2,501/2,805] 20251110.export.CSV.zip: kept 79 row(s)
[queued 2,507/2,805; selected 4,981] 20251115.export.CSV.zip
  downloading 20251115.export.CSV.zip: 4.5 MB
[done 2,502/2,805] 20251109.export.CSV.zip: kept 70 row(s)
[queued 2,508/2,805; selected 4,981] 20251116.export.CSV.zip
  downloading 20251116.export.CSV.zip: 3.7 MB
[done 2,503/2,805] 20251111.export.CSV.zip: kept 107 row(s)
[queued 2,509/2,805; selected 4,981] 20251117.export.CSV.zip
[done 2,504/2,805] 20251112.export.CSV.zip: kept 86 row(s)
[queued 2,510/2,805; selected 4,981] 20251118.export.CSV.zip
  downloading 20251117.export.CSV.zip: 7.1 MB
  downloading 20251118.export.CSV.zip: 8.1 MB
[done 2,505/2,805] 20251115.export.CSV.zip: kept 66 row(s)
[queued 2,511/2,805; selected 4,981] 20251119.export.CSV.zip
  downloading 20251119.export.CSV.zip: 8.4 MB
[done 2,506/2,805] 20251114.export.CSV.zip: kept 74 row(s)
[queued 2,512/2,805; selected 4,981] 20251120.export.CSV.zip
[done 2,507/2,805] 20251113.export.CSV.zip: kept 82 row(s)
[queued 2,513/2,805; selected 4,981] 20251121.export.CSV.zip
  downloading 20251120.export.CSV.zip: 8.4 MB
[done 2,508/2,805] 20251116.export.CSV.zip: kept 78 row(s)
[queued 2,514/2,805; selected 4,981] 20251122.export.CSV.zip
  downloading 20251121.export.CSV.zip: 8.0 MB
  downloading 20251122.export.CSV.zip: 4.9 MB
[done 2,509/2,805] 20251117.export.CSV.zip: kept 119 row(s)
[queued 2,515/2,805; selected 4,981] 20251123.export.CSV.zip
  downloading 20251123.export.CSV.zip: 4.1 MB
[done 2,510/2,805] 20251120.export.CSV.zip: kept 89 row(s)
[queued 2,516/2,805; selected 4,981] 20251124.export.CSV.zip
  downloading 20251124.export.CSV.zip: 7.0 MB
[done 2,511/2,805] 20251123.export.CSV.zip: kept 83 row(s)
[queued 2,517/2,805; selected 4,981] 20251125.export.CSV.zip
  downloading 20251125.export.CSV.zip: 7.8 MB
[done 2,512/2,805] 20251118.export.CSV.zip: kept 124 row(s)
[queued 2,518/2,805; selected 4,981] 20251126.export.CSV.zip
  downloading 20251126.export.CSV.zip: 7.7 MB
[done 2,513/2,805] 20251122.export.CSV.zip: kept 68 row(s)
[queued 2,519/2,805; selected 4,981] 20251127.export.CSV.zip
  downloading 20251127.export.CSV.zip: 6.2 MB
[done 2,514/2,805] 20251121.export.CSV.zip: kept 80 row(s)
[queued 2,520/2,805; selected 4,981] 20251128.export.CSV.zip
  downloading 20251128.export.CSV.zip: 5.7 MB
[done 2,515/2,805] 20251119.export.CSV.zip: kept 105 row(s)
[queued 2,521/2,805; selected 4,981] 20251129.export.CSV.zip
  downloading 20251129.export.CSV.zip: 3.9 MB
[done 2,516/2,805] 20251127.export.CSV.zip: kept 74 row(s)
[queued 2,522/2,805; selected 4,981] 20251130.export.CSV.zip
  downloading 20251130.export.CSV.zip: 3.4 MB
[done 2,517/2,805] 20251125.export.CSV.zip: kept 65 row(s)
[queued 2,523/2,805; selected 4,981] 20251201.export.CSV.zip
  downloading 20251201.export.CSV.zip: 6.6 MB
[done 2,518/2,805] 20251129.export.CSV.zip: kept 82 row(s)
[queued 2,524/2,805; selected 4,981] 20251202.export.CSV.zip
  downloading 20251202.export.CSV.zip: 7.6 MB
[done 2,519/2,805] 20251128.export.CSV.zip: kept 74 row(s)
[queued 2,525/2,805; selected 4,981] 20251203.export.CSV.zip
[done 2,520/2,805] 20251126.export.CSV.zip: kept 85 row(s)
[queued 2,526/2,805; selected 4,981] 20251204.export.CSV.zip
  downloading 20251203.export.CSV.zip: 7.9 MB
  downloading 20251204.export.CSV.zip: 7.9 MB
[done 2,521/2,805] 20251130.export.CSV.zip: kept 74 row(s)
[queued 2,527/2,805; selected 4,981] 20251205.export.CSV.zip
[done 2,522/2,805] 20251124.export.CSV.zip: kept 78 row(s)
[queued 2,528/2,805; selected 4,981] 20251206.export.CSV.zip
  downloading 20251205.export.CSV.zip: 7.1 MB
  downloading 20251206.export.CSV.zip: 4.2 MB
[done 2,523/2,805] 20251201.export.CSV.zip: kept 125 row(s)
[queued 2,529/2,805; selected 4,981] 20251207.export.CSV.zip
  downloading 20251207.export.CSV.zip: 3.4 MB
[done 2,524/2,805] 20251203.export.CSV.zip: kept 100 row(s)
[queued 2,530/2,805; selected 4,981] 20251208.export.CSV.zip
  downloading 20251208.export.CSV.zip: 6.6 MB
[done 2,525/2,805] 20251206.export.CSV.zip: kept 64 row(s)
[queued 2,531/2,805; selected 4,981] 20251209.export.CSV.zip
  downloading 20251209.export.CSV.zip: 7.5 MB
[done 2,526/2,805] 20251205.export.CSV.zip: kept 75 row(s)
[queued 2,532/2,805; selected 4,981] 20251210.export.CSV.zip
[done 2,527/2,805] 20251202.export.CSV.zip: kept 113 row(s)
[queued 2,533/2,805; selected 4,981] 20251211.export.CSV.zip
[done 2,528/2,805] 20251207.export.CSV.zip: kept 57 row(s)
[queued 2,534/2,805; selected 4,981] 20251212.export.CSV.zip
  downloading 20251210.export.CSV.zip: 7.6 MB
  downloading 20251211.export.CSV.zip: 7.7 MB
  downloading 20251212.export.CSV.zip: 7.1 MB
[done 2,529/2,805] 20251204.export.CSV.zip: kept 90 row(s)
[queued 2,535/2,805; selected 4,981] 20251213.export.CSV.zip
  downloading 20251213.export.CSV.zip: 4.2 MB
[done 2,530/2,805] 20251210.export.CSV.zip: kept 90 row(s)
[queued 2,536/2,805; selected 4,981] 20251214.export.CSV.zip
  downloading 20251214.export.CSV.zip: 3.6 MB
[done 2,531/2,805] 20251208.export.CSV.zip: kept 86 row(s)
[queued 2,537/2,805; selected 4,981] 20251215.export.CSV.zip
[done 2,532/2,805] 20251209.export.CSV.zip: kept 122 row(s)
[queued 2,538/2,805; selected 4,981] 20251216.export.CSV.zip
  downloading 20251216.export.CSV.zip: 7.2 MB
  downloading 20251215.export.CSV.zip: 6.6 MB
[done 2,533/2,805] 20251213.export.CSV.zip: kept 66 row(s)
[queued 2,539/2,805; selected 4,981] 20251217.export.CSV.zip
[done 2,534/2,805] 20251212.export.CSV.zip: kept 69 row(s)
[queued 2,540/2,805; selected 4,981] 20251218.export.CSV.zip
  downloading 20251218.export.CSV.zip: 7.5 MB
  downloading 20251217.export.CSV.zip: 7.5 MB
[done 2,535/2,805] 20251211.export.CSV.zip: kept 89 row(s)
[queued 2,541/2,805; selected 4,981] 20251219.export.CSV.zip
  downloading 20251219.export.CSV.zip: 7.2 MB
[done 2,536/2,805] 20251214.export.CSV.zip: kept 67 row(s)
[queued 2,542/2,805; selected 4,981] 20251220.export.CSV.zip
  downloading 20251220.export.CSV.zip: 4.2 MB
[done 2,537/2,805] 20251217.export.CSV.zip: kept 78 row(s)
[queued 2,543/2,805; selected 4,981] 20251221.export.CSV.zip
  downloading 20251221.export.CSV.zip: 3.1 MB
[done 2,538/2,805] 20251215.export.CSV.zip: kept 73 row(s)
[queued 2,544/2,805; selected 4,981] 20251222.export.CSV.zip
[done 2,539/2,805] 20251218.export.CSV.zip: kept 74 row(s)
[queued 2,545/2,805; selected 4,981] 20251223.export.CSV.zip
[done 2,540/2,805] 20251219.export.CSV.zip: kept 77 row(s)
[queued 2,546/2,805; selected 4,981] 20251224.export.CSV.zip
  downloading 20251222.export.CSV.zip: 5.8 MB
  downloading 20251223.export.CSV.zip: 6.4 MB
  downloading 20251224.export.CSV.zip: 5.3 MB
[done 2,541/2,805] 20251221.export.CSV.zip: kept 71 row(s)
[queued 2,547/2,805; selected 4,981] 20251225.export.CSV.zip
  downloading 20251225.export.CSV.zip: 3.3 MB
[done 2,542/2,805] 20251216.export.CSV.zip: kept 81 row(s)
[queued 2,548/2,805; selected 4,981] 20251226.export.CSV.zip
[done 2,543/2,805] 20251220.export.CSV.zip: kept 85 row(s)
[queued 2,549/2,805; selected 4,981] 20251227.export.CSV.zip
  downloading 20251226.export.CSV.zip: 4.0 MB
  downloading 20251227.export.CSV.zip: 3.4 MB
[done 2,544/2,805] 20251222.export.CSV.zip: kept 81 row(s)
[queued 2,550/2,805; selected 4,981] 20251228.export.CSV.zip
  downloading 20251228.export.CSV.zip: 3.1 MB
[done 2,545/2,805] 20251223.export.CSV.zip: kept 88 row(s)
[queued 2,551/2,805; selected 4,981] 20251229.export.CSV.zip
  downloading 20251229.export.CSV.zip: 5.1 MB
[done 2,546/2,805] 20251226.export.CSV.zip: kept 60 row(s)
[queued 2,552/2,805; selected 4,981] 20251230.export.CSV.zip
  downloading 20251230.export.CSV.zip: 5.5 MB
[done 2,547/2,805] 20251227.export.CSV.zip: kept 60 row(s)
[queued 2,553/2,805; selected 4,981] 20251231.export.CSV.zip
[done 2,548/2,805] 20251225.export.CSV.zip: kept 59 row(s)
[queued 2,554/2,805; selected 4,981] 20260101.export.CSV.zip
  downloading 20251231.export.CSV.zip: 5.2 MB
  downloading 20260101.export.CSV.zip: 3.6 MB
[done 2,549/2,805] 20251224.export.CSV.zip: kept 69 row(s)
[queued 2,555/2,805; selected 4,981] 20260102.export.CSV.zip
[done 2,550/2,805] 20251228.export.CSV.zip: kept 88 row(s)
[queued 2,556/2,805; selected 4,981] 20260103.export.CSV.zip
  downloading 20260103.export.CSV.zip: 3.9 MB
  downloading 20260102.export.CSV.zip: 4.4 MB
[done 2,551/2,805] 20251229.export.CSV.zip: kept 80 row(s)
[queued 2,557/2,805; selected 4,981] 20260104.export.CSV.zip
  downloading 20260104.export.CSV.zip: 3.9 MB
[done 2,552/2,805] 20260101.export.CSV.zip: kept 56 row(s)
[queued 2,558/2,805; selected 4,981] 20260105.export.CSV.zip
  downloading 20260105.export.CSV.zip: 6.4 MB
[done 2,553/2,805] 20260103.export.CSV.zip: kept 70 row(s)
[queued 2,559/2,805; selected 4,981] 20260106.export.CSV.zip
  downloading 20260106.export.CSV.zip: 7.3 MB
[done 2,554/2,805] 20260102.export.CSV.zip: kept 61 row(s)
[queued 2,560/2,805; selected 4,981] 20260107.export.CSV.zip
  downloading 20260107.export.CSV.zip: 7.7 MB
[done 2,555/2,805] 20251230.export.CSV.zip: kept 63 row(s)
[queued 2,561/2,805; selected 4,981] 20260108.export.CSV.zip
  downloading 20260108.export.CSV.zip: 7.6 MB
[done 2,556/2,805] 20251231.export.CSV.zip: kept 70 row(s)
[queued 2,562/2,805; selected 4,981] 20260109.export.CSV.zip
  downloading 20260109.export.CSV.zip: 7.5 MB
[done 2,557/2,805] 20260104.export.CSV.zip: kept 52 row(s)
[queued 2,563/2,805; selected 4,981] 20260110.export.CSV.zip
  downloading 20260110.export.CSV.zip: 4.5 MB
[done 2,558/2,805] 20260106.export.CSV.zip: kept 88 row(s)
[queued 2,564/2,805; selected 4,981] 20260111.export.CSV.zip
  downloading 20260111.export.CSV.zip: 3.6 MB
[done 2,559/2,805] 20260109.export.CSV.zip: kept 87 row(s)
[queued 2,565/2,805; selected 4,981] 20260112.export.CSV.zip
  downloading 20260112.export.CSV.zip: 6.6 MB
[done 2,560/2,805] 20260110.export.CSV.zip: kept 76 row(s)
[queued 2,566/2,805; selected 4,981] 20260113.export.CSV.zip
  downloading 20260113.export.CSV.zip: 7.8 MB
[done 2,561/2,805] 20260105.export.CSV.zip: kept 78 row(s)
[queued 2,567/2,805; selected 4,981] 20260114.export.CSV.zip
  downloading 20260114.export.CSV.zip: 8.1 MB
[done 2,562/2,805] 20260111.export.CSV.zip: kept 77 row(s)
[queued 2,568/2,805; selected 4,981] 20260115.export.CSV.zip
  downloading 20260115.export.CSV.zip: 8.2 MB
[done 2,563/2,805] 20260108.export.CSV.zip: kept 100 row(s)
[queued 2,569/2,805; selected 4,981] 20260116.export.CSV.zip
  downloading 20260116.export.CSV.zip: 7.5 MB
[done 2,564/2,805] 20260107.export.CSV.zip: kept 81 row(s)
[queued 2,570/2,805; selected 4,981] 20260117.export.CSV.zip
  downloading 20260117.export.CSV.zip: 4.8 MB
[done 2,565/2,805] 20260113.export.CSV.zip: kept 100 row(s)
[queued 2,571/2,805; selected 4,981] 20260118.export.CSV.zip
[done 2,566/2,805] 20260114.export.CSV.zip: kept 84 row(s)
[queued 2,572/2,805; selected 4,981] 20260119.export.CSV.zip
  downloading 20260118.export.CSV.zip: 3.9 MB
  downloading 20260119.export.CSV.zip: 6.3 MB
[done 2,567/2,805] 20260112.export.CSV.zip: kept 81 row(s)
[queued 2,573/2,805; selected 4,981] 20260120.export.CSV.zip
  downloading 20260120.export.CSV.zip: 7.8 MB
[done 2,568/2,805] 20260117.export.CSV.zip: kept 69 row(s)
[queued 2,574/2,805; selected 4,981] 20260121.export.CSV.zip
  downloading 20260121.export.CSV.zip: 8.3 MB
[done 2,569/2,805] 20260118.export.CSV.zip: kept 59 row(s)
[queued 2,575/2,805; selected 4,981] 20260122.export.CSV.zip
  downloading 20260122.export.CSV.zip: 8.3 MB
[done 2,570/2,805] 20260115.export.CSV.zip: kept 92 row(s)
[queued 2,576/2,805; selected 4,981] 20260123.export.CSV.zip
  downloading 20260123.export.CSV.zip: 7.7 MB
[done 2,571/2,805] 20260116.export.CSV.zip: kept 96 row(s)
[queued 2,577/2,805; selected 4,981] 20260124.export.CSV.zip
  downloading 20260124.export.CSV.zip: 4.7 MB
[done 2,572/2,805] 20260120.export.CSV.zip: kept 86 row(s)
[queued 2,578/2,805; selected 4,981] 20260125.export.CSV.zip
  downloading 20260125.export.CSV.zip: 3.7 MB
[done 2,573/2,805] 20260119.export.CSV.zip: kept 95 row(s)
[queued 2,579/2,805; selected 4,981] 20260126.export.CSV.zip
  downloading 20260126.export.CSV.zip: 6.4 MB
[done 2,574/2,805] 20260121.export.CSV.zip: kept 97 row(s)
[queued 2,580/2,805; selected 4,981] 20260127.export.CSV.zip
  downloading 20260127.export.CSV.zip: 7.6 MB
[done 2,575/2,805] 20260125.export.CSV.zip: kept 56 row(s)
[queued 2,581/2,805; selected 4,981] 20260128.export.CSV.zip
  downloading 20260128.export.CSV.zip: 7.7 MB
[done 2,576/2,805] 20260124.export.CSV.zip: kept 67 row(s)
[queued 2,582/2,805; selected 4,981] 20260129.export.CSV.zip
  downloading 20260129.export.CSV.zip: 8.0 MB
[done 2,577/2,805] 20260122.export.CSV.zip: kept 81 row(s)
[queued 2,583/2,805; selected 4,981] 20260130.export.CSV.zip
  downloading 20260130.export.CSV.zip: 7.5 MB
[done 2,578/2,805] 20260123.export.CSV.zip: kept 90 row(s)
[queued 2,584/2,805; selected 4,981] 20260131.export.CSV.zip
  downloading 20260131.export.CSV.zip: 4.7 MB
[done 2,579/2,805] 20260127.export.CSV.zip: kept 92 row(s)
[queued 2,585/2,805; selected 4,981] 20260201.export.CSV.zip
  downloading 20260201.export.CSV.zip: 3.8 MB
[done 2,580/2,805] 20260128.export.CSV.zip: kept 75 row(s)
[queued 2,586/2,805; selected 4,981] 20260202.export.CSV.zip
  downloading 20260202.export.CSV.zip: 6.4 MB
[done 2,581/2,805] 20260126.export.CSV.zip: kept 76 row(s)
[queued 2,587/2,805; selected 4,981] 20260203.export.CSV.zip
  downloading 20260203.export.CSV.zip: 7.7 MB
[done 2,582/2,805] 20260131.export.CSV.zip: kept 68 row(s)
[queued 2,588/2,805; selected 4,981] 20260204.export.CSV.zip
  downloading 20260204.export.CSV.zip: 8.0 MB
[done 2,583/2,805] 20260130.export.CSV.zip: kept 80 row(s)
[queued 2,589/2,805; selected 4,981] 20260205.export.CSV.zip
  downloading 20260205.export.CSV.zip: 7.9 MB
[done 2,584/2,805] 20260201.export.CSV.zip: kept 73 row(s)
[queued 2,590/2,805; selected 4,981] 20260206.export.CSV.zip
  downloading 20260206.export.CSV.zip: 7.3 MB
[done 2,585/2,805] 20260129.export.CSV.zip: kept 72 row(s)
[queued 2,591/2,805; selected 4,981] 20260207.export.CSV.zip
  downloading 20260207.export.CSV.zip: 4.4 MB
[done 2,586/2,805] 20260203.export.CSV.zip: kept 99 row(s)
[queued 2,592/2,805; selected 4,981] 20260208.export.CSV.zip
  downloading 20260208.export.CSV.zip: 3.5 MB
[done 2,587/2,805] 20260205.export.CSV.zip: kept 79 row(s)
[queued 2,593/2,805; selected 4,981] 20260209.export.CSV.zip
[done 2,588/2,805] 20260206.export.CSV.zip: kept 71 row(s)
[done 2,589/2,805] 20260204.export.CSV.zip: kept 111 row(s)
[queued 2,594/2,805; selected 4,981] 20260210.export.CSV.zip
[queued 2,595/2,805; selected 4,981] 20260211.export.CSV.zip
  downloading 20260209.export.CSV.zip: 6.5 MB
  downloading 20260210.export.CSV.zip: 7.6 MB
  downloading 20260211.export.CSV.zip: 8.2 MB
[done 2,590/2,805] 20260207.export.CSV.zip: kept 71 row(s)
[queued 2,596/2,805; selected 4,981] 20260212.export.CSV.zip
[done 2,591/2,805] 20260202.export.CSV.zip: kept 81 row(s)
[queued 2,597/2,805; selected 4,981] 20260213.export.CSV.zip
  downloading 20260212.export.CSV.zip: 8.0 MB
  downloading 20260213.export.CSV.zip: 7.5 MB
[done 2,592/2,805] 20260208.export.CSV.zip: kept 72 row(s)
[queued 2,598/2,805; selected 4,981] 20260214.export.CSV.zip
  downloading 20260214.export.CSV.zip: 4.7 MB
[done 2,593/2,805] 20260213.export.CSV.zip: kept 81 row(s)
[queued 2,599/2,805; selected 4,981] 20260215.export.CSV.zip
  downloading 20260215.export.CSV.zip: 3.7 MB
[done 2,594/2,805] 20260214.export.CSV.zip: kept 81 row(s)
[queued 2,600/2,805; selected 4,981] 20260216.export.CSV.zip
  downloading 20260216.export.CSV.zip: 6.2 MB
[done 2,595/2,805] 20260209.export.CSV.zip: kept 92 row(s)
[queued 2,601/2,805; selected 4,981] 20260217.export.CSV.zip
[done 2,596/2,805] 20260210.export.CSV.zip: kept 79 row(s)
[queued 2,602/2,805; selected 4,981] 20260218.export.CSV.zip
  downloading 20260217.export.CSV.zip: 7.3 MB
  downloading 20260218.export.CSV.zip: 7.8 MB
[done 2,597/2,805] 20260212.export.CSV.zip: kept 74 row(s)
[queued 2,603/2,805; selected 4,981] 20260219.export.CSV.zip
  downloading 20260219.export.CSV.zip: 8.2 MB
[done 2,598/2,805] 20260211.export.CSV.zip: kept 107 row(s)
[queued 2,604/2,805; selected 4,981] 20260220.export.CSV.zip
  downloading 20260220.export.CSV.zip: 7.3 MB
[done 2,599/2,805] 20260215.export.CSV.zip: kept 66 row(s)
[queued 2,605/2,805; selected 4,981] 20260221.export.CSV.zip
  downloading 20260221.export.CSV.zip: 4.4 MB
[done 2,600/2,805] 20260216.export.CSV.zip: kept 83 row(s)
[queued 2,606/2,805; selected 4,981] 20260222.export.CSV.zip
  downloading 20260222.export.CSV.zip: 3.7 MB
[done 2,601/2,805] 20260217.export.CSV.zip: kept 85 row(s)
[queued 2,607/2,805; selected 4,981] 20260223.export.CSV.zip
  downloading 20260223.export.CSV.zip: 6.8 MB
[done 2,602/2,805] 20260219.export.CSV.zip: kept 90 row(s)
[queued 2,608/2,805; selected 4,981] 20260224.export.CSV.zip
  downloading 20260224.export.CSV.zip: 8.1 MB
[done 2,603/2,805] 20260222.export.CSV.zip: kept 78 row(s)
[queued 2,609/2,805; selected 4,981] 20260225.export.CSV.zip
[done 2,604/2,805] 20260221.export.CSV.zip: kept 73 row(s)
[queued 2,610/2,805; selected 4,981] 20260226.export.CSV.zip
  downloading 20260226.export.CSV.zip: 8.3 MB
  downloading 20260225.export.CSV.zip: 8.0 MB
[done 2,605/2,805] 20260220.export.CSV.zip: kept 78 row(s)
[queued 2,611/2,805; selected 4,981] 20260227.export.CSV.zip
  downloading 20260227.export.CSV.zip: 7.9 MB
[done 2,606/2,805] 20260218.export.CSV.zip: kept 70 row(s)
[queued 2,612/2,805; selected 4,981] 20260228.export.CSV.zip
[done 2,607/2,805] 20260223.export.CSV.zip: kept 116 row(s)
[queued 2,613/2,805; selected 4,981] 20260301.export.CSV.zip
  downloading 20260301.export.CSV.zip: 5.2 MB
  downloading 20260228.export.CSV.zip: 6.0 MB
[done 2,608/2,805] 20260226.export.CSV.zip: kept 97 row(s)
[queued 2,614/2,805; selected 4,981] 20260302.export.CSV.zip
  downloading 20260302.export.CSV.zip: 7.9 MB
[done 2,609/2,805] 20260224.export.CSV.zip: kept 113 row(s)
[queued 2,615/2,805; selected 4,981] 20260303.export.CSV.zip
  downloading 20260303.export.CSV.zip: 8.8 MB
[done 2,610/2,805] 20260228.export.CSV.zip: kept 68 row(s)
[queued 2,616/2,805; selected 4,981] 20260304.export.CSV.zip
  downloading 20260304.export.CSV.zip: 8.7 MB
[done 2,611/2,805] 20260225.export.CSV.zip: kept 116 row(s)
[queued 2,617/2,805; selected 4,981] 20260305.export.CSV.zip
[done 2,612/2,805] 20260227.export.CSV.zip: kept 86 row(s)
[queued 2,618/2,805; selected 4,981] 20260306.export.CSV.zip
  downloading 20260305.export.CSV.zip: 9.0 MB
  downloading 20260306.export.CSV.zip: 8.2 MB
[done 2,613/2,805] 20260301.export.CSV.zip: kept 78 row(s)
[queued 2,619/2,805; selected 4,981] 20260307.export.CSV.zip
  downloading 20260307.export.CSV.zip: 5.2 MB
[done 2,614/2,805] 20260302.export.CSV.zip: kept 90 row(s)
[queued 2,620/2,805; selected 4,981] 20260308.export.CSV.zip
  downloading 20260308.export.CSV.zip: 4.3 MB
[done 2,615/2,805] 20260308.export.CSV.zip: kept 67 row(s)
[queued 2,621/2,805; selected 4,981] 20260309.export.CSV.zip
  downloading 20260309.export.CSV.zip: 6.9 MB
[done 2,616/2,805] 20260307.export.CSV.zip: kept 64 row(s)
[queued 2,622/2,805; selected 4,981] 20260310.export.CSV.zip
  downloading 20260310.export.CSV.zip: 7.7 MB
[done 2,617/2,805] 20260306.export.CSV.zip: kept 106 row(s)
[queued 2,623/2,805; selected 4,981] 20260311.export.CSV.zip
  downloading 20260311.export.CSV.zip: 8.0 MB
[done 2,618/2,805] 20260304.export.CSV.zip: kept 60 row(s)
[queued 2,624/2,805; selected 4,981] 20260312.export.CSV.zip
  downloading 20260312.export.CSV.zip: 8.2 MB
[done 2,619/2,805] 20260309.export.CSV.zip: kept 75 row(s)
[queued 2,625/2,805; selected 4,981] 20260313.export.CSV.zip
  downloading 20260313.export.CSV.zip: 8.0 MB
[done 2,620/2,805] 20260303.export.CSV.zip: kept 78 row(s)
[queued 2,626/2,805; selected 4,981] 20260314.export.CSV.zip
[done 2,621/2,805] 20260305.export.CSV.zip: kept 83 row(s)
[queued 2,627/2,805; selected 4,981] 20260315.export.CSV.zip
  downloading 20260314.export.CSV.zip: 4.8 MB
  downloading 20260315.export.CSV.zip: 3.8 MB
[done 2,622/2,805] 20260310.export.CSV.zip: kept 93 row(s)
[queued 2,628/2,805; selected 4,981] 20260316.export.CSV.zip
  downloading 20260316.export.CSV.zip: 7.0 MB
[done 2,623/2,805] 20260314.export.CSV.zip: kept 67 row(s)
[queued 2,629/2,805; selected 4,981] 20260317.export.CSV.zip
  downloading 20260317.export.CSV.zip: 7.9 MB
[done 2,624/2,805] 20260315.export.CSV.zip: kept 69 row(s)
[queued 2,630/2,805; selected 4,981] 20260318.export.CSV.zip
  downloading 20260318.export.CSV.zip: 8.1 MB
[done 2,625/2,805] 20260317.export.CSV.zip: kept 84 row(s)
[queued 2,631/2,805; selected 4,981] 20260319.export.CSV.zip
  downloading 20260319.export.CSV.zip: 7.9 MB
[done 2,626/2,805] 20260311.export.CSV.zip: kept 97 row(s)
[queued 2,632/2,805; selected 4,981] 20260320.export.CSV.zip
[done 2,627/2,805] 20260312.export.CSV.zip: kept 79 row(s)
[queued 2,633/2,805; selected 4,981] 20260321.export.CSV.zip
  downloading 20260320.export.CSV.zip: 6.9 MB
  downloading 20260321.export.CSV.zip: 4.0 MB
[done 2,628/2,805] 20260313.export.CSV.zip: kept 78 row(s)
[queued 2,634/2,805; selected 4,981] 20260322.export.CSV.zip
  downloading 20260322.export.CSV.zip: 3.2 MB
[done 2,629/2,805] 20260316.export.CSV.zip: kept 105 row(s)
[queued 2,635/2,805; selected 4,981] 20260323.export.CSV.zip
  downloading 20260323.export.CSV.zip: 6.0 MB
[done 2,630/2,805] 20260321.export.CSV.zip: kept 72 row(s)
[queued 2,636/2,805; selected 4,981] 20260324.export.CSV.zip
  downloading 20260324.export.CSV.zip: 7.3 MB
[done 2,631/2,805] 20260320.export.CSV.zip: kept 72 row(s)
[queued 2,637/2,805; selected 4,981] 20260325.export.CSV.zip
  downloading 20260325.export.CSV.zip: 7.5 MB
[done 2,632/2,805] 20260318.export.CSV.zip: kept 78 row(s)
[queued 2,638/2,805; selected 4,981] 20260326.export.CSV.zip
  downloading 20260326.export.CSV.zip: 7.4 MB
[done 2,633/2,805] 20260322.export.CSV.zip: kept 61 row(s)
[queued 2,639/2,805; selected 4,981] 20260327.export.CSV.zip
  downloading 20260327.export.CSV.zip: 6.9 MB
[done 2,634/2,805] 20260323.export.CSV.zip: kept 70 row(s)
[queued 2,640/2,805; selected 4,981] 20260328.export.CSV.zip
  downloading 20260328.export.CSV.zip: 4.4 MB
[done 2,635/2,805] 20260326.export.CSV.zip: kept 63 row(s)
[queued 2,641/2,805; selected 4,981] 20260329.export.CSV.zip
[done 2,636/2,805] 20260319.export.CSV.zip: kept 77 row(s)
[queued 2,642/2,805; selected 4,981] 20260330.export.CSV.zip
  downloading 20260329.export.CSV.zip: 3.7 MB
  downloading 20260330.export.CSV.zip: 6.7 MB
[done 2,637/2,805] 20260327.export.CSV.zip: kept 64 row(s)
[queued 2,643/2,805; selected 4,981] 20260331.export.CSV.zip
[done 2,638/2,805] 20260324.export.CSV.zip: kept 76 row(s)
[queued 2,644/2,805; selected 4,981] 20260401.export.CSV.zip
  downloading 20260331.export.CSV.zip: 7.3 MB
  downloading 20260401.export.CSV.zip: 7.4 MB
[done 2,639/2,805] 20260329.export.CSV.zip: kept 61 row(s)
[queued 2,645/2,805; selected 4,981] 20260402.export.CSV.zip
  downloading 20260402.export.CSV.zip: 6.9 MB
[done 2,640/2,805] 20260328.export.CSV.zip: kept 59 row(s)
[queued 2,646/2,805; selected 4,981] 20260403.export.CSV.zip
[done 2,641/2,805] 20260325.export.CSV.zip: kept 65 row(s)
[queued 2,647/2,805; selected 4,981] 20260404.export.CSV.zip
[done 2,642/2,805] 20260330.export.CSV.zip: kept 67 row(s)
[queued 2,648/2,805; selected 4,981] 20260405.export.CSV.zip
  downloading 20260403.export.CSV.zip: 5.6 MB
  downloading 20260405.export.CSV.zip: 3.1 MB
  downloading 20260404.export.CSV.zip: 3.5 MB
[done 2,643/2,805] 20260401.export.CSV.zip: kept 76 row(s)
[queued 2,649/2,805; selected 4,981] 20260406.export.CSV.zip
  downloading 20260406.export.CSV.zip: 5.2 MB
[done 2,644/2,805] 20260404.export.CSV.zip: kept 60 row(s)
[queued 2,650/2,805; selected 4,981] 20260407.export.CSV.zip
  downloading 20260407.export.CSV.zip: 6.8 MB
[done 2,645/2,805] 20260405.export.CSV.zip: kept 67 row(s)
[queued 2,651/2,805; selected 4,981] 20260408.export.CSV.zip
  downloading 20260408.export.CSV.zip: 7.5 MB
[done 2,646/2,805] 20260403.export.CSV.zip: kept 69 row(s)
[queued 2,652/2,805; selected 4,981] 20260409.export.CSV.zip
  downloading 20260409.export.CSV.zip: 7.5 MB
[done 2,647/2,805] 20260406.export.CSV.zip: kept 69 row(s)
[queued 2,653/2,805; selected 4,981] 20260410.export.CSV.zip
[done 2,648/2,805] 20260331.export.CSV.zip: kept 70 row(s)
[queued 2,654/2,805; selected 4,981] 20260411.export.CSV.zip
  downloading 20260411.export.CSV.zip: 4.2 MB
  downloading 20260410.export.CSV.zip: 7.0 MB
[done 2,649/2,805] 20260402.export.CSV.zip: kept 84 row(s)
[queued 2,655/2,805; selected 4,981] 20260412.export.CSV.zip
  downloading 20260412.export.CSV.zip: 3.3 MB
[done 2,650/2,805] 20260407.export.CSV.zip: kept 72 row(s)
[queued 2,656/2,805; selected 4,981] 20260413.export.CSV.zip
  downloading 20260413.export.CSV.zip: 6.1 MB
[done 2,651/2,805] 20260411.export.CSV.zip: kept 71 row(s)
[queued 2,657/2,805; selected 4,981] 20260414.export.CSV.zip
  downloading 20260414.export.CSV.zip: 7.3 MB
[done 2,652/2,805] 20260410.export.CSV.zip: kept 89 row(s)
[queued 2,658/2,805; selected 4,981] 20260415.export.CSV.zip
  downloading 20260415.export.CSV.zip: 7.4 MB
[done 2,653/2,805] 20260412.export.CSV.zip: kept 56 row(s)
[queued 2,659/2,805; selected 4,981] 20260416.export.CSV.zip
  downloading 20260416.export.CSV.zip: 7.5 MB
[done 2,654/2,805] 20260408.export.CSV.zip: kept 80 row(s)
[queued 2,660/2,805; selected 4,981] 20260417.export.CSV.zip
[done 2,655/2,805] 20260409.export.CSV.zip: kept 63 row(s)
[queued 2,661/2,805; selected 4,981] 20260418.export.CSV.zip
  downloading 20260417.export.CSV.zip: 6.9 MB
  downloading 20260418.export.CSV.zip: 4.1 MB
[done 2,656/2,805] 20260413.export.CSV.zip: kept 79 row(s)
[queued 2,662/2,805; selected 4,981] 20260419.export.CSV.zip
  downloading 20260419.export.CSV.zip: 3.4 MB
[done 2,657/2,805] 20260414.export.CSV.zip: kept 64 row(s)
[queued 2,663/2,805; selected 4,981] 20260420.export.CSV.zip
  downloading 20260420.export.CSV.zip: 6.3 MB
[done 2,658/2,805] 20260418.export.CSV.zip: kept 63 row(s)
[queued 2,664/2,805; selected 4,981] 20260421.export.CSV.zip
[done 2,659/2,805] 20260419.export.CSV.zip: kept 58 row(s)
[queued 2,665/2,805; selected 4,981] 20260422.export.CSV.zip
  downloading 20260421.export.CSV.zip: 7.4 MB
  downloading 20260422.export.CSV.zip: 7.3 MB
[done 2,660/2,805] 20260415.export.CSV.zip: kept 73 row(s)
[queued 2,666/2,805; selected 4,981] 20260423.export.CSV.zip
  downloading 20260423.export.CSV.zip: 7.4 MB
[done 2,661/2,805] 20260417.export.CSV.zip: kept 88 row(s)
[queued 2,667/2,805; selected 4,981] 20260424.export.CSV.zip
[done 2,662/2,805] 20260416.export.CSV.zip: kept 82 row(s)
[queued 2,668/2,805; selected 4,981] 20260425.export.CSV.zip
  downloading 20260424.export.CSV.zip: 7.1 MB
  downloading 20260425.export.CSV.zip: 4.2 MB
[done 2,663/2,805] 20260422.export.CSV.zip: kept 89 row(s)
[queued 2,669/2,805; selected 4,981] 20260426.export.CSV.zip
  downloading 20260426.export.CSV.zip: 3.5 MB
[done 2,664/2,805] 20260420.export.CSV.zip: kept 75 row(s)
[queued 2,670/2,805; selected 4,981] 20260427.export.CSV.zip
  downloading 20260427.export.CSV.zip: 6.3 MB
[done 2,665/2,805] 20260425.export.CSV.zip: kept 60 row(s)
[queued 2,671/2,805; selected 4,981] 20260428.export.CSV.zip
  downloading 20260428.export.CSV.zip: 7.4 MB
[done 2,666/2,805] 20260421.export.CSV.zip: kept 70 row(s)
[queued 2,672/2,805; selected 4,981] 20260429.export.CSV.zip
  downloading 20260429.export.CSV.zip: 7.5 MB
[done 2,667/2,805] 20260423.export.CSV.zip: kept 95 row(s)
[queued 2,673/2,805; selected 4,981] 20260430.export.CSV.zip
  downloading 20260430.export.CSV.zip: 7.4 MB
[done 2,668/2,805] 20260424.export.CSV.zip: kept 67 row(s)
[queued 2,674/2,805; selected 4,981] 20260501.export.CSV.zip
[done 2,669/2,805] 20260426.export.CSV.zip: kept 70 row(s)
[queued 2,675/2,805; selected 4,981] 20260502.export.CSV.zip
  downloading 20260502.export.CSV.zip: 4.2 MB
  downloading 20260501.export.CSV.zip: 6.7 MB
[done 2,670/2,805] 20260427.export.CSV.zip: kept 76 row(s)
[queued 2,676/2,805; selected 4,981] 20260503.export.CSV.zip
  downloading 20260503.export.CSV.zip: 3.5 MB
[done 2,671/2,805] 20260429.export.CSV.zip: kept 71 row(s)
[queued 2,677/2,805; selected 4,981] 20260504.export.CSV.zip
  downloading 20260504.export.CSV.zip: 6.0 MB
[done 2,672/2,805] 20260428.export.CSV.zip: kept 69 row(s)
[queued 2,678/2,805; selected 4,981] 20260505.export.CSV.zip
  downloading 20260505.export.CSV.zip: 7.2 MB
[done 2,673/2,805] 20260502.export.CSV.zip: kept 70 row(s)
[queued 2,679/2,805; selected 4,981] 20260506.export.CSV.zip
[done 2,674/2,805] 20260503.export.CSV.zip: kept 56 row(s)
[queued 2,680/2,805; selected 4,981] 20260507.export.CSV.zip
  downloading 20260507.export.CSV.zip: 8.0 MB
[done 2,675/2,805] 20260501.export.CSV.zip: kept 79 row(s)
[queued 2,681/2,805; selected 4,981] 20260508.export.CSV.zip
  downloading 20260506.export.CSV.zip: 7.8 MB
  downloading 20260508.export.CSV.zip: 7.5 MB
[done 2,676/2,805] 20260504.export.CSV.zip: kept 72 row(s)
[queued 2,682/2,805; selected 4,981] 20260509.export.CSV.zip
[done 2,677/2,805] 20260430.export.CSV.zip: kept 70 row(s)
[queued 2,683/2,805; selected 4,981] 20260510.export.CSV.zip
  downloading 20260509.export.CSV.zip: 4.2 MB
  downloading 20260510.export.CSV.zip: 3.6 MB
[done 2,678/2,805] 20260505.export.CSV.zip: kept 107 row(s)
[queued 2,684/2,805; selected 4,981] 20260511.export.CSV.zip
  downloading 20260511.export.CSV.zip: 6.6 MB
[done 2,679/2,805] 20260510.export.CSV.zip: kept 76 row(s)
[queued 2,685/2,805; selected 4,981] 20260512.export.CSV.zip
  downloading 20260512.export.CSV.zip: 7.6 MB
[done 2,680/2,805] 20260509.export.CSV.zip: kept 75 row(s)
[queued 2,686/2,805; selected 4,981] 20260513.export.CSV.zip
  downloading 20260513.export.CSV.zip: 7.6 MB
[done 2,681/2,805] 20260506.export.CSV.zip: kept 70 row(s)
[queued 2,687/2,805; selected 4,981] 20260514.export.CSV.zip
[done 2,682/2,805] 20260507.export.CSV.zip: kept 100 row(s)
[queued 2,688/2,805; selected 4,981] 20260515.export.CSV.zip
  downloading 20260514.export.CSV.zip: 7.8 MB
  downloading 20260515.export.CSV.zip: 7.2 MB
[done 2,683/2,805] 20260508.export.CSV.zip: kept 71 row(s)
[queued 2,689/2,805; selected 4,981] 20260516.export.CSV.zip
  downloading 20260516.export.CSV.zip: 4.2 MB
[done 2,684/2,805] 20260511.export.CSV.zip: kept 94 row(s)
[queued 2,690/2,805; selected 4,981] 20260517.export.CSV.zip
  downloading 20260517.export.CSV.zip: 3.5 MB
[done 2,685/2,805] 20260516.export.CSV.zip: kept 75 row(s)
[queued 2,691/2,805; selected 4,981] 20260518.export.CSV.zip
  downloading 20260518.export.CSV.zip: 6.4 MB
[done 2,686/2,805] 20260515.export.CSV.zip: kept 73 row(s)
[queued 2,692/2,805; selected 4,981] 20260519.export.CSV.zip
[done 2,687/2,805] 20260512.export.CSV.zip: kept 113 row(s)
[queued 2,693/2,805; selected 4,981] 20260520.export.CSV.zip
  downloading 20260519.export.CSV.zip: 7.3 MB
[done 2,688/2,805] 20260517.export.CSV.zip: kept 62 row(s)
[queued 2,694/2,805; selected 4,981] 20260521.export.CSV.zip
  downloading 20260520.export.CSV.zip: 7.7 MB
  downloading 20260521.export.CSV.zip: 7.5 MB
[done 2,689/2,805] 20260513.export.CSV.zip: kept 84 row(s)
[queued 2,695/2,805; selected 4,981] 20260522.export.CSV.zip
  downloading 20260522.export.CSV.zip: 6.9 MB
[done 2,690/2,805] 20260514.export.CSV.zip: kept 73 row(s)
[queued 2,696/2,805; selected 4,981] 20260523.export.CSV.zip
  downloading 20260523.export.CSV.zip: 4.1 MB
[done 2,691/2,805] 20260519.export.CSV.zip: kept 62 row(s)
[queued 2,697/2,805; selected 4,981] 20260524.export.CSV.zip
  downloading 20260524.export.CSV.zip: 3.3 MB
[done 2,692/2,805] 20260520.export.CSV.zip: kept 74 row(s)
[queued 2,698/2,805; selected 4,981] 20260525.export.CSV.zip
  downloading 20260525.export.CSV.zip: 4.9 MB
[done 2,693/2,805] 20260522.export.CSV.zip: kept 101 row(s)
[queued 2,699/2,805; selected 4,981] 20260526.export.CSV.zip
  downloading 20260526.export.CSV.zip: 6.5 MB
[done 2,694/2,805] 20260518.export.CSV.zip: kept 74 row(s)
[queued 2,700/2,805; selected 4,981] 20260527.export.CSV.zip
[done 2,695/2,805] 20260521.export.CSV.zip: kept 66 row(s)
[queued 2,701/2,805; selected 4,981] 20260528.export.CSV.zip
  downloading 20260527.export.CSV.zip: 6.9 MB
  downloading 20260528.export.CSV.zip: 7.0 MB
[done 2,696/2,805] 20260523.export.CSV.zip: kept 65 row(s)
[queued 2,702/2,805; selected 4,981] 20260529.export.CSV.zip
[done 2,697/2,805] 20260524.export.CSV.zip: kept 59 row(s)
[queued 2,703/2,805; selected 4,981] 20260530.export.CSV.zip
  downloading 20260529.export.CSV.zip: 6.8 MB
  downloading 20260530.export.CSV.zip: 3.8 MB
[done 2,698/2,805] 20260525.export.CSV.zip: kept 67 row(s)
[queued 2,704/2,805; selected 4,981] 20260531.export.CSV.zip
  downloading 20260531.export.CSV.zip: 3.1 MB
[done 2,699/2,805] 20260528.export.CSV.zip: kept 83 row(s)
[queued 2,705/2,805; selected 4,981] 20260601.export.CSV.zip
  downloading 20260601.export.CSV.zip: 6.1 MB
[done 2,700/2,805] 20260526.export.CSV.zip: kept 69 row(s)
[queued 2,706/2,805; selected 4,981] 20260602.export.CSV.zip
  downloading 20260602.export.CSV.zip: 7.0 MB
[done 2,701/2,805] 20260530.export.CSV.zip: kept 62 row(s)
[queued 2,707/2,805; selected 4,981] 20260603.export.CSV.zip
  downloading 20260603.export.CSV.zip: 7.2 MB
[done 2,702/2,805] 20260529.export.CSV.zip: kept 63 row(s)
[queued 2,708/2,805; selected 4,981] 20260604.export.CSV.zip
[done 2,703/2,805] 20260531.export.CSV.zip: kept 65 row(s)
[queued 2,709/2,805; selected 4,981] 20260605.export.CSV.zip
  downloading 20260604.export.CSV.zip: 7.1 MB
  downloading 20260605.export.CSV.zip: 6.4 MB
[done 2,704/2,805] 20260527.export.CSV.zip: kept 76 row(s)
[queued 2,710/2,805; selected 4,981] 20260606.export.CSV.zip
  downloading 20260606.export.CSV.zip: 3.9 MB
[done 2,705/2,805] 20260601.export.CSV.zip: kept 81 row(s)
[queued 2,711/2,805; selected 4,981] 20260607.export.CSV.zip
  downloading 20260607.export.CSV.zip: 3.3 MB
[done 2,706/2,805] 20260602.export.CSV.zip: kept 86 row(s)
[queued 2,712/2,805; selected 4,981] 20260608.export.CSV.zip
  downloading 20260608.export.CSV.zip: 5.9 MB
[done 2,707/2,805] 20260605.export.CSV.zip: kept 71 row(s)
[queued 2,713/2,805; selected 4,981] 20260609.export.CSV.zip
  downloading 20260609.export.CSV.zip: 6.5 MB
[done 2,708/2,805] 20260606.export.CSV.zip: kept 74 row(s)
[queued 2,714/2,805; selected 4,981] 20260610.export.CSV.zip
  downloading 20260610.export.CSV.zip: 7.0 MB
[done 2,709/2,805] 20260607.export.CSV.zip: kept 66 row(s)
[queued 2,715/2,805; selected 4,981] 20260611.export.CSV.zip
[done 2,710/2,805] 20260604.export.CSV.zip: kept 74 row(s)
[queued 2,716/2,805; selected 4,981] 20260612.export.CSV.zip
[done 2,711/2,805] 20260603.export.CSV.zip: kept 81 row(s)
[queued 2,717/2,805; selected 4,981] 20260613.export.CSV.zip
  downloading 20260611.export.CSV.zip: 6.7 MB
  downloading 20260613.export.CSV.zip: 3.7 MB
  downloading 20260612.export.CSV.zip: 6.2 MB
[done 2,712/2,805] 20260613.export.CSV.zip: kept 81 row(s)
[queued 2,718/2,805; selected 4,981] 20260614.export.CSV.zip
  downloading 20260614.export.CSV.zip: 3.1 MB
[done 2,713/2,805] 20260608.export.CSV.zip: kept 66 row(s)
[queued 2,719/2,805; selected 4,981] 20260615.export.CSV.zip
[done 2,714/2,805] 20260612.export.CSV.zip: kept 70 row(s)
[queued 2,720/2,805; selected 4,981] 20260616.export.CSV.zip
  downloading 20260616.export.CSV.zip: 6.7 MB
  downloading 20260615.export.CSV.zip: 6.1 MB
[done 2,715/2,805] 20260611.export.CSV.zip: kept 79 row(s)
[queued 2,721/2,805; selected 4,981] 20260617.export.CSV.zip
  downloading 20260617.export.CSV.zip: 7.0 MB
[done 2,716/2,805] 20260609.export.CSV.zip: kept 82 row(s)
[queued 2,722/2,805; selected 4,981] 20260618.export.CSV.zip
  downloading 20260618.export.CSV.zip: 6.9 MB
[done 2,717/2,805] 20260614.export.CSV.zip: kept 55 row(s)
[queued 2,723/2,805; selected 4,981] 20260619.export.CSV.zip
  downloading 20260619.export.CSV.zip: 6.0 MB
[done 2,718/2,805] 20260610.export.CSV.zip: kept 64 row(s)
[queued 2,724/2,805; selected 4,981] 20260620.export.CSV.zip
[done 2,719/2,805] 20260615.export.CSV.zip: kept 62 row(s)
[queued 2,725/2,805; selected 4,981] 20260621.export.CSV.zip
  downloading 20260620.export.CSV.zip: 3.6 MB
  downloading 20260621.export.CSV.zip: 3.2 MB
[done 2,720/2,805] 20260616.export.CSV.zip: kept 77 row(s)
[queued 2,726/2,805; selected 4,981] 20260622.export.CSV.zip
  downloading 20260622.export.CSV.zip: 6.0 MB
[done 2,721/2,805] 20260618.export.CSV.zip: kept 73 row(s)
[queued 2,727/2,805; selected 4,981] 20260623.export.CSV.zip
  downloading 20260623.export.CSV.zip: 6.7 MB
[done 2,722/2,805] 20260621.export.CSV.zip: kept 56 row(s)
[queued 2,728/2,805; selected 4,981] 20260624.export.CSV.zip
  downloading 20260624.export.CSV.zip: 6.9 MB
[done 2,723/2,805] 20260617.export.CSV.zip: kept 119 row(s)
[queued 2,729/2,805; selected 4,981] 20260625.export.CSV.zip
  downloading 20260625.export.CSV.zip: 6.8 MB
[done 2,724/2,805] 20260620.export.CSV.zip: kept 61 row(s)
[queued 2,730/2,805; selected 4,981] 20260626.export.CSV.zip
  downloading 20260626.export.CSV.zip: 6.1 MB
[done 2,725/2,805] 20260619.export.CSV.zip: kept 65 row(s)
[queued 2,731/2,805; selected 4,981] 20260627.export.CSV.zip
  downloading 20260627.export.CSV.zip: 3.7 MB
[done 2,726/2,805] 20260625.export.CSV.zip: kept 62 row(s)
[queued 2,732/2,805; selected 4,981] 20260628.export.CSV.zip
  downloading 20260628.export.CSV.zip: 3.2 MB
[done 2,727/2,805] 20260624.export.CSV.zip: kept 64 row(s)
[queued 2,733/2,805; selected 4,981] 20260629.export.CSV.zip
  downloading 20260629.export.CSV.zip: 5.9 MB
[done 2,728/2,805] 20260627.export.CSV.zip: kept 61 row(s)
[queued 2,734/2,805; selected 4,981] 20260630.export.CSV.zip
  downloading 20260630.export.CSV.zip: 6.5 MB
[done 2,729/2,805] 20260626.export.CSV.zip: kept 84 row(s)
[queued 2,735/2,805; selected 4,981] 20260701.export.CSV.zip
[done 2,730/2,805] 20260622.export.CSV.zip: kept 91 row(s)
[queued 2,736/2,805; selected 4,981] 20260702.export.CSV.zip
  downloading 20260701.export.CSV.zip: 6.5 MB
  downloading 20260702.export.CSV.zip: 6.6 MB
[done 2,731/2,805] 20260623.export.CSV.zip: kept 77 row(s)
[queued 2,737/2,805; selected 4,981] 20260703.export.CSV.zip
[done 2,732/2,805] 20260628.export.CSV.zip: kept 56 row(s)
[queued 2,738/2,805; selected 4,981] 20260704.export.CSV.zip
  downloading 20260703.export.CSV.zip: 5.7 MB
  downloading 20260704.export.CSV.zip: 3.4 MB
[done 2,733/2,805] 20260701.export.CSV.zip: kept 71 row(s)
[queued 2,739/2,805; selected 4,981] 20260705.export.CSV.zip
[done 2,734/2,805] 20260704.export.CSV.zip: kept 64 row(s)
[queued 2,740/2,805; selected 4,981] 20260706.export.CSV.zip
  downloading 20260705.export.CSV.zip: 2.9 MB
  downloading 20260706.export.CSV.zip: 5.7 MB
[done 2,735/2,805] 20260703.export.CSV.zip: kept 65 row(s)
[queued 2,741/2,805; selected 4,981] 20260707.export.CSV.zip
[done 2,736/2,805] 20260702.export.CSV.zip: kept 60 row(s)
[queued 2,742/2,805; selected 4,981] 20260708.export.CSV.zip
  downloading 20260708.export.CSV.zip: 7.1 MB
  downloading 20260707.export.CSV.zip: 6.7 MB
[done 2,737/2,805] 20260630.export.CSV.zip: kept 73 row(s)
[queued 2,743/2,805; selected 4,981] 20260709.export.CSV.zip
[done 2,738/2,805] 20260629.export.CSV.zip: kept 77 row(s)
[queued 2,744/2,805; selected 4,981] 20260710.export.CSV.zip
  downloading 20260710.export.CSV.zip: 6.3 MB
  downloading 20260709.export.CSV.zip: 6.8 MB
[done 2,739/2,805] 20260705.export.CSV.zip: kept 59 row(s)
[queued 2,745/2,805; selected 4,981] 20260711.export.CSV.zip
  downloading 20260711.export.CSV.zip: 3.9 MB
[done 2,740/2,805] 20260710.export.CSV.zip: kept 65 row(s)
[queued 2,746/2,805; selected 4,981] 20260712.export.CSV.zip
  downloading 20260712.export.CSV.zip: 3.2 MB
[done 2,741/2,805] 20260706.export.CSV.zip: kept 81 row(s)
[queued 2,747/2,805; selected 4,981] 20260713.export.CSV.zip
  downloading 20260713.export.CSV.zip: 6.2 MB
[done 2,742/2,805] 20260709.export.CSV.zip: kept 77 row(s)
[queued 2,748/2,805; selected 4,981] 20260714.export.CSV.zip
  downloading 20260714.export.CSV.zip: 6.9 MB
[done 2,743/2,805] 20260708.export.CSV.zip: kept 81 row(s)
[queued 2,749/2,805; selected 4,981] 20260715.export.CSV.zip
[done 2,744/2,805] 20260707.export.CSV.zip: kept 84 row(s)
[queued 2,750/2,805; selected 4,981] 20260716.export.CSV.zip
  downloading 20260715.export.CSV.zip: 7.0 MB
[done 2,745/2,805] 20260712.export.CSV.zip: kept 57 row(s)
[queued 2,751/2,805; selected 4,981] 20260717.export.CSV.zip
  downloading 20260716.export.CSV.zip: 6.9 MB
  downloading 20260717.export.CSV.zip: 6.3 MB
[done 2,746/2,805] 20260711.export.CSV.zip: kept 68 row(s)
[queued 2,752/2,805; selected 4,981] 20260718.export.CSV.zip
  downloading 20260718.export.CSV.zip: 3.7 MB
[done 2,747/2,805] 20260713.export.CSV.zip: kept 84 row(s)
[queued 2,753/2,805; selected 4,981] 20260719.export.CSV.zip
  downloading 20260719.export.CSV.zip: 3.0 MB
[done 2,748/2,805] 20260716.export.CSV.zip: kept 93 row(s)
[queued 2,754/2,805; selected 4,981] 20260720.export.CSV.zip
[done 2,749/2,805] 20260715.export.CSV.zip: kept 109 row(s)
[queued 2,755/2,805; selected 4,981] 20260721.export.CSV.zip
  downloading 20260720.export.CSV.zip: 5.7 MB
  downloading 20260721.export.CSV.zip: 6.8 MB
[done 2,750/2,805] 20260718.export.CSV.zip: kept 65 row(s)
[queued 2,756/2,805; selected 4,981] 20260722.export.CSV.zip
  downloading 20260722.export.CSV.zip: 7.3 MB
[done 2,751/2,805] 20260717.export.CSV.zip: kept 63 row(s)
[queued 2,757/2,805; selected 4,981] 20260723.export.CSV.zip
  downloading 20260723.export.CSV.zip: 7.0 MB
[done 2,752/2,805] 20260714.export.CSV.zip: kept 108 row(s)
[queued 2,758/2,805; selected 4,981] 20260724.export.CSV.zip
  downloading 20260724.export.CSV.zip: 6.8 MB
[done 2,753/2,805] 20260719.export.CSV.zip: kept 62 row(s)
[queued 2,759/2,805; selected 4,981] 20260725.export.CSV.zip
  downloading 20260725.export.CSV.zip: 4.0 MB
[done 2,754/2,805] 20260720.export.CSV.zip: kept 96 row(s)
[queued 2,760/2,805; selected 4,981] 20260726.export.CSV.zip
  downloading 20260726.export.CSV.zip: 3.3 MB
[done 2,755/2,805] 20260721.export.CSV.zip: kept 96 row(s)
[queued 2,761/2,805; selected 4,981] 20260727.export.CSV.zip
  downloading 20260727.export.CSV.zip: 5.9 MB
[done 2,756/2,805] 20260722.export.CSV.zip: kept 102 row(s)
[queued 2,762/2,805; selected 4,981] 20260728.export.CSV.zip
[done 2,757/2,805] 20260723.export.CSV.zip: kept 64 row(s)
[queued 2,763/2,805; selected 4,981] 20260729.export.CSV.zip
  downloading 20260728.export.CSV.zip: 6.9 MB
  downloading 20260729.export.CSV.zip: 6.9 MB
[done 2,758/2,805] 20260726.export.CSV.zip: kept 77 row(s)
[queued 2,764/2,805; selected 4,981] 20260730.export.CSV.zip
  downloading 20260730.export.CSV.zip: 6.9 MB
[done 2,759/2,805] 20260724.export.CSV.zip: kept 80 row(s)
[queued 2,765/2,805; selected 4,981] 20260731.export.CSV.zip
  downloading 20260731.export.CSV.zip: 6.5 MB
[done 2,760/2,805] 20260725.export.CSV.zip: kept 69 row(s)
[queued 2,766/2,805; selected 4,981] 20260801.export.CSV.zip
  downloading 20260801.export.CSV.zip: 3.9 MB
[done 2,761/2,805] 20260727.export.CSV.zip: kept 99 row(s)
[queued 2,767/2,805; selected 4,981] 20260802.export.CSV.zip
  downloading 20260802.export.CSV.zip: 3.2 MB
[done 2,762/2,805] 20260731.export.CSV.zip: kept 65 row(s)
[queued 2,768/2,805; selected 4,981] 20260803.export.CSV.zip
[done 2,763/2,805] 20260729.export.CSV.zip: kept 72 row(s)
[queued 2,769/2,805; selected 4,981] 20260804.export.CSV.zip
[done 2,764/2,805] 20260728.export.CSV.zip: kept 84 row(s)
[queued 2,770/2,805; selected 4,981] 20260805.export.CSV.zip
  downloading 20260804.export.CSV.zip: 6.3 MB
  downloading 20260803.export.CSV.zip: 5.5 MB
[done 2,765/2,805] 20260801.export.CSV.zip: kept 64 row(s)
[queued 2,771/2,805; selected 4,981] 20260806.export.CSV.zip
  downloading 20260805.export.CSV.zip: 6.5 MB
  downloading 20260806.export.CSV.zip: 6.5 MB
[done 2,766/2,805] 20260730.export.CSV.zip: kept 59 row(s)
[queued 2,772/2,805; selected 4,981] 20260807.export.CSV.zip
  downloading 20260807.export.CSV.zip: 6.1 MB
[done 2,767/2,805] 20260803.export.CSV.zip: kept 74 row(s)
[queued 2,773/2,805; selected 4,981] 20260808.export.CSV.zip
  downloading 20260808.export.CSV.zip: 3.7 MB
[done 2,768/2,805] 20260802.export.CSV.zip: kept 71 row(s)
[queued 2,774/2,805; selected 4,981] 20260809.export.CSV.zip
  downloading 20260809.export.CSV.zip: 3.0 MB
[done 2,769/2,805] 20260804.export.CSV.zip: kept 86 row(s)
[queued 2,775/2,805; selected 4,981] 20260810.export.CSV.zip
  downloading 20260810.export.CSV.zip: 5.5 MB
[done 2,770/2,805] 20260806.export.CSV.zip: kept 80 row(s)
[queued 2,776/2,805; selected 4,981] 20260811.export.CSV.zip
  downloading 20260811.export.CSV.zip: 6.5 MB
[done 2,771/2,805] 20260809.export.CSV.zip: kept 62 row(s)
[queued 2,777/2,805; selected 4,981] 20260812.export.CSV.zip
[done 2,772/2,805] 20260808.export.CSV.zip: kept 73 row(s)
[queued 2,778/2,805; selected 4,981] 20260813.export.CSV.zip
  downloading 20260812.export.CSV.zip: 6.6 MB
  downloading 20260813.export.CSV.zip: 6.5 MB
[done 2,773/2,805] 20260805.export.CSV.zip: kept 109 row(s)
[queued 2,779/2,805; selected 4,981] 20260814.export.CSV.zip
  downloading 20260814.export.CSV.zip: 6.2 MB
[done 2,774/2,805] 20260807.export.CSV.zip: kept 75 row(s)
[queued 2,780/2,805; selected 4,981] 20260815.export.CSV.zip
[done 2,775/2,805] 20260810.export.CSV.zip: kept 75 row(s)
[queued 2,781/2,805; selected 4,981] 20260816.export.CSV.zip
  downloading 20260815.export.CSV.zip: 3.7 MB
  downloading 20260816.export.CSV.zip: 3.1 MB
[done 2,776/2,805] 20260811.export.CSV.zip: kept 92 row(s)
[queued 2,782/2,805; selected 4,981] 20260817.export.CSV.zip
  downloading 20260817.export.CSV.zip: 5.8 MB
[done 2,777/2,805] 20260812.export.CSV.zip: kept 74 row(s)
[queued 2,783/2,805; selected 4,981] 20260818.export.CSV.zip
[done 2,778/2,805] 20260814.export.CSV.zip: kept 60 row(s)
[queued 2,784/2,805; selected 4,981] 20260819.export.CSV.zip
  downloading 20260818.export.CSV.zip: 6.5 MB
[done 2,779/2,805] 20260816.export.CSV.zip: kept 56 row(s)
[queued 2,785/2,805; selected 4,981] 20260820.export.CSV.zip
  downloading 20260819.export.CSV.zip: 6.7 MB
  downloading 20260820.export.CSV.zip: 6.9 MB
[done 2,780/2,805] 20260815.export.CSV.zip: kept 64 row(s)
[queued 2,786/2,805; selected 4,981] 20260821.export.CSV.zip
  downloading 20260821.export.CSV.zip: 6.3 MB
[done 2,781/2,805] 20260817.export.CSV.zip: kept 70 row(s)
[queued 2,787/2,805; selected 4,981] 20260822.export.CSV.zip
  downloading 20260822.export.CSV.zip: 3.6 MB
[done 2,782/2,805] 20260813.export.CSV.zip: kept 69 row(s)
[queued 2,788/2,805; selected 4,981] 20260823.export.CSV.zip
  downloading 20260823.export.CSV.zip: 3.1 MB
[done 2,783/2,805] 20260820.export.CSV.zip: kept 91 row(s)
[queued 2,789/2,805; selected 4,981] 20260824.export.CSV.zip
  downloading 20260824.export.CSV.zip: 5.8 MB
[done 2,784/2,805] 20260818.export.CSV.zip: kept 71 row(s)
[queued 2,790/2,805; selected 4,981] 20260825.export.CSV.zip
  downloading 20260825.export.CSV.zip: 6.5 MB
[done 2,785/2,805] 20260822.export.CSV.zip: kept 67 row(s)
[queued 2,791/2,805; selected 4,981] 20260826.export.CSV.zip
  downloading 20260826.export.CSV.zip: 6.6 MB
[done 2,786/2,805] 20260823.export.CSV.zip: kept 55 row(s)
[queued 2,792/2,805; selected 4,981] 20260827.export.CSV.zip
  downloading 20260827.export.CSV.zip: 6.8 MB
[done 2,787/2,805] 20260824.export.CSV.zip: kept 75 row(s)
[queued 2,793/2,805; selected 4,981] 20260828.export.CSV.zip
[done 2,788/2,805] 20260819.export.CSV.zip: kept 69 row(s)
[queued 2,794/2,805; selected 4,981] 20260829.export.CSV.zip
  downloading 20260828.export.CSV.zip: 6.2 MB
  downloading 20260829.export.CSV.zip: 3.8 MB
[done 2,789/2,805] 20260821.export.CSV.zip: kept 82 row(s)
[queued 2,795/2,805; selected 4,981] 20260830.export.CSV.zip
  downloading 20260830.export.CSV.zip: 3.2 MB
[done 2,790/2,805] 20260825.export.CSV.zip: kept 68 row(s)
[queued 2,796/2,805; selected 4,981] 20260831.export.CSV.zip
  downloading 20260831.export.CSV.zip: 5.8 MB
[done 2,791/2,805] 20260829.export.CSV.zip: kept 57 row(s)
[queued 2,797/2,805; selected 4,981] 20260901.export.CSV.zip
[done 2,792/2,805] 20260826.export.CSV.zip: kept 62 row(s)
[queued 2,798/2,805; selected 4,981] 20260902.export.CSV.zip
  downloading 20260901.export.CSV.zip: 7.0 MB
  downloading 20260902.export.CSV.zip: 7.3 MB
[done 2,793/2,805] 20260830.export.CSV.zip: kept 55 row(s)
[queued 2,799/2,805; selected 4,981] 20260903.export.CSV.zip
  downloading 20260903.export.CSV.zip: 7.0 MB
[done 2,794/2,805] 20260828.export.CSV.zip: kept 63 row(s)
[queued 2,800/2,805; selected 4,981] 20260904.export.CSV.zip
  downloading 20260904.export.CSV.zip: 6.4 MB
[done 2,795/2,805] 20260901.export.CSV.zip: kept 60 row(s)
[queued 2,801/2,805; selected 4,981] 20260905.export.CSV.zip
[done 2,796/2,805] 20260902.export.CSV.zip: kept 63 row(s)
[queued 2,802/2,805; selected 4,981] 20260906.export.CSV.zip
  downloading 20260905.export.CSV.zip: 3.8 MB
  downloading 20260906.export.CSV.zip: 3.3 MB
[done 2,797/2,805] 20260827.export.CSV.zip: kept 77 row(s)
[queued 2,803/2,805; selected 4,981] 20260907.export.CSV.zip
  downloading 20260907.export.CSV.zip: 5.0 MB
[done 2,798/2,805] 20260831.export.CSV.zip: kept 78 row(s)
[queued 2,804/2,805; selected 4,981] 20260908.export.CSV.zip
[done 2,799/2,805] 20260903.export.CSV.zip: kept 73 row(s)
[queued 2,805/2,805; selected 4,981] 20260909.export.CSV.zip
  downloading 20260908.export.CSV.zip: 6.8 MB
  downloading 20260909.export.CSV.zip: 7.2 MB
[done 2,800/2,805] 20260906.export.CSV.zip: kept 68 row(s)
[done 2,801/2,805] 20260904.export.CSV.zip: kept 68 row(s)
[done 2,802/2,805] 20260905.export.CSV.zip: kept 71 row(s)
[done 2,803/2,805] 20260907.export.CSV.zip: kept 57 row(s)
[done 2,804/2,805] 20260908.export.CSV.zip: kept 75 row(s)
[done 2,805/2,805] 20260909.export.CSV.zip: kept 67 row(s)
Submitted 2,805 archive(s) to workers.
Run added 256,637 row(s).
Saved filtered scored table: /Users/treav/Desktop/Repo/Test/ArabicaFutures/data/events/gdelt_coffee_events_2000_2026_filtered_scored.csv
Saved daily summary: /Users/treav/Desktop/Repo/Test/ArabicaFutures/project/artifacts/outputs/gdelt_coffee_events_2000_2026_daily_summary.csv
Saved weekly summary: /Users/treav/Desktop/Repo/Test/ArabicaFutures/project/artifacts/outputs/gdelt_coffee_events_2000_2026_weekly_summary.csv
Saved manifest: /Users/treav/Desktop/Repo/Test/ArabicaFutures/project/artifacts/outputs/gdelt_coffee_events_2000_2026_processing_manifest.json
